{
  "type": "FeatureCollection",
  "name": "Alta_Lisboa_radiation_error_map",
  "features": [
    {
      "type": "Feature",
      "properties": {
        "area_id": "Alta_Lisboa",
        "osm_uid": "cea/1",
        "osmid": "1",
        "element_type": "cea_zone",
        "building": "yes",
        "cea_name": "B1001",
        "intersection_area_m2": 1694.1833177501749,
        "is_residential": true,
        "residential_source": "cea",
        "radiation_sum_kwh_year": 3626073.48915625,
        "radiation_sum": 3626073.48915625,
        "radiation_point_count": 2794.0,
        "use_type1": "MULTI_RES",
        "use_type2": "NONE",
        "use_type3": "NONE",
        "resi_type": null,
        "comparison_status": "matched",
        "validation_radiation_kwh_year": 3626073.48915625,
        "ucea_radiation_kwh_year": 2738971.8100000024,
        "workflow0_radiation_kwh_year": 2738180.9900000053,
        "validation_area_m2": 1694.1833177501749,
        "ucea_roofs_top_m2": 1693.19,
        "err_ucea_minus_validation_kwh_year": 887101.6791562475,
        "err_ucea_abs_kwh_year": 887101.6791562475,
        "err_ucea_pct_of_validation": 24.464525658653073,
        "err_ucea_area_minus_validation_m2": 0.9933177501748105,
        "err_ucea_area_pct_of_validation": 0.0586310666483192,
        "err_workflow0_minus_validation_kwh_year": 887892.4991562446,
        "err_workflow0_abs_kwh_year": 887892.4991562446,
        "err_workflow0_pct_of_validation": 24.486334924305357
      },
      "geometry": {
        "type": "Polygon",
        "coordinates": [
          [
            [
              -9.1515327,
              38.77492299999999
            ],
            [
              -9.151585200000001,
              38.77479579999999
            ],
            [
              -9.1520312,
              38.774907599999985
            ],
            [
              -9.152206899999998,
              38.7744819
            ],
            [
              -9.152293799999999,
              38.77450369999998
            ],
            [
              -9.1523041,
              38.7744789
            ],
            [
              -9.1523983,
              38.7745026
            ],
            [
              -9.1521599,
              38.775080299999985
            ],
            [
              -9.1515327,
              38.77492299999999
            ]
          ]
        ]
      }
    },
    {
      "type": "Feature",
      "properties": {
        "area_id": "Alta_Lisboa",
        "osm_uid": "cea/3",
        "osmid": "3",
        "element_type": "cea_zone",
        "building": "yes",
        "cea_name": "B1003",
        "intersection_area_m2": 316.63596337502787,
        "is_residential": true,
        "residential_source": "cea",
        "radiation_sum_kwh_year": 673715.56003125,
        "radiation_sum": 673715.56003125,
        "radiation_point_count": 522.0,
        "use_type1": "MULTI_RES",
        "use_type2": "NONE",
        "use_type3": "NONE",
        "resi_type": null,
        "comparison_status": "matched",
        "validation_radiation_kwh_year": 673715.56003125,
        "ucea_radiation_kwh_year": 504094.1399999998,
        "workflow0_radiation_kwh_year": 479241.2899999988,
        "validation_area_m2": 316.63596337502787,
        "ucea_roofs_top_m2": 319.93,
        "err_ucea_minus_validation_kwh_year": 169621.42003125022,
        "err_ucea_abs_kwh_year": 169621.42003125022,
        "err_ucea_pct_of_validation": 25.177007938392045,
        "err_ucea_area_minus_validation_m2": 3.2940366249721365,
        "err_ucea_area_pct_of_validation": 1.0403229594834857,
        "err_workflow0_minus_validation_kwh_year": 194474.2700312512,
        "err_workflow0_abs_kwh_year": 194474.2700312512,
        "err_workflow0_pct_of_validation": 28.865931198357742
      },
      "geometry": {
        "type": "Polygon",
        "coordinates": [
          [
            [
              -9.152926,
              38.77306699999999
            ],
            [
              -9.1528595,
              38.77323679999999
            ],
            [
              -9.1527173,
              38.77320289999999
            ],
            [
              -9.1526826,
              38.773194600000004
            ],
            [
              -9.152749099999998,
              38.773024799999995
            ],
            [
              -9.1527886,
              38.7730342
            ],
            [
              -9.152926,
              38.77306699999999
            ]
          ]
        ]
      }
    },
    {
      "type": "Feature",
      "properties": {
        "area_id": "Alta_Lisboa",
        "osm_uid": "cea/5",
        "osmid": "5",
        "element_type": "cea_zone",
        "building": "yes",
        "cea_name": "B1005",
        "intersection_area_m2": 3044.282509224441,
        "is_residential": true,
        "residential_source": "cea",
        "radiation_sum_kwh_year": 6229377.702179688,
        "radiation_sum": 6229377.702179688,
        "radiation_point_count": 5014.0,
        "use_type1": "MULTI_RES",
        "use_type2": "NONE",
        "use_type3": "NONE",
        "resi_type": null,
        "comparison_status": "matched",
        "validation_radiation_kwh_year": 6229377.702179688,
        "ucea_radiation_kwh_year": 4924717.719999996,
        "workflow0_radiation_kwh_year": 4924874.900000008,
        "validation_area_m2": 3044.282509224441,
        "ucea_roofs_top_m2": 3044.94,
        "err_ucea_minus_validation_kwh_year": 1304659.982179692,
        "err_ucea_abs_kwh_year": 1304659.982179692,
        "err_ucea_pct_of_validation": 20.943664753594657,
        "err_ucea_area_minus_validation_m2": 0.6574907755589265,
        "err_ucea_area_pct_of_validation": 0.02159756111880787,
        "err_workflow0_minus_validation_kwh_year": 1304502.8021796802,
        "err_workflow0_abs_kwh_year": 1304502.8021796802,
        "err_workflow0_pct_of_validation": 20.941141548107264
      },
      "geometry": {
        "type": "Polygon",
        "coordinates": [
          [
            [
              -9.153683599999999,
              38.7740659
            ],
            [
              -9.153498599999999,
              38.77406649999999
            ],
            [
              -9.153645799999998,
              38.773712
            ],
            [
              -9.1536734,
              38.77364469999999
            ],
            [
              -9.1535574,
              38.773617099999996
            ],
            [
              -9.1533414,
              38.77356600000002
            ],
            [
              -9.153109,
              38.77410789999998
            ],
            [
              -9.1528976,
              38.7741128
            ],
            [
              -9.1532079,
              38.7733496
            ],
            [
              -9.1534004,
              38.7733996
            ],
            [
              -9.153384999999998,
              38.77343559999999
            ],
            [
              -9.153609899999998,
              38.773490800000005
            ],
            [
              -9.1537326,
              38.773520999999995
            ],
            [
              -9.153736,
              38.77351029999999
            ],
            [
              -9.153743599999999,
              38.7734866
            ],
            [
              -9.1539103,
              38.7735267
            ],
            [
              -9.1538872,
              38.77357729999999
            ],
            [
              -9.1539419,
              38.773590299999995
            ],
            [
              -9.153905799999999,
              38.77368469999999
            ],
            [
              -9.153852299999999,
              38.773672899999994
            ],
            [
              -9.153683599999999,
              38.7740659
            ]
          ]
        ]
      }
    },
    {
      "type": "Feature",
      "properties": {
        "area_id": "Alta_Lisboa",
        "osm_uid": "cea/6",
        "osmid": "6",
        "element_type": "cea_zone",
        "building": "yes",
        "cea_name": "B1006",
        "intersection_area_m2": 1104.2171986477667,
        "is_residential": true,
        "residential_source": "cea",
        "radiation_sum_kwh_year": 1851864.0273203126,
        "radiation_sum": 1851864.0273203126,
        "radiation_point_count": 1821.0,
        "use_type1": "MULTI_RES",
        "use_type2": "NONE",
        "use_type3": "NONE",
        "resi_type": null,
        "comparison_status": "matched",
        "validation_radiation_kwh_year": 1851864.0273203126,
        "ucea_radiation_kwh_year": 1538797.5799999991,
        "workflow0_radiation_kwh_year": 1540207.670000006,
        "validation_area_m2": 1104.2171986477667,
        "ucea_roofs_top_m2": 1069.06,
        "err_ucea_minus_validation_kwh_year": 313066.4473203134,
        "err_ucea_abs_kwh_year": 313066.4473203134,
        "err_ucea_pct_of_validation": 16.905477005961792,
        "err_ucea_area_minus_validation_m2": 35.15719864776679,
        "err_ucea_area_pct_of_validation": 3.1839024687190687,
        "err_workflow0_minus_validation_kwh_year": 311656.3573203066,
        "err_workflow0_abs_kwh_year": 311656.3573203066,
        "err_workflow0_pct_of_validation": 16.829332646591773
      },
      "geometry": {
        "type": "Polygon",
        "coordinates": [
          [
            [
              -9.154024,
              38.7732561
            ],
            [
              -9.1540034,
              38.77330619999999
            ],
            [
              -9.1538336,
              38.7732639
            ],
            [
              -9.153855599999998,
              38.773210199999994
            ],
            [
              -9.1538036,
              38.77319719999999
            ],
            [
              -9.1538001,
              38.7732059
            ],
            [
              -9.1537746,
              38.77319949999998
            ],
            [
              -9.15377,
              38.77321059999999
            ],
            [
              -9.1537306,
              38.77320069999999
            ],
            [
              -9.153596,
              38.77316720000001
            ],
            [
              -9.1536007,
              38.773155799999984
            ],
            [
              -9.153565499999997,
              38.773147099999996
            ],
            [
              -9.1535698,
              38.77313649999999
            ],
            [
              -9.1535115,
              38.77312200000001
            ],
            [
              -9.1535017,
              38.7731457
            ],
            [
              -9.1533386,
              38.77310509999999
            ],
            [
              -9.1534069,
              38.7729385
            ],
            [
              -9.1535732,
              38.77297989999999
            ],
            [
              -9.1535525,
              38.77303049999999
            ],
            [
              -9.1536085,
              38.77304439999998
            ],
            [
              -9.1536106,
              38.77303919999999
            ],
            [
              -9.1536248,
              38.77304279999999
            ],
            [
              -9.153780199999998,
              38.77308150000001
            ],
            [
              -9.153844299999998,
              38.7730975
            ],
            [
              -9.1538413,
              38.77310470000001
            ],
            [
              -9.1538889,
              38.7731166
            ],
            [
              -9.153910699999999,
              38.773063499999985
            ],
            [
              -9.1539184,
              38.77306539999999
            ],
            [
              -9.1540801,
              38.773105699999995
            ],
            [
              -9.1540576,
              38.77316049999999
            ],
            [
              -9.154118399999998,
              38.773175699999996
            ],
            [
              -9.1540798,
              38.77326999999999
            ],
            [
              -9.154024,
              38.7732561
            ]
          ]
        ]
      }
    },
    {
      "type": "Feature",
      "properties": {
        "area_id": "Alta_Lisboa",
        "osm_uid": "cea/15",
        "osmid": "15",
        "element_type": "cea_zone",
        "building": "yes",
        "cea_name": "B1015",
        "intersection_area_m2": 183.52575815737313,
        "is_residential": true,
        "residential_source": "cea",
        "radiation_sum_kwh_year": 351168.4384375,
        "radiation_sum": 351168.4384375,
        "radiation_point_count": 305.0,
        "use_type1": "SINGLE_RES",
        "use_type2": "NONE",
        "use_type3": "NONE",
        "resi_type": null,
        "comparison_status": "matched",
        "validation_radiation_kwh_year": 351168.4384375,
        "ucea_radiation_kwh_year": 492921.50000000023,
        "workflow0_radiation_kwh_year": 298758.6099999993,
        "validation_area_m2": 183.52575815737313,
        "ucea_roofs_top_m2": 311.82,
        "err_ucea_minus_validation_kwh_year": 141753.06156250025,
        "err_ucea_abs_kwh_year": 141753.06156250025,
        "err_ucea_pct_of_validation": 40.366116668462816,
        "err_ucea_area_minus_validation_m2": 128.29424184262686,
        "err_ucea_area_pct_of_validation": 69.90530546268862,
        "err_workflow0_minus_validation_kwh_year": 52409.82843750069,
        "err_workflow0_abs_kwh_year": 52409.82843750069,
        "err_workflow0_pct_of_validation": 14.924413102354714
      },
      "geometry": {
        "type": "Polygon",
        "coordinates": [
          [
            [
              -9.1568671,
              38.77469969999999
            ],
            [
              -9.1567634,
              38.77470280000001
            ],
            [
              -9.1567411,
              38.774614
            ],
            [
              -9.1567672,
              38.7746137
            ],
            [
              -9.1567657,
              38.7745821
            ],
            [
              -9.1567083,
              38.7745806
            ],
            [
              -9.1566975,
              38.77451849999999
            ],
            [
              -9.1567573,
              38.77451670000001
            ],
            [
              -9.1567679,
              38.77456769999999
            ],
            [
              -9.1568694,
              38.774564999999996
            ],
            [
              -9.1568776,
              38.774643299999994
            ],
            [
              -9.1568613,
              38.7746442
            ],
            [
              -9.1568671,
              38.77469969999999
            ]
          ]
        ]
      }
    },
    {
      "type": "Feature",
      "properties": {
        "area_id": "Alta_Lisboa",
        "osm_uid": "cea/16",
        "osmid": "16",
        "element_type": "cea_zone",
        "building": "yes",
        "cea_name": "B1016",
        "intersection_area_m2": 515.4783622463749,
        "is_residential": true,
        "residential_source": "cea",
        "radiation_sum_kwh_year": 875034.74315625,
        "radiation_sum": 875034.74315625,
        "radiation_point_count": 848.0,
        "use_type1": "SINGLE_RES",
        "use_type2": "NONE",
        "use_type3": "NONE",
        "resi_type": null,
        "comparison_status": "matched",
        "validation_radiation_kwh_year": 875034.74315625,
        "ucea_radiation_kwh_year": 817084.9100000005,
        "workflow0_radiation_kwh_year": 818658.0000000024,
        "validation_area_m2": 515.4783622463749,
        "ucea_roofs_top_m2": 515.67,
        "err_ucea_minus_validation_kwh_year": 57949.833156249486,
        "err_ucea_abs_kwh_year": 57949.833156249486,
        "err_ucea_pct_of_validation": 6.62257511595762,
        "err_ucea_area_minus_validation_m2": 0.1916377536250593,
        "err_ucea_area_pct_of_validation": 0.0371766824100883,
        "err_workflow0_minus_validation_kwh_year": 56376.74315624754,
        "err_workflow0_abs_kwh_year": 56376.74315624754,
        "err_workflow0_pct_of_validation": 6.442800539884468
      },
      "geometry": {
        "type": "Polygon",
        "coordinates": [
          [
            [
              -9.1564939,
              38.77437989999999
            ],
            [
              -9.1560747,
              38.7744733
            ],
            [
              -9.1560637,
              38.77444259999999
            ],
            [
              -9.1560302,
              38.7743527
            ],
            [
              -9.1564521,
              38.7742647
            ],
            [
              -9.1564939,
              38.77437989999999
            ]
          ]
        ]
      }
    },
    {
      "type": "Feature",
      "properties": {
        "area_id": "Alta_Lisboa",
        "osm_uid": "cea/17",
        "osmid": "17",
        "element_type": "cea_zone",
        "building": "yes",
        "cea_name": "B1017",
        "intersection_area_m2": 170.520331279709,
        "is_residential": true,
        "residential_source": "cea",
        "radiation_sum_kwh_year": 311720.9159375,
        "radiation_sum": 311720.9159375,
        "radiation_point_count": 280.0,
        "use_type1": "SINGLE_RES",
        "use_type2": "NONE",
        "use_type3": "NONE",
        "resi_type": null,
        "comparison_status": "matched",
        "validation_radiation_kwh_year": 311720.9159375,
        "ucea_radiation_kwh_year": 274540.7299999995,
        "workflow0_radiation_kwh_year": 274598.4500000006,
        "validation_area_m2": 170.520331279709,
        "ucea_roofs_top_m2": 174.33,
        "err_ucea_minus_validation_kwh_year": 37180.1859375005,
        "err_ucea_abs_kwh_year": 37180.1859375005,
        "err_ucea_pct_of_validation": 11.927395319522006,
        "err_ucea_area_minus_validation_m2": 3.8096687202910005,
        "err_ucea_area_pct_of_validation": 2.2341433960985566,
        "err_workflow0_minus_validation_kwh_year": 37122.46593749942,
        "err_workflow0_abs_kwh_year": 37122.46593749942,
        "err_workflow0_pct_of_validation": 11.908878756452285
      },
      "geometry": {
        "type": "Polygon",
        "coordinates": [
          [
            [
              -9.1559517,
              38.7743018
            ],
            [
              -9.1558605,
              38.77436029999999
            ],
            [
              -9.1557921,
              38.77429230000001
            ],
            [
              -9.1557652,
              38.7743091
            ],
            [
              -9.1557398,
              38.774272499999995
            ],
            [
              -9.1557545,
              38.77420029999999
            ],
            [
              -9.155876599999997,
              38.774235899999994
            ],
            [
              -9.1559517,
              38.7743018
            ]
          ]
        ]
      }
    },
    {
      "type": "Feature",
      "properties": {
        "area_id": "Alta_Lisboa",
        "osm_uid": "cea/20",
        "osmid": "20",
        "element_type": "cea_zone",
        "building": "yes",
        "cea_name": "B1020",
        "intersection_area_m2": 4380.109525835609,
        "is_residential": true,
        "residential_source": "cea",
        "radiation_sum_kwh_year": 10414303.75825,
        "radiation_sum": 10414303.75825,
        "radiation_point_count": 7223.0,
        "use_type1": "MULTI_RES",
        "use_type2": "NONE",
        "use_type3": "NONE",
        "resi_type": null,
        "comparison_status": "matched",
        "validation_radiation_kwh_year": 10414303.75825,
        "ucea_radiation_kwh_year": 7006832.899999968,
        "workflow0_radiation_kwh_year": 7005690.230000005,
        "validation_area_m2": 4380.109525835609,
        "ucea_roofs_top_m2": 4380.24,
        "err_ucea_minus_validation_kwh_year": 3407470.858250032,
        "err_ucea_abs_kwh_year": 3407470.858250032,
        "err_ucea_pct_of_validation": 32.719142223508726,
        "err_ucea_area_minus_validation_m2": 0.13047416439076187,
        "err_ucea_area_pct_of_validation": 0.002978787713438989,
        "err_workflow0_minus_validation_kwh_year": 3408613.528249995,
        "err_workflow0_abs_kwh_year": 3408613.528249995,
        "err_workflow0_pct_of_validation": 32.73011434441559
      },
      "geometry": {
        "type": "Polygon",
        "coordinates": [
          [
            [
              -9.1565503,
              38.7745588
            ],
            [
              -9.1567297,
              38.775086599999995
            ],
            [
              -9.155996,
              38.7752324
            ],
            [
              -9.1559889,
              38.775213099999995
            ],
            [
              -9.155900399999998,
              38.774972099999985
            ],
            [
              -9.1557244,
              38.77449319999999
            ],
            [
              -9.1558851,
              38.7744606
            ],
            [
              -9.155953999999998,
              38.77467330000001
            ],
            [
              -9.1565503,
              38.7745588
            ]
          ]
        ]
      }
    },
    {
      "type": "Feature",
      "properties": {
        "area_id": "Alta_Lisboa",
        "osm_uid": "cea/22",
        "osmid": "22",
        "element_type": "cea_zone",
        "building": "yes",
        "cea_name": "B1022",
        "intersection_area_m2": 417.3871285856169,
        "is_residential": true,
        "residential_source": "cea",
        "radiation_sum_kwh_year": 1019369.598,
        "radiation_sum": 1019369.598,
        "radiation_point_count": 683.0,
        "use_type1": "MULTI_RES",
        "use_type2": "NONE",
        "use_type3": "NONE",
        "resi_type": null,
        "comparison_status": "matched",
        "validation_radiation_kwh_year": 1019369.598,
        "ucea_radiation_kwh_year": 634126.8899999986,
        "workflow0_radiation_kwh_year": 633718.5399999999,
        "validation_area_m2": 417.3871285856169,
        "ucea_roofs_top_m2": 417.39,
        "err_ucea_minus_validation_kwh_year": 385242.7080000014,
        "err_ucea_abs_kwh_year": 385242.7080000014,
        "err_ucea_pct_of_validation": 37.79225010789476,
        "err_ucea_area_minus_validation_m2": 0.0028714143830939065,
        "err_ucea_area_pct_of_validation": 0.0006879499118298529,
        "err_workflow0_minus_validation_kwh_year": 385651.0580000001,
        "err_workflow0_abs_kwh_year": 385651.0580000001,
        "err_workflow0_pct_of_validation": 37.83230917977603
      },
      "geometry": {
        "type": "Polygon",
        "coordinates": [
          [
            [
              -9.155286699999998,
              38.7763418
            ],
            [
              -9.1552833,
              38.77624329999999
            ],
            [
              -9.1555915,
              38.776236799999985
            ],
            [
              -9.1555938,
              38.7763914
            ],
            [
              -9.155362199999999,
              38.7763963
            ],
            [
              -9.1553603,
              38.7763402
            ],
            [
              -9.155286699999998,
              38.7763418
            ]
          ]
        ]
      }
    },
    {
      "type": "Feature",
      "properties": {
        "area_id": "Alta_Lisboa",
        "osm_uid": "cea/26",
        "osmid": "26",
        "element_type": "cea_zone",
        "building": "yes",
        "cea_name": "B1026",
        "intersection_area_m2": 1667.5706794638463,
        "is_residential": true,
        "residential_source": "cea",
        "radiation_sum_kwh_year": 3340821.5243984377,
        "radiation_sum": 3340821.5243984377,
        "radiation_point_count": 2757.0,
        "use_type1": "MULTI_RES",
        "use_type2": "NONE",
        "use_type3": "NONE",
        "resi_type": null,
        "comparison_status": "matched",
        "validation_radiation_kwh_year": 3340821.5243984377,
        "ucea_radiation_kwh_year": 2601219.4200000083,
        "workflow0_radiation_kwh_year": 2599879.419999997,
        "validation_area_m2": 1667.5706794638463,
        "ucea_roofs_top_m2": 1610.04,
        "err_ucea_minus_validation_kwh_year": 739602.1043984294,
        "err_ucea_abs_kwh_year": 739602.1043984294,
        "err_ucea_pct_of_validation": 22.13833031776833,
        "err_ucea_area_minus_validation_m2": 57.530679463846354,
        "err_ucea_area_pct_of_validation": 3.449969477896043,
        "err_workflow0_minus_validation_kwh_year": 740942.1043984406,
        "err_workflow0_abs_kwh_year": 740942.1043984406,
        "err_workflow0_pct_of_validation": 22.17844021260183
      },
      "geometry": {
        "type": "Polygon",
        "coordinates": [
          [
            [
              -9.154013299999999,
              38.77606009999999
            ],
            [
              -9.153873799999998,
              38.7760484
            ],
            [
              -9.1539168,
              38.775697099999995
            ],
            [
              -9.1545262,
              38.7757339
            ],
            [
              -9.1545583,
              38.775749
            ],
            [
              -9.154573399999999,
              38.7757741
            ],
            [
              -9.1545648,
              38.775797499999996
            ],
            [
              -9.154536899999998,
              38.775884500000004
            ],
            [
              -9.1545176,
              38.775906199999994
            ],
            [
              -9.1545176,
              38.775932999999995
            ],
            [
              -9.1545176,
              38.77597309999999
            ],
            [
              -9.154504699999999,
              38.7760116
            ],
            [
              -9.154481099999998,
              38.7760417
            ],
            [
              -9.1544596,
              38.776173899999996
            ],
            [
              -9.154431699999998,
              38.7761923
            ],
            [
              -9.154169999999999,
              38.77615209999999
            ],
            [
              -9.1541936,
              38.77603999999999
            ],
            [
              -9.154350199999998,
              38.7760618
            ],
            [
              -9.1544038,
              38.7758544
            ],
            [
              -9.154384499999999,
              38.775839299999994
            ],
            [
              -9.1540884,
              38.7758209
            ],
            [
              -9.1540476,
              38.77583599999999
            ],
            [
              -9.154013299999999,
              38.77606009999999
            ]
          ]
        ]
      }
    },
    {
      "type": "Feature",
      "properties": {
        "area_id": "Alta_Lisboa",
        "osm_uid": "cea/31",
        "osmid": "31",
        "element_type": "cea_zone",
        "building": "yes",
        "cea_name": "B1031",
        "intersection_area_m2": 741.4124896180284,
        "is_residential": true,
        "residential_source": "cea",
        "radiation_sum_kwh_year": 1228701.8498984375,
        "radiation_sum": 1228701.8498984375,
        "radiation_point_count": 1230.0,
        "use_type1": "MULTI_RES",
        "use_type2": "NONE",
        "use_type3": "NONE",
        "resi_type": null,
        "comparison_status": "matched",
        "validation_radiation_kwh_year": 1228701.8498984375,
        "ucea_radiation_kwh_year": 1199817.0000000014,
        "workflow0_radiation_kwh_year": 1200865.0400000012,
        "validation_area_m2": 741.4124896180284,
        "ucea_roofs_top_m2": 741.41,
        "err_ucea_minus_validation_kwh_year": 28884.849898436107,
        "err_ucea_abs_kwh_year": 28884.849898436107,
        "err_ucea_pct_of_validation": 2.3508428754155193,
        "err_ucea_area_minus_validation_m2": 0.0024896180284486036,
        "err_ucea_area_pct_of_validation": 0.00033579391543987086,
        "err_workflow0_minus_validation_kwh_year": 27836.809898436302,
        "err_workflow0_abs_kwh_year": 27836.809898436302,
        "err_workflow0_pct_of_validation": 2.265546348834524
      },
      "geometry": {
        "type": "Polygon",
        "coordinates": [
          [
            [
              -9.152533299999998,
              38.774145499999996
            ],
            [
              -9.152412,
              38.7741549
            ],
            [
              -9.152405399999997,
              38.7741022
            ],
            [
              -9.1523403,
              38.77410720000001
            ],
            [
              -9.1523469,
              38.77415979999999
            ],
            [
              -9.152122099999998,
              38.7741772
            ],
            [
              -9.1521155,
              38.77412379999999
            ],
            [
              -9.1520516,
              38.774128700000006
            ],
            [
              -9.1520582,
              38.7741821
            ],
            [
              -9.1519469,
              38.77419069999999
            ],
            [
              -9.1519355,
              38.774098800000004
            ],
            [
              -9.1519999,
              38.77409400000001
            ],
            [
              -9.1519883,
              38.774000699999995
            ],
            [
              -9.1521448,
              38.77398889999998
            ],
            [
              -9.1521563,
              38.774081900000006
            ],
            [
              -9.152287599999998,
              38.7740719
            ],
            [
              -9.152275999999999,
              38.77397889999999
            ],
            [
              -9.152433899999998,
              38.77396679999998
            ],
            [
              -9.1524456,
              38.774059900000005
            ],
            [
              -9.152521999999998,
              38.77405389999999
            ],
            [
              -9.152533299999998,
              38.774145499999996
            ]
          ]
        ]
      }
    },
    {
      "type": "Feature",
      "properties": {
        "area_id": "Alta_Lisboa",
        "osm_uid": "cea/33",
        "osmid": "33",
        "element_type": "cea_zone",
        "building": "yes",
        "cea_name": "B1033",
        "intersection_area_m2": 378.38995699688985,
        "is_residential": true,
        "residential_source": "cea",
        "radiation_sum_kwh_year": 880467.477890625,
        "radiation_sum": 880467.477890625,
        "radiation_point_count": 623.0,
        "use_type1": "MULTI_RES",
        "use_type2": "NONE",
        "use_type3": "NONE",
        "resi_type": null,
        "comparison_status": "matched",
        "validation_radiation_kwh_year": 880467.477890625,
        "ucea_radiation_kwh_year": 585019.369999999,
        "workflow0_radiation_kwh_year": 586851.9600000022,
        "validation_area_m2": 378.38995699688985,
        "ucea_roofs_top_m2": 380.28,
        "err_ucea_minus_validation_kwh_year": 295448.10789062607,
        "err_ucea_abs_kwh_year": 295448.10789062607,
        "err_ucea_pct_of_validation": 33.555822936066214,
        "err_ucea_area_minus_validation_m2": 1.8900430031101223,
        "err_ucea_area_pct_of_validation": 0.4994960802106218,
        "err_workflow0_minus_validation_kwh_year": 293615.51789062284,
        "err_workflow0_abs_kwh_year": 293615.51789062284,
        "err_workflow0_pct_of_validation": 33.347684640669584
      },
      "geometry": {
        "type": "Polygon",
        "coordinates": [
          [
            [
              -9.154508299999998,
              38.77367459999999
            ],
            [
              -9.1544797,
              38.77366749999999
            ],
            [
              -9.154343699999998,
              38.77363369999998
            ],
            [
              -9.154432099999998,
              38.773417499999994
            ],
            [
              -9.1545974,
              38.7734594
            ],
            [
              -9.154508299999998,
              38.77367459999999
            ]
          ]
        ]
      }
    },
    {
      "type": "Feature",
      "properties": {
        "area_id": "Alta_Lisboa",
        "osm_uid": "cea/34",
        "osmid": "34",
        "element_type": "cea_zone",
        "building": "yes",
        "cea_name": "B1034",
        "intersection_area_m2": 694.9341439901845,
        "is_residential": true,
        "residential_source": "cea",
        "radiation_sum_kwh_year": 1415326.329546875,
        "radiation_sum": 1415326.329546875,
        "radiation_point_count": 1148.0,
        "use_type1": "MULTI_RES",
        "use_type2": "NONE",
        "use_type3": "NONE",
        "resi_type": null,
        "comparison_status": "matched",
        "validation_radiation_kwh_year": 1415326.329546875,
        "ucea_radiation_kwh_year": 1014222.9800000013,
        "workflow0_radiation_kwh_year": 1014387.1100000015,
        "validation_area_m2": 694.9341439901845,
        "ucea_roofs_top_m2": 677.84,
        "err_ucea_minus_validation_kwh_year": 401103.3495468738,
        "err_ucea_abs_kwh_year": 401103.3495468738,
        "err_ucea_pct_of_validation": 28.33999065609762,
        "err_ucea_area_minus_validation_m2": 17.09414399018442,
        "err_ucea_area_pct_of_validation": 2.459822148330917,
        "err_workflow0_minus_validation_kwh_year": 400939.2195468736,
        "err_workflow0_abs_kwh_year": 400939.2195468736,
        "err_workflow0_pct_of_validation": 28.328394037242038
      },
      "geometry": {
        "type": "Polygon",
        "coordinates": [
          [
            [
              -9.1544797,
              38.77366749999999
            ],
            [
              -9.1543305,
              38.7740025
            ],
            [
              -9.1541354,
              38.7740175
            ],
            [
              -9.1541869,
              38.77389709999998
            ],
            [
              -9.1541779,
              38.7738948
            ],
            [
              -9.1542526,
              38.77371459999999
            ],
            [
              -9.1542616,
              38.773716900000004
            ],
            [
              -9.1543014,
              38.773623599999986
            ],
            [
              -9.154343699999998,
              38.77363369999998
            ],
            [
              -9.1544797,
              38.77366749999999
            ]
          ]
        ]
      }
    },
    {
      "type": "Feature",
      "properties": {
        "area_id": "Alta_Lisboa",
        "osm_uid": "cea/35",
        "osmid": "35",
        "element_type": "cea_zone",
        "building": "yes",
        "cea_name": "B1035",
        "intersection_area_m2": 735.2452728248661,
        "is_residential": true,
        "residential_source": "cea",
        "radiation_sum_kwh_year": 1410786.6916328126,
        "radiation_sum": 1410786.6916328126,
        "radiation_point_count": 1216.0,
        "use_type1": "MULTI_RES",
        "use_type2": "NONE",
        "use_type3": "NONE",
        "resi_type": null,
        "comparison_status": "matched",
        "validation_radiation_kwh_year": 1410786.6916328126,
        "ucea_radiation_kwh_year": 1779921.6899999976,
        "workflow0_radiation_kwh_year": 1184036.8100000005,
        "validation_area_m2": 735.2452728248661,
        "ucea_roofs_top_m2": 1099.25,
        "err_ucea_minus_validation_kwh_year": 369134.998367185,
        "err_ucea_abs_kwh_year": 369134.998367185,
        "err_ucea_pct_of_validation": 26.16518858282938,
        "err_ucea_area_minus_validation_m2": 364.0047271751339,
        "err_ucea_area_pct_of_validation": 49.507931656139874,
        "err_workflow0_minus_validation_kwh_year": 226749.8816328121,
        "err_workflow0_abs_kwh_year": 226749.8816328121,
        "err_workflow0_pct_of_validation": 16.072584394057255
      },
      "geometry": {
        "type": "Polygon",
        "coordinates": [
          [
            [
              -9.154386499999998,
              38.77340590000001
            ],
            [
              -9.1544071,
              38.7733565
            ],
            [
              -9.154351099999998,
              38.77334229999999
            ],
            [
              -9.154393599999999,
              38.773240799999996
            ],
            [
              -9.1545127,
              38.773271099999995
            ],
            [
              -9.1545603,
              38.77315729999999
            ],
            [
              -9.1546188,
              38.77317209999999
            ],
            [
              -9.1546282,
              38.77314940000001
            ],
            [
              -9.1546907,
              38.77316529999999
            ],
            [
              -9.1546766,
              38.77319909999999
            ],
            [
              -9.154697,
              38.773204299999996
            ],
            [
              -9.154674299999998,
              38.7732587
            ],
            [
              -9.154772,
              38.773283499999984
            ],
            [
              -9.154708699999999,
              38.773435299999996
            ],
            [
              -9.154617099999998,
              38.77341199999999
            ],
            [
              -9.1545974,
              38.7734594
            ],
            [
              -9.154432099999998,
              38.773417499999994
            ],
            [
              -9.154386499999998,
              38.77340590000001
            ]
          ]
        ]
      }
    },
    {
      "type": "Feature",
      "properties": {
        "area_id": "Alta_Lisboa",
        "osm_uid": "cea/37",
        "osmid": "37",
        "element_type": "cea_zone",
        "building": "yes",
        "cea_name": "B1037",
        "intersection_area_m2": 483.60073633411224,
        "is_residential": true,
        "residential_source": "cea",
        "radiation_sum_kwh_year": 1141347.0878437501,
        "radiation_sum": 1141347.0878437501,
        "radiation_point_count": 797.0,
        "use_type1": "MULTI_RES",
        "use_type2": "NONE",
        "use_type3": "NONE",
        "resi_type": null,
        "comparison_status": "matched",
        "validation_radiation_kwh_year": 1141347.0878437501,
        "ucea_radiation_kwh_year": 701826.8100000017,
        "workflow0_radiation_kwh_year": 708260.1400000021,
        "validation_area_m2": 483.60073633411224,
        "ucea_roofs_top_m2": 474.2,
        "err_ucea_minus_validation_kwh_year": 439520.27784374845,
        "err_ucea_abs_kwh_year": 439520.27784374845,
        "err_ucea_pct_of_validation": 38.50890605714837,
        "err_ucea_area_minus_validation_m2": 9.400736334112253,
        "err_ucea_area_pct_of_validation": 1.9439044707362543,
        "err_workflow0_minus_validation_kwh_year": 433086.947843748,
        "err_workflow0_abs_kwh_year": 433086.947843748,
        "err_workflow0_pct_of_validation": 37.94524491773509
      },
      "geometry": {
        "type": "Polygon",
        "coordinates": [
          [
            [
              -9.154124699999999,
              38.77283319999999
            ],
            [
              -9.1541856,
              38.77284839999999
            ],
            [
              -9.1540801,
              38.773105699999995
            ],
            [
              -9.1539184,
              38.77306539999999
            ],
            [
              -9.153952499999999,
              38.77298219999999
            ],
            [
              -9.153944599999999,
              38.772980299999986
            ],
            [
              -9.153992099999998,
              38.7728646
            ],
            [
              -9.1539995,
              38.77286639999999
            ],
            [
              -9.154035499999999,
              38.77277860000001
            ],
            [
              -9.154122199999998,
              38.77280019999999
            ],
            [
              -9.1541367,
              38.77280379999999
            ],
            [
              -9.154124699999999,
              38.77283319999999
            ]
          ]
        ]
      }
    },
    {
      "type": "Feature",
      "properties": {
        "area_id": "Alta_Lisboa",
        "osm_uid": "cea/38",
        "osmid": "38",
        "element_type": "cea_zone",
        "building": "yes",
        "cea_name": "B1038",
        "intersection_area_m2": 503.4881674734263,
        "is_residential": true,
        "residential_source": "cea",
        "radiation_sum_kwh_year": 1057462.0822109375,
        "radiation_sum": 1057462.0822109375,
        "radiation_point_count": 833.0,
        "use_type1": "MULTI_RES",
        "use_type2": "NONE",
        "use_type3": "NONE",
        "resi_type": null,
        "comparison_status": "matched",
        "validation_radiation_kwh_year": 1057462.0822109375,
        "ucea_radiation_kwh_year": 1108829.8399999947,
        "workflow0_radiation_kwh_year": 795441.8999999954,
        "validation_area_m2": 503.4881674734263,
        "ucea_roofs_top_m2": 685.11,
        "err_ucea_minus_validation_kwh_year": 51367.757789057214,
        "err_ucea_abs_kwh_year": 51367.757789057214,
        "err_ucea_pct_of_validation": 4.857645361775782,
        "err_ucea_area_minus_validation_m2": 181.6218325265737,
        "err_ucea_area_pct_of_validation": 36.07271118961491,
        "err_workflow0_minus_validation_kwh_year": 262020.18221094215,
        "err_workflow0_abs_kwh_year": 262020.18221094215,
        "err_workflow0_pct_of_validation": 24.778210644027197
      },
      "geometry": {
        "type": "Polygon",
        "coordinates": [
          [
            [
              -9.154281599999997,
              38.77258599999999
            ],
            [
              -9.1543395,
              38.772600399999995
            ],
            [
              -9.1543323,
              38.772617899999986
            ],
            [
              -9.1543479,
              38.772621799999996
            ],
            [
              -9.154335400000003,
              38.77265219999999
            ],
            [
              -9.154345,
              38.7726546
            ],
            [
              -9.154334199999997,
              38.7726809
            ],
            [
              -9.154404099999999,
              38.7726984
            ],
            [
              -9.1543934,
              38.7727246
            ],
            [
              -9.1544154,
              38.77273009999998
            ],
            [
              -9.154403,
              38.77276029999999
            ],
            [
              -9.154411100000003,
              38.772762300000004
            ],
            [
              -9.1543965,
              38.77279789999999
            ],
            [
              -9.1543736,
              38.772792199999984
            ],
            [
              -9.1543544,
              38.772839000000005
            ],
            [
              -9.1543151,
              38.77282919999999
            ],
            [
              -9.1543051,
              38.77285359999999
            ],
            [
              -9.1542138,
              38.772830799999994
            ],
            [
              -9.154211099999998,
              38.772837300000006
            ],
            [
              -9.1541921,
              38.772832599999994
            ],
            [
              -9.1541856,
              38.77284839999999
            ],
            [
              -9.154124699999999,
              38.77283319999999
            ],
            [
              -9.1541367,
              38.77280379999999
            ],
            [
              -9.154122199999998,
              38.77280019999999
            ],
            [
              -9.1542001,
              38.772610099999994
            ],
            [
              -9.1542167,
              38.77261419999998
            ],
            [
              -9.1542294,
              38.77258309999999
            ],
            [
              -9.154277899999999,
              38.77259509999999
            ],
            [
              -9.154281599999997,
              38.77258599999999
            ]
          ]
        ]
      }
    },
    {
      "type": "Feature",
      "properties": {
        "area_id": "Alta_Lisboa",
        "osm_uid": "cea/39",
        "osmid": "39",
        "element_type": "cea_zone",
        "building": "yes",
        "cea_name": "B1039",
        "intersection_area_m2": 554.508292101786,
        "is_residential": true,
        "residential_source": "cea",
        "radiation_sum_kwh_year": 1140396.1570078125,
        "radiation_sum": 1140396.1570078125,
        "radiation_point_count": 913.0,
        "use_type1": "MULTI_RES",
        "use_type2": "NONE",
        "use_type3": "NONE",
        "resi_type": null,
        "comparison_status": "matched",
        "validation_radiation_kwh_year": 1140396.1570078125,
        "ucea_radiation_kwh_year": 905124.9099999999,
        "workflow0_radiation_kwh_year": 905111.9700000014,
        "validation_area_m2": 554.508292101786,
        "ucea_roofs_top_m2": 559.37,
        "err_ucea_minus_validation_kwh_year": 235271.2470078126,
        "err_ucea_abs_kwh_year": 235271.2470078126,
        "err_ucea_pct_of_validation": 20.630659403932107,
        "err_ucea_area_minus_validation_m2": 4.861707898214036,
        "err_ucea_area_pct_of_validation": 0.8767601796875595,
        "err_workflow0_minus_validation_kwh_year": 235284.18700781115,
        "err_workflow0_abs_kwh_year": 235284.18700781115,
        "err_workflow0_pct_of_validation": 20.63179409733834
      },
      "geometry": {
        "type": "Polygon",
        "coordinates": [
          [
            [
              -9.1538287,
              38.772357000000014
            ],
            [
              -9.1537646,
              38.772341
            ],
            [
              -9.153776699999998,
              38.7723115
            ],
            [
              -9.1537587,
              38.77230699999999
            ],
            [
              -9.153835899999999,
              38.7721188
            ],
            [
              -9.153854199999998,
              38.7721234
            ],
            [
              -9.1538675,
              38.77209119999999
            ],
            [
              -9.153916,
              38.77210329999999
            ],
            [
              -9.153919799999999,
              38.772093999999996
            ],
            [
              -9.1539793,
              38.7721088
            ],
            [
              -9.153973,
              38.772124
            ],
            [
              -9.153986,
              38.7721273
            ],
            [
              -9.1539729,
              38.77215929999999
            ],
            [
              -9.1539862,
              38.77216260000001
            ],
            [
              -9.153975599999999,
              38.7721885
            ],
            [
              -9.1540461,
              38.772206
            ],
            [
              -9.1540403,
              38.77222009999999
            ],
            [
              -9.154094299999999,
              38.77223349999999
            ],
            [
              -9.1540558,
              38.77232739999999
            ],
            [
              -9.154009699999998,
              38.772315899999995
            ],
            [
              -9.153995599999998,
              38.7723504
            ],
            [
              -9.1539535,
              38.7723399
            ],
            [
              -9.1539424,
              38.772366999999996
            ],
            [
              -9.1538355,
              38.7723404
            ],
            [
              -9.1538287,
              38.772357000000014
            ]
          ]
        ]
      }
    },
    {
      "type": "Feature",
      "properties": {
        "area_id": "Alta_Lisboa",
        "osm_uid": "cea/40",
        "osmid": "40",
        "element_type": "cea_zone",
        "building": "yes",
        "cea_name": "B1040",
        "intersection_area_m2": 409.8525790272137,
        "is_residential": true,
        "residential_source": "cea",
        "radiation_sum_kwh_year": 938017.342109375,
        "radiation_sum": 938017.342109375,
        "radiation_point_count": 674.0,
        "use_type1": "MULTI_RES",
        "use_type2": "NONE",
        "use_type3": "NONE",
        "resi_type": null,
        "comparison_status": "matched",
        "validation_radiation_kwh_year": 938017.342109375,
        "ucea_radiation_kwh_year": 631905.6099999994,
        "workflow0_radiation_kwh_year": 631904.0900000011,
        "validation_area_m2": 409.8525790272137,
        "ucea_roofs_top_m2": 430.84,
        "err_ucea_minus_validation_kwh_year": 306111.73210937565,
        "err_ucea_abs_kwh_year": 306111.73210937565,
        "err_ucea_pct_of_validation": 32.63390966962339,
        "err_ucea_area_minus_validation_m2": 20.987420972786254,
        "err_ucea_area_pct_of_validation": 5.120724388900994,
        "err_workflow0_minus_validation_kwh_year": 306113.2521093739,
        "err_workflow0_abs_kwh_year": 306113.2521093739,
        "err_workflow0_pct_of_validation": 32.63407171353559
      },
      "geometry": {
        "type": "Polygon",
        "coordinates": [
          [
            [
              -9.1535263,
              38.77264719999999
            ],
            [
              -9.1535381,
              38.772650099999986
            ],
            [
              -9.1536087,
              38.772478099999994
            ],
            [
              -9.153597499999998,
              38.7724753
            ],
            [
              -9.1536128,
              38.772437899999986
            ],
            [
              -9.1537786,
              38.7724792
            ],
            [
              -9.1536784,
              38.7727234
            ],
            [
              -9.1535121,
              38.772682
            ],
            [
              -9.1535263,
              38.77264719999999
            ]
          ]
        ]
      }
    },
    {
      "type": "Feature",
      "properties": {
        "area_id": "Alta_Lisboa",
        "osm_uid": "cea/41",
        "osmid": "41",
        "element_type": "cea_zone",
        "building": "yes",
        "cea_name": "B1041",
        "intersection_area_m2": 247.22561700996837,
        "is_residential": true,
        "residential_source": "cea",
        "radiation_sum_kwh_year": 544955.57646875,
        "radiation_sum": 544955.57646875,
        "radiation_point_count": 409.0,
        "use_type1": "MULTI_RES",
        "use_type2": "NONE",
        "use_type3": "NONE",
        "resi_type": null,
        "comparison_status": "matched",
        "validation_radiation_kwh_year": 544955.57646875,
        "ucea_radiation_kwh_year": 351934.94000000093,
        "workflow0_radiation_kwh_year": 352061.16000000027,
        "validation_area_m2": 247.22561700996837,
        "ucea_roofs_top_m2": 247.22,
        "err_ucea_minus_validation_kwh_year": 193020.6364687491,
        "err_ucea_abs_kwh_year": 193020.6364687491,
        "err_ucea_pct_of_validation": 35.419517627381815,
        "err_ucea_area_minus_validation_m2": 0.0056170099683754415,
        "err_ucea_area_pct_of_validation": 0.0022720177772471524,
        "err_workflow0_minus_validation_kwh_year": 192894.41646874975,
        "err_workflow0_abs_kwh_year": 192894.41646874975,
        "err_workflow0_pct_of_validation": 35.39635610643414
      },
      "geometry": {
        "type": "Polygon",
        "coordinates": [
          [
            [
              -9.153674999999998,
              38.7722861
            ],
            [
              -9.1537587,
              38.77230699999999
            ],
            [
              -9.153776699999998,
              38.7723115
            ],
            [
              -9.1537646,
              38.772341
            ],
            [
              -9.1538287,
              38.772357000000014
            ],
            [
              -9.1537786,
              38.7724792
            ],
            [
              -9.1536128,
              38.772437899999986
            ],
            [
              -9.153674999999998,
              38.7722861
            ]
          ]
        ]
      }
    },
    {
      "type": "Feature",
      "properties": {
        "area_id": "Alta_Lisboa",
        "osm_uid": "cea/42",
        "osmid": "42",
        "element_type": "cea_zone",
        "building": "yes",
        "cea_name": "B1042",
        "intersection_area_m2": 453.16461369242427,
        "is_residential": true,
        "residential_source": "cea",
        "radiation_sum_kwh_year": 1113595.6709375,
        "radiation_sum": 1113595.6709375,
        "radiation_point_count": 751.0,
        "use_type1": "MULTI_RES",
        "use_type2": "NONE",
        "use_type3": "NONE",
        "resi_type": null,
        "comparison_status": "matched",
        "validation_radiation_kwh_year": 1113595.6709375,
        "ucea_radiation_kwh_year": 732594.5200000012,
        "workflow0_radiation_kwh_year": 732051.7999999998,
        "validation_area_m2": 453.16461369242427,
        "ucea_roofs_top_m2": 453.16,
        "err_ucea_minus_validation_kwh_year": 381001.1509374988,
        "err_ucea_abs_kwh_year": 381001.1509374988,
        "err_ucea_pct_of_validation": 34.21359842542727,
        "err_ucea_area_minus_validation_m2": 0.004613692424243254,
        "err_ucea_area_pct_of_validation": 0.0010181051840412894,
        "err_workflow0_minus_validation_kwh_year": 381543.87093750015,
        "err_workflow0_abs_kwh_year": 381543.87093750015,
        "err_workflow0_pct_of_validation": 34.2623342470693
      },
      "geometry": {
        "type": "Polygon",
        "coordinates": [
          [
            [
              -9.1535732,
              38.77297989999999
            ],
            [
              -9.1534069,
              38.7729385
            ],
            [
              -9.1535121,
              38.772682
            ],
            [
              -9.1536784,
              38.7727234
            ],
            [
              -9.1535732,
              38.77297989999999
            ]
          ]
        ]
      }
    },
    {
      "type": "Feature",
      "properties": {
        "area_id": "Alta_Lisboa",
        "osm_uid": "cea/43",
        "osmid": "43",
        "element_type": "cea_zone",
        "building": "yes",
        "cea_name": "B1043",
        "intersection_area_m2": 370.47287369398555,
        "is_residential": true,
        "residential_source": "cea",
        "radiation_sum_kwh_year": 701489.609890625,
        "radiation_sum": 701489.609890625,
        "radiation_point_count": 613.0,
        "use_type1": "MULTI_RES",
        "use_type2": "NONE",
        "use_type3": "NONE",
        "resi_type": null,
        "comparison_status": "matched",
        "validation_radiation_kwh_year": 701489.609890625,
        "ucea_radiation_kwh_year": 632877.7600000008,
        "workflow0_radiation_kwh_year": 536729.5199999992,
        "validation_area_m2": 370.47287369398555,
        "ucea_roofs_top_m2": 437.59,
        "err_ucea_minus_validation_kwh_year": 68611.84989062417,
        "err_ucea_abs_kwh_year": 68611.84989062417,
        "err_ucea_pct_of_validation": 9.780878992822432,
        "err_ucea_area_minus_validation_m2": 67.11712630601443,
        "err_ucea_area_pct_of_validation": 18.11661016818572,
        "err_workflow0_minus_validation_kwh_year": 164760.0898906258,
        "err_workflow0_abs_kwh_year": 164760.0898906258,
        "err_workflow0_pct_of_validation": 23.487174659125014
      },
      "geometry": {
        "type": "Polygon",
        "coordinates": [
          [
            [
              -9.152107,
              38.77273029999999
            ],
            [
              -9.1521894,
              38.772750699999996
            ],
            [
              -9.1521432,
              38.77286389999998
            ],
            [
              -9.1519169,
              38.77280780000001
            ],
            [
              -9.151989399999998,
              38.77263009999999
            ],
            [
              -9.152133399999999,
              38.7726658
            ],
            [
              -9.152107,
              38.77273029999999
            ]
          ]
        ]
      }
    },
    {
      "type": "Feature",
      "properties": {
        "area_id": "Alta_Lisboa",
        "osm_uid": "cea/44",
        "osmid": "44",
        "element_type": "cea_zone",
        "building": "yes",
        "cea_name": "B1044",
        "intersection_area_m2": 236.53398952913864,
        "is_residential": true,
        "residential_source": "cea",
        "radiation_sum_kwh_year": 563281.8781875,
        "radiation_sum": 563281.8781875,
        "radiation_point_count": 390.0,
        "use_type1": "MULTI_RES",
        "use_type2": "NONE",
        "use_type3": "NONE",
        "resi_type": null,
        "comparison_status": "matched",
        "validation_radiation_kwh_year": 563281.8781875,
        "ucea_radiation_kwh_year": 337315.3800000004,
        "workflow0_radiation_kwh_year": 334985.99000000133,
        "validation_area_m2": 236.53398952913864,
        "ucea_roofs_top_m2": 240.64,
        "err_ucea_minus_validation_kwh_year": 225966.49818749964,
        "err_ucea_abs_kwh_year": 225966.49818749964,
        "err_ucea_pct_of_validation": 40.116060348790775,
        "err_ucea_area_minus_validation_m2": 4.106010470861349,
        "err_ucea_area_pct_of_validation": 1.735907164562296,
        "err_workflow0_minus_validation_kwh_year": 228295.88818749873,
        "err_workflow0_abs_kwh_year": 228295.88818749873,
        "err_workflow0_pct_of_validation": 40.52959930507576
      },
      "geometry": {
        "type": "Polygon",
        "coordinates": [
          [
            [
              -9.151989399999998,
              38.77263009999999
            ],
            [
              -9.1520526,
              38.7724753
            ],
            [
              -9.1521965,
              38.772511
            ],
            [
              -9.152133399999999,
              38.7726658
            ],
            [
              -9.151989399999998,
              38.77263009999999
            ]
          ]
        ]
      }
    },
    {
      "type": "Feature",
      "properties": {
        "area_id": "Alta_Lisboa",
        "osm_uid": "cea/45",
        "osmid": "45",
        "element_type": "cea_zone",
        "building": "yes",
        "cea_name": "B1045",
        "intersection_area_m2": 366.5435176578728,
        "is_residential": true,
        "residential_source": "cea",
        "radiation_sum_kwh_year": 833995.7813515625,
        "radiation_sum": 833995.7813515625,
        "radiation_point_count": 604.0,
        "use_type1": "MULTI_RES",
        "use_type2": "NONE",
        "use_type3": "NONE",
        "resi_type": null,
        "comparison_status": "matched",
        "validation_radiation_kwh_year": 833995.7813515625,
        "ucea_radiation_kwh_year": 581495.81,
        "workflow0_radiation_kwh_year": 510463.68999999954,
        "validation_area_m2": 366.5435176578728,
        "ucea_roofs_top_m2": 434.11,
        "err_ucea_minus_validation_kwh_year": 252499.97135156242,
        "err_ucea_abs_kwh_year": 252499.97135156242,
        "err_ucea_pct_of_validation": 30.275929087118918,
        "err_ucea_area_minus_validation_m2": 67.56648234212719,
        "err_ucea_area_pct_of_validation": 18.433413520408486,
        "err_workflow0_minus_validation_kwh_year": 323532.09135156294,
        "err_workflow0_abs_kwh_year": 323532.09135156294,
        "err_workflow0_pct_of_validation": 38.79301293673826
      },
      "geometry": {
        "type": "Polygon",
        "coordinates": [
          [
            [
              -9.1521965,
              38.772511
            ],
            [
              -9.1520526,
              38.7724753
            ],
            [
              -9.1521245,
              38.7722992
            ],
            [
              -9.1523504,
              38.772355199999986
            ],
            [
              -9.152304699999998,
              38.7724672
            ],
            [
              -9.152222699999998,
              38.77244689999999
            ],
            [
              -9.1521965,
              38.772511
            ]
          ]
        ]
      }
    },
    {
      "type": "Feature",
      "properties": {
        "area_id": "Alta_Lisboa",
        "osm_uid": "cea/46",
        "osmid": "46",
        "element_type": "cea_zone",
        "building": "yes",
        "cea_name": "B1046",
        "intersection_area_m2": 234.33676148704424,
        "is_residential": true,
        "residential_source": "cea",
        "radiation_sum_kwh_year": 419237.2501796875,
        "radiation_sum": 419237.2501796875,
        "radiation_point_count": 386.0,
        "use_type1": "MULTI_RES",
        "use_type2": "NONE",
        "use_type3": "NONE",
        "resi_type": null,
        "comparison_status": "matched",
        "validation_radiation_kwh_year": 419237.2501796875,
        "ucea_radiation_kwh_year": 336759.58999999973,
        "workflow0_radiation_kwh_year": 341395.7900000004,
        "validation_area_m2": 234.33676148704424,
        "ucea_roofs_top_m2": 238.15,
        "err_ucea_minus_validation_kwh_year": 82477.66017968778,
        "err_ucea_abs_kwh_year": 82477.66017968778,
        "err_ucea_pct_of_validation": 19.673266186231633,
        "err_ucea_area_minus_validation_m2": 3.8132385129557633,
        "err_ucea_area_pct_of_validation": 1.6272472525257569,
        "err_workflow0_minus_validation_kwh_year": 77841.46017968713,
        "err_workflow0_abs_kwh_year": 77841.46017968713,
        "err_workflow0_pct_of_validation": 18.567400713157962
      },
      "geometry": {
        "type": "Polygon",
        "coordinates": [
          [
            [
              -9.1523504,
              38.772355199999986
            ],
            [
              -9.152547499999999,
              38.772404099999996
            ],
            [
              -9.1525018,
              38.7725161
            ],
            [
              -9.152304699999998,
              38.7724672
            ],
            [
              -9.1523504,
              38.772355199999986
            ]
          ]
        ]
      }
    },
    {
      "type": "Feature",
      "properties": {
        "area_id": "Alta_Lisboa",
        "osm_uid": "cea/47",
        "osmid": "47",
        "element_type": "cea_zone",
        "building": "yes",
        "cea_name": "B1047",
        "intersection_area_m2": 369.2005635828266,
        "is_residential": true,
        "residential_source": "cea",
        "radiation_sum_kwh_year": 838283.1327421875,
        "radiation_sum": 838283.1327421875,
        "radiation_point_count": 610.0,
        "use_type1": "MULTI_RES",
        "use_type2": "NONE",
        "use_type3": "NONE",
        "resi_type": null,
        "comparison_status": "matched",
        "validation_radiation_kwh_year": 838283.1327421875,
        "ucea_radiation_kwh_year": 614885.0999999982,
        "workflow0_radiation_kwh_year": 547141.5600000006,
        "validation_area_m2": 369.2005635828266,
        "ucea_roofs_top_m2": 434.06,
        "err_ucea_minus_validation_kwh_year": 223398.03274218924,
        "err_ucea_abs_kwh_year": 223398.03274218924,
        "err_ucea_pct_of_validation": 26.649472477325265,
        "err_ucea_area_minus_validation_m2": 64.85943641717341,
        "err_ucea_area_pct_of_validation": 17.567534509633223,
        "err_workflow0_minus_validation_kwh_year": 291141.57274218684,
        "err_workflow0_abs_kwh_year": 291141.57274218684,
        "err_workflow0_pct_of_validation": 34.73069675036953
      },
      "geometry": {
        "type": "Polygon",
        "coordinates": [
          [
            [
              -9.1527039,
              38.77263649999999
            ],
            [
              -9.1525594,
              38.77260069999999
            ],
            [
              -9.152585399999998,
              38.7725368
            ],
            [
              -9.1525018,
              38.7725161
            ],
            [
              -9.152547499999999,
              38.772404099999996
            ],
            [
              -9.152775699999998,
              38.7724607
            ],
            [
              -9.1527039,
              38.77263649999999
            ]
          ]
        ]
      }
    },
    {
      "type": "Feature",
      "properties": {
        "area_id": "Alta_Lisboa",
        "osm_uid": "cea/48",
        "osmid": "48",
        "element_type": "cea_zone",
        "building": "yes",
        "cea_name": "B1048",
        "intersection_area_m2": 239.06366887064294,
        "is_residential": true,
        "residential_source": "cea",
        "radiation_sum_kwh_year": 585334.7185,
        "radiation_sum": 585334.7185,
        "radiation_point_count": 395.0,
        "use_type1": "MULTI_RES",
        "use_type2": "NONE",
        "use_type3": "NONE",
        "resi_type": null,
        "comparison_status": "matched",
        "validation_radiation_kwh_year": 585334.7185,
        "ucea_radiation_kwh_year": 372831.0800000001,
        "workflow0_radiation_kwh_year": 369790.1599999993,
        "validation_area_m2": 239.06366887064294,
        "ucea_roofs_top_m2": 245.35,
        "err_ucea_minus_validation_kwh_year": 212503.63849999988,
        "err_ucea_abs_kwh_year": 212503.63849999988,
        "err_ucea_pct_of_validation": 36.30463592601673,
        "err_ucea_area_minus_validation_m2": 6.286331129357052,
        "err_ucea_area_pct_of_validation": 2.629563563152115,
        "err_workflow0_minus_validation_kwh_year": 215544.55850000068,
        "err_workflow0_abs_kwh_year": 215544.55850000068,
        "err_workflow0_pct_of_validation": 36.824154058785886
      },
      "geometry": {
        "type": "Polygon",
        "coordinates": [
          [
            [
              -9.1524958,
              38.77275649999999
            ],
            [
              -9.1525594,
              38.77260069999999
            ],
            [
              -9.1527039,
              38.77263649999999
            ],
            [
              -9.152640299999998,
              38.772792399999986
            ],
            [
              -9.1524958,
              38.77275649999999
            ]
          ]
        ]
      }
    },
    {
      "type": "Feature",
      "properties": {
        "area_id": "Alta_Lisboa",
        "osm_uid": "cea/49",
        "osmid": "49",
        "element_type": "cea_zone",
        "building": "yes",
        "cea_name": "B1049",
        "intersection_area_m2": 371.1067151006221,
        "is_residential": true,
        "residential_source": "cea",
        "radiation_sum_kwh_year": 735606.3704921876,
        "radiation_sum": 735606.3704921876,
        "radiation_point_count": 614.0,
        "use_type1": "MULTI_RES",
        "use_type2": "NONE",
        "use_type3": "NONE",
        "resi_type": null,
        "comparison_status": "matched",
        "validation_radiation_kwh_year": 735606.3704921876,
        "ucea_radiation_kwh_year": 683129.4699999983,
        "workflow0_radiation_kwh_year": 565560.9399999987,
        "validation_area_m2": 371.1067151006221,
        "ucea_roofs_top_m2": 433.19,
        "err_ucea_minus_validation_kwh_year": 52476.90049218922,
        "err_ucea_abs_kwh_year": 52476.90049218922,
        "err_ucea_pct_of_validation": 7.133828987516434,
        "err_ucea_area_minus_validation_m2": 62.08328489937787,
        "err_ucea_area_pct_of_validation": 16.72922703178372,
        "err_workflow0_minus_validation_kwh_year": 170045.4304921889,
        "err_workflow0_abs_kwh_year": 170045.4304921889,
        "err_workflow0_pct_of_validation": 23.116361863262963
      },
      "geometry": {
        "type": "Polygon",
        "coordinates": [
          [
            [
              -9.1525678,
              38.772970099999995
            ],
            [
              -9.1523414,
              38.77291389999999
            ],
            [
              -9.1523877,
              38.77280059999998
            ],
            [
              -9.1524695,
              38.772820900000006
            ],
            [
              -9.1524958,
              38.77275649999999
            ],
            [
              -9.152640299999998,
              38.772792399999986
            ],
            [
              -9.1525678,
              38.772970099999995
            ]
          ]
        ]
      }
    },
    {
      "type": "Feature",
      "properties": {
        "area_id": "Alta_Lisboa",
        "osm_uid": "cea/50",
        "osmid": "50",
        "element_type": "cea_zone",
        "building": "yes",
        "cea_name": "B1050",
        "intersection_area_m2": 370.7444376004047,
        "is_residential": true,
        "residential_source": "cea",
        "radiation_sum_kwh_year": 841388.059640625,
        "radiation_sum": 841388.059640625,
        "radiation_point_count": 612.0,
        "use_type1": "MULTI_RES",
        "use_type2": "NONE",
        "use_type3": "NONE",
        "resi_type": null,
        "comparison_status": "matched",
        "validation_radiation_kwh_year": 841388.059640625,
        "ucea_radiation_kwh_year": 628483.3200000002,
        "workflow0_radiation_kwh_year": 542774.3700000006,
        "validation_area_m2": 370.7444376004047,
        "ucea_roofs_top_m2": 437.5,
        "err_ucea_minus_validation_kwh_year": 212904.73964062484,
        "err_ucea_abs_kwh_year": 212904.73964062484,
        "err_ucea_pct_of_validation": 25.303988712599633,
        "err_ucea_area_minus_validation_m2": 66.7555623995953,
        "err_ucea_area_pct_of_validation": 18.005816306149335,
        "err_workflow0_minus_validation_kwh_year": 298613.68964062445,
        "err_workflow0_abs_kwh_year": 298613.68964062445,
        "err_workflow0_pct_of_validation": 35.49060225173255
      },
      "geometry": {
        "type": "Polygon",
        "coordinates": [
          [
            [
              -9.1518443,
              38.772984899999976
            ],
            [
              -9.152071299999998,
              38.77304109999999
            ],
            [
              -9.152025099999998,
              38.77315459999999
            ],
            [
              -9.1519427,
              38.7731342
            ],
            [
              -9.1519168,
              38.7731976
            ],
            [
              -9.151772199999998,
              38.7731618
            ],
            [
              -9.1518443,
              38.772984899999976
            ]
          ]
        ]
      }
    },
    {
      "type": "Feature",
      "properties": {
        "area_id": "Alta_Lisboa",
        "osm_uid": "cea/51",
        "osmid": "51",
        "element_type": "cea_zone",
        "building": "yes",
        "cea_name": "B1051",
        "intersection_area_m2": 237.23200376810422,
        "is_residential": true,
        "residential_source": "cea",
        "radiation_sum_kwh_year": 583179.328375,
        "radiation_sum": 583179.328375,
        "radiation_point_count": 392.0,
        "use_type1": "MULTI_RES",
        "use_type2": "NONE",
        "use_type3": "NONE",
        "resi_type": null,
        "comparison_status": "matched",
        "validation_radiation_kwh_year": 583179.328375,
        "ucea_radiation_kwh_year": 377373.86999999895,
        "workflow0_radiation_kwh_year": 307207.1299999999,
        "validation_area_m2": 237.23200376810422,
        "ucea_roofs_top_m2": 243.08,
        "err_ucea_minus_validation_kwh_year": 205805.4583750011,
        "err_ucea_abs_kwh_year": 205805.4583750011,
        "err_ucea_pct_of_validation": 35.290252648095,
        "err_ucea_area_minus_validation_m2": 5.847996231895792,
        "err_ucea_area_pct_of_validation": 2.4650958298241434,
        "err_workflow0_minus_validation_kwh_year": 275972.19837500015,
        "err_workflow0_abs_kwh_year": 275972.19837500015,
        "err_workflow0_pct_of_validation": 47.32201313513338
      },
      "geometry": {
        "type": "Polygon",
        "coordinates": [
          [
            [
              -9.1517092,
              38.7733164
            ],
            [
              -9.151772199999998,
              38.7731618
            ],
            [
              -9.1519168,
              38.7731976
            ],
            [
              -9.1518538,
              38.77335219999999
            ],
            [
              -9.1517092,
              38.7733164
            ]
          ]
        ]
      }
    },
    {
      "type": "Feature",
      "properties": {
        "area_id": "Alta_Lisboa",
        "osm_uid": "cea/52",
        "osmid": "52",
        "element_type": "cea_zone",
        "building": "yes",
        "cea_name": "B1052",
        "intersection_area_m2": 372.25901245316396,
        "is_residential": true,
        "residential_source": "cea",
        "radiation_sum_kwh_year": 766199.57140625,
        "radiation_sum": 766199.57140625,
        "radiation_point_count": 611.0,
        "use_type1": "MULTI_RES",
        "use_type2": "NONE",
        "use_type3": "NONE",
        "resi_type": null,
        "comparison_status": "matched",
        "validation_radiation_kwh_year": 766199.57140625,
        "ucea_radiation_kwh_year": 645703.4999999992,
        "workflow0_radiation_kwh_year": 533110.0799999988,
        "validation_area_m2": 372.25901245316396,
        "ucea_roofs_top_m2": 435.84,
        "err_ucea_minus_validation_kwh_year": 120496.07140625082,
        "err_ucea_abs_kwh_year": 120496.07140625082,
        "err_ucea_pct_of_validation": 15.726460298730979,
        "err_ucea_area_minus_validation_m2": 63.58098754683601,
        "err_ucea_area_pct_of_validation": 17.079771186153753,
        "err_workflow0_minus_validation_kwh_year": 233089.4914062512,
        "err_workflow0_abs_kwh_year": 233089.4914062512,
        "err_workflow0_pct_of_validation": 30.421511588481927
      },
      "geometry": {
        "type": "Polygon",
        "coordinates": [
          [
            [
              -9.151908999999998,
              38.77343789999998
            ],
            [
              -9.151863,
              38.773551
            ],
            [
              -9.151636499999999,
              38.77349499999999
            ],
            [
              -9.1517092,
              38.7733164
            ],
            [
              -9.1518538,
              38.77335219999999
            ],
            [
              -9.1518272,
              38.77341759999999
            ],
            [
              -9.151908999999998,
              38.77343789999998
            ]
          ]
        ]
      }
    },
    {
      "type": "Feature",
      "properties": {
        "area_id": "Alta_Lisboa",
        "osm_uid": "cea/53",
        "osmid": "53",
        "element_type": "cea_zone",
        "building": "yes",
        "cea_name": "B1053",
        "intersection_area_m2": 235.89975493456654,
        "is_residential": true,
        "residential_source": "cea",
        "radiation_sum_kwh_year": 451117.05615625,
        "radiation_sum": 451117.05615625,
        "radiation_point_count": 389.0,
        "use_type1": "MULTI_RES",
        "use_type2": "NONE",
        "use_type3": "NONE",
        "resi_type": null,
        "comparison_status": "matched",
        "validation_radiation_kwh_year": 451117.05615625,
        "ucea_radiation_kwh_year": 374201.11999999976,
        "workflow0_radiation_kwh_year": 374485.57999999955,
        "validation_area_m2": 235.89975493456654,
        "ucea_roofs_top_m2": 240.43,
        "err_ucea_minus_validation_kwh_year": 76915.93615625025,
        "err_ucea_abs_kwh_year": 76915.93615625025,
        "err_ucea_pct_of_validation": 17.050105977285295,
        "err_ucea_area_minus_validation_m2": 4.530245065433462,
        "err_ucea_area_pct_of_validation": 1.9204110944032362,
        "err_workflow0_minus_validation_kwh_year": 76631.47615625046,
        "err_workflow0_abs_kwh_year": 76631.47615625046,
        "err_workflow0_pct_of_validation": 16.987049172822275
      },
      "geometry": {
        "type": "Polygon",
        "coordinates": [
          [
            [
              -9.152059499999998,
              38.773599699999984
            ],
            [
              -9.151863,
              38.773551
            ],
            [
              -9.151908999999998,
              38.77343789999998
            ],
            [
              -9.1521056,
              38.773486599999984
            ],
            [
              -9.152059499999998,
              38.773599699999984
            ]
          ]
        ]
      }
    },
    {
      "type": "Feature",
      "properties": {
        "area_id": "Alta_Lisboa",
        "osm_uid": "cea/54",
        "osmid": "54",
        "element_type": "cea_zone",
        "building": "yes",
        "cea_name": "B1054",
        "intersection_area_m2": 372.87641404951376,
        "is_residential": true,
        "residential_source": "cea",
        "radiation_sum_kwh_year": 754922.39365625,
        "radiation_sum": 754922.39365625,
        "radiation_point_count": 613.0,
        "use_type1": "MULTI_RES",
        "use_type2": "NONE",
        "use_type3": "NONE",
        "resi_type": null,
        "comparison_status": "matched",
        "validation_radiation_kwh_year": 754922.39365625,
        "ucea_radiation_kwh_year": 638940.7300000006,
        "workflow0_radiation_kwh_year": 594506.8599999998,
        "validation_area_m2": 372.87641404951376,
        "ucea_roofs_top_m2": 437.96,
        "err_ucea_minus_validation_kwh_year": 115981.66365624941,
        "err_ucea_abs_kwh_year": 115981.66365624941,
        "err_ucea_pct_of_validation": 15.363388956383384,
        "err_ucea_area_minus_validation_m2": 65.08358595048622,
        "err_ucea_area_pct_of_validation": 17.454465742057867,
        "err_workflow0_minus_validation_kwh_year": 160415.53365625022,
        "err_workflow0_abs_kwh_year": 160415.53365625022,
        "err_workflow0_pct_of_validation": 21.24927476045897
      },
      "geometry": {
        "type": "Polygon",
        "coordinates": [
          [
            [
              -9.152059499999998,
              38.773599699999984
            ],
            [
              -9.1521056,
              38.773486599999984
            ],
            [
              -9.152188799999998,
              38.7735072
            ],
            [
              -9.1522149,
              38.773443199999996
            ],
            [
              -9.152360099999997,
              38.77347919999999
            ],
            [
              -9.152288,
              38.7736563
            ],
            [
              -9.152059499999998,
              38.773599699999984
            ]
          ]
        ]
      }
    },
    {
      "type": "Feature",
      "properties": {
        "area_id": "Alta_Lisboa",
        "osm_uid": "cea/55",
        "osmid": "55",
        "element_type": "cea_zone",
        "building": "yes",
        "cea_name": "B1055",
        "intersection_area_m2": 238.60140604129373,
        "is_residential": true,
        "residential_source": "cea",
        "radiation_sum_kwh_year": 585779.227875,
        "radiation_sum": 585779.227875,
        "radiation_point_count": 394.0,
        "use_type1": "MULTI_RES",
        "use_type2": "NONE",
        "use_type3": "NONE",
        "resi_type": null,
        "comparison_status": "matched",
        "validation_radiation_kwh_year": 585779.227875,
        "ucea_radiation_kwh_year": 371699.8700000003,
        "workflow0_radiation_kwh_year": 376704.03999999986,
        "validation_area_m2": 238.60140604129373,
        "ucea_roofs_top_m2": 243.81,
        "err_ucea_minus_validation_kwh_year": 214079.3578749997,
        "err_ucea_abs_kwh_year": 214079.3578749997,
        "err_ucea_pct_of_validation": 36.54608215651551,
        "err_ucea_area_minus_validation_m2": 5.208593958706274,
        "err_ucea_area_pct_of_validation": 2.182968677814432,
        "err_workflow0_minus_validation_kwh_year": 209075.18787500012,
        "err_workflow0_abs_kwh_year": 209075.18787500012,
        "err_workflow0_pct_of_validation": 35.69180638812527
      },
      "geometry": {
        "type": "Polygon",
        "coordinates": [
          [
            [
              -9.1522149,
              38.773443199999996
            ],
            [
              -9.152278,
              38.7732884
            ],
            [
              -9.152423199999998,
              38.77332429999999
            ],
            [
              -9.152360099999997,
              38.77347919999999
            ],
            [
              -9.1522149,
              38.773443199999996
            ]
          ]
        ]
      }
    },
    {
      "type": "Feature",
      "properties": {
        "area_id": "Alta_Lisboa",
        "osm_uid": "cea/56",
        "osmid": "56",
        "element_type": "cea_zone",
        "building": "yes",
        "cea_name": "B1056",
        "intersection_area_m2": 369.61348279181516,
        "is_residential": true,
        "residential_source": "cea",
        "radiation_sum_kwh_year": 855669.69303125,
        "radiation_sum": 855669.69303125,
        "radiation_point_count": 611.0,
        "use_type1": "MULTI_RES",
        "use_type2": "NONE",
        "use_type3": "NONE",
        "resi_type": null,
        "comparison_status": "matched",
        "validation_radiation_kwh_year": 855669.69303125,
        "ucea_radiation_kwh_year": 678063.0299999987,
        "workflow0_radiation_kwh_year": 585688.0000000015,
        "validation_area_m2": 369.61348279181516,
        "ucea_roofs_top_m2": 437.15,
        "err_ucea_minus_validation_kwh_year": 177606.6630312513,
        "err_ucea_abs_kwh_year": 177606.6630312513,
        "err_ucea_pct_of_validation": 20.756451289290304,
        "err_ucea_area_minus_validation_m2": 67.53651720818482,
        "err_ucea_area_pct_of_validation": 18.27220065081467,
        "err_workflow0_minus_validation_kwh_year": 269981.6930312485,
        "err_workflow0_abs_kwh_year": 269981.6930312485,
        "err_workflow0_pct_of_validation": 31.552092499013924
      },
      "geometry": {
        "type": "Polygon",
        "coordinates": [
          [
            [
              -9.1524952,
              38.7731476
            ],
            [
              -9.152423199999998,
              38.77332429999999
            ],
            [
              -9.152278,
              38.7732884
            ],
            [
              -9.152303899999998,
              38.77322469999999
            ],
            [
              -9.1522228,
              38.7732046
            ],
            [
              -9.1522688,
              38.77309160000001
            ],
            [
              -9.1524952,
              38.7731476
            ]
          ]
        ]
      }
    },
    {
      "type": "Feature",
      "properties": {
        "area_id": "Alta_Lisboa",
        "osm_uid": "cea/57",
        "osmid": "57",
        "element_type": "cea_zone",
        "building": "yes",
        "cea_name": "B1057",
        "intersection_area_m2": 1996.1700056317245,
        "is_residential": true,
        "residential_source": "cea",
        "radiation_sum_kwh_year": 5404929.7555,
        "radiation_sum": 5404929.7555,
        "radiation_point_count": 3289.0,
        "use_type1": "MULTI_RES",
        "use_type2": "NONE",
        "use_type3": "NONE",
        "resi_type": null,
        "comparison_status": "matched",
        "validation_radiation_kwh_year": 5404929.7555,
        "ucea_radiation_kwh_year": 3176662.629999991,
        "workflow0_radiation_kwh_year": 3178126.1100000064,
        "validation_area_m2": 1996.1700056317245,
        "ucea_roofs_top_m2": 1984.81,
        "err_ucea_minus_validation_kwh_year": 2228267.125500009,
        "err_ucea_abs_kwh_year": 2228267.125500009,
        "err_ucea_pct_of_validation": 41.22656956332407,
        "err_ucea_area_minus_validation_m2": 11.360005631724562,
        "err_ucea_area_pct_of_validation": 0.5690900875013138,
        "err_workflow0_minus_validation_kwh_year": 2226803.6454999936,
        "err_workflow0_abs_kwh_year": 2226803.6454999936,
        "err_workflow0_pct_of_validation": 41.19949280069776
      },
      "geometry": {
        "type": "Polygon",
        "coordinates": [
          [
            [
              -9.1569944,
              38.77607119999998
            ],
            [
              -9.157079499999998,
              38.776320899999995
            ],
            [
              -9.1570876,
              38.77635460000001
            ],
            [
              -9.157083599999998,
              38.7763799
            ],
            [
              -9.157068699999998,
              38.776404199999995
            ],
            [
              -9.157041699999999,
              38.776419999999995
            ],
            [
              -9.157009199999997,
              38.7764295
            ],
            [
              -9.1569619,
              38.77643260000001
            ],
            [
              -9.156455,
              38.7764253
            ],
            [
              -9.1564592,
              38.7762502
            ],
            [
              -9.156463099999998,
              38.77608490000001
            ],
            [
              -9.1567753,
              38.7760769
            ],
            [
              -9.1569944,
              38.77607119999998
            ]
          ]
        ]
      }
    },
    {
      "type": "Feature",
      "properties": {
        "area_id": "Alta_Lisboa",
        "osm_uid": "cea/61",
        "osmid": "61",
        "element_type": "cea_zone",
        "building": "yes",
        "cea_name": "B1061",
        "intersection_area_m2": 124.26560305683645,
        "is_residential": true,
        "residential_source": "cea",
        "radiation_sum_kwh_year": 182856.72184375,
        "radiation_sum": 182856.72184375,
        "radiation_point_count": 203.0,
        "use_type1": "MULTI_RES",
        "use_type2": "NONE",
        "use_type3": "NONE",
        "resi_type": null,
        "comparison_status": "matched",
        "validation_radiation_kwh_year": 182856.72184375,
        "ucea_radiation_kwh_year": 205103.05000000037,
        "workflow0_radiation_kwh_year": 195158.58999999976,
        "validation_area_m2": 124.26560305683645,
        "ucea_roofs_top_m2": 126.66,
        "err_ucea_minus_validation_kwh_year": 22246.328156250354,
        "err_ucea_abs_kwh_year": 22246.328156250354,
        "err_ucea_pct_of_validation": 12.16598872162857,
        "err_ucea_area_minus_validation_m2": 2.3943969431635423,
        "err_ucea_area_pct_of_validation": 1.9268380664184248,
        "err_workflow0_minus_validation_kwh_year": 12301.868156249751,
        "err_workflow0_abs_kwh_year": 12301.868156249751,
        "err_workflow0_pct_of_validation": 6.727599637688805
      },
      "geometry": {
        "type": "Polygon",
        "coordinates": [
          [
            [
              -9.152898599999999,
              38.77472310000001
            ],
            [
              -9.1528555,
              38.774750999999995
            ],
            [
              -9.1527585,
              38.774660299999994
            ],
            [
              -9.152842399999999,
              38.774605799999996
            ],
            [
              -9.1529393,
              38.7746966
            ],
            [
              -9.152898599999999,
              38.77472310000001
            ]
          ]
        ]
      }
    },
    {
      "type": "Feature",
      "properties": {
        "area_id": "Alta_Lisboa",
        "osm_uid": "cea/62",
        "osmid": "62",
        "element_type": "cea_zone",
        "building": "yes",
        "cea_name": "B1062",
        "intersection_area_m2": 123.18186977450087,
        "is_residential": true,
        "residential_source": "cea",
        "radiation_sum_kwh_year": 201118.711375,
        "radiation_sum": 201118.711375,
        "radiation_point_count": 203.0,
        "use_type1": "MULTI_RES",
        "use_type2": "NONE",
        "use_type3": "NONE",
        "resi_type": null,
        "comparison_status": "matched",
        "validation_radiation_kwh_year": 201118.711375,
        "ucea_radiation_kwh_year": 164574.21000000017,
        "workflow0_radiation_kwh_year": 169032.97999999963,
        "validation_area_m2": 123.18186977450087,
        "ucea_roofs_top_m2": 125.54,
        "err_ucea_minus_validation_kwh_year": 36544.50137499985,
        "err_ucea_abs_kwh_year": 36544.50137499985,
        "err_ucea_pct_of_validation": 18.17061233395636,
        "err_ucea_area_minus_validation_m2": 2.3581302254991385,
        "err_ucea_area_pct_of_validation": 1.9143484587593758,
        "err_workflow0_minus_validation_kwh_year": 32085.73137500038,
        "err_workflow0_abs_kwh_year": 32085.73137500038,
        "err_workflow0_pct_of_validation": 15.95362816101893
      },
      "geometry": {
        "type": "Polygon",
        "coordinates": [
          [
            [
              -9.1529393,
              38.7746966
            ],
            [
              -9.1529835,
              38.7746679
            ],
            [
              -9.153078399999998,
              38.77475669999998
            ],
            [
              -9.1529935,
              38.774811899999996
            ],
            [
              -9.152898599999999,
              38.77472310000001
            ],
            [
              -9.1529393,
              38.7746966
            ]
          ]
        ]
      }
    },
    {
      "type": "Feature",
      "properties": {
        "area_id": "Alta_Lisboa",
        "osm_uid": "cea/63",
        "osmid": "63",
        "element_type": "cea_zone",
        "building": "yes",
        "cea_name": "B1063",
        "intersection_area_m2": 123.35449520521844,
        "is_residential": true,
        "residential_source": "cea",
        "radiation_sum_kwh_year": 207750.69015625,
        "radiation_sum": 207750.69015625,
        "radiation_point_count": 204.0,
        "use_type1": "MULTI_RES",
        "use_type2": "NONE",
        "use_type3": "NONE",
        "resi_type": null,
        "comparison_status": "matched",
        "validation_radiation_kwh_year": 207750.69015625,
        "ucea_radiation_kwh_year": 190831.2999999997,
        "workflow0_radiation_kwh_year": 194056.90000000014,
        "validation_area_m2": 123.35449520521844,
        "ucea_roofs_top_m2": 125.44,
        "err_ucea_minus_validation_kwh_year": 16919.3901562503,
        "err_ucea_abs_kwh_year": 16919.3901562503,
        "err_ucea_pct_of_validation": 8.144083730131136,
        "err_ucea_area_minus_validation_m2": 2.0855047947815564,
        "err_ucea_area_pct_of_validation": 1.6906597455666375,
        "err_workflow0_minus_validation_kwh_year": 13693.79015624986,
        "err_workflow0_abs_kwh_year": 13693.79015624986,
        "err_workflow0_pct_of_validation": 6.5914535089874855
      },
      "geometry": {
        "type": "Polygon",
        "coordinates": [
          [
            [
              -9.1529935,
              38.774811899999996
            ],
            [
              -9.153078399999998,
              38.77475669999998
            ],
            [
              -9.1531735,
              38.7748456
            ],
            [
              -9.1530886,
              38.7749008
            ],
            [
              -9.1529935,
              38.774811899999996
            ]
          ]
        ]
      }
    },
    {
      "type": "Feature",
      "properties": {
        "area_id": "Alta_Lisboa",
        "osm_uid": "cea/64",
        "osmid": "64",
        "element_type": "cea_zone",
        "building": "yes",
        "cea_name": "B1064",
        "intersection_area_m2": 122.91209748219146,
        "is_residential": true,
        "residential_source": "cea",
        "radiation_sum_kwh_year": 168064.639015625,
        "radiation_sum": 168064.639015625,
        "radiation_point_count": 201.0,
        "use_type1": "MULTI_RES",
        "use_type2": "NONE",
        "use_type3": "NONE",
        "resi_type": null,
        "comparison_status": "matched",
        "validation_radiation_kwh_year": 168064.639015625,
        "ucea_radiation_kwh_year": 195629.09000000008,
        "workflow0_radiation_kwh_year": 195691.39999999985,
        "validation_area_m2": 122.91209748219146,
        "ucea_roofs_top_m2": 122.91,
        "err_ucea_minus_validation_kwh_year": 27564.450984375086,
        "err_ucea_abs_kwh_year": 27564.450984375086,
        "err_ucea_pct_of_validation": 16.401100877509645,
        "err_ucea_area_minus_validation_m2": 0.002097482191459221,
        "err_ucea_area_pct_of_validation": 0.0017064896250453476,
        "err_workflow0_minus_validation_kwh_year": 27626.76098437485,
        "err_workflow0_abs_kwh_year": 27626.76098437485,
        "err_workflow0_pct_of_validation": 16.438175898385374
      },
      "geometry": {
        "type": "Polygon",
        "coordinates": [
          [
            [
              -9.153183199999999,
              38.7749894
            ],
            [
              -9.1530886,
              38.7749008
            ],
            [
              -9.1531735,
              38.7748456
            ],
            [
              -9.153268199999998,
              38.774934200000004
            ],
            [
              -9.153183199999999,
              38.7749894
            ]
          ]
        ]
      }
    },
    {
      "type": "Feature",
      "properties": {
        "area_id": "Alta_Lisboa",
        "osm_uid": "cea/65",
        "osmid": "65",
        "element_type": "cea_zone",
        "building": "yes",
        "cea_name": "B1065",
        "intersection_area_m2": 121.72871093484056,
        "is_residential": true,
        "residential_source": "cea",
        "radiation_sum_kwh_year": 184110.0953125,
        "radiation_sum": 184110.0953125,
        "radiation_point_count": 200.0,
        "use_type1": "MULTI_RES",
        "use_type2": "NONE",
        "use_type3": "NONE",
        "resi_type": null,
        "comparison_status": "matched",
        "validation_radiation_kwh_year": 184110.0953125,
        "ucea_radiation_kwh_year": 175268.00000000003,
        "workflow0_radiation_kwh_year": 165352.3099999997,
        "validation_area_m2": 121.72871093484056,
        "ucea_roofs_top_m2": 126.67,
        "err_ucea_minus_validation_kwh_year": 8842.095312499965,
        "err_ucea_abs_kwh_year": 8842.095312499965,
        "err_ucea_pct_of_validation": 4.8026129677961436,
        "err_ucea_area_minus_validation_m2": 4.941289065159438,
        "err_ucea_area_pct_of_validation": 4.059263445091792,
        "err_workflow0_minus_validation_kwh_year": 18757.785312500288,
        "err_workflow0_abs_kwh_year": 18757.785312500288,
        "err_workflow0_pct_of_validation": 10.188352398960896
      },
      "geometry": {
        "type": "Polygon",
        "coordinates": [
          [
            [
              -9.1524374,
              38.77591969999999
            ],
            [
              -9.1523675,
              38.7758556
            ],
            [
              -9.152481999999997,
              38.775779799999995
            ],
            [
              -9.1525518,
              38.77584379999999
            ],
            [
              -9.1524374,
              38.77591969999999
            ]
          ]
        ]
      }
    },
    {
      "type": "Feature",
      "properties": {
        "area_id": "Alta_Lisboa",
        "osm_uid": "cea/66",
        "osmid": "66",
        "element_type": "cea_zone",
        "building": "yes",
        "cea_name": "B1066",
        "intersection_area_m2": 120.87717554136132,
        "is_residential": true,
        "residential_source": "cea",
        "radiation_sum_kwh_year": 233059.40540625,
        "radiation_sum": 233059.40540625,
        "radiation_point_count": 201.0,
        "use_type1": "MULTI_RES",
        "use_type2": "NONE",
        "use_type3": "NONE",
        "resi_type": null,
        "comparison_status": "matched",
        "validation_radiation_kwh_year": 233059.40540625,
        "ucea_radiation_kwh_year": 189216.53999999995,
        "workflow0_radiation_kwh_year": 181583.96999999997,
        "validation_area_m2": 120.87717554136132,
        "ucea_roofs_top_m2": 124.2,
        "err_ucea_minus_validation_kwh_year": 43842.86540625006,
        "err_ucea_abs_kwh_year": 43842.86540625006,
        "err_ucea_pct_of_validation": 18.811884175979415,
        "err_ucea_area_minus_validation_m2": 3.322824458638678,
        "err_ucea_area_pct_of_validation": 2.7489262913011117,
        "err_workflow0_minus_validation_kwh_year": 51475.435406250035,
        "err_workflow0_abs_kwh_year": 51475.435406250035,
        "err_workflow0_pct_of_validation": 22.086830315439226
      },
      "geometry": {
        "type": "Polygon",
        "coordinates": [
          [
            [
              -9.1526655,
              38.775768400000004
            ],
            [
              -9.1525518,
              38.77584379999999
            ],
            [
              -9.152481999999997,
              38.775779799999995
            ],
            [
              -9.1525956,
              38.77570440000001
            ],
            [
              -9.1526655,
              38.775768400000004
            ]
          ]
        ]
      }
    },
    {
      "type": "Feature",
      "properties": {
        "area_id": "Alta_Lisboa",
        "osm_uid": "cea/67",
        "osmid": "67",
        "element_type": "cea_zone",
        "building": "yes",
        "cea_name": "B1067",
        "intersection_area_m2": 120.0414937883839,
        "is_residential": true,
        "residential_source": "cea",
        "radiation_sum_kwh_year": 231558.52409375,
        "radiation_sum": 231558.52409375,
        "radiation_point_count": 197.0,
        "use_type1": "MULTI_RES",
        "use_type2": "NONE",
        "use_type3": "NONE",
        "resi_type": null,
        "comparison_status": "matched",
        "validation_radiation_kwh_year": 231558.52409375,
        "ucea_radiation_kwh_year": 191076.29000000033,
        "workflow0_radiation_kwh_year": 189473.2100000001,
        "validation_area_m2": 120.0414937883839,
        "ucea_roofs_top_m2": 122.78,
        "err_ucea_minus_validation_kwh_year": 40482.23409374966,
        "err_ucea_abs_kwh_year": 40482.23409374966,
        "err_ucea_pct_of_validation": 17.482506529260746,
        "err_ucea_area_minus_validation_m2": 2.738506211616098,
        "err_ucea_area_pct_of_validation": 2.2812996782959862,
        "err_workflow0_minus_validation_kwh_year": 42085.31409374988,
        "err_workflow0_abs_kwh_year": 42085.31409374988,
        "err_workflow0_pct_of_validation": 18.17480667509826
      },
      "geometry": {
        "type": "Polygon",
        "coordinates": [
          [
            [
              -9.1526655,
              38.775768400000004
            ],
            [
              -9.1525956,
              38.77570440000001
            ],
            [
              -9.152708599999999,
              38.77562960000001
            ],
            [
              -9.152778399999999,
              38.77569359999999
            ],
            [
              -9.1526655,
              38.775768400000004
            ]
          ]
        ]
      }
    },
    {
      "type": "Feature",
      "properties": {
        "area_id": "Alta_Lisboa",
        "osm_uid": "cea/68",
        "osmid": "68",
        "element_type": "cea_zone",
        "building": "yes",
        "cea_name": "B1068",
        "intersection_area_m2": 121.04616705044249,
        "is_residential": true,
        "residential_source": "cea",
        "radiation_sum_kwh_year": 235315.61106250001,
        "radiation_sum": 235315.61106250001,
        "radiation_point_count": 199.0,
        "use_type1": "MULTI_RES",
        "use_type2": "NONE",
        "use_type3": "NONE",
        "resi_type": null,
        "comparison_status": "matched",
        "validation_radiation_kwh_year": 235315.61106250001,
        "ucea_radiation_kwh_year": 192539.12999999986,
        "workflow0_radiation_kwh_year": 191020.2100000001,
        "validation_area_m2": 121.04616705044249,
        "ucea_roofs_top_m2": 123.5,
        "err_ucea_minus_validation_kwh_year": 42776.481062500156,
        "err_ucea_abs_kwh_year": 42776.481062500156,
        "err_ucea_pct_of_validation": 18.178343914097006,
        "err_ucea_area_minus_validation_m2": 2.4538329495575084,
        "err_ucea_area_pct_of_validation": 2.027187650258223,
        "err_workflow0_minus_validation_kwh_year": 44295.40106249991,
        "err_workflow0_abs_kwh_year": 44295.40106249991,
        "err_workflow0_pct_of_validation": 18.82382595123917
      },
      "geometry": {
        "type": "Polygon",
        "coordinates": [
          [
            [
              -9.152892299999998,
              38.77561809999999
            ],
            [
              -9.152778399999999,
              38.77569359999999
            ],
            [
              -9.152708599999999,
              38.77562960000001
            ],
            [
              -9.1528224,
              38.7755541
            ],
            [
              -9.1528599,
              38.775588500000005
            ],
            [
              -9.152892299999998,
              38.77561809999999
            ]
          ]
        ]
      }
    },
    {
      "type": "Feature",
      "properties": {
        "area_id": "Alta_Lisboa",
        "osm_uid": "cea/69",
        "osmid": "69",
        "element_type": "cea_zone",
        "building": "yes",
        "cea_name": "B1069",
        "intersection_area_m2": 125.47070361249024,
        "is_residential": true,
        "residential_source": "cea",
        "radiation_sum_kwh_year": 251390.657828125,
        "radiation_sum": 251390.657828125,
        "radiation_point_count": 208.0,
        "use_type1": "MULTI_RES",
        "use_type2": "NONE",
        "use_type3": "NONE",
        "resi_type": null,
        "comparison_status": "matched",
        "validation_radiation_kwh_year": 251390.657828125,
        "ucea_radiation_kwh_year": 202162.71999999922,
        "workflow0_radiation_kwh_year": 200876.83000000037,
        "validation_area_m2": 125.47070361249024,
        "ucea_roofs_top_m2": 127.86,
        "err_ucea_minus_validation_kwh_year": 49227.93782812578,
        "err_ucea_abs_kwh_year": 49227.93782812578,
        "err_ucea_pct_of_validation": 19.582246314730902,
        "err_ucea_area_minus_validation_m2": 2.3892963875097593,
        "err_ucea_area_pct_of_validation": 1.9042663496085726,
        "err_workflow0_minus_validation_kwh_year": 50513.82782812463,
        "err_workflow0_abs_kwh_year": 50513.82782812463,
        "err_workflow0_pct_of_validation": 20.093756969545296
      },
      "geometry": {
        "type": "Polygon",
        "coordinates": [
          [
            [
              -9.152974299999999,
              38.7755126
            ],
            [
              -9.1528599,
              38.775588500000005
            ],
            [
              -9.1528224,
              38.7755541
            ],
            [
              -9.1527879,
              38.77552239999999
            ],
            [
              -9.152902299999997,
              38.77544659999999
            ],
            [
              -9.1529388,
              38.7754801
            ],
            [
              -9.152974299999999,
              38.7755126
            ]
          ]
        ]
      }
    },
    {
      "type": "Feature",
      "properties": {
        "area_id": "Alta_Lisboa",
        "osm_uid": "cea/70",
        "osmid": "70",
        "element_type": "cea_zone",
        "building": "yes",
        "cea_name": "B1070",
        "intersection_area_m2": 116.75256223313664,
        "is_residential": true,
        "residential_source": "cea",
        "radiation_sum_kwh_year": 250564.03903125,
        "radiation_sum": 250564.03903125,
        "radiation_point_count": 194.0,
        "use_type1": "MULTI_RES",
        "use_type2": "NONE",
        "use_type3": "NONE",
        "resi_type": null,
        "comparison_status": "matched",
        "validation_radiation_kwh_year": 250564.03903125,
        "ucea_radiation_kwh_year": 188423.85999999996,
        "workflow0_radiation_kwh_year": 185929.51000000015,
        "validation_area_m2": 116.75256223313664,
        "ucea_roofs_top_m2": 118.99,
        "err_ucea_minus_validation_kwh_year": 62140.17903125004,
        "err_ucea_abs_kwh_year": 62140.17903125004,
        "err_ucea_pct_of_validation": 24.800118672855525,
        "err_ucea_area_minus_validation_m2": 2.2374377668633514,
        "err_ucea_area_pct_of_validation": 1.9163928603087421,
        "err_workflow0_minus_validation_kwh_year": 64634.52903124984,
        "err_workflow0_abs_kwh_year": 64634.52903124984,
        "err_workflow0_pct_of_validation": 25.795612682947176
      },
      "geometry": {
        "type": "Polygon",
        "coordinates": [
          [
            [
              -9.1530513,
              38.775405500000005
            ],
            [
              -9.1529388,
              38.7754801
            ],
            [
              -9.152902299999997,
              38.77544659999999
            ],
            [
              -9.1528707,
              38.775417600000004
            ],
            [
              -9.1529831,
              38.77534300000001
            ],
            [
              -9.1530201,
              38.775376899999976
            ],
            [
              -9.1530513,
              38.775405500000005
            ]
          ]
        ]
      }
    },
    {
      "type": "Feature",
      "properties": {
        "area_id": "Alta_Lisboa",
        "osm_uid": "cea/71",
        "osmid": "71",
        "element_type": "cea_zone",
        "building": "yes",
        "cea_name": "B1071",
        "intersection_area_m2": 124.10312756987287,
        "is_residential": true,
        "residential_source": "cea",
        "radiation_sum_kwh_year": 262935.11865625,
        "radiation_sum": 262935.11865625,
        "radiation_point_count": 205.0,
        "use_type1": "MULTI_RES",
        "use_type2": "NONE",
        "use_type3": "NONE",
        "resi_type": null,
        "comparison_status": "matched",
        "validation_radiation_kwh_year": 262935.11865625,
        "ucea_radiation_kwh_year": 200488.56000000032,
        "workflow0_radiation_kwh_year": 199699.34000000005,
        "validation_area_m2": 124.10312756987287,
        "ucea_roofs_top_m2": 126.54,
        "err_ucea_minus_validation_kwh_year": 62446.55865624969,
        "err_ucea_abs_kwh_year": 62446.55865624969,
        "err_ucea_pct_of_validation": 23.74979765935703,
        "err_ucea_area_minus_validation_m2": 2.4368724301271385,
        "err_ucea_area_pct_of_validation": 1.963586637859005,
        "err_workflow0_minus_validation_kwh_year": 63235.77865624995,
        "err_workflow0_abs_kwh_year": 63235.77865624995,
        "err_workflow0_pct_of_validation": 24.049955357588303
      },
      "geometry": {
        "type": "Polygon",
        "coordinates": [
          [
            [
              -9.1531341,
              38.775301399999975
            ],
            [
              -9.1530201,
              38.775376899999976
            ],
            [
              -9.1529831,
              38.77534300000001
            ],
            [
              -9.1529486,
              38.775311399999985
            ],
            [
              -9.1530626,
              38.77523579999999
            ],
            [
              -9.153101200000002,
              38.7752712
            ],
            [
              -9.1531341,
              38.775301399999975
            ]
          ]
        ]
      }
    },
    {
      "type": "Feature",
      "properties": {
        "area_id": "Alta_Lisboa",
        "osm_uid": "cea/72",
        "osmid": "72",
        "element_type": "cea_zone",
        "building": "yes",
        "cea_name": "B1072",
        "intersection_area_m2": 130.9085264508188,
        "is_residential": true,
        "residential_source": "cea",
        "radiation_sum_kwh_year": 281591.344,
        "radiation_sum": 281591.344,
        "radiation_point_count": 217.0,
        "use_type1": "MULTI_RES",
        "use_type2": "NONE",
        "use_type3": "NONE",
        "resi_type": null,
        "comparison_status": "matched",
        "validation_radiation_kwh_year": 281591.344,
        "ucea_radiation_kwh_year": 209111.72999999946,
        "workflow0_radiation_kwh_year": 208057.14000000028,
        "validation_area_m2": 130.9085264508188,
        "ucea_roofs_top_m2": 132.99,
        "err_ucea_minus_validation_kwh_year": 72479.61400000053,
        "err_ucea_abs_kwh_year": 72479.61400000053,
        "err_ucea_pct_of_validation": 25.73929048046325,
        "err_ucea_area_minus_validation_m2": 2.0814735491811973,
        "err_ucea_area_pct_of_validation": 1.5900213726438888,
        "err_workflow0_minus_validation_kwh_year": 73534.2039999997,
        "err_workflow0_abs_kwh_year": 73534.2039999997,
        "err_workflow0_pct_of_validation": 26.113801282187037
      },
      "geometry": {
        "type": "Polygon",
        "coordinates": [
          [
            [
              -9.1532159,
              38.7751952
            ],
            [
              -9.153101200000002,
              38.7752712
            ],
            [
              -9.1530626,
              38.77523579999999
            ],
            [
              -9.1530263,
              38.775202499999985
            ],
            [
              -9.153141,
              38.775126399999984
            ],
            [
              -9.1531831,
              38.775165099999995
            ],
            [
              -9.1532159,
              38.7751952
            ]
          ]
        ]
      }
    },
    {
      "type": "Feature",
      "properties": {
        "area_id": "Alta_Lisboa",
        "osm_uid": "cea/73",
        "osmid": "73",
        "element_type": "cea_zone",
        "building": "yes",
        "cea_name": "B1073",
        "intersection_area_m2": 118.41081365152584,
        "is_residential": true,
        "residential_source": "cea",
        "radiation_sum_kwh_year": 249276.57103125,
        "radiation_sum": 249276.57103125,
        "radiation_point_count": 193.0,
        "use_type1": "MULTI_RES",
        "use_type2": "NONE",
        "use_type3": "NONE",
        "resi_type": null,
        "comparison_status": "matched",
        "validation_radiation_kwh_year": 249276.57103125,
        "ucea_radiation_kwh_year": 190934.8600000002,
        "workflow0_radiation_kwh_year": 186691.0800000006,
        "validation_area_m2": 118.41081365152584,
        "ucea_roofs_top_m2": 121.5,
        "err_ucea_minus_validation_kwh_year": 58341.71103124981,
        "err_ucea_abs_kwh_year": 58341.71103124981,
        "err_ucea_pct_of_validation": 23.404410125625457,
        "err_ucea_area_minus_validation_m2": 3.0891863484741577,
        "err_ucea_area_pct_of_validation": 2.608871819397679,
        "err_workflow0_minus_validation_kwh_year": 62585.4910312494,
        "err_workflow0_abs_kwh_year": 62585.4910312494,
        "err_workflow0_pct_of_validation": 25.1068484985713
      },
      "geometry": {
        "type": "Polygon",
        "coordinates": [
          [
            [
              -9.1531831,
              38.775165099999995
            ],
            [
              -9.153141,
              38.775126399999984
            ],
            [
              -9.153112000000002,
              38.77509989999999
            ],
            [
              -9.1532214,
              38.7750274
            ],
            [
              -9.1532925,
              38.775092599999994
            ],
            [
              -9.1531831,
              38.775165099999995
            ]
          ]
        ]
      }
    },
    {
      "type": "Feature",
      "properties": {
        "area_id": "Alta_Lisboa",
        "osm_uid": "cea/74",
        "osmid": "74",
        "element_type": "cea_zone",
        "building": "yes",
        "cea_name": "B1074",
        "intersection_area_m2": 112.27774131099156,
        "is_residential": true,
        "residential_source": "cea",
        "radiation_sum_kwh_year": 131818.98642187502,
        "radiation_sum": 131818.98642187502,
        "radiation_point_count": 181.0,
        "use_type1": "MULTI_RES",
        "use_type2": "NONE",
        "use_type3": "NONE",
        "resi_type": null,
        "comparison_status": "matched",
        "validation_radiation_kwh_year": 131818.98642187502,
        "ucea_radiation_kwh_year": 165270.40000000005,
        "workflow0_radiation_kwh_year": 180153.30999999988,
        "validation_area_m2": 112.27774131099156,
        "ucea_roofs_top_m2": 114.03,
        "err_ucea_minus_validation_kwh_year": 33451.41357812504,
        "err_ucea_abs_kwh_year": 33451.41357812504,
        "err_ucea_pct_of_validation": 25.376779541504547,
        "err_ucea_area_minus_validation_m2": 1.7522586890084426,
        "err_ucea_area_pct_of_validation": 1.5606465436056143,
        "err_workflow0_minus_validation_kwh_year": 48334.323578124866,
        "err_workflow0_abs_kwh_year": 48334.323578124866,
        "err_workflow0_pct_of_validation": 36.66719407433094
      },
      "geometry": {
        "type": "Polygon",
        "coordinates": [
          [
            [
              -9.1529176,
              38.77640329999999
            ],
            [
              -9.1529116,
              38.77646339999999
            ],
            [
              -9.1527192,
              38.7764517
            ],
            [
              -9.1527252,
              38.776391499999995
            ],
            [
              -9.1527841,
              38.77639509999999
            ],
            [
              -9.152837099999998,
              38.77639830000001
            ],
            [
              -9.1529176,
              38.77640329999999
            ]
          ]
        ]
      }
    },
    {
      "type": "Feature",
      "properties": {
        "area_id": "Alta_Lisboa",
        "osm_uid": "cea/75",
        "osmid": "75",
        "element_type": "cea_zone",
        "building": "yes",
        "cea_name": "B1075",
        "intersection_area_m2": 57.314386881618,
        "is_residential": true,
        "residential_source": "cea",
        "radiation_sum_kwh_year": 139452.1359375,
        "radiation_sum": 139452.1359375,
        "radiation_point_count": 97.0,
        "use_type1": "MULTI_RES",
        "use_type2": "NONE",
        "use_type3": "NONE",
        "resi_type": null,
        "comparison_status": "matched",
        "validation_radiation_kwh_year": 139452.1359375,
        "ucea_radiation_kwh_year": 91251.7800000004,
        "workflow0_radiation_kwh_year": 91606.44999999985,
        "validation_area_m2": 57.314386881618,
        "ucea_roofs_top_m2": 56.91,
        "err_ucea_minus_validation_kwh_year": 48200.35593749958,
        "err_ucea_abs_kwh_year": 48200.35593749958,
        "err_ucea_pct_of_validation": 34.56408581586885,
        "err_ucea_area_minus_validation_m2": 0.4043868816180023,
        "err_ucea_area_pct_of_validation": 0.7055591163406446,
        "err_workflow0_minus_validation_kwh_year": 47845.68593750014,
        "err_workflow0_abs_kwh_year": 47845.68593750014,
        "err_workflow0_pct_of_validation": 34.30975482436765
      },
      "geometry": {
        "type": "Polygon",
        "coordinates": [
          [
            [
              -9.152841499999997,
              38.7763549
            ],
            [
              -9.152837099999998,
              38.77639830000001
            ],
            [
              -9.1527841,
              38.77639509999999
            ],
            [
              -9.1527932,
              38.776304800000005
            ],
            [
              -9.1528702,
              38.776309499999996
            ],
            [
              -9.152865499999999,
              38.776356299999996
            ],
            [
              -9.152841499999997,
              38.7763549
            ]
          ]
        ]
      }
    },
    {
      "type": "Feature",
      "properties": {
        "area_id": "Alta_Lisboa",
        "osm_uid": "cea/76",
        "osmid": "76",
        "element_type": "cea_zone",
        "building": "yes",
        "cea_name": "B1076",
        "intersection_area_m2": 110.62788457108744,
        "is_residential": true,
        "residential_source": "cea",
        "radiation_sum_kwh_year": 235285.17587500002,
        "radiation_sum": 235285.17587500002,
        "radiation_point_count": 181.0,
        "use_type1": "MULTI_RES",
        "use_type2": "NONE",
        "use_type3": "NONE",
        "resi_type": null,
        "comparison_status": "matched",
        "validation_radiation_kwh_year": 235285.17587500002,
        "ucea_radiation_kwh_year": 178817.0799999999,
        "workflow0_radiation_kwh_year": 178025.3699999999,
        "validation_area_m2": 110.62788457108744,
        "ucea_roofs_top_m2": 112.62,
        "err_ucea_minus_validation_kwh_year": 56468.095875000115,
        "err_ucea_abs_kwh_year": 56468.095875000115,
        "err_ucea_pct_of_validation": 23.999852802031153,
        "err_ucea_area_minus_validation_m2": 1.9921154289125695,
        "err_ucea_area_pct_of_validation": 1.8007353540530489,
        "err_workflow0_minus_validation_kwh_year": 57259.80587500011,
        "err_workflow0_abs_kwh_year": 57259.80587500011,
        "err_workflow0_pct_of_validation": 24.336342339485313
      },
      "geometry": {
        "type": "Polygon",
        "coordinates": [
          [
            [
              -9.1528702,
              38.776309499999996
            ],
            [
              -9.1527932,
              38.776304800000005
            ],
            [
              -9.1528081,
              38.7761567
            ],
            [
              -9.1528851,
              38.77616139999999
            ],
            [
              -9.152880399999999,
              38.7762085
            ],
            [
              -9.152876399999998,
              38.7762482
            ],
            [
              -9.1528702,
              38.776309499999996
            ]
          ]
        ]
      }
    },
    {
      "type": "Feature",
      "properties": {
        "area_id": "Alta_Lisboa",
        "osm_uid": "cea/77",
        "osmid": "77",
        "element_type": "cea_zone",
        "building": "yes",
        "cea_name": "B1077",
        "intersection_area_m2": 58.5967501938149,
        "is_residential": true,
        "residential_source": "cea",
        "radiation_sum_kwh_year": 67786.96169531251,
        "radiation_sum": 67786.96169531251,
        "radiation_point_count": 99.0,
        "use_type1": "MULTI_RES",
        "use_type2": "NONE",
        "use_type3": "NONE",
        "resi_type": null,
        "comparison_status": "matched",
        "validation_radiation_kwh_year": 67786.96169531251,
        "ucea_radiation_kwh_year": 115280.16000000003,
        "workflow0_radiation_kwh_year": 93698.79999999961,
        "validation_area_m2": 58.5967501938149,
        "ucea_roofs_top_m2": 72.75,
        "err_ucea_minus_validation_kwh_year": 47493.198304687525,
        "err_ucea_abs_kwh_year": 47493.198304687525,
        "err_ucea_pct_of_validation": 70.06243843492943,
        "err_ucea_area_minus_validation_m2": 14.153249806185102,
        "err_ucea_area_pct_of_validation": 24.153642922810125,
        "err_workflow0_minus_validation_kwh_year": 25911.838304687102,
        "err_workflow0_abs_kwh_year": 25911.838304687102,
        "err_workflow0_pct_of_validation": 38.22540154721069
      },
      "geometry": {
        "type": "Polygon",
        "coordinates": [
          [
            [
              -9.1529303,
              38.776274900000004
            ],
            [
              -9.152932599999998,
              38.7762517
            ],
            [
              -9.152876399999998,
              38.7762482
            ],
            [
              -9.152880399999999,
              38.7762085
            ],
            [
              -9.1529971,
              38.77621559999999
            ],
            [
              -9.1529907,
              38.7762786
            ],
            [
              -9.1529303,
              38.776274900000004
            ]
          ]
        ]
      }
    },
    {
      "type": "Feature",
      "properties": {
        "area_id": "Alta_Lisboa",
        "osm_uid": "cea/78",
        "osmid": "78",
        "element_type": "cea_zone",
        "building": "yes",
        "cea_name": "B1078",
        "intersection_area_m2": 119.07112961905189,
        "is_residential": true,
        "residential_source": "cea",
        "radiation_sum_kwh_year": 164543.363234375,
        "radiation_sum": 164543.363234375,
        "radiation_point_count": 196.0,
        "use_type1": "MULTI_RES",
        "use_type2": "NONE",
        "use_type3": "NONE",
        "resi_type": null,
        "comparison_status": "matched",
        "validation_radiation_kwh_year": 164543.363234375,
        "ucea_radiation_kwh_year": 193298.3600000003,
        "workflow0_radiation_kwh_year": 191564.84999999998,
        "validation_area_m2": 119.07112961905189,
        "ucea_roofs_top_m2": 122.21,
        "err_ucea_minus_validation_kwh_year": 28754.996765625314,
        "err_ucea_abs_kwh_year": 28754.996765625314,
        "err_ucea_pct_of_validation": 17.475634507766074,
        "err_ucea_area_minus_validation_m2": 3.1388703809481058,
        "err_ucea_area_pct_of_validation": 2.6361305137445115,
        "err_workflow0_minus_validation_kwh_year": 27021.486765624984,
        "err_workflow0_abs_kwh_year": 27021.486765624984,
        "err_workflow0_pct_of_validation": 16.42210675318194
      },
      "geometry": {
        "type": "Polygon",
        "coordinates": [
          [
            [
              -9.1531856,
              38.77629049999999
            ],
            [
              -9.1529907,
              38.7762786
            ],
            [
              -9.1529971,
              38.77621559999999
            ],
            [
              -9.1530578,
              38.776219299999994
            ],
            [
              -9.153110399999997,
              38.7762225
            ],
            [
              -9.1531919,
              38.77622749999998
            ],
            [
              -9.1531856,
              38.77629049999999
            ]
          ]
        ]
      }
    },
    {
      "type": "Feature",
      "properties": {
        "area_id": "Alta_Lisboa",
        "osm_uid": "cea/79",
        "osmid": "79",
        "element_type": "cea_zone",
        "building": "yes",
        "cea_name": "B1079",
        "intersection_area_m2": 168.56033444445646,
        "is_residential": true,
        "residential_source": "cea",
        "radiation_sum_kwh_year": 342660.32071875,
        "radiation_sum": 342660.32071875,
        "radiation_point_count": 276.0,
        "use_type1": "MULTI_RES",
        "use_type2": "NONE",
        "use_type3": "NONE",
        "resi_type": null,
        "comparison_status": "matched",
        "validation_radiation_kwh_year": 342660.32071875,
        "ucea_radiation_kwh_year": 292551.79000000056,
        "workflow0_radiation_kwh_year": 242401.50999999957,
        "validation_area_m2": 168.56033444445646,
        "ucea_roofs_top_m2": 183.59,
        "err_ucea_minus_validation_kwh_year": 50108.53071874945,
        "err_ucea_abs_kwh_year": 50108.53071874945,
        "err_ucea_pct_of_validation": 14.623382892318515,
        "err_ucea_area_minus_validation_m2": 15.029665555543545,
        "err_ucea_area_pct_of_validation": 8.916490113215858,
        "err_workflow0_minus_validation_kwh_year": 100258.81071875044,
        "err_workflow0_abs_kwh_year": 100258.81071875044,
        "err_workflow0_pct_of_validation": 29.25894965266236
      },
      "geometry": {
        "type": "Polygon",
        "coordinates": [
          [
            [
              -9.153138999999998,
              38.77618069999999
            ],
            [
              -9.153114799999999,
              38.77617919999999
            ],
            [
              -9.153110399999997,
              38.7762225
            ],
            [
              -9.1530578,
              38.776219299999994
            ],
            [
              -9.1530819,
              38.7759794
            ],
            [
              -9.1531587,
              38.77598409999999
            ],
            [
              -9.153153799999998,
              38.7760331
            ],
            [
              -9.1531499,
              38.7760717
            ],
            [
              -9.153138999999998,
              38.77618069999999
            ]
          ]
        ]
      }
    },
    {
      "type": "Feature",
      "properties": {
        "area_id": "Alta_Lisboa",
        "osm_uid": "cea/80",
        "osmid": "80",
        "element_type": "cea_zone",
        "building": "yes",
        "cea_name": "B1080",
        "intersection_area_m2": 56.743204455406456,
        "is_residential": true,
        "residential_source": "cea",
        "radiation_sum_kwh_year": 57873.2223359375,
        "radiation_sum": 57873.2223359375,
        "radiation_point_count": 93.0,
        "use_type1": "MULTI_RES",
        "use_type2": "NONE",
        "use_type3": "NONE",
        "resi_type": null,
        "comparison_status": "matched",
        "validation_radiation_kwh_year": 57873.2223359375,
        "ucea_radiation_kwh_year": 112717.74999999975,
        "workflow0_radiation_kwh_year": 90683.04000000024,
        "validation_area_m2": 56.743204455406456,
        "ucea_roofs_top_m2": 69.39,
        "err_ucea_minus_validation_kwh_year": 54844.527664062254,
        "err_ucea_abs_kwh_year": 54844.527664062254,
        "err_ucea_pct_of_validation": 94.76667351561221,
        "err_ucea_area_minus_validation_m2": 12.646795544593544,
        "err_ucea_area_pct_of_validation": 22.28777113659919,
        "err_workflow0_minus_validation_kwh_year": 32809.81766406274,
        "err_workflow0_abs_kwh_year": 32809.81766406274,
        "err_workflow0_pct_of_validation": 56.69257100220053
      },
      "geometry": {
        "type": "Polygon",
        "coordinates": [
          [
            [
              -9.153206,
              38.77609619999999
            ],
            [
              -9.153208099999999,
              38.7760752
            ],
            [
              -9.1531499,
              38.7760717
            ],
            [
              -9.153153799999998,
              38.7760331
            ],
            [
              -9.153272499999998,
              38.7760403
            ],
            [
              -9.1532665,
              38.77609989999999
            ],
            [
              -9.153206,
              38.77609619999999
            ]
          ]
        ]
      }
    },
    {
      "type": "Feature",
      "properties": {
        "area_id": "Alta_Lisboa",
        "osm_uid": "cea/81",
        "osmid": "81",
        "element_type": "cea_zone",
        "building": "yes",
        "cea_name": "B1081",
        "intersection_area_m2": 55.444514960964774,
        "is_residential": true,
        "residential_source": "cea",
        "radiation_sum_kwh_year": 52518.1471171875,
        "radiation_sum": 52518.1471171875,
        "radiation_point_count": 91.0,
        "use_type1": "MULTI_RES",
        "use_type2": "NONE",
        "use_type3": "NONE",
        "resi_type": null,
        "comparison_status": "matched",
        "validation_radiation_kwh_year": 52518.1471171875,
        "ucea_radiation_kwh_year": 89310.13999999996,
        "workflow0_radiation_kwh_year": 89402.86000000034,
        "validation_area_m2": 55.444514960964774,
        "ucea_roofs_top_m2": 55.44,
        "err_ucea_minus_validation_kwh_year": 36791.992882812454,
        "err_ucea_abs_kwh_year": 36791.992882812454,
        "err_ucea_pct_of_validation": 70.05577100943002,
        "err_ucea_area_minus_validation_m2": 0.004514960964776549,
        "err_ucea_area_pct_of_validation": 0.008143205812072245,
        "err_workflow0_minus_validation_kwh_year": 36884.71288281283,
        "err_workflow0_abs_kwh_year": 36884.71288281283,
        "err_workflow0_pct_of_validation": 70.23231950759674
      },
      "geometry": {
        "type": "Polygon",
        "coordinates": [
          [
            [
              -9.153477899999999,
              38.77593220000001
            ],
            [
              -9.153480099999998,
              38.77590999999999
            ],
            [
              -9.1534227,
              38.7759065
            ],
            [
              -9.1534265,
              38.77586919999999
            ],
            [
              -9.153543899999999,
              38.77587629999999
            ],
            [
              -9.153537899999998,
              38.77593590000001
            ],
            [
              -9.153477899999999,
              38.77593220000001
            ]
          ]
        ]
      }
    },
    {
      "type": "Feature",
      "properties": {
        "area_id": "Alta_Lisboa",
        "osm_uid": "cea/82",
        "osmid": "82",
        "element_type": "cea_zone",
        "building": "yes",
        "cea_name": "B1082",
        "intersection_area_m2": 168.7324221607141,
        "is_residential": true,
        "residential_source": "cea",
        "radiation_sum_kwh_year": 267729.331890625,
        "radiation_sum": 267729.331890625,
        "radiation_point_count": 276.0,
        "use_type1": "MULTI_RES",
        "use_type2": "NONE",
        "use_type3": "NONE",
        "resi_type": null,
        "comparison_status": "matched",
        "validation_radiation_kwh_year": 267729.331890625,
        "ucea_radiation_kwh_year": 413404.0100000002,
        "workflow0_radiation_kwh_year": 270238.0900000001,
        "validation_area_m2": 168.7324221607141,
        "ucea_roofs_top_m2": 261.93,
        "err_ucea_minus_validation_kwh_year": 145674.67810937518,
        "err_ucea_abs_kwh_year": 145674.67810937518,
        "err_ucea_pct_of_validation": 54.41117604883405,
        "err_ucea_area_minus_validation_m2": 93.19757783928591,
        "err_ucea_area_pct_of_validation": 55.233947717835264,
        "err_workflow0_minus_validation_kwh_year": 2508.7581093750778,
        "err_workflow0_abs_kwh_year": 2508.7581093750778,
        "err_workflow0_pct_of_validation": 0.93705015123258
      },
      "geometry": {
        "type": "Polygon",
        "coordinates": [
          [
            [
              -9.1536799,
              38.77588459999998
            ],
            [
              -9.153736,
              38.775888
            ],
            [
              -9.1537301,
              38.77594759999999
            ],
            [
              -9.153537899999998,
              38.77593590000001
            ],
            [
              -9.153543899999999,
              38.77587629999999
            ],
            [
              -9.1536041,
              38.775879999999994
            ],
            [
              -9.153612,
              38.7758015
            ],
            [
              -9.1536878,
              38.77580609999998
            ],
            [
              -9.1536799,
              38.77588459999998
            ]
          ]
        ]
      }
    },
    {
      "type": "Feature",
      "properties": {
        "area_id": "Alta_Lisboa",
        "osm_uid": "cea/83",
        "osmid": "83",
        "element_type": "cea_zone",
        "building": "yes",
        "cea_name": "B1083",
        "intersection_area_m2": 168.60523585324364,
        "is_residential": true,
        "residential_source": "cea",
        "radiation_sum_kwh_year": 283567.41364843753,
        "radiation_sum": 283567.41364843753,
        "radiation_point_count": 278.0,
        "use_type1": "MULTI_RES",
        "use_type2": "NONE",
        "use_type3": "NONE",
        "resi_type": null,
        "comparison_status": "matched",
        "validation_radiation_kwh_year": 283567.41364843753,
        "ucea_radiation_kwh_year": 271900.5200000004,
        "workflow0_radiation_kwh_year": 272032.3599999995,
        "validation_area_m2": 168.60523585324364,
        "ucea_roofs_top_m2": 168.61,
        "err_ucea_minus_validation_kwh_year": 11666.893648437108,
        "err_ucea_abs_kwh_year": 11666.893648437108,
        "err_ucea_pct_of_validation": 4.114328052835274,
        "err_ucea_area_minus_validation_m2": 0.004764146756372156,
        "err_ucea_area_pct_of_validation": 0.002825622070550013,
        "err_workflow0_minus_validation_kwh_year": 11535.053648438014,
        "err_workflow0_abs_kwh_year": 11535.053648438014,
        "err_workflow0_pct_of_validation": 4.067834699349127
      },
      "geometry": {
        "type": "Polygon",
        "coordinates": [
          [
            [
              -9.1534646,
              38.776052099999994
            ],
            [
              -9.1534586,
              38.77611160000001
            ],
            [
              -9.1532665,
              38.77609989999999
            ],
            [
              -9.153272499999998,
              38.7760403
            ],
            [
              -9.1533327,
              38.776043999999985
            ],
            [
              -9.1533406,
              38.77596549999999
            ],
            [
              -9.1534163,
              38.775970099999995
            ],
            [
              -9.1534084,
              38.7760486
            ],
            [
              -9.1534646,
              38.776052099999994
            ]
          ]
        ]
      }
    },
    {
      "type": "Feature",
      "properties": {
        "area_id": "Alta_Lisboa",
        "osm_uid": "cea/84",
        "osmid": "84",
        "element_type": "cea_zone",
        "building": "yes",
        "cea_name": "B1084",
        "intersection_area_m2": 111.8848157134316,
        "is_residential": true,
        "residential_source": "cea",
        "radiation_sum_kwh_year": 235455.580125,
        "radiation_sum": 235455.580125,
        "radiation_point_count": 184.0,
        "use_type1": "MULTI_RES",
        "use_type2": "NONE",
        "use_type3": "NONE",
        "resi_type": null,
        "comparison_status": "matched",
        "validation_radiation_kwh_year": 235455.580125,
        "ucea_radiation_kwh_year": 181154.76000000018,
        "workflow0_radiation_kwh_year": 180168.88000000024,
        "validation_area_m2": 111.8848157134316,
        "ucea_roofs_top_m2": 115.11,
        "err_ucea_minus_validation_kwh_year": 54300.820124999824,
        "err_ucea_abs_kwh_year": 54300.820124999824,
        "err_ucea_pct_of_validation": 23.06202303473644,
        "err_ucea_area_minus_validation_m2": 3.2251842865683926,
        "err_ucea_area_pct_of_validation": 2.882593376056492,
        "err_workflow0_minus_validation_kwh_year": 55286.70012499977,
        "err_workflow0_abs_kwh_year": 55286.70012499977,
        "err_workflow0_pct_of_validation": 23.480734708282917
      },
      "geometry": {
        "type": "Polygon",
        "coordinates": [
          [
            [
              -9.1534163,
              38.775970099999995
            ],
            [
              -9.1533406,
              38.77596549999999
            ],
            [
              -9.1533559,
              38.77581309999999
            ],
            [
              -9.1534316,
              38.7758178
            ],
            [
              -9.1534265,
              38.77586919999999
            ],
            [
              -9.1534227,
              38.7759065
            ],
            [
              -9.1534163,
              38.775970099999995
            ]
          ]
        ]
      }
    },
    {
      "type": "Feature",
      "properties": {
        "area_id": "Alta_Lisboa",
        "osm_uid": "cea/85",
        "osmid": "85",
        "element_type": "cea_zone",
        "building": "yes",
        "cea_name": "B1085",
        "intersection_area_m2": 109.86903584095278,
        "is_residential": true,
        "residential_source": "cea",
        "radiation_sum_kwh_year": 251359.76537500002,
        "radiation_sum": 251359.76537500002,
        "radiation_point_count": 180.0,
        "use_type1": "MULTI_RES",
        "use_type2": "NONE",
        "use_type3": "NONE",
        "resi_type": null,
        "comparison_status": "matched",
        "validation_radiation_kwh_year": 251359.76537500002,
        "ucea_radiation_kwh_year": 176948.43000000008,
        "workflow0_radiation_kwh_year": 177217.48,
        "validation_area_m2": 109.86903584095278,
        "ucea_roofs_top_m2": 110.86,
        "err_ucea_minus_validation_kwh_year": 74411.33537499994,
        "err_ucea_abs_kwh_year": 74411.33537499994,
        "err_ucea_pct_of_validation": 29.603518790681054,
        "err_ucea_area_minus_validation_m2": 0.9909641590472233,
        "err_ucea_area_pct_of_validation": 0.9019503552226948,
        "err_workflow0_minus_validation_kwh_year": 74142.285375,
        "err_workflow0_abs_kwh_year": 74142.285375,
        "err_workflow0_pct_of_validation": 29.496480975938294
      },
      "geometry": {
        "type": "Polygon",
        "coordinates": [
          [
            [
              -9.1534316,
              38.7758178
            ],
            [
              -9.1533559,
              38.77581309999999
            ],
            [
              -9.1533709,
              38.77566349999999
            ],
            [
              -9.1534466,
              38.77566809999999
            ],
            [
              -9.1534316,
              38.7758178
            ]
          ]
        ]
      }
    },
    {
      "type": "Feature",
      "properties": {
        "area_id": "Alta_Lisboa",
        "osm_uid": "cea/86",
        "osmid": "86",
        "element_type": "cea_zone",
        "building": "yes",
        "cea_name": "B1086",
        "intersection_area_m2": 451.4562124773123,
        "is_residential": true,
        "residential_source": "cea",
        "radiation_sum_kwh_year": 831375.4134062501,
        "radiation_sum": 831375.4134062501,
        "radiation_point_count": 744.0,
        "use_type1": "MULTI_RES",
        "use_type2": "NONE",
        "use_type3": "NONE",
        "resi_type": null,
        "comparison_status": "matched",
        "validation_radiation_kwh_year": 831375.4134062501,
        "ucea_radiation_kwh_year": 731803.509999998,
        "workflow0_radiation_kwh_year": 730107.3899999983,
        "validation_area_m2": 451.4562124773123,
        "ucea_roofs_top_m2": 453.06,
        "err_ucea_minus_validation_kwh_year": 99571.90340625204,
        "err_ucea_abs_kwh_year": 99571.90340625204,
        "err_ucea_pct_of_validation": 11.976767871723963,
        "err_ucea_area_minus_validation_m2": 1.6037875226876963,
        "err_ucea_area_pct_of_validation": 0.35524763606355153,
        "err_workflow0_minus_validation_kwh_year": 101268.0234062518,
        "err_workflow0_abs_kwh_year": 101268.0234062518,
        "err_workflow0_pct_of_validation": 12.180781602783263
      },
      "geometry": {
        "type": "Polygon",
        "coordinates": [
          [
            [
              -9.1526971,
              38.7737482
            ],
            [
              -9.152516000000002,
              38.77370399999999
            ],
            [
              -9.1526104,
              38.773469
            ],
            [
              -9.1527919,
              38.7735121
            ],
            [
              -9.1526971,
              38.7737482
            ]
          ]
        ]
      }
    },
    {
      "type": "Feature",
      "properties": {
        "area_id": "Alta_Lisboa",
        "osm_uid": "cea/87",
        "osmid": "87",
        "element_type": "cea_zone",
        "building": "yes",
        "cea_name": "B1087",
        "intersection_area_m2": 509.8186953937832,
        "is_residential": true,
        "residential_source": "cea",
        "radiation_sum_kwh_year": 1115532.40621875,
        "radiation_sum": 1115532.40621875,
        "radiation_point_count": 841.0,
        "use_type1": "MULTI_RES",
        "use_type2": "NONE",
        "use_type3": "NONE",
        "resi_type": null,
        "comparison_status": "matched",
        "validation_radiation_kwh_year": 1115532.40621875,
        "ucea_radiation_kwh_year": 823621.9299999994,
        "workflow0_radiation_kwh_year": 824519.2000000008,
        "validation_area_m2": 509.8186953937832,
        "ucea_roofs_top_m2": 509.71,
        "err_ucea_minus_validation_kwh_year": 291910.4762187506,
        "err_ucea_abs_kwh_year": 291910.4762187506,
        "err_ucea_pct_of_validation": 26.16781678339773,
        "err_ucea_area_minus_validation_m2": 0.1086953937831936,
        "err_ucea_area_pct_of_validation": 0.021320401696771327,
        "err_workflow0_minus_validation_kwh_year": 291013.20621874917,
        "err_workflow0_abs_kwh_year": 291013.20621874917,
        "err_workflow0_pct_of_validation": 26.087382544553623
      },
      "geometry": {
        "type": "Polygon",
        "coordinates": [
          [
            [
              -9.1527173,
              38.77320289999999
            ],
            [
              -9.1528595,
              38.77323679999999
            ],
            [
              -9.152898699999998,
              38.77324629999999
            ],
            [
              -9.1527919,
              38.7735121
            ],
            [
              -9.1526104,
              38.773469
            ],
            [
              -9.1527173,
              38.77320289999999
            ]
          ]
        ]
      }
    },
    {
      "type": "Feature",
      "properties": {
        "area_id": "Alta_Lisboa",
        "osm_uid": "cea/88",
        "osmid": "88",
        "element_type": "cea_zone",
        "building": "yes",
        "cea_name": "B1088",
        "intersection_area_m2": 499.23426278892276,
        "is_residential": true,
        "residential_source": "cea",
        "radiation_sum_kwh_year": 1056202.90434375,
        "radiation_sum": 1056202.90434375,
        "radiation_point_count": 824.0,
        "use_type1": "MULTI_RES",
        "use_type2": "NONE",
        "use_type3": "NONE",
        "resi_type": null,
        "comparison_status": "matched",
        "validation_radiation_kwh_year": 1056202.90434375,
        "ucea_radiation_kwh_year": 805096.3700000001,
        "workflow0_radiation_kwh_year": 804082.1299999978,
        "validation_area_m2": 499.23426278892276,
        "ucea_roofs_top_m2": 500.08,
        "err_ucea_minus_validation_kwh_year": 251106.53434374998,
        "err_ucea_abs_kwh_year": 251106.53434374998,
        "err_ucea_pct_of_validation": 23.774459747369267,
        "err_ucea_area_minus_validation_m2": 0.8457372110772212,
        "err_ucea_area_pct_of_validation": 0.16940688452603275,
        "err_workflow0_minus_validation_kwh_year": 252120.7743437523,
        "err_workflow0_abs_kwh_year": 252120.7743437523,
        "err_workflow0_pct_of_validation": 23.87048675087694
      },
      "geometry": {
        "type": "Polygon",
        "coordinates": [
          [
            [
              -9.1528951,
              38.772771399999996
            ],
            [
              -9.153074799999999,
              38.7728158
            ],
            [
              -9.152967999999998,
              38.77307829999999
            ],
            [
              -9.152926,
              38.77306699999999
            ],
            [
              -9.1527886,
              38.7730342
            ],
            [
              -9.1528951,
              38.772771399999996
            ]
          ]
        ]
      }
    },
    {
      "type": "Feature",
      "properties": {
        "area_id": "Alta_Lisboa",
        "osm_uid": "cea/89",
        "osmid": "89",
        "element_type": "cea_zone",
        "building": "yes",
        "cea_name": "B1089",
        "intersection_area_m2": 471.0500449089885,
        "is_residential": true,
        "residential_source": "cea",
        "radiation_sum_kwh_year": 1043132.6328125,
        "radiation_sum": 1043132.6328125,
        "radiation_point_count": 778.0,
        "use_type1": "MULTI_RES",
        "use_type2": "NONE",
        "use_type3": "NONE",
        "resi_type": null,
        "comparison_status": "matched",
        "validation_radiation_kwh_year": 1043132.6328125,
        "ucea_radiation_kwh_year": 754393.3399999993,
        "workflow0_radiation_kwh_year": 754134.0499999996,
        "validation_area_m2": 471.0500449089885,
        "ucea_roofs_top_m2": 471.05,
        "err_ucea_minus_validation_kwh_year": 288739.29281250073,
        "err_ucea_abs_kwh_year": 288739.29281250073,
        "err_ucea_pct_of_validation": 27.680017260508883,
        "err_ucea_area_minus_validation_m2": 4.490898851372549e-05,
        "err_ucea_area_pct_of_validation": 9.533804104063369e-06,
        "err_workflow0_minus_validation_kwh_year": 288998.5828125004,
        "err_workflow0_abs_kwh_year": 288998.5828125004,
        "err_workflow0_pct_of_validation": 27.704874118768657
      },
      "geometry": {
        "type": "Polygon",
        "coordinates": [
          [
            [
              -9.152995699999998,
              38.772524299999986
            ],
            [
              -9.153175399999999,
              38.7725688
            ],
            [
              -9.153074799999999,
              38.7728158
            ],
            [
              -9.1528951,
              38.772771399999996
            ],
            [
              -9.152995699999998,
              38.772524299999986
            ]
          ]
        ]
      }
    },
    {
      "type": "Feature",
      "properties": {
        "area_id": "Alta_Lisboa",
        "osm_uid": "cea/91",
        "osmid": "91",
        "element_type": "cea_zone",
        "building": "yes",
        "cea_name": "B1091",
        "intersection_area_m2": 828.1598578775572,
        "is_residential": true,
        "residential_source": "cea",
        "radiation_sum_kwh_year": 2256728.2558750003,
        "radiation_sum": 2256728.2558750003,
        "radiation_point_count": 1367.0,
        "use_type1": "MULTI_RES",
        "use_type2": "NONE",
        "use_type3": "NONE",
        "resi_type": null,
        "comparison_status": "matched",
        "validation_radiation_kwh_year": 2256728.2558750003,
        "ucea_radiation_kwh_year": 1265034.9400000004,
        "workflow0_radiation_kwh_year": 1263624.0500000047,
        "validation_area_m2": 828.1598578775572,
        "ucea_roofs_top_m2": 828.16,
        "err_ucea_minus_validation_kwh_year": 991693.3158749999,
        "err_ucea_abs_kwh_year": 991693.3158749999,
        "err_ucea_pct_of_validation": 43.94385160434352,
        "err_ucea_area_minus_validation_m2": 0.00014212244275313424,
        "err_ucea_area_pct_of_validation": 1.7161232991583482e-05,
        "err_workflow0_minus_validation_kwh_year": 993104.2058749956,
        "err_workflow0_abs_kwh_year": 993104.2058749956,
        "err_workflow0_pct_of_validation": 44.00637087294942
      },
      "geometry": {
        "type": "Polygon",
        "coordinates": [
          [
            [
              -9.1569258,
              38.7758886
            ],
            [
              -9.156396299999999,
              38.77590599999999
            ],
            [
              -9.1563683,
              38.7757399
            ],
            [
              -9.156863899999998,
              38.775722499999986
            ],
            [
              -9.1569258,
              38.7758886
            ]
          ]
        ]
      }
    },
    {
      "type": "Feature",
      "properties": {
        "area_id": "Alta_Lisboa",
        "osm_uid": "cea/95",
        "osmid": "95",
        "element_type": "cea_zone",
        "building": "yes",
        "cea_name": "B1095",
        "intersection_area_m2": 703.5313294888409,
        "is_residential": true,
        "residential_source": "cea",
        "radiation_sum_kwh_year": 1909926.74325,
        "radiation_sum": 1909926.74325,
        "radiation_point_count": 1162.0,
        "use_type1": "MULTI_RES",
        "use_type2": "NONE",
        "use_type3": "NONE",
        "resi_type": null,
        "comparison_status": "matched",
        "validation_radiation_kwh_year": 1909926.74325,
        "ucea_radiation_kwh_year": 1147119.5500000005,
        "workflow0_radiation_kwh_year": 1147798.590000003,
        "validation_area_m2": 703.5313294888409,
        "ucea_roofs_top_m2": 712.3,
        "err_ucea_minus_validation_kwh_year": 762807.1932499995,
        "err_ucea_abs_kwh_year": 762807.1932499995,
        "err_ucea_pct_of_validation": 39.939081221093296,
        "err_ucea_area_minus_validation_m2": 8.76867051115903,
        "err_ucea_area_pct_of_validation": 1.2463795347294642,
        "err_workflow0_minus_validation_kwh_year": 762128.153249997,
        "err_workflow0_abs_kwh_year": 762128.153249997,
        "err_workflow0_pct_of_validation": 39.90352802501379
      },
      "geometry": {
        "type": "Polygon",
        "coordinates": [
          [
            [
              -9.1563683,
              38.7757399
            ],
            [
              -9.156396299999999,
              38.77590599999999
            ],
            [
              -9.156317899999998,
              38.7759223
            ],
            [
              -9.156256299999999,
              38.7759632
            ],
            [
              -9.1562162,
              38.7760484
            ],
            [
              -9.1560108,
              38.77602709999998
            ],
            [
              -9.156018699999999,
              38.775979199999995
            ],
            [
              -9.1560387,
              38.7759064
            ],
            [
              -9.156126799999997,
              38.7758137
            ],
            [
              -9.1562334,
              38.7757567
            ],
            [
              -9.1563683,
              38.7757399
            ]
          ]
        ]
      }
    },
    {
      "type": "Feature",
      "properties": {
        "area_id": "Alta_Lisboa",
        "osm_uid": "cea/97",
        "osmid": "97",
        "element_type": "cea_zone",
        "building": "yes",
        "cea_name": "B1097",
        "intersection_area_m2": 15.575723734124185,
        "is_residential": true,
        "residential_source": "cea",
        "radiation_sum_kwh_year": 36320.829625,
        "radiation_sum": 36320.829625,
        "radiation_point_count": 26.0,
        "use_type1": "MULTI_RES",
        "use_type2": "NONE",
        "use_type3": "NONE",
        "resi_type": null,
        "comparison_status": "matched",
        "validation_radiation_kwh_year": 36320.829625,
        "ucea_radiation_kwh_year": 24786.279999999988,
        "workflow0_radiation_kwh_year": 24854.319999999985,
        "validation_area_m2": 15.575723734124185,
        "ucea_roofs_top_m2": 15.58,
        "err_ucea_minus_validation_kwh_year": 11534.54962500001,
        "err_ucea_abs_kwh_year": 11534.54962500001,
        "err_ucea_pct_of_validation": 31.757395808659233,
        "err_ucea_area_minus_validation_m2": 0.004276265875814644,
        "err_ucea_area_pct_of_validation": 0.027454684923859794,
        "err_workflow0_minus_validation_kwh_year": 11466.509625000013,
        "err_workflow0_abs_kwh_year": 11466.509625000013,
        "err_workflow0_pct_of_validation": 31.57006528591929
      },
      "geometry": {
        "type": "Polygon",
        "coordinates": [
          [
            [
              -9.156740400000002,
              38.773836199999984
            ],
            [
              -9.1566952,
              38.77383759999998
            ],
            [
              -9.1566933,
              38.77380200000001
            ],
            [
              -9.1567386,
              38.77380049999999
            ],
            [
              -9.156740400000002,
              38.773836199999984
            ]
          ]
        ]
      }
    },
    {
      "type": "Feature",
      "properties": {
        "area_id": "Alta_Lisboa",
        "osm_uid": "cea/98",
        "osmid": "98",
        "element_type": "cea_zone",
        "building": "yes",
        "cea_name": "B1098",
        "intersection_area_m2": 10.045666343431867,
        "is_residential": true,
        "residential_source": "cea",
        "radiation_sum_kwh_year": 20000.4769375,
        "radiation_sum": 20000.4769375,
        "radiation_point_count": 18.0,
        "use_type1": "MULTI_RES",
        "use_type2": "NONE",
        "use_type3": "NONE",
        "resi_type": null,
        "comparison_status": "matched",
        "validation_radiation_kwh_year": 20000.4769375,
        "ucea_radiation_kwh_year": 15970.450000000006,
        "workflow0_radiation_kwh_year": 15998.78000000004,
        "validation_area_m2": 10.045666343431867,
        "ucea_roofs_top_m2": 10.05,
        "err_ucea_minus_validation_kwh_year": 4030.0269374999934,
        "err_ucea_abs_kwh_year": 4030.0269374999934,
        "err_ucea_pct_of_validation": 20.149654181215414,
        "err_ucea_area_minus_validation_m2": 0.004333656568134003,
        "err_ucea_area_pct_of_validation": 0.04313956307106962,
        "err_workflow0_minus_validation_kwh_year": 4001.696937499959,
        "err_workflow0_abs_kwh_year": 4001.696937499959,
        "err_workflow0_pct_of_validation": 20.008007559044536
      },
      "geometry": {
        "type": "Polygon",
        "coordinates": [
          [
            [
              -9.1568925,
              38.773832
            ],
            [
              -9.156844,
              38.7738355
            ],
            [
              -9.1568414,
              38.7738142
            ],
            [
              -9.1568899,
              38.77381069999999
            ],
            [
              -9.1568925,
              38.773832
            ]
          ]
        ]
      }
    },
    {
      "type": "Feature",
      "properties": {
        "area_id": "Alta_Lisboa",
        "osm_uid": "cea/99",
        "osmid": "99",
        "element_type": "cea_zone",
        "building": "yes",
        "cea_name": "B1099",
        "intersection_area_m2": 493.172912851294,
        "is_residential": true,
        "residential_source": "cea",
        "radiation_sum_kwh_year": 975541.649109375,
        "radiation_sum": 975541.649109375,
        "radiation_point_count": 813.0,
        "use_type1": "MULTI_RES",
        "use_type2": "NONE",
        "use_type3": "NONE",
        "resi_type": null,
        "comparison_status": "matched",
        "validation_radiation_kwh_year": 975541.649109375,
        "ucea_radiation_kwh_year": 790722.8699999999,
        "workflow0_radiation_kwh_year": 791022.4100000011,
        "validation_area_m2": 493.172912851294,
        "ucea_roofs_top_m2": 493.17,
        "err_ucea_minus_validation_kwh_year": 184818.7791093751,
        "err_ucea_abs_kwh_year": 184818.7791093751,
        "err_ucea_pct_of_validation": 18.94524742004672,
        "err_ucea_area_minus_validation_m2": 0.0029128512939564644,
        "err_ucea_area_pct_of_validation": 0.0005906348905327601,
        "err_workflow0_minus_validation_kwh_year": 184519.23910937388,
        "err_workflow0_abs_kwh_year": 184519.23910937388,
        "err_workflow0_pct_of_validation": 18.91454242654135
      },
      "geometry": {
        "type": "Polygon",
        "coordinates": [
          [
            [
              -9.155730899999998,
              38.77268409999999
            ],
            [
              -9.1556546,
              38.77238379999999
            ],
            [
              -9.1558185,
              38.7723585
            ],
            [
              -9.155894899999998,
              38.772658699999994
            ],
            [
              -9.155730899999998,
              38.77268409999999
            ]
          ]
        ]
      }
    },
    {
      "type": "Feature",
      "properties": {
        "area_id": "Alta_Lisboa",
        "osm_uid": "cea/100",
        "osmid": "100",
        "element_type": "cea_zone",
        "building": "yes",
        "cea_name": "B1100",
        "intersection_area_m2": 68.06694684477773,
        "is_residential": true,
        "residential_source": "cea",
        "radiation_sum_kwh_year": 130285.482875,
        "radiation_sum": 130285.482875,
        "radiation_point_count": 113.0,
        "use_type1": "MULTI_RES",
        "use_type2": "NONE",
        "use_type3": "NONE",
        "resi_type": null,
        "comparison_status": "matched",
        "validation_radiation_kwh_year": 130285.482875,
        "ucea_radiation_kwh_year": 106667.09000000003,
        "workflow0_radiation_kwh_year": 106705.20000000013,
        "validation_area_m2": 68.06694684477773,
        "ucea_roofs_top_m2": 66.07,
        "err_ucea_minus_validation_kwh_year": 23618.392874999976,
        "err_ucea_abs_kwh_year": 23618.392874999976,
        "err_ucea_pct_of_validation": 18.12818462488273,
        "err_ucea_area_minus_validation_m2": 1.9969468447777388,
        "err_ucea_area_pct_of_validation": 2.93379817568672,
        "err_workflow0_minus_validation_kwh_year": 23580.282874999873,
        "err_workflow0_abs_kwh_year": 23580.282874999873,
        "err_workflow0_pct_of_validation": 18.09893347643616
      },
      "geometry": {
        "type": "Polygon",
        "coordinates": [
          [
            [
              -9.1540693,
              38.7754981
            ],
            [
              -9.154012,
              38.7754698
            ],
            [
              -9.154092,
              38.77537139999999
            ],
            [
              -9.1541341,
              38.775392199999985
            ],
            [
              -9.1541021,
              38.77543159999998
            ],
            [
              -9.1541172,
              38.77543909999999
            ],
            [
              -9.1540693,
              38.7754981
            ]
          ]
        ]
      }
    },
    {
      "type": "Feature",
      "properties": {
        "area_id": "Alta_Lisboa",
        "osm_uid": "cea/101",
        "osmid": "101",
        "element_type": "cea_zone",
        "building": "yes",
        "cea_name": "B1101",
        "intersection_area_m2": 31.893622505005403,
        "is_residential": true,
        "residential_source": "cea",
        "radiation_sum_kwh_year": 42033.007125000004,
        "radiation_sum": 42033.007125000004,
        "radiation_point_count": 50.0,
        "use_type1": "MULTI_RES",
        "use_type2": "NONE",
        "use_type3": "NONE",
        "resi_type": null,
        "comparison_status": "matched",
        "validation_radiation_kwh_year": 42033.007125000004,
        "ucea_radiation_kwh_year": 51677.90000000006,
        "workflow0_radiation_kwh_year": 51684.94999999995,
        "validation_area_m2": 31.893622505005403,
        "ucea_roofs_top_m2": 31.91,
        "err_ucea_minus_validation_kwh_year": 9644.892875000056,
        "err_ucea_abs_kwh_year": 9644.892875000056,
        "err_ucea_pct_of_validation": 22.945997763894354,
        "err_ucea_area_minus_validation_m2": 0.01637749499459673,
        "err_ucea_area_pct_of_validation": 0.05135037574369747,
        "err_workflow0_minus_validation_kwh_year": 9651.94287499995,
        "err_workflow0_abs_kwh_year": 9651.94287499995,
        "err_workflow0_pct_of_validation": 22.962770296915675
      },
      "geometry": {
        "type": "Polygon",
        "coordinates": [
          [
            [
              -9.1538135,
              38.774492399999986
            ],
            [
              -9.153762100000002,
              38.774490699999994
            ],
            [
              -9.1537204,
              38.77448939999999
            ],
            [
              -9.153722299999998,
              38.77445389999999
            ],
            [
              -9.1538154,
              38.77445689999999
            ],
            [
              -9.1538135,
              38.774492399999986
            ]
          ]
        ]
      }
    }
  ]
}
