{
  "type": "FeatureCollection",
  "name": "EUA_1_Pro_radiation_error_map",
  "features": [
    {
      "type": "Feature",
      "properties": {
        "area_id": "EUA_1_Pro",
        "osm_uid": "cea/3",
        "osmid": "3",
        "element_type": "cea_zone",
        "building": "yes",
        "cea_name": "B1003",
        "intersection_area_m2": 240.5197373075855,
        "is_residential": true,
        "residential_source": "cea",
        "radiation_sum_kwh_year": 485944.63162500004,
        "radiation_sum": 485944.63162500004,
        "radiation_point_count": 397.0,
        "use_type1": "MULTI_RES",
        "use_type2": "NONE",
        "use_type3": "NONE",
        "resi_type": null,
        "comparison_status": "matched",
        "validation_radiation_kwh_year": 485944.63162500004,
        "ucea_radiation_kwh_year": 391366.02000000014,
        "workflow0_radiation_kwh_year": 389212.18000000063,
        "validation_area_m2": 240.5197373075855,
        "ucea_roofs_top_m2": 241.36,
        "err_ucea_minus_validation_kwh_year": 94578.6116249999,
        "err_ucea_abs_kwh_year": 94578.6116249999,
        "err_ucea_pct_of_validation": 19.46283701267134,
        "err_ucea_area_minus_validation_m2": 0.8402626924145125,
        "err_ucea_area_pct_of_validation": 0.3493529062606424,
        "err_workflow0_minus_validation_kwh_year": 96732.4516249994,
        "err_workflow0_abs_kwh_year": 96732.4516249994,
        "err_workflow0_pct_of_validation": 19.9060644628434
      },
      "geometry": {
        "type": "Polygon",
        "coordinates": [
          [
            [
              -9.1476331,
              38.7501664
            ],
            [
              -9.1475234,
              38.7502019
            ],
            [
              -9.147422,
              38.750018999999995
            ],
            [
              -9.147468,
              38.7499892
            ],
            [
              -9.1475248,
              38.7499705
            ],
            [
              -9.1476331,
              38.7501664
            ]
          ]
        ]
      }
    },
    {
      "type": "Feature",
      "properties": {
        "area_id": "EUA_1_Pro",
        "osm_uid": "cea/4",
        "osmid": "4",
        "element_type": "cea_zone",
        "building": "yes",
        "cea_name": "B1004",
        "intersection_area_m2": 234.9731577045585,
        "is_residential": true,
        "residential_source": "cea",
        "radiation_sum_kwh_year": 489043.429234375,
        "radiation_sum": 489043.429234375,
        "radiation_point_count": 386.0,
        "use_type1": "MULTI_RES",
        "use_type2": "NONE",
        "use_type3": "NONE",
        "resi_type": null,
        "comparison_status": "matched",
        "validation_radiation_kwh_year": 489043.429234375,
        "ucea_radiation_kwh_year": 388736.2000000003,
        "workflow0_radiation_kwh_year": 373904.13999999955,
        "validation_area_m2": 234.9731577045585,
        "ucea_roofs_top_m2": 237.42,
        "err_ucea_minus_validation_kwh_year": 100307.22923437471,
        "err_ucea_abs_kwh_year": 100307.22923437471,
        "err_ucea_pct_of_validation": 20.510904193398797,
        "err_ucea_area_minus_validation_m2": 2.446842295441485,
        "err_ucea_area_pct_of_validation": 1.041328430593762,
        "err_workflow0_minus_validation_kwh_year": 115139.28923437546,
        "err_workflow0_abs_kwh_year": 115139.28923437546,
        "err_workflow0_pct_of_validation": 23.54377594125587
      },
      "geometry": {
        "type": "Polygon",
        "coordinates": [
          [
            [
              -9.1472636,
              38.7498452
            ],
            [
              -9.147345,
              38.74981859999999
            ],
            [
              -9.1473792,
              38.7498191
            ],
            [
              -9.147468,
              38.7499892
            ],
            [
              -9.147422,
              38.750018999999995
            ],
            [
              -9.147364,
              38.750038
            ],
            [
              -9.1472636,
              38.7498452
            ]
          ]
        ]
      }
    },
    {
      "type": "Feature",
      "properties": {
        "area_id": "EUA_1_Pro",
        "osm_uid": "cea/5",
        "osmid": "5",
        "element_type": "cea_zone",
        "building": "yes",
        "cea_name": "B1005",
        "intersection_area_m2": 246.40961092436055,
        "is_residential": true,
        "residential_source": "cea",
        "radiation_sum_kwh_year": 498712.398703125,
        "radiation_sum": 498712.398703125,
        "radiation_point_count": 407.0,
        "use_type1": "MULTI_RES",
        "use_type2": "NONE",
        "use_type3": "NONE",
        "resi_type": null,
        "comparison_status": "matched",
        "validation_radiation_kwh_year": 498712.398703125,
        "ucea_radiation_kwh_year": 367511.7599999998,
        "workflow0_radiation_kwh_year": 336600.3399999993,
        "validation_area_m2": 246.40961092436055,
        "ucea_roofs_top_m2": 250.03,
        "err_ucea_minus_validation_kwh_year": 131200.63870312524,
        "err_ucea_abs_kwh_year": 131200.63870312524,
        "err_ucea_pct_of_validation": 26.307875850751955,
        "err_ucea_area_minus_validation_m2": 3.6203890756394514,
        "err_ucea_area_pct_of_validation": 1.4692564393321448,
        "err_workflow0_minus_validation_kwh_year": 162112.0587031257,
        "err_workflow0_abs_kwh_year": 162112.0587031257,
        "err_workflow0_pct_of_validation": 32.50612158925454
      },
      "geometry": {
        "type": "Polygon",
        "coordinates": [
          [
            [
              -9.1475613,
              38.7496871
            ],
            [
              -9.1475642,
              38.7496927
            ],
            [
              -9.1475938,
              38.7497505
            ],
            [
              -9.1473792,
              38.7498191
            ],
            [
              -9.147345,
              38.74981859999999
            ],
            [
              -9.1473009,
              38.74973680000001
            ],
            [
              -9.147544800000002,
              38.749662699999995
            ],
            [
              -9.1475613,
              38.7496871
            ]
          ]
        ]
      }
    },
    {
      "type": "Feature",
      "properties": {
        "area_id": "EUA_1_Pro",
        "osm_uid": "cea/9",
        "osmid": "9",
        "element_type": "cea_zone",
        "building": "yes",
        "cea_name": "B1009",
        "intersection_area_m2": 53.34289675933517,
        "is_residential": true,
        "residential_source": "cea",
        "radiation_sum_kwh_year": 131528.94975,
        "radiation_sum": 131528.94975,
        "radiation_point_count": 89.0,
        "use_type1": "MULTI_RES",
        "use_type2": "NONE",
        "use_type3": "NONE",
        "resi_type": null,
        "comparison_status": "matched",
        "validation_radiation_kwh_year": 131528.94975,
        "ucea_radiation_kwh_year": 56974.609999999826,
        "workflow0_radiation_kwh_year": 50375.15999999993,
        "validation_area_m2": 53.34289675933517,
        "ucea_roofs_top_m2": 55.32,
        "err_ucea_minus_validation_kwh_year": 74554.33975000017,
        "err_ucea_abs_kwh_year": 74554.33975000017,
        "err_ucea_pct_of_validation": 56.68283666197234,
        "err_ucea_area_minus_validation_m2": 1.9771032406648317,
        "err_ucea_area_pct_of_validation": 3.7064039652455367,
        "err_workflow0_minus_validation_kwh_year": 81153.78975000007,
        "err_workflow0_abs_kwh_year": 81153.78975000007,
        "err_workflow0_pct_of_validation": 61.70032521680655
      },
      "geometry": {
        "type": "Polygon",
        "coordinates": [
          [
            [
              -9.1455657,
              38.75361
            ],
            [
              -9.1455356,
              38.7536202
            ],
            [
              -9.1455455,
              38.753638
            ],
            [
              -9.1455207,
              38.753646400000015
            ],
            [
              -9.1455075,
              38.7536225
            ],
            [
              -9.145486900000002,
              38.75362950000001
            ],
            [
              -9.1454583,
              38.753578000000005
            ],
            [
              -9.1455338,
              38.753552499999984
            ],
            [
              -9.1455657,
              38.75361
            ]
          ]
        ]
      }
    },
    {
      "type": "Feature",
      "properties": {
        "area_id": "EUA_1_Pro",
        "osm_uid": "cea/11",
        "osmid": "11",
        "element_type": "cea_zone",
        "building": "yes",
        "cea_name": "B1011",
        "intersection_area_m2": 76.47038252428983,
        "is_residential": true,
        "residential_source": "cea",
        "radiation_sum_kwh_year": 123271.99396875,
        "radiation_sum": 123271.99396875,
        "radiation_point_count": 126.0,
        "use_type1": "MULTI_RES",
        "use_type2": "NONE",
        "use_type3": "NONE",
        "resi_type": null,
        "comparison_status": "matched",
        "validation_radiation_kwh_year": 123271.99396875,
        "ucea_radiation_kwh_year": 149094.02999999947,
        "workflow0_radiation_kwh_year": 132318.01000000015,
        "validation_area_m2": 76.47038252428983,
        "ucea_roofs_top_m2": 78.64,
        "err_ucea_minus_validation_kwh_year": 25822.036031249474,
        "err_ucea_abs_kwh_year": 25822.036031249474,
        "err_ucea_pct_of_validation": 20.947203983571058,
        "err_ucea_area_minus_validation_m2": 2.1696174757101687,
        "err_ucea_area_pct_of_validation": 2.837199715878259,
        "err_workflow0_minus_validation_kwh_year": 9046.016031250154,
        "err_workflow0_abs_kwh_year": 9046.016031250154,
        "err_workflow0_pct_of_validation": 7.338257247257117
      },
      "geometry": {
        "type": "Polygon",
        "coordinates": [
          [
            [
              -9.1471656,
              38.75345540000001
            ],
            [
              -9.1470337,
              38.7534995
            ],
            [
              -9.1470058,
              38.75344870000001
            ],
            [
              -9.1471377,
              38.7534046
            ],
            [
              -9.1471656,
              38.75345540000001
            ]
          ]
        ]
      }
    },
    {
      "type": "Feature",
      "properties": {
        "area_id": "EUA_1_Pro",
        "osm_uid": "cea/12",
        "osmid": "12",
        "element_type": "cea_zone",
        "building": "yes",
        "cea_name": "B1012",
        "intersection_area_m2": 72.43910843544705,
        "is_residential": true,
        "residential_source": "cea",
        "radiation_sum_kwh_year": 152326.27071875,
        "radiation_sum": 152326.27071875,
        "radiation_point_count": 118.0,
        "use_type1": "MULTI_RES",
        "use_type2": "NONE",
        "use_type3": "NONE",
        "resi_type": null,
        "comparison_status": "matched",
        "validation_radiation_kwh_year": 152326.27071875,
        "ucea_radiation_kwh_year": 118356.71000000056,
        "workflow0_radiation_kwh_year": 118207.31999999992,
        "validation_area_m2": 72.43910843544705,
        "ucea_roofs_top_m2": 72.46,
        "err_ucea_minus_validation_kwh_year": 33969.56071874943,
        "err_ucea_abs_kwh_year": 33969.56071874943,
        "err_ucea_pct_of_validation": 22.300526730198538,
        "err_ucea_area_minus_validation_m2": 0.020891564552940167,
        "err_ucea_area_pct_of_validation": 0.028840173497658862,
        "err_workflow0_minus_validation_kwh_year": 34118.95071875007,
        "err_workflow0_abs_kwh_year": 34118.95071875007,
        "err_workflow0_pct_of_validation": 22.398599110816633
      },
      "geometry": {
        "type": "Polygon",
        "coordinates": [
          [
            [
              -9.1456545,
              38.7537809
            ],
            [
              -9.1455702,
              38.75380640000001
            ],
            [
              -9.1455634,
              38.7537926
            ],
            [
              -9.1455317,
              38.75372889999999
            ],
            [
              -9.145616,
              38.75370339999999
            ],
            [
              -9.1456545,
              38.7537809
            ]
          ]
        ]
      }
    },
    {
      "type": "Feature",
      "properties": {
        "area_id": "EUA_1_Pro",
        "osm_uid": "cea/18",
        "osmid": "18",
        "element_type": "cea_zone",
        "building": "yes",
        "cea_name": "B1018",
        "intersection_area_m2": 248.21305377072636,
        "is_residential": true,
        "residential_source": "cea",
        "radiation_sum_kwh_year": 534514.463140625,
        "radiation_sum": 534514.463140625,
        "radiation_point_count": 409.0,
        "use_type1": "MULTI_RES",
        "use_type2": "NONE",
        "use_type3": "NONE",
        "resi_type": null,
        "comparison_status": "matched",
        "validation_radiation_kwh_year": 534514.463140625,
        "ucea_radiation_kwh_year": 428122.0300000003,
        "workflow0_radiation_kwh_year": 429528.0100000006,
        "validation_area_m2": 248.21305377072636,
        "ucea_roofs_top_m2": 251.09,
        "err_ucea_minus_validation_kwh_year": 106392.43314062472,
        "err_ucea_abs_kwh_year": 106392.43314062472,
        "err_ucea_pct_of_validation": 19.904500341393756,
        "err_ucea_area_minus_validation_m2": 2.876946229273642,
        "err_ucea_area_pct_of_validation": 1.1590632263567686,
        "err_workflow0_minus_validation_kwh_year": 104986.45314062445,
        "err_workflow0_abs_kwh_year": 104986.45314062445,
        "err_workflow0_pct_of_validation": 19.641461621779097
      },
      "geometry": {
        "type": "Polygon",
        "coordinates": [
          [
            [
              -9.1459387,
              38.75397909999999
            ],
            [
              -9.1458918,
              38.75389199999999
            ],
            [
              -9.1461388,
              38.753809399999994
            ],
            [
              -9.146188,
              38.75389810000001
            ],
            [
              -9.1459387,
              38.75397909999999
            ]
          ]
        ]
      }
    },
    {
      "type": "Feature",
      "properties": {
        "area_id": "EUA_1_Pro",
        "osm_uid": "cea/19",
        "osmid": "19",
        "element_type": "cea_zone",
        "building": "yes",
        "cea_name": "B1019",
        "intersection_area_m2": 226.2261309466292,
        "is_residential": true,
        "residential_source": "cea",
        "radiation_sum_kwh_year": 423395.234921875,
        "radiation_sum": 423395.234921875,
        "radiation_point_count": 373.0,
        "use_type1": "MULTI_RES",
        "use_type2": "NONE",
        "use_type3": "NONE",
        "resi_type": null,
        "comparison_status": "matched",
        "validation_radiation_kwh_year": 423395.234921875,
        "ucea_radiation_kwh_year": 393199.0500000002,
        "workflow0_radiation_kwh_year": 391281.87000000034,
        "validation_area_m2": 226.2261309466292,
        "ucea_roofs_top_m2": 229.04,
        "err_ucea_minus_validation_kwh_year": 30196.18492187478,
        "err_ucea_abs_kwh_year": 30196.18492187478,
        "err_ucea_pct_of_validation": 7.131914209532043,
        "err_ucea_area_minus_validation_m2": 2.81386905337078,
        "err_ucea_area_pct_of_validation": 1.2438302514374973,
        "err_workflow0_minus_validation_kwh_year": 32113.364921874658,
        "err_workflow0_abs_kwh_year": 32113.364921874658,
        "err_workflow0_pct_of_validation": 7.584725162955654
      },
      "geometry": {
        "type": "Polygon",
        "coordinates": [
          [
            [
              -9.1456656,
              38.7539652
            ],
            [
              -9.1458918,
              38.75389199999999
            ],
            [
              -9.1459387,
              38.75397909999999
            ],
            [
              -9.1457145,
              38.754054800000006
            ],
            [
              -9.1456656,
              38.7539652
            ]
          ]
        ]
      }
    },
    {
      "type": "Feature",
      "properties": {
        "area_id": "EUA_1_Pro",
        "osm_uid": "cea/20",
        "osmid": "20",
        "element_type": "cea_zone",
        "building": "yes",
        "cea_name": "B1020",
        "intersection_area_m2": 231.6097197762818,
        "is_residential": true,
        "residential_source": "cea",
        "radiation_sum_kwh_year": 496859.2701875,
        "radiation_sum": 496859.2701875,
        "radiation_point_count": 379.0,
        "use_type1": "MULTI_RES",
        "use_type2": "NONE",
        "use_type3": "NONE",
        "resi_type": null,
        "comparison_status": "matched",
        "validation_radiation_kwh_year": 496859.2701875,
        "ucea_radiation_kwh_year": 400594.0999999989,
        "workflow0_radiation_kwh_year": 401176.03999999963,
        "validation_area_m2": 231.6097197762818,
        "ucea_roofs_top_m2": 234.73,
        "err_ucea_minus_validation_kwh_year": 96265.17018750106,
        "err_ucea_abs_kwh_year": 96265.17018750106,
        "err_ucea_pct_of_validation": 19.374735657276442,
        "err_ucea_area_minus_validation_m2": 3.120280223718197,
        "err_ucea_area_pct_of_validation": 1.3472147139300379,
        "err_workflow0_minus_validation_kwh_year": 95683.23018750036,
        "err_workflow0_abs_kwh_year": 95683.23018750036,
        "err_workflow0_pct_of_validation": 19.257611949434363
      },
      "geometry": {
        "type": "Polygon",
        "coordinates": [
          [
            [
              -9.146188,
              38.75389810000001
            ],
            [
              -9.1461388,
              38.753809399999994
            ],
            [
              -9.1463669,
              38.75373239999999
            ],
            [
              -9.1464161,
              38.753821099999996
            ],
            [
              -9.146188,
              38.75389810000001
            ]
          ]
        ]
      }
    },
    {
      "type": "Feature",
      "properties": {
        "area_id": "EUA_1_Pro",
        "osm_uid": "cea/24",
        "osmid": "24",
        "element_type": "cea_zone",
        "building": "yes",
        "cea_name": "B1024",
        "intersection_area_m2": 149.521593963863,
        "is_residential": true,
        "residential_source": "cea",
        "radiation_sum_kwh_year": 260256.79878125,
        "radiation_sum": 260256.79878125,
        "radiation_point_count": 246.0,
        "use_type1": "MULTI_RES",
        "use_type2": "NONE",
        "use_type3": "NONE",
        "resi_type": null,
        "comparison_status": "matched",
        "validation_radiation_kwh_year": 260256.79878125,
        "ucea_radiation_kwh_year": 259507.55000000042,
        "workflow0_radiation_kwh_year": 259059.3099999995,
        "validation_area_m2": 149.521593963863,
        "ucea_roofs_top_m2": 153.32,
        "err_ucea_minus_validation_kwh_year": 749.2487812495674,
        "err_ucea_abs_kwh_year": 749.2487812495674,
        "err_ucea_pct_of_validation": 0.28788826449806715,
        "err_ucea_area_minus_validation_m2": 3.7984060361369814,
        "err_ucea_area_pct_of_validation": 2.540372888918637,
        "err_workflow0_minus_validation_kwh_year": 1197.4887812504894,
        "err_workflow0_abs_kwh_year": 1197.4887812504894,
        "err_workflow0_pct_of_validation": 0.4601181551675804
      },
      "geometry": {
        "type": "Polygon",
        "coordinates": [
          [
            [
              -9.146797,
              38.753402099999995
            ],
            [
              -9.146591300000003,
              38.75346609999999
            ],
            [
              -9.1465547,
              38.75340210000001
            ],
            [
              -9.1467605,
              38.75333810000001
            ],
            [
              -9.146797,
              38.753402099999995
            ]
          ]
        ]
      }
    },
    {
      "type": "Feature",
      "properties": {
        "area_id": "EUA_1_Pro",
        "osm_uid": "cea/25",
        "osmid": "25",
        "element_type": "cea_zone",
        "building": "yes",
        "cea_name": "B1025",
        "intersection_area_m2": 129.26577895712103,
        "is_residential": true,
        "residential_source": "cea",
        "radiation_sum_kwh_year": 237021.3285,
        "radiation_sum": 237021.3285,
        "radiation_point_count": 212.0,
        "use_type1": "MULTI_RES",
        "use_type2": "NONE",
        "use_type3": "NONE",
        "resi_type": null,
        "comparison_status": "matched",
        "validation_radiation_kwh_year": 237021.3285,
        "ucea_radiation_kwh_year": 224661.42999999988,
        "workflow0_radiation_kwh_year": 223912.32999999973,
        "validation_area_m2": 129.26577895712103,
        "ucea_roofs_top_m2": 131.41,
        "err_ucea_minus_validation_kwh_year": 12359.898500000127,
        "err_ucea_abs_kwh_year": 12359.898500000127,
        "err_ucea_pct_of_validation": 5.214677758419587,
        "err_ucea_area_minus_validation_m2": 2.144221042878968,
        "err_ucea_area_pct_of_validation": 1.6587692892720132,
        "err_workflow0_minus_validation_kwh_year": 13108.998500000278,
        "err_workflow0_abs_kwh_year": 13108.998500000278,
        "err_workflow0_pct_of_validation": 5.530725265511402
      },
      "geometry": {
        "type": "Polygon",
        "coordinates": [
          [
            [
              -9.146797,
              38.753402099999995
            ],
            [
              -9.1467605,
              38.75333810000001
            ],
            [
              -9.1469329,
              38.7532778
            ],
            [
              -9.1469714,
              38.7533425
            ],
            [
              -9.146797,
              38.753402099999995
            ]
          ]
        ]
      }
    },
    {
      "type": "Feature",
      "properties": {
        "area_id": "EUA_1_Pro",
        "osm_uid": "cea/26",
        "osmid": "26",
        "element_type": "cea_zone",
        "building": "yes",
        "cea_name": "B1026",
        "intersection_area_m2": 444.5994526250636,
        "is_residential": true,
        "residential_source": "cea",
        "radiation_sum_kwh_year": 787386.3004375,
        "radiation_sum": 787386.3004375,
        "radiation_point_count": 730.0,
        "use_type1": "MULTI_RES",
        "use_type2": "NONE",
        "use_type3": "NONE",
        "resi_type": null,
        "comparison_status": "matched",
        "validation_radiation_kwh_year": 787386.3004375,
        "ucea_radiation_kwh_year": 610410.3900000018,
        "workflow0_radiation_kwh_year": 573535.6700000006,
        "validation_area_m2": 444.5994526250636,
        "ucea_roofs_top_m2": 479.2,
        "err_ucea_minus_validation_kwh_year": 176975.91043749824,
        "err_ucea_abs_kwh_year": 176975.91043749824,
        "err_ucea_pct_of_validation": 22.47637663230413,
        "err_ucea_area_minus_validation_m2": 34.60054737493641,
        "err_ucea_area_pct_of_validation": 7.782408901010387,
        "err_workflow0_minus_validation_kwh_year": 213850.63043749938,
        "err_workflow0_abs_kwh_year": 213850.63043749938,
        "err_workflow0_pct_of_validation": 27.15955691871656
      },
      "geometry": {
        "type": "Polygon",
        "coordinates": [
          [
            [
              -9.1509259,
              38.75001919999999
            ],
            [
              -9.1509445,
              38.7500842
            ],
            [
              -9.1509005,
              38.75009179999999
            ],
            [
              -9.1508524,
              38.7501002
            ],
            [
              -9.1508338,
              38.7500353
            ],
            [
              -9.1507254,
              38.750054199999994
            ],
            [
              -9.1506992,
              38.7499641
            ],
            [
              -9.1506867,
              38.74991880000001
            ],
            [
              -9.1506683,
              38.7498525
            ],
            [
              -9.1507761,
              38.74983430000001
            ],
            [
              -9.1507943,
              38.7499
            ],
            [
              -9.1509141,
              38.74987899999999
            ],
            [
              -9.150953,
              38.750014500000006
            ],
            [
              -9.1509259,
              38.75001919999999
            ]
          ]
        ]
      }
    },
    {
      "type": "Feature",
      "properties": {
        "area_id": "EUA_1_Pro",
        "osm_uid": "cea/31",
        "osmid": "31",
        "element_type": "cea_zone",
        "building": "yes",
        "cea_name": "B1031",
        "intersection_area_m2": 958.4355348286732,
        "is_residential": true,
        "residential_source": "cea",
        "radiation_sum_kwh_year": 2344336.00278125,
        "radiation_sum": 2344336.00278125,
        "radiation_point_count": 1577.0,
        "use_type1": "MULTI_RES",
        "use_type2": "NONE",
        "use_type3": "NONE",
        "resi_type": null,
        "comparison_status": "matched",
        "validation_radiation_kwh_year": 2344336.00278125,
        "ucea_radiation_kwh_year": 1667936.8399999999,
        "workflow0_radiation_kwh_year": 1667416.2299999883,
        "validation_area_m2": 958.4355348286732,
        "ucea_roofs_top_m2": 960.91,
        "err_ucea_minus_validation_kwh_year": 676399.1627812502,
        "err_ucea_abs_kwh_year": 676399.1627812502,
        "err_ucea_pct_of_validation": 28.8524836874403,
        "err_ucea_area_minus_validation_m2": 2.474465171326756,
        "err_ucea_area_pct_of_validation": 0.25817752800339183,
        "err_workflow0_minus_validation_kwh_year": 676919.7727812617,
        "err_workflow0_abs_kwh_year": 676919.7727812617,
        "err_workflow0_pct_of_validation": 28.874690828370355
      },
      "geometry": {
        "type": "Polygon",
        "coordinates": [
          [
            [
              -9.1492453,
              38.7523679
            ],
            [
              -9.1491657,
              38.7522114
            ],
            [
              -9.149185,
              38.75220239999999
            ],
            [
              -9.1490992,
              38.752023599999994
            ],
            [
              -9.1491173,
              38.7520202
            ],
            [
              -9.1490557,
              38.75189240000001
            ],
            [
              -9.1491107,
              38.7517796
            ],
            [
              -9.1492207,
              38.75174590000001
            ],
            [
              -9.149243,
              38.7517962
            ],
            [
              -9.1492263,
              38.751801300000004
            ],
            [
              -9.149262,
              38.7518789
            ],
            [
              -9.1492523,
              38.7518811
            ],
            [
              -9.1493038,
              38.7519973
            ],
            [
              -9.1492587,
              38.752012900000004
            ],
            [
              -9.1493564,
              38.75218600000001
            ],
            [
              -9.1493221,
              38.75219469999999
            ],
            [
              -9.1493864,
              38.75232429999999
            ],
            [
              -9.1492453,
              38.7523679
            ]
          ]
        ]
      }
    },
    {
      "type": "Feature",
      "properties": {
        "area_id": "EUA_1_Pro",
        "osm_uid": "cea/32",
        "osmid": "32",
        "element_type": "cea_zone",
        "building": "yes",
        "cea_name": "B1032",
        "intersection_area_m2": 455.0019764721348,
        "is_residential": true,
        "residential_source": "cea",
        "radiation_sum_kwh_year": 1154592.063375,
        "radiation_sum": 1154592.063375,
        "radiation_point_count": 749.0,
        "use_type1": "MULTI_RES",
        "use_type2": "NONE",
        "use_type3": "NONE",
        "resi_type": null,
        "comparison_status": "matched",
        "validation_radiation_kwh_year": 1154592.063375,
        "ucea_radiation_kwh_year": 779526.9400000004,
        "workflow0_radiation_kwh_year": 779789.8600000028,
        "validation_area_m2": 455.0019764721348,
        "ucea_roofs_top_m2": 455.0,
        "err_ucea_minus_validation_kwh_year": 375065.1233749995,
        "err_ucea_abs_kwh_year": 375065.1233749995,
        "err_ucea_pct_of_validation": 32.48464416762426,
        "err_ucea_area_minus_validation_m2": 0.0019764721347996783,
        "err_ucea_area_pct_of_validation": 0.0004343875932417452,
        "err_workflow0_minus_validation_kwh_year": 374802.20337499713,
        "err_workflow0_abs_kwh_year": 374802.20337499713,
        "err_workflow0_pct_of_validation": 32.46187248848818
      },
      "geometry": {
        "type": "Polygon",
        "coordinates": [
          [
            [
              -9.1491843,
              38.7516767
            ],
            [
              -9.1487412,
              38.751809200000004
            ],
            [
              -9.1486956,
              38.7517164
            ],
            [
              -9.1491386,
              38.75158379999999
            ],
            [
              -9.1491843,
              38.7516767
            ]
          ]
        ]
      }
    },
    {
      "type": "Feature",
      "properties": {
        "area_id": "EUA_1_Pro",
        "osm_uid": "cea/33",
        "osmid": "33",
        "element_type": "cea_zone",
        "building": "yes",
        "cea_name": "B1033",
        "intersection_area_m2": 371.591097741187,
        "is_residential": true,
        "residential_source": "cea",
        "radiation_sum_kwh_year": 820723.56625,
        "radiation_sum": 820723.56625,
        "radiation_point_count": 609.0,
        "use_type1": "MULTI_RES",
        "use_type2": "NONE",
        "use_type3": "NONE",
        "resi_type": null,
        "comparison_status": "matched",
        "validation_radiation_kwh_year": 820723.56625,
        "ucea_radiation_kwh_year": 638084.4700000018,
        "workflow0_radiation_kwh_year": 593585.1699999982,
        "validation_area_m2": 371.591097741187,
        "ucea_roofs_top_m2": 371.55,
        "err_ucea_minus_validation_kwh_year": 182639.0962499982,
        "err_ucea_abs_kwh_year": 182639.0962499982,
        "err_ucea_pct_of_validation": 22.253424144319577,
        "err_ucea_area_minus_validation_m2": 0.04109774118700216,
        "err_ucea_area_pct_of_validation": 0.011059936967496114,
        "err_workflow0_minus_validation_kwh_year": 227138.39625000185,
        "err_workflow0_abs_kwh_year": 227138.39625000185,
        "err_workflow0_pct_of_validation": 27.675383721199665
      },
      "geometry": {
        "type": "Polygon",
        "coordinates": [
          [
            [
              -9.1482644,
              38.75034229999999
            ],
            [
              -9.1482525,
              38.7503193
            ],
            [
              -9.1482383,
              38.750323699999996
            ],
            [
              -9.1482253,
              38.7502986
            ],
            [
              -9.1482139,
              38.750302199999986
            ],
            [
              -9.1481604,
              38.7501985
            ],
            [
              -9.1481741,
              38.7501942
            ],
            [
              -9.1481659,
              38.75017820000001
            ],
            [
              -9.1481738,
              38.7501757
            ],
            [
              -9.1481665,
              38.750162599999996
            ],
            [
              -9.1483256,
              38.75011429999999
            ],
            [
              -9.1483295,
              38.7501262
            ],
            [
              -9.1483347,
              38.7501245
            ],
            [
              -9.1483423,
              38.750139299999994
            ],
            [
              -9.1483564,
              38.7501349
            ],
            [
              -9.1484102,
              38.7502393
            ],
            [
              -9.148399,
              38.7502428
            ],
            [
              -9.1484244,
              38.750291999999995
            ],
            [
              -9.148304,
              38.7503298
            ],
            [
              -9.1482644,
              38.75034229999999
            ]
          ]
        ]
      }
    },
    {
      "type": "Feature",
      "properties": {
        "area_id": "EUA_1_Pro",
        "osm_uid": "cea/34",
        "osmid": "34",
        "element_type": "cea_zone",
        "building": "yes",
        "cea_name": "B1034",
        "intersection_area_m2": 162.16593239298544,
        "is_residential": true,
        "residential_source": "cea",
        "radiation_sum_kwh_year": 229540.2105625,
        "radiation_sum": 229540.2105625,
        "radiation_point_count": 269.0,
        "use_type1": "MULTI_RES",
        "use_type2": "NONE",
        "use_type3": "NONE",
        "resi_type": null,
        "comparison_status": "matched",
        "validation_radiation_kwh_year": 229540.2105625,
        "ucea_radiation_kwh_year": 207189.73999999964,
        "workflow0_radiation_kwh_year": 280578.82999999914,
        "validation_area_m2": 162.16593239298544,
        "ucea_roofs_top_m2": 124.35,
        "err_ucea_minus_validation_kwh_year": 22350.470562500355,
        "err_ucea_abs_kwh_year": 22350.470562500355,
        "err_ucea_pct_of_validation": 9.737061104775231,
        "err_ucea_area_minus_validation_m2": 37.815932392985445,
        "err_ucea_area_pct_of_validation": 23.319282808021637,
        "err_workflow0_minus_validation_kwh_year": 51038.61943749915,
        "err_workflow0_abs_kwh_year": 51038.61943749915,
        "err_workflow0_pct_of_validation": 22.235154055329307
      },
      "geometry": {
        "type": "Polygon",
        "coordinates": [
          [
            [
              -9.1487996,
              38.751118899999994
            ],
            [
              -9.148727,
              38.75098069999999
            ],
            [
              -9.1488312,
              38.75094740000001
            ],
            [
              -9.1489038,
              38.751085599999996
            ],
            [
              -9.1487996,
              38.751118899999994
            ]
          ]
        ]
      }
    },
    {
      "type": "Feature",
      "properties": {
        "area_id": "EUA_1_Pro",
        "osm_uid": "cea/35",
        "osmid": "35",
        "element_type": "cea_zone",
        "building": "yes",
        "cea_name": "B1035",
        "intersection_area_m2": 572.2327528927275,
        "is_residential": true,
        "residential_source": "cea",
        "radiation_sum_kwh_year": 783921.7446875001,
        "radiation_sum": 783921.7446875001,
        "radiation_point_count": 945.0,
        "use_type1": "MULTI_RES",
        "use_type2": "NONE",
        "use_type3": "NONE",
        "resi_type": null,
        "comparison_status": "matched",
        "validation_radiation_kwh_year": 783921.7446875001,
        "ucea_radiation_kwh_year": 637129.6699999989,
        "workflow0_radiation_kwh_year": 628291.6699999993,
        "validation_area_m2": 572.2327528927275,
        "ucea_roofs_top_m2": 580.2,
        "err_ucea_minus_validation_kwh_year": 146792.07468750118,
        "err_ucea_abs_kwh_year": 146792.07468750118,
        "err_ucea_pct_of_validation": 18.725347993251276,
        "err_ucea_area_minus_validation_m2": 7.967247107272556,
        "err_ucea_area_pct_of_validation": 1.3923088231138212,
        "err_workflow0_minus_validation_kwh_year": 155630.07468750072,
        "err_workflow0_abs_kwh_year": 155630.07468750072,
        "err_workflow0_pct_of_validation": 19.852756444400015
      },
      "geometry": {
        "type": "Polygon",
        "coordinates": [
          [
            [
              -9.1480285,
              38.750417399999996
            ],
            [
              -9.1482644,
              38.75034229999999
            ],
            [
              -9.148304,
              38.7503298
            ],
            [
              -9.1483167,
              38.7503541
            ],
            [
              -9.1482836,
              38.7504254
            ],
            [
              -9.1482508,
              38.7504369
            ],
            [
              -9.1482435,
              38.7504426
            ],
            [
              -9.1482431,
              38.7504517
            ],
            [
              -9.1482474,
              38.75046
            ],
            [
              -9.1482559,
              38.75046429999999
            ],
            [
              -9.148267,
              38.750465
            ],
            [
              -9.1482967,
              38.7504564
            ],
            [
              -9.1483187,
              38.7504502
            ],
            [
              -9.148345,
              38.750500200000005
            ],
            [
              -9.1483968,
              38.75051049999999
            ],
            [
              -9.1484104,
              38.75053950000001
            ],
            [
              -9.1481343,
              38.75062419999999
            ],
            [
              -9.148082,
              38.7505231
            ],
            [
              -9.1480687,
              38.7505272
            ],
            [
              -9.1480394,
              38.75047349999999
            ],
            [
              -9.1480546,
              38.7504666
            ],
            [
              -9.1480285,
              38.750417399999996
            ]
          ]
        ]
      }
    },
    {
      "type": "Feature",
      "properties": {
        "area_id": "EUA_1_Pro",
        "osm_uid": "cea/36",
        "osmid": "36",
        "element_type": "cea_zone",
        "building": "yes",
        "cea_name": "B1036",
        "intersection_area_m2": 429.5209251206026,
        "is_residential": true,
        "residential_source": "cea",
        "radiation_sum_kwh_year": 864891.248796875,
        "radiation_sum": 864891.248796875,
        "radiation_point_count": 710.0,
        "use_type1": "MULTI_RES",
        "use_type2": "NONE",
        "use_type3": "NONE",
        "resi_type": null,
        "comparison_status": "matched",
        "validation_radiation_kwh_year": 864891.248796875,
        "ucea_radiation_kwh_year": 741059.1399999994,
        "workflow0_radiation_kwh_year": 741547.8700000021,
        "validation_area_m2": 429.5209251206026,
        "ucea_roofs_top_m2": 429.52,
        "err_ucea_minus_validation_kwh_year": 123832.10879687557,
        "err_ucea_abs_kwh_year": 123832.10879687557,
        "err_ucea_pct_of_validation": 14.317650799350185,
        "err_ucea_area_minus_validation_m2": 0.0009251206026306136,
        "err_ucea_area_pct_of_validation": 0.00021538429178295668,
        "err_workflow0_minus_validation_kwh_year": 123343.37879687292,
        "err_workflow0_abs_kwh_year": 123343.37879687292,
        "err_workflow0_pct_of_validation": 14.261143116947048
      },
      "geometry": {
        "type": "Polygon",
        "coordinates": [
          [
            [
              -9.148509200000001,
              38.750769
            ],
            [
              -9.1484104,
              38.75053950000001
            ],
            [
              -9.1485715,
              38.750487
            ],
            [
              -9.1486883,
              38.75071160000001
            ],
            [
              -9.148509200000001,
              38.750769
            ]
          ]
        ]
      }
    },
    {
      "type": "Feature",
      "properties": {
        "area_id": "EUA_1_Pro",
        "osm_uid": "cea/37",
        "osmid": "37",
        "element_type": "cea_zone",
        "building": "yes",
        "cea_name": "B1037",
        "intersection_area_m2": 103.49055636195004,
        "is_residential": true,
        "residential_source": "cea",
        "radiation_sum_kwh_year": 164140.983125,
        "radiation_sum": 164140.983125,
        "radiation_point_count": 171.0,
        "use_type1": "MULTI_RES",
        "use_type2": "NONE",
        "use_type3": "NONE",
        "resi_type": null,
        "comparison_status": "matched",
        "validation_radiation_kwh_year": 164140.983125,
        "ucea_radiation_kwh_year": 151194.7999999996,
        "workflow0_radiation_kwh_year": 151205.2299999996,
        "validation_area_m2": 103.49055636195004,
        "ucea_roofs_top_m2": 104.33,
        "err_ucea_minus_validation_kwh_year": 12946.183125000389,
        "err_ucea_abs_kwh_year": 12946.183125000389,
        "err_ucea_pct_of_validation": 7.8872338148123236,
        "err_ucea_area_minus_validation_m2": 0.839443638049957,
        "err_ucea_area_pct_of_validation": 0.8111306650184286,
        "err_workflow0_minus_validation_kwh_year": 12935.753125000396,
        "err_workflow0_abs_kwh_year": 12935.753125000396,
        "err_workflow0_pct_of_validation": 7.8808795212036085
      },
      "geometry": {
        "type": "Polygon",
        "coordinates": [
          [
            [
              -9.1486492,
              38.7518043
            ],
            [
              -9.148605,
              38.7517113
            ],
            [
              -9.1486838,
              38.751688599999994
            ],
            [
              -9.1486956,
              38.7517164
            ],
            [
              -9.1487412,
              38.751809200000004
            ],
            [
              -9.1486624,
              38.7518321
            ],
            [
              -9.1486492,
              38.7518043
            ]
          ]
        ]
      }
    },
    {
      "type": "Feature",
      "properties": {
        "area_id": "EUA_1_Pro",
        "osm_uid": "cea/38",
        "osmid": "38",
        "element_type": "cea_zone",
        "building": "yes",
        "cea_name": "B1038",
        "intersection_area_m2": 317.2621596071456,
        "is_residential": true,
        "residential_source": "cea",
        "radiation_sum_kwh_year": 716679.0925156251,
        "radiation_sum": 716679.0925156251,
        "radiation_point_count": 523.0,
        "use_type1": "MULTI_RES",
        "use_type2": "NONE",
        "use_type3": "NONE",
        "resi_type": null,
        "comparison_status": "matched",
        "validation_radiation_kwh_year": 716679.0925156251,
        "ucea_radiation_kwh_year": 550825.8900000002,
        "workflow0_radiation_kwh_year": 550772.5600000004,
        "validation_area_m2": 317.2621596071456,
        "ucea_roofs_top_m2": 317.31,
        "err_ucea_minus_validation_kwh_year": 165853.2025156248,
        "err_ucea_abs_kwh_year": 165853.2025156248,
        "err_ucea_pct_of_validation": 23.14190608427842,
        "err_ucea_area_minus_validation_m2": 0.04784039285442532,
        "err_ucea_area_pct_of_validation": 0.015079136104244,
        "err_workflow0_minus_validation_kwh_year": 165906.53251562465,
        "err_workflow0_abs_kwh_year": 165906.53251562465,
        "err_workflow0_pct_of_validation": 23.14934735060763
      },
      "geometry": {
        "type": "Polygon",
        "coordinates": [
          [
            [
              -9.1493154,
              38.7526682
            ],
            [
              -9.1492416,
              38.75252599999999
            ],
            [
              -9.1492853,
              38.7525122
            ],
            [
              -9.149440400000001,
              38.75246319999999
            ],
            [
              -9.1495142,
              38.75260540000001
            ],
            [
              -9.1493154,
              38.7526682
            ]
          ]
        ]
      }
    },
    {
      "type": "Feature",
      "properties": {
        "area_id": "EUA_1_Pro",
        "osm_uid": "cea/39",
        "osmid": "39",
        "element_type": "cea_zone",
        "building": "yes",
        "cea_name": "B1039",
        "intersection_area_m2": 335.1360833259603,
        "is_residential": true,
        "residential_source": "cea",
        "radiation_sum_kwh_year": 677474.1604375,
        "radiation_sum": 677474.1604375,
        "radiation_point_count": 551.0,
        "use_type1": "MULTI_RES",
        "use_type2": "NONE",
        "use_type3": "NONE",
        "resi_type": null,
        "comparison_status": "matched",
        "validation_radiation_kwh_year": 677474.1604375,
        "ucea_radiation_kwh_year": 579357.5900000005,
        "workflow0_radiation_kwh_year": 566300.8699999999,
        "validation_area_m2": 335.1360833259603,
        "ucea_roofs_top_m2": 342.93,
        "err_ucea_minus_validation_kwh_year": 98116.57043749944,
        "err_ucea_abs_kwh_year": 98116.57043749944,
        "err_ucea_pct_of_validation": 14.482702982227044,
        "err_ucea_area_minus_validation_m2": 7.793916674039679,
        "err_ucea_area_pct_of_validation": 2.325597589102082,
        "err_workflow0_minus_validation_kwh_year": 111173.29043750011,
        "err_workflow0_abs_kwh_year": 111173.29043750011,
        "err_workflow0_pct_of_validation": 16.40996763119445
      },
      "geometry": {
        "type": "Polygon",
        "coordinates": [
          [
            [
              -9.1497561,
              38.753460200000006
            ],
            [
              -9.1499563,
              38.7533907
            ],
            [
              -9.1500391,
              38.7535355
            ],
            [
              -9.1498389,
              38.7536051
            ],
            [
              -9.1497561,
              38.753460200000006
            ]
          ]
        ]
      }
    },
    {
      "type": "Feature",
      "properties": {
        "area_id": "EUA_1_Pro",
        "osm_uid": "cea/40",
        "osmid": "40",
        "element_type": "cea_zone",
        "building": "yes",
        "cea_name": "B1040",
        "intersection_area_m2": 453.1329202002057,
        "is_residential": true,
        "residential_source": "cea",
        "radiation_sum_kwh_year": 792440.3724375,
        "radiation_sum": 792440.3724375,
        "radiation_point_count": 746.0,
        "use_type1": "MULTI_RES",
        "use_type2": "NONE",
        "use_type3": "NONE",
        "resi_type": null,
        "comparison_status": "matched",
        "validation_radiation_kwh_year": 792440.3724375,
        "ucea_radiation_kwh_year": 793867.8299999988,
        "workflow0_radiation_kwh_year": 772580.8299999988,
        "validation_area_m2": 453.1329202002057,
        "ucea_roofs_top_m2": 458.7,
        "err_ucea_minus_validation_kwh_year": 1427.4575624987483,
        "err_ucea_abs_kwh_year": 1427.4575624987483,
        "err_ucea_pct_of_validation": 0.1801343813551514,
        "err_ucea_area_minus_validation_m2": 5.567079799794271,
        "err_ucea_area_pct_of_validation": 1.2285754469868562,
        "err_workflow0_minus_validation_kwh_year": 19859.54243750125,
        "err_workflow0_abs_kwh_year": 19859.54243750125,
        "err_workflow0_pct_of_validation": 2.5061245146324973
      },
      "geometry": {
        "type": "Polygon",
        "coordinates": [
          [
            [
              -9.1484104,
              38.75053950000001
            ],
            [
              -9.1483968,
              38.75051049999999
            ],
            [
              -9.148345,
              38.750500200000005
            ],
            [
              -9.1483187,
              38.7504502
            ],
            [
              -9.1482967,
              38.7504564
            ],
            [
              -9.148267,
              38.750465
            ],
            [
              -9.1482559,
              38.75046429999999
            ],
            [
              -9.1482474,
              38.75046
            ],
            [
              -9.1482431,
              38.7504517
            ],
            [
              -9.1482435,
              38.7504426
            ],
            [
              -9.1482508,
              38.7504369
            ],
            [
              -9.1482836,
              38.7504254
            ],
            [
              -9.1483167,
              38.7503541
            ],
            [
              -9.148304,
              38.7503298
            ],
            [
              -9.1484244,
              38.750291999999995
            ],
            [
              -9.1484658,
              38.75027909999999
            ],
            [
              -9.1484814,
              38.7502937
            ],
            [
              -9.1484963,
              38.7503308
            ],
            [
              -9.1485133,
              38.750357399999984
            ],
            [
              -9.148513,
              38.75037189999998
            ],
            [
              -9.14849,
              38.7503782
            ],
            [
              -9.1485186,
              38.75043350000001
            ],
            [
              -9.1485379,
              38.7504257
            ],
            [
              -9.148552800000001,
              38.7504285
            ],
            [
              -9.1485696,
              38.7504605
            ],
            [
              -9.1485715,
              38.750487
            ],
            [
              -9.1484104,
              38.75053950000001
            ]
          ]
        ]
      }
    },
    {
      "type": "Feature",
      "properties": {
        "area_id": "EUA_1_Pro",
        "osm_uid": "cea/41",
        "osmid": "41",
        "element_type": "cea_zone",
        "building": "yes",
        "cea_name": "B1041",
        "intersection_area_m2": 288.0270704750693,
        "is_residential": true,
        "residential_source": "cea",
        "radiation_sum_kwh_year": 585374.201265625,
        "radiation_sum": 585374.201265625,
        "radiation_point_count": 483.0,
        "use_type1": "MULTI_RES",
        "use_type2": "NONE",
        "use_type3": "NONE",
        "resi_type": null,
        "comparison_status": "matched",
        "validation_radiation_kwh_year": 585374.201265625,
        "ucea_radiation_kwh_year": 337161.78000000044,
        "workflow0_radiation_kwh_year": 335554.3000000009,
        "validation_area_m2": 288.0270704750693,
        "ucea_roofs_top_m2": 288.03,
        "err_ucea_minus_validation_kwh_year": 248212.42126562452,
        "err_ucea_abs_kwh_year": 248212.42126562452,
        "err_ucea_pct_of_validation": 42.402350621016396,
        "err_ucea_area_minus_validation_m2": 0.002929524930664229,
        "err_ucea_area_pct_of_validation": 0.0010171005544139641,
        "err_workflow0_minus_validation_kwh_year": 249819.90126562404,
        "err_workflow0_abs_kwh_year": 249819.90126562404,
        "err_workflow0_pct_of_validation": 42.67695787164754
      },
      "geometry": {
        "type": "Polygon",
        "coordinates": [
          [
            [
              -9.149566,
              38.7531486
            ],
            [
              -9.1497427,
              38.753078599999995
            ],
            [
              -9.149835,
              38.75321859999999
            ],
            [
              -9.1496747,
              38.753282999999996
            ],
            [
              -9.149566,
              38.7531486
            ]
          ]
        ]
      }
    },
    {
      "type": "Feature",
      "properties": {
        "area_id": "EUA_1_Pro",
        "osm_uid": "cea/42",
        "osmid": "42",
        "element_type": "cea_zone",
        "building": "yes",
        "cea_name": "B1042",
        "intersection_area_m2": 293.13160497324736,
        "is_residential": true,
        "residential_source": "cea",
        "radiation_sum_kwh_year": 620849.0385625,
        "radiation_sum": 620849.0385625,
        "radiation_point_count": 478.0,
        "use_type1": "MULTI_RES",
        "use_type2": "NONE",
        "use_type3": "NONE",
        "resi_type": null,
        "comparison_status": "matched",
        "validation_radiation_kwh_year": 620849.0385625,
        "ucea_radiation_kwh_year": 492018.9699999989,
        "workflow0_radiation_kwh_year": 509038.7300000003,
        "validation_area_m2": 293.13160497324736,
        "ucea_roofs_top_m2": 293.33,
        "err_ucea_minus_validation_kwh_year": 128830.06856250111,
        "err_ucea_abs_kwh_year": 128830.06856250111,
        "err_ucea_pct_of_validation": 20.75062705433053,
        "err_ucea_area_minus_validation_m2": 0.1983950267526211,
        "err_ucea_area_pct_of_validation": 0.06768121327986029,
        "err_workflow0_minus_validation_kwh_year": 111810.30856249976,
        "err_workflow0_abs_kwh_year": 111810.30856249976,
        "err_workflow0_pct_of_validation": 18.009258550417158
      },
      "geometry": {
        "type": "Polygon",
        "coordinates": [
          [
            [
              -9.149566,
              38.7531486
            ],
            [
              -9.1494916,
              38.7530013
            ],
            [
              -9.149501,
              38.752997699999995
            ],
            [
              -9.149656,
              38.752934
            ],
            [
              -9.1497427,
              38.753078599999995
            ],
            [
              -9.149566,
              38.7531486
            ]
          ]
        ]
      }
    },
    {
      "type": "Feature",
      "properties": {
        "area_id": "EUA_1_Pro",
        "osm_uid": "cea/43",
        "osmid": "43",
        "element_type": "cea_zone",
        "building": "yes",
        "cea_name": "B1043",
        "intersection_area_m2": 301.58986332378305,
        "is_residential": true,
        "residential_source": "cea",
        "radiation_sum_kwh_year": 516572.39565625,
        "radiation_sum": 516572.39565625,
        "radiation_point_count": 495.0,
        "use_type1": "MULTI_RES",
        "use_type2": "NONE",
        "use_type3": "NONE",
        "resi_type": null,
        "comparison_status": "matched",
        "validation_radiation_kwh_year": 516572.39565625,
        "ucea_radiation_kwh_year": 428756.9599999993,
        "workflow0_radiation_kwh_year": 427968.5200000006,
        "validation_area_m2": 301.58986332378305,
        "ucea_roofs_top_m2": 306.38,
        "err_ucea_minus_validation_kwh_year": 87815.43565625069,
        "err_ucea_abs_kwh_year": 87815.43565625069,
        "err_ucea_pct_of_validation": 16.999637687703107,
        "err_ucea_area_minus_validation_m2": 4.790136676216946,
        "err_ucea_area_pct_of_validation": 1.5882949855891928,
        "err_workflow0_minus_validation_kwh_year": 88603.87565624941,
        "err_workflow0_abs_kwh_year": 88603.87565624941,
        "err_workflow0_pct_of_validation": 17.15226682674123
      },
      "geometry": {
        "type": "Polygon",
        "coordinates": [
          [
            [
              -9.1496441,
              38.7535999
            ],
            [
              -9.1495216,
              38.753348200000005
            ],
            [
              -9.1496303,
              38.753316100000006
            ],
            [
              -9.1497527,
              38.7535677
            ],
            [
              -9.1496441,
              38.7535999
            ]
          ]
        ]
      }
    },
    {
      "type": "Feature",
      "properties": {
        "area_id": "EUA_1_Pro",
        "osm_uid": "cea/44",
        "osmid": "44",
        "element_type": "cea_zone",
        "building": "yes",
        "cea_name": "B1044",
        "intersection_area_m2": 378.399470896239,
        "is_residential": true,
        "residential_source": "cea",
        "radiation_sum_kwh_year": 817752.3991562501,
        "radiation_sum": 817752.3991562501,
        "radiation_point_count": 624.0,
        "use_type1": "MULTI_RES",
        "use_type2": "NONE",
        "use_type3": "NONE",
        "resi_type": null,
        "comparison_status": "matched",
        "validation_radiation_kwh_year": 817752.3991562501,
        "ucea_radiation_kwh_year": 418347.65999999945,
        "workflow0_radiation_kwh_year": 384547.71999999945,
        "validation_area_m2": 378.399470896239,
        "ucea_roofs_top_m2": 378.38,
        "err_ucea_minus_validation_kwh_year": 399404.7391562506,
        "err_ucea_abs_kwh_year": 399404.7391562506,
        "err_ucea_pct_of_validation": 48.841769167336345,
        "err_ucea_area_minus_validation_m2": 0.019470896238999558,
        "err_ucea_area_pct_of_validation": 0.0051455928817455135,
        "err_workflow0_minus_validation_kwh_year": 433204.6791562506,
        "err_workflow0_abs_kwh_year": 433204.6791562506,
        "err_workflow0_pct_of_validation": 52.975042274804395
      },
      "geometry": {
        "type": "Polygon",
        "coordinates": [
          [
            [
              -9.1480795,
              38.75003869999999
            ],
            [
              -9.1480915,
              38.750035
            ],
            [
              -9.1480795,
              38.7500108
            ],
            [
              -9.148095,
              38.7500061
            ],
            [
              -9.1480808,
              38.74997760000001
            ],
            [
              -9.1482258,
              38.74993359999999
            ],
            [
              -9.1482397,
              38.74992939999999
            ],
            [
              -9.1482631,
              38.749976100000005
            ],
            [
              -9.1482766,
              38.74997199999999
            ],
            [
              -9.1483312,
              38.75008129999999
            ],
            [
              -9.1483195,
              38.7500849
            ],
            [
              -9.1483261,
              38.75009829999999
            ],
            [
              -9.1483188,
              38.750100499999995
            ],
            [
              -9.1483256,
              38.75011429999999
            ],
            [
              -9.1481665,
              38.750162599999996
            ],
            [
              -9.1481601,
              38.750149699999994
            ],
            [
              -9.1481508,
              38.7501525
            ],
            [
              -9.1481441,
              38.750139
            ],
            [
              -9.1481315,
              38.750142800000006
            ],
            [
              -9.1480795,
              38.75003869999999
            ]
          ]
        ]
      }
    },
    {
      "type": "Feature",
      "properties": {
        "area_id": "EUA_1_Pro",
        "osm_uid": "cea/45",
        "osmid": "45",
        "element_type": "cea_zone",
        "building": "yes",
        "cea_name": "B1045",
        "intersection_area_m2": 345.96378225826004,
        "is_residential": true,
        "residential_source": "cea",
        "radiation_sum_kwh_year": 667788.729046875,
        "radiation_sum": 667788.729046875,
        "radiation_point_count": 576.0,
        "use_type1": "MULTI_RES",
        "use_type2": "NONE",
        "use_type3": "NONE",
        "resi_type": null,
        "comparison_status": "matched",
        "validation_radiation_kwh_year": 667788.729046875,
        "ucea_radiation_kwh_year": 605874.350000002,
        "workflow0_radiation_kwh_year": 600330.1100000013,
        "validation_area_m2": 345.96378225826004,
        "ucea_roofs_top_m2": 352.34,
        "err_ucea_minus_validation_kwh_year": 61914.37904687307,
        "err_ucea_abs_kwh_year": 61914.37904687307,
        "err_ucea_pct_of_validation": 9.271551967527596,
        "err_ucea_area_minus_validation_m2": 6.376217741739936,
        "err_ucea_area_pct_of_validation": 1.8430304178430228,
        "err_workflow0_minus_validation_kwh_year": 67458.61904687376,
        "err_workflow0_abs_kwh_year": 67458.61904687376,
        "err_workflow0_pct_of_validation": 10.101790598226545
      },
      "geometry": {
        "type": "Polygon",
        "coordinates": [
          [
            [
              -9.149501,
              38.752997699999995
            ],
            [
              -9.149376,
              38.752812199999994
            ],
            [
              -9.1493881,
              38.75280829999999
            ],
            [
              -9.1495427,
              38.75275959999999
            ],
            [
              -9.149656,
              38.752934
            ],
            [
              -9.149501,
              38.752997699999995
            ]
          ]
        ]
      }
    },
    {
      "type": "Feature",
      "properties": {
        "area_id": "EUA_1_Pro",
        "osm_uid": "cea/46",
        "osmid": "46",
        "element_type": "cea_zone",
        "building": "yes",
        "cea_name": "B1046",
        "intersection_area_m2": 598.1213934422376,
        "is_residential": true,
        "residential_source": "cea",
        "radiation_sum_kwh_year": 1310516.2767187501,
        "radiation_sum": 1310516.2767187501,
        "radiation_point_count": 986.0,
        "use_type1": "MULTI_RES",
        "use_type2": "NONE",
        "use_type3": "NONE",
        "resi_type": null,
        "comparison_status": "matched",
        "validation_radiation_kwh_year": 1310516.2767187501,
        "ucea_radiation_kwh_year": 1038357.6799999982,
        "workflow0_radiation_kwh_year": 1037309.0100000012,
        "validation_area_m2": 598.1213934422376,
        "ucea_roofs_top_m2": 598.12,
        "err_ucea_minus_validation_kwh_year": 272158.59671875194,
        "err_ucea_abs_kwh_year": 272158.59671875194,
        "err_ucea_pct_of_validation": 20.767280922307833,
        "err_ucea_area_minus_validation_m2": 0.0013934422375996292,
        "err_ucea_area_pct_of_validation": 0.0002329698039356618,
        "err_workflow0_minus_validation_kwh_year": 273207.26671874896,
        "err_workflow0_abs_kwh_year": 273207.26671874896,
        "err_workflow0_pct_of_validation": 20.847300531268562
      },
      "geometry": {
        "type": "Polygon",
        "coordinates": [
          [
            [
              -9.1489394,
              38.7512554
            ],
            [
              -9.1484711,
              38.75140510000001
            ],
            [
              -9.1484189,
              38.751305599999995
            ],
            [
              -9.1487679,
              38.7511941
            ],
            [
              -9.1487391,
              38.7511393
            ],
            [
              -9.1488584,
              38.7511011
            ],
            [
              -9.1489394,
              38.7512554
            ]
          ]
        ]
      }
    },
    {
      "type": "Feature",
      "properties": {
        "area_id": "EUA_1_Pro",
        "osm_uid": "cea/48",
        "osmid": "48",
        "element_type": "cea_zone",
        "building": "yes",
        "cea_name": "B1048",
        "intersection_area_m2": 267.6921900816732,
        "is_residential": true,
        "residential_source": "cea",
        "radiation_sum_kwh_year": 155256.4173203125,
        "radiation_sum": 155256.4173203125,
        "radiation_point_count": 442.0,
        "use_type1": "MULTI_RES",
        "use_type2": "NONE",
        "use_type3": "NONE",
        "resi_type": null,
        "comparison_status": "matched",
        "validation_radiation_kwh_year": 155256.4173203125,
        "ucea_radiation_kwh_year": 0.0,
        "workflow0_radiation_kwh_year": 0.0,
        "validation_area_m2": 267.6921900816732,
        "ucea_roofs_top_m2": 0.0,
        "err_ucea_minus_validation_kwh_year": 155256.4173203125,
        "err_ucea_abs_kwh_year": 155256.4173203125,
        "err_ucea_pct_of_validation": 100.0,
        "err_ucea_area_minus_validation_m2": 267.6921900816732,
        "err_ucea_area_pct_of_validation": 100.0,
        "err_workflow0_minus_validation_kwh_year": 155256.4173203125,
        "err_workflow0_abs_kwh_year": 155256.4173203125,
        "err_workflow0_pct_of_validation": 100.0
      },
      "geometry": {
        "type": "Polygon",
        "coordinates": [
          [
            [
              -9.1477265,
              38.74984599999999
            ],
            [
              -9.1476806,
              38.74986049999998
            ],
            [
              -9.1476532,
              38.749868
            ],
            [
              -9.1475938,
              38.7497505
            ],
            [
              -9.1475642,
              38.7496927
            ],
            [
              -9.1476539,
              38.74986209999999
            ],
            [
              -9.1477321,
              38.749839699999995
            ],
            [
              -9.1477556,
              38.74987949999999
            ],
            [
              -9.1479809,
              38.749956
            ],
            [
              -9.1480372,
              38.7499386
            ],
            [
              -9.1480656,
              38.7499475
            ],
            [
              -9.1480808,
              38.74997760000001
            ],
            [
              -9.1478335,
              38.75005749999999
            ],
            [
              -9.1477265,
              38.74984599999999
            ]
          ]
        ]
      }
    },
    {
      "type": "Feature",
      "properties": {
        "area_id": "EUA_1_Pro",
        "osm_uid": "cea/49",
        "osmid": "49",
        "element_type": "cea_zone",
        "building": "yes",
        "cea_name": "B1049",
        "intersection_area_m2": 1001.0919698779919,
        "is_residential": true,
        "residential_source": "cea",
        "radiation_sum_kwh_year": 2056529.9856796875,
        "radiation_sum": 2056529.9856796875,
        "radiation_point_count": 1648.0,
        "use_type1": "MULTI_RES",
        "use_type2": "NONE",
        "use_type3": "NONE",
        "resi_type": null,
        "comparison_status": "matched",
        "validation_radiation_kwh_year": 2056529.9856796875,
        "ucea_radiation_kwh_year": 1738369.9699999967,
        "workflow0_radiation_kwh_year": 1712218.9599999995,
        "validation_area_m2": 1001.0919698779919,
        "ucea_roofs_top_m2": 1000.78,
        "err_ucea_minus_validation_kwh_year": 318160.01567969075,
        "err_ucea_abs_kwh_year": 318160.01567969075,
        "err_ucea_pct_of_validation": 15.470720966635367,
        "err_ucea_area_minus_validation_m2": 0.31196987799194176,
        "err_ucea_area_pct_of_validation": 0.031162958786889787,
        "err_workflow0_minus_validation_kwh_year": 344311.02567968797,
        "err_workflow0_abs_kwh_year": 344311.02567968797,
        "err_workflow0_pct_of_validation": 16.742329461629147
      },
      "geometry": {
        "type": "Polygon",
        "coordinates": [
          [
            [
              -9.1502579,
              38.753922299999985
            ],
            [
              -9.1501368,
              38.7539541
            ],
            [
              -9.150039,
              38.75397809999999
            ],
            [
              -9.1499962,
              38.75389859999999
            ],
            [
              -9.1499576,
              38.7539113
            ],
            [
              -9.1499128,
              38.7538306
            ],
            [
              -9.1499203,
              38.7538153
            ],
            [
              -9.149908,
              38.7537934
            ],
            [
              -9.1498876,
              38.75378860000001
            ],
            [
              -9.1498421,
              38.7537081
            ],
            [
              -9.1498724,
              38.75369729999999
            ],
            [
              -9.1498227,
              38.75361069999999
            ],
            [
              -9.1498389,
              38.7536051
            ],
            [
              -9.1500391,
              38.7535355
            ],
            [
              -9.1502579,
              38.753922299999985
            ]
          ]
        ]
      }
    },
    {
      "type": "Feature",
      "properties": {
        "area_id": "EUA_1_Pro",
        "osm_uid": "cea/50",
        "osmid": "50",
        "element_type": "cea_zone",
        "building": "yes",
        "cea_name": "B1050",
        "intersection_area_m2": 1079.0614351904087,
        "is_residential": true,
        "residential_source": "cea",
        "radiation_sum_kwh_year": 1969952.347734375,
        "radiation_sum": 1969952.347734375,
        "radiation_point_count": 1777.0,
        "use_type1": "MULTI_RES",
        "use_type2": "NONE",
        "use_type3": "NONE",
        "resi_type": null,
        "comparison_status": "matched",
        "validation_radiation_kwh_year": 1969952.347734375,
        "ucea_radiation_kwh_year": 1698430.8100000003,
        "workflow0_radiation_kwh_year": 1664666.260000002,
        "validation_area_m2": 1079.0614351904087,
        "ucea_roofs_top_m2": 1192.26,
        "err_ucea_minus_validation_kwh_year": 271521.53773437464,
        "err_ucea_abs_kwh_year": 271521.53773437464,
        "err_ucea_pct_of_validation": 13.783152574560964,
        "err_ucea_area_minus_validation_m2": 113.19856480959129,
        "err_ucea_area_pct_of_validation": 10.490465243030071,
        "err_workflow0_minus_validation_kwh_year": 305286.0877343728,
        "err_workflow0_abs_kwh_year": 305286.0877343728,
        "err_workflow0_pct_of_validation": 15.497130582142237
      },
      "geometry": {
        "type": "Polygon",
        "coordinates": [
          [
            [
              -9.1488187,
              38.7509238
            ],
            [
              -9.148533,
              38.7510155
            ],
            [
              -9.1485408,
              38.75103039999999
            ],
            [
              -9.1483653,
              38.7510867
            ],
            [
              -9.1481887,
              38.75075209999999
            ],
            [
              -9.1483645,
              38.75069570000001
            ],
            [
              -9.148465,
              38.75088619999998
            ],
            [
              -9.1487505,
              38.75079459999999
            ],
            [
              -9.1488187,
              38.7509238
            ]
          ]
        ]
      }
    },
    {
      "type": "Feature",
      "properties": {
        "area_id": "EUA_1_Pro",
        "osm_uid": "cea/51",
        "osmid": "51",
        "element_type": "cea_zone",
        "building": "yes",
        "cea_name": "B1051",
        "intersection_area_m2": 269.3035375922859,
        "is_residential": true,
        "residential_source": "cea",
        "radiation_sum_kwh_year": 563569.372375,
        "radiation_sum": 563569.372375,
        "radiation_point_count": 446.0,
        "use_type1": "MULTI_RES",
        "use_type2": "NONE",
        "use_type3": "NONE",
        "resi_type": null,
        "comparison_status": "matched",
        "validation_radiation_kwh_year": 563569.372375,
        "ucea_radiation_kwh_year": 464781.04999999964,
        "workflow0_radiation_kwh_year": 465237.2100000012,
        "validation_area_m2": 269.3035375922859,
        "ucea_roofs_top_m2": 273.35,
        "err_ucea_minus_validation_kwh_year": 98788.3223750004,
        "err_ucea_abs_kwh_year": 98788.3223750004,
        "err_ucea_pct_of_validation": 17.529043844005503,
        "err_ucea_area_minus_validation_m2": 4.0464624077141025,
        "err_ucea_area_pct_of_validation": 1.502565634262211,
        "err_workflow0_minus_validation_kwh_year": 98332.16237499885,
        "err_workflow0_abs_kwh_year": 98332.16237499885,
        "err_workflow0_pct_of_validation": 17.448102610794198
      },
      "geometry": {
        "type": "Polygon",
        "coordinates": [
          [
            [
              -9.1467747,
              38.7510531
            ],
            [
              -9.1465584,
              38.75112259999999
            ],
            [
              -9.1465001,
              38.75101219999999
            ],
            [
              -9.1467163,
              38.750942699999996
            ],
            [
              -9.1467556,
              38.751017
            ],
            [
              -9.1467747,
              38.7510531
            ]
          ]
        ]
      }
    },
    {
      "type": "Feature",
      "properties": {
        "area_id": "EUA_1_Pro",
        "osm_uid": "cea/54",
        "osmid": "54",
        "element_type": "cea_zone",
        "building": "yes",
        "cea_name": "B1054",
        "intersection_area_m2": 328.7338932952323,
        "is_residential": true,
        "residential_source": "cea",
        "radiation_sum_kwh_year": 622920.79434375,
        "radiation_sum": 622920.79434375,
        "radiation_point_count": 541.0,
        "use_type1": "MULTI_RES",
        "use_type2": "NONE",
        "use_type3": "NONE",
        "resi_type": null,
        "comparison_status": "matched",
        "validation_radiation_kwh_year": 622920.79434375,
        "ucea_radiation_kwh_year": 503158.3599999998,
        "workflow0_radiation_kwh_year": 496127.17,
        "validation_area_m2": 328.7338932952323,
        "ucea_roofs_top_m2": 335.56,
        "err_ucea_minus_validation_kwh_year": 119762.43434375018,
        "err_ucea_abs_kwh_year": 119762.43434375018,
        "err_ucea_pct_of_validation": 19.225949018112402,
        "err_ucea_area_minus_validation_m2": 6.82610670476771,
        "err_ucea_area_pct_of_validation": 2.076484002407765,
        "err_workflow0_minus_validation_kwh_year": 126793.62434375001,
        "err_workflow0_abs_kwh_year": 126793.62434375001,
        "err_workflow0_pct_of_validation": 20.35469444832512
      },
      "geometry": {
        "type": "Polygon",
        "coordinates": [
          [
            [
              -9.1481662,
              38.75155699999999
            ],
            [
              -9.1481161,
              38.751464
            ],
            [
              -9.1484276,
              38.751362
            ],
            [
              -9.1484777,
              38.7514551
            ],
            [
              -9.1481662,
              38.75155699999999
            ]
          ]
        ]
      }
    },
    {
      "type": "Feature",
      "properties": {
        "area_id": "EUA_1_Pro",
        "osm_uid": "cea/55",
        "osmid": "55",
        "element_type": "cea_zone",
        "building": "yes",
        "cea_name": "B1055",
        "intersection_area_m2": 247.20407091600435,
        "is_residential": true,
        "residential_source": "cea",
        "radiation_sum_kwh_year": 546679.5353125,
        "radiation_sum": 546679.5353125,
        "radiation_point_count": 408.0,
        "use_type1": "MULTI_RES",
        "use_type2": "NONE",
        "use_type3": "NONE",
        "resi_type": null,
        "comparison_status": "matched",
        "validation_radiation_kwh_year": 546679.5353125,
        "ucea_radiation_kwh_year": 420613.0500000009,
        "workflow0_radiation_kwh_year": 419271.16000000044,
        "validation_area_m2": 247.20407091600435,
        "ucea_roofs_top_m2": 249.01,
        "err_ucea_minus_validation_kwh_year": 126066.48531249905,
        "err_ucea_abs_kwh_year": 126066.48531249905,
        "err_ucea_pct_of_validation": 23.060399588661262,
        "err_ucea_area_minus_validation_m2": 1.8059290839956361,
        "err_ucea_area_pct_of_validation": 0.730541805927322,
        "err_workflow0_minus_validation_kwh_year": 127408.37531249953,
        "err_workflow0_abs_kwh_year": 127408.37531249953,
        "err_workflow0_pct_of_validation": 23.30586149336443
      },
      "geometry": {
        "type": "Polygon",
        "coordinates": [
          [
            [
              -9.1477826,
              38.750810099999995
            ],
            [
              -9.1476751,
              38.7506126
            ],
            [
              -9.1477371,
              38.7505899
            ],
            [
              -9.147793,
              38.7505888
            ],
            [
              -9.1478937,
              38.75077580000001
            ],
            [
              -9.1477826,
              38.750810099999995
            ]
          ]
        ]
      }
    },
    {
      "type": "Feature",
      "properties": {
        "area_id": "EUA_1_Pro",
        "osm_uid": "cea/56",
        "osmid": "56",
        "element_type": "cea_zone",
        "building": "yes",
        "cea_name": "B1056",
        "intersection_area_m2": 240.40067946008026,
        "is_residential": true,
        "residential_source": "cea",
        "radiation_sum_kwh_year": 487335.0708125,
        "radiation_sum": 487335.0708125,
        "radiation_point_count": 397.0,
        "use_type1": "MULTI_RES",
        "use_type2": "NONE",
        "use_type3": "NONE",
        "resi_type": null,
        "comparison_status": "matched",
        "validation_radiation_kwh_year": 487335.0708125,
        "ucea_radiation_kwh_year": 405945.33999999875,
        "workflow0_radiation_kwh_year": 396909.7599999998,
        "validation_area_m2": 240.40067946008026,
        "ucea_roofs_top_m2": 243.6,
        "err_ucea_minus_validation_kwh_year": 81389.73081250128,
        "err_ucea_abs_kwh_year": 81389.73081250128,
        "err_ucea_pct_of_validation": 16.700979610764687,
        "err_ucea_area_minus_validation_m2": 3.1993205399197393,
        "err_ucea_area_pct_of_validation": 1.3308284099300987,
        "err_workflow0_minus_validation_kwh_year": 90425.31081250025,
        "err_workflow0_abs_kwh_year": 90425.31081250025,
        "err_workflow0_pct_of_validation": 18.55505918376455
      },
      "geometry": {
        "type": "Polygon",
        "coordinates": [
          [
            [
              -9.147793,
              38.7505888
            ],
            [
              -9.1477371,
              38.7505899
            ],
            [
              -9.1476324,
              38.750401899999986
            ],
            [
              -9.1477426,
              38.7503687
            ],
            [
              -9.1478491,
              38.75056970000001
            ],
            [
              -9.147793,
              38.7505888
            ]
          ]
        ]
      }
    },
    {
      "type": "Feature",
      "properties": {
        "area_id": "EUA_1_Pro",
        "osm_uid": "cea/57",
        "osmid": "57",
        "element_type": "cea_zone",
        "building": "yes",
        "cea_name": "B1057",
        "intersection_area_m2": 236.5356584716793,
        "is_residential": true,
        "residential_source": "cea",
        "radiation_sum_kwh_year": 540315.86796875,
        "radiation_sum": 540315.86796875,
        "radiation_point_count": 390.0,
        "use_type1": "MULTI_RES",
        "use_type2": "NONE",
        "use_type3": "NONE",
        "resi_type": null,
        "comparison_status": "matched",
        "validation_radiation_kwh_year": 540315.86796875,
        "ucea_radiation_kwh_year": 413841.58000000124,
        "workflow0_radiation_kwh_year": 410473.76999999926,
        "validation_area_m2": 236.5356584716793,
        "ucea_roofs_top_m2": 239.9,
        "err_ucea_minus_validation_kwh_year": 126474.28796874871,
        "err_ucea_abs_kwh_year": 126474.28796874871,
        "err_ucea_pct_of_validation": 23.407472455734645,
        "err_ucea_area_minus_validation_m2": 3.3643415283206934,
        "err_ucea_area_pct_of_validation": 1.422340102992763,
        "err_workflow0_minus_validation_kwh_year": 129842.09796875069,
        "err_workflow0_abs_kwh_year": 129842.09796875069,
        "err_workflow0_pct_of_validation": 24.03077637843135
      },
      "geometry": {
        "type": "Polygon",
        "coordinates": [
          [
            [
              -9.1476826,
              38.75128
            ],
            [
              -9.1477903,
              38.75124449999999
            ],
            [
              -9.1478951,
              38.7514378
            ],
            [
              -9.1477875,
              38.75147330000001
            ],
            [
              -9.1476826,
              38.75128
            ]
          ]
        ]
      }
    },
    {
      "type": "Feature",
      "properties": {
        "area_id": "EUA_1_Pro",
        "osm_uid": "cea/58",
        "osmid": "58",
        "element_type": "cea_zone",
        "building": "yes",
        "cea_name": "B1058",
        "intersection_area_m2": 268.4983597037415,
        "is_residential": true,
        "residential_source": "cea",
        "radiation_sum_kwh_year": 611161.7611875,
        "radiation_sum": 611161.7611875,
        "radiation_point_count": 443.0,
        "use_type1": "MULTI_RES",
        "use_type2": "NONE",
        "use_type3": "NONE",
        "resi_type": null,
        "comparison_status": "matched",
        "validation_radiation_kwh_year": 611161.7611875,
        "ucea_radiation_kwh_year": 440356.2699999998,
        "workflow0_radiation_kwh_year": 440886.06000000006,
        "validation_area_m2": 268.4983597037415,
        "ucea_roofs_top_m2": 273.38,
        "err_ucea_minus_validation_kwh_year": 170805.49118750019,
        "err_ucea_abs_kwh_year": 170805.49118750019,
        "err_ucea_pct_of_validation": 27.947673109590752,
        "err_ucea_area_minus_validation_m2": 4.8816402962584675,
        "err_ucea_area_pct_of_validation": 1.8181266737140673,
        "err_workflow0_minus_validation_kwh_year": 170275.70118749992,
        "err_workflow0_abs_kwh_year": 170275.70118749992,
        "err_workflow0_pct_of_validation": 27.860987385181087
      },
      "geometry": {
        "type": "Polygon",
        "coordinates": [
          [
            [
              -9.1477318,
              38.75170399999999
            ],
            [
              -9.147685800000001,
              38.7516125
            ],
            [
              -9.1479497,
              38.751531899999996
            ],
            [
              -9.1479956,
              38.75162339999999
            ],
            [
              -9.1477318,
              38.75170399999999
            ]
          ]
        ]
      }
    },
    {
      "type": "Feature",
      "properties": {
        "area_id": "EUA_1_Pro",
        "osm_uid": "cea/59",
        "osmid": "59",
        "element_type": "cea_zone",
        "building": "yes",
        "cea_name": "B1059",
        "intersection_area_m2": 288.8784527220046,
        "is_residential": true,
        "residential_source": "cea",
        "radiation_sum_kwh_year": 621288.2040625,
        "radiation_sum": 621288.2040625,
        "radiation_point_count": 478.0,
        "use_type1": "MULTI_RES",
        "use_type2": "NONE",
        "use_type3": "NONE",
        "resi_type": null,
        "comparison_status": "matched",
        "validation_radiation_kwh_year": 621288.2040625,
        "ucea_radiation_kwh_year": 497048.3499999998,
        "workflow0_radiation_kwh_year": 498588.13999999966,
        "validation_area_m2": 288.8784527220046,
        "ucea_roofs_top_m2": 293.2,
        "err_ucea_minus_validation_kwh_year": 124239.85406250024,
        "err_ucea_abs_kwh_year": 124239.85406250024,
        "err_ucea_pct_of_validation": 19.997137117704238,
        "err_ucea_area_minus_validation_m2": 4.321547277995364,
        "err_ucea_area_pct_of_validation": 1.4959742539725187,
        "err_workflow0_minus_validation_kwh_year": 122700.06406250037,
        "err_workflow0_abs_kwh_year": 122700.06406250037,
        "err_workflow0_pct_of_validation": 19.749298837509727
      },
      "geometry": {
        "type": "Polygon",
        "coordinates": [
          [
            [
              -9.146722500000001,
              38.75095170000001
            ],
            [
              -9.1471193,
              38.75082939999999
            ],
            [
              -9.1471524,
              38.7508947
            ],
            [
              -9.1467556,
              38.751017
            ],
            [
              -9.146722500000001,
              38.75095170000001
            ]
          ]
        ]
      }
    },
    {
      "type": "Feature",
      "properties": {
        "area_id": "EUA_1_Pro",
        "osm_uid": "cea/60",
        "osmid": "60",
        "element_type": "cea_zone",
        "building": "yes",
        "cea_name": "B1060",
        "intersection_area_m2": 242.67824041891254,
        "is_residential": true,
        "residential_source": "cea",
        "radiation_sum_kwh_year": 537820.28021875,
        "radiation_sum": 537820.28021875,
        "radiation_point_count": 400.0,
        "use_type1": "MULTI_RES",
        "use_type2": "NONE",
        "use_type3": "NONE",
        "resi_type": null,
        "comparison_status": "matched",
        "validation_radiation_kwh_year": 537820.28021875,
        "ucea_radiation_kwh_year": 417859.14999999997,
        "workflow0_radiation_kwh_year": 420114.6699999991,
        "validation_area_m2": 242.67824041891254,
        "ucea_roofs_top_m2": 245.59,
        "err_ucea_minus_validation_kwh_year": 119961.13021875004,
        "err_ucea_abs_kwh_year": 119961.13021875004,
        "err_ucea_pct_of_validation": 22.30505888880905,
        "err_ucea_area_minus_validation_m2": 2.911759581087466,
        "err_ucea_area_pct_of_validation": 1.1998437008860665,
        "err_workflow0_minus_validation_kwh_year": 117705.6102187509,
        "err_workflow0_abs_kwh_year": 117705.6102187509,
        "err_workflow0_pct_of_validation": 21.885677157967336
      },
      "geometry": {
        "type": "Polygon",
        "coordinates": [
          [
            [
              -9.1473032,
              38.75174179999999
            ],
            [
              -9.147350300000001,
              38.7518314
            ],
            [
              -9.1471026,
              38.751905100000016
            ],
            [
              -9.1470552,
              38.7518207
            ],
            [
              -9.1473032,
              38.75174179999999
            ]
          ]
        ]
      }
    },
    {
      "type": "Feature",
      "properties": {
        "area_id": "EUA_1_Pro",
        "osm_uid": "cea/61",
        "osmid": "61",
        "element_type": "cea_zone",
        "building": "yes",
        "cea_name": "B1061",
        "intersection_area_m2": 306.6488034511967,
        "is_residential": true,
        "residential_source": "cea",
        "radiation_sum_kwh_year": 609785.8807890625,
        "radiation_sum": 609785.8807890625,
        "radiation_point_count": 506.0,
        "use_type1": "MULTI_RES",
        "use_type2": "NONE",
        "use_type3": "NONE",
        "resi_type": null,
        "comparison_status": "matched",
        "validation_radiation_kwh_year": 609785.8807890625,
        "ucea_radiation_kwh_year": 483453.2000000005,
        "workflow0_radiation_kwh_year": 477935.5600000015,
        "validation_area_m2": 306.6488034511967,
        "ucea_roofs_top_m2": 309.18,
        "err_ucea_minus_validation_kwh_year": 126332.680789062,
        "err_ucea_abs_kwh_year": 126332.680789062,
        "err_ucea_pct_of_validation": 20.717547711269997,
        "err_ucea_area_minus_validation_m2": 2.5311965488032797,
        "err_ucea_area_pct_of_validation": 0.825438260419014,
        "err_workflow0_minus_validation_kwh_year": 131850.32078906096,
        "err_workflow0_abs_kwh_year": 131850.32078906096,
        "err_workflow0_pct_of_validation": 21.622396474389788
      },
      "geometry": {
        "type": "Polygon",
        "coordinates": [
          [
            [
              -9.1483052,
              38.7517989
            ],
            [
              -9.148605,
              38.7517113
            ],
            [
              -9.1486492,
              38.7518043
            ],
            [
              -9.1483503,
              38.75189219999999
            ],
            [
              -9.1483052,
              38.7517989
            ]
          ]
        ]
      }
    },
    {
      "type": "Feature",
      "properties": {
        "area_id": "EUA_1_Pro",
        "osm_uid": "cea/62",
        "osmid": "62",
        "element_type": "cea_zone",
        "building": "yes",
        "cea_name": "B1062",
        "intersection_area_m2": 247.83780582819261,
        "is_residential": true,
        "residential_source": "cea",
        "radiation_sum_kwh_year": 557910.617875,
        "radiation_sum": 557910.617875,
        "radiation_point_count": 409.0,
        "use_type1": "MULTI_RES",
        "use_type2": "NONE",
        "use_type3": "NONE",
        "resi_type": null,
        "comparison_status": "matched",
        "validation_radiation_kwh_year": 557910.617875,
        "ucea_radiation_kwh_year": 426126.98000000045,
        "workflow0_radiation_kwh_year": 427824.0999999988,
        "validation_area_m2": 247.83780582819261,
        "ucea_roofs_top_m2": 250.29,
        "err_ucea_minus_validation_kwh_year": 131783.63787499955,
        "err_ucea_abs_kwh_year": 131783.63787499955,
        "err_ucea_pct_of_validation": 23.620923074908337,
        "err_ucea_area_minus_validation_m2": 2.4521941718073776,
        "err_ucea_area_pct_of_validation": 0.9894350717046373,
        "err_workflow0_minus_validation_kwh_year": 130086.51787500118,
        "err_workflow0_abs_kwh_year": 130086.51787500118,
        "err_workflow0_pct_of_validation": 23.31673097932456
      },
      "geometry": {
        "type": "Polygon",
        "coordinates": [
          [
            [
              -9.1481312,
              38.751863900000004
            ],
            [
              -9.1481788,
              38.751951399999996
            ],
            [
              -9.147927,
              38.75203079999999
            ],
            [
              -9.1478785,
              38.7519451
            ],
            [
              -9.1481312,
              38.751863900000004
            ]
          ]
        ]
      }
    },
    {
      "type": "Feature",
      "properties": {
        "area_id": "EUA_1_Pro",
        "osm_uid": "cea/63",
        "osmid": "63",
        "element_type": "cea_zone",
        "building": "yes",
        "cea_name": "B1063",
        "intersection_area_m2": 252.7563713998658,
        "is_residential": true,
        "residential_source": "cea",
        "radiation_sum_kwh_year": 544122.4698046875,
        "radiation_sum": 544122.4698046875,
        "radiation_point_count": 413.0,
        "use_type1": "MULTI_RES",
        "use_type2": "NONE",
        "use_type3": "NONE",
        "resi_type": null,
        "comparison_status": "matched",
        "validation_radiation_kwh_year": 544122.4698046875,
        "ucea_radiation_kwh_year": 433006.67000000254,
        "workflow0_radiation_kwh_year": 435022.22999999806,
        "validation_area_m2": 252.7563713998658,
        "ucea_roofs_top_m2": 255.33,
        "err_ucea_minus_validation_kwh_year": 111115.799804685,
        "err_ucea_abs_kwh_year": 111115.799804685,
        "err_ucea_pct_of_validation": 20.42110112537164,
        "err_ucea_area_minus_validation_m2": 2.5736286001342137,
        "err_ucea_area_pct_of_validation": 1.0182250148158205,
        "err_workflow0_minus_validation_kwh_year": 109100.23980468948,
        "err_workflow0_abs_kwh_year": 109100.23980468948,
        "err_workflow0_pct_of_validation": 20.050677165354145
      },
      "geometry": {
        "type": "Polygon",
        "coordinates": [
          [
            [
              -9.1474868,
              38.7520849
            ],
            [
              -9.147533,
              38.75217490000001
            ],
            [
              -9.1472907,
              38.752253399999994
            ],
            [
              -9.1472399,
              38.7521594
            ],
            [
              -9.1474868,
              38.7520849
            ]
          ]
        ]
      }
    },
    {
      "type": "Feature",
      "properties": {
        "area_id": "EUA_1_Pro",
        "osm_uid": "cea/64",
        "osmid": "64",
        "element_type": "cea_zone",
        "building": "yes",
        "cea_name": "B1064",
        "intersection_area_m2": 195.3199402770069,
        "is_residential": true,
        "residential_source": "cea",
        "radiation_sum_kwh_year": 364423.9005625,
        "radiation_sum": 364423.9005625,
        "radiation_point_count": 321.0,
        "use_type1": "MULTI_RES",
        "use_type2": "NONE",
        "use_type3": "NONE",
        "resi_type": null,
        "comparison_status": "matched",
        "validation_radiation_kwh_year": 364423.9005625,
        "ucea_radiation_kwh_year": 335357.7899999994,
        "workflow0_radiation_kwh_year": 332325.5599999995,
        "validation_area_m2": 195.3199402770069,
        "ucea_roofs_top_m2": 197.82,
        "err_ucea_minus_validation_kwh_year": 29066.110562500602,
        "err_ucea_abs_kwh_year": 29066.110562500602,
        "err_ucea_pct_of_validation": 7.975906771656888,
        "err_ucea_area_minus_validation_m2": 2.500059722993086,
        "err_ucea_area_pct_of_validation": 1.2799818182656866,
        "err_workflow0_minus_validation_kwh_year": 32098.340562500525,
        "err_workflow0_abs_kwh_year": 32098.340562500525,
        "err_workflow0_pct_of_validation": 8.807968004556152
      },
      "geometry": {
        "type": "Polygon",
        "coordinates": [
          [
            [
              -9.148769000000001,
              38.75306029999999
            ],
            [
              -9.1486528,
              38.753098
            ],
            [
              -9.1485735,
              38.75294939999999
            ],
            [
              -9.1486897,
              38.7529117
            ],
            [
              -9.148769000000001,
              38.75306029999999
            ]
          ]
        ]
      }
    },
    {
      "type": "Feature",
      "properties": {
        "area_id": "EUA_1_Pro",
        "osm_uid": "cea/65",
        "osmid": "65",
        "element_type": "cea_zone",
        "building": "yes",
        "cea_name": "B1065",
        "intersection_area_m2": 175.40979473472862,
        "is_residential": true,
        "residential_source": "cea",
        "radiation_sum_kwh_year": 382958.01671875,
        "radiation_sum": 382958.01671875,
        "radiation_point_count": 290.0,
        "use_type1": "MULTI_RES",
        "use_type2": "NONE",
        "use_type3": "NONE",
        "resi_type": null,
        "comparison_status": "matched",
        "validation_radiation_kwh_year": 382958.01671875,
        "ucea_radiation_kwh_year": 285765.32000000065,
        "workflow0_radiation_kwh_year": 284450.15,
        "validation_area_m2": 175.40979473472862,
        "ucea_roofs_top_m2": 179.18,
        "err_ucea_minus_validation_kwh_year": 97192.69671874936,
        "err_ucea_abs_kwh_year": 97192.69671874936,
        "err_ucea_pct_of_validation": 25.379465235252958,
        "err_ucea_area_minus_validation_m2": 3.770205265271386,
        "err_ucea_area_pct_of_validation": 2.149369863281038,
        "err_workflow0_minus_validation_kwh_year": 98507.86671874998,
        "err_workflow0_abs_kwh_year": 98507.86671874998,
        "err_workflow0_pct_of_validation": 25.722889303319015
      },
      "geometry": {
        "type": "Polygon",
        "coordinates": [
          [
            [
              -9.1490043,
              38.752980099999995
            ],
            [
              -9.1489453,
              38.75299939999999
            ],
            [
              -9.1488672,
              38.75285459999999
            ],
            [
              -9.148974000000003,
              38.752819599999995
            ],
            [
              -9.149052,
              38.7529644
            ],
            [
              -9.1490043,
              38.752980099999995
            ]
          ]
        ]
      }
    },
    {
      "type": "Feature",
      "properties": {
        "area_id": "EUA_1_Pro",
        "osm_uid": "cea/66",
        "osmid": "66",
        "element_type": "cea_zone",
        "building": "yes",
        "cea_name": "B1066",
        "intersection_area_m2": 186.1016589288956,
        "is_residential": true,
        "residential_source": "cea",
        "radiation_sum_kwh_year": 332819.311546875,
        "radiation_sum": 332819.311546875,
        "radiation_point_count": 307.0,
        "use_type1": "MULTI_RES",
        "use_type2": "NONE",
        "use_type3": "NONE",
        "resi_type": null,
        "comparison_status": "matched",
        "validation_radiation_kwh_year": 332819.311546875,
        "ucea_radiation_kwh_year": 317373.64000000025,
        "workflow0_radiation_kwh_year": 315469.7000000013,
        "validation_area_m2": 186.1016589288956,
        "ucea_roofs_top_m2": 188.33,
        "err_ucea_minus_validation_kwh_year": 15445.671546874742,
        "err_ucea_abs_kwh_year": 15445.671546874742,
        "err_ucea_pct_of_validation": 4.64085797037632,
        "err_ucea_area_minus_validation_m2": 2.22834107110441,
        "err_ucea_area_pct_of_validation": 1.1973784027125725,
        "err_workflow0_minus_validation_kwh_year": 17349.611546873697,
        "err_workflow0_abs_kwh_year": 17349.611546873697,
        "err_workflow0_pct_of_validation": 5.212922130700982
      },
      "geometry": {
        "type": "Polygon",
        "coordinates": [
          [
            [
              -9.1490558,
              38.7535945
            ],
            [
              -9.1489429,
              38.75363130000001
            ],
            [
              -9.1488648,
              38.75348579999999
            ],
            [
              -9.1489777,
              38.753449
            ],
            [
              -9.1490558,
              38.7535945
            ]
          ]
        ]
      }
    },
    {
      "type": "Feature",
      "properties": {
        "area_id": "EUA_1_Pro",
        "osm_uid": "cea/67",
        "osmid": "67",
        "element_type": "cea_zone",
        "building": "yes",
        "cea_name": "B1067",
        "intersection_area_m2": 227.72009030719065,
        "is_residential": true,
        "residential_source": "cea",
        "radiation_sum_kwh_year": 486043.32421875,
        "radiation_sum": 486043.32421875,
        "radiation_point_count": 375.0,
        "use_type1": "MULTI_RES",
        "use_type2": "NONE",
        "use_type3": "NONE",
        "resi_type": null,
        "comparison_status": "matched",
        "validation_radiation_kwh_year": 486043.32421875,
        "ucea_radiation_kwh_year": 372312.0599999991,
        "workflow0_radiation_kwh_year": 372328.72000000085,
        "validation_area_m2": 227.72009030719065,
        "ucea_roofs_top_m2": 227.85,
        "err_ucea_minus_validation_kwh_year": 113731.26421875088,
        "err_ucea_abs_kwh_year": 113731.26421875088,
        "err_ucea_pct_of_validation": 23.39940876701861,
        "err_ucea_area_minus_validation_m2": 0.12990969280934905,
        "err_ucea_area_pct_of_validation": 0.05704797175958565,
        "err_workflow0_minus_validation_kwh_year": 113714.60421874915,
        "err_workflow0_abs_kwh_year": 113714.60421874915,
        "err_workflow0_pct_of_validation": 23.395981089037743
      },
      "geometry": {
        "type": "Polygon",
        "coordinates": [
          [
            [
              -9.1493962,
              38.753599
            ],
            [
              -9.1493468,
              38.753615200000006
            ],
            [
              -9.1492399,
              38.7534169
            ],
            [
              -9.1493411,
              38.7533837
            ],
            [
              -9.149448,
              38.753581999999994
            ],
            [
              -9.1493962,
              38.753599
            ]
          ]
        ]
      }
    },
    {
      "type": "Feature",
      "properties": {
        "area_id": "EUA_1_Pro",
        "osm_uid": "cea/68",
        "osmid": "68",
        "element_type": "cea_zone",
        "building": "yes",
        "cea_name": "B1068",
        "intersection_area_m2": 139.08421515585343,
        "is_residential": true,
        "residential_source": "cea",
        "radiation_sum_kwh_year": 291893.182875,
        "radiation_sum": 291893.182875,
        "radiation_point_count": 229.0,
        "use_type1": "MULTI_RES",
        "use_type2": "NONE",
        "use_type3": "NONE",
        "resi_type": null,
        "comparison_status": "matched",
        "validation_radiation_kwh_year": 291893.182875,
        "ucea_radiation_kwh_year": 240389.39000000025,
        "workflow0_radiation_kwh_year": 240320.23999999947,
        "validation_area_m2": 139.08421515585343,
        "ucea_roofs_top_m2": 139.1,
        "err_ucea_minus_validation_kwh_year": 51503.79287499975,
        "err_ucea_abs_kwh_year": 51503.79287499975,
        "err_ucea_pct_of_validation": 17.644739890021917,
        "err_ucea_area_minus_validation_m2": 0.015784844146566,
        "err_ucea_area_pct_of_validation": 0.01134912695080315,
        "err_workflow0_minus_validation_kwh_year": 51572.94287500053,
        "err_workflow0_abs_kwh_year": 51572.94287500053,
        "err_workflow0_pct_of_validation": 17.668430063022768
      },
      "geometry": {
        "type": "Polygon",
        "coordinates": [
          [
            [
              -9.1484362,
              38.7537741
            ],
            [
              -9.148246,
              38.7538359
            ],
            [
              -9.1482347,
              38.75381459999999
            ],
            [
              -9.1482115,
              38.753771199999996
            ],
            [
              -9.1484016,
              38.75370949999999
            ],
            [
              -9.1484362,
              38.7537741
            ]
          ]
        ]
      }
    },
    {
      "type": "Feature",
      "properties": {
        "area_id": "EUA_1_Pro",
        "osm_uid": "cea/69",
        "osmid": "69",
        "element_type": "cea_zone",
        "building": "yes",
        "cea_name": "B1069",
        "intersection_area_m2": 152.48178235119937,
        "is_residential": true,
        "residential_source": "cea",
        "radiation_sum_kwh_year": 322939.896046875,
        "radiation_sum": 322939.896046875,
        "radiation_point_count": 251.0,
        "use_type1": "MULTI_RES",
        "use_type2": "NONE",
        "use_type3": "NONE",
        "resi_type": null,
        "comparison_status": "matched",
        "validation_radiation_kwh_year": 322939.896046875,
        "ucea_radiation_kwh_year": 264803.3100000003,
        "workflow0_radiation_kwh_year": 263639.43999999994,
        "validation_area_m2": 152.48178235119937,
        "ucea_roofs_top_m2": 155.39,
        "err_ucea_minus_validation_kwh_year": 58136.5860468747,
        "err_ucea_abs_kwh_year": 58136.5860468747,
        "err_ucea_pct_of_validation": 18.00229292153984,
        "err_ucea_area_minus_validation_m2": 2.9082176488006155,
        "err_ucea_area_pct_of_validation": 1.90725580719036,
        "err_workflow0_minus_validation_kwh_year": 59300.45604687504,
        "err_workflow0_abs_kwh_year": 59300.45604687504,
        "err_workflow0_pct_of_validation": 18.36269125393771
      },
      "geometry": {
        "type": "Polygon",
        "coordinates": [
          [
            [
              -9.1482222,
              38.7533754
            ],
            [
              -9.148259100000002,
              38.7534445
            ],
            [
              -9.1480641,
              38.7535079
            ],
            [
              -9.1480383,
              38.7534596
            ],
            [
              -9.1480272,
              38.753438799999984
            ],
            [
              -9.1482222,
              38.7533754
            ]
          ]
        ]
      }
    },
    {
      "type": "Feature",
      "properties": {
        "area_id": "EUA_1_Pro",
        "osm_uid": "cea/70",
        "osmid": "70",
        "element_type": "cea_zone",
        "building": "yes",
        "cea_name": "B1070",
        "intersection_area_m2": 144.1802737739858,
        "is_residential": true,
        "residential_source": "cea",
        "radiation_sum_kwh_year": 273733.83790625003,
        "radiation_sum": 273733.83790625003,
        "radiation_point_count": 237.0,
        "use_type1": "MULTI_RES",
        "use_type2": "NONE",
        "use_type3": "NONE",
        "resi_type": null,
        "comparison_status": "matched",
        "validation_radiation_kwh_year": 273733.83790625003,
        "ucea_radiation_kwh_year": 250687.0600000003,
        "workflow0_radiation_kwh_year": 249548.9199999996,
        "validation_area_m2": 144.1802737739858,
        "ucea_roofs_top_m2": 145.49,
        "err_ucea_minus_validation_kwh_year": 23046.777906249743,
        "err_ucea_abs_kwh_year": 23046.777906249743,
        "err_ucea_pct_of_validation": 8.419411382433085,
        "err_ucea_area_minus_validation_m2": 1.3097262260142202,
        "err_ucea_area_pct_of_validation": 0.9083948807499989,
        "err_workflow0_minus_validation_kwh_year": 24184.917906250426,
        "err_workflow0_abs_kwh_year": 24184.917906250426,
        "err_workflow0_pct_of_validation": 8.83519483423654
      },
      "geometry": {
        "type": "Polygon",
        "coordinates": [
          [
            [
              -9.1478148,
              38.753613699999995
            ],
            [
              -9.1477308,
              38.75363979999999
            ],
            [
              -9.1476523,
              38.75348609999998
            ],
            [
              -9.1477362,
              38.75346
            ],
            [
              -9.1478148,
              38.753613699999995
            ]
          ]
        ]
      }
    },
    {
      "type": "Feature",
      "properties": {
        "area_id": "EUA_1_Pro",
        "osm_uid": "cea/71",
        "osmid": "71",
        "element_type": "cea_zone",
        "building": "yes",
        "cea_name": "B1071",
        "intersection_area_m2": 139.0011435942833,
        "is_residential": true,
        "residential_source": "cea",
        "radiation_sum_kwh_year": 288687.136953125,
        "radiation_sum": 288687.136953125,
        "radiation_point_count": 231.0,
        "use_type1": "MULTI_RES",
        "use_type2": "NONE",
        "use_type3": "NONE",
        "resi_type": null,
        "comparison_status": "matched",
        "validation_radiation_kwh_year": 288687.136953125,
        "ucea_radiation_kwh_year": 238206.13999999932,
        "workflow0_radiation_kwh_year": 240392.5500000003,
        "validation_area_m2": 139.0011435942833,
        "ucea_roofs_top_m2": 140.87,
        "err_ucea_minus_validation_kwh_year": 50480.996953125694,
        "err_ucea_abs_kwh_year": 50480.996953125694,
        "err_ucea_pct_of_validation": 17.486403268921,
        "err_ucea_area_minus_validation_m2": 1.8688564057167127,
        "err_ucea_area_pct_of_validation": 1.3444899497888543,
        "err_workflow0_minus_validation_kwh_year": 48294.5869531247,
        "err_workflow0_abs_kwh_year": 48294.5869531247,
        "err_workflow0_pct_of_validation": 16.72904011686757
      },
      "geometry": {
        "type": "Polygon",
        "coordinates": [
          [
            [
              -9.148146,
              38.75324549999999
            ],
            [
              -9.1479555,
              38.75330959999999
            ],
            [
              -9.1479408,
              38.753282999999996
            ],
            [
              -9.1479202,
              38.75324579999999
            ],
            [
              -9.1481107,
              38.753181700000006
            ],
            [
              -9.148146,
              38.75324549999999
            ]
          ]
        ]
      }
    },
    {
      "type": "Feature",
      "properties": {
        "area_id": "EUA_1_Pro",
        "osm_uid": "cea/72",
        "osmid": "72",
        "element_type": "cea_zone",
        "building": "yes",
        "cea_name": "B1072",
        "intersection_area_m2": 133.9051635644298,
        "is_residential": true,
        "residential_source": "cea",
        "radiation_sum_kwh_year": 298530.688625,
        "radiation_sum": 298530.688625,
        "radiation_point_count": 219.0,
        "use_type1": "MULTI_RES",
        "use_type2": "NONE",
        "use_type3": "NONE",
        "resi_type": null,
        "comparison_status": "matched",
        "validation_radiation_kwh_year": 298530.688625,
        "ucea_radiation_kwh_year": 229200.08000000066,
        "workflow0_radiation_kwh_year": 229696.42,
        "validation_area_m2": 133.9051635644298,
        "ucea_roofs_top_m2": 133.9,
        "err_ucea_minus_validation_kwh_year": 69330.60862499935,
        "err_ucea_abs_kwh_year": 69330.60862499935,
        "err_ucea_pct_of_validation": 23.223946906205395,
        "err_ucea_area_minus_validation_m2": 0.005163564429807366,
        "err_ucea_area_pct_of_validation": 0.003856135411330023,
        "err_workflow0_minus_validation_kwh_year": 68834.268625,
        "err_workflow0_abs_kwh_year": 68834.268625,
        "err_workflow0_pct_of_validation": 23.057685942454754
      },
      "geometry": {
        "type": "Polygon",
        "coordinates": [
          [
            [
              -9.1485087,
              38.75390989999999
            ],
            [
              -9.1485424,
              38.7539724
            ],
            [
              -9.1483537,
              38.7540343
            ],
            [
              -9.1483306,
              38.753991400000004
            ],
            [
              -9.14832,
              38.753971699999994
            ],
            [
              -9.1485087,
              38.75390989999999
            ]
          ]
        ]
      }
    },
    {
      "type": "Feature",
      "properties": {
        "area_id": "EUA_1_Pro",
        "osm_uid": "cea/73",
        "osmid": "73",
        "element_type": "cea_zone",
        "building": "yes",
        "cea_name": "B1073",
        "intersection_area_m2": 175.56254732794577,
        "is_residential": true,
        "residential_source": "cea",
        "radiation_sum_kwh_year": 379638.374875,
        "radiation_sum": 379638.374875,
        "radiation_point_count": 289.0,
        "use_type1": "MULTI_RES",
        "use_type2": "NONE",
        "use_type3": "NONE",
        "resi_type": null,
        "comparison_status": "matched",
        "validation_radiation_kwh_year": 379638.374875,
        "ucea_radiation_kwh_year": 292232.4600000003,
        "workflow0_radiation_kwh_year": 291270.07000000105,
        "validation_area_m2": 175.56254732794577,
        "ucea_roofs_top_m2": 178.28,
        "err_ucea_minus_validation_kwh_year": 87405.91487499967,
        "err_ucea_abs_kwh_year": 87405.91487499967,
        "err_ucea_pct_of_validation": 23.023466714548814,
        "err_ucea_area_minus_validation_m2": 2.717452672054236,
        "err_ucea_area_pct_of_validation": 1.5478544333137938,
        "err_workflow0_minus_validation_kwh_year": 88368.30487499892,
        "err_workflow0_abs_kwh_year": 88368.30487499892,
        "err_workflow0_pct_of_validation": 23.276968484573022
      },
      "geometry": {
        "type": "Polygon",
        "coordinates": [
          [
            [
              -9.1469408,
              38.7503328
            ],
            [
              -9.1471366,
              38.7502686
            ],
            [
              -9.1471539,
              38.750263
            ],
            [
              -9.147193,
              38.75033559999999
            ],
            [
              -9.14698,
              38.7504054
            ],
            [
              -9.1469408,
              38.7503328
            ]
          ]
        ]
      }
    },
    {
      "type": "Feature",
      "properties": {
        "area_id": "EUA_1_Pro",
        "osm_uid": "cea/74",
        "osmid": "74",
        "element_type": "cea_zone",
        "building": "yes",
        "cea_name": "B1074",
        "intersection_area_m2": 209.88418712796846,
        "is_residential": true,
        "residential_source": "cea",
        "radiation_sum_kwh_year": 407601.3085625,
        "radiation_sum": 407601.3085625,
        "radiation_point_count": 345.0,
        "use_type1": "MULTI_RES",
        "use_type2": "NONE",
        "use_type3": "NONE",
        "resi_type": null,
        "comparison_status": "matched",
        "validation_radiation_kwh_year": 407601.3085625,
        "ucea_radiation_kwh_year": 360228.03999999986,
        "workflow0_radiation_kwh_year": 359045.11000000004,
        "validation_area_m2": 209.88418712796846,
        "ucea_roofs_top_m2": 211.67,
        "err_ucea_minus_validation_kwh_year": 47373.26856250013,
        "err_ucea_abs_kwh_year": 47373.26856250013,
        "err_ucea_pct_of_validation": 11.62245252096292,
        "err_ucea_area_minus_validation_m2": 1.7858128720315278,
        "err_ucea_area_pct_of_validation": 0.8508563205586803,
        "err_workflow0_minus_validation_kwh_year": 48556.19856249995,
        "err_workflow0_abs_kwh_year": 48556.19856249995,
        "err_workflow0_pct_of_validation": 11.912669940571236
      },
      "geometry": {
        "type": "Polygon",
        "coordinates": [
          [
            [
              -9.1472401,
              38.75023469999999
            ],
            [
              -9.1471539,
              38.750263
            ],
            [
              -9.1471366,
              38.7502686
            ],
            [
              -9.1470403,
              38.75008979999999
            ],
            [
              -9.147143700000003,
              38.7500559
            ],
            [
              -9.1472401,
              38.75023469999999
            ]
          ]
        ]
      }
    },
    {
      "type": "Feature",
      "properties": {
        "area_id": "EUA_1_Pro",
        "osm_uid": "cea/75",
        "osmid": "75",
        "element_type": "cea_zone",
        "building": "yes",
        "cea_name": "B1075",
        "intersection_area_m2": 123.45617746409927,
        "is_residential": true,
        "residential_source": "cea",
        "radiation_sum_kwh_year": 228267.10915625,
        "radiation_sum": 228267.10915625,
        "radiation_point_count": 203.0,
        "use_type1": "MULTI_RES",
        "use_type2": "NONE",
        "use_type3": "NONE",
        "resi_type": null,
        "comparison_status": "matched",
        "validation_radiation_kwh_year": 228267.10915625,
        "ucea_radiation_kwh_year": 214082.11000000004,
        "workflow0_radiation_kwh_year": 212674.50999999986,
        "validation_area_m2": 123.45617746409927,
        "ucea_roofs_top_m2": 124.5,
        "err_ucea_minus_validation_kwh_year": 14184.999156249949,
        "err_ucea_abs_kwh_year": 14184.999156249949,
        "err_ucea_pct_of_validation": 6.214210715105804,
        "err_ucea_area_minus_validation_m2": 1.0438225359007305,
        "err_ucea_area_pct_of_validation": 0.8455004499100672,
        "err_workflow0_minus_validation_kwh_year": 15592.59915625013,
        "err_workflow0_abs_kwh_year": 15592.59915625013,
        "err_workflow0_pct_of_validation": 6.830856716013745
      },
      "geometry": {
        "type": "Polygon",
        "coordinates": [
          [
            [
              -9.146673,
              38.7504205
            ],
            [
              -9.1465975,
              38.750280499999995
            ],
            [
              -9.1466752,
              38.75025500000001
            ],
            [
              -9.1467507,
              38.750395100000006
            ],
            [
              -9.146673,
              38.7504205
            ]
          ]
        ]
      }
    },
    {
      "type": "Feature",
      "properties": {
        "area_id": "EUA_1_Pro",
        "osm_uid": "cea/76",
        "osmid": "76",
        "element_type": "cea_zone",
        "building": "yes",
        "cea_name": "B1076",
        "intersection_area_m2": 194.27060199805737,
        "is_residential": true,
        "residential_source": "cea",
        "radiation_sum_kwh_year": 409701.58296875004,
        "radiation_sum": 409701.58296875004,
        "radiation_point_count": 322.0,
        "use_type1": "MULTI_RES",
        "use_type2": "NONE",
        "use_type3": "NONE",
        "resi_type": null,
        "comparison_status": "matched",
        "validation_radiation_kwh_year": 409701.58296875004,
        "ucea_radiation_kwh_year": 324235.5800000002,
        "workflow0_radiation_kwh_year": 324008.80999999953,
        "validation_area_m2": 194.27060199805737,
        "ucea_roofs_top_m2": 196.51,
        "err_ucea_minus_validation_kwh_year": 85466.00296874985,
        "err_ucea_abs_kwh_year": 85466.00296874985,
        "err_ucea_pct_of_validation": 20.860549854226157,
        "err_ucea_area_minus_validation_m2": 2.239398001942618,
        "err_ucea_area_pct_of_validation": 1.1527209875866917,
        "err_workflow0_minus_validation_kwh_year": 85692.7729687505,
        "err_workflow0_abs_kwh_year": 85692.7729687505,
        "err_workflow0_pct_of_validation": 20.91589989665398
      },
      "geometry": {
        "type": "Polygon",
        "coordinates": [
          [
            [
              -9.1464543,
              38.7499151
            ],
            [
              -9.1462328,
              38.749979200000006
            ],
            [
              -9.146191700000001,
              38.74990439999999
            ],
            [
              -9.1464155,
              38.7498332
            ],
            [
              -9.1464543,
              38.7499151
            ]
          ]
        ]
      }
    },
    {
      "type": "Feature",
      "properties": {
        "area_id": "EUA_1_Pro",
        "osm_uid": "cea/77",
        "osmid": "77",
        "element_type": "cea_zone",
        "building": "yes",
        "cea_name": "B1077",
        "intersection_area_m2": 295.2224779187909,
        "is_residential": true,
        "residential_source": "cea",
        "radiation_sum_kwh_year": 610238.6749375,
        "radiation_sum": 610238.6749375,
        "radiation_point_count": 486.0,
        "use_type1": "MULTI_RES",
        "use_type2": "NONE",
        "use_type3": "NONE",
        "resi_type": null,
        "comparison_status": "matched",
        "validation_radiation_kwh_year": 610238.6749375,
        "ucea_radiation_kwh_year": 503886.8499999998,
        "workflow0_radiation_kwh_year": 499558.8799999986,
        "validation_area_m2": 295.2224779187909,
        "ucea_roofs_top_m2": 298.31,
        "err_ucea_minus_validation_kwh_year": 106351.82493750023,
        "err_ucea_abs_kwh_year": 106351.82493750023,
        "err_ucea_pct_of_validation": 17.427906375877058,
        "err_ucea_area_minus_validation_m2": 3.0875220812091015,
        "err_ucea_area_pct_of_validation": 1.0458289297532453,
        "err_workflow0_minus_validation_kwh_year": 110679.79493750143,
        "err_workflow0_abs_kwh_year": 110679.79493750143,
        "err_workflow0_pct_of_validation": 18.13713215551884
      },
      "geometry": {
        "type": "Polygon",
        "coordinates": [
          [
            [
              -9.1467501,
              38.749682199999995
            ],
            [
              -9.1468575,
              38.749646999999996
            ],
            [
              -9.146988,
              38.749889299999985
            ],
            [
              -9.1468806,
              38.74992449999999
            ],
            [
              -9.1467501,
              38.749682199999995
            ]
          ]
        ]
      }
    },
    {
      "type": "Feature",
      "properties": {
        "area_id": "EUA_1_Pro",
        "osm_uid": "cea/79",
        "osmid": "79",
        "element_type": "cea_zone",
        "building": "yes",
        "cea_name": "B1079",
        "intersection_area_m2": 464.8037797366276,
        "is_residential": true,
        "residential_source": "cea",
        "radiation_sum_kwh_year": 1071025.59009375,
        "radiation_sum": 1071025.59009375,
        "radiation_point_count": 766.0,
        "use_type1": "MULTI_RES",
        "use_type2": "NONE",
        "use_type3": "NONE",
        "resi_type": null,
        "comparison_status": "matched",
        "validation_radiation_kwh_year": 1071025.59009375,
        "ucea_radiation_kwh_year": 767935.3900000005,
        "workflow0_radiation_kwh_year": 792616.2200000007,
        "validation_area_m2": 464.8037797366276,
        "ucea_roofs_top_m2": 467.76,
        "err_ucea_minus_validation_kwh_year": 303090.20009374956,
        "err_ucea_abs_kwh_year": 303090.20009374956,
        "err_ucea_pct_of_validation": 28.29906240309526,
        "err_ucea_area_minus_validation_m2": 2.9562202633724155,
        "err_ucea_area_pct_of_validation": 0.6360146780750154,
        "err_workflow0_minus_validation_kwh_year": 278409.37009374937,
        "err_workflow0_abs_kwh_year": 278409.37009374937,
        "err_workflow0_pct_of_validation": 25.994651544168928
      },
      "geometry": {
        "type": "Polygon",
        "coordinates": [
          [
            [
              -9.1458686,
              38.7505287
            ],
            [
              -9.1458384,
              38.750471
            ],
            [
              -9.1457841,
              38.75048830000001
            ],
            [
              -9.1458008,
              38.750520300000005
            ],
            [
              -9.1456555,
              38.7505666
            ],
            [
              -9.145605,
              38.75047039999999
            ],
            [
              -9.145627700000002,
              38.7504632
            ],
            [
              -9.145565,
              38.7503436
            ],
            [
              -9.1456832,
              38.7503059
            ],
            [
              -9.1457611,
              38.75045449999998
            ],
            [
              -9.145823100000001,
              38.7504347
            ],
            [
              -9.1457896,
              38.75037089999999
            ],
            [
              -9.145818,
              38.7503618
            ],
            [
              -9.1458604,
              38.750348300000006
            ],
            [
              -9.1459426,
              38.75050509999999
            ],
            [
              -9.1458819,
              38.7505244
            ],
            [
              -9.1458686,
              38.7505287
            ]
          ]
        ]
      }
    },
    {
      "type": "Feature",
      "properties": {
        "area_id": "EUA_1_Pro",
        "osm_uid": "cea/85",
        "osmid": "85",
        "element_type": "cea_zone",
        "building": "yes",
        "cea_name": "B1085",
        "intersection_area_m2": 255.2397724816858,
        "is_residential": true,
        "residential_source": "cea",
        "radiation_sum_kwh_year": 533733.1774375,
        "radiation_sum": 533733.1774375,
        "radiation_point_count": 421.0,
        "use_type1": "MULTI_RES",
        "use_type2": "NONE",
        "use_type3": "NONE",
        "resi_type": null,
        "comparison_status": "matched",
        "validation_radiation_kwh_year": 533733.1774375,
        "ucea_radiation_kwh_year": 438379.5099999997,
        "workflow0_radiation_kwh_year": 439164.06,
        "validation_area_m2": 255.2397724816858,
        "ucea_roofs_top_m2": 256.19,
        "err_ucea_minus_validation_kwh_year": 95353.66743750026,
        "err_ucea_abs_kwh_year": 95353.66743750026,
        "err_ucea_pct_of_validation": 17.86541880257503,
        "err_ucea_area_minus_validation_m2": 0.9502275183141933,
        "err_ucea_area_pct_of_validation": 0.37228818576163514,
        "err_workflow0_minus_validation_kwh_year": 94569.11743749998,
        "err_workflow0_abs_kwh_year": 94569.11743749998,
        "err_workflow0_pct_of_validation": 17.71842587930071
      },
      "geometry": {
        "type": "Polygon",
        "coordinates": [
          [
            [
              -9.1474755,
              38.7506643
            ],
            [
              -9.1475886,
              38.7508728
            ],
            [
              -9.1474809,
              38.75090829999999
            ],
            [
              -9.1473678,
              38.75069979999999
            ],
            [
              -9.1474755,
              38.7506643
            ]
          ]
        ]
      }
    },
    {
      "type": "Feature",
      "properties": {
        "area_id": "EUA_1_Pro",
        "osm_uid": "cea/86",
        "osmid": "86",
        "element_type": "cea_zone",
        "building": "yes",
        "cea_name": "B1086",
        "intersection_area_m2": 226.51910467834284,
        "is_residential": true,
        "residential_source": "cea",
        "radiation_sum_kwh_year": 482360.46084375,
        "radiation_sum": 482360.46084375,
        "radiation_point_count": 373.0,
        "use_type1": "MULTI_RES",
        "use_type2": "NONE",
        "use_type3": "NONE",
        "resi_type": null,
        "comparison_status": "matched",
        "validation_radiation_kwh_year": 482360.46084375,
        "ucea_radiation_kwh_year": 390339.2500000012,
        "workflow0_radiation_kwh_year": 390765.00999999937,
        "validation_area_m2": 226.51910467834284,
        "ucea_roofs_top_m2": 227.12,
        "err_ucea_minus_validation_kwh_year": 92021.21084374876,
        "err_ucea_abs_kwh_year": 92021.21084374876,
        "err_ucea_pct_of_validation": 19.0772706956089,
        "err_ucea_area_minus_validation_m2": 0.6008953216571626,
        "err_ucea_area_pct_of_validation": 0.26527357262445217,
        "err_workflow0_minus_validation_kwh_year": 91595.45084375062,
        "err_workflow0_abs_kwh_year": 91595.45084375062,
        "err_workflow0_pct_of_validation": 18.98900475456278
      },
      "geometry": {
        "type": "Polygon",
        "coordinates": [
          [
            [
              -9.1475814,
              38.751093399999995
            ],
            [
              -9.1474809,
              38.75090829999999
            ],
            [
              -9.1475886,
              38.7508728
            ],
            [
              -9.147689,
              38.75105789999999
            ],
            [
              -9.1475814,
              38.751093399999995
            ]
          ]
        ]
      }
    },
    {
      "type": "Feature",
      "properties": {
        "area_id": "EUA_1_Pro",
        "osm_uid": "cea/87",
        "osmid": "87",
        "element_type": "cea_zone",
        "building": "yes",
        "cea_name": "B1087",
        "intersection_area_m2": 239.6522685734382,
        "is_residential": true,
        "residential_source": "cea",
        "radiation_sum_kwh_year": 505885.22665625,
        "radiation_sum": 505885.22665625,
        "radiation_point_count": 393.0,
        "use_type1": "MULTI_RES",
        "use_type2": "NONE",
        "use_type3": "NONE",
        "resi_type": null,
        "comparison_status": "matched",
        "validation_radiation_kwh_year": 505885.22665625,
        "ucea_radiation_kwh_year": 408586.0600000014,
        "workflow0_radiation_kwh_year": 408959.4499999999,
        "validation_area_m2": 239.6522685734382,
        "ucea_roofs_top_m2": 239.65,
        "err_ucea_minus_validation_kwh_year": 97299.16665624862,
        "err_ucea_abs_kwh_year": 97299.16665624862,
        "err_ucea_pct_of_validation": 19.233446941980695,
        "err_ucea_area_minus_validation_m2": 0.0022685734381866496,
        "err_ucea_area_pct_of_validation": 0.0009466104584323915,
        "err_workflow0_minus_validation_kwh_year": 96925.77665625012,
        "err_workflow0_abs_kwh_year": 96925.77665625012,
        "err_workflow0_pct_of_validation": 19.159637710098888
      },
      "geometry": {
        "type": "Polygon",
        "coordinates": [
          [
            [
              -9.1478877,
              38.7510032
            ],
            [
              -9.1477826,
              38.750810099999995
            ],
            [
              -9.1478937,
              38.75077580000001
            ],
            [
              -9.147997,
              38.75096899999999
            ],
            [
              -9.1478877,
              38.7510032
            ]
          ]
        ]
      }
    },
    {
      "type": "Feature",
      "properties": {
        "area_id": "EUA_1_Pro",
        "osm_uid": "cea/88",
        "osmid": "88",
        "element_type": "cea_zone",
        "building": "yes",
        "cea_name": "B1088",
        "intersection_area_m2": 228.34937117029048,
        "is_residential": true,
        "residential_source": "cea",
        "radiation_sum_kwh_year": 486572.18503125,
        "radiation_sum": 486572.18503125,
        "radiation_point_count": 376.0,
        "use_type1": "MULTI_RES",
        "use_type2": "NONE",
        "use_type3": "NONE",
        "resi_type": null,
        "comparison_status": "matched",
        "validation_radiation_kwh_year": 486572.18503125,
        "ucea_radiation_kwh_year": 391158.93000000063,
        "workflow0_radiation_kwh_year": 387866.34999999957,
        "validation_area_m2": 228.34937117029048,
        "ucea_roofs_top_m2": 231.32,
        "err_ucea_minus_validation_kwh_year": 95413.25503124937,
        "err_ucea_abs_kwh_year": 95413.25503124937,
        "err_ucea_pct_of_validation": 19.609270313123524,
        "err_ucea_area_minus_validation_m2": 2.9706288297095114,
        "err_ucea_area_pct_of_validation": 1.300913952372647,
        "err_workflow0_minus_validation_kwh_year": 98705.83503125043,
        "err_workflow0_abs_kwh_year": 98705.83503125043,
        "err_workflow0_pct_of_validation": 20.285959219989337
      },
      "geometry": {
        "type": "Polygon",
        "coordinates": [
          [
            [
              -9.1477903,
              38.75124449999999
            ],
            [
              -9.1476826,
              38.75128
            ],
            [
              -9.1475814,
              38.751093399999995
            ],
            [
              -9.147689,
              38.75105789999999
            ],
            [
              -9.1477903,
              38.75124449999999
            ]
          ]
        ]
      }
    },
    {
      "type": "Feature",
      "properties": {
        "area_id": "EUA_1_Pro",
        "osm_uid": "cea/89",
        "osmid": "89",
        "element_type": "cea_zone",
        "building": "yes",
        "cea_name": "B1089",
        "intersection_area_m2": 236.66895341526262,
        "is_residential": true,
        "residential_source": "cea",
        "radiation_sum_kwh_year": 513533.8045,
        "radiation_sum": 513533.8045,
        "radiation_point_count": 391.0,
        "use_type1": "MULTI_RES",
        "use_type2": "NONE",
        "use_type3": "NONE",
        "resi_type": null,
        "comparison_status": "matched",
        "validation_radiation_kwh_year": 513533.8045,
        "ucea_radiation_kwh_year": 404494.8999999999,
        "workflow0_radiation_kwh_year": 402982.08000000106,
        "validation_area_m2": 236.66895341526262,
        "ucea_roofs_top_m2": 238.01,
        "err_ucea_minus_validation_kwh_year": 109038.90450000012,
        "err_ucea_abs_kwh_year": 109038.90450000012,
        "err_ucea_pct_of_validation": 21.233052925535326,
        "err_ucea_area_minus_validation_m2": 1.34104658473737,
        "err_ucea_area_pct_of_validation": 0.5666339270045071,
        "err_workflow0_minus_validation_kwh_year": 110551.72449999896,
        "err_workflow0_abs_kwh_year": 110551.72449999896,
        "err_workflow0_pct_of_validation": 21.527643074565884
      },
      "geometry": {
        "type": "Polygon",
        "coordinates": [
          [
            [
              -9.147988800000002,
              38.7511945
            ],
            [
              -9.1478877,
              38.7510032
            ],
            [
              -9.147997,
              38.75096899999999
            ],
            [
              -9.1480997,
              38.7511597
            ],
            [
              -9.147988800000002,
              38.7511945
            ]
          ]
        ]
      }
    },
    {
      "type": "Feature",
      "properties": {
        "area_id": "EUA_1_Pro",
        "osm_uid": "cea/90",
        "osmid": "90",
        "element_type": "cea_zone",
        "building": "yes",
        "cea_name": "B1090",
        "intersection_area_m2": 259.5526405094437,
        "is_residential": true,
        "residential_source": "cea",
        "radiation_sum_kwh_year": 490208.117640625,
        "radiation_sum": 490208.117640625,
        "radiation_point_count": 428.0,
        "use_type1": "MULTI_RES",
        "use_type2": "NONE",
        "use_type3": "NONE",
        "resi_type": null,
        "comparison_status": "matched",
        "validation_radiation_kwh_year": 490208.117640625,
        "ucea_radiation_kwh_year": 429632.4499999995,
        "workflow0_radiation_kwh_year": 427017.77000000037,
        "validation_area_m2": 259.5526405094437,
        "ucea_roofs_top_m2": 260.77,
        "err_ucea_minus_validation_kwh_year": 60575.6676406255,
        "err_ucea_abs_kwh_year": 60575.6676406255,
        "err_ucea_pct_of_validation": 12.35713270767049,
        "err_ucea_area_minus_validation_m2": 1.217359490556305,
        "err_ucea_area_pct_of_validation": 0.46902219456018673,
        "err_workflow0_minus_validation_kwh_year": 63190.34764062462,
        "err_workflow0_abs_kwh_year": 63190.34764062462,
        "err_workflow0_pct_of_validation": 12.89051432782472
      },
      "geometry": {
        "type": "Polygon",
        "coordinates": [
          [
            [
              -9.1481066,
              38.75115809999999
            ],
            [
              -9.1482131,
              38.75135389999999
            ],
            [
              -9.1480974,
              38.751391299999995
            ],
            [
              -9.147988800000002,
              38.7511945
            ],
            [
              -9.1480997,
              38.7511597
            ],
            [
              -9.1481066,
              38.75115809999999
            ]
          ]
        ]
      }
    },
    {
      "type": "Feature",
      "properties": {
        "area_id": "EUA_1_Pro",
        "osm_uid": "cea/91",
        "osmid": "91",
        "element_type": "cea_zone",
        "building": "yes",
        "cea_name": "B1091",
        "intersection_area_m2": 212.50050926076128,
        "is_residential": true,
        "residential_source": "cea",
        "radiation_sum_kwh_year": 454332.82478125003,
        "radiation_sum": 454332.82478125003,
        "radiation_point_count": 349.0,
        "use_type1": "MULTI_RES",
        "use_type2": "NONE",
        "use_type3": "NONE",
        "resi_type": null,
        "comparison_status": "matched",
        "validation_radiation_kwh_year": 454332.82478125003,
        "ucea_radiation_kwh_year": 269321.8999999999,
        "workflow0_radiation_kwh_year": 365402.51,
        "validation_area_m2": 212.50050926076128,
        "ucea_roofs_top_m2": 162.27,
        "err_ucea_minus_validation_kwh_year": 185010.92478125013,
        "err_ucea_abs_kwh_year": 185010.92478125013,
        "err_ucea_pct_of_validation": 40.721452356062606,
        "err_ucea_area_minus_validation_m2": 50.230509260761266,
        "err_ucea_area_pct_of_validation": 23.637830062384914,
        "err_workflow0_minus_validation_kwh_year": 88930.31478125002,
        "err_workflow0_abs_kwh_year": 88930.31478125002,
        "err_workflow0_pct_of_validation": 19.573825603304748
      },
      "geometry": {
        "type": "Polygon",
        "coordinates": [
          [
            [
              -9.1481067,
              38.7520746
            ],
            [
              -9.1482228,
              38.75203690000001
            ],
            [
              -9.1483091,
              38.752198699999994
            ],
            [
              -9.148193,
              38.7522364
            ],
            [
              -9.1481067,
              38.7520746
            ]
          ]
        ]
      }
    },
    {
      "type": "Feature",
      "properties": {
        "area_id": "EUA_1_Pro",
        "osm_uid": "cea/92",
        "osmid": "92",
        "element_type": "cea_zone",
        "building": "yes",
        "cea_name": "B1092",
        "intersection_area_m2": 198.9995682565251,
        "is_residential": true,
        "residential_source": "cea",
        "radiation_sum_kwh_year": 425120.37759375,
        "radiation_sum": 425120.37759375,
        "radiation_point_count": 328.0,
        "use_type1": "MULTI_RES",
        "use_type2": "NONE",
        "use_type3": "NONE",
        "resi_type": null,
        "comparison_status": "matched",
        "validation_radiation_kwh_year": 425120.37759375,
        "ucea_radiation_kwh_year": 336498.71999999986,
        "workflow0_radiation_kwh_year": 333591.6599999998,
        "validation_area_m2": 198.9995682565251,
        "ucea_roofs_top_m2": 202.47,
        "err_ucea_minus_validation_kwh_year": 88621.65759375016,
        "err_ucea_abs_kwh_year": 88621.65759375016,
        "err_ucea_pct_of_validation": 20.84625020690917,
        "err_ucea_area_minus_validation_m2": 3.4704317434749044,
        "err_ucea_area_pct_of_validation": 1.7439393330749655,
        "err_workflow0_minus_validation_kwh_year": 91528.71759375022,
        "err_workflow0_abs_kwh_year": 91528.71759375022,
        "err_workflow0_pct_of_validation": 21.53007063830192
      },
      "geometry": {
        "type": "Polygon",
        "coordinates": [
          [
            [
              -9.1483918,
              38.751973099999994
            ],
            [
              -9.1484986,
              38.75193809999999
            ],
            [
              -9.1485871,
              38.7521024
            ],
            [
              -9.1484804,
              38.752137399999995
            ],
            [
              -9.1483918,
              38.751973099999994
            ]
          ]
        ]
      }
    },
    {
      "type": "Feature",
      "properties": {
        "area_id": "EUA_1_Pro",
        "osm_uid": "cea/93",
        "osmid": "93",
        "element_type": "cea_zone",
        "building": "yes",
        "cea_name": "B1093",
        "intersection_area_m2": 231.52243218395148,
        "is_residential": true,
        "residential_source": "cea",
        "radiation_sum_kwh_year": 494740.905765625,
        "radiation_sum": 494740.905765625,
        "radiation_point_count": 381.0,
        "use_type1": "MULTI_RES",
        "use_type2": "NONE",
        "use_type3": "NONE",
        "resi_type": null,
        "comparison_status": "matched",
        "validation_radiation_kwh_year": 494740.905765625,
        "ucea_radiation_kwh_year": 396793.38000000047,
        "workflow0_radiation_kwh_year": 385289.2900000003,
        "validation_area_m2": 231.52243218395148,
        "ucea_roofs_top_m2": 232.8,
        "err_ucea_minus_validation_kwh_year": 97947.52576562454,
        "err_ucea_abs_kwh_year": 97947.52576562454,
        "err_ucea_pct_of_validation": 19.797741529790848,
        "err_ucea_area_minus_validation_m2": 1.2775678160485313,
        "err_ucea_area_pct_of_validation": 0.5518116771654616,
        "err_workflow0_minus_validation_kwh_year": 109451.61576562468,
        "err_workflow0_abs_kwh_year": 109451.61576562468,
        "err_workflow0_pct_of_validation": 22.123017217718296
      },
      "geometry": {
        "type": "Polygon",
        "coordinates": [
          [
            [
              -9.148287,
              38.75241259999999
            ],
            [
              -9.148193,
              38.7522364
            ],
            [
              -9.1483091,
              38.752198699999994
            ],
            [
              -9.1484032,
              38.75237489999999
            ],
            [
              -9.148287,
              38.75241259999999
            ]
          ]
        ]
      }
    },
    {
      "type": "Feature",
      "properties": {
        "area_id": "EUA_1_Pro",
        "osm_uid": "cea/94",
        "osmid": "94",
        "element_type": "cea_zone",
        "building": "yes",
        "cea_name": "B1094",
        "intersection_area_m2": 218.78038222249367,
        "is_residential": true,
        "residential_source": "cea",
        "radiation_sum_kwh_year": 502089.816375,
        "radiation_sum": 502089.816375,
        "radiation_point_count": 360.0,
        "use_type1": "MULTI_RES",
        "use_type2": "NONE",
        "use_type3": "NONE",
        "resi_type": null,
        "comparison_status": "matched",
        "validation_radiation_kwh_year": 502089.816375,
        "ucea_radiation_kwh_year": 367620.42000000045,
        "workflow0_radiation_kwh_year": 366178.9299999992,
        "validation_area_m2": 218.78038222249367,
        "ucea_roofs_top_m2": 220.0,
        "err_ucea_minus_validation_kwh_year": 134469.39637499955,
        "err_ucea_abs_kwh_year": 134469.39637499955,
        "err_ucea_pct_of_validation": 26.781940598963928,
        "err_ucea_area_minus_validation_m2": 1.219617777506329,
        "err_ucea_area_pct_of_validation": 0.5574621294271308,
        "err_workflow0_minus_validation_kwh_year": 135910.88637500082,
        "err_workflow0_abs_kwh_year": 135910.88637500082,
        "err_workflow0_pct_of_validation": 27.069038634611925
      },
      "geometry": {
        "type": "Polygon",
        "coordinates": [
          [
            [
              -9.1485778,
              38.752318
            ],
            [
              -9.1484804,
              38.752137399999995
            ],
            [
              -9.1485871,
              38.7521024
            ],
            [
              -9.1486846,
              38.752283
            ],
            [
              -9.1485778,
              38.752318
            ]
          ]
        ]
      }
    },
    {
      "type": "Feature",
      "properties": {
        "area_id": "EUA_1_Pro",
        "osm_uid": "cea/95",
        "osmid": "95",
        "element_type": "cea_zone",
        "building": "yes",
        "cea_name": "B1095",
        "intersection_area_m2": 225.0414054966589,
        "is_residential": true,
        "residential_source": "cea",
        "radiation_sum_kwh_year": 480000.2721875,
        "radiation_sum": 480000.2721875,
        "radiation_point_count": 372.0,
        "use_type1": "MULTI_RES",
        "use_type2": "NONE",
        "use_type3": "NONE",
        "resi_type": null,
        "comparison_status": "matched",
        "validation_radiation_kwh_year": 480000.2721875,
        "ucea_radiation_kwh_year": 383901.46000000107,
        "workflow0_radiation_kwh_year": 376456.0799999994,
        "validation_area_m2": 225.0414054966589,
        "ucea_roofs_top_m2": 226.55,
        "err_ucea_minus_validation_kwh_year": 96098.81218749896,
        "err_ucea_abs_kwh_year": 96098.81218749896,
        "err_ucea_pct_of_validation": 20.02057451958285,
        "err_ucea_area_minus_validation_m2": 1.5085945033411008,
        "err_ucea_area_pct_of_validation": 0.6703630827454543,
        "err_workflow0_minus_validation_kwh_year": 103544.19218750065,
        "err_workflow0_abs_kwh_year": 103544.19218750065,
        "err_workflow0_pct_of_validation": 21.571694473342657
      },
      "geometry": {
        "type": "Polygon",
        "coordinates": [
          [
            [
              -9.1483784,
              38.752583800000004
            ],
            [
              -9.148287,
              38.75241259999999
            ],
            [
              -9.1484032,
              38.75237489999999
            ],
            [
              -9.1484946,
              38.7525461
            ],
            [
              -9.1483784,
              38.752583800000004
            ]
          ]
        ]
      }
    },
    {
      "type": "Feature",
      "properties": {
        "area_id": "EUA_1_Pro",
        "osm_uid": "cea/96",
        "osmid": "96",
        "element_type": "cea_zone",
        "building": "yes",
        "cea_name": "B1096",
        "intersection_area_m2": 218.95301297106866,
        "is_residential": true,
        "residential_source": "cea",
        "radiation_sum_kwh_year": 508592.4428125,
        "radiation_sum": 508592.4428125,
        "radiation_point_count": 361.0,
        "use_type1": "MULTI_RES",
        "use_type2": "NONE",
        "use_type3": "NONE",
        "resi_type": null,
        "comparison_status": "matched",
        "validation_radiation_kwh_year": 508592.4428125,
        "ucea_radiation_kwh_year": 360828.1099999991,
        "workflow0_radiation_kwh_year": 361675.07999999874,
        "validation_area_m2": 218.95301297106866,
        "ucea_roofs_top_m2": 220.27,
        "err_ucea_minus_validation_kwh_year": 147764.33281250088,
        "err_ucea_abs_kwh_year": 147764.33281250088,
        "err_ucea_pct_of_validation": 29.05358404371265,
        "err_ucea_area_minus_validation_m2": 1.3169870289313508,
        "err_ucea_area_pct_of_validation": 0.6014929920628088,
        "err_workflow0_minus_validation_kwh_year": 146917.36281250126,
        "err_workflow0_abs_kwh_year": 146917.36281250126,
        "err_workflow0_pct_of_validation": 28.887051879900717
      },
      "geometry": {
        "type": "Polygon",
        "coordinates": [
          [
            [
              -9.1486752,
              38.7524987
            ],
            [
              -9.1485778,
              38.752318
            ],
            [
              -9.1486846,
              38.752283
            ],
            [
              -9.148782,
              38.75246370000001
            ],
            [
              -9.1486752,
              38.7524987
            ]
          ]
        ]
      }
    },
    {
      "type": "Feature",
      "properties": {
        "area_id": "EUA_1_Pro",
        "osm_uid": "cea/97",
        "osmid": "97",
        "element_type": "cea_zone",
        "building": "yes",
        "cea_name": "B1097",
        "intersection_area_m2": 228.10057563581836,
        "is_residential": true,
        "residential_source": "cea",
        "radiation_sum_kwh_year": 479679.00865625,
        "radiation_sum": 479679.00865625,
        "radiation_point_count": 376.0,
        "use_type1": "MULTI_RES",
        "use_type2": "NONE",
        "use_type3": "NONE",
        "resi_type": null,
        "comparison_status": "matched",
        "validation_radiation_kwh_year": 479679.00865625,
        "ucea_radiation_kwh_year": 382731.6600000003,
        "workflow0_radiation_kwh_year": 376075.9499999998,
        "validation_area_m2": 228.10057563581836,
        "ucea_roofs_top_m2": 229.16,
        "err_ucea_minus_validation_kwh_year": 96947.3486562497,
        "err_ucea_abs_kwh_year": 96947.3486562497,
        "err_ucea_pct_of_validation": 20.210879964881805,
        "err_ucea_area_minus_validation_m2": 1.0594243641816377,
        "err_ucea_area_pct_of_validation": 0.4644549279319212,
        "err_workflow0_minus_validation_kwh_year": 103603.05865625024,
        "err_workflow0_abs_kwh_year": 103603.05865625024,
        "err_workflow0_pct_of_validation": 21.598414103314408
      },
      "geometry": {
        "type": "Polygon",
        "coordinates": [
          [
            [
              -9.1484711,
              38.7527574
            ],
            [
              -9.1483784,
              38.752583800000004
            ],
            [
              -9.1484946,
              38.7525461
            ],
            [
              -9.1485872,
              38.75271969999999
            ],
            [
              -9.1484711,
              38.7527574
            ]
          ]
        ]
      }
    },
    {
      "type": "Feature",
      "properties": {
        "area_id": "EUA_1_Pro",
        "osm_uid": "cea/98",
        "osmid": "98",
        "element_type": "cea_zone",
        "building": "yes",
        "cea_name": "B1098",
        "intersection_area_m2": 202.0044162388469,
        "is_residential": true,
        "residential_source": "cea",
        "radiation_sum_kwh_year": 458935.75946875004,
        "radiation_sum": 458935.75946875004,
        "radiation_point_count": 333.0,
        "use_type1": "MULTI_RES",
        "use_type2": "NONE",
        "use_type3": "NONE",
        "resi_type": null,
        "comparison_status": "matched",
        "validation_radiation_kwh_year": 458935.75946875004,
        "ucea_radiation_kwh_year": 332127.69999999955,
        "workflow0_radiation_kwh_year": 330575.0800000004,
        "validation_area_m2": 202.0044162388469,
        "ucea_roofs_top_m2": 203.05,
        "err_ucea_minus_validation_kwh_year": 126808.05946875049,
        "err_ucea_abs_kwh_year": 126808.05946875049,
        "err_ucea_pct_of_validation": 27.63089536006948,
        "err_ucea_area_minus_validation_m2": 1.0455837611531251,
        "err_ucea_area_pct_of_validation": 0.5176044071812981,
        "err_workflow0_minus_validation_kwh_year": 128360.67946874961,
        "err_workflow0_abs_kwh_year": 128360.67946874961,
        "err_workflow0_pct_of_validation": 27.969204146858374
      },
      "geometry": {
        "type": "Polygon",
        "coordinates": [
          [
            [
              -9.1487651,
              38.752665400000005
            ],
            [
              -9.1486752,
              38.7524987
            ],
            [
              -9.148782,
              38.75246370000001
            ],
            [
              -9.1488719,
              38.752630399999994
            ],
            [
              -9.1487651,
              38.752665400000005
            ]
          ]
        ]
      }
    },
    {
      "type": "Feature",
      "properties": {
        "area_id": "EUA_1_Pro",
        "osm_uid": "cea/99",
        "osmid": "99",
        "element_type": "cea_zone",
        "building": "yes",
        "cea_name": "B1099",
        "intersection_area_m2": 252.26921306743066,
        "is_residential": true,
        "residential_source": "cea",
        "radiation_sum_kwh_year": 525984.14640625,
        "radiation_sum": 525984.14640625,
        "radiation_point_count": 417.0,
        "use_type1": "MULTI_RES",
        "use_type2": "NONE",
        "use_type3": "NONE",
        "resi_type": null,
        "comparison_status": "matched",
        "validation_radiation_kwh_year": 525984.14640625,
        "ucea_radiation_kwh_year": 430784.1899999998,
        "workflow0_radiation_kwh_year": 423589.0700000003,
        "validation_area_m2": 252.26921306743066,
        "ucea_roofs_top_m2": 254.82,
        "err_ucea_minus_validation_kwh_year": 95199.95640625013,
        "err_ucea_abs_kwh_year": 95199.95640625013,
        "err_ucea_pct_of_validation": 18.099396542024547,
        "err_ucea_area_minus_validation_m2": 2.5507869325693378,
        "err_ucea_area_pct_of_validation": 1.0111368333667896,
        "err_workflow0_minus_validation_kwh_year": 102395.07640624966,
        "err_workflow0_abs_kwh_year": 102395.07640624966,
        "err_workflow0_pct_of_validation": 19.467331307579684
      },
      "geometry": {
        "type": "Polygon",
        "coordinates": [
          [
            [
              -9.1485872,
              38.75271969999999
            ],
            [
              -9.1486897,
              38.7529117
            ],
            [
              -9.1485735,
              38.75294939999999
            ],
            [
              -9.1484711,
              38.7527574
            ],
            [
              -9.1485872,
              38.75271969999999
            ]
          ]
        ]
      }
    },
    {
      "type": "Feature",
      "properties": {
        "area_id": "EUA_1_Pro",
        "osm_uid": "cea/100",
        "osmid": "100",
        "element_type": "cea_zone",
        "building": "yes",
        "cea_name": "B1100",
        "intersection_area_m2": 229.29124711328245,
        "is_residential": true,
        "residential_source": "cea",
        "radiation_sum_kwh_year": 516358.172625,
        "radiation_sum": 516358.172625,
        "radiation_point_count": 377.0,
        "use_type1": "MULTI_RES",
        "use_type2": "NONE",
        "use_type3": "NONE",
        "resi_type": null,
        "comparison_status": "matched",
        "validation_radiation_kwh_year": 516358.172625,
        "ucea_radiation_kwh_year": 377380.9800000002,
        "workflow0_radiation_kwh_year": 377251.1200000005,
        "validation_area_m2": 229.29124711328245,
        "ucea_roofs_top_m2": 231.99,
        "err_ucea_minus_validation_kwh_year": 138977.1926249998,
        "err_ucea_abs_kwh_year": 138977.1926249998,
        "err_ucea_pct_of_validation": 26.914881954609942,
        "err_ucea_area_minus_validation_m2": 2.698752886717557,
        "err_ucea_area_pct_of_validation": 1.1769977793283253,
        "err_workflow0_minus_validation_kwh_year": 139107.0526249995,
        "err_workflow0_abs_kwh_year": 139107.0526249995,
        "err_workflow0_pct_of_validation": 26.940031164380272
      },
      "geometry": {
        "type": "Polygon",
        "coordinates": [
          [
            [
              -9.1488719,
              38.752630399999994
            ],
            [
              -9.148974000000003,
              38.752819599999995
            ],
            [
              -9.1488672,
              38.75285459999999
            ],
            [
              -9.1487651,
              38.752665400000005
            ],
            [
              -9.1488719,
              38.752630399999994
            ]
          ]
        ]
      }
    },
    {
      "type": "Feature",
      "properties": {
        "area_id": "EUA_1_Pro",
        "osm_uid": "cea/101",
        "osmid": "101",
        "element_type": "cea_zone",
        "building": "yes",
        "cea_name": "B1101",
        "intersection_area_m2": 182.37776185766984,
        "is_residential": true,
        "residential_source": "cea",
        "radiation_sum_kwh_year": 377544.4115,
        "radiation_sum": 377544.4115,
        "radiation_point_count": 301.0,
        "use_type1": "MULTI_RES",
        "use_type2": "NONE",
        "use_type3": "NONE",
        "resi_type": null,
        "comparison_status": "matched",
        "validation_radiation_kwh_year": 377544.4115,
        "ucea_radiation_kwh_year": 311967.9599999997,
        "workflow0_radiation_kwh_year": 310949.8999999995,
        "validation_area_m2": 182.37776185766984,
        "ucea_roofs_top_m2": 185.79,
        "err_ucea_minus_validation_kwh_year": 65576.45150000032,
        "err_ucea_abs_kwh_year": 65576.45150000032,
        "err_ucea_pct_of_validation": 17.36920200711283,
        "err_ucea_area_minus_validation_m2": 3.4122381423301533,
        "err_ucea_area_pct_of_validation": 1.8709727038941908,
        "err_workflow0_minus_validation_kwh_year": 66594.51150000049,
        "err_workflow0_abs_kwh_year": 66594.51150000049,
        "err_workflow0_pct_of_validation": 17.638855051626287
      },
      "geometry": {
        "type": "Polygon",
        "coordinates": [
          [
            [
              -9.1487086,
              38.753194699999995
            ],
            [
              -9.1488215,
              38.753157900000005
            ],
            [
              -9.148898000000003,
              38.7533005
            ],
            [
              -9.1487851,
              38.75333729999999
            ],
            [
              -9.1487086,
              38.753194699999995
            ]
          ]
        ]
      }
    },
    {
      "type": "Feature",
      "properties": {
        "area_id": "EUA_1_Pro",
        "osm_uid": "cea/102",
        "osmid": "102",
        "element_type": "cea_zone",
        "building": "yes",
        "cea_name": "B1102",
        "intersection_area_m2": 230.8582433570467,
        "is_residential": true,
        "residential_source": "cea",
        "radiation_sum_kwh_year": 525665.94009375,
        "radiation_sum": 525665.94009375,
        "radiation_point_count": 382.0,
        "use_type1": "MULTI_RES",
        "use_type2": "NONE",
        "use_type3": "NONE",
        "resi_type": null,
        "comparison_status": "matched",
        "validation_radiation_kwh_year": 525665.94009375,
        "ucea_radiation_kwh_year": 358066.47000000026,
        "workflow0_radiation_kwh_year": 360974.28000000014,
        "validation_area_m2": 230.8582433570467,
        "ucea_roofs_top_m2": 232.78,
        "err_ucea_minus_validation_kwh_year": 167599.47009374975,
        "err_ucea_abs_kwh_year": 167599.47009374975,
        "err_ucea_pct_of_validation": 31.883266027062586,
        "err_ucea_area_minus_validation_m2": 1.9217566429533122,
        "err_ucea_area_pct_of_validation": 0.8324401221320532,
        "err_workflow0_minus_validation_kwh_year": 164691.66009374987,
        "err_workflow0_abs_kwh_year": 164691.66009374987,
        "err_workflow0_pct_of_validation": 31.33009912424189
      },
      "geometry": {
        "type": "Polygon",
        "coordinates": [
          [
            [
              -9.1492139,
              38.7531479
            ],
            [
              -9.1491127,
              38.7531811
            ],
            [
              -9.1490043,
              38.752980099999995
            ],
            [
              -9.149052,
              38.7529644
            ],
            [
              -9.1491055,
              38.75294689999999
            ],
            [
              -9.1492139,
              38.7531479
            ]
          ]
        ]
      }
    },
    {
      "type": "Feature",
      "properties": {
        "area_id": "EUA_1_Pro",
        "osm_uid": "cea/103",
        "osmid": "103",
        "element_type": "cea_zone",
        "building": "yes",
        "cea_name": "B1103",
        "intersection_area_m2": 189.9355324422919,
        "is_residential": true,
        "residential_source": "cea",
        "radiation_sum_kwh_year": 381597.49453125003,
        "radiation_sum": 381597.49453125003,
        "radiation_point_count": 313.0,
        "use_type1": "MULTI_RES",
        "use_type2": "NONE",
        "use_type3": "NONE",
        "resi_type": null,
        "comparison_status": "matched",
        "validation_radiation_kwh_year": 381597.49453125003,
        "ucea_radiation_kwh_year": 326117.9299999991,
        "workflow0_radiation_kwh_year": 323992.5499999992,
        "validation_area_m2": 189.9355324422919,
        "ucea_roofs_top_m2": 192.19,
        "err_ucea_minus_validation_kwh_year": 55479.564531250915,
        "err_ucea_abs_kwh_year": 55479.564531250915,
        "err_ucea_pct_of_validation": 14.538765407619191,
        "err_ucea_area_minus_validation_m2": 2.2544675577080966,
        "err_ucea_area_pct_of_validation": 1.1869646130552591,
        "err_workflow0_minus_validation_kwh_year": 57604.94453125086,
        "err_workflow0_abs_kwh_year": 57604.94453125086,
        "err_workflow0_pct_of_validation": 15.095734473312545
      },
      "geometry": {
        "type": "Polygon",
        "coordinates": [
          [
            [
              -9.148898000000003,
              38.7533005
            ],
            [
              -9.1489777,
              38.753449
            ],
            [
              -9.1488648,
              38.75348579999999
            ],
            [
              -9.1487851,
              38.75333729999999
            ],
            [
              -9.148898000000003,
              38.7533005
            ]
          ]
        ]
      }
    },
    {
      "type": "Feature",
      "properties": {
        "area_id": "EUA_1_Pro",
        "osm_uid": "cea/104",
        "osmid": "104",
        "element_type": "cea_zone",
        "building": "yes",
        "cea_name": "B1104",
        "intersection_area_m2": 270.8078188346374,
        "is_residential": true,
        "residential_source": "cea",
        "radiation_sum_kwh_year": 573449.410859375,
        "radiation_sum": 573449.410859375,
        "radiation_point_count": 446.0,
        "use_type1": "MULTI_RES",
        "use_type2": "NONE",
        "use_type3": "NONE",
        "resi_type": null,
        "comparison_status": "matched",
        "validation_radiation_kwh_year": 573449.410859375,
        "ucea_radiation_kwh_year": 437053.7900000016,
        "workflow0_radiation_kwh_year": 436858.0800000001,
        "validation_area_m2": 270.8078188346374,
        "ucea_roofs_top_m2": 272.57,
        "err_ucea_minus_validation_kwh_year": 136395.62085937342,
        "err_ucea_abs_kwh_year": 136395.62085937342,
        "err_ucea_pct_of_validation": 23.785118316709063,
        "err_ucea_area_minus_validation_m2": 1.7621811653626196,
        "err_ucea_area_pct_of_validation": 0.650712809159567,
        "err_workflow0_minus_validation_kwh_year": 136591.33085937495,
        "err_workflow0_abs_kwh_year": 136591.33085937495,
        "err_workflow0_pct_of_validation": 23.819246872130933
      },
      "geometry": {
        "type": "Polygon",
        "coordinates": [
          [
            [
              -9.1492139,
              38.7531479
            ],
            [
              -9.1493411,
              38.7533837
            ],
            [
              -9.1492399,
              38.7534169
            ],
            [
              -9.1491127,
              38.7531811
            ],
            [
              -9.1492139,
              38.7531479
            ]
          ]
        ]
      }
    },
    {
      "type": "Feature",
      "properties": {
        "area_id": "EUA_1_Pro",
        "osm_uid": "cea/105",
        "osmid": "105",
        "element_type": "cea_zone",
        "building": "yes",
        "cea_name": "B1105",
        "intersection_area_m2": 182.02623338301825,
        "is_residential": true,
        "residential_source": "cea",
        "radiation_sum_kwh_year": 414822.39353125,
        "radiation_sum": 414822.39353125,
        "radiation_point_count": 299.0,
        "use_type1": "MULTI_RES",
        "use_type2": "NONE",
        "use_type3": "NONE",
        "resi_type": null,
        "comparison_status": "matched",
        "validation_radiation_kwh_year": 414822.39353125,
        "ucea_radiation_kwh_year": 309115.5399999991,
        "workflow0_radiation_kwh_year": 308339.93000000017,
        "validation_area_m2": 182.02623338301825,
        "ucea_roofs_top_m2": 184.57,
        "err_ucea_minus_validation_kwh_year": 105706.8535312509,
        "err_ucea_abs_kwh_year": 105706.8535312509,
        "err_ucea_pct_of_validation": 25.48243662339498,
        "err_ucea_area_minus_validation_m2": 2.543766616981742,
        "err_ucea_area_pct_of_validation": 1.3974725344281376,
        "err_workflow0_minus_validation_kwh_year": 106482.46353124984,
        "err_workflow0_abs_kwh_year": 106482.46353124984,
        "err_workflow0_pct_of_validation": 25.669410618071698
      },
      "geometry": {
        "type": "Polygon",
        "coordinates": [
          [
            [
              -9.1490069,
              38.7537253
            ],
            [
              -9.1491207,
              38.75368879999999
            ],
            [
              -9.1491955,
              38.753830699999995
            ],
            [
              -9.1490817,
              38.7538672
            ],
            [
              -9.1490069,
              38.7537253
            ]
          ]
        ]
      }
    },
    {
      "type": "Feature",
      "properties": {
        "area_id": "EUA_1_Pro",
        "osm_uid": "cea/106",
        "osmid": "106",
        "element_type": "cea_zone",
        "building": "yes",
        "cea_name": "B1106",
        "intersection_area_m2": 161.54929316011675,
        "is_residential": true,
        "residential_source": "cea",
        "radiation_sum_kwh_year": 344803.76340625,
        "radiation_sum": 344803.76340625,
        "radiation_point_count": 266.0,
        "use_type1": "MULTI_RES",
        "use_type2": "NONE",
        "use_type3": "NONE",
        "resi_type": null,
        "comparison_status": "matched",
        "validation_radiation_kwh_year": 344803.76340625,
        "ucea_radiation_kwh_year": 258080.5900000002,
        "workflow0_radiation_kwh_year": 258196.4700000007,
        "validation_area_m2": 161.54929316011675,
        "ucea_roofs_top_m2": 162.47,
        "err_ucea_minus_validation_kwh_year": 86723.17340624979,
        "err_ucea_abs_kwh_year": 86723.17340624979,
        "err_ucea_pct_of_validation": 25.151457904498564,
        "err_ucea_area_minus_validation_m2": 0.9207068398832519,
        "err_ucea_area_pct_of_validation": 0.5699231620720924,
        "err_workflow0_minus_validation_kwh_year": 86607.29340624929,
        "err_workflow0_abs_kwh_year": 86607.29340624929,
        "err_workflow0_pct_of_validation": 25.11785038268507
      },
      "geometry": {
        "type": "Polygon",
        "coordinates": [
          [
            [
              -9.1493667,
              38.75377040000001
            ],
            [
              -9.1492926,
              38.753633
            ],
            [
              -9.1493468,
              38.753615200000006
            ],
            [
              -9.1493962,
              38.753599
            ],
            [
              -9.1494703,
              38.7537364
            ],
            [
              -9.1493667,
              38.75377040000001
            ]
          ]
        ]
      }
    },
    {
      "type": "Feature",
      "properties": {
        "area_id": "EUA_1_Pro",
        "osm_uid": "cea/107",
        "osmid": "107",
        "element_type": "cea_zone",
        "building": "yes",
        "cea_name": "B1107",
        "intersection_area_m2": 228.00089313279236,
        "is_residential": true,
        "residential_source": "cea",
        "radiation_sum_kwh_year": 499807.21021875,
        "radiation_sum": 499807.21021875,
        "radiation_point_count": 377.0,
        "use_type1": "MULTI_RES",
        "use_type2": "NONE",
        "use_type3": "NONE",
        "resi_type": null,
        "comparison_status": "matched",
        "validation_radiation_kwh_year": 499807.21021875,
        "ucea_radiation_kwh_year": 386784.2599999995,
        "workflow0_radiation_kwh_year": 383625.7999999992,
        "validation_area_m2": 228.00089313279236,
        "ucea_roofs_top_m2": 230.4,
        "err_ucea_minus_validation_kwh_year": 113022.95021875051,
        "err_ucea_abs_kwh_year": 113022.95021875051,
        "err_ucea_pct_of_validation": 22.61330927364651,
        "err_ucea_area_minus_validation_m2": 2.3991068672076494,
        "err_ucea_area_pct_of_validation": 1.0522357321689793,
        "err_workflow0_minus_validation_kwh_year": 116181.41021875083,
        "err_workflow0_abs_kwh_year": 116181.41021875083,
        "err_workflow0_pct_of_validation": 23.245244935122457
      },
      "geometry": {
        "type": "Polygon",
        "coordinates": [
          [
            [
              -9.1491755,
              38.754045
            ],
            [
              -9.1490817,
              38.7538672
            ],
            [
              -9.1491955,
              38.753830699999995
            ],
            [
              -9.1492892,
              38.75400849999999
            ],
            [
              -9.1491755,
              38.754045
            ]
          ]
        ]
      }
    },
    {
      "type": "Feature",
      "properties": {
        "area_id": "EUA_1_Pro",
        "osm_uid": "cea/108",
        "osmid": "108",
        "element_type": "cea_zone",
        "building": "yes",
        "cea_name": "B1108",
        "intersection_area_m2": 214.3274098047559,
        "is_residential": true,
        "residential_source": "cea",
        "radiation_sum_kwh_year": 437326.23128125,
        "radiation_sum": 437326.23128125,
        "radiation_point_count": 353.0,
        "use_type1": "MULTI_RES",
        "use_type2": "NONE",
        "use_type3": "NONE",
        "resi_type": null,
        "comparison_status": "matched",
        "validation_radiation_kwh_year": 437326.23128125,
        "ucea_radiation_kwh_year": 325723.64000000036,
        "workflow0_radiation_kwh_year": 325703.1399999997,
        "validation_area_m2": 214.3274098047559,
        "ucea_roofs_top_m2": 217.77,
        "err_ucea_minus_validation_kwh_year": 111602.59128124965,
        "err_ucea_abs_kwh_year": 111602.59128124965,
        "err_ucea_pct_of_validation": 25.519299620853666,
        "err_ucea_area_minus_validation_m2": 3.4425901952441222,
        "err_ucea_area_pct_of_validation": 1.6062295524311103,
        "err_workflow0_minus_validation_kwh_year": 111623.0912812503,
        "err_workflow0_abs_kwh_year": 111623.0912812503,
        "err_workflow0_pct_of_validation": 25.52398719697746
      },
      "geometry": {
        "type": "Polygon",
        "coordinates": [
          [
            [
              -9.149465,
              38.75395269999999
            ],
            [
              -9.1493667,
              38.75377040000001
            ],
            [
              -9.1494703,
              38.7537364
            ],
            [
              -9.1495686,
              38.75391870000001
            ],
            [
              -9.149465,
              38.75395269999999
            ]
          ]
        ]
      }
    },
    {
      "type": "Feature",
      "properties": {
        "area_id": "EUA_1_Pro",
        "osm_uid": "cea/109",
        "osmid": "109",
        "element_type": "cea_zone",
        "building": "yes",
        "cea_name": "B1109",
        "intersection_area_m2": 217.127566230635,
        "is_residential": true,
        "residential_source": "cea",
        "radiation_sum_kwh_year": 446134.701671875,
        "radiation_sum": 446134.701671875,
        "radiation_point_count": 359.0,
        "use_type1": "MULTI_RES",
        "use_type2": "NONE",
        "use_type3": "NONE",
        "resi_type": null,
        "comparison_status": "matched",
        "validation_radiation_kwh_year": 446134.701671875,
        "ucea_radiation_kwh_year": 373511.5599999998,
        "workflow0_radiation_kwh_year": 371669.7700000003,
        "validation_area_m2": 217.127566230635,
        "ucea_roofs_top_m2": 219.56,
        "err_ucea_minus_validation_kwh_year": 72623.1416718752,
        "err_ucea_abs_kwh_year": 72623.1416718752,
        "err_ucea_pct_of_validation": 16.27829922212336,
        "err_ucea_area_minus_validation_m2": 2.432433769364991,
        "err_ucea_area_pct_of_validation": 1.1202786507454499,
        "err_workflow0_minus_validation_kwh_year": 74464.93167187471,
        "err_workflow0_abs_kwh_year": 74464.93167187471,
        "err_workflow0_pct_of_validation": 16.691131936793944
      },
      "geometry": {
        "type": "Polygon",
        "coordinates": [
          [
            [
              -9.146988,
              38.749889299999985
            ],
            [
              -9.1470441,
              38.749870900000005
            ],
            [
              -9.147143700000003,
              38.7500559
            ],
            [
              -9.1470403,
              38.75008979999999
            ],
            [
              -9.1469406,
              38.7499049
            ],
            [
              -9.146988,
              38.749889299999985
            ]
          ]
        ]
      }
    },
    {
      "type": "Feature",
      "properties": {
        "area_id": "EUA_1_Pro",
        "osm_uid": "cea/113",
        "osmid": "113",
        "element_type": "cea_zone",
        "building": "yes",
        "cea_name": "B1113",
        "intersection_area_m2": 249.443313773792,
        "is_residential": true,
        "residential_source": "cea",
        "radiation_sum_kwh_year": 540011.94325,
        "radiation_sum": 540011.94325,
        "radiation_point_count": 411.0,
        "use_type1": "MULTI_RES",
        "use_type2": "NONE",
        "use_type3": "NONE",
        "resi_type": null,
        "comparison_status": "matched",
        "validation_radiation_kwh_year": 540011.94325,
        "ucea_radiation_kwh_year": 420603.47999999905,
        "workflow0_radiation_kwh_year": 418727.6800000006,
        "validation_area_m2": 249.443313773792,
        "ucea_roofs_top_m2": 255.51,
        "err_ucea_minus_validation_kwh_year": 119408.46325000096,
        "err_ucea_abs_kwh_year": 119408.46325000096,
        "err_ucea_pct_of_validation": 22.11218932147219,
        "err_ucea_area_minus_validation_m2": 6.066686226207992,
        "err_ucea_area_pct_of_validation": 2.4320901347989525,
        "err_workflow0_minus_validation_kwh_year": 121284.26324999944,
        "err_workflow0_abs_kwh_year": 121284.26324999944,
        "err_workflow0_pct_of_validation": 22.459552009176683
      },
      "geometry": {
        "type": "Polygon",
        "coordinates": [
          [
            [
              -9.1476331,
              38.7501664
            ],
            [
              -9.1477426,
              38.7503687
            ],
            [
              -9.1476324,
              38.750401899999986
            ],
            [
              -9.1475234,
              38.7502019
            ],
            [
              -9.1476331,
              38.7501664
            ]
          ]
        ]
      }
    },
    {
      "type": "Feature",
      "properties": {
        "area_id": "EUA_1_Pro",
        "osm_uid": "cea/114",
        "osmid": "114",
        "element_type": "cea_zone",
        "building": "yes",
        "cea_name": "B1114",
        "intersection_area_m2": 189.8420517087396,
        "is_residential": true,
        "residential_source": "cea",
        "radiation_sum_kwh_year": 388141.38653125,
        "radiation_sum": 388141.38653125,
        "radiation_point_count": 313.0,
        "use_type1": "MULTI_RES",
        "use_type2": "NONE",
        "use_type3": "NONE",
        "resi_type": null,
        "comparison_status": "matched",
        "validation_radiation_kwh_year": 388141.38653125,
        "ucea_radiation_kwh_year": 328074.5599999982,
        "workflow0_radiation_kwh_year": 316196.2799999989,
        "validation_area_m2": 189.8420517087396,
        "ucea_roofs_top_m2": 192.33,
        "err_ucea_minus_validation_kwh_year": 60066.826531251834,
        "err_ucea_abs_kwh_year": 60066.826531251834,
        "err_ucea_pct_of_validation": 15.475501612455783,
        "err_ucea_area_minus_validation_m2": 2.487948291260409,
        "err_ucea_area_pct_of_validation": 1.3105359265066736,
        "err_workflow0_minus_validation_kwh_year": 71945.1065312511,
        "err_workflow0_abs_kwh_year": 71945.1065312511,
        "err_workflow0_pct_of_validation": 18.535798816563116
      },
      "geometry": {
        "type": "Polygon",
        "coordinates": [
          [
            [
              -9.1472892,
              38.750555199999994
            ],
            [
              -9.1472835,
              38.750544899999994
            ],
            [
              -9.1472951,
              38.75054109999999
            ],
            [
              -9.1473295,
              38.750529599999986
            ],
            [
              -9.1473913,
              38.7505093
            ],
            [
              -9.1474755,
              38.7506643
            ],
            [
              -9.1473678,
              38.75069979999999
            ],
            [
              -9.1472892,
              38.750555199999994
            ]
          ]
        ]
      }
    },
    {
      "type": "Feature",
      "properties": {
        "area_id": "EUA_1_Pro",
        "osm_uid": "cea/115",
        "osmid": "115",
        "element_type": "cea_zone",
        "building": "yes",
        "cea_name": "B1115",
        "intersection_area_m2": 156.63172932768933,
        "is_residential": true,
        "residential_source": "cea",
        "radiation_sum_kwh_year": 328101.60225,
        "radiation_sum": 328101.60225,
        "radiation_point_count": 259.0,
        "use_type1": "MULTI_RES",
        "use_type2": "NONE",
        "use_type3": "NONE",
        "resi_type": null,
        "comparison_status": "matched",
        "validation_radiation_kwh_year": 328101.60225,
        "ucea_radiation_kwh_year": 270855.72,
        "workflow0_radiation_kwh_year": 270034.6800000006,
        "validation_area_m2": 156.63172932768933,
        "ucea_roofs_top_m2": 159.91,
        "err_ucea_minus_validation_kwh_year": 57245.882250000024,
        "err_ucea_abs_kwh_year": 57245.882250000024,
        "err_ucea_pct_of_validation": 17.447608258365346,
        "err_ucea_area_minus_validation_m2": 3.2782706723106685,
        "err_ucea_area_pct_of_validation": 2.092979938599922,
        "err_workflow0_minus_validation_kwh_year": 58066.92224999942,
        "err_workflow0_abs_kwh_year": 58066.92224999942,
        "err_workflow0_pct_of_validation": 17.6978478165903
      },
      "geometry": {
        "type": "Polygon",
        "coordinates": [
          [
            [
              -9.1467507,
              38.750395100000006
            ],
            [
              -9.1469408,
              38.7503328
            ],
            [
              -9.14698,
              38.7504054
            ],
            [
              -9.1467898,
              38.7504677
            ],
            [
              -9.1467507,
              38.750395100000006
            ]
          ]
        ]
      }
    },
    {
      "type": "Feature",
      "properties": {
        "area_id": "EUA_1_Pro",
        "osm_uid": "cea/116",
        "osmid": "116",
        "element_type": "cea_zone",
        "building": "yes",
        "cea_name": "B1116",
        "intersection_area_m2": 146.53470417120252,
        "is_residential": true,
        "residential_source": "cea",
        "radiation_sum_kwh_year": 253518.4709453125,
        "radiation_sum": 253518.4709453125,
        "radiation_point_count": 242.0,
        "use_type1": "MULTI_RES",
        "use_type2": "NONE",
        "use_type3": "NONE",
        "resi_type": null,
        "comparison_status": "matched",
        "validation_radiation_kwh_year": 253518.4709453125,
        "ucea_radiation_kwh_year": 250179.39000000036,
        "workflow0_radiation_kwh_year": 249722.8199999989,
        "validation_area_m2": 146.53470417120252,
        "ucea_roofs_top_m2": 147.6,
        "err_ucea_minus_validation_kwh_year": 3339.080945312133,
        "err_ucea_abs_kwh_year": 3339.080945312133,
        "err_ucea_pct_of_validation": 1.317095725949065,
        "err_ucea_area_minus_validation_m2": 1.065295828797474,
        "err_ucea_area_pct_of_validation": 0.726992172142952,
        "err_workflow0_minus_validation_kwh_year": 3795.650945313595,
        "err_workflow0_abs_kwh_year": 3795.650945313595,
        "err_workflow0_pct_of_validation": 1.4971891125567613
      },
      "geometry": {
        "type": "Polygon",
        "coordinates": [
          [
            [
              -9.1464316,
              38.7499724
            ],
            [
              -9.1465092,
              38.749946900000005
            ],
            [
              -9.1465988,
              38.7501132
            ],
            [
              -9.1465211,
              38.750138699999994
            ],
            [
              -9.1464316,
              38.7499724
            ]
          ]
        ]
      }
    },
    {
      "type": "Feature",
      "properties": {
        "area_id": "EUA_1_Pro",
        "osm_uid": "cea/117",
        "osmid": "117",
        "element_type": "cea_zone",
        "building": "yes",
        "cea_name": "B1117",
        "intersection_area_m2": 125.02525170775829,
        "is_residential": true,
        "residential_source": "cea",
        "radiation_sum_kwh_year": 239873.27515625,
        "radiation_sum": 239873.27515625,
        "radiation_point_count": 205.0,
        "use_type1": "MULTI_RES",
        "use_type2": "NONE",
        "use_type3": "NONE",
        "resi_type": null,
        "comparison_status": "matched",
        "validation_radiation_kwh_year": 239873.27515625,
        "ucea_radiation_kwh_year": 215024.95999999912,
        "workflow0_radiation_kwh_year": 215211.58999999973,
        "validation_area_m2": 125.02525170775829,
        "ucea_roofs_top_m2": 125.92,
        "err_ucea_minus_validation_kwh_year": 24848.315156250872,
        "err_ucea_abs_kwh_year": 24848.315156250872,
        "err_ucea_pct_of_validation": 10.358934374854822,
        "err_ucea_area_minus_validation_m2": 0.8947482922417151,
        "err_ucea_area_pct_of_validation": 0.715654061895556,
        "err_workflow0_minus_validation_kwh_year": 24661.685156250256,
        "err_workflow0_abs_kwh_year": 24661.685156250256,
        "err_workflow0_pct_of_validation": 10.281130792993087
      },
      "geometry": {
        "type": "Polygon",
        "coordinates": [
          [
            [
              -9.1465975,
              38.750280499999995
            ],
            [
              -9.1465211,
              38.750138699999994
            ],
            [
              -9.1465988,
              38.7501132
            ],
            [
              -9.1466752,
              38.75025500000001
            ],
            [
              -9.1465975,
              38.750280499999995
            ]
          ]
        ]
      }
    },
    {
      "type": "Feature",
      "properties": {
        "area_id": "EUA_1_Pro",
        "osm_uid": "cea/118",
        "osmid": "118",
        "element_type": "cea_zone",
        "building": "yes",
        "cea_name": "B1118",
        "intersection_area_m2": 143.79446984026313,
        "is_residential": true,
        "residential_source": "cea",
        "radiation_sum_kwh_year": 303141.33521875,
        "radiation_sum": 303141.33521875,
        "radiation_point_count": 238.0,
        "use_type1": "MULTI_RES",
        "use_type2": "NONE",
        "use_type3": "NONE",
        "resi_type": null,
        "comparison_status": "matched",
        "validation_radiation_kwh_year": 303141.33521875,
        "ucea_radiation_kwh_year": 248665.33000000042,
        "workflow0_radiation_kwh_year": 248542.34000000003,
        "validation_area_m2": 143.79446984026313,
        "ucea_roofs_top_m2": 144.43,
        "err_ucea_minus_validation_kwh_year": 54476.005218749575,
        "err_ucea_abs_kwh_year": 54476.005218749575,
        "err_ucea_pct_of_validation": 17.970497220195693,
        "err_ucea_area_minus_validation_m2": 0.6355301597368737,
        "err_ucea_area_pct_of_validation": 0.44197121102283327,
        "err_workflow0_minus_validation_kwh_year": 54598.99521874997,
        "err_workflow0_abs_kwh_year": 54598.99521874997,
        "err_workflow0_pct_of_validation": 18.01106905442333
      },
      "geometry": {
        "type": "Polygon",
        "coordinates": [
          [
            [
              -9.1478584,
              38.753866699999996
            ],
            [
              -9.1479427,
              38.7538394
            ],
            [
              -9.1480231,
              38.753990099999996
            ],
            [
              -9.1479387,
              38.7540175
            ],
            [
              -9.1478584,
              38.753866699999996
            ]
          ]
        ]
      }
    },
    {
      "type": "Feature",
      "properties": {
        "area_id": "EUA_1_Pro",
        "osm_uid": "cea/119",
        "osmid": "119",
        "element_type": "cea_zone",
        "building": "yes",
        "cea_name": "B1119",
        "intersection_area_m2": 139.47900079617625,
        "is_residential": true,
        "residential_source": "cea",
        "radiation_sum_kwh_year": 294365.7165,
        "radiation_sum": 294365.7165,
        "radiation_point_count": 229.0,
        "use_type1": "MULTI_RES",
        "use_type2": "NONE",
        "use_type3": "NONE",
        "resi_type": null,
        "comparison_status": "matched",
        "validation_radiation_kwh_year": 294365.7165,
        "ucea_radiation_kwh_year": 242428.69999999966,
        "workflow0_radiation_kwh_year": 241608.64999999967,
        "validation_area_m2": 139.47900079617625,
        "ucea_roofs_top_m2": 140.9,
        "err_ucea_minus_validation_kwh_year": 51937.01650000032,
        "err_ucea_abs_kwh_year": 51937.01650000032,
        "err_ucea_pct_of_validation": 17.643704272878637,
        "err_ucea_area_minus_validation_m2": 1.4209992038237544,
        "err_ucea_area_pct_of_validation": 1.0187907826356541,
        "err_workflow0_minus_validation_kwh_year": 52757.06650000031,
        "err_workflow0_abs_kwh_year": 52757.06650000031,
        "err_workflow0_pct_of_validation": 17.92228630673447
      },
      "geometry": {
        "type": "Polygon",
        "coordinates": [
          [
            [
              -9.1475763,
              38.75333739999999
            ],
            [
              -9.1476603,
              38.7533113
            ],
            [
              -9.1477362,
              38.75346
            ],
            [
              -9.1476523,
              38.75348609999998
            ],
            [
              -9.1475763,
              38.75333739999999
            ]
          ]
        ]
      }
    },
    {
      "type": "Feature",
      "properties": {
        "area_id": "EUA_1_Pro",
        "osm_uid": "cea/120",
        "osmid": "120",
        "element_type": "cea_zone",
        "building": "yes",
        "cea_name": "B1120",
        "intersection_area_m2": 127.65413573463212,
        "is_residential": true,
        "residential_source": "cea",
        "radiation_sum_kwh_year": 271317.988328125,
        "radiation_sum": 271317.988328125,
        "radiation_point_count": 211.0,
        "use_type1": "MULTI_RES",
        "use_type2": "NONE",
        "use_type3": "NONE",
        "resi_type": null,
        "comparison_status": "matched",
        "validation_radiation_kwh_year": 271317.988328125,
        "ucea_radiation_kwh_year": 216816.26999999976,
        "workflow0_radiation_kwh_year": 217315.92999999961,
        "validation_area_m2": 127.65413573463212,
        "ucea_roofs_top_m2": 129.92,
        "err_ucea_minus_validation_kwh_year": 54501.71832812522,
        "err_ucea_abs_kwh_year": 54501.71832812522,
        "err_ucea_pct_of_validation": 20.08776442135943,
        "err_ucea_area_minus_validation_m2": 2.265864265367867,
        "err_ucea_area_pct_of_validation": 1.7750026290398877,
        "err_workflow0_minus_validation_kwh_year": 54002.058328125364,
        "err_workflow0_abs_kwh_year": 54002.058328125364,
        "err_workflow0_pct_of_validation": 19.903604129194953
      },
      "geometry": {
        "type": "Polygon",
        "coordinates": [
          [
            [
              -9.1488759,
              38.7537896
            ],
            [
              -9.1489096,
              38.75385219999999
            ],
            [
              -9.1487297,
              38.75391110000001
            ],
            [
              -9.148696,
              38.7538486
            ],
            [
              -9.1488759,
              38.7537896
            ]
          ]
        ]
      }
    },
    {
      "type": "Feature",
      "properties": {
        "area_id": "EUA_1_Pro",
        "osm_uid": "cea/121",
        "osmid": "121",
        "element_type": "cea_zone",
        "building": "yes",
        "cea_name": "B1121",
        "intersection_area_m2": 148.16769408835682,
        "is_residential": true,
        "residential_source": "cea",
        "radiation_sum_kwh_year": 297078.172875,
        "radiation_sum": 297078.172875,
        "radiation_point_count": 244.0,
        "use_type1": "MULTI_RES",
        "use_type2": "NONE",
        "use_type3": "NONE",
        "resi_type": null,
        "comparison_status": "matched",
        "validation_radiation_kwh_year": 297078.172875,
        "ucea_radiation_kwh_year": 251721.9300000003,
        "workflow0_radiation_kwh_year": 253511.39999999997,
        "validation_area_m2": 148.16769408835682,
        "ucea_roofs_top_m2": 150.78,
        "err_ucea_minus_validation_kwh_year": 45356.242874999676,
        "err_ucea_abs_kwh_year": 45356.242874999676,
        "err_ucea_pct_of_validation": 15.267443729056454,
        "err_ucea_area_minus_validation_m2": 2.612305911643176,
        "err_ucea_area_pct_of_validation": 1.7630738790369378,
        "err_workflow0_minus_validation_kwh_year": 43566.772875000024,
        "err_workflow0_abs_kwh_year": 43566.772875000024,
        "err_workflow0_pct_of_validation": 14.66508712281982
      },
      "geometry": {
        "type": "Polygon",
        "coordinates": [
          [
            [
              -9.1485972,
              38.7532536
            ],
            [
              -9.1486341,
              38.7533226
            ],
            [
              -9.1484445,
              38.75338430000001
            ],
            [
              -9.1484076,
              38.7533152
            ],
            [
              -9.1485972,
              38.7532536
            ]
          ]
        ]
      }
    },
    {
      "type": "Feature",
      "properties": {
        "area_id": "EUA_1_Pro",
        "osm_uid": "cea/123",
        "osmid": "123",
        "element_type": "cea_zone",
        "building": "yes",
        "cea_name": "B1123",
        "intersection_area_m2": 136.3327818125497,
        "is_residential": true,
        "residential_source": "cea",
        "radiation_sum_kwh_year": 255156.774578125,
        "radiation_sum": 255156.774578125,
        "radiation_point_count": 225.0,
        "use_type1": "MULTI_RES",
        "use_type2": "NONE",
        "use_type3": "NONE",
        "resi_type": null,
        "comparison_status": "matched",
        "validation_radiation_kwh_year": 255156.774578125,
        "ucea_radiation_kwh_year": 238170.25999999963,
        "workflow0_radiation_kwh_year": 235609.24999999953,
        "validation_area_m2": 136.3327818125497,
        "ucea_roofs_top_m2": 139.35,
        "err_ucea_minus_validation_kwh_year": 16986.51457812538,
        "err_ucea_abs_kwh_year": 16986.51457812538,
        "err_ucea_pct_of_validation": 6.657285351804123,
        "err_ucea_area_minus_validation_m2": 3.0172181874502826,
        "err_ucea_area_pct_of_validation": 2.21312742785429,
        "err_workflow0_minus_validation_kwh_year": 19547.524578125478,
        "err_workflow0_abs_kwh_year": 19547.524578125478,
        "err_workflow0_pct_of_validation": 7.660985921477202
      },
      "geometry": {
        "type": "Polygon",
        "coordinates": [
          [
            [
              -9.1480346,
              38.7538796
            ],
            [
              -9.1480024,
              38.75381939999999
            ],
            [
              -9.1482025,
              38.753754400000005
            ],
            [
              -9.1482115,
              38.753771199999996
            ],
            [
              -9.1482347,
              38.75381459999999
            ],
            [
              -9.1480346,
              38.7538796
            ]
          ]
        ]
      }
    },
    {
      "type": "Feature",
      "properties": {
        "area_id": "EUA_1_Pro",
        "osm_uid": "cea/124",
        "osmid": "124",
        "element_type": "cea_zone",
        "building": "yes",
        "cea_name": "B1124",
        "intersection_area_m2": 145.95654489301546,
        "is_residential": true,
        "residential_source": "cea",
        "radiation_sum_kwh_year": 279587.954703125,
        "radiation_sum": 279587.954703125,
        "radiation_point_count": 241.0,
        "use_type1": "MULTI_RES",
        "use_type2": "NONE",
        "use_type3": "NONE",
        "resi_type": null,
        "comparison_status": "matched",
        "validation_radiation_kwh_year": 279587.954703125,
        "ucea_radiation_kwh_year": 253845.5799999994,
        "workflow0_radiation_kwh_year": 252566.2300000002,
        "validation_area_m2": 145.95654489301546,
        "ucea_roofs_top_m2": 148.6,
        "err_ucea_minus_validation_kwh_year": 25742.37470312559,
        "err_ucea_abs_kwh_year": 25742.37470312559,
        "err_ucea_pct_of_validation": 9.20725455803689,
        "err_ucea_area_minus_validation_m2": 2.6434551069845327,
        "err_ucea_area_pct_of_validation": 1.8111247487546076,
        "err_workflow0_minus_validation_kwh_year": 27021.724703124783,
        "err_workflow0_abs_kwh_year": 27021.724703124783,
        "err_workflow0_pct_of_validation": 9.664838648652541
      },
      "geometry": {
        "type": "Polygon",
        "coordinates": [
          [
            [
              -9.1477479,
              38.753348
            ],
            [
              -9.1477113,
              38.753281799999996
            ],
            [
              -9.1479042,
              38.75321689999999
            ],
            [
              -9.1479202,
              38.75324579999999
            ],
            [
              -9.1479408,
              38.753282999999996
            ],
            [
              -9.1477479,
              38.753348
            ]
          ]
        ]
      }
    },
    {
      "type": "Feature",
      "properties": {
        "area_id": "EUA_1_Pro",
        "osm_uid": "cea/126",
        "osmid": "126",
        "element_type": "cea_zone",
        "building": "yes",
        "cea_name": "B1126",
        "intersection_area_m2": 151.7642404553967,
        "is_residential": true,
        "residential_source": "cea",
        "radiation_sum_kwh_year": 281901.59746875,
        "radiation_sum": 281901.59746875,
        "radiation_point_count": 249.0,
        "use_type1": "MULTI_RES",
        "use_type2": "NONE",
        "use_type3": "NONE",
        "resi_type": null,
        "comparison_status": "matched",
        "validation_radiation_kwh_year": 281901.59746875,
        "ucea_radiation_kwh_year": 263854.5399999994,
        "workflow0_radiation_kwh_year": 262744.26000000024,
        "validation_area_m2": 151.7642404553967,
        "ucea_roofs_top_m2": 154.61,
        "err_ucea_minus_validation_kwh_year": 18047.05746875063,
        "err_ucea_abs_kwh_year": 18047.05746875063,
        "err_ucea_pct_of_validation": 6.4018996808811,
        "err_ucea_area_minus_validation_m2": 2.845759544603311,
        "err_ucea_area_pct_of_validation": 1.875118628778481,
        "err_workflow0_minus_validation_kwh_year": 19157.337468749785,
        "err_workflow0_abs_kwh_year": 19157.337468749785,
        "err_workflow0_pct_of_validation": 6.795753426290341
      },
      "geometry": {
        "type": "Polygon",
        "coordinates": [
          [
            [
              -9.148076000000001,
              38.7535302
            ],
            [
              -9.1478859,
              38.753591899999996
            ],
            [
              -9.1478482,
              38.75352139999999
            ],
            [
              -9.1480383,
              38.7534596
            ],
            [
              -9.1480641,
              38.7535079
            ],
            [
              -9.148076000000001,
              38.7535302
            ]
          ]
        ]
      }
    },
    {
      "type": "Feature",
      "properties": {
        "area_id": "EUA_1_Pro",
        "osm_uid": "cea/127",
        "osmid": "127",
        "element_type": "cea_zone",
        "building": "yes",
        "cea_name": "B1127",
        "intersection_area_m2": 137.8308719755337,
        "is_residential": true,
        "residential_source": "cea",
        "radiation_sum_kwh_year": 285099.384671875,
        "radiation_sum": 285099.384671875,
        "radiation_point_count": 228.0,
        "use_type1": "MULTI_RES",
        "use_type2": "NONE",
        "use_type3": "NONE",
        "resi_type": null,
        "comparison_status": "matched",
        "validation_radiation_kwh_year": 285099.384671875,
        "ucea_radiation_kwh_year": 237171.189999999,
        "workflow0_radiation_kwh_year": 237325.20999999996,
        "validation_area_m2": 137.8308719755337,
        "ucea_roofs_top_m2": 137.83,
        "err_ucea_minus_validation_kwh_year": 47928.19467187597,
        "err_ucea_abs_kwh_year": 47928.19467187597,
        "err_ucea_pct_of_validation": 16.81104809364539,
        "err_ucea_area_minus_validation_m2": 0.0008719755336983326,
        "err_ucea_area_pct_of_validation": 0.000632641672507968,
        "err_workflow0_minus_validation_kwh_year": 47774.17467187502,
        "err_workflow0_abs_kwh_year": 47774.17467187502,
        "err_workflow0_pct_of_validation": 16.757024827275234
      },
      "geometry": {
        "type": "Polygon",
        "coordinates": [
          [
            [
              -9.1486247,
              38.753712900000004
            ],
            [
              -9.1484362,
              38.7537741
            ],
            [
              -9.1484016,
              38.75370949999999
            ],
            [
              -9.1485902,
              38.753648299999995
            ],
            [
              -9.1486247,
              38.753712900000004
            ]
          ]
        ]
      }
    },
    {
      "type": "Feature",
      "properties": {
        "area_id": "EUA_1_Pro",
        "osm_uid": "cea/128",
        "osmid": "128",
        "element_type": "cea_zone",
        "building": "yes",
        "cea_name": "B1128",
        "intersection_area_m2": 135.82342391539532,
        "is_residential": true,
        "residential_source": "cea",
        "radiation_sum_kwh_year": 284502.900265625,
        "radiation_sum": 284502.900265625,
        "radiation_point_count": 222.0,
        "use_type1": "MULTI_RES",
        "use_type2": "NONE",
        "use_type3": "NONE",
        "resi_type": null,
        "comparison_status": "matched",
        "validation_radiation_kwh_year": 284502.900265625,
        "ucea_radiation_kwh_year": 233775.3000000003,
        "workflow0_radiation_kwh_year": 233650.88000000012,
        "validation_area_m2": 135.82342391539532,
        "ucea_roofs_top_m2": 135.82,
        "err_ucea_minus_validation_kwh_year": 50727.60026562467,
        "err_ucea_abs_kwh_year": 50727.60026562467,
        "err_ucea_pct_of_validation": 17.830257694478004,
        "err_ucea_area_minus_validation_m2": 0.0034239153953308232,
        "err_ucea_area_pct_of_validation": 0.0025208578142335643,
        "err_workflow0_minus_validation_kwh_year": 50852.02026562486,
        "err_workflow0_abs_kwh_year": 50852.02026562486,
        "err_workflow0_pct_of_validation": 17.873990113333495
      },
      "geometry": {
        "type": "Polygon",
        "coordinates": [
          [
            [
              -9.1483321,
              38.7531828
            ],
            [
              -9.148146,
              38.75324549999999
            ],
            [
              -9.1481107,
              38.753181700000006
            ],
            [
              -9.1482968,
              38.753119
            ],
            [
              -9.1483321,
              38.7531828
            ]
          ]
        ]
      }
    },
    {
      "type": "Feature",
      "properties": {
        "area_id": "EUA_1_Pro",
        "osm_uid": "cea/129",
        "osmid": "129",
        "element_type": "cea_zone",
        "building": "yes",
        "cea_name": "B1129",
        "intersection_area_m2": 132.79032692397885,
        "is_residential": true,
        "residential_source": "cea",
        "radiation_sum_kwh_year": 301208.75803125,
        "radiation_sum": 301208.75803125,
        "radiation_point_count": 218.0,
        "use_type1": "MULTI_RES",
        "use_type2": "NONE",
        "use_type3": "NONE",
        "resi_type": null,
        "comparison_status": "matched",
        "validation_radiation_kwh_year": 301208.75803125,
        "ucea_radiation_kwh_year": 226479.34999999992,
        "workflow0_radiation_kwh_year": 226477.84999999954,
        "validation_area_m2": 132.79032692397885,
        "ucea_roofs_top_m2": 132.79,
        "err_ucea_minus_validation_kwh_year": 74729.40803125006,
        "err_ucea_abs_kwh_year": 74729.40803125006,
        "err_ucea_pct_of_validation": 24.80983903645225,
        "err_ucea_area_minus_validation_m2": 0.0003269239788608047,
        "err_ucea_area_pct_of_validation": 0.0002461956276739686,
        "err_workflow0_minus_validation_kwh_year": 74730.90803125044,
        "err_workflow0_abs_kwh_year": 74730.90803125044,
        "err_workflow0_pct_of_validation": 24.810337029940282
      },
      "geometry": {
        "type": "Polygon",
        "coordinates": [
          [
            [
              -9.1487297,
              38.75391110000001
            ],
            [
              -9.1485424,
              38.7539724
            ],
            [
              -9.1485087,
              38.75390989999999
            ],
            [
              -9.148696,
              38.7538486
            ],
            [
              -9.1487297,
              38.75391110000001
            ]
          ]
        ]
      }
    },
    {
      "type": "Feature",
      "properties": {
        "area_id": "EUA_1_Pro",
        "osm_uid": "cea/130",
        "osmid": "130",
        "element_type": "cea_zone",
        "building": "yes",
        "cea_name": "B1130",
        "intersection_area_m2": 144.94475128156424,
        "is_residential": true,
        "residential_source": "cea",
        "radiation_sum_kwh_year": 293231.314453125,
        "radiation_sum": 293231.314453125,
        "radiation_point_count": 240.0,
        "use_type1": "MULTI_RES",
        "use_type2": "NONE",
        "use_type3": "NONE",
        "resi_type": null,
        "comparison_status": "matched",
        "validation_radiation_kwh_year": 293231.314453125,
        "ucea_radiation_kwh_year": 249270.93000000037,
        "workflow0_radiation_kwh_year": 249405.21000000005,
        "validation_area_m2": 144.94475128156424,
        "ucea_roofs_top_m2": 149.13,
        "err_ucea_minus_validation_kwh_year": 43960.38445312463,
        "err_ucea_abs_kwh_year": 43960.38445312463,
        "err_ucea_pct_of_validation": 14.991708690836973,
        "err_ucea_area_minus_validation_m2": 4.1852487184357585,
        "err_ucea_area_pct_of_validation": 2.887478629913029,
        "err_workflow0_minus_validation_kwh_year": 43826.10445312495,
        "err_workflow0_abs_kwh_year": 43826.10445312495,
        "err_workflow0_pct_of_validation": 14.945915491618084
      },
      "geometry": {
        "type": "Polygon",
        "coordinates": [
          [
            [
              -9.1484445,
              38.75338430000001
            ],
            [
              -9.148259100000002,
              38.7534445
            ],
            [
              -9.1482222,
              38.7533754
            ],
            [
              -9.1484076,
              38.7533152
            ],
            [
              -9.1484445,
              38.75338430000001
            ]
          ]
        ]
      }
    },
    {
      "type": "Feature",
      "properties": {
        "area_id": "EUA_1_Pro",
        "osm_uid": "cea/131",
        "osmid": "131",
        "element_type": "cea_zone",
        "building": "yes",
        "cea_name": "B1131",
        "intersection_area_m2": 136.6697014858601,
        "is_residential": true,
        "residential_source": "cea",
        "radiation_sum_kwh_year": 281159.395875,
        "radiation_sum": 281159.395875,
        "radiation_point_count": 224.0,
        "use_type1": "MULTI_RES",
        "use_type2": "NONE",
        "use_type3": "NONE",
        "resi_type": null,
        "comparison_status": "matched",
        "validation_radiation_kwh_year": 281159.395875,
        "ucea_radiation_kwh_year": 232155.8799999998,
        "workflow0_radiation_kwh_year": 232717.74000000028,
        "validation_area_m2": 136.6697014858601,
        "ucea_roofs_top_m2": 138.68,
        "err_ucea_minus_validation_kwh_year": 49003.51587500019,
        "err_ucea_abs_kwh_year": 49003.51587500019,
        "err_ucea_pct_of_validation": 17.429087056648303,
        "err_ucea_area_minus_validation_m2": 2.010298514139919,
        "err_ucea_area_pct_of_validation": 1.4709174691128635,
        "err_workflow0_minus_validation_kwh_year": 48441.655874999706,
        "err_workflow0_abs_kwh_year": 48441.655874999706,
        "err_workflow0_pct_of_validation": 17.22925023517132
      },
      "geometry": {
        "type": "Polygon",
        "coordinates": [
          [
            [
              -9.1487772,
              38.753587599999996
            ],
            [
              -9.1488117,
              38.75365219999999
            ],
            [
              -9.1486247,
              38.753712900000004
            ],
            [
              -9.1485902,
              38.753648299999995
            ],
            [
              -9.1487772,
              38.753587599999996
            ]
          ]
        ]
      }
    },
    {
      "type": "Feature",
      "properties": {
        "area_id": "EUA_1_Pro",
        "osm_uid": "cea/132",
        "osmid": "132",
        "element_type": "cea_zone",
        "building": "yes",
        "cea_name": "B1132",
        "intersection_area_m2": 142.4767008628159,
        "is_residential": true,
        "residential_source": "cea",
        "radiation_sum_kwh_year": 297878.272328125,
        "radiation_sum": 297878.272328125,
        "radiation_point_count": 234.0,
        "use_type1": "MULTI_RES",
        "use_type2": "NONE",
        "use_type3": "NONE",
        "resi_type": null,
        "comparison_status": "matched",
        "validation_radiation_kwh_year": 297878.272328125,
        "ucea_radiation_kwh_year": 244939.9400000003,
        "workflow0_radiation_kwh_year": 245170.0700000002,
        "validation_area_m2": 142.4767008628159,
        "ucea_roofs_top_m2": 144.28,
        "err_ucea_minus_validation_kwh_year": 52938.33232812473,
        "err_ucea_abs_kwh_year": 52938.33232812473,
        "err_ucea_pct_of_validation": 17.77180051246269,
        "err_ucea_area_minus_validation_m2": 1.8032991371840978,
        "err_ucea_area_pct_of_validation": 1.265680020848047,
        "err_workflow0_minus_validation_kwh_year": 52708.20232812481,
        "err_workflow0_abs_kwh_year": 52708.20232812481,
        "err_workflow0_pct_of_validation": 17.694544122393925
      },
      "geometry": {
        "type": "Polygon",
        "coordinates": [
          [
            [
              -9.148492,
              38.7530532
            ],
            [
              -9.1485273,
              38.753117
            ],
            [
              -9.1483321,
              38.7531828
            ],
            [
              -9.1482968,
              38.753119
            ],
            [
              -9.148492,
              38.7530532
            ]
          ]
        ]
      }
    },
    {
      "type": "Feature",
      "properties": {
        "area_id": "EUA_1_Pro",
        "osm_uid": "cea/133",
        "osmid": "133",
        "element_type": "cea_zone",
        "building": "yes",
        "cea_name": "B1133",
        "intersection_area_m2": 184.56669512538858,
        "is_residential": true,
        "residential_source": "cea",
        "radiation_sum_kwh_year": 434819.7075,
        "radiation_sum": 434819.7075,
        "radiation_point_count": 304.0,
        "use_type1": "MULTI_RES",
        "use_type2": "NONE",
        "use_type3": "NONE",
        "resi_type": null,
        "comparison_status": "matched",
        "validation_radiation_kwh_year": 434819.7075,
        "ucea_radiation_kwh_year": 310095.25999999896,
        "workflow0_radiation_kwh_year": 302026.71999999986,
        "validation_area_m2": 184.56669512538858,
        "ucea_roofs_top_m2": 186.89,
        "err_ucea_minus_validation_kwh_year": 124724.44750000106,
        "err_ucea_abs_kwh_year": 124724.44750000106,
        "err_ucea_pct_of_validation": 28.684175383196276,
        "err_ucea_area_minus_validation_m2": 2.3233048746114093,
        "err_ucea_area_pct_of_validation": 1.2587887934131519,
        "err_workflow0_minus_validation_kwh_year": 132792.98750000016,
        "err_workflow0_abs_kwh_year": 132792.98750000016,
        "err_workflow0_pct_of_validation": 30.53978124945042
      },
      "geometry": {
        "type": "Polygon",
        "coordinates": [
          [
            [
              -9.1473295,
              38.750529599999986
            ],
            [
              -9.1472835,
              38.750544899999994
            ],
            [
              -9.1472892,
              38.750555199999994
            ],
            [
              -9.1471153,
              38.7506107
            ],
            [
              -9.1470749,
              38.75053640000001
            ],
            [
              -9.1472926,
              38.7504621
            ],
            [
              -9.1473295,
              38.750529599999986
            ]
          ]
        ]
      }
    },
    {
      "type": "Feature",
      "properties": {
        "area_id": "EUA_1_Pro",
        "osm_uid": "cea/134",
        "osmid": "134",
        "element_type": "cea_zone",
        "building": "yes",
        "cea_name": "B1134",
        "intersection_area_m2": 162.02966169247313,
        "is_residential": true,
        "residential_source": "cea",
        "radiation_sum_kwh_year": 333947.65609375003,
        "radiation_sum": 333947.65609375003,
        "radiation_point_count": 269.0,
        "use_type1": "MULTI_RES",
        "use_type2": "NONE",
        "use_type3": "NONE",
        "resi_type": null,
        "comparison_status": "matched",
        "validation_radiation_kwh_year": 333947.65609375003,
        "ucea_radiation_kwh_year": 275762.9400000003,
        "workflow0_radiation_kwh_year": 279429.1100000005,
        "validation_area_m2": 162.02966169247313,
        "ucea_roofs_top_m2": 162.03,
        "err_ucea_minus_validation_kwh_year": 58184.71609374974,
        "err_ucea_abs_kwh_year": 58184.71609374974,
        "err_ucea_pct_of_validation": 17.423304231072485,
        "err_ucea_area_minus_validation_m2": 0.0003383075268743596,
        "err_ucea_area_pct_of_validation": 0.0002087935772626965,
        "err_workflow0_minus_validation_kwh_year": 54518.54609374952,
        "err_workflow0_abs_kwh_year": 54518.54609374952,
        "err_workflow0_pct_of_validation": 16.325476492772385
      },
      "geometry": {
        "type": "Polygon",
        "coordinates": [
          [
            [
              -9.1468835,
              38.75059929999999
            ],
            [
              -9.1470749,
              38.75053640000001
            ],
            [
              -9.1471153,
              38.7506107
            ],
            [
              -9.1469227,
              38.7506739
            ],
            [
              -9.1468835,
              38.75059929999999
            ]
          ]
        ]
      }
    },
    {
      "type": "Feature",
      "properties": {
        "area_id": "EUA_1_Pro",
        "osm_uid": "cea/135",
        "osmid": "135",
        "element_type": "cea_zone",
        "building": "yes",
        "cea_name": "B1135",
        "intersection_area_m2": 148.79339513769824,
        "is_residential": true,
        "residential_source": "cea",
        "radiation_sum_kwh_year": 298827.34815625,
        "radiation_sum": 298827.34815625,
        "radiation_point_count": 246.0,
        "use_type1": "MULTI_RES",
        "use_type2": "NONE",
        "use_type3": "NONE",
        "resi_type": null,
        "comparison_status": "matched",
        "validation_radiation_kwh_year": 298827.34815625,
        "ucea_radiation_kwh_year": 256657.65999999968,
        "workflow0_radiation_kwh_year": 257003.1200000005,
        "validation_area_m2": 148.79339513769824,
        "ucea_roofs_top_m2": 152.32,
        "err_ucea_minus_validation_kwh_year": 42169.68815625034,
        "err_ucea_abs_kwh_year": 42169.68815625034,
        "err_ucea_pct_of_validation": 14.11172317943295,
        "err_ucea_area_minus_validation_m2": 3.5266048623017525,
        "err_ucea_area_pct_of_validation": 2.37013535381602,
        "err_workflow0_minus_validation_kwh_year": 41824.228156249534,
        "err_workflow0_abs_kwh_year": 41824.228156249534,
        "err_workflow0_pct_of_validation": 13.996117963868754
      },
      "geometry": {
        "type": "Polygon",
        "coordinates": [
          [
            [
              -9.146743800000001,
              38.7507305
            ],
            [
              -9.1467044,
              38.75065800000001
            ],
            [
              -9.1468835,
              38.75059929999999
            ],
            [
              -9.1469227,
              38.7506739
            ],
            [
              -9.146743800000001,
              38.7507305
            ]
          ]
        ]
      }
    },
    {
      "type": "Feature",
      "properties": {
        "area_id": "EUA_1_Pro",
        "osm_uid": "cea/136",
        "osmid": "136",
        "element_type": "cea_zone",
        "building": "yes",
        "cea_name": "B1136",
        "intersection_area_m2": 148.7432783103533,
        "is_residential": true,
        "residential_source": "cea",
        "radiation_sum_kwh_year": 294353.7740625,
        "radiation_sum": 294353.7740625,
        "radiation_point_count": 246.0,
        "use_type1": "MULTI_RES",
        "use_type2": "NONE",
        "use_type3": "NONE",
        "resi_type": null,
        "comparison_status": "matched",
        "validation_radiation_kwh_year": 294353.7740625,
        "ucea_radiation_kwh_year": 255934.35000000003,
        "workflow0_radiation_kwh_year": 256677.96000000034,
        "validation_area_m2": 148.7432783103533,
        "ucea_roofs_top_m2": 148.74,
        "err_ucea_minus_validation_kwh_year": 38419.42406249995,
        "err_ucea_abs_kwh_year": 38419.42406249995,
        "err_ucea_pct_of_validation": 13.052125519662056,
        "err_ucea_area_minus_validation_m2": 0.0032783103532949553,
        "err_ucea_area_pct_of_validation": 0.0022040057140967073,
        "err_workflow0_minus_validation_kwh_year": 37675.814062499645,
        "err_workflow0_abs_kwh_year": 37675.814062499645,
        "err_workflow0_pct_of_validation": 12.799500934715367
      },
      "geometry": {
        "type": "Polygon",
        "coordinates": [
          [
            [
              -9.146522,
              38.7507192
            ],
            [
              -9.1467044,
              38.75065800000001
            ],
            [
              -9.146743800000001,
              38.7507305
            ],
            [
              -9.146559200000002,
              38.75078969999999
            ],
            [
              -9.146522,
              38.7507192
            ]
          ]
        ]
      }
    },
    {
      "type": "Feature",
      "properties": {
        "area_id": "EUA_1_Pro",
        "osm_uid": "cea/137",
        "osmid": "137",
        "element_type": "cea_zone",
        "building": "yes",
        "cea_name": "B1137",
        "intersection_area_m2": 158.15660949467693,
        "is_residential": true,
        "residential_source": "cea",
        "radiation_sum_kwh_year": 373883.9655625,
        "radiation_sum": 373883.9655625,
        "radiation_point_count": 261.0,
        "use_type1": "MULTI_RES",
        "use_type2": "NONE",
        "use_type3": "NONE",
        "resi_type": null,
        "comparison_status": "matched",
        "validation_radiation_kwh_year": 373883.9655625,
        "ucea_radiation_kwh_year": 274666.68000000005,
        "workflow0_radiation_kwh_year": 273213.6399999999,
        "validation_area_m2": 158.15660949467693,
        "ucea_roofs_top_m2": 159.91,
        "err_ucea_minus_validation_kwh_year": 99217.28556249995,
        "err_ucea_abs_kwh_year": 99217.28556249995,
        "err_ucea_pct_of_validation": 26.536919124956267,
        "err_ucea_area_minus_validation_m2": 1.7533905053230683,
        "err_ucea_area_pct_of_validation": 1.1086419410009432,
        "err_workflow0_minus_validation_kwh_year": 100670.3255625001,
        "err_workflow0_abs_kwh_year": 100670.3255625001,
        "err_workflow0_pct_of_validation": 26.92555306859546
      },
      "geometry": {
        "type": "Polygon",
        "coordinates": [
          [
            [
              -9.1463172,
              38.7507848
            ],
            [
              -9.146522,
              38.7507192
            ],
            [
              -9.146559200000002,
              38.75078969999999
            ],
            [
              -9.1463563,
              38.7508514
            ],
            [
              -9.1463172,
              38.7507848
            ]
          ]
        ]
      }
    },
    {
      "type": "Feature",
      "properties": {
        "area_id": "EUA_1_Pro",
        "osm_uid": "cea/138",
        "osmid": "138",
        "element_type": "cea_zone",
        "building": "yes",
        "cea_name": "B1138",
        "intersection_area_m2": 106.01779832005539,
        "is_residential": true,
        "residential_source": "cea",
        "radiation_sum_kwh_year": 215238.83434375,
        "radiation_sum": 215238.83434375,
        "radiation_point_count": 176.0,
        "use_type1": "MULTI_RES",
        "use_type2": "NONE",
        "use_type3": "NONE",
        "resi_type": null,
        "comparison_status": "matched",
        "validation_radiation_kwh_year": 215238.83434375,
        "ucea_radiation_kwh_year": 184328.86999999982,
        "workflow0_radiation_kwh_year": 183445.22999999952,
        "validation_area_m2": 106.01779832005539,
        "ucea_roofs_top_m2": 107.31,
        "err_ucea_minus_validation_kwh_year": 30909.96434375018,
        "err_ucea_abs_kwh_year": 30909.96434375018,
        "err_ucea_pct_of_validation": 14.36077482857253,
        "err_ucea_area_minus_validation_m2": 1.2922016799446112,
        "err_ucea_area_pct_of_validation": 1.2188535325395127,
        "err_workflow0_minus_validation_kwh_year": 31793.604343750485,
        "err_workflow0_abs_kwh_year": 31793.604343750485,
        "err_workflow0_pct_of_validation": 14.77131412678722
      },
      "geometry": {
        "type": "Polygon",
        "coordinates": [
          [
            [
              -9.1464988,
              38.7511471
            ],
            [
              -9.1464264,
              38.75117010000001
            ],
            [
              -9.1463594,
              38.75103949999998
            ],
            [
              -9.1464297,
              38.751014899999994
            ],
            [
              -9.1464988,
              38.7511471
            ]
          ]
        ]
      }
    },
    {
      "type": "Feature",
      "properties": {
        "area_id": "EUA_1_Pro",
        "osm_uid": "cea/139",
        "osmid": "139",
        "element_type": "cea_zone",
        "building": "yes",
        "cea_name": "B1139",
        "intersection_area_m2": 159.89690855474794,
        "is_residential": true,
        "residential_source": "cea",
        "radiation_sum_kwh_year": 383348.8025,
        "radiation_sum": 383348.8025,
        "radiation_point_count": 263.0,
        "use_type1": "MULTI_RES",
        "use_type2": "NONE",
        "use_type3": "NONE",
        "resi_type": null,
        "comparison_status": "matched",
        "validation_radiation_kwh_year": 383348.8025,
        "ucea_radiation_kwh_year": 277347.45000000036,
        "workflow0_radiation_kwh_year": 249144.0799999997,
        "validation_area_m2": 159.89690855474794,
        "ucea_roofs_top_m2": 161.09,
        "err_ucea_minus_validation_kwh_year": 106001.35249999963,
        "err_ucea_abs_kwh_year": 106001.35249999963,
        "err_ucea_pct_of_validation": 27.651410884477624,
        "err_ucea_area_minus_validation_m2": 1.1930914452520653,
        "err_ucea_area_pct_of_validation": 0.7461629221202588,
        "err_workflow0_minus_validation_kwh_year": 134204.7225000003,
        "err_workflow0_abs_kwh_year": 134204.7225000003,
        "err_workflow0_pct_of_validation": 35.008514862910076
      },
      "geometry": {
        "type": "Polygon",
        "coordinates": [
          [
            [
              -9.1464297,
              38.751014899999994
            ],
            [
              -9.1463594,
              38.75103949999998
            ],
            [
              -9.1462687,
              38.75088220000001
            ],
            [
              -9.1463563,
              38.7508514
            ],
            [
              -9.1464471,
              38.7510088
            ],
            [
              -9.1464297,
              38.751014899999994
            ]
          ]
        ]
      }
    },
    {
      "type": "Feature",
      "properties": {
        "area_id": "EUA_1_Pro",
        "osm_uid": "cea/140",
        "osmid": "140",
        "element_type": "cea_zone",
        "building": "yes",
        "cea_name": "B1140",
        "intersection_area_m2": 149.37739021202708,
        "is_residential": true,
        "residential_source": "cea",
        "radiation_sum_kwh_year": 318861.58053125,
        "radiation_sum": 318861.58053125,
        "radiation_point_count": 246.0,
        "use_type1": "MULTI_RES",
        "use_type2": "NONE",
        "use_type3": "NONE",
        "resi_type": null,
        "comparison_status": "matched",
        "validation_radiation_kwh_year": 318861.58053125,
        "ucea_radiation_kwh_year": 259587.57000000012,
        "workflow0_radiation_kwh_year": 258108.41,
        "validation_area_m2": 149.37739021202708,
        "ucea_roofs_top_m2": 152.11,
        "err_ucea_minus_validation_kwh_year": 59274.01053124986,
        "err_ucea_abs_kwh_year": 59274.01053124986,
        "err_ucea_pct_of_validation": 18.589260716983972,
        "err_ucea_area_minus_validation_m2": 2.732609787972933,
        "err_ucea_area_pct_of_validation": 1.8293329292299536,
        "err_workflow0_minus_validation_kwh_year": 60753.17053124998,
        "err_workflow0_abs_kwh_year": 60753.17053124998,
        "err_workflow0_pct_of_validation": 19.053148526087757
      },
      "geometry": {
        "type": "Polygon",
        "coordinates": [
          [
            [
              -9.1471376,
              38.750975499999996
            ],
            [
              -9.1472226,
              38.7509484
            ],
            [
              -9.1473046,
              38.7511044
            ],
            [
              -9.147255,
              38.7511203
            ],
            [
              -9.1472196,
              38.751131599999994
            ],
            [
              -9.1471376,
              38.750975499999996
            ]
          ]
        ]
      }
    },
    {
      "type": "Feature",
      "properties": {
        "area_id": "EUA_1_Pro",
        "osm_uid": "cea/141",
        "osmid": "141",
        "element_type": "cea_zone",
        "building": "yes",
        "cea_name": "B1141",
        "intersection_area_m2": 161.87688584509854,
        "is_residential": true,
        "residential_source": "cea",
        "radiation_sum_kwh_year": 364927.05753125,
        "radiation_sum": 364927.05753125,
        "radiation_point_count": 267.0,
        "use_type1": "MULTI_RES",
        "use_type2": "NONE",
        "use_type3": "NONE",
        "resi_type": null,
        "comparison_status": "matched",
        "validation_radiation_kwh_year": 364927.05753125,
        "ucea_radiation_kwh_year": 276994.7600000004,
        "workflow0_radiation_kwh_year": 285271.09000000014,
        "validation_area_m2": 161.87688584509854,
        "ucea_roofs_top_m2": 162.5,
        "err_ucea_minus_validation_kwh_year": 87932.29753124958,
        "err_ucea_abs_kwh_year": 87932.29753124958,
        "err_ucea_pct_of_validation": 24.09585579269348,
        "err_ucea_area_minus_validation_m2": 0.623114154901458,
        "err_ucea_area_pct_of_validation": 0.3849309008191087,
        "err_workflow0_minus_validation_kwh_year": 79655.96753124986,
        "err_workflow0_abs_kwh_year": 79655.96753124986,
        "err_workflow0_pct_of_validation": 21.82791489075283
      },
      "geometry": {
        "type": "Polygon",
        "coordinates": [
          [
            [
              -9.1473372,
              38.751268200000005
            ],
            [
              -9.1472421,
              38.7513004
            ],
            [
              -9.1471592,
              38.751151099999994
            ],
            [
              -9.1472196,
              38.751131599999994
            ],
            [
              -9.147255,
              38.7511203
            ],
            [
              -9.1473372,
              38.751268200000005
            ]
          ]
        ]
      }
    },
    {
      "type": "Feature",
      "properties": {
        "area_id": "EUA_1_Pro",
        "osm_uid": "cea/142",
        "osmid": "142",
        "element_type": "cea_zone",
        "building": "yes",
        "cea_name": "B1142",
        "intersection_area_m2": 368.7150641456625,
        "is_residential": true,
        "residential_source": "cea",
        "radiation_sum_kwh_year": 773574.863265625,
        "radiation_sum": 773574.863265625,
        "radiation_point_count": 607.0,
        "use_type1": "MULTI_RES",
        "use_type2": "NONE",
        "use_type3": "NONE",
        "resi_type": null,
        "comparison_status": "matched",
        "validation_radiation_kwh_year": 773574.863265625,
        "ucea_radiation_kwh_year": 623852.089999999,
        "workflow0_radiation_kwh_year": 623015.609999999,
        "validation_area_m2": 368.7150641456625,
        "ucea_roofs_top_m2": 371.04,
        "err_ucea_minus_validation_kwh_year": 149722.77326562593,
        "err_ucea_abs_kwh_year": 149722.77326562593,
        "err_ucea_pct_of_validation": 19.35465853085962,
        "err_ucea_area_minus_validation_m2": 2.324935854337525,
        "err_ucea_area_pct_of_validation": 0.6305508183465618,
        "err_workflow0_minus_validation_kwh_year": 150559.2532656259,
        "err_workflow0_abs_kwh_year": 150559.2532656259,
        "err_workflow0_pct_of_validation": 19.46279027604958
      },
      "geometry": {
        "type": "Polygon",
        "coordinates": [
          [
            [
              -9.1473479,
              38.7512644
            ],
            [
              -9.147512100000002,
              38.7515824
            ],
            [
              -9.1474128,
              38.75161549999999
            ],
            [
              -9.1472421,
              38.7513004
            ],
            [
              -9.1473372,
              38.751268200000005
            ],
            [
              -9.1473479,
              38.7512644
            ]
          ]
        ]
      }
    },
    {
      "type": "Feature",
      "properties": {
        "area_id": "EUA_1_Pro",
        "osm_uid": "cea/143",
        "osmid": "143",
        "element_type": "cea_zone",
        "building": "yes",
        "cea_name": "B1143",
        "intersection_area_m2": 140.62422175360035,
        "is_residential": true,
        "residential_source": "cea",
        "radiation_sum_kwh_year": 296462.46203125,
        "radiation_sum": 296462.46203125,
        "radiation_point_count": 232.0,
        "use_type1": "MULTI_RES",
        "use_type2": "NONE",
        "use_type3": "NONE",
        "resi_type": null,
        "comparison_status": "matched",
        "validation_radiation_kwh_year": 296462.46203125,
        "ucea_radiation_kwh_year": 243561.43999999942,
        "workflow0_radiation_kwh_year": 243140.69000000053,
        "validation_area_m2": 140.62422175360035,
        "ucea_roofs_top_m2": 143.55,
        "err_ucea_minus_validation_kwh_year": 52901.022031250584,
        "err_ucea_abs_kwh_year": 52901.022031250584,
        "err_ucea_pct_of_validation": 17.84408780416669,
        "err_ucea_area_minus_validation_m2": 2.925778246399659,
        "err_ucea_area_pct_of_validation": 2.080564933917404,
        "err_workflow0_minus_validation_kwh_year": 53321.77203124948,
        "err_workflow0_abs_kwh_year": 53321.77203124948,
        "err_workflow0_pct_of_validation": 17.986011337121273
      },
      "geometry": {
        "type": "Polygon",
        "coordinates": [
          [
            [
              -9.146786700000002,
              38.751102500000016
            ],
            [
              -9.1468688,
              38.7510745
            ],
            [
              -9.1469525,
              38.751223599999996
            ],
            [
              -9.146907,
              38.75123910000001
            ],
            [
              -9.1468704,
              38.75125160000001
            ],
            [
              -9.146786700000002,
              38.751102500000016
            ]
          ]
        ]
      }
    },
    {
      "type": "Feature",
      "properties": {
        "area_id": "EUA_1_Pro",
        "osm_uid": "cea/144",
        "osmid": "144",
        "element_type": "cea_zone",
        "building": "yes",
        "cea_name": "B1144",
        "intersection_area_m2": 118.77514134674254,
        "is_residential": true,
        "residential_source": "cea",
        "radiation_sum_kwh_year": 274320.081625,
        "radiation_sum": 274320.081625,
        "radiation_point_count": 197.0,
        "use_type1": "MULTI_RES",
        "use_type2": "NONE",
        "use_type3": "NONE",
        "resi_type": null,
        "comparison_status": "matched",
        "validation_radiation_kwh_year": 274320.081625,
        "ucea_radiation_kwh_year": 203962.20999999993,
        "workflow0_radiation_kwh_year": 200711.18000000052,
        "validation_area_m2": 118.77514134674254,
        "ucea_roofs_top_m2": 122.22,
        "err_ucea_minus_validation_kwh_year": 70357.87162500006,
        "err_ucea_abs_kwh_year": 70357.87162500006,
        "err_ucea_pct_of_validation": 25.648093718920805,
        "err_ucea_area_minus_validation_m2": 3.444858653257455,
        "err_ucea_area_pct_of_validation": 2.9003195569355826,
        "err_workflow0_minus_validation_kwh_year": 73608.90162499947,
        "err_workflow0_abs_kwh_year": 73608.90162499947,
        "err_workflow0_pct_of_validation": 26.83321658004755
      },
      "geometry": {
        "type": "Polygon",
        "coordinates": [
          [
            [
              -9.1465395,
              38.7512005
            ],
            [
              -9.1466083,
              38.7513299
            ],
            [
              -9.1465287,
              38.751356699999995
            ],
            [
              -9.1464577,
              38.7512269
            ],
            [
              -9.1465395,
              38.7512005
            ]
          ]
        ]
      }
    },
    {
      "type": "Feature",
      "properties": {
        "area_id": "EUA_1_Pro",
        "osm_uid": "cea/145",
        "osmid": "145",
        "element_type": "cea_zone",
        "building": "yes",
        "cea_name": "B1145",
        "intersection_area_m2": 268.76302286252576,
        "is_residential": true,
        "residential_source": "cea",
        "radiation_sum_kwh_year": 553058.4800625,
        "radiation_sum": 553058.4800625,
        "radiation_point_count": 441.0,
        "use_type1": "MULTI_RES",
        "use_type2": "NONE",
        "use_type3": "NONE",
        "resi_type": null,
        "comparison_status": "matched",
        "validation_radiation_kwh_year": 553058.4800625,
        "ucea_radiation_kwh_year": 462616.3399999997,
        "workflow0_radiation_kwh_year": 459330.5600000008,
        "validation_area_m2": 268.76302286252576,
        "ucea_roofs_top_m2": 272.25,
        "err_ucea_minus_validation_kwh_year": 90442.14006250032,
        "err_ucea_abs_kwh_year": 90442.14006250032,
        "err_ucea_pct_of_validation": 16.353088022857843,
        "err_ucea_area_minus_validation_m2": 3.4869771374742413,
        "err_ucea_area_pct_of_validation": 1.2974169959599895,
        "err_workflow0_minus_validation_kwh_year": 93727.92006249918,
        "err_workflow0_abs_kwh_year": 93727.92006249918,
        "err_workflow0_pct_of_validation": 16.94719879386122
      },
      "geometry": {
        "type": "Polygon",
        "coordinates": [
          [
            [
              -9.1474714,
              38.751786599999996
            ],
            [
              -9.1474233,
              38.751694500000006
            ],
            [
              -9.147685800000001,
              38.7516125
            ],
            [
              -9.1477318,
              38.75170399999999
            ],
            [
              -9.1474714,
              38.751786599999996
            ]
          ]
        ]
      }
    },
    {
      "type": "Feature",
      "properties": {
        "area_id": "EUA_1_Pro",
        "osm_uid": "cea/146",
        "osmid": "146",
        "element_type": "cea_zone",
        "building": "yes",
        "cea_name": "B1146",
        "intersection_area_m2": 259.62690924304076,
        "is_residential": true,
        "residential_source": "cea",
        "radiation_sum_kwh_year": 587998.245796875,
        "radiation_sum": 587998.245796875,
        "radiation_point_count": 428.0,
        "use_type1": "MULTI_RES",
        "use_type2": "NONE",
        "use_type3": "NONE",
        "resi_type": null,
        "comparison_status": "matched",
        "validation_radiation_kwh_year": 587998.245796875,
        "ucea_radiation_kwh_year": 448316.02999999846,
        "workflow0_radiation_kwh_year": 448762.8399999983,
        "validation_area_m2": 259.62690924304076,
        "ucea_roofs_top_m2": 263.34,
        "err_ucea_minus_validation_kwh_year": 139682.21579687652,
        "err_ucea_abs_kwh_year": 139682.21579687652,
        "err_ucea_pct_of_validation": 23.755549747869484,
        "err_ucea_area_minus_validation_m2": 3.713090756959218,
        "err_ucea_area_pct_of_validation": 1.4301640641892541,
        "err_workflow0_minus_validation_kwh_year": 139235.4057968767,
        "err_workflow0_abs_kwh_year": 139235.4057968767,
        "err_workflow0_pct_of_validation": 23.679561425932523
      },
      "geometry": {
        "type": "Polygon",
        "coordinates": [
          [
            [
              -9.147663800000002,
              38.7521213
            ],
            [
              -9.1476154,
              38.75203570000001
            ],
            [
              -9.1478785,
              38.7519451
            ],
            [
              -9.147927,
              38.75203079999999
            ],
            [
              -9.147663800000002,
              38.7521213
            ]
          ]
        ]
      }
    },
    {
      "type": "Feature",
      "properties": {
        "area_id": "EUA_1_Pro",
        "osm_uid": "cea/147",
        "osmid": "147",
        "element_type": "cea_zone",
        "building": "yes",
        "cea_name": "B1147",
        "intersection_area_m2": 253.7518753339819,
        "is_residential": true,
        "residential_source": "cea",
        "radiation_sum_kwh_year": 564582.27475,
        "radiation_sum": 564582.27475,
        "radiation_point_count": 419.0,
        "use_type1": "MULTI_RES",
        "use_type2": "NONE",
        "use_type3": "NONE",
        "resi_type": null,
        "comparison_status": "matched",
        "validation_radiation_kwh_year": 564582.27475,
        "ucea_radiation_kwh_year": 441822.38000000117,
        "workflow0_radiation_kwh_year": 439942.5099999995,
        "validation_area_m2": 253.7518753339819,
        "ucea_roofs_top_m2": 257.21,
        "err_ucea_minus_validation_kwh_year": 122759.89474999881,
        "err_ucea_abs_kwh_year": 122759.89474999881,
        "err_ucea_pct_of_validation": 21.743490761263722,
        "err_ucea_area_minus_validation_m2": 3.4581246660180796,
        "err_ucea_area_pct_of_validation": 1.36279767842763,
        "err_workflow0_minus_validation_kwh_year": 124639.7647500005,
        "err_workflow0_abs_kwh_year": 124639.7647500005,
        "err_workflow0_pct_of_validation": 22.076457289629158
      },
      "geometry": {
        "type": "Polygon",
        "coordinates": [
          [
            [
              -9.146841,
              38.7519945
            ],
            [
              -9.1467936,
              38.751910099999996
            ],
            [
              -9.1470552,
              38.7518207
            ],
            [
              -9.1471026,
              38.751905100000016
            ],
            [
              -9.146841,
              38.7519945
            ]
          ]
        ]
      }
    },
    {
      "type": "Feature",
      "properties": {
        "area_id": "EUA_1_Pro",
        "osm_uid": "cea/148",
        "osmid": "148",
        "element_type": "cea_zone",
        "building": "yes",
        "cea_name": "B1148",
        "intersection_area_m2": 281.0051166684575,
        "is_residential": true,
        "residential_source": "cea",
        "radiation_sum_kwh_year": 591670.0456953126,
        "radiation_sum": 591670.0456953126,
        "radiation_point_count": 465.0,
        "use_type1": "MULTI_RES",
        "use_type2": "NONE",
        "use_type3": "NONE",
        "resi_type": null,
        "comparison_status": "matched",
        "validation_radiation_kwh_year": 591670.0456953126,
        "ucea_radiation_kwh_year": 245617.06999999975,
        "workflow0_radiation_kwh_year": 487203.7599999996,
        "validation_area_m2": 281.0051166684575,
        "ucea_roofs_top_m2": 141.99,
        "err_ucea_minus_validation_kwh_year": 346052.97569531284,
        "err_ucea_abs_kwh_year": 346052.97569531284,
        "err_ucea_pct_of_validation": 58.48749285400141,
        "err_ucea_area_minus_validation_m2": 139.0151166684575,
        "err_ucea_area_pct_of_validation": 49.470670967345335,
        "err_workflow0_minus_validation_kwh_year": 104466.28569531295,
        "err_workflow0_abs_kwh_year": 104466.28569531295,
        "err_workflow0_pct_of_validation": 17.656172803635407
      },
      "geometry": {
        "type": "Polygon",
        "coordinates": [
          [
            [
              -9.1470273,
              38.7523399
            ],
            [
              -9.1469765,
              38.75224600000001
            ],
            [
              -9.1472399,
              38.7521594
            ],
            [
              -9.1472907,
              38.752253399999994
            ],
            [
              -9.1470273,
              38.7523399
            ]
          ]
        ]
      }
    },
    {
      "type": "Feature",
      "properties": {
        "area_id": "EUA_1_Pro",
        "osm_uid": "cea/153",
        "osmid": "153",
        "element_type": "cea_zone",
        "building": "yes",
        "cea_name": "B1153",
        "intersection_area_m2": 264.4266547880194,
        "is_residential": true,
        "residential_source": "cea",
        "radiation_sum_kwh_year": 589804.873,
        "radiation_sum": 589804.873,
        "radiation_point_count": 436.0,
        "use_type1": "MULTI_RES",
        "use_type2": "NONE",
        "use_type3": "NONE",
        "resi_type": null,
        "comparison_status": "matched",
        "validation_radiation_kwh_year": 589804.873,
        "ucea_radiation_kwh_year": 364951.60000000044,
        "workflow0_radiation_kwh_year": 366566.1299999987,
        "validation_area_m2": 264.4266547880194,
        "ucea_roofs_top_m2": 268.18,
        "err_ucea_minus_validation_kwh_year": 224853.27299999958,
        "err_ucea_abs_kwh_year": 224853.27299999958,
        "err_ucea_pct_of_validation": 38.123332527976515,
        "err_ucea_area_minus_validation_m2": 3.7533452119806157,
        "err_ucea_area_pct_of_validation": 1.4194277104891437,
        "err_workflow0_minus_validation_kwh_year": 223238.7430000013,
        "err_workflow0_abs_kwh_year": 223238.7430000013,
        "err_workflow0_pct_of_validation": 37.84959284322517
      },
      "geometry": {
        "type": "Polygon",
        "coordinates": [
          [
            [
              -9.1457952,
              38.7496324
            ],
            [
              -9.1458212,
              38.749727299999996
            ],
            [
              -9.1455371,
              38.74977199999999
            ],
            [
              -9.145513,
              38.7496815
            ],
            [
              -9.1457952,
              38.7496324
            ]
          ]
        ]
      }
    },
    {
      "type": "Feature",
      "properties": {
        "area_id": "EUA_1_Pro",
        "osm_uid": "cea/156",
        "osmid": "156",
        "element_type": "cea_zone",
        "building": "yes",
        "cea_name": "B1156",
        "intersection_area_m2": 169.59765640637158,
        "is_residential": true,
        "residential_source": "cea",
        "radiation_sum_kwh_year": 383475.52278125,
        "radiation_sum": 383475.52278125,
        "radiation_point_count": 280.0,
        "use_type1": "MULTI_RES",
        "use_type2": "NONE",
        "use_type3": "NONE",
        "resi_type": null,
        "comparison_status": "matched",
        "validation_radiation_kwh_year": 383475.52278125,
        "ucea_radiation_kwh_year": 291072.1199999999,
        "workflow0_radiation_kwh_year": 291320.3000000004,
        "validation_area_m2": 169.59765640637158,
        "ucea_roofs_top_m2": 170.7,
        "err_ucea_minus_validation_kwh_year": 92403.40278125013,
        "err_ucea_abs_kwh_year": 92403.40278125013,
        "err_ucea_pct_of_validation": 24.096297492750477,
        "err_ucea_area_minus_validation_m2": 1.1023435936284045,
        "err_ucea_area_pct_of_validation": 0.6499757231238431,
        "err_workflow0_minus_validation_kwh_year": 92155.22278124961,
        "err_workflow0_abs_kwh_year": 92155.22278124961,
        "err_workflow0_pct_of_validation": 24.031578890060914
      },
      "geometry": {
        "type": "Polygon",
        "coordinates": [
          [
            [
              -9.1470038,
              38.751206
            ],
            [
              -9.1470894,
              38.7513584
            ],
            [
              -9.1469925,
              38.7513915
            ],
            [
              -9.146907,
              38.75123910000001
            ],
            [
              -9.1469525,
              38.751223599999996
            ],
            [
              -9.1470038,
              38.751206
            ]
          ]
        ]
      }
    },
    {
      "type": "Feature",
      "properties": {
        "area_id": "EUA_1_Pro",
        "osm_uid": "cea/157",
        "osmid": "157",
        "element_type": "cea_zone",
        "building": "yes",
        "cea_name": "B1157",
        "intersection_area_m2": 180.09436292188286,
        "is_residential": true,
        "residential_source": "cea",
        "radiation_sum_kwh_year": 407240.082125,
        "radiation_sum": 407240.082125,
        "radiation_point_count": 297.0,
        "use_type1": "MULTI_RES",
        "use_type2": "NONE",
        "use_type3": "NONE",
        "resi_type": null,
        "comparison_status": "matched",
        "validation_radiation_kwh_year": 407240.082125,
        "ucea_radiation_kwh_year": 310846.38000000035,
        "workflow0_radiation_kwh_year": 310140.02999999915,
        "validation_area_m2": 180.09436292188286,
        "ucea_roofs_top_m2": 181.16,
        "err_ucea_minus_validation_kwh_year": 96393.70212499966,
        "err_ucea_abs_kwh_year": 96393.70212499966,
        "err_ucea_pct_of_validation": 23.66999378401367,
        "err_ucea_area_minus_validation_m2": 1.0656370781171347,
        "err_ucea_area_pct_of_validation": 0.5917104016072741,
        "err_workflow0_minus_validation_kwh_year": 97100.05212500086,
        "err_workflow0_abs_kwh_year": 97100.05212500086,
        "err_workflow0_pct_of_validation": 23.843441838614638
      },
      "geometry": {
        "type": "Polygon",
        "coordinates": [
          [
            [
              -9.1471802,
              38.7515202
            ],
            [
              -9.1470834,
              38.75155329999999
            ],
            [
              -9.1469925,
              38.7513915
            ],
            [
              -9.1470894,
              38.7513584
            ],
            [
              -9.1471802,
              38.7515202
            ]
          ]
        ]
      }
    },
    {
      "type": "Feature",
      "properties": {
        "area_id": "EUA_1_Pro",
        "osm_uid": "cea/158",
        "osmid": "158",
        "element_type": "cea_zone",
        "building": "yes",
        "cea_name": "B1158",
        "intersection_area_m2": 170.34766711331602,
        "is_residential": true,
        "residential_source": "cea",
        "radiation_sum_kwh_year": 321424.722390625,
        "radiation_sum": 321424.722390625,
        "radiation_point_count": 280.0,
        "use_type1": "MULTI_RES",
        "use_type2": "NONE",
        "use_type3": "NONE",
        "resi_type": null,
        "comparison_status": "matched",
        "validation_radiation_kwh_year": 321424.722390625,
        "ucea_radiation_kwh_year": 293592.36000000057,
        "workflow0_radiation_kwh_year": 297081.77999999997,
        "validation_area_m2": 170.34766711331602,
        "ucea_roofs_top_m2": 171.21,
        "err_ucea_minus_validation_kwh_year": 27832.362390624417,
        "err_ucea_abs_kwh_year": 27832.362390624417,
        "err_ucea_pct_of_validation": 8.659060878584182,
        "err_ucea_area_minus_validation_m2": 0.862332886683987,
        "err_ucea_area_pct_of_validation": 0.5062193696555641,
        "err_workflow0_minus_validation_kwh_year": 24342.942390625016,
        "err_workflow0_abs_kwh_year": 24342.942390625016,
        "err_workflow0_pct_of_validation": 7.573450545301001
      },
      "geometry": {
        "type": "Polygon",
        "coordinates": [
          [
            [
              -9.1472662,
              38.75167329999999
            ],
            [
              -9.1471694,
              38.7517064
            ],
            [
              -9.1470834,
              38.75155329999999
            ],
            [
              -9.1471802,
              38.7515202
            ],
            [
              -9.1472662,
              38.75167329999999
            ]
          ]
        ]
      }
    },
    {
      "type": "Feature",
      "properties": {
        "area_id": "EUA_1_Pro",
        "osm_uid": "cea/159",
        "osmid": "159",
        "element_type": "cea_zone",
        "building": "yes",
        "cea_name": "B1159",
        "intersection_area_m2": 182.5233219353056,
        "is_residential": true,
        "residential_source": "cea",
        "radiation_sum_kwh_year": 390800.9315,
        "radiation_sum": 390800.9315,
        "radiation_point_count": 298.0,
        "use_type1": "MULTI_RES",
        "use_type2": "NONE",
        "use_type3": "NONE",
        "resi_type": null,
        "comparison_status": "matched",
        "validation_radiation_kwh_year": 390800.9315,
        "ucea_radiation_kwh_year": 319917.9800000006,
        "workflow0_radiation_kwh_year": 316671.4599999999,
        "validation_area_m2": 182.5233219353056,
        "ucea_roofs_top_m2": 184.47,
        "err_ucea_minus_validation_kwh_year": 70882.95149999938,
        "err_ucea_abs_kwh_year": 70882.95149999938,
        "err_ucea_pct_of_validation": 18.13786656749547,
        "err_ucea_area_minus_validation_m2": 1.946678064694396,
        "err_ucea_area_pct_of_validation": 1.0665366179256728,
        "err_workflow0_minus_validation_kwh_year": 74129.4715000001,
        "err_workflow0_abs_kwh_year": 74129.4715000001,
        "err_workflow0_pct_of_validation": 18.96860153722538
      },
      "geometry": {
        "type": "Polygon",
        "coordinates": [
          [
            [
              -9.1465287,
              38.751356699999995
            ],
            [
              -9.1466083,
              38.7513299
            ],
            [
              -9.1466345,
              38.751321
            ],
            [
              -9.1467172,
              38.7514765
            ],
            [
              -9.1466155,
              38.751509799999994
            ],
            [
              -9.1465287,
              38.751356699999995
            ]
          ]
        ]
      }
    },
    {
      "type": "Feature",
      "properties": {
        "area_id": "EUA_1_Pro",
        "osm_uid": "cea/160",
        "osmid": "160",
        "element_type": "cea_zone",
        "building": "yes",
        "cea_name": "B1160",
        "intersection_area_m2": 185.03040390393028,
        "is_residential": true,
        "residential_source": "cea",
        "radiation_sum_kwh_year": 396697.652375,
        "radiation_sum": 396697.652375,
        "radiation_point_count": 305.0,
        "use_type1": "MULTI_RES",
        "use_type2": "NONE",
        "use_type3": "NONE",
        "resi_type": null,
        "comparison_status": "matched",
        "validation_radiation_kwh_year": 396697.652375,
        "ucea_radiation_kwh_year": 274019.4400000003,
        "workflow0_radiation_kwh_year": 257345.62999999966,
        "validation_area_m2": 185.03040390393028,
        "ucea_roofs_top_m2": 186.45,
        "err_ucea_minus_validation_kwh_year": 122678.21237499971,
        "err_ucea_abs_kwh_year": 122678.21237499971,
        "err_ucea_pct_of_validation": 30.924864727717488,
        "err_ucea_area_minus_validation_m2": 1.4195960960697107,
        "err_ucea_area_pct_of_validation": 0.767223151502593,
        "err_workflow0_minus_validation_kwh_year": 139352.02237500035,
        "err_workflow0_abs_kwh_year": 139352.02237500035,
        "err_workflow0_pct_of_validation": 35.12801791004054
      },
      "geometry": {
        "type": "Polygon",
        "coordinates": [
          [
            [
              -9.146700200000002,
              38.7516694
            ],
            [
              -9.1466155,
              38.751509799999994
            ],
            [
              -9.1467172,
              38.7514765
            ],
            [
              -9.1468033,
              38.751636399999995
            ],
            [
              -9.146700200000002,
              38.7516694
            ]
          ]
        ]
      }
    },
    {
      "type": "Feature",
      "properties": {
        "area_id": "EUA_1_Pro",
        "osm_uid": "cea/161",
        "osmid": "161",
        "element_type": "cea_zone",
        "building": "yes",
        "cea_name": "B1161",
        "intersection_area_m2": 186.27467386796042,
        "is_residential": true,
        "residential_source": "cea",
        "radiation_sum_kwh_year": 359206.05378125,
        "radiation_sum": 359206.05378125,
        "radiation_point_count": 307.0,
        "use_type1": "MULTI_RES",
        "use_type2": "NONE",
        "use_type3": "NONE",
        "resi_type": null,
        "comparison_status": "matched",
        "validation_radiation_kwh_year": 359206.05378125,
        "ucea_radiation_kwh_year": 322216.1200000011,
        "workflow0_radiation_kwh_year": 321489.22,
        "validation_area_m2": 186.27467386796042,
        "ucea_roofs_top_m2": 187.3,
        "err_ucea_minus_validation_kwh_year": 36989.933781248925,
        "err_ucea_abs_kwh_year": 36989.933781248925,
        "err_ucea_pct_of_validation": 10.297692199746479,
        "err_ucea_area_minus_validation_m2": 1.025326132039595,
        "err_ucea_area_pct_of_validation": 0.5504377544992459,
        "err_workflow0_minus_validation_kwh_year": 37716.833781250054,
        "err_workflow0_abs_kwh_year": 37716.833781250054,
        "err_workflow0_pct_of_validation": 10.500055158930847
      },
      "geometry": {
        "type": "Polygon",
        "coordinates": [
          [
            [
              -9.1468033,
              38.751636399999995
            ],
            [
              -9.1468877,
              38.75179669999999
            ],
            [
              -9.1467845,
              38.7518297
            ],
            [
              -9.146700200000002,
              38.7516694
            ],
            [
              -9.1468033,
              38.751636399999995
            ]
          ]
        ]
      }
    },
    {
      "type": "Feature",
      "properties": {
        "area_id": "EUA_1_Pro",
        "osm_uid": "cea/162",
        "osmid": "162",
        "element_type": "cea_zone",
        "building": "yes",
        "cea_name": "B1162",
        "intersection_area_m2": 117.5404949879979,
        "is_residential": true,
        "residential_source": "cea",
        "radiation_sum_kwh_year": 267685.017,
        "radiation_sum": 267685.017,
        "radiation_point_count": 193.0,
        "use_type1": "MULTI_RES",
        "use_type2": "NONE",
        "use_type3": "NONE",
        "resi_type": null,
        "comparison_status": "matched",
        "validation_radiation_kwh_year": 267685.017,
        "ucea_radiation_kwh_year": 202466.49999999994,
        "workflow0_radiation_kwh_year": 201365.52,
        "validation_area_m2": 117.5404949879979,
        "ucea_roofs_top_m2": 119.51,
        "err_ucea_minus_validation_kwh_year": 65218.51700000005,
        "err_ucea_abs_kwh_year": 65218.51700000005,
        "err_ucea_pct_of_validation": 24.36390266848594,
        "err_ucea_area_minus_validation_m2": 1.9695050120021023,
        "err_ucea_area_pct_of_validation": 1.6755970035715853,
        "err_workflow0_minus_validation_kwh_year": 66319.497,
        "err_workflow0_abs_kwh_year": 66319.497,
        "err_workflow0_pct_of_validation": 24.775199502480934
      },
      "geometry": {
        "type": "Polygon",
        "coordinates": [
          [
            [
              -9.146287900000003,
              38.75143959999999
            ],
            [
              -9.1462162,
              38.751304899999994
            ],
            [
              -9.1462922,
              38.75128029999998
            ],
            [
              -9.1463663,
              38.751414000000004
            ],
            [
              -9.146287900000003,
              38.75143959999999
            ]
          ]
        ]
      }
    },
    {
      "type": "Feature",
      "properties": {
        "area_id": "EUA_1_Pro",
        "osm_uid": "cea/163",
        "osmid": "163",
        "element_type": "cea_zone",
        "building": "yes",
        "cea_name": "B1163",
        "intersection_area_m2": 177.91641275282072,
        "is_residential": true,
        "residential_source": "cea",
        "radiation_sum_kwh_year": 410368.4088125,
        "radiation_sum": 410368.4088125,
        "radiation_point_count": 295.0,
        "use_type1": "MULTI_RES",
        "use_type2": "NONE",
        "use_type3": "NONE",
        "resi_type": null,
        "comparison_status": "matched",
        "validation_radiation_kwh_year": 410368.4088125,
        "ucea_radiation_kwh_year": 302446.39999999845,
        "workflow0_radiation_kwh_year": 302051.5600000001,
        "validation_area_m2": 177.91641275282072,
        "ucea_roofs_top_m2": 178.55,
        "err_ucea_minus_validation_kwh_year": 107922.00881250156,
        "err_ucea_abs_kwh_year": 107922.00881250156,
        "err_ucea_pct_of_validation": 26.298810165431576,
        "err_ucea_area_minus_validation_m2": 0.6335872471792925,
        "err_ucea_area_pct_of_validation": 0.35611512022757297,
        "err_workflow0_minus_validation_kwh_year": 108316.8488124999,
        "err_workflow0_abs_kwh_year": 108316.8488124999,
        "err_workflow0_pct_of_validation": 26.395026148806345
      },
      "geometry": {
        "type": "Polygon",
        "coordinates": [
          [
            [
              -9.1464493,
              38.751572
            ],
            [
              -9.1463499,
              38.7516035
            ],
            [
              -9.1462654,
              38.75144699999999
            ],
            [
              -9.146287900000003,
              38.75143959999999
            ],
            [
              -9.1463663,
              38.751414000000004
            ],
            [
              -9.1464493,
              38.751572
            ]
          ]
        ]
      }
    },
    {
      "type": "Feature",
      "properties": {
        "area_id": "EUA_1_Pro",
        "osm_uid": "cea/164",
        "osmid": "164",
        "element_type": "cea_zone",
        "building": "yes",
        "cea_name": "B1164",
        "intersection_area_m2": 172.5386587912594,
        "is_residential": true,
        "residential_source": "cea",
        "radiation_sum_kwh_year": 390191.9704375,
        "radiation_sum": 390191.9704375,
        "radiation_point_count": 284.0,
        "use_type1": "MULTI_RES",
        "use_type2": "NONE",
        "use_type3": "NONE",
        "resi_type": null,
        "comparison_status": "matched",
        "validation_radiation_kwh_year": 390191.9704375,
        "ucea_radiation_kwh_year": 296651.2999999992,
        "workflow0_radiation_kwh_year": 295537.8599999997,
        "validation_area_m2": 172.5386587912594,
        "ucea_roofs_top_m2": 174.8,
        "err_ucea_minus_validation_kwh_year": 93540.67043750081,
        "err_ucea_abs_kwh_year": 93540.67043750081,
        "err_ucea_pct_of_validation": 23.972987022931044,
        "err_ucea_area_minus_validation_m2": 2.2613412087406175,
        "err_ucea_area_pct_of_validation": 1.310628716244069,
        "err_workflow0_minus_validation_kwh_year": 94654.11043750029,
        "err_workflow0_abs_kwh_year": 94654.11043750029,
        "err_workflow0_pct_of_validation": 24.25834399702537
      },
      "geometry": {
        "type": "Polygon",
        "coordinates": [
          [
            [
              -9.1465305,
              38.75172450000001
            ],
            [
              -9.146431,
              38.75175789999999
            ],
            [
              -9.1463499,
              38.7516035
            ],
            [
              -9.1464493,
              38.751572
            ],
            [
              -9.1465305,
              38.75172450000001
            ]
          ]
        ]
      }
    },
    {
      "type": "Feature",
      "properties": {
        "area_id": "EUA_1_Pro",
        "osm_uid": "cea/165",
        "osmid": "165",
        "element_type": "cea_zone",
        "building": "yes",
        "cea_name": "B1165",
        "intersection_area_m2": 180.95012060846994,
        "is_residential": true,
        "residential_source": "cea",
        "radiation_sum_kwh_year": 344118.66585937503,
        "radiation_sum": 344118.66585937503,
        "radiation_point_count": 298.0,
        "use_type1": "MULTI_RES",
        "use_type2": "NONE",
        "use_type3": "NONE",
        "resi_type": null,
        "comparison_status": "matched",
        "validation_radiation_kwh_year": 344118.66585937503,
        "ucea_radiation_kwh_year": 312195.6299999993,
        "workflow0_radiation_kwh_year": 318212.06999999855,
        "validation_area_m2": 180.95012060846994,
        "ucea_roofs_top_m2": 183.04,
        "err_ucea_minus_validation_kwh_year": 31923.035859375726,
        "err_ucea_abs_kwh_year": 31923.035859375726,
        "err_ucea_pct_of_validation": 9.276752186532407,
        "err_ucea_area_minus_validation_m2": 2.0898793915300473,
        "err_ucea_area_pct_of_validation": 1.1549477748357044,
        "err_workflow0_minus_validation_kwh_year": 25906.59585937648,
        "err_workflow0_abs_kwh_year": 25906.59585937648,
        "err_workflow0_pct_of_validation": 7.528390183275695
      },
      "geometry": {
        "type": "Polygon",
        "coordinates": [
          [
            [
              -9.1466184,
              38.75188359999999
            ],
            [
              -9.1465189,
              38.75191699999999
            ],
            [
              -9.146431,
              38.75175789999999
            ],
            [
              -9.1465305,
              38.75172450000001
            ],
            [
              -9.1466184,
              38.75188359999999
            ]
          ]
        ]
      }
    },
    {
      "type": "Feature",
      "properties": {
        "area_id": "EUA_1_Pro",
        "osm_uid": "cea/166",
        "osmid": "166",
        "element_type": "cea_zone",
        "building": "yes",
        "cea_name": "B1166",
        "intersection_area_m2": 136.69953952973822,
        "is_residential": true,
        "residential_source": "cea",
        "radiation_sum_kwh_year": 268456.8248125,
        "radiation_sum": 268456.8248125,
        "radiation_point_count": 224.0,
        "use_type1": "MULTI_RES",
        "use_type2": "NONE",
        "use_type3": "NONE",
        "resi_type": null,
        "comparison_status": "matched",
        "validation_radiation_kwh_year": 268456.8248125,
        "ucea_radiation_kwh_year": 238119.0699999993,
        "workflow0_radiation_kwh_year": 236949.09999999992,
        "validation_area_m2": 136.69953952973822,
        "ucea_roofs_top_m2": 138.34,
        "err_ucea_minus_validation_kwh_year": 30337.754812500672,
        "err_ucea_abs_kwh_year": 30337.754812500672,
        "err_ucea_pct_of_validation": 11.300794767907155,
        "err_ucea_area_minus_validation_m2": 1.640460470261786,
        "err_ucea_area_pct_of_validation": 1.2000482780740551,
        "err_workflow0_minus_validation_kwh_year": 31507.724812500062,
        "err_workflow0_abs_kwh_year": 31507.724812500062,
        "err_workflow0_pct_of_validation": 11.73660786404153
      },
      "geometry": {
        "type": "Polygon",
        "coordinates": [
          [
            [
              -9.1459543,
              38.751374799999994
            ],
            [
              -9.146034,
              38.7515266
            ],
            [
              -9.1459901,
              38.7515392
            ],
            [
              -9.1459543,
              38.7515513
            ],
            [
              -9.1458729,
              38.7514037
            ],
            [
              -9.1459543,
              38.751374799999994
            ]
          ]
        ]
      }
    },
    {
      "type": "Feature",
      "properties": {
        "area_id": "EUA_1_Pro",
        "osm_uid": "cea/167",
        "osmid": "167",
        "element_type": "cea_zone",
        "building": "yes",
        "cea_name": "B1167",
        "intersection_area_m2": 177.44237750926212,
        "is_residential": true,
        "residential_source": "cea",
        "radiation_sum_kwh_year": 382171.0251875,
        "radiation_sum": 382171.0251875,
        "radiation_point_count": 292.0,
        "use_type1": "MULTI_RES",
        "use_type2": "NONE",
        "use_type3": "NONE",
        "resi_type": null,
        "comparison_status": "matched",
        "validation_radiation_kwh_year": 382171.0251875,
        "ucea_radiation_kwh_year": 307841.86999999924,
        "workflow0_radiation_kwh_year": 306056.9200000004,
        "validation_area_m2": 177.44237750926212,
        "ucea_roofs_top_m2": 178.95,
        "err_ucea_minus_validation_kwh_year": 74329.15518750076,
        "err_ucea_abs_kwh_year": 74329.15518750076,
        "err_ucea_pct_of_validation": 19.449186434537662,
        "err_ucea_area_minus_validation_m2": 1.507622490737873,
        "err_ucea_area_pct_of_validation": 0.8496406055307607,
        "err_workflow0_minus_validation_kwh_year": 76114.1051874996,
        "err_workflow0_abs_kwh_year": 76114.1051874996,
        "err_workflow0_pct_of_validation": 19.916241727157797
      },
      "geometry": {
        "type": "Polygon",
        "coordinates": [
          [
            [
              -9.1460766,
              38.7516944
            ],
            [
              -9.1459759,
              38.75172799999999
            ],
            [
              -9.1458908,
              38.75157269999999
            ],
            [
              -9.1459543,
              38.7515513
            ],
            [
              -9.1459901,
              38.7515392
            ],
            [
              -9.1460766,
              38.7516944
            ]
          ]
        ]
      }
    },
    {
      "type": "Feature",
      "properties": {
        "area_id": "EUA_1_Pro",
        "osm_uid": "cea/168",
        "osmid": "168",
        "element_type": "cea_zone",
        "building": "yes",
        "cea_name": "B1168",
        "intersection_area_m2": 180.2927807072308,
        "is_residential": true,
        "residential_source": "cea",
        "radiation_sum_kwh_year": 387616.818625,
        "radiation_sum": 387616.818625,
        "radiation_point_count": 296.0,
        "use_type1": "MULTI_RES",
        "use_type2": "NONE",
        "use_type3": "NONE",
        "resi_type": null,
        "comparison_status": "matched",
        "validation_radiation_kwh_year": 387616.818625,
        "ucea_radiation_kwh_year": 312335.3499999992,
        "workflow0_radiation_kwh_year": 309701.92999999976,
        "validation_area_m2": 180.2927807072308,
        "ucea_roofs_top_m2": 182.19,
        "err_ucea_minus_validation_kwh_year": 75281.4686250008,
        "err_ucea_abs_kwh_year": 75281.4686250008,
        "err_ucea_pct_of_validation": 19.421620788295016,
        "err_ucea_area_minus_validation_m2": 1.8972192927691935,
        "err_ucea_area_pct_of_validation": 1.052299091137765,
        "err_workflow0_minus_validation_kwh_year": 77914.88862500025,
        "err_workflow0_abs_kwh_year": 77914.88862500025,
        "err_workflow0_pct_of_validation": 20.101008233179645
      },
      "geometry": {
        "type": "Polygon",
        "coordinates": [
          [
            [
              -9.1460621,
              38.751885300000005
            ],
            [
              -9.1459759,
              38.75172799999999
            ],
            [
              -9.1460766,
              38.7516944
            ],
            [
              -9.1461623,
              38.751853
            ],
            [
              -9.1460621,
              38.751885300000005
            ]
          ]
        ]
      }
    },
    {
      "type": "Feature",
      "properties": {
        "area_id": "EUA_1_Pro",
        "osm_uid": "cea/169",
        "osmid": "169",
        "element_type": "cea_zone",
        "building": "yes",
        "cea_name": "B1169",
        "intersection_area_m2": 177.16366769373008,
        "is_residential": true,
        "residential_source": "cea",
        "radiation_sum_kwh_year": 335165.876375,
        "radiation_sum": 335165.876375,
        "radiation_point_count": 293.0,
        "use_type1": "MULTI_RES",
        "use_type2": "NONE",
        "use_type3": "NONE",
        "resi_type": null,
        "comparison_status": "matched",
        "validation_radiation_kwh_year": 335165.876375,
        "ucea_radiation_kwh_year": 306792.2600000004,
        "workflow0_radiation_kwh_year": 303992.22000000015,
        "validation_area_m2": 177.16366769373008,
        "ucea_roofs_top_m2": 178.51,
        "err_ucea_minus_validation_kwh_year": 28373.616374999576,
        "err_ucea_abs_kwh_year": 28373.616374999576,
        "err_ucea_pct_of_validation": 8.46554448856058,
        "err_ucea_area_minus_validation_m2": 1.3463323062699146,
        "err_ucea_area_pct_of_validation": 0.7599370253484328,
        "err_workflow0_minus_validation_kwh_year": 31173.656374999846,
        "err_workflow0_abs_kwh_year": 31173.656374999846,
        "err_workflow0_pct_of_validation": 9.300963663771437
      },
      "geometry": {
        "type": "Polygon",
        "coordinates": [
          [
            [
              -9.1461623,
              38.751853
            ],
            [
              -9.1462452,
              38.75200980000001
            ],
            [
              -9.1461451,
              38.752042
            ],
            [
              -9.1460621,
              38.751885300000005
            ],
            [
              -9.1461623,
              38.751853
            ]
          ]
        ]
      }
    },
    {
      "type": "Feature",
      "properties": {
        "area_id": "EUA_1_Pro",
        "osm_uid": "cea/170",
        "osmid": "170",
        "element_type": "cea_zone",
        "building": "yes",
        "cea_name": "B1170",
        "intersection_area_m2": 142.77089203090168,
        "is_residential": true,
        "residential_source": "cea",
        "radiation_sum_kwh_year": 257397.78628125,
        "radiation_sum": 257397.78628125,
        "radiation_point_count": 234.0,
        "use_type1": "MULTI_RES",
        "use_type2": "NONE",
        "use_type3": "NONE",
        "resi_type": null,
        "comparison_status": "matched",
        "validation_radiation_kwh_year": 257397.78628125,
        "ucea_radiation_kwh_year": 247163.01999999917,
        "workflow0_radiation_kwh_year": 246878.75000000026,
        "validation_area_m2": 142.77089203090168,
        "ucea_roofs_top_m2": 144.52,
        "err_ucea_minus_validation_kwh_year": 10234.766281250835,
        "err_ucea_abs_kwh_year": 10234.766281250835,
        "err_ucea_pct_of_validation": 3.976244873399046,
        "err_ucea_area_minus_validation_m2": 1.7491079690983327,
        "err_ucea_area_pct_of_validation": 1.225115248785972,
        "err_workflow0_minus_validation_kwh_year": 10519.036281249748,
        "err_workflow0_abs_kwh_year": 10519.036281249748,
        "err_workflow0_pct_of_validation": 4.086684828655033
      },
      "geometry": {
        "type": "Polygon",
        "coordinates": [
          [
            [
              -9.1454677,
              38.7513831
            ],
            [
              -9.1456555,
              38.75132229999999
            ],
            [
              -9.1456915,
              38.7513896
            ],
            [
              -9.1455033,
              38.7514502
            ],
            [
              -9.1454677,
              38.7513831
            ]
          ]
        ]
      }
    },
    {
      "type": "Feature",
      "properties": {
        "area_id": "EUA_1_Pro",
        "osm_uid": "cea/171",
        "osmid": "171",
        "element_type": "cea_zone",
        "building": "yes",
        "cea_name": "B1171",
        "intersection_area_m2": 150.53566437004977,
        "is_residential": true,
        "residential_source": "cea",
        "radiation_sum_kwh_year": 264161.807515625,
        "radiation_sum": 264161.807515625,
        "radiation_point_count": 249.0,
        "use_type1": "MULTI_RES",
        "use_type2": "NONE",
        "use_type3": "NONE",
        "resi_type": null,
        "comparison_status": "matched",
        "validation_radiation_kwh_year": 264161.807515625,
        "ucea_radiation_kwh_year": 260230.16000000006,
        "workflow0_radiation_kwh_year": 260413.68999999927,
        "validation_area_m2": 150.53566437004977,
        "ucea_roofs_top_m2": 152.76,
        "err_ucea_minus_validation_kwh_year": 3931.6475156249653,
        "err_ucea_abs_kwh_year": 3931.6475156249653,
        "err_ucea_pct_of_validation": 1.4883482031718043,
        "err_ucea_area_minus_validation_m2": 2.224335629950218,
        "err_ucea_area_pct_of_validation": 1.4776137198174593,
        "err_workflow0_minus_validation_kwh_year": 3748.1175156257523,
        "err_workflow0_abs_kwh_year": 3748.1175156257523,
        "err_workflow0_pct_of_validation": 1.4188718463413956
      },
      "geometry": {
        "type": "Polygon",
        "coordinates": [
          [
            [
              -9.1458532,
              38.75125799999999
            ],
            [
              -9.1458892,
              38.7513252
            ],
            [
              -9.1456915,
              38.7513896
            ],
            [
              -9.1456555,
              38.75132229999999
            ],
            [
              -9.1458532,
              38.75125799999999
            ]
          ]
        ]
      }
    },
    {
      "type": "Feature",
      "properties": {
        "area_id": "EUA_1_Pro",
        "osm_uid": "cea/172",
        "osmid": "172",
        "element_type": "cea_zone",
        "building": "yes",
        "cea_name": "B1172",
        "intersection_area_m2": 136.5281056747924,
        "is_residential": true,
        "residential_source": "cea",
        "radiation_sum_kwh_year": 299422.51406250003,
        "radiation_sum": 299422.51406250003,
        "radiation_point_count": 225.0,
        "use_type1": "MULTI_RES",
        "use_type2": "NONE",
        "use_type3": "NONE",
        "resi_type": null,
        "comparison_status": "matched",
        "validation_radiation_kwh_year": 299422.51406250003,
        "ucea_radiation_kwh_year": 238158.88000000067,
        "workflow0_radiation_kwh_year": 235824.8499999999,
        "validation_area_m2": 136.5281056747924,
        "ucea_roofs_top_m2": 137.9,
        "err_ucea_minus_validation_kwh_year": 61263.63406249936,
        "err_ucea_abs_kwh_year": 61263.63406249936,
        "err_ucea_pct_of_validation": 20.460597044386407,
        "err_ucea_area_minus_validation_m2": 1.3718943252075917,
        "err_ucea_area_pct_of_validation": 1.0048438879503832,
        "err_workflow0_minus_validation_kwh_year": 63597.664062500146,
        "err_workflow0_abs_kwh_year": 63597.664062500146,
        "err_workflow0_pct_of_validation": 21.240107565600454
      },
      "geometry": {
        "type": "Polygon",
        "coordinates": [
          [
            [
              -9.1455831,
              38.7515002
            ],
            [
              -9.145663,
              38.7516471
            ],
            [
              -9.1456232,
              38.75166050000001
            ],
            [
              -9.1455815,
              38.7516743
            ],
            [
              -9.1455015,
              38.7515272
            ],
            [
              -9.1455831,
              38.7515002
            ]
          ]
        ]
      }
    },
    {
      "type": "Feature",
      "properties": {
        "area_id": "EUA_1_Pro",
        "osm_uid": "cea/173",
        "osmid": "173",
        "element_type": "cea_zone",
        "building": "yes",
        "cea_name": "B1173",
        "intersection_area_m2": 173.1160933427348,
        "is_residential": true,
        "residential_source": "cea",
        "radiation_sum_kwh_year": 371543.1326875,
        "radiation_sum": 371543.1326875,
        "radiation_point_count": 283.0,
        "use_type1": "MULTI_RES",
        "use_type2": "NONE",
        "use_type3": "NONE",
        "resi_type": null,
        "comparison_status": "matched",
        "validation_radiation_kwh_year": 371543.1326875,
        "ucea_radiation_kwh_year": 302125.16,
        "workflow0_radiation_kwh_year": 298489.019999999,
        "validation_area_m2": 173.1160933427348,
        "ucea_roofs_top_m2": 175.25,
        "err_ucea_minus_validation_kwh_year": 69417.9726875,
        "err_ucea_abs_kwh_year": 69417.9726875,
        "err_ucea_pct_of_validation": 18.683691496428906,
        "err_ucea_area_minus_validation_m2": 2.133906657265186,
        "err_ucea_area_pct_of_validation": 1.232644877816462,
        "err_workflow0_minus_validation_kwh_year": 73054.11268750095,
        "err_workflow0_abs_kwh_year": 73054.11268750095,
        "err_workflow0_pct_of_validation": 19.662350413820135
      },
      "geometry": {
        "type": "Polygon",
        "coordinates": [
          [
            [
              -9.1458064,
              38.75178389999999
            ],
            [
              -9.1457089,
              38.7518162
            ],
            [
              -9.1456232,
              38.75166050000001
            ],
            [
              -9.145663,
              38.7516471
            ],
            [
              -9.1457202,
              38.75162780000001
            ],
            [
              -9.1458064,
              38.75178389999999
            ]
          ]
        ]
      }
    },
    {
      "type": "Feature",
      "properties": {
        "area_id": "EUA_1_Pro",
        "osm_uid": "cea/174",
        "osmid": "174",
        "element_type": "cea_zone",
        "building": "yes",
        "cea_name": "B1174",
        "intersection_area_m2": 172.97653110219045,
        "is_residential": true,
        "residential_source": "cea",
        "radiation_sum_kwh_year": 366785.9440625,
        "radiation_sum": 366785.9440625,
        "radiation_point_count": 286.0,
        "use_type1": "MULTI_RES",
        "use_type2": "NONE",
        "use_type3": "NONE",
        "resi_type": null,
        "comparison_status": "matched",
        "validation_radiation_kwh_year": 366785.9440625,
        "ucea_radiation_kwh_year": 299521.12000000046,
        "workflow0_radiation_kwh_year": 297464.6700000003,
        "validation_area_m2": 172.97653110219045,
        "ucea_roofs_top_m2": 174.06,
        "err_ucea_minus_validation_kwh_year": 67264.82406249957,
        "err_ucea_abs_kwh_year": 67264.82406249957,
        "err_ucea_pct_of_validation": 18.33898630832966,
        "err_ucea_area_minus_validation_m2": 1.0834688978095528,
        "err_ucea_area_pct_of_validation": 0.6263675718930131,
        "err_workflow0_minus_validation_kwh_year": 69321.27406249975,
        "err_workflow0_abs_kwh_year": 69321.27406249975,
        "err_workflow0_pct_of_validation": 18.89965392204001
      },
      "geometry": {
        "type": "Polygon",
        "coordinates": [
          [
            [
              -9.1458915,
              38.7519387
            ],
            [
              -9.1457933,
              38.751971600000005
            ],
            [
              -9.1457089,
              38.7518162
            ],
            [
              -9.1458064,
              38.75178389999999
            ],
            [
              -9.1458915,
              38.7519387
            ]
          ]
        ]
      }
    },
    {
      "type": "Feature",
      "properties": {
        "area_id": "EUA_1_Pro",
        "osm_uid": "cea/175",
        "osmid": "175",
        "element_type": "cea_zone",
        "building": "yes",
        "cea_name": "B1175",
        "intersection_area_m2": 176.79396282302014,
        "is_residential": true,
        "residential_source": "cea",
        "radiation_sum_kwh_year": 343684.709640625,
        "radiation_sum": 343684.709640625,
        "radiation_point_count": 293.0,
        "use_type1": "MULTI_RES",
        "use_type2": "NONE",
        "use_type3": "NONE",
        "resi_type": null,
        "comparison_status": "matched",
        "validation_radiation_kwh_year": 343684.709640625,
        "ucea_radiation_kwh_year": 303529.8799999997,
        "workflow0_radiation_kwh_year": 307346.8500000012,
        "validation_area_m2": 176.79396282302014,
        "ucea_roofs_top_m2": 178.04,
        "err_ucea_minus_validation_kwh_year": 40154.82964062528,
        "err_ucea_abs_kwh_year": 40154.82964062528,
        "err_ucea_pct_of_validation": 11.683624122415367,
        "err_ucea_area_minus_validation_m2": 1.2460371769798542,
        "err_ucea_area_pct_of_validation": 0.7047962255516618,
        "err_workflow0_minus_validation_kwh_year": 36337.85964062379,
        "err_workflow0_abs_kwh_year": 36337.85964062379,
        "err_workflow0_pct_of_validation": 10.573021906799575
      },
      "geometry": {
        "type": "Polygon",
        "coordinates": [
          [
            [
              -9.1458915,
              38.7519387
            ],
            [
              -9.1459784,
              38.7520963
            ],
            [
              -9.1458802,
              38.75212919999999
            ],
            [
              -9.1457933,
              38.751971600000005
            ],
            [
              -9.1458915,
              38.7519387
            ]
          ]
        ]
      }
    },
    {
      "type": "Feature",
      "properties": {
        "area_id": "EUA_1_Pro",
        "osm_uid": "cea/179",
        "osmid": "179",
        "element_type": "cea_zone",
        "building": "yes",
        "cea_name": "B1179",
        "intersection_area_m2": 90.6691902210128,
        "is_residential": true,
        "residential_source": "cea",
        "radiation_sum_kwh_year": 191807.0495625,
        "radiation_sum": 191807.0495625,
        "radiation_point_count": 149.0,
        "use_type1": "MULTI_RES",
        "use_type2": "NONE",
        "use_type3": "NONE",
        "resi_type": null,
        "comparison_status": "matched",
        "validation_radiation_kwh_year": 191807.0495625,
        "ucea_radiation_kwh_year": 158335.36000000022,
        "workflow0_radiation_kwh_year": 156957.04999999996,
        "validation_area_m2": 90.6691902210128,
        "ucea_roofs_top_m2": 91.7,
        "err_ucea_minus_validation_kwh_year": 33471.689562499785,
        "err_ucea_abs_kwh_year": 33471.689562499785,
        "err_ucea_pct_of_validation": 17.450708740292203,
        "err_ucea_area_minus_validation_m2": 1.030809778987205,
        "err_ucea_area_pct_of_validation": 1.1368909069051247,
        "err_workflow0_minus_validation_kwh_year": 34849.999562500045,
        "err_workflow0_abs_kwh_year": 34849.999562500045,
        "err_workflow0_pct_of_validation": 18.16930068107024
      },
      "geometry": {
        "type": "Polygon",
        "coordinates": [
          [
            [
              -9.1461994,
              38.7511117
            ],
            [
              -9.1462581,
              38.7512212
            ],
            [
              -9.1461855,
              38.7512449
            ],
            [
              -9.146126,
              38.7511341
            ],
            [
              -9.1461994,
              38.7511117
            ]
          ]
        ]
      }
    },
    {
      "type": "Feature",
      "properties": {
        "area_id": "EUA_1_Pro",
        "osm_uid": "cea/180",
        "osmid": "180",
        "element_type": "cea_zone",
        "building": "yes",
        "cea_name": "B1180",
        "intersection_area_m2": 185.99539035435222,
        "is_residential": true,
        "residential_source": "cea",
        "radiation_sum_kwh_year": 402560.2909375,
        "radiation_sum": 402560.2909375,
        "radiation_point_count": 308.0,
        "use_type1": "MULTI_RES",
        "use_type2": "NONE",
        "use_type3": "NONE",
        "resi_type": null,
        "comparison_status": "matched",
        "validation_radiation_kwh_year": 402560.2909375,
        "ucea_radiation_kwh_year": 321472.73000000016,
        "workflow0_radiation_kwh_year": 321681.2600000008,
        "validation_area_m2": 185.99539035435222,
        "ucea_roofs_top_m2": 187.21,
        "err_ucea_minus_validation_kwh_year": 81087.56093749986,
        "err_ucea_abs_kwh_year": 81087.56093749986,
        "err_ucea_pct_of_validation": 20.142960635451548,
        "err_ucea_area_minus_validation_m2": 1.2146096456477835,
        "err_ucea_area_pct_of_validation": 0.6530321226422598,
        "err_workflow0_minus_validation_kwh_year": 80879.03093749919,
        "err_workflow0_abs_kwh_year": 80879.03093749919,
        "err_workflow0_pct_of_validation": 20.091159699120986
      },
      "geometry": {
        "type": "Polygon",
        "coordinates": [
          [
            [
              -9.1460971,
              38.75114289999999
            ],
            [
              -9.1460209,
              38.750991199999994
            ],
            [
              -9.1460151,
              38.75097950000001
            ],
            [
              -9.1460256,
              38.75097629999999
            ],
            [
              -9.1461174,
              38.7509482
            ],
            [
              -9.1461994,
              38.7511117
            ],
            [
              -9.146126,
              38.7511341
            ],
            [
              -9.1460971,
              38.75114289999999
            ]
          ]
        ]
      }
    },
    {
      "type": "Feature",
      "properties": {
        "area_id": "EUA_1_Pro",
        "osm_uid": "cea/181",
        "osmid": "181",
        "element_type": "cea_zone",
        "building": "yes",
        "cea_name": "B1181",
        "intersection_area_m2": 182.2500582624662,
        "is_residential": true,
        "residential_source": "cea",
        "radiation_sum_kwh_year": 347164.85315625,
        "radiation_sum": 347164.85315625,
        "radiation_point_count": 302.0,
        "use_type1": "MULTI_RES",
        "use_type2": "NONE",
        "use_type3": "NONE",
        "resi_type": null,
        "comparison_status": "matched",
        "validation_radiation_kwh_year": 347164.85315625,
        "ucea_radiation_kwh_year": 312562.29999999993,
        "workflow0_radiation_kwh_year": 283899.319999999,
        "validation_area_m2": 182.2500582624662,
        "ucea_roofs_top_m2": 184.88,
        "err_ucea_minus_validation_kwh_year": 34602.5531562501,
        "err_ucea_abs_kwh_year": 34602.5531562501,
        "err_ucea_pct_of_validation": 9.967182115833706,
        "err_ucea_area_minus_validation_m2": 2.629941737533784,
        "err_ucea_area_pct_of_validation": 1.4430402725832279,
        "err_workflow0_minus_validation_kwh_year": 63265.53315625101,
        "err_workflow0_abs_kwh_year": 63265.53315625101,
        "err_workflow0_pct_of_validation": 18.22348448613743
      },
      "geometry": {
        "type": "Polygon",
        "coordinates": [
          [
            [
              -9.1458161,
              38.75104029999999
            ],
            [
              -9.1457809,
              38.750977099999986
            ],
            [
              -9.1459906,
              38.75090889999999
            ],
            [
              -9.1460256,
              38.75097629999999
            ],
            [
              -9.1460151,
              38.75097950000001
            ],
            [
              -9.1460209,
              38.750991199999994
            ],
            [
              -9.145823100000001,
              38.751053799999994
            ],
            [
              -9.1458161,
              38.75104029999999
            ]
          ]
        ]
      }
    },
    {
      "type": "Feature",
      "properties": {
        "area_id": "EUA_1_Pro",
        "osm_uid": "cea/182",
        "osmid": "182",
        "element_type": "cea_zone",
        "building": "yes",
        "cea_name": "B1182",
        "intersection_area_m2": 137.66322829736882,
        "is_residential": true,
        "residential_source": "cea",
        "radiation_sum_kwh_year": 266747.127828125,
        "radiation_sum": 266747.127828125,
        "radiation_point_count": 227.0,
        "use_type1": "MULTI_RES",
        "use_type2": "NONE",
        "use_type3": "NONE",
        "resi_type": null,
        "comparison_status": "matched",
        "validation_radiation_kwh_year": 266747.127828125,
        "ucea_radiation_kwh_year": 238788.8099999997,
        "workflow0_radiation_kwh_year": 238206.6699999995,
        "validation_area_m2": 137.66322829736882,
        "ucea_roofs_top_m2": 137.66,
        "err_ucea_minus_validation_kwh_year": 27958.31782812532,
        "err_ucea_abs_kwh_year": 27958.31782812532,
        "err_ucea_pct_of_validation": 10.48120669780553,
        "err_ucea_area_minus_validation_m2": 0.0032282973688211314,
        "err_ucea_area_pct_of_validation": 0.0023450687658200403,
        "err_workflow0_minus_validation_kwh_year": 28540.457828125538,
        "err_workflow0_abs_kwh_year": 28540.457828125538,
        "err_workflow0_pct_of_validation": 10.699443349401387
      },
      "geometry": {
        "type": "Polygon",
        "coordinates": [
          [
            [
              -9.1455928,
              38.75103990000001
            ],
            [
              -9.1457809,
              38.750977099999986
            ],
            [
              -9.1458161,
              38.75104029999999
            ],
            [
              -9.1456292,
              38.75110469999999
            ],
            [
              -9.1455928,
              38.75103990000001
            ]
          ]
        ]
      }
    },
    {
      "type": "Feature",
      "properties": {
        "area_id": "EUA_1_Pro",
        "osm_uid": "cea/187",
        "osmid": "187",
        "element_type": "cea_zone",
        "building": "yes",
        "cea_name": "B1187",
        "intersection_area_m2": 260.2555420115263,
        "is_residential": true,
        "residential_source": "cea",
        "radiation_sum_kwh_year": 563315.7418125,
        "radiation_sum": 563315.7418125,
        "radiation_point_count": 430.0,
        "use_type1": "MULTI_RES",
        "use_type2": "NONE",
        "use_type3": "NONE",
        "resi_type": null,
        "comparison_status": "matched",
        "validation_radiation_kwh_year": 563315.7418125,
        "ucea_radiation_kwh_year": 455595.5499999991,
        "workflow0_radiation_kwh_year": 450369.3199999993,
        "validation_area_m2": 260.2555420115263,
        "ucea_roofs_top_m2": 264.93,
        "err_ucea_minus_validation_kwh_year": 107720.19181250094,
        "err_ucea_abs_kwh_year": 107720.19181250094,
        "err_ucea_pct_of_validation": 19.122524690310478,
        "err_ucea_area_minus_validation_m2": 4.674457988473705,
        "err_ucea_area_pct_of_validation": 1.796103150136446,
        "err_workflow0_minus_validation_kwh_year": 112946.42181250075,
        "err_workflow0_abs_kwh_year": 112946.42181250075,
        "err_workflow0_pct_of_validation": 20.050286798144374
      },
      "geometry": {
        "type": "Polygon",
        "coordinates": [
          [
            [
              -9.1462111,
              38.75222039999999
            ],
            [
              -9.1461635,
              38.752134899999994
            ],
            [
              -9.146429200000002,
              38.752045200000005
            ],
            [
              -9.1464761,
              38.752131299999995
            ],
            [
              -9.1462111,
              38.75222039999999
            ]
          ]
        ]
      }
    },
    {
      "type": "Feature",
      "properties": {
        "area_id": "EUA_1_Pro",
        "osm_uid": "cea/188",
        "osmid": "188",
        "element_type": "cea_zone",
        "building": "yes",
        "cea_name": "B1188",
        "intersection_area_m2": 253.61051516371649,
        "is_residential": true,
        "residential_source": "cea",
        "radiation_sum_kwh_year": 523254.5668046875,
        "radiation_sum": 523254.5668046875,
        "radiation_point_count": 418.0,
        "use_type1": "MULTI_RES",
        "use_type2": "NONE",
        "use_type3": "NONE",
        "resi_type": null,
        "comparison_status": "matched",
        "validation_radiation_kwh_year": 523254.5668046875,
        "ucea_radiation_kwh_year": 434887.4800000018,
        "workflow0_radiation_kwh_year": 437349.7499999997,
        "validation_area_m2": 253.61051516371649,
        "ucea_roofs_top_m2": 256.54,
        "err_ucea_minus_validation_kwh_year": 88367.0868046857,
        "err_ucea_abs_kwh_year": 88367.0868046857,
        "err_ucea_pct_of_validation": 16.887972396363246,
        "err_ucea_area_minus_validation_m2": 2.9294848362835353,
        "err_ucea_area_pct_of_validation": 1.155111740691204,
        "err_workflow0_minus_validation_kwh_year": 85904.81680468778,
        "err_workflow0_abs_kwh_year": 85904.81680468778,
        "err_workflow0_pct_of_validation": 16.417404119236867
      },
      "geometry": {
        "type": "Polygon",
        "coordinates": [
          [
            [
              -9.1466879,
              38.7519595
            ],
            [
              -9.1467349,
              38.75204560000001
            ],
            [
              -9.1464761,
              38.752131299999995
            ],
            [
              -9.146429200000002,
              38.752045200000005
            ],
            [
              -9.1466879,
              38.7519595
            ]
          ]
        ]
      }
    },
    {
      "type": "Feature",
      "properties": {
        "area_id": "EUA_1_Pro",
        "osm_uid": "cea/189",
        "osmid": "189",
        "element_type": "cea_zone",
        "building": "yes",
        "cea_name": "B1189",
        "intersection_area_m2": 231.3998515584731,
        "is_residential": true,
        "residential_source": "cea",
        "radiation_sum_kwh_year": 472797.409234375,
        "radiation_sum": 472797.409234375,
        "radiation_point_count": 382.0,
        "use_type1": "MULTI_RES",
        "use_type2": "NONE",
        "use_type3": "NONE",
        "resi_type": null,
        "comparison_status": "matched",
        "validation_radiation_kwh_year": 472797.409234375,
        "ucea_radiation_kwh_year": 398682.77999999974,
        "workflow0_radiation_kwh_year": 400080.2299999992,
        "validation_area_m2": 231.3998515584731,
        "ucea_roofs_top_m2": 233.86,
        "err_ucea_minus_validation_kwh_year": 74114.62923437526,
        "err_ucea_abs_kwh_year": 74114.62923437526,
        "err_ucea_pct_of_validation": 15.675768899493942,
        "err_ucea_area_minus_validation_m2": 2.4601484415269113,
        "err_ucea_area_pct_of_validation": 1.0631590404911082,
        "err_workflow0_minus_validation_kwh_year": 72717.17923437577,
        "err_workflow0_abs_kwh_year": 72717.17923437577,
        "err_workflow0_pct_of_validation": 15.380198328948207
      },
      "geometry": {
        "type": "Polygon",
        "coordinates": [
          [
            [
              -9.146353900000001,
              38.75247439999999
            ],
            [
              -9.1465991,
              38.7523893
            ],
            [
              -9.1466449,
              38.75247300000001
            ],
            [
              -9.1463994,
              38.75255520000001
            ],
            [
              -9.146353900000001,
              38.75247439999999
            ]
          ]
        ]
      }
    },
    {
      "type": "Feature",
      "properties": {
        "area_id": "EUA_1_Pro",
        "osm_uid": "cea/190",
        "osmid": "190",
        "element_type": "cea_zone",
        "building": "yes",
        "cea_name": "B1190",
        "intersection_area_m2": 257.7667583610704,
        "is_residential": true,
        "residential_source": "cea",
        "radiation_sum_kwh_year": 512843.652609375,
        "radiation_sum": 512843.652609375,
        "radiation_point_count": 426.0,
        "use_type1": "MULTI_RES",
        "use_type2": "NONE",
        "use_type3": "NONE",
        "resi_type": null,
        "comparison_status": "matched",
        "validation_radiation_kwh_year": 512843.652609375,
        "ucea_radiation_kwh_year": 438767.9599999993,
        "workflow0_radiation_kwh_year": 442906.8200000014,
        "validation_area_m2": 257.7667583610704,
        "ucea_roofs_top_m2": 260.7,
        "err_ucea_minus_validation_kwh_year": 74075.69260937569,
        "err_ucea_abs_kwh_year": 74075.69260937569,
        "err_ucea_pct_of_validation": 14.4441083032762,
        "err_ucea_area_minus_validation_m2": 2.9332416389295872,
        "err_ucea_area_pct_of_validation": 1.137944107913561,
        "err_workflow0_minus_validation_kwh_year": 69936.83260937361,
        "err_workflow0_abs_kwh_year": 69936.83260937361,
        "err_workflow0_pct_of_validation": 13.63706701906739
      },
      "geometry": {
        "type": "Polygon",
        "coordinates": [
          [
            [
              -9.1468693,
              38.752299400000005
            ],
            [
              -9.1469151,
              38.7523831
            ],
            [
              -9.1466449,
              38.75247300000001
            ],
            [
              -9.1465991,
              38.7523893
            ],
            [
              -9.1468693,
              38.752299400000005
            ]
          ]
        ]
      }
    },
    {
      "type": "Feature",
      "properties": {
        "area_id": "EUA_1_Pro",
        "osm_uid": "cea/191",
        "osmid": "191",
        "element_type": "cea_zone",
        "building": "yes",
        "cea_name": "B1191",
        "intersection_area_m2": 241.60142415078306,
        "is_residential": true,
        "residential_source": "cea",
        "radiation_sum_kwh_year": 525579.8390625,
        "radiation_sum": 525579.8390625,
        "radiation_point_count": 398.0,
        "use_type1": "MULTI_RES",
        "use_type2": "NONE",
        "use_type3": "NONE",
        "resi_type": null,
        "comparison_status": "matched",
        "validation_radiation_kwh_year": 525579.8390625,
        "ucea_radiation_kwh_year": 403574.4300000003,
        "workflow0_radiation_kwh_year": 402090.1799999993,
        "validation_area_m2": 241.60142415078306,
        "ucea_roofs_top_m2": 244.51,
        "err_ucea_minus_validation_kwh_year": 122005.40906249976,
        "err_ucea_abs_kwh_year": 122005.40906249976,
        "err_ucea_pct_of_validation": 23.213487275335027,
        "err_ucea_area_minus_validation_m2": 2.9085758492169305,
        "err_ucea_area_pct_of_validation": 1.20387363586139,
        "err_workflow0_minus_validation_kwh_year": 123489.65906250075,
        "err_workflow0_abs_kwh_year": 123489.65906250075,
        "err_workflow0_pct_of_validation": 23.495889660222645
      },
      "geometry": {
        "type": "Polygon",
        "coordinates": [
          [
            [
              -9.145529700000003,
              38.7523431
            ],
            [
              -9.1457799,
              38.7522622
            ],
            [
              -9.145825,
              38.7523473
            ],
            [
              -9.1455758,
              38.752429
            ],
            [
              -9.145529700000003,
              38.7523431
            ]
          ]
        ]
      }
    },
    {
      "type": "Feature",
      "properties": {
        "area_id": "EUA_1_Pro",
        "osm_uid": "cea/192",
        "osmid": "192",
        "element_type": "cea_zone",
        "building": "yes",
        "cea_name": "B1192",
        "intersection_area_m2": 258.1596771816526,
        "is_residential": true,
        "residential_source": "cea",
        "radiation_sum_kwh_year": 546920.7775625,
        "radiation_sum": 546920.7775625,
        "radiation_point_count": 426.0,
        "use_type1": "MULTI_RES",
        "use_type2": "NONE",
        "use_type3": "NONE",
        "resi_type": null,
        "comparison_status": "matched",
        "validation_radiation_kwh_year": 546920.7775625,
        "ucea_radiation_kwh_year": 441581.96000000084,
        "workflow0_radiation_kwh_year": 440905.1100000001,
        "validation_area_m2": 258.1596771816526,
        "ucea_roofs_top_m2": 264.51,
        "err_ucea_minus_validation_kwh_year": 105338.81756249914,
        "err_ucea_abs_kwh_year": 105338.81756249914,
        "err_ucea_pct_of_validation": 19.260342975443358,
        "err_ucea_area_minus_validation_m2": 6.350322818347365,
        "err_ucea_area_pct_of_validation": 2.4598430272590543,
        "err_workflow0_minus_validation_kwh_year": 106015.66756249988,
        "err_workflow0_abs_kwh_year": 106015.66756249988,
        "err_workflow0_pct_of_validation": 19.384099473234002
      },
      "geometry": {
        "type": "Polygon",
        "coordinates": [
          [
            [
              -9.1457799,
              38.7522622
            ],
            [
              -9.1460487,
              38.75217550000001
            ],
            [
              -9.1460938,
              38.752260500000006
            ],
            [
              -9.145825,
              38.7523473
            ],
            [
              -9.1457799,
              38.7522622
            ]
          ]
        ]
      }
    },
    {
      "type": "Feature",
      "properties": {
        "area_id": "EUA_1_Pro",
        "osm_uid": "cea/193",
        "osmid": "193",
        "element_type": "cea_zone",
        "building": "yes",
        "cea_name": "B1193",
        "intersection_area_m2": 235.85415400334225,
        "is_residential": true,
        "residential_source": "cea",
        "radiation_sum_kwh_year": 476830.56139843754,
        "radiation_sum": 476830.56139843754,
        "radiation_point_count": 387.0,
        "use_type1": "MULTI_RES",
        "use_type2": "NONE",
        "use_type3": "NONE",
        "resi_type": null,
        "comparison_status": "matched",
        "validation_radiation_kwh_year": 476830.56139843754,
        "ucea_radiation_kwh_year": 400160.7999999997,
        "workflow0_radiation_kwh_year": 403443.0499999996,
        "validation_area_m2": 235.85415400334225,
        "ucea_roofs_top_m2": 235.91,
        "err_ucea_minus_validation_kwh_year": 76669.76139843784,
        "err_ucea_abs_kwh_year": 76669.76139843784,
        "err_ucea_pct_of_validation": 16.07903679109463,
        "err_ucea_area_minus_validation_m2": 0.055845996657751584,
        "err_ucea_area_pct_of_validation": 0.023678190826759912,
        "err_workflow0_minus_validation_kwh_year": 73387.51139843796,
        "err_workflow0_abs_kwh_year": 73387.51139843796,
        "err_workflow0_pct_of_validation": 15.390689552953313
      },
      "geometry": {
        "type": "Polygon",
        "coordinates": [
          [
            [
              -9.1459671,
              38.75259859999999
            ],
            [
              -9.1460109,
              38.75268
            ],
            [
              -9.1457559,
              38.7527637
            ],
            [
              -9.1457119,
              38.75268209999999
            ],
            [
              -9.1459671,
              38.75259859999999
            ]
          ]
        ]
      }
    },
    {
      "type": "Feature",
      "properties": {
        "area_id": "EUA_1_Pro",
        "osm_uid": "cea/194",
        "osmid": "194",
        "element_type": "cea_zone",
        "building": "yes",
        "cea_name": "B1194",
        "intersection_area_m2": 245.01354357281775,
        "is_residential": true,
        "residential_source": "cea",
        "radiation_sum_kwh_year": 497980.33900000004,
        "radiation_sum": 497980.33900000004,
        "radiation_point_count": 403.0,
        "use_type1": "MULTI_RES",
        "use_type2": "NONE",
        "use_type3": "NONE",
        "resi_type": null,
        "comparison_status": "matched",
        "validation_radiation_kwh_year": 497980.33900000004,
        "ucea_radiation_kwh_year": 417291.38999999914,
        "workflow0_radiation_kwh_year": 421583.06999999983,
        "validation_area_m2": 245.01354357281775,
        "ucea_roofs_top_m2": 247.32,
        "err_ucea_minus_validation_kwh_year": 80688.9490000009,
        "err_ucea_abs_kwh_year": 80688.9490000009,
        "err_ucea_pct_of_validation": 16.203239903413312,
        "err_ucea_area_minus_validation_m2": 2.3064564271822405,
        "err_ucea_area_pct_of_validation": 0.9413587483978265,
        "err_workflow0_minus_validation_kwh_year": 76397.2690000002,
        "err_workflow0_abs_kwh_year": 76397.2690000002,
        "err_workflow0_pct_of_validation": 15.341422746410919
      },
      "geometry": {
        "type": "Polygon",
        "coordinates": [
          [
            [
              -9.1459671,
              38.75259859999999
            ],
            [
              -9.1462327,
              38.75251179999999
            ],
            [
              -9.1462765,
              38.7525931
            ],
            [
              -9.1460109,
              38.75268
            ],
            [
              -9.1459671,
              38.75259859999999
            ]
          ]
        ]
      }
    },
    {
      "type": "Feature",
      "properties": {
        "area_id": "EUA_1_Pro",
        "osm_uid": "cea/195",
        "osmid": "195",
        "element_type": "cea_zone",
        "building": "yes",
        "cea_name": "B1195",
        "intersection_area_m2": 145.95781184339836,
        "is_residential": true,
        "residential_source": "cea",
        "radiation_sum_kwh_year": 284257.5098125,
        "radiation_sum": 284257.5098125,
        "radiation_point_count": 242.0,
        "use_type1": "MULTI_RES",
        "use_type2": "NONE",
        "use_type3": "NONE",
        "resi_type": null,
        "comparison_status": "matched",
        "validation_radiation_kwh_year": 284257.5098125,
        "ucea_radiation_kwh_year": 254178.1699999999,
        "workflow0_radiation_kwh_year": 252562.56000000078,
        "validation_area_m2": 145.95781184339836,
        "ucea_roofs_top_m2": 147.99,
        "err_ucea_minus_validation_kwh_year": 30079.339812500082,
        "err_ucea_abs_kwh_year": 30079.339812500082,
        "err_ucea_pct_of_validation": 10.581722126652277,
        "err_ucea_area_minus_validation_m2": 2.0321881566016486,
        "err_ucea_area_pct_of_validation": 1.3923120187510292,
        "err_workflow0_minus_validation_kwh_year": 31694.949812499195,
        "err_workflow0_abs_kwh_year": 31694.949812499195,
        "err_workflow0_pct_of_validation": 11.150083539888042
      },
      "geometry": {
        "type": "Polygon",
        "coordinates": [
          [
            [
              -9.147837800000001,
              38.75298279999999
            ],
            [
              -9.1480259,
              38.7529207
            ],
            [
              -9.1480615,
              38.75299
            ],
            [
              -9.1478756,
              38.753051199999994
            ],
            [
              -9.147837800000001,
              38.75298279999999
            ]
          ]
        ]
      }
    },
    {
      "type": "Feature",
      "properties": {
        "area_id": "EUA_1_Pro",
        "osm_uid": "cea/196",
        "osmid": "196",
        "element_type": "cea_zone",
        "building": "yes",
        "cea_name": "B1196",
        "intersection_area_m2": 155.0237211642884,
        "is_residential": true,
        "residential_source": "cea",
        "radiation_sum_kwh_year": 305686.298265625,
        "radiation_sum": 305686.298265625,
        "radiation_point_count": 258.0,
        "use_type1": "MULTI_RES",
        "use_type2": "NONE",
        "use_type3": "NONE",
        "resi_type": null,
        "comparison_status": "matched",
        "validation_radiation_kwh_year": 305686.298265625,
        "ucea_radiation_kwh_year": 268738.0599999995,
        "workflow0_radiation_kwh_year": 267924.8799999999,
        "validation_area_m2": 155.0237211642884,
        "ucea_roofs_top_m2": 157.88,
        "err_ucea_minus_validation_kwh_year": 36948.23826562555,
        "err_ucea_abs_kwh_year": 36948.23826562555,
        "err_ucea_pct_of_validation": 12.0869788653463,
        "err_ucea_area_minus_validation_m2": 2.8562788357116062,
        "err_ucea_area_pct_of_validation": 1.842478566673437,
        "err_workflow0_minus_validation_kwh_year": 37761.418265625136,
        "err_workflow0_abs_kwh_year": 37761.418265625136,
        "err_workflow0_pct_of_validation": 12.352996676616655
      },
      "geometry": {
        "type": "Polygon",
        "coordinates": [
          [
            [
              -9.1480259,
              38.7529207
            ],
            [
              -9.1482257,
              38.75285819999999
            ],
            [
              -9.1482614,
              38.752927500000006
            ],
            [
              -9.1480615,
              38.75299
            ],
            [
              -9.1480259,
              38.7529207
            ]
          ]
        ]
      }
    },
    {
      "type": "Feature",
      "properties": {
        "area_id": "EUA_1_Pro",
        "osm_uid": "cea/197",
        "osmid": "197",
        "element_type": "cea_zone",
        "building": "yes",
        "cea_name": "B1197",
        "intersection_area_m2": 140.4958613046705,
        "is_residential": true,
        "residential_source": "cea",
        "radiation_sum_kwh_year": 267973.521046875,
        "radiation_sum": 267973.521046875,
        "radiation_point_count": 231.0,
        "use_type1": "MULTI_RES",
        "use_type2": "NONE",
        "use_type3": "NONE",
        "resi_type": null,
        "comparison_status": "matched",
        "validation_radiation_kwh_year": 267973.521046875,
        "ucea_radiation_kwh_year": 245691.38000000053,
        "workflow0_radiation_kwh_year": 243157.2699999988,
        "validation_area_m2": 140.4958613046705,
        "ucea_roofs_top_m2": 142.27,
        "err_ucea_minus_validation_kwh_year": 22282.141046874458,
        "err_ucea_abs_kwh_year": 22282.141046874458,
        "err_ucea_pct_of_validation": 8.315053278333712,
        "err_ucea_area_minus_validation_m2": 1.7741386953294978,
        "err_ucea_area_pct_of_validation": 1.2627693647731102,
        "err_workflow0_minus_validation_kwh_year": 24816.25104687619,
        "err_workflow0_abs_kwh_year": 24816.25104687619,
        "err_workflow0_pct_of_validation": 9.26071014402025
      },
      "geometry": {
        "type": "Polygon",
        "coordinates": [
          [
            [
              -9.1472315,
              38.7532581
            ],
            [
              -9.1471961,
              38.75319249999999
            ],
            [
              -9.1473847,
              38.75313059999999
            ],
            [
              -9.1474201,
              38.7531963
            ],
            [
              -9.1472315,
              38.7532581
            ]
          ]
        ]
      }
    },
    {
      "type": "Feature",
      "properties": {
        "area_id": "EUA_1_Pro",
        "osm_uid": "cea/198",
        "osmid": "198",
        "element_type": "cea_zone",
        "building": "yes",
        "cea_name": "B1198",
        "intersection_area_m2": 149.5704646425458,
        "is_residential": true,
        "residential_source": "cea",
        "radiation_sum_kwh_year": 281720.35059375,
        "radiation_sum": 281720.35059375,
        "radiation_point_count": 247.0,
        "use_type1": "MULTI_RES",
        "use_type2": "NONE",
        "use_type3": "NONE",
        "resi_type": null,
        "comparison_status": "matched",
        "validation_radiation_kwh_year": 281720.35059375,
        "ucea_radiation_kwh_year": 260674.2500000001,
        "workflow0_radiation_kwh_year": 258972.27000000008,
        "validation_area_m2": 149.5704646425458,
        "ucea_roofs_top_m2": 153.34,
        "err_ucea_minus_validation_kwh_year": 21046.10059374993,
        "err_ucea_abs_kwh_year": 21046.10059374993,
        "err_ucea_pct_of_validation": 7.470564533017743,
        "err_ucea_area_minus_validation_m2": 3.7695353574542025,
        "err_ucea_area_pct_of_validation": 2.5202404541985666,
        "err_workflow0_minus_validation_kwh_year": 22748.08059374994,
        "err_workflow0_abs_kwh_year": 22748.08059374994,
        "err_workflow0_pct_of_validation": 8.074702642463134
      },
      "geometry": {
        "type": "Polygon",
        "coordinates": [
          [
            [
              -9.1475835,
              38.75306570000001
            ],
            [
              -9.147619,
              38.75313319999999
            ],
            [
              -9.1474201,
              38.7531963
            ],
            [
              -9.1473847,
              38.75313059999999
            ],
            [
              -9.1475835,
              38.75306570000001
            ]
          ]
        ]
      }
    },
    {
      "type": "Feature",
      "properties": {
        "area_id": "EUA_1_Pro",
        "osm_uid": "cea/199",
        "osmid": "199",
        "element_type": "cea_zone",
        "building": "yes",
        "cea_name": "B1199",
        "intersection_area_m2": 168.26990672539043,
        "is_residential": true,
        "residential_source": "cea",
        "radiation_sum_kwh_year": 381723.2231875,
        "radiation_sum": 381723.2231875,
        "radiation_point_count": 277.0,
        "use_type1": "MULTI_RES",
        "use_type2": "NONE",
        "use_type3": "NONE",
        "resi_type": null,
        "comparison_status": "matched",
        "validation_radiation_kwh_year": 381723.2231875,
        "ucea_radiation_kwh_year": 291951.46999999863,
        "workflow0_radiation_kwh_year": 290178.1899999998,
        "validation_area_m2": 168.26990672539043,
        "ucea_roofs_top_m2": 170.38,
        "err_ucea_minus_validation_kwh_year": 89771.7531875014,
        "err_ucea_abs_kwh_year": 89771.7531875014,
        "err_ucea_pct_of_validation": 23.51749847386311,
        "err_ucea_area_minus_validation_m2": 2.110093274609568,
        "err_ucea_area_pct_of_validation": 1.2539932514808803,
        "err_workflow0_minus_validation_kwh_year": 91545.0331875002,
        "err_workflow0_abs_kwh_year": 91545.0331875002,
        "err_workflow0_pct_of_validation": 23.98204448319191
      },
      "geometry": {
        "type": "Polygon",
        "coordinates": [
          [
            [
              -9.1478451,
              38.752182399999995
            ],
            [
              -9.1479291,
              38.75233690000001
            ],
            [
              -9.1478335,
              38.75236850000001
            ],
            [
              -9.1477492,
              38.7522142
            ],
            [
              -9.1478451,
              38.752182399999995
            ]
          ]
        ]
      }
    },
    {
      "type": "Feature",
      "properties": {
        "area_id": "EUA_1_Pro",
        "osm_uid": "cea/200",
        "osmid": "200",
        "element_type": "cea_zone",
        "building": "yes",
        "cea_name": "B1200",
        "intersection_area_m2": 168.17110196732688,
        "is_residential": true,
        "residential_source": "cea",
        "radiation_sum_kwh_year": 381905.5825625,
        "radiation_sum": 381905.5825625,
        "radiation_point_count": 277.0,
        "use_type1": "MULTI_RES",
        "use_type2": "NONE",
        "use_type3": "NONE",
        "resi_type": null,
        "comparison_status": "matched",
        "validation_radiation_kwh_year": 381905.5825625,
        "ucea_radiation_kwh_year": 290562.829999999,
        "workflow0_radiation_kwh_year": 290444.5499999998,
        "validation_area_m2": 168.17110196732688,
        "ucea_roofs_top_m2": 168.82,
        "err_ucea_minus_validation_kwh_year": 91342.752562501,
        "err_ucea_abs_kwh_year": 91342.752562501,
        "err_ucea_pct_of_validation": 23.917626956278514,
        "err_ucea_area_minus_validation_m2": 0.6488980326731166,
        "err_ucea_area_pct_of_validation": 0.3858558486458558,
        "err_workflow0_minus_validation_kwh_year": 91461.03256250022,
        "err_workflow0_abs_kwh_year": 91461.03256250022,
        "err_workflow0_pct_of_validation": 23.948597962045326
      },
      "geometry": {
        "type": "Polygon",
        "coordinates": [
          [
            [
              -9.148013,
              38.7524917
            ],
            [
              -9.1479174,
              38.752523199999985
            ],
            [
              -9.1478335,
              38.75236850000001
            ],
            [
              -9.1479291,
              38.75233690000001
            ],
            [
              -9.148013,
              38.7524917
            ]
          ]
        ]
      }
    },
    {
      "type": "Feature",
      "properties": {
        "area_id": "EUA_1_Pro",
        "osm_uid": "cea/201",
        "osmid": "201",
        "element_type": "cea_zone",
        "building": "yes",
        "cea_name": "B1201",
        "intersection_area_m2": 171.08450891748635,
        "is_residential": true,
        "residential_source": "cea",
        "radiation_sum_kwh_year": 382365.685,
        "radiation_sum": 382365.685,
        "radiation_point_count": 282.0,
        "use_type1": "MULTI_RES",
        "use_type2": "NONE",
        "use_type3": "NONE",
        "resi_type": null,
        "comparison_status": "matched",
        "validation_radiation_kwh_year": 382365.685,
        "ucea_radiation_kwh_year": 296731.31999999896,
        "workflow0_radiation_kwh_year": 296290.1199999992,
        "validation_area_m2": 171.08450891748635,
        "ucea_roofs_top_m2": 172.9,
        "err_ucea_minus_validation_kwh_year": 85634.36500000104,
        "err_ucea_abs_kwh_year": 85634.36500000104,
        "err_ucea_pct_of_validation": 22.39593362045578,
        "err_ucea_area_minus_validation_m2": 1.8154910825136596,
        "err_ucea_area_pct_of_validation": 1.0611662587109314,
        "err_workflow0_minus_validation_kwh_year": 86075.56500000082,
        "err_workflow0_abs_kwh_year": 86075.56500000082,
        "err_workflow0_pct_of_validation": 22.511320543840334
      },
      "geometry": {
        "type": "Polygon",
        "coordinates": [
          [
            [
              -9.1480614,
              38.7526598
            ],
            [
              -9.1480025,
              38.75268160000001
            ],
            [
              -9.1479174,
              38.752523199999985
            ],
            [
              -9.148013,
              38.7524917
            ],
            [
              -9.1480979,
              38.75264800000001
            ],
            [
              -9.1480614,
              38.7526598
            ]
          ]
        ]
      }
    },
    {
      "type": "Feature",
      "properties": {
        "area_id": "EUA_1_Pro",
        "osm_uid": "cea/202",
        "osmid": "202",
        "element_type": "cea_zone",
        "building": "yes",
        "cea_name": "B1202",
        "intersection_area_m2": 144.32549262094253,
        "is_residential": true,
        "residential_source": "cea",
        "radiation_sum_kwh_year": 292072.828578125,
        "radiation_sum": 292072.828578125,
        "radiation_point_count": 240.0,
        "use_type1": "MULTI_RES",
        "use_type2": "NONE",
        "use_type3": "NONE",
        "resi_type": null,
        "comparison_status": "matched",
        "validation_radiation_kwh_year": 292072.828578125,
        "ucea_radiation_kwh_year": 249324.5000000007,
        "workflow0_radiation_kwh_year": 248726.48999999987,
        "validation_area_m2": 144.32549262094253,
        "ucea_roofs_top_m2": 146.71,
        "err_ucea_minus_validation_kwh_year": 42748.32857812429,
        "err_ucea_abs_kwh_year": 42748.32857812429,
        "err_ucea_pct_of_validation": 14.636188099465667,
        "err_ucea_area_minus_validation_m2": 2.3845073790574816,
        "err_ucea_area_pct_of_validation": 1.6521733865271941,
        "err_workflow0_minus_validation_kwh_year": 43346.33857812511,
        "err_workflow0_abs_kwh_year": 43346.33857812511,
        "err_workflow0_pct_of_validation": 14.84093497815071
      },
      "geometry": {
        "type": "Polygon",
        "coordinates": [
          [
            [
              -9.1480979,
              38.75264800000001
            ],
            [
              -9.1481434,
              38.7526334
            ],
            [
              -9.148226,
              38.75278939999999
            ],
            [
              -9.1481441,
              38.7528158
            ],
            [
              -9.1480614,
              38.7526598
            ],
            [
              -9.1480979,
              38.75264800000001
            ]
          ]
        ]
      }
    },
    {
      "type": "Feature",
      "properties": {
        "area_id": "EUA_1_Pro",
        "osm_uid": "cea/203",
        "osmid": "203",
        "element_type": "cea_zone",
        "building": "yes",
        "cea_name": "B1203",
        "intersection_area_m2": 175.91130337677518,
        "is_residential": true,
        "residential_source": "cea",
        "radiation_sum_kwh_year": 418586.63215625,
        "radiation_sum": 418586.63215625,
        "radiation_point_count": 290.0,
        "use_type1": "MULTI_RES",
        "use_type2": "NONE",
        "use_type3": "NONE",
        "resi_type": null,
        "comparison_status": "matched",
        "validation_radiation_kwh_year": 418586.63215625,
        "ucea_radiation_kwh_year": 305108.91000000003,
        "workflow0_radiation_kwh_year": 304249.4000000001,
        "validation_area_m2": 175.91130337677518,
        "ucea_roofs_top_m2": 176.91,
        "err_ucea_minus_validation_kwh_year": 113477.72215624998,
        "err_ucea_abs_kwh_year": 113477.72215624998,
        "err_ucea_pct_of_validation": 27.10973390901098,
        "err_ucea_area_minus_validation_m2": 0.9986966232248164,
        "err_ucea_area_pct_of_validation": 0.5677273739969743,
        "err_workflow0_minus_validation_kwh_year": 114337.23215624993,
        "err_workflow0_abs_kwh_year": 114337.23215624993,
        "err_workflow0_pct_of_validation": 27.31507013668084
      },
      "geometry": {
        "type": "Polygon",
        "coordinates": [
          [
            [
              -9.147581,
              38.7522667
            ],
            [
              -9.1476668,
              38.7524237
            ],
            [
              -9.1475682,
              38.752455399999995
            ],
            [
              -9.1474818,
              38.7523004
            ],
            [
              -9.147581,
              38.7522667
            ]
          ]
        ]
      }
    },
    {
      "type": "Feature",
      "properties": {
        "area_id": "EUA_1_Pro",
        "osm_uid": "cea/204",
        "osmid": "204",
        "element_type": "cea_zone",
        "building": "yes",
        "cea_name": "B1204",
        "intersection_area_m2": 176.92465514787213,
        "is_residential": true,
        "residential_source": "cea",
        "radiation_sum_kwh_year": 391010.18684375,
        "radiation_sum": 391010.18684375,
        "radiation_point_count": 292.0,
        "use_type1": "MULTI_RES",
        "use_type2": "NONE",
        "use_type3": "NONE",
        "resi_type": null,
        "comparison_status": "matched",
        "validation_radiation_kwh_year": 391010.18684375,
        "ucea_radiation_kwh_year": 307873.5600000004,
        "workflow0_radiation_kwh_year": 313898.24000000005,
        "validation_area_m2": 176.92465514787213,
        "ucea_roofs_top_m2": 178.34,
        "err_ucea_minus_validation_kwh_year": 83136.6268437496,
        "err_ucea_abs_kwh_year": 83136.6268437496,
        "err_ucea_pct_of_validation": 21.2620104644413,
        "err_ucea_area_minus_validation_m2": 1.4153448521278733,
        "err_ucea_area_pct_of_validation": 0.7999703890590829,
        "err_workflow0_minus_validation_kwh_year": 77111.94684374996,
        "err_workflow0_abs_kwh_year": 77111.94684374996,
        "err_workflow0_pct_of_validation": 19.721211732666276
      },
      "geometry": {
        "type": "Polygon",
        "coordinates": [
          [
            [
              -9.1476522,
              38.75261439999999
            ],
            [
              -9.1475682,
              38.752455399999995
            ],
            [
              -9.1476668,
              38.7524237
            ],
            [
              -9.1477509,
              38.7525826
            ],
            [
              -9.1476522,
              38.75261439999999
            ]
          ]
        ]
      }
    },
    {
      "type": "Feature",
      "properties": {
        "area_id": "EUA_1_Pro",
        "osm_uid": "cea/205",
        "osmid": "205",
        "element_type": "cea_zone",
        "building": "yes",
        "cea_name": "B1205",
        "intersection_area_m2": 174.74373677595116,
        "is_residential": true,
        "residential_source": "cea",
        "radiation_sum_kwh_year": 357237.259546875,
        "radiation_sum": 357237.259546875,
        "radiation_point_count": 288.0,
        "use_type1": "MULTI_RES",
        "use_type2": "NONE",
        "use_type3": "NONE",
        "resi_type": null,
        "comparison_status": "matched",
        "validation_radiation_kwh_year": 357237.259546875,
        "ucea_radiation_kwh_year": 304824.7799999997,
        "workflow0_radiation_kwh_year": 301642.8700000003,
        "validation_area_m2": 174.74373677595116,
        "ucea_roofs_top_m2": 176.63,
        "err_ucea_minus_validation_kwh_year": 52412.479546875344,
        "err_ucea_abs_kwh_year": 52412.479546875344,
        "err_ucea_pct_of_validation": 14.671616172779988,
        "err_ucea_area_minus_validation_m2": 1.8862632240488324,
        "err_ucea_area_pct_of_validation": 1.0794453975007512,
        "err_workflow0_minus_validation_kwh_year": 55594.389546874736,
        "err_workflow0_abs_kwh_year": 55594.389546874736,
        "err_workflow0_pct_of_validation": 15.562315537128315
      },
      "geometry": {
        "type": "Polygon",
        "coordinates": [
          [
            [
              -9.147776,
              38.7527578
            ],
            [
              -9.1477358,
              38.7527708
            ],
            [
              -9.1476522,
              38.75261439999999
            ],
            [
              -9.1477509,
              38.7525826
            ],
            [
              -9.1478347,
              38.75273800000001
            ],
            [
              -9.147776,
              38.7527578
            ]
          ]
        ]
      }
    },
    {
      "type": "Feature",
      "properties": {
        "area_id": "EUA_1_Pro",
        "osm_uid": "cea/206",
        "osmid": "206",
        "element_type": "cea_zone",
        "building": "yes",
        "cea_name": "B1206",
        "intersection_area_m2": 144.10569131965207,
        "is_residential": true,
        "residential_source": "cea",
        "radiation_sum_kwh_year": 325187.18306250003,
        "radiation_sum": 325187.18306250003,
        "radiation_point_count": 237.0,
        "use_type1": "MULTI_RES",
        "use_type2": "NONE",
        "use_type3": "NONE",
        "resi_type": null,
        "comparison_status": "matched",
        "validation_radiation_kwh_year": 325187.18306250003,
        "ucea_radiation_kwh_year": 249071.4900000003,
        "workflow0_radiation_kwh_year": 249301.61000000022,
        "validation_area_m2": 144.10569131965207,
        "ucea_roofs_top_m2": 144.86,
        "err_ucea_minus_validation_kwh_year": 76115.69306249972,
        "err_ucea_abs_kwh_year": 76115.69306249972,
        "err_ucea_pct_of_validation": 23.406732192108105,
        "err_ucea_area_minus_validation_m2": 0.7543086803479468,
        "err_ucea_area_pct_of_validation": 0.5234412835748146,
        "err_workflow0_minus_validation_kwh_year": 75885.57306249981,
        "err_workflow0_abs_kwh_year": 75885.57306249981,
        "err_workflow0_pct_of_validation": 23.335966795442495
      },
      "geometry": {
        "type": "Polygon",
        "coordinates": [
          [
            [
              -9.1477358,
              38.7527708
            ],
            [
              -9.147776,
              38.7527578
            ],
            [
              -9.1478583,
              38.75291279999999
            ],
            [
              -9.147776,
              38.7529394
            ],
            [
              -9.1476937,
              38.75278439999999
            ],
            [
              -9.1477358,
              38.7527708
            ]
          ]
        ]
      }
    },
    {
      "type": "Feature",
      "properties": {
        "area_id": "EUA_1_Pro",
        "osm_uid": "cea/207",
        "osmid": "207",
        "element_type": "cea_zone",
        "building": "yes",
        "cea_name": "B1207",
        "intersection_area_m2": 178.17608781563666,
        "is_residential": true,
        "residential_source": "cea",
        "radiation_sum_kwh_year": 396067.8980625,
        "radiation_sum": 396067.8980625,
        "radiation_point_count": 292.0,
        "use_type1": "MULTI_RES",
        "use_type2": "NONE",
        "use_type3": "NONE",
        "resi_type": null,
        "comparison_status": "matched",
        "validation_radiation_kwh_year": 396067.8980625,
        "ucea_radiation_kwh_year": 309218.61999999936,
        "workflow0_radiation_kwh_year": 308473.6400000001,
        "validation_area_m2": 178.17608781563666,
        "ucea_roofs_top_m2": 178.92,
        "err_ucea_minus_validation_kwh_year": 86849.27806250064,
        "err_ucea_abs_kwh_year": 86849.27806250064,
        "err_ucea_pct_of_validation": 21.92787612612717,
        "err_ucea_area_minus_validation_m2": 0.7439121843633245,
        "err_ucea_area_pct_of_validation": 0.41751516350110307,
        "err_workflow0_minus_validation_kwh_year": 87594.25806249992,
        "err_workflow0_abs_kwh_year": 87594.25806249992,
        "err_workflow0_pct_of_validation": 22.115970138200254
      },
      "geometry": {
        "type": "Polygon",
        "coordinates": [
          [
            [
              -9.1471118,
              38.7524268
            ],
            [
              -9.1472125,
              38.75239449999999
            ],
            [
              -9.1472951,
              38.7525516
            ],
            [
              -9.1471944,
              38.7525838
            ],
            [
              -9.1471118,
              38.7524268
            ]
          ]
        ]
      }
    },
    {
      "type": "Feature",
      "properties": {
        "area_id": "EUA_1_Pro",
        "osm_uid": "cea/208",
        "osmid": "208",
        "element_type": "cea_zone",
        "building": "yes",
        "cea_name": "B1208",
        "intersection_area_m2": 173.87833387032805,
        "is_residential": true,
        "residential_source": "cea",
        "radiation_sum_kwh_year": 390472.19337500003,
        "radiation_sum": 390472.19337500003,
        "radiation_point_count": 287.0,
        "use_type1": "MULTI_RES",
        "use_type2": "NONE",
        "use_type3": "NONE",
        "resi_type": null,
        "comparison_status": "matched",
        "validation_radiation_kwh_year": 390472.19337500003,
        "ucea_radiation_kwh_year": 301777.4599999994,
        "workflow0_radiation_kwh_year": 300916.9400000008,
        "validation_area_m2": 173.87833387032805,
        "ucea_roofs_top_m2": 174.72,
        "err_ucea_minus_validation_kwh_year": 88694.73337500065,
        "err_ucea_abs_kwh_year": 88694.73337500065,
        "err_ucea_pct_of_validation": 22.714737407644385,
        "err_ucea_area_minus_validation_m2": 0.8416661296719496,
        "err_ucea_area_pct_of_validation": 0.4840546323037767,
        "err_workflow0_minus_validation_kwh_year": 89555.25337499921,
        "err_workflow0_abs_kwh_year": 89555.25337499921,
        "err_workflow0_pct_of_validation": 22.935116736723046
      },
      "geometry": {
        "type": "Polygon",
        "coordinates": [
          [
            [
              -9.1472781,
              38.752738099999995
            ],
            [
              -9.1471944,
              38.7525838
            ],
            [
              -9.1472951,
              38.7525516
            ],
            [
              -9.1473766,
              38.7527065
            ],
            [
              -9.1472781,
              38.752738099999995
            ]
          ]
        ]
      }
    },
    {
      "type": "Feature",
      "properties": {
        "area_id": "EUA_1_Pro",
        "osm_uid": "cea/209",
        "osmid": "209",
        "element_type": "cea_zone",
        "building": "yes",
        "cea_name": "B1209",
        "intersection_area_m2": 181.6096663803425,
        "is_residential": true,
        "residential_source": "cea",
        "radiation_sum_kwh_year": 397127.274921875,
        "radiation_sum": 397127.274921875,
        "radiation_point_count": 299.0,
        "use_type1": "MULTI_RES",
        "use_type2": "NONE",
        "use_type3": "NONE",
        "resi_type": null,
        "comparison_status": "matched",
        "validation_radiation_kwh_year": 397127.274921875,
        "ucea_radiation_kwh_year": 315561.0600000009,
        "workflow0_radiation_kwh_year": 299533.3599999998,
        "validation_area_m2": 181.6096663803425,
        "ucea_roofs_top_m2": 182.8,
        "err_ucea_minus_validation_kwh_year": 81566.21492187405,
        "err_ucea_abs_kwh_year": 81566.21492187405,
        "err_ucea_pct_of_validation": 20.539061422542733,
        "err_ucea_area_minus_validation_m2": 1.1903336196575083,
        "err_ucea_area_pct_of_validation": 0.6554351667408549,
        "err_workflow0_minus_validation_kwh_year": 97593.91492187517,
        "err_workflow0_abs_kwh_year": 97593.91492187517,
        "err_workflow0_pct_of_validation": 24.574971573300868
      },
      "geometry": {
        "type": "Polygon",
        "coordinates": [
          [
            [
              -9.1474269,
              38.7528694
            ],
            [
              -9.1474349,
              38.75288449999999
            ],
            [
              -9.1474223,
              38.75288859999999
            ],
            [
              -9.147367,
              38.7529064
            ],
            [
              -9.1472781,
              38.752738099999995
            ],
            [
              -9.1473766,
              38.7527065
            ],
            [
              -9.1474574,
              38.75285959999999
            ],
            [
              -9.1474269,
              38.7528694
            ]
          ]
        ]
      }
    },
    {
      "type": "Feature",
      "properties": {
        "area_id": "EUA_1_Pro",
        "osm_uid": "cea/210",
        "osmid": "210",
        "element_type": "cea_zone",
        "building": "yes",
        "cea_name": "B1210",
        "intersection_area_m2": 165.9439743132166,
        "is_residential": true,
        "residential_source": "cea",
        "radiation_sum_kwh_year": 332740.90965625003,
        "radiation_sum": 332740.90965625003,
        "radiation_point_count": 272.0,
        "use_type1": "MULTI_RES",
        "use_type2": "NONE",
        "use_type3": "NONE",
        "resi_type": null,
        "comparison_status": "matched",
        "validation_radiation_kwh_year": 332740.90965625003,
        "ucea_radiation_kwh_year": 288799.20999999926,
        "workflow0_radiation_kwh_year": 277210.9500000009,
        "validation_area_m2": 165.9439743132166,
        "ucea_roofs_top_m2": 167.81,
        "err_ucea_minus_validation_kwh_year": 43941.69965625077,
        "err_ucea_abs_kwh_year": 43941.69965625077,
        "err_ucea_pct_of_validation": 13.205980503463287,
        "err_ucea_area_minus_validation_m2": 1.8660256867834164,
        "err_ucea_area_pct_of_validation": 1.1244913800011338,
        "err_workflow0_minus_validation_kwh_year": 55529.95965624915,
        "err_workflow0_abs_kwh_year": 55529.95965624915,
        "err_workflow0_pct_of_validation": 16.688648147778515
      },
      "geometry": {
        "type": "Polygon",
        "coordinates": [
          [
            [
              -9.1475076,
              38.7528438
            ],
            [
              -9.1475913,
              38.753004099999984
            ],
            [
              -9.147498,
              38.7530337
            ],
            [
              -9.1474223,
              38.75288859999999
            ],
            [
              -9.1474349,
              38.75288449999999
            ],
            [
              -9.1474269,
              38.7528694
            ],
            [
              -9.1474574,
              38.75285959999999
            ],
            [
              -9.1475076,
              38.7528438
            ]
          ]
        ]
      }
    },
    {
      "type": "Feature",
      "properties": {
        "area_id": "EUA_1_Pro",
        "osm_uid": "cea/211",
        "osmid": "211",
        "element_type": "cea_zone",
        "building": "yes",
        "cea_name": "B1211",
        "intersection_area_m2": 177.5257085635874,
        "is_residential": true,
        "residential_source": "cea",
        "radiation_sum_kwh_year": 391442.1318125,
        "radiation_sum": 391442.1318125,
        "radiation_point_count": 291.0,
        "use_type1": "MULTI_RES",
        "use_type2": "NONE",
        "use_type3": "NONE",
        "resi_type": null,
        "comparison_status": "matched",
        "validation_radiation_kwh_year": 391442.1318125,
        "ucea_radiation_kwh_year": 308241.8700000002,
        "workflow0_radiation_kwh_year": 306553.8000000003,
        "validation_area_m2": 177.5257085635874,
        "ucea_roofs_top_m2": 178.63,
        "err_ucea_minus_validation_kwh_year": 83200.26181249978,
        "err_ucea_abs_kwh_year": 83200.26181249978,
        "err_ucea_pct_of_validation": 21.254805002020717,
        "err_ucea_area_minus_validation_m2": 1.104291436412609,
        "err_ucea_area_pct_of_validation": 0.6220459252621805,
        "err_workflow0_minus_validation_kwh_year": 84888.33181249973,
        "err_workflow0_abs_kwh_year": 84888.33181249973,
        "err_workflow0_pct_of_validation": 21.68604882142862
      },
      "geometry": {
        "type": "Polygon",
        "coordinates": [
          [
            [
              -9.1469402,
              38.7524779
            ],
            [
              -9.1470246,
              38.7526327
            ],
            [
              -9.1469228,
              38.7526658
            ],
            [
              -9.1468399,
              38.752511
            ],
            [
              -9.1469402,
              38.7524779
            ]
          ]
        ]
      }
    },
    {
      "type": "Feature",
      "properties": {
        "area_id": "EUA_1_Pro",
        "osm_uid": "cea/212",
        "osmid": "212",
        "element_type": "cea_zone",
        "building": "yes",
        "cea_name": "B1212",
        "intersection_area_m2": 182.2451198719885,
        "is_residential": true,
        "residential_source": "cea",
        "radiation_sum_kwh_year": 388661.693125,
        "radiation_sum": 388661.693125,
        "radiation_point_count": 299.0,
        "use_type1": "MULTI_RES",
        "use_type2": "NONE",
        "use_type3": "NONE",
        "resi_type": null,
        "comparison_status": "matched",
        "validation_radiation_kwh_year": 388661.693125,
        "ucea_radiation_kwh_year": 317511.0200000006,
        "workflow0_radiation_kwh_year": 313303.5200000002,
        "validation_area_m2": 182.2451198719885,
        "ucea_roofs_top_m2": 183.6,
        "err_ucea_minus_validation_kwh_year": 71150.67312499939,
        "err_ucea_abs_kwh_year": 71150.67312499939,
        "err_ucea_pct_of_validation": 18.30658240407453,
        "err_ucea_area_minus_validation_m2": 1.3548801280115015,
        "err_ucea_area_pct_of_validation": 0.7434383587133571,
        "err_workflow0_minus_validation_kwh_year": 75358.1731249998,
        "err_workflow0_abs_kwh_year": 75358.1731249998,
        "err_workflow0_pct_of_validation": 19.38914342679081
      },
      "geometry": {
        "type": "Polygon",
        "coordinates": [
          [
            [
              -9.1471078,
              38.7527913
            ],
            [
              -9.1470072,
              38.75282399999999
            ],
            [
              -9.1469228,
              38.7526658
            ],
            [
              -9.1470246,
              38.7526327
            ],
            [
              -9.1471085,
              38.752789899999996
            ],
            [
              -9.1471078,
              38.7527913
            ]
          ]
        ]
      }
    },
    {
      "type": "Feature",
      "properties": {
        "area_id": "EUA_1_Pro",
        "osm_uid": "cea/213",
        "osmid": "213",
        "element_type": "cea_zone",
        "building": "yes",
        "cea_name": "B1213",
        "intersection_area_m2": 183.0021981856258,
        "is_residential": true,
        "residential_source": "cea",
        "radiation_sum_kwh_year": 382211.53356250003,
        "radiation_sum": 382211.53356250003,
        "radiation_point_count": 302.0,
        "use_type1": "MULTI_RES",
        "use_type2": "NONE",
        "use_type3": "NONE",
        "resi_type": null,
        "comparison_status": "matched",
        "validation_radiation_kwh_year": 382211.53356250003,
        "ucea_radiation_kwh_year": 319528.4299999988,
        "workflow0_radiation_kwh_year": 316472.6199999997,
        "validation_area_m2": 183.0021981856258,
        "ucea_roofs_top_m2": 184.92,
        "err_ucea_minus_validation_kwh_year": 62683.1035625012,
        "err_ucea_abs_kwh_year": 62683.1035625012,
        "err_ucea_pct_of_validation": 16.400107808952637,
        "err_ucea_area_minus_validation_m2": 1.9178018143742008,
        "err_ucea_area_pct_of_validation": 1.04796654542308,
        "err_workflow0_minus_validation_kwh_year": 65738.91356250033,
        "err_workflow0_abs_kwh_year": 65738.91356250033,
        "err_workflow0_pct_of_validation": 17.199615341212763
      },
      "geometry": {
        "type": "Polygon",
        "coordinates": [
          [
            [
              -9.147133300000002,
              38.7529721
            ],
            [
              -9.1470925,
              38.75298519999999
            ],
            [
              -9.1470072,
              38.75282399999999
            ],
            [
              -9.1471078,
              38.7527913
            ],
            [
              -9.1471928,
              38.7529531
            ],
            [
              -9.147133300000002,
              38.7529721
            ]
          ]
        ]
      }
    },
    {
      "type": "Feature",
      "properties": {
        "area_id": "EUA_1_Pro",
        "osm_uid": "cea/214",
        "osmid": "214",
        "element_type": "cea_zone",
        "building": "yes",
        "cea_name": "B1214",
        "intersection_area_m2": 146.18670826648344,
        "is_residential": true,
        "residential_source": "cea",
        "radiation_sum_kwh_year": 316954.26871875,
        "radiation_sum": 316954.26871875,
        "radiation_point_count": 242.0,
        "use_type1": "MULTI_RES",
        "use_type2": "NONE",
        "use_type3": "NONE",
        "resi_type": null,
        "comparison_status": "matched",
        "validation_radiation_kwh_year": 316954.26871875,
        "ucea_radiation_kwh_year": 254844.28000000023,
        "workflow0_radiation_kwh_year": 245893.3800000004,
        "validation_area_m2": 146.18670826648344,
        "ucea_roofs_top_m2": 150.97,
        "err_ucea_minus_validation_kwh_year": 62109.98871874975,
        "err_ucea_abs_kwh_year": 62109.98871874975,
        "err_ucea_pct_of_validation": 19.595883333523794,
        "err_ucea_area_minus_validation_m2": 4.783291733516563,
        "err_ucea_area_pct_of_validation": 3.2720428486542783,
        "err_workflow0_minus_validation_kwh_year": 71060.88871874957,
        "err_workflow0_abs_kwh_year": 71060.88871874957,
        "err_workflow0_pct_of_validation": 22.41991849676131
      },
      "geometry": {
        "type": "Polygon",
        "coordinates": [
          [
            [
              -9.147133300000002,
              38.7529721
            ],
            [
              -9.1472155,
              38.75312439999999
            ],
            [
              -9.1471311,
              38.753152099999994
            ],
            [
              -9.1470485,
              38.752999
            ],
            [
              -9.1470925,
              38.75298519999999
            ],
            [
              -9.147133300000002,
              38.7529721
            ]
          ]
        ]
      }
    },
    {
      "type": "Feature",
      "properties": {
        "area_id": "EUA_1_Pro",
        "osm_uid": "cea/215",
        "osmid": "215",
        "element_type": "cea_zone",
        "building": "yes",
        "cea_name": "B1215",
        "intersection_area_m2": 177.7261031522626,
        "is_residential": true,
        "residential_source": "cea",
        "radiation_sum_kwh_year": 401683.9165,
        "radiation_sum": 401683.9165,
        "radiation_point_count": 292.0,
        "use_type1": "MULTI_RES",
        "use_type2": "NONE",
        "use_type3": "NONE",
        "resi_type": null,
        "comparison_status": "matched",
        "validation_radiation_kwh_year": 401683.9165,
        "ucea_radiation_kwh_year": 309219.29999999877,
        "workflow0_radiation_kwh_year": 307094.51999999967,
        "validation_area_m2": 177.7261031522626,
        "ucea_roofs_top_m2": 179.75,
        "err_ucea_minus_validation_kwh_year": 92464.61650000123,
        "err_ucea_abs_kwh_year": 92464.61650000123,
        "err_ucea_pct_of_validation": 23.019247896623522,
        "err_ucea_area_minus_validation_m2": 2.0238968477374044,
        "err_ucea_area_pct_of_validation": 1.1387729837318716,
        "err_workflow0_minus_validation_kwh_year": 94589.39650000032,
        "err_workflow0_abs_kwh_year": 94589.39650000032,
        "err_workflow0_pct_of_validation": 23.548216051114988
      },
      "geometry": {
        "type": "Polygon",
        "coordinates": [
          [
            [
              -9.1464666,
              38.75263679999999
            ],
            [
              -9.146570500000001,
              38.75260409999999
            ],
            [
              -9.1466498,
              38.7527563
            ],
            [
              -9.1465467,
              38.752789799999995
            ],
            [
              -9.1464666,
              38.75263679999999
            ]
          ]
        ]
      }
    },
    {
      "type": "Feature",
      "properties": {
        "area_id": "EUA_1_Pro",
        "osm_uid": "cea/216",
        "osmid": "216",
        "element_type": "cea_zone",
        "building": "yes",
        "cea_name": "B1216",
        "intersection_area_m2": 180.01351654135811,
        "is_residential": true,
        "residential_source": "cea",
        "radiation_sum_kwh_year": 394628.5514375,
        "radiation_sum": 394628.5514375,
        "radiation_point_count": 297.0,
        "use_type1": "MULTI_RES",
        "use_type2": "NONE",
        "use_type3": "NONE",
        "resi_type": null,
        "comparison_status": "matched",
        "validation_radiation_kwh_year": 394628.5514375,
        "ucea_radiation_kwh_year": 314208.0000000008,
        "workflow0_radiation_kwh_year": 319679.12999999966,
        "validation_area_m2": 180.01351654135811,
        "ucea_roofs_top_m2": 181.23,
        "err_ucea_minus_validation_kwh_year": 80420.55143749918,
        "err_ucea_abs_kwh_year": 80420.55143749918,
        "err_ucea_pct_of_validation": 20.378797009125154,
        "err_ucea_area_minus_validation_m2": 1.216483458641875,
        "err_ucea_area_pct_of_validation": 0.6757733985838712,
        "err_workflow0_minus_validation_kwh_year": 74949.42143750034,
        "err_workflow0_abs_kwh_year": 74949.42143750034,
        "err_workflow0_pct_of_validation": 18.992397069214743
      },
      "geometry": {
        "type": "Polygon",
        "coordinates": [
          [
            [
              -9.1466379,
              38.7529499
            ],
            [
              -9.1465467,
              38.752789799999995
            ],
            [
              -9.1466498,
              38.7527563
            ],
            [
              -9.1467316,
              38.75291940000001
            ],
            [
              -9.1466379,
              38.7529499
            ]
          ]
        ]
      }
    },
    {
      "type": "Feature",
      "properties": {
        "area_id": "EUA_1_Pro",
        "osm_uid": "cea/217",
        "osmid": "217",
        "element_type": "cea_zone",
        "building": "yes",
        "cea_name": "B1217",
        "intersection_area_m2": 167.1863812934429,
        "is_residential": true,
        "residential_source": "cea",
        "radiation_sum_kwh_year": 373495.5214375,
        "radiation_sum": 373495.5214375,
        "radiation_point_count": 276.0,
        "use_type1": "MULTI_RES",
        "use_type2": "NONE",
        "use_type3": "NONE",
        "resi_type": null,
        "comparison_status": "matched",
        "validation_radiation_kwh_year": 373495.5214375,
        "ucea_radiation_kwh_year": 290168.08000000025,
        "workflow0_radiation_kwh_year": 275906.0199999995,
        "validation_area_m2": 167.1863812934429,
        "ucea_roofs_top_m2": 167.8,
        "err_ucea_minus_validation_kwh_year": 83327.44143749977,
        "err_ucea_abs_kwh_year": 83327.44143749977,
        "err_ucea_pct_of_validation": 22.310158129016177,
        "err_ucea_area_minus_validation_m2": 0.613618706557105,
        "err_ucea_area_pct_of_validation": 0.3670267289774585,
        "err_workflow0_minus_validation_kwh_year": 97589.50143750053,
        "err_workflow0_abs_kwh_year": 97589.50143750053,
        "err_workflow0_pct_of_validation": 26.128693876140886
      },
      "geometry": {
        "type": "Polygon",
        "coordinates": [
          [
            [
              -9.1467793,
              38.75308890000001
            ],
            [
              -9.1467223,
              38.7531075
            ],
            [
              -9.1466379,
              38.7529499
            ],
            [
              -9.1467316,
              38.75291940000001
            ],
            [
              -9.146816,
              38.75307699999999
            ],
            [
              -9.1467793,
              38.75308890000001
            ]
          ]
        ]
      }
    },
    {
      "type": "Feature",
      "properties": {
        "area_id": "EUA_1_Pro",
        "osm_uid": "cea/218",
        "osmid": "218",
        "element_type": "cea_zone",
        "building": "yes",
        "cea_name": "B1218",
        "intersection_area_m2": 144.30366715892978,
        "is_residential": true,
        "residential_source": "cea",
        "radiation_sum_kwh_year": 270925.593546875,
        "radiation_sum": 270925.593546875,
        "radiation_point_count": 239.0,
        "use_type1": "MULTI_RES",
        "use_type2": "NONE",
        "use_type3": "NONE",
        "resi_type": null,
        "comparison_status": "matched",
        "validation_radiation_kwh_year": 270925.593546875,
        "ucea_radiation_kwh_year": 250831.43999999977,
        "workflow0_radiation_kwh_year": 249855.9300000001,
        "validation_area_m2": 144.30366715892978,
        "ucea_roofs_top_m2": 145.68,
        "err_ucea_minus_validation_kwh_year": 20094.153546875226,
        "err_ucea_abs_kwh_year": 20094.153546875226,
        "err_ucea_pct_of_validation": 7.416853197148603,
        "err_ucea_area_minus_validation_m2": 1.376332841070223,
        "err_ucea_area_pct_of_validation": 0.9537753739510928,
        "err_workflow0_minus_validation_kwh_year": 21069.663546874886,
        "err_workflow0_abs_kwh_year": 21069.663546874886,
        "err_workflow0_pct_of_validation": 7.7769188473622215
      },
      "geometry": {
        "type": "Polygon",
        "coordinates": [
          [
            [
              -9.1468657,
              38.753061100000004
            ],
            [
              -9.1469437,
              38.753209199999986
            ],
            [
              -9.1468572,
              38.75323689999999
            ],
            [
              -9.1467793,
              38.75308890000001
            ],
            [
              -9.146816,
              38.75307699999999
            ],
            [
              -9.1468657,
              38.753061100000004
            ]
          ]
        ]
      }
    },
    {
      "type": "Feature",
      "properties": {
        "area_id": "EUA_1_Pro",
        "osm_uid": "cea/219",
        "osmid": "219",
        "element_type": "cea_zone",
        "building": "yes",
        "cea_name": "B1219",
        "intersection_area_m2": 175.93186067812684,
        "is_residential": true,
        "residential_source": "cea",
        "radiation_sum_kwh_year": 387557.4593125,
        "radiation_sum": 387557.4593125,
        "radiation_point_count": 291.0,
        "use_type1": "MULTI_RES",
        "use_type2": "NONE",
        "use_type3": "NONE",
        "resi_type": null,
        "comparison_status": "matched",
        "validation_radiation_kwh_year": 387557.4593125,
        "ucea_radiation_kwh_year": 303470.99000000104,
        "workflow0_radiation_kwh_year": 302738.5400000003,
        "validation_area_m2": 175.93186067812684,
        "ucea_roofs_top_m2": 177.97,
        "err_ucea_minus_validation_kwh_year": 84086.46931249899,
        "err_ucea_abs_kwh_year": 84086.46931249899,
        "err_ucea_pct_of_validation": 21.69651681112332,
        "err_ucea_area_minus_validation_m2": 2.0381393218731603,
        "err_ucea_area_pct_of_validation": 1.1584822180685077,
        "err_workflow0_minus_validation_kwh_year": 84818.9193124997,
        "err_workflow0_abs_kwh_year": 84818.9193124997,
        "err_workflow0_pct_of_validation": 21.88550814193141
      },
      "geometry": {
        "type": "Polygon",
        "coordinates": [
          [
            [
              -9.1461991,
              38.7527254
            ],
            [
              -9.1463001,
              38.7526921
            ],
            [
              -9.1463826,
              38.75284849999999
            ],
            [
              -9.1462839,
              38.75288009999999
            ],
            [
              -9.1461991,
              38.7527254
            ]
          ]
        ]
      }
    },
    {
      "type": "Feature",
      "properties": {
        "area_id": "EUA_1_Pro",
        "osm_uid": "cea/220",
        "osmid": "220",
        "element_type": "cea_zone",
        "building": "yes",
        "cea_name": "B1220",
        "intersection_area_m2": 184.8359152582617,
        "is_residential": true,
        "residential_source": "cea",
        "radiation_sum_kwh_year": 403500.8696875,
        "radiation_sum": 403500.8696875,
        "radiation_point_count": 306.0,
        "use_type1": "MULTI_RES",
        "use_type2": "NONE",
        "use_type3": "NONE",
        "resi_type": null,
        "comparison_status": "matched",
        "validation_radiation_kwh_year": 403500.8696875,
        "ucea_radiation_kwh_year": 324956.82000000024,
        "workflow0_radiation_kwh_year": 324315.7499999985,
        "validation_area_m2": 184.8359152582617,
        "ucea_roofs_top_m2": 188.08,
        "err_ucea_minus_validation_kwh_year": 78544.04968749976,
        "err_ucea_abs_kwh_year": 78544.04968749976,
        "err_ucea_pct_of_validation": 19.46564569943304,
        "err_ucea_area_minus_validation_m2": 3.2440847417383054,
        "err_ucea_area_pct_of_validation": 1.7551160104385086,
        "err_workflow0_minus_validation_kwh_year": 79185.11968750152,
        "err_workflow0_abs_kwh_year": 79185.11968750152,
        "err_workflow0_pct_of_validation": 19.62452268041656
      },
      "geometry": {
        "type": "Polygon",
        "coordinates": [
          [
            [
              -9.146465,
              38.753001499999996
            ],
            [
              -9.1465581,
              38.7531692
            ],
            [
              -9.1464971,
              38.7531898
            ],
            [
              -9.1464905,
              38.75317810000001
            ],
            [
              -9.1464532,
              38.7531909
            ],
            [
              -9.1463657,
              38.753035100000005
            ],
            [
              -9.146465,
              38.753001499999996
            ]
          ]
        ]
      }
    },
    {
      "type": "Feature",
      "properties": {
        "area_id": "EUA_1_Pro",
        "osm_uid": "cea/221",
        "osmid": "221",
        "element_type": "cea_zone",
        "building": "yes",
        "cea_name": "B1221",
        "intersection_area_m2": 143.1194388419227,
        "is_residential": true,
        "residential_source": "cea",
        "radiation_sum_kwh_year": 288564.645359375,
        "radiation_sum": 288564.645359375,
        "radiation_point_count": 235.0,
        "use_type1": "MULTI_RES",
        "use_type2": "NONE",
        "use_type3": "NONE",
        "resi_type": null,
        "comparison_status": "matched",
        "validation_radiation_kwh_year": 288564.645359375,
        "ucea_radiation_kwh_year": 249462.3200000013,
        "workflow0_radiation_kwh_year": 238008.40999999954,
        "validation_area_m2": 143.1194388419227,
        "ucea_roofs_top_m2": 147.42,
        "err_ucea_minus_validation_kwh_year": 39102.3253593737,
        "err_ucea_abs_kwh_year": 39102.3253593737,
        "err_ucea_pct_of_validation": 13.550629291636241,
        "err_ucea_area_minus_validation_m2": 4.300561158077301,
        "err_ucea_area_pct_of_validation": 3.004875642942764,
        "err_workflow0_minus_validation_kwh_year": 50556.23535937545,
        "err_workflow0_abs_kwh_year": 50556.23535937545,
        "err_workflow0_pct_of_validation": 17.51989932668755
      },
      "geometry": {
        "type": "Polygon",
        "coordinates": [
          [
            [
              -9.1464971,
              38.7531898
            ],
            [
              -9.1465745,
              38.7533271
            ],
            [
              -9.146491,
              38.75335569999999
            ],
            [
              -9.146407,
              38.75320670000001
            ],
            [
              -9.1464532,
              38.7531909
            ],
            [
              -9.1464905,
              38.75317810000001
            ],
            [
              -9.1464971,
              38.7531898
            ]
          ]
        ]
      }
    },
    {
      "type": "Feature",
      "properties": {
        "area_id": "EUA_1_Pro",
        "osm_uid": "cea/222",
        "osmid": "222",
        "element_type": "cea_zone",
        "building": "yes",
        "cea_name": "B1222",
        "intersection_area_m2": 176.161158604652,
        "is_residential": true,
        "residential_source": "cea",
        "radiation_sum_kwh_year": 391723.7508125,
        "radiation_sum": 391723.7508125,
        "radiation_point_count": 292.0,
        "use_type1": "MULTI_RES",
        "use_type2": "NONE",
        "use_type3": "NONE",
        "resi_type": null,
        "comparison_status": "matched",
        "validation_radiation_kwh_year": 391723.7508125,
        "ucea_radiation_kwh_year": 300689.82000000076,
        "workflow0_radiation_kwh_year": 297614.87000000017,
        "validation_area_m2": 176.161158604652,
        "ucea_roofs_top_m2": 177.28,
        "err_ucea_minus_validation_kwh_year": 91033.93081249925,
        "err_ucea_abs_kwh_year": 91033.93081249925,
        "err_ucea_pct_of_validation": 23.23931868406748,
        "err_ucea_area_minus_validation_m2": 1.1188413953479994,
        "err_ucea_area_pct_of_validation": 0.6351237720109167,
        "err_workflow0_minus_validation_kwh_year": 94108.88081249985,
        "err_workflow0_abs_kwh_year": 94108.88081249985,
        "err_workflow0_pct_of_validation": 24.024297892916223
      },
      "geometry": {
        "type": "Polygon",
        "coordinates": [
          [
            [
              -9.1458012,
              38.752858700000004
            ],
            [
              -9.145901,
              38.75282639999999
            ],
            [
              -9.1459842,
              38.752982599999996
            ],
            [
              -9.1458845,
              38.7530149
            ],
            [
              -9.1458012,
              38.752858700000004
            ]
          ]
        ]
      }
    },
    {
      "type": "Feature",
      "properties": {
        "area_id": "EUA_1_Pro",
        "osm_uid": "cea/223",
        "osmid": "223",
        "element_type": "cea_zone",
        "building": "yes",
        "cea_name": "B1223",
        "intersection_area_m2": 177.55295425343468,
        "is_residential": true,
        "residential_source": "cea",
        "radiation_sum_kwh_year": 412931.2,
        "radiation_sum": 412931.2,
        "radiation_point_count": 292.0,
        "use_type1": "MULTI_RES",
        "use_type2": "NONE",
        "use_type3": "NONE",
        "resi_type": null,
        "comparison_status": "matched",
        "validation_radiation_kwh_year": 412931.2,
        "ucea_radiation_kwh_year": 302470.55,
        "workflow0_radiation_kwh_year": 301327.130000001,
        "validation_area_m2": 177.55295425343468,
        "ucea_roofs_top_m2": 178.84,
        "err_ucea_minus_validation_kwh_year": 110460.65000000002,
        "err_ucea_abs_kwh_year": 110460.65000000002,
        "err_ucea_pct_of_validation": 26.750376333878386,
        "err_ucea_area_minus_validation_m2": 1.287045746565326,
        "err_ucea_area_pct_of_validation": 0.7248799390452433,
        "err_workflow0_minus_validation_kwh_year": 111604.06999999902,
        "err_workflow0_abs_kwh_year": 111604.06999999902,
        "err_workflow0_pct_of_validation": 27.027279604931525
      },
      "geometry": {
        "type": "Polygon",
        "coordinates": [
          [
            [
              -9.1459718,
              38.7531748
            ],
            [
              -9.1458845,
              38.7530149
            ],
            [
              -9.1459842,
              38.752982599999996
            ],
            [
              -9.1460678,
              38.7531438
            ],
            [
              -9.1459718,
              38.7531748
            ]
          ]
        ]
      }
    },
    {
      "type": "Feature",
      "properties": {
        "area_id": "EUA_1_Pro",
        "osm_uid": "cea/224",
        "osmid": "224",
        "element_type": "cea_zone",
        "building": "yes",
        "cea_name": "B1224",
        "intersection_area_m2": 168.40255887046447,
        "is_residential": true,
        "residential_source": "cea",
        "radiation_sum_kwh_year": 368643.902671875,
        "radiation_sum": 368643.902671875,
        "radiation_point_count": 278.0,
        "use_type1": "MULTI_RES",
        "use_type2": "NONE",
        "use_type3": "NONE",
        "resi_type": null,
        "comparison_status": "matched",
        "validation_radiation_kwh_year": 368643.902671875,
        "ucea_radiation_kwh_year": 292905.53000000055,
        "workflow0_radiation_kwh_year": 283888.42000000033,
        "validation_area_m2": 168.40255887046447,
        "ucea_roofs_top_m2": 171.57,
        "err_ucea_minus_validation_kwh_year": 75738.37267187447,
        "err_ucea_abs_kwh_year": 75738.37267187447,
        "err_ucea_pct_of_validation": 20.54513098492454,
        "err_ucea_area_minus_validation_m2": 3.1674411295355185,
        "err_ucea_area_pct_of_validation": 1.8808747033184452,
        "err_workflow0_minus_validation_kwh_year": 84755.48267187469,
        "err_workflow0_abs_kwh_year": 84755.48267187469,
        "err_workflow0_pct_of_validation": 22.991152724235995
      },
      "geometry": {
        "type": "Polygon",
        "coordinates": [
          [
            [
              -9.1461077,
              38.7533039
            ],
            [
              -9.1461145,
              38.753316600000005
            ],
            [
              -9.1460571,
              38.7533352
            ],
            [
              -9.1459718,
              38.7531748
            ],
            [
              -9.1460678,
              38.7531438
            ],
            [
              -9.1461463,
              38.75329130000001
            ],
            [
              -9.1461077,
              38.7533039
            ]
          ]
        ]
      }
    },
    {
      "type": "Feature",
      "properties": {
        "area_id": "EUA_1_Pro",
        "osm_uid": "cea/225",
        "osmid": "225",
        "element_type": "cea_zone",
        "building": "yes",
        "cea_name": "B1225",
        "intersection_area_m2": 153.9299155486634,
        "is_residential": true,
        "residential_source": "cea",
        "radiation_sum_kwh_year": 297425.09359375003,
        "radiation_sum": 297425.09359375003,
        "radiation_point_count": 253.0,
        "use_type1": "MULTI_RES",
        "use_type2": "NONE",
        "use_type3": "NONE",
        "resi_type": null,
        "comparison_status": "matched",
        "validation_radiation_kwh_year": 297425.09359375003,
        "ucea_radiation_kwh_year": 266486.3200000006,
        "workflow0_radiation_kwh_year": 264483.9500000002,
        "validation_area_m2": 153.9299155486634,
        "ucea_roofs_top_m2": 155.33,
        "err_ucea_minus_validation_kwh_year": 30938.773593749444,
        "err_ucea_abs_kwh_year": 30938.773593749444,
        "err_ucea_pct_of_validation": 10.402206895161443,
        "err_ucea_area_minus_validation_m2": 1.4000844513366246,
        "err_ucea_area_pct_of_validation": 0.9095596826297239,
        "err_workflow0_minus_validation_kwh_year": 32941.143593749846,
        "err_workflow0_abs_kwh_year": 32941.143593749846,
        "err_workflow0_pct_of_validation": 11.075441952703502
      },
      "geometry": {
        "type": "Polygon",
        "coordinates": [
          [
            [
              -9.1461463,
              38.75329130000001
            ],
            [
              -9.1461943,
              38.7532757
            ],
            [
              -9.1462785,
              38.753432499999995
            ],
            [
              -9.1461919,
              38.75346079999999
            ],
            [
              -9.1461145,
              38.753316600000005
            ],
            [
              -9.1461077,
              38.7533039
            ],
            [
              -9.1461463,
              38.75329130000001
            ]
          ]
        ]
      }
    },
    {
      "type": "Feature",
      "properties": {
        "area_id": "EUA_1_Pro",
        "osm_uid": "cea/226",
        "osmid": "226",
        "element_type": "cea_zone",
        "building": "yes",
        "cea_name": "B1226",
        "intersection_area_m2": 175.14886624630083,
        "is_residential": true,
        "residential_source": "cea",
        "radiation_sum_kwh_year": 389524.2740625,
        "radiation_sum": 389524.2740625,
        "radiation_point_count": 288.0,
        "use_type1": "MULTI_RES",
        "use_type2": "NONE",
        "use_type3": "NONE",
        "resi_type": null,
        "comparison_status": "matched",
        "validation_radiation_kwh_year": 389524.2740625,
        "ucea_radiation_kwh_year": 277958.9600000002,
        "workflow0_radiation_kwh_year": 276081.39999999997,
        "validation_area_m2": 175.14886624630083,
        "ucea_roofs_top_m2": 177.3,
        "err_ucea_minus_validation_kwh_year": 111565.31406249979,
        "err_ucea_abs_kwh_year": 111565.31406249979,
        "err_ucea_pct_of_validation": 28.641427888162603,
        "err_ucea_area_minus_validation_m2": 2.1511337536991846,
        "err_ucea_area_pct_of_validation": 1.2281745236501735,
        "err_workflow0_minus_validation_kwh_year": 113442.87406250002,
        "err_workflow0_abs_kwh_year": 113442.87406250002,
        "err_workflow0_pct_of_validation": 29.12344149425149
      },
      "geometry": {
        "type": "Polygon",
        "coordinates": [
          [
            [
              -9.1455323,
              38.75294449999999
            ],
            [
              -9.1456334,
              38.75291130000001
            ],
            [
              -9.1457155,
              38.753064499999994
            ],
            [
              -9.145614,
              38.75309690000001
            ],
            [
              -9.1455323,
              38.75294449999999
            ]
          ]
        ]
      }
    },
    {
      "type": "Feature",
      "properties": {
        "area_id": "EUA_1_Pro",
        "osm_uid": "cea/227",
        "osmid": "227",
        "element_type": "cea_zone",
        "building": "yes",
        "cea_name": "B1227",
        "intersection_area_m2": 179.70313589810428,
        "is_residential": true,
        "residential_source": "cea",
        "radiation_sum_kwh_year": 393954.50821875,
        "radiation_sum": 393954.50821875,
        "radiation_point_count": 297.0,
        "use_type1": "MULTI_RES",
        "use_type2": "NONE",
        "use_type3": "NONE",
        "resi_type": null,
        "comparison_status": "matched",
        "validation_radiation_kwh_year": 393954.50821875,
        "ucea_radiation_kwh_year": 287697.9999999998,
        "workflow0_radiation_kwh_year": 282963.4400000003,
        "validation_area_m2": 179.70313589810428,
        "ucea_roofs_top_m2": 180.5,
        "err_ucea_minus_validation_kwh_year": 106256.50821875018,
        "err_ucea_abs_kwh_year": 106256.50821875018,
        "err_ucea_pct_of_validation": 26.971771106056092,
        "err_ucea_area_minus_validation_m2": 0.7968641018957214,
        "err_ucea_area_pct_of_validation": 0.4434336094989245,
        "err_workflow0_minus_validation_kwh_year": 110991.06821874972,
        "err_workflow0_abs_kwh_year": 110991.06821874972,
        "err_workflow0_pct_of_validation": 28.173574842585637
      },
      "geometry": {
        "type": "Polygon",
        "coordinates": [
          [
            [
              -9.1456965,
              38.7532541
            ],
            [
              -9.145614,
              38.75309690000001
            ],
            [
              -9.1457155,
              38.753064499999994
            ],
            [
              -9.1457981,
              38.75322160000001
            ],
            [
              -9.1456965,
              38.7532541
            ]
          ]
        ]
      }
    },
    {
      "type": "Feature",
      "properties": {
        "area_id": "EUA_1_Pro",
        "osm_uid": "cea/228",
        "osmid": "228",
        "element_type": "cea_zone",
        "building": "yes",
        "cea_name": "B1228",
        "intersection_area_m2": 186.09129056612096,
        "is_residential": true,
        "residential_source": "cea",
        "radiation_sum_kwh_year": 414681.57975000003,
        "radiation_sum": 414681.57975000003,
        "radiation_point_count": 307.0,
        "use_type1": "MULTI_RES",
        "use_type2": "NONE",
        "use_type3": "NONE",
        "resi_type": null,
        "comparison_status": "matched",
        "validation_radiation_kwh_year": 414681.57975000003,
        "ucea_radiation_kwh_year": 302066.7499999991,
        "workflow0_radiation_kwh_year": 295891.6700000006,
        "validation_area_m2": 186.09129056612096,
        "ucea_roofs_top_m2": 187.76,
        "err_ucea_minus_validation_kwh_year": 112614.8297500009,
        "err_ucea_abs_kwh_year": 112614.8297500009,
        "err_ucea_pct_of_validation": 27.156940469333907,
        "err_ucea_area_minus_validation_m2": 1.6687094338790303,
        "err_ucea_area_pct_of_validation": 0.8967154931337925,
        "err_workflow0_minus_validation_kwh_year": 118789.90974999941,
        "err_workflow0_abs_kwh_year": 118789.90974999941,
        "err_workflow0_pct_of_validation": 28.646054117381954
      },
      "geometry": {
        "type": "Polygon",
        "coordinates": [
          [
            [
              -9.1458268,
              38.75340229999999
            ],
            [
              -9.1457827,
              38.7534165
            ],
            [
              -9.1456965,
              38.7532541
            ],
            [
              -9.1457981,
              38.75322160000001
            ],
            [
              -9.1458844,
              38.7533844
            ],
            [
              -9.1458268,
              38.75340229999999
            ]
          ]
        ]
      }
    },
    {
      "type": "Feature",
      "properties": {
        "area_id": "EUA_1_Pro",
        "osm_uid": "cea/229",
        "osmid": "229",
        "element_type": "cea_zone",
        "building": "yes",
        "cea_name": "B1229",
        "intersection_area_m2": 147.51831388679537,
        "is_residential": true,
        "residential_source": "cea",
        "radiation_sum_kwh_year": 289105.289671875,
        "radiation_sum": 289105.289671875,
        "radiation_point_count": 243.0,
        "use_type1": "MULTI_RES",
        "use_type2": "NONE",
        "use_type3": "NONE",
        "resi_type": null,
        "comparison_status": "matched",
        "validation_radiation_kwh_year": 289105.289671875,
        "ucea_radiation_kwh_year": 238316.32000000076,
        "workflow0_radiation_kwh_year": 234085.51,
        "validation_area_m2": 147.51831388679537,
        "ucea_roofs_top_m2": 149.28,
        "err_ucea_minus_validation_kwh_year": 50788.96967187425,
        "err_ucea_abs_kwh_year": 50788.96967187425,
        "err_ucea_pct_of_validation": 17.567637634551087,
        "err_ucea_area_minus_validation_m2": 1.7616861132046324,
        "err_ucea_area_pct_of_validation": 1.1942151904993568,
        "err_workflow0_minus_validation_kwh_year": 55019.779671875,
        "err_workflow0_abs_kwh_year": 55019.779671875,
        "err_workflow0_pct_of_validation": 19.031052574071072
      },
      "geometry": {
        "type": "Polygon",
        "coordinates": [
          [
            [
              -9.1458268,
              38.75340229999999
            ],
            [
              -9.1459081,
              38.753556200000006
            ],
            [
              -9.145823100000001,
              38.7535835
            ],
            [
              -9.1457418,
              38.75342959999999
            ],
            [
              -9.1457827,
              38.7534165
            ],
            [
              -9.1458268,
              38.75340229999999
            ]
          ]
        ]
      }
    },
    {
      "type": "Feature",
      "properties": {
        "area_id": "EUA_1_Pro",
        "osm_uid": "cea/230",
        "osmid": "230",
        "element_type": "cea_zone",
        "building": "yes",
        "cea_name": "B1230",
        "intersection_area_m2": 152.28844867323235,
        "is_residential": true,
        "residential_source": "cea",
        "radiation_sum_kwh_year": 275351.52271875,
        "radiation_sum": 275351.52271875,
        "radiation_point_count": 251.0,
        "use_type1": "MULTI_RES",
        "use_type2": "NONE",
        "use_type3": "NONE",
        "resi_type": null,
        "comparison_status": "matched",
        "validation_radiation_kwh_year": 275351.52271875,
        "ucea_radiation_kwh_year": 260844.69,
        "workflow0_radiation_kwh_year": 258907.34000000072,
        "validation_area_m2": 152.28844867323235,
        "ucea_roofs_top_m2": 154.84,
        "err_ucea_minus_validation_kwh_year": 14506.832718749996,
        "err_ucea_abs_kwh_year": 14506.832718749996,
        "err_ucea_pct_of_validation": 5.268477390469196,
        "err_ucea_area_minus_validation_m2": 2.551551326767651,
        "err_ucea_area_pct_of_validation": 1.675472663223823,
        "err_workflow0_minus_validation_kwh_year": 16444.182718749274,
        "err_workflow0_abs_kwh_year": 16444.182718749274,
        "err_workflow0_pct_of_validation": 5.972068923528605
      },
      "geometry": {
        "type": "Polygon",
        "coordinates": [
          [
            [
              -9.1459194,
              38.7536899
            ],
            [
              -9.1458828,
              38.753623399999995
            ],
            [
              -9.1460835,
              38.75355629999999
            ],
            [
              -9.1461201,
              38.75362269999999
            ],
            [
              -9.1459194,
              38.7536899
            ]
          ]
        ]
      }
    },
    {
      "type": "Feature",
      "properties": {
        "area_id": "EUA_1_Pro",
        "osm_uid": "cea/231",
        "osmid": "231",
        "element_type": "cea_zone",
        "building": "yes",
        "cea_name": "B1231",
        "intersection_area_m2": 137.87260044488872,
        "is_residential": true,
        "residential_source": "cea",
        "radiation_sum_kwh_year": 266760.782484375,
        "radiation_sum": 266760.782484375,
        "radiation_point_count": 225.0,
        "use_type1": "MULTI_RES",
        "use_type2": "NONE",
        "use_type3": "NONE",
        "resi_type": null,
        "comparison_status": "matched",
        "validation_radiation_kwh_year": 266760.782484375,
        "ucea_radiation_kwh_year": 238027.65999999992,
        "workflow0_radiation_kwh_year": 237250.15000000037,
        "validation_area_m2": 137.87260044488872,
        "ucea_roofs_top_m2": 139.89,
        "err_ucea_minus_validation_kwh_year": 28733.122484375082,
        "err_ucea_abs_kwh_year": 28733.122484375082,
        "err_ucea_pct_of_validation": 10.771119433966298,
        "err_ucea_area_minus_validation_m2": 2.0173995551112682,
        "err_ucea_area_pct_of_validation": 1.4632345720625437,
        "err_workflow0_minus_validation_kwh_year": 29510.632484374626,
        "err_workflow0_abs_kwh_year": 29510.632484374626,
        "err_workflow0_pct_of_validation": 11.062582816536443
      },
      "geometry": {
        "type": "Polygon",
        "coordinates": [
          [
            [
              -9.1460835,
              38.75355629999999
            ],
            [
              -9.14627,
              38.75349800000001
            ],
            [
              -9.1463037,
              38.753563899999996
            ],
            [
              -9.1461201,
              38.75362269999999
            ],
            [
              -9.1460835,
              38.75355629999999
            ]
          ]
        ]
      }
    },
    {
      "type": "Feature",
      "properties": {
        "area_id": "EUA_1_Pro",
        "osm_uid": "cea/232",
        "osmid": "232",
        "element_type": "cea_zone",
        "building": "yes",
        "cea_name": "B1232",
        "intersection_area_m2": 172.8108086976314,
        "is_residential": true,
        "residential_source": "cea",
        "radiation_sum_kwh_year": 387350.42387500004,
        "radiation_sum": 387350.42387500004,
        "radiation_point_count": 283.0,
        "use_type1": "MULTI_RES",
        "use_type2": "NONE",
        "use_type3": "NONE",
        "resi_type": null,
        "comparison_status": "matched",
        "validation_radiation_kwh_year": 387350.42387500004,
        "ucea_radiation_kwh_year": 300862.3399999998,
        "workflow0_radiation_kwh_year": 298689.73999999976,
        "validation_area_m2": 172.8108086976314,
        "ucea_roofs_top_m2": 173.87,
        "err_ucea_minus_validation_kwh_year": 86488.08387500024,
        "err_ucea_abs_kwh_year": 86488.08387500024,
        "err_ucea_pct_of_validation": 22.328124236908124,
        "err_ucea_area_minus_validation_m2": 1.0591913023686175,
        "err_ucea_area_pct_of_validation": 0.6129195912866157,
        "err_workflow0_minus_validation_kwh_year": 88660.68387500028,
        "err_workflow0_abs_kwh_year": 88660.68387500028,
        "err_workflow0_pct_of_validation": 22.88901170884262
      },
      "geometry": {
        "type": "Polygon",
        "coordinates": [
          [
            [
              -9.1463826,
              38.75284849999999
            ],
            [
              -9.146465,
              38.753001499999996
            ],
            [
              -9.1463657,
              38.753035100000005
            ],
            [
              -9.1462839,
              38.75288009999999
            ],
            [
              -9.1463826,
              38.75284849999999
            ]
          ]
        ]
      }
    },
    {
      "type": "Feature",
      "properties": {
        "area_id": "EUA_1_Pro",
        "osm_uid": "cea/235",
        "osmid": "235",
        "element_type": "cea_zone",
        "building": "yes",
        "cea_name": "B1235",
        "intersection_area_m2": 28.960387238575073,
        "is_residential": true,
        "residential_source": "cea",
        "radiation_sum_kwh_year": 53627.4064375,
        "radiation_sum": 53627.4064375,
        "radiation_point_count": 48.0,
        "use_type1": "MULTI_RES",
        "use_type2": "NONE",
        "use_type3": "NONE",
        "resi_type": null,
        "comparison_status": "matched",
        "validation_radiation_kwh_year": 53627.4064375,
        "ucea_radiation_kwh_year": 45449.52000000001,
        "workflow0_radiation_kwh_year": 45245.780000000064,
        "validation_area_m2": 28.960387238575073,
        "ucea_roofs_top_m2": 28.96,
        "err_ucea_minus_validation_kwh_year": 8177.88643749999,
        "err_ucea_abs_kwh_year": 8177.88643749999,
        "err_ucea_pct_of_validation": 15.24945355511626,
        "err_ucea_area_minus_validation_m2": 0.0003872385750725016,
        "err_ucea_area_pct_of_validation": 0.0013371318963466827,
        "err_workflow0_minus_validation_kwh_year": 8381.626437499937,
        "err_workflow0_abs_kwh_year": 8381.626437499937,
        "err_workflow0_pct_of_validation": 15.629371238134167
      },
      "geometry": {
        "type": "Polygon",
        "coordinates": [
          [
            [
              -9.1495611,
              38.750238100000004
            ],
            [
              -9.1495266,
              38.75018870000001
            ],
            [
              -9.1495735,
              38.75016879999999
            ],
            [
              -9.149608,
              38.75021819999999
            ],
            [
              -9.1495611,
              38.750238100000004
            ]
          ]
        ]
      }
    },
    {
      "type": "Feature",
      "properties": {
        "area_id": "EUA_1_Pro",
        "osm_uid": "cea/237",
        "osmid": "237",
        "element_type": "cea_zone",
        "building": "yes",
        "cea_name": "B1237",
        "intersection_area_m2": 1336.2589550171244,
        "is_residential": true,
        "residential_source": "cea",
        "radiation_sum_kwh_year": 2780947.746484375,
        "radiation_sum": 2780947.746484375,
        "radiation_point_count": 2203.0,
        "use_type1": "MULTI_RES",
        "use_type2": "NONE",
        "use_type3": "NONE",
        "resi_type": null,
        "comparison_status": "matched",
        "validation_radiation_kwh_year": 2780947.746484375,
        "ucea_radiation_kwh_year": 2017818.3999999978,
        "workflow0_radiation_kwh_year": 2294997.8900000043,
        "validation_area_m2": 1336.2589550171244,
        "ucea_roofs_top_m2": 1286.96,
        "err_ucea_minus_validation_kwh_year": 763129.3464843773,
        "err_ucea_abs_kwh_year": 763129.3464843773,
        "err_ucea_pct_of_validation": 27.44134072454658,
        "err_ucea_area_minus_validation_m2": 49.2989550171244,
        "err_ucea_area_pct_of_validation": 3.6893264461971462,
        "err_workflow0_minus_validation_kwh_year": 485949.8564843708,
        "err_workflow0_abs_kwh_year": 485949.8564843708,
        "err_workflow0_pct_of_validation": 17.474253412301614
      },
      "geometry": {
        "type": "Polygon",
        "coordinates": [
          [
            [
              -9.1480808,
              38.74997760000001
            ],
            [
              -9.1480656,
              38.7499475
            ],
            [
              -9.1480372,
              38.7499386
            ],
            [
              -9.1479809,
              38.749956
            ],
            [
              -9.1477556,
              38.74987949999999
            ],
            [
              -9.1477321,
              38.749839699999995
            ],
            [
              -9.1476539,
              38.74986209999999
            ],
            [
              -9.1475642,
              38.7496927
            ],
            [
              -9.1477576,
              38.749629899999995
            ],
            [
              -9.1478284,
              38.749653599999995
            ],
            [
              -9.1478862,
              38.7496361
            ],
            [
              -9.148116,
              38.74971149999999
            ],
            [
              -9.1481379,
              38.74975859999999
            ],
            [
              -9.148108500000001,
              38.749812600000006
            ],
            [
              -9.1481788,
              38.749835899999994
            ],
            [
              -9.1482258,
              38.74993359999999
            ],
            [
              -9.1480808,
              38.74997760000001
            ]
          ]
        ]
      }
    },
    {
      "type": "Feature",
      "properties": {
        "area_id": "EUA_1_Pro",
        "osm_uid": "cea/240",
        "osmid": "240",
        "element_type": "cea_zone",
        "building": "yes",
        "cea_name": "B1240",
        "intersection_area_m2": 316.2027895177017,
        "is_residential": true,
        "residential_source": "cea",
        "radiation_sum_kwh_year": 686202.976875,
        "radiation_sum": 686202.976875,
        "radiation_point_count": 521.0,
        "use_type1": "MULTI_RES",
        "use_type2": "NONE",
        "use_type3": "NONE",
        "resi_type": null,
        "comparison_status": "matched",
        "validation_radiation_kwh_year": 686202.976875,
        "ucea_radiation_kwh_year": 339989.890000001,
        "workflow0_radiation_kwh_year": 351317.94999999995,
        "validation_area_m2": 316.2027895177017,
        "ucea_roofs_top_m2": 316.11,
        "err_ucea_minus_validation_kwh_year": 346213.08687499905,
        "err_ucea_abs_kwh_year": 346213.08687499905,
        "err_ucea_pct_of_validation": 50.45345160868718,
        "err_ucea_area_minus_validation_m2": 0.09278951770170352,
        "err_ucea_area_pct_of_validation": 0.02934493963295949,
        "err_workflow0_minus_validation_kwh_year": 334885.0268750001,
        "err_workflow0_abs_kwh_year": 334885.0268750001,
        "err_workflow0_pct_of_validation": 48.80261936491181
      },
      "geometry": {
        "type": "Polygon",
        "coordinates": [
          [
            [
              -9.1492853,
              38.7525122
            ],
            [
              -9.1492207,
              38.7523762
            ],
            [
              -9.1492453,
              38.7523679
            ],
            [
              -9.1493864,
              38.75232429999999
            ],
            [
              -9.1494294,
              38.752311899999995
            ],
            [
              -9.1494971,
              38.7524459
            ],
            [
              -9.149440400000001,
              38.75246319999999
            ],
            [
              -9.1492853,
              38.7525122
            ]
          ]
        ]
      }
    },
    {
      "type": "Feature",
      "properties": {
        "area_id": "EUA_1_Pro",
        "osm_uid": "cea/241",
        "osmid": "241",
        "element_type": "cea_zone",
        "building": "yes",
        "cea_name": "B1241",
        "intersection_area_m2": 312.76672402046444,
        "is_residential": true,
        "residential_source": "cea",
        "radiation_sum_kwh_year": 638342.849546875,
        "radiation_sum": 638342.849546875,
        "radiation_point_count": 516.0,
        "use_type1": "MULTI_RES",
        "use_type2": "NONE",
        "use_type3": "NONE",
        "resi_type": null,
        "comparison_status": "matched",
        "validation_radiation_kwh_year": 638342.849546875,
        "ucea_radiation_kwh_year": 345789.76999999984,
        "workflow0_radiation_kwh_year": 327491.6900000008,
        "validation_area_m2": 312.76672402046444,
        "ucea_roofs_top_m2": 312.75,
        "err_ucea_minus_validation_kwh_year": 292553.07954687515,
        "err_ucea_abs_kwh_year": 292553.07954687515,
        "err_ucea_pct_of_validation": 45.83008641117273,
        "err_ucea_area_minus_validation_m2": 0.016724020464437217,
        "err_ucea_area_pct_of_validation": 0.0053471226892228335,
        "err_workflow0_minus_validation_kwh_year": 310851.1595468742,
        "err_workflow0_abs_kwh_year": 310851.1595468742,
        "err_workflow0_pct_of_validation": 48.69658362548129
      },
      "geometry": {
        "type": "Polygon",
        "coordinates": [
          [
            [
              -9.1493154,
              38.7526682
            ],
            [
              -9.1495142,
              38.75260540000001
            ],
            [
              -9.149587,
              38.75274559999999
            ],
            [
              -9.1495427,
              38.75275959999999
            ],
            [
              -9.1493881,
              38.75280829999999
            ],
            [
              -9.1493154,
              38.7526682
            ]
          ]
        ]
      }
    },
    {
      "type": "Feature",
      "properties": {
        "area_id": "EUA_1_Pro",
        "osm_uid": "cea/242",
        "osmid": "242",
        "element_type": "cea_zone",
        "building": "yes",
        "cea_name": "B1242",
        "intersection_area_m2": 368.96447468250454,
        "is_residential": true,
        "residential_source": "cea",
        "radiation_sum_kwh_year": 560095.204953125,
        "radiation_sum": 560095.204953125,
        "radiation_point_count": 605.0,
        "use_type1": "MULTI_RES",
        "use_type2": "NONE",
        "use_type3": "NONE",
        "resi_type": null,
        "comparison_status": "matched",
        "validation_radiation_kwh_year": 560095.204953125,
        "ucea_radiation_kwh_year": 501068.1799999984,
        "workflow0_radiation_kwh_year": 500375.97,
        "validation_area_m2": 368.96447468250454,
        "ucea_roofs_top_m2": 368.96,
        "err_ucea_minus_validation_kwh_year": 59027.02495312656,
        "err_ucea_abs_kwh_year": 59027.02495312656,
        "err_ucea_pct_of_validation": 10.538748489744096,
        "err_ucea_area_minus_validation_m2": 0.004474682504564953,
        "err_ucea_area_pct_of_validation": 0.0012127678439544719,
        "err_workflow0_minus_validation_kwh_year": 59719.23495312501,
        "err_workflow0_abs_kwh_year": 59719.23495312501,
        "err_workflow0_pct_of_validation": 10.662336407276149
      },
      "geometry": {
        "type": "Polygon",
        "coordinates": [
          [
            [
              -9.149835,
              38.75321859999999
            ],
            [
              -9.1499563,
              38.7533907
            ],
            [
              -9.1497561,
              38.753460200000006
            ],
            [
              -9.1496747,
              38.753282999999996
            ],
            [
              -9.149835,
              38.75321859999999
            ]
          ]
        ]
      }
    }
  ]
}
