area_id,building_name,status,CEA_AREA,UCEA_AREA,CEA_GENERATION_KWH_YEAR,UCEA_GENERATION_KWH_YEAR,UCEA_MINUS_CEA_KWH_YEAR,UCEA_VS_CEA_RATIO,UCEA_VS_CEA_PCT_CHANGE,NORTH_PCT_AREA,EAST_PCT_AREA,SOUTH_PCT_AREA,WEST_PCT_AREA,NORTH_PCT_GEN,EAST_PCT_GEN,SOUTH_PCT_GEN,WEST_PCT_GEN,OVEN_ROOF_DETECTED,OVEN_ROOF_COUNT,OVEN_COUNT_NORTH,OVEN_COUNT_EAST,OVEN_COUNT_SOUTH,OVEN_COUNT_WEST,OVEN_COUNT_HORIZONTAL,OVEN_CONFIDENCE_FACE_COUNT,OVEN_CONFIDENCE_MEAN,OVEN_CONFIDENCE_AREA_WEIGHTED_MEAN,OVEN_CONFIDENCE_MIN,OVEN_CONFIDENCE_MAX,validation_area_m2,validation_radiation_kwh_year,validation_point_count,residential_source,use_type1,use_type2,use_type3,resi_type
Alameda_Arro,B1002,matched,122.45,121.92,33426.24,33270.35,-155.88999999999942,-0.004663701331648412,-0.4663701331648412,100.0,0.0,0.0,0.0,100.0,0.0,0.0,0.0,1,1,0,0,0,0,1,1,0.8829475045204163,0.8829475045204163,0.8829475045204163,0.8829475045204163,228.82797568766074,499972.20075,377.0,cea,MULTI_RES,NONE,NONE,
Alameda_Arro,B1003,matched,112.76,214.16,29669.38,48777.47,19108.09,0.644034017562888,64.4034017562888,49.871585337380345,0.0,50.12841466261967,0.0,54.25507507494346,0.0,45.74492492505653,0.0,1,2,1,0,1,0,0,2,0.9811481237411499,0.981187397563273,0.9660030007362366,0.9962932467460632,211.57024381517928,362266.2803125,349.0,cea,MULTI_RES,NONE,NONE,
Alameda_Arro,B1004,matched,50.49,54.08,6175.58,6805.4,629.8199999999997,0.10198556248967704,10.198556248967703,100.0,0.0,0.0,0.0,100.0,0.0,0.0,0.0,1,1,0,0,0,0,1,1,0.9986613988876343,0.9986613988876342,0.9986613988876343,0.9986613988876343,143.135464016951,166529.7870625,234.0,cea,MULTI_RES,NONE,NONE,
Alameda_Arro,B1005,matched,490.85,490.85,132544.81,132458.08,-86.73000000001048,-0.0006543447457505917,-0.06543447457505916,100.0,0.0,0.0,0.0,100.0,0.0,0.0,0.0,0,0,0,0,0,0,0,0,,,,,919.062494461037,2022555.6528750001,1514.0,cea,MULTI_RES,NONE,NONE,
Alameda_Arro,B1006,matched,99.24,189.58,26912.15,41461.4,14549.25,0.5406201288265708,54.062012882657086,0.0,0.0,50.98628691983122,49.01371308016878,0.0,0.0,48.339672930961356,51.66032706903866,1,3,1,1,0,1,0,3,0.6543356478214264,0.7163552024643297,0.4842202365398407,0.8786935806274414,186.20062575811772,363419.51990625,306.0,cea,MULTI_RES,NONE,NONE,
Alameda_Arro,B1007,matched,182.22,352.19,49034.27,83956.4,34922.13,0.7121984277526717,71.21984277526717,0.0,0.0,0.0,100.0,0.0,0.0,0.0,100.0,1,2,0,1,0,1,0,2,0.8429045677185059,0.8542233257622245,0.6888570785522461,0.9969520568847656,346.93647452678607,755905.93853125,571.0,cea,MULTI_RES,NONE,NONE,
Alameda_Arro,B1008,matched,144.78,274.54,39345.88,70163.26,30817.379999999997,0.7832428706639678,78.32428706639678,0.0,0.0,0.0,100.0,0.0,0.0,0.0,100.0,1,1,0,1,0,0,0,1,0.6120721697807312,0.6120721697807312,0.6120721697807312,0.6120721697807312,271.66106752683845,546808.78428125,449.0,cea,MULTI_RES,NONE,NONE,
Alameda_Arro,B1011,matched,76.57,76.57,19162.83,19130.52,-32.31000000000131,-0.0016860766389933692,-0.16860766389933693,100.0,0.0,0.0,0.0,100.0,0.0,0.0,0.0,0,0,0,0,0,0,0,0,,,,,143.66316275396886,210873.37375,237.0,cea,MULTI_RES,NONE,NONE,
Alameda_Arro,B1013,matched,63.77,122.14,17439.57,22812.52,5372.950000000001,0.30808959165850996,30.808959165850997,0.0,25.094154249222207,49.4432618306861,25.462583920091696,0.0,27.388318132780025,46.547454399370075,26.06422746784989,1,3,1,1,0,1,0,3,0.776153435309728,0.6988046969709603,0.4773220121860504,0.9768279790878296,119.65119648130567,231779.42934375,198.0,cea,MULTI_RES,NONE,NONE,
Alameda_Arro,B1014,matched,276.2,276.2,74232.96,74221.16,-11.80000000000291,-0.0001589590392192755,-0.01589590392192755,100.0,0.0,0.0,0.0,100.0,0.0,0.0,0.0,0,0,0,0,0,0,0,0,,,,,518.2413480986182,1193833.6218437501,853.0,cea,MULTI_RES,NONE,NONE,
Alameda_Arro,B1019,matched,91.72,91.71,25104.86,25040.63,-64.22999999999956,-0.002558468758638748,-0.25584687586387483,100.0,0.0,0.0,0.0,100.0,0.0,0.0,0.0,1,1,0,0,0,0,1,1,0.9606673717498779,0.9606673717498778,0.9606673717498779,0.9606673717498779,172.08860920435208,317941.0444375,282.0,cea,MULTI_RES,NONE,NONE,
Alameda_Arro,B1020,matched,137.29,291.32,35670.93,61747.26,26076.33,0.731024674714116,73.1024674714116,38.89880543731978,0.0,61.10119456268023,0.0,43.820570483516384,0.0,56.179429516483616,0.0,1,2,1,0,1,0,0,2,0.9904314875602722,0.9907827454480264,0.9888498187065125,0.992013156414032,284.98291374885184,590183.331515625,469.0,cea,MULTI_RES,NONE,NONE,
Alameda_Arro,B1022,matched,72.05,133.2,13183.53,22293.95,9110.42,0.691045569737392,69.1045569737392,48.453453453453456,0.0,51.54654654654654,0.0,42.19045037733275,0.0,57.809549622667255,0.0,1,2,1,0,1,0,0,2,0.9586876928806305,0.9596813143994032,0.9264890551567078,0.9908863306045532,131.4391126564271,233009.47190625,217.0,cea,MULTI_RES,NONE,NONE,
Alameda_Arro,B1023,matched,79.14,151.63,17738.19,31388.24,13650.050000000003,0.7695289090938818,76.95289090938819,0.0,0.0,0.0,100.0,0.0,0.0,0.0,100.0,1,2,0,1,0,1,0,2,0.920784205198288,0.9209188412226678,0.8430920839309692,0.9984763264656067,148.5350072515089,291682.1401875,243.0,cea,MULTI_RES,NONE,NONE,
Alameda_Arro,B1025,matched,71.93,71.93,12547.27,11366.17,-1181.1000000000004,-0.09413203031416398,-9.413203031416398,100.0,0.0,0.0,0.0,100.0,0.0,0.0,0.0,0,0,0,0,0,0,0,0,,,,,134.99019209770475,289659.98178125,222.0,cea,MULTI_RES,NONE,NONE,
Alameda_Arro,B1028,matched,82.77,160.15,21496.38,41282.08,19785.7,0.9204200893359719,92.04200893359719,0.0,0.0,0.0,100.0,0.0,0.0,0.0,100.0,1,2,0,1,0,1,0,2,0.920784205198288,0.9286805678477446,0.8430920839309692,0.9984763264656067,156.87934794844753,323700.692375,257.0,cea,MULTI_RES,NONE,NONE,
Alameda_Arro,B1029,matched,46.21,46.21,6804.75,6643.8,-160.94999999999982,-0.02365259561335829,-2.365259561335829,100.0,0.0,0.0,0.0,100.0,0.0,0.0,0.0,0,0,0,0,0,0,0,0,,,,,154.7115162226735,341352.884109375,257.0,cea,MULTI_RES,NONE,NONE,
Alameda_Arro,B1031,matched,131.03,253.77,33357.01,56128.44,22771.43,0.6826580080169056,68.26580080169056,0.0,0.0,0.0,100.0,0.0,0.0,0.0,100.0,1,2,0,1,0,1,0,2,0.9634809792041779,0.963193087473257,0.9548252820968628,0.9721366763114929,247.729673914031,575822.981046875,411.0,cea,MULTI_RES,NONE,NONE,
Alameda_Arro,B1035,matched,155.37,280.21,29623.15,44786.94,15163.79,0.5118898564129744,51.188985641297435,0.0,11.427143927768459,66.64287498661716,21.929981085614358,0.0,10.044066978747109,66.63916638689251,23.316766634360402,1,3,1,1,0,1,0,3,0.7637840509414673,0.816090475715342,0.534128725528717,0.9629780650138855,345.79193844262903,730580.7658906251,567.0,cea,MULTI_RES,NONE,NONE,
Alameda_Arro,B1037,matched,86.98,161.03,22569.26,38839.84,16270.579999999998,0.7209177438693161,72.0917743869316,0.0,0.0,0.0,100.0,0.0,0.0,0.0,100.0,1,2,0,1,0,1,0,2,0.9855881929397583,0.9854761401711123,0.974890947341919,0.9962854385375977,157.89871030801982,310117.3271875,259.0,cea,MULTI_RES,NONE,NONE,
Alameda_Arro,B1038,matched,53.47,100.46,14518.26,23988.56,9470.300000000001,0.6523026864100795,65.23026864100795,53.593470037825995,0.0,46.406529962174,0.0,57.45463212770012,0.0,42.54536787229986,0.0,1,2,1,0,1,0,0,2,0.9407593011856079,0.9367631815954458,0.8851212859153748,0.9963973164558411,99.42317092578847,232497.461890625,167.0,cea,MULTI_RES,NONE,NONE,
Alameda_Arro,B1041,matched,69.06,132.53,16303.52,27737.76,11434.239999999998,0.701335662482703,70.1335662482703,50.10186372896703,0.0,49.898136271032975,0.0,54.23548275778558,0.0,45.764517242214424,0.0,1,2,1,0,1,0,0,2,0.9407593011856079,0.9406369458014439,0.8851212859153748,0.9963973164558411,131.1727434679773,285429.29975,216.0,cea,MULTI_RES,NONE,NONE,
Alameda_Arro,B1043,matched,132.84,266.54,36004.18,65071.36,29067.18,0.8073279269240405,80.73279269240405,0.0,0.0,0.0,100.0,0.0,0.0,0.0,100.0,1,2,0,1,0,1,0,2,0.7555683553218842,0.7679406255649591,0.528330385684967,0.9828063249588013,260.76109020433927,637025.2220000001,429.0,cea,MULTI_RES,NONE,NONE,
Alameda_Arro,B1044,matched,96.94,188.48,26538.73,45218.76,18680.030000000002,0.7038780680160657,70.38780680160657,51.708404074702884,0.0,48.291595925297116,0.0,56.7597464386521,0.0,43.24025356134789,0.0,1,2,1,0,1,0,0,2,0.9287604689598083,0.9275252671232384,0.8926835656166077,0.964837372303009,184.8200170295945,352882.09679296875,305.0,cea,MULTI_RES,NONE,NONE,
Alameda_Arro,B1045,matched,154.77,287.47,40873.8,72623.35,31749.550000000003,0.7767702048745162,77.67702048745161,27.574092110755533,0.0,17.18032558786699,55.245582301377496,28.495148815355577,0.0,15.429826548064652,56.07502463657978,1,3,1,1,1,0,0,3,0.9869410594304403,0.9876033482852775,0.9821940660476685,0.9910749197006226,290.4725865419589,681216.5027578125,478.0,cea,MULTI_RES,NONE,NONE,
Alameda_Arro,B1046,matched,110.82,199.93,28263.74,53664.08,25400.34,0.8986899822882605,89.86899822882604,59.09477369342335,29.487371842960737,0.0,11.417854463615903,60.95413356525556,27.82939180463079,0.0,11.216474630113666,1,3,0,1,1,1,0,3,0.6604345838228861,0.6554146570949652,0.4926353693008423,0.9476165771484375,204.15460348864548,495092.97334375,335.0,cea,MULTI_RES,NONE,NONE,
Alameda_Arro,B1047,matched,62.68,62.68,13841.96,13481.23,-360.72999999999956,-0.026060615693153252,-2.606061569315325,100.0,0.0,0.0,0.0,100.0,0.0,0.0,0.0,0,0,0,0,0,0,0,0,,,,,117.53455889350776,289109.371,193.0,cea,MULTI_RES,NONE,NONE,
Alameda_Arro,B1050,matched,119.14,222.2,32304.14,58866.62,26562.480000000003,0.8222624097097153,82.22624097097153,65.62401548224493,34.375984517755064,0.0,0.0,67.22066226122477,32.77933773877521,0.0,0.0,1,3,0,1,1,1,0,3,0.7688752313454946,0.6664552474845029,0.49239102005958557,0.9286364316940308,217.8965606186308,464766.57478125003,359.0,cea,MULTI_RES,NONE,NONE,
Alameda_Arro,B1052,matched,134.81,256.06,36574.25,61876.29,25302.04,0.6917992850160974,69.17992850160974,32.96883542919627,0.0,15.375302663438251,51.65586190736543,36.762782502956014,0.0,13.345259946303688,49.891957550740294,1,3,1,0,1,1,0,3,0.745897134145101,0.7367693881350512,0.6039158701896667,0.9931402802467346,252.95043827607796,526511.1299921875,419.0,cea,MULTI_RES,NONE,NONE,
Alameda_Arro,B1053,matched,96.1,183.93,25739.57,43426.49,17686.92,0.6871490083167667,68.71490083167667,55.551326663766865,0.0,44.44867333623315,0.0,61.13713561256604,0.0,38.86286438743395,0.0,1,2,1,0,1,0,0,2,0.8718233406543732,0.8778186837397505,0.8178393244743347,0.9258073568344116,179.87500210371073,435206.894875,294.0,cea,MULTI_RES,NONE,NONE,
Alameda_Arro,B1055,matched,134.99,259.87,33989.22,58905.48,24916.260000000002,0.7330636007534154,73.30636007534153,66.63075265507157,0.0,33.36924734492842,0.0,70.366028723105,0.0,29.633971276895004,0.0,1,2,1,0,1,0,0,2,0.8384761214256287,0.886506408425017,0.6940881013870239,0.9828641414642334,253.280548634445,502390.748484375,417.0,cea,MULTI_RES,NONE,NONE,
Alameda_Arro,B1057,matched,217.71,422.56,59547.05,104080.95,44533.899999999994,0.747877518701598,74.78775187015981,0.0,0.0,0.0,100.0,0.0,0.0,0.0,100.0,1,2,0,1,0,1,0,2,0.8831861615180969,0.8815200696129363,0.8040524125099182,0.9623199105262756,408.5236670976583,766509.7235625,670.0,cea,MULTI_RES,NONE,NONE,
Alameda_Arro,B1058,matched,85.6,168.81,23310.56,41345.9,18035.34,0.7736982723709769,77.3698272370977,0.0,0.0,0.0,100.0,0.0,0.0,0.0,100.0,1,2,0,1,0,1,0,2,0.905216634273529,0.8904987201387425,0.817829430103302,0.9926038384437561,164.2568757637142,352502.289734375,272.0,cea,MULTI_RES,NONE,NONE,
Alameda_Arro,B1059,matched,44.93,66.24,8550.5,13192.77,4642.27,0.5429238056254021,54.29238056254021,0.0,0.0,0.0,100.0,0.0,0.0,0.0,100.0,1,2,0,1,0,1,0,2,0.9208257794380188,0.9123933497024964,0.8425441384315491,0.9991074204444885,84.37798490932815,116248.07921875,136.0,cea,MULTI_RES,NONE,NONE,
Alameda_Arro,B1060,matched,39.44,87.56,10415.11,25310.34,14895.23,1.430155802483123,143.0155802483123,100.0,0.0,0.0,0.0,100.0,0.0,0.0,0.0,1,1,0,0,1,0,0,1,0.9650448560714722,0.9650448560714723,0.9650448560714722,0.9650448560714722,84.48446033762653,144381.05659375,134.0,cea,MULTI_RES,NONE,NONE,
Alameda_Arro,B1061,matched,148.27,148.27,40195.77,40133.39,-62.37999999999738,-0.0015519045909556499,-0.15519045909556498,100.0,0.0,0.0,0.0,100.0,0.0,0.0,0.0,0,0,0,0,0,0,0,0,,,,,295.1513335634166,711156.774375,486.0,cea,MULTI_RES,NONE,NONE,
Alameda_Arro,B1062,matched,146.08,282.58,37450.7,63190.49,25739.79,0.6872979677282401,68.72979677282402,0.0,0.0,0.0,100.0,0.0,0.0,0.0,100.0,1,2,0,1,0,1,0,2,0.9181385040283203,0.9189939319858338,0.8468673229217529,0.9894096851348877,274.0881290378034,621744.256671875,442.0,cea,MULTI_RES,NONE,NONE,
Alameda_Arro,B1063,matched,222.94,420.1,47141.94,85530.38,38388.44,0.8143160845735241,81.43160845735241,0.0,0.0,0.0,100.0,0.0,0.0,0.0,100.0,1,2,0,1,0,1,0,2,0.9447100162506104,0.9397587491379465,0.9080438613891602,0.9813761711120605,486.59951436299536,1008312.02315625,803.0,cea,MULTI_RES,NONE,NONE,
Alameda_Arro,B1065,matched,99.64,188.44,26899.79,45881.18,18981.39,0.7056333897030422,70.56333897030423,0.0,0.0,0.0,100.0,0.0,0.0,0.0,100.0,1,2,0,1,0,1,0,2,0.8406162261962891,0.84060587607954,0.6816859841346741,0.999546468257904,186.95722320470534,381443.84753125,311.0,cea,MULTI_RES,NONE,NONE,
Alameda_Arro,B1066,matched,63.94,122.27,17042.27,26392.14,9349.869999999999,0.5486282050454545,54.862820504545454,0.0,100.0,0.0,0.0,0.0,100.0,0.0,0.0,1,2,0,1,0,1,0,2,0.9879946410655975,0.987578968135477,0.9784132242202759,0.9975760579109192,119.97111853486577,214294.95803125002,200.0,cea,MULTI_RES,NONE,NONE,
Alameda_Arro,B1067,matched,123.74,250.61,22617.04,42420.14,19803.1,0.875583188604698,87.5583188604698,19.804469273743017,0.0,30.163607342378295,50.0319233838787,17.374199270847228,0.0,30.828791179749615,51.79700954940313,1,3,1,0,1,0,1,3,0.6706315378348032,0.5968841436079726,0.4456135332584381,0.925365149974823,313.12477729948273,559256.7230625,519.0,cea,MULTI_RES,NONE,NONE,
Alameda_Arro,B1081,matched,154.14,298.98,40126.7,67819.19,27692.490000000005,0.6901262750238621,69.01262750238621,51.04191055958791,0.0,48.95808944041208,0.0,57.506515570771214,0.0,42.4934844292288,0.0,1,2,1,0,1,0,0,2,0.9781157970428467,0.977705663889723,0.9584729671478271,0.9977586269378662,291.6685157527722,645786.303375,473.0,cea,MULTI_RES,NONE,NONE,
Alameda_Arro,B1082,matched,62.72,62.2,15732.52,15505.97,-226.5500000000011,-0.01440010881918479,-1.440010881918479,100.0,0.0,0.0,0.0,100.0,0.0,0.0,0.0,0,0,0,0,0,0,0,0,,,,,125.7993891690262,188116.9694375,208.0,cea,MULTI_RES,NONE,NONE,
Alameda_Arro,B1084,matched,96.94,96.94,26396.68,26345.26,-51.42000000000189,-0.001947972244994518,-0.1947972244994518,100.0,0.0,0.0,0.0,100.0,0.0,0.0,0.0,0,0,0,0,0,0,0,0,,,,,194.92490828908836,342876.61225,322.0,cea,MULTI_RES,NONE,NONE,
Alameda_Arro,B1085,matched,84.88,84.88,21895.3,21722.56,-172.73999999999796,-0.007889364384137142,-0.7889364384137142,100.0,0.0,0.0,0.0,100.0,0.0,0.0,0.0,0,0,0,0,0,0,0,0,,,,,158.6379665624147,212324.97259375002,258.0,cea,MULTI_RES,NONE,NONE,
Alameda_Arro,B1087,matched,9.22,9.22,2382.25,2333.74,-48.51000000000022,-0.020363102109350495,-2.0363102109350493,100.0,0.0,0.0,0.0,100.0,0.0,0.0,0.0,0,0,0,0,0,0,0,0,,,,,18.414450611213994,29849.91125,30.0,cea,MULTI_RES,NONE,NONE,
Alameda_Arro,B1088,matched,67.51,127.53,18452.32,30408.42,11956.099999999999,0.6479456241816747,64.79456241816747,50.5763349800047,0.0,49.42366501999528,0.0,56.283457479385845,0.0,43.716542520614155,0.0,1,2,1,0,1,0,0,2,0.7730605602264404,0.775393460086519,0.5718188881874084,0.9743022322654724,124.4623683294854,260439.890625,207.0,cea,MULTI_RES,NONE,NONE,
Alameda_Arro,B1089,matched,113.9,113.05,28296.49,26404.12,-1892.3700000000026,-0.06687649245542478,-6.687649245542477,100.0,0.0,0.0,0.0,100.0,0.0,0.0,0.0,1,1,0,0,0,0,1,1,0.7100711464881897,0.7100711464881897,0.7100711464881897,0.7100711464881897,212.12763204301575,476878.85709375003,351.0,cea,MULTI_RES,NONE,NONE,
Alameda_Arro,B1090,matched,202.51,201.95,54811.52,54088.45,-723.0699999999997,-0.013191934834137053,-1.3191934834137053,100.0,0.0,0.0,0.0,100.0,0.0,0.0,0.0,1,1,0,0,0,0,1,1,0.9950975775718689,0.9950975775718689,0.9950975775718689,0.9950975775718689,378.9292142933658,915358.379875,623.0,cea,MULTI_RES,NONE,NONE,
Alameda_Arro,B1091,matched,152.45,316.95,27892.32,56873.01,28980.690000000002,1.0390204185238088,103.90204185238088,25.434638563720704,0.0,25.541917773640872,49.02344366263844,20.97423130833027,0.0,26.211758604311967,52.814010087357744,1,3,1,1,1,0,0,3,0.8554828763008118,0.8697011505722974,0.6770635843276978,0.980607271194458,326.6367427237462,541344.5404375,539.0,cea,MULTI_RES,NONE,NONE,
Alameda_Arro,B1092,matched,166.12,166.12,40784.46,39160.71,-1623.75,-0.03981295817083272,-3.981295817083272,100.0,0.0,0.0,0.0,100.0,0.0,0.0,0.0,0,0,0,0,0,0,0,0,,,,,303.16324870023516,697275.12609375,497.0,cea,MULTI_RES,NONE,NONE,
Alameda_Arro,B1093,matched,115.24,221.55,31425.75,49918.33,18492.58,0.588453099766911,58.8453099766911,24.823975446831557,0.0,23.853583679364508,51.32244087380394,28.476374936974295,0.0,21.3726740348692,50.1509510281565,1,3,1,0,1,1,0,3,0.5446164806683859,0.5136919046779806,0.42428696155548096,0.7533828020095825,216.2351754587039,418525.01684375,355.0,cea,MULTI_RES,NONE,NONE,
Alameda_Arro,B1094,matched,125.72,239.81,34374.99,66973.79,32598.799999999996,0.9483290031502554,94.83290031502554,100.0,0.0,0.0,0.0,100.0,0.0,0.0,0.0,1,1,0,0,1,0,0,1,0.8567301630973816,0.8567301630973815,0.8567301630973816,0.8567301630973816,235.90553680838465,620845.3313750001,388.0,cea,MULTI_RES,NONE,NONE,
Alameda_Arro,B1096,matched,87.88,85.25,21893.37,21325.38,-567.989999999998,-0.025943470557524856,-2.5943470557524857,100.0,0.0,0.0,0.0,100.0,0.0,0.0,0.0,1,1,0,0,0,0,1,1,0.9289650321006775,0.9289650321006775,0.9289650321006775,0.9289650321006775,160.92042077437847,324382.460703125,265.0,cea,MULTI_RES,NONE,NONE,
Alameda_Arro,B1097,matched,38.09,38.09,10204.32,10091.5,-112.81999999999971,-0.011056101729463572,-1.1056101729463572,100.0,0.0,0.0,0.0,100.0,0.0,0.0,0.0,0,0,0,0,0,0,0,0,,,,,71.45011137215809,128889.32,116.0,cea,MULTI_RES,NONE,NONE,
Alameda_Arro,B1098,matched,97.76,143.87,26734.55,39203.5,12468.95,0.4663983497010423,46.63983497010423,33.89865851115591,0.0,0.0,66.1013414888441,33.441781986532924,0.0,0.0,66.5582180134671,1,2,0,1,0,0,1,2,0.8309594988822937,0.8312772918319409,0.814439058303833,0.8474799394607544,183.43780740480054,462850.25056250003,302.0,cea,MULTI_RES,NONE,NONE,
Alameda_Arro,B1099,matched,104.08,201.38,27719.32,46279.47,18560.15,0.6695745061567168,66.95745061567168,51.0402701226476,0.0,48.95972987735241,0.0,57.22218944470691,0.0,42.77781055529307,0.0,1,2,1,0,1,0,0,2,0.8548217415809631,0.8557237903646105,0.8112491369247437,0.8983943462371826,195.28121407933423,488501.7929375,322.0,cea,MULTI_RES,NONE,NONE,
Alameda_Arro,B1100,matched,99.49,189.61,27221.18,44418.74,17197.559999999998,0.6317712898559136,63.17712898559136,24.88265386846685,0.0,24.956489636622543,50.1608564949106,27.493608184275146,0.0,23.50147701481863,49.00491480090622,1,3,1,0,1,1,0,3,0.7760016818841299,0.6922621452656039,0.44401004910469055,0.9993744492530823,186.67874171940826,411820.31146875,308.0,cea,MULTI_RES,NONE,NONE,
Alameda_Arro,B1101,matched,226.6,227.41,61738.95,61836.74,97.79000000000087,0.0015839271642941915,0.15839271642941916,100.0,0.0,0.0,0.0,100.0,0.0,0.0,0.0,1,1,0,0,0,0,1,1,0.850715160369873,0.850715160369873,0.850715160369873,0.850715160369873,426.85231784658396,820456.265671875,703.0,cea,MULTI_RES,NONE,NONE,
Alameda_Arro,B1102,matched,362.49,362.43,98646.93,97539.61,-1107.3199999999924,-0.01122508323371029,-1.122508323371029,100.0,0.0,0.0,0.0,100.0,0.0,0.0,0.0,1,1,0,0,0,0,1,1,0.6315727829933167,0.6315727829933167,0.6315727829933167,0.6315727829933167,680.1360070014335,1435196.522671875,1123.0,cea,MULTI_RES,NONE,NONE,
Alameda_Arro,B1103,matched,110.97,212.69,30354.36,47068.73,16714.370000000003,0.5506414893939454,55.06414893939454,0.0,100.0,0.0,0.0,0.0,100.0,0.0,0.0,1,2,0,1,0,1,0,2,0.9853689074516296,0.9855030438546544,0.9741636514663696,0.9965741634368896,206.60775321291862,457650.686125,334.0,cea,MULTI_RES,NONE,NONE,
Alameda_Arro,B1104,matched,125.76,125.76,25906.39,24305.45,-1600.9399999999987,-0.06179710874421325,-6.179710874421325,100.0,0.0,0.0,0.0,100.0,0.0,0.0,0.0,0,0,0,0,0,0,0,0,,,,,235.9844528489344,543959.496046875,390.0,cea,MULTI_RES,NONE,NONE,
Alameda_Arro,B1105,matched,108.76,214.83,29792.3,49284.23,19491.930000000004,0.6542606646683876,65.42606646683876,25.61094819159335,51.11483498580274,23.274216822603922,0.0,29.372076601091536,50.83131889734355,19.796604501564932,0.0,1,4,1,1,1,1,0,4,0.7905835211277008,0.7983085229520882,0.48917508125305176,0.9922688603401184,205.51320067902316,503149.2394375,348.0,cea,MULTI_RES,NONE,NONE,
Alameda_Arro,B1106,matched,95.68,183.42,22923.05,42044.78,19121.73,0.8341704092605478,83.41704092605478,50.302567737011394,24.679714332442895,0.0,25.017717930545714,45.878656364812386,26.35777709143853,0.0,27.763566543749068,1,3,0,1,1,1,0,3,0.7315220534801483,0.6505557549069916,0.4121418297290802,0.9943251013755798,179.5233960556924,455698.4545,306.0,cea,MULTI_RES,NONE,NONE,
Alameda_Arro,B1107,matched,125.67,125.67,34391.88,34397.85,5.970000000001164,0.00017358748634855567,0.017358748634855568,100.0,0.0,0.0,0.0,100.0,0.0,0.0,0.0,0,0,0,0,0,0,0,0,,,,,235.8192979351827,500344.60003125,390.0,cea,MULTI_RES,NONE,NONE,
Alameda_Arro,B1108,matched,118.63,224.97,32166.5,53885.24,21718.739999999998,0.6751974880698863,67.51974880698863,50.80232919944881,0.0,49.197670800551194,0.0,54.36869005178945,0.0,45.63130994821056,0.0,1,2,1,0,1,0,0,2,0.8068260252475739,0.8071510876564467,0.7865304350852966,0.8271216154098511,222.58684105680788,509752.6673671875,366.0,cea,MULTI_RES,NONE,NONE,
Alameda_Arro,B1109,matched,88.08,179.5,24104.18,37506.08,13401.900000000001,0.5559990010031456,55.59990010031456,25.632311977715883,49.0974930362117,25.270194986072426,0.0,27.760172183271415,49.30458563162435,22.93524218510421,0.0,1,4,1,1,1,1,0,4,0.7364400774240494,0.7352452072076477,0.6309801340103149,0.9075705409049988,173.76689166593505,415427.783375,283.0,cea,MULTI_RES,NONE,NONE,
Alameda_Arro,B1110,matched,132.43,250.85,33677.52,50624.08,16946.560000000005,0.5032009482883539,50.320094828835394,0.0,26.7689854494718,47.86127167630057,25.369742874227626,0.0,30.346429153578892,47.91683614881576,21.73673469760535,1,3,1,1,0,1,0,3,0.896581788857778,0.9114480510576748,0.7390192747116089,0.9941380023956299,248.47534480815455,583681.253,409.0,cea,MULTI_RES,NONE,NONE,
Alameda_Arro,B1111,matched,120.8,231.3,28648.67,49869.94,21221.270000000004,0.7407418913338736,74.07418913338736,65.03242542153048,0.0,34.96757457846951,0.0,70.60295060553567,0.0,29.397049394464332,0.0,1,2,1,0,1,0,0,2,0.9980027377605438,0.9978897983371162,0.9976271986961365,0.9983782768249512,226.6547046600015,528861.9624375,374.0,cea,MULTI_RES,NONE,NONE,
Alameda_Arro,B1113,matched,54.88,54.88,14984.04,14975.32,-8.720000000001164,-0.00058195253082621,-0.058195253082620996,100.0,0.0,0.0,0.0,100.0,0.0,0.0,0.0,0,0,0,0,0,0,0,0,,,,,103.12994316471251,215870.45606250002,174.0,cea,MULTI_RES,NONE,NONE,
Alameda_Arro,B1114,matched,141.74,263.69,38670.96,61323.87,22652.910000000003,0.5857860782354511,58.57860782354511,0.0,100.0,0.0,0.0,0.0,100.0,0.0,0.0,1,2,0,1,0,1,0,2,0.9254039525985718,0.9251079628257203,0.8511642217636108,0.9996436834335327,262.12159468197603,582781.03746875,427.0,cea,MULTI_RES,NONE,NONE,
Alameda_Arro,B1115,matched,133.14,132.73,31319.46,30488.99,-830.4699999999975,-0.026516102129474695,-2.6516102129474692,100.0,0.0,0.0,0.0,100.0,0.0,0.0,0.0,1,1,0,0,0,0,1,1,0.9984317421913147,0.9984317421913147,0.9984317421913147,0.9984317421913147,249.39868916685177,519281.59962500003,410.0,cea,MULTI_RES,NONE,NONE,
Alameda_Arro,B1116,matched,48.5,94.26,11083.32,15684.94,4601.620000000001,0.4151842588682814,41.51842588682814,0.0,49.03978779840848,50.9602122015915,0.0,0.0,53.18557943561694,46.814420564383056,0.0,1,2,0,1,0,1,0,2,0.9844696819782257,0.9847657760353491,0.9698519110679626,0.9990874528884888,91.54043066749344,162695.490203125,157.0,cea,MULTI_RES,NONE,NONE,
Alameda_Arro,B1117,matched,164.24,309.32,44166.54,61555.09,17388.549999999996,0.39370414798170733,39.370414798170735,0.0,55.544420018104226,44.455579981895774,0.0,0.0,55.64897367229378,44.351026327706215,0.0,1,3,1,1,1,0,0,3,0.6592174271742502,0.6017254805897034,0.43562760949134827,0.8610389828681946,308.1765165420218,801419.04025,508.0,cea,MULTI_RES,NONE,NONE,
Alameda_Arro,B1118,matched,229.45,430.27,62780.72,103350.36,40569.64,0.6462117669246227,64.62117669246227,45.88872362182765,0.0,54.111276378172356,0.0,49.60621215597497,0.0,50.39378784402505,0.0,1,2,1,0,1,0,0,2,0.8859972357749939,0.8925213287338593,0.8066924214363098,0.965302050113678,424.9548474771858,922433.9583281251,701.0,cea,MULTI_RES,NONE,NONE,
Alameda_Arro,B1119,matched,13.92,47.01,1685.29,5246.58,3561.29,2.1131615330299236,211.31615330299235,0.0,100.0,0.0,0.0,0.0,100.0,0.0,0.0,1,2,0,1,0,1,0,2,0.9364567697048187,0.9348957750948512,0.8759165406227112,0.9969969987869263,69.7380351062604,107687.44271875,110.0,cea,MULTI_RES,NONE,NONE,
Alameda_Arro,B1120,matched,47.55,91.45,8891.58,14665.12,5773.540000000001,0.6493266663517621,64.9326666351762,0.0,100.0,0.0,0.0,0.0,100.0,0.0,0.0,1,1,0,1,0,0,0,1,0.47625699639320374,0.4762569963932037,0.47625699639320374,0.47625699639320374,89.17034419509923,116286.00165625001,145.0,cea,MULTI_RES,NONE,NONE,
Alameda_Arro,B1121,matched,75.11,142.8,16539.95,27824.71,11284.759999999998,0.6822729210185036,68.22729210185035,0.0,100.0,0.0,0.0,0.0,100.0,0.0,0.0,1,2,0,1,0,1,0,2,0.9961875677108765,0.9962051777204505,0.9932426810264587,0.9991324543952942,141.073568978494,260658.61357812502,234.0,cea,MULTI_RES,NONE,NONE,
Alameda_Arro,B1123,matched,107.41,211.67,29090.72,50633.1,21542.379999999997,0.7405241259068183,74.05241259068183,0.0,0.0,0.0,100.0,0.0,0.0,0.0,100.0,1,2,0,1,0,1,0,2,0.8927795886993408,0.8912649466963893,0.8480767011642456,0.937482476234436,201.53114081621717,482382.7254375,328.0,cea,MULTI_RES,NONE,NONE,
Alameda_Arro,B1124,matched,84.16,159.61,22554.61,37531.92,14977.309999999998,0.6640465075654155,66.40465075654156,0.0,0.0,0.0,100.0,0.0,0.0,0.0,100.0,1,2,0,1,0,1,0,2,0.9638654589653015,0.9708214630962527,0.9448480010032654,0.9828829169273376,163.31402902391076,406899.307703125,266.0,cea,MULTI_RES,NONE,NONE,
Alameda_Arro,B1125,matched,237.16,459.22,64777.9,116570.05,51792.15,0.7995342547381129,79.9534254738113,26.956578546230574,19.476503636601198,18.276643003353517,35.29027481381474,29.512963787831804,19.125896142280673,16.081313104009286,35.27982696587818,1,4,1,1,1,1,0,4,0.7628875076770782,0.8027286834455287,0.5515648722648621,0.976440966129303,447.3788461316992,1097021.3245,744.0,cea,MULTI_RES,NONE,NONE,
Alameda_Arro,B1126,matched,55.99,108.0,15253.59,26253.77,11000.18,0.7211535120584728,72.11535120584728,0.0,0.0,0.0,100.0,0.0,0.0,0.0,100.0,1,2,0,1,0,1,0,2,0.9538038671016693,0.953653015929984,0.9089488387107849,0.9986588954925537,105.05188457542758,247763.14125000002,173.0,cea,MULTI_RES,NONE,NONE,
Alameda_Arro,B1127,matched,63.1,122.88,17076.9,30012.33,12935.43,0.7574811587583226,75.74811587583226,0.0,0.0,0.0,100.0,0.0,0.0,0.0,100.0,1,2,0,1,0,1,0,2,0.8835661709308624,0.8836916814362307,0.8303860425949097,0.9367462992668152,118.40357289235229,257253.60871875,193.0,cea,MULTI_RES,NONE,NONE,
Alameda_Arro,B1128,matched,267.84,267.53,73192.21,73091.58,-100.63000000000466,-0.0013748730910025076,-0.13748730910025075,100.0,0.0,0.0,0.0,100.0,0.0,0.0,0.0,1,1,0,0,0,0,1,1,0.9981752634048462,0.9981752634048462,0.9981752634048462,0.9981752634048462,501.9755707785969,1135273.0889375,828.0,cea,MULTI_RES,NONE,NONE,
Alameda_Arro,B1129,matched,66.23,126.17,18074.67,30441.17,12366.5,0.684189531537782,68.41895315377819,43.199112238427404,0.0,56.8008877615726,0.0,46.961509765950375,0.0,53.03849023404962,0.0,1,2,1,0,1,0,0,2,0.6785860657691956,0.6590071909086318,0.5347651243209839,0.8224070072174072,124.2620236728443,286119.304375,206.0,cea,MULTI_RES,NONE,NONE,
Alameda_Arro,B1130,matched,98.24,189.85,22697.74,36896.54,14198.8,0.6255600777874801,62.55600777874801,0.0,100.0,0.0,0.0,0.0,100.0,0.0,0.0,1,2,0,1,0,1,0,2,0.9756667613983154,0.975423504498917,0.9547731280326843,0.9965603947639465,180.64658738792795,396012.66712500004,298.0,cea,MULTI_RES,NONE,NONE,
Alameda_Arro,B1132,matched,89.97,172.83,24245.46,42177.84,17932.379999999997,0.7396180563288961,73.96180563288961,0.0,0.0,0.0,100.0,0.0,0.0,0.0,100.0,1,2,0,1,0,1,0,2,0.9822298884391785,0.9819062316020201,0.9648938775062561,0.9995658993721008,168.8178209127675,321179.6078359375,272.0,cea,MULTI_RES,NONE,NONE,
Alameda_Arro,B1133,matched,103.13,202.44,27975.59,44425.42,16449.829999999998,0.5880065442766353,58.80065442766353,18.317443066739116,0.0,29.027318085264042,52.65523884799684,20.6985711521471,0.0,26.613690120171412,52.68773872768146,1,3,1,0,1,1,0,3,0.7444935242335001,0.7544118937952866,0.5666025280952454,0.9611153602600098,193.54003630017436,438666.33440625,317.0,cea,MULTI_RES,NONE,NONE,
Alameda_Arro,B1134,matched,41.46,79.15,10008.53,17312.31,7303.780000000001,0.7297555185426831,72.9755518542683,51.4087176247631,0.0,48.59128237523689,0.0,56.371356534725926,0.0,43.628643465274074,0.0,1,2,0,1,0,1,0,2,0.8889834582805634,0.885894766945728,0.7791195511817932,0.9988473653793335,77.78683534127558,122791.11428125,123.0,cea,MULTI_RES,NONE,NONE,
Alameda_Arro,B1135,matched,65.89,126.36,17863.67,31035.25,13171.580000000002,0.7373389678604678,73.73389678604678,0.0,0.0,0.0,100.0,0.0,0.0,0.0,100.0,1,2,0,1,0,1,0,2,0.9561188519001007,0.9560156502649009,0.9143937230110168,0.9978439807891846,123.63433270842623,290097.6358125,202.0,cea,MULTI_RES,NONE,NONE,
Alameda_Arro,B1136,matched,64.91,97.86,17701.54,21380.81,3679.2700000000004,0.20785027743348886,20.785027743348884,29.105774144098103,0.0,70.89422585590188,0.0,31.068613608538005,0.0,68.93138639146201,0.0,1,2,1,0,0,0,1,2,0.5460207015275955,0.536101760767697,0.46946683526039124,0.6225745677947998,121.79062277403958,269866.5649375,201.0,cea,MULTI_RES,NONE,NONE,
Alameda_Arro,B1137,matched,65.62,126.56,17732.78,30990.61,13257.830000000002,0.7476453212637839,74.76453212637838,0.0,0.0,0.0,100.0,0.0,0.0,0.0,100.0,1,2,0,1,0,1,0,2,0.9833398759365082,0.9833415691656906,0.9816563725471497,0.9850233793258667,123.12770617765561,287693.20687500003,205.0,cea,MULTI_RES,NONE,NONE,
Alameda_Arro,B1138,matched,59.82,68.8,16175.05,17379.52,1204.4700000000012,0.07446468480777502,7.446468480777502,100.0,0.0,0.0,0.0,100.0,0.0,0.0,0.0,1,1,0,0,0,0,1,1,0.870625376701355,0.870625376701355,0.870625376701355,0.870625376701355,129.1414904064885,284573.39125,211.0,cea,MULTI_RES,NONE,NONE,
Alameda_Arro,B1139,matched,95.51,182.09,25752.42,47641.26,21888.840000000004,0.8499721579564175,84.99721579564175,49.43443883153964,24.143421919613438,0.0,26.42213924884691,50.917428042500624,22.99524867462496,0.0,26.087323282874415,1,3,0,1,1,1,0,3,0.7926556666692098,0.8390824327952665,0.6378846764564514,0.9901408553123474,179.2154842543212,375739.7878125,300.0,cea,MULTI_RES,NONE,NONE,
Alameda_Arro,B1140,matched,49.23,94.45,10899.61,18049.4,7149.790000000001,0.6559675070942905,65.59675070942905,49.84116899618806,0.0,50.158831003811954,0.0,57.42642052839296,0.0,42.57357947160704,0.0,1,2,1,0,1,0,0,2,0.9988855719566345,0.9988873402899602,0.9983299374580383,0.9994412064552307,92.37894705501523,201204.6310625,153.0,cea,MULTI_RES,NONE,NONE,
Alameda_Arro,B1141,matched,125.29,244.66,33820.74,59371.4,25550.660000000003,0.7554731209311211,75.54731209311211,0.0,0.0,0.0,100.0,0.0,0.0,0.0,100.0,1,2,0,1,0,1,0,2,0.9949890971183777,0.9949525539523911,0.9911832809448242,0.9987949132919312,235.10205889188,532485.7410625,386.0,cea,MULTI_RES,NONE,NONE,
Alameda_Arro,B1142,matched,105.34,201.0,26027.8,42187.85,16160.05,0.6208765243316762,62.08765243316762,0.0,100.0,0.0,0.0,0.0,100.0,0.0,0.0,1,2,0,1,0,1,0,2,0.996126115322113,0.9961252865468815,0.995524525642395,0.996727705001831,197.63386885071958,433255.69673437503,338.0,cea,MULTI_RES,NONE,NONE,
Alameda_Arro,B1143,matched,40.69,40.69,6356.3,6560.37,204.0699999999997,0.032105155515000816,3.2105155515000816,100.0,0.0,0.0,0.0,100.0,0.0,0.0,0.0,0,0,0,0,0,0,0,0,,,,,76.52304707760267,110174.1414375,131.0,cea,MULTI_RES,NONE,NONE,
Alameda_Arro,B1144,matched,48.22,69.97,9090.46,11609.16,2518.7000000000007,0.27707068729195233,27.707068729195232,34.49113779302459,65.50886220697542,0.0,0.0,35.5103374785251,64.48966252147491,0.0,0.0,1,2,0,1,0,0,1,2,0.5275855660438538,0.5274372256449175,0.5030977725982666,0.5520733594894409,90.47997126679904,221111.62325,155.0,cea,MULTI_RES,NONE,NONE,
Alameda_Arro,B1145,matched,90.49,176.47,23054.66,44671.61,21616.95,0.9376390716670729,93.7639071667073,54.94418314727716,26.072420241400803,0.0,18.983396611322036,59.26688527990173,22.462884267652232,0.0,18.27023045244605,1,3,0,1,1,1,0,3,0.705096960067749,0.784572037870595,0.5487966537475586,0.956940770149231,169.78396216718528,328632.6868125,285.0,cea,MULTI_RES,NONE,NONE,
Alameda_Arro,B1146,matched,62.84,120.4,17132.82,29578.07,12445.25,0.7263982228261314,72.63982228261314,0.0,0.0,0.0,100.0,0.0,0.0,0.0,100.0,1,2,0,1,0,1,0,2,0.9561188519001007,0.9559569053672073,0.9143937230110168,0.9978439807891846,117.91542114903876,264544.27725,196.0,cea,MULTI_RES,NONE,NONE,
Alameda_Arro,B1147,matched,446.91,446.91,118746.21,118404.99,-341.22000000000116,-0.00287352328971174,-0.287352328971174,100.0,0.0,0.0,0.0,100.0,0.0,0.0,0.0,0,0,0,0,0,0,0,0,,,,,839.2179546523089,1780644.3116484375,1376.0,cea,MULTI_RES,NONE,NONE,
Alameda_Arro,B1148,matched,145.64,285.08,39814.41,64889.67,25075.259999999995,0.6298036313987823,62.98036313987823,0.0,100.0,0.0,0.0,0.0,100.0,0.0,0.0,1,2,0,1,0,1,0,2,0.9132028520107269,0.9351698133881795,0.8350439071655273,0.9913617968559265,279.89362638914304,517946.7170625,447.0,cea,MULTI_RES,NONE,NONE,
Alameda_Arro,B1149,matched,73.37,146.07,19065.27,34131.42,15066.149999999998,0.7902405788116296,79.02405788116296,27.628696604600222,0.0,15.690032858707562,56.68127053669223,30.688464917832125,0.0,14.03805267989636,55.273482402271526,1,3,1,0,1,1,0,3,0.8106813232103983,0.8781092697776107,0.5625851154327393,0.9553728103637695,144.72140666415112,337313.6644921875,243.0,cea,MULTI_RES,NONE,NONE,
Alameda_Arro,B1150,matched,70.88,137.8,18821.71,29705.47,10883.760000000002,0.5782556420218993,57.82556420218993,0.0,100.0,0.0,0.0,0.0,100.0,0.0,0.0,1,2,0,1,0,1,0,2,0.9582886099815369,0.9564883821127563,0.9176784753799438,0.9988987445831299,133.3868581506033,274665.1129375,223.0,cea,MULTI_RES,NONE,NONE,
Alameda_Arro,B1151,matched,124.49,124.49,33282.37,33617.27,334.8999999999942,0.010062384379477608,1.0062384379477607,100.0,0.0,0.0,0.0,100.0,0.0,0.0,0.0,0,0,0,0,0,0,0,0,,,,,233.58354042154716,224022.9088203125,385.0,cea,MULTI_RES,NONE,NONE,
Alameda_Arro,B1152,matched,75.86,166.83,20233.14,46838.17,26605.03,1.3149234374891885,131.49234374891884,100.0,0.0,0.0,0.0,100.0,0.0,0.0,0.0,1,1,0,0,1,0,0,1,0.961683988571167,0.9616839885711669,0.961683988571167,0.961683988571167,163.78863525903387,355955.27721875,269.0,cea,MULTI_RES,NONE,NONE,
Alameda_Arro,B1154,matched,49.36,49.6,13427.6,13347.0,-80.60000000000036,-0.006002561887455715,-0.6002561887455715,100.0,0.0,0.0,0.0,100.0,0.0,0.0,0.0,0,0,0,0,0,0,0,0,,,,,91.18372160661121,204771.09528125002,149.0,cea,MULTI_RES,NONE,NONE,
Alameda_Arro,B1155,matched,39.11,74.6,9433.53,14179.43,4745.9,0.5030884515128482,50.30884515128482,0.0,100.0,0.0,0.0,0.0,100.0,0.0,0.0,1,2,0,1,0,1,0,2,0.8902033865451813,0.8922421255216901,0.8410648703575134,0.9393419027328491,73.35509259867462,113170.169234375,125.0,cea,MULTI_RES,NONE,NONE,
Alameda_Arro,B1156,matched,73.85,142.54,19539.61,30712.67,11173.059999999998,0.5718159164896329,57.18159164896329,0.0,100.0,0.0,0.0,0.0,100.0,0.0,0.0,1,2,0,1,0,1,0,2,0.9953750669956207,0.9953864447209712,0.9927079081535339,0.9980422258377075,138.18625203033554,277038.51446875,226.0,cea,MULTI_RES,NONE,NONE,
Alameda_Arro,B1157,matched,108.42,108.41,28813.24,28884.81,71.56999999999971,0.0024839275277615327,0.24839275277615327,100.0,0.0,0.0,0.0,100.0,0.0,0.0,0.0,1,1,0,0,0,0,1,1,0.9923515915870667,0.9923515915870667,0.9923515915870667,0.9923515915870667,203.42534330925858,508064.92865625,333.0,cea,MULTI_RES,NONE,NONE,
Alameda_Arro,B1158,matched,74.16,143.24,19751.44,34516.26,14764.820000000003,0.7475313192354585,74.75313192354585,0.0,0.0,0.0,100.0,0.0,0.0,0.0,100.0,1,2,0,1,0,1,0,2,0.9898940026760101,0.9898933660747681,0.986247181892395,0.9935408234596252,139.15370311763175,313033.51687500003,227.0,cea,MULTI_RES,NONE,NONE,
Alameda_Arro,B1159,matched,56.55,56.55,14434.01,12913.33,-1520.6800000000003,-0.10535395222810572,-10.535395222810571,100.0,0.0,0.0,0.0,100.0,0.0,0.0,0.0,0,0,0,0,0,0,0,0,,,,,106.10968311892368,112564.29078125,176.0,cea,MULTI_RES,NONE,NONE,
Alameda_Arro,B1160,matched,86.5,170.1,23465.81,37905.81,14439.999999999996,0.615363373350419,61.5363373350419,0.0,100.0,0.0,0.0,0.0,100.0,0.0,0.0,1,2,0,1,0,1,0,2,0.990705281496048,0.990797402008866,0.9890634417533875,0.9923471212387085,166.4143847615014,420304.6356875,280.0,cea,MULTI_RES,NONE,NONE,
Alameda_Arro,B1162,matched,162.9,162.9,41209.02,41224.34,15.319999999999709,0.0003717632693036551,0.03717632693036551,100.0,0.0,0.0,0.0,100.0,0.0,0.0,0.0,0,0,0,0,0,0,0,0,,,,,304.4908286610533,299084.0383203125,505.0,cea,MULTI_RES,NONE,NONE,
Alameda_Arro,B1164,matched,81.89,155.93,21000.93,35410.63,14409.699999999997,0.6861458040191551,68.61458040191552,50.647768086198056,0.0,49.35223191380195,0.0,55.1609814767975,0.0,44.839018523202526,0.0,1,2,1,0,1,0,0,2,0.9412125647068024,0.9411180612392803,0.9338856339454651,0.9485394954681396,153.68631814167676,271416.03528125,252.0,cea,MULTI_RES,NONE,NONE,
Alameda_Arro,B1165,matched,76.44,149.46,20402.07,35810.2,15408.129999999997,0.7552238571870402,75.52238571870402,56.51388424222148,0.0,43.486115757778535,0.0,61.710160174252415,0.0,38.28983982574757,0.0,1,2,1,0,1,0,0,2,0.9708963930606842,0.9707400719198331,0.9696969985961914,0.972095787525177,146.52929278760962,320732.66725,241.0,cea,MULTI_RES,NONE,NONE,
Alameda_Arro,B1166,matched,63.32,132.43,15040.38,27190.8,12150.42,0.8078532590267001,80.78532590267001,44.40836668428603,0.0,55.59163331571396,0.0,49.537709093904816,0.0,50.46229090609516,0.0,1,2,1,0,1,0,0,2,0.9412125647068024,0.9420324249324451,0.9338856339454651,0.9485394954681396,130.4846985104629,235574.356125,224.0,cea,MULTI_RES,NONE,NONE,
Alameda_Arro,B1167,matched,75.62,137.98,17552.32,27238.47,9686.150000000001,0.5518444285427796,55.18444285427796,27.337295260182636,57.776489346282055,14.886215393535293,0.0,29.62566879589314,59.13628209083996,11.238049113266904,0.0,1,3,1,1,1,0,0,3,0.6940008401870728,0.7881117936259863,0.5144158005714417,0.966768205165863,145.49714537809334,310862.16740625,243.0,cea,MULTI_RES,NONE,NONE,
Alameda_Arro,B1168,matched,97.38,97.38,24124.98,24165.94,40.95999999999913,0.0016978252417203714,0.16978252417203715,100.0,0.0,0.0,0.0,100.0,0.0,0.0,0.0,0,0,0,0,0,0,0,0,,,,,182.6915522241436,178464.82328125,309.0,cea,MULTI_RES,NONE,NONE,
Alameda_Arro,B1169,matched,89.93,170.74,23763.55,37810.46,14046.91,0.5911115973833876,59.111159738338756,24.592948342509068,50.19913318495958,25.207918472531325,0.0,26.910204316863158,49.90348037621628,23.186315306920555,0.0,1,3,1,1,1,0,0,3,0.6940008401870728,0.7626722966354271,0.5144158005714417,0.966768205165863,168.7239524407819,374273.8301875,278.0,cea,MULTI_RES,NONE,NONE,
Alameda_Arro,B1171,matched,251.07,479.62,65873.13,114449.32,48576.19,0.7374204019150145,73.74204019150145,0.0,0.0,0.0,100.0,0.0,0.0,0.0,100.0,1,2,0,1,0,1,0,2,0.9895202815532684,0.9942395676526289,0.9792312383651733,0.9998093247413635,474.59222119471497,920445.998578125,776.0,cea,MULTI_RES,NONE,NONE,
Alameda_Arro,B1173,matched,36.13,36.13,8951.15,8857.37,-93.77999999999884,-0.010476866101003651,-1.047686610100365,100.0,0.0,0.0,0.0,100.0,0.0,0.0,0.0,0,0,0,0,0,0,0,0,,,,,67.83199682325245,66204.1665625,109.0,cea,MULTI_RES,NONE,NONE,
Alameda_Arro,B1174,matched,61.96,119.61,16432.63,28587.76,12155.129999999997,0.7396947414990781,73.96947414990781,0.0,0.0,0.0,100.0,0.0,0.0,0.0,100.0,1,2,0,1,0,1,0,2,0.9826101362705231,0.9825873256280049,0.9666974544525146,0.9985228180885315,116.26462529334793,274560.8025625,191.0,cea,MULTI_RES,NONE,NONE,
Alameda_Arro,B1175,matched,72.39,141.16,19011.82,33231.16,14219.340000000004,0.7479210301801723,74.79210301801723,0.0,0.0,0.0,100.0,0.0,0.0,0.0,100.0,1,2,0,1,0,1,0,2,0.9906763434410095,0.9906785789032123,0.9871587157249451,0.994193971157074,135.8780333921999,312130.8735,224.0,cea,MULTI_RES,NONE,NONE,
Alameda_Arro,B1176,matched,181.79,358.88,49747.59,80351.66,30604.070000000007,0.6151869869475086,61.51869869475086,0.0,100.0,0.0,0.0,0.0,100.0,0.0,0.0,1,2,0,1,0,1,0,2,0.801454484462738,0.7807322974627472,0.6486756205558777,0.9542333483695984,351.850919497199,875240.2639375001,590.0,cea,MULTI_RES,NONE,NONE,
Alameda_Arro,B1177,matched,167.3,317.74,43754.24,76016.45,32262.21,0.7373504830617559,73.73504830617559,0.0,0.0,0.0,100.0,0.0,0.0,0.0,100.0,1,2,0,1,0,1,0,2,0.9939489960670471,0.9939454627221104,0.9880186319351196,0.9998793601989746,313.9204265712541,569260.056640625,516.0,cea,MULTI_RES,NONE,NONE,
Alameda_Arro,B1178,matched,34.18,34.18,8631.22,8001.83,-629.3899999999994,-0.07292016655814583,-7.292016655814583,100.0,0.0,0.0,0.0,100.0,0.0,0.0,0.0,0,0,0,0,0,0,0,0,,,,,64.13669449865385,85229.96284375,107.0,cea,MULTI_RES,NONE,NONE,
Alameda_Arro,B1179,matched,29.25,62.74,7738.21,12260.47,4522.259999999999,0.5844064712640261,58.44064712640261,0.0,0.0,49.98406120497291,50.015938795027104,0.0,0.0,48.38696462658362,51.61303537341637,1,2,1,0,0,1,0,2,0.592234805226326,0.5921625891204148,0.41791728138923645,0.7665523290634155,61.357424468885185,117671.85889062501,101.0,cea,MULTI_RES,NONE,NONE,
Alameda_Arro,B1181,matched,91.06,186.32,23360.05,37778.03,14417.98,0.6172067268691633,61.72067268691633,0.0,100.0,0.0,0.0,0.0,100.0,0.0,0.0,1,2,0,1,0,1,0,2,0.9996348321437836,0.9996637240614161,0.999337375164032,0.9999322891235352,178.57179845568305,389059.687625,296.0,cea,MULTI_RES,NONE,NONE,
Alameda_Arro,B1184,matched,44.58,44.58,10503.41,10459.24,-44.17000000000007,-0.004205300945121639,-0.42053009451216394,100.0,0.0,0.0,0.0,100.0,0.0,0.0,0.0,0,0,0,0,0,0,0,0,,,,,91.3848294495492,172934.2471015625,150.0,cea,MULTI_RES,NONE,NONE,
Alameda_Arro,B1186,matched,118.56,225.44,32086.05,54409.3,22323.250000000004,0.695730699166772,69.5730699166772,0.0,0.0,0.0,100.0,0.0,0.0,0.0,100.0,1,2,0,1,0,1,0,2,0.9378830790519714,0.9358410503224311,0.9144877195358276,0.9612784385681152,216.20752695526082,459254.71523437503,357.0,cea,MULTI_RES,NONE,NONE,
Alameda_Arro,B1189,matched,257.61,495.39,70281.59,121353.97,51072.380000000005,0.7266821937295387,72.66821937295387,0.0,0.0,0.0,100.0,0.0,0.0,0.0,100.0,1,2,0,1,0,1,0,2,0.9783910810947418,0.9797878842724151,0.9605117440223694,0.9962704181671143,478.6172217400176,1082543.1962968751,788.0,cea,MULTI_RES,NONE,NONE,
Alameda_Arro,B1191,matched,91.49,132.99,19693.72,21898.77,2205.0499999999993,0.11196716516737311,11.196716516737311,0.0,32.75434243176178,34.4161215128957,32.82953605534251,0.0,32.35312690317368,39.799792636858406,27.847080459967945,1,3,0,1,0,1,1,3,0.7121034264564514,0.6978897975267987,0.5964503884315491,0.8863007426261902,171.6588139125795,398912.91340625,284.0,cea,MULTI_RES,NONE,NONE,
Alameda_Arro,B1193,matched,143.35,274.85,39085.03,63351.45,24266.42,0.6208622585168797,62.08622585168797,0.0,100.0,0.0,0.0,0.0,100.0,0.0,0.0,1,2,0,1,0,1,0,2,0.9144530892372131,0.9636529716029762,0.8430452346801758,0.9858609437942505,268.9733406740293,688658.95940625,446.0,cea,MULTI_RES,NONE,NONE,
Alameda_Arro,B1195,matched,151.13,288.15,37768.11,66317.87,28549.759999999995,0.755922390609432,75.5922390609432,61.536592983308495,0.0,38.46340701669154,0.0,65.3152506455884,0.0,34.6847493544116,0.0,1,2,1,0,1,0,0,2,0.9996764361858368,0.999623364208649,0.999446451663971,0.9999064207077026,283.5756171271572,655251.2262734375,468.0,cea,MULTI_RES,NONE,NONE,
Alameda_Arro,B1197,matched,319.83,319.83,87533.97,87374.5,-159.47000000000116,-0.0018218070081820938,-0.1821807008182094,100.0,0.0,0.0,0.0,100.0,0.0,0.0,0.0,0,0,0,0,0,0,0,0,,,,,600.1100618152049,1223705.9696015625,992.0,cea,MULTI_RES,NONE,NONE,
Alameda_Arro,B1199,matched,153.91,272.88,34541.09,62211.4,27670.310000000005,0.8010838685171778,80.10838685171778,0.0,0.0,0.0,100.0,0.0,0.0,0.0,100.0,1,1,0,1,0,0,0,1,0.9487022161483765,0.9487022161483765,0.9487022161483765,0.9487022161483765,311.8290413910273,543565.508890625,513.0,cea,MULTI_RES,NONE,NONE,
Alameda_Arro,B1201,matched,138.65,253.77,36036.19,59304.74,23268.549999999996,0.6456995037488701,64.56995037488701,51.14867793671435,0.0,48.851322063285664,0.0,58.241685936033704,0.0,41.75831406396626,0.0,1,2,1,0,1,0,0,2,0.6277858912944794,0.6304390749988009,0.4903789758682251,0.7651928067207336,248.192595164993,538859.1323046875,405.0,cea,MULTI_RES,NONE,NONE,
Alameda_Arro,B1202,matched,76.04,165.22,18700.66,40000.99,21300.329999999998,1.1390148796887383,113.90148796887382,59.173173536710856,0.0,40.826826463289144,0.0,63.594462559814225,0.0,36.405537440185746,0.0,1,2,1,0,1,0,0,2,0.9922309815883636,0.991113032985916,0.9861396551132202,0.9983223080635071,162.39403707286633,391266.00715625,267.0,cea,MULTI_RES,NONE,NONE,
Alameda_Arro,B1203,matched,184.94,398.0,42845.6,83078.69,40233.090000000004,0.9390250107362251,93.90250107362252,0.0,0.0,0.0,100.0,0.0,0.0,0.0,100.0,1,2,0,1,0,1,0,2,0.979169487953186,0.9791225593831611,0.961956262588501,0.9963827133178711,385.71222023833826,801381.65446875,635.0,cea,MULTI_RES,NONE,NONE,
Alameda_Arro,B1204,matched,187.88,366.53,45708.76,76385.86,30677.1,0.6711426868722756,67.11426868722756,0.0,100.0,0.0,0.0,0.0,100.0,0.0,0.0,1,2,0,1,0,1,0,2,0.7937080264091492,0.8048926044167193,0.6238643527030945,0.9635517001152039,360.27826341885685,815987.7805625,588.0,cea,MULTI_RES,NONE,NONE,
Alameda_Arro,B1205,matched,188.72,349.95,46027.53,75298.67,29271.14,0.6359485290651051,63.59485290651051,25.257172248256936,51.520173734141025,23.222654017602004,0.0,25.22359891324384,51.17441517003859,23.601985916717563,0.0,1,3,1,1,1,0,0,3,0.7883028388023376,0.7717711423413942,0.6575016975402832,0.96778404712677,347.7039791299005,830357.1674375,578.0,cea,MULTI_RES,NONE,NONE,
Alameda_Arro,B1206,matched,78.6,78.6,20831.71,20691.71,-140.0,-0.006720523663203837,-0.6720523663203837,100.0,0.0,0.0,0.0,100.0,0.0,0.0,0.0,0,0,0,0,0,0,0,0,,,,,147.4792266044081,330672.086625,250.0,cea,MULTI_RES,NONE,NONE,
Alameda_Arro,B1207,matched,101.52,148.64,27287.44,32892.79,5605.350000000002,0.2054186834675588,20.54186834675588,0.0,32.75467635580676,34.21477593863545,33.03054770555781,0.0,31.82457469236744,35.1034020497542,33.07202325787837,1,3,0,1,0,1,1,3,0.7366987466812134,0.7799723287840876,0.5644824504852295,0.9156319499015808,190.48406851493044,415614.58034375,301.0,cea,MULTI_RES,NONE,NONE,
Alameda_Arro,B1208,matched,69.68,136.2,18880.79,26619.84,7739.049999999999,0.4098901581978296,40.989015819782956,0.0,100.0,0.0,0.0,0.0,100.0,0.0,0.0,1,1,0,1,0,0,0,1,0.8815449476242065,0.8815449476242065,0.8815449476242065,0.8815449476242065,130.74181994739706,332734.18200000003,213.0,cea,MULTI_RES,NONE,NONE,
Alameda_Arro,B1209,matched,68.56,129.71,18806.49,29923.8,11117.309999999998,0.5911422067594749,59.11422067594749,0.0,100.0,0.0,0.0,0.0,100.0,0.0,0.0,1,2,0,1,0,1,0,2,0.9805517196655273,0.9805415724443123,0.9611846208572388,0.9999188184738159,128.6445894747109,280929.28915625,219.0,cea,MULTI_RES,NONE,NONE,
Alameda_Arro,B1210,matched,101.14,199.99,27543.21,42086.67,14543.46,0.5280234221065736,52.80234221065736,0.0,100.0,0.0,0.0,0.0,100.0,0.0,0.0,1,2,0,1,0,1,0,2,0.9862949848175049,0.9862583745703346,0.9789987802505493,0.9935911893844604,189.85556273436006,380056.87912500004,314.0,cea,MULTI_RES,NONE,NONE,
Alameda_Arro,B1211,matched,110.28,110.28,28255.74,25627.48,-2628.260000000002,-0.09301685250501321,-9.30168525050132,100.0,0.0,0.0,0.0,100.0,0.0,0.0,0.0,0,0,0,0,0,0,0,0,,,,,206.92558015058563,499655.84065625,349.0,cea,MULTI_RES,NONE,NONE,
Alameda_Arro,B1212,matched,60.11,60.11,15545.11,14882.33,-662.7800000000007,-0.04263591573169959,-4.263591573169959,100.0,0.0,0.0,0.0,100.0,0.0,0.0,0.0,0,0,0,0,0,0,0,0,,,,,112.80482551788286,186463.26659375,184.0,cea,MULTI_RES,NONE,NONE,
Alameda_Arro,B1213,matched,53.31,126.26,10979.91,23886.02,12906.11,1.1754294889484522,117.54294889484522,0.0,0.0,0.0,100.0,0.0,0.0,0.0,100.0,1,2,0,1,0,1,0,2,0.8430830538272858,0.8434072750165027,0.6949623227119446,0.991203784942627,147.54722444519106,293987.87890625,243.0,cea,MULTI_RES,NONE,NONE,
Alameda_Arro,B1214,matched,48.57,93.0,11447.74,20329.43,8881.69,0.7758465863131064,77.58465863131065,0.0,0.0,0.0,100.0,0.0,0.0,0.0,100.0,1,2,0,1,0,1,0,2,0.9693669378757477,0.9693672066925423,0.9688864350318909,0.9698474407196045,91.12902158703534,149428.48009375,150.0,cea,MULTI_RES,NONE,NONE,
Alameda_Arro,B1215,matched,89.68,89.62,18128.9,18151.69,22.789999999997235,0.0012571088152065063,0.12571088152065063,100.0,0.0,0.0,0.0,100.0,0.0,0.0,0.0,1,1,0,0,0,0,1,1,0.9949257373809814,0.9949257373809816,0.9949257373809814,0.9949257373809814,168.2918093917029,392217.165625,285.0,cea,MULTI_RES,NONE,NONE,
Alameda_Arro,B1216,matched,84.85,173.59,22232.84,37021.71,14788.869999999999,0.665181326362264,66.5181326362264,0.0,100.0,0.0,0.0,0.0,100.0,0.0,0.0,1,2,0,1,0,1,0,2,0.9721406698226929,0.971542251732432,0.946401834487915,0.9978795051574707,170.9048311603509,389645.43450000003,287.0,cea,MULTI_RES,NONE,NONE,
Alameda_Arro,B1217,matched,112.57,234.18,30791.08,52125.4,21334.32,0.6928733906053312,69.28733906053311,0.0,100.0,0.0,0.0,0.0,100.0,0.0,0.0,1,2,0,1,0,1,0,2,0.9486604630947113,0.9514187683578937,0.9022011160850525,0.9951198101043701,228.5655601558859,482744.32800000004,372.0,cea,MULTI_RES,NONE,NONE,
Alameda_Arro,B1218,matched,68.16,132.53,10564.66,17248.59,6683.93,0.6326687276258772,63.266872762587724,0.0,100.0,0.0,0.0,0.0,100.0,0.0,0.0,1,2,0,1,0,1,0,2,0.9644908010959625,0.9645480793546555,0.9434441328048706,0.9855374693870544,190.31847869975837,481264.0623125,326.0,cea,MULTI_RES,NONE,NONE,
Alameda_Arro,B1219,matched,114.07,221.3,27884.8,49146.04,21261.24,0.7624670071149875,76.24670071149875,0.0,0.0,0.0,100.0,0.0,0.0,0.0,100.0,1,2,0,1,0,1,0,2,0.9938862323760986,0.9938904954624768,0.9890613555908203,0.998711109161377,214.02887064054454,410826.913953125,349.0,cea,MULTI_RES,NONE,NONE,
Alameda_Arro,B1220,matched,78.3,151.24,21278.02,32502.59,11224.57,0.5275194778461529,52.7519477846153,0.0,100.0,0.0,0.0,0.0,100.0,0.0,0.0,1,2,0,1,0,1,0,2,0.99208202958107,0.9920684348511194,0.9848442673683167,0.9993197917938232,146.90989672407088,319629.559,237.0,cea,MULTI_RES,NONE,NONE,
Alameda_Arro,B1221,matched,61.94,118.36,16939.44,26112.24,9172.800000000003,0.5415055043141924,54.15055043141924,0.0,100.0,0.0,0.0,0.0,100.0,0.0,0.0,1,2,0,1,0,1,0,2,0.8747515380382538,0.8948160697632708,0.7581771612167358,0.9913259148597717,115.00216046341227,237917.69121875,188.0,cea,MULTI_RES,NONE,NONE,
Alameda_Arro,B1223,matched,113.13,215.62,27801.38,48933.1,21131.719999999998,0.7600960815614187,76.00960815614187,0.0,0.0,0.0,100.0,0.0,0.0,0.0,100.0,1,2,0,1,0,1,0,2,0.9584029316902161,0.9583555122544556,0.9174531102180481,0.999352753162384,212.27143782606828,462313.985125,347.0,cea,MULTI_RES,NONE,NONE,
Alameda_Arro,B1224,matched,66.23,66.23,17523.14,17552.64,29.5,0.0016834882332732604,0.16834882332732604,100.0,0.0,0.0,0.0,100.0,0.0,0.0,0.0,0,0,0,0,0,0,0,0,,,,,124.28354259331996,307115.1605625,208.0,cea,MULTI_RES,NONE,NONE,
Alameda_Arro,B1225,matched,77.65,148.45,15564.09,26174.98,10610.89,0.6817546030638476,68.17546030638476,0.0,100.0,0.0,0.0,0.0,100.0,0.0,0.0,1,2,0,1,0,1,0,2,0.9923409223556519,0.9923277720723253,0.9867576360702515,0.9979242086410522,145.69093374439612,342029.5011875,235.0,cea,MULTI_RES,NONE,NONE,
Alameda_Arro,B1226,matched,112.26,218.48,24480.71,39434.59,14953.879999999997,0.6108433946564458,61.084339465644575,0.0,100.0,0.0,0.0,0.0,100.0,0.0,0.0,1,2,0,1,0,1,0,2,0.9851419925689697,0.985126894820644,0.9777751564979553,0.9925088286399841,210.58578629039178,374153.525796875,353.0,cea,MULTI_RES,NONE,NONE,
Alameda_Arro,B1227,matched,62.37,62.37,16769.64,17552.04,782.4000000000015,0.04665574216262254,4.665574216262254,100.0,0.0,0.0,0.0,100.0,0.0,0.0,0.0,0,0,0,0,0,0,0,0,,,,,114.96796713187248,252504.18134375,191.0,cea,MULTI_RES,NONE,NONE,
Alameda_Arro,B1228,matched,82.9,82.9,16840.78,15938.49,-902.289999999999,-0.053577684644060375,-5.357768464406037,100.0,0.0,0.0,0.0,100.0,0.0,0.0,0.0,0,0,0,0,0,0,0,0,,,,,157.98336786174738,339458.588125,258.0,cea,MULTI_RES,NONE,NONE,
Alameda_Arro,B1229,matched,118.08,225.48,28123.5,50281.76,22158.260000000002,0.7878912653119278,78.78912653119278,0.0,0.0,0.0,100.0,0.0,0.0,0.0,100.0,1,2,0,1,0,1,0,2,0.9386128783226013,0.9385626273521394,0.8780516982078552,0.9991740584373474,221.54920920084092,423718.988625,367.0,cea,MULTI_RES,NONE,NONE,
Alameda_Arro,B1230,matched,79.01,151.23,20412.39,32135.33,11722.940000000002,0.5743051156674942,57.43051156674942,0.0,100.0,0.0,0.0,0.0,100.0,0.0,0.0,1,2,0,1,0,1,0,2,0.9923875629901886,0.9923881635633869,0.9849505424499512,0.999824583530426,148.3728262383337,306821.411625,245.0,cea,MULTI_RES,NONE,NONE,
Alameda_Arro,B1231,matched,51.54,98.41,13772.0,21799.1,8027.0999999999985,0.5828565204763286,58.285652047632865,0.0,100.0,0.0,0.0,0.0,100.0,0.0,0.0,1,2,0,1,0,1,0,2,0.9776797890663147,0.9776780877410257,0.9580385088920593,0.9973210692405701,96.66729640178592,173753.520125,156.0,cea,MULTI_RES,NONE,NONE,
Alameda_Arro,B1232,matched,36.84,70.92,9815.99,16393.39,6577.4,0.6700699572839826,67.00699572839825,49.40081770759904,0.0,50.599182292400954,0.0,55.74725614212346,0.0,44.252743857876546,0.0,1,2,0,1,0,1,0,2,0.7672711312770844,0.7692484256591057,0.6003054976463318,0.9342367649078369,69.12557208437084,118208.1405625,110.0,cea,MULTI_RES,NONE,NONE,
Alameda_Arro,B1233,matched,79.46,152.1,14567.87,25338.67,10770.799999999997,0.7393531106469234,73.93531106469234,49.90795529257069,0.0,50.09204470742933,0.0,40.718105561465556,0.0,59.2818944385344,0.0,1,2,0,1,0,1,0,2,0.950581431388855,0.9504934649415172,0.9029685854911804,0.9981942772865295,149.08298032366338,229787.872421875,231.0,cea,MULTI_RES,NONE,NONE,
Alameda_Arro,B1234,matched,60.09,130.64,12363.22,23376.2,11012.980000000001,0.890785733813683,89.0785733813683,0.0,100.0,0.0,0.0,0.0,100.0,0.0,0.0,1,2,0,1,0,1,0,2,0.932017058134079,0.9318079935329855,0.8734794855117798,0.9905546307563782,125.30312122084305,218126.66109375,202.0,cea,MULTI_RES,NONE,NONE,
Alameda_Arro,B1235,matched,33.88,33.88,6857.05,7027.78,170.72999999999956,0.02489846216667511,2.489846216667511,100.0,0.0,0.0,0.0,100.0,0.0,0.0,0.0,0,0,0,0,0,0,0,0,,,,,63.56367193086091,117858.6625,101.0,cea,MULTI_RES,NONE,NONE,
Alameda_Arro,B1236,matched,137.4,137.4,35144.49,34590.19,-554.2999999999956,-0.01577203140520735,-1.577203140520735,100.0,0.0,0.0,0.0,100.0,0.0,0.0,0.0,0,0,0,0,0,0,0,0,,,,,257.99478592510843,525011.410890625,424.0,cea,MULTI_RES,NONE,NONE,
Alameda_Arro,B1237,matched,82.69,143.02,22584.75,32375.24,9790.490000000002,0.43350003874295717,43.350003874295716,21.90449556037195,27.889254002656784,26.64475984059288,23.56149059637838,26.933331274410648,28.606225405585366,22.73522020240256,21.72522311760141,1,4,1,1,1,1,0,4,0.7728856205940247,0.775781786506959,0.4117336869239807,0.9801866412162781,155.1915422238095,284839.721375,251.0,cea,MULTI_RES,NONE,NONE,
Alameda_Arro,B1238,matched,51.98,51.98,11247.18,8277.6,-2969.58,-0.2640288498983745,-26.40288498983745,100.0,0.0,0.0,0.0,100.0,0.0,0.0,0.0,0,0,0,0,0,0,0,0,,,,,97.53821266742432,196456.393875,152.0,cea,MULTI_RES,NONE,NONE,
Alameda_Arro,B1239,matched,97.0,185.38,24129.32,37554.86,13425.54,0.5563994343810766,55.639943438107665,0.0,100.0,0.0,0.0,0.0,100.0,0.0,0.0,1,2,0,1,0,1,0,2,0.9733961224555969,0.9734492618276591,0.9476756453514099,0.9991165995597839,181.97799032196627,357010.82328125,294.0,cea,MULTI_RES,NONE,NONE,
Alameda_Arro,B1240,matched,53.21,101.8,12798.72,21368.77,8570.050000000001,0.6696021164616462,66.96021164616462,51.395166044409514,0.0,48.604833955590486,0.0,57.823158893885505,0.0,42.1768411061145,0.0,1,2,0,1,1,0,0,2,0.8882142007350922,0.8877870693284605,0.8728963136672974,0.903532087802887,99.85035418981275,224160.23928125002,166.0,cea,MULTI_RES,NONE,NONE,
Alameda_Arro,B1241,matched,43.82,43.82,11019.51,10962.23,-57.280000000000655,-0.005198053270971273,-0.5198053270971273,100.0,0.0,0.0,0.0,100.0,0.0,0.0,0.0,0,0,0,0,0,0,0,0,,,,,82.20874795379898,178144.43075,130.0,cea,MULTI_RES,NONE,NONE,
Alameda_Arro,B1242,matched,123.32,249.58,33725.81,54757.33,21031.520000000004,0.6236031099030684,62.36031099030684,0.0,100.0,0.0,0.0,0.0,100.0,0.0,0.0,1,2,0,1,0,1,0,2,0.9092272520065308,0.915290682767015,0.8505154252052307,0.9679390788078308,242.69880243869417,540230.61353125,407.0,cea,MULTI_RES,NONE,NONE,
Alameda_Arro,B1243,matched,109.76,109.76,28391.03,28036.46,-354.5699999999997,-0.012488803682008005,-1.2488803682008005,100.0,0.0,0.0,0.0,100.0,0.0,0.0,0.0,0,0,0,0,0,0,0,0,,,,,205.96981455588923,436012.85596875,317.0,cea,MULTI_RES,NONE,NONE,
Alameda_Arro,B1244,matched,63.64,123.2,16435.8,24503.83,8068.0300000000025,0.4908814904050915,49.08814904050915,0.0,100.0,0.0,0.0,0.0,100.0,0.0,0.0,1,2,0,1,0,1,0,2,0.920470654964447,0.9202444564589248,0.8479024767875671,0.9930388331413269,119.4205588409628,288807.600375,204.0,cea,MULTI_RES,NONE,NONE,
Alameda_Arro,B1245,matched,39.19,39.19,9387.43,9211.19,-176.23999999999978,-0.018774041457566105,-1.8774041457566104,100.0,0.0,0.0,0.0,100.0,0.0,0.0,0.0,0,0,0,0,0,0,0,0,,,,,84.10328290673212,181548.0815625,136.0,cea,MULTI_RES,NONE,NONE,
Alameda_Arro,B1246,matched,34.94,66.93,8823.29,15268.03,6444.74,0.7304236854959997,73.04236854959997,0.0,0.0,0.0,100.0,0.0,0.0,0.0,100.0,1,2,0,1,0,1,0,2,0.9861862361431122,0.9861918002730413,0.9731786251068115,0.9991938471794128,65.56260396539024,149356.08025,102.0,cea,MULTI_RES,NONE,NONE,
Alameda_Arro,B1247,matched,84.17,160.61,19748.93,30068.02,10319.09,0.5225138779670595,52.25138779670595,0.0,100.0,0.0,0.0,0.0,100.0,0.0,0.0,1,2,0,1,0,1,0,2,0.9721442461013794,0.9714989905298503,0.9663518071174622,0.9779366850852966,157.9325754598365,328243.9529375,265.0,cea,MULTI_RES,NONE,NONE,
Alameda_Arro,B1248,matched,21.54,20.5,3096.75,2777.7,-319.0500000000002,-0.10302736740130788,-10.302736740130788,100.0,0.0,0.0,0.0,100.0,0.0,0.0,0.0,0,0,0,0,0,0,0,0,,,,,91.25196721677779,113608.850125,143.0,cea,MULTI_RES,NONE,NONE,
Alameda_Arro,B1249,matched,128.1,246.27,30661.38,54957.6,24296.219999999998,0.7924046471489541,79.24046471489541,0.0,0.0,0.0,100.0,0.0,0.0,0.0,100.0,1,2,0,1,0,1,0,2,0.9774417281150818,0.9773806257008096,0.9563480615615845,0.9985353946685791,240.36369785568323,527183.76625,397.0,cea,MULTI_RES,NONE,NONE,
Alameda_Arro,B1250,matched,122.3,226.31,32087.36,40761.16,8673.800000000003,0.27031828109261724,27.031828109261724,0.0,19.148184147742334,52.87620394097377,27.97561191128391,0.0,18.84637056257322,50.977965446170195,30.17566399125659,1,3,1,1,0,1,0,3,0.7538814842700958,0.6592227900264752,0.4587022364139557,0.9695195555686951,222.59726119937847,581480.8183125,383.0,cea,MULTI_RES,NONE,NONE,
Alameda_Arro,B1251,matched,108.73,206.29,19874.79,33119.47,13244.68,0.6664060349820048,66.64060349820048,0.0,100.0,0.0,0.0,0.0,100.0,0.0,0.0,1,2,0,1,0,1,0,2,0.9628787636756897,0.9628711958323617,0.9571380615234375,0.9686194658279419,204.01394452020568,409655.479703125,334.0,cea,MULTI_RES,NONE,NONE,
Alameda_Arro,B1252,matched,72.49,138.09,18198.89,31593.01,13394.119999999999,0.7359855463712347,73.59855463712347,0.0,0.0,0.0,100.0,0.0,0.0,0.0,100.0,1,2,0,1,0,1,0,2,0.9901638925075531,0.9901457754045472,0.9804185032844543,0.9999092817306519,136.00586276416064,321261.5138125,227.0,cea,MULTI_RES,NONE,NONE,
Alameda_Arro,B1253,matched,88.26,167.78,21863.07,39259.28,17396.21,0.7956892604743981,79.56892604743982,49.77947311956134,25.11026344021933,0.0,25.110263440219338,55.4056037983259,22.70722839569258,0.0,21.887167805981512,1,3,0,1,0,1,1,3,0.7472407023111979,0.6651184472055295,0.41433727741241455,0.9933706521987915,165.61162929885379,306360.470484375,275.0,cea,MULTI_RES,NONE,NONE,
Alameda_Arro,B1254,matched,56.69,109.05,15337.29,23913.6,8576.309999999998,0.5591802723949275,55.91802723949275,0.0,100.0,0.0,0.0,0.0,100.0,0.0,0.0,1,2,0,1,0,1,0,2,0.8051373362541199,0.7975816597795392,0.621886670589447,0.9883880019187927,106.37305617337178,201633.39800000002,165.0,cea,MULTI_RES,NONE,NONE,
Alameda_Arro,B1255,matched,99.58,190.79,20115.84,36840.06,16724.219999999998,0.8313955569342367,83.13955569342367,0.0,0.0,0.0,100.0,0.0,0.0,0.0,100.0,1,2,0,1,0,1,0,2,0.9801238477230072,0.9801458420440997,0.9638193845748901,0.9964283108711243,210.24893079581256,445134.034,348.0,cea,MULTI_RES,NONE,NONE,
Alameda_Arro,B1256,matched,69.75,69.75,18064.82,16825.92,-1238.9000000000015,-0.0685808106585065,-6.858081065850651,100.0,0.0,0.0,0.0,100.0,0.0,0.0,0.0,0,0,0,0,0,0,0,0,,,,,130.71936428690498,245533.55975000001,220.0,cea,MULTI_RES,NONE,NONE,
Alameda_Arro,B1257,matched,87.58,166.9,23892.03,37438.81,13546.779999999999,0.5669999577264887,56.69999577264887,0.0,100.0,0.0,0.0,0.0,100.0,0.0,0.0,1,2,0,1,0,1,0,2,0.9874981939792633,0.9874895821042735,0.9769707322120667,0.99802565574646,164.31980222336261,344238.11509375,266.0,cea,MULTI_RES,NONE,NONE,
Alameda_Arro,B1258,matched,72.16,139.38,18287.63,28984.45,10696.82,0.5849210641291408,58.49210641291408,0.0,100.0,0.0,0.0,0.0,100.0,0.0,0.0,1,2,0,1,0,1,0,2,0.9416918456554413,0.9417619737345226,0.912574827671051,0.9708088636398315,135.3479336390224,316450.116,223.0,cea,MULTI_RES,NONE,NONE,
Alameda_Arro,B1259,matched,102.05,197.06,27617.44,42654.31,15036.869999999999,0.544470088465839,54.4470088465839,0.0,100.0,0.0,0.0,0.0,100.0,0.0,0.0,1,2,0,1,0,1,0,2,0.9154843688011169,0.9154276621874388,0.882693886756897,0.9482748508453369,191.48479695305667,456898.3604375,320.0,cea,MULTI_RES,NONE,NONE,
Alameda_Arro,B1260,matched,58.31,58.31,15127.86,14975.98,-151.88000000000102,-0.010039754466262976,-1.0039754466262976,100.0,0.0,0.0,0.0,100.0,0.0,0.0,0.0,0,0,0,0,0,0,0,0,,,,,109.39633562142757,191960.28029687502,178.0,cea,MULTI_RES,NONE,NONE,
Alameda_Arro,B1261,matched,65.54,65.54,17812.24,17801.41,-10.830000000001746,-0.0006080088747963055,-0.060800887479630555,100.0,0.0,0.0,0.0,100.0,0.0,0.0,0.0,0,0,0,0,0,0,0,0,,,,,122.9783891800405,291608.6739375,195.0,cea,MULTI_RES,NONE,NONE,
Alameda_Arro,B1262,matched,82.43,156.64,17543.87,27370.32,9826.45,0.5601073195366816,56.010731953668156,0.0,100.0,0.0,0.0,0.0,100.0,0.0,0.0,1,2,0,1,0,1,0,2,0.9933727979660034,0.9933723352063771,0.9928923845291138,0.9938532114028931,154.6631107822222,310911.37003125,258.0,cea,MULTI_RES,NONE,NONE,
Alameda_Arro,B1263,matched,84.69,161.57,22970.48,36063.43,13092.95,0.5699902657671934,56.99902657671934,0.0,100.0,0.0,0.0,0.0,100.0,0.0,0.0,1,2,0,1,0,1,0,2,0.9230950176715851,0.9230665572317411,0.8785614967346191,0.967628538608551,158.90930707712647,212758.109859375,266.0,cea,MULTI_RES,NONE,NONE,
Alameda_Arro,B1264,matched,61.17,116.18,16745.62,26458.06,9712.440000000002,0.5799988295446811,57.999882954468106,0.0,100.0,0.0,0.0,0.0,100.0,0.0,0.0,1,2,0,1,0,1,0,2,0.9470870792865753,0.9472018061835947,0.9106448292732239,0.9835293292999268,114.7672344312897,219901.1335625,185.0,cea,MULTI_RES,NONE,NONE,
Alameda_Arro,B1265,matched,129.13,248.65,34841.24,53404.95,18563.71,0.5328085337950085,53.28085337950085,0.0,100.0,0.0,0.0,0.0,100.0,0.0,0.0,1,2,0,1,0,1,0,2,0.9667537808418274,0.9658430530105001,0.9375292062759399,0.9959783554077148,238.84533072938018,501028.086375,387.0,cea,MULTI_RES,NONE,NONE,
Alameda_Arro,B1266,matched,42.73,42.73,10773.43,10751.75,-21.68000000000029,-0.0020123581811920892,-0.20123581811920893,100.0,0.0,0.0,0.0,100.0,0.0,0.0,0.0,0,0,0,0,0,0,0,0,,,,,94.7479286547467,189326.51959375,164.0,cea,MULTI_RES,NONE,NONE,
Alameda_Arro,B1267,matched,107.87,210.08,29458.68,45540.95,16082.269999999997,0.5459263619415397,54.59263619415397,0.0,100.0,0.0,0.0,0.0,100.0,0.0,0.0,1,2,0,1,0,1,0,2,0.9501315355300903,0.9512078490669492,0.9118726253509521,0.9883904457092285,203.34649703652957,407608.81871875003,335.0,cea,MULTI_RES,NONE,NONE,
Alameda_Arro,B1268,matched,89.97,174.81,24538.82,37860.51,13321.690000000002,0.542882257582068,54.2882257582068,0.0,100.0,0.0,0.0,0.0,100.0,0.0,0.0,1,2,0,1,0,1,0,2,0.9656171798706055,0.9656350933180297,0.9567198753356934,0.9745144844055176,168.89439007986164,341973.285625,274.0,cea,MULTI_RES,NONE,NONE,
Alameda_Arro,B1269,matched,66.22,129.35,17666.95,26694.75,9027.8,0.5109993518971865,51.09993518971865,0.0,100.0,0.0,0.0,0.0,100.0,0.0,0.0,1,2,0,1,0,1,0,2,0.6426054090261459,0.6427397356948699,0.4596581757068634,0.8255526423454285,124.2503101509625,315273.780625,215.0,cea,MULTI_RES,NONE,NONE,
Alameda_Arro,B1270,matched,93.84,177.76,21099.38,33295.3,12195.920000000002,0.5780226717562318,57.80226717562318,0.0,100.0,0.0,0.0,0.0,100.0,0.0,0.0,1,2,0,1,0,1,0,2,0.9885002970695496,0.9885320980658643,0.9776414036750793,0.9993591904640198,176.07376558938964,349106.015625,309.0,cea,MULTI_RES,NONE,NONE,
Alameda_Arro,B1271,matched,126.56,126.56,31497.84,31631.84,134.0,0.00425425997465223,0.425425997465223,100.0,0.0,0.0,0.0,100.0,0.0,0.0,0.0,0,0,0,0,0,0,0,0,,,,,237.52585684573702,471313.259453125,386.0,cea,MULTI_RES,NONE,NONE,
Alameda_Arro,B1272,matched,95.92,210.49,18304.06,41018.62,22714.56,1.2409574706376618,124.09574706376618,0.0,0.0,0.0,100.0,0.0,0.0,0.0,100.0,1,2,0,1,0,1,0,2,0.9898787140846252,0.9899241724809296,0.9851138591766357,0.9946435689926147,206.61897936890034,421709.448859375,334.0,cea,MULTI_RES,NONE,NONE,
Alameda_Arro,B1273,matched,64.29,121.77,17582.44,28051.26,10468.82,0.5954133783479426,59.54133783479426,0.0,100.0,0.0,0.0,0.0,100.0,0.0,0.0,1,2,0,1,0,1,0,2,0.9897980391979218,0.9895084914671388,0.9822726249694824,0.9973234534263611,120.598981587919,253235.5516875,192.0,cea,MULTI_RES,NONE,NONE,
Alameda_Arro,B1274,matched,123.54,242.26,27645.29,42447.54,14802.25,0.5354347883491184,53.54347883491184,0.0,100.0,0.0,0.0,0.0,100.0,0.0,0.0,1,2,0,1,0,1,0,2,0.8786920607089996,0.879172222654575,0.7690014839172363,0.9883826375007629,231.80903405862514,556658.805,373.0,cea,MULTI_RES,NONE,NONE,
Alameda_Arro,B1275,matched,61.73,61.73,15263.69,15299.92,36.22999999999956,0.0023736069063247196,0.23736069063247195,100.0,0.0,0.0,0.0,100.0,0.0,0.0,0.0,0,0,0,0,0,0,0,0,,,,,115.8289012656605,249679.544296875,188.0,cea,MULTI_RES,NONE,NONE,
Alameda_Arro,B1276,matched,90.26,173.85,23008.86,34767.16,11758.300000000003,0.511033575761685,51.1033575761685,0.0,100.0,0.0,0.0,0.0,100.0,0.0,0.0,1,2,0,1,0,1,0,2,0.7053608298301697,0.705371254182925,0.5004016757011414,0.910319983959198,169.3275950517997,311859.1768125,272.0,cea,MULTI_RES,NONE,NONE,
Alameda_Arro,B1277,matched,81.14,156.42,17797.79,28645.76,10847.969999999998,0.609512192244093,60.9512192244093,0.0,100.0,0.0,0.0,0.0,100.0,0.0,0.0,1,2,0,1,0,1,0,2,0.7681276202201843,0.7680776087749864,0.6467547416687012,0.8895004987716675,152.21016695320387,341319.4343125,250.0,cea,MULTI_RES,NONE,NONE,
Alameda_Arro,B1278,matched,93.25,176.44,24456.95,41768.11,17311.16,0.7078217030332891,70.78217030332891,0.0,0.0,0.0,100.0,0.0,0.0,0.0,100.0,1,2,0,1,0,1,0,2,0.9947069585323334,0.9952661772520424,0.9895691275596619,0.9998447895050049,174.9761184749166,314476.98757812503,288.0,cea,MULTI_RES,NONE,NONE,
Alameda_Arro,B1279,matched,161.9,314.01,43065.19,65299.59,22234.399999999994,0.5162963405014582,51.629634050145825,0.0,100.0,0.0,0.0,0.0,100.0,0.0,0.0,1,2,0,1,0,1,0,2,0.9320131540298462,0.9386316866620864,0.8669086694717407,0.9971176385879517,303.7709108319125,693881.45184375,493.0,cea,MULTI_RES,NONE,NONE,
Alameda_Arro,B1280,matched,96.13,193.67,22195.42,41211.35,19015.93,0.8567501763877413,85.67501763877414,0.0,0.0,0.0,100.0,0.0,0.0,0.0,100.0,1,2,0,1,0,1,0,2,0.9829212427139282,0.9839959531183574,0.9660500884056091,0.9997923970222473,183.93060275383533,336385.045328125,303.0,cea,MULTI_RES,NONE,NONE,
Alameda_Arro,B1281,matched,44.67,99.77,10951.03,20404.11,9453.08,0.8632137798910239,86.32137798910239,44.657177225340824,0.0,55.34282277465918,0.0,50.576893888033126,0.0,49.42310611196688,0.0,1,2,0,1,1,0,0,2,0.8882142007350922,0.8898515143970768,0.8728963136672974,0.903532087802887,97.54234060293847,201742.998375,155.0,cea,MULTI_RES,NONE,NONE,
Alameda_Arro,B1282,matched,104.64,230.08,23170.23,43301.58,20131.350000000002,0.868845497001972,86.8845497001972,18.522381573229023,55.08909169926118,26.38852672750977,0.0,15.388287537994389,58.31143337742938,26.300279084576257,0.0,1,3,1,1,1,0,0,3,0.64863520860672,0.7302015574559119,0.4877697825431824,0.897762656211853,230.0780277883612,427796.0973125,379.0,cea,MULTI_RES,NONE,NONE,
Alameda_Arro,B1283,matched,64.56,125.39,15369.5,25286.34,9916.84,0.6452285370376395,64.52285370376394,0.0,100.0,0.0,0.0,0.0,100.0,0.0,0.0,1,2,0,1,0,1,0,2,0.9573695361614227,0.957314421547131,0.9250184297561646,0.9897206425666809,121.13586590012937,297421.046625,189.0,cea,MULTI_RES,NONE,NONE,
Alameda_Arro,B1284,matched,86.85,171.75,18720.58,31191.5,12470.919999999998,0.6661609843284768,66.61609843284768,0.0,100.0,0.0,0.0,0.0,100.0,0.0,0.0,1,2,0,1,0,1,0,2,0.9432291686534882,0.9407602799961057,0.8925190567970276,0.9939392805099487,168.20513465066105,386187.326625,273.0,cea,MULTI_RES,NONE,NONE,
Alameda_Arro,B1285,matched,99.45,193.35,26162.11,45892.16,19730.050000000003,0.754145976757991,75.4145976757991,52.11274890095681,0.0,47.88725109904318,0.0,58.33253516114839,0.0,41.66746483885162,0.0,1,2,1,1,0,0,0,2,0.9884196221828461,0.9887462405573064,0.9806753993034363,0.9961638450622559,187.57328712383227,423142.4485,311.0,cea,MULTI_RES,NONE,NONE,
Alameda_Arro,B1286,matched,109.88,213.73,23912.88,37113.19,13200.310000000001,0.5520167374235141,55.20167374235141,0.0,69.8437207561295,30.156279243870475,0.0,0.0,73.23406111029122,26.765938889708778,0.0,1,3,1,1,1,0,0,3,0.8958356777826945,0.9040780114300835,0.844581127166748,0.9565101265907288,218.7664317272587,486659.338890625,371.0,cea,MULTI_RES,NONE,NONE,
Alameda_Arro,B1287,matched,173.76,348.19,42118.39,71237.4,29119.009999999995,0.691360947082735,69.1360947082735,0.0,100.0,0.0,0.0,0.0,100.0,0.0,0.0,1,2,0,1,0,1,0,2,0.9931948781013489,0.9943157737803611,0.9896126389503479,0.9967771172523499,339.24787443953954,770010.46425,556.0,cea,MULTI_RES,NONE,NONE,
Alameda_Arro,B1288,matched,181.15,361.72,41437.66,78409.83,36972.17,0.8922359515474569,89.2235951547457,64.67807480717663,0.0,35.32192519282337,0.0,67.54718685755876,0.0,32.452813142441244,0.0,1,2,1,0,1,0,0,2,0.8654955923557281,0.8662779367650201,0.8628308176994324,0.8681603670120239,350.9276070881628,756810.565625,579.0,cea,MULTI_RES,NONE,NONE,
Alameda_Arro,B1289,matched,87.47,170.49,23725.85,36825.7,13099.849999999999,0.5521340647437288,55.21340647437288,0.0,100.0,0.0,0.0,0.0,100.0,0.0,0.0,1,2,0,1,0,1,0,2,0.7887277901172638,0.7327627880680343,0.6015847325325012,0.9758708477020264,165.03411338384126,388743.04387500003,267.0,cea,MULTI_RES,NONE,NONE,
Alameda_Arro,B1291,matched,137.79,269.77,37061.33,57313.93,20252.6,0.5464617702602685,54.646177026026855,0.0,100.0,0.0,0.0,0.0,100.0,0.0,0.0,1,2,0,1,0,1,0,2,0.9617851078510284,0.9597428001141716,0.9533503651618958,0.9702198505401611,258.55085545087564,600926.60425,430.0,cea,MULTI_RES,NONE,NONE,
Alameda_Arro,B1292,matched,120.89,231.03,30964.23,42778.73,11814.500000000004,0.3815531663471045,38.15531663471045,0.0,28.48857340720222,53.12067174515236,18.39075484764543,0.0,32.385410472394135,48.98017959471929,18.6344099328866,1,3,1,1,0,1,0,3,0.8306576013565063,0.7725822326392451,0.6155123710632324,0.9954535961151123,226.84493685131693,506947.1045,367.0,cea,MULTI_RES,NONE,NONE,
Alameda_Arro,B1293,matched,133.84,133.84,36123.08,36389.82,266.73999999999796,0.0073841986895911964,0.7384198689591196,100.0,0.0,0.0,0.0,100.0,0.0,0.0,0.0,0,0,0,0,0,0,0,0,,,,,251.11486038350992,584231.3141406251,414.0,cea,MULTI_RES,NONE,NONE,
Alameda_Arro,B1294,matched,135.8,262.06,36538.82,56997.78,20458.96,0.5599239384304145,55.992393843041455,0.0,100.0,0.0,0.0,0.0,100.0,0.0,0.0,1,2,0,1,0,1,0,2,0.98906010389328,0.9885453608365301,0.9871424436569214,0.9909777641296387,254.81578930012637,569064.397875,422.0,cea,MULTI_RES,NONE,NONE,
Alameda_Arro,B1295,matched,120.75,234.37,30605.05,54980.95,24375.899999999998,0.7964665961989933,79.64665961989932,0.0,0.0,0.0,100.0,0.0,0.0,0.0,100.0,1,2,0,1,0,1,0,2,0.9924541115760803,0.9932507888685007,0.9876555800437927,0.9972526431083679,226.5652623555645,502470.644875,379.0,cea,MULTI_RES,NONE,NONE,
Alameda_Arro,B1296,matched,120.12,232.28,31983.61,55612.72,23629.11,0.7387880855225536,73.87880855225536,0.0,0.0,0.0,100.0,0.0,0.0,0.0,100.0,1,2,0,1,0,1,0,2,0.9904052317142487,0.9917525376253159,0.9822381138801575,0.9985723495483398,225.38680235346737,478814.23637500004,367.0,cea,MULTI_RES,NONE,NONE,
Alameda_Arro,B1297,matched,113.26,222.75,30294.46,54093.49,23799.03,0.7855901706120525,78.55901706120525,0.0,0.0,0.0,100.0,0.0,0.0,0.0,100.0,1,2,0,1,0,1,0,2,0.9372691810131073,0.9450121647480125,0.874767541885376,0.9997708201408386,218.3874961310132,485375.53190625,359.0,cea,MULTI_RES,NONE,NONE,
Alameda_Arro,B1298,matched,195.76,384.37,52509.79,72348.15,19838.359999999993,0.3778030725318077,37.78030725318077,0.0,21.17956189187784,51.521931422030306,27.2985066860919,0.0,21.380119741296262,48.58299837887563,30.036881879828098,1,3,1,1,0,1,0,3,0.9022416273752848,0.8869577049677573,0.8483206033706665,0.9945536851882935,381.04104579078347,853806.4676875001,632.0,cea,MULTI_RES,NONE,NONE,
Alameda_Arro,B1299,matched,100.2,196.27,24985.88,45537.85,20551.969999999998,0.8225433724967861,82.25433724967861,0.0,0.0,0.0,100.0,0.0,0.0,0.0,100.0,1,2,0,1,0,1,0,2,0.8734622299671173,0.9024962294445339,0.7479103207588196,0.999014139175415,191.09670087674453,427043.5773125,316.0,cea,MULTI_RES,NONE,NONE,
Alameda_Arro,B1300,matched,123.11,237.38,28172.88,50891.11,22718.23,0.8063864965172179,80.63864965172179,0.0,0.0,0.0,100.0,0.0,0.0,0.0,100.0,1,2,0,1,0,1,0,2,0.9883327186107635,0.9901766276363251,0.9768946170806885,0.9997708201408386,231.000891997673,491449.4275625,378.0,cea,MULTI_RES,NONE,NONE,
Alameda_Arro,B1301,matched,144.84,279.92,38392.11,60033.08,21640.97,0.5636827462726065,56.368274627260654,0.0,100.0,0.0,0.0,0.0,100.0,0.0,0.0,1,2,0,1,0,1,0,2,0.9868475198745728,0.98777910839788,0.9826300740242004,0.9910649657249451,271.79254101395026,625717.51228125,454.0,cea,MULTI_RES,NONE,NONE,
Alameda_Arro,B1302,matched,175.24,343.53,48006.0,71758.33,23752.33,0.4947783610382036,49.47783610382036,0.0,14.002095947834189,57.615277130880294,28.382626921285514,0.0,15.064158910266064,54.906150500790304,30.02969058894364,1,3,1,1,0,1,0,3,0.6166209777196249,0.6560613221607078,0.5089465975761414,0.698565661907196,337.0582757252402,701599.42221875,546.0,cea,MULTI_RES,NONE,NONE,
Alameda_Arro,B1303,matched,97.97,188.26,26832.72,50012.3,23179.58,0.8638550247608144,86.38550247608144,49.986721198279064,25.10224677325118,0.0,24.911032028469744,52.075140053516364,23.95885927955025,0.0,23.966000666933375,1,3,0,1,1,1,0,3,0.8162771860758463,0.8390141851387645,0.5681266784667969,0.9719194769859314,183.84794849854575,455807.67075,312.0,cea,MULTI_RES,NONE,NONE,
Alameda_Arro,B1304,matched,55.59,55.59,14818.59,14172.99,-645.6000000000004,-0.04356689806520056,-4.356689806520056,100.0,0.0,0.0,0.0,100.0,0.0,0.0,0.0,0,0,0,0,0,0,0,0,,,,,104.30236244572964,234725.67559375,161.0,cea,MULTI_RES,NONE,NONE,
Alameda_Arro,B1305,matched,72.05,153.39,14213.71,23866.77,9653.060000000001,0.6791372555089419,67.91372555089418,0.0,19.131738478586797,50.27051691545532,30.597744605957892,0.0,18.522588919832632,52.81727127597069,28.660139804196692,1,3,1,1,0,1,0,3,0.7204139133294424,0.7116907446922173,0.48251864314079285,0.9966192245483398,183.60409134379327,353629.90307812503,307.0,cea,MULTI_RES,NONE,NONE,
Alameda_Arro,B1306,matched,86.81,162.93,23256.12,38219.82,14963.7,0.643430632452877,64.3430632452877,48.02994967472688,0.0,51.9700503252731,0.0,52.56211970102906,0.0,47.43788029897092,0.0,1,2,1,0,1,0,0,2,0.931918203830719,0.9341519820184737,0.8752777576446533,0.9885586500167847,160.31723404706466,394394.48575,268.0,cea,MULTI_RES,NONE,NONE,
Alameda_Arro,B1307,matched,151.81,238.27,36667.91,51762.03,15094.119999999995,0.41164385971275685,41.164385971275685,31.051703877790832,68.94829612220917,0.0,0.0,32.12510162172572,67.87489837827427,0.0,0.0,1,2,0,1,0,0,1,2,0.5941715836524963,0.5883923972494395,0.5253567695617676,0.6629863977432251,300.3216196751228,666048.25915625,504.0,cea,MULTI_RES,NONE,NONE,
Alameda_Arro,B1308,matched,472.58,472.58,129307.57,129347.86,40.2899999999936,0.00031158268614895165,0.031158268614895165,100.0,0.0,0.0,0.0,100.0,0.0,0.0,0.0,0,0,0,0,0,0,0,0,,,,,886.6499341363852,1989341.805296875,1463.0,cea,MULTI_RES,NONE,NONE,
Alameda_Arro,B1309,matched,52.23,101.76,14193.76,30553.66,16359.9,1.1526121337827326,115.26121337827327,100.0,0.0,0.0,0.0,100.0,0.0,0.0,0.0,1,1,0,0,1,0,0,1,0.9936243295669556,0.9936243295669556,0.9936243295669556,0.9936243295669556,97.998299351422,198041.116125,176.0,cea,MULTI_RES,NONE,NONE,
Alameda_Arro,B1310,matched,88.06,167.18,24085.73,39467.84,15382.109999999997,0.638639974790052,63.8639974790052,25.18243809068069,49.59325278143317,25.22430912788611,0.0,27.772394236724978,49.88078870137144,22.346817061903593,0.0,1,3,1,0,1,0,1,3,0.5146838029225668,0.49617845369598196,0.43867719173431396,0.6410170197486877,165.23265887857073,264668.7624375,260.0,cea,MULTI_RES,NONE,NONE,
Alameda_Arro,B1311,matched,108.14,202.53,28983.48,49571.55,20588.070000000003,0.7103380960464376,71.03380960464376,52.041672838591815,47.958327161408185,0.0,0.0,56.79046371805604,43.209536281943976,0.0,0.0,1,2,0,1,1,0,0,2,0.7296511232852936,0.7287863382871924,0.5113509297370911,0.9479513168334961,202.85723717886634,329251.79825,330.0,cea,MULTI_RES,NONE,NONE,
Alameda_Arro,B1312,matched,73.99,141.67,20180.27,31973.49,11793.220000000001,0.584393568569697,58.4393568569697,0.0,0.0,49.94706006917485,50.05293993082517,0.0,0.0,45.045817362048076,54.954182637951924,1,2,0,1,0,1,0,2,0.8065349757671356,0.8066307385346547,0.6520248651504517,0.9610450863838196,138.82949782658915,310829.1630625,223.0,cea,MULTI_RES,NONE,NONE,
Alameda_Arro,B1314,matched,106.81,219.88,24022.12,50214.36,26192.24,1.0903384047702702,109.03384047702703,0.0,0.0,0.0,100.0,0.0,0.0,0.0,100.0,1,2,0,1,0,1,0,2,0.9581728577613831,0.9592754247582883,0.9232483506202698,0.9930973649024963,213.45631452308226,324839.766328125,356.0,cea,MULTI_RES,NONE,NONE,
Alameda_Arro,B1315,matched,26.51,26.51,3713.18,3697.33,-15.849999999999909,-0.004268578415266675,-0.42685784152666745,100.0,0.0,0.0,0.0,100.0,0.0,0.0,0.0,0,0,0,0,0,0,0,0,,,,,151.11470398749574,229544.03334375,244.0,cea,MULTI_RES,NONE,NONE,
Alameda_Arro,B1318,matched,442.27,442.27,117806.98,117167.44,-639.5399999999936,-0.0054287105908325094,-0.542871059083251,100.0,0.0,0.0,0.0,100.0,0.0,0.0,0.0,0,0,0,0,0,0,0,0,,,,,829.8339367188288,1761948.936234375,1364.0,cea,SINGLE_RES,NONE,NONE,
Alameda_Arro,B1326,matched,136.75,258.72,37137.79,62617.75,25479.96,0.6860925219298186,68.60925219298186,24.954589371980685,0.0,24.270531400966195,50.77487922705317,27.966939670872954,0.0,22.096352676122635,49.9367076530044,1,3,1,1,1,0,0,3,0.8161414464314779,0.7961837632708728,0.7371342778205872,0.9684388637542725,253.54691436654088,542302.699,416.0,cea,MULTI_RES,NONE,NONE,
Alameda_Arro,B1328,matched,72.34,143.05,19272.02,28794.24,9522.220000000001,0.49409558520590996,49.409558520591,0.0,100.0,0.0,0.0,0.0,100.0,0.0,0.0,1,2,0,1,0,1,0,2,0.6298846453428268,0.6328769348739299,0.4283691346645355,0.8314001560211182,135.72657573337074,291490.3258125,223.0,cea,MULTI_RES,NONE,NONE,
Alameda_Arro,B1329,matched,62.57,62.57,12447.67,11189.86,-1257.8099999999995,-0.10104782662136766,-10.104782662136765,100.0,0.0,0.0,0.0,100.0,0.0,0.0,0.0,0,0,0,0,0,0,0,0,,,,,117.40339840943727,257592.175625,184.0,cea,MULTI_RES,NONE,NONE,
Alameda_Arro,B1330,matched,32.43,63.15,8295.47,15546.44,7250.970000000001,0.8740879058088332,87.40879058088332,48.59857482185273,0.0,0.0,51.40142517814728,51.550663740364335,0.0,0.0,48.44933625963567,1,3,0,1,1,1,0,3,0.5650685727596283,0.5447756374783593,0.4713694751262665,0.6878955960273743,60.84514795323105,110359.53859375,108.0,cea,MULTI_RES,NONE,NONE,
Alameda_Arro,B1331,matched,148.79,216.14,39233.9,45330.12,6096.220000000001,0.15538144308875745,15.538144308875745,0.0,31.362479759426325,34.8878093916262,33.74971084894749,0.0,29.843908603985668,35.71786162553534,34.43822977047898,1,3,0,1,0,1,1,3,0.6774714092413584,0.721427970713758,0.4640207588672638,0.84241783618927,279.1869714810557,685196.27834375,460.0,cea,MULTI_RES,NONE,NONE,
Alameda_Arro,B1332,matched,107.19,208.31,26407.29,46434.5,20027.21,0.7583970183990859,75.83970183990859,0.0,0.0,0.0,100.0,0.0,0.0,0.0,100.0,1,2,0,1,0,1,0,2,0.9676014482975006,0.9679608488338547,0.9370187520980835,0.9981841444969177,201.3975737114784,481770.954625,332.0,cea,MULTI_RES,NONE,NONE,
Alameda_Arro,B1333,matched,93.82,179.47,25207.71,43761.3,18553.590000000004,0.7360283817927136,73.60283817927136,0.0,0.0,0.0,100.0,0.0,0.0,0.0,100.0,1,2,0,1,0,1,0,2,0.96720290184021,0.9676461991402355,0.9360745549201965,0.9983312487602234,176.03387378689158,418296.956375,290.0,cea,MULTI_RES,NONE,NONE,
Alameda_Arro,B1334,matched,67.9,132.71,17468.47,30698.31,13229.84,0.7573553951777116,75.73553951777116,0.0,0.0,0.0,100.0,0.0,0.0,0.0,100.0,1,2,0,1,0,1,0,2,0.9596562683582306,0.9595548091494831,0.9433808922767639,0.9759316444396973,127.41092657653769,303438.5634375,211.0,cea,MULTI_RES,NONE,NONE,
Alameda_Arro,B1335,matched,163.85,315.6,44263.91,76619.96,32356.050000000003,0.7309803856008201,73.09803856008202,0.0,0.0,0.0,100.0,0.0,0.0,0.0,100.0,1,2,0,1,0,1,0,2,0.9159017503261566,0.915753549286672,0.9065296053886414,0.9252738952636719,307.4367720353565,664286.45759375,508.0,cea,MULTI_RES,NONE,NONE,
Alameda_Arro,B1336,matched,166.59,314.35,43879.74,75220.59,31340.85,0.7142442047286516,71.42442047286515,0.0,0.0,0.0,100.0,0.0,0.0,0.0,100.0,1,2,0,1,0,1,0,2,0.8973412215709686,0.8962683607447984,0.7997793555259705,0.9949030876159668,308.78039243220104,736097.74815625,507.0,cea,MULTI_RES,NONE,NONE,
Alameda_Arro,B1337,matched,71.17,137.07,19114.72,36246.32,17131.6,0.8962516845656121,89.62516845656121,51.05420588020719,24.65163784927409,0.0,24.29415627051871,52.89603333363752,23.2825313438461,0.0,23.821435322516376,1,3,0,1,1,1,0,3,0.636775016784668,0.6141163280343721,0.4281385540962219,0.9312155842781067,133.54661992368383,219381.469,219.0,cea,MULTI_RES,NONE,NONE,
Alameda_Arro,B1338,matched,122.26,128.21,29282.39,28816.02,-466.369999999999,-0.015926637135834847,-1.5926637135834847,100.0,0.0,0.0,0.0,100.0,0.0,0.0,0.0,1,1,0,0,0,0,1,1,0.989822506904602,0.989822506904602,0.989822506904602,0.989822506904602,240.58815797997158,448519.8256875,400.0,cea,MULTI_RES,NONE,NONE,
Alameda_Arro,B1339,matched,103.6,103.6,28056.98,27829.58,-227.39999999999782,-0.008104935028645201,-0.8104935028645202,100.0,0.0,0.0,0.0,100.0,0.0,0.0,0.0,0,0,0,0,0,0,0,0,,,,,194.3788260624814,473696.862375,322.0,cea,MULTI_RES,NONE,NONE,
Alameda_Arro,B1340,matched,267.78,267.78,71207.37,71081.88,-125.48999999999069,-0.001762317580328984,-0.17623175803289842,100.0,0.0,0.0,0.0,100.0,0.0,0.0,0.0,0,0,0,0,0,0,0,0,,,,,505.35944414543894,1178990.4677812501,832.0,cea,MULTI_RES,NONE,NONE,
Alameda_Arro,B1341,matched,66.19,126.01,17759.52,24747.7,6988.18,0.39348923844788597,39.348923844788594,0.0,0.0,100.0,0.0,0.0,0.0,100.0,0.0,1,1,1,0,0,0,0,1,0.9818195104598999,0.9818195104598999,0.9818195104598999,0.9818195104598999,124.19022913420072,214657.74176562502,201.0,cea,MULTI_RES,NONE,NONE,
Alameda_Arro,B1342,matched,92.69,177.43,25005.14,43043.49,18038.35,0.7213856831035539,72.1385683103554,0.0,0.0,0.0,100.0,0.0,0.0,0.0,100.0,1,2,0,1,0,1,0,2,0.9872283339500427,0.9871090727584485,0.9747479557991028,0.9997087121009827,173.9257330348313,396849.3425,287.0,cea,MULTI_RES,NONE,NONE,
Alameda_Arro,B1343,matched,41.4,41.4,10754.6,10487.36,-267.2399999999998,-0.024848901865248338,-2.484890186524834,100.0,0.0,0.0,0.0,100.0,0.0,0.0,0.0,0,0,0,0,0,0,0,0,,,,,77.6793831407311,119199.60853125,131.0,cea,MULTI_RES,NONE,NONE,
Alameda_Arro,B1344,matched,111.61,213.65,30232.37,52356.59,22124.219999999998,0.7318056771599447,73.18056771599447,0.0,0.0,0.0,100.0,0.0,0.0,0.0,100.0,1,2,0,1,0,1,0,2,0.9901921153068542,0.9901332912919935,0.9806179404258728,0.9997662901878357,209.41346976697122,416664.775,344.0,cea,MULTI_RES,NONE,NONE,
Alameda_Arro,B1345,matched,127.29,241.1,31682.12,55366.22,23684.100000000002,0.7475541409476387,74.75541409476388,0.0,0.0,0.0,100.0,0.0,0.0,0.0,100.0,1,2,0,1,0,1,0,2,0.988993227481842,0.9889845600504856,0.9780635833740234,0.9999228715896606,238.84481936397202,527965.39625,392.0,cea,MULTI_RES,NONE,NONE,
Alameda_Arro,B1346,matched,81.6,120.27,22291.55,32049.27,9757.720000000001,0.437731786259816,43.7731786259816,34.04839111998005,0.0,0.0,65.95160888001996,34.311245618757496,0.0,0.0,65.6887543812425,1,2,0,1,0,0,1,2,0.8590939939022064,0.857203946908139,0.7397398352622986,0.9784481525421143,153.13257710101183,319798.284296875,254.0,cea,MULTI_RES,NONE,NONE,
Alameda_Arro,B1347,matched,261.5,502.21,70791.22,122791.78,52000.56,0.7345622804635942,73.45622804635941,0.0,0.0,0.0,100.0,0.0,0.0,0.0,100.0,1,2,0,1,0,1,0,2,0.9548079371452332,0.9544155092102289,0.9199024438858032,0.9897134304046631,490.65472615641903,1147142.14775,812.0,cea,MULTI_RES,NONE,NONE,
Alameda_Arro,B1348,matched,158.2,312.85,43120.16,77022.64,33902.479999999996,0.78623270414581,78.623270414581,0.0,0.0,0.0,100.0,0.0,0.0,0.0,100.0,1,2,0,1,0,1,0,2,0.8552240133285522,0.8557344117035914,0.7191401124000549,0.9913079142570496,305.1325636547706,658961.1357187501,503.0,cea,MULTI_RES,NONE,NONE,
Alameda_Arro,B1349,matched,37.99,60.82,7896.62,9166.98,1270.3599999999997,0.16087389288075146,16.087389288075148,42.49301101792469,0.0,57.50698898207531,0.0,35.02215129940103,0.0,64.97784870059897,0.0,1,2,0,1,0,1,0,2,0.7672711312770844,0.7598350995537563,0.6003054976463318,0.9342367649078369,71.2682309859089,63661.33178125,117.0,cea,MULTI_RES,NONE,NONE,
Alameda_Arro,B1351,matched,50.13,50.13,12940.67,12058.67,-882.0,-0.06815721288001317,-6.815721288001317,100.0,0.0,0.0,0.0,100.0,0.0,0.0,0.0,0,0,0,0,0,0,0,0,,,,,94.06354857619725,206503.58203125,164.0,cea,MULTI_RES,NONE,NONE,
Alameda_Arro,B1353,matched,62.94,62.94,15687.88,14816.26,-871.619999999999,-0.055560088424949645,-5.556008842494965,100.0,0.0,0.0,0.0,100.0,0.0,0.0,0.0,0,0,0,0,0,0,0,0,,,,,118.10070826111692,235156.508375,195.0,cea,MULTI_RES,NONE,NONE,
Alameda_Arro,B1354,matched,139.09,282.87,36914.42,67336.24,30421.820000000007,0.8241175128852087,82.41175128852088,45.37033763478876,0.0,54.62966236521124,0.0,48.147802682094685,0.0,51.8521973179053,0.0,1,2,1,0,1,0,0,2,0.9911558330059052,0.9917753026157428,0.9844608902931213,0.997850775718689,279.90247960383266,553368.807125,460.0,cea,MULTI_RES,NONE,NONE,
Alameda_Arro,B1355,matched,84.8,162.35,23118.99,36074.35,12955.359999999997,0.5603774213319871,56.03774213319871,0.0,100.0,0.0,0.0,0.0,100.0,0.0,0.0,1,2,0,1,0,1,0,2,0.9034371078014374,0.9033470038963779,0.8266377449035645,0.9802364706993103,159.11297402005636,333557.27534375,255.0,cea,MULTI_RES,NONE,NONE,
Alameda_Arro,B1356,matched,152.89,319.95,33752.7,57187.78,23435.08,0.6943171953651116,69.43171953651117,0.0,100.0,0.0,0.0,0.0,100.0,0.0,0.0,1,2,0,1,0,1,0,2,0.8781858682632446,0.8775890336678921,0.7620558142662048,0.9943159222602844,311.5144007656233,729901.907625,509.0,cea,MULTI_RES,NONE,NONE,
Alameda_Arro,B1357,matched,84.43,162.76,20867.7,31797.55,10929.849999999999,0.5237687910023624,52.37687910023624,0.0,100.0,0.0,0.0,0.0,100.0,0.0,0.0,1,2,0,1,0,1,0,2,0.9600468575954437,0.9600494404546034,0.9455147981643677,0.9745789170265198,158.45809150912112,302040.79918750003,266.0,cea,MULTI_RES,NONE,NONE,
Alameda_Arro,B1358,matched,96.56,188.62,17972.91,30054.27,12081.36,0.6721983251460114,67.21983251460114,0.0,100.0,0.0,0.0,0.0,100.0,0.0,0.0,1,2,0,1,0,1,0,2,0.9450059235095978,0.9447170287981729,0.8954551815986633,0.9945566654205322,181.17017602672067,422554.4975625,303.0,cea,MULTI_RES,NONE,NONE,
Alameda_Arro,B1359,matched,139.52,268.38,28458.21,47013.05,18554.840000000004,0.6520030599254136,65.20030599254136,0.0,100.0,0.0,0.0,0.0,100.0,0.0,0.0,1,2,0,1,0,1,0,2,0.9911976754665375,0.9911689048463612,0.9834721088409424,0.9989232420921326,285.8326052273292,683913.820421875,465.0,cea,MULTI_RES,NONE,NONE,
Alameda_Arro,B1360,matched,51.36,51.31,12620.42,12610.17,-10.25,-0.0008121758229916278,-0.08121758229916277,100.0,0.0,0.0,0.0,100.0,0.0,0.0,0.0,1,1,0,0,0,0,1,1,0.8122122883796692,0.8122122883796691,0.8122122883796692,0.8122122883796692,96.3669503545701,86187.455703125,160.0,cea,MULTI_RES,NONE,NONE,
Alameda_Arro,B1362,matched,78.96,78.92,20431.1,20348.99,-82.10999999999694,-0.004018873188423381,-0.40188731884233814,100.0,0.0,0.0,0.0,100.0,0.0,0.0,0.0,1,1,0,0,0,0,1,1,0.9762144684791565,0.9762144684791565,0.9762144684791565,0.9762144684791565,148.14866566988576,365306.8945625,243.0,cea,MULTI_RES,NONE,NONE,
Alameda_Arro,B1363,matched,112.6,217.11,29624.19,55517.81,25893.62,0.8740701433524427,87.40701433524427,53.27959465684016,21.123906034085678,0.0,25.596499309074154,53.919239492845385,20.877990488949933,0.0,25.202770018204657,1,3,0,1,1,1,0,3,0.7549421787261963,0.6638757309816767,0.43374931812286377,0.9814878702163696,217.34130073643846,442346.55350000004,357.0,cea,MULTI_RES,NONE,NONE,
Alameda_Arro,B1364,matched,42.43,42.43,11299.1,10499.31,-799.7900000000009,-0.0707835137311822,-7.07835137311822,100.0,0.0,0.0,0.0,100.0,0.0,0.0,0.0,0,0,0,0,0,0,0,0,,,,,79.60558017183584,175111.157875,130.0,cea,MULTI_RES,NONE,NONE,
Alameda_Arro,B1365,matched,14.02,14.02,3832.29,3830.47,-1.8200000000001637,-0.00047491186731697335,-0.04749118673169733,100.0,0.0,0.0,0.0,100.0,0.0,0.0,0.0,0,0,0,0,0,0,0,0,,,,,26.31226553294655,31376.645296875,42.0,cea,MULTI_RES,NONE,NONE,
Alameda_Arro,B1367,matched,94.69,175.86,16608.31,37440.18,20831.87,1.2543040200959639,125.43040200959639,74.10734591767114,0.0,25.892654082328864,0.0,73.42429575842749,0.0,26.575704241572506,0.0,1,3,1,1,1,0,0,3,0.7481387257575989,0.7859157423609247,0.6644825339317322,0.888632595539093,177.65262736680234,351823.41034375003,295.0,cea,MULTI_RES,NONE,NONE,
Alameda_Arro,B1368,matched,52.91,42.41,9104.91,6784.01,-2320.8999999999996,-0.2549064186246761,-25.490641862467612,100.0,0.0,0.0,0.0,100.0,0.0,0.0,0.0,1,1,0,0,0,0,1,1,0.8670229315757751,0.8670229315757751,0.8670229315757751,0.8670229315757751,160.10752065449435,326003.0550625,265.0,cea,MULTI_RES,NONE,NONE,
Alameda_Arro,B1371,matched,85.98,178.09,23039.8,37629.23,14589.430000000004,0.633227284959071,63.3227284959071,0.0,100.0,0.0,0.0,0.0,100.0,0.0,0.0,1,2,0,1,0,1,0,2,0.997773677110672,0.9980025464147486,0.9957554340362549,0.9997919201850891,171.31127323640126,355835.259890625,281.0,cea,MULTI_RES,NONE,NONE,
Alameda_Arro,B1372,matched,88.07,179.04,20584.86,33825.82,13240.96,0.6432377970994215,64.32377970994216,0.0,100.0,0.0,0.0,0.0,100.0,0.0,0.0,1,2,0,1,0,1,0,2,0.9985291361808777,0.9986377852912225,0.9976654052734375,0.9993928670883179,170.59549506842632,369431.320625,282.0,cea,MULTI_RES,NONE,NONE,
Alameda_Arro,B1373,matched,83.48,172.22,21471.35,35687.14,14215.79,0.6620817973718468,66.20817973718468,0.0,100.0,0.0,0.0,0.0,100.0,0.0,0.0,1,2,0,1,0,1,0,2,0.9192433655261993,0.9294144515198242,0.8398609757423401,0.9986257553100586,168.29496525977117,356545.637234375,276.0,cea,MULTI_RES,NONE,NONE,
Alameda_Arro,B1374,matched,86.0,128.13,23058.53,27394.25,4335.720000000001,0.18803106702812372,18.80310670281237,35.49520018730975,0.0,64.50479981269022,0.0,38.90586934166662,0.0,61.09413065833339,0.0,1,2,1,0,0,0,1,2,0.6471722722053528,0.648771053122354,0.5475143194198608,0.7468302249908447,166.45531432846514,261521.484875,276.0,cea,MULTI_RES,NONE,NONE,
Alameda_Arro,B1375,matched,65.15,125.01,15060.13,23844.77,8784.640000000001,0.5833043937867736,58.330439378677355,0.0,100.0,0.0,0.0,0.0,100.0,0.0,0.0,1,2,0,1,0,1,0,2,0.9993220865726471,0.9993215148484047,0.9986819624900818,0.9999622106552124,122.2512754731411,269254.82459375,201.0,cea,MULTI_RES,NONE,NONE,
Alameda_Arro,B1377,matched,154.02,154.02,41455.71,38723.12,-2732.5899999999965,-0.06591588951196341,-6.591588951196341,100.0,0.0,0.0,0.0,100.0,0.0,0.0,0.0,0,0,0,0,0,0,0,0,,,,,283.38277162246663,453346.2114609375,467.0,cea,MULTI_RES,NONE,NONE,
Alameda_Arro,B1378,matched,124.27,239.53,33409.98,56014.2,22604.219999999994,0.676570892888891,67.65708928888911,50.16698672455539,0.0,49.83301327544461,0.0,56.580689249867056,0.0,43.41931075013294,0.0,1,2,1,0,1,0,0,2,0.7786171734333038,0.7789543665586204,0.6773514747619629,0.8798828721046448,233.18023797324156,380640.8711875,385.0,cea,MULTI_RES,NONE,NONE,
Alameda_Arro,B1379,matched,115.76,115.76,30374.71,28398.51,-1976.2000000000007,-0.06506070346021413,-6.506070346021413,100.0,0.0,0.0,0.0,100.0,0.0,0.0,0.0,0,0,0,0,0,0,0,0,,,,,223.2092633703301,467194.8820625,367.0,cea,MULTI_RES,NONE,NONE,
Alameda_Arro,B1380,matched,89.56,174.93,22083.1,34275.51,12192.410000000003,0.5521149657430344,55.21149657430344,0.0,100.0,0.0,0.0,0.0,100.0,0.0,0.0,1,2,0,1,0,1,0,2,0.9973954856395721,0.9972715187492122,0.996044933795929,0.9987460374832153,171.8238820562788,377147.9005,283.0,cea,MULTI_RES,NONE,NONE,
Alameda_Arro,B1383,matched,130.37,254.19,35622.37,68066.55,32444.18,0.9107810625738826,91.07810625738826,49.96459202140216,24.624282004878438,0.0,25.411125973719418,51.03160297611864,23.716086890323886,0.0,25.252310133557494,1,3,0,1,1,1,0,3,0.7679803272088369,0.8218264737701519,0.41017112135887146,0.9759308695793152,247.9227078323285,453891.721625,413.0,cea,MULTI_RES,NONE,NONE,
Alameda_Arro,B1384,matched,200.49,388.85,54211.66,92724.03,38512.369999999995,0.7104075027401853,71.04075027401852,48.931519530948634,0.0,51.06848046905134,0.0,53.46866442258364,0.0,46.53133557741635,0.0,1,2,1,0,1,0,0,2,0.4587845951318741,0.45944169230811843,0.4281281530857086,0.48944103717803955,383.5886902219737,949488.51484375,632.0,cea,MULTI_RES,NONE,NONE,
Alameda_Arro,B1386,matched,45.58,86.48,12085.51,19650.77,7565.26,0.6259777204271892,62.59777204271892,24.94218316373728,0.0,24.965309898242367,50.09250693802036,28.170292160286238,0.0,24.423986866363126,47.40572097335063,1,3,1,0,1,1,0,3,0.7760016818841299,0.6924716649039079,0.44401004910469055,0.9993744492530823,85.51948730586177,190216.391203125,141.0,cea,MULTI_RES,NONE,NONE,
Alameda_Arro,B1388,matched,75.93,76.35,17241.31,17251.39,10.079999999998108,0.0005846423502621383,0.05846423502621383,100.0,0.0,0.0,0.0,100.0,0.0,0.0,0.0,1,1,0,0,0,0,1,1,0.8455488085746765,0.8455488085746765,0.8455488085746765,0.8455488085746765,143.25787784309063,197291.74740625,235.0,cea,MULTI_RES,NONE,NONE,
Alameda_Arro,B1397,matched,78.49,149.71,21136.25,39073.02,17936.769999999997,0.8486259388491334,84.86259388491334,50.133600534402134,0.0,0.0,49.86639946559786,51.8547467980804,0.0,0.0,48.145253201919616,1,3,0,1,1,1,0,3,0.6647751728693644,0.6126276699260315,0.4579211473464966,0.9489930868148804,147.26915965950357,339732.17134375003,241.0,cea,MULTI_RES,NONE,NONE,
Alameda_Arro,B1401,matched,31.18,60.09,8022.95,13633.91,5610.96,0.6993637003845219,69.9363700384522,0.0,0.0,0.0,100.0,0.0,0.0,0.0,100.0,1,1,0,0,0,1,0,1,0.9723150134086609,0.9723150134086609,0.9723150134086609,0.9723150134086609,58.49895579410199,107506.6770625,97.0,cea,MULTI_RES,NONE,NONE,
Alameda_Arro,B1402,matched,131.22,253.58,35920.58,63245.3,27324.72,0.7606981847175074,76.06981847175074,24.914231633739504,0.0,25.016759335935962,50.06900903032455,27.40106954996416,0.0,22.360607404753285,50.23832304528256,1,3,1,1,1,0,0,3,0.7307140330473582,0.6546242803056416,0.4273007810115814,0.9616002440452576,248.73806019621236,542563.8498125001,412.0,cea,MULTI_RES,NONE,NONE,
Alameda_Arro,B1404,matched,131.54,131.54,33017.33,32019.18,-998.1500000000015,-0.030231093792260046,-3.0231093792260046,100.0,0.0,0.0,0.0,100.0,0.0,0.0,0.0,0,0,0,0,0,0,0,0,,,,,246.23774437305468,637501.95821875,405.0,cea,MULTI_RES,NONE,NONE,
Alameda_Arro,B1406,matched,70.57,141.03,17530.67,29583.07,12052.400000000001,0.6875036721357485,68.75036721357485,47.66699758899448,0.0,52.33300241100554,0.0,54.15451461647868,0.0,45.845485383521314,0.0,1,2,1,0,1,0,0,2,0.9922658801078796,0.9926076026498079,0.9849444031715393,0.99958735704422,136.95597266906242,320212.0958125,226.0,cea,MULTI_RES,NONE,NONE,
Alameda_Arro,B1407,matched,77.78,146.81,19489.93,31094.8,11604.869999999999,0.5954290241165565,59.54290241165565,46.287971665985566,0.0,53.71202833401445,0.0,51.7892851590364,0.0,48.2107148409636,0.0,1,2,1,0,1,0,0,2,0.9668626487255096,0.9692761536428828,0.934344470500946,0.9993808269500732,144.35921849628525,335168.34284375,236.0,cea,MULTI_RES,NONE,NONE,
Alameda_Arro,B1408,matched,66.29,127.27,17985.85,29713.58,11727.730000000003,0.6520531417753402,65.20531417753402,50.37718057520038,0.0,49.622819424799616,0.0,55.80237467353045,0.0,44.197625326469556,0.0,1,2,1,0,1,0,0,2,0.9970647096633911,0.9970589939884493,0.9963048696517944,0.9978245496749878,124.38564940354141,271463.596875,205.0,cea,MULTI_RES,NONE,NONE,
Alameda_Arro,B1409,matched,62.93,120.9,17046.83,28151.2,11104.369999999999,0.6514038093886076,65.14038093886076,50.47973531844499,0.0,49.520264681555,0.0,56.32023836866939,0.0,43.679761631330614,0.0,1,2,1,0,1,0,0,2,0.9968057572841644,0.9968335146374326,0.993935763835907,0.9996757507324219,118.08467242421823,276819.94275,196.0,cea,MULTI_RES,NONE,NONE,
Alameda_Arro,B1410,matched,65.16,125.36,15898.46,26480.29,10581.830000000002,0.6655883651624122,66.55883651624121,50.31506740049454,0.0,49.684932599505466,0.0,57.20790945243844,0.0,42.79209054756158,0.0,1,2,1,0,1,0,0,2,0.9762522578239441,0.976120807559065,0.9551997184753418,0.9973047971725464,122.26190805663205,279221.386375,201.0,cea,MULTI_RES,NONE,NONE,
Alameda_Arro,B1411,matched,63.58,120.47,16922.65,28002.34,11079.689999999999,0.654725471483485,65.4725471483485,54.33266932270917,0.0,45.66733067729084,0.0,59.274507139006914,0.0,40.725492860993064,0.0,1,2,1,0,1,0,0,2,0.998261570930481,0.9982377040016656,0.9979859590530396,0.9985371828079224,117.98947299359695,261996.1173125,193.0,cea,MULTI_RES,NONE,NONE,
Alameda_Arro,B1412,matched,103.67,196.84,27144.12,48343.44,21199.320000000003,0.7809912423022004,78.09912423022004,49.941568009755606,0.0,0.0,50.0584319902444,51.740321257246826,0.0,0.0,48.25967874275317,1,3,0,1,1,1,0,3,0.8294059236844381,0.7533597832139244,0.5243334174156189,0.9993082284927368,194.52713533202058,450045.948625,319.0,cea,MULTI_RES,NONE,NONE,
Alameda_Arro,B1413,matched,61.08,116.29,15856.44,26124.5,10268.06,0.6475640181528767,64.75640181528767,49.72052627053057,0.0,50.27947372946942,0.0,53.271649345908514,0.0,46.728350654091486,0.0,1,2,1,0,1,0,0,2,0.587573915719986,0.587737533438733,0.5585119128227234,0.6166359186172485,114.60310361058671,257904.871703125,191.0,cea,MULTI_RES,NONE,NONE,
Alameda_Arro,B1414,matched,89.61,173.72,23314.21,40016.14,16701.93,0.7163841279631608,71.63841279631608,0.0,0.0,0.0,100.0,0.0,0.0,0.0,100.0,1,2,0,1,0,1,0,2,0.9899790287017822,0.9900906041019597,0.9830304980278015,0.9969275593757629,168.14319055035057,410594.0243125,275.0,cea,MULTI_RES,NONE,NONE,
Alameda_Arro,B1415,matched,74.78,170.69,13630.52,27904.46,14273.939999999999,1.0472043619759186,104.72043619759187,0.0,0.0,0.0,100.0,0.0,0.0,0.0,100.0,1,2,0,1,0,1,0,2,0.9788745939731598,0.9788621613923875,0.9619077444076538,0.9958414435386658,183.34811344104196,404224.6613125,305.0,cea,MULTI_RES,NONE,NONE,
Alameda_Arro,B1416,matched,193.87,371.24,51427.47,88514.1,37086.630000000005,0.7211443611750685,72.11443611750686,0.0,0.0,0.0,100.0,0.0,0.0,0.0,100.0,1,2,0,1,0,1,0,2,0.9865716993808746,0.9865302174324001,0.9745972752571106,0.9985461235046387,363.76654419908334,866664.42975,600.0,cea,MULTI_RES,NONE,NONE,
Alameda_Arro,B1417,matched,70.8,70.8,17954.79,16173.36,-1781.4300000000003,-0.09921753470800829,-9.921753470800828,100.0,0.0,0.0,0.0,100.0,0.0,0.0,0.0,0,0,0,0,0,0,0,0,,,,,138.54548999547106,312141.526890625,228.0,cea,MULTI_RES,NONE,NONE,
Alameda_Arro,B1418,matched,89.71,175.07,22060.45,38733.33,16672.88,0.7557815003773722,75.57815003773723,0.0,0.0,0.0,100.0,0.0,0.0,0.0,100.0,1,2,0,1,0,1,0,2,0.9625731110572815,0.9626526739796893,0.9422891736030579,0.9828570485115051,168.33020963693775,396508.8811875,278.0,cea,MULTI_RES,NONE,NONE,
Alameda_Arro,B1419,matched,77.99,149.19,19641.65,33344.14,13702.489999999998,0.6976241812678668,69.76241812678668,0.0,0.0,0.0,100.0,0.0,0.0,0.0,100.0,1,2,0,1,0,1,0,2,0.9974169731140137,0.997413297281913,0.995385468006134,0.9994484782218933,146.34042801514084,332735.59893750004,241.0,cea,MULTI_RES,NONE,NONE,
Alameda_Arro,B1420,matched,79.47,152.28,20512.43,34310.62,13798.190000000002,0.6726745685420987,67.26745685420987,0.0,0.0,0.0,100.0,0.0,0.0,0.0,100.0,1,2,0,1,0,1,0,2,0.9965744614601135,0.9965645021245803,0.9932029247283936,0.9999459981918335,149.10784249546649,344880.4425625,245.0,cea,MULTI_RES,NONE,NONE,
Alameda_Arro,B1421,matched,65.91,125.46,17071.8,28223.45,11151.650000000001,0.653220515704261,65.3220515704261,0.0,0.0,0.0,100.0,0.0,0.0,0.0,100.0,1,2,0,1,0,1,0,2,0.9770396053791046,0.9769993395747687,0.9563154578208923,0.9977637529373169,123.66048856933362,282831.33640625,204.0,cea,MULTI_RES,NONE,NONE,
Alameda_Arro,B1422,matched,63.58,63.58,16804.32,16730.44,-73.88000000000102,-0.004396488521999166,-0.43964885219991656,100.0,0.0,0.0,0.0,100.0,0.0,0.0,0.0,0,0,0,0,0,0,0,0,,,,,119.29739561842777,277242.175375,197.0,cea,MULTI_RES,NONE,NONE,
Alameda_Arro,B1424,matched,37.9,37.9,9186.84,9142.56,-44.280000000000655,-0.004819938085348243,-0.4819938085348243,100.0,0.0,0.0,0.0,100.0,0.0,0.0,0.0,0,0,0,0,0,0,0,0,,,,,81.53799891107603,184024.77550000002,133.0,cea,MULTI_RES,NONE,NONE,
Alameda_Arro,B1425,matched,39.49,74.97,9169.37,15076.36,5906.99,0.6442089260221803,64.42089260221803,50.06002400960384,0.0,49.93997599039617,0.0,55.312561575215256,0.0,44.68743842478474,0.0,1,2,1,0,1,0,0,2,0.682963639497757,0.6827040022174791,0.46161800622940063,0.9043092727661133,74.09307074319139,164209.41912500001,122.0,cea,MULTI_RES,NONE,NONE,
Alameda_Arro,B1426,matched,40.99,80.43,9748.07,15390.62,5642.550000000001,0.5788376570951995,57.88376570951995,49.90052225814474,0.0,50.09947774185526,0.0,57.07193154381033,0.0,42.928068456189656,0.0,1,2,1,0,1,0,0,2,0.7305185496807098,0.7310016079403208,0.5024762153625488,0.9585608839988708,79.68936037691662,164521.70478125,130.0,cea,MULTI_RES,NONE,NONE,
Alameda_Arro,B1428,matched,108.77,159.49,29750.61,42423.64,12673.029999999999,0.4259754673937778,42.597546739377776,33.92689196814847,0.0,0.0,66.07310803185152,33.75729249693484,0.0,0.0,66.24270750306518,1,2,0,1,0,0,1,2,0.8992766737937927,0.8980964089832214,0.8362720608711243,0.9622812867164612,204.09259333280266,449285.976625,338.0,cea,MULTI_RES,NONE,NONE,
Alameda_Arro,B1429,matched,106.85,211.05,27069.9,49905.18,22835.28,0.8435672093358305,84.35672093358305,0.0,0.0,0.0,100.0,0.0,0.0,0.0,100.0,1,2,0,1,0,1,0,2,0.9396088719367981,0.9398763524967119,0.8859809041023254,0.9932368397712708,200.4710750702871,424399.08340625,330.0,cea,MULTI_RES,NONE,NONE,
Alameda_Arro,B1430,matched,98.43,210.34,26910.09,51257.21,24347.12,0.9047580294231643,90.47580294231643,0.0,0.0,0.0,100.0,0.0,0.0,0.0,100.0,1,2,0,1,0,1,0,2,0.9110388457775116,0.9110391343535373,0.9079084396362305,0.9141692519187927,199.93312730629728,448401.56171875,327.0,cea,MULTI_RES,NONE,NONE,
Alameda_Arro,B1431,matched,87.45,167.82,23894.25,44382.56,20488.309999999998,0.8574577565732341,85.7457756573234,49.213536701620605,25.48260247855101,0.0,25.30386081982841,50.43854535307166,24.524216297962976,0.0,25.037238348965378,1,3,0,1,0,1,1,3,0.7302817503611246,0.6854035132073525,0.5410216450691223,0.9412903189659119,164.07287858995608,324074.962140625,272.0,cea,MULTI_RES,NONE,NONE,
Alameda_Arro,B1432,matched,84.02,170.17,22446.91,34916.28,12469.369999999999,0.5555049670533717,55.550496705337174,0.0,24.74293436747165,50.56701333803396,24.690052294494386,0.0,26.649374737896082,47.86589593417427,25.484729327929646,1,3,1,1,0,1,0,3,0.8203477064768473,0.7603986473553052,0.5870720744132996,0.9910725951194763,167.68236339295603,345173.63365625,279.0,cea,MULTI_RES,NONE,NONE,
Alameda_Arro,B1433,matched,161.19,311.08,37035.24,66495.85,29460.610000000008,0.7954750664502244,79.54750664502244,0.0,0.0,0.0,100.0,0.0,0.0,0.0,100.0,1,2,0,1,0,1,0,2,0.9560327231884003,0.9561247273942715,0.9131696820259094,0.9988957643508911,302.46650026468495,559767.00175,497.0,cea,MULTI_RES,NONE,NONE,
Alameda_Arro,B1434,matched,88.32,169.02,24102.63,41692.56,17589.929999999997,0.7297929728000636,72.97929728000636,0.0,0.0,0.0,100.0,0.0,0.0,0.0,100.0,1,2,0,1,0,1,0,2,0.9853812754154205,0.9853705907801632,0.9796523451805115,0.9911102056503296,165.62159326337152,368729.1069375,273.0,cea,MULTI_RES,NONE,NONE,
Alameda_Arro,B1439,matched,68.48,133.98,18727.94,31583.79,12855.850000000002,0.6864529681321065,68.64529681321065,50.47761194029851,0.0,49.52238805970149,0.0,58.015962303733026,0.0,41.98403769626698,0.0,1,2,1,0,1,0,0,2,0.7886252999305725,0.7900588137981988,0.6373507380485535,0.9398998618125916,128.4834232656348,148695.471140625,212.0,cea,MULTI_RES,NONE,NONE,
Alameda_Arro,B1440,matched,93.35,179.31,20670.8,34342.05,13671.250000000004,0.6613798208100318,66.13798208100317,50.31229087664509,0.0,49.68770912335489,0.0,58.654360964296046,0.0,41.345639035703954,0.0,1,2,1,0,1,0,0,2,0.9768925905227661,0.976760196243562,0.9560425281524658,0.9977426528930664,175.14814910908035,335074.067046875,289.0,cea,MULTI_RES,NONE,NONE,
Alameda_Arro,B1441,matched,103.89,202.62,28358.88,49475.52,21116.639999999996,0.744621790423317,74.4621790423317,0.0,0.0,0.0,100.0,0.0,0.0,0.0,100.0,1,2,0,1,0,1,0,2,0.9875460267066956,0.9875218160321682,0.979470431804657,0.9956216216087341,194.93697909867802,455802.742,320.0,cea,MULTI_RES,NONE,NONE,
Alameda_Arro,B1442,matched,93.08,179.59,20582.14,35594.32,15012.18,0.7293789664242882,72.93789664242883,0.0,0.0,0.0,100.0,0.0,0.0,0.0,100.0,1,2,0,1,0,1,0,2,0.9836081266403198,0.9836147735958978,0.9677019119262695,0.9995143413543701,174.64098048648782,420938.26125,290.0,cea,MULTI_RES,NONE,NONE,
Alameda_Arro,B1443,matched,94.44,180.72,23228.9,40727.87,17498.97,0.7533275359573635,75.33275359573635,0.0,0.0,0.0,100.0,0.0,0.0,0.0,100.0,1,2,0,1,0,1,0,2,0.9892377853393555,0.9892451902459184,0.9785803556442261,0.9998952150344849,177.20067588874886,411195.91653125,290.0,cea,MULTI_RES,NONE,NONE,
Alameda_Arro,B1444,matched,108.46,157.51,29022.09,36473.72,7451.630000000001,0.2567571804787319,25.675718047873193,32.76409344845099,0.0,34.497206703910614,32.7386998476384,34.291170078030994,0.0,33.14287503038422,32.56595489158478,1,3,0,1,1,0,1,3,0.5334356725215912,0.5203146764257984,0.4382901191711426,0.681797444820404,203.44939450042824,451631.813625,333.0,cea,MULTI_RES,NONE,NONE,
Alameda_Arro,B1445,matched,118.9,171.84,32052.69,37252.54,5199.850000000002,0.16222819363990987,16.222819363990986,0.0,32.648547983472035,34.63306756678113,32.71838444974684,0.0,32.62512295812964,34.736524116870676,32.63835292499967,1,3,0,1,0,1,1,3,0.6132158835728964,0.5835339291493087,0.49355483055114746,0.731594443321228,223.13156343708508,472473.93521875003,371.0,cea,MULTI_RES,NONE,NONE,
Alameda_Arro,B1446,matched,92.65,178.3,24520.55,41681.27,17160.719999999998,0.6998505335320782,69.98505335320782,0.0,0.0,0.0,100.0,0.0,0.0,0.0,100.0,1,2,0,1,0,1,0,2,0.9894669651985168,0.9894655204282167,0.9815955758094788,0.9973383545875549,173.8485440684861,385223.41896875,289.0,cea,MULTI_RES,NONE,NONE,
Alameda_Arro,B1447,matched,81.51,155.37,20615.18,35911.83,15296.650000000001,0.7420090438211067,74.20090438211066,0.0,0.0,0.0,100.0,0.0,0.0,0.0,100.0,1,2,0,1,0,1,0,2,0.9921327233314514,0.9921455725225493,0.9854437708854675,0.9988216757774353,152.93970444824646,381004.38762500003,250.0,cea,MULTI_RES,NONE,NONE,
Alameda_Arro,B1448,matched,99.8,191.33,26621.28,46041.89,19420.61,0.7295145086937969,72.95145086937968,0.0,0.0,0.0,100.0,0.0,0.0,0.0,100.0,1,2,0,1,0,1,0,2,0.9018509387969971,0.9016833950725844,0.8096150159835815,0.9940868616104126,187.21980157999585,476840.825375,310.0,cea,MULTI_RES,NONE,NONE,
Alameda_Arro,B1449,matched,60.64,116.31,16101.77,27875.85,11774.079999999998,0.7312289270061613,73.12289270061612,60.868443680137574,0.0,39.131556319862426,0.0,67.02482469592876,0.0,32.97517530407127,0.0,1,2,1,0,1,0,0,2,0.995334804058075,0.9953132179511684,0.9952355027198792,0.9954341053962708,113.57280615709988,273857.536484375,189.0,cea,MULTI_RES,NONE,NONE,
Alameda_Arro,B1450,matched,103.67,191.73,28109.64,52606.25,24496.61,0.871466514690334,87.1466514690334,100.0,0.0,0.0,0.0,100.0,0.0,0.0,0.0,1,4,0,1,1,1,1,4,0.5826619267463684,0.6823132220576431,0.43331485986709595,0.8944608569145203,194.51884202267266,430044.46809375,320.0,cea,MULTI_RES,NONE,NONE,
Alameda_Arro,B1451,matched,76.56,123.86,14348.54,22751.54,8403.0,0.5856344966108049,58.56344966108049,0.0,0.0,0.0,100.0,0.0,0.0,0.0,100.0,1,1,0,1,0,0,0,1,0.5609633922576904,0.5609633922576904,0.5609633922576904,0.5609633922576904,186.77731999316757,273315.72278125,308.0,cea,MULTI_RES,NONE,NONE,
Alameda_Arro,B1452,matched,120.43,219.56,32809.24,53803.5,20994.260000000002,0.6398886411267071,63.988864112670704,0.0,0.0,0.0,100.0,0.0,0.0,0.0,100.0,1,2,0,1,0,1,0,2,0.9844760000705719,0.9847503602052113,0.9827744364738464,0.9861775636672974,214.15964616585674,519655.203625,351.0,cea,MULTI_RES,NONE,NONE,
Alameda_Arro,B1453,matched,96.8,96.8,26268.87,26257.01,-11.860000000000582,-0.0004514849706135278,-0.04514849706135278,100.0,0.0,0.0,0.0,100.0,0.0,0.0,0.0,0,0,0,0,0,0,0,0,,,,,181.61946516166822,409052.2773125,297.0,cea,MULTI_RES,NONE,NONE,
Alameda_Arro,B1454,matched,99.45,198.0,26886.85,51682.36,24795.510000000002,0.9222169945530995,92.22169945530995,0.0,0.0,0.0,100.0,0.0,0.0,0.0,100.0,1,1,0,1,0,0,0,1,0.9838064908981323,0.9838064908981322,0.9838064908981323,0.9838064908981323,186.59173497371503,382657.8345,306.0,cea,MULTI_RES,NONE,NONE,
Alameda_Arro,B1455,matched,83.87,159.01,20609.06,36797.46,16188.399999999998,0.7854991930733375,78.54991930733375,0.0,0.0,0.0,100.0,0.0,0.0,0.0,100.0,1,2,0,1,0,1,0,2,0.9741615056991577,0.9741512465536981,0.9496379494667053,0.9986850619316101,157.41617375095527,354096.5815625,261.0,cea,MULTI_RES,NONE,NONE,
Alameda_Arro,B1456,matched,127.41,127.41,27744.47,26979.94,-764.5300000000025,-0.027556121994761568,-2.7556121994761567,100.0,0.0,0.0,0.0,100.0,0.0,0.0,0.0,0,0,0,0,0,0,0,0,,,,,300.51913956461357,692827.181390625,493.0,cea,MULTI_RES,NONE,NONE,
Alameda_Arro,B1457,matched,152.18,306.78,40456.64,72029.7,31573.059999999998,0.7804172565986696,78.04172565986696,0.0,0.0,0.0,100.0,0.0,0.0,0.0,100.0,1,2,0,1,0,1,0,2,0.9937643110752106,0.993836391843693,0.9887359738349915,0.9987926483154297,297.2668971080723,691857.72325,490.0,cea,MULTI_RES,NONE,NONE,
Alameda_Arro,B1458,matched,184.03,186.81,48665.11,49364.12,699.010000000002,0.014363678619035323,1.4363678619035323,100.0,0.0,0.0,0.0,100.0,0.0,0.0,0.0,1,1,0,0,0,0,1,1,0.995520830154419,0.995520830154419,0.995520830154419,0.995520830154419,350.67878369622065,754393.9979375,578.0,cea,MULTI_RES,NONE,NONE,
Alameda_Arro,B1459,matched,53.25,53.25,12134.25,11120.47,-1013.7800000000007,-0.08354698477450198,-8.354698477450198,100.0,0.0,0.0,0.0,100.0,0.0,0.0,0.0,0,0,0,0,0,0,0,0,,,,,99.90888127867188,177809.062703125,165.0,cea,MULTI_RES,NONE,NONE,
Alameda_Arro,B1460,matched,65.53,65.53,15257.09,15333.82,76.72999999999956,0.005029137273228353,0.5029137273228352,100.0,0.0,0.0,0.0,100.0,0.0,0.0,0.0,0,0,0,0,0,0,0,0,,,,,122.9793886673646,232246.49387500001,204.0,cea,MULTI_RES,NONE,NONE,
Alameda_Arro,B1461,matched,186.2,375.56,50575.24,92096.78,41521.54,0.8209855257236546,82.09855257236546,0.0,0.0,0.0,100.0,0.0,0.0,0.0,100.0,1,2,0,1,0,1,0,2,0.9739064276218414,0.9728937699134939,0.9505539536476135,0.9972589015960693,365.1369643233647,715157.6333125,600.0,cea,MULTI_RES,NONE,NONE,
Alameda_Arro,B1462,matched,188.83,366.5,50887.26,89605.84,38718.579999999994,0.7608698129944508,76.08698129944507,0.0,0.0,0.0,100.0,0.0,0.0,0.0,100.0,1,2,0,1,0,1,0,2,0.9514636695384979,0.9516136164080509,0.9288312196731567,0.9740961194038391,354.29834629955883,742835.50303125,586.0,cea,MULTI_RES,NONE,NONE,
Alameda_Arro,B1463,matched,287.23,544.87,78618.52,121532.23,42913.70999999999,0.5458473397871136,54.58473397871136,0.0,0.0,53.77613008607559,46.22386991392442,0.0,0.0,50.46109278703212,49.538907212967885,1,2,1,1,0,0,0,2,0.3447911888360977,0.34277960772999566,0.32015612721443176,0.36942625045776367,538.3111508947702,973665.652796875,888.0,cea,MULTI_RES,NONE,NONE,
Alameda_Arro,B1464,matched,103.84,203.31,20206.93,32632.83,12425.900000000001,0.6149325998555941,61.49325998555941,22.543523163174974,0.0,26.787646306678468,50.66883053014655,29.282328429263178,0.0,25.284123205205077,45.433548365531735,1,3,1,1,1,0,0,3,0.7961767216523489,0.7031002154677966,0.47323718667030334,0.9696778059005737,205.86734227888743,407483.3214375,340.0,cea,MULTI_RES,NONE,NONE,
