area_id,building_name,status,CEA_AREA,UCEA_AREA,CEA_GENERATION_KWH_YEAR,UCEA_GENERATION_KWH_YEAR,UCEA_MINUS_CEA_KWH_YEAR,UCEA_VS_CEA_RATIO,UCEA_VS_CEA_PCT_CHANGE,NORTH_PCT_AREA,EAST_PCT_AREA,SOUTH_PCT_AREA,WEST_PCT_AREA,NORTH_PCT_GEN,EAST_PCT_GEN,SOUTH_PCT_GEN,WEST_PCT_GEN,OVEN_ROOF_DETECTED,OVEN_ROOF_COUNT,OVEN_COUNT_NORTH,OVEN_COUNT_EAST,OVEN_COUNT_SOUTH,OVEN_COUNT_WEST,OVEN_COUNT_HORIZONTAL,OVEN_CONFIDENCE_FACE_COUNT,OVEN_CONFIDENCE_MEAN,OVEN_CONFIDENCE_AREA_WEIGHTED_MEAN,OVEN_CONFIDENCE_MIN,OVEN_CONFIDENCE_MAX,validation_area_m2,validation_radiation_kwh_year,validation_point_count,residential_source,use_type1,use_type2,use_type3,resi_type
Alameda_Arro,B1002,matched,122.45,121.92,33426.24,33270.35,-155.88999999999942,-0.004663701331648412,-0.4663701331648412,100.0,0.0,0.0,0.0,100.0,0.0,0.0,0.0,1,1,0,0,0,0,1,1,0.8829475045204163,0.8829475045204163,0.8829475045204163,0.8829475045204163,228.82797568766074,499972.20075,377.0,cea,MULTI_RES,NONE,NONE,
Alameda_Arro,B1003,matched,112.76,214.16,29669.38,48777.47,19108.09,0.644034017562888,64.4034017562888,49.871585337380345,0.0,50.12841466261967,0.0,54.25507507494346,0.0,45.74492492505653,0.0,1,2,1,0,1,0,0,2,0.9811481237411499,0.981187397563273,0.9660030007362366,0.9962932467460632,211.57024381517928,362266.2803125,349.0,cea,MULTI_RES,NONE,NONE,
Alameda_Arro,B1004,matched,50.49,54.08,6175.58,6805.4,629.8199999999997,0.10198556248967704,10.198556248967703,100.0,0.0,0.0,0.0,100.0,0.0,0.0,0.0,1,1,0,0,0,0,1,1,0.9986613988876343,0.9986613988876342,0.9986613988876343,0.9986613988876343,143.135464016951,166529.7870625,234.0,cea,MULTI_RES,NONE,NONE,
Alameda_Arro,B1005,matched,490.85,490.85,132544.81,132458.08,-86.73000000001048,-0.0006543447457505917,-0.06543447457505916,100.0,0.0,0.0,0.0,100.0,0.0,0.0,0.0,0,0,0,0,0,0,0,0,,,,,919.062494461037,2022555.6528750001,1514.0,cea,MULTI_RES,NONE,NONE,
Alameda_Arro,B1006,matched,99.24,189.58,26912.15,41461.4,14549.25,0.5406201288265708,54.062012882657086,0.0,0.0,50.98628691983122,49.01371308016878,0.0,0.0,48.339672930961356,51.66032706903866,1,3,1,1,0,1,0,3,0.6543356478214264,0.7163552024643297,0.4842202365398407,0.8786935806274414,186.20062575811772,363419.51990625,306.0,cea,MULTI_RES,NONE,NONE,
Alameda_Arro,B1007,matched,182.22,352.19,49034.27,83956.4,34922.13,0.7121984277526717,71.21984277526717,0.0,0.0,0.0,100.0,0.0,0.0,0.0,100.0,1,2,0,1,0,1,0,2,0.8429045677185059,0.8542233257622245,0.6888570785522461,0.9969520568847656,346.93647452678607,755905.93853125,571.0,cea,MULTI_RES,NONE,NONE,
Alameda_Arro,B1008,matched,144.78,274.54,39345.88,70163.26,30817.379999999997,0.7832428706639678,78.32428706639678,0.0,0.0,0.0,100.0,0.0,0.0,0.0,100.0,1,1,0,1,0,0,0,1,0.6120721697807312,0.6120721697807312,0.6120721697807312,0.6120721697807312,271.66106752683845,546808.78428125,449.0,cea,MULTI_RES,NONE,NONE,
Alameda_Arro,B1011,matched,76.57,76.57,19162.83,19130.52,-32.31000000000131,-0.0016860766389933692,-0.16860766389933693,100.0,0.0,0.0,0.0,100.0,0.0,0.0,0.0,0,0,0,0,0,0,0,0,,,,,143.66316275396886,210873.37375,237.0,cea,MULTI_RES,NONE,NONE,
Alameda_Arro,B1013,matched,63.77,122.14,17439.57,22812.52,5372.950000000001,0.30808959165850996,30.808959165850997,0.0,25.094154249222207,49.4432618306861,25.462583920091696,0.0,27.388318132780025,46.547454399370075,26.06422746784989,1,3,1,1,0,1,0,3,0.776153435309728,0.6988046969709603,0.4773220121860504,0.9768279790878296,119.65119648130567,231779.42934375,198.0,cea,MULTI_RES,NONE,NONE,
Alameda_Arro,B1014,matched,276.2,276.2,74232.96,74221.16,-11.80000000000291,-0.0001589590392192755,-0.01589590392192755,100.0,0.0,0.0,0.0,100.0,0.0,0.0,0.0,0,0,0,0,0,0,0,0,,,,,518.2413480986182,1193833.6218437501,853.0,cea,MULTI_RES,NONE,NONE,
Alameda_Arro,B1019,matched,91.72,91.71,25104.86,25040.63,-64.22999999999956,-0.002558468758638748,-0.25584687586387483,100.0,0.0,0.0,0.0,100.0,0.0,0.0,0.0,1,1,0,0,0,0,1,1,0.9606673717498779,0.9606673717498778,0.9606673717498779,0.9606673717498779,172.08860920435208,317941.0444375,282.0,cea,MULTI_RES,NONE,NONE,
Alameda_Arro,B1020,matched,137.29,291.32,35670.93,61747.26,26076.33,0.731024674714116,73.1024674714116,38.89880543731978,0.0,61.10119456268023,0.0,43.820570483516384,0.0,56.179429516483616,0.0,1,2,1,0,1,0,0,2,0.9904314875602722,0.9907827454480264,0.9888498187065125,0.992013156414032,284.98291374885184,590183.331515625,469.0,cea,MULTI_RES,NONE,NONE,
Alameda_Arro,B1022,matched,72.05,133.2,13183.53,22293.95,9110.42,0.691045569737392,69.1045569737392,48.453453453453456,0.0,51.54654654654654,0.0,42.19045037733275,0.0,57.809549622667255,0.0,1,2,1,0,1,0,0,2,0.9586876928806305,0.9596813143994032,0.9264890551567078,0.9908863306045532,131.4391126564271,233009.47190625,217.0,cea,MULTI_RES,NONE,NONE,
Alameda_Arro,B1023,matched,79.14,151.63,17738.19,31388.24,13650.050000000003,0.7695289090938818,76.95289090938819,0.0,0.0,0.0,100.0,0.0,0.0,0.0,100.0,1,2,0,1,0,1,0,2,0.920784205198288,0.9209188412226678,0.8430920839309692,0.9984763264656067,148.5350072515089,291682.1401875,243.0,cea,MULTI_RES,NONE,NONE,
Alameda_Arro,B1025,matched,71.93,71.93,12547.27,11366.17,-1181.1000000000004,-0.09413203031416398,-9.413203031416398,100.0,0.0,0.0,0.0,100.0,0.0,0.0,0.0,0,0,0,0,0,0,0,0,,,,,134.99019209770475,289659.98178125,222.0,cea,MULTI_RES,NONE,NONE,
Alameda_Arro,B1028,matched,82.77,160.15,21496.38,41282.08,19785.7,0.9204200893359719,92.04200893359719,0.0,0.0,0.0,100.0,0.0,0.0,0.0,100.0,1,2,0,1,0,1,0,2,0.920784205198288,0.9286805678477446,0.8430920839309692,0.9984763264656067,156.87934794844753,323700.692375,257.0,cea,MULTI_RES,NONE,NONE,
Alameda_Arro,B1029,matched,46.21,46.21,6804.75,6643.8,-160.94999999999982,-0.02365259561335829,-2.365259561335829,100.0,0.0,0.0,0.0,100.0,0.0,0.0,0.0,0,0,0,0,0,0,0,0,,,,,154.7115162226735,341352.884109375,257.0,cea,MULTI_RES,NONE,NONE,
Alameda_Arro,B1031,matched,131.03,253.77,33357.01,56128.44,22771.43,0.6826580080169056,68.26580080169056,0.0,0.0,0.0,100.0,0.0,0.0,0.0,100.0,1,2,0,1,0,1,0,2,0.9634809792041779,0.963193087473257,0.9548252820968628,0.9721366763114929,247.729673914031,575822.981046875,411.0,cea,MULTI_RES,NONE,NONE,
Alameda_Arro,B1035,matched,155.37,280.21,29623.15,44786.94,15163.79,0.5118898564129744,51.188985641297435,0.0,11.427143927768459,66.64287498661716,21.929981085614358,0.0,10.044066978747109,66.63916638689251,23.316766634360402,1,3,1,1,0,1,0,3,0.7637840509414673,0.816090475715342,0.534128725528717,0.9629780650138855,345.79193844262903,730580.7658906251,567.0,cea,MULTI_RES,NONE,NONE,
Alameda_Arro,B1037,matched,86.98,161.03,22569.26,38839.84,16270.579999999998,0.7209177438693161,72.0917743869316,0.0,0.0,0.0,100.0,0.0,0.0,0.0,100.0,1,2,0,1,0,1,0,2,0.9855881929397583,0.9854761401711123,0.974890947341919,0.9962854385375977,157.89871030801982,310117.3271875,259.0,cea,MULTI_RES,NONE,NONE,
Alameda_Arro,B1038,matched,53.47,100.46,14518.26,23988.56,9470.300000000001,0.6523026864100795,65.23026864100795,53.593470037825995,0.0,46.406529962174,0.0,57.45463212770012,0.0,42.54536787229986,0.0,1,2,1,0,1,0,0,2,0.9407593011856079,0.9367631815954458,0.8851212859153748,0.9963973164558411,99.42317092578847,232497.461890625,167.0,cea,MULTI_RES,NONE,NONE,
Alameda_Arro,B1041,matched,69.06,132.53,16303.52,27737.76,11434.239999999998,0.701335662482703,70.1335662482703,50.10186372896703,0.0,49.898136271032975,0.0,54.23548275778558,0.0,45.764517242214424,0.0,1,2,1,0,1,0,0,2,0.9407593011856079,0.9406369458014439,0.8851212859153748,0.9963973164558411,131.1727434679773,285429.29975,216.0,cea,MULTI_RES,NONE,NONE,
Alameda_Arro,B1043,matched,132.84,266.54,36004.18,65071.36,29067.18,0.8073279269240405,80.73279269240405,0.0,0.0,0.0,100.0,0.0,0.0,0.0,100.0,1,2,0,1,0,1,0,2,0.7555683553218842,0.7679406255649591,0.528330385684967,0.9828063249588013,260.76109020433927,637025.2220000001,429.0,cea,MULTI_RES,NONE,NONE,
Alameda_Arro,B1044,matched,96.94,188.48,26538.73,45218.76,18680.030000000002,0.7038780680160657,70.38780680160657,51.708404074702884,0.0,48.291595925297116,0.0,56.7597464386521,0.0,43.24025356134789,0.0,1,2,1,0,1,0,0,2,0.9287604689598083,0.9275252671232384,0.8926835656166077,0.964837372303009,184.8200170295945,352882.09679296875,305.0,cea,MULTI_RES,NONE,NONE,
Alameda_Arro,B1045,matched,154.77,287.47,40873.8,72623.35,31749.550000000003,0.7767702048745162,77.67702048745161,27.574092110755533,0.0,17.18032558786699,55.245582301377496,28.495148815355577,0.0,15.429826548064652,56.07502463657978,1,3,1,1,1,0,0,3,0.9869410594304403,0.9876033482852775,0.9821940660476685,0.9910749197006226,290.4725865419589,681216.5027578125,478.0,cea,MULTI_RES,NONE,NONE,
Alameda_Arro,B1046,matched,110.82,199.93,28263.74,53664.08,25400.34,0.8986899822882605,89.86899822882604,59.09477369342335,29.487371842960737,0.0,11.417854463615903,60.95413356525556,27.82939180463079,0.0,11.216474630113666,1,3,0,1,1,1,0,3,0.6604345838228861,0.6554146570949652,0.4926353693008423,0.9476165771484375,204.15460348864548,495092.97334375,335.0,cea,MULTI_RES,NONE,NONE,
Alameda_Arro,B1047,matched,62.68,62.68,13841.96,13481.23,-360.72999999999956,-0.026060615693153252,-2.606061569315325,100.0,0.0,0.0,0.0,100.0,0.0,0.0,0.0,0,0,0,0,0,0,0,0,,,,,117.53455889350776,289109.371,193.0,cea,MULTI_RES,NONE,NONE,
Alameda_Arro,B1050,matched,119.14,222.2,32304.14,58866.62,26562.480000000003,0.8222624097097153,82.22624097097153,65.62401548224493,34.375984517755064,0.0,0.0,67.22066226122477,32.77933773877521,0.0,0.0,1,3,0,1,1,1,0,3,0.7688752313454946,0.6664552474845029,0.49239102005958557,0.9286364316940308,217.8965606186308,464766.57478125003,359.0,cea,MULTI_RES,NONE,NONE,
Alameda_Arro,B1052,matched,134.81,256.06,36574.25,61876.29,25302.04,0.6917992850160974,69.17992850160974,32.96883542919627,0.0,15.375302663438251,51.65586190736543,36.762782502956014,0.0,13.345259946303688,49.891957550740294,1,3,1,0,1,1,0,3,0.745897134145101,0.7367693881350512,0.6039158701896667,0.9931402802467346,252.95043827607796,526511.1299921875,419.0,cea,MULTI_RES,NONE,NONE,
Alameda_Arro,B1053,matched,96.1,183.93,25739.57,43426.49,17686.92,0.6871490083167667,68.71490083167667,55.551326663766865,0.0,44.44867333623315,0.0,61.13713561256604,0.0,38.86286438743395,0.0,1,2,1,0,1,0,0,2,0.8718233406543732,0.8778186837397505,0.8178393244743347,0.9258073568344116,179.87500210371073,435206.894875,294.0,cea,MULTI_RES,NONE,NONE,
Alameda_Arro,B1055,matched,134.99,259.87,33989.22,58905.48,24916.260000000002,0.7330636007534154,73.30636007534153,66.63075265507157,0.0,33.36924734492842,0.0,70.366028723105,0.0,29.633971276895004,0.0,1,2,1,0,1,0,0,2,0.8384761214256287,0.886506408425017,0.6940881013870239,0.9828641414642334,253.280548634445,502390.748484375,417.0,cea,MULTI_RES,NONE,NONE,
Alameda_Arro,B1057,matched,217.71,422.56,59547.05,104080.95,44533.899999999994,0.747877518701598,74.78775187015981,0.0,0.0,0.0,100.0,0.0,0.0,0.0,100.0,1,2,0,1,0,1,0,2,0.8831861615180969,0.8815200696129363,0.8040524125099182,0.9623199105262756,408.5236670976583,766509.7235625,670.0,cea,MULTI_RES,NONE,NONE,
Alameda_Arro,B1058,matched,85.6,168.81,23310.56,41345.9,18035.34,0.7736982723709769,77.3698272370977,0.0,0.0,0.0,100.0,0.0,0.0,0.0,100.0,1,2,0,1,0,1,0,2,0.905216634273529,0.8904987201387425,0.817829430103302,0.9926038384437561,164.2568757637142,352502.289734375,272.0,cea,MULTI_RES,NONE,NONE,
Alameda_Arro,B1059,matched,44.93,66.24,8550.5,13192.77,4642.27,0.5429238056254021,54.29238056254021,0.0,0.0,0.0,100.0,0.0,0.0,0.0,100.0,1,2,0,1,0,1,0,2,0.9208257794380188,0.9123933497024964,0.8425441384315491,0.9991074204444885,84.37798490932815,116248.07921875,136.0,cea,MULTI_RES,NONE,NONE,
Alameda_Arro,B1060,matched,39.44,87.56,10415.11,25310.34,14895.23,1.430155802483123,143.0155802483123,100.0,0.0,0.0,0.0,100.0,0.0,0.0,0.0,1,1,0,0,1,0,0,1,0.9650448560714722,0.9650448560714723,0.9650448560714722,0.9650448560714722,84.48446033762653,144381.05659375,134.0,cea,MULTI_RES,NONE,NONE,
Alameda_Arro,B1061,matched,148.27,148.27,40195.77,40133.39,-62.37999999999738,-0.0015519045909556499,-0.15519045909556498,100.0,0.0,0.0,0.0,100.0,0.0,0.0,0.0,0,0,0,0,0,0,0,0,,,,,295.1513335634166,711156.774375,486.0,cea,MULTI_RES,NONE,NONE,
Alameda_Arro,B1062,matched,146.08,282.58,37450.7,63190.49,25739.79,0.6872979677282401,68.72979677282402,0.0,0.0,0.0,100.0,0.0,0.0,0.0,100.0,1,2,0,1,0,1,0,2,0.9181385040283203,0.9189939319858338,0.8468673229217529,0.9894096851348877,274.0881290378034,621744.256671875,442.0,cea,MULTI_RES,NONE,NONE,
Alameda_Arro,B1063,matched,222.94,420.1,47141.94,85530.38,38388.44,0.8143160845735241,81.43160845735241,0.0,0.0,0.0,100.0,0.0,0.0,0.0,100.0,1,2,0,1,0,1,0,2,0.9447100162506104,0.9397587491379465,0.9080438613891602,0.9813761711120605,486.59951436299536,1008312.02315625,803.0,cea,MULTI_RES,NONE,NONE,
Alameda_Arro,B1065,matched,99.64,188.44,26899.79,45881.18,18981.39,0.7056333897030422,70.56333897030423,0.0,0.0,0.0,100.0,0.0,0.0,0.0,100.0,1,2,0,1,0,1,0,2,0.8406162261962891,0.84060587607954,0.6816859841346741,0.999546468257904,186.95722320470534,381443.84753125,311.0,cea,MULTI_RES,NONE,NONE,
Alameda_Arro,B1066,matched,63.94,122.27,17042.27,26392.14,9349.869999999999,0.5486282050454545,54.862820504545454,0.0,100.0,0.0,0.0,0.0,100.0,0.0,0.0,1,2,0,1,0,1,0,2,0.9879946410655975,0.987578968135477,0.9784132242202759,0.9975760579109192,119.97111853486577,214294.95803125002,200.0,cea,MULTI_RES,NONE,NONE,
Alameda_Arro,B1067,matched,123.74,250.61,22617.04,42420.14,19803.1,0.875583188604698,87.5583188604698,19.804469273743017,0.0,30.163607342378295,50.0319233838787,17.374199270847228,0.0,30.828791179749615,51.79700954940313,1,3,1,0,1,0,1,3,0.6706315378348032,0.5968841436079726,0.4456135332584381,0.925365149974823,313.12477729948273,559256.7230625,519.0,cea,MULTI_RES,NONE,NONE,
Alameda_Arro,B1081,matched,154.14,298.98,40126.7,67819.19,27692.490000000005,0.6901262750238621,69.01262750238621,51.04191055958791,0.0,48.95808944041208,0.0,57.506515570771214,0.0,42.4934844292288,0.0,1,2,1,0,1,0,0,2,0.9781157970428467,0.977705663889723,0.9584729671478271,0.9977586269378662,291.6685157527722,645786.303375,473.0,cea,MULTI_RES,NONE,NONE,
Alameda_Arro,B1082,matched,62.72,62.2,15732.52,15505.97,-226.5500000000011,-0.01440010881918479,-1.440010881918479,100.0,0.0,0.0,0.0,100.0,0.0,0.0,0.0,0,0,0,0,0,0,0,0,,,,,125.7993891690262,188116.9694375,208.0,cea,MULTI_RES,NONE,NONE,
Alameda_Arro,B1084,matched,96.94,96.94,26396.68,26345.26,-51.42000000000189,-0.001947972244994518,-0.1947972244994518,100.0,0.0,0.0,0.0,100.0,0.0,0.0,0.0,0,0,0,0,0,0,0,0,,,,,194.92490828908836,342876.61225,322.0,cea,MULTI_RES,NONE,NONE,
Alameda_Arro,B1085,matched,84.88,84.88,21895.3,21722.56,-172.73999999999796,-0.007889364384137142,-0.7889364384137142,100.0,0.0,0.0,0.0,100.0,0.0,0.0,0.0,0,0,0,0,0,0,0,0,,,,,158.6379665624147,212324.97259375002,258.0,cea,MULTI_RES,NONE,NONE,
Alameda_Arro,B1087,matched,9.22,9.22,2382.25,2333.74,-48.51000000000022,-0.020363102109350495,-2.0363102109350493,100.0,0.0,0.0,0.0,100.0,0.0,0.0,0.0,0,0,0,0,0,0,0,0,,,,,18.414450611213994,29849.91125,30.0,cea,MULTI_RES,NONE,NONE,
Alameda_Arro,B1088,matched,67.51,127.53,18452.32,30408.42,11956.099999999999,0.6479456241816747,64.79456241816747,50.5763349800047,0.0,49.42366501999528,0.0,56.283457479385845,0.0,43.716542520614155,0.0,1,2,1,0,1,0,0,2,0.7730605602264404,0.775393460086519,0.5718188881874084,0.9743022322654724,124.4623683294854,260439.890625,207.0,cea,MULTI_RES,NONE,NONE,
Alameda_Arro,B1089,matched,113.9,113.05,28296.49,26404.12,-1892.3700000000026,-0.06687649245542478,-6.687649245542477,100.0,0.0,0.0,0.0,100.0,0.0,0.0,0.0,1,1,0,0,0,0,1,1,0.7100711464881897,0.7100711464881897,0.7100711464881897,0.7100711464881897,212.12763204301575,476878.85709375003,351.0,cea,MULTI_RES,NONE,NONE,
Alameda_Arro,B1090,matched,202.51,201.95,54811.52,54088.45,-723.0699999999997,-0.013191934834137053,-1.3191934834137053,100.0,0.0,0.0,0.0,100.0,0.0,0.0,0.0,1,1,0,0,0,0,1,1,0.9950975775718689,0.9950975775718689,0.9950975775718689,0.9950975775718689,378.9292142933658,915358.379875,623.0,cea,MULTI_RES,NONE,NONE,
Alameda_Arro,B1091,matched,152.45,316.95,27892.32,56873.01,28980.690000000002,1.0390204185238088,103.90204185238088,25.434638563720704,0.0,25.541917773640872,49.02344366263844,20.97423130833027,0.0,26.211758604311967,52.814010087357744,1,3,1,1,1,0,0,3,0.8554828763008118,0.8697011505722974,0.6770635843276978,0.980607271194458,326.6367427237462,541344.5404375,539.0,cea,MULTI_RES,NONE,NONE,
Alameda_Arro,B1092,matched,166.12,166.12,40784.46,39160.71,-1623.75,-0.03981295817083272,-3.981295817083272,100.0,0.0,0.0,0.0,100.0,0.0,0.0,0.0,0,0,0,0,0,0,0,0,,,,,303.16324870023516,697275.12609375,497.0,cea,MULTI_RES,NONE,NONE,
Alameda_Arro,B1093,matched,115.24,221.55,31425.75,49918.33,18492.58,0.588453099766911,58.8453099766911,24.823975446831557,0.0,23.853583679364508,51.32244087380394,28.476374936974295,0.0,21.3726740348692,50.1509510281565,1,3,1,0,1,1,0,3,0.5446164806683859,0.5136919046779806,0.42428696155548096,0.7533828020095825,216.2351754587039,418525.01684375,355.0,cea,MULTI_RES,NONE,NONE,
Alameda_Arro,B1094,matched,125.72,239.81,34374.99,66973.79,32598.799999999996,0.9483290031502554,94.83290031502554,100.0,0.0,0.0,0.0,100.0,0.0,0.0,0.0,1,1,0,0,1,0,0,1,0.8567301630973816,0.8567301630973815,0.8567301630973816,0.8567301630973816,235.90553680838465,620845.3313750001,388.0,cea,MULTI_RES,NONE,NONE,
Alameda_Arro,B1096,matched,87.88,85.25,21893.37,21325.38,-567.989999999998,-0.025943470557524856,-2.5943470557524857,100.0,0.0,0.0,0.0,100.0,0.0,0.0,0.0,1,1,0,0,0,0,1,1,0.9289650321006775,0.9289650321006775,0.9289650321006775,0.9289650321006775,160.92042077437847,324382.460703125,265.0,cea,MULTI_RES,NONE,NONE,
Alameda_Arro,B1097,matched,38.09,38.09,10204.32,10091.5,-112.81999999999971,-0.011056101729463572,-1.1056101729463572,100.0,0.0,0.0,0.0,100.0,0.0,0.0,0.0,0,0,0,0,0,0,0,0,,,,,71.45011137215809,128889.32,116.0,cea,MULTI_RES,NONE,NONE,
Alameda_Arro,B1098,matched,97.76,143.87,26734.55,39203.5,12468.95,0.4663983497010423,46.63983497010423,33.89865851115591,0.0,0.0,66.1013414888441,33.441781986532924,0.0,0.0,66.5582180134671,1,2,0,1,0,0,1,2,0.8309594988822937,0.8312772918319409,0.814439058303833,0.8474799394607544,183.43780740480054,462850.25056250003,302.0,cea,MULTI_RES,NONE,NONE,
Alameda_Arro,B1099,matched,104.08,201.38,27719.32,46279.47,18560.15,0.6695745061567168,66.95745061567168,51.0402701226476,0.0,48.95972987735241,0.0,57.22218944470691,0.0,42.77781055529307,0.0,1,2,1,0,1,0,0,2,0.8548217415809631,0.8557237903646105,0.8112491369247437,0.8983943462371826,195.28121407933423,488501.7929375,322.0,cea,MULTI_RES,NONE,NONE,
Alameda_Arro,B1100,matched,99.49,189.61,27221.18,44418.74,17197.559999999998,0.6317712898559136,63.17712898559136,24.88265386846685,0.0,24.956489636622543,50.1608564949106,27.493608184275146,0.0,23.50147701481863,49.00491480090622,1,3,1,0,1,1,0,3,0.7760016818841299,0.6922621452656039,0.44401004910469055,0.9993744492530823,186.67874171940826,411820.31146875,308.0,cea,MULTI_RES,NONE,NONE,
Alameda_Arro,B1101,matched,226.6,227.41,61738.95,61836.74,97.79000000000087,0.0015839271642941915,0.15839271642941916,100.0,0.0,0.0,0.0,100.0,0.0,0.0,0.0,1,1,0,0,0,0,1,1,0.850715160369873,0.850715160369873,0.850715160369873,0.850715160369873,426.85231784658396,820456.265671875,703.0,cea,MULTI_RES,NONE,NONE,
Alameda_Arro,B1102,matched,362.49,362.43,98646.93,97539.61,-1107.3199999999924,-0.01122508323371029,-1.122508323371029,100.0,0.0,0.0,0.0,100.0,0.0,0.0,0.0,1,1,0,0,0,0,1,1,0.6315727829933167,0.6315727829933167,0.6315727829933167,0.6315727829933167,680.1360070014335,1435196.522671875,1123.0,cea,MULTI_RES,NONE,NONE,
Alameda_Arro,B1103,matched,110.97,212.69,30354.36,47068.73,16714.370000000003,0.5506414893939454,55.06414893939454,0.0,100.0,0.0,0.0,0.0,100.0,0.0,0.0,1,2,0,1,0,1,0,2,0.9853689074516296,0.9855030438546544,0.9741636514663696,0.9965741634368896,206.60775321291862,457650.686125,334.0,cea,MULTI_RES,NONE,NONE,
Alameda_Arro,B1104,matched,125.76,125.76,25906.39,24305.45,-1600.9399999999987,-0.06179710874421325,-6.179710874421325,100.0,0.0,0.0,0.0,100.0,0.0,0.0,0.0,0,0,0,0,0,0,0,0,,,,,235.9844528489344,543959.496046875,390.0,cea,MULTI_RES,NONE,NONE,
Alameda_Arro,B1105,matched,108.76,214.83,29792.3,49284.23,19491.930000000004,0.6542606646683876,65.42606646683876,25.61094819159335,51.11483498580274,23.274216822603922,0.0,29.372076601091536,50.83131889734355,19.796604501564932,0.0,1,4,1,1,1,1,0,4,0.7905835211277008,0.7983085229520882,0.48917508125305176,0.9922688603401184,205.51320067902316,503149.2394375,348.0,cea,MULTI_RES,NONE,NONE,
Alameda_Arro,B1106,matched,95.68,183.42,22923.05,42044.78,19121.73,0.8341704092605478,83.41704092605478,50.302567737011394,24.679714332442895,0.0,25.017717930545714,45.878656364812386,26.35777709143853,0.0,27.763566543749068,1,3,0,1,1,1,0,3,0.7315220534801483,0.6505557549069916,0.4121418297290802,0.9943251013755798,179.5233960556924,455698.4545,306.0,cea,MULTI_RES,NONE,NONE,
Alameda_Arro,B1107,matched,125.67,125.67,34391.88,34397.85,5.970000000001164,0.00017358748634855567,0.017358748634855568,100.0,0.0,0.0,0.0,100.0,0.0,0.0,0.0,0,0,0,0,0,0,0,0,,,,,235.8192979351827,500344.60003125,390.0,cea,MULTI_RES,NONE,NONE,
Alameda_Arro,B1108,matched,118.63,224.97,32166.5,53885.24,21718.739999999998,0.6751974880698863,67.51974880698863,50.80232919944881,0.0,49.197670800551194,0.0,54.36869005178945,0.0,45.63130994821056,0.0,1,2,1,0,1,0,0,2,0.8068260252475739,0.8071510876564467,0.7865304350852966,0.8271216154098511,222.58684105680788,509752.6673671875,366.0,cea,MULTI_RES,NONE,NONE,
Alameda_Arro,B1109,matched,88.08,179.5,24104.18,37506.08,13401.900000000001,0.5559990010031456,55.59990010031456,25.632311977715883,49.0974930362117,25.270194986072426,0.0,27.760172183271415,49.30458563162435,22.93524218510421,0.0,1,4,1,1,1,1,0,4,0.7364400774240494,0.7352452072076477,0.6309801340103149,0.9075705409049988,173.76689166593505,415427.783375,283.0,cea,MULTI_RES,NONE,NONE,
Alameda_Arro,B1110,matched,132.43,250.85,33677.52,50624.08,16946.560000000005,0.5032009482883539,50.320094828835394,0.0,26.7689854494718,47.86127167630057,25.369742874227626,0.0,30.346429153578892,47.91683614881576,21.73673469760535,1,3,1,1,0,1,0,3,0.896581788857778,0.9114480510576748,0.7390192747116089,0.9941380023956299,248.47534480815455,583681.253,409.0,cea,MULTI_RES,NONE,NONE,
Alameda_Arro,B1111,matched,120.8,231.3,28648.67,49869.94,21221.270000000004,0.7407418913338736,74.07418913338736,65.03242542153048,0.0,34.96757457846951,0.0,70.60295060553567,0.0,29.397049394464332,0.0,1,2,1,0,1,0,0,2,0.9980027377605438,0.9978897983371162,0.9976271986961365,0.9983782768249512,226.6547046600015,528861.9624375,374.0,cea,MULTI_RES,NONE,NONE,
Alameda_Arro,B1113,matched,54.88,54.88,14984.04,14975.32,-8.720000000001164,-0.00058195253082621,-0.058195253082620996,100.0,0.0,0.0,0.0,100.0,0.0,0.0,0.0,0,0,0,0,0,0,0,0,,,,,103.12994316471251,215870.45606250002,174.0,cea,MULTI_RES,NONE,NONE,
Alameda_Arro,B1114,matched,141.74,263.69,38670.96,61323.87,22652.910000000003,0.5857860782354511,58.57860782354511,0.0,100.0,0.0,0.0,0.0,100.0,0.0,0.0,1,2,0,1,0,1,0,2,0.9254039525985718,0.9251079628257203,0.8511642217636108,0.9996436834335327,262.12159468197603,582781.03746875,427.0,cea,MULTI_RES,NONE,NONE,
Alameda_Arro,B1115,matched,133.14,132.73,31319.46,30488.99,-830.4699999999975,-0.026516102129474695,-2.6516102129474692,100.0,0.0,0.0,0.0,100.0,0.0,0.0,0.0,1,1,0,0,0,0,1,1,0.9984317421913147,0.9984317421913147,0.9984317421913147,0.9984317421913147,249.39868916685177,519281.59962500003,410.0,cea,MULTI_RES,NONE,NONE,
Alameda_Arro,B1116,matched,48.5,94.26,11083.32,15684.94,4601.620000000001,0.4151842588682814,41.51842588682814,0.0,49.03978779840848,50.9602122015915,0.0,0.0,53.18557943561694,46.814420564383056,0.0,1,2,0,1,0,1,0,2,0.9844696819782257,0.9847657760353491,0.9698519110679626,0.9990874528884888,91.54043066749344,162695.490203125,157.0,cea,MULTI_RES,NONE,NONE,
Alameda_Arro,B1117,matched,164.24,309.32,44166.54,61555.09,17388.549999999996,0.39370414798170733,39.370414798170735,0.0,55.544420018104226,44.455579981895774,0.0,0.0,55.64897367229378,44.351026327706215,0.0,1,3,1,1,1,0,0,3,0.6592174271742502,0.6017254805897034,0.43562760949134827,0.8610389828681946,308.1765165420218,801419.04025,508.0,cea,MULTI_RES,NONE,NONE,
Alameda_Arro,B1118,matched,229.45,430.27,62780.72,103350.36,40569.64,0.6462117669246227,64.62117669246227,45.88872362182765,0.0,54.111276378172356,0.0,49.60621215597497,0.0,50.39378784402505,0.0,1,2,1,0,1,0,0,2,0.8859972357749939,0.8925213287338593,0.8066924214363098,0.965302050113678,424.9548474771858,922433.9583281251,701.0,cea,MULTI_RES,NONE,NONE,
Alameda_Arro,B1119,matched,13.92,47.01,1685.29,5246.58,3561.29,2.1131615330299236,211.31615330299235,0.0,100.0,0.0,0.0,0.0,100.0,0.0,0.0,1,2,0,1,0,1,0,2,0.9364567697048187,0.9348957750948512,0.8759165406227112,0.9969969987869263,69.7380351062604,107687.44271875,110.0,cea,MULTI_RES,NONE,NONE,
Alameda_Arro,B1120,matched,47.55,91.45,8891.58,14665.12,5773.540000000001,0.6493266663517621,64.9326666351762,0.0,100.0,0.0,0.0,0.0,100.0,0.0,0.0,1,1,0,1,0,0,0,1,0.47625699639320374,0.4762569963932037,0.47625699639320374,0.47625699639320374,89.17034419509923,116286.00165625001,145.0,cea,MULTI_RES,NONE,NONE,
Alameda_Arro,B1121,matched,75.11,142.8,16539.95,27824.71,11284.759999999998,0.6822729210185036,68.22729210185035,0.0,100.0,0.0,0.0,0.0,100.0,0.0,0.0,1,2,0,1,0,1,0,2,0.9961875677108765,0.9962051777204505,0.9932426810264587,0.9991324543952942,141.073568978494,260658.61357812502,234.0,cea,MULTI_RES,NONE,NONE,
Alameda_Arro,B1123,matched,107.41,211.67,29090.72,50633.1,21542.379999999997,0.7405241259068183,74.05241259068183,0.0,0.0,0.0,100.0,0.0,0.0,0.0,100.0,1,2,0,1,0,1,0,2,0.8927795886993408,0.8912649466963893,0.8480767011642456,0.937482476234436,201.53114081621717,482382.7254375,328.0,cea,MULTI_RES,NONE,NONE,
Alameda_Arro,B1124,matched,84.16,159.61,22554.61,37531.92,14977.309999999998,0.6640465075654155,66.40465075654156,0.0,0.0,0.0,100.0,0.0,0.0,0.0,100.0,1,2,0,1,0,1,0,2,0.9638654589653015,0.9708214630962527,0.9448480010032654,0.9828829169273376,163.31402902391076,406899.307703125,266.0,cea,MULTI_RES,NONE,NONE,
Alameda_Arro,B1125,matched,237.16,459.22,64777.9,116570.05,51792.15,0.7995342547381129,79.9534254738113,26.956578546230574,19.476503636601198,18.276643003353517,35.29027481381474,29.512963787831804,19.125896142280673,16.081313104009286,35.27982696587818,1,4,1,1,1,1,0,4,0.7628875076770782,0.8027286834455287,0.5515648722648621,0.976440966129303,447.3788461316992,1097021.3245,744.0,cea,MULTI_RES,NONE,NONE,
Alameda_Arro,B1126,matched,55.99,108.0,15253.59,26253.77,11000.18,0.7211535120584728,72.11535120584728,0.0,0.0,0.0,100.0,0.0,0.0,0.0,100.0,1,2,0,1,0,1,0,2,0.9538038671016693,0.953653015929984,0.9089488387107849,0.9986588954925537,105.05188457542758,247763.14125000002,173.0,cea,MULTI_RES,NONE,NONE,
Alameda_Arro,B1127,matched,63.1,122.88,17076.9,30012.33,12935.43,0.7574811587583226,75.74811587583226,0.0,0.0,0.0,100.0,0.0,0.0,0.0,100.0,1,2,0,1,0,1,0,2,0.8835661709308624,0.8836916814362307,0.8303860425949097,0.9367462992668152,118.40357289235229,257253.60871875,193.0,cea,MULTI_RES,NONE,NONE,
Alameda_Arro,B1128,matched,267.84,267.53,73192.21,73091.58,-100.63000000000466,-0.0013748730910025076,-0.13748730910025075,100.0,0.0,0.0,0.0,100.0,0.0,0.0,0.0,1,1,0,0,0,0,1,1,0.9981752634048462,0.9981752634048462,0.9981752634048462,0.9981752634048462,501.9755707785969,1135273.0889375,828.0,cea,MULTI_RES,NONE,NONE,
Alameda_Arro,B1129,matched,66.23,126.17,18074.67,30441.17,12366.5,0.684189531537782,68.41895315377819,43.199112238427404,0.0,56.8008877615726,0.0,46.961509765950375,0.0,53.03849023404962,0.0,1,2,1,0,1,0,0,2,0.6785860657691956,0.6590071909086318,0.5347651243209839,0.8224070072174072,124.2620236728443,286119.304375,206.0,cea,MULTI_RES,NONE,NONE,
Alameda_Arro,B1130,matched,98.24,189.85,22697.74,36896.54,14198.8,0.6255600777874801,62.55600777874801,0.0,100.0,0.0,0.0,0.0,100.0,0.0,0.0,1,2,0,1,0,1,0,2,0.9756667613983154,0.975423504498917,0.9547731280326843,0.9965603947639465,180.64658738792795,396012.66712500004,298.0,cea,MULTI_RES,NONE,NONE,
Alameda_Arro,B1132,matched,89.97,172.83,24245.46,42177.84,17932.379999999997,0.7396180563288961,73.96180563288961,0.0,0.0,0.0,100.0,0.0,0.0,0.0,100.0,1,2,0,1,0,1,0,2,0.9822298884391785,0.9819062316020201,0.9648938775062561,0.9995658993721008,168.8178209127675,321179.6078359375,272.0,cea,MULTI_RES,NONE,NONE,
Alameda_Arro,B1133,matched,103.13,202.44,27975.59,44425.42,16449.829999999998,0.5880065442766353,58.80065442766353,18.317443066739116,0.0,29.027318085264042,52.65523884799684,20.6985711521471,0.0,26.613690120171412,52.68773872768146,1,3,1,0,1,1,0,3,0.7444935242335001,0.7544118937952866,0.5666025280952454,0.9611153602600098,193.54003630017436,438666.33440625,317.0,cea,MULTI_RES,NONE,NONE,
Alameda_Arro,B1134,matched,41.46,79.15,10008.53,17312.31,7303.780000000001,0.7297555185426831,72.9755518542683,51.4087176247631,0.0,48.59128237523689,0.0,56.371356534725926,0.0,43.628643465274074,0.0,1,2,0,1,0,1,0,2,0.8889834582805634,0.885894766945728,0.7791195511817932,0.9988473653793335,77.78683534127558,122791.11428125,123.0,cea,MULTI_RES,NONE,NONE,
Alameda_Arro,B1135,matched,65.89,126.36,17863.67,31035.25,13171.580000000002,0.7373389678604678,73.73389678604678,0.0,0.0,0.0,100.0,0.0,0.0,0.0,100.0,1,2,0,1,0,1,0,2,0.9561188519001007,0.9560156502649009,0.9143937230110168,0.9978439807891846,123.63433270842623,290097.6358125,202.0,cea,MULTI_RES,NONE,NONE,
Alameda_Arro,B1136,matched,64.91,97.86,17701.54,21380.81,3679.2700000000004,0.20785027743348886,20.785027743348884,29.105774144098103,0.0,70.89422585590188,0.0,31.068613608538005,0.0,68.93138639146201,0.0,1,2,1,0,0,0,1,2,0.5460207015275955,0.536101760767697,0.46946683526039124,0.6225745677947998,121.79062277403958,269866.5649375,201.0,cea,MULTI_RES,NONE,NONE,
Alameda_Arro,B1137,matched,65.62,126.56,17732.78,30990.61,13257.830000000002,0.7476453212637839,74.76453212637838,0.0,0.0,0.0,100.0,0.0,0.0,0.0,100.0,1,2,0,1,0,1,0,2,0.9833398759365082,0.9833415691656906,0.9816563725471497,0.9850233793258667,123.12770617765561,287693.20687500003,205.0,cea,MULTI_RES,NONE,NONE,
Alameda_Arro,B1138,matched,59.82,68.8,16175.05,17379.52,1204.4700000000012,0.07446468480777502,7.446468480777502,100.0,0.0,0.0,0.0,100.0,0.0,0.0,0.0,1,1,0,0,0,0,1,1,0.870625376701355,0.870625376701355,0.870625376701355,0.870625376701355,129.1414904064885,284573.39125,211.0,cea,MULTI_RES,NONE,NONE,
Alameda_Arro,B1139,matched,95.51,182.09,25752.42,47641.26,21888.840000000004,0.8499721579564175,84.99721579564175,49.43443883153964,24.143421919613438,0.0,26.42213924884691,50.917428042500624,22.99524867462496,0.0,26.087323282874415,1,3,0,1,1,1,0,3,0.7926556666692098,0.8390824327952665,0.6378846764564514,0.9901408553123474,179.2154842543212,375739.7878125,300.0,cea,MULTI_RES,NONE,NONE,
Alameda_Arro,B1140,matched,49.23,94.45,10899.61,18049.4,7149.790000000001,0.6559675070942905,65.59675070942905,49.84116899618806,0.0,50.158831003811954,0.0,57.42642052839296,0.0,42.57357947160704,0.0,1,2,1,0,1,0,0,2,0.9988855719566345,0.9988873402899602,0.9983299374580383,0.9994412064552307,92.37894705501523,201204.6310625,153.0,cea,MULTI_RES,NONE,NONE,
Alameda_Arro,B1141,matched,125.29,244.66,33820.74,59371.4,25550.660000000003,0.7554731209311211,75.54731209311211,0.0,0.0,0.0,100.0,0.0,0.0,0.0,100.0,1,2,0,1,0,1,0,2,0.9949890971183777,0.9949525539523911,0.9911832809448242,0.9987949132919312,235.10205889188,532485.7410625,386.0,cea,MULTI_RES,NONE,NONE,
Alameda_Arro,B1142,matched,105.34,201.0,26027.8,42187.85,16160.05,0.6208765243316762,62.08765243316762,0.0,100.0,0.0,0.0,0.0,100.0,0.0,0.0,1,2,0,1,0,1,0,2,0.996126115322113,0.9961252865468815,0.995524525642395,0.996727705001831,197.63386885071958,433255.69673437503,338.0,cea,MULTI_RES,NONE,NONE,
Alameda_Arro,B1143,matched,40.69,40.69,6356.3,6560.37,204.0699999999997,0.032105155515000816,3.2105155515000816,100.0,0.0,0.0,0.0,100.0,0.0,0.0,0.0,0,0,0,0,0,0,0,0,,,,,76.52304707760267,110174.1414375,131.0,cea,MULTI_RES,NONE,NONE,
Alameda_Arro,B1144,matched,48.22,69.97,9090.46,11609.16,2518.7000000000007,0.27707068729195233,27.707068729195232,34.49113779302459,65.50886220697542,0.0,0.0,35.5103374785251,64.48966252147491,0.0,0.0,1,2,0,1,0,0,1,2,0.5275855660438538,0.5274372256449175,0.5030977725982666,0.5520733594894409,90.47997126679904,221111.62325,155.0,cea,MULTI_RES,NONE,NONE,
Alameda_Arro,B1145,matched,90.49,176.47,23054.66,44671.61,21616.95,0.9376390716670729,93.7639071667073,54.94418314727716,26.072420241400803,0.0,18.983396611322036,59.26688527990173,22.462884267652232,0.0,18.27023045244605,1,3,0,1,1,1,0,3,0.705096960067749,0.784572037870595,0.5487966537475586,0.956940770149231,169.78396216718528,328632.6868125,285.0,cea,MULTI_RES,NONE,NONE,
Alameda_Arro,B1146,matched,62.84,120.4,17132.82,29578.07,12445.25,0.7263982228261314,72.63982228261314,0.0,0.0,0.0,100.0,0.0,0.0,0.0,100.0,1,2,0,1,0,1,0,2,0.9561188519001007,0.9559569053672073,0.9143937230110168,0.9978439807891846,117.91542114903876,264544.27725,196.0,cea,MULTI_RES,NONE,NONE,
Alameda_Arro,B1147,matched,446.91,446.91,118746.21,118404.99,-341.22000000000116,-0.00287352328971174,-0.287352328971174,100.0,0.0,0.0,0.0,100.0,0.0,0.0,0.0,0,0,0,0,0,0,0,0,,,,,839.2179546523089,1780644.3116484375,1376.0,cea,MULTI_RES,NONE,NONE,
Alameda_Arro,B1148,matched,145.64,285.08,39814.41,64889.67,25075.259999999995,0.6298036313987823,62.98036313987823,0.0,100.0,0.0,0.0,0.0,100.0,0.0,0.0,1,2,0,1,0,1,0,2,0.9132028520107269,0.9351698133881795,0.8350439071655273,0.9913617968559265,279.89362638914304,517946.7170625,447.0,cea,MULTI_RES,NONE,NONE,
Alameda_Arro,B1149,matched,73.37,146.07,19065.27,34131.42,15066.149999999998,0.7902405788116296,79.02405788116296,27.628696604600222,0.0,15.690032858707562,56.68127053669223,30.688464917832125,0.0,14.03805267989636,55.273482402271526,1,3,1,0,1,1,0,3,0.8106813232103983,0.8781092697776107,0.5625851154327393,0.9553728103637695,144.72140666415112,337313.6644921875,243.0,cea,MULTI_RES,NONE,NONE,
Alameda_Arro,B1150,matched,70.88,137.8,18821.71,29705.47,10883.760000000002,0.5782556420218993,57.82556420218993,0.0,100.0,0.0,0.0,0.0,100.0,0.0,0.0,1,2,0,1,0,1,0,2,0.9582886099815369,0.9564883821127563,0.9176784753799438,0.9988987445831299,133.3868581506033,274665.1129375,223.0,cea,MULTI_RES,NONE,NONE,
Alameda_Arro,B1151,matched,124.49,124.49,33282.37,33617.27,334.8999999999942,0.010062384379477608,1.0062384379477607,100.0,0.0,0.0,0.0,100.0,0.0,0.0,0.0,0,0,0,0,0,0,0,0,,,,,233.58354042154716,224022.9088203125,385.0,cea,MULTI_RES,NONE,NONE,
Alameda_Arro,B1152,matched,75.86,166.83,20233.14,46838.17,26605.03,1.3149234374891885,131.49234374891884,100.0,0.0,0.0,0.0,100.0,0.0,0.0,0.0,1,1,0,0,1,0,0,1,0.961683988571167,0.9616839885711669,0.961683988571167,0.961683988571167,163.78863525903387,355955.27721875,269.0,cea,MULTI_RES,NONE,NONE,
Alameda_Arro,B1154,matched,49.36,49.6,13427.6,13347.0,-80.60000000000036,-0.006002561887455715,-0.6002561887455715,100.0,0.0,0.0,0.0,100.0,0.0,0.0,0.0,0,0,0,0,0,0,0,0,,,,,91.18372160661121,204771.09528125002,149.0,cea,MULTI_RES,NONE,NONE,
Alameda_Arro,B1155,matched,39.11,74.6,9433.53,14179.43,4745.9,0.5030884515128482,50.30884515128482,0.0,100.0,0.0,0.0,0.0,100.0,0.0,0.0,1,2,0,1,0,1,0,2,0.8902033865451813,0.8922421255216901,0.8410648703575134,0.9393419027328491,73.35509259867462,113170.169234375,125.0,cea,MULTI_RES,NONE,NONE,
Alameda_Arro,B1156,matched,73.85,142.54,19539.61,30712.67,11173.059999999998,0.5718159164896329,57.18159164896329,0.0,100.0,0.0,0.0,0.0,100.0,0.0,0.0,1,2,0,1,0,1,0,2,0.9953750669956207,0.9953864447209712,0.9927079081535339,0.9980422258377075,138.18625203033554,277038.51446875,226.0,cea,MULTI_RES,NONE,NONE,
Alameda_Arro,B1157,matched,108.42,108.41,28813.24,28884.81,71.56999999999971,0.0024839275277615327,0.24839275277615327,100.0,0.0,0.0,0.0,100.0,0.0,0.0,0.0,1,1,0,0,0,0,1,1,0.9923515915870667,0.9923515915870667,0.9923515915870667,0.9923515915870667,203.42534330925858,508064.92865625,333.0,cea,MULTI_RES,NONE,NONE,
Alameda_Arro,B1158,matched,74.16,143.24,19751.44,34516.26,14764.820000000003,0.7475313192354585,74.75313192354585,0.0,0.0,0.0,100.0,0.0,0.0,0.0,100.0,1,2,0,1,0,1,0,2,0.9898940026760101,0.9898933660747681,0.986247181892395,0.9935408234596252,139.15370311763175,313033.51687500003,227.0,cea,MULTI_RES,NONE,NONE,
Alameda_Arro,B1159,matched,56.55,56.55,14434.01,12913.33,-1520.6800000000003,-0.10535395222810572,-10.535395222810571,100.0,0.0,0.0,0.0,100.0,0.0,0.0,0.0,0,0,0,0,0,0,0,0,,,,,106.10968311892368,112564.29078125,176.0,cea,MULTI_RES,NONE,NONE,
Alameda_Arro,B1160,matched,86.5,170.1,23465.81,37905.81,14439.999999999996,0.615363373350419,61.5363373350419,0.0,100.0,0.0,0.0,0.0,100.0,0.0,0.0,1,2,0,1,0,1,0,2,0.990705281496048,0.990797402008866,0.9890634417533875,0.9923471212387085,166.4143847615014,420304.6356875,280.0,cea,MULTI_RES,NONE,NONE,
Alameda_Arro,B1162,matched,162.9,162.9,41209.02,41224.34,15.319999999999709,0.0003717632693036551,0.03717632693036551,100.0,0.0,0.0,0.0,100.0,0.0,0.0,0.0,0,0,0,0,0,0,0,0,,,,,304.4908286610533,299084.0383203125,505.0,cea,MULTI_RES,NONE,NONE,
Alameda_Arro,B1164,matched,81.89,155.93,21000.93,35410.63,14409.699999999997,0.6861458040191551,68.61458040191552,50.647768086198056,0.0,49.35223191380195,0.0,55.1609814767975,0.0,44.839018523202526,0.0,1,2,1,0,1,0,0,2,0.9412125647068024,0.9411180612392803,0.9338856339454651,0.9485394954681396,153.68631814167676,271416.03528125,252.0,cea,MULTI_RES,NONE,NONE,
Alameda_Arro,B1165,matched,76.44,149.46,20402.07,35810.2,15408.129999999997,0.7552238571870402,75.52238571870402,56.51388424222148,0.0,43.486115757778535,0.0,61.710160174252415,0.0,38.28983982574757,0.0,1,2,1,0,1,0,0,2,0.9708963930606842,0.9707400719198331,0.9696969985961914,0.972095787525177,146.52929278760962,320732.66725,241.0,cea,MULTI_RES,NONE,NONE,
Alameda_Arro,B1166,matched,63.32,132.43,15040.38,27190.8,12150.42,0.8078532590267001,80.78532590267001,44.40836668428603,0.0,55.59163331571396,0.0,49.537709093904816,0.0,50.46229090609516,0.0,1,2,1,0,1,0,0,2,0.9412125647068024,0.9420324249324451,0.9338856339454651,0.9485394954681396,130.4846985104629,235574.356125,224.0,cea,MULTI_RES,NONE,NONE,
Alameda_Arro,B1167,matched,75.62,137.98,17552.32,27238.47,9686.150000000001,0.5518444285427796,55.18444285427796,27.337295260182636,57.776489346282055,14.886215393535293,0.0,29.62566879589314,59.13628209083996,11.238049113266904,0.0,1,3,1,1,1,0,0,3,0.6940008401870728,0.7881117936259863,0.5144158005714417,0.966768205165863,145.49714537809334,310862.16740625,243.0,cea,MULTI_RES,NONE,NONE,
Alameda_Arro,B1168,matched,97.38,97.38,24124.98,24165.94,40.95999999999913,0.0016978252417203714,0.16978252417203715,100.0,0.0,0.0,0.0,100.0,0.0,0.0,0.0,0,0,0,0,0,0,0,0,,,,,182.6915522241436,178464.82328125,309.0,cea,MULTI_RES,NONE,NONE,
Alameda_Arro,B1169,matched,89.93,170.74,23763.55,37810.46,14046.91,0.5911115973833876,59.111159738338756,24.592948342509068,50.19913318495958,25.207918472531325,0.0,26.910204316863158,49.90348037621628,23.186315306920555,0.0,1,3,1,1,1,0,0,3,0.6940008401870728,0.7626722966354271,0.5144158005714417,0.966768205165863,168.7239524407819,374273.8301875,278.0,cea,MULTI_RES,NONE,NONE,
Alameda_Arro,B1171,matched,251.07,479.62,65873.13,114449.32,48576.19,0.7374204019150145,73.74204019150145,0.0,0.0,0.0,100.0,0.0,0.0,0.0,100.0,1,2,0,1,0,1,0,2,0.9895202815532684,0.9942395676526289,0.9792312383651733,0.9998093247413635,474.59222119471497,920445.998578125,776.0,cea,MULTI_RES,NONE,NONE,
Alameda_Arro,B1173,matched,36.13,36.13,8951.15,8857.37,-93.77999999999884,-0.010476866101003651,-1.047686610100365,100.0,0.0,0.0,0.0,100.0,0.0,0.0,0.0,0,0,0,0,0,0,0,0,,,,,67.83199682325245,66204.1665625,109.0,cea,MULTI_RES,NONE,NONE,
Alameda_Arro,B1174,matched,61.96,119.61,16432.63,28587.76,12155.129999999997,0.7396947414990781,73.96947414990781,0.0,0.0,0.0,100.0,0.0,0.0,0.0,100.0,1,2,0,1,0,1,0,2,0.9826101362705231,0.9825873256280049,0.9666974544525146,0.9985228180885315,116.26462529334793,274560.8025625,191.0,cea,MULTI_RES,NONE,NONE,
Alameda_Arro,B1175,matched,72.39,141.16,19011.82,33231.16,14219.340000000004,0.7479210301801723,74.79210301801723,0.0,0.0,0.0,100.0,0.0,0.0,0.0,100.0,1,2,0,1,0,1,0,2,0.9906763434410095,0.9906785789032123,0.9871587157249451,0.994193971157074,135.8780333921999,312130.8735,224.0,cea,MULTI_RES,NONE,NONE,
Alameda_Arro,B1176,matched,181.79,358.88,49747.59,80351.66,30604.070000000007,0.6151869869475086,61.51869869475086,0.0,100.0,0.0,0.0,0.0,100.0,0.0,0.0,1,2,0,1,0,1,0,2,0.801454484462738,0.7807322974627472,0.6486756205558777,0.9542333483695984,351.850919497199,875240.2639375001,590.0,cea,MULTI_RES,NONE,NONE,
Alameda_Arro,B1177,matched,167.3,317.74,43754.24,76016.45,32262.21,0.7373504830617559,73.73504830617559,0.0,0.0,0.0,100.0,0.0,0.0,0.0,100.0,1,2,0,1,0,1,0,2,0.9939489960670471,0.9939454627221104,0.9880186319351196,0.9998793601989746,313.9204265712541,569260.056640625,516.0,cea,MULTI_RES,NONE,NONE,
Alameda_Arro,B1178,matched,34.18,34.18,8631.22,8001.83,-629.3899999999994,-0.07292016655814583,-7.292016655814583,100.0,0.0,0.0,0.0,100.0,0.0,0.0,0.0,0,0,0,0,0,0,0,0,,,,,64.13669449865385,85229.96284375,107.0,cea,MULTI_RES,NONE,NONE,
Alameda_Arro,B1179,matched,29.25,62.74,7738.21,12260.47,4522.259999999999,0.5844064712640261,58.44064712640261,0.0,0.0,49.98406120497291,50.015938795027104,0.0,0.0,48.38696462658362,51.61303537341637,1,2,1,0,0,1,0,2,0.592234805226326,0.5921625891204148,0.41791728138923645,0.7665523290634155,61.357424468885185,117671.85889062501,101.0,cea,MULTI_RES,NONE,NONE,
Alameda_Arro,B1181,matched,91.06,186.32,23360.05,37778.03,14417.98,0.6172067268691633,61.72067268691633,0.0,100.0,0.0,0.0,0.0,100.0,0.0,0.0,1,2,0,1,0,1,0,2,0.9996348321437836,0.9996637240614161,0.999337375164032,0.9999322891235352,178.57179845568305,389059.687625,296.0,cea,MULTI_RES,NONE,NONE,
Alameda_Arro,B1184,matched,44.58,44.58,10503.41,10459.24,-44.17000000000007,-0.004205300945121639,-0.42053009451216394,100.0,0.0,0.0,0.0,100.0,0.0,0.0,0.0,0,0,0,0,0,0,0,0,,,,,91.3848294495492,172934.2471015625,150.0,cea,MULTI_RES,NONE,NONE,
Alameda_Arro,B1186,matched,118.56,225.44,32086.05,54409.3,22323.250000000004,0.695730699166772,69.5730699166772,0.0,0.0,0.0,100.0,0.0,0.0,0.0,100.0,1,2,0,1,0,1,0,2,0.9378830790519714,0.9358410503224311,0.9144877195358276,0.9612784385681152,216.20752695526082,459254.71523437503,357.0,cea,MULTI_RES,NONE,NONE,
Alameda_Arro,B1189,matched,257.61,495.39,70281.59,121353.97,51072.380000000005,0.7266821937295387,72.66821937295387,0.0,0.0,0.0,100.0,0.0,0.0,0.0,100.0,1,2,0,1,0,1,0,2,0.9783910810947418,0.9797878842724151,0.9605117440223694,0.9962704181671143,478.6172217400176,1082543.1962968751,788.0,cea,MULTI_RES,NONE,NONE,
Alameda_Arro,B1191,matched,91.49,132.99,19693.72,21898.77,2205.0499999999993,0.11196716516737311,11.196716516737311,0.0,32.75434243176178,34.4161215128957,32.82953605534251,0.0,32.35312690317368,39.799792636858406,27.847080459967945,1,3,0,1,0,1,1,3,0.7121034264564514,0.6978897975267987,0.5964503884315491,0.8863007426261902,171.6588139125795,398912.91340625,284.0,cea,MULTI_RES,NONE,NONE,
Alameda_Arro,B1193,matched,143.35,274.85,39085.03,63351.45,24266.42,0.6208622585168797,62.08622585168797,0.0,100.0,0.0,0.0,0.0,100.0,0.0,0.0,1,2,0,1,0,1,0,2,0.9144530892372131,0.9636529716029762,0.8430452346801758,0.9858609437942505,268.9733406740293,688658.95940625,446.0,cea,MULTI_RES,NONE,NONE,
Alameda_Arro,B1195,matched,151.13,288.15,37768.11,66317.87,28549.759999999995,0.755922390609432,75.5922390609432,61.536592983308495,0.0,38.46340701669154,0.0,65.3152506455884,0.0,34.6847493544116,0.0,1,2,1,0,1,0,0,2,0.9996764361858368,0.999623364208649,0.999446451663971,0.9999064207077026,283.5756171271572,655251.2262734375,468.0,cea,MULTI_RES,NONE,NONE,
Alameda_Arro,B1197,matched,319.83,319.83,87533.97,87374.5,-159.47000000000116,-0.0018218070081820938,-0.1821807008182094,100.0,0.0,0.0,0.0,100.0,0.0,0.0,0.0,0,0,0,0,0,0,0,0,,,,,600.1100618152049,1223705.9696015625,992.0,cea,MULTI_RES,NONE,NONE,
Alameda_Arro,B1199,matched,153.91,272.88,34541.09,62211.4,27670.310000000005,0.8010838685171778,80.10838685171778,0.0,0.0,0.0,100.0,0.0,0.0,0.0,100.0,1,1,0,1,0,0,0,1,0.9487022161483765,0.9487022161483765,0.9487022161483765,0.9487022161483765,311.8290413910273,543565.508890625,513.0,cea,MULTI_RES,NONE,NONE,
Alameda_Arro,B1201,matched,138.65,253.77,36036.19,59304.74,23268.549999999996,0.6456995037488701,64.56995037488701,51.14867793671435,0.0,48.851322063285664,0.0,58.241685936033704,0.0,41.75831406396626,0.0,1,2,1,0,1,0,0,2,0.6277858912944794,0.6304390749988009,0.4903789758682251,0.7651928067207336,248.192595164993,538859.1323046875,405.0,cea,MULTI_RES,NONE,NONE,
Alameda_Arro,B1202,matched,76.04,165.22,18700.66,40000.99,21300.329999999998,1.1390148796887383,113.90148796887382,59.173173536710856,0.0,40.826826463289144,0.0,63.594462559814225,0.0,36.405537440185746,0.0,1,2,1,0,1,0,0,2,0.9922309815883636,0.991113032985916,0.9861396551132202,0.9983223080635071,162.39403707286633,391266.00715625,267.0,cea,MULTI_RES,NONE,NONE,
Alameda_Arro,B1203,matched,184.94,398.0,42845.6,83078.69,40233.090000000004,0.9390250107362251,93.90250107362252,0.0,0.0,0.0,100.0,0.0,0.0,0.0,100.0,1,2,0,1,0,1,0,2,0.979169487953186,0.9791225593831611,0.961956262588501,0.9963827133178711,385.71222023833826,801381.65446875,635.0,cea,MULTI_RES,NONE,NONE,
Alameda_Arro,B1204,matched,187.88,366.53,45708.76,76385.86,30677.1,0.6711426868722756,67.11426868722756,0.0,100.0,0.0,0.0,0.0,100.0,0.0,0.0,1,2,0,1,0,1,0,2,0.7937080264091492,0.8048926044167193,0.6238643527030945,0.9635517001152039,360.27826341885685,815987.7805625,588.0,cea,MULTI_RES,NONE,NONE,
Alameda_Arro,B1205,matched,188.72,349.95,46027.53,75298.67,29271.14,0.6359485290651051,63.59485290651051,25.257172248256936,51.520173734141025,23.222654017602004,0.0,25.22359891324384,51.17441517003859,23.601985916717563,0.0,1,3,1,1,1,0,0,3,0.7883028388023376,0.7717711423413942,0.6575016975402832,0.96778404712677,347.7039791299005,830357.1674375,578.0,cea,MULTI_RES,NONE,NONE,
Alameda_Arro,B1206,matched,78.6,78.6,20831.71,20691.71,-140.0,-0.006720523663203837,-0.6720523663203837,100.0,0.0,0.0,0.0,100.0,0.0,0.0,0.0,0,0,0,0,0,0,0,0,,,,,147.4792266044081,330672.086625,250.0,cea,MULTI_RES,NONE,NONE,
Alameda_Arro,B1207,matched,101.52,148.64,27287.44,32892.79,5605.350000000002,0.2054186834675588,20.54186834675588,0.0,32.75467635580676,34.21477593863545,33.03054770555781,0.0,31.82457469236744,35.1034020497542,33.07202325787837,1,3,0,1,0,1,1,3,0.7366987466812134,0.7799723287840876,0.5644824504852295,0.9156319499015808,190.48406851493044,415614.58034375,301.0,cea,MULTI_RES,NONE,NONE,
Alameda_Arro,B1208,matched,69.68,136.2,18880.79,26619.84,7739.049999999999,0.4098901581978296,40.989015819782956,0.0,100.0,0.0,0.0,0.0,100.0,0.0,0.0,1,1,0,1,0,0,0,1,0.8815449476242065,0.8815449476242065,0.8815449476242065,0.8815449476242065,130.74181994739706,332734.18200000003,213.0,cea,MULTI_RES,NONE,NONE,
Alameda_Arro,B1209,matched,68.56,129.71,18806.49,29923.8,11117.309999999998,0.5911422067594749,59.11422067594749,0.0,100.0,0.0,0.0,0.0,100.0,0.0,0.0,1,2,0,1,0,1,0,2,0.9805517196655273,0.9805415724443123,0.9611846208572388,0.9999188184738159,128.6445894747109,280929.28915625,219.0,cea,MULTI_RES,NONE,NONE,
Alameda_Arro,B1210,matched,101.14,199.99,27543.21,42086.67,14543.46,0.5280234221065736,52.80234221065736,0.0,100.0,0.0,0.0,0.0,100.0,0.0,0.0,1,2,0,1,0,1,0,2,0.9862949848175049,0.9862583745703346,0.9789987802505493,0.9935911893844604,189.85556273436006,380056.87912500004,314.0,cea,MULTI_RES,NONE,NONE,
Alameda_Arro,B1211,matched,110.28,110.28,28255.74,25627.48,-2628.260000000002,-0.09301685250501321,-9.30168525050132,100.0,0.0,0.0,0.0,100.0,0.0,0.0,0.0,0,0,0,0,0,0,0,0,,,,,206.92558015058563,499655.84065625,349.0,cea,MULTI_RES,NONE,NONE,
Alameda_Arro,B1212,matched,60.11,60.11,15545.11,14882.33,-662.7800000000007,-0.04263591573169959,-4.263591573169959,100.0,0.0,0.0,0.0,100.0,0.0,0.0,0.0,0,0,0,0,0,0,0,0,,,,,112.80482551788286,186463.26659375,184.0,cea,MULTI_RES,NONE,NONE,
Alameda_Arro,B1213,matched,53.31,126.26,10979.91,23886.02,12906.11,1.1754294889484522,117.54294889484522,0.0,0.0,0.0,100.0,0.0,0.0,0.0,100.0,1,2,0,1,0,1,0,2,0.8430830538272858,0.8434072750165027,0.6949623227119446,0.991203784942627,147.54722444519106,293987.87890625,243.0,cea,MULTI_RES,NONE,NONE,
Alameda_Arro,B1214,matched,48.57,93.0,11447.74,20329.43,8881.69,0.7758465863131064,77.58465863131065,0.0,0.0,0.0,100.0,0.0,0.0,0.0,100.0,1,2,0,1,0,1,0,2,0.9693669378757477,0.9693672066925423,0.9688864350318909,0.9698474407196045,91.12902158703534,149428.48009375,150.0,cea,MULTI_RES,NONE,NONE,
Alameda_Arro,B1215,matched,89.68,89.62,18128.9,18151.69,22.789999999997235,0.0012571088152065063,0.12571088152065063,100.0,0.0,0.0,0.0,100.0,0.0,0.0,0.0,1,1,0,0,0,0,1,1,0.9949257373809814,0.9949257373809816,0.9949257373809814,0.9949257373809814,168.2918093917029,392217.165625,285.0,cea,MULTI_RES,NONE,NONE,
Alameda_Arro,B1216,matched,84.85,173.59,22232.84,37021.71,14788.869999999999,0.665181326362264,66.5181326362264,0.0,100.0,0.0,0.0,0.0,100.0,0.0,0.0,1,2,0,1,0,1,0,2,0.9721406698226929,0.971542251732432,0.946401834487915,0.9978795051574707,170.9048311603509,389645.43450000003,287.0,cea,MULTI_RES,NONE,NONE,
Alameda_Arro,B1217,matched,112.57,234.18,30791.08,52125.4,21334.32,0.6928733906053312,69.28733906053311,0.0,100.0,0.0,0.0,0.0,100.0,0.0,0.0,1,2,0,1,0,1,0,2,0.9486604630947113,0.9514187683578937,0.9022011160850525,0.9951198101043701,228.5655601558859,482744.32800000004,372.0,cea,MULTI_RES,NONE,NONE,
Alameda_Arro,B1218,matched,68.16,132.53,10564.66,17248.59,6683.93,0.6326687276258772,63.266872762587724,0.0,100.0,0.0,0.0,0.0,100.0,0.0,0.0,1,2,0,1,0,1,0,2,0.9644908010959625,0.9645480793546555,0.9434441328048706,0.9855374693870544,190.31847869975837,481264.0623125,326.0,cea,MULTI_RES,NONE,NONE,
Alameda_Arro,B1219,matched,114.07,221.3,27884.8,49146.04,21261.24,0.7624670071149875,76.24670071149875,0.0,0.0,0.0,100.0,0.0,0.0,0.0,100.0,1,2,0,1,0,1,0,2,0.9938862323760986,0.9938904954624768,0.9890613555908203,0.998711109161377,214.02887064054454,410826.913953125,349.0,cea,MULTI_RES,NONE,NONE,
Alameda_Arro,B1220,matched,78.3,151.24,21278.02,32502.59,11224.57,0.5275194778461529,52.7519477846153,0.0,100.0,0.0,0.0,0.0,100.0,0.0,0.0,1,2,0,1,0,1,0,2,0.99208202958107,0.9920684348511194,0.9848442673683167,0.9993197917938232,146.90989672407088,319629.559,237.0,cea,MULTI_RES,NONE,NONE,
Alameda_Arro,B1221,matched,61.94,118.36,16939.44,26112.24,9172.800000000003,0.5415055043141924,54.15055043141924,0.0,100.0,0.0,0.0,0.0,100.0,0.0,0.0,1,2,0,1,0,1,0,2,0.8747515380382538,0.8948160697632708,0.7581771612167358,0.9913259148597717,115.00216046341227,237917.69121875,188.0,cea,MULTI_RES,NONE,NONE,
Alameda_Arro,B1223,matched,113.13,215.62,27801.38,48933.1,21131.719999999998,0.7600960815614187,76.00960815614187,0.0,0.0,0.0,100.0,0.0,0.0,0.0,100.0,1,2,0,1,0,1,0,2,0.9584029316902161,0.9583555122544556,0.9174531102180481,0.999352753162384,212.27143782606828,462313.985125,347.0,cea,MULTI_RES,NONE,NONE,
Alameda_Arro,B1224,matched,66.23,66.23,17523.14,17552.64,29.5,0.0016834882332732604,0.16834882332732604,100.0,0.0,0.0,0.0,100.0,0.0,0.0,0.0,0,0,0,0,0,0,0,0,,,,,124.28354259331996,307115.1605625,208.0,cea,MULTI_RES,NONE,NONE,
Alameda_Arro,B1225,matched,77.65,148.45,15564.09,26174.98,10610.89,0.6817546030638476,68.17546030638476,0.0,100.0,0.0,0.0,0.0,100.0,0.0,0.0,1,2,0,1,0,1,0,2,0.9923409223556519,0.9923277720723253,0.9867576360702515,0.9979242086410522,145.69093374439612,342029.5011875,235.0,cea,MULTI_RES,NONE,NONE,
Alameda_Arro,B1226,matched,112.26,218.48,24480.71,39434.59,14953.879999999997,0.6108433946564458,61.084339465644575,0.0,100.0,0.0,0.0,0.0,100.0,0.0,0.0,1,2,0,1,0,1,0,2,0.9851419925689697,0.985126894820644,0.9777751564979553,0.9925088286399841,210.58578629039178,374153.525796875,353.0,cea,MULTI_RES,NONE,NONE,
Alameda_Arro,B1227,matched,62.37,62.37,16769.64,17552.04,782.4000000000015,0.04665574216262254,4.665574216262254,100.0,0.0,0.0,0.0,100.0,0.0,0.0,0.0,0,0,0,0,0,0,0,0,,,,,114.96796713187248,252504.18134375,191.0,cea,MULTI_RES,NONE,NONE,
Alameda_Arro,B1228,matched,82.9,82.9,16840.78,15938.49,-902.289999999999,-0.053577684644060375,-5.357768464406037,100.0,0.0,0.0,0.0,100.0,0.0,0.0,0.0,0,0,0,0,0,0,0,0,,,,,157.98336786174738,339458.588125,258.0,cea,MULTI_RES,NONE,NONE,
Alameda_Arro,B1229,matched,118.08,225.48,28123.5,50281.76,22158.260000000002,0.7878912653119278,78.78912653119278,0.0,0.0,0.0,100.0,0.0,0.0,0.0,100.0,1,2,0,1,0,1,0,2,0.9386128783226013,0.9385626273521394,0.8780516982078552,0.9991740584373474,221.54920920084092,423718.988625,367.0,cea,MULTI_RES,NONE,NONE,
Alameda_Arro,B1230,matched,79.01,151.23,20412.39,32135.33,11722.940000000002,0.5743051156674942,57.43051156674942,0.0,100.0,0.0,0.0,0.0,100.0,0.0,0.0,1,2,0,1,0,1,0,2,0.9923875629901886,0.9923881635633869,0.9849505424499512,0.999824583530426,148.3728262383337,306821.411625,245.0,cea,MULTI_RES,NONE,NONE,
Alameda_Arro,B1231,matched,51.54,98.41,13772.0,21799.1,8027.0999999999985,0.5828565204763286,58.285652047632865,0.0,100.0,0.0,0.0,0.0,100.0,0.0,0.0,1,2,0,1,0,1,0,2,0.9776797890663147,0.9776780877410257,0.9580385088920593,0.9973210692405701,96.66729640178592,173753.520125,156.0,cea,MULTI_RES,NONE,NONE,
Alameda_Arro,B1232,matched,36.84,70.92,9815.99,16393.39,6577.4,0.6700699572839826,67.00699572839825,49.40081770759904,0.0,50.599182292400954,0.0,55.74725614212346,0.0,44.252743857876546,0.0,1,2,0,1,0,1,0,2,0.7672711312770844,0.7692484256591057,0.6003054976463318,0.9342367649078369,69.12557208437084,118208.1405625,110.0,cea,MULTI_RES,NONE,NONE,
Alameda_Arro,B1233,matched,79.46,152.1,14567.87,25338.67,10770.799999999997,0.7393531106469234,73.93531106469234,49.90795529257069,0.0,50.09204470742933,0.0,40.718105561465556,0.0,59.2818944385344,0.0,1,2,0,1,0,1,0,2,0.950581431388855,0.9504934649415172,0.9029685854911804,0.9981942772865295,149.08298032366338,229787.872421875,231.0,cea,MULTI_RES,NONE,NONE,
Alameda_Arro,B1234,matched,60.09,130.64,12363.22,23376.2,11012.980000000001,0.890785733813683,89.0785733813683,0.0,100.0,0.0,0.0,0.0,100.0,0.0,0.0,1,2,0,1,0,1,0,2,0.932017058134079,0.9318079935329855,0.8734794855117798,0.9905546307563782,125.30312122084305,218126.66109375,202.0,cea,MULTI_RES,NONE,NONE,
Alameda_Arro,B1235,matched,33.88,33.88,6857.05,7027.78,170.72999999999956,0.02489846216667511,2.489846216667511,100.0,0.0,0.0,0.0,100.0,0.0,0.0,0.0,0,0,0,0,0,0,0,0,,,,,63.56367193086091,117858.6625,101.0,cea,MULTI_RES,NONE,NONE,
Alameda_Arro,B1236,matched,137.4,137.4,35144.49,34590.19,-554.2999999999956,-0.01577203140520735,-1.577203140520735,100.0,0.0,0.0,0.0,100.0,0.0,0.0,0.0,0,0,0,0,0,0,0,0,,,,,257.99478592510843,525011.410890625,424.0,cea,MULTI_RES,NONE,NONE,
Alameda_Arro,B1237,matched,82.69,143.02,22584.75,32375.24,9790.490000000002,0.43350003874295717,43.350003874295716,21.90449556037195,27.889254002656784,26.64475984059288,23.56149059637838,26.933331274410648,28.606225405585366,22.73522020240256,21.72522311760141,1,4,1,1,1,1,0,4,0.7728856205940247,0.775781786506959,0.4117336869239807,0.9801866412162781,155.1915422238095,284839.721375,251.0,cea,MULTI_RES,NONE,NONE,
Alameda_Arro,B1238,matched,51.98,51.98,11247.18,8277.6,-2969.58,-0.2640288498983745,-26.40288498983745,100.0,0.0,0.0,0.0,100.0,0.0,0.0,0.0,0,0,0,0,0,0,0,0,,,,,97.53821266742432,196456.393875,152.0,cea,MULTI_RES,NONE,NONE,
Alameda_Arro,B1239,matched,97.0,185.38,24129.32,37554.86,13425.54,0.5563994343810766,55.639943438107665,0.0,100.0,0.0,0.0,0.0,100.0,0.0,0.0,1,2,0,1,0,1,0,2,0.9733961224555969,0.9734492618276591,0.9476756453514099,0.9991165995597839,181.97799032196627,357010.82328125,294.0,cea,MULTI_RES,NONE,NONE,
Alameda_Arro,B1240,matched,53.21,101.8,12798.72,21368.77,8570.050000000001,0.6696021164616462,66.96021164616462,51.395166044409514,0.0,48.604833955590486,0.0,57.823158893885505,0.0,42.1768411061145,0.0,1,2,0,1,1,0,0,2,0.8882142007350922,0.8877870693284605,0.8728963136672974,0.903532087802887,99.85035418981275,224160.23928125002,166.0,cea,MULTI_RES,NONE,NONE,
Alameda_Arro,B1241,matched,43.82,43.82,11019.51,10962.23,-57.280000000000655,-0.005198053270971273,-0.5198053270971273,100.0,0.0,0.0,0.0,100.0,0.0,0.0,0.0,0,0,0,0,0,0,0,0,,,,,82.20874795379898,178144.43075,130.0,cea,MULTI_RES,NONE,NONE,
Alameda_Arro,B1242,matched,123.32,249.58,33725.81,54757.33,21031.520000000004,0.6236031099030684,62.36031099030684,0.0,100.0,0.0,0.0,0.0,100.0,0.0,0.0,1,2,0,1,0,1,0,2,0.9092272520065308,0.915290682767015,0.8505154252052307,0.9679390788078308,242.69880243869417,540230.61353125,407.0,cea,MULTI_RES,NONE,NONE,
Alameda_Arro,B1243,matched,109.76,109.76,28391.03,28036.46,-354.5699999999997,-0.012488803682008005,-1.2488803682008005,100.0,0.0,0.0,0.0,100.0,0.0,0.0,0.0,0,0,0,0,0,0,0,0,,,,,205.96981455588923,436012.85596875,317.0,cea,MULTI_RES,NONE,NONE,
Alameda_Arro,B1244,matched,63.64,123.2,16435.8,24503.83,8068.0300000000025,0.4908814904050915,49.08814904050915,0.0,100.0,0.0,0.0,0.0,100.0,0.0,0.0,1,2,0,1,0,1,0,2,0.920470654964447,0.9202444564589248,0.8479024767875671,0.9930388331413269,119.4205588409628,288807.600375,204.0,cea,MULTI_RES,NONE,NONE,
Alameda_Arro,B1245,matched,39.19,39.19,9387.43,9211.19,-176.23999999999978,-0.018774041457566105,-1.8774041457566104,100.0,0.0,0.0,0.0,100.0,0.0,0.0,0.0,0,0,0,0,0,0,0,0,,,,,84.10328290673212,181548.0815625,136.0,cea,MULTI_RES,NONE,NONE,
Alameda_Arro,B1246,matched,34.94,66.93,8823.29,15268.03,6444.74,0.7304236854959997,73.04236854959997,0.0,0.0,0.0,100.0,0.0,0.0,0.0,100.0,1,2,0,1,0,1,0,2,0.9861862361431122,0.9861918002730413,0.9731786251068115,0.9991938471794128,65.56260396539024,149356.08025,102.0,cea,MULTI_RES,NONE,NONE,
Alameda_Arro,B1247,matched,84.17,160.61,19748.93,30068.02,10319.09,0.5225138779670595,52.25138779670595,0.0,100.0,0.0,0.0,0.0,100.0,0.0,0.0,1,2,0,1,0,1,0,2,0.9721442461013794,0.9714989905298503,0.9663518071174622,0.9779366850852966,157.9325754598365,328243.9529375,265.0,cea,MULTI_RES,NONE,NONE,
Alameda_Arro,B1248,matched,21.54,20.5,3096.75,2777.7,-319.0500000000002,-0.10302736740130788,-10.302736740130788,100.0,0.0,0.0,0.0,100.0,0.0,0.0,0.0,0,0,0,0,0,0,0,0,,,,,91.25196721677779,113608.850125,143.0,cea,MULTI_RES,NONE,NONE,
Alameda_Arro,B1249,matched,128.1,246.27,30661.38,54957.6,24296.219999999998,0.7924046471489541,79.24046471489541,0.0,0.0,0.0,100.0,0.0,0.0,0.0,100.0,1,2,0,1,0,1,0,2,0.9774417281150818,0.9773806257008096,0.9563480615615845,0.9985353946685791,240.36369785568323,527183.76625,397.0,cea,MULTI_RES,NONE,NONE,
Alameda_Arro,B1250,matched,122.3,226.31,32087.36,40761.16,8673.800000000003,0.27031828109261724,27.031828109261724,0.0,19.148184147742334,52.87620394097377,27.97561191128391,0.0,18.84637056257322,50.977965446170195,30.17566399125659,1,3,1,1,0,1,0,3,0.7538814842700958,0.6592227900264752,0.4587022364139557,0.9695195555686951,222.59726119937847,581480.8183125,383.0,cea,MULTI_RES,NONE,NONE,
Alameda_Arro,B1251,matched,108.73,206.29,19874.79,33119.47,13244.68,0.6664060349820048,66.64060349820048,0.0,100.0,0.0,0.0,0.0,100.0,0.0,0.0,1,2,0,1,0,1,0,2,0.9628787636756897,0.9628711958323617,0.9571380615234375,0.9686194658279419,204.01394452020568,409655.479703125,334.0,cea,MULTI_RES,NONE,NONE,
Alameda_Arro,B1252,matched,72.49,138.09,18198.89,31593.01,13394.119999999999,0.7359855463712347,73.59855463712347,0.0,0.0,0.0,100.0,0.0,0.0,0.0,100.0,1,2,0,1,0,1,0,2,0.9901638925075531,0.9901457754045472,0.9804185032844543,0.9999092817306519,136.00586276416064,321261.5138125,227.0,cea,MULTI_RES,NONE,NONE,
Alameda_Arro,B1253,matched,88.26,167.78,21863.07,39259.28,17396.21,0.7956892604743981,79.56892604743982,49.77947311956134,25.11026344021933,0.0,25.110263440219338,55.4056037983259,22.70722839569258,0.0,21.887167805981512,1,3,0,1,0,1,1,3,0.7472407023111979,0.6651184472055295,0.41433727741241455,0.9933706521987915,165.61162929885379,306360.470484375,275.0,cea,MULTI_RES,NONE,NONE,
Alameda_Arro,B1254,matched,56.69,109.05,15337.29,23913.6,8576.309999999998,0.5591802723949275,55.91802723949275,0.0,100.0,0.0,0.0,0.0,100.0,0.0,0.0,1,2,0,1,0,1,0,2,0.8051373362541199,0.7975816597795392,0.621886670589447,0.9883880019187927,106.37305617337178,201633.39800000002,165.0,cea,MULTI_RES,NONE,NONE,
Alameda_Arro,B1255,matched,99.58,190.79,20115.84,36840.06,16724.219999999998,0.8313955569342367,83.13955569342367,0.0,0.0,0.0,100.0,0.0,0.0,0.0,100.0,1,2,0,1,0,1,0,2,0.9801238477230072,0.9801458420440997,0.9638193845748901,0.9964283108711243,210.24893079581256,445134.034,348.0,cea,MULTI_RES,NONE,NONE,
Alameda_Arro,B1256,matched,69.75,69.75,18064.82,16825.92,-1238.9000000000015,-0.0685808106585065,-6.858081065850651,100.0,0.0,0.0,0.0,100.0,0.0,0.0,0.0,0,0,0,0,0,0,0,0,,,,,130.71936428690498,245533.55975000001,220.0,cea,MULTI_RES,NONE,NONE,
Alameda_Arro,B1257,matched,87.58,166.9,23892.03,37438.81,13546.779999999999,0.5669999577264887,56.69999577264887,0.0,100.0,0.0,0.0,0.0,100.0,0.0,0.0,1,2,0,1,0,1,0,2,0.9874981939792633,0.9874895821042735,0.9769707322120667,0.99802565574646,164.31980222336261,344238.11509375,266.0,cea,MULTI_RES,NONE,NONE,
Alameda_Arro,B1258,matched,72.16,139.38,18287.63,28984.45,10696.82,0.5849210641291408,58.49210641291408,0.0,100.0,0.0,0.0,0.0,100.0,0.0,0.0,1,2,0,1,0,1,0,2,0.9416918456554413,0.9417619737345226,0.912574827671051,0.9708088636398315,135.3479336390224,316450.116,223.0,cea,MULTI_RES,NONE,NONE,
Alameda_Arro,B1259,matched,102.05,197.06,27617.44,42654.31,15036.869999999999,0.544470088465839,54.4470088465839,0.0,100.0,0.0,0.0,0.0,100.0,0.0,0.0,1,2,0,1,0,1,0,2,0.9154843688011169,0.9154276621874388,0.882693886756897,0.9482748508453369,191.48479695305667,456898.3604375,320.0,cea,MULTI_RES,NONE,NONE,
Alameda_Arro,B1260,matched,58.31,58.31,15127.86,14975.98,-151.88000000000102,-0.010039754466262976,-1.0039754466262976,100.0,0.0,0.0,0.0,100.0,0.0,0.0,0.0,0,0,0,0,0,0,0,0,,,,,109.39633562142757,191960.28029687502,178.0,cea,MULTI_RES,NONE,NONE,
Alameda_Arro,B1261,matched,65.54,65.54,17812.24,17801.41,-10.830000000001746,-0.0006080088747963055,-0.060800887479630555,100.0,0.0,0.0,0.0,100.0,0.0,0.0,0.0,0,0,0,0,0,0,0,0,,,,,122.9783891800405,291608.6739375,195.0,cea,MULTI_RES,NONE,NONE,
Alameda_Arro,B1262,matched,82.43,156.64,17543.87,27370.32,9826.45,0.5601073195366816,56.010731953668156,0.0,100.0,0.0,0.0,0.0,100.0,0.0,0.0,1,2,0,1,0,1,0,2,0.9933727979660034,0.9933723352063771,0.9928923845291138,0.9938532114028931,154.6631107822222,310911.37003125,258.0,cea,MULTI_RES,NONE,NONE,
Alameda_Arro,B1263,matched,84.69,161.57,22970.48,36063.43,13092.95,0.5699902657671934,56.99902657671934,0.0,100.0,0.0,0.0,0.0,100.0,0.0,0.0,1,2,0,1,0,1,0,2,0.9230950176715851,0.9230665572317411,0.8785614967346191,0.967628538608551,158.90930707712647,212758.109859375,266.0,cea,MULTI_RES,NONE,NONE,
Alameda_Arro,B1264,matched,61.17,116.18,16745.62,26458.06,9712.440000000002,0.5799988295446811,57.999882954468106,0.0,100.0,0.0,0.0,0.0,100.0,0.0,0.0,1,2,0,1,0,1,0,2,0.9470870792865753,0.9472018061835947,0.9106448292732239,0.9835293292999268,114.7672344312897,219901.1335625,185.0,cea,MULTI_RES,NONE,NONE,
Alameda_Arro,B1265,matched,129.13,248.65,34841.24,53404.95,18563.71,0.5328085337950085,53.28085337950085,0.0,100.0,0.0,0.0,0.0,100.0,0.0,0.0,1,2,0,1,0,1,0,2,0.9667537808418274,0.9658430530105001,0.9375292062759399,0.9959783554077148,238.84533072938018,501028.086375,387.0,cea,MULTI_RES,NONE,NONE,
Alameda_Arro,B1266,matched,42.73,42.73,10773.43,10751.75,-21.68000000000029,-0.0020123581811920892,-0.20123581811920893,100.0,0.0,0.0,0.0,100.0,0.0,0.0,0.0,0,0,0,0,0,0,0,0,,,,,94.7479286547467,189326.51959375,164.0,cea,MULTI_RES,NONE,NONE,
Alameda_Arro,B1267,matched,107.87,210.08,29458.68,45540.95,16082.269999999997,0.5459263619415397,54.59263619415397,0.0,100.0,0.0,0.0,0.0,100.0,0.0,0.0,1,2,0,1,0,1,0,2,0.9501315355300903,0.9512078490669492,0.9118726253509521,0.9883904457092285,203.34649703652957,407608.81871875003,335.0,cea,MULTI_RES,NONE,NONE,
Alameda_Arro,B1268,matched,89.97,174.81,24538.82,37860.51,13321.690000000002,0.542882257582068,54.2882257582068,0.0,100.0,0.0,0.0,0.0,100.0,0.0,0.0,1,2,0,1,0,1,0,2,0.9656171798706055,0.9656350933180297,0.9567198753356934,0.9745144844055176,168.89439007986164,341973.285625,274.0,cea,MULTI_RES,NONE,NONE,
Alameda_Arro,B1269,matched,66.22,129.35,17666.95,26694.75,9027.8,0.5109993518971865,51.09993518971865,0.0,100.0,0.0,0.0,0.0,100.0,0.0,0.0,1,2,0,1,0,1,0,2,0.6426054090261459,0.6427397356948699,0.4596581757068634,0.8255526423454285,124.2503101509625,315273.780625,215.0,cea,MULTI_RES,NONE,NONE,
Alameda_Arro,B1270,matched,93.84,177.76,21099.38,33295.3,12195.920000000002,0.5780226717562318,57.80226717562318,0.0,100.0,0.0,0.0,0.0,100.0,0.0,0.0,1,2,0,1,0,1,0,2,0.9885002970695496,0.9885320980658643,0.9776414036750793,0.9993591904640198,176.07376558938964,349106.015625,309.0,cea,MULTI_RES,NONE,NONE,
Alameda_Arro,B1271,matched,126.56,126.56,31497.84,31631.84,134.0,0.00425425997465223,0.425425997465223,100.0,0.0,0.0,0.0,100.0,0.0,0.0,0.0,0,0,0,0,0,0,0,0,,,,,237.52585684573702,471313.259453125,386.0,cea,MULTI_RES,NONE,NONE,
Alameda_Arro,B1272,matched,95.92,210.49,18304.06,41018.62,22714.56,1.2409574706376618,124.09574706376618,0.0,0.0,0.0,100.0,0.0,0.0,0.0,100.0,1,2,0,1,0,1,0,2,0.9898787140846252,0.9899241724809296,0.9851138591766357,0.9946435689926147,206.61897936890034,421709.448859375,334.0,cea,MULTI_RES,NONE,NONE,
Alameda_Arro,B1273,matched,64.29,121.77,17582.44,28051.26,10468.82,0.5954133783479426,59.54133783479426,0.0,100.0,0.0,0.0,0.0,100.0,0.0,0.0,1,2,0,1,0,1,0,2,0.9897980391979218,0.9895084914671388,0.9822726249694824,0.9973234534263611,120.598981587919,253235.5516875,192.0,cea,MULTI_RES,NONE,NONE,
Alameda_Arro,B1274,matched,123.54,242.26,27645.29,42447.54,14802.25,0.5354347883491184,53.54347883491184,0.0,100.0,0.0,0.0,0.0,100.0,0.0,0.0,1,2,0,1,0,1,0,2,0.8786920607089996,0.879172222654575,0.7690014839172363,0.9883826375007629,231.80903405862514,556658.805,373.0,cea,MULTI_RES,NONE,NONE,
Alameda_Arro,B1275,matched,61.73,61.73,15263.69,15299.92,36.22999999999956,0.0023736069063247196,0.23736069063247195,100.0,0.0,0.0,0.0,100.0,0.0,0.0,0.0,0,0,0,0,0,0,0,0,,,,,115.8289012656605,249679.544296875,188.0,cea,MULTI_RES,NONE,NONE,
Alameda_Arro,B1276,matched,90.26,173.85,23008.86,34767.16,11758.300000000003,0.511033575761685,51.1033575761685,0.0,100.0,0.0,0.0,0.0,100.0,0.0,0.0,1,2,0,1,0,1,0,2,0.7053608298301697,0.705371254182925,0.5004016757011414,0.910319983959198,169.3275950517997,311859.1768125,272.0,cea,MULTI_RES,NONE,NONE,
Alameda_Arro,B1277,matched,81.14,156.42,17797.79,28645.76,10847.969999999998,0.609512192244093,60.9512192244093,0.0,100.0,0.0,0.0,0.0,100.0,0.0,0.0,1,2,0,1,0,1,0,2,0.7681276202201843,0.7680776087749864,0.6467547416687012,0.8895004987716675,152.21016695320387,341319.4343125,250.0,cea,MULTI_RES,NONE,NONE,
Alameda_Arro,B1278,matched,93.25,176.44,24456.95,41768.11,17311.16,0.7078217030332891,70.78217030332891,0.0,0.0,0.0,100.0,0.0,0.0,0.0,100.0,1,2,0,1,0,1,0,2,0.9947069585323334,0.9952661772520424,0.9895691275596619,0.9998447895050049,174.9761184749166,314476.98757812503,288.0,cea,MULTI_RES,NONE,NONE,
Alameda_Arro,B1279,matched,161.9,314.01,43065.19,65299.59,22234.399999999994,0.5162963405014582,51.629634050145825,0.0,100.0,0.0,0.0,0.0,100.0,0.0,0.0,1,2,0,1,0,1,0,2,0.9320131540298462,0.9386316866620864,0.8669086694717407,0.9971176385879517,303.7709108319125,693881.45184375,493.0,cea,MULTI_RES,NONE,NONE,
Alameda_Arro,B1280,matched,96.13,193.67,22195.42,41211.35,19015.93,0.8567501763877413,85.67501763877414,0.0,0.0,0.0,100.0,0.0,0.0,0.0,100.0,1,2,0,1,0,1,0,2,0.9829212427139282,0.9839959531183574,0.9660500884056091,0.9997923970222473,183.93060275383533,336385.045328125,303.0,cea,MULTI_RES,NONE,NONE,
Alameda_Arro,B1281,matched,44.67,99.77,10951.03,20404.11,9453.08,0.8632137798910239,86.32137798910239,44.657177225340824,0.0,55.34282277465918,0.0,50.576893888033126,0.0,49.42310611196688,0.0,1,2,0,1,1,0,0,2,0.8882142007350922,0.8898515143970768,0.8728963136672974,0.903532087802887,97.54234060293847,201742.998375,155.0,cea,MULTI_RES,NONE,NONE,
Alameda_Arro,B1282,matched,104.64,230.08,23170.23,43301.58,20131.350000000002,0.868845497001972,86.8845497001972,18.522381573229023,55.08909169926118,26.38852672750977,0.0,15.388287537994389,58.31143337742938,26.300279084576257,0.0,1,3,1,1,1,0,0,3,0.64863520860672,0.7302015574559119,0.4877697825431824,0.897762656211853,230.0780277883612,427796.0973125,379.0,cea,MULTI_RES,NONE,NONE,
Alameda_Arro,B1283,matched,64.56,125.39,15369.5,25286.34,9916.84,0.6452285370376395,64.52285370376394,0.0,100.0,0.0,0.0,0.0,100.0,0.0,0.0,1,2,0,1,0,1,0,2,0.9573695361614227,0.957314421547131,0.9250184297561646,0.9897206425666809,121.13586590012937,297421.046625,189.0,cea,MULTI_RES,NONE,NONE,
Alameda_Arro,B1284,matched,86.85,171.75,18720.58,31191.5,12470.919999999998,0.6661609843284768,66.61609843284768,0.0,100.0,0.0,0.0,0.0,100.0,0.0,0.0,1,2,0,1,0,1,0,2,0.9432291686534882,0.9407602799961057,0.8925190567970276,0.9939392805099487,168.20513465066105,386187.326625,273.0,cea,MULTI_RES,NONE,NONE,
Alameda_Arro,B1285,matched,99.45,193.35,26162.11,45892.16,19730.050000000003,0.754145976757991,75.4145976757991,52.11274890095681,0.0,47.88725109904318,0.0,58.33253516114839,0.0,41.66746483885162,0.0,1,2,1,1,0,0,0,2,0.9884196221828461,0.9887462405573064,0.9806753993034363,0.9961638450622559,187.57328712383227,423142.4485,311.0,cea,MULTI_RES,NONE,NONE,
Alameda_Arro,B1286,matched,109.88,213.73,23912.88,37113.19,13200.310000000001,0.5520167374235141,55.20167374235141,0.0,69.8437207561295,30.156279243870475,0.0,0.0,73.23406111029122,26.765938889708778,0.0,1,3,1,1,1,0,0,3,0.8958356777826945,0.9040780114300835,0.844581127166748,0.9565101265907288,218.7664317272587,486659.338890625,371.0,cea,MULTI_RES,NONE,NONE,
Alameda_Arro,B1287,matched,173.76,348.19,42118.39,71237.4,29119.009999999995,0.691360947082735,69.1360947082735,0.0,100.0,0.0,0.0,0.0,100.0,0.0,0.0,1,2,0,1,0,1,0,2,0.9931948781013489,0.9943157737803611,0.9896126389503479,0.9967771172523499,339.24787443953954,770010.46425,556.0,cea,MULTI_RES,NONE,NONE,
Alameda_Arro,B1288,matched,181.15,361.72,41437.66,78409.83,36972.17,0.8922359515474569,89.2235951547457,64.67807480717663,0.0,35.32192519282337,0.0,67.54718685755876,0.0,32.452813142441244,0.0,1,2,1,0,1,0,0,2,0.8654955923557281,0.8662779367650201,0.8628308176994324,0.8681603670120239,350.9276070881628,756810.565625,579.0,cea,MULTI_RES,NONE,NONE,
Alameda_Arro,B1289,matched,87.47,170.49,23725.85,36825.7,13099.849999999999,0.5521340647437288,55.21340647437288,0.0,100.0,0.0,0.0,0.0,100.0,0.0,0.0,1,2,0,1,0,1,0,2,0.7887277901172638,0.7327627880680343,0.6015847325325012,0.9758708477020264,165.03411338384126,388743.04387500003,267.0,cea,MULTI_RES,NONE,NONE,
Alameda_Arro,B1291,matched,137.79,269.77,37061.33,57313.93,20252.6,0.5464617702602685,54.646177026026855,0.0,100.0,0.0,0.0,0.0,100.0,0.0,0.0,1,2,0,1,0,1,0,2,0.9617851078510284,0.9597428001141716,0.9533503651618958,0.9702198505401611,258.55085545087564,600926.60425,430.0,cea,MULTI_RES,NONE,NONE,
Alameda_Arro,B1292,matched,120.89,231.03,30964.23,42778.73,11814.500000000004,0.3815531663471045,38.15531663471045,0.0,28.48857340720222,53.12067174515236,18.39075484764543,0.0,32.385410472394135,48.98017959471929,18.6344099328866,1,3,1,1,0,1,0,3,0.8306576013565063,0.7725822326392451,0.6155123710632324,0.9954535961151123,226.84493685131693,506947.1045,367.0,cea,MULTI_RES,NONE,NONE,
Alameda_Arro,B1293,matched,133.84,133.84,36123.08,36389.82,266.73999999999796,0.0073841986895911964,0.7384198689591196,100.0,0.0,0.0,0.0,100.0,0.0,0.0,0.0,0,0,0,0,0,0,0,0,,,,,251.11486038350992,584231.3141406251,414.0,cea,MULTI_RES,NONE,NONE,
Alameda_Arro,B1294,matched,135.8,262.06,36538.82,56997.78,20458.96,0.5599239384304145,55.992393843041455,0.0,100.0,0.0,0.0,0.0,100.0,0.0,0.0,1,2,0,1,0,1,0,2,0.98906010389328,0.9885453608365301,0.9871424436569214,0.9909777641296387,254.81578930012637,569064.397875,422.0,cea,MULTI_RES,NONE,NONE,
Alameda_Arro,B1295,matched,120.75,234.37,30605.05,54980.95,24375.899999999998,0.7964665961989933,79.64665961989932,0.0,0.0,0.0,100.0,0.0,0.0,0.0,100.0,1,2,0,1,0,1,0,2,0.9924541115760803,0.9932507888685007,0.9876555800437927,0.9972526431083679,226.5652623555645,502470.644875,379.0,cea,MULTI_RES,NONE,NONE,
Alameda_Arro,B1296,matched,120.12,232.28,31983.61,55612.72,23629.11,0.7387880855225536,73.87880855225536,0.0,0.0,0.0,100.0,0.0,0.0,0.0,100.0,1,2,0,1,0,1,0,2,0.9904052317142487,0.9917525376253159,0.9822381138801575,0.9985723495483398,225.38680235346737,478814.23637500004,367.0,cea,MULTI_RES,NONE,NONE,
Alameda_Arro,B1297,matched,113.26,222.75,30294.46,54093.49,23799.03,0.7855901706120525,78.55901706120525,0.0,0.0,0.0,100.0,0.0,0.0,0.0,100.0,1,2,0,1,0,1,0,2,0.9372691810131073,0.9450121647480125,0.874767541885376,0.9997708201408386,218.3874961310132,485375.53190625,359.0,cea,MULTI_RES,NONE,NONE,
Alameda_Arro,B1298,matched,195.76,384.37,52509.79,72348.15,19838.359999999993,0.3778030725318077,37.78030725318077,0.0,21.17956189187784,51.521931422030306,27.2985066860919,0.0,21.380119741296262,48.58299837887563,30.036881879828098,1,3,1,1,0,1,0,3,0.9022416273752848,0.8869577049677573,0.8483206033706665,0.9945536851882935,381.04104579078347,853806.4676875001,632.0,cea,MULTI_RES,NONE,NONE,
Alameda_Arro,B1299,matched,100.2,196.27,24985.88,45537.85,20551.969999999998,0.8225433724967861,82.25433724967861,0.0,0.0,0.0,100.0,0.0,0.0,0.0,100.0,1,2,0,1,0,1,0,2,0.8734622299671173,0.9024962294445339,0.7479103207588196,0.999014139175415,191.09670087674453,427043.5773125,316.0,cea,MULTI_RES,NONE,NONE,
Alameda_Arro,B1300,matched,123.11,237.38,28172.88,50891.11,22718.23,0.8063864965172179,80.63864965172179,0.0,0.0,0.0,100.0,0.0,0.0,0.0,100.0,1,2,0,1,0,1,0,2,0.9883327186107635,0.9901766276363251,0.9768946170806885,0.9997708201408386,231.000891997673,491449.4275625,378.0,cea,MULTI_RES,NONE,NONE,
Alameda_Arro,B1301,matched,144.84,279.92,38392.11,60033.08,21640.97,0.5636827462726065,56.368274627260654,0.0,100.0,0.0,0.0,0.0,100.0,0.0,0.0,1,2,0,1,0,1,0,2,0.9868475198745728,0.98777910839788,0.9826300740242004,0.9910649657249451,271.79254101395026,625717.51228125,454.0,cea,MULTI_RES,NONE,NONE,
Alameda_Arro,B1302,matched,175.24,343.53,48006.0,71758.33,23752.33,0.4947783610382036,49.47783610382036,0.0,14.002095947834189,57.615277130880294,28.382626921285514,0.0,15.064158910266064,54.906150500790304,30.02969058894364,1,3,1,1,0,1,0,3,0.6166209777196249,0.6560613221607078,0.5089465975761414,0.698565661907196,337.0582757252402,701599.42221875,546.0,cea,MULTI_RES,NONE,NONE,
Alameda_Arro,B1303,matched,97.97,188.26,26832.72,50012.3,23179.58,0.8638550247608144,86.38550247608144,49.986721198279064,25.10224677325118,0.0,24.911032028469744,52.075140053516364,23.95885927955025,0.0,23.966000666933375,1,3,0,1,1,1,0,3,0.8162771860758463,0.8390141851387645,0.5681266784667969,0.9719194769859314,183.84794849854575,455807.67075,312.0,cea,MULTI_RES,NONE,NONE,
Alameda_Arro,B1304,matched,55.59,55.59,14818.59,14172.99,-645.6000000000004,-0.04356689806520056,-4.356689806520056,100.0,0.0,0.0,0.0,100.0,0.0,0.0,0.0,0,0,0,0,0,0,0,0,,,,,104.30236244572964,234725.67559375,161.0,cea,MULTI_RES,NONE,NONE,
Alameda_Arro,B1305,matched,72.05,153.39,14213.71,23866.77,9653.060000000001,0.6791372555089419,67.91372555089418,0.0,19.131738478586797,50.27051691545532,30.597744605957892,0.0,18.522588919832632,52.81727127597069,28.660139804196692,1,3,1,1,0,1,0,3,0.7204139133294424,0.7116907446922173,0.48251864314079285,0.9966192245483398,183.60409134379327,353629.90307812503,307.0,cea,MULTI_RES,NONE,NONE,
Alameda_Arro,B1306,matched,86.81,162.93,23256.12,38219.82,14963.7,0.643430632452877,64.3430632452877,48.02994967472688,0.0,51.9700503252731,0.0,52.56211970102906,0.0,47.43788029897092,0.0,1,2,1,0,1,0,0,2,0.931918203830719,0.9341519820184737,0.8752777576446533,0.9885586500167847,160.31723404706466,394394.48575,268.0,cea,MULTI_RES,NONE,NONE,
Alameda_Arro,B1307,matched,151.81,238.27,36667.91,51762.03,15094.119999999995,0.41164385971275685,41.164385971275685,31.051703877790832,68.94829612220917,0.0,0.0,32.12510162172572,67.87489837827427,0.0,0.0,1,2,0,1,0,0,1,2,0.5941715836524963,0.5883923972494395,0.5253567695617676,0.6629863977432251,300.3216196751228,666048.25915625,504.0,cea,MULTI_RES,NONE,NONE,
Alameda_Arro,B1308,matched,472.58,472.58,129307.57,129347.86,40.2899999999936,0.00031158268614895165,0.031158268614895165,100.0,0.0,0.0,0.0,100.0,0.0,0.0,0.0,0,0,0,0,0,0,0,0,,,,,886.6499341363852,1989341.805296875,1463.0,cea,MULTI_RES,NONE,NONE,
Alameda_Arro,B1309,matched,52.23,101.76,14193.76,30553.66,16359.9,1.1526121337827326,115.26121337827327,100.0,0.0,0.0,0.0,100.0,0.0,0.0,0.0,1,1,0,0,1,0,0,1,0.9936243295669556,0.9936243295669556,0.9936243295669556,0.9936243295669556,97.998299351422,198041.116125,176.0,cea,MULTI_RES,NONE,NONE,
Alameda_Arro,B1310,matched,88.06,167.18,24085.73,39467.84,15382.109999999997,0.638639974790052,63.8639974790052,25.18243809068069,49.59325278143317,25.22430912788611,0.0,27.772394236724978,49.88078870137144,22.346817061903593,0.0,1,3,1,0,1,0,1,3,0.5146838029225668,0.49617845369598196,0.43867719173431396,0.6410170197486877,165.23265887857073,264668.7624375,260.0,cea,MULTI_RES,NONE,NONE,
Alameda_Arro,B1311,matched,108.14,202.53,28983.48,49571.55,20588.070000000003,0.7103380960464376,71.03380960464376,52.041672838591815,47.958327161408185,0.0,0.0,56.79046371805604,43.209536281943976,0.0,0.0,1,2,0,1,1,0,0,2,0.7296511232852936,0.7287863382871924,0.5113509297370911,0.9479513168334961,202.85723717886634,329251.79825,330.0,cea,MULTI_RES,NONE,NONE,
Alameda_Arro,B1312,matched,73.99,141.67,20180.27,31973.49,11793.220000000001,0.584393568569697,58.4393568569697,0.0,0.0,49.94706006917485,50.05293993082517,0.0,0.0,45.045817362048076,54.954182637951924,1,2,0,1,0,1,0,2,0.8065349757671356,0.8066307385346547,0.6520248651504517,0.9610450863838196,138.82949782658915,310829.1630625,223.0,cea,MULTI_RES,NONE,NONE,
Alameda_Arro,B1314,matched,106.81,219.88,24022.12,50214.36,26192.24,1.0903384047702702,109.03384047702703,0.0,0.0,0.0,100.0,0.0,0.0,0.0,100.0,1,2,0,1,0,1,0,2,0.9581728577613831,0.9592754247582883,0.9232483506202698,0.9930973649024963,213.45631452308226,324839.766328125,356.0,cea,MULTI_RES,NONE,NONE,
Alameda_Arro,B1315,matched,26.51,26.51,3713.18,3697.33,-15.849999999999909,-0.004268578415266675,-0.42685784152666745,100.0,0.0,0.0,0.0,100.0,0.0,0.0,0.0,0,0,0,0,0,0,0,0,,,,,151.11470398749574,229544.03334375,244.0,cea,MULTI_RES,NONE,NONE,
Alameda_Arro,B1318,matched,442.27,442.27,117806.98,117167.44,-639.5399999999936,-0.0054287105908325094,-0.542871059083251,100.0,0.0,0.0,0.0,100.0,0.0,0.0,0.0,0,0,0,0,0,0,0,0,,,,,829.8339367188288,1761948.936234375,1364.0,cea,SINGLE_RES,NONE,NONE,
Alameda_Arro,B1326,matched,136.75,258.72,37137.79,62617.75,25479.96,0.6860925219298186,68.60925219298186,24.954589371980685,0.0,24.270531400966195,50.77487922705317,27.966939670872954,0.0,22.096352676122635,49.9367076530044,1,3,1,1,1,0,0,3,0.8161414464314779,0.7961837632708728,0.7371342778205872,0.9684388637542725,253.54691436654088,542302.699,416.0,cea,MULTI_RES,NONE,NONE,
Alameda_Arro,B1328,matched,72.34,143.05,19272.02,28794.24,9522.220000000001,0.49409558520590996,49.409558520591,0.0,100.0,0.0,0.0,0.0,100.0,0.0,0.0,1,2,0,1,0,1,0,2,0.6298846453428268,0.6328769348739299,0.4283691346645355,0.8314001560211182,135.72657573337074,291490.3258125,223.0,cea,MULTI_RES,NONE,NONE,
Alameda_Arro,B1329,matched,62.57,62.57,12447.67,11189.86,-1257.8099999999995,-0.10104782662136766,-10.104782662136765,100.0,0.0,0.0,0.0,100.0,0.0,0.0,0.0,0,0,0,0,0,0,0,0,,,,,117.40339840943727,257592.175625,184.0,cea,MULTI_RES,NONE,NONE,
Alameda_Arro,B1330,matched,32.43,63.15,8295.47,15546.44,7250.970000000001,0.8740879058088332,87.40879058088332,48.59857482185273,0.0,0.0,51.40142517814728,51.550663740364335,0.0,0.0,48.44933625963567,1,3,0,1,1,1,0,3,0.5650685727596283,0.5447756374783593,0.4713694751262665,0.6878955960273743,60.84514795323105,110359.53859375,108.0,cea,MULTI_RES,NONE,NONE,
Alameda_Arro,B1331,matched,148.79,216.14,39233.9,45330.12,6096.220000000001,0.15538144308875745,15.538144308875745,0.0,31.362479759426325,34.8878093916262,33.74971084894749,0.0,29.843908603985668,35.71786162553534,34.43822977047898,1,3,0,1,0,1,1,3,0.6774714092413584,0.721427970713758,0.4640207588672638,0.84241783618927,279.1869714810557,685196.27834375,460.0,cea,MULTI_RES,NONE,NONE,
Alameda_Arro,B1332,matched,107.19,208.31,26407.29,46434.5,20027.21,0.7583970183990859,75.83970183990859,0.0,0.0,0.0,100.0,0.0,0.0,0.0,100.0,1,2,0,1,0,1,0,2,0.9676014482975006,0.9679608488338547,0.9370187520980835,0.9981841444969177,201.3975737114784,481770.954625,332.0,cea,MULTI_RES,NONE,NONE,
Alameda_Arro,B1333,matched,93.82,179.47,25207.71,43761.3,18553.590000000004,0.7360283817927136,73.60283817927136,0.0,0.0,0.0,100.0,0.0,0.0,0.0,100.0,1,2,0,1,0,1,0,2,0.96720290184021,0.9676461991402355,0.9360745549201965,0.9983312487602234,176.03387378689158,418296.956375,290.0,cea,MULTI_RES,NONE,NONE,
Alameda_Arro,B1334,matched,67.9,132.71,17468.47,30698.31,13229.84,0.7573553951777116,75.73553951777116,0.0,0.0,0.0,100.0,0.0,0.0,0.0,100.0,1,2,0,1,0,1,0,2,0.9596562683582306,0.9595548091494831,0.9433808922767639,0.9759316444396973,127.41092657653769,303438.5634375,211.0,cea,MULTI_RES,NONE,NONE,
Alameda_Arro,B1335,matched,163.85,315.6,44263.91,76619.96,32356.050000000003,0.7309803856008201,73.09803856008202,0.0,0.0,0.0,100.0,0.0,0.0,0.0,100.0,1,2,0,1,0,1,0,2,0.9159017503261566,0.915753549286672,0.9065296053886414,0.9252738952636719,307.4367720353565,664286.45759375,508.0,cea,MULTI_RES,NONE,NONE,
Alameda_Arro,B1336,matched,166.59,314.35,43879.74,75220.59,31340.85,0.7142442047286516,71.42442047286515,0.0,0.0,0.0,100.0,0.0,0.0,0.0,100.0,1,2,0,1,0,1,0,2,0.8973412215709686,0.8962683607447984,0.7997793555259705,0.9949030876159668,308.78039243220104,736097.74815625,507.0,cea,MULTI_RES,NONE,NONE,
Alameda_Arro,B1337,matched,71.17,137.07,19114.72,36246.32,17131.6,0.8962516845656121,89.62516845656121,51.05420588020719,24.65163784927409,0.0,24.29415627051871,52.89603333363752,23.2825313438461,0.0,23.821435322516376,1,3,0,1,1,1,0,3,0.636775016784668,0.6141163280343721,0.4281385540962219,0.9312155842781067,133.54661992368383,219381.469,219.0,cea,MULTI_RES,NONE,NONE,
Alameda_Arro,B1338,matched,122.26,128.21,29282.39,28816.02,-466.369999999999,-0.015926637135834847,-1.5926637135834847,100.0,0.0,0.0,0.0,100.0,0.0,0.0,0.0,1,1,0,0,0,0,1,1,0.989822506904602,0.989822506904602,0.989822506904602,0.989822506904602,240.58815797997158,448519.8256875,400.0,cea,MULTI_RES,NONE,NONE,
Alameda_Arro,B1339,matched,103.6,103.6,28056.98,27829.58,-227.39999999999782,-0.008104935028645201,-0.8104935028645202,100.0,0.0,0.0,0.0,100.0,0.0,0.0,0.0,0,0,0,0,0,0,0,0,,,,,194.3788260624814,473696.862375,322.0,cea,MULTI_RES,NONE,NONE,
Alameda_Arro,B1340,matched,267.78,267.78,71207.37,71081.88,-125.48999999999069,-0.001762317580328984,-0.17623175803289842,100.0,0.0,0.0,0.0,100.0,0.0,0.0,0.0,0,0,0,0,0,0,0,0,,,,,505.35944414543894,1178990.4677812501,832.0,cea,MULTI_RES,NONE,NONE,
Alameda_Arro,B1341,matched,66.19,126.01,17759.52,24747.7,6988.18,0.39348923844788597,39.348923844788594,0.0,0.0,100.0,0.0,0.0,0.0,100.0,0.0,1,1,1,0,0,0,0,1,0.9818195104598999,0.9818195104598999,0.9818195104598999,0.9818195104598999,124.19022913420072,214657.74176562502,201.0,cea,MULTI_RES,NONE,NONE,
Alameda_Arro,B1342,matched,92.69,177.43,25005.14,43043.49,18038.35,0.7213856831035539,72.1385683103554,0.0,0.0,0.0,100.0,0.0,0.0,0.0,100.0,1,2,0,1,0,1,0,2,0.9872283339500427,0.9871090727584485,0.9747479557991028,0.9997087121009827,173.9257330348313,396849.3425,287.0,cea,MULTI_RES,NONE,NONE,
Alameda_Arro,B1343,matched,41.4,41.4,10754.6,10487.36,-267.2399999999998,-0.024848901865248338,-2.484890186524834,100.0,0.0,0.0,0.0,100.0,0.0,0.0,0.0,0,0,0,0,0,0,0,0,,,,,77.6793831407311,119199.60853125,131.0,cea,MULTI_RES,NONE,NONE,
Alameda_Arro,B1344,matched,111.61,213.65,30232.37,52356.59,22124.219999999998,0.7318056771599447,73.18056771599447,0.0,0.0,0.0,100.0,0.0,0.0,0.0,100.0,1,2,0,1,0,1,0,2,0.9901921153068542,0.9901332912919935,0.9806179404258728,0.9997662901878357,209.41346976697122,416664.775,344.0,cea,MULTI_RES,NONE,NONE,
Alameda_Arro,B1345,matched,127.29,241.1,31682.12,55366.22,23684.100000000002,0.7475541409476387,74.75541409476388,0.0,0.0,0.0,100.0,0.0,0.0,0.0,100.0,1,2,0,1,0,1,0,2,0.988993227481842,0.9889845600504856,0.9780635833740234,0.9999228715896606,238.84481936397202,527965.39625,392.0,cea,MULTI_RES,NONE,NONE,
Alameda_Arro,B1346,matched,81.6,120.27,22291.55,32049.27,9757.720000000001,0.437731786259816,43.7731786259816,34.04839111998005,0.0,0.0,65.95160888001996,34.311245618757496,0.0,0.0,65.6887543812425,1,2,0,1,0,0,1,2,0.8590939939022064,0.857203946908139,0.7397398352622986,0.9784481525421143,153.13257710101183,319798.284296875,254.0,cea,MULTI_RES,NONE,NONE,
Alameda_Arro,B1347,matched,261.5,502.21,70791.22,122791.78,52000.56,0.7345622804635942,73.45622804635941,0.0,0.0,0.0,100.0,0.0,0.0,0.0,100.0,1,2,0,1,0,1,0,2,0.9548079371452332,0.9544155092102289,0.9199024438858032,0.9897134304046631,490.65472615641903,1147142.14775,812.0,cea,MULTI_RES,NONE,NONE,
Alameda_Arro,B1348,matched,158.2,312.85,43120.16,77022.64,33902.479999999996,0.78623270414581,78.623270414581,0.0,0.0,0.0,100.0,0.0,0.0,0.0,100.0,1,2,0,1,0,1,0,2,0.8552240133285522,0.8557344117035914,0.7191401124000549,0.9913079142570496,305.1325636547706,658961.1357187501,503.0,cea,MULTI_RES,NONE,NONE,
Alameda_Arro,B1349,matched,37.99,60.82,7896.62,9166.98,1270.3599999999997,0.16087389288075146,16.087389288075148,42.49301101792469,0.0,57.50698898207531,0.0,35.02215129940103,0.0,64.97784870059897,0.0,1,2,0,1,0,1,0,2,0.7672711312770844,0.7598350995537563,0.6003054976463318,0.9342367649078369,71.2682309859089,63661.33178125,117.0,cea,MULTI_RES,NONE,NONE,
Alameda_Arro,B1351,matched,50.13,50.13,12940.67,12058.67,-882.0,-0.06815721288001317,-6.815721288001317,100.0,0.0,0.0,0.0,100.0,0.0,0.0,0.0,0,0,0,0,0,0,0,0,,,,,94.06354857619725,206503.58203125,164.0,cea,MULTI_RES,NONE,NONE,
Alameda_Arro,B1353,matched,62.94,62.94,15687.88,14816.26,-871.619999999999,-0.055560088424949645,-5.556008842494965,100.0,0.0,0.0,0.0,100.0,0.0,0.0,0.0,0,0,0,0,0,0,0,0,,,,,118.10070826111692,235156.508375,195.0,cea,MULTI_RES,NONE,NONE,
Alameda_Arro,B1354,matched,139.09,282.87,36914.42,67336.24,30421.820000000007,0.8241175128852087,82.41175128852088,45.37033763478876,0.0,54.62966236521124,0.0,48.147802682094685,0.0,51.8521973179053,0.0,1,2,1,0,1,0,0,2,0.9911558330059052,0.9917753026157428,0.9844608902931213,0.997850775718689,279.90247960383266,553368.807125,460.0,cea,MULTI_RES,NONE,NONE,
Alameda_Arro,B1355,matched,84.8,162.35,23118.99,36074.35,12955.359999999997,0.5603774213319871,56.03774213319871,0.0,100.0,0.0,0.0,0.0,100.0,0.0,0.0,1,2,0,1,0,1,0,2,0.9034371078014374,0.9033470038963779,0.8266377449035645,0.9802364706993103,159.11297402005636,333557.27534375,255.0,cea,MULTI_RES,NONE,NONE,
Alameda_Arro,B1356,matched,152.89,319.95,33752.7,57187.78,23435.08,0.6943171953651116,69.43171953651117,0.0,100.0,0.0,0.0,0.0,100.0,0.0,0.0,1,2,0,1,0,1,0,2,0.8781858682632446,0.8775890336678921,0.7620558142662048,0.9943159222602844,311.5144007656233,729901.907625,509.0,cea,MULTI_RES,NONE,NONE,
Alameda_Arro,B1357,matched,84.43,162.76,20867.7,31797.55,10929.849999999999,0.5237687910023624,52.37687910023624,0.0,100.0,0.0,0.0,0.0,100.0,0.0,0.0,1,2,0,1,0,1,0,2,0.9600468575954437,0.9600494404546034,0.9455147981643677,0.9745789170265198,158.45809150912112,302040.79918750003,266.0,cea,MULTI_RES,NONE,NONE,
Alameda_Arro,B1358,matched,96.56,188.62,17972.91,30054.27,12081.36,0.6721983251460114,67.21983251460114,0.0,100.0,0.0,0.0,0.0,100.0,0.0,0.0,1,2,0,1,0,1,0,2,0.9450059235095978,0.9447170287981729,0.8954551815986633,0.9945566654205322,181.17017602672067,422554.4975625,303.0,cea,MULTI_RES,NONE,NONE,
Alameda_Arro,B1359,matched,139.52,268.38,28458.21,47013.05,18554.840000000004,0.6520030599254136,65.20030599254136,0.0,100.0,0.0,0.0,0.0,100.0,0.0,0.0,1,2,0,1,0,1,0,2,0.9911976754665375,0.9911689048463612,0.9834721088409424,0.9989232420921326,285.8326052273292,683913.820421875,465.0,cea,MULTI_RES,NONE,NONE,
Alameda_Arro,B1360,matched,51.36,51.31,12620.42,12610.17,-10.25,-0.0008121758229916278,-0.08121758229916277,100.0,0.0,0.0,0.0,100.0,0.0,0.0,0.0,1,1,0,0,0,0,1,1,0.8122122883796692,0.8122122883796691,0.8122122883796692,0.8122122883796692,96.3669503545701,86187.455703125,160.0,cea,MULTI_RES,NONE,NONE,
Alameda_Arro,B1362,matched,78.96,78.92,20431.1,20348.99,-82.10999999999694,-0.004018873188423381,-0.40188731884233814,100.0,0.0,0.0,0.0,100.0,0.0,0.0,0.0,1,1,0,0,0,0,1,1,0.9762144684791565,0.9762144684791565,0.9762144684791565,0.9762144684791565,148.14866566988576,365306.8945625,243.0,cea,MULTI_RES,NONE,NONE,
Alameda_Arro,B1363,matched,112.6,217.11,29624.19,55517.81,25893.62,0.8740701433524427,87.40701433524427,53.27959465684016,21.123906034085678,0.0,25.596499309074154,53.919239492845385,20.877990488949933,0.0,25.202770018204657,1,3,0,1,1,1,0,3,0.7549421787261963,0.6638757309816767,0.43374931812286377,0.9814878702163696,217.34130073643846,442346.55350000004,357.0,cea,MULTI_RES,NONE,NONE,
Alameda_Arro,B1364,matched,42.43,42.43,11299.1,10499.31,-799.7900000000009,-0.0707835137311822,-7.07835137311822,100.0,0.0,0.0,0.0,100.0,0.0,0.0,0.0,0,0,0,0,0,0,0,0,,,,,79.60558017183584,175111.157875,130.0,cea,MULTI_RES,NONE,NONE,
Alameda_Arro,B1365,matched,14.02,14.02,3832.29,3830.47,-1.8200000000001637,-0.00047491186731697335,-0.04749118673169733,100.0,0.0,0.0,0.0,100.0,0.0,0.0,0.0,0,0,0,0,0,0,0,0,,,,,26.31226553294655,31376.645296875,42.0,cea,MULTI_RES,NONE,NONE,
Alameda_Arro,B1367,matched,94.69,175.86,16608.31,37440.18,20831.87,1.2543040200959639,125.43040200959639,74.10734591767114,0.0,25.892654082328864,0.0,73.42429575842749,0.0,26.575704241572506,0.0,1,3,1,1,1,0,0,3,0.7481387257575989,0.7859157423609247,0.6644825339317322,0.888632595539093,177.65262736680234,351823.41034375003,295.0,cea,MULTI_RES,NONE,NONE,
Alameda_Arro,B1368,matched,52.91,42.41,9104.91,6784.01,-2320.8999999999996,-0.2549064186246761,-25.490641862467612,100.0,0.0,0.0,0.0,100.0,0.0,0.0,0.0,1,1,0,0,0,0,1,1,0.8670229315757751,0.8670229315757751,0.8670229315757751,0.8670229315757751,160.10752065449435,326003.0550625,265.0,cea,MULTI_RES,NONE,NONE,
Alameda_Arro,B1371,matched,85.98,178.09,23039.8,37629.23,14589.430000000004,0.633227284959071,63.3227284959071,0.0,100.0,0.0,0.0,0.0,100.0,0.0,0.0,1,2,0,1,0,1,0,2,0.997773677110672,0.9980025464147486,0.9957554340362549,0.9997919201850891,171.31127323640126,355835.259890625,281.0,cea,MULTI_RES,NONE,NONE,
Alameda_Arro,B1372,matched,88.07,179.04,20584.86,33825.82,13240.96,0.6432377970994215,64.32377970994216,0.0,100.0,0.0,0.0,0.0,100.0,0.0,0.0,1,2,0,1,0,1,0,2,0.9985291361808777,0.9986377852912225,0.9976654052734375,0.9993928670883179,170.59549506842632,369431.320625,282.0,cea,MULTI_RES,NONE,NONE,
Alameda_Arro,B1373,matched,83.48,172.22,21471.35,35687.14,14215.79,0.6620817973718468,66.20817973718468,0.0,100.0,0.0,0.0,0.0,100.0,0.0,0.0,1,2,0,1,0,1,0,2,0.9192433655261993,0.9294144515198242,0.8398609757423401,0.9986257553100586,168.29496525977117,356545.637234375,276.0,cea,MULTI_RES,NONE,NONE,
Alameda_Arro,B1374,matched,86.0,128.13,23058.53,27394.25,4335.720000000001,0.18803106702812372,18.80310670281237,35.49520018730975,0.0,64.50479981269022,0.0,38.90586934166662,0.0,61.09413065833339,0.0,1,2,1,0,0,0,1,2,0.6471722722053528,0.648771053122354,0.5475143194198608,0.7468302249908447,166.45531432846514,261521.484875,276.0,cea,MULTI_RES,NONE,NONE,
Alameda_Arro,B1375,matched,65.15,125.01,15060.13,23844.77,8784.640000000001,0.5833043937867736,58.330439378677355,0.0,100.0,0.0,0.0,0.0,100.0,0.0,0.0,1,2,0,1,0,1,0,2,0.9993220865726471,0.9993215148484047,0.9986819624900818,0.9999622106552124,122.2512754731411,269254.82459375,201.0,cea,MULTI_RES,NONE,NONE,
Alameda_Arro,B1377,matched,154.02,154.02,41455.71,38723.12,-2732.5899999999965,-0.06591588951196341,-6.591588951196341,100.0,0.0,0.0,0.0,100.0,0.0,0.0,0.0,0,0,0,0,0,0,0,0,,,,,283.38277162246663,453346.2114609375,467.0,cea,MULTI_RES,NONE,NONE,
Alameda_Arro,B1378,matched,124.27,239.53,33409.98,56014.2,22604.219999999994,0.676570892888891,67.65708928888911,50.16698672455539,0.0,49.83301327544461,0.0,56.580689249867056,0.0,43.41931075013294,0.0,1,2,1,0,1,0,0,2,0.7786171734333038,0.7789543665586204,0.6773514747619629,0.8798828721046448,233.18023797324156,380640.8711875,385.0,cea,MULTI_RES,NONE,NONE,
Alameda_Arro,B1379,matched,115.76,115.76,30374.71,28398.51,-1976.2000000000007,-0.06506070346021413,-6.506070346021413,100.0,0.0,0.0,0.0,100.0,0.0,0.0,0.0,0,0,0,0,0,0,0,0,,,,,223.2092633703301,467194.8820625,367.0,cea,MULTI_RES,NONE,NONE,
Alameda_Arro,B1380,matched,89.56,174.93,22083.1,34275.51,12192.410000000003,0.5521149657430344,55.21149657430344,0.0,100.0,0.0,0.0,0.0,100.0,0.0,0.0,1,2,0,1,0,1,0,2,0.9973954856395721,0.9972715187492122,0.996044933795929,0.9987460374832153,171.8238820562788,377147.9005,283.0,cea,MULTI_RES,NONE,NONE,
Alameda_Arro,B1383,matched,130.37,254.19,35622.37,68066.55,32444.18,0.9107810625738826,91.07810625738826,49.96459202140216,24.624282004878438,0.0,25.411125973719418,51.03160297611864,23.716086890323886,0.0,25.252310133557494,1,3,0,1,1,1,0,3,0.7679803272088369,0.8218264737701519,0.41017112135887146,0.9759308695793152,247.9227078323285,453891.721625,413.0,cea,MULTI_RES,NONE,NONE,
Alameda_Arro,B1384,matched,200.49,388.85,54211.66,92724.03,38512.369999999995,0.7104075027401853,71.04075027401852,48.931519530948634,0.0,51.06848046905134,0.0,53.46866442258364,0.0,46.53133557741635,0.0,1,2,1,0,1,0,0,2,0.4587845951318741,0.45944169230811843,0.4281281530857086,0.48944103717803955,383.5886902219737,949488.51484375,632.0,cea,MULTI_RES,NONE,NONE,
Alameda_Arro,B1386,matched,45.58,86.48,12085.51,19650.77,7565.26,0.6259777204271892,62.59777204271892,24.94218316373728,0.0,24.965309898242367,50.09250693802036,28.170292160286238,0.0,24.423986866363126,47.40572097335063,1,3,1,0,1,1,0,3,0.7760016818841299,0.6924716649039079,0.44401004910469055,0.9993744492530823,85.51948730586177,190216.391203125,141.0,cea,MULTI_RES,NONE,NONE,
Alameda_Arro,B1388,matched,75.93,76.35,17241.31,17251.39,10.079999999998108,0.0005846423502621383,0.05846423502621383,100.0,0.0,0.0,0.0,100.0,0.0,0.0,0.0,1,1,0,0,0,0,1,1,0.8455488085746765,0.8455488085746765,0.8455488085746765,0.8455488085746765,143.25787784309063,197291.74740625,235.0,cea,MULTI_RES,NONE,NONE,
Alameda_Arro,B1397,matched,78.49,149.71,21136.25,39073.02,17936.769999999997,0.8486259388491334,84.86259388491334,50.133600534402134,0.0,0.0,49.86639946559786,51.8547467980804,0.0,0.0,48.145253201919616,1,3,0,1,1,1,0,3,0.6647751728693644,0.6126276699260315,0.4579211473464966,0.9489930868148804,147.26915965950357,339732.17134375003,241.0,cea,MULTI_RES,NONE,NONE,
Alameda_Arro,B1401,matched,31.18,60.09,8022.95,13633.91,5610.96,0.6993637003845219,69.9363700384522,0.0,0.0,0.0,100.0,0.0,0.0,0.0,100.0,1,1,0,0,0,1,0,1,0.9723150134086609,0.9723150134086609,0.9723150134086609,0.9723150134086609,58.49895579410199,107506.6770625,97.0,cea,MULTI_RES,NONE,NONE,
Alameda_Arro,B1402,matched,131.22,253.58,35920.58,63245.3,27324.72,0.7606981847175074,76.06981847175074,24.914231633739504,0.0,25.016759335935962,50.06900903032455,27.40106954996416,0.0,22.360607404753285,50.23832304528256,1,3,1,1,1,0,0,3,0.7307140330473582,0.6546242803056416,0.4273007810115814,0.9616002440452576,248.73806019621236,542563.8498125001,412.0,cea,MULTI_RES,NONE,NONE,
Alameda_Arro,B1404,matched,131.54,131.54,33017.33,32019.18,-998.1500000000015,-0.030231093792260046,-3.0231093792260046,100.0,0.0,0.0,0.0,100.0,0.0,0.0,0.0,0,0,0,0,0,0,0,0,,,,,246.23774437305468,637501.95821875,405.0,cea,MULTI_RES,NONE,NONE,
Alameda_Arro,B1406,matched,70.57,141.03,17530.67,29583.07,12052.400000000001,0.6875036721357485,68.75036721357485,47.66699758899448,0.0,52.33300241100554,0.0,54.15451461647868,0.0,45.845485383521314,0.0,1,2,1,0,1,0,0,2,0.9922658801078796,0.9926076026498079,0.9849444031715393,0.99958735704422,136.95597266906242,320212.0958125,226.0,cea,MULTI_RES,NONE,NONE,
Alameda_Arro,B1407,matched,77.78,146.81,19489.93,31094.8,11604.869999999999,0.5954290241165565,59.54290241165565,46.287971665985566,0.0,53.71202833401445,0.0,51.7892851590364,0.0,48.2107148409636,0.0,1,2,1,0,1,0,0,2,0.9668626487255096,0.9692761536428828,0.934344470500946,0.9993808269500732,144.35921849628525,335168.34284375,236.0,cea,MULTI_RES,NONE,NONE,
Alameda_Arro,B1408,matched,66.29,127.27,17985.85,29713.58,11727.730000000003,0.6520531417753402,65.20531417753402,50.37718057520038,0.0,49.622819424799616,0.0,55.80237467353045,0.0,44.197625326469556,0.0,1,2,1,0,1,0,0,2,0.9970647096633911,0.9970589939884493,0.9963048696517944,0.9978245496749878,124.38564940354141,271463.596875,205.0,cea,MULTI_RES,NONE,NONE,
Alameda_Arro,B1409,matched,62.93,120.9,17046.83,28151.2,11104.369999999999,0.6514038093886076,65.14038093886076,50.47973531844499,0.0,49.520264681555,0.0,56.32023836866939,0.0,43.679761631330614,0.0,1,2,1,0,1,0,0,2,0.9968057572841644,0.9968335146374326,0.993935763835907,0.9996757507324219,118.08467242421823,276819.94275,196.0,cea,MULTI_RES,NONE,NONE,
Alameda_Arro,B1410,matched,65.16,125.36,15898.46,26480.29,10581.830000000002,0.6655883651624122,66.55883651624121,50.31506740049454,0.0,49.684932599505466,0.0,57.20790945243844,0.0,42.79209054756158,0.0,1,2,1,0,1,0,0,2,0.9762522578239441,0.976120807559065,0.9551997184753418,0.9973047971725464,122.26190805663205,279221.386375,201.0,cea,MULTI_RES,NONE,NONE,
Alameda_Arro,B1411,matched,63.58,120.47,16922.65,28002.34,11079.689999999999,0.654725471483485,65.4725471483485,54.33266932270917,0.0,45.66733067729084,0.0,59.274507139006914,0.0,40.725492860993064,0.0,1,2,1,0,1,0,0,2,0.998261570930481,0.9982377040016656,0.9979859590530396,0.9985371828079224,117.98947299359695,261996.1173125,193.0,cea,MULTI_RES,NONE,NONE,
Alameda_Arro,B1412,matched,103.67,196.84,27144.12,48343.44,21199.320000000003,0.7809912423022004,78.09912423022004,49.941568009755606,0.0,0.0,50.0584319902444,51.740321257246826,0.0,0.0,48.25967874275317,1,3,0,1,1,1,0,3,0.8294059236844381,0.7533597832139244,0.5243334174156189,0.9993082284927368,194.52713533202058,450045.948625,319.0,cea,MULTI_RES,NONE,NONE,
Alameda_Arro,B1413,matched,61.08,116.29,15856.44,26124.5,10268.06,0.6475640181528767,64.75640181528767,49.72052627053057,0.0,50.27947372946942,0.0,53.271649345908514,0.0,46.728350654091486,0.0,1,2,1,0,1,0,0,2,0.587573915719986,0.587737533438733,0.5585119128227234,0.6166359186172485,114.60310361058671,257904.871703125,191.0,cea,MULTI_RES,NONE,NONE,
Alameda_Arro,B1414,matched,89.61,173.72,23314.21,40016.14,16701.93,0.7163841279631608,71.63841279631608,0.0,0.0,0.0,100.0,0.0,0.0,0.0,100.0,1,2,0,1,0,1,0,2,0.9899790287017822,0.9900906041019597,0.9830304980278015,0.9969275593757629,168.14319055035057,410594.0243125,275.0,cea,MULTI_RES,NONE,NONE,
Alameda_Arro,B1415,matched,74.78,170.69,13630.52,27904.46,14273.939999999999,1.0472043619759186,104.72043619759187,0.0,0.0,0.0,100.0,0.0,0.0,0.0,100.0,1,2,0,1,0,1,0,2,0.9788745939731598,0.9788621613923875,0.9619077444076538,0.9958414435386658,183.34811344104196,404224.6613125,305.0,cea,MULTI_RES,NONE,NONE,
Alameda_Arro,B1416,matched,193.87,371.24,51427.47,88514.1,37086.630000000005,0.7211443611750685,72.11443611750686,0.0,0.0,0.0,100.0,0.0,0.0,0.0,100.0,1,2,0,1,0,1,0,2,0.9865716993808746,0.9865302174324001,0.9745972752571106,0.9985461235046387,363.76654419908334,866664.42975,600.0,cea,MULTI_RES,NONE,NONE,
Alameda_Arro,B1417,matched,70.8,70.8,17954.79,16173.36,-1781.4300000000003,-0.09921753470800829,-9.921753470800828,100.0,0.0,0.0,0.0,100.0,0.0,0.0,0.0,0,0,0,0,0,0,0,0,,,,,138.54548999547106,312141.526890625,228.0,cea,MULTI_RES,NONE,NONE,
Alameda_Arro,B1418,matched,89.71,175.07,22060.45,38733.33,16672.88,0.7557815003773722,75.57815003773723,0.0,0.0,0.0,100.0,0.0,0.0,0.0,100.0,1,2,0,1,0,1,0,2,0.9625731110572815,0.9626526739796893,0.9422891736030579,0.9828570485115051,168.33020963693775,396508.8811875,278.0,cea,MULTI_RES,NONE,NONE,
Alameda_Arro,B1419,matched,77.99,149.19,19641.65,33344.14,13702.489999999998,0.6976241812678668,69.76241812678668,0.0,0.0,0.0,100.0,0.0,0.0,0.0,100.0,1,2,0,1,0,1,0,2,0.9974169731140137,0.997413297281913,0.995385468006134,0.9994484782218933,146.34042801514084,332735.59893750004,241.0,cea,MULTI_RES,NONE,NONE,
Alameda_Arro,B1420,matched,79.47,152.28,20512.43,34310.62,13798.190000000002,0.6726745685420987,67.26745685420987,0.0,0.0,0.0,100.0,0.0,0.0,0.0,100.0,1,2,0,1,0,1,0,2,0.9965744614601135,0.9965645021245803,0.9932029247283936,0.9999459981918335,149.10784249546649,344880.4425625,245.0,cea,MULTI_RES,NONE,NONE,
Alameda_Arro,B1421,matched,65.91,125.46,17071.8,28223.45,11151.650000000001,0.653220515704261,65.3220515704261,0.0,0.0,0.0,100.0,0.0,0.0,0.0,100.0,1,2,0,1,0,1,0,2,0.9770396053791046,0.9769993395747687,0.9563154578208923,0.9977637529373169,123.66048856933362,282831.33640625,204.0,cea,MULTI_RES,NONE,NONE,
Alameda_Arro,B1422,matched,63.58,63.58,16804.32,16730.44,-73.88000000000102,-0.004396488521999166,-0.43964885219991656,100.0,0.0,0.0,0.0,100.0,0.0,0.0,0.0,0,0,0,0,0,0,0,0,,,,,119.29739561842777,277242.175375,197.0,cea,MULTI_RES,NONE,NONE,
Alameda_Arro,B1424,matched,37.9,37.9,9186.84,9142.56,-44.280000000000655,-0.004819938085348243,-0.4819938085348243,100.0,0.0,0.0,0.0,100.0,0.0,0.0,0.0,0,0,0,0,0,0,0,0,,,,,81.53799891107603,184024.77550000002,133.0,cea,MULTI_RES,NONE,NONE,
Alameda_Arro,B1425,matched,39.49,74.97,9169.37,15076.36,5906.99,0.6442089260221803,64.42089260221803,50.06002400960384,0.0,49.93997599039617,0.0,55.312561575215256,0.0,44.68743842478474,0.0,1,2,1,0,1,0,0,2,0.682963639497757,0.6827040022174791,0.46161800622940063,0.9043092727661133,74.09307074319139,164209.41912500001,122.0,cea,MULTI_RES,NONE,NONE,
Alameda_Arro,B1426,matched,40.99,80.43,9748.07,15390.62,5642.550000000001,0.5788376570951995,57.88376570951995,49.90052225814474,0.0,50.09947774185526,0.0,57.07193154381033,0.0,42.928068456189656,0.0,1,2,1,0,1,0,0,2,0.7305185496807098,0.7310016079403208,0.5024762153625488,0.9585608839988708,79.68936037691662,164521.70478125,130.0,cea,MULTI_RES,NONE,NONE,
Alameda_Arro,B1428,matched,108.77,159.49,29750.61,42423.64,12673.029999999999,0.4259754673937778,42.597546739377776,33.92689196814847,0.0,0.0,66.07310803185152,33.75729249693484,0.0,0.0,66.24270750306518,1,2,0,1,0,0,1,2,0.8992766737937927,0.8980964089832214,0.8362720608711243,0.9622812867164612,204.09259333280266,449285.976625,338.0,cea,MULTI_RES,NONE,NONE,
Alameda_Arro,B1429,matched,106.85,211.05,27069.9,49905.18,22835.28,0.8435672093358305,84.35672093358305,0.0,0.0,0.0,100.0,0.0,0.0,0.0,100.0,1,2,0,1,0,1,0,2,0.9396088719367981,0.9398763524967119,0.8859809041023254,0.9932368397712708,200.4710750702871,424399.08340625,330.0,cea,MULTI_RES,NONE,NONE,
Alameda_Arro,B1430,matched,98.43,210.34,26910.09,51257.21,24347.12,0.9047580294231643,90.47580294231643,0.0,0.0,0.0,100.0,0.0,0.0,0.0,100.0,1,2,0,1,0,1,0,2,0.9110388457775116,0.9110391343535373,0.9079084396362305,0.9141692519187927,199.93312730629728,448401.56171875,327.0,cea,MULTI_RES,NONE,NONE,
Alameda_Arro,B1431,matched,87.45,167.82,23894.25,44382.56,20488.309999999998,0.8574577565732341,85.7457756573234,49.213536701620605,25.48260247855101,0.0,25.30386081982841,50.43854535307166,24.524216297962976,0.0,25.037238348965378,1,3,0,1,0,1,1,3,0.7302817503611246,0.6854035132073525,0.5410216450691223,0.9412903189659119,164.07287858995608,324074.962140625,272.0,cea,MULTI_RES,NONE,NONE,
Alameda_Arro,B1432,matched,84.02,170.17,22446.91,34916.28,12469.369999999999,0.5555049670533717,55.550496705337174,0.0,24.74293436747165,50.56701333803396,24.690052294494386,0.0,26.649374737896082,47.86589593417427,25.484729327929646,1,3,1,1,0,1,0,3,0.8203477064768473,0.7603986473553052,0.5870720744132996,0.9910725951194763,167.68236339295603,345173.63365625,279.0,cea,MULTI_RES,NONE,NONE,
Alameda_Arro,B1433,matched,161.19,311.08,37035.24,66495.85,29460.610000000008,0.7954750664502244,79.54750664502244,0.0,0.0,0.0,100.0,0.0,0.0,0.0,100.0,1,2,0,1,0,1,0,2,0.9560327231884003,0.9561247273942715,0.9131696820259094,0.9988957643508911,302.46650026468495,559767.00175,497.0,cea,MULTI_RES,NONE,NONE,
Alameda_Arro,B1434,matched,88.32,169.02,24102.63,41692.56,17589.929999999997,0.7297929728000636,72.97929728000636,0.0,0.0,0.0,100.0,0.0,0.0,0.0,100.0,1,2,0,1,0,1,0,2,0.9853812754154205,0.9853705907801632,0.9796523451805115,0.9911102056503296,165.62159326337152,368729.1069375,273.0,cea,MULTI_RES,NONE,NONE,
Alameda_Arro,B1439,matched,68.48,133.98,18727.94,31583.79,12855.850000000002,0.6864529681321065,68.64529681321065,50.47761194029851,0.0,49.52238805970149,0.0,58.015962303733026,0.0,41.98403769626698,0.0,1,2,1,0,1,0,0,2,0.7886252999305725,0.7900588137981988,0.6373507380485535,0.9398998618125916,128.4834232656348,148695.471140625,212.0,cea,MULTI_RES,NONE,NONE,
Alameda_Arro,B1440,matched,93.35,179.31,20670.8,34342.05,13671.250000000004,0.6613798208100318,66.13798208100317,50.31229087664509,0.0,49.68770912335489,0.0,58.654360964296046,0.0,41.345639035703954,0.0,1,2,1,0,1,0,0,2,0.9768925905227661,0.976760196243562,0.9560425281524658,0.9977426528930664,175.14814910908035,335074.067046875,289.0,cea,MULTI_RES,NONE,NONE,
Alameda_Arro,B1441,matched,103.89,202.62,28358.88,49475.52,21116.639999999996,0.744621790423317,74.4621790423317,0.0,0.0,0.0,100.0,0.0,0.0,0.0,100.0,1,2,0,1,0,1,0,2,0.9875460267066956,0.9875218160321682,0.979470431804657,0.9956216216087341,194.93697909867802,455802.742,320.0,cea,MULTI_RES,NONE,NONE,
Alameda_Arro,B1442,matched,93.08,179.59,20582.14,35594.32,15012.18,0.7293789664242882,72.93789664242883,0.0,0.0,0.0,100.0,0.0,0.0,0.0,100.0,1,2,0,1,0,1,0,2,0.9836081266403198,0.9836147735958978,0.9677019119262695,0.9995143413543701,174.64098048648782,420938.26125,290.0,cea,MULTI_RES,NONE,NONE,
Alameda_Arro,B1443,matched,94.44,180.72,23228.9,40727.87,17498.97,0.7533275359573635,75.33275359573635,0.0,0.0,0.0,100.0,0.0,0.0,0.0,100.0,1,2,0,1,0,1,0,2,0.9892377853393555,0.9892451902459184,0.9785803556442261,0.9998952150344849,177.20067588874886,411195.91653125,290.0,cea,MULTI_RES,NONE,NONE,
Alameda_Arro,B1444,matched,108.46,157.51,29022.09,36473.72,7451.630000000001,0.2567571804787319,25.675718047873193,32.76409344845099,0.0,34.497206703910614,32.7386998476384,34.291170078030994,0.0,33.14287503038422,32.56595489158478,1,3,0,1,1,0,1,3,0.5334356725215912,0.5203146764257984,0.4382901191711426,0.681797444820404,203.44939450042824,451631.813625,333.0,cea,MULTI_RES,NONE,NONE,
Alameda_Arro,B1445,matched,118.9,171.84,32052.69,37252.54,5199.850000000002,0.16222819363990987,16.222819363990986,0.0,32.648547983472035,34.63306756678113,32.71838444974684,0.0,32.62512295812964,34.736524116870676,32.63835292499967,1,3,0,1,0,1,1,3,0.6132158835728964,0.5835339291493087,0.49355483055114746,0.731594443321228,223.13156343708508,472473.93521875003,371.0,cea,MULTI_RES,NONE,NONE,
Alameda_Arro,B1446,matched,92.65,178.3,24520.55,41681.27,17160.719999999998,0.6998505335320782,69.98505335320782,0.0,0.0,0.0,100.0,0.0,0.0,0.0,100.0,1,2,0,1,0,1,0,2,0.9894669651985168,0.9894655204282167,0.9815955758094788,0.9973383545875549,173.8485440684861,385223.41896875,289.0,cea,MULTI_RES,NONE,NONE,
Alameda_Arro,B1447,matched,81.51,155.37,20615.18,35911.83,15296.650000000001,0.7420090438211067,74.20090438211066,0.0,0.0,0.0,100.0,0.0,0.0,0.0,100.0,1,2,0,1,0,1,0,2,0.9921327233314514,0.9921455725225493,0.9854437708854675,0.9988216757774353,152.93970444824646,381004.38762500003,250.0,cea,MULTI_RES,NONE,NONE,
Alameda_Arro,B1448,matched,99.8,191.33,26621.28,46041.89,19420.61,0.7295145086937969,72.95145086937968,0.0,0.0,0.0,100.0,0.0,0.0,0.0,100.0,1,2,0,1,0,1,0,2,0.9018509387969971,0.9016833950725844,0.8096150159835815,0.9940868616104126,187.21980157999585,476840.825375,310.0,cea,MULTI_RES,NONE,NONE,
Alameda_Arro,B1449,matched,60.64,116.31,16101.77,27875.85,11774.079999999998,0.7312289270061613,73.12289270061612,60.868443680137574,0.0,39.131556319862426,0.0,67.02482469592876,0.0,32.97517530407127,0.0,1,2,1,0,1,0,0,2,0.995334804058075,0.9953132179511684,0.9952355027198792,0.9954341053962708,113.57280615709988,273857.536484375,189.0,cea,MULTI_RES,NONE,NONE,
Alameda_Arro,B1450,matched,103.67,191.73,28109.64,52606.25,24496.61,0.871466514690334,87.1466514690334,100.0,0.0,0.0,0.0,100.0,0.0,0.0,0.0,1,4,0,1,1,1,1,4,0.5826619267463684,0.6823132220576431,0.43331485986709595,0.8944608569145203,194.51884202267266,430044.46809375,320.0,cea,MULTI_RES,NONE,NONE,
Alameda_Arro,B1451,matched,76.56,123.86,14348.54,22751.54,8403.0,0.5856344966108049,58.56344966108049,0.0,0.0,0.0,100.0,0.0,0.0,0.0,100.0,1,1,0,1,0,0,0,1,0.5609633922576904,0.5609633922576904,0.5609633922576904,0.5609633922576904,186.77731999316757,273315.72278125,308.0,cea,MULTI_RES,NONE,NONE,
Alameda_Arro,B1452,matched,120.43,219.56,32809.24,53803.5,20994.260000000002,0.6398886411267071,63.988864112670704,0.0,0.0,0.0,100.0,0.0,0.0,0.0,100.0,1,2,0,1,0,1,0,2,0.9844760000705719,0.9847503602052113,0.9827744364738464,0.9861775636672974,214.15964616585674,519655.203625,351.0,cea,MULTI_RES,NONE,NONE,
Alameda_Arro,B1453,matched,96.8,96.8,26268.87,26257.01,-11.860000000000582,-0.0004514849706135278,-0.04514849706135278,100.0,0.0,0.0,0.0,100.0,0.0,0.0,0.0,0,0,0,0,0,0,0,0,,,,,181.61946516166822,409052.2773125,297.0,cea,MULTI_RES,NONE,NONE,
Alameda_Arro,B1454,matched,99.45,198.0,26886.85,51682.36,24795.510000000002,0.9222169945530995,92.22169945530995,0.0,0.0,0.0,100.0,0.0,0.0,0.0,100.0,1,1,0,1,0,0,0,1,0.9838064908981323,0.9838064908981322,0.9838064908981323,0.9838064908981323,186.59173497371503,382657.8345,306.0,cea,MULTI_RES,NONE,NONE,
Alameda_Arro,B1455,matched,83.87,159.01,20609.06,36797.46,16188.399999999998,0.7854991930733375,78.54991930733375,0.0,0.0,0.0,100.0,0.0,0.0,0.0,100.0,1,2,0,1,0,1,0,2,0.9741615056991577,0.9741512465536981,0.9496379494667053,0.9986850619316101,157.41617375095527,354096.5815625,261.0,cea,MULTI_RES,NONE,NONE,
Alameda_Arro,B1456,matched,127.41,127.41,27744.47,26979.94,-764.5300000000025,-0.027556121994761568,-2.7556121994761567,100.0,0.0,0.0,0.0,100.0,0.0,0.0,0.0,0,0,0,0,0,0,0,0,,,,,300.51913956461357,692827.181390625,493.0,cea,MULTI_RES,NONE,NONE,
Alameda_Arro,B1457,matched,152.18,306.78,40456.64,72029.7,31573.059999999998,0.7804172565986696,78.04172565986696,0.0,0.0,0.0,100.0,0.0,0.0,0.0,100.0,1,2,0,1,0,1,0,2,0.9937643110752106,0.993836391843693,0.9887359738349915,0.9987926483154297,297.2668971080723,691857.72325,490.0,cea,MULTI_RES,NONE,NONE,
Alameda_Arro,B1458,matched,184.03,186.81,48665.11,49364.12,699.010000000002,0.014363678619035323,1.4363678619035323,100.0,0.0,0.0,0.0,100.0,0.0,0.0,0.0,1,1,0,0,0,0,1,1,0.995520830154419,0.995520830154419,0.995520830154419,0.995520830154419,350.67878369622065,754393.9979375,578.0,cea,MULTI_RES,NONE,NONE,
Alameda_Arro,B1459,matched,53.25,53.25,12134.25,11120.47,-1013.7800000000007,-0.08354698477450198,-8.354698477450198,100.0,0.0,0.0,0.0,100.0,0.0,0.0,0.0,0,0,0,0,0,0,0,0,,,,,99.90888127867188,177809.062703125,165.0,cea,MULTI_RES,NONE,NONE,
Alameda_Arro,B1460,matched,65.53,65.53,15257.09,15333.82,76.72999999999956,0.005029137273228353,0.5029137273228352,100.0,0.0,0.0,0.0,100.0,0.0,0.0,0.0,0,0,0,0,0,0,0,0,,,,,122.9793886673646,232246.49387500001,204.0,cea,MULTI_RES,NONE,NONE,
Alameda_Arro,B1461,matched,186.2,375.56,50575.24,92096.78,41521.54,0.8209855257236546,82.09855257236546,0.0,0.0,0.0,100.0,0.0,0.0,0.0,100.0,1,2,0,1,0,1,0,2,0.9739064276218414,0.9728937699134939,0.9505539536476135,0.9972589015960693,365.1369643233647,715157.6333125,600.0,cea,MULTI_RES,NONE,NONE,
Alameda_Arro,B1462,matched,188.83,366.5,50887.26,89605.84,38718.579999999994,0.7608698129944508,76.08698129944507,0.0,0.0,0.0,100.0,0.0,0.0,0.0,100.0,1,2,0,1,0,1,0,2,0.9514636695384979,0.9516136164080509,0.9288312196731567,0.9740961194038391,354.29834629955883,742835.50303125,586.0,cea,MULTI_RES,NONE,NONE,
Alameda_Arro,B1463,matched,287.23,544.87,78618.52,121532.23,42913.70999999999,0.5458473397871136,54.58473397871136,0.0,0.0,53.77613008607559,46.22386991392442,0.0,0.0,50.46109278703212,49.538907212967885,1,2,1,1,0,0,0,2,0.3447911888360977,0.34277960772999566,0.32015612721443176,0.36942625045776367,538.3111508947702,973665.652796875,888.0,cea,MULTI_RES,NONE,NONE,
Alameda_Arro,B1464,matched,103.84,203.31,20206.93,32632.83,12425.900000000001,0.6149325998555941,61.49325998555941,22.543523163174974,0.0,26.787646306678468,50.66883053014655,29.282328429263178,0.0,25.284123205205077,45.433548365531735,1,3,1,1,1,0,0,3,0.7961767216523489,0.7031002154677966,0.47323718667030334,0.9696778059005737,205.86734227888743,407483.3214375,340.0,cea,MULTI_RES,NONE,NONE,
Alta_Lisboa,B1003,matched,164.2,317.45,41841.22,74367.07,32525.850000000006,0.777363805357492,77.7363805357492,25.019689380335823,0.0,24.786567117159695,50.1937435025045,25.678535916701755,0.0,24.002827546874755,50.318636536423476,1,3,1,0,1,0,1,3,0.6940101385116577,0.633941413094328,0.4489450454711914,0.9342138767242432,316.63596337502787,722452.69621875,522.0,cea,MULTI_RES,NONE,NONE,
Alta_Lisboa,B1005,matched,1618.11,1618.11,443958.45,443998.21,39.76000000000931,8.955793047752399e-05,0.0089557930477524,100.0,0.0,0.0,0.0,100.0,0.0,0.0,0.0,0,0,0,0,0,0,0,0,,,,,3044.282509224441,6461016.0353125,5021.0,cea,MULTI_RES,NONE,NONE,
Alta_Lisboa,B1006,matched,541.93,541.93,133519.42,133452.71,-66.71000000002095,-0.0004996276946081772,-0.049962769460817714,100.0,0.0,0.0,0.0,100.0,0.0,0.0,0.0,0,0,0,0,0,0,0,0,,,,,1104.2171986477667,2151885.359375,1818.0,cea,MULTI_RES,NONE,NONE,
Alta_Lisboa,B1015,matched,98.68,186.33,26993.38,42091.11,15097.73,0.5593123202800093,55.931232028000935,0.0,100.0,0.0,0.0,0.0,100.0,0.0,0.0,1,2,0,1,0,1,0,2,0.6830049157142639,0.6834668882560337,0.6775040626525879,0.6885057687759399,183.52575815737313,382455.332625,301.0,cea,SINGLE_RES,NONE,NONE,
Alta_Lisboa,B1016,matched,274.03,274.03,74133.29,74061.72,-71.56999999999243,-0.0009654232261915321,-0.0965423226191532,100.0,0.0,0.0,0.0,100.0,0.0,0.0,0.0,0,0,0,0,0,0,0,0,,,,,515.4783622463749,1041488.901328125,850.0,cea,SINGLE_RES,NONE,NONE,
Alta_Lisboa,B1017,matched,92.64,92.64,24842.18,24833.0,-9.180000000000291,-0.00036953278657510296,-0.036953278657510295,100.0,0.0,0.0,0.0,100.0,0.0,0.0,0.0,0,0,0,0,0,0,0,0,,,,,170.520331279709,365252.92209375004,282.0,cea,SINGLE_RES,NONE,NONE,
Alta_Lisboa,B1020,matched,2327.7,2327.7,632765.24,632709.93,-55.309999999939464,-8.740998478351856e-05,-0.008740998478351856,100.0,0.0,0.0,0.0,100.0,0.0,0.0,0.0,0,0,0,0,0,0,0,0,,,,,4380.109525835609,10438925.579078125,7217.0,cea,MULTI_RES,NONE,NONE,
Alta_Lisboa,B1022,matched,193.55,193.55,49517.27,49611.84,94.56999999999971,0.0019098387289929295,0.19098387289929294,100.0,0.0,0.0,0.0,100.0,0.0,0.0,0.0,0,0,0,0,0,0,0,0,,,,,417.3871285856169,1014674.485625,687.0,cea,MULTI_RES,NONE,NONE,
Alta_Lisboa,B1026,matched,855.59,855.59,235066.88,235075.96,9.079999999987194,3.862730470573819e-05,0.0038627304705738186,100.0,0.0,0.0,0.0,100.0,0.0,0.0,0.0,0,0,0,0,0,0,0,0,,,,,1667.5706794638463,3759624.0890078126,2750.0,cea,MULTI_RES,NONE,NONE,
Alta_Lisboa,B1031,matched,393.99,393.99,108203.78,108247.75,43.970000000001164,0.00040636288307119365,0.040636288307119364,100.0,0.0,0.0,0.0,100.0,0.0,0.0,0.0,0,0,0,0,0,0,0,0,,,,,741.4124896180284,1449804.290203125,1215.0,cea,MULTI_RES,NONE,NONE,
Alta_Lisboa,B1033,matched,195.53,190.7,51088.83,49364.51,-1724.3199999999997,-0.03375140906534754,-3.3751409065347544,100.0,0.0,0.0,0.0,100.0,0.0,0.0,0.0,1,1,0,0,0,0,1,1,0.9890090823173523,0.9890090823173522,0.9890090823173523,0.9890090823173523,378.38995699688985,951905.74384375,622.0,cea,MULTI_RES,NONE,NONE,
Alta_Lisboa,B1034,matched,351.31,351.31,88717.9,88685.62,-32.279999999998836,-0.00036384991078462,-0.036384991078462,100.0,0.0,0.0,0.0,100.0,0.0,0.0,0.0,0,0,0,0,0,0,0,0,,,,,694.9341439901845,1432575.848921875,1148.0,cea,MULTI_RES,NONE,NONE,
Alta_Lisboa,B1035,matched,389.23,390.69,106952.14,106555.61,-396.52999999999884,-0.003707546197766579,-0.3707546197766579,100.0,0.0,0.0,0.0,100.0,0.0,0.0,0.0,1,1,0,0,0,0,1,1,0.9921562671661377,0.9921562671661378,0.9921562671661377,0.9921562671661377,735.2452728248661,1445044.5366953125,1215.0,cea,MULTI_RES,NONE,NONE,
Alta_Lisboa,B1037,matched,247.66,247.66,62441.82,62158.12,-283.6999999999971,-0.004543429387548235,-0.45434293875482346,100.0,0.0,0.0,0.0,100.0,0.0,0.0,0.0,0,0,0,0,0,0,0,0,,,,,483.60073633411224,1096379.78125,799.0,cea,MULTI_RES,NONE,NONE,
Alta_Lisboa,B1038,matched,261.24,267.49,71774.3,73575.83,1801.5299999999988,0.025099931312461406,2.5099931312461408,100.0,0.0,0.0,0.0,100.0,0.0,0.0,0.0,1,1,0,0,0,0,1,1,0.9971573352813721,0.9971573352813721,0.9971573352813721,0.9971573352813721,503.4881674734263,1165644.1205625,829.0,cea,MULTI_RES,NONE,NONE,
Alta_Lisboa,B1039,matched,297.25,297.25,81762.57,81712.8,-49.770000000004075,-0.000608713742730984,-0.060871374273098404,100.0,0.0,0.0,0.0,100.0,0.0,0.0,0.0,0,0,0,0,0,0,0,0,,,,,554.508292101786,1269227.792875,912.0,cea,MULTI_RES,NONE,NONE,
Alta_Lisboa,B1040,matched,211.42,211.42,53846.49,53883.91,37.42000000000553,0.0006949385187410643,0.06949385187410644,100.0,0.0,0.0,0.0,100.0,0.0,0.0,0.0,0,0,0,0,0,0,0,0,,,,,409.8525790272137,934826.555390625,675.0,cea,MULTI_RES,NONE,NONE,
Alta_Lisboa,B1041,matched,131.38,131.38,33269.31,33190.81,-78.5,-0.0023595319530221696,-0.23595319530221698,100.0,0.0,0.0,0.0,100.0,0.0,0.0,0.0,0,0,0,0,0,0,0,0,,,,,247.22561700996837,516489.6829375,407.0,cea,MULTI_RES,NONE,NONE,
Alta_Lisboa,B1042,matched,238.98,238.98,64770.34,64675.2,-95.13999999999942,-0.0014688822075042283,-0.14688822075042282,100.0,0.0,0.0,0.0,100.0,0.0,0.0,0.0,0,0,0,0,0,0,0,0,,,,,453.16461369242427,1100404.8786875,748.0,cea,MULTI_RES,NONE,NONE,
Alta_Lisboa,B1043,matched,196.87,378.92,49596.86,81900.85,32303.990000000005,0.6513313544446161,65.13313544446162,42.434878995012006,0.0,57.56512100498797,0.0,47.57314870415922,0.0,52.42685129584076,0.0,1,2,1,0,1,0,0,2,0.7904747724533081,0.8012858745341871,0.719028651714325,0.8619208931922913,370.47287369398555,806421.4786093751,608.0,cea,MULTI_RES,NONE,NONE,
Alta_Lisboa,B1044,matched,125.59,240.08,30827.6,52289.6,21462.0,0.6961943193761435,69.61943193761435,0.0,0.0,0.0,100.0,0.0,0.0,0.0,100.0,1,2,0,1,0,1,0,2,0.8522438108921051,0.8521497417596996,0.7339749336242676,0.9705126881599426,236.53398952913864,559592.7028125001,391.0,cea,MULTI_RES,NONE,NONE,
Alta_Lisboa,B1045,matched,193.73,353.95,46666.7,79404.21,32737.51000000001,0.7015175703445928,70.15175703445928,27.85861611053033,0.0,11.923261661910546,60.21812222755912,30.171296843207124,0.0,11.459917680465146,58.36878547632778,1,3,1,1,1,0,0,3,0.6310444076855978,0.6104917986502413,0.4843061566352844,0.9078754186630249,366.5435176578728,890316.30021875,602.0,cea,MULTI_RES,NONE,NONE,
Alta_Lisboa,B1046,matched,124.53,237.42,29765.1,47053.44,17288.340000000004,0.5808258665349689,58.08258665349689,50.03790750568614,0.0,49.96209249431389,0.0,52.25948609038259,0.0,47.74051390961739,0.0,1,2,1,0,1,0,0,2,0.9972227513790131,0.9972245177071134,0.9952940344810486,0.9991514682769775,234.33676148704424,533411.51046875,387.0,cea,MULTI_RES,NONE,NONE,
Alta_Lisboa,B1047,matched,196.2,365.93,47906.49,87630.0,39723.51,0.8291884878228399,82.91884878228399,70.81295258915151,0.0,0.0,29.18704741084848,71.73416993899791,0.0,0.0,28.265830061002088,1,3,0,1,1,1,0,3,0.7484132647514343,0.6982920345600719,0.6164996027946472,0.938165545463562,369.2005635828266,895263.256078125,610.0,cea,MULTI_RES,NONE,NONE,
Alta_Lisboa,B1048,matched,126.86,244.86,32614.13,56344.38,23730.249999999996,0.727606408633313,72.7606408633313,0.0,0.0,0.0,100.0,0.0,0.0,0.0,100.0,1,2,0,1,0,1,0,2,0.9933198392391205,0.9933159852928636,0.9876328706741333,0.9990068078041077,239.06366887064294,588706.8608437501,395.0,cea,MULTI_RES,NONE,NONE,
Alta_Lisboa,B1049,matched,197.21,375.56,51603.95,84945.57,33341.62000000001,0.6461059666944102,64.61059666944102,42.39003088720844,0.0,57.60996911279157,0.0,45.63551765149103,0.0,54.36448234850896,0.0,1,2,1,0,1,0,0,2,0.813204437494278,0.8325922973661882,0.6857811808586121,0.9406276941299438,371.1067151006221,850291.7773125,609.0,cea,MULTI_RES,NONE,NONE,
Alta_Lisboa,B1050,matched,197.02,361.5,50135.57,92371.99,42236.420000000006,0.8424441968047837,84.24441968047837,60.06859924762116,0.0,0.0,39.931400752378856,61.74981833230427,0.0,0.0,38.250181667695735,1,3,0,1,1,1,0,3,0.7062302728494009,0.7662099909840394,0.4379631578922272,0.9300246238708496,370.7444376004047,893793.9065,612.0,cea,MULTI_RES,NONE,NONE,
Alta_Lisboa,B1051,matched,125.98,242.29,31276.98,58681.01,27404.030000000002,0.876172507703749,87.6172507703749,49.87000123808345,0.0,0.0,50.12999876191655,50.13407799876608,0.0,0.0,49.86592200123391,1,2,0,1,1,0,0,2,0.8294468224048615,0.8297632859597448,0.7087990045547485,0.9500946402549744,237.23200376810422,584574.7331875,392.0,cea,MULTI_RES,NONE,NONE,
Alta_Lisboa,B1052,matched,197.82,367.01,49416.29,79600.6,30184.310000000005,0.6108169998192905,61.08169998192905,40.7459880663706,0.0,59.2540119336294,0.0,43.16002796506822,0.0,56.839972034931755,0.0,1,2,1,0,1,0,0,2,0.9016911089420319,0.9064373687873619,0.8705822825431824,0.9327999353408813,372.25901245316396,897705.558875,613.0,cea,MULTI_RES,NONE,NONE,
Alta_Lisboa,B1053,matched,125.36,239.82,33942.05,55333.22,21391.17,0.6302262238138238,63.02262238138238,49.87490617963473,0.0,50.12509382036527,0.0,53.92416490455029,0.0,46.075835095449705,0.0,1,2,1,0,1,0,0,2,0.9866441488265991,0.9866718508720423,0.9758704900741577,0.9974178075790405,235.89975493456654,572696.5886875,389.0,cea,MULTI_RES,NONE,NONE,
Alta_Lisboa,B1054,matched,198.15,379.2,53078.73,72396.39,19317.659999999996,0.36394352314005995,36.39435231400599,0.0,0.0,100.0,0.0,0.0,0.0,100.0,0.0,1,1,1,0,0,0,0,1,0.8530632853507996,0.8530632853507996,0.8530632853507996,0.8530632853507996,372.87641404951376,858762.7599375,613.0,cea,MULTI_RES,NONE,NONE,
Alta_Lisboa,B1055,matched,126.79,243.5,33735.12,58284.03,24548.909999999996,0.7276959441673838,72.76959441673839,0.0,0.0,0.0,100.0,0.0,0.0,0.0,100.0,1,2,0,1,0,1,0,2,0.9899944961071014,0.9899969336948173,0.9830652475357056,0.9969237446784973,238.60140604129373,586904.6228125,393.0,cea,MULTI_RES,NONE,NONE,
Alta_Lisboa,B1056,matched,196.42,379.34,52707.11,90612.75,37905.64,0.7191750790358264,71.91750790358265,28.825622775800706,0.0,21.331224462897065,49.84315276130223,32.050660646254684,0.0,19.266872105444953,48.68246724830034,1,4,1,1,1,1,0,4,0.7704202234745026,0.7741062814860232,0.5520116090774536,0.9342544078826904,369.61348279181516,898239.93771875,610.0,cea,MULTI_RES,NONE,NONE,
Alta_Lisboa,B1057,matched,998.62,998.62,269439.6,269329.82,-109.77999999996973,-0.00040743825332271034,-0.040743825332271034,100.0,0.0,0.0,0.0,100.0,0.0,0.0,0.0,0,0,0,0,0,0,0,0,,,,,1996.1700056317245,5424386.1137500005,3293.0,cea,MULTI_RES,NONE,NONE,
Alta_Lisboa,B1061,matched,66.02,126.23,17878.18,32673.1,14794.919999999998,0.8275406109570436,82.75406109570436,0.0,100.0,0.0,0.0,0.0,100.0,0.0,0.0,1,1,0,0,1,0,0,1,0.9350892305374146,0.9350892305374146,0.9350892305374146,0.9350892305374146,124.26560305683645,264982.38575,206.0,cea,MULTI_RES,NONE,NONE,
Alta_Lisboa,B1062,matched,62.51,114.47,15617.1,26452.17,10835.069999999998,0.6937952628849144,69.37952628849145,21.874727002708134,26.041757665763953,0.0,52.083515331527906,24.497960803873642,25.21629685752157,0.0,50.28574233860478,1,3,1,1,1,0,0,3,0.7779085437456766,0.7563747943315283,0.6722833514213562,0.9671885371208191,123.18186977450087,277058.5811875,202.0,cea,MULTI_RES,NONE,NONE,
Alta_Lisboa,B1063,matched,62.61,119.42,16949.49,27587.43,10637.939999999999,0.6276259639670573,62.762596396705725,47.65971698903122,0.0,52.34028301096876,0.0,48.766731932491965,0.0,51.23326806750802,0.0,1,2,1,0,1,0,0,2,0.6666513085365295,0.6666481890444158,0.6264314651489258,0.7068711519241333,123.35449520521844,279505.0353125,203.0,cea,MULTI_RES,NONE,NONE,
Alta_Lisboa,B1064,matched,62.38,62.38,16943.53,16962.01,18.479999999999563,0.0010906818118774284,0.10906818118774284,100.0,0.0,0.0,0.0,100.0,0.0,0.0,0.0,0,0,0,0,0,0,0,0,,,,,122.91209748219146,247551.24514062502,202.0,cea,MULTI_RES,NONE,NONE,
Alta_Lisboa,B1065,matched,58.59,117.26,14507.88,26368.2,11860.320000000002,0.8175088296842821,81.7508829684282,54.119754350051174,0.0,45.88024564994882,0.0,56.24926889669488,0.0,43.7507311033051,0.0,1,2,1,0,1,0,0,2,0.9834159016609192,0.9834923695480506,0.967885434627533,0.9989463686943054,121.72871093484056,235608.508375,201.0,cea,MULTI_RES,NONE,NONE,
Alta_Lisboa,B1066,matched,64.24,123.73,16589.2,29642.81,13053.61,0.7868739903069467,78.68739903069468,50.19801179988684,0.0,49.801988200113136,0.0,53.56497890058179,0.0,46.43502109941821,0.0,1,2,1,0,1,0,0,2,0.9046740233898163,0.9050305003761419,0.8122680187225342,0.9970800280570984,120.87717554136132,269707.395125,198.0,cea,MULTI_RES,NONE,NONE,
Alta_Lisboa,B1067,matched,63.79,122.33,16980.45,29729.0,12748.55,0.7507781006981558,75.07781006981557,50.093992644053955,0.0,49.906007355946066,0.0,53.76226613899908,0.0,46.237733861000926,0.0,1,2,1,0,1,0,0,2,0.8856760263442993,0.885886133832419,0.778390109539032,0.9929619431495667,120.0414937883839,270018.56453125,197.0,cea,MULTI_RES,NONE,NONE,
Alta_Lisboa,B1068,matched,60.28,123.11,16376.14,29685.05,13308.91,0.8127012836968908,81.27012836968908,49.975629569455734,0.0,50.02437043054427,0.0,53.6147794692334,0.0,46.3852205307666,0.0,1,2,1,0,1,0,0,2,0.9297216236591339,0.9297251337711753,0.921430230140686,0.9380130171775818,121.04616705044249,276318.81809375,202.0,cea,MULTI_RES,NONE,NONE,
Alta_Lisboa,B1069,matched,66.68,127.39,17986.04,31222.14,13236.099999999999,0.7359096276890298,73.59096276890298,49.980375225684895,0.0,50.0196247743151,0.0,53.573351057732864,0.0,46.42664894226714,0.0,1,2,1,0,1,0,0,2,0.851101279258728,0.8510361973543399,0.7123515605926514,0.9898509979248047,125.47070361249024,275909.47353125,206.0,cea,MULTI_RES,NONE,NONE,
Alta_Lisboa,B1070,matched,58.16,118.52,15907.55,29060.43,13152.880000000001,0.8268325417804754,82.68325417804753,50.016874789065135,0.0,49.983125210934865,0.0,53.64982750855402,0.0,46.35017249144598,0.0,1,2,1,0,1,0,0,2,0.8419512808322906,0.8419988040296486,0.7161607146263123,0.967741847038269,116.75256223313664,279143.835625,193.0,cea,MULTI_RES,NONE,NONE,
Alta_Lisboa,B1071,matched,61.87,126.07,16879.32,30757.38,13878.060000000001,0.8221930741285788,82.21930741285787,50.01586546089164,0.0,49.984134539108354,0.0,53.8207027197791,0.0,46.1792972802209,0.0,1,2,1,0,1,0,0,2,0.7650662958621979,0.7650227528826635,0.6473265886306763,0.8828060030937195,124.10312756987287,291034.884875,205.0,cea,MULTI_RES,NONE,NONE,
Alta_Lisboa,B1072,matched,69.57,132.74,18809.05,32176.16,13367.11,0.7106743828104025,71.06743828104025,49.954792043399635,0.0,50.045207956600365,0.0,53.62053464255545,0.0,46.379465357444545,0.0,1,2,1,0,1,0,0,2,0.8466036021709442,0.8467186372341261,0.7241121530532837,0.9690950512886047,130.9085264508188,292941.29778125003,214.0,cea,MULTI_RES,NONE,NONE,
Alta_Lisboa,B1073,matched,59.49,121.1,16249.15,29903.25,13654.1,0.8402962616506094,84.02962616506095,50.21058716657032,0.0,49.78941283342969,0.0,54.31691734348202,0.0,45.683082656517975,0.0,1,2,1,0,1,0,0,2,0.8725321888923645,0.8729970640357773,0.762785792350769,0.98227858543396,118.41081365152584,281187.1920625,195.0,cea,MULTI_RES,NONE,NONE,
Alta_Lisboa,B1074,matched,59.64,113.84,16352.53,22494.13,6141.6,0.37557491103823076,37.557491103823075,0.0,0.0,100.0,0.0,0.0,0.0,100.0,0.0,1,1,1,0,0,0,0,1,0.9849328398704529,0.9849328398704529,0.9849328398704529,0.9849328398704529,112.27774131099156,215944.514375,185.0,cea,MULTI_RES,NONE,NONE,
Alta_Lisboa,B1075,matched,30.24,30.24,8242.7,8208.78,-33.92000000000007,-0.004115156441457298,-0.4115156441457298,100.0,0.0,0.0,0.0,100.0,0.0,0.0,0.0,0,0,0,0,0,0,0,0,,,,,57.314386881618,135464.283875,97.0,cea,MULTI_RES,NONE,NONE,
Alta_Lisboa,B1076,matched,58.77,112.31,16119.58,27864.94,11745.359999999999,0.7286393317940045,72.86393317940045,0.0,0.0,0.0,100.0,0.0,0.0,0.0,100.0,1,2,0,1,0,1,0,2,0.9626638889312744,0.9626904525182852,0.9442288279533386,0.9810989499092102,110.62788457108744,253369.3274375,182.0,cea,MULTI_RES,NONE,NONE,
Alta_Lisboa,B1077,matched,31.07,59.74,8434.3,14898.24,6463.9400000000005,0.7663872520541125,76.63872520541125,60.78004686976899,0.0,39.219953130231,0.0,65.39712073944744,0.0,34.60287926055255,0.0,1,2,1,0,1,0,0,2,0.9952588081359863,0.9944092583263212,0.991319477558136,0.9991981387138367,58.5967501938149,119194.47425,100.0,cea,MULTI_RES,NONE,NONE,
Alta_Lisboa,B1078,matched,63.27,122.07,17036.93,28504.23,11467.3,0.6730848809028387,67.30848809028387,49.766527402310146,0.0,50.233472597689854,0.0,56.12850483252908,0.0,43.87149516747094,0.0,1,2,1,0,1,0,0,2,0.843268871307373,0.8439802614170354,0.6907517313957214,0.9957860112190247,119.07112961905189,267140.7060625,198.0,cea,MULTI_RES,NONE,NONE,
Alta_Lisboa,B1079,matched,79.99,173.03,21916.23,42806.32,20890.09,0.9531789910947276,95.31789910947276,0.0,0.0,0.0,100.0,0.0,0.0,0.0,100.0,1,2,0,1,0,1,0,2,0.9855310320854187,0.9856804824481136,0.9830591678619385,0.9880028963088989,168.56033444445646,361110.8783125,276.0,cea,MULTI_RES,NONE,NONE,
Alta_Lisboa,B1080,matched,30.15,57.36,8182.44,14089.87,5907.430000000001,0.7219643529313996,72.19643529313996,60.31386224934613,0.0,39.686137750653884,0.0,63.21277939350216,0.0,36.78722060649785,0.0,1,2,1,0,1,0,0,2,0.7142086029052734,0.6566702240503706,0.4353100657463074,0.9931071400642395,56.743204455406456,111803.671671875,93.0,cea,MULTI_RES,NONE,NONE,
Alta_Lisboa,B1081,matched,29.46,29.46,8082.61,8039.82,-42.789999999999964,-0.0052940819858931665,-0.5294081985893166,100.0,0.0,0.0,0.0,100.0,0.0,0.0,0.0,0,0,0,0,0,0,0,0,,,,,55.444514960964774,103219.02082812501,91.0,cea,MULTI_RES,NONE,NONE,
Alta_Lisboa,B1082,matched,89.67,171.66,24296.27,37724.82,13428.55,0.5527000646601309,55.270006466013086,30.07689619014331,0.0,69.92310380985668,0.0,34.4126426459622,0.0,65.5873573540378,0.0,1,2,1,0,1,0,0,2,0.5803835690021515,0.6315267567562867,0.4520184397697449,0.7087486982345581,168.7324221607141,380573.5991171875,281.0,cea,MULTI_RES,NONE,NONE,
Alta_Lisboa,B1083,matched,89.6,89.6,24572.79,24609.33,36.54000000000087,0.0014870106324923165,0.14870106324923166,100.0,0.0,0.0,0.0,100.0,0.0,0.0,0.0,0,0,0,0,0,0,0,0,,,,,168.60523585324364,376216.25653125,278.0,cea,MULTI_RES,NONE,NONE,
Alta_Lisboa,B1084,matched,59.44,114.97,16294.69,28542.27,12247.58,0.751630132270083,75.1630132270083,0.0,0.0,0.0,100.0,0.0,0.0,0.0,100.0,1,2,0,1,0,1,0,2,0.9448669254779816,0.9448702388205317,0.8904971480369568,0.9992367029190063,111.8848157134316,259544.44775,187.0,cea,MULTI_RES,NONE,NONE,
Alta_Lisboa,B1085,matched,58.39,110.54,16012.75,27276.17,11263.419999999998,0.7034032255546361,70.34032255546362,0.0,0.0,0.0,100.0,0.0,0.0,0.0,100.0,1,2,0,1,0,1,0,2,0.9668639302253723,0.9668732639135708,0.9546698927879333,0.9790579676628113,109.86903584095278,272527.6270625,179.0,cea,MULTI_RES,NONE,NONE,
Alta_Lisboa,B1086,matched,239.91,239.86,65758.72,65478.92,-279.8000000000029,-0.0042549490014404615,-0.4254949001440462,100.0,0.0,0.0,0.0,100.0,0.0,0.0,0.0,1,1,0,0,0,0,1,1,0.969103991985321,0.969103991985321,0.969103991985321,0.969103991985321,451.4562124773123,910426.1154375001,744.0,cea,MULTI_RES,NONE,NONE,
Alta_Lisboa,B1087,matched,270.87,270.87,73873.12,74079.56,206.44000000000233,0.0027945212006749184,0.2794521200674918,100.0,0.0,0.0,0.0,100.0,0.0,0.0,0.0,0,0,0,0,0,0,0,0,,,,,509.8186953937832,1083195.76996875,840.0,cea,MULTI_RES,NONE,NONE,
Alta_Lisboa,B1088,matched,265.75,265.75,71850.14,71669.09,-181.0500000000029,-0.002519828075491612,-0.2519828075491612,100.0,0.0,0.0,0.0,100.0,0.0,0.0,0.0,0,0,0,0,0,0,0,0,,,,,499.23426278892276,1062625.4551796876,823.0,cea,MULTI_RES,NONE,NONE,
Alta_Lisboa,B1089,matched,250.32,250.32,67575.68,67570.39,-5.289999999993597,-7.828260107768946e-05,-0.007828260107768947,100.0,0.0,0.0,0.0,100.0,0.0,0.0,0.0,0,0,0,0,0,0,0,0,,,,,471.0500449089885,1044686.848125,777.0,cea,MULTI_RES,NONE,NONE,
Alta_Lisboa,B1091,matched,440.09,440.09,115923.95,115843.97,-79.97999999999593,-0.0006899350824397885,-0.06899350824397885,100.0,0.0,0.0,0.0,100.0,0.0,0.0,0.0,0,0,0,0,0,0,0,0,,,,,828.1598578775572,2267763.24325,1361.0,cea,MULTI_RES,NONE,NONE,
Alta_Lisboa,B1095,matched,378.52,378.52,103906.75,103774.97,-131.77999999999884,-0.0012682525437471468,-0.12682525437471467,100.0,0.0,0.0,0.0,100.0,0.0,0.0,0.0,0,0,0,0,0,0,0,0,,,,,703.5313294888409,1913829.6795,1162.0,cea,MULTI_RES,NONE,NONE,
Alta_Lisboa,B1097,matched,8.28,8.28,2244.75,2248.44,3.6900000000000546,0.0016438356164383806,0.16438356164383805,100.0,0.0,0.0,0.0,100.0,0.0,0.0,0.0,0,0,0,0,0,0,0,0,,,,,15.575723734124185,34614.4205,26.0,cea,MULTI_RES,NONE,NONE,
Alta_Lisboa,B1098,matched,5.34,5.34,1452.82,1448.97,-3.849999999999909,-0.002650018584545855,-0.2650018584545855,100.0,0.0,0.0,0.0,100.0,0.0,0.0,0.0,0,0,0,0,0,0,0,0,,,,,10.045666343431867,20633.5035,15.0,cea,MULTI_RES,NONE,NONE,
Alta_Lisboa,B1099,matched,262.08,262.08,71782.6,71761.42,-21.180000000007567,-0.0002950575766273103,-0.02950575766273103,100.0,0.0,0.0,0.0,100.0,0.0,0.0,0.0,0,0,0,0,0,0,0,0,,,,,493.172912851294,1060573.5794375,812.0,cea,MULTI_RES,NONE,NONE,
Alta_Lisboa,B1100,matched,35.11,35.11,9637.85,9648.99,11.139999999999418,0.0011558594499810038,0.11558594499810038,100.0,0.0,0.0,0.0,100.0,0.0,0.0,0.0,0,0,0,0,0,0,0,0,,,,,68.06694684477773,129415.845,111.0,cea,MULTI_RES,NONE,NONE,
Alta_Lisboa,B1101,matched,16.96,16.96,4664.52,4660.08,-4.440000000000509,-0.0009518664299864743,-0.09518664299864743,100.0,0.0,0.0,0.0,100.0,0.0,0.0,0.0,0,0,0,0,0,0,0,0,,,,,31.893622505005403,66440.65612500001,52.0,cea,MULTI_RES,NONE,NONE,
Baixa_Alfama,B1000,matched,296.52,577.33,76919.33,153532.64,76613.31000000001,0.996021546209516,99.6021546209516,84.092011362849,15.907988637150968,0.0,0.0,85.58205992532861,14.417940074671392,0.0,0.0,1,3,0,1,1,1,0,3,0.7734410166740417,0.8276621785635321,0.5558887720108032,0.9664952158927917,560.8979956001767,1349236.1474375,927.0,cea,MULTI_RES,NONE,NONE,
Baixa_Alfama,B1001,matched,359.2,359.2,87036.5,86507.97,-528.5299999999988,-0.006072509809103064,-0.6072509809103064,100.0,0.0,0.0,0.0,100.0,0.0,0.0,0.0,0,0,0,0,0,0,0,0,,,,,644.1343108753259,1240980.910328125,1063.0,cea,MULTI_RES,NONE,NONE,
Baixa_Alfama,B1002,matched,219.1,219.1,57607.57,55631.93,-1975.6399999999994,-0.034294798409306264,-3.429479840930626,100.0,0.0,0.0,0.0,100.0,0.0,0.0,0.0,0,0,0,0,0,0,0,0,,,,,413.59833755284194,966909.2375156251,692.0,cea,MULTI_RES,NONE,NONE,
Baixa_Alfama,B1003,matched,297.29,297.29,80941.17,81110.11,168.94000000000233,0.0020871949342961354,0.20871949342961355,100.0,0.0,0.0,0.0,100.0,0.0,0.0,0.0,0,0,0,0,0,0,0,0,,,,,479.1823127283859,1009089.13440625,787.0,cea,MULTI_RES,NONE,NONE,
Baixa_Alfama,B1005,matched,347.19,347.19,92783.48,92423.19,-360.2899999999936,-0.003883126608314256,-0.38831266083142557,100.0,0.0,0.0,0.0,100.0,0.0,0.0,0.0,0,0,0,0,0,0,0,0,,,,,618.0543244535377,1266829.75221875,1017.0,cea,MULTI_RES,NONE,NONE,
Baixa_Alfama,B1007,matched,600.51,600.51,162440.21,162219.37,-220.8399999999965,-0.0013595156026946563,-0.13595156026946562,100.0,0.0,0.0,0.0,100.0,0.0,0.0,0.0,0,0,0,0,0,0,0,0,,,,,1090.9615101316244,2131688.99378125,1801.0,cea,SINGLE_RES,NONE,NONE,
Baixa_Alfama,B1008,matched,2.48,2.48,682.52,680.22,-2.2999999999999545,-0.003369864619351747,-0.33698646193517473,100.0,0.0,0.0,0.0,100.0,0.0,0.0,0.0,0,0,0,0,0,0,0,0,,,,,8.598325912107434,10423.04246875,14.0,cea,MULTI_RES,NONE,NONE,
Baixa_Alfama,B1011,matched,2132.56,2132.56,560980.34,558435.44,-2544.9000000000233,-0.004536522616817594,-0.4536522616817594,100.0,0.0,0.0,0.0,100.0,0.0,0.0,0.0,0,0,0,0,0,0,0,0,,,,,4110.316169706974,7886668.510867188,6776.0,cea,MULTI_RES,NONE,NONE,
Baixa_Alfama,B1016,matched,197.09,365.46,47298.88,95873.07,48574.19000000001,1.0269627948907039,102.69627948907039,100.0,0.0,0.0,0.0,100.0,0.0,0.0,0.0,1,1,0,0,1,0,0,1,0.9981527924537659,0.998152792453766,0.9981527924537659,0.9981527924537659,370.7460956313525,718595.8264140625,606.0,cea,MULTI_RES,NONE,NONE,
Baixa_Alfama,B1017,matched,47.73,91.24,12223.97,20500.37,8276.4,0.677063179965265,67.7063179965265,51.03561643835617,0.0,48.964383561643835,0.0,57.31022748937827,0.0,42.68977251062174,0.0,1,2,1,0,1,0,0,2,0.91477832198143,0.9149033188847095,0.9087271094322205,0.9208295345306396,89.45396489863509,187685.4506875,147.0,cea,MULTI_RES,NONE,NONE,
Baixa_Alfama,B1018,matched,165.72,325.67,45394.68,81263.37,35868.689999999995,0.7901518415814363,79.01518415814363,62.54375729288215,0.0,37.45624270711785,0.0,66.42592204495311,0.0,33.574077955046874,0.0,1,2,1,0,1,0,0,2,0.9520437121391296,0.947653371642496,0.934540867805481,0.9695465564727783,321.0687666817492,631170.5754257813,533.0,cea,MULTI_RES,NONE,NONE,
Baixa_Alfama,B1020,matched,80.11,135.41,15067.87,25169.43,10101.56,0.6704039787972685,67.04039787972685,57.90134396691773,0.0,42.09865603308226,0.0,66.57721185521874,0.0,33.422788144781244,0.0,1,2,1,0,1,0,0,2,0.8623707890510559,0.8635083928221537,0.7287562489509583,0.9959853291511536,151.4182408508094,252801.631625,249.0,cea,MULTI_RES,NONE,NONE,
Baixa_Alfama,B1021,matched,78.43,149.95,21294.22,38362.09,17067.869999999995,0.8015259539912706,80.15259539912705,71.15038346115371,0.0,28.849616538846284,0.0,74.71958024746861,0.0,25.280419752531376,0.0,1,2,1,0,1,0,0,2,0.9967471361160278,0.9954425959529298,0.9936623573303223,0.9998319149017334,147.7616211304036,293459.31134375,242.0,cea,MULTI_RES,NONE,NONE,
Baixa_Alfama,B1023,matched,22.54,22.54,5770.45,5753.26,-17.1899999999996,-0.0029789704442460467,-0.2978970444246047,100.0,0.0,0.0,0.0,100.0,0.0,0.0,0.0,0,0,0,0,0,0,0,0,,,,,42.23666460955741,94823.02668750001,67.0,cea,MULTI_RES,NONE,NONE,
Baixa_Alfama,B1024,matched,133.0,133.0,35380.08,34984.02,-396.06000000000495,-0.01119443483451719,-1.1194434834517188,100.0,0.0,0.0,0.0,100.0,0.0,0.0,0.0,0,0,0,0,0,0,0,0,,,,,249.7705835896704,535607.834375,414.0,cea,MULTI_RES,NONE,NONE,
Baixa_Alfama,B1026,matched,53.45,109.42,14415.06,27355.82,12940.76,0.8977250181407501,89.77250181407501,53.266928630174526,0.0,46.73307136982546,0.0,59.24446090234677,0.0,40.75553909765321,0.0,1,2,1,0,1,0,0,2,0.8339666426181793,0.8443211478775373,0.6755606532096863,0.9923726320266724,106.23701410216327,273693.962375,175.0,cea,MULTI_RES,NONE,NONE,
Baixa_Alfama,B1028,matched,59.91,116.96,11926.77,19563.57,7636.799999999999,0.6403074763745757,64.03074763745758,0.0,100.0,0.0,0.0,0.0,100.0,0.0,0.0,1,2,0,1,0,1,0,2,0.706036165356636,0.7074838412159564,0.4553931653499603,0.9566791653633118,116.38555688481028,231605.0847265625,194.0,cea,MULTI_RES,NONE,NONE,
Baixa_Alfama,B1029,matched,182.92,347.6,49490.11,73454.57,23964.460000000006,0.4842272526773532,48.42272526773532,82.72538979345262,0.0,0.0,17.274610206547376,82.28657736111343,0.0,0.0,17.71342263888658,1,4,0,1,1,1,1,4,0.6441653296351433,0.6292463414590493,0.4202512204647064,0.9345784783363342,350.6444852955955,758242.1368984375,582.0,cea,MULTI_RES,NONE,NONE,
Baixa_Alfama,B1031,matched,137.67,137.67,37662.14,35794.34,-1867.800000000003,-0.04959357062556729,-4.9593570625567285,100.0,0.0,0.0,0.0,100.0,0.0,0.0,0.0,0,0,0,0,0,0,0,0,,,,,259.0865060680126,429138.73350000003,430.0,cea,MULTI_RES,NONE,NONE,
Baixa_Alfama,B1032,matched,187.56,382.92,46135.13,80638.65,34503.52,0.7478795442865339,74.78795442865339,51.76790097665431,0.0,48.232099023345704,0.0,56.61151004978105,0.0,43.38848995021897,0.0,1,2,1,0,1,0,0,2,0.6514482498168945,0.6507923701836295,0.5528969764709473,0.7499995231628418,386.5011965798861,877793.733484375,636.0,cea,MULTI_RES,NONE,NONE,
Baixa_Alfama,B1033,matched,39.53,76.05,9963.59,18061.07,8097.48,0.8127070664288675,81.27070664288675,70.2866158296082,0.0,29.713384170391798,0.0,77.08084893902605,0.0,22.919151060973963,0.0,1,2,1,0,1,0,0,2,0.7238163352012634,0.6325277517848639,0.4988695979118347,0.9487630724906921,74.09322006937582,96618.4861015625,121.0,cea,MULTI_RES,NONE,NONE,
Baixa_Alfama,B1036,matched,120.81,243.56,33184.7,54670.38,21485.68,0.6474574126027959,64.74574126027959,28.939804549560648,0.0,71.06019545043935,0.0,33.104279595256806,0.0,66.8957204047432,0.0,1,2,1,0,1,0,0,2,0.9736422896385193,0.9791142620742181,0.9606496691703796,0.9866349101066589,239.70304252689115,471156.2848203125,396.0,cea,MULTI_RES,NONE,NONE,
Baixa_Alfama,B1037,matched,75.45,146.49,16956.13,30750.91,13794.779999999999,0.8135571029474296,81.35571029474295,58.15414021434909,0.0,41.84585978565089,0.0,67.9726844041739,0.0,32.02731559582609,0.0,1,2,1,0,1,0,0,2,0.9403950870037079,0.9498178287513664,0.8826338052749634,0.9981563687324524,141.4004259122367,237688.3459296875,232.0,cea,MULTI_RES,NONE,NONE,
Baixa_Alfama,B1039,matched,109.28,208.89,29487.19,51546.57,22059.38,0.7481004463294062,74.81004463294062,64.7148944319433,0.0,35.285105568056686,0.0,69.29019138407799,0.0,30.70980861592205,0.0,1,2,1,0,1,0,0,2,0.9257619082927704,0.9061566597231979,0.8591520190238953,0.9923717975616455,204.45859214896683,404918.8638984375,337.0,cea,MULTI_RES,NONE,NONE,
Baixa_Alfama,B1041,matched,1819.41,1819.41,495916.05,495859.79,-56.26000000000931,-0.00011344662065284903,-0.011344662065284903,100.0,0.0,0.0,0.0,100.0,0.0,0.0,0.0,0,0,0,0,0,0,0,0,,,,,3409.8969709345174,8171899.588281251,5611.0,cea,MULTI_RES,NONE,NONE,
Baixa_Alfama,B1042,matched,29.74,29.74,7117.18,6765.66,-351.52000000000044,-0.04939034842451651,-4.939034842451651,100.0,0.0,0.0,0.0,100.0,0.0,0.0,0.0,0,0,0,0,0,0,0,0,,,,,78.77755942703918,95950.4501875,130.0,cea,MULTI_RES,NONE,NONE,
Baixa_Alfama,B1043,matched,71.21,136.46,17738.4,30257.4,12519.0,0.7057570017588959,70.5757001758896,47.77956910449949,0.0,52.2204308955005,0.0,53.124287575094684,0.0,46.8757124249053,0.0,1,2,1,0,1,0,0,2,0.7624606788158417,0.7722398691952043,0.5423962473869324,0.982525110244751,134.14623547165246,293271.57471875,220.0,cea,MULTI_RES,NONE,NONE,
Baixa_Alfama,B1046,matched,117.04,239.78,32197.45,56137.61,23940.16,0.74354211280707,74.354211280707,46.35082158645424,0.0,53.64917841354575,0.0,51.51705762569468,0.0,48.48294237430529,0.0,1,2,1,0,1,0,0,2,0.9899776875972748,0.9906755063695526,0.9804115295410156,0.9995438456535339,235.4320586028155,387271.5367265625,389.0,cea,MULTI_RES,NONE,NONE,
Baixa_Alfama,B1047,matched,82.24,155.63,21398.66,35058.94,13660.280000000002,0.6383708138733922,63.837081387339225,52.203803649447444,0.0,47.796196350552556,0.0,58.95542545186233,0.0,41.044574548137675,0.0,1,2,1,0,1,0,0,2,0.7532817125320435,0.7640812326231895,0.5078088045120239,0.998754620552063,151.99994158515463,310876.0885625,250.0,cea,MULTI_RES,NONE,NONE,
Baixa_Alfama,B1048,matched,218.37,421.9,59485.19,96935.22,37450.03,0.6295689733864849,62.95689733864849,50.048588561541564,0.0,49.951411438458436,0.0,55.55656250481951,0.0,44.44343749518049,0.0,1,2,0,1,0,1,0,2,0.643598273396492,0.6434081251564333,0.45316216349601746,0.8340343832969666,409.2555745534864,871029.30821875,671.0,cea,MULTI_RES,NONE,NONE,
Baixa_Alfama,B1049,matched,70.68,70.68,19345.59,19364.84,19.25,0.0009950588221915176,0.09950588221915176,100.0,0.0,0.0,0.0,100.0,0.0,0.0,0.0,0,0,0,0,0,0,0,0,,,,,132.4477621010041,290585.61625,217.0,cea,MULTI_RES,NONE,NONE,
Baixa_Alfama,B1050,matched,96.65,187.14,25903.25,43682.3,17779.050000000003,0.6863636802331755,68.63636802331754,48.04702110606466,0.0,51.95297889393535,0.0,54.10575373931047,0.0,45.894246260689535,0.0,1,2,1,0,1,0,0,2,0.9628311693668365,0.964175278848544,0.9284746646881104,0.9971876740455627,182.9679669649875,416159.8775,305.0,cea,MULTI_RES,NONE,NONE,
Baixa_Alfama,B1053,matched,137.08,261.39,37178.22,63042.49,25864.269999999997,0.6956833866710131,69.56833866710132,27.731446059678653,0.0,24.56388676358072,47.704667176740614,30.385984849424002,0.0,22.41701323207129,47.197001918504725,1,3,1,1,0,1,0,3,0.5870770514011383,0.5663391118761273,0.4166583716869354,0.8237404823303223,256.87317801198924,347030.799453125,421.0,cea,MULTI_RES,NONE,NONE,
Baixa_Alfama,B1055,matched,94.48,181.85,23669.34,48126.67,24457.329999999998,1.0332915915695156,103.32915915695156,100.0,0.0,0.0,0.0,100.0,0.0,0.0,0.0,1,1,0,0,1,0,0,1,0.964888334274292,0.964888334274292,0.964888334274292,0.964888334274292,177.07474516488668,414575.040125,291.0,cea,MULTI_RES,NONE,NONE,
Baixa_Alfama,B1056,matched,66.19,66.19,13633.5,13698.59,65.09000000000015,0.004774269263211952,0.47742692632119516,100.0,0.0,0.0,0.0,100.0,0.0,0.0,0.0,0,0,0,0,0,0,0,0,,,,,123.98464934933772,167912.83015625,206.0,cea,MULTI_RES,NONE,NONE,
Baixa_Alfama,B1057,matched,140.24,264.84,38253.57,63929.74,25676.17,0.6712097720552618,67.12097720552617,50.55127624225949,0.0,49.44872375774053,0.0,53.659611872335134,0.0,46.34038812766488,0.0,1,2,1,0,1,0,0,2,0.8640947639942169,0.8626756457644252,0.7354744672775269,0.992715060710907,262.8301587821817,482610.3406875,432.0,cea,MULTI_RES,NONE,NONE,
Baixa_Alfama,B1060,matched,148.18,197.26,40263.73,46258.48,5994.75,0.14888710012708706,14.888710012708707,45.239785055257016,0.0,54.76021494474299,0.0,48.33743605038606,0.0,51.66256394961394,0.0,1,2,1,0,0,0,1,2,0.4667113274335861,0.45494298289764196,0.41200897097587585,0.5214136838912964,273.95916632857063,628633.587875,453.0,cea,MULTI_RES,NONE,NONE,
Baixa_Alfama,B1064,matched,166.82,166.82,44542.24,43689.68,-852.5599999999977,-0.01914048328058934,-1.914048328058934,100.0,0.0,0.0,0.0,100.0,0.0,0.0,0.0,0,0,0,0,0,0,0,0,,,,,313.2316691200324,729044.5268125,516.0,cea,MULTI_RES,NONE,NONE,
Baixa_Alfama,B1066,matched,182.81,374.37,49938.05,82971.2,33033.149999999994,0.6614825769127948,66.14825769127948,0.0,100.0,0.0,0.0,0.0,100.0,0.0,0.0,1,2,0,1,0,1,0,2,0.7221361696720123,0.7013253573610785,0.6006813645362854,0.8435909748077393,366.2928384761142,731279.1055078125,605.0,cea,MULTI_RES,NONE,NONE,
Baixa_Alfama,B1067,matched,110.24,159.05,25019.35,37362.48,12343.130000000005,0.4933433522453623,49.33433522453623,100.0,0.0,0.0,0.0,100.0,0.0,0.0,0.0,1,2,0,0,1,0,1,2,0.6849208176136017,0.6728070454240518,0.4447193741798401,0.9251222610473633,209.19376349569683,436633.66675000003,345.0,cea,MULTI_RES,NONE,NONE,
Baixa_Alfama,B1068,matched,273.49,534.6,75490.23,122099.78,46609.55,0.6174249303519145,61.74249303519145,19.954355837402023,0.0,31.363525824494452,48.68211833810351,22.996337822354267,0.0,27.61074746687057,49.39291471077517,1,4,1,1,1,1,0,4,0.6542029157280922,0.6413102385076805,0.40976980328559875,0.831564724445343,520.6345024909896,996609.8564375,855.0,cea,MULTI_RES,NONE,NONE,
Baixa_Alfama,B1069,matched,135.16,135.16,29978.34,29733.72,-244.61999999999898,-0.008159891441620817,-0.8159891441620817,100.0,0.0,0.0,0.0,100.0,0.0,0.0,0.0,0,0,0,0,0,0,0,0,,,,,253.31037900935667,563559.66925,423.0,cea,MULTI_RES,NONE,NONE,
Baixa_Alfama,B1070,matched,53.45,99.02,14621.68,24432.37,9810.689999999999,0.6709687258919631,67.09687258919631,56.215288296475805,0.0,43.78471170352418,0.0,60.66924001132185,0.0,39.330759988678174,0.0,1,2,1,0,1,0,0,2,0.948328286409378,0.9485539965605029,0.9465117454528809,0.9501448273658752,97.4587466433954,199134.06065625002,162.0,cea,MULTI_RES,NONE,NONE,
Baixa_Alfama,B1074,matched,42.83,42.83,11647.22,11593.68,-53.539999999999054,-0.004596805074515554,-0.4596805074515554,100.0,0.0,0.0,0.0,100.0,0.0,0.0,0.0,0,0,0,0,0,0,0,0,,,,,80.27317417122666,177771.3185,132.0,cea,MULTI_RES,NONE,NONE,
Baixa_Alfama,B1077,matched,90.54,171.62,22836.97,37089.63,14252.659999999996,0.6241046863922839,62.41046863922839,15.522666355902578,0.0,23.895816338422097,60.58151730567533,15.237213879243377,0.0,23.46014600640386,61.30264011435278,1,3,1,0,1,1,0,3,0.5589392880598704,0.6069443224267547,0.4725821316242218,0.681517481803894,168.53949703701267,305129.91290625,278.0,cea,MULTI_RES,NONE,NONE,
Baixa_Alfama,B1078,matched,49.94,95.06,12022.34,20242.43,8220.09,0.683734614060158,68.3734614060158,51.23080159899012,0.0,48.76919840100989,0.0,57.295040482372116,0.0,42.70495951762788,0.0,1,2,1,0,1,0,0,2,0.948328286409378,0.9483728040709847,0.9465117454528809,0.9501448273658752,93.5590637500859,189422.36443750001,154.0,cea,MULTI_RES,NONE,NONE,
Baixa_Alfama,B1079,matched,50.78,97.46,13791.69,22604.26,8812.569999999998,0.6389768041480048,63.89768041480048,47.28093576852042,0.0,52.719064231479585,0.0,53.320452219611795,0.0,46.67954778038821,0.0,1,2,1,0,1,0,0,2,0.7323807179927826,0.7399406555670887,0.5934868454933167,0.8712745904922485,94.99694596850603,187867.88215625,156.0,cea,MULTI_RES,NONE,NONE,
Baixa_Alfama,B1081,matched,60.34,60.34,14539.86,14337.34,-202.52000000000044,-0.01392860729057917,-1.392860729057917,100.0,0.0,0.0,0.0,100.0,0.0,0.0,0.0,0,0,0,0,0,0,0,0,,,,,115.02954376400247,278918.66425000003,190.0,cea,MULTI_RES,NONE,NONE,
Baixa_Alfama,B1082,matched,2.23,2.23,578.99,555.27,-23.720000000000027,-0.04096789236428958,-4.096789236428958,100.0,0.0,0.0,0.0,100.0,0.0,0.0,0.0,0,0,0,0,0,0,0,0,,,,,8.807419022217076,18173.337437500002,14.0,cea,MULTI_RES,NONE,NONE,
Baixa_Alfama,B1094,matched,18.23,18.23,4569.69,4305.27,-264.41999999999916,-0.05786388135737855,-5.786388135737855,100.0,0.0,0.0,0.0,100.0,0.0,0.0,0.0,0,0,0,0,0,0,0,0,,,,,42.12075170566387,68275.9975,70.0,cea,MULTI_RES,NONE,NONE,
Baixa_Alfama,B1096,matched,19.95,19.95,5312.72,5199.24,-113.48000000000047,-0.021360056618831873,-2.1360056618831873,100.0,0.0,0.0,0.0,100.0,0.0,0.0,0.0,0,0,0,0,0,0,0,0,,,,,43.754656700152665,83470.38178125,70.0,cea,MULTI_RES,NONE,NONE,
Baixa_Alfama,B1101,matched,140.5,269.31,36882.71,76585.2,39702.49,1.0764526250918114,107.64526250918114,100.0,0.0,0.0,0.0,100.0,0.0,0.0,0.0,1,1,0,0,1,0,0,1,0.7066999673843384,0.7066999673843384,0.7066999673843384,0.7066999673843384,263.3176001695269,526083.84375,435.0,cea,MULTI_RES,NONE,NONE,
Baixa_Alfama,B1102,matched,319.77,319.77,86381.84,86114.27,-267.56999999999243,-0.0030975260540872067,-0.3097526054087207,100.0,0.0,0.0,0.0,100.0,0.0,0.0,0.0,0,0,0,0,0,0,0,0,,,,,614.6914837174211,1270944.7773085937,1013.0,cea,MULTI_RES,NONE,NONE,
Baixa_Alfama,B1103,matched,2.17,2.17,601.4,600.57,-0.8299999999999272,-0.0013801130695043685,-0.13801130695043684,100.0,0.0,0.0,0.0,100.0,0.0,0.0,0.0,0,0,0,0,0,0,0,0,,,,,7.956009236648106,11062.77125,11.0,cea,MULTI_RES,NONE,NONE,
Baixa_Alfama,B1104,matched,148.42,275.86,39779.69,60562.39,20782.699999999997,0.5224449964290822,52.24449964290822,41.12955847168853,0.0,58.870441528311446,0.0,46.46324641722065,0.0,53.53675358277938,0.0,1,2,1,0,1,0,0,2,0.9839504361152649,0.9812761941406803,0.9688801765441895,0.9990206956863403,270.8596993113326,517208.33725,446.0,cea,MULTI_RES,NONE,NONE,
Baixa_Alfama,B1105,matched,185.08,294.25,51019.67,64844.1,13824.43,0.27096274828904227,27.096274828904228,31.91503823279525,0.0,68.08496176720477,0.0,34.39523070197942,0.0,65.60476929802054,0.0,1,2,1,0,0,0,1,2,0.41460490226745605,0.4167097795474499,0.38205739855766296,0.44715240597724915,372.95323514432283,747470.0431953125,613.0,cea,MULTI_RES,NONE,NONE,
Baixa_Alfama,B1106,matched,69.58,133.91,18809.38,33421.3,14611.920000000002,0.7768421925656243,77.68421925656243,50.657108721624844,49.34289127837515,0.0,0.0,52.60883684558756,47.391163154412446,0.0,0.0,1,3,0,1,1,1,0,3,0.8039135932922363,0.7288451350827309,0.5134099721908569,0.9748324751853943,130.40253267297336,293178.47975,214.0,cea,MULTI_RES,NONE,NONE,
Baixa_Alfama,B1107,matched,96.07,189.18,26520.85,40168.89,13648.04,0.5146154817813156,51.46154817813156,0.0,0.0,47.5475687103594,52.452431289640586,0.0,0.0,44.583516830061896,55.41648316993809,1,2,1,0,0,1,0,2,0.9122663736343384,0.914717636157843,0.8623378872871399,0.9621948599815369,184.83494145295134,410224.38165625,303.0,cea,MULTI_RES,NONE,NONE,
Baixa_Alfama,B1108,matched,73.01,73.01,19880.32,19880.88,0.5600000000013097,2.8168560667097393e-05,0.0028168560667097393,100.0,0.0,0.0,0.0,100.0,0.0,0.0,0.0,0,0,0,0,0,0,0,0,,,,,136.7276080898671,254056.90414843752,225.0,cea,MULTI_RES,NONE,NONE,
Baixa_Alfama,B1109,matched,124.22,228.02,32354.96,53917.07,21562.11,0.6664236333470973,66.64236333470973,25.20064909433797,0.0,25.805885706767246,48.99346519889478,25.451931566442244,0.0,23.581866219286674,50.96620221427107,1,3,1,1,1,0,0,3,0.7766763965288798,0.8279436566444431,0.6302463412284851,0.9746326804161072,232.74887197741532,463901.5881875,381.0,cea,MULTI_RES,NONE,NONE,
Baixa_Alfama,B1110,matched,154.21,220.93,42072.08,50142.97,8070.889999999999,0.19183482252363085,19.183482252363085,35.99619806282249,0.0,64.00380193717751,0.0,37.68862724036438,0.0,62.31137275963561,0.0,1,2,1,0,0,0,1,2,0.6419641375541687,0.6455212699685868,0.5067764520645142,0.7771518230438232,288.9276787801606,576051.75696875,478.0,cea,MULTI_RES,NONE,NONE,
Baixa_Alfama,B1111,matched,52.76,89.89,11233.22,13739.91,2506.6900000000005,0.2231497291070593,22.31497291070593,0.0,55.55679163421959,44.44320836578039,0.0,0.0,64.36532427004738,35.634675729952626,0.0,1,2,1,1,0,0,0,2,0.8983974456787109,0.8972899827034132,0.8143450021743774,0.9824498891830444,98.88053838337578,121417.9429921875,163.0,cea,MULTI_RES,NONE,NONE,
Baixa_Alfama,B1112,matched,148.45,148.45,38109.62,37186.45,-923.1700000000055,-0.02422406730898932,-2.4224067308989317,100.0,0.0,0.0,0.0,100.0,0.0,0.0,0.0,0,0,0,0,0,0,0,0,,,,,280.4274649819001,492070.68440625,453.0,cea,MULTI_RES,NONE,NONE,
Baixa_Alfama,B1113,matched,127.73,186.21,30037.82,46968.93,16931.11,0.5636597462798566,56.36597462798566,100.0,0.0,0.0,0.0,100.0,0.0,0.0,0.0,1,2,0,0,1,0,1,2,0.7417536079883575,0.7394127424924181,0.5124603509902954,0.9710468649864197,239.38824653411942,429595.7289140625,397.0,cea,MULTI_RES,NONE,NONE,
Baixa_Alfama,B1114,matched,86.68,167.84,18342.69,26552.63,8209.940000000002,0.44758647722880357,44.758647722880355,0.0,100.0,0.0,0.0,0.0,100.0,0.0,0.0,1,2,0,1,0,1,0,2,0.9788822531700134,0.9790100821238896,0.9634121656417847,0.9943523406982422,162.44886921530053,361398.30325,265.0,cea,MULTI_RES,NONE,NONE,
Baixa_Alfama,B1116,matched,111.62,210.46,23116.21,41238.36,18122.15,0.783958529534037,78.3958529534037,25.16037063435495,0.0,19.296745070087905,55.542884295557116,26.82025686476819,0.0,14.830268726644736,58.349474408587085,1,3,1,0,1,1,0,3,0.6696558097998301,0.6567103169139936,0.4500413239002228,0.9404484033584595,216.17655493495124,395190.0556875,354.0,cea,MULTI_RES,NONE,NONE,
Baixa_Alfama,B1117,matched,76.37,76.37,15371.64,15484.34,112.70000000000073,0.007331683541899285,0.7331683541899285,100.0,0.0,0.0,0.0,100.0,0.0,0.0,0.0,0,0,0,0,0,0,0,0,,,,,157.03729755936223,262321.4681015625,254.0,cea,MULTI_RES,NONE,NONE,
Baixa_Alfama,B1118,matched,49.35,49.19,11792.59,11200.57,-592.0200000000004,-0.050202712042053566,-5.020271204205357,100.0,0.0,0.0,0.0,100.0,0.0,0.0,0.0,0,0,0,0,0,0,0,0,,,,,94.23770844019083,172174.687109375,155.0,cea,MULTI_RES,NONE,NONE,
Baixa_Alfama,B1119,matched,43.21,43.21,11354.64,11063.71,-290.9300000000003,-0.025622124523542827,-2.5622124523542826,100.0,0.0,0.0,0.0,100.0,0.0,0.0,0.0,0,0,0,0,0,0,0,0,,,,,80.33585479220447,149687.081984375,133.0,cea,MULTI_RES,NONE,NONE,
Baixa_Alfama,B1120,matched,138.77,138.77,36671.53,36618.15,-53.37999999999738,-0.001455625112996305,-0.1455625112996305,100.0,0.0,0.0,0.0,100.0,0.0,0.0,0.0,0,0,0,0,0,0,0,0,,,,,278.98343342249876,535155.959078125,462.0,cea,MULTI_RES,NONE,NONE,
Baixa_Alfama,B1121,matched,36.99,36.99,8856.43,8448.78,-407.64999999999964,-0.04602870456831925,-4.6028704568319245,100.0,0.0,0.0,0.0,100.0,0.0,0.0,0.0,0,0,0,0,0,0,0,0,,,,,73.31551297170705,68642.511640625,123.0,cea,MULTI_RES,NONE,NONE,
Baixa_Alfama,B1122,matched,64.09,64.09,16253.34,17379.46,1126.119999999999,0.06928545148258751,6.928545148258751,100.0,0.0,0.0,0.0,100.0,0.0,0.0,0.0,0,0,0,0,0,0,0,0,,,,,120.10818957960097,196794.4284375,199.0,cea,MULTI_RES,NONE,NONE,
Baixa_Alfama,B1123,matched,77.93,117.42,14229.78,19556.42,5326.639999999998,0.3743304534574672,37.43304534574672,27.57622210866973,0.0,27.950945324476233,44.472832566854024,35.65242373370531,0.0,23.396915007051017,40.95066125924365,1,4,1,1,1,1,0,4,0.5280820354819298,0.5225825282526383,0.4185405969619751,0.6245246529579163,147.5463216519697,293239.8951875,243.0,cea,MULTI_RES,NONE,NONE,
Baixa_Alfama,B1124,matched,126.43,239.29,34588.22,57094.81,22506.589999999997,0.6507010190174572,65.07010190174573,26.723777684914335,0.0,24.454659423318013,48.82156289176765,30.260179683838896,0.0,21.845405475425643,47.89441484073545,1,4,1,1,1,1,0,4,0.5280820354819298,0.529170973814516,0.4185405969619751,0.6245246529579163,236.94649933325277,531850.8025390625,390.0,cea,MULTI_RES,NONE,NONE,
Baixa_Alfama,B1125,matched,64.35,120.04,15585.39,21867.99,6282.600000000002,0.4031082956538144,40.31082956538144,20.826391202932356,51.66611129623458,27.50749750083306,0.0,25.53790104136992,45.964545411587316,28.49755354704277,0.0,1,3,1,0,1,1,0,3,0.7537146409352621,0.7612127926522931,0.6330659985542297,0.8751391768455505,120.59391701529124,175467.34821875,198.0,cea,MULTI_RES,NONE,NONE,
Baixa_Alfama,B1127,matched,127.53,127.53,32850.89,31079.6,-1771.2900000000009,-0.053919087123667,-5.3919087123667,100.0,0.0,0.0,0.0,100.0,0.0,0.0,0.0,0,0,0,0,0,0,0,0,,,,,239.72169525163866,450634.78259375,396.0,cea,MULTI_RES,NONE,NONE,
Baixa_Alfama,B1128,matched,29.7,29.7,8085.98,8045.65,-40.32999999999993,-0.004987645282328169,-0.4987645282328169,100.0,0.0,0.0,0.0,100.0,0.0,0.0,0.0,0,0,0,0,0,0,0,0,,,,,55.659155510342316,85266.9493125,90.0,cea,MULTI_RES,NONE,NONE,
Baixa_Alfama,B1131,matched,417.09,417.09,113917.41,113812.48,-104.93000000000757,-0.0009211059134859857,-0.09211059134859857,100.0,0.0,0.0,0.0,100.0,0.0,0.0,0.0,0,0,0,0,0,0,0,0,,,,,781.694817213739,1448076.5632500001,1287.0,cea,MULTI_RES,NONE,NONE,
Baixa_Alfama,B1132,matched,205.33,205.33,55172.74,54817.29,-355.4499999999971,-0.006442493158759146,-0.6442493158759146,100.0,0.0,0.0,0.0,100.0,0.0,0.0,0.0,0,0,0,0,0,0,0,0,,,,,385.8458312891886,717146.013265625,634.0,cea,MULTI_RES,NONE,NONE,
Baixa_Alfama,B1133,matched,241.88,473.74,65134.7,103774.51,38639.81,0.5932292618220395,59.32292618220395,0.0,100.0,0.0,0.0,0.0,100.0,0.0,0.0,1,2,0,1,0,1,0,2,0.8625173270702362,0.862125090315108,0.844136118888855,0.8808985352516174,460.2114248170355,877403.08140625,758.0,cea,MULTI_RES,NONE,NONE,
Baixa_Alfama,B1137,matched,159.2,159.2,41905.42,41998.97,93.55000000000291,0.0022324081228634125,0.22324081228634127,100.0,0.0,0.0,0.0,100.0,0.0,0.0,0.0,0,0,0,0,0,0,0,0,,,,,305.67931749760606,643683.5656914063,505.0,cea,MULTI_RES,NONE,NONE,
Baixa_Alfama,B1138,matched,48.33,48.33,13020.0,13004.71,-15.290000000000873,-0.001174347158218193,-0.1174347158218193,100.0,0.0,0.0,0.0,100.0,0.0,0.0,0.0,0,0,0,0,0,0,0,0,,,,,95.20203265279957,192131.2372578125,158.0,cea,MULTI_RES,NONE,NONE,
Baixa_Alfama,B1139,matched,37.71,56.51,6834.14,8892.81,2058.669999999999,0.301233220273509,30.123322027350902,0.0,0.0,34.477876106194685,65.5221238938053,0.0,0.0,34.88815768543289,65.11184231456711,1,3,1,0,1,1,0,3,0.8071636259555817,0.7145846556576486,0.4918411076068878,0.9966559410095215,122.00142581678665,269760.1402578125,198.0,cea,MULTI_RES,NONE,NONE,
Baixa_Alfama,B1140,matched,25.55,25.55,6801.32,6811.9,10.579999999999927,0.0015555803873365651,0.1555580387336565,100.0,0.0,0.0,0.0,100.0,0.0,0.0,0.0,0,0,0,0,0,0,0,0,,,,,47.887364768262756,125264.62425000001,79.0,cea,MULTI_RES,NONE,NONE,
Baixa_Alfama,B1142,matched,399.4,399.4,102193.35,102676.97,483.61999999999534,0.004732401863722007,0.47324018637220067,100.0,0.0,0.0,0.0,100.0,0.0,0.0,0.0,0,0,0,0,0,0,0,0,,,,,749.922912362054,1518251.3071796875,1233.0,cea,MULTI_RES,NONE,NONE,
Baixa_Alfama,B1143,matched,94.69,94.69,21526.9,21575.0,48.099999999998545,0.002234413687061237,0.22344136870612372,100.0,0.0,0.0,0.0,100.0,0.0,0.0,0.0,0,0,0,0,0,0,0,0,,,,,192.59197830917148,342655.7565390625,316.0,cea,MULTI_RES,NONE,NONE,
Baixa_Alfama,B1144,matched,84.28,161.48,22653.2,37031.77,14378.569999999996,0.6347257782564933,63.47257782564933,35.91998513655788,0.0,64.08001486344213,0.0,40.85454851072854,0.0,59.14545148927145,0.0,1,2,1,0,1,0,0,2,0.48033733665943146,0.4829360502895021,0.47110500931739807,0.48956966400146484,157.96019252577779,303228.1579453125,260.0,cea,MULTI_RES,NONE,NONE,
Baixa_Alfama,B1145,matched,102.13,201.92,27589.58,38906.44,11316.86,0.4101860195044651,41.01860195044651,0.0,0.0,37.89927202495914,62.10072797504085,0.0,0.0,39.05872187285982,60.94127812714019,1,2,1,0,0,1,0,2,0.7866638004779816,0.7829003578064393,0.7711125612258911,0.802215039730072,196.88757035770962,366837.49371875,326.0,cea,MULTI_RES,NONE,NONE,
Baixa_Alfama,B1146,matched,22.84,22.84,5736.88,5523.41,-213.47000000000025,-0.03721012118085096,-3.721012118085096,100.0,0.0,0.0,0.0,100.0,0.0,0.0,0.0,0,0,0,0,0,0,0,0,,,,,52.30418224504015,89506.27403125,84.0,cea,MULTI_RES,NONE,NONE,
Baixa_Alfama,B1147,matched,385.5,385.5,103059.74,99406.04,-3653.7000000000116,-0.035452253227108974,-3.5452253227108974,100.0,0.0,0.0,0.0,100.0,0.0,0.0,0.0,0,0,0,0,0,0,0,0,,,,,736.0549078050404,1473290.451546875,1209.0,cea,MULTI_RES,NONE,NONE,
Baixa_Alfama,B1149,matched,0.0,0.0,0.0,0.0,0.0,,,,,,,,,,,1,1,1,0,0,0,0,1,0.9579602479934692,0.9579602479934692,0.9579602479934692,0.9579602479934692,43.16965819104981,49652.433218750004,72.0,cea,MULTI_RES,NONE,NONE,
Baixa_Alfama,B1150,matched,92.96,178.4,25169.2,38919.71,13750.509999999998,0.5463228867027954,54.632288670279536,0.0,100.0,0.0,0.0,0.0,100.0,0.0,0.0,1,2,0,1,0,1,0,2,0.97593092918396,0.9757232614937177,0.9708690047264099,0.98099285364151,174.22754772637492,441369.10000000003,286.0,cea,MULTI_RES,NONE,NONE,
Baixa_Alfama,B1151,matched,52.54,105.25,13085.03,23284.45,10199.42,0.7794724200097363,77.94724200097363,25.622268668060038,0.0,21.73665209956299,52.64107923237697,22.57704535828581,0.0,21.930071444131315,55.49288319758286,1,4,1,1,1,1,0,4,0.8062105923891068,0.8050503898106092,0.6472962498664856,0.9705673456192017,102.82472440167764,196398.4350625,169.0,cea,MULTI_RES,NONE,NONE,
Baixa_Alfama,B1153,matched,35.3,67.63,6939.77,10499.2,3559.4300000000003,0.5129031653786797,51.29031653786797,40.313516711032236,0.0,59.68648328896775,0.0,34.38714975056696,0.0,65.61285024943304,0.0,1,2,1,0,1,0,0,2,0.9586183726787567,0.9566261583919112,0.9179323315620422,0.9993044137954712,74.9248441696284,159393.42796875,121.0,cea,MULTI_RES,NONE,NONE,
Baixa_Alfama,B1154,matched,38.69,38.69,10578.04,10577.83,-0.21000000000094587,-1.985244903601668e-05,-0.001985244903601668,100.0,0.0,0.0,0.0,100.0,0.0,0.0,0.0,0,0,0,0,0,0,0,0,,,,,72.51783012318575,192833.80193750001,117.0,cea,MULTI_RES,NONE,NONE,
Baixa_Alfama,B1155,matched,40.12,78.74,10909.3,20190.31,9281.010000000002,0.8507429440935718,85.07429440935718,0.0,0.0,0.0,100.0,0.0,0.0,0.0,100.0,1,2,1,0,1,0,0,2,0.922476589679718,0.9055533179049973,0.8531906604766846,0.9917625188827515,84.0347016843294,188828.39678125,136.0,cea,MULTI_RES,NONE,NONE,
Baixa_Alfama,B1156,matched,143.11,143.11,37464.16,35063.26,-2400.9000000000015,-0.06408524840807858,-6.408524840807858,100.0,0.0,0.0,0.0,100.0,0.0,0.0,0.0,0,0,0,0,0,0,0,0,,,,,283.64906062973006,655020.217015625,467.0,cea,MULTI_RES,NONE,NONE,
Baixa_Alfama,B1157,matched,58.89,118.79,15165.87,28254.7,13088.83,0.8630451137982852,86.30451137982853,24.145479036874896,48.585620474827415,27.268900488297692,0.0,24.610349632098046,50.02689936097382,25.362751006928136,0.0,1,3,1,0,1,1,0,3,0.7930426796277364,0.7654194159997139,0.6591942310333252,0.9557514190673828,116.12729123475695,302046.15725,189.0,cea,MULTI_RES,NONE,NONE,
Baixa_Alfama,B1158,matched,58.2,58.2,15934.26,15931.18,-3.0799999999999272,-0.00019329419753411374,-0.019329419753411375,100.0,0.0,0.0,0.0,100.0,0.0,0.0,0.0,0,0,0,0,0,0,0,0,,,,,111.11168600059915,237883.62031250002,182.0,cea,MULTI_RES,NONE,NONE,
Baixa_Alfama,B1160,matched,29.26,65.38,7976.32,15875.92,7899.6,0.9903815293268075,99.03815293268075,48.95992658305293,0.0,51.04007341694709,0.0,54.20113629464115,0.0,45.79886370535885,0.0,1,2,1,0,1,0,0,2,0.9792921841144562,0.979678269407887,0.960748553276062,0.9978358149528503,63.77310954111451,103800.7561875,106.0,cea,MULTI_RES,NONE,NONE,
Baixa_Alfama,B1161,matched,71.92,71.92,17579.82,17563.69,-16.13000000000102,-0.0009175293034855317,-0.09175293034855317,100.0,0.0,0.0,0.0,100.0,0.0,0.0,0.0,0,0,0,0,0,0,0,0,,,,,147.12756464361266,340844.2018125,241.0,cea,MULTI_RES,NONE,NONE,
Baixa_Alfama,B1162,matched,23.44,23.44,4710.96,4434.45,-276.5100000000002,-0.05869504304855066,-5.869504304855066,100.0,0.0,0.0,0.0,100.0,0.0,0.0,0.0,0,0,0,0,0,0,0,0,,,,,43.932978131675284,70044.43796875,75.0,cea,SINGLE_RES,NONE,NONE,
Baixa_Alfama,B1163,matched,169.7,313.5,40876.01,60857.85,19981.839999999997,0.4888402757509844,48.884027575098436,0.0,100.0,0.0,0.0,0.0,100.0,0.0,0.0,1,1,0,1,0,0,0,1,0.6113351583480835,0.6113351583480835,0.6113351583480835,0.6113351583480835,310.5101910695435,668939.5491875,512.0,cea,MULTI_RES,NONE,NONE,
Baixa_Alfama,B1164,matched,39.26,71.15,10690.38,14624.03,3933.6500000000015,0.36796166272854675,36.79616627285468,0.0,56.95615514333895,16.68071950534008,26.36312535132096,0.0,54.9242414187063,14.546543160389088,30.529215420904617,1,3,1,1,1,0,0,3,0.7470247745513916,0.7501229517107126,0.6930285692214966,0.7880703806877136,73.58281000342896,119494.67203125,119.0,cea,MULTI_RES,NONE,NONE,
Baixa_Alfama,B1165,matched,64.34,123.0,17567.0,23566.2,5999.200000000001,0.3415039562816645,34.15039562816645,0.0,0.0,100.0,0.0,0.0,0.0,100.0,0.0,1,1,1,0,0,0,0,1,0.9115306735038757,0.9115306735038757,0.9115306735038757,0.9115306735038757,120.58506713832092,205683.13028125,198.0,cea,MULTI_RES,NONE,NONE,
Baixa_Alfama,B1166,matched,84.64,169.33,20341.27,30915.48,10574.21,0.519840206634099,51.9840206634099,0.0,0.0,100.0,0.0,0.0,0.0,100.0,0.0,1,1,1,0,0,0,0,1,0.7902868986129761,0.7902868986129761,0.7902868986129761,0.7902868986129761,175.0613079050126,451683.85582812503,286.0,cea,MULTI_RES,NONE,NONE,
Baixa_Alfama,B1167,matched,21.99,21.99,5790.95,5737.93,-53.01999999999953,-0.009155665305347055,-0.9155665305347055,100.0,0.0,0.0,0.0,100.0,0.0,0.0,0.0,0,0,0,0,0,0,0,0,,,,,41.21723809148174,90719.3816875,67.0,cea,MULTI_RES,NONE,NONE,
Baixa_Alfama,B1169,matched,151.03,315.31,41380.22,78099.38,36719.16,0.8873601928650936,88.73601928650936,57.16460513796386,0.0,42.83539486203618,0.0,62.826949357695604,0.0,37.17305064230439,0.0,1,2,1,0,1,0,0,2,0.9823762476444244,0.9830787465637167,0.9774743914604187,0.9872781038284302,307.40991138483344,706163.42575,505.0,cea,MULTI_RES,NONE,NONE,
Baixa_Alfama,B1170,matched,22.95,22.95,3587.94,3624.63,36.690000000000055,0.01022592351042661,1.022592351042661,100.0,0.0,0.0,0.0,100.0,0.0,0.0,0.0,0,0,0,0,0,0,0,0,,,,,54.53921768434349,115533.20806250001,88.0,cea,MULTI_RES,NONE,NONE,
Baixa_Alfama,B1171,matched,27.29,51.78,7453.42,11649.2,4195.780000000001,0.5629335258176784,56.29335258176784,48.184627269215916,0.0,51.815372730784084,0.0,51.33945897634186,0.0,48.66054102365814,0.0,1,2,1,0,1,0,0,2,0.834442675113678,0.8393295140222123,0.69927579164505,0.9696095585823059,51.15408097462462,72145.80475,85.0,cea,MULTI_RES,NONE,NONE,
Baixa_Alfama,B1172,matched,328.53,328.53,88914.04,89288.82,374.7800000000134,0.004215082342451354,0.4215082342451354,100.0,0.0,0.0,0.0,100.0,0.0,0.0,0.0,0,0,0,0,0,0,0,0,,,,,623.231740305078,1556691.43865625,1027.0,cea,MULTI_RES,NONE,NONE,
Baixa_Alfama,B1173,matched,205.69,206.94,55258.19,55218.01,-40.18000000000029,-0.0007271320323738488,-0.07271320323738488,100.0,0.0,0.0,0.0,100.0,0.0,0.0,0.0,1,1,0,0,0,0,1,1,0.9839988350868225,0.9839988350868225,0.9839988350868225,0.9839988350868225,387.8732946364303,767180.9733046875,639.0,cea,MULTI_RES,NONE,NONE,
Baixa_Alfama,B1174,matched,364.57,684.21,97194.88,168290.32,71095.44,0.7314730981714263,73.14730981714263,22.442924376626035,0.0,25.92007951123973,51.63699611213423,23.90510869145738,0.0,24.331888965919294,51.763002342623345,1,3,1,1,1,0,0,3,0.7728733619054159,0.7175957987443636,0.5657210350036621,0.9392008781433105,679.3141924146553,1478647.25765625,1126.0,cea,SINGLE_RES,NONE,NONE,
Baixa_Alfama,B1176,matched,41.16,31.2,8142.82,6436.29,-1706.5299999999997,-0.20957481560442204,-20.957481560442204,100.0,0.0,0.0,0.0,100.0,0.0,0.0,0.0,0,0,0,0,0,0,0,0,,,,,80.61024922134715,198896.564625,133.0,cea,MULTI_RES,NONE,NONE,
Baixa_Alfama,B1177,matched,78.84,78.84,19711.65,18085.93,-1625.7200000000012,-0.08247508453122905,-8.247508453122904,100.0,0.0,0.0,0.0,100.0,0.0,0.0,0.0,0,0,0,0,0,0,0,0,,,,,153.40742110649455,366355.692625,250.0,cea,MULTI_RES,NONE,NONE,
Baixa_Alfama,B1178,matched,82.54,82.54,21083.2,20727.94,-355.26000000000204,-0.01685038324353049,-1.6850383243530491,100.0,0.0,0.0,0.0,100.0,0.0,0.0,0.0,0,0,0,0,0,0,0,0,,,,,166.727004467906,376221.1661328125,275.0,cea,MULTI_RES,NONE,NONE,
Baixa_Alfama,B1179,matched,64.27,121.49,17341.7,27480.72,10139.02,0.5846612500504564,58.46612500504564,42.41376471556762,0.0,57.58623528443238,0.0,45.762455442991,0.0,54.23754455700901,0.0,1,2,1,0,1,0,0,2,0.7037276774644852,0.7376758549589154,0.4799948036670685,0.9274605512619019,119.88767182858678,304951.225625,198.0,cea,MULTI_RES,NONE,NONE,
Baixa_Alfama,B1180,matched,40.9,40.9,9953.73,9481.01,-472.71999999999935,-0.04749174430088011,-4.7491744300880105,100.0,0.0,0.0,0.0,100.0,0.0,0.0,0.0,0,0,0,0,0,0,0,0,,,,,87.88684058512607,146256.78881250002,143.0,cea,MULTI_RES,NONE,NONE,
Baixa_Alfama,B1181,matched,75.61,154.27,20179.9,33082.76,12902.86,0.6393916719111591,63.93916719111591,0.0,60.13224426293272,39.867755737067284,0.0,0.0,63.75125720800945,36.24874279199053,0.0,1,2,0,1,0,1,0,2,0.9015766382217407,0.9145147241466126,0.8379743099212646,0.9651789665222168,152.40888185496325,380540.38471875,250.0,cea,MULTI_RES,NONE,NONE,
Baixa_Alfama,B1183,matched,20.91,20.91,5180.13,4906.29,-273.84000000000015,-0.052863538173752424,-5.286353817375242,100.0,0.0,0.0,0.0,100.0,0.0,0.0,0.0,0,0,0,0,0,0,0,0,,,,,40.2808816894942,74253.622625,66.0,cea,MULTI_RES,NONE,NONE,
Baixa_Alfama,B1184,matched,87.82,87.82,19754.82,19870.05,115.22999999999956,0.005833006830737996,0.5833006830737996,100.0,0.0,0.0,0.0,100.0,0.0,0.0,0.0,0,0,0,0,0,0,0,0,,,,,164.56291529688323,272957.226484375,275.0,cea,MULTI_RES,NONE,NONE,
Baixa_Alfama,B1185,matched,110.92,199.89,30440.39,47642.28,17201.89,0.5651008413492731,56.51008413492731,57.39369684842423,0.0,42.606303151575794,0.0,62.398817789340335,0.0,37.6011822106597,0.0,1,2,1,0,1,0,0,2,0.9472836256027222,0.9484608111029077,0.9393249750137329,0.9552422761917114,195.54170623989714,419683.998546875,320.0,cea,MULTI_RES,NONE,NONE,
Baixa_Alfama,B1186,matched,8.17,8.17,2231.06,2211.2,-19.860000000000127,-0.008901598343388401,-0.8901598343388402,100.0,0.0,0.0,0.0,100.0,0.0,0.0,0.0,0,0,0,0,0,0,0,0,,,,,15.313236013487991,36560.41825,24.0,cea,MULTI_RES,NONE,NONE,
Baixa_Alfama,B1187,matched,29.21,57.09,7908.53,12630.95,4722.420000000001,0.597129934387301,59.7129934387301,0.0,0.0,0.0,100.0,0.0,0.0,0.0,100.0,1,1,0,0,0,1,0,1,0.5527682900428772,0.5527682900428772,0.5527682900428772,0.5527682900428772,55.216952442759776,94973.73984375001,91.0,cea,MULTI_RES,NONE,NONE,
Baixa_Alfama,B1188,matched,114.16,229.94,31225.68,56562.49,25336.809999999998,0.8114093912446422,81.14093912446421,0.0,0.0,0.0,100.0,0.0,0.0,0.0,100.0,1,2,0,1,0,1,0,2,0.5316756516695023,0.5420128987965714,0.46612587571144104,0.5972254276275635,226.4764360708476,493206.32140625,372.0,cea,MULTI_RES,NONE,NONE,
Baixa_Alfama,B1189,matched,114.98,233.73,31373.08,53209.92,21836.839999999997,0.6960374945654043,69.60374945654043,0.0,100.0,0.0,0.0,0.0,100.0,0.0,0.0,1,2,0,1,0,1,0,2,0.9098584651947021,0.9125667952097707,0.8392187356948853,0.980498194694519,230.60369842371458,548460.1858125,378.0,cea,MULTI_RES,NONE,NONE,
Baixa_Alfama,B1190,matched,127.82,247.6,35125.67,61844.14,26718.47,0.7606536757875366,76.06536757875367,65.3487338960462,0.0,34.65126610395379,0.0,69.74831973220641,0.0,30.251680267793613,0.0,1,2,1,0,1,0,0,2,0.9828040897846222,0.9783047478321181,0.9681468605995178,0.9974613189697266,243.62051683013652,525823.29234375,401.0,cea,MULTI_RES,NONE,NONE,
Baixa_Alfama,B1191,matched,80.56,143.38,20397.36,25390.08,4992.720000000001,0.2447728529574416,24.47728529574416,23.958987235823397,0.0,76.0410127641766,0.0,23.552011630723335,0.0,76.44798836927666,0.0,1,2,1,0,1,0,0,2,0.9449480772018433,0.945303441963481,0.9440190196037292,0.9458771347999573,154.70739205454458,393118.64900000003,252.0,cea,MULTI_RES,NONE,NONE,
Baixa_Alfama,B1192,matched,42.66,42.66,11283.95,10897.99,-385.96000000000095,-0.03420433447507308,-3.420433447507308,100.0,0.0,0.0,0.0,100.0,0.0,0.0,0.0,0,0,0,0,0,0,0,0,,,,,78.08881816513133,157930.23125,126.0,cea,MULTI_RES,NONE,NONE,
Baixa_Alfama,B1194,matched,184.68,345.14,50542.11,86829.33,36287.22,0.7179601326497845,71.79601326497846,25.246994060553384,0.0,24.783427495291903,49.96957844415473,26.716324707698757,0.0,24.062115788574484,49.22155950372677,1,3,1,1,1,0,0,3,0.7277124126752218,0.7657350361426786,0.4072960615158081,0.894942581653595,346.1201504612159,776818.589375,566.0,cea,MULTI_RES,NONE,NONE,
Baixa_Alfama,B1195,matched,24.77,24.77,5382.9,5085.04,-297.8599999999997,-0.05533448512883384,-5.533448512883385,100.0,0.0,0.0,0.0,100.0,0.0,0.0,0.0,0,0,0,0,0,0,0,0,,,,,46.420765061536116,61470.4036875,74.0,cea,MULTI_RES,NONE,NONE,
Baixa_Alfama,B1196,matched,24.3,24.3,4863.21,4698.7,-164.51000000000022,-0.033827451415834445,-3.3827451415834444,100.0,0.0,0.0,0.0,100.0,0.0,0.0,0.0,0,0,0,0,0,0,0,0,,,,,48.16961490570776,68105.52475,80.0,cea,MULTI_RES,NONE,NONE,
Baixa_Alfama,B1197,matched,385.72,385.72,104544.56,104482.85,-61.70999999999185,-0.0005902746159148965,-0.059027461591489645,100.0,0.0,0.0,0.0,100.0,0.0,0.0,0.0,0,0,0,0,0,0,0,0,,,,,722.9148332761838,1734974.156234375,1190.0,cea,MULTI_RES,NONE,NONE,
Baixa_Alfama,B1198,matched,23.82,23.82,6479.09,6471.06,-8.029999999999745,-0.0012393715784160654,-0.12393715784160654,100.0,0.0,0.0,0.0,100.0,0.0,0.0,0.0,0,0,0,0,0,0,0,0,,,,,44.64811111358926,47423.801375,73.0,cea,MULTI_RES,NONE,NONE,
Baixa_Alfama,B1199,matched,17.09,33.17,4154.86,6646.15,2491.29,0.5996086510736824,59.96086510736824,0.0,100.0,0.0,0.0,0.0,100.0,0.0,0.0,1,2,0,1,0,1,0,2,0.8577459454536438,0.8578465722563372,0.8367834091186523,0.8787084817886353,32.024646219637546,43500.46825,49.0,cea,MULTI_RES,NONE,NONE,
Baixa_Alfama,B1200,matched,13.22,12.46,2184.95,1936.48,-248.4699999999998,-0.11371884940158805,-11.371884940158806,100.0,0.0,0.0,0.0,100.0,0.0,0.0,0.0,0,0,0,0,0,0,0,0,,,,,40.294884551457976,65947.10125,66.0,cea,MULTI_RES,NONE,NONE,
Baixa_Alfama,B1201,matched,102.64,210.74,26107.64,32461.36,6353.720000000001,0.24336630963196984,24.336630963196985,0.0,0.0,100.0,0.0,0.0,0.0,100.0,0.0,1,1,1,0,0,0,0,1,0.9440692067146301,0.9440692067146301,0.9440692067146301,0.9440692067146301,199.65305187948778,438948.65071875,328.0,cea,MULTI_RES,NONE,NONE,
Baixa_Alfama,B1202,matched,225.94,413.89,57165.28,97666.59,40501.31,0.7084949115966894,70.84949115966894,14.661608717713289,62.44472902119021,22.893662261096477,0.0,15.845595080002486,64.10107037046173,20.053334549535766,0.0,1,3,1,0,1,1,0,3,0.7590069969495138,0.6213520823020866,0.4374490976333618,0.9494326710700989,422.89948419084965,879535.254703125,700.0,cea,MULTI_RES,NONE,NONE,
Baixa_Alfama,B1203,matched,159.16,296.59,43243.29,62545.44,19302.15,0.44636173612137287,44.636173612137284,0.0,0.0,100.0,0.0,0.0,0.0,100.0,0.0,1,1,1,0,0,0,0,1,0.7763136625289917,0.7763136625289917,0.7763136625289917,0.7763136625289917,293.16032960571164,483994.26182031253,485.0,cea,MULTI_RES,NONE,NONE,
Baixa_Alfama,B1204,matched,217.96,416.64,59184.94,92690.32,33505.380000000005,0.566113271382889,56.6113271382889,0.0,100.0,0.0,0.0,0.0,100.0,0.0,0.0,1,2,0,1,0,1,0,2,0.998860627412796,0.9988521856196468,0.9984592199325562,0.9992620348930359,408.44566297869034,954503.0736250001,672.0,cea,MULTI_RES,NONE,NONE,
Baixa_Alfama,B1206,matched,53.33,57.45,14461.73,15519.16,1057.4300000000003,0.07311919113411745,7.311919113411745,100.0,0.0,0.0,0.0,100.0,0.0,0.0,0.0,1,1,0,0,0,0,1,1,0.8082191944122314,0.8082191944122314,0.8082191944122314,0.8082191944122314,107.73564897685108,253012.5605,177.0,cea,MULTI_RES,NONE,NONE,
Baixa_Alfama,B1207,matched,94.48,176.15,25617.84,38675.27,13057.429999999997,0.5097006617263593,50.97006617263593,0.0,0.0,45.109281862049386,54.890718137950614,0.0,0.0,42.82346292922072,57.17653707077927,1,3,1,1,0,1,0,3,0.7431321541468302,0.7638713105427001,0.6158734560012817,0.8574832677841187,173.51934664147777,332121.659390625,284.0,cea,MULTI_RES,NONE,NONE,
Baixa_Alfama,B1208,matched,46.62,46.62,11825.44,11742.8,-82.64000000000124,-0.0069883234788727724,-0.6988323478872772,100.0,0.0,0.0,0.0,100.0,0.0,0.0,0.0,0,0,0,0,0,0,0,0,,,,,88.36255607078434,242376.20575,144.0,cea,MULTI_RES,NONE,NONE,
Baixa_Alfama,B1209,matched,52.51,107.43,14031.37,19959.53,5928.159999999998,0.42249331319749944,42.24933131974994,0.0,0.0,100.0,0.0,0.0,0.0,100.0,0.0,1,3,1,1,1,0,0,3,0.8795652786890665,0.7940759255684041,0.6620522141456604,0.999477207660675,105.5703501588497,272942.8499375,176.0,cea,MULTI_RES,NONE,NONE,
Baixa_Alfama,B1210,matched,35.28,35.28,9109.74,9067.71,-42.030000000000655,-0.004613743092558147,-0.4613743092558147,100.0,0.0,0.0,0.0,100.0,0.0,0.0,0.0,0,0,0,0,0,0,0,0,,,,,70.34573701315728,124094.1391796875,117.0,cea,MULTI_RES,NONE,NONE,
Baixa_Alfama,B1212,matched,165.61,165.61,44847.35,44840.2,-7.150000000001455,-0.0001594297098937051,-0.01594297098937051,100.0,0.0,0.0,0.0,100.0,0.0,0.0,0.0,0,0,0,0,0,0,0,0,,,,,331.189805520393,680521.91475,546.0,cea,MULTI_RES,NONE,NONE,
Baixa_Alfama,B1213,matched,23.66,45.96,6451.08,11087.39,4636.3099999999995,0.7186874135803617,71.86874135803617,0.0,0.0,0.0,100.0,0.0,0.0,0.0,100.0,1,2,0,1,0,1,0,2,0.9525954127311707,0.9539472440646006,0.9122781157493591,0.9929127097129822,44.33998847003289,42733.8414296875,72.0,cea,MULTI_RES,NONE,NONE,
Baixa_Alfama,B1215,matched,123.03,242.04,31607.25,57079.77,25472.519999999997,0.8059075053982867,80.59075053982868,67.34289137710202,0.0,32.657108622897994,0.0,71.43252937845257,0.0,28.567470621547443,0.0,1,2,1,0,1,0,0,2,0.9286379814147949,0.9235659059139538,0.9140127301216125,0.9432632327079773,236.63804950110662,524389.06159375,390.0,cea,MULTI_RES,NONE,NONE,
Baixa_Alfama,B1216,matched,17.26,17.26,4143.12,4063.4,-79.7199999999998,-0.019241537778292638,-1.924153777829264,100.0,0.0,0.0,0.0,100.0,0.0,0.0,0.0,0,0,0,0,0,0,0,0,,,,,34.84938945060436,75910.8608125,56.0,cea,MULTI_RES,NONE,NONE,
Baixa_Alfama,B1217,matched,14.68,14.68,3952.12,3929.05,-23.06999999999971,-0.0058373733591084555,-0.5837373359108455,100.0,0.0,0.0,0.0,100.0,0.0,0.0,0.0,0,0,0,0,0,0,0,0,,,,,27.51780278566974,24379.24025,44.0,cea,MULTI_RES,NONE,NONE,
Baixa_Alfama,B1218,matched,45.57,69.67,12470.7,17219.8,4749.0999999999985,0.3808206435885715,38.082064358857146,38.63049095607234,0.0,61.36950904392765,0.0,40.401272250958336,0.0,59.59872774904166,0.0,1,3,1,0,1,0,1,3,0.7154546578725179,0.7178903104392991,0.6449325084686279,0.7553077340126038,89.82546284457715,139572.03765625,148.0,cea,MULTI_RES,NONE,NONE,
Baixa_Alfama,B1219,matched,42.15,42.15,11488.85,11451.73,-37.1200000000008,-0.0032309587121427123,-0.32309587121427125,100.0,0.0,0.0,0.0,100.0,0.0,0.0,0.0,0,0,0,0,0,0,0,0,,,,,79.0022255967655,129024.24614843751,131.0,cea,MULTI_RES,NONE,NONE,
Baixa_Alfama,B1220,matched,57.92,57.92,15448.05,15472.58,24.530000000000655,0.0015879026802736046,0.15879026802736046,100.0,0.0,0.0,0.0,100.0,0.0,0.0,0.0,0,0,0,0,0,0,0,0,,,,,111.59507184572607,168019.05625,183.0,cea,MULTI_RES,NONE,NONE,
Baixa_Alfama,B1221,matched,68.75,144.09,18347.76,31624.64,13276.880000000001,0.7236240282192486,72.36240282192486,56.30421206023178,0.0,43.69578793976824,0.0,57.905250623644655,0.0,42.09474937635533,0.0,1,2,1,0,1,0,0,2,0.8034541308879852,0.8263067828859366,0.6090244054794312,0.9978838562965393,141.3551056092174,284842.89659375,233.0,cea,MULTI_RES,NONE,NONE,
Baixa_Alfama,B1222,matched,312.01,603.21,85356.13,146848.67,61492.54000000001,0.7204232431812455,72.04232431812456,50.64157824933688,0.0,49.358421750663155,0.0,54.64527932789518,0.0,45.35472067210483,0.0,1,2,1,0,1,0,0,2,0.9218995869159698,0.9211553562876532,0.8640291094779968,0.9797700643539429,594.7376285444905,1241124.950171875,977.0,cea,MULTI_RES,NONE,NONE,
Baixa_Alfama,B1223,matched,36.62,36.62,9653.49,9608.93,-44.55999999999949,-0.004615947185939955,-0.4615947185939955,100.0,0.0,0.0,0.0,100.0,0.0,0.0,0.0,0,0,0,0,0,0,0,0,,,,,68.6235815910239,180171.673875,110.0,cea,MULTI_RES,NONE,NONE,
Baixa_Alfama,B1224,matched,99.38,100.49,26231.59,25508.25,-723.3400000000001,-0.027575148894901154,-2.7575148894901154,100.0,0.0,0.0,0.0,100.0,0.0,0.0,0.0,1,1,0,0,0,0,1,1,0.5472061038017273,0.5472061038017273,0.5472061038017273,0.5472061038017273,188.36259455372522,431612.5821171875,310.0,cea,MULTI_RES,NONE,NONE,
Baixa_Alfama,B1225,matched,36.63,70.54,8860.11,11826.09,2965.9799999999996,0.334756566227733,33.4756566227733,0.0,0.0,100.0,0.0,0.0,0.0,100.0,0.0,1,1,1,0,0,0,0,1,0.4114314317703247,0.4114314317703247,0.4114314317703247,0.4114314317703247,68.65565667120597,120241.3409375,113.0,cea,MULTI_RES,NONE,NONE,
Baixa_Alfama,B1226,matched,75.83,75.83,19301.01,19112.67,-188.34000000000015,-0.009758038568966088,-0.9758038568966088,100.0,0.0,0.0,0.0,100.0,0.0,0.0,0.0,0,0,0,0,0,0,0,0,,,,,144.1320108127861,311901.6780625,239.0,cea,MULTI_RES,NONE,NONE,
Baixa_Alfama,B1227,matched,25.97,25.97,6815.28,6444.77,-370.5099999999993,-0.054364604242232065,-5.436460424223206,100.0,0.0,0.0,0.0,100.0,0.0,0.0,0.0,0,0,0,0,0,0,0,0,,,,,48.67897012557141,60688.64165625,79.0,cea,MULTI_RES,NONE,NONE,
Baixa_Alfama,B1228,matched,116.14,228.38,31798.5,56577.45,24778.949999999997,0.7792490211802443,77.92490211802443,0.0,0.0,0.0,100.0,0.0,0.0,0.0,100.0,1,2,0,1,0,1,0,2,0.8272594511508942,0.8235966871374646,0.6551500558853149,0.9993688464164734,224.56654357704397,503940.32821875,370.0,cea,MULTI_RES,NONE,NONE,
Baixa_Alfama,B1229,matched,79.5,153.57,21766.05,37708.06,15942.009999999998,0.7324254975064377,73.24254975064378,0.0,0.0,0.0,100.0,0.0,0.0,0.0,100.0,1,2,0,1,0,1,0,2,0.7311589568853378,0.748744868129989,0.4702893793582916,0.992028534412384,146.5644402390857,285675.0665,246.0,cea,MULTI_RES,NONE,NONE,
Baixa_Alfama,B1231,matched,142.91,255.62,31233.93,50043.59,18809.659999999996,0.6022188049982822,60.22188049982822,21.05304334219997,47.883742763260834,31.0632138945392,0.0,21.279271613239718,50.27609195134294,28.44463643541734,0.0,1,4,1,1,1,1,0,4,0.7847792655229568,0.778185937610706,0.5624374747276306,0.994155764579773,297.24483881351614,589062.837796875,490.0,cea,SINGLE_RES,NONE,NONE,
Baixa_Alfama,B1232,matched,6.93,13.35,1713.64,2541.28,827.6400000000001,0.4829719194229827,48.29719194229827,0.0,47.04119850187266,52.958801498127336,0.0,0.0,52.0201222067447,47.979877793255305,0.0,1,2,1,0,0,1,0,2,0.5883034765720367,0.5946821262295534,0.48016393184661865,0.6964430212974548,12.996016713254095,31084.4075,21.0,cea,MULTI_RES,NONE,NONE,
Baixa_Alfama,B1233,matched,91.32,179.97,22276.57,32521.2,10244.630000000001,0.4598836355866276,45.98836355866276,0.0,100.0,0.0,0.0,0.0,100.0,0.0,0.0,1,2,0,1,0,1,0,2,0.9418365955352783,0.9426077918325234,0.9234944581985474,0.9601787328720093,174.92726625651423,412264.95725000004,290.0,cea,MULTI_RES,NONE,NONE,
Baixa_Alfama,B1234,matched,30.07,57.72,7373.54,10212.14,2838.5999999999995,0.38497112648741305,38.49711264874131,0.0,0.0,100.0,0.0,0.0,0.0,100.0,0.0,1,1,1,0,0,0,0,1,0.6052495837211609,0.6052495837211609,0.6052495837211609,0.6052495837211609,56.730239334033996,129746.95246875001,95.0,cea,MULTI_RES,NONE,NONE,
Baixa_Alfama,B1235,matched,22.53,22.53,5712.94,5779.89,66.95000000000073,0.011719009826814343,1.1719009826814344,100.0,0.0,0.0,0.0,100.0,0.0,0.0,0.0,0,0,0,0,0,0,0,0,,,,,42.22623071459523,85172.19896875,70.0,cea,MULTI_RES,NONE,NONE,
Baixa_Alfama,B1236,matched,38.75,89.66,10521.95,22779.45,12257.5,1.164945661212988,116.4945661212988,54.82324077171853,45.17675922828148,0.0,0.0,56.08774790786156,43.912252092138424,0.0,0.0,1,3,0,1,1,1,0,3,0.8053520520528158,0.8392710885375708,0.6197248697280884,0.9645000696182251,87.18083696643119,184073.89803125,144.0,cea,MULTI_RES,NONE,NONE,
Baixa_Alfama,B1239,matched,56.36,56.36,13766.58,15314.62,1548.0400000000009,0.11244913406234525,11.244913406234524,100.0,0.0,0.0,0.0,100.0,0.0,0.0,0.0,0,0,0,0,0,0,0,0,,,,,105.62117476530946,260340.418,174.0,cea,MULTI_RES,NONE,NONE,
Baixa_Alfama,B1240,matched,135.83,257.64,37129.47,47976.66,10847.190000000002,0.29214502657861807,29.214502657861807,0.0,29.98369818351187,63.18894581586708,6.827356000621021,0.0,30.777539773421264,61.33412349124986,7.888336735328869,1,3,1,1,0,1,0,3,0.8920067747433981,0.8597352462533925,0.804776132106781,0.9653031826019287,254.67269334196197,558587.23309375,423.0,cea,MULTI_RES,NONE,NONE,
Baixa_Alfama,B1241,matched,56.25,109.0,13668.86,24886.0,11217.14,0.8206346396114964,82.06346396114964,0.0,0.0,0.0,100.0,0.0,0.0,0.0,100.0,1,2,0,1,0,1,0,2,0.7137650698423386,0.7133551868372938,0.44127556681632996,0.9862545728683472,105.40340256648918,236416.64275,175.0,cea,MULTI_RES,NONE,NONE,
Baixa_Alfama,B1242,matched,50.34,95.87,13716.61,18001.73,4285.119999999999,0.31240372074441125,31.240372074441126,0.0,0.0,100.0,0.0,0.0,0.0,100.0,0.0,1,1,1,0,0,0,0,1,0.7632114887237549,0.7632114887237549,0.7632114887237549,0.7632114887237549,93.81458100640006,199972.155375,153.0,cea,MULTI_RES,NONE,NONE,
Baixa_Alfama,B1243,matched,58.38,112.21,15506.32,26529.91,11023.59,0.7109094872284333,71.09094872284332,0.0,0.0,0.0,100.0,0.0,0.0,0.0,100.0,1,2,0,1,0,1,0,2,0.923145055770874,0.9236502016873179,0.9072501063346863,0.9390400052070618,109.44436924474834,226754.97459375,181.0,cea,MULTI_RES,NONE,NONE,
Baixa_Alfama,B1244,matched,39.64,71.75,7896.52,14792.32,6895.799999999999,0.8732707572449635,87.32707572449635,59.67112597547381,0.0,40.3288740245262,0.0,65.9980841359072,0.0,34.00191586409278,0.0,1,2,1,0,1,0,0,2,0.9799253046512604,0.9784515975862051,0.9691538214683533,0.9906967878341675,74.2924492536159,157738.694375,123.0,cea,MULTI_RES,NONE,NONE,
Baixa_Alfama,B1245,matched,128.37,245.54,35147.92,61142.98,25995.060000000005,0.7395902801645163,73.95902801645164,0.0,0.0,0.0,100.0,0.0,0.0,0.0,100.0,1,2,0,1,0,1,0,2,0.9792257845401764,0.9790513191955375,0.959168553352356,0.9992830157279968,240.1136623315338,501664.05453125003,397.0,cea,MULTI_RES,NONE,NONE,
Baixa_Alfama,B1246,matched,120.55,120.55,32102.0,32279.9,177.90000000000146,0.0055417107968351335,0.5541710796835133,100.0,0.0,0.0,0.0,100.0,0.0,0.0,0.0,0,0,0,0,0,0,0,0,,,,,273.9347165687006,633450.3261953125,449.0,cea,MULTI_RES,NONE,NONE,
Baixa_Alfama,B1247,matched,109.43,213.64,29105.09,46679.48,17574.390000000003,0.6038253102807791,60.38253102807791,0.0,100.0,0.0,0.0,0.0,100.0,0.0,0.0,1,2,0,1,0,1,0,2,0.9739765226840973,0.9782333503701217,0.9513356685638428,0.9966173768043518,205.08564200331682,444924.23795312503,340.0,cea,MULTI_RES,NONE,NONE,
Baixa_Alfama,B1248,matched,125.36,239.46,34288.42,55829.94,21541.520000000004,0.6282447543514692,62.82447543514692,47.6027397260274,0.0,52.39726027397261,0.0,52.39742533110119,0.0,47.60257466889881,0.0,1,2,1,0,1,0,0,2,0.8960301280021667,0.8923962781329638,0.8203260898590088,0.9717341661453247,234.95482803322034,569590.1605625,387.0,cea,MULTI_RES,NONE,NONE,
Baixa_Alfama,B1249,matched,25.0,45.12,5099.53,9613.06,4513.53,0.8850874492355177,88.50874492355177,40.13741134751774,59.86258865248227,0.0,0.0,29.276268800207596,70.72373119979241,0.0,0.0,1,2,0,0,1,1,0,2,0.6828242540359497,0.6942113880047044,0.625089168548584,0.7405593395233154,43.949115591105915,80155.773125,74.0,cea,MULTI_RES,NONE,NONE,
Baixa_Alfama,B1250,matched,36.69,71.24,10012.17,15242.59,5230.42,0.5224062316161232,52.24062316161232,22.518601712761473,0.0,26.730310262529834,50.75108802470869,26.02669128843399,0.0,24.67948747722199,49.293821234344016,1,3,1,0,1,1,0,3,0.5948364535967509,0.6078371649396164,0.5136918425559998,0.653022289276123,68.75657814937729,131904.57981250001,113.0,cea,MULTI_RES,NONE,NONE,
Baixa_Alfama,B1251,matched,175.15,175.15,47914.97,48982.76,1067.7900000000009,0.022285102129877173,2.2285102129877172,100.0,0.0,0.0,0.0,100.0,0.0,0.0,0.0,0,0,0,0,0,0,0,0,,,,,317.2171521041989,670911.5861406251,519.0,cea,MULTI_RES,NONE,NONE,
Baixa_Alfama,B1252,matched,12.08,12.08,3072.98,3059.62,-13.360000000000127,-0.0043475714127655,-0.43475714127655,100.0,0.0,0.0,0.0,100.0,0.0,0.0,0.0,0,0,0,0,0,0,0,0,,,,,22.632211745663312,31446.272562500002,38.0,cea,MULTI_RES,NONE,NONE,
Baixa_Alfama,B1253,matched,184.06,342.55,48505.86,92942.6,44436.740000000005,0.9161107544531734,91.61107544531734,67.61829699039612,32.38170300960388,0.0,0.0,69.4435431122974,30.5564568877026,0.0,0.0,1,3,0,1,1,1,0,3,0.7231491903463999,0.6808139501590258,0.4986933171749115,0.9979318380355835,344.9635003751347,705432.99140625,569.0,cea,MULTI_RES,NONE,NONE,
Baixa_Alfama,B1254,matched,16.49,16.49,4566.7,4539.32,-27.38000000000011,-0.0059955766746228375,-0.5995576674622838,100.0,0.0,0.0,0.0,100.0,0.0,0.0,0.0,0,0,0,0,0,0,0,0,,,,,30.374208488476654,79896.393375,50.0,cea,MULTI_RES,NONE,NONE,
Baixa_Alfama,B1255,matched,45.12,45.12,11295.5,11709.82,414.3199999999997,0.036680093842680686,3.6680093842680686,100.0,0.0,0.0,0.0,100.0,0.0,0.0,0.0,0,0,0,0,0,0,0,0,,,,,84.56332574444295,179871.6988125,139.0,cea,MULTI_RES,NONE,NONE,
Baixa_Alfama,B1256,matched,30.43,61.88,8055.17,13880.93,5825.76,0.7232324085028622,72.32324085028623,0.0,100.0,0.0,0.0,0.0,100.0,0.0,0.0,1,2,1,0,1,0,0,2,0.7188095152378082,0.7186167883644404,0.4996984601020813,0.9379205703735352,60.55388272342501,98009.2740625,98.0,cea,MULTI_RES,NONE,NONE,
Baixa_Alfama,B1257,matched,204.9,204.9,55554.19,55412.66,-141.52999999999884,-0.0025476026200723805,-0.25476026200723806,100.0,0.0,0.0,0.0,100.0,0.0,0.0,0.0,0,0,0,0,0,0,0,0,,,,,390.87114751640087,890199.420140625,644.0,cea,MULTI_RES,NONE,NONE,
Baixa_Alfama,B1258,matched,62.87,62.87,17209.25,16520.33,-688.9199999999983,-0.04003195955663368,-4.003195955663368,100.0,0.0,0.0,0.0,100.0,0.0,0.0,0.0,0,0,0,0,0,0,0,0,,,,,117.03045068832326,177946.393546875,192.0,cea,MULTI_RES,NONE,NONE,
Baixa_Alfama,B1259,matched,32.54,32.54,8646.2,8851.96,205.7599999999984,0.02379773773449589,2.379773773449589,100.0,0.0,0.0,0.0,100.0,0.0,0.0,0.0,0,0,0,0,0,0,0,0,,,,,63.2797904026448,117818.3311875,106.0,cea,MULTI_RES,NONE,NONE,
Baixa_Alfama,B1260,matched,71.03,71.03,19247.15,19106.96,-140.19000000000233,-0.007283675764983508,-0.7283675764983508,100.0,0.0,0.0,0.0,100.0,0.0,0.0,0.0,0,0,0,0,0,0,0,0,,,,,135.75032826333225,325391.4050625,224.0,cea,MULTI_RES,NONE,NONE,
Baixa_Alfama,B1261,matched,27.21,27.21,7452.66,7167.74,-284.9200000000001,-0.03823064516561873,-3.823064516561873,100.0,0.0,0.0,0.0,100.0,0.0,0.0,0.0,0,0,0,0,0,0,0,0,,,,,52.84497188803896,114244.46075,89.0,cea,MULTI_RES,NONE,NONE,
Baixa_Alfama,B1262,matched,72.91,145.52,19702.3,35792.11,16089.810000000001,0.8166462798759536,81.66462798759537,53.01312444169587,0.0,46.98687555830413,0.0,57.65089863753437,0.0,42.34910136246563,0.0,1,2,1,0,1,0,0,2,0.9799253046512604,0.979275278032978,0.9691538214683533,0.9906967878341675,143.406725279401,315631.64650000003,238.0,cea,MULTI_RES,NONE,NONE,
Baixa_Alfama,B1263,matched,72.53,151.05,17312.71,27289.6,9976.89,0.5762754646730639,57.62754646730639,53.46220045015225,0.0,46.53779954984774,0.0,50.26567994719899,0.0,49.734320052800996,0.0,1,2,1,0,1,0,0,2,0.7768638134002686,0.790316881841145,0.5975154042243958,0.9562122225761414,148.64426800688597,325990.51078125,248.0,cea,MULTI_RES,NONE,NONE,
Baixa_Alfama,B1264,matched,19.84,38.23,5452.9,9501.37,4048.470000000001,0.7424434704469184,74.24434704469184,50.02616431187861,0.0,49.97383568812141,0.0,54.87722333340067,0.0,45.12277666659932,0.0,1,2,0,0,1,1,0,2,0.7620521485805511,0.7621176633550184,0.6615099310874939,0.8625943660736084,37.1806006457727,86326.1239375,60.0,cea,MULTI_RES,NONE,NONE,
Baixa_Alfama,B1265,matched,99.41,195.74,26951.75,36317.31,9365.559999999998,0.3474935764839017,34.74935764839017,0.0,18.69827321957699,52.334729743537345,28.966997036885665,0.0,20.339367844546267,47.824780163210846,31.8358519922429,1,3,1,1,0,1,0,3,0.8221468726793925,0.7617517171355228,0.591793954372406,0.9778136014938354,191.02795371527986,414824.1533125,318.0,cea,MULTI_RES,NONE,NONE,
Baixa_Alfama,B1266,matched,55.49,106.54,14734.89,22733.05,7998.16,0.5428041878833164,54.280418788331644,46.372595025809474,0.0,53.62740497419052,0.0,46.09541478493202,0.0,53.904585215067954,0.0,1,2,1,0,1,0,0,2,0.9581169188022614,0.9581505421690523,0.9182926416397095,0.9979411959648132,111.50933952226418,131269.30015625,181.0,cea,MULTI_RES,NONE,NONE,
Baixa_Alfama,B1267,matched,29.38,29.38,6437.61,7090.76,653.1500000000005,0.10145846051562624,10.145846051562623,100.0,0.0,0.0,0.0,100.0,0.0,0.0,0.0,0,0,0,0,0,0,0,0,,,,,55.0550181630676,116896.624625,91.0,cea,MULTI_RES,NONE,NONE,
Baixa_Alfama,B1268,matched,45.83,45.83,12418.86,12098.25,-320.6100000000006,-0.025816379281190106,-2.5816379281190107,100.0,0.0,0.0,0.0,100.0,0.0,0.0,0.0,0,0,0,0,0,0,0,0,,,,,91.16244708994292,134179.67775,150.0,cea,MULTI_RES,NONE,NONE,
Baixa_Alfama,B1269,matched,29.39,67.01,7299.94,12555.48,5255.54,0.7199429036403039,71.99429036403039,0.0,0.0,0.0,100.0,0.0,0.0,0.0,100.0,1,2,0,1,0,1,0,2,0.979411244392395,0.980486073704342,0.9654693603515625,0.9933531284332275,66.00269006757719,150649.611,112.0,cea,MULTI_RES,NONE,NONE,
Baixa_Alfama,B1270,matched,76.08,145.27,20766.78,29626.45,8859.670000000002,0.42662704569509585,42.662704569509586,0.0,100.0,0.0,0.0,0.0,100.0,0.0,0.0,1,1,0,1,0,0,0,1,0.9902251362800598,0.9902251362800598,0.9902251362800598,0.9902251362800598,142.57846137262547,305236.56731250003,233.0,cea,MULTI_RES,NONE,NONE,
Baixa_Alfama,B1271,matched,58.7,110.43,16079.14,23269.41,7190.27,0.4471800108712282,44.71800108712282,0.0,26.632255727610254,23.770714479760937,49.59702979262881,0.0,28.837596960879015,22.995258132045855,48.16714490707514,1,3,1,0,1,1,0,3,0.830321192741394,0.8392423659021127,0.6212683320045471,0.9868905544281006,110.01569332180999,197731.66746875,177.0,cea,MULTI_RES,NONE,NONE,
Baixa_Alfama,B1273,matched,87.42,87.42,22434.99,22323.08,-111.90999999999985,-0.004988190322349145,-0.4988190322349145,100.0,0.0,0.0,0.0,100.0,0.0,0.0,0.0,0,0,0,0,0,0,0,0,,,,,162.0694420857548,226985.39107812502,268.0,cea,MULTI_RES,NONE,NONE,
Baixa_Alfama,B1274,matched,51.25,51.25,13977.52,13922.79,-54.72999999999956,-0.0039155730057978495,-0.39155730057978494,100.0,0.0,0.0,0.0,100.0,0.0,0.0,0.0,0,0,0,0,0,0,0,0,,,,,96.0502187989329,132183.81478125,159.0,cea,MULTI_RES,NONE,NONE,
Baixa_Alfama,B1275,matched,89.7,167.16,24563.74,33201.93,8638.189999999999,0.3516642823934791,35.16642823934791,0.0,49.925216871073886,50.074783128926114,0.0,0.0,52.470039974272275,47.52996002572771,0.0,1,2,1,1,0,0,0,2,0.6710439026355743,0.676344987903089,0.44076311588287354,0.9013246893882751,168.11244870989404,260627.23324609376,275.0,cea,MULTI_RES,NONE,NONE,
Baixa_Alfama,B1276,matched,108.34,108.34,29624.24,29657.61,33.36999999999898,0.0011264423998725024,0.11264423998725023,100.0,0.0,0.0,0.0,100.0,0.0,0.0,0.0,0,0,0,0,0,0,0,0,,,,,212.7305340164848,417380.543453125,350.0,cea,MULTI_RES,NONE,NONE,
Baixa_Alfama,B1277,matched,51.98,51.98,14169.54,14185.44,15.899999999999636,0.0011221253477529712,0.11221253477529712,100.0,0.0,0.0,0.0,100.0,0.0,0.0,0.0,0,0,0,0,0,0,0,0,,,,,96.72986228309043,255999.722,160.0,cea,MULTI_RES,NONE,NONE,
Baixa_Alfama,B1278,matched,126.24,245.18,30823.72,48116.74,17293.019999999997,0.5610296226412644,56.10296226412645,50.43847126483665,0.0,49.56152873516336,0.0,51.18455682442582,0.0,48.815443175574174,0.0,1,2,1,0,1,0,0,2,0.9870562255382538,0.9871341687062932,0.9780640602111816,0.9960483908653259,240.44662061879416,522720.62578125,399.0,cea,MULTI_RES,NONE,NONE,
Baixa_Alfama,B1279,matched,75.79,75.79,17578.65,17362.86,-215.79000000000087,-0.012275686699490624,-1.2275686699490624,100.0,0.0,0.0,0.0,100.0,0.0,0.0,0.0,0,0,0,0,0,0,0,0,,,,,139.59241772678962,333862.39756250003,232.0,cea,MULTI_RES,NONE,NONE,
Baixa_Alfama,B1280,matched,79.61,79.61,19876.26,19805.28,-70.97999999999956,-0.0035710943608103117,-0.3571094360810312,100.0,0.0,0.0,0.0,100.0,0.0,0.0,0.0,0,0,0,0,0,0,0,0,,,,,158.07728704260796,344239.86677343753,257.0,cea,MULTI_RES,NONE,NONE,
Baixa_Alfama,B1281,matched,94.44,175.81,24377.2,45582.11,21204.91,0.8698665146120145,86.98665146120145,0.0,0.0,0.0,100.0,0.0,0.0,0.0,100.0,1,1,0,1,0,0,0,1,0.9942418932914734,0.9942418932914734,0.9942418932914734,0.9942418932914734,175.21715693522737,277655.94215625,289.0,cea,MULTI_RES,NONE,NONE,
Baixa_Alfama,B1282,matched,97.77,199.29,25520.77,49823.99,24303.219999999998,0.9522917999731199,95.22917999731199,0.0,0.0,0.0,100.0,0.0,0.0,0.0,100.0,1,2,0,1,0,1,0,2,0.8823683559894562,0.8960194741441462,0.8188115358352661,0.9459251761436462,190.00527677364238,339611.4790546875,313.0,cea,MULTI_RES,NONE,NONE,
Baixa_Alfama,B1283,matched,24.1,32.89,5219.23,7236.19,2016.96,0.38644780935118783,38.64478093511878,100.0,0.0,0.0,0.0,100.0,0.0,0.0,0.0,0,0,0,0,0,0,0,0,,,,,82.09854868422056,178277.2800625,136.0,cea,MULTI_RES,NONE,NONE,
Baixa_Alfama,B1284,matched,43.16,83.75,8904.47,18848.83,9944.360000000002,1.1167829191406118,111.67829191406118,100.0,0.0,0.0,0.0,100.0,0.0,0.0,0.0,1,1,0,0,1,0,0,1,0.9110124111175537,0.9110124111175537,0.9110124111175537,0.9110124111175537,80.89877414621793,150676.086625,134.0,cea,MULTI_RES,NONE,NONE,
Baixa_Alfama,B1285,matched,97.08,182.86,26363.52,40996.17,14632.649999999998,0.555034001529386,55.503400152938596,0.0,0.0,52.124692370795735,47.87530762920427,0.0,0.0,50.29230090843555,49.70769909156445,1,3,1,1,0,1,0,3,0.7629302541414896,0.7436207294258788,0.6318641304969788,0.9987515211105347,186.90573256315972,337104.16678125,309.0,cea,MULTI_RES,NONE,NONE,
Baixa_Alfama,B1286,matched,36.63,36.63,9686.12,9681.6,-4.520000000000437,-0.00046664711979620696,-0.046664711979620695,100.0,0.0,0.0,0.0,100.0,0.0,0.0,0.0,0,0,0,0,0,0,0,0,,,,,68.64297980458568,84703.6156328125,112.0,cea,MULTI_RES,NONE,NONE,
Baixa_Alfama,B1287,matched,88.88,175.86,22133.82,40536.77,18402.949999999997,0.8314403026680436,83.14403026680436,50.30423656525448,0.0,49.69576343474552,0.0,55.49230440930659,0.0,44.50769559069343,0.0,1,2,1,0,1,0,0,2,0.948879063129425,0.9486074218471565,0.9049512147903442,0.9928069114685059,173.19324376451877,373574.03778125,285.0,cea,MULTI_RES,NONE,NONE,
Baixa_Alfama,B1288,matched,102.92,200.93,26458.86,47143.29,20684.43,0.7817581709869587,78.17581709869586,51.241725974219875,0.0,48.75827402578012,0.0,58.17455673281384,0.0,41.825443267186145,0.0,1,2,1,0,1,0,0,2,0.9258369505405426,0.9269658476485829,0.8802804350852966,0.9713934659957886,196.79701755968432,291469.69090625003,329.0,cea,MULTI_RES,NONE,NONE,
Baixa_Alfama,B1289,matched,70.21,134.77,19095.38,32654.64,13559.259999999998,0.7100806582534622,71.00806582534622,52.14068412851526,0.0,47.85931587148476,0.0,57.40686788680669,0.0,42.59313211319329,0.0,1,2,1,0,1,0,0,2,0.975803554058075,0.9765958380113524,0.9573367834091187,0.9942703247070312,131.59046218765832,211277.15290625,216.0,cea,MULTI_RES,NONE,NONE,
Baixa_Alfama,B1290,matched,42.68,85.94,10652.01,16680.89,6028.879999999999,0.5659851990375524,56.59851990375524,25.51780311845474,51.640679543867826,22.841517337677452,0.0,26.392613089976784,54.24109728422377,19.36628962579944,0.0,1,3,1,1,1,0,0,3,0.8469410538673401,0.8771983056583825,0.6256939768791199,0.9623540043830872,83.95900150386973,107958.14768750001,139.0,cea,MULTI_RES,NONE,NONE,
Baixa_Alfama,B1291,matched,116.58,116.58,31943.13,31890.77,-52.36000000000058,-0.0016391631001721053,-0.16391631001721052,100.0,0.0,0.0,0.0,100.0,0.0,0.0,0.0,0,0,0,0,0,0,0,0,,,,,224.8156820598284,509700.25925,368.0,cea,MULTI_RES,NONE,NONE,
Baixa_Alfama,B1292,matched,70.43,70.64,16735.95,13132.53,-3603.42,-0.2153101556828265,-21.531015568282648,54.495256972957684,0.0,45.50474302704234,0.0,54.09436761350054,0.0,45.90563238649945,0.0,1,2,0,1,0,1,0,2,0.9870723485946655,0.9881999756161508,0.9745255708694458,0.9996191263198853,132.00001856082886,319404.6404375,217.0,cea,MULTI_RES,NONE,NONE,
Baixa_Alfama,B1293,matched,61.97,61.97,15896.1,13397.41,-2498.6900000000005,-0.15718887022603031,-15.718887022603031,100.0,0.0,0.0,0.0,100.0,0.0,0.0,0.0,0,0,0,0,0,0,0,0,,,,,96.97844646959841,190900.8535,159.0,cea,MULTI_RES,NONE,NONE,
Baixa_Alfama,B1294,matched,72.7,72.7,19457.69,18956.6,-501.09000000000015,-0.02575280004974898,-2.575280004974898,100.0,0.0,0.0,0.0,100.0,0.0,0.0,0.0,0,0,0,0,0,0,0,0,,,,,136.2341849785176,249075.19225,227.0,cea,MULTI_RES,NONE,NONE,
Baixa_Alfama,B1295,matched,94.11,180.0,25760.34,40774.67,15014.329999999998,0.5828467326130011,58.284673261300114,0.0,100.0,0.0,0.0,0.0,100.0,0.0,0.0,1,2,0,1,0,1,0,2,0.9992091357707977,0.9992054742725561,0.9987848401069641,0.9996334314346313,176.59218053544748,326321.7151875,292.0,cea,MULTI_RES,NONE,NONE,
Baixa_Alfama,B1296,matched,175.17,338.08,47700.34,77740.46,30040.12000000001,0.6297674188485871,62.97674188485871,27.60456723658522,42.986452109093065,29.40898065432172,0.0,31.171502888725257,41.76178258620622,27.0667145250685,0.0,1,4,1,1,1,1,0,4,0.8379345089197159,0.8349761423163803,0.7425166368484497,0.9495822787284851,332.02485706354736,770763.92765625,547.0,cea,MULTI_RES,NONE,NONE,
Baixa_Alfama,B1297,matched,59.31,116.29,14329.55,18712.51,4382.959999999999,0.30586864207180264,30.586864207180263,0.0,100.0,0.0,0.0,0.0,100.0,0.0,0.0,1,2,0,1,0,1,0,2,0.9759582579135895,0.9757476717228305,0.9688019156455994,0.9831146001815796,111.80301384552733,178348.47715625,184.0,cea,MULTI_RES,NONE,NONE,
Baixa_Alfama,B1298,matched,126.72,241.04,32484.12,53374.48,20890.360000000004,0.6430945335751748,64.30945335751747,0.0,100.0,0.0,0.0,0.0,100.0,0.0,0.0,1,2,0,1,0,1,0,2,0.9981930553913116,0.9981838838205109,0.9965910911560059,0.9997950196266174,237.47177350266963,468141.6295625,390.0,cea,MULTI_RES,NONE,NONE,
Baixa_Alfama,B1299,matched,54.97,104.4,14308.28,22886.48,8578.199999999999,0.5995269871710645,59.95269871710644,41.553342271595476,0.0,58.44665772840452,0.0,48.648698793775644,0.0,51.35130120622436,0.0,1,2,1,0,1,0,0,2,0.8788110017776489,0.897558896520613,0.767749547958374,0.9898724555969238,102.05588809362771,155492.38175,168.0,cea,MULTI_RES,NONE,NONE,
Baixa_Alfama,B1300,matched,86.09,163.57,23574.84,40921.2,17346.359999999997,0.7357996915355521,73.57996915355521,28.523387343320085,22.751452155304186,18.777132375420358,29.948028125955368,31.59338224337081,22.54819968451944,16.64458170415822,29.213836367951547,1,4,1,1,1,1,0,4,0.8614936918020248,0.8429888641413208,0.5787432789802551,0.9816343188285828,160.1231495939573,277970.2385,265.0,cea,MULTI_RES,NONE,NONE,
Baixa_Alfama,B1301,matched,63.48,135.36,17319.9,28269.92,10950.019999999997,0.6322218950455831,63.222189504558315,0.0,26.331339094467832,25.282517172612444,48.3861437329197,0.0,29.518147111494613,24.31206572083691,46.16978716766849,1,3,0,1,1,1,0,3,0.766547421614329,0.6988731631254025,0.46455228328704834,0.9661633372306824,131.58463537217912,323239.1716875,217.0,cea,MULTI_RES,NONE,NONE,
Baixa_Alfama,B1302,matched,29.42,29.42,8064.01,7561.17,-502.84000000000015,-0.062356073467170814,-6.235607346717082,100.0,0.0,0.0,0.0,100.0,0.0,0.0,0.0,0,0,0,0,0,0,0,0,,,,,55.12983157529986,103489.39446875,91.0,cea,MULTI_RES,NONE,NONE,
Baixa_Alfama,B1303,matched,30.7,58.97,8256.04,13902.15,5646.109999999999,0.683876289359063,68.38762893590629,49.90673223673054,0.0,50.093267763269466,0.0,56.48198325330625,0.0,43.51801674669377,0.0,1,2,1,0,1,0,0,2,0.8773900866508484,0.8775861443817664,0.7665551900863647,0.988224983215332,57.53630148899196,94183.32509375,96.0,cea,MULTI_RES,NONE,NONE,
Baixa_Alfama,B1304,matched,44.93,44.93,12462.61,12306.44,-156.17000000000007,-0.01253108297539601,-1.2531082975396008,100.0,0.0,0.0,0.0,100.0,0.0,0.0,0.0,0,0,0,0,0,0,0,0,,,,,84.20338936643778,217495.271,139.0,cea,MULTI_RES,NONE,NONE,
Baixa_Alfama,B1307,matched,20.37,20.37,5180.53,5223.87,43.340000000000146,0.008365939392301588,0.8365939392301588,100.0,0.0,0.0,0.0,100.0,0.0,0.0,0.0,0,0,0,0,0,0,0,0,,,,,38.17014669553907,79719.2858125,63.0,cea,MULTI_RES,NONE,NONE,
Baixa_Alfama,B1308,matched,80.66,80.66,19961.83,19839.23,-122.60000000000218,-0.006141721475435978,-0.6141721475435978,100.0,0.0,0.0,0.0,100.0,0.0,0.0,0.0,0,0,0,0,0,0,0,0,,,,,151.17951393422499,390200.6004375,250.0,cea,MULTI_RES,NONE,NONE,
Baixa_Alfama,B1309,matched,13.32,25.47,3525.28,6720.4,3195.1199999999994,0.9063450279126762,90.63450279126762,49.84301412872841,50.15698587127159,0.0,0.0,51.11227318565965,48.88772681434034,0.0,0.0,1,2,0,0,1,1,0,2,0.9131584167480469,0.9130292302484776,0.8770956993103027,0.949221134185791,24.962768335515612,38219.99990625,41.0,cea,MULTI_RES,NONE,NONE,
Baixa_Alfama,B1310,matched,9.75,9.75,2667.23,2631.36,-35.86999999999989,-0.013448409023593726,-1.3448409023593726,100.0,0.0,0.0,0.0,100.0,0.0,0.0,0.0,0,0,0,0,0,0,0,0,,,,,18.281947670222642,50275.537000000004,31.0,cea,MULTI_RES,NONE,NONE,
Baixa_Alfama,B1311,matched,31.03,59.85,8493.77,13397.1,4903.33,0.5772854692321548,57.72854692321548,0.0,100.0,0.0,0.0,0.0,100.0,0.0,0.0,1,2,0,1,0,1,0,2,0.8686849474906921,0.868069520277979,0.8259082436561584,0.9114616513252258,58.14779722308988,94874.292625,96.0,cea,MULTI_RES,NONE,NONE,
Baixa_Alfama,B1313,matched,18.53,18.53,4667.79,4700.21,32.42000000000007,0.006945470983056237,0.6945470983056237,100.0,0.0,0.0,0.0,100.0,0.0,0.0,0.0,0,0,0,0,0,0,0,0,,,,,34.7228965541795,76763.6614375,58.0,cea,MULTI_RES,NONE,NONE,
Baixa_Alfama,B1314,matched,25.09,48.47,6537.46,9547.99,3010.5299999999997,0.4605045384598911,46.05045384598911,0.0,100.0,0.0,0.0,0.0,100.0,0.0,0.0,1,2,0,1,0,1,0,2,0.9625326097011566,0.9625334145916671,0.9265287518501282,0.9985364675521851,47.016757197888325,122538.318125,77.0,cea,MULTI_RES,NONE,NONE,
Baixa_Alfama,B1316,matched,65.31,123.34,16289.59,30162.12,13872.529999999999,0.8516193470799448,85.16193470799448,25.40132965785633,0.0,23.44738122263662,51.15128911950706,26.44055972200458,0.0,20.91615073301902,52.64328954497641,1,3,1,1,1,0,0,3,0.8783387144406637,0.8251275861685976,0.6696211099624634,0.9984595775604248,122.41716756264695,251119.57109375,201.0,cea,MULTI_RES,NONE,NONE,
Baixa_Alfama,B1317,matched,41.81,80.25,10930.22,18871.94,7941.719999999999,0.7265837284153476,72.65837284153476,50.062313060817544,0.0,49.937686939182456,0.0,54.86784705485434,0.0,45.13215294514566,0.0,1,2,1,0,1,0,0,2,0.9952698051929474,0.9952693543760011,0.9949281215667725,0.9956114888191223,78.37723238248543,139370.41114062502,129.0,cea,MULTI_RES,NONE,NONE,
Baixa_Alfama,B1318,matched,12.98,12.98,2745.69,2768.31,22.61999999999989,0.008238366312293044,0.8238366312293044,100.0,0.0,0.0,0.0,100.0,0.0,0.0,0.0,0,0,0,0,0,0,0,0,,,,,24.320624513729157,65841.518375,40.0,cea,MULTI_RES,NONE,NONE,
Baixa_Alfama,B1319,matched,35.78,35.78,9383.63,9373.59,-10.039999999999054,-0.0010699484101567363,-0.10699484101567364,100.0,0.0,0.0,0.0,100.0,0.0,0.0,0.0,0,0,0,0,0,0,0,0,,,,,68.32615640536042,179092.212125,112.0,cea,MULTI_RES,NONE,NONE,
Baixa_Alfama,B1321,matched,72.75,72.75,19915.25,19864.92,-50.330000000001746,-0.0025272090483424384,-0.25272090483424386,100.0,0.0,0.0,0.0,100.0,0.0,0.0,0.0,0,0,0,0,0,0,0,0,,,,,136.33705393110213,275051.258578125,226.0,cea,MULTI_RES,NONE,NONE,
Baixa_Alfama,B1322,matched,64.49,137.26,17614.59,31260.44,13645.849999999999,0.7746901858061981,77.4690185806198,37.73310023310024,0.0,62.266899766899776,0.0,40.88311288419115,0.0,59.11688711580885,0.0,1,2,0,1,0,1,0,2,0.9775824546813965,0.9782552682443549,0.9748395085334778,0.9803254008293152,135.4919467730311,295161.302609375,224.0,cea,MULTI_RES,NONE,NONE,
Baixa_Alfama,B1323,matched,41.72,91.4,8468.99,13973.87,5504.880000000001,0.6500043098409611,65.00043098409611,0.0,16.914660831509845,79.60612691466083,3.4792122538293215,0.0,18.425176127817235,79.00294542493631,2.5718784472464544,1,3,1,1,0,1,0,3,0.7769758601983389,0.56951790839674,0.41848763823509216,0.995876669883728,98.69297567334596,129766.679265625,163.0,cea,MULTI_RES,NONE,NONE,
Baixa_Alfama,B1324,matched,114.47,114.47,29148.99,29102.28,-46.710000000002765,-0.0016024568947329825,-0.16024568947329826,100.0,0.0,0.0,0.0,100.0,0.0,0.0,0.0,0,0,0,0,0,0,0,0,,,,,214.53887734672207,518331.41988281254,355.0,cea,MULTI_RES,NONE,NONE,
Baixa_Alfama,B1326,matched,44.14,77.45,12091.13,16941.84,4850.710000000001,0.40117921153771413,40.11792115377141,0.0,55.33892834086507,16.81084570690768,27.850225952227238,0.0,53.60157075821348,15.220312769252098,31.178116472534413,1,3,1,1,1,0,0,3,0.944062332312266,0.9318456029875689,0.9017783999443054,0.9809569120407104,82.72617589377606,96772.91240625,137.0,cea,MULTI_RES,NONE,NONE,
Baixa_Alfama,B1327,matched,28.34,28.34,6982.21,6914.02,-68.1899999999996,-0.009766248795152194,-0.9766248795152194,100.0,0.0,0.0,0.0,100.0,0.0,0.0,0.0,0,0,0,0,0,0,0,0,,,,,53.106486155780836,101047.599234375,88.0,cea,MULTI_RES,NONE,NONE,
Baixa_Alfama,B1328,matched,29.36,56.92,7804.41,12717.76,4913.35,0.6295607227195906,62.956072271959066,0.0,100.0,0.0,0.0,0.0,100.0,0.0,0.0,1,2,1,0,0,1,0,2,0.7016638517379761,0.7060912761626448,0.6671671867370605,0.7361605167388916,55.02293055744555,101001.90390625001,88.0,cea,MULTI_RES,NONE,NONE,
Baixa_Alfama,B1329,matched,13.99,13.99,3819.57,3784.72,-34.850000000000364,-0.009124063703505986,-0.9124063703505986,100.0,0.0,0.0,0.0,100.0,0.0,0.0,0.0,0,0,0,0,0,0,0,0,,,,,26.222433951890167,54738.702625,43.0,cea,MULTI_RES,NONE,NONE,
Baixa_Alfama,B1332,matched,29.42,56.56,8010.6,11717.63,3707.029999999999,0.46276558559908104,46.2765585599081,0.0,100.0,0.0,0.0,0.0,100.0,0.0,0.0,1,2,0,1,0,1,0,2,0.9439085423946381,0.9441482781326386,0.899880051612854,0.9879370331764221,55.14425745610851,89781.3305625,91.0,cea,MULTI_RES,NONE,NONE,
Baixa_Alfama,B1333,matched,31.35,60.12,7438.05,11842.83,4404.78,0.5921955351200919,59.21955351200919,0.0,100.0,0.0,0.0,0.0,100.0,0.0,0.0,1,2,0,1,0,1,0,2,0.864958643913269,0.860584184801811,0.7916374802589417,0.9382798075675964,58.75050844581928,129525.79346875001,96.0,cea,MULTI_RES,NONE,NONE,
Baixa_Alfama,B1335,matched,73.11,140.76,18865.63,31818.75,12953.119999999999,0.6865988572870346,68.65988572870346,49.86857995311501,0.0,50.13142004688499,0.0,55.10259552696258,0.0,44.8974044730374,0.0,1,2,1,0,1,0,0,2,0.998711496591568,0.9987139609094171,0.9977297186851501,0.9996932744979858,137.001028827828,234399.43815625,226.0,cea,MULTI_RES,NONE,NONE,
Baixa_Alfama,B1336,matched,12.03,12.03,3274.12,3276.56,2.4400000000000546,0.0007452384152077672,0.07452384152077672,100.0,0.0,0.0,0.0,100.0,0.0,0.0,0.0,0,0,0,0,0,0,0,0,,,,,22.538274790341703,57383.49375,35.0,cea,MULTI_RES,NONE,NONE,
Baixa_Alfama,B1337,matched,17.91,34.2,3938.31,5903.62,1965.31,0.499023692903809,49.902369290380896,0.0,100.0,0.0,0.0,0.0,100.0,0.0,0.0,1,2,1,0,1,0,0,2,0.9935581982135773,0.9935631168091004,0.9878258109092712,0.9992905855178833,33.558499509720306,52309.89475,55.0,cea,MULTI_RES,NONE,NONE,
Baixa_Alfama,B1338,matched,133.94,243.28,32591.21,53624.97,21033.760000000002,0.6453813773713833,64.53813773713833,54.435218678066434,0.0,45.56478132193357,0.0,56.494429293765535,0.0,43.50557070623446,0.0,1,2,1,0,1,0,0,2,0.7485425174236298,0.7268596967729503,0.5042053461074829,0.9928796887397766,238.53343269496142,434700.6291328125,388.0,cea,MULTI_RES,NONE,NONE,
Baixa_Alfama,B1339,matched,18.19,35.05,4732.23,7420.86,2688.63,0.5681528581662346,56.815285816623465,0.0,100.0,0.0,0.0,0.0,100.0,0.0,0.0,1,2,0,1,0,1,0,2,0.9975005686283112,0.9976087023149108,0.9963478446006775,0.9986532926559448,34.09495181761701,70028.24481250001,55.0,cea,MULTI_RES,NONE,NONE,
Baixa_Alfama,B1340,matched,25.43,51.08,6871.05,13681.18,6810.13,0.9911338150646554,99.11338150646554,56.057936973967514,43.94206302603249,0.0,0.0,57.94288362026032,42.057116379739675,0.0,0.0,1,3,0,1,1,1,0,3,0.6544962128003439,0.6490755118300672,0.5219467282295227,0.8315432071685791,48.7894010302764,110784.7719375,81.0,cea,SINGLE_RES,NONE,NONE,
Baixa_Alfama,B1341,matched,59.61,115.5,16283.19,25254.25,8971.06,0.5509399570968587,55.09399570968587,0.0,100.0,0.0,0.0,0.0,100.0,0.0,0.0,1,2,0,1,0,1,0,2,0.998491495847702,0.9984953317146352,0.9970858693122864,0.9998971223831177,111.7238431403857,256099.844875,184.0,cea,MULTI_RES,NONE,NONE,
Baixa_Alfama,B1342,matched,37.64,37.64,10284.38,10263.81,-20.56999999999971,-0.002000120571196291,-0.2000120571196291,100.0,0.0,0.0,0.0,100.0,0.0,0.0,0.0,0,0,0,0,0,0,0,0,,,,,68.70612109997191,164141.38275,112.0,cea,MULTI_RES,NONE,NONE,
Baixa_Alfama,B1343,matched,40.58,77.89,11081.88,17526.1,6444.219999999999,0.5815096355492029,58.15096355492029,0.0,100.0,0.0,0.0,0.0,100.0,0.0,0.0,1,2,0,1,0,1,0,2,0.9644219279289246,0.9643759175648681,0.9490756392478943,0.9797682166099548,76.05432265342124,147145.9540625,126.0,cea,MULTI_RES,NONE,NONE,
Baixa_Alfama,B1344,matched,28.98,51.28,5220.12,7863.95,2643.83,0.5064691999417638,50.64691999417638,0.0,100.0,0.0,0.0,0.0,100.0,0.0,0.0,1,2,0,1,0,1,0,2,0.6534125804901123,0.6534042961646329,0.5054582953453064,0.8013668656349182,54.31510585179363,125037.6214375,90.0,cea,MULTI_RES,NONE,NONE,
Baixa_Alfama,B1345,matched,19.96,19.96,5459.69,5277.74,-181.94999999999982,-0.033326067963565666,-3.3326067963565666,100.0,0.0,0.0,0.0,100.0,0.0,0.0,0.0,0,0,0,0,0,0,0,0,,,,,37.399965978747616,67128.831375,60.0,cea,MULTI_RES,NONE,NONE,
Baixa_Alfama,B1346,matched,20.52,44.4,4603.26,7421.3,2818.04,0.6121835394915777,61.218353949157766,0.0,0.0,41.54088758729444,58.45911241270557,0.0,0.0,47.75837742229804,52.24162257770195,1,3,1,1,0,1,0,3,0.7050893306732178,0.7136903237171486,0.5567383170127869,0.855161726474762,43.821296103085,59209.4905,72.0,cea,MULTI_RES,NONE,NONE,
Baixa_Alfama,B1348,matched,76.47,145.11,20872.64,34704.53,13831.89,0.6626804275836693,66.26804275836693,49.98277169044174,0.0,50.01722830955827,0.0,53.015970845981045,0.0,46.98402915401897,0.0,1,2,1,0,1,0,0,2,0.9256528615951538,0.9256577897668157,0.9098397493362427,0.9414659738540649,143.31537205519354,249751.963375,235.0,cea,MULTI_RES,NONE,NONE,
Baixa_Alfama,B1349,matched,19.38,19.38,4503.9,4455.95,-47.94999999999982,-0.010646328737316508,-1.0646328737316508,100.0,0.0,0.0,0.0,100.0,0.0,0.0,0.0,0,0,0,0,0,0,0,0,,,,,36.31235253756099,78773.1958125,64.0,cea,MULTI_RES,NONE,NONE,
Baixa_Alfama,B1350,matched,28.0,53.95,8201.15,12812.66,4611.51,0.5623004090889693,56.230040908896925,45.0787766450417,0.0,54.92122335495829,0.0,51.20023797410668,0.0,48.79976202589334,0.0,1,2,1,0,1,0,0,2,0.9630440771579742,0.9641118766303283,0.9521971940994263,0.9738909602165222,52.470278808654555,85510.4454765625,88.0,cea,MULTI_RES,NONE,NONE,
Baixa_Alfama,B1351,matched,29.35,57.06,8015.81,13548.53,5532.72,0.6902259409841301,69.02259409841301,49.903627124583835,0.0,50.09637287541615,0.0,56.05496503997563,0.0,43.94503496002439,0.0,1,2,1,0,1,0,0,2,0.9916355609893799,0.9916272699477954,0.987536609172821,0.9957345128059387,54.99957467285155,101706.6489453125,90.0,cea,MULTI_RES,NONE,NONE,
Baixa_Alfama,B1352,matched,52.41,101.17,14181.42,25629.49,11448.070000000002,0.8072583704593759,80.72583704593758,54.90661132522976,45.09338867477023,0.0,0.0,55.97265628269634,44.02734371730367,0.0,0.0,1,3,0,1,1,1,0,3,0.9789217114448547,0.9800311031625067,0.97003573179245,0.9835168719291687,99.93428785747852,248060.9883125,163.0,cea,MULTI_RES,NONE,NONE,
Baixa_Alfama,B1353,matched,31.79,61.54,8697.97,15371.86,6673.890000000001,0.767292828096671,76.7292828096671,0.0,0.0,0.0,100.0,0.0,0.0,0.0,100.0,1,2,0,1,0,1,0,2,0.9676177203655243,0.9663215776510882,0.9545795321464539,0.9806559085845947,59.99498090848182,104308.913359375,99.0,cea,MULTI_RES,NONE,NONE,
Baixa_Alfama,B1356,matched,0.0,0.0,0.0,0.0,0.0,,,,,,,,,,,0,0,0,0,0,0,0,0,,,,,148.2585051925316,302635.79715625,243.0,cea,MULTI_RES,NONE,NONE,
Baixa_Alfama,B1357,matched,69.48,116.81,17169.55,27646.21,10476.66,0.610188385834224,61.018838583422394,0.0,0.0,0.0,100.0,0.0,0.0,0.0,100.0,1,2,1,0,1,0,0,2,0.7565403282642365,0.7311357032934723,0.5468549728393555,0.9662256836891174,130.2255326515434,161187.366,217.0,cea,MULTI_RES,NONE,NONE,
Baixa_Alfama,B1358,matched,61.63,118.23,16398.94,25934.23,9535.29,0.5814577039735496,58.14577039735496,0.0,100.0,0.0,0.0,0.0,100.0,0.0,0.0,1,2,0,1,0,1,0,2,0.859737753868103,0.8629165054984783,0.8385964035987854,0.8808791041374207,115.57645672175516,265888.6199375,192.0,cea,MULTI_RES,NONE,NONE,
Baixa_Alfama,B1359,matched,146.26,146.26,37858.58,37913.73,55.150000000001455,0.0014567371517896722,0.1456737151789672,100.0,0.0,0.0,0.0,100.0,0.0,0.0,0.0,0,0,0,0,0,0,0,0,,,,,274.11434291448035,604041.5075000001,450.0,cea,MULTI_RES,NONE,NONE,
Baixa_Alfama,B1360,matched,90.76,173.37,24830.86,41126.21,16295.349999999999,0.6562539517358641,65.62539517358641,0.0,0.0,0.0,100.0,0.0,0.0,0.0,100.0,1,2,0,1,0,1,0,2,0.9628382921218872,0.9707147990153164,0.9276737570762634,0.998002827167511,170.10331020934052,270047.3537734375,277.0,cea,MULTI_RES,NONE,NONE,
Baixa_Alfama,B1362,matched,18.8,35.98,4224.08,7955.5,3731.42,0.883368686199125,88.33686861991251,0.0,0.0,0.0,100.0,0.0,0.0,0.0,100.0,1,2,0,1,0,1,0,2,0.9776011109352112,0.9795183689727732,0.9705260396003723,0.98467618227005,35.24046436880441,51055.198734375,59.0,cea,MULTI_RES,NONE,NONE,
Baixa_Alfama,B1363,matched,77.23,77.23,20455.92,20617.83,161.9100000000035,0.007915068107423352,0.7915068107423352,100.0,0.0,0.0,0.0,100.0,0.0,0.0,0.0,0,0,0,0,0,0,0,0,,,,,135.82283640329263,284529.777875,223.0,cea,MULTI_RES,NONE,NONE,
Baixa_Alfama,B1365,matched,54.28,54.28,14675.94,14672.93,-3.0100000000002183,-0.00020509759511146939,-0.02050975951114694,100.0,0.0,0.0,0.0,100.0,0.0,0.0,0.0,0,0,0,0,0,0,0,0,,,,,95.14822883844417,249920.22525000002,155.0,cea,MULTI_RES,NONE,NONE,
Baixa_Alfama,B1366,matched,91.28,91.28,24631.2,24764.64,133.4399999999987,0.00541751924388575,0.541751924388575,100.0,0.0,0.0,0.0,100.0,0.0,0.0,0.0,0,0,0,0,0,0,0,0,,,,,181.41715215808097,274689.1262890625,299.0,cea,MULTI_RES,NONE,NONE,
Baixa_Alfama,B1367,matched,39.16,39.16,7976.57,7518.93,-457.6399999999994,-0.05737303126531823,-5.737303126531823,100.0,0.0,0.0,0.0,100.0,0.0,0.0,0.0,0,0,0,0,0,0,0,0,,,,,85.92536230922998,122219.90340625,141.0,cea,MULTI_RES,NONE,NONE,
Baixa_Alfama,B1368,matched,44.6,87.9,12070.38,24145.19,12074.81,1.0003670141288012,100.03670141288012,100.0,0.0,0.0,0.0,100.0,0.0,0.0,0.0,1,1,0,0,1,0,0,1,0.541682243347168,0.541682243347168,0.541682243347168,0.541682243347168,83.5200833436666,87466.2419453125,137.0,cea,MULTI_RES,NONE,NONE,
Baixa_Alfama,B1369,matched,44.94,44.94,11889.41,11825.78,-63.6299999999992,-0.005351821494926931,-0.535182149492693,100.0,0.0,0.0,0.0,100.0,0.0,0.0,0.0,0,0,0,0,0,0,0,0,,,,,84.23859026551074,166604.2512890625,140.0,cea,MULTI_RES,NONE,NONE,
Baixa_Alfama,B1374,matched,170.84,323.61,46734.46,75739.59,29005.129999999997,0.6206368919208652,62.06368919208652,55.08760003707939,0.0,44.91239996292064,0.0,58.584344690577936,0.0,41.41565530942205,0.0,1,2,1,0,1,0,0,2,0.5222440361976624,0.5213171922483046,0.513137936592102,0.5313501358032227,316.4436086325046,790622.8760625,517.0,cea,MULTI_RES,NONE,NONE,
Baixa_Alfama,B1375,matched,183.3,352.84,49123.74,63740.08,14616.340000000004,0.2975412702697312,29.75412702697312,0.0,0.0,100.0,0.0,0.0,0.0,100.0,0.0,1,1,0,1,0,0,0,1,0.935419499874115,0.935419499874115,0.935419499874115,0.935419499874115,343.5364191696945,756653.4906718751,565.0,cea,MULTI_RES,NONE,NONE,
Baixa_Alfama,B1376,matched,13.18,13.18,3515.53,3511.92,-3.6100000000001273,-0.0010268721928130685,-0.10268721928130685,100.0,0.0,0.0,0.0,100.0,0.0,0.0,0.0,0,0,0,0,0,0,0,0,,,,,24.70702093929878,46051.2903125,42.0,cea,MULTI_RES,NONE,NONE,
Baixa_Alfama,B1377,matched,73.37,73.37,19976.38,19951.48,-24.900000000001455,-0.0012464720835307225,-0.12464720835307225,100.0,0.0,0.0,0.0,100.0,0.0,0.0,0.0,0,0,0,0,0,0,0,0,,,,,137.51509560967668,302754.0189375,223.0,cea,MULTI_RES,NONE,NONE,
Baixa_Alfama,B1378,matched,19.83,19.83,5121.03,5099.05,-21.979999999999563,-0.004292105299129192,-0.4292105299129192,100.0,0.0,0.0,0.0,100.0,0.0,0.0,0.0,0,0,0,0,0,0,0,0,,,,,37.16241224192401,82687.282,60.0,cea,MULTI_RES,NONE,NONE,
Baixa_Alfama,B1380,matched,49.66,49.66,13538.99,13440.21,-98.78000000000065,-0.007295965208630825,-0.7295965208630825,100.0,0.0,0.0,0.0,100.0,0.0,0.0,0.0,0,0,0,0,0,0,0,0,,,,,93.07455739428653,189232.03346875,154.0,cea,MULTI_RES,NONE,NONE,
Baixa_Alfama,B1381,matched,94.8,171.78,24806.94,44081.74,19274.8,0.7769922449121093,77.69922449121093,58.88584900168809,26.561499505209852,0.0,14.552651493102045,59.25410853861085,26.033658259380992,0.0,14.712233202008143,1,3,0,1,1,1,0,3,0.8116139769554138,0.7133907379929787,0.5132002234458923,0.9783139824867249,177.67953420404933,353835.3543125,295.0,cea,MULTI_RES,NONE,NONE,
Baixa_Alfama,B1382,matched,72.47,137.0,19468.09,33628.02,14159.929999999997,0.727340483837911,72.73404838379109,0.0,0.0,0.0,100.0,0.0,0.0,0.0,100.0,1,2,0,1,0,1,0,2,0.7042526304721832,0.7037395172008922,0.4338911175727844,0.974614143371582,135.81673959263742,318994.1441875,225.0,cea,MULTI_RES,NONE,NONE,
Baixa_Alfama,B1383,matched,78.0,147.62,19548.49,32041.47,12492.98,0.6390764708680823,63.907647086808225,0.0,0.0,0.0,100.0,0.0,0.0,0.0,100.0,1,2,0,1,0,1,0,2,0.8084356784820557,0.7999064604124778,0.7279555201530457,0.8889158368110657,149.08889672159148,270433.960328125,245.0,cea,MULTI_RES,NONE,NONE,
Baixa_Alfama,B1384,matched,23.48,23.48,4929.97,4422.77,-507.1999999999998,-0.1028809505940198,-10.28809505940198,100.0,0.0,0.0,0.0,100.0,0.0,0.0,0.0,0,0,0,0,0,0,0,0,,,,,44.00234443648976,62883.69109375,72.0,cea,MULTI_RES,NONE,NONE,
Baixa_Alfama,B1385,matched,45.18,45.18,11557.6,11516.8,-40.80000000000109,-0.0035301446667129065,-0.35301446667129066,100.0,0.0,0.0,0.0,100.0,0.0,0.0,0.0,0,0,0,0,0,0,0,0,,,,,84.67083508989761,140519.81828125002,137.0,cea,MULTI_RES,NONE,NONE,
Baixa_Alfama,B1386,matched,20.01,20.01,5419.84,5389.39,-30.449999999999818,-0.005618247033122715,-0.5618247033122715,100.0,0.0,0.0,0.0,100.0,0.0,0.0,0.0,0,0,0,0,0,0,0,0,,,,,37.505979226138244,93943.4996875,64.0,cea,MULTI_RES,NONE,NONE,
Baixa_Alfama,B1388,matched,105.26,199.38,28408.1,49223.23,20815.130000000005,0.7327181332084866,73.27181332084865,24.963642746100994,0.0,24.848302492352442,50.18805476154655,26.89866697635735,0.0,23.453047702575976,49.648285321066666,1,3,1,1,1,0,0,3,0.806951105594635,0.8339513934077245,0.7321764826774597,0.9136554598808289,197.28104089565664,438373.817734375,324.0,cea,MULTI_RES,NONE,NONE,
Baixa_Alfama,B1389,matched,74.64,142.87,20304.48,31848.37,11543.89,0.5685390613303074,56.85390613303074,0.0,100.0,0.0,0.0,0.0,100.0,0.0,0.0,1,2,0,1,0,1,0,2,0.6771257817745209,0.6772445643659757,0.5880364179611206,0.7662151455879211,139.9224693341569,225353.22534375,232.0,cea,MULTI_RES,NONE,NONE,
Baixa_Alfama,B1391,matched,89.69,175.64,21521.81,31457.56,9935.75,0.46165959089872083,46.16595908987208,0.0,0.0,49.863356866317474,50.13664313368253,0.0,0.0,46.24646838517399,53.75353161482601,1,3,1,1,0,1,0,3,0.7678128878275553,0.6869455489438815,0.4515424370765686,0.9340641498565674,169.23506055767066,338338.4982265625,279.0,cea,MULTI_RES,NONE,NONE,
Baixa_Alfama,B1392,matched,171.75,171.75,45053.09,43784.09,-1269.0,-0.028166769471305964,-2.8166769471305964,100.0,0.0,0.0,0.0,100.0,0.0,0.0,0.0,0,0,0,0,0,0,0,0,,,,,337.46347624382474,752045.31971875,558.0,cea,MULTI_RES,NONE,NONE,
Baixa_Alfama,B1393,matched,49.46,94.24,13287.1,22876.56,9589.460000000001,0.721712036486517,72.1712036486517,33.276740237690994,0.0,7.438455008488962,59.28480475382003,36.47034449023956,0.0,6.7950559314989,56.73459957826154,1,3,1,0,1,1,0,3,0.6670647859573364,0.7380292145000978,0.5085281729698181,0.7826330661773682,92.66160445436866,129270.40071875,151.0,cea,MULTI_RES,NONE,NONE,
Baixa_Alfama,B1394,matched,159.38,159.38,37805.21,37816.59,11.37999999999738,0.0003010167117177072,0.03010167117177072,100.0,0.0,0.0,0.0,100.0,0.0,0.0,0.0,0,0,0,0,0,0,0,0,,,,,304.7140594747482,615521.897140625,502.0,cea,MULTI_RES,NONE,NONE,
Baixa_Alfama,B1396,matched,203.88,399.89,53477.37,87830.79,34353.41999999999,0.6423917256963083,64.23917256963082,22.578144536134037,44.016004001000255,33.40585146286572,0.0,21.82057646080258,47.62529324745323,30.554130291744208,0.0,1,4,1,1,1,1,0,4,0.6416901797056198,0.6765207511563077,0.5290056467056274,0.9050619006156921,387.561973354758,915170.92128125,638.0,cea,MULTI_RES,NONE,NONE,
Baixa_Alfama,B1399,matched,43.18,43.18,11429.65,11264.81,-164.84000000000015,-0.014422138910640321,-1.442213891064032,100.0,0.0,0.0,0.0,100.0,0.0,0.0,0.0,0,0,0,0,0,0,0,0,,,,,80.93223005229522,204060.48981250002,134.0,cea,MULTI_RES,NONE,NONE,
Baixa_Alfama,B1401,matched,29.19,55.93,7867.49,10868.84,3001.3500000000004,0.3814876154910906,38.14876154910906,0.0,50.22349365278026,49.77650634721974,0.0,0.0,52.43565541161344,47.564344588386575,0.0,1,3,1,1,0,1,0,3,0.5576568245887756,0.5780818182949308,0.4331098198890686,0.6356754302978516,54.70638682057208,99457.80234375001,89.0,cea,SINGLE_RES,NONE,NONE,
Baixa_Alfama,B1402,matched,32.3,46.93,8833.34,9678.76,845.4200000000001,0.09570785229596054,9.570785229596055,32.878755593437035,32.686980609418285,34.43426379714469,0.0,35.51768383381849,31.098596596672966,33.38371956950856,0.0,1,3,0,1,0,1,1,3,0.5365462601184845,0.5221511020483722,0.4630223214626312,0.6696513295173645,60.52248427754962,98299.178125,100.0,cea,MULTI_RES,NONE,NONE,
Baixa_Alfama,B1404,matched,73.87,140.85,18796.13,29948.52,11152.39,0.5933343725543502,59.333437255435015,0.0,100.0,0.0,0.0,0.0,100.0,0.0,0.0,1,2,0,1,0,1,0,2,0.7271058559417725,0.7191271013336427,0.5861281752586365,0.8680835366249084,138.44070226749804,307612.3825,222.0,cea,MULTI_RES,NONE,NONE,
Baixa_Alfama,B1405,matched,68.85,68.85,18470.33,18372.7,-97.63000000000102,-0.005285774536784184,-0.5285774536784184,100.0,0.0,0.0,0.0,100.0,0.0,0.0,0.0,0,0,0,0,0,0,0,0,,,,,129.02823590383264,299670.737,211.0,cea,MULTI_RES,NONE,NONE,
Baixa_Alfama,B1406,matched,15.53,15.53,4177.78,4164.93,-12.849999999999454,-0.0030757962362784673,-0.30757962362784674,100.0,0.0,0.0,0.0,100.0,0.0,0.0,0.0,0,0,0,0,0,0,0,0,,,,,29.109358191762837,86598.45175000001,52.0,cea,MULTI_RES,NONE,NONE,
Baixa_Alfama,B1407,matched,38.79,38.79,10145.97,10163.57,17.600000000000364,0.0017346788922104406,0.17346788922104406,100.0,0.0,0.0,0.0,100.0,0.0,0.0,0.0,0,0,0,0,0,0,0,0,,,,,72.70144907945385,145685.71221875,120.0,cea,MULTI_RES,NONE,NONE,
Baixa_Alfama,B1410,matched,22.47,22.47,5132.69,5144.89,12.200000000000728,0.00237692126350914,0.237692126350914,100.0,0.0,0.0,0.0,100.0,0.0,0.0,0.0,0,0,0,0,0,0,0,0,,,,,45.36016782700087,111621.1913125,76.0,cea,MULTI_RES,NONE,NONE,
Baixa_Alfama,B1412,matched,29.74,57.06,8143.29,13926.43,5783.14,0.7101724241676276,71.01724241676276,50.09640666082383,49.90359333917616,0.0,0.0,54.536582198672825,45.463417801327175,0.0,0.0,1,2,0,1,1,0,0,2,0.7664218544960022,0.7666572256689468,0.651729166507721,0.8811145424842834,55.73993333718526,89693.81325,92.0,cea,MULTI_RES,NONE,NONE,
Baixa_Alfama,B1413,matched,28.18,54.01,7494.84,11413.26,3918.42,0.5228156971996734,52.28156971996734,0.0,100.0,0.0,0.0,0.0,100.0,0.0,0.0,1,2,1,0,1,0,0,2,0.738642543554306,0.7499966768081618,0.6293169260025024,0.8479681611061096,52.81525742507513,104356.14978125,87.0,cea,SINGLE_RES,NONE,NONE,
Baixa_Alfama,B1416,matched,23.27,23.27,5905.49,5125.25,-780.2399999999998,-0.13212112796736591,-13.21211279673659,100.0,0.0,0.0,0.0,100.0,0.0,0.0,0.0,0,0,0,0,0,0,0,0,,,,,43.62468501724195,59475.17615625,74.0,cea,MULTI_RES,NONE,NONE,
Baixa_Alfama,B1417,matched,28.4,28.4,7745.41,7726.9,-18.51000000000022,-0.002389802476563567,-0.23898024765635673,100.0,0.0,0.0,0.0,100.0,0.0,0.0,0.0,0,0,0,0,0,0,0,0,,,,,53.23547549212725,86483.1834375,78.0,cea,MULTI_RES,NONE,NONE,
Baixa_Alfama,B1418,matched,27.87,53.87,7590.86,11446.75,3855.8900000000003,0.5079648419283191,50.79648419283191,0.0,50.0,50.000000000000014,0.0,0.0,54.43683950905258,45.56316049094741,0.0,1,2,1,0,0,1,0,2,0.7996345162391663,0.7996499685646247,0.774259090423584,0.8250099420547485,52.24061679230519,117129.094,85.0,cea,MULTI_RES,NONE,NONE,
Baixa_Alfama,B1419,matched,44.65,64.96,12196.88,14266.31,2069.4300000000003,0.16966880054571337,16.966880054571337,34.364896073903,0.0,65.63510392609699,0.0,36.92126314382417,0.0,63.078736856175844,0.0,1,2,1,0,0,0,1,2,0.4528728872537613,0.45246231325672054,0.4090409278869629,0.4967048466205597,83.68226517574499,111789.01803125,140.0,cea,MULTI_RES,NONE,NONE,
Baixa_Alfama,B1421,matched,27.8,53.03,6959.23,12344.42,5385.1900000000005,0.7738198047772528,77.38198047772528,49.99057137469357,0.0,50.00942862530643,0.0,54.064687233095775,0.0,45.93531276690421,0.0,1,2,1,0,1,0,0,2,0.7946381866931915,0.7946446588834185,0.7652471661567688,0.8240292072296143,52.10129512316392,96368.4249375,86.0,cea,MULTI_RES,NONE,NONE,
Baixa_Alfama,B1422,matched,63.4,123.58,16428.18,26683.91,10255.73,0.6242767001578994,62.427670015789936,0.0,100.0,0.0,0.0,0.0,100.0,0.0,0.0,1,2,0,1,0,1,0,2,0.9511796534061432,0.9512117626105809,0.9336279630661011,0.9687313437461853,119.82692898083009,205857.736734375,198.0,cea,MULTI_RES,NONE,NONE,
Baixa_Alfama,B1423,matched,24.05,24.05,5602.43,5629.11,26.67999999999938,0.004762219251289062,0.4762219251289062,100.0,0.0,0.0,0.0,100.0,0.0,0.0,0.0,0,0,0,0,0,0,0,0,,,,,44.84113654109641,109445.876125,74.0,cea,MULTI_RES,NONE,NONE,
Baixa_Alfama,B1425,matched,27.98,54.18,6856.51,11308.81,4452.299999999999,0.649353679933377,64.9353679933377,49.94462901439646,0.0,50.055370985603545,0.0,58.386916506423006,0.0,41.613083493577,0.0,1,2,1,0,1,0,0,2,0.9963487088680267,0.9963481718184001,0.9958588480949402,0.9968385696411133,52.44387371835448,75683.99203125,82.0,cea,MULTI_RES,NONE,NONE,
Baixa_Alfama,B1430,matched,83.04,159.18,22707.62,36901.82,14194.2,0.6250853237811801,62.50853237811801,36.15631086259973,0.0,63.84368913740025,0.0,41.32287477915691,0.0,58.67712522084309,0.0,1,2,1,0,1,0,0,2,0.8914680480957031,0.9094331682523973,0.8265831470489502,0.956352949142456,155.62573304069087,247973.433359375,257.0,cea,MULTI_RES,NONE,NONE,
Baixa_Alfama,B1431,matched,46.94,46.94,11205.48,10940.91,-264.5699999999997,-0.023610769016588287,-2.3610769016588287,100.0,0.0,0.0,0.0,100.0,0.0,0.0,0.0,0,0,0,0,0,0,0,0,,,,,87.96662041248828,214907.6620625,145.0,cea,MULTI_RES,NONE,NONE,
Baixa_Alfama,B1432,matched,36.59,36.59,8960.77,9041.28,80.51000000000022,0.008984718947144076,0.8984718947144076,100.0,0.0,0.0,0.0,100.0,0.0,0.0,0.0,0,0,0,0,0,0,0,0,,,,,68.5753504438855,145937.7459375,113.0,cea,MULTI_RES,NONE,NONE,
Baixa_Alfama,B1433,matched,39.6,76.0,10747.0,14727.74,3980.74,0.37040476412021955,37.04047641202195,0.0,47.44045269114357,52.55954730885644,0.0,0.0,49.147159548245476,50.85284045175453,0.0,1,2,1,1,0,0,0,2,0.7521518170833588,0.7535123517517761,0.7255021333694458,0.7788015007972717,74.20928423073632,105040.7081875,122.0,cea,MULTI_RES,NONE,NONE,
Baixa_Alfama,B1435,matched,29.9,56.62,7944.01,13855.35,5911.34,0.7441254479790433,74.41254479790433,50.78580257813879,49.21419742186121,0.0,0.0,52.635260242911045,47.36473975708895,0.0,0.0,1,3,0,1,1,1,0,3,0.7993375857671102,0.8189725480749775,0.632212221622467,0.8896175622940063,56.06979913539346,130893.1866875,93.0,cea,SINGLE_RES,NONE,NONE,
Baixa_Alfama,B1437,matched,29.46,29.46,7906.49,7024.0,-882.4899999999998,-0.11161590035527773,-11.161590035527773,100.0,0.0,0.0,0.0,100.0,0.0,0.0,0.0,0,0,0,0,0,0,0,0,,,,,61.94845322126995,99836.11515625,101.0,cea,MULTI_RES,NONE,NONE,
Baixa_Alfama,B1438,matched,27.65,47.99,6781.48,11371.08,4589.6,0.676784418740452,67.6784418740452,32.88870362651105,54.02250937890789,13.088786994581078,0.0,34.96259410394126,54.176623292346584,10.860782603712147,0.0,1,3,1,0,1,1,0,3,0.6949639519055685,0.641565157330565,0.6076067686080933,0.8479681611061096,54.18373263167783,114885.68378125,89.0,cea,SINGLE_RES,NONE,NONE,
Baixa_Alfama,B1439,matched,43.33,83.7,10428.67,15951.4,5522.73,0.5295718437729835,52.95718437729835,0.0,100.0,0.0,0.0,0.0,100.0,0.0,0.0,1,2,0,1,0,1,0,2,0.944401353597641,0.9444466782084823,0.9050814509391785,0.9837212562561035,81.21206518988458,140849.0220625,130.0,cea,MULTI_RES,NONE,NONE,
Baixa_Alfama,B1440,matched,43.53,43.53,11674.34,11751.86,77.52000000000044,0.0066402040714935865,0.6640204071493586,100.0,0.0,0.0,0.0,100.0,0.0,0.0,0.0,0,0,0,0,0,0,0,0,,,,,81.612951393092,180507.6721875,134.0,cea,MULTI_RES,NONE,NONE,
Baixa_Alfama,B1444,matched,49.71,93.81,11331.88,21164.2,9832.320000000002,0.8676689128370582,86.76689128370582,100.0,0.0,0.0,0.0,100.0,0.0,0.0,0.0,1,1,0,0,1,0,0,1,0.8758294582366943,0.8758294582366942,0.8758294582366943,0.8758294582366943,91.71872973760505,161761.903390625,152.0,cea,MULTI_RES,NONE,NONE,
Baixa_Alfama,B1445,matched,64.12,64.05,15986.44,14519.05,-1467.3900000000012,-0.09178966674256439,-9.17896667425644,100.0,0.0,0.0,0.0,100.0,0.0,0.0,0.0,0,0,0,0,0,0,0,0,,,,,121.35175280054649,128677.22640625,200.0,cea,MULTI_RES,NONE,NONE,
Baixa_Alfama,B1447,matched,267.99,267.99,73552.54,73042.35,-510.1899999999878,-0.006936402196307399,-0.6936402196307399,100.0,0.0,0.0,0.0,100.0,0.0,0.0,0.0,0,0,0,0,0,0,0,0,,,,,502.01566395985924,1023637.0824375,828.0,cea,MULTI_RES,NONE,NONE,
Baixa_Alfama,B1448,matched,192.29,385.72,51150.98,98671.63,47520.65,0.9290271662439312,92.90271662439312,21.815777875716186,23.726440774635112,0.0,54.45778134964874,22.25553885165536,20.17224938373612,0.0,57.57221176460854,1,3,0,1,1,1,0,3,0.6410089035828909,0.5822518083795082,0.4477509558200836,0.8678714036941528,376.1673702993496,805939.7576875,616.0,cea,MULTI_RES,NONE,NONE,
Baixa_Alfama,B1450,matched,125.06,125.06,33682.98,33736.9,53.919999999998254,0.001600808479534716,0.1600808479534716,100.0,0.0,0.0,0.0,100.0,0.0,0.0,0.0,0,0,0,0,0,0,0,0,,,,,257.89359339218,470002.09928125003,423.0,cea,MULTI_RES,NONE,NONE,
Baixa_Alfama,B1452,matched,113.62,113.62,30621.46,30361.02,-260.4399999999987,-0.00850514639079909,-0.8505146390799089,100.0,0.0,0.0,0.0,100.0,0.0,0.0,0.0,0,0,0,0,0,0,0,0,,,,,213.3456707165956,411864.6058125,350.0,cea,MULTI_RES,NONE,NONE,
Baixa_Alfama,B1453,matched,112.37,215.41,30899.49,48057.32,17157.829999999998,0.5552787440828311,55.527874408283104,0.0,100.0,0.0,0.0,0.0,100.0,0.0,0.0,1,2,0,1,0,1,0,2,0.8728969097137451,0.8747343960943521,0.8472108840942383,0.898582935333252,210.60053814801327,454246.6190625,348.0,cea,MULTI_RES,NONE,NONE,
Baixa_Alfama,B1454,matched,25.38,25.38,6611.84,6741.32,129.47999999999956,0.019583051011518665,1.9583051011518666,100.0,0.0,0.0,0.0,100.0,0.0,0.0,0.0,0,0,0,0,0,0,0,0,,,,,47.786507633777454,106806.378625,80.0,cea,MULTI_RES,NONE,NONE,
Baixa_Alfama,B1455,matched,0.0,59.75,0.0,9854.12,9854.12,,,68.91009542943245,0.0,31.089904570567562,0.0,75.26445009011475,0.0,24.73554990988526,0.0,1,2,1,0,1,0,0,2,0.7946381866931915,0.7842161117445118,0.7652471661567688,0.8240292072296143,59.79512861252907,119097.82693750001,100.0,cea,MULTI_RES,NONE,NONE,
Baixa_Alfama,B1456,matched,73.7,114.9,19303.1,29438.73,10135.630000000001,0.5250778372385784,52.507783723857834,100.0,0.0,0.0,0.0,100.0,0.0,0.0,0.0,1,2,0,0,1,0,1,2,0.8463679254055023,0.8203449441437132,0.7453222870826721,0.9474135637283325,138.141631477249,263955.78975,226.0,cea,MULTI_RES,NONE,NONE,
Baixa_Alfama,B1457,matched,129.1,129.1,34149.29,33602.22,-547.0699999999997,-0.016019952391396707,-1.6019952391396708,100.0,0.0,0.0,0.0,100.0,0.0,0.0,0.0,0,0,0,0,0,0,0,0,,,,,241.96238601829154,507543.405109375,401.0,cea,MULTI_RES,NONE,NONE,
Baixa_Alfama,B1458,matched,78.6,151.0,15934.78,29063.17,13128.389999999998,0.8238827269657941,82.3882726965794,34.086092715231786,37.15894039735099,28.754966887417215,0.0,33.25582861975514,39.64898232199975,27.09518905824512,0.0,1,3,1,1,1,0,0,3,0.6162619193394979,0.6151740525290363,0.572974443435669,0.6640662550926208,148.03425217319918,282173.342921875,244.0,cea,MULTI_RES,NONE,NONE,
Baixa_Alfama,B1459,matched,362.24,684.47,96963.21,166622.67,69659.46,0.7184112407169688,71.84112407169688,0.0,0.0,0.0,100.0,0.0,0.0,0.0,100.0,1,2,1,0,1,0,0,2,0.7076378464698792,0.7404665263107009,0.5145917534828186,0.9006839394569397,689.433382651605,1706028.3249375,1140.0,cea,MULTI_RES,NONE,NONE,
Baixa_Alfama,B1460,matched,52.99,52.99,13682.31,13216.37,-465.9399999999987,-0.03405419114170039,-3.4054191141700394,100.0,0.0,0.0,0.0,100.0,0.0,0.0,0.0,0,0,0,0,0,0,0,0,,,,,100.15638300952166,199881.50634375,161.0,cea,MULTI_RES,NONE,NONE,
Baixa_Alfama,B1461,matched,391.11,391.11,105260.16,105274.47,14.309999999997672,0.00013594887182384743,0.013594887182384743,100.0,0.0,0.0,0.0,100.0,0.0,0.0,0.0,0,0,0,0,0,0,0,0,,,,,737.4431126566221,1570117.0503125,1222.0,cea,MULTI_RES,NONE,NONE,
Baixa_Alfama,B1464,matched,35.27,68.16,9507.11,15734.46,6227.3499999999985,0.6550202953368582,65.50202953368583,0.0,100.0,0.0,0.0,0.0,100.0,0.0,0.0,1,2,0,1,0,1,0,2,0.9515371024608612,0.9439131866966873,0.9264994859695435,0.976574718952179,66.10055777419404,72159.7699453125,108.0,cea,MULTI_RES,NONE,NONE,
Baixa_Alfama,B1465,matched,33.88,33.88,8231.37,7377.2,-854.170000000001,-0.10377008930469665,-10.377008930469666,100.0,0.0,0.0,0.0,100.0,0.0,0.0,0.0,0,0,0,0,0,0,0,0,,,,,63.501870646988834,112897.40671875,102.0,cea,MULTI_RES,NONE,NONE,
Baixa_Alfama,B1469,matched,35.15,67.3,9466.97,17027.77,7560.800000000001,0.7986504657773291,79.86504657773291,49.09361069836553,50.90638930163447,0.0,0.0,52.43472565200014,47.56527434799985,0.0,0.0,1,3,0,1,1,1,0,3,0.8059406479199728,0.7510289618019934,0.576049268245697,0.9399406313896179,65.88506362114968,146919.161921875,109.0,cea,MULTI_RES,NONE,NONE,
Baixa_Alfama,B1470,matched,38.28,38.28,8267.88,8215.06,-52.81999999999971,-0.006388578450582219,-0.6388578450582219,100.0,0.0,0.0,0.0,100.0,0.0,0.0,0.0,0,0,0,0,0,0,0,0,,,,,71.73843343635401,171097.41175,118.0,cea,MULTI_RES,NONE,NONE,
Baixa_Alfama,B1472,matched,38.98,74.57,10549.94,18693.33,8143.390000000001,0.7718896979508889,77.1889697950889,52.40075107296139,47.59924892703864,0.0,0.0,54.776201630999786,45.22379836900024,0.0,0.0,1,3,0,1,1,1,0,3,0.8059406479199728,0.7403178737380309,0.576049268245697,0.9399406313896179,73.05129969152695,155254.64153125,121.0,cea,MULTI_RES,NONE,NONE,
Baixa_Alfama,B1477,matched,30.8,30.8,8160.89,8072.65,-88.24000000000069,-0.010812546180624992,-1.0812546180624991,100.0,0.0,0.0,0.0,100.0,0.0,0.0,0.0,0,0,0,0,0,0,0,0,,,,,57.395167809729294,163226.6155,97.0,cea,MULTI_RES,NONE,NONE,
Baixa_Alfama,B1478,matched,89.52,160.34,23878.07,35399.69,11521.620000000003,0.48251889704653694,48.25188970465369,0.0,0.0,44.7992017959591,55.200798204040915,0.0,0.0,42.04965568294688,57.95034431705312,1,2,0,1,0,1,0,2,0.8294869959354401,0.8379418294123078,0.6676384210586548,0.9913355708122253,165.40570523954696,350006.001390625,277.0,cea,MULTI_RES,NONE,NONE,
Baixa_Alfama,B1479,matched,56.17,107.13,15122.89,25836.56,10713.670000000002,0.7084406485797359,70.84406485797359,50.07466865783088,0.0,49.92533134216913,0.0,54.75411454540065,0.0,45.24588545459934,0.0,1,2,1,0,1,0,0,2,0.9823811054229736,0.9823615917365228,0.9696879982948303,0.9950742125511169,104.79169974287721,185683.71571875,174.0,cea,MULTI_RES,NONE,NONE,
Baixa_Alfama,B1483,matched,10.07,10.07,2695.53,2646.91,-48.620000000000346,-0.01803726910848714,-1.8037269108487142,100.0,0.0,0.0,0.0,100.0,0.0,0.0,0.0,0,0,0,0,0,0,0,0,,,,,18.863959632855376,35838.8923125,31.0,cea,MULTI_RES,NONE,NONE,
Baixa_Alfama,B1484,matched,48.82,96.95,13353.37,21765.2,8411.83,0.6299406067532016,62.99406067532016,0.0,100.0,0.0,0.0,0.0,100.0,0.0,0.0,1,2,0,1,0,1,0,2,0.8680663108825684,0.8691008320320691,0.7513346076011658,0.984798014163971,94.57463652301354,232854.63825000002,155.0,cea,MULTI_RES,NONE,NONE,
Baixa_Alfama,B1485,matched,59.01,114.97,16112.33,25162.73,9050.4,0.5617064695174441,56.17064695174441,29.558107167710507,46.65970772442589,23.782185107863608,0.0,34.581520175619,44.161343895862544,21.257135928518466,0.0,1,3,1,1,1,0,0,3,0.7581039369106293,0.7928021592144117,0.4903314411640167,0.917693018913269,112.51853560381275,269977.6751875,184.0,cea,MULTI_RES,NONE,NONE,
Baixa_Alfama,B1486,matched,41.53,59.99,8083.49,9499.87,1416.380000000001,0.17521887204660377,17.521887204660377,0.0,0.0,29.743247749249758,70.25675225075025,0.0,0.0,24.584483629634267,75.41551637036572,1,2,1,0,0,1,0,2,0.6876293122768402,0.6926199955379574,0.536623477935791,0.8386351466178894,85.54236384316215,124054.2716875,141.0,cea,MULTI_RES,NONE,NONE,
Baixa_Alfama,B1488,matched,57.16,57.16,15438.63,14657.52,-781.1099999999988,-0.05059451518690446,-5.059451518690445,100.0,0.0,0.0,0.0,100.0,0.0,0.0,0.0,0,0,0,0,0,0,0,0,,,,,136.73765468273288,301605.5010625,223.0,cea,MULTI_RES,NONE,NONE,
Baixa_Alfama,B1489,matched,19.38,29.55,4759.42,6863.19,2103.7699999999995,0.4420223472608006,44.20223472608006,53.21380243572394,46.78619756427605,0.0,0.0,54.33215192619566,45.66784807380435,0.0,0.0,1,2,0,0,1,1,0,2,0.9473492801189423,0.9372459114985118,0.901417076587677,0.9932814836502075,39.462650121322554,97724.5746875,69.0,cea,MULTI_RES,NONE,NONE,
Baixa_Alfama,B1490,matched,22.15,22.15,5235.87,5195.89,-39.97999999999956,-0.00763578927666263,-0.763578927666263,100.0,0.0,0.0,0.0,100.0,0.0,0.0,0.0,0,0,0,0,0,0,0,0,,,,,41.508038670916946,56399.876625000004,64.0,cea,MULTI_RES,NONE,NONE,
Baixa_Alfama,B1491,matched,11.8,11.8,3078.33,3044.41,-33.92000000000007,-0.011018961579817653,-1.1018961579817652,100.0,0.0,0.0,0.0,100.0,0.0,0.0,0.0,0,0,0,0,0,0,0,0,,,,,22.11878819236061,27410.76790625,36.0,cea,MULTI_RES,NONE,NONE,
Baixa_Alfama,B1492,matched,26.54,50.72,4676.29,8077.58,3401.29,0.7273479617388998,72.73479617388998,0.0,0.0,100.0,0.0,0.0,0.0,100.0,0.0,1,1,1,0,0,0,0,1,0.6598636507987976,0.6598636507987976,0.6598636507987976,0.6598636507987976,49.73487053976552,62511.865218750005,81.0,cea,MULTI_RES,NONE,NONE,
Baixa_Alfama,B1493,matched,48.89,83.45,11479.29,17417.22,5937.93,0.5172732808387975,51.727328083879755,16.59676452965848,0.0,25.404433792690234,57.99880167765128,17.001022582826,0.0,21.886524935161404,61.11245248201259,1,3,1,1,1,0,0,3,0.7528502841790518,0.6575680267437903,0.4027056396007538,0.9397204518318176,91.99070392490779,204812.07775,152.0,cea,MULTI_RES,NONE,NONE,
Baixa_Alfama,B1494,matched,18.93,36.52,5082.59,6520.94,1438.3499999999995,0.28299548065061303,28.299548065061302,0.0,0.0,100.0,0.0,0.0,0.0,100.0,0.0,1,1,1,0,0,0,0,1,0.8285771608352661,0.8285771608352661,0.8285771608352661,0.8285771608352661,35.48437552079337,60455.5545625,58.0,cea,MULTI_RES,NONE,NONE,
Baixa_Alfama,B1495,matched,47.1,90.16,12745.35,21269.38,8524.03,0.668795286123959,66.8795286123959,54.3538546866334,0.0,45.64614531336662,0.0,58.4115747309371,0.0,41.58842526906291,0.0,1,2,1,0,1,0,0,2,0.5890971571207047,0.5787166241912332,0.4699007570743561,0.7082935571670532,88.63043404946694,223914.77740625,146.0,cea,MULTI_RES,NONE,NONE,
Baixa_Alfama,B1496,matched,64.7,120.38,15235.34,20795.05,5559.709999999999,0.36492195120030135,36.49219512003013,0.0,0.0,100.0,0.0,0.0,0.0,100.0,0.0,1,1,1,0,0,0,0,1,0.961782693862915,0.961782693862915,0.961782693862915,0.961782693862915,119.98633984811057,217679.87490625,201.0,cea,MULTI_RES,NONE,NONE,
Baixa_Alfama,B1497,matched,21.59,21.59,5492.95,5497.62,4.670000000000073,0.000850180686152263,0.0850180686152263,100.0,0.0,0.0,0.0,100.0,0.0,0.0,0.0,0,0,0,0,0,0,0,0,,,,,40.46005694139354,68900.1285234375,69.0,cea,MULTI_RES,NONE,NONE,
Baixa_Alfama,B1499,matched,36.69,68.26,9732.79,14724.0,4991.209999999999,0.5128241747741397,51.282417477413965,43.633699633699635,0.0,56.36630036630036,0.0,45.12320332672819,0.0,54.87679667327182,0.0,1,2,1,0,1,0,0,2,0.8633829951286316,0.8791197370510847,0.7399724125862122,0.986793577671051,67.11593733320831,98093.461140625,109.0,cea,MULTI_RES,NONE,NONE,
Baixa_Alfama,B1500,matched,19.56,37.43,3571.37,5375.63,1804.2600000000002,0.505201085297799,50.5201085297799,23.837520042757887,53.90165686798505,22.260823089257084,0.0,22.261810373452494,58.650187701422176,19.088001925125322,0.0,1,3,1,1,1,0,0,3,0.6200781663258871,0.5576375799187944,0.4311152994632721,0.9757903218269348,36.66320647100682,64293.549640625,59.0,cea,MULTI_RES,NONE,NONE,
Baixa_Alfama,B1501,matched,117.86,117.86,29801.73,29826.62,24.889999999999418,0.0008351864136746229,0.08351864136746229,100.0,0.0,0.0,0.0,100.0,0.0,0.0,0.0,0,0,0,0,0,0,0,0,,,,,227.9392020120017,554967.92990625,376.0,cea,MULTI_RES,NONE,NONE,
Baixa_Alfama,B1502,matched,67.76,122.86,18491.22,30402.57,11911.349999999999,0.6441624727843808,64.41624727843808,13.557942708333334,0.0,27.221679687500007,59.22037760416667,14.95593896350948,0.0,24.28807302462018,60.75598801187034,1,3,1,1,1,0,0,3,0.7409215768178304,0.6282783187858099,0.4117499589920044,0.9204102754592896,127.40034975164704,276579.64325,210.0,cea,MULTI_RES,NONE,NONE,
Baixa_Alfama,B1503,matched,23.5,15.33,4102.28,3049.05,-1053.2299999999996,-0.25674259192449067,-25.674259192449068,100.0,0.0,0.0,0.0,100.0,0.0,0.0,0.0,0,0,0,0,0,0,0,0,,,,,44.035874690097806,84524.9741875,73.0,cea,MULTI_RES,NONE,NONE,
Baixa_Alfama,B1505,matched,14.81,14.81,3224.67,3111.91,-112.76000000000022,-0.034967919197933496,-3.4967919197933495,100.0,0.0,0.0,0.0,100.0,0.0,0.0,0.0,0,0,0,0,0,0,0,0,,,,,27.74908451634266,62170.64125,46.0,cea,MULTI_RES,NONE,NONE,
Baixa_Alfama,B1506,matched,18.41,35.51,4990.69,7477.11,2486.42,0.4982116701297817,49.821167012978165,0.0,0.0,0.0,100.0,0.0,0.0,0.0,100.0,1,1,1,0,0,0,0,1,0.8285771608352661,0.8285771608352661,0.8285771608352661,0.8285771608352661,34.505845477055956,77527.671875,56.0,cea,MULTI_RES,NONE,NONE,
Baixa_Alfama,B1507,matched,66.62,125.15,18065.49,24767.19,6701.699999999997,0.3709669651916442,37.09669651916442,0.0,0.0,100.0,0.0,0.0,0.0,100.0,0.0,1,1,1,0,0,0,0,1,0.9188553094863892,0.9188553094863892,0.9188553094863892,0.9188553094863892,123.29118203926933,224860.304140625,202.0,cea,MULTI_RES,NONE,NONE,
Baixa_Alfama,B1508,matched,36.17,70.22,9066.48,15758.3,6691.82,0.7380835781913158,73.80835781913157,0.0,0.0,0.0,100.0,0.0,0.0,0.0,100.0,1,2,0,1,0,1,0,2,0.9763068854808807,0.974269615089248,0.9550217986106873,0.9975919723510742,70.11153973770148,125928.1343125,116.0,cea,MULTI_RES,NONE,NONE,
Baixa_Alfama,B1509,matched,103.6,203.41,27345.65,54675.78,27330.129999999997,0.9994324508651283,99.94324508651283,0.0,0.0,0.0,100.0,0.0,0.0,0.0,100.0,1,1,0,1,0,0,0,1,0.9864392280578613,0.9864392280578613,0.9864392280578613,0.9864392280578613,196.16360932744345,410540.4769375,323.0,cea,MULTI_RES,NONE,NONE,
Baixa_Alfama,B1510,matched,20.57,39.25,4579.64,6427.23,1847.5899999999992,0.4034356412294414,40.343564122944144,0.0,24.88537952114111,51.120733571064704,23.99388690779419,0.0,28.670006118347168,45.81078106815925,25.519212813493574,1,3,1,1,0,1,0,3,0.7904849052429199,0.716485740702766,0.5141909718513489,0.9574254155158997,38.553462431802345,56359.09659375,63.0,cea,MULTI_RES,NONE,NONE,
Baixa_Alfama,B1511,matched,40.87,40.87,10385.47,10185.94,-199.52999999999884,-0.019212418889082424,-1.9212418889082423,100.0,0.0,0.0,0.0,100.0,0.0,0.0,0.0,0,0,0,0,0,0,0,0,,,,,76.59777291078167,169344.73675,125.0,cea,MULTI_RES,NONE,NONE,
Baixa_Alfama,B1512,matched,13.88,13.88,2914.42,2377.99,-536.4300000000003,-0.18406063642165518,-18.406063642165517,100.0,0.0,0.0,0.0,100.0,0.0,0.0,0.0,0,0,0,0,0,0,0,0,,,,,53.87431625436193,124644.199375,89.0,cea,MULTI_RES,NONE,NONE,
Baixa_Alfama,B1513,matched,21.38,21.38,5126.88,4687.2,-439.6800000000003,-0.08575976032206728,-8.575976032206729,100.0,0.0,0.0,0.0,100.0,0.0,0.0,0.0,0,0,0,0,0,0,0,0,,,,,43.48474474806923,73836.36775,73.0,cea,MULTI_RES,NONE,NONE,
Baixa_Alfama,B1514,matched,47.06,85.42,12521.64,20852.04,8330.400000000001,0.6652802668021124,66.52802668021124,26.39344262295082,0.0,21.194379391100707,52.412177985948496,29.405627324098283,0.0,18.07480837092508,52.519564304976655,1,3,1,1,1,0,0,3,0.7984911600748698,0.6973674856515397,0.4055168032646179,0.9972255229949951,88.22330324199257,225819.594625,146.0,cea,MULTI_RES,NONE,NONE,
Baixa_Alfama,B1515,matched,24.56,46.52,6366.49,9833.65,3467.16,0.5445952165164792,54.459521651647925,48.82871265849989,0.0,51.17128734150012,0.0,51.65109742750191,0.0,48.34890257249812,0.0,1,2,1,0,1,0,0,2,0.8458646535873413,0.849153694935179,0.7045717835426331,0.9871575236320496,46.026227748999496,78121.25403125,75.0,cea,MULTI_RES,NONE,NONE,
Baixa_Alfama,B1516,matched,19.71,19.71,5073.14,4794.63,-278.5100000000002,-0.054898938330107235,-5.489893833010724,100.0,0.0,0.0,0.0,100.0,0.0,0.0,0.0,0,0,0,0,0,0,0,0,,,,,36.94543898368294,97107.717125,57.0,cea,MULTI_RES,NONE,NONE,
Baixa_Alfama,B1517,matched,22.0,22.0,5996.63,5914.93,-81.69999999999982,-0.013624318992500757,-1.3624318992500757,100.0,0.0,0.0,0.0,100.0,0.0,0.0,0.0,0,0,0,0,0,0,0,0,,,,,41.23130122890877,59110.596218750004,69.0,cea,MULTI_RES,NONE,NONE,
Baixa_Alfama,B1518,matched,52.78,101.56,13759.27,23917.11,10157.84,0.7382542823856207,73.82542823856207,0.0,0.0,0.0,100.0,0.0,0.0,0.0,100.0,1,2,1,0,1,0,0,2,0.9279268980026245,0.9264099249931026,0.8812788724899292,0.9745749235153198,98.92312566620222,195062.1095625,163.0,cea,MULTI_RES,NONE,NONE,
Baixa_Alfama,B1519,matched,142.84,282.7,33191.46,54971.5,21780.04,0.6561940932999031,65.6194093299903,0.0,0.0,73.6771363893605,26.32286361063951,0.0,0.0,68.28443911676891,31.715560883231085,1,3,1,1,1,0,0,3,0.6432689527670542,0.577170191226197,0.4446689188480377,0.881565511226654,289.21736347911065,730582.64221875,474.0,cea,MULTI_RES,NONE,NONE,
Baixa_Alfama,B1521,matched,38.79,75.71,10539.37,22907.24,12367.87,1.1734923434702453,117.34923434702453,100.0,0.0,0.0,0.0,100.0,0.0,0.0,0.0,1,1,0,0,1,0,0,1,0.8689922094345093,0.8689922094345093,0.8689922094345093,0.8689922094345093,72.69654634228031,176339.1696015625,120.0,cea,MULTI_RES,NONE,NONE,
Baixa_Alfama,B1522,matched,103.29,198.3,26476.7,45302.48,18825.780000000002,0.7110319639532118,71.10319639532118,57.29917805456102,0.0,42.70082194543895,0.0,60.86324340372949,0.0,39.1367565962705,0.0,1,2,1,0,1,0,0,2,0.9038063287734985,0.9175246476264155,0.8098244667053223,0.9977881908416748,193.59072832936704,413267.403046875,319.0,cea,MULTI_RES,NONE,NONE,
Baixa_Alfama,B1523,matched,13.72,8.94,2255.21,1506.27,-748.94,-0.3320932418710453,-33.20932418710453,100.0,0.0,0.0,0.0,100.0,0.0,0.0,0.0,0,0,0,0,0,0,0,0,,,,,42.63764394010254,96156.1328125,71.0,cea,MULTI_RES,NONE,NONE,
Baixa_Alfama,B1524,matched,65.35,127.42,15438.59,24446.06,9007.470000000001,0.5834386430367022,58.34386430367022,0.0,0.0,48.65798147857479,51.3420185214252,0.0,0.0,50.96956707501623,49.03043292498378,1,2,1,0,0,1,0,2,0.752415657043457,0.7577996847289992,0.5533291101455688,0.9515022039413452,125.22730788185746,192942.9490390625,210.0,cea,MULTI_RES,NONE,NONE,
Baixa_Alfama,B1525,matched,28.76,55.14,7774.15,10265.82,2491.67,0.32050706508106996,32.050706508107,0.0,0.0,100.0,0.0,0.0,0.0,100.0,0.0,1,1,1,0,0,0,0,1,0.838923454284668,0.838923454284668,0.838923454284668,0.838923454284668,53.89275418821021,118973.007875,89.0,cea,MULTI_RES,NONE,NONE,
Baixa_Alfama,B1526,matched,16.14,36.5,3386.4,7148.73,3762.3299999999995,1.1110116938341599,111.10116938341599,24.84931506849315,0.0,23.205479452054796,51.94520547945206,25.695274635016542,0.0,19.345100801494258,54.95962456348919,1,3,1,0,1,1,0,3,0.798570473988851,0.7384406862843718,0.5856994390487671,0.9483126997947693,35.563402241002244,62685.59615625,59.0,cea,MULTI_RES,NONE,NONE,
Baixa_Alfama,B1527,matched,45.51,87.86,12363.4,24217.81,11854.410000000002,0.958830904120226,95.8830904120226,100.0,0.0,0.0,0.0,100.0,0.0,0.0,0.0,1,1,0,0,1,0,0,1,0.9990715980529785,0.9990715980529785,0.9990715980529785,0.9990715980529785,86.12548570203778,198251.52540625,145.0,cea,MULTI_RES,NONE,NONE,
Baixa_Alfama,B1528,matched,19.99,38.49,4567.73,7438.91,2871.1800000000003,0.6285791848467401,62.857918484674016,0.0,0.0,0.0,100.0,0.0,0.0,0.0,100.0,1,2,0,1,0,1,0,2,0.9530561864376068,0.9533327761426483,0.94765704870224,0.9584553241729736,37.46604971336306,71878.55325,62.0,cea,MULTI_RES,NONE,NONE,
Baixa_Alfama,B1529,matched,26.08,49.34,5804.22,9415.25,3611.0299999999997,0.6221387197590718,62.213871975907175,48.61139266166632,0.0,51.38860733833367,0.0,55.35896260564841,0.0,44.6410373943516,0.0,1,2,1,0,1,0,0,2,0.9053579270839691,0.9075576029066128,0.8257297277450562,0.9849861264228821,48.87657204004927,93964.13575,81.0,cea,MULTI_RES,NONE,NONE,
Baixa_Alfama,B1530,matched,20.0,38.55,4162.0,7396.38,3234.38,0.7771215761653052,77.71215761653052,48.884276076803324,0.0,51.115723923196676,0.0,56.8325670384534,0.0,43.167432961546595,0.0,1,2,1,0,1,0,0,2,0.9490741193294525,0.9495679081790204,0.9271295666694641,0.9710186719894409,37.532686371487536,76702.1459375,61.0,cea,MULTI_RES,NONE,NONE,
Baixa_Alfama,B1531,matched,49.65,97.75,13547.97,20617.13,7069.160000000002,0.5217873969310532,52.17873969310533,0.0,100.0,0.0,0.0,0.0,100.0,0.0,0.0,1,2,0,1,0,1,0,2,0.9043615460395813,0.9049009961069074,0.8365247845649719,0.9721983075141907,93.05605625629207,221451.99925,151.0,cea,MULTI_RES,NONE,NONE,
Baixa_Alfama,B1532,matched,29.39,57.04,7933.63,14439.67,6506.04,0.820058409580482,82.00584095804821,0.0,100.0,0.0,0.0,0.0,100.0,0.0,0.0,1,1,0,0,1,0,0,1,0.8631041049957275,0.8631041049957275,0.8631041049957275,0.8631041049957275,55.07637939831723,93423.2547890625,92.0,cea,MULTI_RES,NONE,NONE,
Baixa_Alfama,B1533,matched,150.08,296.35,40814.09,74147.68,33333.59,0.8167177070467576,81.67177070467577,0.0,0.0,0.0,100.0,0.0,0.0,0.0,100.0,1,2,0,1,0,1,0,2,0.8648175299167633,0.8646132515357536,0.8636598587036133,0.8659752011299133,284.69917068268285,497310.4930625,468.0,cea,MULTI_RES,NONE,NONE,
Baixa_Alfama,B1534,matched,112.59,215.88,30657.09,50580.13,19923.039999999997,0.6498672900787387,64.98672900787386,53.56431516049841,0.0,46.435684839501604,0.0,57.73652788682367,0.0,42.263472113176334,0.0,1,2,1,0,1,0,0,2,0.8590250611305237,0.8687668371882215,0.7223604321479797,0.9956896901130676,211.01518726280142,344831.879859375,348.0,cea,MULTI_RES,NONE,NONE,
Baixa_Alfama,B1535,matched,75.03,75.03,19696.0,19325.0,-371.0,-0.018836311941510968,-1.8836311941510968,100.0,0.0,0.0,0.0,100.0,0.0,0.0,0.0,0,0,0,0,0,0,0,0,,,,,137.19832321721535,313784.6781875,228.0,cea,MULTI_RES,NONE,NONE,
Baixa_Alfama,B1536,matched,122.94,247.18,33480.17,49023.91,15543.740000000005,0.46426705718638844,46.42670571863884,0.0,50.94263289910186,26.571729104296466,22.485637996601668,0.0,48.444948206570984,25.54748787907694,26.00756391435205,1,3,1,1,0,1,0,3,0.8339134256045023,0.8477926104700885,0.7617425322532654,0.8769734501838684,245.69577500992006,449247.398265625,405.0,cea,MULTI_RES,NONE,NONE,
Baixa_Alfama,B1537,matched,47.07,94.5,12539.95,19218.31,6678.360000000001,0.5325667167731929,53.25667167731929,42.75738017141043,0.0,57.24261982858956,0.0,48.672328678497806,0.0,51.327671321502166,0.0,1,2,1,0,1,0,0,2,0.703346848487854,0.729118735002061,0.5256074666976929,0.8810862302780151,91.88418207733804,212989.23521875,151.0,cea,MULTI_RES,NONE,NONE,
Baixa_Alfama,B1538,matched,26.77,52.06,7173.38,13147.41,5974.03,0.832805455726589,83.28054557265891,57.83711102573954,0.0,0.0,42.162888974260476,62.2976283738632,0.0,0.0,37.7023716261368,1,2,0,0,1,1,0,2,0.45718614757061005,0.4482989599770775,0.4005434811115265,0.5138288140296936,50.16883902842197,85226.1896640625,83.0,cea,MULTI_RES,NONE,NONE,
Baixa_Alfama,B1539,matched,34.97,60.75,9570.55,11524.01,1953.460000000001,0.20411157143528857,20.411157143528857,0.0,28.76667215544212,49.15198419232669,22.081343652231187,0.0,31.627080091246317,45.40175017453116,22.97116973422252,1,3,1,1,0,1,0,3,0.7539417545000712,0.6412963238915567,0.41055768728256226,0.9975088834762573,67.06405784251548,118397.9769921875,107.0,cea,MULTI_RES,NONE,NONE,
Baixa_Alfama,B1540,matched,20.17,39.1,4630.63,7072.82,2442.1899999999996,0.5273990796068785,52.73990796068785,0.0,42.429667519181585,57.57033248081842,0.0,0.0,44.20646248318169,55.79353751681831,0.0,1,3,1,1,0,1,0,3,0.7333601613839468,0.6255161852906682,0.440181702375412,0.9008364677429199,38.44171224989087,65560.3241875,63.0,cea,MULTI_RES,NONE,NONE,
Baixa_Alfama,B1541,matched,29.48,65.52,4859.03,13591.5,8732.470000000001,1.797163219819594,179.7163219819594,100.0,0.0,0.0,0.0,100.0,0.0,0.0,0.0,1,1,0,0,1,0,0,1,0.48511216044425964,0.48511216044425964,0.48511216044425964,0.48511216044425964,62.50484454557701,126076.888703125,104.0,cea,MULTI_RES,NONE,NONE,
Baixa_Alfama,B1542,matched,105.32,191.25,25788.66,40721.76,14933.100000000002,0.5790568412627877,57.905684126278764,0.0,0.0,0.0,100.0,0.0,0.0,0.0,100.0,1,2,1,0,1,0,0,2,0.5890971571207047,0.5964477636106337,0.4699007570743561,0.7082935571670532,188.58087848610688,485193.4590625,315.0,cea,MULTI_RES,NONE,NONE,
Baixa_Alfama,B1543,matched,50.1,94.86,11734.85,19661.3,7926.449999999999,0.6754624047175719,67.54624047175719,0.0,100.0,0.0,0.0,0.0,100.0,0.0,0.0,1,2,0,1,0,1,0,2,0.9338903725147247,0.9479459983128775,0.8748648762702942,0.9929158687591553,93.8916510736266,226426.6260625,155.0,cea,MULTI_RES,NONE,NONE,
Baixa_Alfama,B1544,matched,79.8,104.02,20532.51,19171.92,-1360.5900000000001,-0.06626515706068085,-6.626515706068085,19.851951547779272,0.0,80.14804845222073,0.0,21.451112770609328,0.0,78.54888722939069,0.0,1,3,1,0,1,0,1,3,0.5500953694184622,0.4911510877531741,0.4142381250858307,0.6510152816772461,143.3414503649567,363137.69667968753,236.0,cea,MULTI_RES,NONE,NONE,
Baixa_Alfama,B1545,matched,45.1,77.92,10144.91,15482.32,5337.41,0.5261170380023086,52.611703800230856,17.494544987806446,0.0,0.0,82.50545501219358,22.625027431822993,0.0,0.0,77.374972568177,1,2,0,0,1,1,0,2,0.8162701725959778,0.7643217257554623,0.7363740801811218,0.8961662650108337,88.4712542325878,196852.1798125,145.0,cea,MULTI_RES,NONE,NONE,
Baixa_Alfama,B1546,matched,108.44,210.08,24697.3,41499.47,16802.170000000002,0.6803241649896953,68.03241649896952,31.370495549102678,50.71642785738087,17.913076593516447,0.0,36.96002618858766,47.523203730270744,15.516770081141601,0.0,1,3,1,0,1,1,0,3,0.725394090016683,0.724269856952728,0.5777574181556702,0.9750404953956604,208.077511682824,462543.62790625,342.0,cea,MULTI_RES,NONE,NONE,
Baixa_Alfama,B1547,matched,62.63,120.17,17143.42,28490.92,11347.5,0.6619157670989804,66.19157670989804,51.33155792276965,0.0,48.66844207723035,0.0,54.71123316928782,0.0,45.288766830712184,0.0,1,2,1,0,1,0,0,2,0.9415755569934845,0.9421229065847297,0.9209052920341492,0.9622458219528198,118.44437612279326,279419.36328125,197.0,cea,MULTI_RES,NONE,NONE,
Baixa_Alfama,B1548,matched,80.24,152.09,20826.12,41632.81,20806.69,0.9990670369708807,99.90670369708808,100.0,0.0,0.0,0.0,100.0,0.0,0.0,0.0,1,1,0,0,1,0,0,1,0.5464960932731628,0.5464960932731628,0.5464960932731628,0.5464960932731628,149.33816776313336,248845.49692187502,245.0,cea,MULTI_RES,NONE,NONE,
Baixa_Alfama,B1549,matched,63.54,63.54,16270.89,15954.06,-316.8299999999999,-0.019472198509116585,-1.9472198509116585,100.0,0.0,0.0,0.0,100.0,0.0,0.0,0.0,0,0,0,0,0,0,0,0,,,,,120.05147233929884,217270.205953125,196.0,cea,MULTI_RES,NONE,NONE,
Baixa_Alfama,B1551,matched,146.34,278.51,39398.17,54076.82,14678.650000000001,0.3725718732621338,37.25718732621338,0.0,0.0,100.0,0.0,0.0,0.0,100.0,0.0,1,1,1,0,0,0,0,1,0.6277682781219482,0.6277682781219482,0.6277682781219482,0.6277682781219482,274.0628662091875,590356.6149375,451.0,cea,MULTI_RES,NONE,NONE,
Baixa_Alfama,B1552,matched,55.86,106.89,13966.92,20177.11,6210.1900000000005,0.44463561042806865,44.463561042806866,0.0,0.0,48.99906454630496,51.00093545369504,0.0,0.0,49.591939464025536,50.408060535974485,1,2,1,0,0,1,0,2,0.6876293122768402,0.6894780680707684,0.536623477935791,0.8386351466178894,108.61460649869834,256116.055125,179.0,cea,MULTI_RES,NONE,NONE,
Baixa_Alfama,B1553,matched,73.64,109.85,19616.63,23295.71,3679.079999999998,0.18754903365154962,18.754903365154963,0.0,0.0,50.10922992900054,49.89077007099945,0.0,0.0,45.796843685232616,54.203156314767355,1,3,1,1,0,1,0,3,0.7405946950117747,0.8419255220255875,0.4936685860157013,0.9515851736068726,128.08956988418572,277859.07634375,209.0,cea,MULTI_RES,NONE,NONE,
Baixa_Alfama,B1554,matched,236.16,234.63,57506.85,56043.65,-1463.199999999997,-0.025443925375846478,-2.5443925375846477,100.0,0.0,0.0,0.0,100.0,0.0,0.0,0.0,0,0,0,0,0,0,0,0,,,,,463.29550716184923,948412.0829843751,767.0,cea,MULTI_RES,NONE,NONE,
Baixa_Alfama,B1555,matched,35.63,35.63,8773.95,8131.57,-642.380000000001,-0.07321445871015916,-7.321445871015916,100.0,0.0,0.0,0.0,100.0,0.0,0.0,0.0,0,0,0,0,0,0,0,0,,,,,64.98042132383763,135938.4285625,105.0,cea,MULTI_RES,NONE,NONE,
Baixa_Alfama,B1556,matched,56.34,109.13,14946.36,29190.88,14244.52,0.9530427475318405,95.30427475318405,100.0,0.0,0.0,0.0,100.0,0.0,0.0,0.0,1,1,0,0,1,0,0,1,0.520081102848053,0.520081102848053,0.520081102848053,0.520081102848053,105.58632111759823,261923.543,173.0,cea,MULTI_RES,NONE,NONE,
Baixa_Alfama,B1557,matched,42.08,77.91,11262.13,15866.32,4604.1900000000005,0.40882053394872914,40.88205339487291,0.0,0.0,52.824133504492934,47.17586649550706,0.0,0.0,50.25302017856287,49.74697982143713,1,3,1,1,0,1,0,3,0.757308562596639,0.7261955178233214,0.6424670219421387,0.9665535688400269,76.01472955234337,135880.71346875,125.0,cea,MULTI_RES,NONE,NONE,
Baixa_Alfama,B1558,matched,30.25,30.25,7549.15,7259.63,-289.5199999999995,-0.038351337567805587,-3.8351337567805586,100.0,0.0,0.0,0.0,100.0,0.0,0.0,0.0,0,0,0,0,0,0,0,0,,,,,56.865677045015254,126099.83428125,94.0,cea,MULTI_RES,NONE,NONE,
Baixa_Alfama,B1559,matched,89.15,160.07,18032.21,29946.77,11914.560000000001,0.6607376466888973,66.07376466888974,49.490911362358666,0.0,50.509088637641305,0.0,52.531531354449555,0.0,47.46846864555043,0.0,1,2,1,0,1,0,0,2,0.9794400036334991,0.9783769260451619,0.9673595428466797,0.9915204644203186,174.2575142700019,324886.9495,285.0,cea,MULTI_RES,NONE,NONE,
Baixa_Alfama,B1560,matched,46.28,45.87,12661.67,12554.37,-107.29999999999927,-0.00847439555761596,-0.8474395557615959,100.0,0.0,0.0,0.0,100.0,0.0,0.0,0.0,1,1,0,0,0,0,1,1,0.381878525018692,0.38187852501869196,0.381878525018692,0.381878525018692,85.97677431098106,205025.516875,142.0,cea,MULTI_RES,NONE,NONE,
Baixa_Alfama,B1561,matched,46.68,98.12,12709.63,25395.75,12686.12,0.9981502215249383,99.81502215249382,58.703628210354665,0.0,41.29637178964533,0.0,63.65365247188023,0.0,36.34634752811981,0.0,1,2,1,0,1,0,0,2,0.9890789687633514,0.9908463034707806,0.9789270758628845,0.9992308616638184,95.53738731400384,177692.73653125,158.0,cea,MULTI_RES,NONE,NONE,
Baixa_Alfama,B1562,matched,27.9,27.9,4434.88,4325.41,-109.47000000000025,-0.0246838696875677,-2.46838696875677,100.0,0.0,0.0,0.0,100.0,0.0,0.0,0.0,0,0,0,0,0,0,0,0,,,,,55.59272942857187,133391.5455,92.0,cea,MULTI_RES,NONE,NONE,
Baixa_Alfama,B1563,matched,20.45,38.82,5585.39,9558.02,3972.63,0.7112538247105394,71.12538247105394,50.24478227261015,0.0,0.0,49.75521772738985,52.93957616756546,0.0,0.0,47.06042383243453,1,2,0,0,1,1,0,2,0.5195820480585098,0.5200719514370444,0.4179382026195526,0.621225893497467,38.32408804722096,46742.24859375,62.0,cea,MULTI_RES,NONE,NONE,
Baixa_Alfama,B1564,matched,29.19,29.19,6574.55,6554.07,-20.480000000000473,-0.003115042094135792,-0.3115042094135792,100.0,0.0,0.0,0.0,100.0,0.0,0.0,0.0,0,0,0,0,0,0,0,0,,,,,54.9544935085617,137981.48287500002,88.0,cea,MULTI_RES,NONE,NONE,
Baixa_Alfama,B1565,matched,54.27,111.55,14049.43,25819.76,11770.329999999998,0.837779895696836,83.7779895696836,0.0,0.0,49.170775437023764,50.82922456297625,0.0,0.0,45.43543901238707,54.56456098761291,1,2,1,0,1,0,0,2,0.5937931388616562,0.5967329466216807,0.4160716235637665,0.7715146541595459,108.68899547516105,226196.45925,176.0,cea,MULTI_RES,NONE,NONE,
Baixa_Alfama,B1566,matched,38.17,78.51,10350.53,21336.2,10985.67,1.0613630413128603,106.13630413128602,82.59872611464968,17.40127388535032,0.0,0.0,84.72319933753177,15.276800662468224,0.0,0.0,1,3,0,1,1,1,0,3,0.7014559110005697,0.7611498802277141,0.5682799816131592,0.8936649560928345,74.89945831924994,156449.6521875,122.0,cea,MULTI_RES,NONE,NONE,
Baixa_Alfama,B1567,matched,31.8,31.8,8391.05,8297.75,-93.29999999999927,-0.01111898987611792,-1.111898987611792,100.0,0.0,0.0,0.0,100.0,0.0,0.0,0.0,0,0,0,0,0,0,0,0,,,,,59.39018195228636,81722.4391875,96.0,cea,MULTI_RES,NONE,NONE,
Baixa_Alfama,B1568,matched,29.58,29.45,6086.18,5460.26,-625.9200000000001,-0.10284283409297787,-10.284283409297787,100.0,0.0,0.0,0.0,100.0,0.0,0.0,0.0,0,0,0,0,0,0,0,0,,,,,55.93559062580529,131491.3189375,95.0,cea,MULTI_RES,NONE,NONE,
Baixa_Alfama,B1569,matched,21.67,41.72,4656.43,7172.61,2516.1799999999994,0.5403667616607571,54.036676166075715,0.0,100.0,0.0,0.0,0.0,100.0,0.0,0.0,1,2,0,1,0,1,0,2,0.7474715709686279,0.7623082967914985,0.5367769598960876,0.9581661820411682,40.76194604949048,87418.879,70.0,cea,MULTI_RES,NONE,NONE,
Baixa_Alfama,B1570,matched,84.08,169.4,20184.43,28579.5,8395.07,0.41591811113813965,41.59181111381397,0.0,0.0,53.902007083825275,46.09799291617473,0.0,0.0,54.52163184611618,45.478368153883835,1,2,1,0,0,1,0,2,0.7647615373134613,0.7781582861370407,0.5929164886474609,0.9366065859794617,166.03163436628458,335167.77459375,273.0,cea,MULTI_RES,NONE,NONE,
Baixa_Alfama,B1571,matched,35.72,76.1,9388.53,16450.33,7061.800000000001,0.7521731304048664,75.21731304048664,45.860709592641264,0.0,54.13929040735873,0.0,48.02244695648076,0.0,51.97755304351923,0.0,1,2,1,0,1,0,0,2,0.9251906871795654,0.9268596129271329,0.9050374031066895,0.9453439712524414,74.85938217371127,86355.7175703125,122.0,cea,MULTI_RES,NONE,NONE,
Baixa_Alfama,B1573,matched,65.45,125.12,16603.96,27476.09,10872.130000000001,0.6547913871148812,65.47913871148812,49.140893470790374,0.0,50.85910652920962,0.0,53.08498310738254,0.0,46.915016892617444,0.0,1,2,1,0,1,0,0,2,0.9022232890129089,0.9032232700930934,0.8438437581062317,0.9606028199195862,122.67100166740136,212925.50528125,202.0,cea,MULTI_RES,NONE,NONE,
Baixa_Alfama,B1574,matched,17.82,17.82,3776.19,3750.68,-25.51000000000022,-0.0067554863499983365,-0.6755486349998336,100.0,0.0,0.0,0.0,100.0,0.0,0.0,0.0,0,0,0,0,0,0,0,0,,,,,52.41767349917197,128832.4393125,88.0,cea,MULTI_RES,NONE,NONE,
Baixa_Alfama,B1575,matched,46.76,46.76,12594.01,12507.68,-86.32999999999993,-0.006854846073649293,-0.6854846073649292,100.0,0.0,0.0,0.0,100.0,0.0,0.0,0.0,0,0,0,0,0,0,0,0,,,,,87.63473779969118,224132.402875,145.0,cea,MULTI_RES,NONE,NONE,
Baixa_Alfama,B1576,matched,14.13,29.6,2384.4,3640.54,1256.1399999999999,0.5268159704747525,52.68159704747525,0.0,100.0,0.0,0.0,0.0,100.0,0.0,0.0,1,1,0,1,0,0,0,1,0.9173495769500732,0.9173495769500732,0.9173495769500732,0.9173495769500732,29.153356431491257,62817.655875000004,49.0,cea,MULTI_RES,NONE,NONE,
Baixa_Alfama,B1577,matched,63.87,63.87,11109.32,10947.18,-162.13999999999942,-0.014594952706376216,-1.4594952706376216,100.0,0.0,0.0,0.0,100.0,0.0,0.0,0.0,0,0,0,0,0,0,0,0,,,,,141.23907611053724,281683.5696875,230.0,cea,MULTI_RES,NONE,NONE,
Baixa_Alfama,B1578,matched,53.0,53.0,14485.37,14455.88,-29.4900000000016,-0.0020358472030746607,-0.20358472030746608,100.0,0.0,0.0,0.0,100.0,0.0,0.0,0.0,0,0,0,0,0,0,0,0,,,,,99.32387540193609,128890.08934375,167.0,cea,MULTI_RES,NONE,NONE,
Baixa_Alfama,B1579,matched,44.56,81.79,11241.18,20250.73,9009.55,0.8014772470505764,80.14772470505764,100.0,0.0,0.0,0.0,100.0,0.0,0.0,0.0,1,1,0,0,1,0,0,1,0.7738712430000305,0.7738712430000305,0.7738712430000305,0.7738712430000305,79.30467143559002,142598.826234375,133.0,cea,MULTI_RES,NONE,NONE,
Baixa_Alfama,B1580,matched,44.29,81.88,11961.73,15636.95,3675.220000000001,0.3072481990481311,30.72481990481311,0.0,0.0,100.0,0.0,0.0,0.0,100.0,0.0,1,1,0,0,0,1,0,1,0.6490648984909058,0.6490648984909058,0.6490648984909058,0.6490648984909058,79.69006173494502,180227.447125,132.0,cea,MULTI_RES,NONE,NONE,
Baixa_Alfama,B1581,matched,14.47,30.61,3299.08,6737.46,3438.38,1.0422238927216072,104.22238927216073,100.0,0.0,0.0,0.0,100.0,0.0,0.0,0.0,1,1,0,0,1,0,0,1,0.7744706273078918,0.7744706273078918,0.7744706273078918,0.7744706273078918,29.632953137854496,41333.70825,50.0,cea,SINGLE_RES,NONE,NONE,
Baixa_Alfama,B1582,matched,32.26,73.44,6713.13,10855.6,4142.47,0.6170698318072196,61.70698318072196,23.638344226579523,0.0,76.36165577342047,0.0,27.051401512698764,0.0,72.94859848730123,0.0,1,2,0,1,0,1,0,2,0.9933558404445648,0.9933822530218072,0.9932792782783508,0.9934324026107788,91.56369903139279,194848.0450625,151.0,cea,MULTI_RES,NONE,NONE,
Baixa_Alfama,B1583,matched,28.64,28.64,4617.44,4506.84,-110.59999999999945,-0.023952666412557493,-2.3952666412557493,100.0,0.0,0.0,0.0,100.0,0.0,0.0,0.0,0,0,0,0,0,0,0,0,,,,,78.26309970091917,116711.55390625,129.0,cea,MULTI_RES,NONE,NONE,
Baixa_Alfama,B1584,matched,45.02,87.02,12111.35,22157.54,10046.19,0.8294855651929801,82.94855651929801,0.0,100.0,0.0,0.0,0.0,100.0,0.0,0.0,1,1,0,0,1,0,0,1,0.8985978960990906,0.8985978960990906,0.8985978960990906,0.8985978960990906,84.36886474124384,220221.1461875,140.0,cea,MULTI_RES,NONE,NONE,
Baixa_Alfama,B1585,matched,26.4,34.78,4233.75,4327.41,93.65999999999985,0.022122232063773218,2.2122232063773217,0.0,0.0,100.0,0.0,0.0,0.0,100.0,0.0,1,3,1,1,0,1,0,3,0.6613076329231262,0.6075866342006495,0.46670758724212646,0.9735952615737915,49.481562835585535,106671.101,83.0,cea,MULTI_RES,NONE,NONE,
Baixa_Alfama,B1586,matched,45.1,78.95,10586.66,14894.93,4308.27,0.40695271218684653,40.69527121868465,46.37791286727457,0.0,53.622087132725426,0.0,47.76029644559278,0.0,52.239703554407235,0.0,1,2,1,0,1,0,0,2,0.8873632252216339,0.8908048995087479,0.8413700461387634,0.9333564043045044,90.14460501933827,205246.683375,147.0,cea,MULTI_RES,NONE,NONE,
Baixa_Alfama,B1587,matched,45.23,82.88,11455.16,19622.76,8167.5999999999985,0.713006191096414,71.3006191096414,0.0,0.0,0.0,100.0,0.0,0.0,0.0,100.0,1,2,0,1,0,1,0,2,0.6592822670936584,0.6774751571272462,0.5368140935897827,0.7817504405975342,80.37104169089253,82995.6569375,133.0,cea,MULTI_RES,NONE,NONE,
Baixa_Alfama,B1588,matched,13.45,13.45,3546.7,3469.01,-77.6899999999996,-0.021904869315137902,-2.19048693151379,100.0,0.0,0.0,0.0,100.0,0.0,0.0,0.0,0,0,0,0,0,0,0,0,,,,,25.209225244997384,66454.7105625,42.0,cea,MULTI_RES,NONE,NONE,
Baixa_Alfama,B1589,matched,75.08,75.08,19589.01,18113.26,-1475.75,-0.07533560909918369,-7.533560909918369,100.0,0.0,0.0,0.0,100.0,0.0,0.0,0.0,0,0,0,0,0,0,0,0,,,,,137.23713655460028,320962.7364140625,227.0,cea,MULTI_RES,NONE,NONE,
Baixa_Alfama,B1590,matched,13.49,22.94,2781.02,3074.64,293.6199999999999,0.10557996706244467,10.557996706244467,0.0,100.0,0.0,0.0,0.0,100.0,0.0,0.0,1,2,0,1,0,1,0,2,0.7808723449707031,0.7782862475880652,0.7503960728645325,0.8113486170768738,26.663202923848573,62876.2765625,43.0,cea,MULTI_RES,NONE,NONE,
Baixa_Alfama,B1591,matched,67.33,128.35,16918.88,32888.38,15969.499999999996,0.9438863565436952,94.38863565436952,0.0,0.0,0.0,100.0,0.0,0.0,0.0,100.0,1,1,0,1,0,0,0,1,0.9333391785621643,0.9333391785621643,0.9333391785621643,0.9333391785621643,126.18777404133942,200656.914359375,209.0,cea,MULTI_RES,NONE,NONE,
Baixa_Alfama,B1592,matched,17.8,17.8,4670.17,4659.55,-10.61999999999989,-0.002274007156056394,-0.2274007156056394,100.0,0.0,0.0,0.0,100.0,0.0,0.0,0.0,0,0,0,0,0,0,0,0,,,,,33.36430154423103,82157.1736875,55.0,cea,MULTI_RES,NONE,NONE,
Baixa_Alfama,B1593,matched,14.73,14.73,3895.59,3881.47,-14.120000000000346,-0.0036246114195796647,-0.36246114195796647,100.0,0.0,0.0,0.0,100.0,0.0,0.0,0.0,0,0,0,0,0,0,0,0,,,,,27.597954695387923,38965.035093750004,44.0,cea,MULTI_RES,NONE,NONE,
Baixa_Alfama,B1594,matched,22.88,47.89,4127.38,6817.86,2690.4799999999996,0.6518614714419315,65.18614714419316,0.0,0.0,52.92397660818713,47.07602339181286,0.0,0.0,51.114883986533464,48.885116013466536,1,3,1,1,0,1,0,3,0.6613076329231262,0.5968941277713493,0.46670758724212646,0.9735952615737915,49.39380289910714,124114.35631250001,84.0,cea,MULTI_RES,NONE,NONE,
Baixa_Alfama,B1595,matched,26.2,26.2,5675.94,5527.76,-148.17999999999938,-0.02610668893610563,-2.610668893610563,100.0,0.0,0.0,0.0,100.0,0.0,0.0,0.0,0,0,0,0,0,0,0,0,,,,,52.468627854932485,107405.09025000001,87.0,cea,MULTI_RES,NONE,NONE,
Baixa_Alfama,B1596,matched,21.58,21.58,3745.09,3456.27,-288.82000000000016,-0.07711964198457184,-7.711964198457184,100.0,0.0,0.0,0.0,100.0,0.0,0.0,0.0,0,0,0,0,0,0,0,0,,,,,40.44643245703705,83653.9270625,67.0,cea,MULTI_RES,NONE,NONE,
Baixa_Alfama,B1598,matched,73.36,73.36,18791.09,18538.27,-252.8199999999997,-0.01345424879557278,-1.345424879557278,100.0,0.0,0.0,0.0,100.0,0.0,0.0,0.0,0,0,0,0,0,0,0,0,,,,,132.39349917407327,352993.52475,217.0,cea,MULTI_RES,NONE,NONE,
Baixa_Alfama,B1599,matched,30.53,63.92,6741.44,10940.92,4199.4800000000005,0.6229351592538094,62.29351592538094,49.92177722152691,0.0,50.07822277847309,0.0,50.91158640153339,0.0,49.088413598466616,0.0,1,2,1,0,1,0,0,2,0.8873632252216339,0.8873019161729127,0.8413700461387634,0.9333564043045044,61.95452524027095,131371.55875,101.0,cea,MULTI_RES,NONE,NONE,
Baixa_Alfama,B1600,matched,27.83,27.83,7409.3,7406.75,-2.550000000000182,-0.0003441620665920103,-0.03441620665920103,100.0,0.0,0.0,0.0,100.0,0.0,0.0,0.0,0,0,0,0,0,0,0,0,,,,,58.87748309764374,156202.9488125,97.0,cea,MULTI_RES,NONE,NONE,
Baixa_Alfama,B1602,matched,115.47,203.62,23594.38,38833.85,15239.469999999998,0.6458940646035198,64.58940646035198,55.78037520872214,0.0,44.21962479127789,0.0,60.713828799591404,0.0,39.28617120040857,0.0,1,2,1,0,1,0,0,2,0.9530879557132721,0.9517196891557829,0.9075435400009155,0.9986323714256287,216.2982746209668,501912.0352734375,355.0,cea,MULTI_RES,NONE,NONE,
Baixa_Alfama,B1603,matched,178.0,350.41,48774.03,77311.78,28537.75,0.5851013336400539,58.51013336400539,0.0,100.0,0.0,0.0,0.0,100.0,0.0,0.0,1,2,0,1,0,1,0,2,0.9981701076030731,0.9981966651983574,0.9974959492683411,0.9988442659378052,341.900603511917,790633.3016875,564.0,cea,MULTI_RES,NONE,NONE,
Baixa_Alfama,B1604,matched,48.87,48.87,12861.81,12858.9,-2.9099999999998545,-0.00022625120414621695,-0.022625120414621697,100.0,0.0,0.0,0.0,100.0,0.0,0.0,0.0,0,0,0,0,0,0,0,0,,,,,95.57621166237327,247110.7465,158.0,cea,MULTI_RES,NONE,NONE,
Baixa_Alfama,B1605,matched,13.65,13.65,2818.27,2854.05,35.7800000000002,0.012695731778715382,1.2695731778715382,100.0,0.0,0.0,0.0,100.0,0.0,0.0,0.0,0,0,0,0,0,0,0,0,,,,,35.160516118500325,83007.64025,58.0,cea,MULTI_RES,NONE,NONE,
Baixa_Alfama,B1606,matched,86.85,195.06,18768.03,35255.32,16487.29,0.8784773894756137,87.84773894756137,0.0,41.18310436743899,58.816895632560986,0.0,0.0,42.47707436341857,57.52292563658145,0.0,1,3,1,1,0,1,0,3,0.7886229952176412,0.8341423836347182,0.584942102432251,0.9492658376693726,203.62461708199015,361508.47353125,334.0,cea,MULTI_RES,NONE,NONE,
Baixa_Alfama,B1607,matched,105.32,230.34,23964.43,45082.96,21118.53,0.8812448282725689,88.12448282725688,56.11079755133939,0.0,43.88920244866062,0.0,58.62038145628772,0.0,41.379618543712276,0.0,1,2,1,0,1,0,0,2,0.9813694953918457,0.9797427700614497,0.9680561423301697,0.9946828484535217,226.44491409531972,555389.68553125,374.0,cea,MULTI_RES,NONE,NONE,
Baixa_Alfama,B1608,matched,83.7,83.7,19261.63,18873.88,-387.75,-0.020130695065786228,-2.013069506578623,100.0,0.0,0.0,0.0,100.0,0.0,0.0,0.0,0,0,0,0,0,0,0,0,,,,,151.6725565368215,371746.5260625,244.0,cea,MULTI_RES,NONE,NONE,
Baixa_Alfama,B1618,matched,83.13,181.11,22408.79,43907.21,21498.42,0.9593744240541322,95.93744240541322,49.00878016455907,0.0,50.99121983544096,0.0,53.55612788048462,0.0,46.443872119515376,0.0,1,2,1,0,1,0,0,2,0.9366905987262726,0.9361455293526909,0.9092097282409668,0.9641714692115784,178.30972444055027,328295.420125,293.0,cea,MULTI_RES,NONE,NONE,
Baixa_Alfama,B1621,matched,31.25,59.72,8105.93,14644.97,6539.039999999999,0.8066983060549497,80.66983060549498,0.0,0.0,0.0,100.0,0.0,0.0,0.0,100.0,1,2,1,0,1,0,0,2,0.7097522020339966,0.6868699704268594,0.5739172697067261,0.8455871343612671,58.572286516532486,87762.8576875,96.0,cea,MULTI_RES,NONE,NONE,
Baixa_Alfama,B1623,matched,26.37,57.09,7155.26,14201.91,7046.65,0.9848209568904553,98.48209568904554,52.285864424592745,0.0,47.71413557540725,0.0,57.898419612610006,0.0,42.101580387389994,0.0,1,2,1,0,1,0,0,2,0.7809074223041534,0.7888674423010097,0.6061722040176392,0.9556426405906677,55.66561164093447,80953.1739375,90.0,cea,MULTI_RES,NONE,NONE,
Baixa_Alfama,B1624,matched,31.73,61.85,8255.33,15455.9,7200.57,0.8722328483537303,87.22328483537302,76.8148746968472,0.0,0.0,23.185125303152788,78.54629438078717,0.0,0.0,21.45370561921281,1,3,0,1,1,1,0,3,0.8253330985705057,0.7399870419206691,0.5409305691719055,0.9938511848449707,59.55844224801583,106504.785046875,99.0,cea,MULTI_RES,NONE,NONE,
Baixa_Alfama,B1625,matched,42.19,80.26,11498.13,17569.49,6071.360000000002,0.5280302101298213,52.80302101298213,39.99003363647689,0.0,60.00996636352309,0.0,44.117184374679425,0.0,55.88281562532058,0.0,1,2,1,0,1,0,0,2,0.7547629773616791,0.792996817717625,0.5637343525886536,0.9457916021347046,78.40181924901074,161137.523125,131.0,cea,MULTI_RES,NONE,NONE,
Baixa_Alfama,B1626,matched,14.62,55.31,3017.94,13131.34,10113.4,3.3510937924544555,335.10937924544555,62.16998191681735,0.0,37.83001808318264,0.0,68.92399460506603,0.0,31.076005394933976,0.0,1,2,1,0,1,0,0,2,0.7547629773616791,0.7185400351476346,0.5637343525886536,0.9457916021347046,56.63075359292061,142842.907625,94.0,cea,MULTI_RES,NONE,NONE,
Baixa_Alfama,B1627,matched,23.2,23.2,4329.62,3577.69,-751.9299999999998,-0.17367113049182142,-17.36711304918214,100.0,0.0,0.0,0.0,100.0,0.0,0.0,0.0,0,0,0,0,0,0,0,0,,,,,54.530030788799344,80844.246734375,90.0,cea,MULTI_RES,NONE,NONE,
Baixa_Alfama,B1628,matched,32.61,64.33,8905.9,13764.0,4858.1,0.545492314083922,54.549231408392195,0.0,100.0,0.0,0.0,0.0,100.0,0.0,0.0,1,2,0,1,0,1,0,2,0.7668423354625702,0.8058745416554812,0.5818319916725159,0.9518526792526245,62.58132985972164,151269.400375,103.0,cea,MULTI_RES,NONE,NONE,
Baixa_Alfama,B1629,matched,14.85,38.77,3272.41,6076.6,2804.1900000000005,0.856918906860693,85.6918906860693,0.0,0.0,83.59556358008771,16.404436419912305,0.0,0.0,82.49200141498264,17.50799858501737,1,2,1,0,0,1,0,2,0.691008448600769,0.6962643445235781,0.6725252866744995,0.7094916105270386,48.88538598410423,86634.474078125,80.0,cea,MULTI_RES,NONE,NONE,
Baixa_Alfama,B1630,matched,63.27,111.52,16848.67,22782.89,5934.220000000001,0.3522070288040541,35.220702880405405,0.0,100.0,0.0,0.0,0.0,100.0,0.0,0.0,1,2,0,1,0,1,0,2,0.7017624527215958,0.7141167756093563,0.4410668909549713,0.9624580144882202,118.13747492254643,297281.4135,195.0,cea,MULTI_RES,NONE,NONE,
Baixa_Alfama,B1631,matched,57.95,112.46,14836.73,22064.54,7227.810000000001,0.4871565365144477,48.71565365144477,0.0,100.0,0.0,0.0,0.0,100.0,0.0,0.0,1,2,0,1,0,1,0,2,0.7242152392864227,0.7379098823641597,0.6270023584365845,0.821428120136261,108.44935267745751,217396.86925000002,174.0,cea,MULTI_RES,NONE,NONE,
Baixa_Alfama,B1632,matched,39.13,78.5,10647.53,18444.62,7797.089999999998,0.7322909632562667,73.22909632562667,54.92419416486176,0.0,45.07580583513823,0.0,58.525972351632724,0.0,41.474027648367276,0.0,1,2,0,1,0,1,0,2,0.6951457858085632,0.6868312611106815,0.6108066439628601,0.7794849276542664,76.83614865205128,191149.5953125,129.0,cea,MULTI_RES,NONE,NONE,
Baixa_Alfama,B1633,matched,25.39,49.8,6762.22,10888.3,4126.079999999999,0.6101664837878683,61.01664837878683,51.375778268728666,0.0,48.62422173127135,0.0,54.41377300199056,0.0,45.58622699800943,0.0,1,2,1,0,1,0,0,2,0.7636823058128357,0.7582943722869464,0.568081796169281,0.9592828154563904,48.50575946827976,58515.696703125,81.0,cea,MULTI_RES,NONE,NONE,
Baixa_Alfama,B1634,matched,260.71,255.51,58586.69,56550.95,-2035.7400000000052,-0.03474748274736131,-3.4747482747361307,100.0,0.0,0.0,0.0,100.0,0.0,0.0,0.0,0,0,0,0,0,0,0,0,,,,,581.3035757058572,1035837.336265625,959.0,cea,MULTI_RES,NONE,NONE,
Baixa_Alfama,B1635,matched,29.24,64.74,6596.98,14392.52,7795.540000000001,1.1816831337975864,118.16831337975864,0.0,0.0,0.0,100.0,0.0,0.0,0.0,100.0,1,2,0,1,0,1,0,2,0.9172393679618835,0.9172746993163324,0.8614630103111267,0.9730157256126404,62.614882477760425,146051.582,102.0,cea,MULTI_RES,NONE,NONE,
Baixa_Alfama,B1636,matched,21.88,21.88,4848.34,4069.83,-778.5100000000002,-0.16057248460297754,-16.057248460297753,100.0,0.0,0.0,0.0,100.0,0.0,0.0,0.0,0,0,0,0,0,0,0,0,,,,,41.10786413303083,81505.42103125,68.0,cea,MULTI_RES,NONE,NONE,
Baixa_Alfama,B1637,matched,27.8,59.03,7278.81,11660.53,4381.72,0.6019830164546128,60.198301645461285,0.0,0.0,53.84615384615385,46.15384615384615,0.0,0.0,43.52563082587189,56.474369174128114,1,2,1,1,0,0,0,2,0.8209407031536102,0.8236266080699141,0.786004900932312,0.8558765053749084,56.03322108336845,67677.93553125,94.0,cea,MULTI_RES,NONE,NONE,
Baixa_Alfama,B1638,matched,16.54,31.95,4061.22,5852.92,1791.7000000000003,0.4411728495378237,44.117284953782374,0.0,0.0,46.666666666666664,53.33333333333332,0.0,0.0,49.02385085496764,50.97614914503236,1,2,1,0,0,1,0,2,0.8018985092639923,0.812512705040247,0.6426758170127869,0.9611212015151978,31.14717478029347,57988.688828125,51.0,cea,MULTI_RES,NONE,NONE,
Baixa_Alfama,B1639,matched,20.9,20.9,5245.34,5228.76,-16.579999999999927,-0.0031609009139540864,-0.3160900913954086,100.0,0.0,0.0,0.0,100.0,0.0,0.0,0.0,0,0,0,0,0,0,0,0,,,,,43.57266489168508,88833.511640625,72.0,cea,MULTI_RES,NONE,NONE,
Baixa_Alfama,B1640,matched,30.66,58.84,7911.76,11303.92,3392.16,0.4287491026016967,42.87491026016967,0.0,100.0,0.0,0.0,0.0,100.0,0.0,0.0,1,1,1,0,0,0,0,1,0.711857795715332,0.711857795715332,0.711857795715332,0.711857795715332,57.892819524739565,91200.098046875,97.0,cea,MULTI_RES,NONE,NONE,
Baixa_Alfama,B1641,matched,48.11,48.11,12345.83,12002.14,-343.6900000000005,-0.027838549534539233,-2.783854953453923,100.0,0.0,0.0,0.0,100.0,0.0,0.0,0.0,0,0,0,0,0,0,0,0,,,,,88.18754442358738,184824.917375,143.0,cea,MULTI_RES,NONE,NONE,
Baixa_Alfama,B1642,matched,18.31,36.83,3678.53,5207.71,1529.1799999999998,0.4157040991917967,41.57040991917967,0.0,0.0,100.0,0.0,0.0,0.0,100.0,0.0,1,1,1,0,0,0,0,1,0.46269282698631287,0.46269282698631287,0.46269282698631287,0.46269282698631287,40.267522422934334,51429.41640625,66.0,cea,MULTI_RES,NONE,NONE,
Baixa_Alfama,B1643,matched,47.77,97.53,11572.42,21110.26,9537.839999999998,0.8241871622357293,82.41871622357293,48.123846627024804,0.0,51.87615337297519,0.0,52.902578456350135,0.0,47.09742154364987,0.0,1,2,1,0,1,0,0,2,0.4250815212726593,0.4215383743613196,0.3923684358596802,0.4577946066856384,103.67081800884264,185832.0413046875,171.0,cea,MULTI_RES,NONE,NONE,
Baixa_Alfama,B1644,matched,49.07,94.01,12505.53,19869.54,7364.01,0.5888602882084966,58.88602882084966,25.260582854711767,0.0,28.238672622846206,46.50074452244203,27.428561337964318,0.0,28.095421117016233,44.47601754501947,1,4,1,1,1,1,0,4,0.7298997640609741,0.7217342653364061,0.5774023532867432,0.8807805776596069,92.20530409227592,176204.475875,154.0,cea,MULTI_RES,NONE,NONE,
Baixa_Alfama,B1645,matched,13.27,20.72,1908.74,2744.72,835.9799999999998,0.4379747896518121,43.797478965181206,0.0,0.0,0.0,100.0,0.0,0.0,0.0,100.0,1,1,0,0,0,1,0,1,0.9795692563056946,0.9795692563056946,0.9795692563056946,0.9795692563056946,30.83188913041447,47669.719859375,51.0,cea,MULTI_RES,NONE,NONE,
Baixa_Alfama,B1646,matched,44.79,44.79,11902.03,12076.62,174.59000000000015,0.014668926225190167,1.4668926225190166,100.0,0.0,0.0,0.0,100.0,0.0,0.0,0.0,0,0,0,0,0,0,0,0,,,,,83.9357054918288,188185.41275000002,138.0,cea,MULTI_RES,NONE,NONE,
Baixa_Alfama,B1647,matched,30.46,30.46,7819.5,7672.56,-146.9399999999996,-0.01879148283138303,-1.879148283138303,100.0,0.0,0.0,0.0,100.0,0.0,0.0,0.0,0,0,0,0,0,0,0,0,,,,,58.77641874098776,140916.3119375,102.0,cea,MULTI_RES,NONE,NONE,
Baixa_Alfama,B1648,matched,16.07,16.47,4348.93,4437.4,88.46999999999935,0.02034293492882142,2.034293492882142,100.0,0.0,0.0,0.0,100.0,0.0,0.0,0.0,1,1,0,0,0,0,1,1,0.479709655046463,0.479709655046463,0.479709655046463,0.479709655046463,30.870720275915986,34691.58325,52.0,cea,MULTI_RES,NONE,NONE,
Baixa_Alfama,B1649,matched,20.39,39.24,5576.94,9776.36,4199.420000000001,0.752997163318953,75.2997163318953,0.0,0.0,0.0,100.0,0.0,0.0,0.0,100.0,1,2,0,1,0,1,0,2,0.6073541045188904,0.6028617553567142,0.41618984937667847,0.7985183596611023,37.869394170746226,65612.6833125,62.0,cea,MULTI_RES,NONE,NONE,
Baixa_Alfama,B1650,matched,31.67,66.81,6785.43,11806.06,5020.629999999999,0.7399133142630605,73.99133142630605,0.0,0.0,0.0,100.0,0.0,0.0,0.0,100.0,1,2,0,1,0,1,0,2,0.8268261849880219,0.8308420392430653,0.673686146736145,0.9799662232398987,80.28782513667127,180134.13825000002,134.0,cea,MULTI_RES,NONE,NONE,
Baixa_Alfama,B1651,matched,23.2,44.56,5953.45,8989.52,3036.0700000000006,0.509968169716719,50.9968169716719,45.84829443447037,0.0,54.1517055655296,0.0,51.37054494721268,0.0,48.62945505278732,0.0,1,2,1,0,0,1,0,2,0.5324475914239883,0.5271182347016239,0.4679982364177704,0.5968969464302063,43.473745026649944,109678.2160625,73.0,cea,MULTI_RES,NONE,NONE,
Baixa_Alfama,B1652,matched,33.98,65.5,7119.19,13157.59,6038.400000000001,0.8481863807539904,84.81863807539905,0.0,0.0,0.0,100.0,0.0,0.0,0.0,100.0,1,2,0,1,0,1,0,2,0.5987193733453751,0.6083950568499576,0.4998061954975128,0.6976325511932373,63.6836624974896,157678.0970625,106.0,cea,MULTI_RES,NONE,NONE,
Baixa_Alfama,B1653,matched,18.68,34.06,4860.7,6513.04,1652.3400000000001,0.3399386919579485,33.99386919579485,0.0,79.00763358778626,0.0,20.99236641221374,0.0,79.787236485615,0.0,20.212763514385003,1,3,1,1,0,1,0,3,0.7987486720085144,0.7984715059131785,0.6581465005874634,0.9132959842681885,37.05990917016267,74480.02871875,62.0,cea,MULTI_RES,NONE,NONE,
Baixa_Alfama,B1654,matched,29.02,55.92,6830.64,12071.07,5240.429999999999,0.7671945820596605,76.71945820596605,0.0,0.0,0.0,100.0,0.0,0.0,0.0,100.0,1,2,0,1,0,1,0,2,0.8778376281261444,0.8793053084300018,0.814620316028595,0.9410549402236938,54.262838099985714,112002.0678125,89.0,cea,MULTI_RES,NONE,NONE,
Baixa_Alfama,B1655,matched,40.72,79.57,8151.91,14012.15,5860.24,0.7188793791884356,71.88793791884356,0.0,0.0,100.0,0.0,0.0,0.0,100.0,0.0,1,1,1,0,0,0,0,1,0.8350809812545776,0.8350809812545775,0.8350809812545776,0.8350809812545776,90.91171723855672,174360.053,149.0,cea,MULTI_RES,NONE,NONE,
Baixa_Alfama,B1656,matched,30.52,65.92,7188.61,15185.97,7997.36,1.112504364543354,111.25043645433541,0.0,0.0,0.0,100.0,0.0,0.0,0.0,100.0,1,2,0,1,0,1,0,2,0.8403172194957733,0.8359982698659282,0.8007009625434875,0.8799334764480591,63.86946970536205,85763.22690625,106.0,cea,MULTI_RES,NONE,NONE,
Baixa_Alfama,B1657,matched,42.56,79.41,9284.18,13918.95,4634.77,0.49921156203348066,49.92115620334807,0.0,0.0,0.0,100.0,0.0,0.0,0.0,100.0,1,1,0,0,0,1,0,1,0.9795692563056946,0.9795692563056947,0.9795692563056946,0.9795692563056946,81.66389271133531,176421.92628125,136.0,cea,MULTI_RES,NONE,NONE,
Baixa_Alfama,B1658,matched,49.89,49.89,9468.96,8819.67,-649.289999999999,-0.0685703604197292,-6.857036041972921,100.0,0.0,0.0,0.0,100.0,0.0,0.0,0.0,0,0,0,0,0,0,0,0,,,,,115.15133059843933,223696.85809375,189.0,cea,MULTI_RES,NONE,NONE,
Baixa_Alfama,B1659,matched,14.94,28.64,4074.09,6907.39,2833.3,0.6954436450839329,69.54436450839329,55.11701012923508,44.88298987076494,0.0,0.0,58.8033063449093,41.1966936550907,0.0,0.0,1,2,1,1,0,0,0,2,0.6278399378061295,0.6102899603196982,0.4563768804073334,0.7993029952049255,28.00373985241896,40872.51146875,45.0,cea,MULTI_RES,NONE,NONE,
Baixa_Alfama,B1660,matched,64.31,122.2,15340.82,28763.05,13422.23,0.8749356292558025,87.49356292558025,0.0,0.0,0.0,100.0,0.0,0.0,0.0,100.0,1,1,0,1,0,0,0,1,0.9788342714309692,0.9788342714309692,0.9788342714309692,0.9788342714309692,120.77333587189283,203752.342546875,204.0,cea,MULTI_RES,NONE,NONE,
Baixa_Alfama,B1661,matched,36.42,70.17,9551.73,12921.48,3369.75,0.3527894946779275,35.27894946779275,0.0,0.0,100.0,0.0,0.0,0.0,100.0,0.0,1,1,1,0,0,0,0,1,0.9780502915382385,0.9780502915382385,0.9780502915382385,0.9780502915382385,68.66614039508707,90774.625109375,114.0,cea,MULTI_RES,NONE,NONE,
Baixa_Alfama,B1662,matched,11.67,11.67,2952.18,2920.83,-31.34999999999991,-0.010619271182651433,-1.0619271182651433,100.0,0.0,0.0,0.0,100.0,0.0,0.0,0.0,0,0,0,0,0,0,0,0,,,,,22.4819026071583,52419.5016875,35.0,cea,MULTI_RES,NONE,NONE,
Baixa_Alfama,B1663,matched,44.14,84.23,11535.66,20561.23,9025.57,0.7824060348519287,78.24060348519288,0.0,0.0,0.0,100.0,0.0,0.0,0.0,100.0,1,2,1,0,1,0,0,2,0.7634150087833405,0.7592454458638275,0.5337824821472168,0.9930475354194641,83.28915582237457,175937.289234375,136.0,cea,MULTI_RES,NONE,NONE,
Baixa_Alfama,B1664,matched,20.12,45.57,5107.95,10055.07,4947.12,0.9685137873315126,96.85137873315126,0.0,0.0,0.0,100.0,0.0,0.0,0.0,100.0,1,2,0,1,0,1,0,2,0.6771052181720734,0.6567979652324345,0.4728621244430542,0.8813483119010925,45.22335194817251,75415.686953125,74.0,cea,MULTI_RES,NONE,NONE,
Baixa_Alfama,B1665,matched,64.79,118.78,14507.26,24319.5,9812.24,0.6763675566578389,67.63675566578388,0.0,0.0,0.0,100.0,0.0,0.0,0.0,100.0,1,2,0,1,0,1,0,2,0.9728117287158966,0.9828219399860106,0.9467253088951111,0.9988981485366821,121.87707163671475,216742.529015625,200.0,cea,MULTI_RES,NONE,NONE,
Baixa_Alfama,B1666,matched,42.39,86.49,9177.58,19436.76,10259.179999999998,1.117852418611442,111.7852418611442,60.11099549080817,26.754538096889814,0.0,13.134466412302,60.58534831690396,24.68309189827821,0.0,14.73155978481783,1,3,0,1,1,1,0,3,0.650842954715093,0.5508346817978291,0.42792728543281555,0.8581064343452454,86.18545839120534,141115.0250625,136.0,cea,MULTI_RES,NONE,NONE,
Baixa_Alfama,B1667,matched,58.35,110.24,15251.57,28445.1,13193.529999999999,0.8650604495143778,86.50604495143777,73.65079365079364,0.0,26.34920634920635,0.0,76.77021090658684,0.0,23.229789093413157,0.0,1,2,1,1,0,0,0,2,0.7438770830631256,0.7004343878845093,0.6520404815673828,0.8357136845588684,109.65913509319184,257059.5305625,183.0,cea,MULTI_RES,NONE,NONE,
Baixa_Alfama,B1668,matched,69.35,69.35,17463.15,17248.45,-214.70000000000073,-0.012294460048731226,-1.2294460048731226,100.0,0.0,0.0,0.0,100.0,0.0,0.0,0.0,0,0,0,0,0,0,0,0,,,,,162.82945221528868,391205.90375,264.0,cea,MULTI_RES,NONE,NONE,
Baixa_Alfama,B1669,matched,66.3,125.3,17144.92,28782.19,11637.27,0.6787590726582569,67.87590726582569,0.0,0.0,49.84836392657621,50.15163607342379,0.0,0.0,46.10883747245587,53.89116252754413,1,2,1,1,0,0,0,2,0.7379287779331207,0.7376451639282142,0.6507574319839478,0.8251001238822937,122.74248404389087,276284.270671875,202.0,cea,MULTI_RES,NONE,NONE,
Baixa_Alfama,B1670,matched,38.13,38.13,9239.52,9226.08,-13.44000000000051,-0.0014546210192737836,-0.14546210192737835,100.0,0.0,0.0,0.0,100.0,0.0,0.0,0.0,0,0,0,0,0,0,0,0,,,,,78.98173360365305,158157.4619375,130.0,cea,MULTI_RES,NONE,NONE,
Baixa_Alfama,B1671,matched,66.75,66.75,15184.81,14677.29,-507.5199999999986,-0.033422874570047216,-3.3422874570047214,100.0,0.0,0.0,0.0,100.0,0.0,0.0,0.0,0,0,0,0,0,0,0,0,,,,,137.51067845205154,290754.245125,226.0,cea,MULTI_RES,NONE,NONE,
Baixa_Alfama,B1672,matched,20.3,20.3,3999.64,3659.02,-340.6199999999999,-0.08516266463981756,-8.516266463981756,100.0,0.0,0.0,0.0,100.0,0.0,0.0,0.0,0,0,0,0,0,0,0,0,,,,,55.279610604818956,132381.20084375,92.0,cea,MULTI_RES,NONE,NONE,
Baixa_Alfama,B1673,matched,90.22,158.12,17936.19,30689.53,12753.34,0.7110395240014742,71.10395240014742,0.0,0.0,0.0,100.0,0.0,0.0,0.0,100.0,1,2,0,1,0,1,0,2,0.6983813941478729,0.6793425194457519,0.5399274826049805,0.8568353056907654,173.50324464063598,349563.9767109375,284.0,cea,MULTI_RES,NONE,NONE,
Baixa_Alfama,B1674,matched,72.08,145.33,19258.75,35557.03,16298.279999999999,0.8462792237294735,84.62792237294735,0.0,0.0,0.0,100.0,0.0,0.0,0.0,100.0,1,2,0,1,0,1,0,2,0.9206195771694183,0.9231269737435238,0.9123020172119141,0.9289371371269226,144.27344518313325,312580.4065,234.0,cea,MULTI_RES,NONE,NONE,
Baixa_Alfama,B1675,matched,37.43,37.43,9028.91,8649.12,-379.78999999999905,-0.0420637707098641,-4.2063770709864094,100.0,0.0,0.0,0.0,100.0,0.0,0.0,0.0,0,0,0,0,0,0,0,0,,,,,76.20395509268342,128835.929953125,125.0,cea,MULTI_RES,NONE,NONE,
Baixa_Alfama,B1676,matched,31.88,31.88,8228.69,7958.92,-269.77000000000044,-0.032784076201679786,-3.278407620167979,100.0,0.0,0.0,0.0,100.0,0.0,0.0,0.0,0,0,0,0,0,0,0,0,,,,,59.778520403928326,132790.606125,97.0,cea,MULTI_RES,NONE,NONE,
Baixa_Alfama,B1677,matched,27.72,27.72,6978.72,6403.08,-575.6400000000003,-0.08248504023660504,-8.248504023660503,100.0,0.0,0.0,0.0,100.0,0.0,0.0,0.0,0,0,0,0,0,0,0,0,,,,,52.0455076651837,107119.4673125,86.0,cea,SINGLE_RES,NONE,NONE,
Baixa_Alfama,B1678,matched,18.2,38.65,2729.49,6259.27,3529.7800000000007,1.2932012940146331,129.3201294014633,0.0,0.0,100.0,0.0,0.0,0.0,100.0,0.0,1,1,1,0,0,0,0,1,0.8703479170799255,0.8703479170799255,0.8703479170799255,0.8703479170799255,38.333581284874924,64679.06521875,62.0,cea,MULTI_RES,NONE,NONE,
Baixa_Alfama,B1679,matched,24.57,29.83,4035.43,4936.22,900.7900000000004,0.22322032596278474,22.322032596278476,73.91887361716392,0.0,26.08112638283607,0.0,75.04628897143976,0.0,24.953711028560225,0.0,1,2,1,0,1,0,0,2,0.7928009629249573,0.7899595618093945,0.7462159991264343,0.8393859267234802,46.047024947024255,81736.44121875,76.0,cea,MULTI_RES,NONE,NONE,
Baixa_Alfama,B1680,matched,23.46,44.86,5019.96,6589.35,1569.3900000000003,0.3126299811153874,31.262998111538742,0.0,0.0,0.0,100.0,0.0,0.0,0.0,100.0,1,1,0,0,0,1,0,1,0.5636676549911499,0.5636676549911499,0.5636676549911499,0.5636676549911499,49.79951876423754,87865.40115625001,84.0,cea,MULTI_RES,NONE,NONE,
Baixa_Alfama,B1681,matched,22.04,39.89,5384.24,10362.98,4978.74,0.9246876067931593,92.46876067931593,100.0,0.0,0.0,0.0,100.0,0.0,0.0,0.0,1,2,0,1,0,0,1,2,0.4010213166475296,0.3980134155026906,0.3696296513080597,0.4324129819869995,54.46337869587917,115240.29565625,90.0,cea,MULTI_RES,NONE,NONE,
Baixa_Alfama,B1682,matched,45.98,45.65,9451.58,10380.3,928.7199999999993,0.0982608198840828,9.82608198840828,100.0,0.0,0.0,0.0,100.0,0.0,0.0,0.0,1,1,0,0,0,0,1,1,0.7298060059547424,0.7298060059547424,0.7298060059547424,0.7298060059547424,86.12489054511884,156071.84096875,143.0,cea,MULTI_RES,NONE,NONE,
Baixa_Alfama,B1683,matched,23.43,38.76,6397.02,10147.78,3750.76,0.5863292595614833,58.63292595614833,1.780185758513932,0.0,28.482972136222912,69.73684210526315,1.8720681760936806,0.0,24.076237288467706,74.05169453543861,1,3,1,1,1,0,0,3,0.6175004541873932,0.5219033233060948,0.40302929282188416,0.867923378944397,43.906248278591946,85283.4415625,71.0,cea,MULTI_RES,NONE,NONE,
Baixa_Alfama,B1684,matched,23.48,46.76,4098.67,9097.1,4998.43,1.2195248702627925,121.95248702627926,0.0,0.0,0.0,100.0,0.0,0.0,0.0,100.0,1,1,0,0,1,0,0,1,0.6570984125137329,0.6570984125137329,0.6570984125137329,0.6570984125137329,45.43752901611112,73313.58815625,75.0,cea,MULTI_RES,NONE,NONE,
Baixa_Alfama,B1685,matched,21.45,40.9,5935.18,8885.08,2949.8999999999996,0.49701946697488525,49.70194669748852,0.0,0.0,0.0,100.0,0.0,0.0,0.0,100.0,1,1,0,0,0,1,0,1,0.5636676549911499,0.5636676549911499,0.5636676549911499,0.5636676549911499,40.374185340243606,84290.287125,67.0,cea,MULTI_RES,NONE,NONE,
Baixa_Alfama,B1686,matched,48.45,48.45,9789.98,9876.71,86.72999999999956,0.00885905793474548,0.8859057934745481,100.0,0.0,0.0,0.0,100.0,0.0,0.0,0.0,0,0,0,0,0,0,0,0,,,,,95.01777947681815,173336.96290625,155.0,cea,MULTI_RES,NONE,NONE,
Baixa_Alfama,B1687,matched,17.35,48.61,3810.87,6220.78,2409.91,0.6323779084565991,63.237790845659916,0.0,100.0,0.0,0.0,0.0,100.0,0.0,0.0,1,1,1,0,0,0,0,1,0.7358903884887695,0.7358903884887695,0.7358903884887695,0.7358903884887695,50.44748498820322,79446.5045625,85.0,cea,MULTI_RES,NONE,NONE,
Baixa_Alfama,B1688,matched,27.15,51.56,5431.54,8312.57,2881.0299999999997,0.5304259933646811,53.04259933646811,0.0,0.0,0.0,100.0,0.0,0.0,0.0,100.0,1,1,1,0,0,0,0,1,0.7562573552131653,0.7562573552131653,0.7562573552131653,0.7562573552131653,50.69754965517444,98209.2924375,84.0,cea,MULTI_RES,NONE,NONE,
Baixa_Alfama,B1689,matched,20.62,39.28,5272.17,10397.11,5124.9400000000005,0.9720741174886243,97.20741174886243,100.0,0.0,0.0,0.0,100.0,0.0,0.0,0.0,1,1,0,0,1,0,0,1,0.4942502975463867,0.4942502975463868,0.4942502975463867,0.4942502975463867,38.643718990906365,67321.34175,63.0,cea,MULTI_RES,NONE,NONE,
Baixa_Alfama,B1690,matched,34.36,34.36,9344.27,9335.92,-8.350000000000364,-0.0008935957544035396,-0.08935957544035396,100.0,0.0,0.0,0.0,100.0,0.0,0.0,0.0,0,0,0,0,0,0,0,0,,,,,65.81029912285591,160080.715375,108.0,cea,MULTI_RES,NONE,NONE,
Baixa_Alfama,B1691,matched,40.09,74.72,10505.26,14873.17,4367.91,0.4157831410169762,41.57831410169762,0.0,0.0,100.0,0.0,0.0,0.0,100.0,0.0,1,1,1,0,0,0,0,1,0.6709144115447998,0.6709144115447998,0.6709144115447998,0.6709144115447998,75.1366552106975,163115.20871875001,124.0,cea,MULTI_RES,NONE,NONE,
Baixa_Alfama,B1692,matched,39.05,39.05,9417.66,9246.65,-171.01000000000022,-0.018158438508079525,-1.8158438508079526,100.0,0.0,0.0,0.0,100.0,0.0,0.0,0.0,0,0,0,0,0,0,0,0,,,,,71.05875374743262,90341.8745390625,117.0,cea,MULTI_RES,NONE,NONE,
Baixa_Alfama,B1693,matched,40.14,81.88,9805.42,14759.08,4953.66,0.5051961058271853,50.519610582718535,0.0,4.983510443385855,30.792720166117014,64.22376939049713,0.0,6.094871860594797,33.58277336226014,60.32235477714506,1,3,1,1,1,0,0,3,0.83488796154658,0.8683290047155753,0.7243815660476685,0.9273255467414856,88.04385259944158,159731.6149375,147.0,cea,MULTI_RES,NONE,NONE,
Baixa_Alfama,B1694,matched,27.36,39.02,7413.19,11092.11,3678.920000000001,0.496266789330909,49.6266789330909,100.0,0.0,0.0,0.0,100.0,0.0,0.0,0.0,1,2,0,0,1,0,1,2,0.3990781605243683,0.39743484306951704,0.3768759071826935,0.4212804138660431,51.28606543160114,106138.9928125,82.0,cea,MULTI_RES,NONE,NONE,
Baixa_Alfama,B1695,matched,18.39,18.39,5028.94,5026.32,-2.619999999999891,-0.0005209845414739272,-0.05209845414739272,100.0,0.0,0.0,0.0,100.0,0.0,0.0,0.0,0,0,0,0,0,0,0,0,,,,,34.185839912151444,45133.893312500004,57.0,cea,MULTI_RES,NONE,NONE,
Baixa_Alfama,B1696,matched,26.24,46.85,6842.67,11454.02,4611.35,0.6739109148914094,67.39109148914095,0.0,0.0,0.0,100.0,0.0,0.0,0.0,100.0,1,2,0,0,1,1,0,2,0.6039803475141525,0.6162361376875296,0.41437265276908875,0.7935880422592163,49.17214144655434,123134.37443750001,80.0,cea,MULTI_RES,NONE,NONE,
Baixa_Alfama,B1697,matched,18.94,18.94,4560.6,4471.02,-89.57999999999993,-0.019642152348375196,-1.9642152348375197,100.0,0.0,0.0,0.0,100.0,0.0,0.0,0.0,0,0,0,0,0,0,0,0,,,,,35.5199786132268,92022.437,58.0,cea,MULTI_RES,NONE,NONE,
Baixa_Alfama,B1698,matched,17.56,42.23,3614.44,4962.83,1348.3899999999999,0.37305640707827487,37.305640707827486,45.12310606060606,0.0,54.876893939393945,0.0,37.2782174399087,0.0,62.721782560091285,0.0,1,2,0,1,0,1,0,2,0.9146718084812164,0.9169958250068082,0.8568960428237915,0.9724475741386414,42.23063543102844,76253.465640625,70.0,cea,MULTI_RES,NONE,NONE,
Baixa_Alfama,B1699,matched,15.45,29.51,3148.49,4547.78,1399.29,0.4444320928445064,44.44320928445064,0.0,100.0,0.0,0.0,0.0,100.0,0.0,0.0,1,1,1,0,0,0,0,1,0.7358903884887695,0.7358903884887695,0.7358903884887695,0.7358903884887695,47.32157402034085,68855.547875,79.0,cea,MULTI_RES,NONE,NONE,
Baixa_Alfama,B1700,matched,44.13,44.13,12037.11,12051.48,14.369999999998981,0.0011938081483012933,0.11938081483012933,100.0,0.0,0.0,0.0,100.0,0.0,0.0,0.0,0,0,0,0,0,0,0,0,,,,,82.93856677307288,177517.3780625,135.0,cea,MULTI_RES,NONE,NONE,
Baixa_Alfama,B1701,matched,21.75,42.07,5406.31,11543.91,6137.599999999999,1.1352660132326853,113.52660132326852,100.0,0.0,0.0,0.0,100.0,0.0,0.0,0.0,1,1,0,0,1,0,0,1,0.6657966375350952,0.6657966375350952,0.6657966375350952,0.6657966375350952,41.08578692566594,94876.42075,69.0,cea,MULTI_RES,NONE,NONE,
Baixa_Alfama,B1702,matched,28.34,88.66,4842.19,16067.54,11225.350000000002,2.318238235178711,231.82382351787112,0.0,0.0,0.0,100.0,0.0,0.0,0.0,100.0,1,2,0,1,0,1,0,2,0.7846901714801788,0.7846957707004155,0.7070766687393188,0.8623036742210388,86.35110832543411,229534.209875,143.0,cea,MULTI_RES,NONE,NONE,
Baixa_Alfama,B1703,matched,57.3,109.64,15393.51,26168.38,10774.87,0.699961867046567,69.99618670465671,44.117110543597235,0.0,55.88288945640277,0.0,47.82665809855918,0.0,52.173341901440814,0.0,1,2,1,0,1,0,0,2,0.9647431075572968,0.9616351181529129,0.9383585453033447,0.9911276698112488,107.32503665798396,253598.730625,174.0,cea,MULTI_RES,NONE,NONE,
Baixa_Alfama,B1704,matched,23.83,25.71,6084.17,6406.93,322.7600000000002,0.053049142282349145,5.304914228234915,100.0,0.0,0.0,0.0,100.0,0.0,0.0,0.0,1,1,0,0,0,0,1,1,0.5459657907485962,0.5459657907485962,0.5459657907485962,0.5459657907485962,48.1871712044388,116291.7450625,81.0,cea,MULTI_RES,NONE,NONE,
Baixa_Alfama,B1705,matched,20.23,21.0,5261.69,5272.57,10.88000000000011,0.002067776702922466,0.20677767029224658,100.0,0.0,0.0,0.0,100.0,0.0,0.0,0.0,1,1,0,0,0,0,1,1,0.5459657907485962,0.5459657907485962,0.5459657907485962,0.5459657907485962,39.352913190474496,102746.027,65.0,cea,MULTI_RES,NONE,NONE,
Baixa_Alfama,B1706,matched,14.88,30.27,2823.48,5907.04,3083.56,1.092113278649043,109.2113278649043,100.0,0.0,0.0,0.0,100.0,0.0,0.0,0.0,1,1,0,0,1,0,0,1,0.6657966375350952,0.6657966375350952,0.6657966375350952,0.6657966375350952,51.01244340559012,73192.4666875,84.0,cea,MULTI_RES,NONE,NONE,
Baixa_Alfama,B1707,matched,26.87,51.61,7346.44,11875.58,4529.14,0.6165081318298388,61.650813182983875,0.0,100.0,0.0,0.0,0.0,100.0,0.0,0.0,1,2,0,1,0,1,0,2,0.7272167503833771,0.7343073470805841,0.6118249297142029,0.8426085710525513,50.35809276364566,77924.6474375,81.0,cea,MULTI_RES,NONE,NONE,
Baixa_Alfama,B1708,matched,33.3,51.92,8929.75,14130.66,5200.91,0.5824250398947339,58.24250398947339,100.0,0.0,0.0,0.0,100.0,0.0,0.0,0.0,1,2,0,0,1,0,1,2,0.3990781605243683,0.40371475060083345,0.3768759071826935,0.4212804138660431,62.40819612241484,158259.69950000002,104.0,cea,MULTI_RES,NONE,NONE,
Baixa_Alfama,B1709,matched,40.72,78.59,6723.65,11729.45,5005.800000000001,0.7445063321261519,74.45063321261519,37.16757857233745,0.0,62.832421427662545,0.0,37.10423260804485,0.0,62.89576739195514,0.0,1,2,1,0,1,0,0,2,0.7896805107593536,0.7886095795260115,0.6964291930198669,0.8829318284988403,95.24786222506232,169175.38315625,156.0,cea,MULTI_RES,NONE,NONE,
Baixa_Alfama,B1710,matched,27.55,51.96,6587.09,8691.55,2104.459999999999,0.31948250289581576,31.948250289581576,0.0,0.0,100.0,0.0,0.0,0.0,100.0,0.0,1,1,1,0,0,0,0,1,0.7562573552131653,0.7562573552131653,0.7562573552131653,0.7562573552131653,51.097959960008914,75019.79521484375,83.0,cea,MULTI_RES,NONE,NONE,
Baixa_Alfama,B1711,matched,43.05,86.86,9339.96,17885.47,8545.510000000002,0.9149407492109177,91.49407492109177,49.05030505352826,50.949694946471745,0.0,0.0,51.54568129641029,48.45431870358971,0.0,0.0,1,2,0,1,1,0,0,2,0.7461443245410919,0.744970868360229,0.6848164200782776,0.8074722290039062,84.65127128354413,169291.172375,140.0,cea,MULTI_RES,NONE,NONE,
Baixa_Alfama,B1712,matched,19.6,30.97,3073.45,3997.76,924.3100000000004,0.3007402105126163,30.074021051261628,0.0,0.0,0.0,100.0,0.0,0.0,0.0,100.0,1,1,1,0,0,0,0,1,0.602171003818512,0.602171003818512,0.602171003818512,0.602171003818512,82.62686422221017,175122.7825625,135.0,cea,MULTI_RES,NONE,NONE,
Baixa_Alfama,B1713,matched,41.0,80.67,8754.06,13299.79,4545.730000000001,0.5192710582289819,51.92710582289819,32.11009174311927,0.0,67.88990825688074,0.0,29.474544265298736,0.0,70.52545573470125,0.0,1,2,0,1,0,1,0,2,0.7594349980354309,0.790651614731828,0.6780424118041992,0.8408275842666626,87.05897375451805,152312.72612500002,142.0,cea,MULTI_RES,NONE,NONE,
Baixa_Alfama,B1714,matched,53.35,102.57,14609.11,25339.16,10730.05,0.7344766382072555,73.44766382072555,0.0,0.0,0.0,100.0,0.0,0.0,0.0,100.0,1,2,0,1,0,1,0,2,0.9313337206840515,0.9315463924805476,0.914385199546814,0.9482822418212891,99.16012989855582,228296.0280625,164.0,cea,MULTI_RES,NONE,NONE,
Baixa_Alfama,B1715,matched,31.5,31.5,6827.46,6553.52,-273.9399999999996,-0.04012326692503502,-4.0123266925035015,100.0,0.0,0.0,0.0,100.0,0.0,0.0,0.0,0,0,0,0,0,0,0,0,,,,,59.028310138264914,103643.983125,96.0,cea,MULTI_RES,NONE,NONE,
Baixa_Alfama,B1716,matched,82.34,82.34,21799.49,21767.05,-32.44000000000233,-0.0014881082080361663,-0.14881082080361663,100.0,0.0,0.0,0.0,100.0,0.0,0.0,0.0,0,0,0,0,0,0,0,0,,,,,154.06152530493023,382847.4234375,254.0,cea,MULTI_RES,NONE,NONE,
Baixa_Alfama,B1717,matched,22.34,42.95,5373.03,7145.11,1772.08,0.32981018159213704,32.981018159213704,0.0,100.0,0.0,0.0,0.0,100.0,0.0,0.0,1,1,0,1,0,0,0,1,0.9040974974632263,0.9040974974632263,0.9040974974632263,0.9040974974632263,41.71149233168162,47100.914859375,68.0,cea,MULTI_RES,NONE,NONE,
Baixa_Alfama,B1718,matched,25.4,31.67,5422.99,5187.01,-235.97999999999956,-0.043514740023492496,-4.351474002349249,0.0,100.0,0.0,0.0,0.0,100.0,0.0,0.0,1,2,1,0,1,0,0,2,0.7131176888942719,0.7152617453243535,0.6867774128913879,0.7394579648971558,56.70033521399262,55884.777457031254,93.0,cea,MULTI_RES,NONE,NONE,
Baixa_Alfama,B1719,matched,22.0,42.3,5933.29,9017.16,3083.87,0.5197571667658247,51.97571667658247,0.0,0.0,0.0,100.0,0.0,0.0,0.0,100.0,1,1,1,0,0,0,0,1,0.8740318417549133,0.8740318417549133,0.8740318417549133,0.8740318417549133,47.31140218693627,133603.867125,84.0,cea,MULTI_RES,NONE,NONE,
Baixa_Alfama,B1720,matched,18.04,18.04,3673.09,3637.33,-35.76000000000022,-0.00973567214525106,-0.973567214525106,100.0,0.0,0.0,0.0,100.0,0.0,0.0,0.0,0,0,0,0,0,0,0,0,,,,,34.47300788660972,58465.9711328125,54.0,cea,MULTI_RES,NONE,NONE,
Baixa_Alfama,B1721,matched,38.23,70.98,6217.53,11039.34,4821.81,0.7755185740961443,77.55185740961443,36.23555931248239,0.0,63.764440687517606,0.0,39.312765513614245,0.0,60.687234486385755,0.0,1,2,0,0,1,1,0,2,0.8275843858718872,0.8278037084514908,0.7722676992416382,0.8829010725021362,99.45779436986341,184428.3341875,165.0,cea,MULTI_RES,NONE,NONE,
Baixa_Alfama,B1722,matched,40.66,77.58,10787.88,21788.98,11001.1,1.019764773060138,101.9764773060138,0.0,0.0,0.0,100.0,0.0,0.0,0.0,100.0,1,1,0,0,1,0,0,1,0.7185143828392029,0.7185143828392029,0.7185143828392029,0.7185143828392029,76.30668268661285,180739.844625,127.0,cea,MULTI_RES,NONE,NONE,
Baixa_Alfama,B1723,matched,37.83,73.5,10273.43,19541.17,9267.739999999998,0.9021076699797437,90.21076699797436,100.0,0.0,0.0,0.0,100.0,0.0,0.0,0.0,1,1,0,0,1,0,0,1,0.7766028642654419,0.7766028642654419,0.7766028642654419,0.7766028642654419,71.39677052951632,152053.390625,115.0,cea,MULTI_RES,NONE,NONE,
Baixa_Alfama,B1724,matched,23.06,54.37,5979.96,10994.27,5014.31,0.8385189867490753,83.85189867490753,0.0,0.0,0.0,100.0,0.0,0.0,0.0,100.0,1,1,1,0,0,0,0,1,0.8740318417549133,0.8740318417549133,0.8740318417549133,0.8740318417549133,53.670148504634525,101416.58875,89.0,cea,MULTI_RES,NONE,NONE,
Baixa_Alfama,B1725,matched,50.26,93.66,13646.58,20731.66,7085.08,0.5191835610094251,51.91835610094251,58.93028717839223,0.0,41.06971282160777,0.0,60.03255153205986,0.0,39.96744846794013,0.0,1,2,1,0,0,1,0,2,0.935953825712204,0.9432411618342267,0.8951393961906433,0.9767682552337646,91.99935855440603,202499.8265625,149.0,cea,MULTI_RES,NONE,NONE,
Baixa_Alfama,B1726,matched,33.67,33.67,8652.94,8172.17,-480.77000000000044,-0.05556146234690179,-5.556146234690179,100.0,0.0,0.0,0.0,100.0,0.0,0.0,0.0,0,0,0,0,0,0,0,0,,,,,67.07231177313902,158794.1425625,110.0,cea,MULTI_RES,NONE,NONE,
Baixa_Alfama,B1727,matched,50.83,95.93,13817.21,21580.43,7763.220000000001,0.5618514881079466,56.18514881079466,25.349176568688765,0.0,22.076297686053785,52.57452574525746,27.9050966032703,0.0,20.894810794661343,51.200092602068345,1,3,1,0,1,1,0,3,0.8538618882497152,0.8363783032261188,0.7958009839057922,0.9048292636871338,95.38385257358166,218447.41468750002,158.0,cea,MULTI_RES,NONE,NONE,
Baixa_Alfama,B1728,matched,24.95,48.84,6815.81,10928.29,4112.4800000000005,0.6033736269056796,60.337362690567964,0.0,0.0,58.96805896805897,41.03194103194103,0.0,0.0,56.14936717902951,43.8506328209705,1,2,1,1,0,0,0,2,0.8559543490409851,0.8649965460797586,0.805516242980957,0.9063924551010132,47.86159932111353,125656.84850000001,78.0,cea,MULTI_RES,NONE,NONE,
Baixa_Alfama,B1729,matched,36.19,78.36,9403.22,16789.6,7386.379999999999,0.7855160253615251,78.55160253615252,48.92178129386244,0.0,51.07821870613755,0.0,52.79916327461186,0.0,47.20083672538814,0.0,1,2,1,0,1,0,0,2,0.8947291970252991,0.8936569953872054,0.8449918627738953,0.9444665312767029,76.82633164546122,110186.46709375,127.0,cea,MULTI_RES,NONE,NONE,
Baixa_Alfama,B1730,matched,21.68,21.68,5850.72,5683.7,-167.02000000000044,-0.028546913884103225,-2.8546913884103224,100.0,0.0,0.0,0.0,100.0,0.0,0.0,0.0,0,0,0,0,0,0,0,0,,,,,40.6301556799338,61589.2731875,65.0,cea,MULTI_RES,NONE,NONE,
Baixa_Alfama,B1731,matched,12.88,12.88,1789.08,1707.67,-81.40999999999985,-0.04550383437297374,-4.550383437297374,100.0,0.0,0.0,0.0,100.0,0.0,0.0,0.0,0,0,0,0,0,0,0,0,,,,,25.32669779072217,42334.46728125,41.0,cea,MULTI_RES,NONE,NONE,
Baixa_Alfama,B1732,matched,21.71,21.71,5270.97,5041.44,-229.53000000000065,-0.04354606457634945,-4.354606457634945,100.0,0.0,0.0,0.0,100.0,0.0,0.0,0.0,0,0,0,0,0,0,0,0,,,,,44.422774381090534,76809.7945,73.0,cea,MULTI_RES,NONE,NONE,
Baixa_Alfama,B1733,matched,28.17,55.92,7508.16,13500.46,5992.299999999999,0.798104995098666,79.81049950986659,0.0,0.0,0.0,100.0,0.0,0.0,0.0,100.0,1,2,0,1,0,1,0,2,0.7905143201351166,0.7906167297711204,0.7589501738548279,0.8220784664154053,54.6922522482085,68541.4146015625,91.0,cea,MULTI_RES,NONE,NONE,
Baixa_Alfama,B1734,matched,5.83,5.83,936.63,862.44,-74.18999999999994,-0.07920950642195952,-7.920950642195952,100.0,0.0,0.0,0.0,100.0,0.0,0.0,0.0,0,0,0,0,0,0,0,0,,,,,45.352975926762596,50116.2596875,77.0,cea,MULTI_RES,NONE,NONE,
Baixa_Alfama,B1735,matched,58.42,122.23,15869.77,30091.62,14221.849999999999,0.8961598057186713,89.61598057186713,0.0,0.0,0.0,100.0,0.0,0.0,0.0,100.0,1,2,0,1,0,1,0,2,0.8072870373725891,0.8129586671739286,0.6744001507759094,0.9401739239692688,119.52330320091268,259331.76278125,196.0,cea,MULTI_RES,NONE,NONE,
Baixa_Alfama,B1736,matched,30.62,60.13,8139.96,13659.73,5519.7699999999995,0.678107754829262,67.8107754829262,0.0,0.0,0.0,100.0,0.0,0.0,0.0,100.0,1,2,0,1,0,1,0,2,0.7241257131099701,0.7522980142272486,0.5587979555130005,0.8894534707069397,58.41170112733532,93143.263890625,94.0,cea,MULTI_RES,NONE,NONE,
Baixa_Alfama,B1737,matched,31.06,31.06,7568.88,7338.27,-230.60999999999967,-0.030468180232742448,-3.046818023274245,100.0,0.0,0.0,0.0,100.0,0.0,0.0,0.0,0,0,0,0,0,0,0,0,,,,,59.58169289722136,164951.2585625,99.0,cea,MULTI_RES,NONE,NONE,
Baixa_Alfama,B1738,matched,30.55,64.85,7795.45,14002.54,6207.090000000001,0.7962452456240501,79.62452456240501,56.25289128758675,0.0,43.747108712413265,0.0,57.12524796590696,0.0,42.874752034093056,0.0,1,2,1,0,1,0,0,2,0.7161558717489243,0.7453484674873764,0.4825649559497833,0.9497467875480652,63.28306500496437,147741.513125,105.0,cea,MULTI_RES,NONE,NONE,
Baixa_Alfama,B1739,matched,18.44,39.92,4689.97,8074.58,3384.6099999999997,0.721669861427685,72.1669861427685,0.0,0.0,0.0,100.0,0.0,0.0,0.0,100.0,1,1,0,0,0,1,0,1,0.8904832601547241,0.8904832601547241,0.8904832601547241,0.8904832601547241,38.403487130128475,67658.29446875,63.0,cea,MULTI_RES,NONE,NONE,
Baixa_Alfama,B1740,matched,39.83,75.95,8870.92,12656.17,3785.25,0.42670320552997887,42.670320552997886,0.0,100.0,0.0,0.0,0.0,100.0,0.0,0.0,1,2,1,0,1,0,0,2,0.7993916571140289,0.8044535445726354,0.6289363503456116,0.9698469638824463,97.99429154638172,200154.9247421875,160.0,cea,MULTI_RES,NONE,NONE,
Baixa_Alfama,B1741,matched,23.6,13.36,3979.25,2546.65,-1432.6,-0.3600175912546334,-36.00175912546334,100.0,0.0,0.0,0.0,100.0,0.0,0.0,0.0,0,0,0,0,0,0,0,0,,,,,47.932220795926,84635.070203125,79.0,cea,MULTI_RES,NONE,NONE,
Baixa_Alfama,B1742,matched,29.75,54.29,5619.84,7618.9,1999.0599999999995,0.35571475344493786,35.571475344493784,46.70349907918968,0.0,53.29650092081031,0.0,40.42659284648656,0.0,59.57340715351346,0.0,1,2,1,0,1,0,0,2,0.650273323059082,0.6476384289666197,0.40678834915161133,0.8937582969665527,55.76376020460366,125167.9726875,92.0,cea,MULTI_RES,NONE,NONE,
Baixa_Alfama,B1743,matched,20.48,39.8,4444.56,9075.96,4631.399999999999,1.0420379070144172,104.20379070144172,100.0,0.0,0.0,0.0,100.0,0.0,0.0,0.0,1,1,0,0,1,0,0,1,0.8392648100852966,0.8392648100852966,0.8392648100852966,0.8392648100852966,38.571868158620205,98644.09725,64.0,cea,MULTI_RES,NONE,NONE,
Baixa_Alfama,B1744,matched,17.88,35.29,3467.3,8061.69,4594.389999999999,1.3250627289245231,132.5062728924523,100.0,0.0,0.0,0.0,100.0,0.0,0.0,0.0,1,1,0,0,1,0,0,1,0.8392648100852966,0.8392648100852966,0.8392648100852966,0.8392648100852966,34.21185511826722,88464.564,56.0,cea,MULTI_RES,NONE,NONE,
Baixa_Alfama,B1746,matched,23.04,43.95,6291.22,10419.6,4128.38,0.6562129443891646,65.62129443891645,50.352673492605234,0.0,49.64732650739477,0.0,55.448952317454726,0.0,44.55104768254527,0.0,1,2,1,0,1,0,0,2,0.9711450934410095,0.9709524746747912,0.9441637396812439,0.9981264472007751,43.18192635669492,100729.1340625,73.0,cea,MULTI_RES,NONE,NONE,
Baixa_Alfama,B1747,matched,32.04,61.91,8191.96,14439.27,6247.31,0.7626148076894907,76.26148076894907,51.40503875968992,0.0,48.59496124031008,0.0,58.46178160425537,0.0,41.538218395744636,0.0,1,2,1,0,1,0,0,2,0.9855041205883026,0.9857814448662062,0.9756120443344116,0.9953961968421936,60.05627349580471,123314.22165625,100.0,cea,MULTI_RES,NONE,NONE,
Baixa_Alfama,B1748,matched,48.15,48.15,10317.0,10181.22,-135.78000000000065,-0.01316080255888346,-1.316080255888346,100.0,0.0,0.0,0.0,100.0,0.0,0.0,0.0,0,0,0,0,0,0,0,0,,,,,142.7480030091869,143618.750546875,237.0,cea,MULTI_RES,NONE,NONE,
Baixa_Alfama,B1749,matched,6.99,6.99,943.18,954.38,11.200000000000045,0.011874721686210529,1.187472168621053,100.0,0.0,0.0,0.0,100.0,0.0,0.0,0.0,0,0,0,0,0,0,0,0,,,,,13.104248765239682,33791.12275,22.0,cea,MULTI_RES,NONE,NONE,
Baixa_Alfama,B1750,matched,138.49,261.63,37219.26,62858.3,25639.04,0.6888648511550203,68.88648511550203,28.32135759058248,0.0,22.076135147530962,49.602507261886565,31.245725810378804,0.0,17.89387475367225,50.86039943594894,1,4,1,1,1,1,0,4,0.5797466859221458,0.6009322220717219,0.4146181344985962,0.8203907012939453,261.7152273350213,661264.395,431.0,cea,MULTI_RES,NONE,NONE,
Baixa_Alfama,B1752,matched,27.6,55.83,7475.49,13415.57,5940.08,0.7946074437929821,79.4607443792982,47.29487638839125,0.0,52.70512361160875,0.0,54.53397085858662,0.0,45.46602914141338,0.0,1,2,1,0,1,0,0,2,0.9847655296325684,0.9850294525008664,0.9798824191093445,0.9896486401557922,53.15617199000547,83397.269171875,87.0,cea,MULTI_RES,NONE,NONE,
Baixa_Alfama,B1753,matched,44.87,86.57,10613.0,15772.43,5159.43,0.4861424667860172,48.61424667860172,45.806377079482445,0.0,54.19362292051756,0.0,44.4626663125657,0.0,55.5373336874343,0.0,1,2,1,0,1,0,0,2,0.9940205514431,0.9940819388661335,0.9928680658340454,0.9951730370521545,86.30808339620148,171706.745890625,143.0,cea,MULTI_RES,NONE,NONE,
Baixa_Alfama,B1754,matched,12.68,12.68,2521.21,2277.09,-244.1199999999999,-0.09682652377231563,-9.682652377231562,100.0,0.0,0.0,0.0,100.0,0.0,0.0,0.0,0,0,0,0,0,0,0,0,,,,,23.636317375220415,14887.078031250001,39.0,cea,MULTI_RES,NONE,NONE,
Baixa_Alfama,B1755,matched,13.43,18.81,2741.3,2304.3,-437.0,-0.15941341699193812,-15.941341699193812,0.0,100.0,0.0,0.0,0.0,100.0,0.0,0.0,1,2,0,1,0,1,0,2,0.7808723449707031,0.785302957456064,0.7503960728645325,0.8113486170768738,31.59066828688352,76279.554625,53.0,cea,MULTI_RES,NONE,NONE,
Baixa_Alfama,B1756,matched,3.51,13.58,889.49,2801.14,1911.6499999999999,2.1491528853612745,214.91528853612743,0.0,100.0,0.0,0.0,0.0,100.0,0.0,0.0,1,2,0,1,0,1,0,2,0.7474715709686279,0.7538591556405152,0.5367769598960876,0.9581661820411682,13.26761311907159,13491.516375000001,19.0,cea,MULTI_RES,NONE,NONE,
Baixa_Alfama,B1757,matched,59.52,59.52,16066.39,15479.75,-586.6399999999994,-0.036513491829838526,-3.6513491829838527,100.0,0.0,0.0,0.0,100.0,0.0,0.0,0.0,0,0,0,0,0,0,0,0,,,,,107.90512729432434,180066.467859375,179.0,cea,MULTI_RES,NONE,NONE,
Baixa_Alfama,B1758,matched,263.29,263.29,71828.91,71813.04,-15.870000000009895,-0.0002209416793323175,-0.02209416793323175,100.0,0.0,0.0,0.0,100.0,0.0,0.0,0.0,0,0,0,0,0,0,0,0,,,,,498.0800456709897,1017691.8625703126,817.0,cea,MULTI_RES,NONE,NONE,
Baixa_Alfama,B1759,matched,17.17,41.49,3692.2,7002.91,3310.71,0.8966767780726939,89.66767780726938,0.0,0.0,45.566265060240966,54.433734939759034,0.0,0.0,45.45802162994064,54.54197837005938,1,3,1,1,0,1,0,3,0.3881981273492177,0.3889670243979724,0.3770105242729187,0.3955255150794983,40.935546504355116,68583.684125,67.0,cea,MULTI_RES,NONE,NONE,
Baixa_Alfama,B1760,matched,44.36,84.33,10079.66,17735.83,7656.170000000002,0.7595662948948677,75.95662948948677,0.0,0.0,0.0,100.0,0.0,0.0,0.0,100.0,1,2,0,1,0,1,0,2,0.5296984314918518,0.5316839305644009,0.479339599609375,0.5800572633743286,83.16692230664349,168574.156625,139.0,cea,MULTI_RES,NONE,NONE,
Baixa_Alfama,B1761,matched,81.01,171.44,19550.31,35341.53,15791.219999999998,0.8077222304914856,80.77222304914856,0.0,0.0,50.83707635769701,49.16292364230298,0.0,0.0,46.13089180435907,53.86910819564095,1,3,1,1,0,1,0,3,0.6239601174990336,0.5955829163926103,0.43773582577705383,0.9832108020782471,172.22222276342058,399699.22653125,282.0,cea,MULTI_RES,NONE,NONE,
Baixa_Alfama,B1762,matched,0.64,0.64,174.05,174.03,-0.020000000000010232,-0.00011490950876190882,-0.011490950876190882,100.0,0.0,0.0,0.0,100.0,0.0,0.0,0.0,0,0,0,0,0,0,0,0,,,,,1.7000580369762603,4622.295875,3.0,cea,MULTI_RES,NONE,NONE,
Baixa_Alfama,B1766,matched,102.23,198.0,27318.93,48546.85,21227.92,0.7770406820472104,77.70406820472104,47.10101010101009,52.8989898989899,0.0,0.0,50.100151612341904,49.8998483876581,0.0,0.0,1,3,0,1,1,1,0,3,0.8614701628684998,0.8451709948940263,0.7824957966804504,0.9016488194465637,191.60342471091897,381226.48975,317.0,cea,MULTI_RES,NONE,NONE,
Baixa_Alfama,B1767,matched,39.58,76.65,10097.86,14925.31,4827.449999999999,0.4780666398623073,47.80666398623073,0.0,100.0,0.0,0.0,0.0,100.0,0.0,0.0,1,2,0,1,0,1,0,2,0.8504289388656616,0.8476300846904752,0.7838712930679321,0.9169865846633911,74.18317527201337,122266.27864062501,120.0,cea,MULTI_RES,NONE,NONE,
Baixa_Alfama,B1768,matched,68.58,126.75,16463.75,19647.78,3184.029999999999,0.19339640118442025,19.339640118442027,0.0,50.276155909736474,49.72384409026353,0.0,0.0,54.67432663872667,45.3256733612733,0.0,1,2,1,1,0,0,0,2,0.7653070986270905,0.7725383803651765,0.5380896329879761,0.9925245642662048,128.5293072522627,169152.187828125,212.0,cea,MULTI_RES,NONE,NONE,
Baixa_Alfama,B1770,matched,30.17,30.17,5291.14,5244.51,-46.63000000000011,-0.008812845624950409,-0.8812845624950408,100.0,0.0,0.0,0.0,100.0,0.0,0.0,0.0,0,0,0,0,0,0,0,0,,,,,51.16991343186732,106731.4379375,85.0,cea,MULTI_RES,NONE,NONE,
Baixa_Alfama,B1771,matched,41.0,79.79,10836.1,22302.85,11466.749999999998,1.0581989830289493,105.81989830289493,100.0,0.0,0.0,0.0,100.0,0.0,0.0,0.0,1,1,0,0,1,0,0,1,0.9757798910140991,0.9757798910140991,0.9757798910140991,0.9757798910140991,77.3087396265749,138202.534203125,127.0,cea,MULTI_RES,NONE,NONE,
Baixa_Alfama,B1772,matched,29.19,56.43,7265.31,12690.52,5425.21,0.7467279441620522,74.67279441620522,0.0,0.0,0.0,100.0,0.0,0.0,0.0,100.0,1,2,0,1,0,1,0,2,0.8449102640151978,0.8489341245598977,0.8182830810546875,0.871537446975708,54.76272798187791,104943.828125,90.0,cea,MULTI_RES,NONE,NONE,
Baixa_Alfama,B1773,matched,44.71,88.54,11240.79,24911.71,13670.919999999998,1.216188541908531,121.6188541908531,48.656278229448965,0.0,0.0,51.343721770551035,50.071471196369174,0.0,0.0,49.92852880363083,1,2,0,1,1,0,0,2,0.8309648036956787,0.8273559183539436,0.6966478824615479,0.9652817249298096,83.79054962655269,187885.8964375,137.0,cea,MULTI_RES,NONE,NONE,
Baixa_Alfama,B1777,matched,28.55,24.73,7292.22,5018.51,-2273.71,-0.31179942459223664,-31.179942459223664,100.0,0.0,0.0,0.0,100.0,0.0,0.0,0.0,0,0,0,0,0,0,0,0,,,,,62.68265402193481,114887.44059375,105.0,cea,MULTI_RES,NONE,NONE,
Baixa_Alfama,B1778,matched,95.98,95.98,17776.97,17691.55,-85.42000000000189,-0.0048050933314283525,-0.4805093331428352,100.0,0.0,0.0,0.0,100.0,0.0,0.0,0.0,0,0,0,0,0,0,0,0,,,,,188.65765978934215,268713.72453125,312.0,cea,MULTI_RES,NONE,NONE,
Baixa_Alfama,B1779,matched,32.04,53.22,8072.27,9900.84,1828.5699999999997,0.22652488085755304,22.652488085755305,0.0,100.0,0.0,0.0,0.0,100.0,0.0,0.0,1,2,0,1,0,1,0,2,0.7240671813488007,0.7123633299986878,0.5022445321083069,0.9458898305892944,60.046881012551886,122784.78485937501,99.0,cea,MULTI_RES,NONE,NONE,
Baixa_Alfama,B1780,matched,0.36,0.36,96.34,96.04,-0.29999999999999716,-0.0031139713514635368,-0.3113971351463537,100.0,0.0,0.0,0.0,100.0,0.0,0.0,0.0,0,0,0,0,0,0,0,0,,,,,1.3501629618505386,2955.422125,2.0,cea,MULTI_RES,NONE,NONE,
Baixa_Alfama,B1782,matched,51.78,51.78,11873.85,11040.09,-833.7600000000002,-0.07021816849631755,-7.0218168496317555,100.0,0.0,0.0,0.0,100.0,0.0,0.0,0.0,0,0,0,0,0,0,0,0,,,,,89.03564226632915,125559.434546875,143.0,cea,MULTI_RES,NONE,NONE,
Baixa_Alfama,B1783,matched,147.93,273.04,34279.93,55298.6,21018.67,0.6131479848412759,61.314798484127586,52.858660220488595,0.0,47.141339779511405,0.0,55.91074014262656,0.0,44.08925985737344,0.0,1,2,1,0,1,0,0,2,0.5332715213298798,0.5445422141916553,0.44877171516418457,0.617771327495575,303.5863519766566,661227.8240859375,500.0,cea,MULTI_RES,NONE,NONE,
Baixa_Alfama,B1784,matched,49.72,49.72,10412.27,10431.25,18.979999999999563,0.0018228493882697589,0.18228493882697588,100.0,0.0,0.0,0.0,100.0,0.0,0.0,0.0,0,0,0,0,0,0,0,0,,,,,120.91114784371842,182778.41912500001,199.0,cea,MULTI_RES,NONE,NONE,
Baixa_Alfama,B1785,matched,88.39,168.53,22802.0,35951.71,13149.71,0.5766910797298482,57.669107972984825,33.45793283493533,0.0,66.5420671650647,0.0,34.699885998260484,0.0,65.30011400173952,0.0,1,2,1,0,0,1,0,2,0.7548260986804962,0.7921421310342518,0.6420371532440186,0.8676150441169739,165.73167637694237,303624.1540625,274.0,cea,MULTI_RES,NONE,NONE,
Baixa_Alfama,B1786,matched,78.88,159.46,20839.26,46855.4,26016.140000000003,1.2484195696008402,124.84195696008402,100.0,0.0,0.0,0.0,100.0,0.0,0.0,0.0,1,1,0,0,1,0,0,1,0.6617016792297363,0.6617016792297363,0.6617016792297363,0.6617016792297363,154.80456342693196,301728.8515625,254.0,cea,MULTI_RES,NONE,NONE,
Baixa_Alfama,B1787,matched,354.12,354.12,95887.63,95474.23,-413.40000000000873,-0.004311296462327922,-0.43112964623279215,100.0,0.0,0.0,0.0,100.0,0.0,0.0,0.0,0,0,0,0,0,0,0,0,,,,,638.8474092206327,1326189.037109375,1056.0,cea,MULTI_RES,NONE,NONE,
Baixa_Alfama,B1788,matched,31.24,31.24,8186.76,8168.91,-17.850000000000364,-0.0021803497354265134,-0.21803497354265133,100.0,0.0,0.0,0.0,100.0,0.0,0.0,0.0,0,0,0,0,0,0,0,0,,,,,57.09073384028357,119538.6281875,95.0,cea,MULTI_RES,NONE,NONE,
Baixa_Alfama,B1789,matched,84.71,84.71,19922.69,19349.71,-572.9799999999996,-0.02876017244659228,-2.876017244659228,100.0,0.0,0.0,0.0,100.0,0.0,0.0,0.0,0,0,0,0,0,0,0,0,,,,,172.6681213485822,293628.650296875,285.0,cea,MULTI_RES,NONE,NONE,
Baixa_Alfama,B1790,matched,212.47,406.0,52063.46,95329.25,43265.79,0.8310202587380862,83.10202587380861,52.62691199290623,0.0,47.37308800709377,0.0,58.22392868432756,0.0,41.77607131567244,0.0,1,2,1,0,1,0,0,2,0.9891918897628784,0.9896681299190203,0.9801205992698669,0.9982631802558899,391.1367101015202,731547.7656015626,647.0,cea,MULTI_RES,NONE,NONE,
Baixa_Alfama,B1791,matched,186.18,186.18,49477.6,49090.66,-386.93999999999505,-0.007820508674632461,-0.7820508674632461,100.0,0.0,0.0,0.0,100.0,0.0,0.0,0.0,0,0,0,0,0,0,0,0,,,,,347.10912782055794,677848.01940625,567.0,cea,MULTI_RES,NONE,NONE,
Baixa_Alfama,B1792,matched,84.75,84.75,22740.33,22665.66,-74.67000000000189,-0.0032835935098568,-0.32835935098568,100.0,0.0,0.0,0.0,100.0,0.0,0.0,0.0,0,0,0,0,0,0,0,0,,,,,168.04553148982203,330942.287625,277.0,cea,MULTI_RES,NONE,NONE,
Baixa_Alfama,B1793,matched,52.22,109.37,13099.11,22957.96,9858.849999999999,0.7526351026901826,75.26351026901827,50.66288744628326,0.0,49.33711255371674,0.0,57.26710164588123,0.0,42.73289835411877,0.0,1,2,1,0,1,0,0,2,0.8875751495361328,0.8887372188234459,0.7997275590896606,0.975422739982605,107.28165409810745,214231.8627109375,177.0,cea,MULTI_RES,NONE,NONE,
Baixa_Alfama,B1794,matched,57.34,108.25,14906.89,24620.79,9713.900000000001,0.6516382692835327,65.16382692835327,25.138580931263853,50.018477457501845,24.84294161123429,0.0,26.019783874619566,51.73100386350688,22.249212261873577,0.0,1,3,1,0,1,0,1,3,0.6350011428197225,0.6291348996827247,0.5042885541915894,0.7875093817710876,107.46144919995689,209234.491515625,177.0,cea,MULTI_RES,NONE,NONE,
Baixa_Alfama,B1795,matched,16.76,16.76,4573.07,4567.54,-5.529999999999745,-0.0012092533024860206,-0.12092533024860205,100.0,0.0,0.0,0.0,100.0,0.0,0.0,0.0,0,0,0,0,0,0,0,0,,,,,46.59115626376044,94246.2676875,75.0,cea,MULTI_RES,NONE,NONE,
Baixa_Alfama,B1796,matched,8.24,8.24,1422.35,1302.09,-120.25999999999999,-0.08455021619151404,-8.455021619151404,100.0,0.0,0.0,0.0,100.0,0.0,0.0,0.0,0,0,0,0,0,0,0,0,,,,,38.4057869255708,50516.2558125,65.0,cea,MULTI_RES,NONE,NONE,
Baixa_Alfama,B1797,matched,14.02,14.02,2578.02,2451.22,-126.80000000000018,-0.04918503347530282,-4.918503347530282,100.0,0.0,0.0,0.0,100.0,0.0,0.0,0.0,0,0,0,0,0,0,0,0,,,,,31.228314530844102,34558.12084375,50.0,cea,MULTI_RES,NONE,NONE,
Baixa_Alfama,B1798,matched,19.54,19.54,5310.89,5286.69,-24.200000000000728,-0.004556675058229548,-0.45566750582295484,100.0,0.0,0.0,0.0,100.0,0.0,0.0,0.0,0,0,0,0,0,0,0,0,,,,,36.65401300102663,82845.839375,60.0,cea,MULTI_RES,NONE,NONE,
Baixa_Alfama,B1799,matched,4.54,4.54,1084.38,1092.13,7.75,0.00714694110920526,0.714694110920526,100.0,0.0,0.0,0.0,100.0,0.0,0.0,0.0,0,0,0,0,0,0,0,0,,,,,22.86161591557856,40111.1533125,36.0,cea,MULTI_RES,NONE,NONE,
Baixa_Alfama,B1800,matched,26.29,26.29,7213.85,7212.28,-1.5700000000006185,-0.00021763690678356471,-0.02176369067835647,100.0,0.0,0.0,0.0,100.0,0.0,0.0,0.0,0,0,0,0,0,0,0,0,,,,,60.194620143324656,102248.7409375,100.0,cea,MULTI_RES,NONE,NONE,
Baixa_Alfama,B1801,matched,57.43,57.43,14790.29,14714.66,-75.63000000000102,-0.005113489999181964,-0.5113489999181964,100.0,0.0,0.0,0.0,100.0,0.0,0.0,0.0,0,0,0,0,0,0,0,0,,,,,119.50248141806563,273892.60225,197.0,cea,MULTI_RES,NONE,NONE,
Baixa_Alfama,B1802,matched,6.88,6.88,1164.23,1106.39,-57.83999999999992,-0.04968090497582086,-4.968090497582086,100.0,0.0,0.0,0.0,100.0,0.0,0.0,0.0,0,0,0,0,0,0,0,0,,,,,12.910275511178064,15703.7540625,22.0,cea,MULTI_RES,NONE,NONE,
Baixa_Alfama,B1803,matched,15.05,29.62,3997.93,6179.15,2181.22,0.5455873414492,54.558734144919995,11.887875717662952,53.12394461330632,34.988179669030735,0.0,13.830082237525234,55.00083368083649,31.16908408163828,0.0,1,4,1,1,1,1,0,4,0.6277255713939667,0.595375575205287,0.4604260325431824,0.7553775906562805,28.720611848566325,64830.5390625,48.0,cea,MULTI_RES,NONE,NONE,
Baixa_Alfama,B1804,matched,37.31,37.31,8453.35,8153.32,-300.03000000000065,-0.03549243790923133,-3.549243790923133,100.0,0.0,0.0,0.0,100.0,0.0,0.0,0.0,0,0,0,0,0,0,0,0,,,,,73.26906420202032,123712.4645625,120.0,cea,MULTI_RES,NONE,NONE,
Baixa_Alfama,B1805,matched,18.55,11.01,2850.02,1760.31,-1089.71,-0.38235170279506814,-38.23517027950681,100.0,0.0,0.0,0.0,100.0,0.0,0.0,0.0,0,0,0,0,0,0,0,0,,,,,55.43177145408909,49235.835609375004,92.0,cea,MULTI_RES,NONE,NONE,
Baixa_Alfama,B1806,matched,15.36,15.36,3136.79,3026.73,-110.05999999999995,-0.03508682442879502,-3.5086824428795023,100.0,0.0,0.0,0.0,100.0,0.0,0.0,0.0,0,0,0,0,0,0,0,0,,,,,30.842709123194297,54827.77721875,51.0,cea,MULTI_RES,NONE,NONE,
Baixa_Alfama,B1807,matched,3.02,3.02,785.84,783.95,-1.8899999999999864,-0.0024050697342970404,-0.24050697342970404,100.0,0.0,0.0,0.0,100.0,0.0,0.0,0.0,0,0,0,0,0,0,0,0,,,,,8.684355951451153,11848.342625000001,15.0,cea,MULTI_RES,NONE,NONE,
Baixa_Alfama,B1810,matched,8.99,8.99,1508.65,1448.54,-60.11000000000013,-0.03984356875352144,-3.984356875352144,100.0,0.0,0.0,0.0,100.0,0.0,0.0,0.0,0,0,0,0,0,0,0,0,,,,,16.838351370577378,10151.3791875,28.0,cea,MULTI_RES,NONE,NONE,
Baixa_Alfama,B1811,matched,28.23,58.8,4093.37,8546.3,4452.929999999999,1.0878396040426346,108.78396040426345,0.0,0.0,0.0,100.0,0.0,0.0,0.0,100.0,1,2,0,1,0,1,0,2,0.6147204339504242,0.614707064621164,0.6021203994750977,0.6273204684257507,58.240784067726366,126020.0765625,96.0,cea,MULTI_RES,NONE,NONE,
Baixa_Alfama,B1812,matched,47.72,94.38,13068.07,18355.0,5286.93,0.4045685399603767,40.45685399603767,0.0,0.0,100.0,0.0,0.0,0.0,100.0,0.0,1,1,1,0,0,0,0,1,0.7383117079734802,0.7383117079734802,0.7383117079734802,0.7383117079734802,92.65010386017899,192929.683625,153.0,cea,MULTI_RES,NONE,NONE,
Baixa_Alfama,B1815,matched,18.49,18.49,3994.21,3952.03,-42.179999999999836,-0.010560286014005231,-1.0560286014005231,100.0,0.0,0.0,0.0,100.0,0.0,0.0,0.0,0,0,0,0,0,0,0,0,,,,,34.662076948732974,68219.88790625,57.0,cea,MULTI_RES,NONE,NONE,
Baixa_Alfama,B1816,matched,18.44,35.46,4546.4,7106.71,2560.3100000000004,0.5631510645785678,56.31510645785678,0.0,0.0,49.66159052453468,50.33840947546532,0.0,0.0,47.09277937791486,52.90722062208515,1,3,1,1,0,1,0,3,0.7180999716122946,0.7406778829453058,0.6442183256149292,0.8003717064857483,34.55622563173199,62728.92115625,58.0,cea,MULTI_RES,NONE,NONE,
Baixa_Alfama,B1817,matched,34.84,66.91,8856.16,14020.77,5164.610000000001,0.5831658416288776,58.316584162887764,0.0,0.0,54.89463458376923,45.105365416230754,0.0,0.0,52.83854126341979,47.161458736580215,1,3,1,1,0,1,0,3,0.7180999716122946,0.7435974075193562,0.6442183256149292,0.8003717064857483,65.304465668218,85605.147625,105.0,cea,MULTI_RES,NONE,NONE,
Baixa_Alfama,B1818,matched,12.16,12.16,2824.06,2466.5,-357.55999999999995,-0.12661204082066244,-12.661204082066243,100.0,0.0,0.0,0.0,100.0,0.0,0.0,0.0,0,0,0,0,0,0,0,0,,,,,23.19045020460042,36295.574687500004,38.0,cea,MULTI_RES,NONE,NONE,
Baixa_Alfama,B1820,matched,43.39,88.17,11070.37,14555.72,3485.3499999999985,0.31483590882689544,31.483590882689544,0.0,0.0,48.42881452070334,51.57118547929665,0.0,0.0,50.713446799264986,49.28655320073503,1,2,1,0,0,1,0,2,0.7176748812198639,0.7201238623418973,0.6398746371269226,0.7954751253128052,85.40853659330055,203483.642375,141.0,cea,MULTI_RES,NONE,NONE,
Baixa_Alfama,B1821,matched,36.48,51.38,9341.68,14079.97,4738.289999999999,0.5072203286774969,50.72203286774969,100.0,0.0,0.0,0.0,100.0,0.0,0.0,0.0,1,2,0,1,0,0,1,2,0.4010213166475296,0.3997530713568642,0.3696296513080597,0.4324129819869995,69.3469575801661,142462.342265625,110.0,cea,MULTI_RES,NONE,NONE,
Baixa_Alfama,B1822,matched,22.86,22.86,6245.03,6045.52,-199.5099999999993,-0.03194700425778568,-3.194700425778568,100.0,0.0,0.0,0.0,100.0,0.0,0.0,0.0,0,0,0,0,0,0,0,0,,,,,42.63248246309073,105722.70246875001,69.0,cea,MULTI_RES,NONE,NONE,
Baixa_Alfama,B1823,matched,29.63,63.28,7855.43,13578.53,5723.1,0.7285533700892249,72.85533700892249,0.0,41.63110478899953,58.36889521100047,0.0,0.0,45.4662851067422,54.53371489325779,0.0,1,2,1,0,0,1,0,2,0.5324475914239883,0.5216520339149304,0.4679982364177704,0.5968969464302063,61.64213885598537,167111.086875,100.0,cea,MULTI_RES,NONE,NONE,
Baixa_Alfama,B1824,matched,30.25,55.88,6549.45,10299.8,3750.3499999999995,0.5726206017299161,57.26206017299161,43.736578382247664,0.0,56.26342161775232,0.0,44.15768291981678,0.0,55.8423170801832,0.0,1,2,1,0,1,0,0,2,0.7341305613517761,0.7439400527889249,0.5705397129058838,0.8977214097976685,58.22255942903342,100191.8491875,95.0,cea,MULTI_RES,NONE,NONE,
Baixa_Alfama,B1825,matched,9.27,9.27,2138.71,1995.43,-143.27999999999997,-0.06699365505374734,-6.699365505374734,100.0,0.0,0.0,0.0,100.0,0.0,0.0,0.0,0,0,0,0,0,0,0,0,,,,,17.36692399704063,41101.641875,30.0,cea,MULTI_RES,NONE,NONE,
Baixa_Alfama,B1826,matched,11.94,9.5,1746.53,1632.67,-113.8599999999999,-0.06519212381121418,-6.519212381121418,100.0,0.0,0.0,0.0,100.0,0.0,0.0,0.0,1,1,0,0,0,0,1,1,0.5119109749794006,0.5119109749794006,0.5119109749794006,0.5119109749794006,22.382457519004017,19815.736203125,37.0,cea,MULTI_RES,NONE,NONE,
Baixa_Alfama,B1827,matched,48.19,101.71,12335.49,21588.78,9253.289999999999,0.7501355843991604,75.01355843991604,28.859390363815145,47.6204523107178,23.52015732546706,0.0,34.7113680385688,48.107603629704386,17.18102833172681,0.0,1,4,1,1,1,1,0,4,0.8008226305246353,0.7853579743519433,0.6986266374588013,0.9273255467414856,98.23108338517896,212391.35140625,160.0,cea,MULTI_RES,NONE,NONE,
Baixa_Alfama,B1828,matched,49.09,49.09,13221.51,13044.84,-176.67000000000007,-0.013362316407127482,-1.3362316407127481,100.0,0.0,0.0,0.0,100.0,0.0,0.0,0.0,0,0,0,0,0,0,0,0,,,,,90.06710453684849,123270.77632812501,149.0,cea,MULTI_RES,NONE,NONE,
Baixa_Alfama,B1829,matched,44.58,95.89,11496.88,19149.97,7653.090000000002,0.6656666852224258,66.56666852224258,0.0,0.0,100.0,0.0,0.0,0.0,100.0,0.0,1,1,1,0,0,0,0,1,0.9668234586715698,0.9668234586715697,0.9668234586715698,0.9668234586715698,94.16014015265887,137587.0648125,158.0,cea,MULTI_RES,NONE,NONE,
Baixa_Alfama,B1830,matched,35.44,35.44,9654.14,9530.5,-123.63999999999942,-0.01280694085646152,-1.2806940856461522,100.0,0.0,0.0,0.0,100.0,0.0,0.0,0.0,0,0,0,0,0,0,0,0,,,,,65.93812999789532,120609.2305625,107.0,cea,MULTI_RES,NONE,NONE,
Baixa_Alfama,B1831,matched,111.99,111.99,30577.15,30554.01,-23.140000000003056,-0.0007567742579018337,-0.07567742579018337,100.0,0.0,0.0,0.0,100.0,0.0,0.0,0.0,0,0,0,0,0,0,0,0,,,,,214.12207387924798,465330.443359375,352.0,cea,MULTI_RES,NONE,NONE,
Baixa_Alfama,B1832,matched,20.01,20.01,5058.23,3722.84,-1335.3899999999994,-0.26400341621476275,-26.400341621476276,100.0,0.0,0.0,0.0,100.0,0.0,0.0,0.0,0,0,0,0,0,0,0,0,,,,,40.90495756200355,59843.604117187504,67.0,cea,MULTI_RES,NONE,NONE,
Baixa_Alfama,B1833,matched,63.24,124.7,16329.56,29504.21,13174.65,0.8067976112032412,80.67976112032412,74.6792815907633,25.32071840923668,0.0,0.0,76.9551264008988,23.04487359910121,0.0,0.0,1,3,0,1,1,1,0,3,0.45647887388865155,0.47735491038468947,0.40761598944664,0.5353145003318787,124.7687805209642,282312.02090625,204.0,cea,MULTI_RES,NONE,NONE,
Baixa_Alfama,B1834,matched,121.31,235.27,29764.39,53648.89,23884.5,0.8024521920321566,80.24521920321565,0.0,100.0,0.0,0.0,0.0,100.0,0.0,0.0,1,1,0,0,0,1,0,1,0.8958684206008911,0.8958684206008911,0.8958684206008911,0.8958684206008911,232.65330247373737,560522.8806875,383.0,cea,MULTI_RES,NONE,NONE,
Baixa_Alfama,B1835,matched,27.08,27.08,7137.86,6889.9,-247.96000000000004,-0.034738703196756454,-3.4738703196756453,100.0,0.0,0.0,0.0,100.0,0.0,0.0,0.0,0,0,0,0,0,0,0,0,,,,,51.010159001937055,112932.480625,84.0,cea,MULTI_RES,NONE,NONE,
Baixa_Alfama,B1836,matched,23.79,46.39,6260.41,9436.13,3175.7199999999993,0.5072702906039699,50.72702906039699,56.15434360853633,0.0,43.84565639146367,0.0,56.00149505107536,0.0,43.99850494892465,0.0,1,2,1,0,1,0,0,2,0.922476589679718,0.9139239350134375,0.8531906604766846,0.9917625188827515,45.69811484465833,101030.469484375,76.0,cea,MULTI_RES,NONE,NONE,
Baixa_Alfama,B1837,matched,70.1,69.61,18033.02,16979.36,-1053.6599999999999,-0.05842948102979977,-5.842948102979977,100.0,0.0,0.0,0.0,100.0,0.0,0.0,0.0,0,0,0,0,0,0,0,0,,,,,148.40005146182833,311915.606828125,244.0,cea,MULTI_RES,NONE,NONE,
Baixa_Alfama,B1838,matched,13.37,34.61,3509.11,6103.64,2594.53,0.7393698117186409,73.93698117186409,0.0,100.0,0.0,0.0,0.0,100.0,0.0,0.0,1,2,1,0,1,0,0,2,0.8682974576950073,0.8533230969515746,0.7563250064849854,0.9802699089050293,33.63395855497597,86473.689625,55.0,cea,MULTI_RES,NONE,NONE,
Baixa_Alfama,B1839,matched,21.12,21.12,5533.89,5493.15,-40.74000000000069,-0.0073619099765265825,-0.7361909976526583,100.0,0.0,0.0,0.0,100.0,0.0,0.0,0.0,0,0,0,0,0,0,0,0,,,,,41.025557074948175,101658.2088125,67.0,cea,MULTI_RES,NONE,NONE,
Baixa_Alfama,B1840,matched,21.62,41.26,5464.01,8831.95,3367.9400000000005,0.6163861339931662,61.638613399316625,0.0,0.0,0.0,100.0,0.0,0.0,0.0,100.0,1,2,1,0,1,0,0,2,0.6172576248645782,0.6119480580511182,0.5263330936431885,0.708182156085968,40.51497209183182,88095.73275,68.0,cea,MULTI_RES,NONE,NONE,
Baixa_Alfama,B1841,matched,64.5,126.22,17513.25,32395.45,14882.2,0.8497680327751845,84.97680327751846,0.0,100.0,0.0,0.0,0.0,100.0,0.0,0.0,1,1,0,0,1,0,0,1,0.9717819094657898,0.9717819094657898,0.9717819094657898,0.9717819094657898,123.41472662889402,279638.07496875,204.0,cea,MULTI_RES,NONE,NONE,
Baixa_Alfama,B1842,matched,36.57,36.57,9602.8,9211.4,-391.39999999999964,-0.040758945307618574,-4.0758945307618575,100.0,0.0,0.0,0.0,100.0,0.0,0.0,0.0,0,0,0,0,0,0,0,0,,,,,73.84323546532124,114260.3570078125,121.0,cea,MULTI_RES,NONE,NONE,
Baixa_Alfama,B1843,matched,143.43,190.32,31562.82,39524.95,7962.129999999997,0.2522629473538802,25.226294735388024,34.11622530474989,65.88377469525011,0.0,0.0,37.94176102598925,62.05823897401076,0.0,0.0,1,2,0,0,0,1,1,2,0.719829261302948,0.716635872077367,0.6921780109405518,0.7474805116653442,283.3966067785699,563600.6583046875,466.0,cea,MULTI_RES,NONE,NONE,
Baixa_Alfama,B1844,matched,34.93,34.93,9468.86,9437.47,-31.390000000001237,-0.0033150769997656775,-0.33150769997656776,100.0,0.0,0.0,0.0,100.0,0.0,0.0,0.0,0,0,0,0,0,0,0,0,,,,,66.44223821279405,141488.77190625,107.0,cea,MULTI_RES,NONE,NONE,
Baixa_Alfama,B1845,matched,47.3,84.05,12515.79,18632.49,6116.700000000001,0.4887186506005614,48.87186506005614,0.0,100.0,0.0,0.0,0.0,100.0,0.0,0.0,1,2,1,0,0,1,0,2,0.6236664354801178,0.6299418657741257,0.5318312048912048,0.7155016660690308,89.67785789698641,178196.48428125,149.0,cea,MULTI_RES,NONE,NONE,
Baixa_Alfama,B1846,matched,0.0,0.0,0.0,0.0,0.0,,,,,,,,,,,0,0,0,0,0,0,0,0,,,,,27.961191478567567,69016.23875,46.0,cea,MULTI_RES,NONE,NONE,
Baixa_Alfama,B1847,matched,29.15,18.9,5363.7,3548.12,-1815.58,-0.3384939500717788,-33.84939500717788,100.0,0.0,0.0,0.0,100.0,0.0,0.0,0.0,0,0,0,0,0,0,0,0,,,,,79.14265529262141,121774.177125,131.0,cea,MULTI_RES,NONE,NONE,
Baixa_Alfama,B1848,matched,21.6,41.87,5361.15,7895.43,2534.2800000000007,0.4727120114154614,47.271201141546136,0.0,53.04513971817531,26.630045378552662,20.324814903272035,0.0,52.439586569368466,22.747571900121258,24.812841530510262,1,3,1,1,1,0,0,3,0.630855143070221,0.6426906781267077,0.5878289937973022,0.6765690445899963,40.989847165096066,101520.8199375,66.0,cea,MULTI_RES,NONE,NONE,
Baixa_Alfama,B1849,matched,17.79,17.79,4802.2,4818.25,16.050000000000182,0.0033422181500146145,0.3342218150014615,100.0,0.0,0.0,0.0,100.0,0.0,0.0,0.0,0,0,0,0,0,0,0,0,,,,,33.33587527609312,62399.8905,52.0,cea,MULTI_RES,NONE,NONE,
Baixa_Alfama,B1850,matched,22.94,22.94,6081.61,6094.51,12.900000000000546,0.0021211488405209387,0.21211488405209386,100.0,0.0,0.0,0.0,100.0,0.0,0.0,0.0,0,0,0,0,0,0,0,0,,,,,50.762299920990145,122956.92743750001,84.0,cea,MULTI_RES,NONE,NONE,
Baixa_Alfama,B1851,matched,153.09,153.09,37720.62,37605.04,-115.58000000000175,-0.0030641065814931393,-0.30641065814931395,100.0,0.0,0.0,0.0,100.0,0.0,0.0,0.0,0,0,0,0,0,0,0,0,,,,,285.1004011113688,473913.9475234375,469.0,cea,MULTI_RES,NONE,NONE,
Baixa_Alfama,B1852,matched,17.55,17.55,4141.73,3876.8,-264.9299999999994,-0.06396602385959477,-6.3966023859594765,100.0,0.0,0.0,0.0,100.0,0.0,0.0,0.0,0,0,0,0,0,0,0,0,,,,,49.00953626064907,77651.852109375,82.0,cea,MULTI_RES,NONE,NONE,
Baixa_Alfama,B1853,matched,31.75,61.42,8597.56,13359.78,4762.220000000001,0.5539036656911963,55.39036656911963,0.0,100.0,0.0,0.0,0.0,100.0,0.0,0.0,1,2,0,1,0,1,0,2,0.7500146627426147,0.7450023884769031,0.6727845072746277,0.8272448182106018,59.509975404869024,111999.0463125,98.0,cea,MULTI_RES,NONE,NONE,
Baixa_Alfama,B1854,matched,56.67,84.07,15319.47,20562.67,5243.199999999999,0.3422572713024667,34.22572713024667,33.456232159847765,0.0,0.0,66.54376784015224,36.91256863492837,0.0,0.0,63.08743136507162,1,4,1,1,1,1,0,4,0.7987723499536514,0.808417453690165,0.6546788215637207,0.9893563389778137,114.21279145116263,272108.6698125,187.0,cea,MULTI_RES,NONE,NONE,
Baixa_Alfama,B1855,matched,74.31,156.56,18544.57,34115.47,15570.900000000001,0.8396474008294612,83.96474008294612,50.32575370464997,0.0,49.674246295350024,0.0,55.08107653833713,0.0,44.91892346166287,0.0,1,2,0,1,1,0,0,2,0.9011964797973633,0.902148031712236,0.8130366206169128,0.9893563389778137,154.108437639708,327177.18784375,254.0,cea,MULTI_RES,NONE,NONE,
Baixa_Alfama,B1856,matched,80.15,149.05,20340.4,32971.1,12630.699999999997,0.6209661560244635,62.09661560244635,43.67199033686754,0.0,56.32800966313247,0.0,47.261485626174284,0.0,52.738514373825716,0.0,1,2,1,0,0,1,0,2,0.6223002374172211,0.6073027727425138,0.5037529468536377,0.7408475279808044,145.41110246074467,270816.748984375,244.0,cea,MULTI_RES,NONE,NONE,
Baixa_Alfama,B1857,matched,64.84,64.84,14776.25,14606.83,-169.42000000000007,-0.011465696641570091,-1.1465696641570091,100.0,0.0,0.0,0.0,100.0,0.0,0.0,0.0,0,0,0,0,0,0,0,0,,,,,124.19994828020008,278403.978984375,202.0,cea,MULTI_RES,NONE,NONE,
Baixa_Alfama,B1858,matched,35.86,44.11,8082.92,9012.35,929.4300000000003,0.1149869106708962,11.49869106708962,100.0,0.0,0.0,0.0,100.0,0.0,0.0,0.0,0,0,0,0,0,0,0,0,,,,,97.67678706239425,141943.8808125,164.0,cea,MULTI_RES,NONE,NONE,
Baixa_Alfama,B1859,matched,21.93,48.09,4133.96,11092.17,6958.21,1.683182711008331,168.3182711008331,0.0,0.0,0.0,100.0,0.0,0.0,0.0,100.0,1,1,0,1,0,0,0,1,0.7592039108276367,0.7592039108276367,0.7592039108276367,0.7592039108276367,46.65714350472658,77508.462,78.0,cea,MULTI_RES,NONE,NONE,
Baixa_Alfama,B1860,matched,49.02,93.18,12396.88,17111.78,4714.9,0.38032956679422564,38.03295667942256,0.0,100.0,0.0,0.0,0.0,100.0,0.0,0.0,1,2,1,0,1,0,0,2,0.8086807131767273,0.8088662769380722,0.8067444562911987,0.8106169700622559,93.1315953891,171443.255,152.0,cea,MULTI_RES,NONE,NONE,
Baixa_Alfama,B1861,matched,13.51,19.19,2752.83,3058.76,305.9300000000003,0.11113290686311915,11.113290686311915,4.012506513809276,0.0,95.98749348619073,0.0,2.757301024596594,0.0,97.24269897540341,0.0,1,2,1,0,1,0,0,2,0.8086807131767273,0.8088723856356366,0.8067444562911987,0.8106169700622559,32.82059963987854,52287.569492187504,53.0,cea,MULTI_RES,NONE,NONE,
Baixa_Alfama,B1862,matched,36.29,73.85,9858.64,16708.88,6850.240000000002,0.6948463479749745,69.48463479749745,45.056879739978335,0.0,54.94312026002167,0.0,48.7047344009772,0.0,51.2952655990228,0.0,1,2,1,0,1,0,0,2,0.7072780728340149,0.6966051789329735,0.5993614792823792,0.8151946663856506,72.63914781727088,129812.96978125001,119.0,cea,MULTI_RES,NONE,NONE,
Baixa_Alfama,B1863,matched,62.06,120.17,13999.3,21434.93,7435.630000000001,0.5311429857207147,53.11429857207147,36.22669773635153,0.0,63.77330226364846,0.0,39.92071572944616,0.0,60.079284270553835,0.0,1,2,0,1,1,0,0,2,0.6335253119468689,0.668532554930272,0.5078467130661011,0.7592039108276367,117.13809382666639,252423.34,192.0,cea,MULTI_RES,NONE,NONE,
Baixa_Alfama,B1864,matched,63.18,88.42,12900.21,13666.98,766.7700000000004,0.05943856727913736,5.943856727913736,0.0,100.0,0.0,0.0,0.0,100.0,0.0,0.0,1,2,0,1,1,0,0,2,0.6791525036096573,0.7185309143807235,0.41531553864479065,0.9429894685745239,131.33512488136375,260147.7948125,215.0,cea,MULTI_RES,NONE,NONE,
Baixa_Alfama,B1865,matched,13.02,13.02,2697.73,2813.46,115.73000000000002,0.04289902992515931,4.28990299251593,100.0,0.0,0.0,0.0,100.0,0.0,0.0,0.0,0,0,0,0,0,0,0,0,,,,,34.440143229271214,66114.8449375,56.0,cea,MULTI_RES,NONE,NONE,
Baixa_Alfama,B1866,matched,12.7,12.7,2900.34,2908.59,8.25,0.0028444940937959,0.28444940937958996,100.0,0.0,0.0,0.0,100.0,0.0,0.0,0.0,0,0,0,0,0,0,0,0,,,,,33.5178542230274,56314.099890625,57.0,cea,MULTI_RES,NONE,NONE,
Baixa_Alfama,B1867,matched,28.74,28.74,6079.4,5934.16,-145.23999999999978,-0.023890515511399115,-2.3890515511399113,100.0,0.0,0.0,0.0,100.0,0.0,0.0,0.0,0,0,0,0,0,0,0,0,,,,,56.4005570389281,120402.26725,95.0,cea,MULTI_RES,NONE,NONE,
Baixa_Alfama,B1868,matched,46.03,88.82,11404.4,18848.66,7444.26,0.6527533232787346,65.27533232787346,0.0,100.0,0.0,0.0,0.0,100.0,0.0,0.0,1,2,0,1,1,0,0,2,0.6791525036096573,0.6789837974225625,0.41531553864479065,0.9429894685745239,86.21437586120479,182373.1806875,142.0,cea,MULTI_RES,NONE,NONE,
Baixa_Alfama,B1869,matched,15.23,15.23,3903.09,3793.94,-109.15000000000009,-0.027965022584670117,-2.7965022584670116,100.0,0.0,0.0,0.0,100.0,0.0,0.0,0.0,0,0,0,0,0,0,0,0,,,,,28.545796324500618,65493.891625000004,45.0,cea,MULTI_RES,NONE,NONE,
Baixa_Alfama,B1870,matched,20.65,20.65,3946.6,3764.85,-181.75,-0.04605229818071251,-4.605229818071251,100.0,0.0,0.0,0.0,100.0,0.0,0.0,0.0,0,0,0,0,0,0,0,0,,,,,42.59832290588167,89251.517125,63.0,cea,MULTI_RES,NONE,NONE,
Baixa_Alfama,B1871,matched,27.81,52.8,4981.01,8650.77,3669.76,0.7367501771729027,73.67501771729027,51.590909090909086,0.0,48.40909090909091,0.0,59.021901282813346,0.0,40.97809871718664,0.0,1,2,1,0,1,0,0,2,0.8393580317497253,0.8369752029737668,0.7381865382194519,0.9405295252799988,52.12267732055516,139226.09875,85.0,cea,MULTI_RES,NONE,NONE,
Baixa_Alfama,B1872,matched,53.0,99.48,14100.4,25482.77,11382.37,0.807237383336643,80.7237383336643,55.10204081632652,0.0,0.0,44.89795918367348,57.37066468934175,0.0,0.0,42.62933531065825,1,3,0,1,1,1,0,3,0.7255563537279764,0.6704195378416948,0.5385363698005676,0.9894062876701355,97.02772565622888,242023.567125,159.0,cea,MULTI_RES,NONE,NONE,
Baixa_Alfama,B1873,matched,59.35,130.0,11507.62,21398.89,9891.269999999999,0.8595408955109742,85.95408955109743,0.0,0.0,51.99999999999999,48.0,0.0,0.0,46.24671913737229,53.753280862627705,1,2,1,1,0,0,0,2,0.7606396079063416,0.7617660348180315,0.7312015891075134,0.7900776267051697,124.320538916462,157302.94984375002,202.0,cea,MULTI_RES,NONE,NONE,
Baixa_Alfama,B1874,matched,18.68,37.19,4027.29,7419.14,3391.8500000000004,0.8422164780783108,84.22164780783108,0.0,0.0,0.0,100.0,0.0,0.0,0.0,100.0,1,2,0,1,0,1,0,2,0.8778376281261444,0.8863870433278258,0.814620316028595,0.9410549402236938,36.180150946928144,54175.18625,59.0,cea,MULTI_RES,NONE,NONE,
Baixa_Alfama,B1875,matched,26.56,26.56,6886.28,6617.56,-268.71999999999935,-0.03902252014149866,-3.902252014149866,100.0,0.0,0.0,0.0,100.0,0.0,0.0,0.0,0,0,0,0,0,0,0,0,,,,,49.766228203642704,68112.6165625,82.0,cea,MULTI_RES,NONE,NONE,
Baixa_Alfama,B1876,matched,0.0,0.0,0.0,0.0,0.0,,,,,,,,,,,1,3,1,1,0,1,0,3,0.8030696312586466,0.8188321634900424,0.6389300227165222,0.899264395236969,93.88637970967966,179784.817984375,155.0,cea,MULTI_RES,NONE,NONE,
Baixa_Alfama,B1877,matched,43.56,80.87,11558.2,15931.12,4372.92,0.3783391877628004,37.83391877628004,0.0,82.35439594410785,0.0,17.645604055892175,0.0,82.78217652020031,0.0,17.217823479799673,1,3,1,1,0,1,0,3,0.5607701937357584,0.580839578411418,0.42848771810531616,0.6442000269889832,81.6433446581546,182882.59634375002,134.0,cea,MULTI_RES,NONE,NONE,
Baixa_Alfama,B1878,matched,52.75,104.15,11998.72,17028.64,5029.92,0.4192047151696181,41.92047151696181,0.0,0.0,100.0,0.0,0.0,0.0,100.0,0.0,1,1,1,0,0,0,0,1,0.7781684994697571,0.7781684994697571,0.7781684994697571,0.7781684994697571,102.57367745170816,223717.476625,171.0,cea,MULTI_RES,NONE,NONE,
Baixa_Alfama,B1879,matched,36.44,36.44,9680.23,9418.76,-261.46999999999935,-0.027010721852683186,-2.7010721852683184,100.0,0.0,0.0,0.0,100.0,0.0,0.0,0.0,0,0,0,0,0,0,0,0,,,,,67.20288827304765,64352.757039062504,108.0,cea,MULTI_RES,NONE,NONE,
Baixa_Alfama,B1880,matched,52.92,52.92,14011.09,13943.33,-67.76000000000022,-0.00483616906322065,-0.48361690632206494,100.0,0.0,0.0,0.0,100.0,0.0,0.0,0.0,0,0,0,0,0,0,0,0,,,,,98.82145105512338,196000.96387500002,164.0,cea,MULTI_RES,NONE,NONE,
Baixa_Alfama,B1881,matched,45.95,88.59,10273.48,17713.78,7440.299999999999,0.7242239241230819,72.42239241230818,0.0,0.0,0.0,100.0,0.0,0.0,0.0,100.0,1,2,0,1,0,1,0,2,0.798456072807312,0.7934709630972647,0.766579270362854,0.83033287525177,86.08555235137484,154106.3444375,137.0,cea,MULTI_RES,NONE,NONE,
Baixa_Alfama,B1882,matched,53.8,100.0,14483.75,25056.29,10572.54,0.729958746871494,72.9958746871494,0.0,0.0,0.0,100.0,0.0,0.0,0.0,100.0,1,2,0,1,0,1,0,2,0.798456072807312,0.7956245740718615,0.766579270362854,0.83033287525177,97.99899465242301,198230.676796875,163.0,cea,MULTI_RES,NONE,NONE,
Baixa_Alfama,B1883,matched,33.15,64.23,8964.98,15781.55,6816.57,0.7603552935979779,76.03552935979779,0.0,0.0,0.0,100.0,0.0,0.0,0.0,100.0,1,2,0,1,0,1,0,2,0.8310456871986389,0.8516623648745137,0.6651855111122131,0.9969058632850647,62.913998122182875,116646.2443125,103.0,cea,MULTI_RES,NONE,NONE,
Baixa_Alfama,B1884,matched,31.04,59.3,6162.22,11529.13,5366.909999999999,0.8709377464615023,87.09377464615024,49.35086831900185,25.5606137244984,0.0,25.088517956499746,50.96453944790679,21.391054577987497,0.0,27.644405974105734,1,3,0,1,0,1,1,3,0.7821754217147827,0.7389509485499729,0.6015790104866028,0.9014886617660522,58.17247013234255,126716.22137500001,96.0,cea,MULTI_RES,NONE,NONE,
Baixa_Alfama,B1885,matched,31.99,61.23,5734.97,10907.89,5172.919999999999,0.9019959999790755,90.19959999790755,51.821002776416805,24.236485382982202,0.0,23.942511840601018,53.004346165949414,20.487685738172512,0.0,26.50796809587808,1,3,0,1,1,1,0,3,0.9419448574384054,0.9256738434213749,0.8835601210594177,0.9974793791770935,59.95490364470904,130334.93771875,101.0,cea,MULTI_RES,NONE,NONE,
Baixa_Alfama,B1886,matched,18.41,18.41,3872.62,3912.81,40.190000000000055,0.010377986995883938,1.0377986995883939,100.0,0.0,0.0,0.0,100.0,0.0,0.0,0.0,0,0,0,0,0,0,0,0,,,,,40.55345192538031,79726.3015,65.0,cea,MULTI_RES,NONE,NONE,
Baixa_Alfama,B1887,matched,31.48,31.48,8545.66,8816.56,270.89999999999964,0.03170030167359802,3.1700301673598017,100.0,0.0,0.0,0.0,100.0,0.0,0.0,0.0,0,0,0,0,0,0,0,0,,,,,62.06916512545642,138822.1696875,100.0,cea,MULTI_RES,NONE,NONE,
Baixa_Alfama,B1888,matched,195.96,195.96,50202.25,50393.39,191.13999999999942,0.003807399070758769,0.3807399070758769,100.0,0.0,0.0,0.0,100.0,0.0,0.0,0.0,0,0,0,0,0,0,0,0,,,,,392.8730917764163,755312.9733984375,646.0,cea,MULTI_RES,NONE,NONE,
Baixa_Alfama,B1889,matched,86.69,159.07,24350.8,36235.28,11884.48,0.48805295924569214,48.805295924569215,0.0,0.0,47.095800854915765,52.90419914508423,0.0,0.0,43.591490260557215,56.40850973944278,1,2,1,1,0,0,0,2,0.7878024578094482,0.7982887031355802,0.5780130624771118,0.9975918531417847,158.55288464820183,376566.5795625,261.0,cea,MULTI_RES,NONE,NONE,
Baixa_Alfama,B1890,matched,78.14,150.37,18082.54,35085.26,17002.72,0.9402838318068147,94.02838318068147,56.52810109743932,31.207183239108744,0.0,12.264715663451947,56.82427946654825,32.14055532582638,0.0,11.035165207625381,1,3,0,1,1,1,0,3,0.7433596253395081,0.6907525205913903,0.640869140625,0.9368161559104919,151.51197924987284,326106.970125,249.0,cea,MULTI_RES,NONE,NONE,
Baixa_Alfama,B1891,matched,27.86,27.86,7166.8,7171.95,5.149999999999636,0.0007185912820226092,0.07185912820226092,100.0,0.0,0.0,0.0,100.0,0.0,0.0,0.0,0,0,0,0,0,0,0,0,,,,,58.295474806054024,115124.3601640625,95.0,cea,MULTI_RES,NONE,NONE,
Baixa_Alfama,B1892,matched,1.83,1.83,492.17,480.67,-11.5,-0.023365910152995915,-2.3365910152995917,100.0,0.0,0.0,0.0,100.0,0.0,0.0,0.0,0,0,0,0,0,0,0,0,,,,,7.078638992264218,11967.053062500001,12.0,cea,MULTI_RES,NONE,NONE,
Baixa_Alfama,B1893,matched,36.34,74.13,9192.69,18464.08,9271.390000000001,1.0085611502182714,100.85611502182714,25.08767197194497,0.0,21.688697059616942,53.223630968438094,27.76339657358069,0.0,19.108745446871723,53.127857979547585,1,3,1,1,1,0,0,3,0.7397441665331522,0.7626930273475864,0.4609711766242981,0.9704815745353699,71.72519880557695,118719.849234375,121.0,cea,MULTI_RES,NONE,NONE,
Baixa_Alfama,B1894,matched,12.67,12.67,3273.31,3256.21,-17.09999999999991,-0.0052240698253449595,-0.5224069825344959,100.0,0.0,0.0,0.0,100.0,0.0,0.0,0.0,0,0,0,0,0,0,0,0,,,,,23.743618688031844,61361.994875000004,40.0,cea,MULTI_RES,NONE,NONE,
Baixa_Alfama,B1895,matched,13.25,13.25,3354.37,3338.58,-15.789999999999964,-0.004707292278430812,-0.47072922784308124,100.0,0.0,0.0,0.0,100.0,0.0,0.0,0.0,0,0,0,0,0,0,0,0,,,,,24.825820481357802,52915.3439375,40.0,cea,MULTI_RES,NONE,NONE,
Baixa_Alfama,B1896,matched,25.03,48.38,6092.87,10789.76,4696.89,0.7708830157216551,77.0883015721655,0.0,0.0,0.0,100.0,0.0,0.0,0.0,100.0,1,2,0,1,0,1,0,2,0.9561850130558014,0.9572356849300205,0.9323738813400269,0.9799961447715759,46.914068016340785,49990.495375,79.0,cea,MULTI_RES,NONE,NONE,
Baixa_Alfama,B1897,matched,25.68,49.33,4886.58,8799.32,3912.74,0.8007113359445666,80.07113359445665,0.0,0.0,0.0,100.0,0.0,0.0,0.0,100.0,1,2,0,1,0,1,0,2,0.981507807970047,0.9817505935734132,0.9728521108627319,0.9901635050773621,48.12071476903278,66506.972,78.0,cea,MULTI_RES,NONE,NONE,
Baixa_Alfama,B1898,matched,92.12,92.12,25274.41,25091.88,-182.52999999999884,-0.007221929216151785,-0.7221929216151785,100.0,0.0,0.0,0.0,100.0,0.0,0.0,0.0,0,0,0,0,0,0,0,0,,,,,166.9213030273304,274398.96025,275.0,cea,MULTI_RES,NONE,NONE,
Baixa_Alfama,B1899,matched,14.94,14.94,3254.14,3235.98,-18.159999999999854,-0.005580583502860927,-0.5580583502860926,100.0,0.0,0.0,0.0,100.0,0.0,0.0,0.0,0,0,0,0,0,0,0,0,,,,,27.995993688030687,44888.626312500004,47.0,cea,MULTI_RES,NONE,NONE,
Baixa_Alfama,B1900,matched,34.63,70.92,9383.07,15632.95,6249.880000000001,0.6660805045683343,66.60805045683344,0.0,100.0,0.0,0.0,0.0,100.0,0.0,0.0,1,2,0,1,0,1,0,2,0.8852234780788422,0.8870781835094452,0.8625681400299072,0.9078788161277771,69.26879633746782,132907.982125,115.0,cea,MULTI_RES,NONE,NONE,
Baixa_Alfama,B1901,matched,8.69,8.69,1175.5,1174.2,-1.2999999999999545,-0.0011059123777115733,-0.11059123777115733,100.0,0.0,0.0,0.0,100.0,0.0,0.0,0.0,0,0,0,0,0,0,0,0,,,,,24.63409577783289,42539.15209375,41.0,cea,MULTI_RES,NONE,NONE,
Baixa_Alfama,B1902,matched,3.05,3.05,445.5,454.44,8.939999999999998,0.020067340067340064,2.0067340067340065,100.0,0.0,0.0,0.0,100.0,0.0,0.0,0.0,0,0,0,0,0,0,0,0,,,,,22.512152923775123,63690.003625000005,36.0,cea,MULTI_RES,NONE,NONE,
Baixa_Alfama,B1903,matched,141.25,141.25,37074.61,36747.15,-327.4599999999991,-0.008832459734573044,-0.8832459734573044,100.0,0.0,0.0,0.0,100.0,0.0,0.0,0.0,0,0,0,0,0,0,0,0,,,,,253.13902251014312,477425.12503125,416.0,cea,MULTI_RES,NONE,NONE,
Baixa_Alfama,B1904,matched,0.0,0.0,0.0,0.0,0.0,,,,,,,,,,,0,0,0,0,0,0,0,0,,,,,24.32209728517406,38709.841484375,40.0,cea,MULTI_RES,NONE,NONE,
Baixa_Alfama,B1905,matched,6.73,6.73,816.39,820.73,4.340000000000032,0.005316086674261115,0.5316086674261115,100.0,0.0,0.0,0.0,100.0,0.0,0.0,0.0,0,0,0,0,0,0,0,0,,,,,45.2733879728411,60758.73828125,76.0,cea,MULTI_RES,NONE,NONE,
Baixa_Alfama,B1906,matched,9.52,4.58,1454.95,663.13,-791.82,-0.5442248874531771,-54.42248874531771,100.0,0.0,0.0,0.0,100.0,0.0,0.0,0.0,0,0,0,0,0,0,0,0,,,,,31.505456515319388,38081.7640234375,51.0,cea,MULTI_RES,NONE,NONE,
Baixa_Alfama,B1907,matched,74.21,74.21,20168.63,20116.86,-51.77000000000044,-0.0025668575406460645,-0.2566857540646064,100.0,0.0,0.0,0.0,100.0,0.0,0.0,0.0,0,0,0,0,0,0,0,0,,,,,139.55845807647106,231270.7437109375,227.0,cea,MULTI_RES,NONE,NONE,
Baixa_Alfama,B1908,matched,36.71,49.55,8095.62,9735.34,1639.7200000000003,0.2025440917434366,20.25440917434366,0.0,0.0,0.0,100.0,0.0,0.0,0.0,100.0,1,2,0,1,0,1,0,2,0.884858250617981,0.8848451021988522,0.8762665390968323,0.8934499621391296,69.95901995977327,158451.98825,116.0,cea,MULTI_RES,NONE,NONE,
Baixa_Alfama,B1909,matched,40.79,70.2,10928.53,18413.41,7484.879999999999,0.6848935767207482,68.48935767207482,62.66381766381767,0.0,0.0,37.33618233618235,65.92350069934922,0.0,0.0,34.07649930065077,1,3,0,1,1,1,0,3,0.7804728150367737,0.8005545875843765,0.7095896005630493,0.8332872986793518,76.98855630324644,162955.468921875,127.0,cea,MULTI_RES,NONE,NONE,
Baixa_Alfama,B1910,matched,18.83,36.42,4553.35,8576.04,4022.6900000000005,0.8834572347831816,88.34572347831816,60.279989020038435,39.72001097996157,0.0,0.0,64.4876940493596,35.512305950640396,0.0,0.0,1,2,0,0,1,1,0,2,0.9473492801189423,0.9567804851281863,0.901417076587677,0.9932814836502075,35.284207569174356,41854.737625,57.0,cea,MULTI_RES,NONE,NONE,
Baixa_Alfama,B1911,matched,32.34,55.83,7370.26,10501.59,3131.33,0.42486018132331826,42.48601813233183,30.460490951442388,0.0,33.50654004658662,36.03296900197097,32.90203975116563,0.0,32.96136805168166,34.1365921971527,1,4,1,1,1,1,0,4,0.5580402240157127,0.566220974046689,0.4201652705669403,0.6990688443183899,66.32404229970058,151810.6286875,110.0,cea,MULTI_RES,NONE,NONE,
Baixa_Alfama,B1912,matched,66.26,66.26,15792.91,15692.7,-100.20999999999913,-0.006345252394903734,-0.6345252394903734,100.0,0.0,0.0,0.0,100.0,0.0,0.0,0.0,0,0,0,0,0,0,0,0,,,,,131.95323988152438,259731.979359375,217.0,cea,MULTI_RES,NONE,NONE,
Baixa_Alfama,B1913,matched,18.95,18.95,3732.8,3678.04,-54.76000000000022,-0.014669952850407258,-1.466995285040726,100.0,0.0,0.0,0.0,100.0,0.0,0.0,0.0,0,0,0,0,0,0,0,0,,,,,81.20053705825859,105570.4314375,132.0,cea,MULTI_RES,NONE,NONE,
Baixa_Alfama,B1914,matched,18.36,18.36,4400.3,4421.96,21.659999999999854,0.004922391655114391,0.49223916551143904,100.0,0.0,0.0,0.0,100.0,0.0,0.0,0.0,0,0,0,0,0,0,0,0,,,,,34.41504218155686,32909.916,57.0,cea,MULTI_RES,NONE,NONE,
Baixa_Alfama,B1915,matched,18.22,34.82,2510.59,4545.76,2035.17,0.8106341537248216,81.06341537248215,0.0,42.578237151880565,57.42176284811944,0.0,0.0,40.30726650708733,59.69273349291267,0.0,1,3,1,1,0,1,0,3,0.7333601613839468,0.6267605027150817,0.440181702375412,0.9008364677429199,34.17167474127439,70968.62290625,56.0,cea,MULTI_RES,NONE,NONE,
Baixa_Alfama,B1916,matched,16.12,16.12,3403.2,3624.76,221.5600000000004,0.06510343206393994,6.510343206393994,100.0,0.0,0.0,0.0,100.0,0.0,0.0,0.0,0,0,0,0,0,0,0,0,,,,,30.21198807789577,69565.3838125,49.0,cea,MULTI_RES,NONE,NONE,
Baixa_Alfama,B1917,matched,18.11,18.11,4499.18,4520.89,21.710000000000036,0.004825323725656683,0.4825323725656683,100.0,0.0,0.0,0.0,100.0,0.0,0.0,0.0,0,0,0,0,0,0,0,0,,,,,32.50487585413022,57696.30846875,58.0,cea,MULTI_RES,NONE,NONE,
Baixa_Alfama,B1918,matched,28.5,56.79,7058.93,11213.33,4154.4,0.5885311229888949,58.853112298889485,0.0,100.0,0.0,0.0,0.0,100.0,0.0,0.0,1,2,0,1,0,1,0,2,0.9463914036750793,0.9466552480239344,0.9424795508384705,0.9503032565116882,54.84668607777793,93615.78865625,89.0,cea,MULTI_RES,NONE,NONE,
Baixa_Alfama,B1920,matched,26.43,50.17,6824.42,10091.1,3266.6800000000003,0.4786751108519113,47.867511085191126,100.0,0.0,0.0,0.0,100.0,0.0,0.0,0.0,1,1,0,0,1,0,0,1,0.8319799900054932,0.8319799900054932,0.8319799900054932,0.8319799900054932,49.529302467176585,70483.668671875,85.0,cea,MULTI_RES,NONE,NONE,
Baixa_Alfama,B1921,matched,26.26,26.26,6966.87,6319.29,-647.5799999999999,-0.09295135405138892,-9.295135405138891,100.0,0.0,0.0,0.0,100.0,0.0,0.0,0.0,0,0,0,0,0,0,0,0,,,,,51.34663454166934,108305.7161875,84.0,cea,MULTI_RES,NONE,NONE,
Baixa_Alfama,B1922,matched,32.17,29.53,5984.43,5678.29,-306.1400000000003,-0.051156083369677696,-5.115608336967769,100.0,0.0,0.0,0.0,100.0,0.0,0.0,0.0,0,0,0,0,0,0,0,0,,,,,76.19667605030581,161503.6130625,124.0,cea,MULTI_RES,NONE,NONE,
Baixa_Alfama,B1923,matched,12.42,12.42,3306.26,3267.24,-39.02000000000044,-0.011801854663577709,-1.1801854663577709,100.0,0.0,0.0,0.0,100.0,0.0,0.0,0.0,0,0,0,0,0,0,0,0,,,,,23.28494019736001,38154.87478125,38.0,cea,MULTI_RES,NONE,NONE,
Baixa_Alfama,B1924,matched,40.19,40.19,10556.94,10536.69,-20.25,-0.0019181694695622027,-0.19181694695622026,100.0,0.0,0.0,0.0,100.0,0.0,0.0,0.0,0,0,0,0,0,0,0,0,,,,,75.32488155878264,33034.4395859375,123.0,cea,MULTI_RES,NONE,NONE,
Baixa_Alfama,B1925,matched,34.45,34.45,9392.96,9391.8,-1.1599999999998545,-0.00012349674649949054,-0.012349674649949054,100.0,0.0,0.0,0.0,100.0,0.0,0.0,0.0,0,0,0,0,0,0,0,0,,,,,67.13457174473169,53467.4500625,112.0,cea,MULTI_RES,NONE,NONE,
Baixa_Alfama,B1926,matched,25.88,44.0,5021.63,6738.95,1717.3199999999997,0.34198457472971916,34.19845747297192,0.0,100.0,0.0,0.0,0.0,100.0,0.0,0.0,1,1,0,0,1,0,0,1,0.4942502975463867,0.4942502975463867,0.4942502975463867,0.4942502975463867,74.05492276695128,87845.17315625,121.0,cea,MULTI_RES,NONE,NONE,
Baixa_Alfama,B1927,matched,25.44,50.68,6771.18,10402.28,3631.1000000000004,0.5362580820477376,53.62580820477376,0.0,53.90686661404893,21.606156274664563,24.486977111286503,0.0,51.47395880148715,20.074156139418324,28.45188505909452,1,3,1,1,1,0,0,3,0.6570061842600504,0.6339262893846448,0.5298165678977966,0.8442455530166626,49.072564763048845,124960.03925,83.0,cea,MULTI_RES,NONE,NONE,
Baixa_Alfama,B1928,matched,26.6,26.6,6694.62,6373.71,-320.90999999999985,-0.04793550642157432,-4.793550642157432,100.0,0.0,0.0,0.0,100.0,0.0,0.0,0.0,0,0,0,0,0,0,0,0,,,,,56.43776082874758,136599.735875,93.0,cea,MULTI_RES,NONE,NONE,
Baixa_Alfama,B1929,matched,8.2,8.2,1111.02,1082.48,-28.539999999999964,-0.025688106424726794,-2.5688106424726795,100.0,0.0,0.0,0.0,100.0,0.0,0.0,0.0,0,0,0,0,0,0,0,0,,,,,38.45585525898543,82488.6579375,61.0,cea,MULTI_RES,NONE,NONE,
Baixa_Alfama,B1930,matched,0.0,0.0,0.0,0.0,0.0,,,,,,,,,,,0,0,0,0,0,0,0,0,,,,,11.265168682108294,22807.138875,19.0,cea,MULTI_RES,NONE,NONE,
Baixa_Alfama,B1931,matched,36.85,36.85,7742.65,7652.54,-90.10999999999967,-0.011638134230528266,-1.1638134230528265,100.0,0.0,0.0,0.0,100.0,0.0,0.0,0.0,0,0,0,0,0,0,0,0,,,,,91.73074066755383,223059.526,151.0,cea,MULTI_RES,NONE,NONE,
Baixa_Alfama,B1932,matched,25.98,53.17,6803.62,10795.4,3991.7799999999997,0.586714131594651,58.671413159465104,0.0,0.0,0.0,100.0,0.0,0.0,0.0,100.0,1,1,0,0,0,1,0,1,0.7461915612220764,0.7461915612220763,0.7461915612220764,0.7461915612220764,52.29524279025776,84938.85146875,86.0,cea,MULTI_RES,NONE,NONE,
Baixa_Alfama,B1933,matched,5.06,0.39,606.94,49.7,-557.24,-0.9181138168517481,-91.81138168517481,0.0,0.0,0.0,100.0,0.0,0.0,0.0,100.0,1,1,0,0,0,1,0,1,0.9097771048545837,0.9097771048545836,0.9097771048545837,0.9097771048545837,27.758034422375943,38209.14425,45.0,cea,MULTI_RES,NONE,NONE,
Baixa_Alfama,B1934,matched,37.81,76.37,9203.14,16889.81,7686.670000000002,0.8352225436101159,83.52225436101159,51.381432499672655,0.0,48.618567500327366,0.0,58.27032069350295,0.0,41.72967930649706,0.0,1,2,0,0,1,1,0,2,0.7659412622451782,0.7663650275577105,0.7474716305732727,0.7844108939170837,74.43264575849432,114718.5254609375,123.0,cea,MULTI_RES,NONE,NONE,
Baixa_Alfama,B1935,matched,38.41,75.44,10287.67,20277.07,9989.4,0.971007040466889,97.1007040466889,50.37115588547191,49.6288441145281,0.0,0.0,50.33804264502003,49.661957354979975,0.0,0.0,1,2,0,0,1,1,0,2,0.6909150332212448,0.6924053061164726,0.49242398142814636,0.8894060850143433,73.25165601700019,144116.97134375,122.0,cea,MULTI_RES,NONE,NONE,
Baixa_Alfama,B1936,matched,60.68,113.05,14292.37,20740.96,6448.589999999998,0.4511910900711357,45.11910900711357,0.0,0.0,100.0,0.0,0.0,0.0,100.0,0.0,1,1,1,0,0,0,0,1,0.368598073720932,0.368598073720932,0.368598073720932,0.368598073720932,111.67428383174394,193918.4970859375,185.0,cea,MULTI_RES,NONE,NONE,
Baixa_Alfama,B1937,matched,44.52,90.89,11019.66,20427.73,9408.07,0.8537532010969485,85.37532010969485,51.52382000220046,0.0,48.47617999779954,0.0,59.23413570624436,0.0,40.76586429375563,0.0,1,2,0,1,1,0,0,2,0.9263352453708649,0.9245664599133253,0.8681308031082153,0.9845396876335144,87.58953536079709,214253.979625,144.0,cea,MULTI_RES,NONE,NONE,
Baixa_Alfama,B1938,matched,34.85,34.85,9131.25,9249.14,117.88999999999942,0.012910609171800072,1.2910609171800072,100.0,0.0,0.0,0.0,100.0,0.0,0.0,0.0,0,0,0,0,0,0,0,0,,,,,69.60136444514241,163678.118375,114.0,cea,MULTI_RES,NONE,NONE,
Baixa_Alfama,B1939,matched,17.16,17.16,3781.02,3882.34,101.32000000000016,0.026797001867221056,2.6797001867221057,100.0,0.0,0.0,0.0,100.0,0.0,0.0,0.0,0,0,0,0,0,0,0,0,,,,,38.88325975050292,84605.618375,66.0,cea,MULTI_RES,NONE,NONE,
Baixa_Alfama,B1940,matched,6.0,17.08,839.01,1662.7,823.69,0.9817403845007807,98.17403845007807,0.0,100.0,0.0,0.0,0.0,100.0,0.0,0.0,1,1,0,1,0,0,0,1,0.7600420117378235,0.7600420117378234,0.7600420117378235,0.7600420117378235,46.1808010979742,81214.215,77.0,cea,MULTI_RES,NONE,NONE,
Baixa_Alfama,B1941,matched,9.55,9.55,2033.62,2102.41,68.78999999999996,0.03382637857613515,3.382637857613515,100.0,0.0,0.0,0.0,100.0,0.0,0.0,0.0,0,0,0,0,0,0,0,0,,,,,17.890852245890848,22753.72884375,31.0,cea,MULTI_RES,NONE,NONE,
Baixa_Alfama,B1942,matched,44.63,86.03,12135.07,19399.66,7264.59,0.5986442599836672,59.86442599836672,0.0,100.0,0.0,0.0,0.0,100.0,0.0,0.0,1,2,0,1,0,1,0,2,0.8487899899482727,0.8578021022267717,0.7126966118812561,0.9848833680152893,83.66570766823091,179172.46584375,137.0,cea,MULTI_RES,NONE,NONE,
Baixa_Alfama,B1943,matched,29.15,50.03,7382.67,12912.67,5530.0,0.7490514949198596,74.90514949198595,75.46981207516993,0.0,24.530187924830066,0.0,80.46223078620763,0.0,19.53776921379238,0.0,1,2,0,0,1,1,0,2,0.7567101418972015,0.6665463442124864,0.5797081589698792,0.9337121248245239,48.51097915295197,119321.7924375,78.0,cea,MULTI_RES,NONE,NONE,
Baixa_Alfama,B1944,matched,18.95,43.89,2967.03,6716.74,3749.7099999999996,1.26379241194056,126.379241194056,49.908842297174104,0.0,50.09115770282588,0.0,43.9390471566029,0.0,56.06095284339708,0.0,1,2,0,0,1,1,0,2,0.7567101418972015,0.753252482678008,0.5797081589698792,0.9337121248245239,44.462455979880865,110552.5948125,74.0,cea,MULTI_RES,NONE,NONE,
Baixa_Alfama,B1945,matched,15.22,15.22,2549.27,2808.71,259.44000000000005,0.10177031071640119,10.177031071640119,100.0,0.0,0.0,0.0,100.0,0.0,0.0,0.0,0,0,0,0,0,0,0,0,,,,,32.64350265306696,74273.1289375,54.0,cea,MULTI_RES,NONE,NONE,
Baixa_Alfama,B1946,matched,12.3,23.78,3090.3,5667.0,2576.7,0.8338025434423841,83.38025434423841,50.778291964661335,0.0,49.221708035338665,0.0,56.46193782789738,0.0,43.538062172102634,0.0,1,2,0,1,0,1,0,2,0.7420254647731781,0.74044686091682,0.6404399275779724,0.8436110019683838,23.047967018205796,54302.262500000004,37.0,cea,MULTI_RES,NONE,NONE,
Baixa_Alfama,B1947,matched,23.97,39.4,6098.54,11357.25,5258.71,0.8622899907190902,86.22899907190902,100.0,0.0,0.0,0.0,100.0,0.0,0.0,0.0,1,2,0,0,1,0,1,2,0.5462375581264496,0.5439028346818877,0.48112958669662476,0.6113455295562744,51.218542401899846,115560.18950000001,85.0,cea,MULTI_RES,NONE,NONE,
Baixa_Alfama,B1948,matched,21.95,46.51,5470.23,10148.87,4678.640000000001,0.8552912766008014,85.52912766008014,0.0,100.0,0.0,0.0,0.0,100.0,0.0,0.0,1,1,0,0,0,1,0,1,0.7143917083740234,0.7143917083740233,0.7143917083740234,0.7143917083740234,44.411682618052104,59906.513562500004,72.0,cea,MULTI_RES,NONE,NONE,
Baixa_Alfama,B1949,matched,21.39,32.93,3684.49,3267.41,-417.0799999999999,-0.11319884163072771,-11.319884163072771,0.0,100.0,0.0,0.0,0.0,100.0,0.0,0.0,1,2,0,1,1,0,0,2,0.8134046196937561,0.8166393342572468,0.7828983664512634,0.8439108729362488,40.122307112293385,58745.4706015625,67.0,cea,MULTI_RES,NONE,NONE,
Baixa_Alfama,B1950,matched,30.43,62.42,8075.28,12163.79,4088.510000000001,0.506299471968774,50.6299471968774,0.0,48.133311969235706,51.866688030764294,0.0,0.0,52.26937777818542,47.73062222181459,0.0,1,2,0,1,0,1,0,2,0.9695249199867249,0.9688910855138949,0.9526039958000183,0.9864458441734314,61.345040249350205,139221.096875,101.0,cea,MULTI_RES,NONE,NONE,
Baixa_Alfama,B1951,matched,19.31,19.31,5137.03,4981.45,-155.57999999999993,-0.030285982367243315,-3.0285982367243314,100.0,0.0,0.0,0.0,100.0,0.0,0.0,0.0,1,1,0,0,0,0,1,1,0.3485221266746521,0.3485221266746521,0.3485221266746521,0.3485221266746521,36.18152855515015,76249.78234375,59.0,cea,MULTI_RES,NONE,NONE,
Baixa_Alfama,B1952,matched,33.09,69.57,7504.63,12793.9,5289.2699999999995,0.7048009029092706,70.48009029092705,0.0,100.0,0.0,0.0,0.0,100.0,0.0,0.0,1,1,0,0,0,1,0,1,0.9647217988967896,0.9647217988967894,0.9647217988967896,0.9647217988967896,67.31732125656598,167250.938,110.0,cea,MULTI_RES,NONE,NONE,
Baixa_Alfama,B1953,matched,27.81,27.81,4956.48,4674.82,-281.65999999999985,-0.05682661889082572,-5.682661889082572,100.0,0.0,0.0,0.0,100.0,0.0,0.0,0.0,0,0,0,0,0,0,0,0,,,,,61.08210583715617,132672.8351875,99.0,cea,MULTI_RES,NONE,NONE,
Baixa_Alfama,B1954,matched,33.67,64.17,7782.7,13680.3,5897.599999999999,0.757783288575944,75.7783288575944,46.49423496416329,0.0,53.5057650358367,0.0,50.78381807685333,0.0,49.21618192314667,0.0,1,2,0,1,0,1,0,2,0.9064714014530182,0.9059926280134869,0.8996387720108032,0.9133040308952332,63.0965432482545,89721.9880390625,104.0,cea,MULTI_RES,NONE,NONE,
Baixa_Alfama,B1955,matched,39.43,75.96,10447.97,18758.62,8310.65,0.7954320312941174,79.54320312941175,48.703435566671054,0.0,51.29656443332894,0.0,54.270277987789385,0.0,45.72972201221061,0.0,1,2,1,0,1,0,0,2,0.7778978049755096,0.772640807160028,0.5743628740310669,0.9814327359199524,73.90087789313793,181205.43375,122.0,cea,MULTI_RES,NONE,NONE,
Baixa_Alfama,B1956,matched,62.16,62.16,14081.35,14552.11,470.7600000000002,0.03343145366033798,3.3431453660337977,100.0,0.0,0.0,0.0,100.0,0.0,0.0,0.0,0,0,0,0,0,0,0,0,,,,,136.5464489558,201180.4435625,225.0,cea,MULTI_RES,NONE,NONE,
Baixa_Alfama,B1957,matched,47.28,47.28,11384.69,11275.55,-109.14000000000124,-0.009586558790797223,-0.9586558790797223,100.0,0.0,0.0,0.0,100.0,0.0,0.0,0.0,0,0,0,0,0,0,0,0,,,,,100.53688213291852,144964.570125,166.0,cea,MULTI_RES,NONE,NONE,
Baixa_Alfama,B1958,matched,108.35,205.36,30127.53,50481.46,20353.93,0.6755923900830901,67.559239008309,25.736403914504113,21.695311358878236,0.0,52.56828472661768,28.44440608376777,19.97312222290322,0.0,51.58247169332901,1,3,1,1,1,0,0,3,0.6999066869417826,0.7698669364981714,0.42312300205230713,0.9190344214439392,203.07121412301439,486660.3953125,334.0,cea,MULTI_RES,NONE,NONE,
Baixa_Alfama,B1959,matched,0.66,0.66,180.42,180.42,0.0,0.0,0.0,100.0,0.0,0.0,0.0,100.0,0.0,0.0,0.0,0,0,0,0,0,0,0,0,,,,,3.465956869227686,4031.32675,6.0,cea,MULTI_RES,NONE,NONE,
Baixa_Alfama,B1960,matched,68.37,98.85,18891.95,24578.15,5686.200000000001,0.3009853403169075,30.09853403169075,35.18462316641376,64.81537683358626,0.0,0.0,35.65344237612708,64.34655762387291,0.0,0.0,1,2,0,0,0,1,1,2,0.7327554523944855,0.7313982527121601,0.5723252892494202,0.8931856155395508,127.8084584558647,260179.9981875,212.0,cea,MULTI_RES,NONE,NONE,
Baixa_Alfama,B1961,matched,44.48,44.79,10362.75,10131.26,-231.48999999999978,-0.022338664929675983,-2.233866492967598,100.0,0.0,0.0,0.0,100.0,0.0,0.0,0.0,0,0,0,0,0,0,0,0,,,,,87.54911528051207,192339.56365625001,145.0,cea,MULTI_RES,NONE,NONE,
Baixa_Alfama,B1962,matched,1.97,1.97,539.08,533.83,-5.25,-0.009738814276174223,-0.9738814276174222,100.0,0.0,0.0,0.0,100.0,0.0,0.0,0.0,0,0,0,0,0,0,0,0,,,,,12.640499986692472,30690.248375,21.0,cea,MULTI_RES,NONE,NONE,
Baixa_Alfama,B1963,matched,5.4,5.4,1381.05,1372.96,-8.089999999999918,-0.005857861771840207,-0.5857861771840207,100.0,0.0,0.0,0.0,100.0,0.0,0.0,0.0,0,0,0,0,0,0,0,0,,,,,10.119379663806429,7335.40278125,15.0,cea,MULTI_RES,NONE,NONE,
Baixa_Alfama,B1964,matched,0.33,0.33,88.87,88.96,0.0899999999999892,0.0010127152019802992,0.10127152019802992,100.0,0.0,0.0,0.0,100.0,0.0,0.0,0.0,0,0,0,0,0,0,0,0,,,,,1.9678741580377914,619.4246875,4.0,cea,MULTI_RES,NONE,NONE,
Baixa_Alfama,B1967,matched,135.86,135.86,37183.3,37194.59,11.289999999993597,0.00030363093108986015,0.030363093108986015,100.0,0.0,0.0,0.0,100.0,0.0,0.0,0.0,0,0,0,0,0,0,0,0,,,,,254.62517057675132,545278.9459921875,417.0,cea,MULTI_RES,NONE,NONE,
Baixa_Alfama,B1968,matched,80.54,154.68,17957.48,32082.21,14124.73,0.7865652641684691,78.6565264168469,55.35587303639537,0.0,44.64412696360462,0.0,63.74526301499493,0.0,36.254736985005046,0.0,1,2,1,0,1,0,0,2,0.9068935215473175,0.9167673549464389,0.8146778345108032,0.9991092085838318,150.94013514487108,310673.390421875,248.0,cea,MULTI_RES,NONE,NONE,
Baixa_Alfama,B1969,matched,14.49,14.49,3925.46,3914.6,-10.860000000000127,-0.002766554747723866,-0.2766554747723866,100.0,0.0,0.0,0.0,100.0,0.0,0.0,0.0,0,0,0,0,0,0,0,0,,,,,27.39949113902739,36457.86725,45.0,cea,MULTI_RES,NONE,NONE,
Baixa_Alfama,B1971,matched,85.62,160.45,23404.59,38518.3,15113.710000000003,0.6457583747461504,64.57583747461504,51.754440635712065,0.0,48.24555936428794,0.0,56.79669620669797,0.0,43.20330379330204,0.0,1,2,1,0,1,0,0,2,0.786607027053833,0.7935041526193819,0.5898431539535522,0.9833709001541138,156.77925961235695,331015.69371875003,257.0,cea,MULTI_RES,NONE,NONE,
Baixa_Alfama,B1972,matched,45.04,86.15,12303.02,17557.09,5254.07,0.42705530837144046,42.705530837144046,0.0,100.0,0.0,0.0,0.0,100.0,0.0,0.0,1,1,0,1,0,0,0,1,0.8837891817092896,0.8837891817092896,0.8837891817092896,0.8837891817092896,84.12989247612607,131983.473578125,140.0,cea,MULTI_RES,NONE,NONE,
Baixa_Alfama,B1973,matched,106.7,200.99,27224.03,49732.57,22508.54,0.826789420963759,82.67894209637589,52.771144278606975,23.606965174129353,0.0,23.62189054726369,50.79645959652681,23.862615425870555,0.0,25.340924977602626,1,3,0,1,1,1,0,3,0.6848645806312561,0.6154740374057767,0.42410093545913696,0.8895673155784607,199.96858583249076,444318.910875,330.0,cea,MULTI_RES,NONE,NONE,
EUA_1_Pro,B1003,matched,126.13,186.01,32413.63,42931.14,10517.509999999998,0.3244780050861319,32.44780050861319,34.05021775364267,65.94978224635733,0.0,0.0,34.41376715885456,65.5862328411454,0.0,0.0,1,2,0,1,0,1,0,2,0.9981022775173187,0.9981102451547726,0.9976096153259277,0.9985949397087097,240.5197373075855,485944.63162500004,397.0,cea,MULTI_RES,NONE,NONE,
EUA_1_Pro,B1004,matched,120.67,237.4,31328.31,51144.83,19816.52,0.6325435365010114,63.25435365010114,0.0,100.0,0.0,0.0,0.0,100.0,0.0,0.0,1,2,0,1,0,1,0,2,0.9959379136562347,0.9959185967381373,0.9951106905937195,0.99676513671875,234.9731577045585,489043.429234375,386.0,cea,MULTI_RES,NONE,NONE,
EUA_1_Pro,B1005,matched,124.31,238.71,29135.44,51249.2,22113.76,0.7589986627969236,75.89986627969236,52.14677669333556,0.0,47.853223306664425,0.0,59.27224427448557,0.0,40.72775572551442,0.0,1,2,1,0,1,0,0,2,0.9956513941287994,0.9956425197421171,0.9936386942863464,0.9976640939712524,246.40961092436055,498712.398703125,407.0,cea,MULTI_RES,NONE,NONE,
EUA_1_Pro,B1009,matched,19.23,34.98,2923.57,5914.25,2990.68,1.02295481209617,102.295481209617,29.902801600914806,70.09719839908519,0.0,0.0,27.451406615088025,72.54859338491197,0.0,0.0,1,2,0,0,1,1,0,2,0.7078905999660492,0.715941774048477,0.6290975213050842,0.7866836786270142,53.34289675933517,131528.94975,89.0,cea,MULTI_RES,NONE,NONE,
EUA_1_Pro,B1011,matched,40.78,78.67,11199.25,23251.19,12051.939999999999,1.0761381342500613,107.61381342500613,100.0,0.0,0.0,0.0,100.0,0.0,0.0,0.0,1,1,0,0,1,0,0,1,0.9184209704399109,0.9184209704399109,0.9184209704399109,0.9184209704399109,76.47038252428983,123271.99396875,126.0,cea,MULTI_RES,NONE,NONE,
EUA_1_Pro,B1012,matched,38.64,38.64,9781.72,9753.89,-27.829999999999927,-0.0028451029062373416,-0.2845102906237342,100.0,0.0,0.0,0.0,100.0,0.0,0.0,0.0,0,0,0,0,0,0,0,0,,,,,72.43910843544705,152326.27071875,118.0,cea,MULTI_RES,NONE,NONE,
EUA_1_Pro,B1018,matched,132.38,251.2,36289.06,61115.17,24826.11,0.6841210546649596,68.41210546649596,50.509513573760046,0.0,49.49048642623994,0.0,53.788628812109096,0.0,46.21137118789093,0.0,1,2,1,0,1,0,0,2,0.9995032250881195,0.9995016873330721,0.9993532299995422,0.9996532201766968,248.21305377072636,534514.463140625,409.0,cea,MULTI_RES,NONE,NONE,
EUA_1_Pro,B1019,matched,120.65,229.01,32941.47,56157.11,23215.64,0.7047542201365027,70.47542201365027,49.79037470521443,0.0,50.20962529478557,0.0,53.229150029214914,0.0,46.7708499707851,0.0,1,2,1,0,1,0,0,2,0.9561690390110016,0.9560771250046524,0.934761643409729,0.9775764346122742,226.2261309466292,423395.234921875,373.0,cea,MULTI_RES,NONE,NONE,
EUA_1_Pro,B1020,matched,123.52,234.77,33904.43,57307.35,23402.92,0.6902614201153064,69.02614201153064,50.057498189871794,0.0,49.9425018101282,0.0,54.3227498196099,0.0,45.6772501803901,0.0,1,2,1,0,1,0,0,2,0.9994298815727234,0.9994295056088933,0.9991127848625183,0.9997469782829285,231.6097197762818,496859.2701875,379.0,cea,MULTI_RES,NONE,NONE,
EUA_1_Pro,B1024,matched,79.74,153.31,21885.24,37050.02,15164.779999999995,0.6929227186907703,69.29227186907703,49.973907371167655,0.0,50.02609262883235,0.0,55.73436497571732,0.0,44.265635024282666,0.0,1,2,1,0,1,0,0,2,0.9758824408054352,0.9758838506156327,0.9727876782417297,0.9789772033691406,149.521593963863,260256.79878125,246.0,cea,MULTI_RES,NONE,NONE,
EUA_1_Pro,B1025,matched,68.94,131.43,18869.01,32367.42,13498.41,0.715374574500729,71.5374574500729,50.159793029980214,0.0,49.84020697001979,0.0,54.76333682259693,0.0,45.23666317740307,0.0,1,2,1,0,1,0,0,2,0.9997762739658356,0.9997756994000583,0.9996004700660706,0.9999520778656006,129.26577895712103,237021.3285,212.0,cea,MULTI_RES,NONE,NONE,
EUA_1_Pro,B1026,matched,236.77,448.79,48379.56,82043.28,33663.72,0.6958252617427692,69.58252617427692,0.0,100.0,0.0,0.0,0.0,100.0,0.0,0.0,1,2,0,1,0,1,0,2,0.922089546918869,0.9233122720119414,0.8916369676589966,0.9525421261787415,444.5994526250636,787386.3004375,730.0,cea,MULTI_RES,NONE,NONE,
EUA_1_Pro,B1031,matched,512.47,512.47,140687.13,140695.61,8.479999999981374,6.027559166201893e-05,0.006027559166201893,100.0,0.0,0.0,0.0,100.0,0.0,0.0,0.0,0,0,0,0,0,0,0,0,,,,,958.4355348286732,2344336.00278125,1577.0,cea,MULTI_RES,NONE,NONE,
EUA_1_Pro,B1032,matched,242.66,242.66,65965.18,65967.24,2.0600000000122236,3.1228596662848855e-05,0.0031228596662848853,100.0,0.0,0.0,0.0,100.0,0.0,0.0,0.0,0,0,0,0,0,0,0,0,,,,,455.0019764721348,1154592.063375,749.0,cea,MULTI_RES,NONE,NONE,
EUA_1_Pro,B1033,matched,184.79,198.15,50053.39,53697.07,3643.6800000000003,0.07279586857153932,7.279586857153932,100.0,0.0,0.0,0.0,100.0,0.0,0.0,0.0,1,1,0,0,0,0,1,1,0.9787181615829468,0.9787181615829468,0.9787181615829468,0.9787181615829468,371.591097741187,820723.56625,609.0,cea,MULTI_RES,NONE,NONE,
EUA_1_Pro,B1034,matched,86.49,163.33,23745.2,43312.72,19567.52,0.8240621262402507,82.40621262402506,0.0,23.80894060012247,0.0,76.1910593998775,0.0,24.00893019310321,0.0,75.99106980689677,1,3,0,1,1,1,0,3,0.8584362268447876,0.8442560238521951,0.7737779021263123,0.9976449608802795,162.16593239298544,229540.2105625,269.0,cea,MULTI_RES,NONE,NONE,
EUA_1_Pro,B1035,matched,240.67,344.36,45967.53,50004.91,4037.3800000000047,0.08783112775474351,8.78311277547435,0.0,66.8544546404925,33.14554535950749,0.0,0.0,66.63087471380499,33.36912528619503,0.0,1,3,0,1,0,1,1,3,0.6943569580713908,0.6427299077462565,0.5385878682136536,0.9308848977088928,572.2327528927275,783921.7446875001,945.0,cea,MULTI_RES,NONE,NONE,
EUA_1_Pro,B1036,matched,228.03,228.03,60941.28,60746.2,-195.08000000000175,-0.003201114252933344,-0.3201114252933344,100.0,0.0,0.0,0.0,100.0,0.0,0.0,0.0,0,0,0,0,0,0,0,0,,,,,429.5209251206026,864891.248796875,710.0,cea,MULTI_RES,NONE,NONE,
EUA_1_Pro,B1037,matched,55.41,55.41,12499.85,12430.28,-69.56999999999971,-0.005565666788001433,-0.5565666788001433,100.0,0.0,0.0,0.0,100.0,0.0,0.0,0.0,0,0,0,0,0,0,0,0,,,,,103.49055636195004,164140.983125,171.0,cea,MULTI_RES,NONE,NONE,
EUA_1_Pro,B1038,matched,169.2,169.2,46486.31,46512.14,25.830000000001746,0.0005556474583592836,0.05556474583592836,100.0,0.0,0.0,0.0,100.0,0.0,0.0,0.0,1,1,0,0,0,0,1,1,0.9944338202476501,0.9944338202476501,0.9944338202476501,0.9944338202476501,317.2621596071456,716679.0925156251,523.0,cea,MULTI_RES,NONE,NONE,
EUA_1_Pro,B1039,matched,178.67,342.97,47977.18,74541.11,26563.93,0.5536784362899195,55.367843628991956,0.0,100.0,0.0,0.0,0.0,100.0,0.0,0.0,1,2,0,1,0,1,0,2,0.6806717813014984,0.6807200709235408,0.6648674011230469,0.69647616147995,335.1360833259603,677474.1604375,551.0,cea,MULTI_RES,NONE,NONE,
EUA_1_Pro,B1040,matched,237.74,241.64,64282.62,64794.06,511.43999999999505,0.007956116287730573,0.7956116287730572,100.0,0.0,0.0,0.0,100.0,0.0,0.0,0.0,1,1,0,0,0,0,1,1,0.9995267391204834,0.9995267391204834,0.9995267391204834,0.9995267391204834,453.1329202002057,792440.3724375,746.0,cea,MULTI_RES,NONE,NONE,
EUA_1_Pro,B1041,matched,119.51,119.51,24312.9,24251.33,-61.56999999999971,-0.0025324004952103495,-0.25324004952103496,100.0,0.0,0.0,0.0,100.0,0.0,0.0,0.0,0,0,0,0,0,0,0,0,,,,,288.0270704750693,585374.201265625,483.0,cea,MULTI_RES,NONE,NONE,
EUA_1_Pro,B1042,matched,152.53,152.53,41078.49,40651.97,-426.5199999999968,-0.010383049620373019,-1.038304962037302,100.0,0.0,0.0,0.0,100.0,0.0,0.0,0.0,0,0,0,0,0,0,0,0,,,,,293.13160497324736,620849.0385625,478.0,cea,MULTI_RES,NONE,NONE,
EUA_1_Pro,B1043,matched,160.84,306.25,35455.15,54854.77,19399.619999999995,0.5471594394608398,54.715943946083975,0.0,100.0,0.0,0.0,0.0,100.0,0.0,0.0,1,2,0,1,0,1,0,2,0.8303766846656799,0.8301289730877972,0.6676775217056274,0.9930758476257324,301.58986332378305,516572.39565625,495.0,cea,MULTI_RES,NONE,NONE,
EUA_1_Pro,B1044,matched,140.52,151.83,26714.83,29454.5,2739.6699999999983,0.10255240254195883,10.255240254195883,100.0,0.0,0.0,0.0,100.0,0.0,0.0,0.0,1,1,0,0,0,0,1,1,0.9942453503608704,0.9942453503608703,0.9942453503608704,0.9942453503608704,378.399470896239,817752.3991562501,624.0,cea,MULTI_RES,NONE,NONE,
EUA_1_Pro,B1045,matched,184.47,352.35,50075.71,79554.38,29478.670000000006,0.5886820176888157,58.86820176888157,0.0,100.0,0.0,0.0,0.0,100.0,0.0,0.0,1,2,0,1,0,1,0,2,0.6806763708591461,0.6833126101435804,0.5651003122329712,0.796252429485321,345.96378225826004,667788.729046875,576.0,cea,MULTI_RES,NONE,NONE,
EUA_1_Pro,B1046,matched,318.99,318.99,87613.03,87262.88,-350.1499999999942,-0.00399655165447416,-0.39965516544741597,100.0,0.0,0.0,0.0,100.0,0.0,0.0,0.0,0,0,0,0,0,0,0,0,,,,,598.1213934422376,1310516.2767187501,986.0,cea,MULTI_RES,NONE,NONE,
EUA_1_Pro,B1048,matched,0.0,0.0,0.0,0.0,0.0,,,,,,,,,,,0,0,0,0,0,0,0,0,,,,,267.6921900816732,155256.4173203125,442.0,cea,MULTI_RES,NONE,NONE,
EUA_1_Pro,B1049,matched,525.78,533.84,144364.53,146603.72,2239.1900000000023,0.015510665950978417,1.5510665950978417,100.0,0.0,0.0,0.0,100.0,0.0,0.0,0.0,1,1,0,0,0,0,1,1,0.9992068409919739,0.9992068409919739,0.9992068409919739,0.9992068409919739,1001.0919698779919,2056529.9856796875,1648.0,cea,MULTI_RES,NONE,NONE,
EUA_1_Pro,B1050,matched,580.39,575.38,138407.87,136537.4,-1870.4700000000012,-0.013514188174415236,-1.3514188174415236,100.0,0.0,0.0,0.0,100.0,0.0,0.0,0.0,1,1,0,0,0,0,1,1,0.9960848093032837,0.9960848093032836,0.9960848093032837,0.9960848093032837,1079.0614351904087,1969952.347734375,1777.0,cea,MULTI_RES,NONE,NONE,
EUA_1_Pro,B1051,matched,143.62,273.31,39303.83,65991.6,26687.770000000004,0.679011943619744,67.9011943619744,49.93047932674716,0.0,50.06952067325283,0.0,54.42290805853648,0.0,45.57709194146351,0.0,1,2,1,0,1,0,0,2,0.9129302501678467,0.9130418387711657,0.8371176719665527,0.9887428283691406,269.3035375922859,563569.372375,446.0,cea,MULTI_RES,NONE,NONE,
EUA_1_Pro,B1054,matched,175.32,335.49,41753.97,72980.85,31226.880000000005,0.7478781059621398,74.78781059621397,50.07153502235469,0.0,49.928464977645305,0.0,53.66384739451643,0.0,46.33615260548357,0.0,1,2,1,0,1,0,0,2,0.995958536863327,0.9959552901379323,0.9934950470924377,0.9984220266342163,328.7338932952323,622920.79434375,541.0,cea,MULTI_RES,NONE,NONE,
EUA_1_Pro,B1055,matched,131.84,249.15,35226.25,56514.33,21288.08,0.6043243319967354,60.43243319967354,0.0,100.0,0.0,0.0,0.0,100.0,0.0,0.0,1,2,0,1,0,1,0,2,0.9824853241443634,0.9825207532237511,0.977937638759613,0.9870330095291138,247.20407091600435,546679.5353125,408.0,cea,MULTI_RES,NONE,NONE,
EUA_1_Pro,B1056,matched,125.62,243.42,33506.17,53700.62,20194.450000000004,0.6027083966923109,60.270839669231094,0.0,100.0,0.0,0.0,0.0,100.0,0.0,0.0,1,2,0,1,0,1,0,2,0.9975154399871826,0.9974486402401913,0.9955663084983826,0.9994645714759827,240.40067946008026,487335.0708125,397.0,cea,MULTI_RES,NONE,NONE,
EUA_1_Pro,B1057,matched,126.15,239.79,34642.18,54850.82,20208.64,0.5833535880247721,58.33535880247721,0.0,100.0,0.0,0.0,0.0,100.0,0.0,0.0,1,2,0,1,0,1,0,2,0.9297885894775391,0.9298446108120816,0.8626344799995422,0.9969426989555359,236.5356584716793,540315.86796875,390.0,cea,MULTI_RES,NONE,NONE,
EUA_1_Pro,B1058,matched,143.19,273.46,36265.1,62103.8,25838.700000000004,0.71249493314509,71.24949331450901,49.925031998537214,0.0,50.074968001462786,0.0,53.4173841876805,0.0,46.5826158123195,0.0,1,2,1,0,1,0,0,2,0.9948030412197113,0.9948078436960466,0.991644561290741,0.9979615211486816,268.4983597037415,611161.7611875,443.0,cea,MULTI_RES,NONE,NONE,
EUA_1_Pro,B1059,matched,154.06,293.17,42130.91,70552.9,28421.98999999999,0.6746113482951113,67.46113482951112,50.01534840888162,0.0,49.984651591118386,0.0,54.732126922006685,0.0,45.26787307799333,0.0,1,2,1,0,1,0,0,2,0.9853409826755524,0.9853379501423905,0.9732710123062134,0.9974109530448914,288.8784527220046,621288.2040625,478.0,cea,MULTI_RES,NONE,NONE,
EUA_1_Pro,B1060,matched,129.42,245.63,35273.31,59520.58,24247.270000000004,0.6874112466337864,68.74112466337864,51.27839752463154,0.0,48.72160247536846,0.0,54.71049255909279,0.0,45.289507440907215,0.0,1,2,1,0,1,0,0,2,0.9998388588428497,0.9998353816203472,0.9997027516365051,0.9999749660491943,242.67824041891254,537820.28021875,400.0,cea,MULTI_RES,NONE,NONE,
EUA_1_Pro,B1061,matched,163.54,309.3,40997.45,69599.63,28602.180000000008,0.6976575372370722,69.76575372370722,50.28290601054029,0.0,49.71709398945974,0.0,54.23589576255041,0.0,45.764104237449594,0.0,1,2,1,0,1,0,0,2,0.9996456801891327,0.999644859550102,0.9995012283325195,0.9997901320457458,306.6488034511967,609785.8807890625,506.0,cea,MULTI_RES,NONE,NONE,
EUA_1_Pro,B1062,matched,132.18,250.25,36111.81,60726.89,24615.08,0.6816351769684212,68.16351769684212,50.44350327633052,0.0,49.55649672366949,0.0,53.612913713796914,0.0,46.387086286203065,0.0,1,2,1,0,1,0,0,2,0.9999478459358215,0.9999475472411531,0.9999144077301025,0.9999812841415405,247.83780582819261,557910.617875,409.0,cea,MULTI_RES,NONE,NONE,
EUA_1_Pro,B1063,matched,134.8,255.45,36444.47,60099.93,23655.46,0.6490822887532731,64.90822887532731,48.84913489391684,0.0,51.15086510608313,0.0,52.27405294088556,0.0,47.72594705911446,0.0,1,2,1,0,1,0,0,2,0.9998289942741394,0.9998324737248678,0.9996782541275024,0.9999797344207764,252.7563713998658,544122.4698046875,413.0,cea,MULTI_RES,NONE,NONE,
EUA_1_Pro,B1064,matched,104.17,197.81,28018.96,44342.82,16323.86,0.5826004962354063,58.26004962354063,0.0,100.0,0.0,0.0,0.0,100.0,0.0,0.0,1,2,0,1,0,1,0,2,0.9916945695877075,0.9916943848978472,0.9914849400520325,0.9919041991233826,195.3199402770069,364423.9005625,321.0,cea,MULTI_RES,NONE,NONE,
EUA_1_Pro,B1065,matched,93.53,179.16,23902.17,36509.81,12607.64,0.527468426506882,52.746842650688194,0.0,100.0,0.0,0.0,0.0,100.0,0.0,0.0,1,2,0,1,0,1,0,2,0.9857349097728729,0.985750786954611,0.97918701171875,0.9922828078269958,175.40979473472862,382958.01671875,290.0,cea,MULTI_RES,NONE,NONE,
EUA_1_Pro,B1066,matched,99.25,188.28,26592.63,42042.22,15449.59,0.5809726228658091,58.09726228658091,0.0,100.0,0.0,0.0,0.0,100.0,0.0,0.0,1,2,0,1,0,1,0,2,0.996557354927063,0.9965575973538644,0.9948006868362427,0.9983140230178833,186.1016589288956,332819.311546875,307.0,cea,MULTI_RES,NONE,NONE,
EUA_1_Pro,B1067,matched,121.44,121.61,31263.22,23753.36,-7509.860000000001,-0.24021389991178133,-24.021389991178133,49.88074677193848,0.0,50.11925322806151,0.0,50.29264305578196,0.0,49.707356944218034,0.0,1,2,0,1,0,1,0,2,0.998471200466156,0.9984738118372444,0.9974241256713867,0.9995182752609253,227.72009030719065,486043.32421875,375.0,cea,MULTI_RES,NONE,NONE,
EUA_1_Pro,B1068,matched,74.19,74.19,20297.67,20271.2,-26.469999999997526,-0.001304090568030593,-0.1304090568030593,100.0,0.0,0.0,0.0,100.0,0.0,0.0,0.0,0,0,0,0,0,0,0,0,,,,,139.08421515585343,291893.182875,229.0,cea,MULTI_RES,NONE,NONE,
EUA_1_Pro,B1069,matched,81.32,155.41,22277.19,37807.9,15530.710000000003,0.6971574960755824,69.71574960755824,50.03217089177713,0.0,49.96782910822289,0.0,55.21135372063183,0.0,44.78864627936817,0.0,1,2,1,0,1,0,0,2,0.9926494359970093,0.992649977044536,0.9918645620346069,0.9934343099594116,152.48178235119937,322939.896046875,251.0,cea,MULTI_RES,NONE,NONE,
EUA_1_Pro,B1070,matched,76.89,145.34,21048.3,33869.99,12821.689999999999,0.6091556087665037,60.91556087665037,0.0,100.0,0.0,0.0,0.0,100.0,0.0,0.0,1,2,0,1,0,1,0,2,0.9979988932609558,0.9979985764506671,0.9977869987487793,0.9982107877731323,144.1802737739858,273733.83790625003,237.0,cea,MULTI_RES,NONE,NONE,
EUA_1_Pro,B1071,matched,74.13,140.7,20266.83,33824.81,13557.979999999996,0.6689738849144141,66.89738849144142,50.0497512437811,0.0,49.950248756218905,0.0,53.7981454556667,0.0,46.20185454433332,0.0,1,2,1,0,1,0,0,2,0.9951814115047455,0.9951851847928191,0.9913647174835205,0.9989981055259705,139.0011435942833,288687.136953125,231.0,cea,MULTI_RES,NONE,NONE,
EUA_1_Pro,B1072,matched,71.41,71.41,19389.0,19252.79,-136.20999999999913,-0.0070251173345711035,-0.7025117334571104,100.0,0.0,0.0,0.0,100.0,0.0,0.0,0.0,0,0,0,0,0,0,0,0,,,,,133.9051635644298,298530.688625,219.0,cea,MULTI_RES,NONE,NONE,
EUA_1_Pro,B1073,matched,93.59,178.26,24256.01,41295.73,17039.720000000005,0.7024947631535444,70.24947631535444,50.01121704991589,0.0,49.988782950084136,0.0,53.036828520242175,0.0,46.96317147975782,0.0,1,2,1,0,1,0,0,2,0.9989336729049683,0.9989337228298278,0.9987096786499023,0.9991576671600342,175.56254732794577,379638.374875,289.0,cea,MULTI_RES,NONE,NONE,
EUA_1_Pro,B1074,matched,111.92,211.72,28946.13,47799.52,18853.389999999996,0.6513267922171286,65.13267922171286,0.0,100.0,0.0,0.0,0.0,100.0,0.0,0.0,1,2,0,1,0,1,0,2,0.9964922070503235,0.9964900994657013,0.9954447746276855,0.9975396394729614,209.88418712796846,407601.3085625,345.0,cea,MULTI_RES,NONE,NONE,
EUA_1_Pro,B1075,matched,65.84,124.43,17837.93,28839.03,11001.099999999999,0.6167251469200742,61.67251469200742,0.0,100.0,0.0,0.0,0.0,100.0,0.0,0.0,1,2,0,1,0,1,0,2,0.9970032274723053,0.9970029310708326,0.9948603510856628,0.9991461038589478,123.45617746409927,228267.10915625,203.0,cea,MULTI_RES,NONE,NONE,
EUA_1_Pro,B1076,matched,103.61,196.54,27172.08,46347.63,19175.549999999996,0.7057078442283401,70.57078442283401,52.032768534066065,0.0,47.96723146593397,0.0,54.65394836044647,0.0,45.346051639553515,0.0,1,2,1,0,1,0,0,2,0.9994361400604248,0.9994227655990708,0.9991068243980408,0.9997654557228088,194.27060199805737,409701.58296875004,322.0,cea,MULTI_RES,NONE,NONE,
EUA_1_Pro,B1077,matched,157.45,298.36,40997.53,67905.64,26908.11,0.6563349060297048,65.63349060297048,0.0,100.0,0.0,0.0,0.0,100.0,0.0,0.0,1,2,0,1,0,1,0,2,0.9927153289318085,0.9927156490868065,0.9925351142883301,0.9928955435752869,295.2224779187909,610238.6749375,486.0,cea,MULTI_RES,NONE,NONE,
EUA_1_Pro,B1079,matched,249.46,249.41,67323.5,65239.95,-2083.550000000003,-0.030948331563272896,-3.0948331563272897,100.0,0.0,0.0,0.0,100.0,0.0,0.0,0.0,0,0,0,0,0,0,0,0,,,,,464.8037797366276,1071025.59009375,766.0,cea,MULTI_RES,NONE,NONE,
EUA_1_Pro,B1085,matched,133.61,196.36,36396.83,49247.25,12850.419999999998,0.35306426411311087,35.30642641131109,34.77618780872842,65.22381219127159,0.0,0.0,34.604573798453316,65.3954262015467,0.0,0.0,1,2,0,1,0,1,0,2,0.999303787946701,0.9993037315225282,0.9989370703697205,0.9996705055236816,255.2397724816858,533733.1774375,421.0,cea,MULTI_RES,NONE,NONE,
EUA_1_Pro,B1086,matched,120.81,121.15,32875.88,24975.51,-7900.369999999999,-0.2403090046563012,-24.03090046563012,49.95047052996532,0.0,50.04952947003467,0.0,49.14140760855684,0.0,50.85859239144317,0.0,1,2,0,1,0,1,0,2,0.9990383982658386,0.9990389344033692,0.9984740614891052,0.999602735042572,226.51910467834284,482360.46084375,373.0,cea,MULTI_RES,NONE,NONE,
EUA_1_Pro,B1087,matched,127.81,127.81,34347.39,34367.97,20.580000000001746,0.0005991721641732239,0.05991721641732239,100.0,0.0,0.0,0.0,100.0,0.0,0.0,0.0,0,0,0,0,0,0,0,0,,,,,239.6522685734382,505885.22665625,393.0,cea,MULTI_RES,NONE,NONE,
EUA_1_Pro,B1088,matched,121.78,231.32,32638.96,52068.07,19429.11,0.5952735626380252,59.527356263802524,0.0,100.0,0.0,0.0,0.0,100.0,0.0,0.0,1,2,0,1,0,1,0,2,0.9955373108386993,0.9955422285558855,0.993509829044342,0.9975647926330566,228.34937117029048,486572.18503125,376.0,cea,MULTI_RES,NONE,NONE,
EUA_1_Pro,B1089,matched,126.22,238.08,33775.36,54747.46,20972.1,0.620928984916815,62.0928984916815,0.0,100.0,0.0,0.0,0.0,100.0,0.0,0.0,1,2,0,1,0,1,0,2,0.9935329854488373,0.9935143981311432,0.9906347393989563,0.9964312314987183,236.66895341526262,513533.8045,391.0,cea,MULTI_RES,NONE,NONE,
EUA_1_Pro,B1090,matched,138.26,260.69,36214.66,58683.25,22468.589999999997,0.620428025556501,62.0428025556501,0.0,100.0,0.0,0.0,0.0,100.0,0.0,0.0,1,2,0,1,0,1,0,2,0.990566611289978,0.9905835666469972,0.9871810078620911,0.993952214717865,259.5526405094437,490208.117640625,428.0,cea,MULTI_RES,NONE,NONE,
EUA_1_Pro,B1091,matched,113.33,214.07,30784.76,54958.57,24173.81,0.7852525080591826,78.52525080591826,0.0,23.74813153961136,0.0,76.25186846038862,0.0,24.594604383182503,0.0,75.40539561681753,1,3,0,1,1,1,0,3,0.904600977897644,0.8822494065456983,0.8165987133979797,0.9718824625015259,212.50050926076128,454332.82478125003,349.0,cea,MULTI_RES,NONE,NONE,
EUA_1_Pro,B1092,matched,105.3,202.51,28017.0,43662.43,15645.43,0.5584263125959239,55.84263125959239,0.0,100.0,0.0,0.0,0.0,100.0,0.0,0.0,1,2,0,1,0,1,0,2,0.9685877561569214,0.9686100405483101,0.9416994452476501,0.9954760670661926,198.9995682565251,425120.37759375,328.0,cea,MULTI_RES,NONE,NONE,
EUA_1_Pro,B1093,matched,123.47,232.8,32985.48,51446.19,18460.71,0.5596617056959607,55.96617056959607,0.0,100.0,0.0,0.0,0.0,100.0,0.0,0.0,1,2,0,1,0,1,0,2,0.9971413910388947,0.9971416718475813,0.9969078898429871,0.9973748922348022,231.52243218395148,494740.905765625,381.0,cea,MULTI_RES,NONE,NONE,
EUA_1_Pro,B1094,matched,116.68,219.95,28981.05,48947.44,19966.390000000003,0.6889463977323114,68.89463977323113,0.0,100.0,0.0,0.0,0.0,100.0,0.0,0.0,1,2,0,1,0,1,0,2,0.9925515353679657,0.9925494402195629,0.9868566393852234,0.998246431350708,218.78038222249367,502089.816375,360.0,cea,MULTI_RES,NONE,NONE,
EUA_1_Pro,B1095,matched,119.98,225.17,32275.15,50506.23,18231.08,0.5648642996237043,56.48642996237043,0.0,100.0,0.0,0.0,0.0,100.0,0.0,0.0,1,2,0,1,0,1,0,2,0.9872180819511414,0.9872188656111406,0.9779108166694641,0.9965253472328186,225.0414054966589,480000.2721875,372.0,cea,MULTI_RES,NONE,NONE,
EUA_1_Pro,B1096,matched,116.77,220.12,30140.38,48088.87,17948.49,0.5954964735016612,59.549647350166126,0.0,100.0,0.0,0.0,0.0,100.0,0.0,0.0,1,2,0,1,0,1,0,2,0.998975396156311,0.9989750391983503,0.9985682964324951,0.999382495880127,218.95301297106866,508592.4428125,361.0,cea,MULTI_RES,NONE,NONE,
EUA_1_Pro,B1097,matched,121.44,224.81,32454.47,49638.24,17183.769999999997,0.5294731357498673,52.94731357498673,0.0,100.0,0.0,0.0,0.0,100.0,0.0,0.0,1,2,0,1,0,1,0,2,0.9883751571178436,0.9883806654337303,0.9821122884750366,0.9946380257606506,228.10057563581836,479679.00865625,376.0,cea,MULTI_RES,NONE,NONE,
EUA_1_Pro,B1098,matched,106.38,202.96,27712.76,43967.83,16255.070000000003,0.5865554351136446,58.65554351136446,0.0,100.0,0.0,0.0,0.0,100.0,0.0,0.0,1,2,0,1,0,1,0,2,0.9989030957221985,0.9989029534482735,0.9986801743507385,0.9991260170936584,202.0044162388469,458935.75946875004,333.0,cea,MULTI_RES,NONE,NONE,
EUA_1_Pro,B1099,matched,134.54,254.86,35896.6,55652.95,19756.35,0.5503682800042343,55.036828000423434,0.0,100.0,0.0,0.0,0.0,100.0,0.0,0.0,1,2,0,1,0,1,0,2,0.9837775528430939,0.9837520337965314,0.9707536101341248,0.996801495552063,252.26921306743066,525984.14640625,417.0,cea,MULTI_RES,NONE,NONE,
EUA_1_Pro,B1100,matched,122.28,231.98,31699.48,49680.32,17980.84,0.5672282321350381,56.722823213503816,0.0,100.0,0.0,0.0,0.0,100.0,0.0,0.0,1,2,0,1,0,1,0,2,0.9955041408538818,0.9955029786408991,0.9924845099449158,0.9985237717628479,229.29124711328245,516358.172625,377.0,cea,MULTI_RES,NONE,NONE,
EUA_1_Pro,B1101,matched,97.26,185.8,26171.63,40821.74,14650.109999999997,0.5597706371364717,55.97706371364717,0.0,100.0,0.0,0.0,0.0,100.0,0.0,0.0,1,2,0,1,0,1,0,2,0.9920589327812195,0.9920539874987864,0.9865856170654297,0.9975322484970093,182.37776185766984,377544.4115,301.0,cea,MULTI_RES,NONE,NONE,
EUA_1_Pro,B1102,matched,122.76,232.79,29827.58,47356.46,17528.879999999997,0.5876735558164624,58.76735558164624,0.0,100.0,0.0,0.0,0.0,100.0,0.0,0.0,1,2,0,1,0,1,0,2,0.9873211681842804,0.9873193475551016,0.9858280420303345,0.9888142943382263,230.8582433570467,525665.94009375,382.0,cea,MULTI_RES,NONE,NONE,
EUA_1_Pro,B1103,matched,101.3,192.3,27289.13,43207.64,15918.509999999998,0.5833278671764178,58.33278671764178,0.0,100.0,0.0,0.0,0.0,100.0,0.0,0.0,1,2,0,1,0,1,0,2,0.9964025914669037,0.9963997689935021,0.9938947558403015,0.9989104270935059,189.9355324422919,381597.49453125003,313.0,cea,MULTI_RES,NONE,NONE,
EUA_1_Pro,B1104,matched,144.43,272.81,36285.32,58155.68,21870.36,0.6027330060751841,60.27330060751841,0.0,100.0,0.0,0.0,0.0,100.0,0.0,0.0,1,2,0,1,0,1,0,2,0.9877824187278748,0.9877857545271124,0.9835785627365112,0.9919862747192383,270.8078188346374,573449.410859375,446.0,cea,MULTI_RES,NONE,NONE,
EUA_1_Pro,B1105,matched,97.08,184.54,25934.25,40730.36,14796.11,0.570523921069628,57.0523921069628,0.0,100.0,0.0,0.0,0.0,100.0,0.0,0.0,1,2,0,1,0,1,0,2,0.9977971613407135,0.9977972894209476,0.9975584745407104,0.9980358481407166,182.02623338301825,414822.39353125,299.0,cea,MULTI_RES,NONE,NONE,
EUA_1_Pro,B1106,matched,86.15,162.34,21753.18,34557.01,12803.830000000002,0.5885957823178037,58.859578231780375,0.0,100.0,0.0,0.0,0.0,100.0,0.0,0.0,1,2,0,1,0,1,0,2,0.994592696428299,0.9945931405754254,0.993884265422821,0.9953011274337769,161.54929316011675,344803.76340625,266.0,cea,MULTI_RES,NONE,NONE,
EUA_1_Pro,B1107,matched,121.6,230.34,32366.24,51429.91,19063.670000000002,0.588998598539713,58.89985985397131,0.0,100.0,0.0,0.0,0.0,100.0,0.0,0.0,1,2,0,1,0,1,0,2,0.982245534658432,0.9822298075540233,0.9719430208206177,0.9925480484962463,228.00089313279236,499807.21021875,377.0,cea,MULTI_RES,NONE,NONE,
EUA_1_Pro,B1108,matched,114.3,217.69,26478.31,41942.2,15463.889999999996,0.5840210345750917,58.40210345750917,0.0,100.0,0.0,0.0,0.0,100.0,0.0,0.0,1,2,0,1,0,1,0,2,0.9951616823673248,0.9951610530012801,0.9916424751281738,0.9986808896064758,214.3274098047559,437326.23128125,353.0,cea,MULTI_RES,NONE,NONE,
EUA_1_Pro,B1109,matched,115.79,219.69,30406.46,49780.37,19373.910000000003,0.6371642736444822,63.71642736444822,0.0,100.0,0.0,0.0,0.0,100.0,0.0,0.0,1,2,0,1,0,1,0,2,0.9696769714355469,0.969682511998458,0.965145468711853,0.9742084741592407,217.127566230635,446134.701671875,359.0,cea,MULTI_RES,NONE,NONE,
EUA_1_Pro,B1113,matched,132.45,255.59,35070.07,54319.61,19249.54,0.5488879834000902,54.88879834000902,0.0,100.0,0.0,0.0,0.0,100.0,0.0,0.0,1,2,0,1,0,1,0,2,0.9955606162548065,0.9955270799754836,0.9919151067733765,0.9992061257362366,249.443313773792,540011.94325,411.0,cea,MULTI_RES,NONE,NONE,
EUA_1_Pro,B1114,matched,97.85,192.28,26527.93,43480.95,16953.019999999997,0.6390630554287499,63.90630554287499,0.0,100.0,0.0,0.0,0.0,100.0,0.0,0.0,1,2,0,1,0,1,0,2,0.9867531955242157,0.9867467937375566,0.9838072061538696,0.9896991848945618,189.8420517087396,388141.38653125,313.0,cea,MULTI_RES,NONE,NONE,
EUA_1_Pro,B1115,matched,83.53,159.94,22643.93,38639.57,15995.64,0.7063985801051319,70.6398580105132,50.02500937851694,0.0,49.97499062148306,0.0,55.043102481996385,0.0,44.95689751800362,0.0,1,2,1,0,1,0,0,2,0.9736452400684357,0.9736436572946708,0.9703617095947266,0.9769287705421448,156.63172932768933,328101.60225,259.0,cea,MULTI_RES,NONE,NONE,
EUA_1_Pro,B1116,matched,78.15,147.71,21040.46,33902.23,12861.770000000004,0.6112874908628426,61.12874908628426,0.0,100.0,0.0,0.0,0.0,100.0,0.0,0.0,1,2,0,1,0,1,0,2,0.9963937401771545,0.9963926396472824,0.9959000945091248,0.9968873858451843,146.53470417120252,253518.4709453125,242.0,cea,MULTI_RES,NONE,NONE,
EUA_1_Pro,B1117,matched,66.68,126.0,17754.15,29102.95,11348.8,0.6392195627501175,63.92195627501175,0.0,100.0,0.0,0.0,0.0,100.0,0.0,0.0,1,2,0,1,0,1,0,2,0.9988002479076385,0.998799509900909,0.9980553388595581,0.999545156955719,125.02525170775829,239873.27515625,205.0,cea,MULTI_RES,NONE,NONE,
EUA_1_Pro,B1118,matched,76.69,144.46,21009.87,33820.34,12810.469999999998,0.6097358051239726,60.97358051239726,0.0,100.0,0.0,0.0,0.0,100.0,0.0,0.0,1,2,0,1,0,1,0,2,0.9975904822349548,0.9975902004795137,0.9974526762962341,0.9977282881736755,143.79446984026313,303141.33521875,238.0,cea,MULTI_RES,NONE,NONE,
EUA_1_Pro,B1119,matched,74.39,140.98,20420.28,32616.07,12195.79,0.5972391171913413,59.72391171913413,0.0,100.0,0.0,0.0,0.0,100.0,0.0,0.0,1,2,0,1,0,1,0,2,0.9976650476455688,0.9976652454836303,0.9976041913032532,0.9977259039878845,139.47900079617625,294365.7165,229.0,cea,MULTI_RES,NONE,NONE,
EUA_1_Pro,B1120,matched,68.08,129.88,18376.34,30792.76,12416.419999999998,0.675674263754371,67.5674263754371,49.834449834449835,0.0,50.165550165550165,0.0,55.142425742777476,0.0,44.857574257222524,0.0,1,2,1,0,1,0,0,2,0.9997003674507141,0.9997008033603295,0.9995740056037903,0.9998267292976379,127.65413573463212,271317.988328125,211.0,cea,MULTI_RES,NONE,NONE,
EUA_1_Pro,B1121,matched,79.02,150.83,21351.43,35552.15,14200.720000000001,0.6650945627529398,66.50945627529397,49.73481835057014,0.0,50.265181649429856,0.0,54.85950224412204,0.0,45.14049775587794,0.0,1,2,1,0,1,0,0,2,0.9955311417579651,0.9955538534852091,0.9912654757499695,0.9997968077659607,148.16769408835682,297078.172875,244.0,cea,MULTI_RES,NONE,NONE,
EUA_1_Pro,B1123,matched,72.71,139.33,19886.57,34352.38,14465.809999999998,0.727416040071264,72.7416040071264,50.16866432211295,0.0,49.831335677887026,0.0,55.401303693980864,0.0,44.598696306019136,0.0,1,2,1,0,1,0,0,2,0.999089926481247,0.9990922689550708,0.9983819723129272,0.9997978806495667,136.3327818125497,255156.774578125,225.0,cea,MULTI_RES,NONE,NONE,
EUA_1_Pro,B1124,matched,77.84,148.59,21344.68,36287.04,14942.36,0.7000507854884683,70.00507854884684,50.05383580080752,0.0,49.94616419919247,0.0,54.99574666617618,0.0,45.00425333382382,0.0,1,2,1,0,1,0,0,2,0.9989049136638641,0.9989040140792594,0.9981234669685364,0.9996863603591919,145.95654489301546,279587.954703125,241.0,cea,MULTI_RES,NONE,NONE,
EUA_1_Pro,B1126,matched,80.94,154.53,22213.62,37594.93,15381.310000000001,0.6924269884872435,69.24269884872434,49.94175511260678,0.0,50.05824488739321,0.0,54.81729849384912,0.0,45.182701506150885,0.0,1,2,1,0,1,0,0,2,0.9981271326541901,0.9981251460330812,0.9963263869285583,0.9999278783798218,151.7642404553967,281901.59746875,249.0,cea,MULTI_RES,NONE,NONE,
EUA_1_Pro,B1127,matched,73.51,73.51,20049.78,19915.3,-134.47999999999956,-0.006707305516569238,-0.6707305516569239,100.0,0.0,0.0,0.0,100.0,0.0,0.0,0.0,0,0,0,0,0,0,0,0,,,,,137.8308719755337,285099.384671875,228.0,cea,MULTI_RES,NONE,NONE,
EUA_1_Pro,B1128,matched,72.44,72.44,19745.33,19649.74,-95.59000000000015,-0.004841144716244304,-0.4841144716244304,100.0,0.0,0.0,0.0,100.0,0.0,0.0,0.0,0,0,0,0,0,0,0,0,,,,,135.82342391539532,284502.900265625,222.0,cea,MULTI_RES,NONE,NONE,
EUA_1_Pro,B1129,matched,70.82,70.82,19161.96,18977.71,-184.25,-0.009615404687203188,-0.9615404687203187,100.0,0.0,0.0,0.0,100.0,0.0,0.0,0.0,0,0,0,0,0,0,0,0,,,,,132.79032692397885,301208.75803125,218.0,cea,MULTI_RES,NONE,NONE,
EUA_1_Pro,B1130,matched,77.3,149.26,21099.66,35702.2,14602.539999999997,0.6920746590229415,69.20746590229415,49.79233654876742,0.0,50.207663451232584,0.0,56.375184328857706,0.0,43.6248156711423,0.0,1,2,1,0,1,0,0,2,0.9527916610240936,0.9528168775377295,0.9467945098876953,0.9587888121604919,144.94475128156424,293231.314453125,240.0,cea,MULTI_RES,NONE,NONE,
EUA_1_Pro,B1131,matched,72.89,138.59,19609.27,32918.5,13309.23,0.6787213394481283,67.87213394481283,49.90980590230175,0.0,50.09019409769824,0.0,54.436516219756385,0.0,45.563483780243615,0.0,1,2,1,0,1,0,0,2,0.9989614486694336,0.9989614515395997,0.9989598989486694,0.9989629983901978,136.6697014858601,281159.395875,224.0,cea,MULTI_RES,NONE,NONE,
EUA_1_Pro,B1132,matched,75.98,144.3,20690.75,34830.21,14139.46,0.683371071614127,68.3371071614127,50.04157427937918,0.0,49.95842572062085,0.0,54.48275051278204,0.0,45.51724948721796,0.0,1,2,1,0,1,0,0,2,0.9998702108860016,0.9998701439967297,0.9997815489768982,0.999958872795105,142.4767008628159,297878.272328125,234.0,cea,MULTI_RES,NONE,NONE,
EUA_1_Pro,B1133,matched,94.18,187.05,25315.81,44612.62,19296.81,0.7622434360188357,76.22434360188358,52.106501283147985,0.0,47.89349871685201,0.0,56.76342146926856,0.0,43.23657853073142,0.0,1,2,1,0,1,0,0,2,0.9995952248573303,0.9995856445297169,0.9993669390678406,0.9998235106468201,184.56669512538858,434819.7075,304.0,cea,MULTI_RES,NONE,NONE,
EUA_1_Pro,B1134,matched,86.41,86.41,23279.05,22802.12,-476.9300000000003,-0.020487519894497427,-2.048751989449743,100.0,0.0,0.0,0.0,100.0,0.0,0.0,0.0,0,0,0,0,0,0,0,0,,,,,162.02966169247313,333947.65609375003,269.0,cea,MULTI_RES,NONE,NONE,
EUA_1_Pro,B1135,matched,79.35,152.25,21670.64,36413.45,14742.809999999998,0.6803126257461708,68.03126257461707,50.48275862068966,0.0,49.517241379310356,0.0,56.22111310272252,0.0,43.77888689727749,0.0,1,2,1,0,1,0,0,2,0.9988217353820801,0.9988262941308388,0.9983519315719604,0.9992915391921997,148.79339513769824,298827.34815625,246.0,cea,MULTI_RES,NONE,NONE,
EUA_1_Pro,B1136,matched,79.33,79.33,21705.62,21159.38,-546.239999999998,-0.02516583262767882,-2.516583262767882,100.0,0.0,0.0,0.0,100.0,0.0,0.0,0.0,0,0,0,0,0,0,0,0,,,,,148.7432783103533,294353.7740625,246.0,cea,MULTI_RES,NONE,NONE,
EUA_1_Pro,B1137,matched,84.35,159.87,23131.48,38837.19,15705.710000000003,0.6789755778705039,67.89755778705039,51.42589118198874,0.0,48.57410881801126,0.0,54.72156019504588,0.0,45.27843980495412,0.0,1,2,1,0,1,0,0,2,0.9999380707740784,0.9999383370149145,0.9999287128448486,0.9999474287033081,158.15660949467693,373883.9655625,261.0,cea,MULTI_RES,NONE,NONE,
EUA_1_Pro,B1138,matched,56.54,107.38,15474.87,24682.57,9207.699999999999,0.5950098449938512,59.500984499385126,0.0,100.0,0.0,0.0,0.0,100.0,0.0,0.0,1,2,0,1,0,1,0,2,0.9901601076126099,0.9901046117255418,0.9806849956512451,0.9996352195739746,106.01779832005539,215238.83434375,176.0,cea,MULTI_RES,NONE,NONE,
EUA_1_Pro,B1139,matched,76.81,161.04,21040.23,37394.93,16354.7,0.7773061416153721,77.73061416153722,0.0,100.0,0.0,0.0,0.0,100.0,0.0,0.0,1,2,0,1,0,1,0,2,0.998537003993988,0.9985371076599395,0.9971742630004883,0.9998997449874878,159.89690855474794,383348.8025,263.0,cea,MULTI_RES,NONE,NONE,
EUA_1_Pro,B1140,matched,79.66,151.93,21731.39,34088.13,12356.739999999998,0.5686125001668093,56.861250016680934,0.0,100.0,0.0,0.0,0.0,100.0,0.0,0.0,1,2,0,1,0,1,0,2,0.9741301834583282,0.9741321876730804,0.9719126224517822,0.9763477444648743,149.37739021202708,318861.58053125,246.0,cea,MULTI_RES,NONE,NONE,
EUA_1_Pro,B1141,matched,86.31,162.44,23084.85,37736.43,14651.580000000002,0.6346837861194681,63.468378611946804,0.0,100.0,0.0,0.0,0.0,100.0,0.0,0.0,1,2,0,1,0,1,0,2,0.9976194798946381,0.9976154395111151,0.9965003728866577,0.9987385869026184,161.87688584509854,364927.05753125,267.0,cea,MULTI_RES,NONE,NONE,
EUA_1_Pro,B1142,matched,196.68,370.68,52236.66,83663.11,31426.449999999997,0.6016167572735316,60.161675727353156,0.0,100.0,0.0,0.0,0.0,100.0,0.0,0.0,1,2,0,1,0,1,0,2,0.9962311685085297,0.9963033242203367,0.9940998554229736,0.9983624815940857,368.7150641456625,773574.863265625,607.0,cea,MULTI_RES,NONE,NONE,
EUA_1_Pro,B1143,matched,75.0,143.58,20466.33,31950.22,11483.89,0.5611113472713476,56.11113472713476,0.0,100.0,0.0,0.0,0.0,100.0,0.0,0.0,1,2,0,1,0,1,0,2,0.9907946288585663,0.9907792178392543,0.9854668378829956,0.996122419834137,140.62422175360035,296462.46203125,232.0,cea,MULTI_RES,NONE,NONE,
EUA_1_Pro,B1144,matched,63.34,122.21,17070.18,26698.75,9628.57,0.5640579068293363,56.405790682933635,0.0,100.0,0.0,0.0,0.0,100.0,0.0,0.0,1,2,0,1,0,1,0,2,0.9962071776390076,0.9962319661711676,0.9937394857406616,0.9986748695373535,118.77514134674254,274320.081625,197.0,cea,MULTI_RES,NONE,NONE,
EUA_1_Pro,B1145,matched,143.34,272.28,38621.0,66073.41,27452.410000000003,0.7108156184459233,71.08156184459233,50.455380095482916,0.0,49.54461990451706,0.0,54.39167515801263,0.0,45.60832484198737,0.0,1,2,1,0,1,0,0,2,0.9980089962482452,0.997999520191674,0.9969768524169922,0.9990411400794983,268.76302286252576,553058.4800625,441.0,cea,MULTI_RES,NONE,NONE,
EUA_1_Pro,B1146,matched,138.46,263.26,37885.01,63601.89,25716.879999999997,0.6788141272761969,67.88141272761969,49.98670566338741,0.0,50.01329433661261,0.0,54.35529151228112,0.0,45.64470848771888,0.0,1,2,1,0,1,0,0,2,0.9980018734931946,0.9980024293243104,0.996044397354126,0.9999593496322632,259.62690924304076,587998.245796875,428.0,cea,MULTI_RES,NONE,NONE,
EUA_1_Pro,B1147,matched,135.33,257.09,37151.88,62752.65,25600.770000000004,0.6890841055688166,68.90841055688166,49.97860837773715,0.0,50.02139162226283,0.0,54.27712791547212,0.0,45.72287208452787,0.0,1,2,1,0,1,0,0,2,0.9994970262050629,0.9994971796760683,0.9992140531539917,0.999779999256134,253.7518753339819,564582.27475,419.0,cea,MULTI_RES,NONE,NONE,
EUA_1_Pro,B1148,matched,149.86,281.4,41128.73,65875.68,24746.94999999999,0.6016949708877466,60.16949708877466,24.70324827635226,50.17058781718672,25.126163906461013,0.0,27.06957221700714,48.96441968613957,23.966008096853297,0.0,1,3,1,1,1,0,0,3,0.8630735874176025,0.7946611777628205,0.5898141860961914,0.9998646974563599,281.0051166684575,591670.0456953126,465.0,cea,MULTI_RES,NONE,NONE,
EUA_1_Pro,B1153,matched,141.02,268.28,28160.54,50505.36,22344.82,0.793479812532004,79.3479812532004,50.37086734503708,0.0,49.62913265496291,0.0,49.18804071948201,0.0,50.811959280518,0.0,1,2,1,0,1,0,0,2,0.9998101890087128,0.99980972136729,0.9997469782829285,0.9998733997344971,264.4266547880194,589804.873,436.0,cea,MULTI_RES,NONE,NONE,
EUA_1_Pro,B1156,matched,90.46,170.76,24514.09,39565.7,15051.609999999997,0.6139983168863293,61.399831688632936,0.0,100.0,0.0,0.0,0.0,100.0,0.0,0.0,1,2,0,1,0,1,0,2,0.9961581826210022,0.9961579535321131,0.9958497285842896,0.9964666366577148,169.59765640637158,383475.52278125,280.0,cea,MULTI_RES,NONE,NONE,
EUA_1_Pro,B1157,matched,96.05,181.06,25972.97,42292.53,16319.559999999998,0.628328604699424,62.832860469942396,0.0,100.0,0.0,0.0,0.0,100.0,0.0,0.0,1,2,0,1,0,1,0,2,0.9962729513645172,0.9962715776756855,0.9942824840545654,0.998263418674469,180.09436292188286,407240.082125,297.0,cea,MULTI_RES,NONE,NONE,
EUA_1_Pro,B1158,matched,90.85,171.09,24439.0,39989.34,15550.339999999997,0.6362919923073774,63.62919923073774,0.0,100.0,0.0,0.0,0.0,100.0,0.0,0.0,1,2,0,1,0,1,0,2,0.9918288886547089,0.9918265134135541,0.9863615036010742,0.9972962737083435,170.34766711331602,321424.722390625,280.0,cea,MULTI_RES,NONE,NONE,
EUA_1_Pro,B1159,matched,97.36,184.55,26731.73,43106.47,16374.740000000002,0.6125581845993507,61.25581845993507,0.0,100.0,0.0,0.0,0.0,100.0,0.0,0.0,1,2,0,1,0,1,0,2,0.9655132591724396,0.9655235352964522,0.9319942593574524,0.9990322589874268,182.5233219353056,390800.9315,298.0,cea,MULTI_RES,NONE,NONE,
EUA_1_Pro,B1160,matched,81.67,164.81,19627.08,33869.04,14241.96,0.7256280608220885,72.56280608220885,0.0,100.0,0.0,0.0,0.0,100.0,0.0,0.0,1,2,0,1,0,1,0,2,0.9931499063968658,0.9931489293100908,0.988623857498169,0.9976759552955627,185.03040390393028,396697.652375,305.0,cea,MULTI_RES,NONE,NONE,
EUA_1_Pro,B1161,matched,99.34,187.33,27066.31,43486.24,16419.929999999997,0.6066556542062806,60.66556542062806,0.0,100.0,0.0,0.0,0.0,100.0,0.0,0.0,1,2,0,1,0,1,0,2,0.9968272149562836,0.9968262930388343,0.9938325881958008,0.9998218417167664,186.27467386796042,359206.05378125,307.0,cea,MULTI_RES,NONE,NONE,
EUA_1_Pro,B1162,matched,62.69,119.5,17044.84,26559.63,9514.79,0.5582211390661338,55.82211390661338,0.0,100.0,0.0,0.0,0.0,100.0,0.0,0.0,1,2,0,1,0,1,0,2,0.9919279217720032,0.9918795513994345,0.9876033663749695,0.9962524771690369,117.5404949879979,267685.017,193.0,cea,MULTI_RES,NONE,NONE,
EUA_1_Pro,B1163,matched,94.87,137.34,25693.66,33760.76,8067.100000000002,0.3139723963032126,31.39723963032126,34.243682179010996,65.75631782098903,0.0,0.0,34.189452880826764,65.81054711917324,0.0,0.0,1,2,0,1,0,1,0,2,0.9954473674297333,0.9954191480337539,0.9930832386016846,0.997811496257782,177.91641275282072,410368.4088125,295.0,cea,MULTI_RES,NONE,NONE,
EUA_1_Pro,B1164,matched,92.02,174.88,25068.45,39404.34,14335.889999999996,0.5718698204316579,57.18698204316579,0.0,100.0,0.0,0.0,0.0,100.0,0.0,0.0,1,2,0,1,0,1,0,2,0.9867782890796661,0.9867784732892493,0.9867442846298218,0.9868122935295105,172.5386587912594,390191.9704375,284.0,cea,MULTI_RES,NONE,NONE,
EUA_1_Pro,B1165,matched,96.5,183.1,25959.73,41817.82,15858.09,0.6108726862721607,61.087268627216076,0.0,100.0,0.0,0.0,0.0,100.0,0.0,0.0,1,2,0,1,0,1,0,2,0.9984196126461029,0.9984211949673893,0.9973134398460388,0.999525785446167,180.95012060846994,344118.66585937503,298.0,cea,MULTI_RES,NONE,NONE,
EUA_1_Pro,B1166,matched,73.11,138.32,20043.71,31920.33,11876.620000000003,0.592536012544584,59.2536012544584,0.0,100.0,0.0,0.0,0.0,100.0,0.0,0.0,1,2,0,1,0,1,0,2,0.992162436246872,0.9920466703786149,0.9880061745643616,0.9963186979293823,136.69953952973822,268456.8248125,224.0,cea,MULTI_RES,NONE,NONE,
EUA_1_Pro,B1167,matched,94.64,178.99,25835.05,41568.86,15733.810000000001,0.6090102399646992,60.90102399646992,0.0,100.0,0.0,0.0,0.0,100.0,0.0,0.0,1,2,0,1,0,1,0,2,0.9966250956058502,0.9966325089691741,0.994657039642334,0.9985931515693665,177.44237750926212,382171.0251875,292.0,cea,MULTI_RES,NONE,NONE,
EUA_1_Pro,B1168,matched,96.15,182.26,25629.79,41886.18,16256.39,0.6342771439016862,63.427714390168624,0.0,100.0,0.0,0.0,0.0,100.0,0.0,0.0,1,2,0,1,0,1,0,2,0.9977696239948273,0.9977692574212879,0.9969311952590942,0.9986080527305603,180.2927807072308,387616.818625,296.0,cea,MULTI_RES,NONE,NONE,
EUA_1_Pro,B1169,matched,94.48,178.51,25433.2,41545.48,16112.280000000002,0.6335136750389255,63.351367503892554,0.0,100.0,0.0,0.0,0.0,100.0,0.0,0.0,1,2,0,1,0,1,0,2,0.9930222034454346,0.9930228687067012,0.986365556716919,0.9996788501739502,177.16366769373008,335165.876375,293.0,cea,MULTI_RES,NONE,NONE,
EUA_1_Pro,B1170,matched,76.14,144.59,20871.79,35115.59,14243.799999999996,0.68244266543502,68.244266543502,50.1279656913606,0.0,49.872034308639414,0.0,54.624114651396916,0.0,45.37588534860308,0.0,1,2,1,0,1,0,0,2,0.987189382314682,0.9871653804631453,0.9773149490356445,0.9970638155937195,142.77089203090168,257397.78628125,234.0,cea,MULTI_RES,NONE,NONE,
EUA_1_Pro,B1171,matched,80.28,152.82,21817.14,36830.68,15013.54,0.6881534426602204,68.81534426602204,49.947650831043056,0.0,50.05234916895696,0.0,54.65906857501282,0.0,45.34093142498718,0.0,1,2,1,0,1,0,0,2,0.9982509911060333,0.998251530739561,0.9977097511291504,0.9987922310829163,150.53566437004977,264161.807515625,249.0,cea,MULTI_RES,NONE,NONE,
EUA_1_Pro,B1172,matched,72.79,137.94,19898.59,31797.61,11899.02,0.5979830731725213,59.79830731725213,0.0,100.0,0.0,0.0,0.0,100.0,0.0,0.0,1,2,0,1,0,1,0,2,0.9975029230117798,0.9975038724369009,0.996837854385376,0.9981679916381836,136.5281056747924,299422.51406250003,225.0,cea,MULTI_RES,NONE,NONE,
EUA_1_Pro,B1173,matched,92.33,175.25,25224.79,40512.77,15287.979999999996,0.6060696640090957,60.60696640090957,0.0,100.0,0.0,0.0,0.0,100.0,0.0,0.0,1,2,0,1,0,1,0,2,0.9907559156417847,0.9907599970550273,0.9823436737060547,0.9991681575775146,173.1160933427348,371543.1326875,283.0,cea,MULTI_RES,NONE,NONE,
EUA_1_Pro,B1174,matched,92.25,174.04,25423.73,40424.55,15000.820000000003,0.5900322257984962,59.00322257984962,0.0,100.0,0.0,0.0,0.0,100.0,0.0,0.0,1,2,0,1,0,1,0,2,0.9948228001594543,0.994815841678825,0.9934305548667908,0.9962150454521179,172.97653110219045,366785.9440625,286.0,cea,MULTI_RES,NONE,NONE,
EUA_1_Pro,B1175,matched,94.29,178.04,25859.66,41168.24,15308.579999999998,0.591986901606595,59.198690160659496,0.0,100.0,0.0,0.0,0.0,100.0,0.0,0.0,1,2,0,1,0,1,0,2,0.9956582486629486,0.9956561569277574,0.9930731654167175,0.9982433319091797,176.79396282302014,343684.709640625,293.0,cea,MULTI_RES,NONE,NONE,
EUA_1_Pro,B1179,matched,48.36,91.7,13223.25,21118.86,7895.610000000001,0.597100561510975,59.710056151097504,0.0,100.0,0.0,0.0,0.0,100.0,0.0,0.0,1,2,0,1,0,1,0,2,0.9979276061058044,0.9979299355283,0.9963757395744324,0.9994794726371765,90.6691902210128,191807.0495625,149.0,cea,MULTI_RES,NONE,NONE,
EUA_1_Pro,B1180,matched,99.16,187.31,27164.12,43637.69,16473.570000000003,0.6064459294098246,60.644592940982456,0.0,100.0,0.0,0.0,0.0,100.0,0.0,0.0,1,2,0,1,0,1,0,2,0.996377170085907,0.9963753506644903,0.9952961802482605,0.9974581599235535,185.99539035435222,402560.2909375,308.0,cea,MULTI_RES,NONE,NONE,
EUA_1_Pro,B1181,matched,87.41,184.91,23865.97,45060.1,21194.129999999997,0.8880481287791779,88.8048128779178,50.943600281187486,0.0,49.05639971881252,0.0,55.31741804920417,0.0,44.682581950795814,0.0,1,2,1,0,1,0,0,2,0.9981385171413422,0.9981138620061547,0.9968446493148804,0.999432384967804,182.2500582624662,347164.85315625,302.0,cea,MULTI_RES,NONE,NONE,
EUA_1_Pro,B1182,matched,73.42,73.42,20116.86,20151.57,34.70999999999913,0.00172541838040326,0.172541838040326,100.0,0.0,0.0,0.0,100.0,0.0,0.0,0.0,0,0,0,0,0,0,0,0,,,,,137.66322829736882,266747.127828125,227.0,cea,MULTI_RES,NONE,NONE,
EUA_1_Pro,B1187,matched,138.8,264.89,38052.17,65427.81,27375.64,0.7194238856811582,71.94238856811582,50.215191784959224,0.0,49.78480821504077,0.0,54.95720508957509,0.0,45.0427949104249,0.0,1,2,1,0,1,0,0,2,0.9996044635772705,0.9996037820810063,0.9994428753852844,0.9997660517692566,260.2555420115263,563315.7418125,430.0,cea,MULTI_RES,NONE,NONE,
EUA_1_Pro,B1188,matched,135.25,256.55,36841.39,61663.2,24821.809999999998,0.6737479231918231,67.3747923191823,49.91814780168383,0.0,50.08185219831619,0.0,53.82769694763324,0.0,46.17230305236675,0.0,1,2,1,0,1,0,0,2,0.9998345375061035,0.9998347954041495,0.9996781349182129,0.9999909400939941,253.61051516371649,523254.5668046875,418.0,cea,MULTI_RES,NONE,NONE,
EUA_1_Pro,B1189,matched,123.41,233.95,33805.54,56923.68,23118.14,0.683856551322653,68.3856551322653,49.437914084206035,0.0,50.562085915793986,0.0,52.44204927592164,0.0,47.557950724078346,0.0,1,2,1,0,1,0,0,2,0.9994998872280121,0.9995030185404734,0.9992192983627319,0.9997804760932922,231.3998515584731,472797.409234375,382.0,cea,MULTI_RES,NONE,NONE,
EUA_1_Pro,B1190,matched,137.47,260.84,37461.11,62252.66,24791.550000000003,0.6617943248344751,66.17943248344751,49.921404746386536,0.0,50.07859525361346,0.0,53.67575053776864,0.0,46.32424946223135,0.0,1,2,1,0,1,0,0,2,0.9968112707138062,0.9968157246346775,0.9939314126968384,0.9996911287307739,257.7667583610704,512843.652609375,426.0,cea,MULTI_RES,NONE,NONE,
EUA_1_Pro,B1191,matched,128.85,244.47,34237.61,57449.46,23211.85,0.6779635027094473,67.79635027094473,49.727982983597165,0.0,50.27201701640283,0.0,53.03525085643685,0.0,46.96474914356315,0.0,1,2,1,0,1,0,0,2,0.9985548853874207,0.998561398461701,0.997363269329071,0.9997465014457703,241.60142415078306,525579.8390625,398.0,cea,MULTI_RES,NONE,NONE,
EUA_1_Pro,B1192,matched,137.68,264.47,37513.64,63022.46,25508.82,0.6799878657469657,67.99878657469657,49.793927477596704,0.0,50.2060725224033,0.0,55.53961306472828,0.0,44.460386935271714,0.0,1,2,1,0,1,0,0,2,0.9938002824783325,0.9938183086927713,0.9893860816955566,0.9982144832611084,258.1596771816526,546920.7775625,426.0,cea,MULTI_RES,NONE,NONE,
EUA_1_Pro,B1193,matched,125.78,125.82,34053.39,24258.39,-9795.0,-0.28763656129389764,-28.763656129389766,25.025836711980283,0.0,74.9741632880197,0.0,24.56792319563261,0.0,75.43207680436737,0.0,1,3,1,0,1,0,1,3,0.9324042995770773,0.9081160103357161,0.8353248834609985,0.9831521511077881,235.85415400334225,476830.56139843754,387.0,cea,MULTI_RES,NONE,NONE,
EUA_1_Pro,B1194,matched,130.67,247.29,35616.53,59290.26,23673.730000000003,0.6646837858713357,66.46837858713357,49.90496218708295,0.0,50.09503781291706,0.0,53.27132617121574,0.0,46.72867382878426,0.0,1,2,1,0,1,0,0,2,0.9988549947738647,0.9988570000890512,0.9977966547012329,0.9999133348464966,245.01354357281775,497980.33900000004,403.0,cea,MULTI_RES,NONE,NONE,
EUA_1_Pro,B1195,matched,77.84,147.91,21304.94,36287.09,14982.149999999998,0.7032242287469478,70.32242287469478,50.307619498343584,0.0,49.692380501656416,0.0,54.489826998426835,0.0,45.510173001573186,0.0,1,2,1,0,1,0,0,2,0.9997608065605164,0.9997610150389189,0.9997268319129944,0.9997947812080383,145.95781184339836,284257.5098125,242.0,cea,MULTI_RES,NONE,NONE,
EUA_1_Pro,B1196,matched,82.68,157.76,22614.56,38239.54,15624.98,0.6909256691264388,69.09256691264389,50.00633793890227,0.0,49.99366206109773,0.0,54.917847025740116,0.0,45.082152974259905,0.0,1,2,1,0,1,0,0,2,0.9992047846317291,0.9992047530342302,0.9987229704856873,0.999686598777771,155.0237211642884,305686.298265625,258.0,cea,MULTI_RES,NONE,NONE,
EUA_1_Pro,B1197,matched,74.93,142.3,20557.63,35176.79,14619.16,0.7111306118458207,71.11306118458207,50.05270184807815,0.0,49.94729815192187,0.0,54.02448782295137,0.0,45.975512177048635,0.0,1,2,1,0,1,0,0,2,0.9999502301216125,0.9999502304692308,0.9999499320983887,0.9999505281448364,140.4958613046705,267973.521046875,231.0,cea,MULTI_RES,NONE,NONE,
EUA_1_Pro,B1198,matched,79.77,153.43,21769.16,37031.75,15262.59,0.7011106537872844,70.11106537872844,49.915265284839,0.0,50.08473471516099,0.0,55.77481485296851,0.0,44.225185147031496,0.0,1,2,1,0,1,0,0,2,0.9990952908992767,0.9990960945220295,0.9986298084259033,0.9995607733726501,149.5704646425458,281720.35059375,247.0,cea,MULTI_RES,NONE,NONE,
EUA_1_Pro,B1199,matched,89.74,170.33,24347.2,39142.15,14794.95,0.6076653578234869,60.76653578234868,0.0,100.0,0.0,0.0,0.0,100.0,0.0,0.0,1,2,0,1,0,1,0,2,0.9966036379337311,0.9966074847833247,0.9952699542045593,0.9979373216629028,168.26990672539043,381723.2231875,277.0,cea,MULTI_RES,NONE,NONE,
EUA_1_Pro,B1200,matched,89.69,168.73,24452.86,39610.84,15157.979999999996,0.6198857720528395,61.988577205283946,0.0,100.0,0.0,0.0,0.0,100.0,0.0,0.0,1,2,0,1,0,1,0,2,0.9990716278553009,0.9990715233073184,0.9990266561508179,0.9991165995597839,168.17110196732688,381905.5825625,277.0,cea,MULTI_RES,NONE,NONE,
EUA_1_Pro,B1201,matched,91.5,172.94,24793.25,39683.15,14889.900000000001,0.60056265314148,60.05626531414801,0.0,100.0,0.0,0.0,0.0,100.0,0.0,0.0,1,2,0,1,0,1,0,2,0.9909116625785828,0.9909473754657326,0.9856249690055847,0.9961983561515808,171.08450891748635,382365.685,282.0,cea,MULTI_RES,NONE,NONE,
EUA_1_Pro,B1202,matched,76.96,146.7,21030.09,32901.27,11871.179999999997,0.5644854586927587,56.44854586927587,0.0,100.0,0.0,0.0,0.0,100.0,0.0,0.0,1,2,0,1,0,1,0,2,0.9931510090827942,0.9931562097692986,0.988837480545044,0.9974645376205444,144.32549262094253,292072.828578125,240.0,cea,MULTI_RES,NONE,NONE,
EUA_1_Pro,B1203,matched,93.82,177.05,25609.74,41648.59,16038.849999999995,0.6262792984231779,62.62792984231778,0.0,100.0,0.0,0.0,0.0,100.0,0.0,0.0,1,2,0,1,0,1,0,2,0.9990014433860779,0.9990011223721634,0.9989663362503052,0.9990365505218506,175.91130337677518,418586.63215625,290.0,cea,MULTI_RES,NONE,NONE,
EUA_1_Pro,B1204,matched,94.36,178.33,25493.28,41626.16,16132.880000000005,0.6328287297672173,63.28287297672173,0.0,100.0,0.0,0.0,0.0,100.0,0.0,0.0,1,2,0,1,0,1,0,2,0.9835693538188934,0.9835570895523541,0.9693467020988464,0.9977920055389404,176.92465514787213,391010.18684375,292.0,cea,MULTI_RES,NONE,NONE,
EUA_1_Pro,B1205,matched,93.11,176.54,25363.78,40807.96,15444.18,0.6089068742908195,60.89068742908195,0.0,100.0,0.0,0.0,0.0,100.0,0.0,0.0,1,2,0,1,0,1,0,2,0.9924811720848083,0.9924864406591836,0.9868263006210327,0.998136043548584,174.74373677595116,357237.259546875,288.0,cea,MULTI_RES,NONE,NONE,
EUA_1_Pro,B1206,matched,76.86,144.94,21048.48,33843.41,12794.930000000004,0.6078790487484134,60.78790487484134,0.0,100.0,0.0,0.0,0.0,100.0,0.0,0.0,1,2,0,1,0,1,0,2,0.9930827617645264,0.9930735504237387,0.9872758984565735,0.9988896250724792,144.10569131965207,325187.18306250003,237.0,cea,MULTI_RES,NONE,NONE,
EUA_1_Pro,B1207,matched,95.02,137.13,26032.91,34523.35,8490.439999999999,0.3261425633937965,32.61425633937965,34.76516919486581,65.2348308051342,0.0,0.0,34.161226455606844,65.83877354439316,0.0,0.0,1,2,0,1,0,1,0,2,0.9964579939842224,0.9964576340410278,0.995564341545105,0.9973516464233398,178.17608781563666,396067.8980625,292.0,cea,MULTI_RES,NONE,NONE,
EUA_1_Pro,B1208,matched,92.73,174.65,25516.58,41228.93,15712.349999999999,0.61577021685508,61.577021685508,0.0,100.0,0.0,0.0,0.0,100.0,0.0,0.0,1,2,0,1,0,1,0,2,0.9969789981842041,0.9969667633005841,0.9959560036659241,0.9980019927024841,173.87833387032805,390472.19337500003,287.0,cea,MULTI_RES,NONE,NONE,
EUA_1_Pro,B1209,matched,95.15,96.97,26248.31,20356.89,-5891.420000000002,-0.22444949789148336,-22.444949789148335,51.36640197999379,0.0,48.63359802000618,0.0,51.06758238113886,0.0,48.932417618861116,0.0,1,2,0,1,0,1,0,2,0.9964845478534698,0.9964625275199721,0.9956718683242798,0.9972972273826599,181.6096663803425,397127.274921875,299.0,cea,MULTI_RES,NONE,NONE,
EUA_1_Pro,B1210,matched,85.37,167.65,23422.93,38374.19,14951.260000000002,0.6383172387058323,63.83172387058323,0.0,100.0,0.0,0.0,0.0,100.0,0.0,0.0,1,2,0,1,0,1,0,2,0.9847228825092316,0.9847982163079286,0.9790119528770447,0.9904338121414185,165.9439743132166,332740.90965625003,272.0,cea,MULTI_RES,NONE,NONE,
EUA_1_Pro,B1211,matched,94.68,178.7,25839.03,41872.96,16033.93,0.6205314208776413,62.05314208776414,0.0,100.0,0.0,0.0,0.0,100.0,0.0,0.0,1,2,0,1,0,1,0,2,0.9958295524120331,0.9958443858003891,0.9929322004318237,0.9987269043922424,177.5257085635874,391442.1318125,291.0,cea,MULTI_RES,NONE,NONE,
EUA_1_Pro,B1212,matched,96.6,183.57,25976.55,42779.38,16802.829999999998,0.646846097730453,64.6846097730453,0.0,100.0,0.0,0.0,0.0,100.0,0.0,0.0,1,2,0,1,0,1,0,2,0.9703018367290497,0.9703033310050496,0.9594538807868958,0.9811497926712036,182.2451198719885,388661.693125,299.0,cea,MULTI_RES,NONE,NONE,
EUA_1_Pro,B1213,matched,97.48,184.76,26496.42,42771.24,16274.82,0.6142271295518413,61.42271295518413,0.0,100.0,0.0,0.0,0.0,100.0,0.0,0.0,1,2,0,1,0,1,0,2,0.9958722591400146,0.9958866607807569,0.9926741719245911,0.9990703463554382,183.0021981856258,382211.53356250003,302.0,cea,MULTI_RES,NONE,NONE,
EUA_1_Pro,B1214,matched,78.0,151.02,21420.04,33036.41,11616.370000000003,0.5423131796205797,54.231317962057965,0.0,100.0,0.0,0.0,0.0,100.0,0.0,0.0,1,2,0,1,0,1,0,2,0.9813437461853027,0.9813196332100368,0.9642569422721863,0.9984305500984192,146.18670826648344,316954.26871875,242.0,cea,MULTI_RES,NONE,NONE,
EUA_1_Pro,B1215,matched,94.78,179.8,25896.59,41349.93,15453.34,0.5967326200090437,59.67326200090437,0.0,100.0,0.0,0.0,0.0,100.0,0.0,0.0,1,2,0,1,0,1,0,2,0.9966762661933899,0.9966740059738575,0.9959028363227844,0.9974496960639954,177.7261031522626,401683.9165,292.0,cea,MULTI_RES,NONE,NONE,
EUA_1_Pro,B1216,matched,96.0,181.2,26064.96,42445.13,16380.169999999998,0.6284364142511633,62.843641425116324,0.0,100.0,0.0,0.0,0.0,100.0,0.0,0.0,1,2,0,1,0,1,0,2,0.9998389184474945,0.999838779685007,0.9998196959495544,0.9998581409454346,180.01351654135811,394628.5514375,297.0,cea,MULTI_RES,NONE,NONE,
EUA_1_Pro,B1217,matched,89.17,128.58,24509.28,32416.54,7907.260000000002,0.32262310439147956,32.26231043914795,34.77719884905513,65.22280115094486,0.0,0.0,34.199759801156546,65.80024019884345,0.0,0.0,1,2,0,1,0,1,0,2,0.9985249936580658,0.9985249113592519,0.997835099697113,0.9992148876190186,167.1863812934429,373495.5214375,276.0,cea,MULTI_RES,NONE,NONE,
EUA_1_Pro,B1218,matched,76.94,145.62,21119.45,34027.3,12907.850000000002,0.6111830563769417,61.11830563769417,0.0,100.0,0.0,0.0,0.0,100.0,0.0,0.0,1,2,0,1,0,1,0,2,0.9920758903026581,0.9920809724182068,0.9890363812446594,0.9951153993606567,144.30366715892978,270925.593546875,239.0,cea,MULTI_RES,NONE,NONE,
EUA_1_Pro,B1219,matched,93.83,178.0,25535.4,40611.63,15076.229999999996,0.5904050847059374,59.04050847059374,0.0,100.0,0.0,0.0,0.0,100.0,0.0,0.0,1,2,0,1,0,1,0,2,0.9961031973361969,0.9960760451174365,0.9945025444030762,0.9977038502693176,175.93186067812684,387557.4593125,291.0,cea,MULTI_RES,NONE,NONE,
EUA_1_Pro,B1220,matched,99.92,186.33,27363.75,43773.35,16409.6,0.5996838883559453,59.96838883559453,0.0,100.0,0.0,0.0,0.0,100.0,0.0,0.0,1,2,0,1,0,1,0,2,0.9995307326316833,0.9995310486005828,0.9995212554931641,0.9995402097702026,184.8359152582617,403500.8696875,306.0,cea,MULTI_RES,NONE,NONE,
EUA_1_Pro,B1221,matched,73.34,147.52,20083.13,32593.74,12510.61,0.6229412447163365,62.29412447163365,0.0,100.0,0.0,0.0,0.0,100.0,0.0,0.0,1,2,0,1,0,1,0,2,0.9980078041553497,0.9980082435780824,0.9960752129554749,0.9999403953552246,143.1194388419227,288564.645359375,235.0,cea,MULTI_RES,NONE,NONE,
EUA_1_Pro,B1222,matched,93.95,177.39,25144.65,41113.88,15969.229999999996,0.6350945429743502,63.50945429743502,0.0,100.0,0.0,0.0,0.0,100.0,0.0,0.0,1,2,0,1,0,1,0,2,0.9985491633415222,0.9985490547526957,0.9980341792106628,0.9990641474723816,176.161158604652,391723.7508125,292.0,cea,MULTI_RES,NONE,NONE,
EUA_1_Pro,B1223,matched,94.69,178.81,25332.05,41438.91,16106.860000000004,0.6358293150376698,63.58293150376698,0.0,100.0,0.0,0.0,0.0,100.0,0.0,0.0,1,2,0,1,0,1,0,2,0.99736288189888,0.997358580468467,0.9957711100578308,0.9989546537399292,177.55295425343468,412931.2,292.0,cea,MULTI_RES,NONE,NONE,
EUA_1_Pro,B1224,matched,89.08,169.25,23933.09,38933.19,15000.100000000002,0.6267514976127195,62.67514976127195,0.0,100.0,0.0,0.0,0.0,100.0,0.0,0.0,1,2,0,1,0,1,0,2,0.9786699712276459,0.9792962282634099,0.9598573446273804,0.9974825978279114,168.40255887046447,368643.902671875,278.0,cea,MULTI_RES,NONE,NONE,
EUA_1_Pro,B1225,matched,82.08,155.43,22432.44,35402.7,12970.259999999998,0.5781921182002493,57.81921182002493,0.0,100.0,0.0,0.0,0.0,100.0,0.0,0.0,1,2,0,1,0,1,0,2,0.9893060326576233,0.9893095167900643,0.9847947955131531,0.9938172698020935,153.9299155486634,297425.09359375003,253.0,cea,MULTI_RES,NONE,NONE,
EUA_1_Pro,B1226,matched,93.41,177.26,23948.41,38649.35,14700.939999999999,0.6138587071124972,61.38587071124972,0.0,100.0,0.0,0.0,0.0,100.0,0.0,0.0,1,2,0,1,0,1,0,2,0.993883490562439,0.993882908520785,0.9924795627593994,0.9952874183654785,175.14886624630083,389524.2740625,288.0,cea,MULTI_RES,NONE,NONE,
EUA_1_Pro,B1227,matched,95.84,180.35,24410.38,39911.35,15500.969999999998,0.6350155138920409,63.50155138920409,0.0,100.0,0.0,0.0,0.0,100.0,0.0,0.0,1,2,0,1,0,1,0,2,0.9965739548206329,0.9965742458297675,0.9961040019989014,0.9970439076423645,179.70313589810428,393954.50821875,297.0,cea,MULTI_RES,NONE,NONE,
EUA_1_Pro,B1228,matched,99.07,187.61,25437.6,41486.07,16048.470000000001,0.6308956033588076,63.089560335880755,0.0,100.0,0.0,0.0,0.0,100.0,0.0,0.0,1,2,0,1,0,1,0,2,0.9947632849216461,0.9947663296031697,0.993398904800415,0.9961276650428772,186.09129056612096,414681.57975000003,307.0,cea,MULTI_RES,NONE,NONE,
EUA_1_Pro,B1229,matched,78.68,149.27,19959.87,33285.77,13325.899999999998,0.6676346088426427,66.76346088426428,0.0,100.0,0.0,0.0,0.0,100.0,0.0,0.0,1,2,0,1,0,1,0,2,0.9974283874034882,0.9974282329236893,0.9959819316864014,0.998874843120575,147.51831388679537,289105.289671875,243.0,cea,MULTI_RES,NONE,NONE,
EUA_1_Pro,B1230,matched,81.22,154.83,21883.25,37618.39,15735.14,0.7190495013309266,71.90495013309265,50.09363900548919,0.0,49.90636099451081,0.0,54.08304079304539,0.0,45.91695920695462,0.0,1,2,1,0,1,0,0,2,0.9908601343631744,0.990859157859781,0.9903256893157959,0.991394579410553,152.28844867323235,275351.52271875,251.0,cea,MULTI_RES,NONE,NONE,
EUA_1_Pro,B1231,matched,73.53,139.85,20058.9,33713.29,13654.39,0.6807147949289342,68.07147949289342,50.504111548087224,0.0,49.49588845191277,0.0,54.66659278212831,0.0,45.3334072178717,0.0,1,2,1,0,1,0,0,2,0.998123049736023,0.9981126073746205,0.9970951080322266,0.9991509914398193,137.87260044488872,266760.782484375,225.0,cea,MULTI_RES,NONE,NONE,
EUA_1_Pro,B1232,matched,92.16,173.88,24750.29,40423.05,15672.760000000002,0.6332354085548089,63.323540855480886,0.0,100.0,0.0,0.0,0.0,100.0,0.0,0.0,1,2,0,1,0,1,0,2,0.996195912361145,0.9961910145298606,0.9956929087638855,0.9966989159584045,172.8108086976314,387350.42387500004,283.0,cea,MULTI_RES,NONE,NONE,
EUA_1_Pro,B1235,matched,15.45,15.45,3817.07,3829.59,12.519999999999982,0.0032800027246028974,0.32800027246028973,100.0,0.0,0.0,0.0,100.0,0.0,0.0,0.0,0,0,0,0,0,0,0,0,,,,,28.960387238575073,53627.4064375,48.0,cea,MULTI_RES,NONE,NONE,
EUA_1_Pro,B1237,matched,713.35,995.11,192302.86,262619.71,70316.85000000003,0.36565680822427726,36.56568082242772,100.0,0.0,0.0,0.0,100.0,0.0,0.0,0.0,1,2,0,0,0,1,1,2,0.6392060816287994,0.6507485227152322,0.5225970149040222,0.7558151483535767,1336.2589550171244,2780947.746484375,2203.0,cea,MULTI_RES,NONE,NONE,
EUA_1_Pro,B1240,matched,131.72,133.45,24486.73,24861.78,375.0499999999993,0.015316459159716274,1.5316459159716274,100.0,0.0,0.0,0.0,100.0,0.0,0.0,0.0,1,1,0,0,0,0,1,1,0.9954406023025513,0.9954406023025513,0.9954406023025513,0.9954406023025513,316.2027895177017,686202.976875,521.0,cea,MULTI_RES,NONE,NONE,
EUA_1_Pro,B1241,matched,111.0,125.88,21512.24,23141.06,1628.8199999999997,0.07571596449277247,7.571596449277247,100.0,0.0,0.0,0.0,100.0,0.0,0.0,0.0,1,1,0,0,0,0,1,1,0.9988773465156555,0.9988773465156554,0.9988773465156555,0.9988773465156555,312.76672402046444,638342.849546875,516.0,cea,MULTI_RES,NONE,NONE,
EUA_1_Pro,B1242,matched,157.22,157.22,36269.63,36388.3,118.67000000000553,0.0032718833911458576,0.3271883391145858,100.0,0.0,0.0,0.0,100.0,0.0,0.0,0.0,0,0,0,0,0,0,0,0,,,,,368.96447468250454,560095.204953125,605.0,cea,MULTI_RES,NONE,NONE,
Parque_das_N,B1000,matched,1113.61,1113.61,305721.78,305685.27,-36.51000000000931,-0.00011942230612424574,-0.011942230612424574,100.0,0.0,0.0,0.0,100.0,0.0,0.0,0.0,0,0,0,0,0,0,0,0,,,,,3438.1510560620877,4239866.9084531255,3434.0,cea,MULTI_RES,NONE,NONE,
Parque_das_N,B1001,matched,171.49,322.35,47115.69,80109.52,32993.83,0.7002726692530662,70.02726692530662,0.0,0.0,0.0,100.0,0.0,0.0,0.0,100.0,1,2,0,1,0,1,0,2,0.9783846139907837,0.9786901631317031,0.9571515321731567,0.9996176958084106,523.1011773955624,717856.8379375,524.0,cea,MULTI_RES,NONE,NONE,
Parque_das_N,B1002,matched,244.43,244.43,65238.46,65277.85,39.38999999999942,0.0006037849452608081,0.06037849452608081,100.0,0.0,0.0,0.0,100.0,0.0,0.0,0.0,0,0,0,0,0,0,0,0,,,,,754.6718002658531,1012617.588,755.0,cea,MULTI_RES,NONE,NONE,
Parque_das_N,B1003,matched,91.42,91.42,21608.83,21608.47,-0.3600000000005821,-1.665985617919073e-05,-0.0016659856179190731,100.0,0.0,0.0,0.0,100.0,0.0,0.0,0.0,0,0,0,0,0,0,0,0,,,,,285.8205221015346,338587.9700625,284.0,cea,MULTI_RES,NONE,NONE,
Parque_das_N,B1005,matched,618.18,618.18,168119.48,168122.85,3.3699999999953434,2.0045267805939817e-05,0.0020045267805939818,100.0,0.0,0.0,0.0,100.0,0.0,0.0,0.0,0,0,0,0,0,0,0,0,,,,,1908.350387776722,1838773.18921875,1583.0,cea,MULTI_RES,NONE,NONE,apartments
Parque_das_N,B1006,matched,316.11,598.1,86786.64,134769.81,47983.17,0.5528865963701325,55.28865963701325,0.0,0.0,50.70641542242805,49.29358457757193,0.0,0.0,47.68113244786708,52.31886755213291,1,2,1,1,0,0,0,2,0.7514306008815765,0.750390113756274,0.7080824971199036,0.7947787046432495,976.0005072564772,1105832.175234375,973.0,cea,MULTI_RES,NONE,NONE,
Parque_das_N,B1008,matched,38.38,38.38,10339.95,10343.87,3.9200000000000728,0.00037911208468126756,0.037911208468126754,100.0,0.0,0.0,0.0,100.0,0.0,0.0,0.0,0,0,0,0,0,0,0,0,,,,,118.48870619545886,157879.7836875,118.0,cea,MULTI_RES,NONE,NONE,
Parque_das_N,B1010,matched,0.0,0.0,0.0,0.0,0.0,,,,,,,,,,,0,0,0,0,0,0,0,0,,,,,4031.9770943517397,3942418.819265625,4033.0,cea,MULTI_RES,NONE,NONE,
Parque_das_N,B1011,matched,347.46,347.46,95463.29,95442.68,-20.610000000000582,-0.0002158945077212464,-0.021589450772124638,100.0,0.0,0.0,0.0,100.0,0.0,0.0,0.0,0,0,0,0,0,0,0,0,,,,,1072.7093333555645,1262420.903703125,1071.0,cea,MULTI_RES,NONE,NONE,
Parque_das_N,B1012,matched,430.07,430.07,117036.24,116987.27,-48.970000000001164,-0.0004184174064375373,-0.04184174064375373,100.0,0.0,0.0,0.0,100.0,0.0,0.0,0.0,0,0,0,0,0,0,0,0,,,,,1327.675165568976,1674260.9289375,1328.0,cea,MULTI_RES,NONE,NONE,
Parque_das_N,B1013,matched,305.48,305.14,80688.8,80796.05,107.25,0.0013291807537105522,0.1329180753710552,100.0,0.0,0.0,0.0,100.0,0.0,0.0,0.0,1,1,0,0,0,0,1,1,0.9086437225341797,0.9086437225341797,0.9086437225341797,0.9086437225341797,942.1934104458566,1122395.656015625,942.0,cea,MULTI_RES,NONE,NONE,
Parque_das_N,B1014,matched,13.15,13.15,3337.98,3327.38,-10.599999999999909,-0.0031755732508882343,-0.31755732508882345,100.0,0.0,0.0,0.0,100.0,0.0,0.0,0.0,0,0,0,0,0,0,0,0,,,,,40.61000195795905,34283.7094375,28.0,cea,MULTI_RES,NONE,NONE,
Parque_das_N,B1016,matched,218.71,425.82,59874.27,103844.18,43969.909999999996,0.7343707071501665,73.43707071501665,0.0,0.0,0.0,100.0,0.0,0.0,0.0,100.0,1,2,0,1,0,1,0,2,0.9610164761543274,0.961238442186596,0.9405975341796875,0.9814354181289673,675.2155595298768,813550.1635625,674.0,cea,MULTI_RES,NONE,NONE,
Parque_das_N,B1017,matched,222.42,321.26,60671.26,71611.74,10940.480000000003,0.1803239293200768,18.032392932007678,0.0,32.963954429434104,34.55456639482038,32.4814791757455,0.0,32.21318639856733,34.88570367076485,32.90110993066782,1,3,0,1,0,1,1,3,0.6865954001744589,0.628567985306207,0.44902467727661133,0.9093543887138367,686.658055250236,847260.07865625,687.0,cea,MULTI_RES,NONE,NONE,
Parque_das_N,B1018,matched,262.73,501.87,72114.89,120365.26,48250.369999999995,0.6690763863052415,66.90763863052415,49.99103353458066,0.0,50.00896646541933,0.0,55.18785447190996,0.0,44.81214552809003,0.0,1,2,1,0,1,0,0,2,0.8326736688613892,0.8326420686240799,0.6722826361656189,0.9930647015571594,811.138884434074,780805.409265625,810.0,cea,MULTI_RES,NONE,NONE,
Parque_das_N,B1019,matched,310.51,458.11,84993.33,130056.94,45063.61,0.5302017228881373,53.020172288813725,100.0,0.0,0.0,0.0,100.0,0.0,0.0,0.0,1,2,0,0,1,0,1,2,0.773144006729126,0.7679279602344612,0.6887937188148499,0.8574942946434021,958.6237623404575,1129257.0272968751,961.0,cea,MULTI_RES,NONE,NONE,
Parque_das_N,B1020,matched,297.38,297.38,81362.29,80905.98,-456.3099999999977,-0.005608372134068469,-0.5608372134068469,100.0,0.0,0.0,0.0,100.0,0.0,0.0,0.0,0,0,0,0,0,0,0,0,,,,,918.0883458281754,1047068.906953125,918.0,cea,MULTI_RES,NONE,NONE,
Parque_das_N,B1021,matched,221.25,221.25,60410.02,60732.18,322.1600000000035,0.005332890139748398,0.5332890139748397,100.0,0.0,0.0,0.0,100.0,0.0,0.0,0.0,0,0,0,0,0,0,0,0,,,,,683.0562210261933,828231.84578125,683.0,cea,MULTI_RES,NONE,NONE,
Parque_das_N,B1022,matched,224.35,224.35,57408.19,57114.49,-293.70000000000437,-0.005115994773568098,-0.5115994773568098,100.0,0.0,0.0,0.0,100.0,0.0,0.0,0.0,0,0,0,0,0,0,0,0,,,,,692.6195426811338,829411.782296875,695.0,cea,MULTI_RES,NONE,NONE,
Parque_das_N,B1023,matched,265.13,265.12,72782.53,71277.31,-1505.2200000000012,-0.020681061787766943,-2.068106178776694,100.0,0.0,0.0,0.0,100.0,0.0,0.0,0.0,1,1,0,0,0,0,1,1,0.995881199836731,0.995881199836731,0.995881199836731,0.995881199836731,818.7386403956015,860069.9233437501,819.0,cea,MULTI_RES,NONE,NONE,
Parque_das_N,B1024,matched,288.46,296.88,78835.17,80794.69,1959.520000000004,0.02485591139081712,2.485591139081712,100.0,0.0,0.0,0.0,100.0,0.0,0.0,0.0,1,1,0,0,0,0,1,1,0.7312970757484436,0.7312970757484436,0.7312970757484436,0.7312970757484436,916.8809960291011,1006371.988578125,917.0,cea,MULTI_RES,NONE,NONE,
Parque_das_N,B1026,matched,540.72,540.72,148453.16,148540.41,87.25,0.0005877274690548857,0.05877274690548857,100.0,0.0,0.0,0.0,100.0,0.0,0.0,0.0,0,0,0,0,0,0,0,0,,,,,1669.0471038514388,1850980.63565625,1669.0,cea,MULTI_RES,NONE,NONE,
Parque_das_N,B1027,matched,224.55,434.05,61708.66,107053.57,45344.91,0.7348224706224378,73.48224706224377,0.0,0.0,0.0,100.0,0.0,0.0,0.0,100.0,1,2,0,1,0,1,0,2,0.9741383790969849,0.9741499538242893,0.9700460433959961,0.9782307147979736,693.2563799574635,828023.127,691.0,cea,MULTI_RES,NONE,NONE,
Parque_das_N,B1028,matched,523.47,523.47,132305.66,132607.93,302.2699999999895,0.0022846339302490123,0.22846339302490123,100.0,0.0,0.0,0.0,100.0,0.0,0.0,0.0,0,0,0,0,0,0,0,0,,,,,1616.4580901205857,1786657.832828125,1613.0,cea,MULTI_RES,NONE,NONE,
Parque_das_N,B1029,matched,270.43,270.43,74234.14,71648.95,-2585.1900000000023,-0.03482481241110899,-3.482481241110899,100.0,0.0,0.0,0.0,100.0,0.0,0.0,0.0,0,0,0,0,0,0,0,0,,,,,834.8304827074771,937617.882046875,835.0,cea,MULTI_RES,NONE,NONE,
Parque_das_N,B1030,matched,226.11,434.4,55534.19,95849.33,40315.14,0.7259517065072886,72.59517065072886,0.0,0.0,0.0,100.0,0.0,0.0,0.0,100.0,1,2,0,1,0,1,0,2,0.9398505985736847,0.9399210504740113,0.9053019285202026,0.9743992686271667,698.0679738197164,863692.24209375,700.0,cea,MULTI_RES,NONE,NONE,
Parque_das_N,B1031,matched,431.33,431.33,118536.42,118383.91,-152.50999999999476,-0.001286608790783413,-0.1286608790783413,100.0,0.0,0.0,0.0,100.0,0.0,0.0,0.0,0,0,0,0,0,0,0,0,,,,,1331.5865055825807,1576648.66178125,1330.0,cea,MULTI_RES,NONE,NONE,
Parque_das_N,B1032,matched,221.65,426.76,60308.88,85380.28,25071.4,0.4157165578269735,41.57165578269735,0.0,24.759806908187652,50.38899564137414,24.8511974504382,0.0,26.618166215997636,47.76414459572133,25.617689188281005,1,3,1,1,0,1,0,3,0.7386398315429688,0.6713829820157465,0.47611451148986816,0.9640422463417053,684.2972578900651,860360.608,685.0,cea,MULTI_RES,NONE,NONE,
Parque_das_N,B1033,matched,277.73,277.73,76041.01,75040.31,-1000.6999999999971,-0.013160004055706219,-1.3160004055706218,100.0,0.0,0.0,0.0,100.0,0.0,0.0,0.0,0,0,0,0,0,0,0,0,,,,,857.4024599964438,830956.67346875,856.0,cea,MULTI_RES,NONE,NONE,
Parque_das_N,B1034,matched,520.59,520.38,142996.7,142819.95,-176.75,-0.0012360425100719106,-0.12360425100719107,100.0,0.0,0.0,0.0,100.0,0.0,0.0,0.0,1,1,0,0,0,0,1,1,0.98653644323349,0.98653644323349,0.98653644323349,0.98653644323349,1607.204235965955,1641443.121640625,1612.0,cea,MULTI_RES,NONE,NONE,
Parque_das_N,B1035,matched,222.21,419.67,54753.63,101897.14,47143.51,0.8610115895512317,86.10115895512317,50.53735255570116,24.65149529369712,0.0,24.811152150601682,48.40956158568767,25.464546100206576,0.0,26.12589231410575,1,3,0,1,1,1,0,3,0.9302260677019755,0.9234327839911562,0.903769314289093,0.9593891501426697,686.0405465684223,849382.3451875,685.0,cea,MULTI_RES,NONE,NONE,
Parque_das_N,B1036,matched,458.64,456.99,110246.39,110162.37,-84.02000000000407,-0.0007621111221873485,-0.07621111221873485,100.0,0.0,0.0,0.0,100.0,0.0,0.0,0.0,1,1,0,0,0,0,1,1,0.9989674091339111,0.9989674091339111,0.9989674091339111,0.9989674091339111,1600.9450089886466,1645191.70203125,1596.0,cea,MULTI_RES,NONE,NONE,
Parque_das_N,B1037,matched,453.07,453.07,122783.18,122816.1,32.920000000012806,0.0002681148997770933,0.026811489977709328,100.0,0.0,0.0,0.0,100.0,0.0,0.0,0.0,0,0,0,0,0,0,0,0,,,,,1398.7635224475387,1425071.0368984374,1401.0,cea,MULTI_RES,NONE,NONE,
Parque_das_N,B1038,matched,311.11,582.54,82831.34,151252.89,68421.55000000002,0.8260345661436845,82.60345661436845,26.36557146290384,0.0,21.964156967761873,51.670271569334304,27.914434742988625,0.0,20.17525538630734,51.91030987070402,1,3,1,1,1,0,0,3,0.593373586734136,0.6633160988532979,0.43799111247062683,0.8381429314613342,960.4919844512233,1101983.3663281251,958.0,cea,MULTI_RES,NONE,NONE,
Parque_das_N,B1039,matched,488.87,488.87,132947.99,133285.67,337.6800000000221,0.002539940618884288,0.2539940618884288,100.0,0.0,0.0,0.0,100.0,0.0,0.0,0.0,0,0,0,0,0,0,0,0,,,,,1509.31528552077,1653027.548734375,1506.0,cea,MULTI_RES,NONE,NONE,
Parque_das_N,B1040,matched,494.7,494.7,134669.38,134753.89,84.51000000000931,0.0006275368610148002,0.06275368610148002,100.0,0.0,0.0,0.0,100.0,0.0,0.0,0.0,0,0,0,0,0,0,0,0,,,,,1527.3290904720968,1646203.441109375,1525.0,cea,MULTI_RES,NONE,NONE,
Parque_das_N,B1041,matched,715.01,715.01,196423.02,196419.08,-3.9400000000023283,-2.0058748714902807e-05,-0.0020058748714902805,100.0,0.0,0.0,0.0,100.0,0.0,0.0,0.0,0,0,0,0,0,0,0,0,,,,,2208.9326479021515,2409332.32975,2207.0,cea,MULTI_RES,NONE,NONE,
Parque_das_N,B1042,matched,299.99,570.94,82372.92,129259.58,46886.66,0.5691999263835736,56.919992638357364,0.0,0.0,50.8424408014572,49.15755919854281,0.0,0.0,47.2828316837606,52.717168316239416,1,2,1,1,0,0,0,2,0.6996813863515854,0.6951169048371194,0.4831582009792328,0.916204571723938,926.1813221464648,1027926.34371875,926.0,cea,MULTI_RES,NONE,NONE,
Parque_das_N,B1043,matched,636.39,636.39,166803.79,166632.03,-171.7600000000093,-0.0010297128140794001,-0.10297128140794001,100.0,0.0,0.0,0.0,100.0,0.0,0.0,0.0,0,0,0,0,0,0,0,0,,,,,1964.677879866953,1485456.167265625,1964.0,cea,MULTI_RES,NONE,NONE,
Parque_das_N,B1044,matched,301.56,301.56,82600.72,82528.72,-72.0,-0.0008716631041472761,-0.08716631041472761,100.0,0.0,0.0,0.0,100.0,0.0,0.0,0.0,0,0,0,0,0,0,0,0,,,,,930.5396612049301,1129771.295484375,933.0,cea,MULTI_RES,NONE,NONE,
Parque_das_N,B1045,matched,550.45,550.45,143248.32,143196.26,-52.05999999999767,-0.0003634248555235948,-0.03634248555235948,100.0,0.0,0.0,0.0,100.0,0.0,0.0,0.0,0,0,0,0,0,0,0,0,,,,,2383.6860210800487,3470600.236375,2383.0,cea,MULTI_RES,NONE,NONE,
Parque_das_N,B1046,matched,400.01,400.01,109934.85,109783.13,-151.72000000000116,-0.0013800901170102217,-0.13800901170102217,100.0,0.0,0.0,0.0,100.0,0.0,0.0,0.0,0,0,0,0,0,0,0,0,,,,,1234.9307419131324,463437.548796875,734.0,cea,MULTI_RES,NONE,NONE,
Parque_das_N,B1048,matched,352.47,352.47,94230.14,93903.9,-326.24000000000524,-0.0034621618942729496,-0.346216189427295,100.0,0.0,0.0,0.0,100.0,0.0,0.0,0.0,0,0,0,0,0,0,0,0,,,,,1089.9207151887829,1302321.129578125,1092.0,cea,MULTI_RES,NONE,NONE,
Parque_das_N,B1049,matched,355.95,675.98,95431.45,173363.6,77932.15000000001,0.8166296331031333,81.66296331031333,49.522893705155695,25.29772912197647,0.0,25.179377172867813,50.455564828397925,23.622919741632483,0.0,25.921515429969595,1,3,0,1,0,1,1,3,0.6554186741511027,0.6488797990558745,0.5471838116645813,0.7899950742721558,1100.998661198247,1238378.2769531251,1100.0,cea,MULTI_RES,NONE,NONE,
Parque_das_N,B1050,matched,286.84,415.87,76610.39,103272.21,26661.820000000007,0.34801833015077993,34.801833015077996,34.48665544602068,0.0,0.0,65.51334455397931,34.50855861131272,0.0,0.0,65.49144138868729,1,2,0,1,0,0,1,2,0.7180385142564774,0.7163468997702432,0.47970637679100037,0.9563706517219543,886.4493439964816,1043742.5883125,886.0,cea,MULTI_RES,NONE,NONE,
Parque_das_N,B1051,matched,1644.3,1644.3,451383.15,451541.87,158.71999999997206,0.00035163031672753414,0.03516303167275341,100.0,0.0,0.0,0.0,100.0,0.0,0.0,0.0,0,0,0,0,0,0,0,0,,,,,5080.158311657505,4141487.9577343753,4116.0,cea,MULTI_RES,NONE,NONE,
Parque_das_N,B1055,matched,107.1,205.05,28388.61,49196.32,20807.71,0.7329598032450337,73.29598032450338,50.08534503779566,0.0,49.91465496220434,0.0,55.70690612404753,0.0,44.29309387595248,0.0,1,2,1,0,1,0,0,2,0.9838318824768066,0.9838228193631197,0.978103518486023,0.9895602464675903,330.6252650566684,462415.1030625,331.0,cea,MULTI_RES,NONE,NONE,
Parque_das_N,B1056,matched,144.39,144.39,39523.35,39502.58,-20.7699999999968,-0.0005255121339662959,-0.05255121339662958,100.0,0.0,0.0,0.0,100.0,0.0,0.0,0.0,0,0,0,0,0,0,0,0,,,,,445.75753630181066,311736.1996875,213.0,cea,MULTI_RES,NONE,NONE,
Parque_das_N,B1057,matched,203.39,293.75,55120.03,66911.28,11791.25,0.21391951346906016,21.391951346906016,34.57466725669742,0.0,32.842019266773335,32.58331347652926,38.18009012032781,0.0,30.806718088765777,31.013191790906426,1,3,1,0,0,1,1,3,0.3927648762861888,0.3963172302211489,0.36980199813842773,0.40731287002563477,627.829188854358,590956.14515625,627.0,cea,MULTI_RES,NONE,NONE,
Parque_das_N,B1058,matched,204.76,389.08,56193.99,93199.51,37005.52,0.6585316330091527,65.85316330091527,49.964019532253914,0.0,50.035980467746086,0.0,54.39639870530304,0.0,45.60360129469694,0.0,1,2,1,0,1,0,0,2,0.8038144707679749,0.8038915503119513,0.6998656392097473,0.9077633023262024,632.1939362726187,594149.438640625,632.0,cea,MULTI_RES,NONE,NONE,
Parque_das_N,B1059,matched,255.62,372.73,70461.74,106888.62,36426.87999999999,0.5169738924982549,51.697389249825484,100.0,0.0,0.0,0.0,100.0,0.0,0.0,0.0,1,2,0,0,1,0,1,2,0.5088791400194168,0.5095761073856155,0.4472563564777374,0.5705019235610962,789.2467352042627,916899.3571875,791.0,cea,MULTI_RES,NONE,NONE,
Parque_das_N,B1061,matched,254.47,254.47,69490.37,69578.09,87.72000000000116,0.0012623331837202936,0.12623331837202936,100.0,0.0,0.0,0.0,100.0,0.0,0.0,0.0,0,0,0,0,0,0,0,0,,,,,785.5668934484916,882695.367203125,785.0,cea,MULTI_RES,NONE,NONE,
Parque_das_N,B1062,matched,224.77,224.77,61231.53,61428.15,196.62000000000262,0.003211090756673933,0.3211090756673933,100.0,0.0,0.0,0.0,100.0,0.0,0.0,0.0,0,0,0,0,0,0,0,0,,,,,693.9733745203667,295413.16521875,422.0,cea,MULTI_RES,NONE,NONE,
Parque_das_N,B1063,matched,444.93,444.93,120534.32,120498.3,-36.020000000004075,-0.00029883604935095726,-0.029883604935095728,100.0,0.0,0.0,0.0,100.0,0.0,0.0,0.0,0,0,0,0,0,0,0,0,,,,,1373.7308903728622,601206.8826875,720.0,cea,MULTI_RES,NONE,NONE,
Parque_das_N,B1064,matched,292.27,434.38,79169.86,86153.5,6983.639999999999,0.08821084185320019,8.82108418532002,33.57119837944843,0.0,66.42880162055151,0.0,38.75917739085021,0.0,61.24082260914977,0.0,1,2,1,0,0,0,1,2,0.489489808678627,0.48836184780221925,0.4484861195087433,0.5304934978485107,902.4643428372177,798423.884734375,729.0,cea,MULTI_RES,NONE,NONE,
Parque_das_N,B1065,matched,226.74,333.09,62312.23,81282.56,18970.329999999994,0.304439914925208,30.4439914925208,34.036804659121614,0.0,0.0,65.96319534087839,35.09256749558218,0.0,0.0,64.90743250441781,1,2,0,0,0,1,1,2,0.8514809310436249,0.850654223568868,0.8030520677566528,0.8999097943305969,700.0558689623181,861334.29671875,700.0,cea,MULTI_RES,NONE,NONE,
Parque_das_N,B1066,matched,224.79,326.03,61775.65,82131.06,20355.409999999996,0.32950539573440335,32.95053957344034,34.47535502867833,0.0,0.0,65.52464497132165,35.04192391455762,0.0,0.0,64.9580760854424,1,2,0,0,0,1,1,2,0.6117986142635345,0.6117618449960254,0.6067273020744324,0.6168699264526367,694.0340550388281,883037.54109375,696.0,cea,MULTI_RES,NONE,NONE,
Parque_das_N,B1067,matched,229.85,229.85,62995.58,63021.39,25.80999999999767,0.00040971128450595536,0.040971128450595536,100.0,0.0,0.0,0.0,100.0,0.0,0.0,0.0,0,0,0,0,0,0,0,0,,,,,709.6234966166134,862173.63434375,709.0,cea,MULTI_RES,NONE,NONE,
Parque_das_N,B1068,matched,215.22,412.07,58754.37,118444.6,59690.23,1.0159283471169889,101.59283471169888,100.0,0.0,0.0,0.0,100.0,0.0,0.0,0.0,1,1,0,0,1,0,0,1,0.9358967542648315,0.9358967542648315,0.9358967542648315,0.9358967542648315,664.4776434013874,747636.72646875,668.0,cea,MULTI_RES,NONE,NONE,
Parque_das_N,B1069,matched,225.43,327.58,61833.51,86147.42,24313.909999999996,0.3932157498417928,39.32157498417928,34.41602051407288,0.0,0.0,65.58397948592709,34.3524590500141,0.0,0.0,65.6475409499859,1,2,0,1,0,0,1,2,0.8836464583873749,0.883405971898084,0.8556477427482605,0.9116451740264893,695.9939095141706,835212.1876875,701.0,cea,MULTI_RES,NONE,NONE,
Parque_das_N,B1070,matched,221.86,221.86,60979.96,60769.4,-210.55999999999767,-0.003452937653616002,-0.3452937653616002,100.0,0.0,0.0,0.0,100.0,0.0,0.0,0.0,0,0,0,0,0,0,0,0,,,,,684.9747534561914,788877.054125,682.0,cea,MULTI_RES,NONE,NONE,
Parque_das_N,B1071,matched,296.23,296.23,81385.49,81341.08,-44.41000000000349,-0.0005456746651031221,-0.05456746651031221,100.0,0.0,0.0,0.0,100.0,0.0,0.0,0.0,0,0,0,0,0,0,0,0,,,,,914.6980378265952,954414.8536875,916.0,cea,MULTI_RES,NONE,NONE,
Parque_das_N,B1072,matched,268.15,268.15,72311.24,72053.57,-257.66999999999825,-0.0035633464451722613,-0.35633464451722613,100.0,0.0,0.0,0.0,100.0,0.0,0.0,0.0,0,0,0,0,0,0,0,0,,,,,827.8641647292368,914996.564171875,828.0,cea,MULTI_RES,NONE,NONE,
Parque_das_N,B1073,matched,299.76,299.76,75678.66,70460.23,-5218.430000000008,-0.06895510570615293,-6.8955105706152935,100.0,0.0,0.0,0.0,100.0,0.0,0.0,0.0,0,0,0,0,0,0,0,0,,,,,925.4894439749264,1007470.938125,921.0,cea,MULTI_RES,NONE,NONE,
Parque_das_N,B1074,matched,271.44,271.44,74574.29,74552.36,-21.929999999993015,-0.0002940691758512621,-0.02940691758512621,100.0,0.0,0.0,0.0,100.0,0.0,0.0,0.0,0,0,0,0,0,0,0,0,,,,,860.6781421321144,1074446.3061875,859.0,cea,MULTI_RES,NONE,NONE,
Parque_das_N,B1075,matched,257.63,257.63,64378.48,64336.19,-42.29000000000087,-0.0006568965281566274,-0.06568965281566273,100.0,0.0,0.0,0.0,100.0,0.0,0.0,0.0,0,0,0,0,0,0,0,0,,,,,829.8915664229509,914065.0963125001,830.0,cea,MULTI_RES,NONE,NONE,
Parque_das_N,B1076,matched,282.56,282.56,77528.27,77534.13,5.860000000000582,7.558533164741819e-05,0.007558533164741819,100.0,0.0,0.0,0.0,100.0,0.0,0.0,0.0,0,0,0,0,0,0,0,0,,,,,896.3542016227404,900827.694109375,896.0,cea,MULTI_RES,NONE,NONE,
Parque_das_N,B1077,matched,223.07,223.07,60790.72,60899.8,109.08000000000175,0.0017943528222729018,0.1794352822272902,100.0,0.0,0.0,0.0,100.0,0.0,0.0,0.0,0,0,0,0,0,0,0,0,,,,,688.7003656938938,797656.71959375,692.0,cea,MULTI_RES,NONE,NONE,
Parque_das_N,B1078,matched,218.02,217.87,59819.49,59718.79,-100.69999999999709,-0.0016833978357220546,-0.16833978357220547,100.0,0.0,0.0,0.0,100.0,0.0,0.0,0.0,1,1,0,0,0,0,1,1,0.9623653888702393,0.9623653888702393,0.9623653888702393,0.9623653888702393,673.1101766582103,779276.694125,669.0,cea,MULTI_RES,NONE,NONE,
Parque_das_N,B1079,matched,305.46,305.46,83859.93,82966.61,-893.3199999999924,-0.010652524990182946,-1.0652524990182946,100.0,0.0,0.0,0.0,100.0,0.0,0.0,0.0,0,0,0,0,0,0,0,0,,,,,943.0644134903552,1082819.3081484374,942.0,cea,MULTI_RES,NONE,NONE,
Parque_das_N,B1080,matched,258.89,490.74,70755.44,118388.38,47632.94,0.673205339405705,67.3205339405705,52.3871625063678,0.0,47.612837493632206,0.0,56.061050663529834,0.0,43.93894933647018,0.0,1,2,1,0,1,0,0,2,0.9910076260566711,0.990644208651588,0.9833984375,0.9986168146133423,799.2033985832227,866271.0208671875,804.0,cea,MULTI_RES,NONE,NONE,
Parque_das_N,B1081,matched,281.72,279.48,77102.68,76480.99,-621.6899999999878,-0.008063143849214941,-0.8063143849214941,100.0,0.0,0.0,0.0,100.0,0.0,0.0,0.0,1,1,0,0,0,0,1,1,0.4523063898086548,0.4523063898086548,0.4523063898086548,0.4523063898086548,872.6667392543493,1106601.177140625,872.0,cea,MULTI_RES,NONE,NONE,
Parque_das_N,B1082,matched,303.42,303.42,83155.34,83114.05,-41.2899999999936,-0.0004965405709361973,-0.049654057093619725,100.0,0.0,0.0,0.0,100.0,0.0,0.0,0.0,0,0,0,0,0,0,0,0,,,,,936.8232696494497,1118867.48859375,935.0,cea,MULTI_RES,NONE,NONE,
Parque_das_N,B1084,matched,334.43,651.98,91477.11,174393.37,82916.26,0.9064153863190474,90.64153863190474,62.366366550608156,0.0,0.0,37.633633449391844,65.80638435501969,0.0,0.0,34.193615644980305,1,2,0,0,1,1,0,2,0.7190126776695251,0.7392685514773961,0.6371262669563293,0.800899088382721,1049.6562757425281,1147541.35578125,1031.0,cea,MULTI_RES,NONE,NONE,
Parque_das_N,B1085,matched,312.88,312.88,85685.53,83136.37,-2549.1600000000035,-0.02975018068978512,-2.9750180689785117,100.0,0.0,0.0,0.0,100.0,0.0,0.0,0.0,0,0,0,0,0,0,0,0,,,,,966.0261426132781,985565.46865625,914.0,cea,MULTI_RES,NONE,NONE,
Parque_das_N,B1087,matched,288.15,288.15,77446.1,77327.99,-118.11000000000058,-0.0015250606550878685,-0.15250606550878684,100.0,0.0,0.0,0.0,100.0,0.0,0.0,0.0,0,0,0,0,0,0,0,0,,,,,889.5618549994302,1034180.4150781251,889.0,cea,MULTI_RES,NONE,NONE,
Parque_das_N,B1088,matched,349.71,349.71,95975.26,95929.01,-46.25,-0.0004818950216962163,-0.04818950216962163,100.0,0.0,0.0,0.0,100.0,0.0,0.0,0.0,0,0,0,0,0,0,0,0,,,,,1079.6702055525766,1279145.500671875,1077.0,cea,MULTI_RES,NONE,NONE,
Parque_das_N,B1089,matched,284.38,284.38,78072.83,78087.36,14.529999999998836,0.00018610827864186345,0.018610827864186344,100.0,0.0,0.0,0.0,100.0,0.0,0.0,0.0,0,0,0,0,0,0,0,0,,,,,877.9882163243151,938324.80140625,880.0,cea,MULTI_RES,NONE,NONE,
Parque_das_N,B1090,matched,291.55,291.55,76094.39,75300.39,-794.0,-0.01043440915946629,-1.043440915946629,100.0,0.0,0.0,0.0,100.0,0.0,0.0,0.0,0,0,0,0,0,0,0,0,,,,,934.0142170672084,1105329.5579687501,935.0,cea,MULTI_RES,NONE,NONE,
Parque_das_N,B1091,matched,218.04,218.04,54995.69,53400.88,-1594.810000000005,-0.02899881790736701,-2.899881790736701,100.0,0.0,0.0,0.0,100.0,0.0,0.0,0.0,0,0,0,0,0,0,0,0,,,,,673.164007797197,602893.9293125,672.0,cea,MULTI_RES,NONE,NONE,
Parque_das_N,B1092,matched,251.74,487.12,69163.79,146884.72,77720.93000000001,1.1237228324243078,112.37228324243078,100.0,0.0,0.0,0.0,100.0,0.0,0.0,0.0,1,1,0,0,1,0,0,1,0.6949478387832642,0.6949478387832642,0.6949478387832642,0.6949478387832642,771.1422066021164,896377.4495546875,775.0,cea,MULTI_RES,NONE,NONE,
Parque_das_N,B1093,matched,223.58,265.15,56399.47,60047.84,3648.3699999999953,0.06468801923138631,6.468801923138631,37.649898182366684,0.0,0.0,62.35010181763331,37.096110103350966,0.0,0.0,62.90388989664901,1,2,0,0,0,1,1,2,0.7580727338790894,0.7588176446425593,0.5659154057502747,0.950230062007904,690.2674517831231,814962.6116875,687.0,cea,MULTI_RES,NONE,NONE,
Parque_das_N,B1094,matched,223.24,223.24,61084.5,60093.91,-990.5899999999965,-0.016216716188231,-1.6216716188231,100.0,0.0,0.0,0.0,100.0,0.0,0.0,0.0,0,0,0,0,0,0,0,0,,,,,689.2200571282845,802747.24925,691.0,cea,MULTI_RES,NONE,NONE,
Parque_das_N,B1095,matched,223.19,223.1,61076.36,60846.05,-230.30999999999767,-0.003770853403837388,-0.37708534038373875,100.0,0.0,0.0,0.0,100.0,0.0,0.0,0.0,1,1,0,0,0,0,1,1,0.8220883011817932,0.8220883011817932,0.8220883011817932,0.8220883011817932,689.0554138142787,738075.384125,690.0,cea,MULTI_RES,NONE,NONE,
Parque_das_N,B1096,matched,320.46,610.24,86938.25,137406.13,50467.880000000005,0.5805025981084276,58.05025981084276,0.0,0.0,51.5952478492421,48.40475215075789,0.0,0.0,48.56679410699015,51.433205893009855,1,2,1,1,0,0,0,2,0.688923567533493,0.6953594398319624,0.5076175332069397,0.8702296018600464,989.3549429598282,1024528.9321875001,989.0,cea,MULTI_RES,NONE,NONE,
Parque_das_N,B1097,matched,232.98,447.31,63900.29,107727.19,43826.9,0.6858638669714957,68.58638669714956,0.0,0.0,0.0,100.0,0.0,0.0,0.0,100.0,1,2,0,1,0,1,0,2,0.838887095451355,0.8502017698418904,0.7409170269966125,0.9368571639060974,719.2832525665787,856076.749796875,721.0,cea,MULTI_RES,NONE,NONE,
Parque_das_N,B1098,matched,174.48,332.87,47814.78,82464.38,34649.600000000006,0.7246629598630383,72.46629598630383,0.0,0.0,0.0,100.0,0.0,0.0,0.0,100.0,1,2,0,1,0,1,0,2,0.9916517734527588,0.9916419898584716,0.9853608012199402,0.9979427456855774,538.7076833549838,733366.158,540.0,cea,MULTI_RES,NONE,NONE,
Parque_das_N,B1099,matched,175.45,335.34,48064.34,83070.7,35006.36,0.7283229104987191,72.83229104987191,0.0,0.0,0.0,100.0,0.0,0.0,0.0,100.0,1,2,0,1,0,1,0,2,0.9911446571350098,0.9911500241782105,0.9843889474868774,0.9979003667831421,541.6627707821158,742124.1928125,540.0,cea,MULTI_RES,NONE,NONE,
Parque_das_N,B1100,matched,288.72,288.65,78932.95,78228.97,-703.9799999999959,-0.008918708853526898,-0.8918708853526898,100.0,0.0,0.0,0.0,100.0,0.0,0.0,0.0,1,1,0,0,0,0,1,1,0.9933579564094543,0.9933579564094543,0.9933579564094543,0.9933579564094543,891.1563738365094,1080045.022046875,893.0,cea,MULTI_RES,NONE,NONE,
Parque_das_N,B1101,matched,287.38,284.99,76839.15,75000.64,-1838.5099999999948,-0.02392673526451028,-2.392673526451028,100.0,0.0,0.0,0.0,100.0,0.0,0.0,0.0,1,1,0,0,0,0,1,1,0.9849231243133545,0.9849231243133544,0.9849231243133545,0.9849231243133545,888.3055597651139,970893.220375,889.0,cea,MULTI_RES,NONE,NONE,
Parque_das_N,B1102,matched,352.5,345.29,94998.3,86824.84,-8173.460000000006,-0.08603796067929644,-8.603796067929643,100.0,0.0,0.0,0.0,100.0,0.0,0.0,0.0,1,1,0,0,0,0,1,1,0.9932622313499451,0.9932622313499451,0.9932622313499451,0.9932622313499451,1090.0595826141075,1305121.11371875,1091.0,cea,MULTI_RES,NONE,NONE,
Parque_das_N,B1103,matched,354.23,517.29,96341.64,139767.43,43425.78999999999,0.45074788014818923,45.07478801481892,34.230315683659065,0.0,0.0,65.76968431634091,33.89675142895071,0.0,0.0,66.1032485710493,1,2,0,1,0,0,1,2,0.7790674567222595,0.7768122680944846,0.6020799279212952,0.9560549855232239,1093.5748465594052,1292349.7375390625,1093.0,cea,MULTI_RES,NONE,NONE,
Parque_das_N,B1104,matched,135.32,135.32,36760.27,36775.5,15.230000000003201,0.00041430598850343596,0.04143059885034359,100.0,0.0,0.0,0.0,100.0,0.0,0.0,0.0,0,0,0,0,0,0,0,0,,,,,417.75954607284024,604371.1319375,415.0,cea,MULTI_RES,NONE,NONE,
Parque_das_N,B1105,matched,140.1,140.1,37925.81,37951.54,25.7300000000032,0.0006784298080911971,0.06784298080911971,100.0,0.0,0.0,0.0,100.0,0.0,0.0,0.0,0,0,0,0,0,0,0,0,,,,,432.5112722883888,628658.226,433.0,cea,MULTI_RES,NONE,NONE,
Parque_das_N,B1106,matched,177.6,177.55,48139.29,48226.09,86.79999999999563,0.0018031009597357093,0.18031009597357092,100.0,0.0,0.0,0.0,100.0,0.0,0.0,0.0,1,1,0,0,0,0,1,1,0.9999047517776489,0.9999047517776488,0.9999047517776489,0.9999047517776489,548.2657974653067,673942.927484375,548.0,cea,MULTI_RES,NONE,NONE,
Parque_das_N,B1107,matched,143.87,143.87,34577.16,34609.99,32.82999999999447,0.0009494706910571738,0.09494706910571739,100.0,0.0,0.0,0.0,100.0,0.0,0.0,0.0,0,0,0,0,0,0,0,0,,,,,464.74479074570286,592909.906375,465.0,cea,MULTI_RES,NONE,NONE,
Parque_das_N,B1108,matched,353.56,353.56,96949.17,97009.4,60.229999999995925,0.0006212533846344009,0.062125338463440094,100.0,0.0,0.0,0.0,100.0,0.0,0.0,0.0,0,0,0,0,0,0,0,0,,,,,1091.6561489464411,1300392.36396875,1092.0,cea,MULTI_RES,NONE,NONE,
Parque_das_N,B1109,matched,355.0,355.0,96331.4,96590.06,258.6600000000035,0.0026851057910505143,0.26851057910505144,100.0,0.0,0.0,0.0,100.0,0.0,0.0,0.0,0,0,0,0,0,0,0,0,,,,,1095.9951486974871,1424909.3127265626,1095.0,cea,MULTI_RES,NONE,NONE,
Parque_das_N,B1110,matched,726.38,726.38,199302.28,199326.19,23.910000000003492,0.00011996852218651735,0.011996852218651734,100.0,0.0,0.0,0.0,100.0,0.0,0.0,0.0,0,0,0,0,0,0,0,0,,,,,2242.0936560701603,2111365.97046875,2243.0,cea,MULTI_RES,NONE,NONE,
Parque_das_N,B1111,matched,679.94,679.94,184043.1,184266.25,223.14999999999418,0.0012124877270595538,0.12124877270595538,100.0,0.0,0.0,0.0,100.0,0.0,0.0,0.0,0,0,0,0,0,0,0,0,,,,,2105.075139827152,1975390.3879609376,2107.0,cea,MULTI_RES,NONE,NONE,
Parque_das_N,B1112,matched,631.16,631.16,167936.83,167855.57,-81.25999999998021,-0.0004838724179799048,-0.04838724179799048,100.0,0.0,0.0,0.0,100.0,0.0,0.0,0.0,0,0,0,0,0,0,0,0,,,,,2334.559118239555,3613509.9726875,2336.0,cea,MULTI_RES,NONE,NONE,
Parque_das_N,B1115,matched,79.94,79.94,21630.71,21635.73,5.020000000000437,0.00023207744914524012,0.02320774491452401,100.0,0.0,0.0,0.0,100.0,0.0,0.0,0.0,0,0,0,0,0,0,0,0,,,,,246.81130637687312,302355.461,247.0,cea,MULTI_RES,NONE,NONE,
Parque_das_N,B1116,matched,603.91,603.91,157108.86,157026.88,-81.97999999998137,-0.0005218037989708625,-0.05218037989708625,100.0,0.0,0.0,0.0,100.0,0.0,0.0,0.0,0,0,0,0,0,0,0,0,,,,,2463.3302185064576,3656724.5230625,2462.0,cea,MULTI_RES,NONE,NONE,
Parque_das_N,B1117,matched,91.42,91.42,21578.23,21511.33,-66.89999999999782,-0.0031003469700711236,-0.31003469700711234,100.0,0.0,0.0,0.0,100.0,0.0,0.0,0.0,0,0,0,0,0,0,0,0,,,,,282.2513042379161,369027.93806250003,284.0,cea,MULTI_RES,NONE,NONE,
Parque_das_N,B1126,matched,415.56,415.56,106173.37,106249.27,75.90000000000873,0.0007148685211744596,0.07148685211744596,100.0,0.0,0.0,0.0,100.0,0.0,0.0,0.0,0,0,0,0,0,0,0,0,,,,,1282.9795230789036,1800325.9511250001,1282.0,cea,MULTI_RES,NONE,NONE,
Parque_das_N,B1127,matched,474.35,474.35,127436.67,127348.94,-87.72999999999593,-0.000688420373821726,-0.0688420373821726,100.0,0.0,0.0,0.0,100.0,0.0,0.0,0.0,0,0,0,0,0,0,0,0,,,,,1464.5335495344411,2365196.26625,1463.0,cea,MULTI_RES,NONE,NONE,
Parque_das_N,B1128,matched,345.33,345.33,92144.4,91793.03,-351.36999999999534,-0.0038132539796232367,-0.3813253979623237,100.0,0.0,0.0,0.0,100.0,0.0,0.0,0.0,0,0,0,0,0,0,0,0,,,,,1188.6895926196771,1864002.42025,1189.0,cea,MULTI_RES,NONE,NONE,
Parque_das_N,B1129,matched,298.07,298.07,78130.6,78135.68,5.079999999987194,6.501933941358691e-05,0.006501933941358691,100.0,0.0,0.0,0.0,100.0,0.0,0.0,0.0,0,0,0,0,0,0,0,0,,,,,938.9397626787854,1312018.2699375001,941.0,cea,MULTI_RES,NONE,NONE,
