area_id,building_name,status,CEA_AREA,UCEA_AREA,CEA_GENERATION_KWH_YEAR,UCEA_GENERATION_KWH_YEAR,UCEA_MINUS_CEA_KWH_YEAR,UCEA_VS_CEA_RATIO,UCEA_VS_CEA_PCT_CHANGE,NORTH_PCT_AREA,EAST_PCT_AREA,SOUTH_PCT_AREA,WEST_PCT_AREA,NORTH_PCT_GEN,EAST_PCT_GEN,SOUTH_PCT_GEN,WEST_PCT_GEN,OVEN_ROOF_DETECTED,OVEN_ROOF_COUNT,OVEN_COUNT_NORTH,OVEN_COUNT_EAST,OVEN_COUNT_SOUTH,OVEN_COUNT_WEST,OVEN_COUNT_HORIZONTAL,OVEN_CONFIDENCE_FACE_COUNT,OVEN_CONFIDENCE_MEAN,OVEN_CONFIDENCE_AREA_WEIGHTED_MEAN,OVEN_CONFIDENCE_MIN,OVEN_CONFIDENCE_MAX,validation_area_m2,validation_radiation_kwh_year,validation_point_count,residential_source,use_type1,use_type2,use_type3,resi_type
Baixa_Alfama,B1000,matched,296.52,577.33,76919.33,153532.64,76613.31000000001,0.996021546209516,99.6021546209516,84.092011362849,15.907988637150968,0.0,0.0,85.58205992532861,14.417940074671392,0.0,0.0,1,3,0,1,1,1,0,3,0.7734410166740417,0.8276621785635321,0.5558887720108032,0.9664952158927917,560.8979956001767,1349236.1474375,927.0,cea,MULTI_RES,NONE,NONE,
Baixa_Alfama,B1001,matched,359.2,359.2,87036.5,86507.97,-528.5299999999988,-0.006072509809103064,-0.6072509809103064,100.0,0.0,0.0,0.0,100.0,0.0,0.0,0.0,0,0,0,0,0,0,0,0,,,,,644.1343108753259,1240980.910328125,1063.0,cea,MULTI_RES,NONE,NONE,
Baixa_Alfama,B1002,matched,219.1,219.1,57607.57,55631.93,-1975.6399999999994,-0.034294798409306264,-3.429479840930626,100.0,0.0,0.0,0.0,100.0,0.0,0.0,0.0,0,0,0,0,0,0,0,0,,,,,413.59833755284194,966909.2375156251,692.0,cea,MULTI_RES,NONE,NONE,
Baixa_Alfama,B1003,matched,297.29,297.29,80941.17,81110.11,168.94000000000233,0.0020871949342961354,0.20871949342961355,100.0,0.0,0.0,0.0,100.0,0.0,0.0,0.0,0,0,0,0,0,0,0,0,,,,,479.1823127283859,1009089.13440625,787.0,cea,MULTI_RES,NONE,NONE,
Baixa_Alfama,B1005,matched,347.19,347.19,92783.48,92423.19,-360.2899999999936,-0.003883126608314256,-0.38831266083142557,100.0,0.0,0.0,0.0,100.0,0.0,0.0,0.0,0,0,0,0,0,0,0,0,,,,,618.0543244535377,1266829.75221875,1017.0,cea,MULTI_RES,NONE,NONE,
Baixa_Alfama,B1007,matched,600.51,600.51,162440.21,162219.37,-220.8399999999965,-0.0013595156026946563,-0.13595156026946562,100.0,0.0,0.0,0.0,100.0,0.0,0.0,0.0,0,0,0,0,0,0,0,0,,,,,1090.9615101316244,2131688.99378125,1801.0,cea,SINGLE_RES,NONE,NONE,
Baixa_Alfama,B1008,matched,2.48,2.48,682.52,680.22,-2.2999999999999545,-0.003369864619351747,-0.33698646193517473,100.0,0.0,0.0,0.0,100.0,0.0,0.0,0.0,0,0,0,0,0,0,0,0,,,,,8.598325912107434,10423.04246875,14.0,cea,MULTI_RES,NONE,NONE,
Baixa_Alfama,B1011,matched,2132.56,2132.56,560980.34,558435.44,-2544.9000000000233,-0.004536522616817594,-0.4536522616817594,100.0,0.0,0.0,0.0,100.0,0.0,0.0,0.0,0,0,0,0,0,0,0,0,,,,,4110.316169706974,7886668.510867188,6776.0,cea,MULTI_RES,NONE,NONE,
Baixa_Alfama,B1016,matched,197.09,365.46,47298.88,95873.07,48574.19000000001,1.0269627948907039,102.69627948907039,100.0,0.0,0.0,0.0,100.0,0.0,0.0,0.0,1,1,0,0,1,0,0,1,0.9981527924537659,0.998152792453766,0.9981527924537659,0.9981527924537659,370.7460956313525,718595.8264140625,606.0,cea,MULTI_RES,NONE,NONE,
Baixa_Alfama,B1017,matched,47.73,91.24,12223.97,20500.37,8276.4,0.677063179965265,67.7063179965265,51.03561643835617,0.0,48.964383561643835,0.0,57.31022748937827,0.0,42.68977251062174,0.0,1,2,1,0,1,0,0,2,0.91477832198143,0.9149033188847095,0.9087271094322205,0.9208295345306396,89.45396489863509,187685.4506875,147.0,cea,MULTI_RES,NONE,NONE,
Baixa_Alfama,B1018,matched,165.72,325.67,45394.68,81263.37,35868.689999999995,0.7901518415814363,79.01518415814363,62.54375729288215,0.0,37.45624270711785,0.0,66.42592204495311,0.0,33.574077955046874,0.0,1,2,1,0,1,0,0,2,0.9520437121391296,0.947653371642496,0.934540867805481,0.9695465564727783,321.0687666817492,631170.5754257813,533.0,cea,MULTI_RES,NONE,NONE,
Baixa_Alfama,B1020,matched,80.11,135.41,15067.87,25169.43,10101.56,0.6704039787972685,67.04039787972685,57.90134396691773,0.0,42.09865603308226,0.0,66.57721185521874,0.0,33.422788144781244,0.0,1,2,1,0,1,0,0,2,0.8623707890510559,0.8635083928221537,0.7287562489509583,0.9959853291511536,151.4182408508094,252801.631625,249.0,cea,MULTI_RES,NONE,NONE,
Baixa_Alfama,B1021,matched,78.43,149.95,21294.22,38362.09,17067.869999999995,0.8015259539912706,80.15259539912705,71.15038346115371,0.0,28.849616538846284,0.0,74.71958024746861,0.0,25.280419752531376,0.0,1,2,1,0,1,0,0,2,0.9967471361160278,0.9954425959529298,0.9936623573303223,0.9998319149017334,147.7616211304036,293459.31134375,242.0,cea,MULTI_RES,NONE,NONE,
Baixa_Alfama,B1023,matched,22.54,22.54,5770.45,5753.26,-17.1899999999996,-0.0029789704442460467,-0.2978970444246047,100.0,0.0,0.0,0.0,100.0,0.0,0.0,0.0,0,0,0,0,0,0,0,0,,,,,42.23666460955741,94823.02668750001,67.0,cea,MULTI_RES,NONE,NONE,
Baixa_Alfama,B1024,matched,133.0,133.0,35380.08,34984.02,-396.06000000000495,-0.01119443483451719,-1.1194434834517188,100.0,0.0,0.0,0.0,100.0,0.0,0.0,0.0,0,0,0,0,0,0,0,0,,,,,249.7705835896704,535607.834375,414.0,cea,MULTI_RES,NONE,NONE,
Baixa_Alfama,B1026,matched,53.45,109.42,14415.06,27355.82,12940.76,0.8977250181407501,89.77250181407501,53.266928630174526,0.0,46.73307136982546,0.0,59.24446090234677,0.0,40.75553909765321,0.0,1,2,1,0,1,0,0,2,0.8339666426181793,0.8443211478775373,0.6755606532096863,0.9923726320266724,106.23701410216327,273693.962375,175.0,cea,MULTI_RES,NONE,NONE,
Baixa_Alfama,B1028,matched,59.91,116.96,11926.77,19563.57,7636.799999999999,0.6403074763745757,64.03074763745758,0.0,100.0,0.0,0.0,0.0,100.0,0.0,0.0,1,2,0,1,0,1,0,2,0.706036165356636,0.7074838412159564,0.4553931653499603,0.9566791653633118,116.38555688481028,231605.0847265625,194.0,cea,MULTI_RES,NONE,NONE,
Baixa_Alfama,B1029,matched,182.92,347.6,49490.11,73454.57,23964.460000000006,0.4842272526773532,48.42272526773532,82.72538979345262,0.0,0.0,17.274610206547376,82.28657736111343,0.0,0.0,17.71342263888658,1,4,0,1,1,1,1,4,0.6441653296351433,0.6292463414590493,0.4202512204647064,0.9345784783363342,350.6444852955955,758242.1368984375,582.0,cea,MULTI_RES,NONE,NONE,
Baixa_Alfama,B1031,matched,137.67,137.67,37662.14,35794.34,-1867.800000000003,-0.04959357062556729,-4.9593570625567285,100.0,0.0,0.0,0.0,100.0,0.0,0.0,0.0,0,0,0,0,0,0,0,0,,,,,259.0865060680126,429138.73350000003,430.0,cea,MULTI_RES,NONE,NONE,
Baixa_Alfama,B1032,matched,187.56,382.92,46135.13,80638.65,34503.52,0.7478795442865339,74.78795442865339,51.76790097665431,0.0,48.232099023345704,0.0,56.61151004978105,0.0,43.38848995021897,0.0,1,2,1,0,1,0,0,2,0.6514482498168945,0.6507923701836295,0.5528969764709473,0.7499995231628418,386.5011965798861,877793.733484375,636.0,cea,MULTI_RES,NONE,NONE,
Baixa_Alfama,B1033,matched,39.53,76.05,9963.59,18061.07,8097.48,0.8127070664288675,81.27070664288675,70.2866158296082,0.0,29.713384170391798,0.0,77.08084893902605,0.0,22.919151060973963,0.0,1,2,1,0,1,0,0,2,0.7238163352012634,0.6325277517848639,0.4988695979118347,0.9487630724906921,74.09322006937582,96618.4861015625,121.0,cea,MULTI_RES,NONE,NONE,
Baixa_Alfama,B1036,matched,120.81,243.56,33184.7,54670.38,21485.68,0.6474574126027959,64.74574126027959,28.939804549560648,0.0,71.06019545043935,0.0,33.104279595256806,0.0,66.8957204047432,0.0,1,2,1,0,1,0,0,2,0.9736422896385193,0.9791142620742181,0.9606496691703796,0.9866349101066589,239.70304252689115,471156.2848203125,396.0,cea,MULTI_RES,NONE,NONE,
Baixa_Alfama,B1037,matched,75.45,146.49,16956.13,30750.91,13794.779999999999,0.8135571029474296,81.35571029474295,58.15414021434909,0.0,41.84585978565089,0.0,67.9726844041739,0.0,32.02731559582609,0.0,1,2,1,0,1,0,0,2,0.9403950870037079,0.9498178287513664,0.8826338052749634,0.9981563687324524,141.4004259122367,237688.3459296875,232.0,cea,MULTI_RES,NONE,NONE,
Baixa_Alfama,B1039,matched,109.28,208.89,29487.19,51546.57,22059.38,0.7481004463294062,74.81004463294062,64.7148944319433,0.0,35.285105568056686,0.0,69.29019138407799,0.0,30.70980861592205,0.0,1,2,1,0,1,0,0,2,0.9257619082927704,0.9061566597231979,0.8591520190238953,0.9923717975616455,204.45859214896683,404918.8638984375,337.0,cea,MULTI_RES,NONE,NONE,
Baixa_Alfama,B1041,matched,1819.41,1819.41,495916.05,495859.79,-56.26000000000931,-0.00011344662065284903,-0.011344662065284903,100.0,0.0,0.0,0.0,100.0,0.0,0.0,0.0,0,0,0,0,0,0,0,0,,,,,3409.8969709345174,8171899.588281251,5611.0,cea,MULTI_RES,NONE,NONE,
Baixa_Alfama,B1042,matched,29.74,29.74,7117.18,6765.66,-351.52000000000044,-0.04939034842451651,-4.939034842451651,100.0,0.0,0.0,0.0,100.0,0.0,0.0,0.0,0,0,0,0,0,0,0,0,,,,,78.77755942703918,95950.4501875,130.0,cea,MULTI_RES,NONE,NONE,
Baixa_Alfama,B1043,matched,71.21,136.46,17738.4,30257.4,12519.0,0.7057570017588959,70.5757001758896,47.77956910449949,0.0,52.2204308955005,0.0,53.124287575094684,0.0,46.8757124249053,0.0,1,2,1,0,1,0,0,2,0.7624606788158417,0.7722398691952043,0.5423962473869324,0.982525110244751,134.14623547165246,293271.57471875,220.0,cea,MULTI_RES,NONE,NONE,
Baixa_Alfama,B1046,matched,117.04,239.78,32197.45,56137.61,23940.16,0.74354211280707,74.354211280707,46.35082158645424,0.0,53.64917841354575,0.0,51.51705762569468,0.0,48.48294237430529,0.0,1,2,1,0,1,0,0,2,0.9899776875972748,0.9906755063695526,0.9804115295410156,0.9995438456535339,235.4320586028155,387271.5367265625,389.0,cea,MULTI_RES,NONE,NONE,
Baixa_Alfama,B1047,matched,82.24,155.63,21398.66,35058.94,13660.280000000002,0.6383708138733922,63.837081387339225,52.203803649447444,0.0,47.796196350552556,0.0,58.95542545186233,0.0,41.044574548137675,0.0,1,2,1,0,1,0,0,2,0.7532817125320435,0.7640812326231895,0.5078088045120239,0.998754620552063,151.99994158515463,310876.0885625,250.0,cea,MULTI_RES,NONE,NONE,
Baixa_Alfama,B1048,matched,218.37,421.9,59485.19,96935.22,37450.03,0.6295689733864849,62.95689733864849,50.048588561541564,0.0,49.951411438458436,0.0,55.55656250481951,0.0,44.44343749518049,0.0,1,2,0,1,0,1,0,2,0.643598273396492,0.6434081251564333,0.45316216349601746,0.8340343832969666,409.2555745534864,871029.30821875,671.0,cea,MULTI_RES,NONE,NONE,
Baixa_Alfama,B1049,matched,70.68,70.68,19345.59,19364.84,19.25,0.0009950588221915176,0.09950588221915176,100.0,0.0,0.0,0.0,100.0,0.0,0.0,0.0,0,0,0,0,0,0,0,0,,,,,132.4477621010041,290585.61625,217.0,cea,MULTI_RES,NONE,NONE,
Baixa_Alfama,B1050,matched,96.65,187.14,25903.25,43682.3,17779.050000000003,0.6863636802331755,68.63636802331754,48.04702110606466,0.0,51.95297889393535,0.0,54.10575373931047,0.0,45.894246260689535,0.0,1,2,1,0,1,0,0,2,0.9628311693668365,0.964175278848544,0.9284746646881104,0.9971876740455627,182.9679669649875,416159.8775,305.0,cea,MULTI_RES,NONE,NONE,
Baixa_Alfama,B1053,matched,137.08,261.39,37178.22,63042.49,25864.269999999997,0.6956833866710131,69.56833866710132,27.731446059678653,0.0,24.56388676358072,47.704667176740614,30.385984849424002,0.0,22.41701323207129,47.197001918504725,1,3,1,1,0,1,0,3,0.5870770514011383,0.5663391118761273,0.4166583716869354,0.8237404823303223,256.87317801198924,347030.799453125,421.0,cea,MULTI_RES,NONE,NONE,
Baixa_Alfama,B1055,matched,94.48,181.85,23669.34,48126.67,24457.329999999998,1.0332915915695156,103.32915915695156,100.0,0.0,0.0,0.0,100.0,0.0,0.0,0.0,1,1,0,0,1,0,0,1,0.964888334274292,0.964888334274292,0.964888334274292,0.964888334274292,177.07474516488668,414575.040125,291.0,cea,MULTI_RES,NONE,NONE,
Baixa_Alfama,B1056,matched,66.19,66.19,13633.5,13698.59,65.09000000000015,0.004774269263211952,0.47742692632119516,100.0,0.0,0.0,0.0,100.0,0.0,0.0,0.0,0,0,0,0,0,0,0,0,,,,,123.98464934933772,167912.83015625,206.0,cea,MULTI_RES,NONE,NONE,
Baixa_Alfama,B1057,matched,140.24,264.84,38253.57,63929.74,25676.17,0.6712097720552618,67.12097720552617,50.55127624225949,0.0,49.44872375774053,0.0,53.659611872335134,0.0,46.34038812766488,0.0,1,2,1,0,1,0,0,2,0.8640947639942169,0.8626756457644252,0.7354744672775269,0.992715060710907,262.8301587821817,482610.3406875,432.0,cea,MULTI_RES,NONE,NONE,
Baixa_Alfama,B1060,matched,148.18,197.26,40263.73,46258.48,5994.75,0.14888710012708706,14.888710012708707,45.239785055257016,0.0,54.76021494474299,0.0,48.33743605038606,0.0,51.66256394961394,0.0,1,2,1,0,0,0,1,2,0.4667113274335861,0.45494298289764196,0.41200897097587585,0.5214136838912964,273.95916632857063,628633.587875,453.0,cea,MULTI_RES,NONE,NONE,
Baixa_Alfama,B1064,matched,166.82,166.82,44542.24,43689.68,-852.5599999999977,-0.01914048328058934,-1.914048328058934,100.0,0.0,0.0,0.0,100.0,0.0,0.0,0.0,0,0,0,0,0,0,0,0,,,,,313.2316691200324,729044.5268125,516.0,cea,MULTI_RES,NONE,NONE,
Baixa_Alfama,B1066,matched,182.81,374.37,49938.05,82971.2,33033.149999999994,0.6614825769127948,66.14825769127948,0.0,100.0,0.0,0.0,0.0,100.0,0.0,0.0,1,2,0,1,0,1,0,2,0.7221361696720123,0.7013253573610785,0.6006813645362854,0.8435909748077393,366.2928384761142,731279.1055078125,605.0,cea,MULTI_RES,NONE,NONE,
Baixa_Alfama,B1067,matched,110.24,159.05,25019.35,37362.48,12343.130000000005,0.4933433522453623,49.33433522453623,100.0,0.0,0.0,0.0,100.0,0.0,0.0,0.0,1,2,0,0,1,0,1,2,0.6849208176136017,0.6728070454240518,0.4447193741798401,0.9251222610473633,209.19376349569683,436633.66675000003,345.0,cea,MULTI_RES,NONE,NONE,
Baixa_Alfama,B1068,matched,273.49,534.6,75490.23,122099.78,46609.55,0.6174249303519145,61.74249303519145,19.954355837402023,0.0,31.363525824494452,48.68211833810351,22.996337822354267,0.0,27.61074746687057,49.39291471077517,1,4,1,1,1,1,0,4,0.6542029157280922,0.6413102385076805,0.40976980328559875,0.831564724445343,520.6345024909896,996609.8564375,855.0,cea,MULTI_RES,NONE,NONE,
Baixa_Alfama,B1069,matched,135.16,135.16,29978.34,29733.72,-244.61999999999898,-0.008159891441620817,-0.8159891441620817,100.0,0.0,0.0,0.0,100.0,0.0,0.0,0.0,0,0,0,0,0,0,0,0,,,,,253.31037900935667,563559.66925,423.0,cea,MULTI_RES,NONE,NONE,
Baixa_Alfama,B1070,matched,53.45,99.02,14621.68,24432.37,9810.689999999999,0.6709687258919631,67.09687258919631,56.215288296475805,0.0,43.78471170352418,0.0,60.66924001132185,0.0,39.330759988678174,0.0,1,2,1,0,1,0,0,2,0.948328286409378,0.9485539965605029,0.9465117454528809,0.9501448273658752,97.4587466433954,199134.06065625002,162.0,cea,MULTI_RES,NONE,NONE,
Baixa_Alfama,B1074,matched,42.83,42.83,11647.22,11593.68,-53.539999999999054,-0.004596805074515554,-0.4596805074515554,100.0,0.0,0.0,0.0,100.0,0.0,0.0,0.0,0,0,0,0,0,0,0,0,,,,,80.27317417122666,177771.3185,132.0,cea,MULTI_RES,NONE,NONE,
Baixa_Alfama,B1077,matched,90.54,171.62,22836.97,37089.63,14252.659999999996,0.6241046863922839,62.41046863922839,15.522666355902578,0.0,23.895816338422097,60.58151730567533,15.237213879243377,0.0,23.46014600640386,61.30264011435278,1,3,1,0,1,1,0,3,0.5589392880598704,0.6069443224267547,0.4725821316242218,0.681517481803894,168.53949703701267,305129.91290625,278.0,cea,MULTI_RES,NONE,NONE,
Baixa_Alfama,B1078,matched,49.94,95.06,12022.34,20242.43,8220.09,0.683734614060158,68.3734614060158,51.23080159899012,0.0,48.76919840100989,0.0,57.295040482372116,0.0,42.70495951762788,0.0,1,2,1,0,1,0,0,2,0.948328286409378,0.9483728040709847,0.9465117454528809,0.9501448273658752,93.5590637500859,189422.36443750001,154.0,cea,MULTI_RES,NONE,NONE,
Baixa_Alfama,B1079,matched,50.78,97.46,13791.69,22604.26,8812.569999999998,0.6389768041480048,63.89768041480048,47.28093576852042,0.0,52.719064231479585,0.0,53.320452219611795,0.0,46.67954778038821,0.0,1,2,1,0,1,0,0,2,0.7323807179927826,0.7399406555670887,0.5934868454933167,0.8712745904922485,94.99694596850603,187867.88215625,156.0,cea,MULTI_RES,NONE,NONE,
Baixa_Alfama,B1081,matched,60.34,60.34,14539.86,14337.34,-202.52000000000044,-0.01392860729057917,-1.392860729057917,100.0,0.0,0.0,0.0,100.0,0.0,0.0,0.0,0,0,0,0,0,0,0,0,,,,,115.02954376400247,278918.66425000003,190.0,cea,MULTI_RES,NONE,NONE,
Baixa_Alfama,B1082,matched,2.23,2.23,578.99,555.27,-23.720000000000027,-0.04096789236428958,-4.096789236428958,100.0,0.0,0.0,0.0,100.0,0.0,0.0,0.0,0,0,0,0,0,0,0,0,,,,,8.807419022217076,18173.337437500002,14.0,cea,MULTI_RES,NONE,NONE,
Baixa_Alfama,B1094,matched,18.23,18.23,4569.69,4305.27,-264.41999999999916,-0.05786388135737855,-5.786388135737855,100.0,0.0,0.0,0.0,100.0,0.0,0.0,0.0,0,0,0,0,0,0,0,0,,,,,42.12075170566387,68275.9975,70.0,cea,MULTI_RES,NONE,NONE,
Baixa_Alfama,B1096,matched,19.95,19.95,5312.72,5199.24,-113.48000000000047,-0.021360056618831873,-2.1360056618831873,100.0,0.0,0.0,0.0,100.0,0.0,0.0,0.0,0,0,0,0,0,0,0,0,,,,,43.754656700152665,83470.38178125,70.0,cea,MULTI_RES,NONE,NONE,
Baixa_Alfama,B1101,matched,140.5,269.31,36882.71,76585.2,39702.49,1.0764526250918114,107.64526250918114,100.0,0.0,0.0,0.0,100.0,0.0,0.0,0.0,1,1,0,0,1,0,0,1,0.7066999673843384,0.7066999673843384,0.7066999673843384,0.7066999673843384,263.3176001695269,526083.84375,435.0,cea,MULTI_RES,NONE,NONE,
Baixa_Alfama,B1102,matched,319.77,319.77,86381.84,86114.27,-267.56999999999243,-0.0030975260540872067,-0.3097526054087207,100.0,0.0,0.0,0.0,100.0,0.0,0.0,0.0,0,0,0,0,0,0,0,0,,,,,614.6914837174211,1270944.7773085937,1013.0,cea,MULTI_RES,NONE,NONE,
Baixa_Alfama,B1103,matched,2.17,2.17,601.4,600.57,-0.8299999999999272,-0.0013801130695043685,-0.13801130695043684,100.0,0.0,0.0,0.0,100.0,0.0,0.0,0.0,0,0,0,0,0,0,0,0,,,,,7.956009236648106,11062.77125,11.0,cea,MULTI_RES,NONE,NONE,
Baixa_Alfama,B1104,matched,148.42,275.86,39779.69,60562.39,20782.699999999997,0.5224449964290822,52.24449964290822,41.12955847168853,0.0,58.870441528311446,0.0,46.46324641722065,0.0,53.53675358277938,0.0,1,2,1,0,1,0,0,2,0.9839504361152649,0.9812761941406803,0.9688801765441895,0.9990206956863403,270.8596993113326,517208.33725,446.0,cea,MULTI_RES,NONE,NONE,
Baixa_Alfama,B1105,matched,185.08,294.25,51019.67,64844.1,13824.43,0.27096274828904227,27.096274828904228,31.91503823279525,0.0,68.08496176720477,0.0,34.39523070197942,0.0,65.60476929802054,0.0,1,2,1,0,0,0,1,2,0.41460490226745605,0.4167097795474499,0.38205739855766296,0.44715240597724915,372.95323514432283,747470.0431953125,613.0,cea,MULTI_RES,NONE,NONE,
Baixa_Alfama,B1106,matched,69.58,133.91,18809.38,33421.3,14611.920000000002,0.7768421925656243,77.68421925656243,50.657108721624844,49.34289127837515,0.0,0.0,52.60883684558756,47.391163154412446,0.0,0.0,1,3,0,1,1,1,0,3,0.8039135932922363,0.7288451350827309,0.5134099721908569,0.9748324751853943,130.40253267297336,293178.47975,214.0,cea,MULTI_RES,NONE,NONE,
Baixa_Alfama,B1107,matched,96.07,189.18,26520.85,40168.89,13648.04,0.5146154817813156,51.46154817813156,0.0,0.0,47.5475687103594,52.452431289640586,0.0,0.0,44.583516830061896,55.41648316993809,1,2,1,0,0,1,0,2,0.9122663736343384,0.914717636157843,0.8623378872871399,0.9621948599815369,184.83494145295134,410224.38165625,303.0,cea,MULTI_RES,NONE,NONE,
Baixa_Alfama,B1108,matched,73.01,73.01,19880.32,19880.88,0.5600000000013097,2.8168560667097393e-05,0.0028168560667097393,100.0,0.0,0.0,0.0,100.0,0.0,0.0,0.0,0,0,0,0,0,0,0,0,,,,,136.7276080898671,254056.90414843752,225.0,cea,MULTI_RES,NONE,NONE,
Baixa_Alfama,B1109,matched,124.22,228.02,32354.96,53917.07,21562.11,0.6664236333470973,66.64236333470973,25.20064909433797,0.0,25.805885706767246,48.99346519889478,25.451931566442244,0.0,23.581866219286674,50.96620221427107,1,3,1,1,1,0,0,3,0.7766763965288798,0.8279436566444431,0.6302463412284851,0.9746326804161072,232.74887197741532,463901.5881875,381.0,cea,MULTI_RES,NONE,NONE,
Baixa_Alfama,B1110,matched,154.21,220.93,42072.08,50142.97,8070.889999999999,0.19183482252363085,19.183482252363085,35.99619806282249,0.0,64.00380193717751,0.0,37.68862724036438,0.0,62.31137275963561,0.0,1,2,1,0,0,0,1,2,0.6419641375541687,0.6455212699685868,0.5067764520645142,0.7771518230438232,288.9276787801606,576051.75696875,478.0,cea,MULTI_RES,NONE,NONE,
Baixa_Alfama,B1111,matched,52.76,89.89,11233.22,13739.91,2506.6900000000005,0.2231497291070593,22.31497291070593,0.0,55.55679163421959,44.44320836578039,0.0,0.0,64.36532427004738,35.634675729952626,0.0,1,2,1,1,0,0,0,2,0.8983974456787109,0.8972899827034132,0.8143450021743774,0.9824498891830444,98.88053838337578,121417.9429921875,163.0,cea,MULTI_RES,NONE,NONE,
Baixa_Alfama,B1112,matched,148.45,148.45,38109.62,37186.45,-923.1700000000055,-0.02422406730898932,-2.4224067308989317,100.0,0.0,0.0,0.0,100.0,0.0,0.0,0.0,0,0,0,0,0,0,0,0,,,,,280.4274649819001,492070.68440625,453.0,cea,MULTI_RES,NONE,NONE,
Baixa_Alfama,B1113,matched,127.73,186.21,30037.82,46968.93,16931.11,0.5636597462798566,56.36597462798566,100.0,0.0,0.0,0.0,100.0,0.0,0.0,0.0,1,2,0,0,1,0,1,2,0.7417536079883575,0.7394127424924181,0.5124603509902954,0.9710468649864197,239.38824653411942,429595.7289140625,397.0,cea,MULTI_RES,NONE,NONE,
Baixa_Alfama,B1114,matched,86.68,167.84,18342.69,26552.63,8209.940000000002,0.44758647722880357,44.758647722880355,0.0,100.0,0.0,0.0,0.0,100.0,0.0,0.0,1,2,0,1,0,1,0,2,0.9788822531700134,0.9790100821238896,0.9634121656417847,0.9943523406982422,162.44886921530053,361398.30325,265.0,cea,MULTI_RES,NONE,NONE,
Baixa_Alfama,B1116,matched,111.62,210.46,23116.21,41238.36,18122.15,0.783958529534037,78.3958529534037,25.16037063435495,0.0,19.296745070087905,55.542884295557116,26.82025686476819,0.0,14.830268726644736,58.349474408587085,1,3,1,0,1,1,0,3,0.6696558097998301,0.6567103169139936,0.4500413239002228,0.9404484033584595,216.17655493495124,395190.0556875,354.0,cea,MULTI_RES,NONE,NONE,
Baixa_Alfama,B1117,matched,76.37,76.37,15371.64,15484.34,112.70000000000073,0.007331683541899285,0.7331683541899285,100.0,0.0,0.0,0.0,100.0,0.0,0.0,0.0,0,0,0,0,0,0,0,0,,,,,157.03729755936223,262321.4681015625,254.0,cea,MULTI_RES,NONE,NONE,
Baixa_Alfama,B1118,matched,49.35,49.19,11792.59,11200.57,-592.0200000000004,-0.050202712042053566,-5.020271204205357,100.0,0.0,0.0,0.0,100.0,0.0,0.0,0.0,0,0,0,0,0,0,0,0,,,,,94.23770844019083,172174.687109375,155.0,cea,MULTI_RES,NONE,NONE,
Baixa_Alfama,B1119,matched,43.21,43.21,11354.64,11063.71,-290.9300000000003,-0.025622124523542827,-2.5622124523542826,100.0,0.0,0.0,0.0,100.0,0.0,0.0,0.0,0,0,0,0,0,0,0,0,,,,,80.33585479220447,149687.081984375,133.0,cea,MULTI_RES,NONE,NONE,
Baixa_Alfama,B1120,matched,138.77,138.77,36671.53,36618.15,-53.37999999999738,-0.001455625112996305,-0.1455625112996305,100.0,0.0,0.0,0.0,100.0,0.0,0.0,0.0,0,0,0,0,0,0,0,0,,,,,278.98343342249876,535155.959078125,462.0,cea,MULTI_RES,NONE,NONE,
Baixa_Alfama,B1121,matched,36.99,36.99,8856.43,8448.78,-407.64999999999964,-0.04602870456831925,-4.6028704568319245,100.0,0.0,0.0,0.0,100.0,0.0,0.0,0.0,0,0,0,0,0,0,0,0,,,,,73.31551297170705,68642.511640625,123.0,cea,MULTI_RES,NONE,NONE,
Baixa_Alfama,B1122,matched,64.09,64.09,16253.34,17379.46,1126.119999999999,0.06928545148258751,6.928545148258751,100.0,0.0,0.0,0.0,100.0,0.0,0.0,0.0,0,0,0,0,0,0,0,0,,,,,120.10818957960097,196794.4284375,199.0,cea,MULTI_RES,NONE,NONE,
Baixa_Alfama,B1123,matched,77.93,117.42,14229.78,19556.42,5326.639999999998,0.3743304534574672,37.43304534574672,27.57622210866973,0.0,27.950945324476233,44.472832566854024,35.65242373370531,0.0,23.396915007051017,40.95066125924365,1,4,1,1,1,1,0,4,0.5280820354819298,0.5225825282526383,0.4185405969619751,0.6245246529579163,147.5463216519697,293239.8951875,243.0,cea,MULTI_RES,NONE,NONE,
Baixa_Alfama,B1124,matched,126.43,239.29,34588.22,57094.81,22506.589999999997,0.6507010190174572,65.07010190174573,26.723777684914335,0.0,24.454659423318013,48.82156289176765,30.260179683838896,0.0,21.845405475425643,47.89441484073545,1,4,1,1,1,1,0,4,0.5280820354819298,0.529170973814516,0.4185405969619751,0.6245246529579163,236.94649933325277,531850.8025390625,390.0,cea,MULTI_RES,NONE,NONE,
Baixa_Alfama,B1125,matched,64.35,120.04,15585.39,21867.99,6282.600000000002,0.4031082956538144,40.31082956538144,20.826391202932356,51.66611129623458,27.50749750083306,0.0,25.53790104136992,45.964545411587316,28.49755354704277,0.0,1,3,1,0,1,1,0,3,0.7537146409352621,0.7612127926522931,0.6330659985542297,0.8751391768455505,120.59391701529124,175467.34821875,198.0,cea,MULTI_RES,NONE,NONE,
Baixa_Alfama,B1127,matched,127.53,127.53,32850.89,31079.6,-1771.2900000000009,-0.053919087123667,-5.3919087123667,100.0,0.0,0.0,0.0,100.0,0.0,0.0,0.0,0,0,0,0,0,0,0,0,,,,,239.72169525163866,450634.78259375,396.0,cea,MULTI_RES,NONE,NONE,
Baixa_Alfama,B1128,matched,29.7,29.7,8085.98,8045.65,-40.32999999999993,-0.004987645282328169,-0.4987645282328169,100.0,0.0,0.0,0.0,100.0,0.0,0.0,0.0,0,0,0,0,0,0,0,0,,,,,55.659155510342316,85266.9493125,90.0,cea,MULTI_RES,NONE,NONE,
Baixa_Alfama,B1131,matched,417.09,417.09,113917.41,113812.48,-104.93000000000757,-0.0009211059134859857,-0.09211059134859857,100.0,0.0,0.0,0.0,100.0,0.0,0.0,0.0,0,0,0,0,0,0,0,0,,,,,781.694817213739,1448076.5632500001,1287.0,cea,MULTI_RES,NONE,NONE,
Baixa_Alfama,B1132,matched,205.33,205.33,55172.74,54817.29,-355.4499999999971,-0.006442493158759146,-0.6442493158759146,100.0,0.0,0.0,0.0,100.0,0.0,0.0,0.0,0,0,0,0,0,0,0,0,,,,,385.8458312891886,717146.013265625,634.0,cea,MULTI_RES,NONE,NONE,
Baixa_Alfama,B1133,matched,241.88,473.74,65134.7,103774.51,38639.81,0.5932292618220395,59.32292618220395,0.0,100.0,0.0,0.0,0.0,100.0,0.0,0.0,1,2,0,1,0,1,0,2,0.8625173270702362,0.862125090315108,0.844136118888855,0.8808985352516174,460.2114248170355,877403.08140625,758.0,cea,MULTI_RES,NONE,NONE,
Baixa_Alfama,B1137,matched,159.2,159.2,41905.42,41998.97,93.55000000000291,0.0022324081228634125,0.22324081228634127,100.0,0.0,0.0,0.0,100.0,0.0,0.0,0.0,0,0,0,0,0,0,0,0,,,,,305.67931749760606,643683.5656914063,505.0,cea,MULTI_RES,NONE,NONE,
Baixa_Alfama,B1138,matched,48.33,48.33,13020.0,13004.71,-15.290000000000873,-0.001174347158218193,-0.1174347158218193,100.0,0.0,0.0,0.0,100.0,0.0,0.0,0.0,0,0,0,0,0,0,0,0,,,,,95.20203265279957,192131.2372578125,158.0,cea,MULTI_RES,NONE,NONE,
Baixa_Alfama,B1139,matched,37.71,56.51,6834.14,8892.81,2058.669999999999,0.301233220273509,30.123322027350902,0.0,0.0,34.477876106194685,65.5221238938053,0.0,0.0,34.88815768543289,65.11184231456711,1,3,1,0,1,1,0,3,0.8071636259555817,0.7145846556576486,0.4918411076068878,0.9966559410095215,122.00142581678665,269760.1402578125,198.0,cea,MULTI_RES,NONE,NONE,
Baixa_Alfama,B1140,matched,25.55,25.55,6801.32,6811.9,10.579999999999927,0.0015555803873365651,0.1555580387336565,100.0,0.0,0.0,0.0,100.0,0.0,0.0,0.0,0,0,0,0,0,0,0,0,,,,,47.887364768262756,125264.62425000001,79.0,cea,MULTI_RES,NONE,NONE,
Baixa_Alfama,B1142,matched,399.4,399.4,102193.35,102676.97,483.61999999999534,0.004732401863722007,0.47324018637220067,100.0,0.0,0.0,0.0,100.0,0.0,0.0,0.0,0,0,0,0,0,0,0,0,,,,,749.922912362054,1518251.3071796875,1233.0,cea,MULTI_RES,NONE,NONE,
Baixa_Alfama,B1143,matched,94.69,94.69,21526.9,21575.0,48.099999999998545,0.002234413687061237,0.22344136870612372,100.0,0.0,0.0,0.0,100.0,0.0,0.0,0.0,0,0,0,0,0,0,0,0,,,,,192.59197830917148,342655.7565390625,316.0,cea,MULTI_RES,NONE,NONE,
Baixa_Alfama,B1144,matched,84.28,161.48,22653.2,37031.77,14378.569999999996,0.6347257782564933,63.47257782564933,35.91998513655788,0.0,64.08001486344213,0.0,40.85454851072854,0.0,59.14545148927145,0.0,1,2,1,0,1,0,0,2,0.48033733665943146,0.4829360502895021,0.47110500931739807,0.48956966400146484,157.96019252577779,303228.1579453125,260.0,cea,MULTI_RES,NONE,NONE,
Baixa_Alfama,B1145,matched,102.13,201.92,27589.58,38906.44,11316.86,0.4101860195044651,41.01860195044651,0.0,0.0,37.89927202495914,62.10072797504085,0.0,0.0,39.05872187285982,60.94127812714019,1,2,1,0,0,1,0,2,0.7866638004779816,0.7829003578064393,0.7711125612258911,0.802215039730072,196.88757035770962,366837.49371875,326.0,cea,MULTI_RES,NONE,NONE,
Baixa_Alfama,B1146,matched,22.84,22.84,5736.88,5523.41,-213.47000000000025,-0.03721012118085096,-3.721012118085096,100.0,0.0,0.0,0.0,100.0,0.0,0.0,0.0,0,0,0,0,0,0,0,0,,,,,52.30418224504015,89506.27403125,84.0,cea,MULTI_RES,NONE,NONE,
Baixa_Alfama,B1147,matched,385.5,385.5,103059.74,99406.04,-3653.7000000000116,-0.035452253227108974,-3.5452253227108974,100.0,0.0,0.0,0.0,100.0,0.0,0.0,0.0,0,0,0,0,0,0,0,0,,,,,736.0549078050404,1473290.451546875,1209.0,cea,MULTI_RES,NONE,NONE,
Baixa_Alfama,B1149,matched,0.0,0.0,0.0,0.0,0.0,,,,,,,,,,,1,1,1,0,0,0,0,1,0.9579602479934692,0.9579602479934692,0.9579602479934692,0.9579602479934692,43.16965819104981,49652.433218750004,72.0,cea,MULTI_RES,NONE,NONE,
Baixa_Alfama,B1150,matched,92.96,178.4,25169.2,38919.71,13750.509999999998,0.5463228867027954,54.632288670279536,0.0,100.0,0.0,0.0,0.0,100.0,0.0,0.0,1,2,0,1,0,1,0,2,0.97593092918396,0.9757232614937177,0.9708690047264099,0.98099285364151,174.22754772637492,441369.10000000003,286.0,cea,MULTI_RES,NONE,NONE,
Baixa_Alfama,B1151,matched,52.54,105.25,13085.03,23284.45,10199.42,0.7794724200097363,77.94724200097363,25.622268668060038,0.0,21.73665209956299,52.64107923237697,22.57704535828581,0.0,21.930071444131315,55.49288319758286,1,4,1,1,1,1,0,4,0.8062105923891068,0.8050503898106092,0.6472962498664856,0.9705673456192017,102.82472440167764,196398.4350625,169.0,cea,MULTI_RES,NONE,NONE,
Baixa_Alfama,B1153,matched,35.3,67.63,6939.77,10499.2,3559.4300000000003,0.5129031653786797,51.29031653786797,40.313516711032236,0.0,59.68648328896775,0.0,34.38714975056696,0.0,65.61285024943304,0.0,1,2,1,0,1,0,0,2,0.9586183726787567,0.9566261583919112,0.9179323315620422,0.9993044137954712,74.9248441696284,159393.42796875,121.0,cea,MULTI_RES,NONE,NONE,
Baixa_Alfama,B1154,matched,38.69,38.69,10578.04,10577.83,-0.21000000000094587,-1.985244903601668e-05,-0.001985244903601668,100.0,0.0,0.0,0.0,100.0,0.0,0.0,0.0,0,0,0,0,0,0,0,0,,,,,72.51783012318575,192833.80193750001,117.0,cea,MULTI_RES,NONE,NONE,
Baixa_Alfama,B1155,matched,40.12,78.74,10909.3,20190.31,9281.010000000002,0.8507429440935718,85.07429440935718,0.0,0.0,0.0,100.0,0.0,0.0,0.0,100.0,1,2,1,0,1,0,0,2,0.922476589679718,0.9055533179049973,0.8531906604766846,0.9917625188827515,84.0347016843294,188828.39678125,136.0,cea,MULTI_RES,NONE,NONE,
Baixa_Alfama,B1156,matched,143.11,143.11,37464.16,35063.26,-2400.9000000000015,-0.06408524840807858,-6.408524840807858,100.0,0.0,0.0,0.0,100.0,0.0,0.0,0.0,0,0,0,0,0,0,0,0,,,,,283.64906062973006,655020.217015625,467.0,cea,MULTI_RES,NONE,NONE,
Baixa_Alfama,B1157,matched,58.89,118.79,15165.87,28254.7,13088.83,0.8630451137982852,86.30451137982853,24.145479036874896,48.585620474827415,27.268900488297692,0.0,24.610349632098046,50.02689936097382,25.362751006928136,0.0,1,3,1,0,1,1,0,3,0.7930426796277364,0.7654194159997139,0.6591942310333252,0.9557514190673828,116.12729123475695,302046.15725,189.0,cea,MULTI_RES,NONE,NONE,
Baixa_Alfama,B1158,matched,58.2,58.2,15934.26,15931.18,-3.0799999999999272,-0.00019329419753411374,-0.019329419753411375,100.0,0.0,0.0,0.0,100.0,0.0,0.0,0.0,0,0,0,0,0,0,0,0,,,,,111.11168600059915,237883.62031250002,182.0,cea,MULTI_RES,NONE,NONE,
Baixa_Alfama,B1160,matched,29.26,65.38,7976.32,15875.92,7899.6,0.9903815293268075,99.03815293268075,48.95992658305293,0.0,51.04007341694709,0.0,54.20113629464115,0.0,45.79886370535885,0.0,1,2,1,0,1,0,0,2,0.9792921841144562,0.979678269407887,0.960748553276062,0.9978358149528503,63.77310954111451,103800.7561875,106.0,cea,MULTI_RES,NONE,NONE,
Baixa_Alfama,B1161,matched,71.92,71.92,17579.82,17563.69,-16.13000000000102,-0.0009175293034855317,-0.09175293034855317,100.0,0.0,0.0,0.0,100.0,0.0,0.0,0.0,0,0,0,0,0,0,0,0,,,,,147.12756464361266,340844.2018125,241.0,cea,MULTI_RES,NONE,NONE,
Baixa_Alfama,B1162,matched,23.44,23.44,4710.96,4434.45,-276.5100000000002,-0.05869504304855066,-5.869504304855066,100.0,0.0,0.0,0.0,100.0,0.0,0.0,0.0,0,0,0,0,0,0,0,0,,,,,43.932978131675284,70044.43796875,75.0,cea,SINGLE_RES,NONE,NONE,
Baixa_Alfama,B1163,matched,169.7,313.5,40876.01,60857.85,19981.839999999997,0.4888402757509844,48.884027575098436,0.0,100.0,0.0,0.0,0.0,100.0,0.0,0.0,1,1,0,1,0,0,0,1,0.6113351583480835,0.6113351583480835,0.6113351583480835,0.6113351583480835,310.5101910695435,668939.5491875,512.0,cea,MULTI_RES,NONE,NONE,
Baixa_Alfama,B1164,matched,39.26,71.15,10690.38,14624.03,3933.6500000000015,0.36796166272854675,36.79616627285468,0.0,56.95615514333895,16.68071950534008,26.36312535132096,0.0,54.9242414187063,14.546543160389088,30.529215420904617,1,3,1,1,1,0,0,3,0.7470247745513916,0.7501229517107126,0.6930285692214966,0.7880703806877136,73.58281000342896,119494.67203125,119.0,cea,MULTI_RES,NONE,NONE,
Baixa_Alfama,B1165,matched,64.34,123.0,17567.0,23566.2,5999.200000000001,0.3415039562816645,34.15039562816645,0.0,0.0,100.0,0.0,0.0,0.0,100.0,0.0,1,1,1,0,0,0,0,1,0.9115306735038757,0.9115306735038757,0.9115306735038757,0.9115306735038757,120.58506713832092,205683.13028125,198.0,cea,MULTI_RES,NONE,NONE,
Baixa_Alfama,B1166,matched,84.64,169.33,20341.27,30915.48,10574.21,0.519840206634099,51.9840206634099,0.0,0.0,100.0,0.0,0.0,0.0,100.0,0.0,1,1,1,0,0,0,0,1,0.7902868986129761,0.7902868986129761,0.7902868986129761,0.7902868986129761,175.0613079050126,451683.85582812503,286.0,cea,MULTI_RES,NONE,NONE,
Baixa_Alfama,B1167,matched,21.99,21.99,5790.95,5737.93,-53.01999999999953,-0.009155665305347055,-0.9155665305347055,100.0,0.0,0.0,0.0,100.0,0.0,0.0,0.0,0,0,0,0,0,0,0,0,,,,,41.21723809148174,90719.3816875,67.0,cea,MULTI_RES,NONE,NONE,
Baixa_Alfama,B1169,matched,151.03,315.31,41380.22,78099.38,36719.16,0.8873601928650936,88.73601928650936,57.16460513796386,0.0,42.83539486203618,0.0,62.826949357695604,0.0,37.17305064230439,0.0,1,2,1,0,1,0,0,2,0.9823762476444244,0.9830787465637167,0.9774743914604187,0.9872781038284302,307.40991138483344,706163.42575,505.0,cea,MULTI_RES,NONE,NONE,
Baixa_Alfama,B1170,matched,22.95,22.95,3587.94,3624.63,36.690000000000055,0.01022592351042661,1.022592351042661,100.0,0.0,0.0,0.0,100.0,0.0,0.0,0.0,0,0,0,0,0,0,0,0,,,,,54.53921768434349,115533.20806250001,88.0,cea,MULTI_RES,NONE,NONE,
Baixa_Alfama,B1171,matched,27.29,51.78,7453.42,11649.2,4195.780000000001,0.5629335258176784,56.29335258176784,48.184627269215916,0.0,51.815372730784084,0.0,51.33945897634186,0.0,48.66054102365814,0.0,1,2,1,0,1,0,0,2,0.834442675113678,0.8393295140222123,0.69927579164505,0.9696095585823059,51.15408097462462,72145.80475,85.0,cea,MULTI_RES,NONE,NONE,
Baixa_Alfama,B1172,matched,328.53,328.53,88914.04,89288.82,374.7800000000134,0.004215082342451354,0.4215082342451354,100.0,0.0,0.0,0.0,100.0,0.0,0.0,0.0,0,0,0,0,0,0,0,0,,,,,623.231740305078,1556691.43865625,1027.0,cea,MULTI_RES,NONE,NONE,
Baixa_Alfama,B1173,matched,205.69,206.94,55258.19,55218.01,-40.18000000000029,-0.0007271320323738488,-0.07271320323738488,100.0,0.0,0.0,0.0,100.0,0.0,0.0,0.0,1,1,0,0,0,0,1,1,0.9839988350868225,0.9839988350868225,0.9839988350868225,0.9839988350868225,387.8732946364303,767180.9733046875,639.0,cea,MULTI_RES,NONE,NONE,
Baixa_Alfama,B1174,matched,364.57,684.21,97194.88,168290.32,71095.44,0.7314730981714263,73.14730981714263,22.442924376626035,0.0,25.92007951123973,51.63699611213423,23.90510869145738,0.0,24.331888965919294,51.763002342623345,1,3,1,1,1,0,0,3,0.7728733619054159,0.7175957987443636,0.5657210350036621,0.9392008781433105,679.3141924146553,1478647.25765625,1126.0,cea,SINGLE_RES,NONE,NONE,
Baixa_Alfama,B1176,matched,41.16,31.2,8142.82,6436.29,-1706.5299999999997,-0.20957481560442204,-20.957481560442204,100.0,0.0,0.0,0.0,100.0,0.0,0.0,0.0,0,0,0,0,0,0,0,0,,,,,80.61024922134715,198896.564625,133.0,cea,MULTI_RES,NONE,NONE,
Baixa_Alfama,B1177,matched,78.84,78.84,19711.65,18085.93,-1625.7200000000012,-0.08247508453122905,-8.247508453122904,100.0,0.0,0.0,0.0,100.0,0.0,0.0,0.0,0,0,0,0,0,0,0,0,,,,,153.40742110649455,366355.692625,250.0,cea,MULTI_RES,NONE,NONE,
Baixa_Alfama,B1178,matched,82.54,82.54,21083.2,20727.94,-355.26000000000204,-0.01685038324353049,-1.6850383243530491,100.0,0.0,0.0,0.0,100.0,0.0,0.0,0.0,0,0,0,0,0,0,0,0,,,,,166.727004467906,376221.1661328125,275.0,cea,MULTI_RES,NONE,NONE,
Baixa_Alfama,B1179,matched,64.27,121.49,17341.7,27480.72,10139.02,0.5846612500504564,58.46612500504564,42.41376471556762,0.0,57.58623528443238,0.0,45.762455442991,0.0,54.23754455700901,0.0,1,2,1,0,1,0,0,2,0.7037276774644852,0.7376758549589154,0.4799948036670685,0.9274605512619019,119.88767182858678,304951.225625,198.0,cea,MULTI_RES,NONE,NONE,
Baixa_Alfama,B1180,matched,40.9,40.9,9953.73,9481.01,-472.71999999999935,-0.04749174430088011,-4.7491744300880105,100.0,0.0,0.0,0.0,100.0,0.0,0.0,0.0,0,0,0,0,0,0,0,0,,,,,87.88684058512607,146256.78881250002,143.0,cea,MULTI_RES,NONE,NONE,
Baixa_Alfama,B1181,matched,75.61,154.27,20179.9,33082.76,12902.86,0.6393916719111591,63.93916719111591,0.0,60.13224426293272,39.867755737067284,0.0,0.0,63.75125720800945,36.24874279199053,0.0,1,2,0,1,0,1,0,2,0.9015766382217407,0.9145147241466126,0.8379743099212646,0.9651789665222168,152.40888185496325,380540.38471875,250.0,cea,MULTI_RES,NONE,NONE,
Baixa_Alfama,B1183,matched,20.91,20.91,5180.13,4906.29,-273.84000000000015,-0.052863538173752424,-5.286353817375242,100.0,0.0,0.0,0.0,100.0,0.0,0.0,0.0,0,0,0,0,0,0,0,0,,,,,40.2808816894942,74253.622625,66.0,cea,MULTI_RES,NONE,NONE,
Baixa_Alfama,B1184,matched,87.82,87.82,19754.82,19870.05,115.22999999999956,0.005833006830737996,0.5833006830737996,100.0,0.0,0.0,0.0,100.0,0.0,0.0,0.0,0,0,0,0,0,0,0,0,,,,,164.56291529688323,272957.226484375,275.0,cea,MULTI_RES,NONE,NONE,
Baixa_Alfama,B1185,matched,110.92,199.89,30440.39,47642.28,17201.89,0.5651008413492731,56.51008413492731,57.39369684842423,0.0,42.606303151575794,0.0,62.398817789340335,0.0,37.6011822106597,0.0,1,2,1,0,1,0,0,2,0.9472836256027222,0.9484608111029077,0.9393249750137329,0.9552422761917114,195.54170623989714,419683.998546875,320.0,cea,MULTI_RES,NONE,NONE,
Baixa_Alfama,B1186,matched,8.17,8.17,2231.06,2211.2,-19.860000000000127,-0.008901598343388401,-0.8901598343388402,100.0,0.0,0.0,0.0,100.0,0.0,0.0,0.0,0,0,0,0,0,0,0,0,,,,,15.313236013487991,36560.41825,24.0,cea,MULTI_RES,NONE,NONE,
Baixa_Alfama,B1187,matched,29.21,57.09,7908.53,12630.95,4722.420000000001,0.597129934387301,59.7129934387301,0.0,0.0,0.0,100.0,0.0,0.0,0.0,100.0,1,1,0,0,0,1,0,1,0.5527682900428772,0.5527682900428772,0.5527682900428772,0.5527682900428772,55.216952442759776,94973.73984375001,91.0,cea,MULTI_RES,NONE,NONE,
Baixa_Alfama,B1188,matched,114.16,229.94,31225.68,56562.49,25336.809999999998,0.8114093912446422,81.14093912446421,0.0,0.0,0.0,100.0,0.0,0.0,0.0,100.0,1,2,0,1,0,1,0,2,0.5316756516695023,0.5420128987965714,0.46612587571144104,0.5972254276275635,226.4764360708476,493206.32140625,372.0,cea,MULTI_RES,NONE,NONE,
Baixa_Alfama,B1189,matched,114.98,233.73,31373.08,53209.92,21836.839999999997,0.6960374945654043,69.60374945654043,0.0,100.0,0.0,0.0,0.0,100.0,0.0,0.0,1,2,0,1,0,1,0,2,0.9098584651947021,0.9125667952097707,0.8392187356948853,0.980498194694519,230.60369842371458,548460.1858125,378.0,cea,MULTI_RES,NONE,NONE,
Baixa_Alfama,B1190,matched,127.82,247.6,35125.67,61844.14,26718.47,0.7606536757875366,76.06536757875367,65.3487338960462,0.0,34.65126610395379,0.0,69.74831973220641,0.0,30.251680267793613,0.0,1,2,1,0,1,0,0,2,0.9828040897846222,0.9783047478321181,0.9681468605995178,0.9974613189697266,243.62051683013652,525823.29234375,401.0,cea,MULTI_RES,NONE,NONE,
Baixa_Alfama,B1191,matched,80.56,143.38,20397.36,25390.08,4992.720000000001,0.2447728529574416,24.47728529574416,23.958987235823397,0.0,76.0410127641766,0.0,23.552011630723335,0.0,76.44798836927666,0.0,1,2,1,0,1,0,0,2,0.9449480772018433,0.945303441963481,0.9440190196037292,0.9458771347999573,154.70739205454458,393118.64900000003,252.0,cea,MULTI_RES,NONE,NONE,
Baixa_Alfama,B1192,matched,42.66,42.66,11283.95,10897.99,-385.96000000000095,-0.03420433447507308,-3.420433447507308,100.0,0.0,0.0,0.0,100.0,0.0,0.0,0.0,0,0,0,0,0,0,0,0,,,,,78.08881816513133,157930.23125,126.0,cea,MULTI_RES,NONE,NONE,
Baixa_Alfama,B1194,matched,184.68,345.14,50542.11,86829.33,36287.22,0.7179601326497845,71.79601326497846,25.246994060553384,0.0,24.783427495291903,49.96957844415473,26.716324707698757,0.0,24.062115788574484,49.22155950372677,1,3,1,1,1,0,0,3,0.7277124126752218,0.7657350361426786,0.4072960615158081,0.894942581653595,346.1201504612159,776818.589375,566.0,cea,MULTI_RES,NONE,NONE,
Baixa_Alfama,B1195,matched,24.77,24.77,5382.9,5085.04,-297.8599999999997,-0.05533448512883384,-5.533448512883385,100.0,0.0,0.0,0.0,100.0,0.0,0.0,0.0,0,0,0,0,0,0,0,0,,,,,46.420765061536116,61470.4036875,74.0,cea,MULTI_RES,NONE,NONE,
Baixa_Alfama,B1196,matched,24.3,24.3,4863.21,4698.7,-164.51000000000022,-0.033827451415834445,-3.3827451415834444,100.0,0.0,0.0,0.0,100.0,0.0,0.0,0.0,0,0,0,0,0,0,0,0,,,,,48.16961490570776,68105.52475,80.0,cea,MULTI_RES,NONE,NONE,
Baixa_Alfama,B1197,matched,385.72,385.72,104544.56,104482.85,-61.70999999999185,-0.0005902746159148965,-0.059027461591489645,100.0,0.0,0.0,0.0,100.0,0.0,0.0,0.0,0,0,0,0,0,0,0,0,,,,,722.9148332761838,1734974.156234375,1190.0,cea,MULTI_RES,NONE,NONE,
Baixa_Alfama,B1198,matched,23.82,23.82,6479.09,6471.06,-8.029999999999745,-0.0012393715784160654,-0.12393715784160654,100.0,0.0,0.0,0.0,100.0,0.0,0.0,0.0,0,0,0,0,0,0,0,0,,,,,44.64811111358926,47423.801375,73.0,cea,MULTI_RES,NONE,NONE,
Baixa_Alfama,B1199,matched,17.09,33.17,4154.86,6646.15,2491.29,0.5996086510736824,59.96086510736824,0.0,100.0,0.0,0.0,0.0,100.0,0.0,0.0,1,2,0,1,0,1,0,2,0.8577459454536438,0.8578465722563372,0.8367834091186523,0.8787084817886353,32.024646219637546,43500.46825,49.0,cea,MULTI_RES,NONE,NONE,
Baixa_Alfama,B1200,matched,13.22,12.46,2184.95,1936.48,-248.4699999999998,-0.11371884940158805,-11.371884940158806,100.0,0.0,0.0,0.0,100.0,0.0,0.0,0.0,0,0,0,0,0,0,0,0,,,,,40.294884551457976,65947.10125,66.0,cea,MULTI_RES,NONE,NONE,
Baixa_Alfama,B1201,matched,102.64,210.74,26107.64,32461.36,6353.720000000001,0.24336630963196984,24.336630963196985,0.0,0.0,100.0,0.0,0.0,0.0,100.0,0.0,1,1,1,0,0,0,0,1,0.9440692067146301,0.9440692067146301,0.9440692067146301,0.9440692067146301,199.65305187948778,438948.65071875,328.0,cea,MULTI_RES,NONE,NONE,
Baixa_Alfama,B1202,matched,225.94,413.89,57165.28,97666.59,40501.31,0.7084949115966894,70.84949115966894,14.661608717713289,62.44472902119021,22.893662261096477,0.0,15.845595080002486,64.10107037046173,20.053334549535766,0.0,1,3,1,0,1,1,0,3,0.7590069969495138,0.6213520823020866,0.4374490976333618,0.9494326710700989,422.89948419084965,879535.254703125,700.0,cea,MULTI_RES,NONE,NONE,
Baixa_Alfama,B1203,matched,159.16,296.59,43243.29,62545.44,19302.15,0.44636173612137287,44.636173612137284,0.0,0.0,100.0,0.0,0.0,0.0,100.0,0.0,1,1,1,0,0,0,0,1,0.7763136625289917,0.7763136625289917,0.7763136625289917,0.7763136625289917,293.16032960571164,483994.26182031253,485.0,cea,MULTI_RES,NONE,NONE,
Baixa_Alfama,B1204,matched,217.96,416.64,59184.94,92690.32,33505.380000000005,0.566113271382889,56.6113271382889,0.0,100.0,0.0,0.0,0.0,100.0,0.0,0.0,1,2,0,1,0,1,0,2,0.998860627412796,0.9988521856196468,0.9984592199325562,0.9992620348930359,408.44566297869034,954503.0736250001,672.0,cea,MULTI_RES,NONE,NONE,
Baixa_Alfama,B1206,matched,53.33,57.45,14461.73,15519.16,1057.4300000000003,0.07311919113411745,7.311919113411745,100.0,0.0,0.0,0.0,100.0,0.0,0.0,0.0,1,1,0,0,0,0,1,1,0.8082191944122314,0.8082191944122314,0.8082191944122314,0.8082191944122314,107.73564897685108,253012.5605,177.0,cea,MULTI_RES,NONE,NONE,
Baixa_Alfama,B1207,matched,94.48,176.15,25617.84,38675.27,13057.429999999997,0.5097006617263593,50.97006617263593,0.0,0.0,45.109281862049386,54.890718137950614,0.0,0.0,42.82346292922072,57.17653707077927,1,3,1,1,0,1,0,3,0.7431321541468302,0.7638713105427001,0.6158734560012817,0.8574832677841187,173.51934664147777,332121.659390625,284.0,cea,MULTI_RES,NONE,NONE,
Baixa_Alfama,B1208,matched,46.62,46.62,11825.44,11742.8,-82.64000000000124,-0.0069883234788727724,-0.6988323478872772,100.0,0.0,0.0,0.0,100.0,0.0,0.0,0.0,0,0,0,0,0,0,0,0,,,,,88.36255607078434,242376.20575,144.0,cea,MULTI_RES,NONE,NONE,
Baixa_Alfama,B1209,matched,52.51,107.43,14031.37,19959.53,5928.159999999998,0.42249331319749944,42.24933131974994,0.0,0.0,100.0,0.0,0.0,0.0,100.0,0.0,1,3,1,1,1,0,0,3,0.8795652786890665,0.7940759255684041,0.6620522141456604,0.999477207660675,105.5703501588497,272942.8499375,176.0,cea,MULTI_RES,NONE,NONE,
Baixa_Alfama,B1210,matched,35.28,35.28,9109.74,9067.71,-42.030000000000655,-0.004613743092558147,-0.4613743092558147,100.0,0.0,0.0,0.0,100.0,0.0,0.0,0.0,0,0,0,0,0,0,0,0,,,,,70.34573701315728,124094.1391796875,117.0,cea,MULTI_RES,NONE,NONE,
Baixa_Alfama,B1212,matched,165.61,165.61,44847.35,44840.2,-7.150000000001455,-0.0001594297098937051,-0.01594297098937051,100.0,0.0,0.0,0.0,100.0,0.0,0.0,0.0,0,0,0,0,0,0,0,0,,,,,331.189805520393,680521.91475,546.0,cea,MULTI_RES,NONE,NONE,
Baixa_Alfama,B1213,matched,23.66,45.96,6451.08,11087.39,4636.3099999999995,0.7186874135803617,71.86874135803617,0.0,0.0,0.0,100.0,0.0,0.0,0.0,100.0,1,2,0,1,0,1,0,2,0.9525954127311707,0.9539472440646006,0.9122781157493591,0.9929127097129822,44.33998847003289,42733.8414296875,72.0,cea,MULTI_RES,NONE,NONE,
Baixa_Alfama,B1215,matched,123.03,242.04,31607.25,57079.77,25472.519999999997,0.8059075053982867,80.59075053982868,67.34289137710202,0.0,32.657108622897994,0.0,71.43252937845257,0.0,28.567470621547443,0.0,1,2,1,0,1,0,0,2,0.9286379814147949,0.9235659059139538,0.9140127301216125,0.9432632327079773,236.63804950110662,524389.06159375,390.0,cea,MULTI_RES,NONE,NONE,
Baixa_Alfama,B1216,matched,17.26,17.26,4143.12,4063.4,-79.7199999999998,-0.019241537778292638,-1.924153777829264,100.0,0.0,0.0,0.0,100.0,0.0,0.0,0.0,0,0,0,0,0,0,0,0,,,,,34.84938945060436,75910.8608125,56.0,cea,MULTI_RES,NONE,NONE,
Baixa_Alfama,B1217,matched,14.68,14.68,3952.12,3929.05,-23.06999999999971,-0.0058373733591084555,-0.5837373359108455,100.0,0.0,0.0,0.0,100.0,0.0,0.0,0.0,0,0,0,0,0,0,0,0,,,,,27.51780278566974,24379.24025,44.0,cea,MULTI_RES,NONE,NONE,
Baixa_Alfama,B1218,matched,45.57,69.67,12470.7,17219.8,4749.0999999999985,0.3808206435885715,38.082064358857146,38.63049095607234,0.0,61.36950904392765,0.0,40.401272250958336,0.0,59.59872774904166,0.0,1,3,1,0,1,0,1,3,0.7154546578725179,0.7178903104392991,0.6449325084686279,0.7553077340126038,89.82546284457715,139572.03765625,148.0,cea,MULTI_RES,NONE,NONE,
Baixa_Alfama,B1219,matched,42.15,42.15,11488.85,11451.73,-37.1200000000008,-0.0032309587121427123,-0.32309587121427125,100.0,0.0,0.0,0.0,100.0,0.0,0.0,0.0,0,0,0,0,0,0,0,0,,,,,79.0022255967655,129024.24614843751,131.0,cea,MULTI_RES,NONE,NONE,
Baixa_Alfama,B1220,matched,57.92,57.92,15448.05,15472.58,24.530000000000655,0.0015879026802736046,0.15879026802736046,100.0,0.0,0.0,0.0,100.0,0.0,0.0,0.0,0,0,0,0,0,0,0,0,,,,,111.59507184572607,168019.05625,183.0,cea,MULTI_RES,NONE,NONE,
Baixa_Alfama,B1221,matched,68.75,144.09,18347.76,31624.64,13276.880000000001,0.7236240282192486,72.36240282192486,56.30421206023178,0.0,43.69578793976824,0.0,57.905250623644655,0.0,42.09474937635533,0.0,1,2,1,0,1,0,0,2,0.8034541308879852,0.8263067828859366,0.6090244054794312,0.9978838562965393,141.3551056092174,284842.89659375,233.0,cea,MULTI_RES,NONE,NONE,
Baixa_Alfama,B1222,matched,312.01,603.21,85356.13,146848.67,61492.54000000001,0.7204232431812455,72.04232431812456,50.64157824933688,0.0,49.358421750663155,0.0,54.64527932789518,0.0,45.35472067210483,0.0,1,2,1,0,1,0,0,2,0.9218995869159698,0.9211553562876532,0.8640291094779968,0.9797700643539429,594.7376285444905,1241124.950171875,977.0,cea,MULTI_RES,NONE,NONE,
Baixa_Alfama,B1223,matched,36.62,36.62,9653.49,9608.93,-44.55999999999949,-0.004615947185939955,-0.4615947185939955,100.0,0.0,0.0,0.0,100.0,0.0,0.0,0.0,0,0,0,0,0,0,0,0,,,,,68.6235815910239,180171.673875,110.0,cea,MULTI_RES,NONE,NONE,
Baixa_Alfama,B1224,matched,99.38,100.49,26231.59,25508.25,-723.3400000000001,-0.027575148894901154,-2.7575148894901154,100.0,0.0,0.0,0.0,100.0,0.0,0.0,0.0,1,1,0,0,0,0,1,1,0.5472061038017273,0.5472061038017273,0.5472061038017273,0.5472061038017273,188.36259455372522,431612.5821171875,310.0,cea,MULTI_RES,NONE,NONE,
Baixa_Alfama,B1225,matched,36.63,70.54,8860.11,11826.09,2965.9799999999996,0.334756566227733,33.4756566227733,0.0,0.0,100.0,0.0,0.0,0.0,100.0,0.0,1,1,1,0,0,0,0,1,0.4114314317703247,0.4114314317703247,0.4114314317703247,0.4114314317703247,68.65565667120597,120241.3409375,113.0,cea,MULTI_RES,NONE,NONE,
Baixa_Alfama,B1226,matched,75.83,75.83,19301.01,19112.67,-188.34000000000015,-0.009758038568966088,-0.9758038568966088,100.0,0.0,0.0,0.0,100.0,0.0,0.0,0.0,0,0,0,0,0,0,0,0,,,,,144.1320108127861,311901.6780625,239.0,cea,MULTI_RES,NONE,NONE,
Baixa_Alfama,B1227,matched,25.97,25.97,6815.28,6444.77,-370.5099999999993,-0.054364604242232065,-5.436460424223206,100.0,0.0,0.0,0.0,100.0,0.0,0.0,0.0,0,0,0,0,0,0,0,0,,,,,48.67897012557141,60688.64165625,79.0,cea,MULTI_RES,NONE,NONE,
Baixa_Alfama,B1228,matched,116.14,228.38,31798.5,56577.45,24778.949999999997,0.7792490211802443,77.92490211802443,0.0,0.0,0.0,100.0,0.0,0.0,0.0,100.0,1,2,0,1,0,1,0,2,0.8272594511508942,0.8235966871374646,0.6551500558853149,0.9993688464164734,224.56654357704397,503940.32821875,370.0,cea,MULTI_RES,NONE,NONE,
Baixa_Alfama,B1229,matched,79.5,153.57,21766.05,37708.06,15942.009999999998,0.7324254975064377,73.24254975064378,0.0,0.0,0.0,100.0,0.0,0.0,0.0,100.0,1,2,0,1,0,1,0,2,0.7311589568853378,0.748744868129989,0.4702893793582916,0.992028534412384,146.5644402390857,285675.0665,246.0,cea,MULTI_RES,NONE,NONE,
Baixa_Alfama,B1231,matched,142.91,255.62,31233.93,50043.59,18809.659999999996,0.6022188049982822,60.22188049982822,21.05304334219997,47.883742763260834,31.0632138945392,0.0,21.279271613239718,50.27609195134294,28.44463643541734,0.0,1,4,1,1,1,1,0,4,0.7847792655229568,0.778185937610706,0.5624374747276306,0.994155764579773,297.24483881351614,589062.837796875,490.0,cea,SINGLE_RES,NONE,NONE,
Baixa_Alfama,B1232,matched,6.93,13.35,1713.64,2541.28,827.6400000000001,0.4829719194229827,48.29719194229827,0.0,47.04119850187266,52.958801498127336,0.0,0.0,52.0201222067447,47.979877793255305,0.0,1,2,1,0,0,1,0,2,0.5883034765720367,0.5946821262295534,0.48016393184661865,0.6964430212974548,12.996016713254095,31084.4075,21.0,cea,MULTI_RES,NONE,NONE,
Baixa_Alfama,B1233,matched,91.32,179.97,22276.57,32521.2,10244.630000000001,0.4598836355866276,45.98836355866276,0.0,100.0,0.0,0.0,0.0,100.0,0.0,0.0,1,2,0,1,0,1,0,2,0.9418365955352783,0.9426077918325234,0.9234944581985474,0.9601787328720093,174.92726625651423,412264.95725000004,290.0,cea,MULTI_RES,NONE,NONE,
Baixa_Alfama,B1234,matched,30.07,57.72,7373.54,10212.14,2838.5999999999995,0.38497112648741305,38.49711264874131,0.0,0.0,100.0,0.0,0.0,0.0,100.0,0.0,1,1,1,0,0,0,0,1,0.6052495837211609,0.6052495837211609,0.6052495837211609,0.6052495837211609,56.730239334033996,129746.95246875001,95.0,cea,MULTI_RES,NONE,NONE,
Baixa_Alfama,B1235,matched,22.53,22.53,5712.94,5779.89,66.95000000000073,0.011719009826814343,1.1719009826814344,100.0,0.0,0.0,0.0,100.0,0.0,0.0,0.0,0,0,0,0,0,0,0,0,,,,,42.22623071459523,85172.19896875,70.0,cea,MULTI_RES,NONE,NONE,
Baixa_Alfama,B1236,matched,38.75,89.66,10521.95,22779.45,12257.5,1.164945661212988,116.4945661212988,54.82324077171853,45.17675922828148,0.0,0.0,56.08774790786156,43.912252092138424,0.0,0.0,1,3,0,1,1,1,0,3,0.8053520520528158,0.8392710885375708,0.6197248697280884,0.9645000696182251,87.18083696643119,184073.89803125,144.0,cea,MULTI_RES,NONE,NONE,
Baixa_Alfama,B1239,matched,56.36,56.36,13766.58,15314.62,1548.0400000000009,0.11244913406234525,11.244913406234524,100.0,0.0,0.0,0.0,100.0,0.0,0.0,0.0,0,0,0,0,0,0,0,0,,,,,105.62117476530946,260340.418,174.0,cea,MULTI_RES,NONE,NONE,
Baixa_Alfama,B1240,matched,135.83,257.64,37129.47,47976.66,10847.190000000002,0.29214502657861807,29.214502657861807,0.0,29.98369818351187,63.18894581586708,6.827356000621021,0.0,30.777539773421264,61.33412349124986,7.888336735328869,1,3,1,1,0,1,0,3,0.8920067747433981,0.8597352462533925,0.804776132106781,0.9653031826019287,254.67269334196197,558587.23309375,423.0,cea,MULTI_RES,NONE,NONE,
Baixa_Alfama,B1241,matched,56.25,109.0,13668.86,24886.0,11217.14,0.8206346396114964,82.06346396114964,0.0,0.0,0.0,100.0,0.0,0.0,0.0,100.0,1,2,0,1,0,1,0,2,0.7137650698423386,0.7133551868372938,0.44127556681632996,0.9862545728683472,105.40340256648918,236416.64275,175.0,cea,MULTI_RES,NONE,NONE,
Baixa_Alfama,B1242,matched,50.34,95.87,13716.61,18001.73,4285.119999999999,0.31240372074441125,31.240372074441126,0.0,0.0,100.0,0.0,0.0,0.0,100.0,0.0,1,1,1,0,0,0,0,1,0.7632114887237549,0.7632114887237549,0.7632114887237549,0.7632114887237549,93.81458100640006,199972.155375,153.0,cea,MULTI_RES,NONE,NONE,
Baixa_Alfama,B1243,matched,58.38,112.21,15506.32,26529.91,11023.59,0.7109094872284333,71.09094872284332,0.0,0.0,0.0,100.0,0.0,0.0,0.0,100.0,1,2,0,1,0,1,0,2,0.923145055770874,0.9236502016873179,0.9072501063346863,0.9390400052070618,109.44436924474834,226754.97459375,181.0,cea,MULTI_RES,NONE,NONE,
Baixa_Alfama,B1244,matched,39.64,71.75,7896.52,14792.32,6895.799999999999,0.8732707572449635,87.32707572449635,59.67112597547381,0.0,40.3288740245262,0.0,65.9980841359072,0.0,34.00191586409278,0.0,1,2,1,0,1,0,0,2,0.9799253046512604,0.9784515975862051,0.9691538214683533,0.9906967878341675,74.2924492536159,157738.694375,123.0,cea,MULTI_RES,NONE,NONE,
Baixa_Alfama,B1245,matched,128.37,245.54,35147.92,61142.98,25995.060000000005,0.7395902801645163,73.95902801645164,0.0,0.0,0.0,100.0,0.0,0.0,0.0,100.0,1,2,0,1,0,1,0,2,0.9792257845401764,0.9790513191955375,0.959168553352356,0.9992830157279968,240.1136623315338,501664.05453125003,397.0,cea,MULTI_RES,NONE,NONE,
Baixa_Alfama,B1246,matched,120.55,120.55,32102.0,32279.9,177.90000000000146,0.0055417107968351335,0.5541710796835133,100.0,0.0,0.0,0.0,100.0,0.0,0.0,0.0,0,0,0,0,0,0,0,0,,,,,273.9347165687006,633450.3261953125,449.0,cea,MULTI_RES,NONE,NONE,
Baixa_Alfama,B1247,matched,109.43,213.64,29105.09,46679.48,17574.390000000003,0.6038253102807791,60.38253102807791,0.0,100.0,0.0,0.0,0.0,100.0,0.0,0.0,1,2,0,1,0,1,0,2,0.9739765226840973,0.9782333503701217,0.9513356685638428,0.9966173768043518,205.08564200331682,444924.23795312503,340.0,cea,MULTI_RES,NONE,NONE,
Baixa_Alfama,B1248,matched,125.36,239.46,34288.42,55829.94,21541.520000000004,0.6282447543514692,62.82447543514692,47.6027397260274,0.0,52.39726027397261,0.0,52.39742533110119,0.0,47.60257466889881,0.0,1,2,1,0,1,0,0,2,0.8960301280021667,0.8923962781329638,0.8203260898590088,0.9717341661453247,234.95482803322034,569590.1605625,387.0,cea,MULTI_RES,NONE,NONE,
Baixa_Alfama,B1249,matched,25.0,45.12,5099.53,9613.06,4513.53,0.8850874492355177,88.50874492355177,40.13741134751774,59.86258865248227,0.0,0.0,29.276268800207596,70.72373119979241,0.0,0.0,1,2,0,0,1,1,0,2,0.6828242540359497,0.6942113880047044,0.625089168548584,0.7405593395233154,43.949115591105915,80155.773125,74.0,cea,MULTI_RES,NONE,NONE,
Baixa_Alfama,B1250,matched,36.69,71.24,10012.17,15242.59,5230.42,0.5224062316161232,52.24062316161232,22.518601712761473,0.0,26.730310262529834,50.75108802470869,26.02669128843399,0.0,24.67948747722199,49.293821234344016,1,3,1,0,1,1,0,3,0.5948364535967509,0.6078371649396164,0.5136918425559998,0.653022289276123,68.75657814937729,131904.57981250001,113.0,cea,MULTI_RES,NONE,NONE,
Baixa_Alfama,B1251,matched,175.15,175.15,47914.97,48982.76,1067.7900000000009,0.022285102129877173,2.2285102129877172,100.0,0.0,0.0,0.0,100.0,0.0,0.0,0.0,0,0,0,0,0,0,0,0,,,,,317.2171521041989,670911.5861406251,519.0,cea,MULTI_RES,NONE,NONE,
Baixa_Alfama,B1252,matched,12.08,12.08,3072.98,3059.62,-13.360000000000127,-0.0043475714127655,-0.43475714127655,100.0,0.0,0.0,0.0,100.0,0.0,0.0,0.0,0,0,0,0,0,0,0,0,,,,,22.632211745663312,31446.272562500002,38.0,cea,MULTI_RES,NONE,NONE,
Baixa_Alfama,B1253,matched,184.06,342.55,48505.86,92942.6,44436.740000000005,0.9161107544531734,91.61107544531734,67.61829699039612,32.38170300960388,0.0,0.0,69.4435431122974,30.5564568877026,0.0,0.0,1,3,0,1,1,1,0,3,0.7231491903463999,0.6808139501590258,0.4986933171749115,0.9979318380355835,344.9635003751347,705432.99140625,569.0,cea,MULTI_RES,NONE,NONE,
Baixa_Alfama,B1254,matched,16.49,16.49,4566.7,4539.32,-27.38000000000011,-0.0059955766746228375,-0.5995576674622838,100.0,0.0,0.0,0.0,100.0,0.0,0.0,0.0,0,0,0,0,0,0,0,0,,,,,30.374208488476654,79896.393375,50.0,cea,MULTI_RES,NONE,NONE,
Baixa_Alfama,B1255,matched,45.12,45.12,11295.5,11709.82,414.3199999999997,0.036680093842680686,3.6680093842680686,100.0,0.0,0.0,0.0,100.0,0.0,0.0,0.0,0,0,0,0,0,0,0,0,,,,,84.56332574444295,179871.6988125,139.0,cea,MULTI_RES,NONE,NONE,
Baixa_Alfama,B1256,matched,30.43,61.88,8055.17,13880.93,5825.76,0.7232324085028622,72.32324085028623,0.0,100.0,0.0,0.0,0.0,100.0,0.0,0.0,1,2,1,0,1,0,0,2,0.7188095152378082,0.7186167883644404,0.4996984601020813,0.9379205703735352,60.55388272342501,98009.2740625,98.0,cea,MULTI_RES,NONE,NONE,
Baixa_Alfama,B1257,matched,204.9,204.9,55554.19,55412.66,-141.52999999999884,-0.0025476026200723805,-0.25476026200723806,100.0,0.0,0.0,0.0,100.0,0.0,0.0,0.0,0,0,0,0,0,0,0,0,,,,,390.87114751640087,890199.420140625,644.0,cea,MULTI_RES,NONE,NONE,
Baixa_Alfama,B1258,matched,62.87,62.87,17209.25,16520.33,-688.9199999999983,-0.04003195955663368,-4.003195955663368,100.0,0.0,0.0,0.0,100.0,0.0,0.0,0.0,0,0,0,0,0,0,0,0,,,,,117.03045068832326,177946.393546875,192.0,cea,MULTI_RES,NONE,NONE,
Baixa_Alfama,B1259,matched,32.54,32.54,8646.2,8851.96,205.7599999999984,0.02379773773449589,2.379773773449589,100.0,0.0,0.0,0.0,100.0,0.0,0.0,0.0,0,0,0,0,0,0,0,0,,,,,63.2797904026448,117818.3311875,106.0,cea,MULTI_RES,NONE,NONE,
Baixa_Alfama,B1260,matched,71.03,71.03,19247.15,19106.96,-140.19000000000233,-0.007283675764983508,-0.7283675764983508,100.0,0.0,0.0,0.0,100.0,0.0,0.0,0.0,0,0,0,0,0,0,0,0,,,,,135.75032826333225,325391.4050625,224.0,cea,MULTI_RES,NONE,NONE,
Baixa_Alfama,B1261,matched,27.21,27.21,7452.66,7167.74,-284.9200000000001,-0.03823064516561873,-3.823064516561873,100.0,0.0,0.0,0.0,100.0,0.0,0.0,0.0,0,0,0,0,0,0,0,0,,,,,52.84497188803896,114244.46075,89.0,cea,MULTI_RES,NONE,NONE,
Baixa_Alfama,B1262,matched,72.91,145.52,19702.3,35792.11,16089.810000000001,0.8166462798759536,81.66462798759537,53.01312444169587,0.0,46.98687555830413,0.0,57.65089863753437,0.0,42.34910136246563,0.0,1,2,1,0,1,0,0,2,0.9799253046512604,0.979275278032978,0.9691538214683533,0.9906967878341675,143.406725279401,315631.64650000003,238.0,cea,MULTI_RES,NONE,NONE,
Baixa_Alfama,B1263,matched,72.53,151.05,17312.71,27289.6,9976.89,0.5762754646730639,57.62754646730639,53.46220045015225,0.0,46.53779954984774,0.0,50.26567994719899,0.0,49.734320052800996,0.0,1,2,1,0,1,0,0,2,0.7768638134002686,0.790316881841145,0.5975154042243958,0.9562122225761414,148.64426800688597,325990.51078125,248.0,cea,MULTI_RES,NONE,NONE,
Baixa_Alfama,B1264,matched,19.84,38.23,5452.9,9501.37,4048.470000000001,0.7424434704469184,74.24434704469184,50.02616431187861,0.0,49.97383568812141,0.0,54.87722333340067,0.0,45.12277666659932,0.0,1,2,0,0,1,1,0,2,0.7620521485805511,0.7621176633550184,0.6615099310874939,0.8625943660736084,37.1806006457727,86326.1239375,60.0,cea,MULTI_RES,NONE,NONE,
Baixa_Alfama,B1265,matched,99.41,195.74,26951.75,36317.31,9365.559999999998,0.3474935764839017,34.74935764839017,0.0,18.69827321957699,52.334729743537345,28.966997036885665,0.0,20.339367844546267,47.824780163210846,31.8358519922429,1,3,1,1,0,1,0,3,0.8221468726793925,0.7617517171355228,0.591793954372406,0.9778136014938354,191.02795371527986,414824.1533125,318.0,cea,MULTI_RES,NONE,NONE,
Baixa_Alfama,B1266,matched,55.49,106.54,14734.89,22733.05,7998.16,0.5428041878833164,54.280418788331644,46.372595025809474,0.0,53.62740497419052,0.0,46.09541478493202,0.0,53.904585215067954,0.0,1,2,1,0,1,0,0,2,0.9581169188022614,0.9581505421690523,0.9182926416397095,0.9979411959648132,111.50933952226418,131269.30015625,181.0,cea,MULTI_RES,NONE,NONE,
Baixa_Alfama,B1267,matched,29.38,29.38,6437.61,7090.76,653.1500000000005,0.10145846051562624,10.145846051562623,100.0,0.0,0.0,0.0,100.0,0.0,0.0,0.0,0,0,0,0,0,0,0,0,,,,,55.0550181630676,116896.624625,91.0,cea,MULTI_RES,NONE,NONE,
Baixa_Alfama,B1268,matched,45.83,45.83,12418.86,12098.25,-320.6100000000006,-0.025816379281190106,-2.5816379281190107,100.0,0.0,0.0,0.0,100.0,0.0,0.0,0.0,0,0,0,0,0,0,0,0,,,,,91.16244708994292,134179.67775,150.0,cea,MULTI_RES,NONE,NONE,
Baixa_Alfama,B1269,matched,29.39,67.01,7299.94,12555.48,5255.54,0.7199429036403039,71.99429036403039,0.0,0.0,0.0,100.0,0.0,0.0,0.0,100.0,1,2,0,1,0,1,0,2,0.979411244392395,0.980486073704342,0.9654693603515625,0.9933531284332275,66.00269006757719,150649.611,112.0,cea,MULTI_RES,NONE,NONE,
Baixa_Alfama,B1270,matched,76.08,145.27,20766.78,29626.45,8859.670000000002,0.42662704569509585,42.662704569509586,0.0,100.0,0.0,0.0,0.0,100.0,0.0,0.0,1,1,0,1,0,0,0,1,0.9902251362800598,0.9902251362800598,0.9902251362800598,0.9902251362800598,142.57846137262547,305236.56731250003,233.0,cea,MULTI_RES,NONE,NONE,
Baixa_Alfama,B1271,matched,58.7,110.43,16079.14,23269.41,7190.27,0.4471800108712282,44.71800108712282,0.0,26.632255727610254,23.770714479760937,49.59702979262881,0.0,28.837596960879015,22.995258132045855,48.16714490707514,1,3,1,0,1,1,0,3,0.830321192741394,0.8392423659021127,0.6212683320045471,0.9868905544281006,110.01569332180999,197731.66746875,177.0,cea,MULTI_RES,NONE,NONE,
Baixa_Alfama,B1273,matched,87.42,87.42,22434.99,22323.08,-111.90999999999985,-0.004988190322349145,-0.4988190322349145,100.0,0.0,0.0,0.0,100.0,0.0,0.0,0.0,0,0,0,0,0,0,0,0,,,,,162.0694420857548,226985.39107812502,268.0,cea,MULTI_RES,NONE,NONE,
Baixa_Alfama,B1274,matched,51.25,51.25,13977.52,13922.79,-54.72999999999956,-0.0039155730057978495,-0.39155730057978494,100.0,0.0,0.0,0.0,100.0,0.0,0.0,0.0,0,0,0,0,0,0,0,0,,,,,96.0502187989329,132183.81478125,159.0,cea,MULTI_RES,NONE,NONE,
Baixa_Alfama,B1275,matched,89.7,167.16,24563.74,33201.93,8638.189999999999,0.3516642823934791,35.16642823934791,0.0,49.925216871073886,50.074783128926114,0.0,0.0,52.470039974272275,47.52996002572771,0.0,1,2,1,1,0,0,0,2,0.6710439026355743,0.676344987903089,0.44076311588287354,0.9013246893882751,168.11244870989404,260627.23324609376,275.0,cea,MULTI_RES,NONE,NONE,
Baixa_Alfama,B1276,matched,108.34,108.34,29624.24,29657.61,33.36999999999898,0.0011264423998725024,0.11264423998725023,100.0,0.0,0.0,0.0,100.0,0.0,0.0,0.0,0,0,0,0,0,0,0,0,,,,,212.7305340164848,417380.543453125,350.0,cea,MULTI_RES,NONE,NONE,
Baixa_Alfama,B1277,matched,51.98,51.98,14169.54,14185.44,15.899999999999636,0.0011221253477529712,0.11221253477529712,100.0,0.0,0.0,0.0,100.0,0.0,0.0,0.0,0,0,0,0,0,0,0,0,,,,,96.72986228309043,255999.722,160.0,cea,MULTI_RES,NONE,NONE,
Baixa_Alfama,B1278,matched,126.24,245.18,30823.72,48116.74,17293.019999999997,0.5610296226412644,56.10296226412645,50.43847126483665,0.0,49.56152873516336,0.0,51.18455682442582,0.0,48.815443175574174,0.0,1,2,1,0,1,0,0,2,0.9870562255382538,0.9871341687062932,0.9780640602111816,0.9960483908653259,240.44662061879416,522720.62578125,399.0,cea,MULTI_RES,NONE,NONE,
Baixa_Alfama,B1279,matched,75.79,75.79,17578.65,17362.86,-215.79000000000087,-0.012275686699490624,-1.2275686699490624,100.0,0.0,0.0,0.0,100.0,0.0,0.0,0.0,0,0,0,0,0,0,0,0,,,,,139.59241772678962,333862.39756250003,232.0,cea,MULTI_RES,NONE,NONE,
Baixa_Alfama,B1280,matched,79.61,79.61,19876.26,19805.28,-70.97999999999956,-0.0035710943608103117,-0.3571094360810312,100.0,0.0,0.0,0.0,100.0,0.0,0.0,0.0,0,0,0,0,0,0,0,0,,,,,158.07728704260796,344239.86677343753,257.0,cea,MULTI_RES,NONE,NONE,
Baixa_Alfama,B1281,matched,94.44,175.81,24377.2,45582.11,21204.91,0.8698665146120145,86.98665146120145,0.0,0.0,0.0,100.0,0.0,0.0,0.0,100.0,1,1,0,1,0,0,0,1,0.9942418932914734,0.9942418932914734,0.9942418932914734,0.9942418932914734,175.21715693522737,277655.94215625,289.0,cea,MULTI_RES,NONE,NONE,
Baixa_Alfama,B1282,matched,97.77,199.29,25520.77,49823.99,24303.219999999998,0.9522917999731199,95.22917999731199,0.0,0.0,0.0,100.0,0.0,0.0,0.0,100.0,1,2,0,1,0,1,0,2,0.8823683559894562,0.8960194741441462,0.8188115358352661,0.9459251761436462,190.00527677364238,339611.4790546875,313.0,cea,MULTI_RES,NONE,NONE,
Baixa_Alfama,B1283,matched,24.1,32.89,5219.23,7236.19,2016.96,0.38644780935118783,38.64478093511878,100.0,0.0,0.0,0.0,100.0,0.0,0.0,0.0,0,0,0,0,0,0,0,0,,,,,82.09854868422056,178277.2800625,136.0,cea,MULTI_RES,NONE,NONE,
Baixa_Alfama,B1284,matched,43.16,83.75,8904.47,18848.83,9944.360000000002,1.1167829191406118,111.67829191406118,100.0,0.0,0.0,0.0,100.0,0.0,0.0,0.0,1,1,0,0,1,0,0,1,0.9110124111175537,0.9110124111175537,0.9110124111175537,0.9110124111175537,80.89877414621793,150676.086625,134.0,cea,MULTI_RES,NONE,NONE,
Baixa_Alfama,B1285,matched,97.08,182.86,26363.52,40996.17,14632.649999999998,0.555034001529386,55.503400152938596,0.0,0.0,52.124692370795735,47.87530762920427,0.0,0.0,50.29230090843555,49.70769909156445,1,3,1,1,0,1,0,3,0.7629302541414896,0.7436207294258788,0.6318641304969788,0.9987515211105347,186.90573256315972,337104.16678125,309.0,cea,MULTI_RES,NONE,NONE,
Baixa_Alfama,B1286,matched,36.63,36.63,9686.12,9681.6,-4.520000000000437,-0.00046664711979620696,-0.046664711979620695,100.0,0.0,0.0,0.0,100.0,0.0,0.0,0.0,0,0,0,0,0,0,0,0,,,,,68.64297980458568,84703.6156328125,112.0,cea,MULTI_RES,NONE,NONE,
Baixa_Alfama,B1287,matched,88.88,175.86,22133.82,40536.77,18402.949999999997,0.8314403026680436,83.14403026680436,50.30423656525448,0.0,49.69576343474552,0.0,55.49230440930659,0.0,44.50769559069343,0.0,1,2,1,0,1,0,0,2,0.948879063129425,0.9486074218471565,0.9049512147903442,0.9928069114685059,173.19324376451877,373574.03778125,285.0,cea,MULTI_RES,NONE,NONE,
Baixa_Alfama,B1288,matched,102.92,200.93,26458.86,47143.29,20684.43,0.7817581709869587,78.17581709869586,51.241725974219875,0.0,48.75827402578012,0.0,58.17455673281384,0.0,41.825443267186145,0.0,1,2,1,0,1,0,0,2,0.9258369505405426,0.9269658476485829,0.8802804350852966,0.9713934659957886,196.79701755968432,291469.69090625003,329.0,cea,MULTI_RES,NONE,NONE,
Baixa_Alfama,B1289,matched,70.21,134.77,19095.38,32654.64,13559.259999999998,0.7100806582534622,71.00806582534622,52.14068412851526,0.0,47.85931587148476,0.0,57.40686788680669,0.0,42.59313211319329,0.0,1,2,1,0,1,0,0,2,0.975803554058075,0.9765958380113524,0.9573367834091187,0.9942703247070312,131.59046218765832,211277.15290625,216.0,cea,MULTI_RES,NONE,NONE,
Baixa_Alfama,B1290,matched,42.68,85.94,10652.01,16680.89,6028.879999999999,0.5659851990375524,56.59851990375524,25.51780311845474,51.640679543867826,22.841517337677452,0.0,26.392613089976784,54.24109728422377,19.36628962579944,0.0,1,3,1,1,1,0,0,3,0.8469410538673401,0.8771983056583825,0.6256939768791199,0.9623540043830872,83.95900150386973,107958.14768750001,139.0,cea,MULTI_RES,NONE,NONE,
Baixa_Alfama,B1291,matched,116.58,116.58,31943.13,31890.77,-52.36000000000058,-0.0016391631001721053,-0.16391631001721052,100.0,0.0,0.0,0.0,100.0,0.0,0.0,0.0,0,0,0,0,0,0,0,0,,,,,224.8156820598284,509700.25925,368.0,cea,MULTI_RES,NONE,NONE,
Baixa_Alfama,B1292,matched,70.43,70.64,16735.95,13132.53,-3603.42,-0.2153101556828265,-21.531015568282648,54.495256972957684,0.0,45.50474302704234,0.0,54.09436761350054,0.0,45.90563238649945,0.0,1,2,0,1,0,1,0,2,0.9870723485946655,0.9881999756161508,0.9745255708694458,0.9996191263198853,132.00001856082886,319404.6404375,217.0,cea,MULTI_RES,NONE,NONE,
Baixa_Alfama,B1293,matched,61.97,61.97,15896.1,13397.41,-2498.6900000000005,-0.15718887022603031,-15.718887022603031,100.0,0.0,0.0,0.0,100.0,0.0,0.0,0.0,0,0,0,0,0,0,0,0,,,,,96.97844646959841,190900.8535,159.0,cea,MULTI_RES,NONE,NONE,
Baixa_Alfama,B1294,matched,72.7,72.7,19457.69,18956.6,-501.09000000000015,-0.02575280004974898,-2.575280004974898,100.0,0.0,0.0,0.0,100.0,0.0,0.0,0.0,0,0,0,0,0,0,0,0,,,,,136.2341849785176,249075.19225,227.0,cea,MULTI_RES,NONE,NONE,
Baixa_Alfama,B1295,matched,94.11,180.0,25760.34,40774.67,15014.329999999998,0.5828467326130011,58.284673261300114,0.0,100.0,0.0,0.0,0.0,100.0,0.0,0.0,1,2,0,1,0,1,0,2,0.9992091357707977,0.9992054742725561,0.9987848401069641,0.9996334314346313,176.59218053544748,326321.7151875,292.0,cea,MULTI_RES,NONE,NONE,
Baixa_Alfama,B1296,matched,175.17,338.08,47700.34,77740.46,30040.12000000001,0.6297674188485871,62.97674188485871,27.60456723658522,42.986452109093065,29.40898065432172,0.0,31.171502888725257,41.76178258620622,27.0667145250685,0.0,1,4,1,1,1,1,0,4,0.8379345089197159,0.8349761423163803,0.7425166368484497,0.9495822787284851,332.02485706354736,770763.92765625,547.0,cea,MULTI_RES,NONE,NONE,
Baixa_Alfama,B1297,matched,59.31,116.29,14329.55,18712.51,4382.959999999999,0.30586864207180264,30.586864207180263,0.0,100.0,0.0,0.0,0.0,100.0,0.0,0.0,1,2,0,1,0,1,0,2,0.9759582579135895,0.9757476717228305,0.9688019156455994,0.9831146001815796,111.80301384552733,178348.47715625,184.0,cea,MULTI_RES,NONE,NONE,
Baixa_Alfama,B1298,matched,126.72,241.04,32484.12,53374.48,20890.360000000004,0.6430945335751748,64.30945335751747,0.0,100.0,0.0,0.0,0.0,100.0,0.0,0.0,1,2,0,1,0,1,0,2,0.9981930553913116,0.9981838838205109,0.9965910911560059,0.9997950196266174,237.47177350266963,468141.6295625,390.0,cea,MULTI_RES,NONE,NONE,
Baixa_Alfama,B1299,matched,54.97,104.4,14308.28,22886.48,8578.199999999999,0.5995269871710645,59.95269871710644,41.553342271595476,0.0,58.44665772840452,0.0,48.648698793775644,0.0,51.35130120622436,0.0,1,2,1,0,1,0,0,2,0.8788110017776489,0.897558896520613,0.767749547958374,0.9898724555969238,102.05588809362771,155492.38175,168.0,cea,MULTI_RES,NONE,NONE,
Baixa_Alfama,B1300,matched,86.09,163.57,23574.84,40921.2,17346.359999999997,0.7357996915355521,73.57996915355521,28.523387343320085,22.751452155304186,18.777132375420358,29.948028125955368,31.59338224337081,22.54819968451944,16.64458170415822,29.213836367951547,1,4,1,1,1,1,0,4,0.8614936918020248,0.8429888641413208,0.5787432789802551,0.9816343188285828,160.1231495939573,277970.2385,265.0,cea,MULTI_RES,NONE,NONE,
Baixa_Alfama,B1301,matched,63.48,135.36,17319.9,28269.92,10950.019999999997,0.6322218950455831,63.222189504558315,0.0,26.331339094467832,25.282517172612444,48.3861437329197,0.0,29.518147111494613,24.31206572083691,46.16978716766849,1,3,0,1,1,1,0,3,0.766547421614329,0.6988731631254025,0.46455228328704834,0.9661633372306824,131.58463537217912,323239.1716875,217.0,cea,MULTI_RES,NONE,NONE,
Baixa_Alfama,B1302,matched,29.42,29.42,8064.01,7561.17,-502.84000000000015,-0.062356073467170814,-6.235607346717082,100.0,0.0,0.0,0.0,100.0,0.0,0.0,0.0,0,0,0,0,0,0,0,0,,,,,55.12983157529986,103489.39446875,91.0,cea,MULTI_RES,NONE,NONE,
Baixa_Alfama,B1303,matched,30.7,58.97,8256.04,13902.15,5646.109999999999,0.683876289359063,68.38762893590629,49.90673223673054,0.0,50.093267763269466,0.0,56.48198325330625,0.0,43.51801674669377,0.0,1,2,1,0,1,0,0,2,0.8773900866508484,0.8775861443817664,0.7665551900863647,0.988224983215332,57.53630148899196,94183.32509375,96.0,cea,MULTI_RES,NONE,NONE,
Baixa_Alfama,B1304,matched,44.93,44.93,12462.61,12306.44,-156.17000000000007,-0.01253108297539601,-1.2531082975396008,100.0,0.0,0.0,0.0,100.0,0.0,0.0,0.0,0,0,0,0,0,0,0,0,,,,,84.20338936643778,217495.271,139.0,cea,MULTI_RES,NONE,NONE,
Baixa_Alfama,B1307,matched,20.37,20.37,5180.53,5223.87,43.340000000000146,0.008365939392301588,0.8365939392301588,100.0,0.0,0.0,0.0,100.0,0.0,0.0,0.0,0,0,0,0,0,0,0,0,,,,,38.17014669553907,79719.2858125,63.0,cea,MULTI_RES,NONE,NONE,
Baixa_Alfama,B1308,matched,80.66,80.66,19961.83,19839.23,-122.60000000000218,-0.006141721475435978,-0.6141721475435978,100.0,0.0,0.0,0.0,100.0,0.0,0.0,0.0,0,0,0,0,0,0,0,0,,,,,151.17951393422499,390200.6004375,250.0,cea,MULTI_RES,NONE,NONE,
Baixa_Alfama,B1309,matched,13.32,25.47,3525.28,6720.4,3195.1199999999994,0.9063450279126762,90.63450279126762,49.84301412872841,50.15698587127159,0.0,0.0,51.11227318565965,48.88772681434034,0.0,0.0,1,2,0,0,1,1,0,2,0.9131584167480469,0.9130292302484776,0.8770956993103027,0.949221134185791,24.962768335515612,38219.99990625,41.0,cea,MULTI_RES,NONE,NONE,
Baixa_Alfama,B1310,matched,9.75,9.75,2667.23,2631.36,-35.86999999999989,-0.013448409023593726,-1.3448409023593726,100.0,0.0,0.0,0.0,100.0,0.0,0.0,0.0,0,0,0,0,0,0,0,0,,,,,18.281947670222642,50275.537000000004,31.0,cea,MULTI_RES,NONE,NONE,
Baixa_Alfama,B1311,matched,31.03,59.85,8493.77,13397.1,4903.33,0.5772854692321548,57.72854692321548,0.0,100.0,0.0,0.0,0.0,100.0,0.0,0.0,1,2,0,1,0,1,0,2,0.8686849474906921,0.868069520277979,0.8259082436561584,0.9114616513252258,58.14779722308988,94874.292625,96.0,cea,MULTI_RES,NONE,NONE,
Baixa_Alfama,B1313,matched,18.53,18.53,4667.79,4700.21,32.42000000000007,0.006945470983056237,0.6945470983056237,100.0,0.0,0.0,0.0,100.0,0.0,0.0,0.0,0,0,0,0,0,0,0,0,,,,,34.7228965541795,76763.6614375,58.0,cea,MULTI_RES,NONE,NONE,
Baixa_Alfama,B1314,matched,25.09,48.47,6537.46,9547.99,3010.5299999999997,0.4605045384598911,46.05045384598911,0.0,100.0,0.0,0.0,0.0,100.0,0.0,0.0,1,2,0,1,0,1,0,2,0.9625326097011566,0.9625334145916671,0.9265287518501282,0.9985364675521851,47.016757197888325,122538.318125,77.0,cea,MULTI_RES,NONE,NONE,
Baixa_Alfama,B1316,matched,65.31,123.34,16289.59,30162.12,13872.529999999999,0.8516193470799448,85.16193470799448,25.40132965785633,0.0,23.44738122263662,51.15128911950706,26.44055972200458,0.0,20.91615073301902,52.64328954497641,1,3,1,1,1,0,0,3,0.8783387144406637,0.8251275861685976,0.6696211099624634,0.9984595775604248,122.41716756264695,251119.57109375,201.0,cea,MULTI_RES,NONE,NONE,
Baixa_Alfama,B1317,matched,41.81,80.25,10930.22,18871.94,7941.719999999999,0.7265837284153476,72.65837284153476,50.062313060817544,0.0,49.937686939182456,0.0,54.86784705485434,0.0,45.13215294514566,0.0,1,2,1,0,1,0,0,2,0.9952698051929474,0.9952693543760011,0.9949281215667725,0.9956114888191223,78.37723238248543,139370.41114062502,129.0,cea,MULTI_RES,NONE,NONE,
Baixa_Alfama,B1318,matched,12.98,12.98,2745.69,2768.31,22.61999999999989,0.008238366312293044,0.8238366312293044,100.0,0.0,0.0,0.0,100.0,0.0,0.0,0.0,0,0,0,0,0,0,0,0,,,,,24.320624513729157,65841.518375,40.0,cea,MULTI_RES,NONE,NONE,
Baixa_Alfama,B1319,matched,35.78,35.78,9383.63,9373.59,-10.039999999999054,-0.0010699484101567363,-0.10699484101567364,100.0,0.0,0.0,0.0,100.0,0.0,0.0,0.0,0,0,0,0,0,0,0,0,,,,,68.32615640536042,179092.212125,112.0,cea,MULTI_RES,NONE,NONE,
Baixa_Alfama,B1321,matched,72.75,72.75,19915.25,19864.92,-50.330000000001746,-0.0025272090483424384,-0.25272090483424386,100.0,0.0,0.0,0.0,100.0,0.0,0.0,0.0,0,0,0,0,0,0,0,0,,,,,136.33705393110213,275051.258578125,226.0,cea,MULTI_RES,NONE,NONE,
Baixa_Alfama,B1322,matched,64.49,137.26,17614.59,31260.44,13645.849999999999,0.7746901858061981,77.4690185806198,37.73310023310024,0.0,62.266899766899776,0.0,40.88311288419115,0.0,59.11688711580885,0.0,1,2,0,1,0,1,0,2,0.9775824546813965,0.9782552682443549,0.9748395085334778,0.9803254008293152,135.4919467730311,295161.302609375,224.0,cea,MULTI_RES,NONE,NONE,
Baixa_Alfama,B1323,matched,41.72,91.4,8468.99,13973.87,5504.880000000001,0.6500043098409611,65.00043098409611,0.0,16.914660831509845,79.60612691466083,3.4792122538293215,0.0,18.425176127817235,79.00294542493631,2.5718784472464544,1,3,1,1,0,1,0,3,0.7769758601983389,0.56951790839674,0.41848763823509216,0.995876669883728,98.69297567334596,129766.679265625,163.0,cea,MULTI_RES,NONE,NONE,
Baixa_Alfama,B1324,matched,114.47,114.47,29148.99,29102.28,-46.710000000002765,-0.0016024568947329825,-0.16024568947329826,100.0,0.0,0.0,0.0,100.0,0.0,0.0,0.0,0,0,0,0,0,0,0,0,,,,,214.53887734672207,518331.41988281254,355.0,cea,MULTI_RES,NONE,NONE,
Baixa_Alfama,B1326,matched,44.14,77.45,12091.13,16941.84,4850.710000000001,0.40117921153771413,40.11792115377141,0.0,55.33892834086507,16.81084570690768,27.850225952227238,0.0,53.60157075821348,15.220312769252098,31.178116472534413,1,3,1,1,1,0,0,3,0.944062332312266,0.9318456029875689,0.9017783999443054,0.9809569120407104,82.72617589377606,96772.91240625,137.0,cea,MULTI_RES,NONE,NONE,
Baixa_Alfama,B1327,matched,28.34,28.34,6982.21,6914.02,-68.1899999999996,-0.009766248795152194,-0.9766248795152194,100.0,0.0,0.0,0.0,100.0,0.0,0.0,0.0,0,0,0,0,0,0,0,0,,,,,53.106486155780836,101047.599234375,88.0,cea,MULTI_RES,NONE,NONE,
Baixa_Alfama,B1328,matched,29.36,56.92,7804.41,12717.76,4913.35,0.6295607227195906,62.956072271959066,0.0,100.0,0.0,0.0,0.0,100.0,0.0,0.0,1,2,1,0,0,1,0,2,0.7016638517379761,0.7060912761626448,0.6671671867370605,0.7361605167388916,55.02293055744555,101001.90390625001,88.0,cea,MULTI_RES,NONE,NONE,
Baixa_Alfama,B1329,matched,13.99,13.99,3819.57,3784.72,-34.850000000000364,-0.009124063703505986,-0.9124063703505986,100.0,0.0,0.0,0.0,100.0,0.0,0.0,0.0,0,0,0,0,0,0,0,0,,,,,26.222433951890167,54738.702625,43.0,cea,MULTI_RES,NONE,NONE,
Baixa_Alfama,B1332,matched,29.42,56.56,8010.6,11717.63,3707.029999999999,0.46276558559908104,46.2765585599081,0.0,100.0,0.0,0.0,0.0,100.0,0.0,0.0,1,2,0,1,0,1,0,2,0.9439085423946381,0.9441482781326386,0.899880051612854,0.9879370331764221,55.14425745610851,89781.3305625,91.0,cea,MULTI_RES,NONE,NONE,
Baixa_Alfama,B1333,matched,31.35,60.12,7438.05,11842.83,4404.78,0.5921955351200919,59.21955351200919,0.0,100.0,0.0,0.0,0.0,100.0,0.0,0.0,1,2,0,1,0,1,0,2,0.864958643913269,0.860584184801811,0.7916374802589417,0.9382798075675964,58.75050844581928,129525.79346875001,96.0,cea,MULTI_RES,NONE,NONE,
Baixa_Alfama,B1335,matched,73.11,140.76,18865.63,31818.75,12953.119999999999,0.6865988572870346,68.65988572870346,49.86857995311501,0.0,50.13142004688499,0.0,55.10259552696258,0.0,44.8974044730374,0.0,1,2,1,0,1,0,0,2,0.998711496591568,0.9987139609094171,0.9977297186851501,0.9996932744979858,137.001028827828,234399.43815625,226.0,cea,MULTI_RES,NONE,NONE,
Baixa_Alfama,B1336,matched,12.03,12.03,3274.12,3276.56,2.4400000000000546,0.0007452384152077672,0.07452384152077672,100.0,0.0,0.0,0.0,100.0,0.0,0.0,0.0,0,0,0,0,0,0,0,0,,,,,22.538274790341703,57383.49375,35.0,cea,MULTI_RES,NONE,NONE,
Baixa_Alfama,B1337,matched,17.91,34.2,3938.31,5903.62,1965.31,0.499023692903809,49.902369290380896,0.0,100.0,0.0,0.0,0.0,100.0,0.0,0.0,1,2,1,0,1,0,0,2,0.9935581982135773,0.9935631168091004,0.9878258109092712,0.9992905855178833,33.558499509720306,52309.89475,55.0,cea,MULTI_RES,NONE,NONE,
Baixa_Alfama,B1338,matched,133.94,243.28,32591.21,53624.97,21033.760000000002,0.6453813773713833,64.53813773713833,54.435218678066434,0.0,45.56478132193357,0.0,56.494429293765535,0.0,43.50557070623446,0.0,1,2,1,0,1,0,0,2,0.7485425174236298,0.7268596967729503,0.5042053461074829,0.9928796887397766,238.53343269496142,434700.6291328125,388.0,cea,MULTI_RES,NONE,NONE,
Baixa_Alfama,B1339,matched,18.19,35.05,4732.23,7420.86,2688.63,0.5681528581662346,56.815285816623465,0.0,100.0,0.0,0.0,0.0,100.0,0.0,0.0,1,2,0,1,0,1,0,2,0.9975005686283112,0.9976087023149108,0.9963478446006775,0.9986532926559448,34.09495181761701,70028.24481250001,55.0,cea,MULTI_RES,NONE,NONE,
Baixa_Alfama,B1340,matched,25.43,51.08,6871.05,13681.18,6810.13,0.9911338150646554,99.11338150646554,56.057936973967514,43.94206302603249,0.0,0.0,57.94288362026032,42.057116379739675,0.0,0.0,1,3,0,1,1,1,0,3,0.6544962128003439,0.6490755118300672,0.5219467282295227,0.8315432071685791,48.7894010302764,110784.7719375,81.0,cea,SINGLE_RES,NONE,NONE,
Baixa_Alfama,B1341,matched,59.61,115.5,16283.19,25254.25,8971.06,0.5509399570968587,55.09399570968587,0.0,100.0,0.0,0.0,0.0,100.0,0.0,0.0,1,2,0,1,0,1,0,2,0.998491495847702,0.9984953317146352,0.9970858693122864,0.9998971223831177,111.7238431403857,256099.844875,184.0,cea,MULTI_RES,NONE,NONE,
Baixa_Alfama,B1342,matched,37.64,37.64,10284.38,10263.81,-20.56999999999971,-0.002000120571196291,-0.2000120571196291,100.0,0.0,0.0,0.0,100.0,0.0,0.0,0.0,0,0,0,0,0,0,0,0,,,,,68.70612109997191,164141.38275,112.0,cea,MULTI_RES,NONE,NONE,
Baixa_Alfama,B1343,matched,40.58,77.89,11081.88,17526.1,6444.219999999999,0.5815096355492029,58.15096355492029,0.0,100.0,0.0,0.0,0.0,100.0,0.0,0.0,1,2,0,1,0,1,0,2,0.9644219279289246,0.9643759175648681,0.9490756392478943,0.9797682166099548,76.05432265342124,147145.9540625,126.0,cea,MULTI_RES,NONE,NONE,
Baixa_Alfama,B1344,matched,28.98,51.28,5220.12,7863.95,2643.83,0.5064691999417638,50.64691999417638,0.0,100.0,0.0,0.0,0.0,100.0,0.0,0.0,1,2,0,1,0,1,0,2,0.6534125804901123,0.6534042961646329,0.5054582953453064,0.8013668656349182,54.31510585179363,125037.6214375,90.0,cea,MULTI_RES,NONE,NONE,
Baixa_Alfama,B1345,matched,19.96,19.96,5459.69,5277.74,-181.94999999999982,-0.033326067963565666,-3.3326067963565666,100.0,0.0,0.0,0.0,100.0,0.0,0.0,0.0,0,0,0,0,0,0,0,0,,,,,37.399965978747616,67128.831375,60.0,cea,MULTI_RES,NONE,NONE,
Baixa_Alfama,B1346,matched,20.52,44.4,4603.26,7421.3,2818.04,0.6121835394915777,61.218353949157766,0.0,0.0,41.54088758729444,58.45911241270557,0.0,0.0,47.75837742229804,52.24162257770195,1,3,1,1,0,1,0,3,0.7050893306732178,0.7136903237171486,0.5567383170127869,0.855161726474762,43.821296103085,59209.4905,72.0,cea,MULTI_RES,NONE,NONE,
Baixa_Alfama,B1348,matched,76.47,145.11,20872.64,34704.53,13831.89,0.6626804275836693,66.26804275836693,49.98277169044174,0.0,50.01722830955827,0.0,53.015970845981045,0.0,46.98402915401897,0.0,1,2,1,0,1,0,0,2,0.9256528615951538,0.9256577897668157,0.9098397493362427,0.9414659738540649,143.31537205519354,249751.963375,235.0,cea,MULTI_RES,NONE,NONE,
Baixa_Alfama,B1349,matched,19.38,19.38,4503.9,4455.95,-47.94999999999982,-0.010646328737316508,-1.0646328737316508,100.0,0.0,0.0,0.0,100.0,0.0,0.0,0.0,0,0,0,0,0,0,0,0,,,,,36.31235253756099,78773.1958125,64.0,cea,MULTI_RES,NONE,NONE,
Baixa_Alfama,B1350,matched,28.0,53.95,8201.15,12812.66,4611.51,0.5623004090889693,56.230040908896925,45.0787766450417,0.0,54.92122335495829,0.0,51.20023797410668,0.0,48.79976202589334,0.0,1,2,1,0,1,0,0,2,0.9630440771579742,0.9641118766303283,0.9521971940994263,0.9738909602165222,52.470278808654555,85510.4454765625,88.0,cea,MULTI_RES,NONE,NONE,
Baixa_Alfama,B1351,matched,29.35,57.06,8015.81,13548.53,5532.72,0.6902259409841301,69.02259409841301,49.903627124583835,0.0,50.09637287541615,0.0,56.05496503997563,0.0,43.94503496002439,0.0,1,2,1,0,1,0,0,2,0.9916355609893799,0.9916272699477954,0.987536609172821,0.9957345128059387,54.99957467285155,101706.6489453125,90.0,cea,MULTI_RES,NONE,NONE,
Baixa_Alfama,B1352,matched,52.41,101.17,14181.42,25629.49,11448.070000000002,0.8072583704593759,80.72583704593758,54.90661132522976,45.09338867477023,0.0,0.0,55.97265628269634,44.02734371730367,0.0,0.0,1,3,0,1,1,1,0,3,0.9789217114448547,0.9800311031625067,0.97003573179245,0.9835168719291687,99.93428785747852,248060.9883125,163.0,cea,MULTI_RES,NONE,NONE,
Baixa_Alfama,B1353,matched,31.79,61.54,8697.97,15371.86,6673.890000000001,0.767292828096671,76.7292828096671,0.0,0.0,0.0,100.0,0.0,0.0,0.0,100.0,1,2,0,1,0,1,0,2,0.9676177203655243,0.9663215776510882,0.9545795321464539,0.9806559085845947,59.99498090848182,104308.913359375,99.0,cea,MULTI_RES,NONE,NONE,
Baixa_Alfama,B1356,matched,0.0,0.0,0.0,0.0,0.0,,,,,,,,,,,0,0,0,0,0,0,0,0,,,,,148.2585051925316,302635.79715625,243.0,cea,MULTI_RES,NONE,NONE,
Baixa_Alfama,B1357,matched,69.48,116.81,17169.55,27646.21,10476.66,0.610188385834224,61.018838583422394,0.0,0.0,0.0,100.0,0.0,0.0,0.0,100.0,1,2,1,0,1,0,0,2,0.7565403282642365,0.7311357032934723,0.5468549728393555,0.9662256836891174,130.2255326515434,161187.366,217.0,cea,MULTI_RES,NONE,NONE,
Baixa_Alfama,B1358,matched,61.63,118.23,16398.94,25934.23,9535.29,0.5814577039735496,58.14577039735496,0.0,100.0,0.0,0.0,0.0,100.0,0.0,0.0,1,2,0,1,0,1,0,2,0.859737753868103,0.8629165054984783,0.8385964035987854,0.8808791041374207,115.57645672175516,265888.6199375,192.0,cea,MULTI_RES,NONE,NONE,
Baixa_Alfama,B1359,matched,146.26,146.26,37858.58,37913.73,55.150000000001455,0.0014567371517896722,0.1456737151789672,100.0,0.0,0.0,0.0,100.0,0.0,0.0,0.0,0,0,0,0,0,0,0,0,,,,,274.11434291448035,604041.5075000001,450.0,cea,MULTI_RES,NONE,NONE,
Baixa_Alfama,B1360,matched,90.76,173.37,24830.86,41126.21,16295.349999999999,0.6562539517358641,65.62539517358641,0.0,0.0,0.0,100.0,0.0,0.0,0.0,100.0,1,2,0,1,0,1,0,2,0.9628382921218872,0.9707147990153164,0.9276737570762634,0.998002827167511,170.10331020934052,270047.3537734375,277.0,cea,MULTI_RES,NONE,NONE,
Baixa_Alfama,B1362,matched,18.8,35.98,4224.08,7955.5,3731.42,0.883368686199125,88.33686861991251,0.0,0.0,0.0,100.0,0.0,0.0,0.0,100.0,1,2,0,1,0,1,0,2,0.9776011109352112,0.9795183689727732,0.9705260396003723,0.98467618227005,35.24046436880441,51055.198734375,59.0,cea,MULTI_RES,NONE,NONE,
Baixa_Alfama,B1363,matched,77.23,77.23,20455.92,20617.83,161.9100000000035,0.007915068107423352,0.7915068107423352,100.0,0.0,0.0,0.0,100.0,0.0,0.0,0.0,0,0,0,0,0,0,0,0,,,,,135.82283640329263,284529.777875,223.0,cea,MULTI_RES,NONE,NONE,
Baixa_Alfama,B1365,matched,54.28,54.28,14675.94,14672.93,-3.0100000000002183,-0.00020509759511146939,-0.02050975951114694,100.0,0.0,0.0,0.0,100.0,0.0,0.0,0.0,0,0,0,0,0,0,0,0,,,,,95.14822883844417,249920.22525000002,155.0,cea,MULTI_RES,NONE,NONE,
Baixa_Alfama,B1366,matched,91.28,91.28,24631.2,24764.64,133.4399999999987,0.00541751924388575,0.541751924388575,100.0,0.0,0.0,0.0,100.0,0.0,0.0,0.0,0,0,0,0,0,0,0,0,,,,,181.41715215808097,274689.1262890625,299.0,cea,MULTI_RES,NONE,NONE,
Baixa_Alfama,B1367,matched,39.16,39.16,7976.57,7518.93,-457.6399999999994,-0.05737303126531823,-5.737303126531823,100.0,0.0,0.0,0.0,100.0,0.0,0.0,0.0,0,0,0,0,0,0,0,0,,,,,85.92536230922998,122219.90340625,141.0,cea,MULTI_RES,NONE,NONE,
Baixa_Alfama,B1368,matched,44.6,87.9,12070.38,24145.19,12074.81,1.0003670141288012,100.03670141288012,100.0,0.0,0.0,0.0,100.0,0.0,0.0,0.0,1,1,0,0,1,0,0,1,0.541682243347168,0.541682243347168,0.541682243347168,0.541682243347168,83.5200833436666,87466.2419453125,137.0,cea,MULTI_RES,NONE,NONE,
Baixa_Alfama,B1369,matched,44.94,44.94,11889.41,11825.78,-63.6299999999992,-0.005351821494926931,-0.535182149492693,100.0,0.0,0.0,0.0,100.0,0.0,0.0,0.0,0,0,0,0,0,0,0,0,,,,,84.23859026551074,166604.2512890625,140.0,cea,MULTI_RES,NONE,NONE,
Baixa_Alfama,B1374,matched,170.84,323.61,46734.46,75739.59,29005.129999999997,0.6206368919208652,62.06368919208652,55.08760003707939,0.0,44.91239996292064,0.0,58.584344690577936,0.0,41.41565530942205,0.0,1,2,1,0,1,0,0,2,0.5222440361976624,0.5213171922483046,0.513137936592102,0.5313501358032227,316.4436086325046,790622.8760625,517.0,cea,MULTI_RES,NONE,NONE,
Baixa_Alfama,B1375,matched,183.3,352.84,49123.74,63740.08,14616.340000000004,0.2975412702697312,29.75412702697312,0.0,0.0,100.0,0.0,0.0,0.0,100.0,0.0,1,1,0,1,0,0,0,1,0.935419499874115,0.935419499874115,0.935419499874115,0.935419499874115,343.5364191696945,756653.4906718751,565.0,cea,MULTI_RES,NONE,NONE,
Baixa_Alfama,B1376,matched,13.18,13.18,3515.53,3511.92,-3.6100000000001273,-0.0010268721928130685,-0.10268721928130685,100.0,0.0,0.0,0.0,100.0,0.0,0.0,0.0,0,0,0,0,0,0,0,0,,,,,24.70702093929878,46051.2903125,42.0,cea,MULTI_RES,NONE,NONE,
Baixa_Alfama,B1377,matched,73.37,73.37,19976.38,19951.48,-24.900000000001455,-0.0012464720835307225,-0.12464720835307225,100.0,0.0,0.0,0.0,100.0,0.0,0.0,0.0,0,0,0,0,0,0,0,0,,,,,137.51509560967668,302754.0189375,223.0,cea,MULTI_RES,NONE,NONE,
Baixa_Alfama,B1378,matched,19.83,19.83,5121.03,5099.05,-21.979999999999563,-0.004292105299129192,-0.4292105299129192,100.0,0.0,0.0,0.0,100.0,0.0,0.0,0.0,0,0,0,0,0,0,0,0,,,,,37.16241224192401,82687.282,60.0,cea,MULTI_RES,NONE,NONE,
Baixa_Alfama,B1380,matched,49.66,49.66,13538.99,13440.21,-98.78000000000065,-0.007295965208630825,-0.7295965208630825,100.0,0.0,0.0,0.0,100.0,0.0,0.0,0.0,0,0,0,0,0,0,0,0,,,,,93.07455739428653,189232.03346875,154.0,cea,MULTI_RES,NONE,NONE,
Baixa_Alfama,B1381,matched,94.8,171.78,24806.94,44081.74,19274.8,0.7769922449121093,77.69922449121093,58.88584900168809,26.561499505209852,0.0,14.552651493102045,59.25410853861085,26.033658259380992,0.0,14.712233202008143,1,3,0,1,1,1,0,3,0.8116139769554138,0.7133907379929787,0.5132002234458923,0.9783139824867249,177.67953420404933,353835.3543125,295.0,cea,MULTI_RES,NONE,NONE,
Baixa_Alfama,B1382,matched,72.47,137.0,19468.09,33628.02,14159.929999999997,0.727340483837911,72.73404838379109,0.0,0.0,0.0,100.0,0.0,0.0,0.0,100.0,1,2,0,1,0,1,0,2,0.7042526304721832,0.7037395172008922,0.4338911175727844,0.974614143371582,135.81673959263742,318994.1441875,225.0,cea,MULTI_RES,NONE,NONE,
Baixa_Alfama,B1383,matched,78.0,147.62,19548.49,32041.47,12492.98,0.6390764708680823,63.907647086808225,0.0,0.0,0.0,100.0,0.0,0.0,0.0,100.0,1,2,0,1,0,1,0,2,0.8084356784820557,0.7999064604124778,0.7279555201530457,0.8889158368110657,149.08889672159148,270433.960328125,245.0,cea,MULTI_RES,NONE,NONE,
Baixa_Alfama,B1384,matched,23.48,23.48,4929.97,4422.77,-507.1999999999998,-0.1028809505940198,-10.28809505940198,100.0,0.0,0.0,0.0,100.0,0.0,0.0,0.0,0,0,0,0,0,0,0,0,,,,,44.00234443648976,62883.69109375,72.0,cea,MULTI_RES,NONE,NONE,
Baixa_Alfama,B1385,matched,45.18,45.18,11557.6,11516.8,-40.80000000000109,-0.0035301446667129065,-0.35301446667129066,100.0,0.0,0.0,0.0,100.0,0.0,0.0,0.0,0,0,0,0,0,0,0,0,,,,,84.67083508989761,140519.81828125002,137.0,cea,MULTI_RES,NONE,NONE,
Baixa_Alfama,B1386,matched,20.01,20.01,5419.84,5389.39,-30.449999999999818,-0.005618247033122715,-0.5618247033122715,100.0,0.0,0.0,0.0,100.0,0.0,0.0,0.0,0,0,0,0,0,0,0,0,,,,,37.505979226138244,93943.4996875,64.0,cea,MULTI_RES,NONE,NONE,
Baixa_Alfama,B1388,matched,105.26,199.38,28408.1,49223.23,20815.130000000005,0.7327181332084866,73.27181332084865,24.963642746100994,0.0,24.848302492352442,50.18805476154655,26.89866697635735,0.0,23.453047702575976,49.648285321066666,1,3,1,1,1,0,0,3,0.806951105594635,0.8339513934077245,0.7321764826774597,0.9136554598808289,197.28104089565664,438373.817734375,324.0,cea,MULTI_RES,NONE,NONE,
Baixa_Alfama,B1389,matched,74.64,142.87,20304.48,31848.37,11543.89,0.5685390613303074,56.85390613303074,0.0,100.0,0.0,0.0,0.0,100.0,0.0,0.0,1,2,0,1,0,1,0,2,0.6771257817745209,0.6772445643659757,0.5880364179611206,0.7662151455879211,139.9224693341569,225353.22534375,232.0,cea,MULTI_RES,NONE,NONE,
Baixa_Alfama,B1391,matched,89.69,175.64,21521.81,31457.56,9935.75,0.46165959089872083,46.16595908987208,0.0,0.0,49.863356866317474,50.13664313368253,0.0,0.0,46.24646838517399,53.75353161482601,1,3,1,1,0,1,0,3,0.7678128878275553,0.6869455489438815,0.4515424370765686,0.9340641498565674,169.23506055767066,338338.4982265625,279.0,cea,MULTI_RES,NONE,NONE,
Baixa_Alfama,B1392,matched,171.75,171.75,45053.09,43784.09,-1269.0,-0.028166769471305964,-2.8166769471305964,100.0,0.0,0.0,0.0,100.0,0.0,0.0,0.0,0,0,0,0,0,0,0,0,,,,,337.46347624382474,752045.31971875,558.0,cea,MULTI_RES,NONE,NONE,
Baixa_Alfama,B1393,matched,49.46,94.24,13287.1,22876.56,9589.460000000001,0.721712036486517,72.1712036486517,33.276740237690994,0.0,7.438455008488962,59.28480475382003,36.47034449023956,0.0,6.7950559314989,56.73459957826154,1,3,1,0,1,1,0,3,0.6670647859573364,0.7380292145000978,0.5085281729698181,0.7826330661773682,92.66160445436866,129270.40071875,151.0,cea,MULTI_RES,NONE,NONE,
Baixa_Alfama,B1394,matched,159.38,159.38,37805.21,37816.59,11.37999999999738,0.0003010167117177072,0.03010167117177072,100.0,0.0,0.0,0.0,100.0,0.0,0.0,0.0,0,0,0,0,0,0,0,0,,,,,304.7140594747482,615521.897140625,502.0,cea,MULTI_RES,NONE,NONE,
Baixa_Alfama,B1396,matched,203.88,399.89,53477.37,87830.79,34353.41999999999,0.6423917256963083,64.23917256963082,22.578144536134037,44.016004001000255,33.40585146286572,0.0,21.82057646080258,47.62529324745323,30.554130291744208,0.0,1,4,1,1,1,1,0,4,0.6416901797056198,0.6765207511563077,0.5290056467056274,0.9050619006156921,387.561973354758,915170.92128125,638.0,cea,MULTI_RES,NONE,NONE,
Baixa_Alfama,B1399,matched,43.18,43.18,11429.65,11264.81,-164.84000000000015,-0.014422138910640321,-1.442213891064032,100.0,0.0,0.0,0.0,100.0,0.0,0.0,0.0,0,0,0,0,0,0,0,0,,,,,80.93223005229522,204060.48981250002,134.0,cea,MULTI_RES,NONE,NONE,
Baixa_Alfama,B1401,matched,29.19,55.93,7867.49,10868.84,3001.3500000000004,0.3814876154910906,38.14876154910906,0.0,50.22349365278026,49.77650634721974,0.0,0.0,52.43565541161344,47.564344588386575,0.0,1,3,1,1,0,1,0,3,0.5576568245887756,0.5780818182949308,0.4331098198890686,0.6356754302978516,54.70638682057208,99457.80234375001,89.0,cea,SINGLE_RES,NONE,NONE,
Baixa_Alfama,B1402,matched,32.3,46.93,8833.34,9678.76,845.4200000000001,0.09570785229596054,9.570785229596055,32.878755593437035,32.686980609418285,34.43426379714469,0.0,35.51768383381849,31.098596596672966,33.38371956950856,0.0,1,3,0,1,0,1,1,3,0.5365462601184845,0.5221511020483722,0.4630223214626312,0.6696513295173645,60.52248427754962,98299.178125,100.0,cea,MULTI_RES,NONE,NONE,
Baixa_Alfama,B1404,matched,73.87,140.85,18796.13,29948.52,11152.39,0.5933343725543502,59.333437255435015,0.0,100.0,0.0,0.0,0.0,100.0,0.0,0.0,1,2,0,1,0,1,0,2,0.7271058559417725,0.7191271013336427,0.5861281752586365,0.8680835366249084,138.44070226749804,307612.3825,222.0,cea,MULTI_RES,NONE,NONE,
Baixa_Alfama,B1405,matched,68.85,68.85,18470.33,18372.7,-97.63000000000102,-0.005285774536784184,-0.5285774536784184,100.0,0.0,0.0,0.0,100.0,0.0,0.0,0.0,0,0,0,0,0,0,0,0,,,,,129.02823590383264,299670.737,211.0,cea,MULTI_RES,NONE,NONE,
Baixa_Alfama,B1406,matched,15.53,15.53,4177.78,4164.93,-12.849999999999454,-0.0030757962362784673,-0.30757962362784674,100.0,0.0,0.0,0.0,100.0,0.0,0.0,0.0,0,0,0,0,0,0,0,0,,,,,29.109358191762837,86598.45175000001,52.0,cea,MULTI_RES,NONE,NONE,
Baixa_Alfama,B1407,matched,38.79,38.79,10145.97,10163.57,17.600000000000364,0.0017346788922104406,0.17346788922104406,100.0,0.0,0.0,0.0,100.0,0.0,0.0,0.0,0,0,0,0,0,0,0,0,,,,,72.70144907945385,145685.71221875,120.0,cea,MULTI_RES,NONE,NONE,
Baixa_Alfama,B1410,matched,22.47,22.47,5132.69,5144.89,12.200000000000728,0.00237692126350914,0.237692126350914,100.0,0.0,0.0,0.0,100.0,0.0,0.0,0.0,0,0,0,0,0,0,0,0,,,,,45.36016782700087,111621.1913125,76.0,cea,MULTI_RES,NONE,NONE,
Baixa_Alfama,B1412,matched,29.74,57.06,8143.29,13926.43,5783.14,0.7101724241676276,71.01724241676276,50.09640666082383,49.90359333917616,0.0,0.0,54.536582198672825,45.463417801327175,0.0,0.0,1,2,0,1,1,0,0,2,0.7664218544960022,0.7666572256689468,0.651729166507721,0.8811145424842834,55.73993333718526,89693.81325,92.0,cea,MULTI_RES,NONE,NONE,
Baixa_Alfama,B1413,matched,28.18,54.01,7494.84,11413.26,3918.42,0.5228156971996734,52.28156971996734,0.0,100.0,0.0,0.0,0.0,100.0,0.0,0.0,1,2,1,0,1,0,0,2,0.738642543554306,0.7499966768081618,0.6293169260025024,0.8479681611061096,52.81525742507513,104356.14978125,87.0,cea,SINGLE_RES,NONE,NONE,
Baixa_Alfama,B1416,matched,23.27,23.27,5905.49,5125.25,-780.2399999999998,-0.13212112796736591,-13.21211279673659,100.0,0.0,0.0,0.0,100.0,0.0,0.0,0.0,0,0,0,0,0,0,0,0,,,,,43.62468501724195,59475.17615625,74.0,cea,MULTI_RES,NONE,NONE,
Baixa_Alfama,B1417,matched,28.4,28.4,7745.41,7726.9,-18.51000000000022,-0.002389802476563567,-0.23898024765635673,100.0,0.0,0.0,0.0,100.0,0.0,0.0,0.0,0,0,0,0,0,0,0,0,,,,,53.23547549212725,86483.1834375,78.0,cea,MULTI_RES,NONE,NONE,
Baixa_Alfama,B1418,matched,27.87,53.87,7590.86,11446.75,3855.8900000000003,0.5079648419283191,50.79648419283191,0.0,50.0,50.000000000000014,0.0,0.0,54.43683950905258,45.56316049094741,0.0,1,2,1,0,0,1,0,2,0.7996345162391663,0.7996499685646247,0.774259090423584,0.8250099420547485,52.24061679230519,117129.094,85.0,cea,MULTI_RES,NONE,NONE,
Baixa_Alfama,B1419,matched,44.65,64.96,12196.88,14266.31,2069.4300000000003,0.16966880054571337,16.966880054571337,34.364896073903,0.0,65.63510392609699,0.0,36.92126314382417,0.0,63.078736856175844,0.0,1,2,1,0,0,0,1,2,0.4528728872537613,0.45246231325672054,0.4090409278869629,0.4967048466205597,83.68226517574499,111789.01803125,140.0,cea,MULTI_RES,NONE,NONE,
Baixa_Alfama,B1421,matched,27.8,53.03,6959.23,12344.42,5385.1900000000005,0.7738198047772528,77.38198047772528,49.99057137469357,0.0,50.00942862530643,0.0,54.064687233095775,0.0,45.93531276690421,0.0,1,2,1,0,1,0,0,2,0.7946381866931915,0.7946446588834185,0.7652471661567688,0.8240292072296143,52.10129512316392,96368.4249375,86.0,cea,MULTI_RES,NONE,NONE,
Baixa_Alfama,B1422,matched,63.4,123.58,16428.18,26683.91,10255.73,0.6242767001578994,62.427670015789936,0.0,100.0,0.0,0.0,0.0,100.0,0.0,0.0,1,2,0,1,0,1,0,2,0.9511796534061432,0.9512117626105809,0.9336279630661011,0.9687313437461853,119.82692898083009,205857.736734375,198.0,cea,MULTI_RES,NONE,NONE,
Baixa_Alfama,B1423,matched,24.05,24.05,5602.43,5629.11,26.67999999999938,0.004762219251289062,0.4762219251289062,100.0,0.0,0.0,0.0,100.0,0.0,0.0,0.0,0,0,0,0,0,0,0,0,,,,,44.84113654109641,109445.876125,74.0,cea,MULTI_RES,NONE,NONE,
Baixa_Alfama,B1425,matched,27.98,54.18,6856.51,11308.81,4452.299999999999,0.649353679933377,64.9353679933377,49.94462901439646,0.0,50.055370985603545,0.0,58.386916506423006,0.0,41.613083493577,0.0,1,2,1,0,1,0,0,2,0.9963487088680267,0.9963481718184001,0.9958588480949402,0.9968385696411133,52.44387371835448,75683.99203125,82.0,cea,MULTI_RES,NONE,NONE,
Baixa_Alfama,B1430,matched,83.04,159.18,22707.62,36901.82,14194.2,0.6250853237811801,62.50853237811801,36.15631086259973,0.0,63.84368913740025,0.0,41.32287477915691,0.0,58.67712522084309,0.0,1,2,1,0,1,0,0,2,0.8914680480957031,0.9094331682523973,0.8265831470489502,0.956352949142456,155.62573304069087,247973.433359375,257.0,cea,MULTI_RES,NONE,NONE,
Baixa_Alfama,B1431,matched,46.94,46.94,11205.48,10940.91,-264.5699999999997,-0.023610769016588287,-2.3610769016588287,100.0,0.0,0.0,0.0,100.0,0.0,0.0,0.0,0,0,0,0,0,0,0,0,,,,,87.96662041248828,214907.6620625,145.0,cea,MULTI_RES,NONE,NONE,
Baixa_Alfama,B1432,matched,36.59,36.59,8960.77,9041.28,80.51000000000022,0.008984718947144076,0.8984718947144076,100.0,0.0,0.0,0.0,100.0,0.0,0.0,0.0,0,0,0,0,0,0,0,0,,,,,68.5753504438855,145937.7459375,113.0,cea,MULTI_RES,NONE,NONE,
Baixa_Alfama,B1433,matched,39.6,76.0,10747.0,14727.74,3980.74,0.37040476412021955,37.04047641202195,0.0,47.44045269114357,52.55954730885644,0.0,0.0,49.147159548245476,50.85284045175453,0.0,1,2,1,1,0,0,0,2,0.7521518170833588,0.7535123517517761,0.7255021333694458,0.7788015007972717,74.20928423073632,105040.7081875,122.0,cea,MULTI_RES,NONE,NONE,
Baixa_Alfama,B1435,matched,29.9,56.62,7944.01,13855.35,5911.34,0.7441254479790433,74.41254479790433,50.78580257813879,49.21419742186121,0.0,0.0,52.635260242911045,47.36473975708895,0.0,0.0,1,3,0,1,1,1,0,3,0.7993375857671102,0.8189725480749775,0.632212221622467,0.8896175622940063,56.06979913539346,130893.1866875,93.0,cea,SINGLE_RES,NONE,NONE,
Baixa_Alfama,B1437,matched,29.46,29.46,7906.49,7024.0,-882.4899999999998,-0.11161590035527773,-11.161590035527773,100.0,0.0,0.0,0.0,100.0,0.0,0.0,0.0,0,0,0,0,0,0,0,0,,,,,61.94845322126995,99836.11515625,101.0,cea,MULTI_RES,NONE,NONE,
Baixa_Alfama,B1438,matched,27.65,47.99,6781.48,11371.08,4589.6,0.676784418740452,67.6784418740452,32.88870362651105,54.02250937890789,13.088786994581078,0.0,34.96259410394126,54.176623292346584,10.860782603712147,0.0,1,3,1,0,1,1,0,3,0.6949639519055685,0.641565157330565,0.6076067686080933,0.8479681611061096,54.18373263167783,114885.68378125,89.0,cea,SINGLE_RES,NONE,NONE,
Baixa_Alfama,B1439,matched,43.33,83.7,10428.67,15951.4,5522.73,0.5295718437729835,52.95718437729835,0.0,100.0,0.0,0.0,0.0,100.0,0.0,0.0,1,2,0,1,0,1,0,2,0.944401353597641,0.9444466782084823,0.9050814509391785,0.9837212562561035,81.21206518988458,140849.0220625,130.0,cea,MULTI_RES,NONE,NONE,
Baixa_Alfama,B1440,matched,43.53,43.53,11674.34,11751.86,77.52000000000044,0.0066402040714935865,0.6640204071493586,100.0,0.0,0.0,0.0,100.0,0.0,0.0,0.0,0,0,0,0,0,0,0,0,,,,,81.612951393092,180507.6721875,134.0,cea,MULTI_RES,NONE,NONE,
Baixa_Alfama,B1444,matched,49.71,93.81,11331.88,21164.2,9832.320000000002,0.8676689128370582,86.76689128370582,100.0,0.0,0.0,0.0,100.0,0.0,0.0,0.0,1,1,0,0,1,0,0,1,0.8758294582366943,0.8758294582366942,0.8758294582366943,0.8758294582366943,91.71872973760505,161761.903390625,152.0,cea,MULTI_RES,NONE,NONE,
Baixa_Alfama,B1445,matched,64.12,64.05,15986.44,14519.05,-1467.3900000000012,-0.09178966674256439,-9.17896667425644,100.0,0.0,0.0,0.0,100.0,0.0,0.0,0.0,0,0,0,0,0,0,0,0,,,,,121.35175280054649,128677.22640625,200.0,cea,MULTI_RES,NONE,NONE,
Baixa_Alfama,B1447,matched,267.99,267.99,73552.54,73042.35,-510.1899999999878,-0.006936402196307399,-0.6936402196307399,100.0,0.0,0.0,0.0,100.0,0.0,0.0,0.0,0,0,0,0,0,0,0,0,,,,,502.01566395985924,1023637.0824375,828.0,cea,MULTI_RES,NONE,NONE,
Baixa_Alfama,B1448,matched,192.29,385.72,51150.98,98671.63,47520.65,0.9290271662439312,92.90271662439312,21.815777875716186,23.726440774635112,0.0,54.45778134964874,22.25553885165536,20.17224938373612,0.0,57.57221176460854,1,3,0,1,1,1,0,3,0.6410089035828909,0.5822518083795082,0.4477509558200836,0.8678714036941528,376.1673702993496,805939.7576875,616.0,cea,MULTI_RES,NONE,NONE,
Baixa_Alfama,B1450,matched,125.06,125.06,33682.98,33736.9,53.919999999998254,0.001600808479534716,0.1600808479534716,100.0,0.0,0.0,0.0,100.0,0.0,0.0,0.0,0,0,0,0,0,0,0,0,,,,,257.89359339218,470002.09928125003,423.0,cea,MULTI_RES,NONE,NONE,
Baixa_Alfama,B1452,matched,113.62,113.62,30621.46,30361.02,-260.4399999999987,-0.00850514639079909,-0.8505146390799089,100.0,0.0,0.0,0.0,100.0,0.0,0.0,0.0,0,0,0,0,0,0,0,0,,,,,213.3456707165956,411864.6058125,350.0,cea,MULTI_RES,NONE,NONE,
Baixa_Alfama,B1453,matched,112.37,215.41,30899.49,48057.32,17157.829999999998,0.5552787440828311,55.527874408283104,0.0,100.0,0.0,0.0,0.0,100.0,0.0,0.0,1,2,0,1,0,1,0,2,0.8728969097137451,0.8747343960943521,0.8472108840942383,0.898582935333252,210.60053814801327,454246.6190625,348.0,cea,MULTI_RES,NONE,NONE,
Baixa_Alfama,B1454,matched,25.38,25.38,6611.84,6741.32,129.47999999999956,0.019583051011518665,1.9583051011518666,100.0,0.0,0.0,0.0,100.0,0.0,0.0,0.0,0,0,0,0,0,0,0,0,,,,,47.786507633777454,106806.378625,80.0,cea,MULTI_RES,NONE,NONE,
Baixa_Alfama,B1455,matched,0.0,59.75,0.0,9854.12,9854.12,,,68.91009542943245,0.0,31.089904570567562,0.0,75.26445009011475,0.0,24.73554990988526,0.0,1,2,1,0,1,0,0,2,0.7946381866931915,0.7842161117445118,0.7652471661567688,0.8240292072296143,59.79512861252907,119097.82693750001,100.0,cea,MULTI_RES,NONE,NONE,
Baixa_Alfama,B1456,matched,73.7,114.9,19303.1,29438.73,10135.630000000001,0.5250778372385784,52.507783723857834,100.0,0.0,0.0,0.0,100.0,0.0,0.0,0.0,1,2,0,0,1,0,1,2,0.8463679254055023,0.8203449441437132,0.7453222870826721,0.9474135637283325,138.141631477249,263955.78975,226.0,cea,MULTI_RES,NONE,NONE,
Baixa_Alfama,B1457,matched,129.1,129.1,34149.29,33602.22,-547.0699999999997,-0.016019952391396707,-1.6019952391396708,100.0,0.0,0.0,0.0,100.0,0.0,0.0,0.0,0,0,0,0,0,0,0,0,,,,,241.96238601829154,507543.405109375,401.0,cea,MULTI_RES,NONE,NONE,
Baixa_Alfama,B1458,matched,78.6,151.0,15934.78,29063.17,13128.389999999998,0.8238827269657941,82.3882726965794,34.086092715231786,37.15894039735099,28.754966887417215,0.0,33.25582861975514,39.64898232199975,27.09518905824512,0.0,1,3,1,1,1,0,0,3,0.6162619193394979,0.6151740525290363,0.572974443435669,0.6640662550926208,148.03425217319918,282173.342921875,244.0,cea,MULTI_RES,NONE,NONE,
Baixa_Alfama,B1459,matched,362.24,684.47,96963.21,166622.67,69659.46,0.7184112407169688,71.84112407169688,0.0,0.0,0.0,100.0,0.0,0.0,0.0,100.0,1,2,1,0,1,0,0,2,0.7076378464698792,0.7404665263107009,0.5145917534828186,0.9006839394569397,689.433382651605,1706028.3249375,1140.0,cea,MULTI_RES,NONE,NONE,
Baixa_Alfama,B1460,matched,52.99,52.99,13682.31,13216.37,-465.9399999999987,-0.03405419114170039,-3.4054191141700394,100.0,0.0,0.0,0.0,100.0,0.0,0.0,0.0,0,0,0,0,0,0,0,0,,,,,100.15638300952166,199881.50634375,161.0,cea,MULTI_RES,NONE,NONE,
Baixa_Alfama,B1461,matched,391.11,391.11,105260.16,105274.47,14.309999999997672,0.00013594887182384743,0.013594887182384743,100.0,0.0,0.0,0.0,100.0,0.0,0.0,0.0,0,0,0,0,0,0,0,0,,,,,737.4431126566221,1570117.0503125,1222.0,cea,MULTI_RES,NONE,NONE,
Baixa_Alfama,B1464,matched,35.27,68.16,9507.11,15734.46,6227.3499999999985,0.6550202953368582,65.50202953368583,0.0,100.0,0.0,0.0,0.0,100.0,0.0,0.0,1,2,0,1,0,1,0,2,0.9515371024608612,0.9439131866966873,0.9264994859695435,0.976574718952179,66.10055777419404,72159.7699453125,108.0,cea,MULTI_RES,NONE,NONE,
Baixa_Alfama,B1465,matched,33.88,33.88,8231.37,7377.2,-854.170000000001,-0.10377008930469665,-10.377008930469666,100.0,0.0,0.0,0.0,100.0,0.0,0.0,0.0,0,0,0,0,0,0,0,0,,,,,63.501870646988834,112897.40671875,102.0,cea,MULTI_RES,NONE,NONE,
Baixa_Alfama,B1469,matched,35.15,67.3,9466.97,17027.77,7560.800000000001,0.7986504657773291,79.86504657773291,49.09361069836553,50.90638930163447,0.0,0.0,52.43472565200014,47.56527434799985,0.0,0.0,1,3,0,1,1,1,0,3,0.8059406479199728,0.7510289618019934,0.576049268245697,0.9399406313896179,65.88506362114968,146919.161921875,109.0,cea,MULTI_RES,NONE,NONE,
Baixa_Alfama,B1470,matched,38.28,38.28,8267.88,8215.06,-52.81999999999971,-0.006388578450582219,-0.6388578450582219,100.0,0.0,0.0,0.0,100.0,0.0,0.0,0.0,0,0,0,0,0,0,0,0,,,,,71.73843343635401,171097.41175,118.0,cea,MULTI_RES,NONE,NONE,
Baixa_Alfama,B1472,matched,38.98,74.57,10549.94,18693.33,8143.390000000001,0.7718896979508889,77.1889697950889,52.40075107296139,47.59924892703864,0.0,0.0,54.776201630999786,45.22379836900024,0.0,0.0,1,3,0,1,1,1,0,3,0.8059406479199728,0.7403178737380309,0.576049268245697,0.9399406313896179,73.05129969152695,155254.64153125,121.0,cea,MULTI_RES,NONE,NONE,
Baixa_Alfama,B1477,matched,30.8,30.8,8160.89,8072.65,-88.24000000000069,-0.010812546180624992,-1.0812546180624991,100.0,0.0,0.0,0.0,100.0,0.0,0.0,0.0,0,0,0,0,0,0,0,0,,,,,57.395167809729294,163226.6155,97.0,cea,MULTI_RES,NONE,NONE,
Baixa_Alfama,B1478,matched,89.52,160.34,23878.07,35399.69,11521.620000000003,0.48251889704653694,48.25188970465369,0.0,0.0,44.7992017959591,55.200798204040915,0.0,0.0,42.04965568294688,57.95034431705312,1,2,0,1,0,1,0,2,0.8294869959354401,0.8379418294123078,0.6676384210586548,0.9913355708122253,165.40570523954696,350006.001390625,277.0,cea,MULTI_RES,NONE,NONE,
Baixa_Alfama,B1479,matched,56.17,107.13,15122.89,25836.56,10713.670000000002,0.7084406485797359,70.84406485797359,50.07466865783088,0.0,49.92533134216913,0.0,54.75411454540065,0.0,45.24588545459934,0.0,1,2,1,0,1,0,0,2,0.9823811054229736,0.9823615917365228,0.9696879982948303,0.9950742125511169,104.79169974287721,185683.71571875,174.0,cea,MULTI_RES,NONE,NONE,
Baixa_Alfama,B1483,matched,10.07,10.07,2695.53,2646.91,-48.620000000000346,-0.01803726910848714,-1.8037269108487142,100.0,0.0,0.0,0.0,100.0,0.0,0.0,0.0,0,0,0,0,0,0,0,0,,,,,18.863959632855376,35838.8923125,31.0,cea,MULTI_RES,NONE,NONE,
Baixa_Alfama,B1484,matched,48.82,96.95,13353.37,21765.2,8411.83,0.6299406067532016,62.99406067532016,0.0,100.0,0.0,0.0,0.0,100.0,0.0,0.0,1,2,0,1,0,1,0,2,0.8680663108825684,0.8691008320320691,0.7513346076011658,0.984798014163971,94.57463652301354,232854.63825000002,155.0,cea,MULTI_RES,NONE,NONE,
Baixa_Alfama,B1485,matched,59.01,114.97,16112.33,25162.73,9050.4,0.5617064695174441,56.17064695174441,29.558107167710507,46.65970772442589,23.782185107863608,0.0,34.581520175619,44.161343895862544,21.257135928518466,0.0,1,3,1,1,1,0,0,3,0.7581039369106293,0.7928021592144117,0.4903314411640167,0.917693018913269,112.51853560381275,269977.6751875,184.0,cea,MULTI_RES,NONE,NONE,
Baixa_Alfama,B1486,matched,41.53,59.99,8083.49,9499.87,1416.380000000001,0.17521887204660377,17.521887204660377,0.0,0.0,29.743247749249758,70.25675225075025,0.0,0.0,24.584483629634267,75.41551637036572,1,2,1,0,0,1,0,2,0.6876293122768402,0.6926199955379574,0.536623477935791,0.8386351466178894,85.54236384316215,124054.2716875,141.0,cea,MULTI_RES,NONE,NONE,
Baixa_Alfama,B1488,matched,57.16,57.16,15438.63,14657.52,-781.1099999999988,-0.05059451518690446,-5.059451518690445,100.0,0.0,0.0,0.0,100.0,0.0,0.0,0.0,0,0,0,0,0,0,0,0,,,,,136.73765468273288,301605.5010625,223.0,cea,MULTI_RES,NONE,NONE,
Baixa_Alfama,B1489,matched,19.38,29.55,4759.42,6863.19,2103.7699999999995,0.4420223472608006,44.20223472608006,53.21380243572394,46.78619756427605,0.0,0.0,54.33215192619566,45.66784807380435,0.0,0.0,1,2,0,0,1,1,0,2,0.9473492801189423,0.9372459114985118,0.901417076587677,0.9932814836502075,39.462650121322554,97724.5746875,69.0,cea,MULTI_RES,NONE,NONE,
Baixa_Alfama,B1490,matched,22.15,22.15,5235.87,5195.89,-39.97999999999956,-0.00763578927666263,-0.763578927666263,100.0,0.0,0.0,0.0,100.0,0.0,0.0,0.0,0,0,0,0,0,0,0,0,,,,,41.508038670916946,56399.876625000004,64.0,cea,MULTI_RES,NONE,NONE,
Baixa_Alfama,B1491,matched,11.8,11.8,3078.33,3044.41,-33.92000000000007,-0.011018961579817653,-1.1018961579817652,100.0,0.0,0.0,0.0,100.0,0.0,0.0,0.0,0,0,0,0,0,0,0,0,,,,,22.11878819236061,27410.76790625,36.0,cea,MULTI_RES,NONE,NONE,
Baixa_Alfama,B1492,matched,26.54,50.72,4676.29,8077.58,3401.29,0.7273479617388998,72.73479617388998,0.0,0.0,100.0,0.0,0.0,0.0,100.0,0.0,1,1,1,0,0,0,0,1,0.6598636507987976,0.6598636507987976,0.6598636507987976,0.6598636507987976,49.73487053976552,62511.865218750005,81.0,cea,MULTI_RES,NONE,NONE,
Baixa_Alfama,B1493,matched,48.89,83.45,11479.29,17417.22,5937.93,0.5172732808387975,51.727328083879755,16.59676452965848,0.0,25.404433792690234,57.99880167765128,17.001022582826,0.0,21.886524935161404,61.11245248201259,1,3,1,1,1,0,0,3,0.7528502841790518,0.6575680267437903,0.4027056396007538,0.9397204518318176,91.99070392490779,204812.07775,152.0,cea,MULTI_RES,NONE,NONE,
Baixa_Alfama,B1494,matched,18.93,36.52,5082.59,6520.94,1438.3499999999995,0.28299548065061303,28.299548065061302,0.0,0.0,100.0,0.0,0.0,0.0,100.0,0.0,1,1,1,0,0,0,0,1,0.8285771608352661,0.8285771608352661,0.8285771608352661,0.8285771608352661,35.48437552079337,60455.5545625,58.0,cea,MULTI_RES,NONE,NONE,
Baixa_Alfama,B1495,matched,47.1,90.16,12745.35,21269.38,8524.03,0.668795286123959,66.8795286123959,54.3538546866334,0.0,45.64614531336662,0.0,58.4115747309371,0.0,41.58842526906291,0.0,1,2,1,0,1,0,0,2,0.5890971571207047,0.5787166241912332,0.4699007570743561,0.7082935571670532,88.63043404946694,223914.77740625,146.0,cea,MULTI_RES,NONE,NONE,
Baixa_Alfama,B1496,matched,64.7,120.38,15235.34,20795.05,5559.709999999999,0.36492195120030135,36.49219512003013,0.0,0.0,100.0,0.0,0.0,0.0,100.0,0.0,1,1,1,0,0,0,0,1,0.961782693862915,0.961782693862915,0.961782693862915,0.961782693862915,119.98633984811057,217679.87490625,201.0,cea,MULTI_RES,NONE,NONE,
Baixa_Alfama,B1497,matched,21.59,21.59,5492.95,5497.62,4.670000000000073,0.000850180686152263,0.0850180686152263,100.0,0.0,0.0,0.0,100.0,0.0,0.0,0.0,0,0,0,0,0,0,0,0,,,,,40.46005694139354,68900.1285234375,69.0,cea,MULTI_RES,NONE,NONE,
Baixa_Alfama,B1499,matched,36.69,68.26,9732.79,14724.0,4991.209999999999,0.5128241747741397,51.282417477413965,43.633699633699635,0.0,56.36630036630036,0.0,45.12320332672819,0.0,54.87679667327182,0.0,1,2,1,0,1,0,0,2,0.8633829951286316,0.8791197370510847,0.7399724125862122,0.986793577671051,67.11593733320831,98093.461140625,109.0,cea,MULTI_RES,NONE,NONE,
Baixa_Alfama,B1500,matched,19.56,37.43,3571.37,5375.63,1804.2600000000002,0.505201085297799,50.5201085297799,23.837520042757887,53.90165686798505,22.260823089257084,0.0,22.261810373452494,58.650187701422176,19.088001925125322,0.0,1,3,1,1,1,0,0,3,0.6200781663258871,0.5576375799187944,0.4311152994632721,0.9757903218269348,36.66320647100682,64293.549640625,59.0,cea,MULTI_RES,NONE,NONE,
Baixa_Alfama,B1501,matched,117.86,117.86,29801.73,29826.62,24.889999999999418,0.0008351864136746229,0.08351864136746229,100.0,0.0,0.0,0.0,100.0,0.0,0.0,0.0,0,0,0,0,0,0,0,0,,,,,227.9392020120017,554967.92990625,376.0,cea,MULTI_RES,NONE,NONE,
Baixa_Alfama,B1502,matched,67.76,122.86,18491.22,30402.57,11911.349999999999,0.6441624727843808,64.41624727843808,13.557942708333334,0.0,27.221679687500007,59.22037760416667,14.95593896350948,0.0,24.28807302462018,60.75598801187034,1,3,1,1,1,0,0,3,0.7409215768178304,0.6282783187858099,0.4117499589920044,0.9204102754592896,127.40034975164704,276579.64325,210.0,cea,MULTI_RES,NONE,NONE,
Baixa_Alfama,B1503,matched,23.5,15.33,4102.28,3049.05,-1053.2299999999996,-0.25674259192449067,-25.674259192449068,100.0,0.0,0.0,0.0,100.0,0.0,0.0,0.0,0,0,0,0,0,0,0,0,,,,,44.035874690097806,84524.9741875,73.0,cea,MULTI_RES,NONE,NONE,
Baixa_Alfama,B1505,matched,14.81,14.81,3224.67,3111.91,-112.76000000000022,-0.034967919197933496,-3.4967919197933495,100.0,0.0,0.0,0.0,100.0,0.0,0.0,0.0,0,0,0,0,0,0,0,0,,,,,27.74908451634266,62170.64125,46.0,cea,MULTI_RES,NONE,NONE,
Baixa_Alfama,B1506,matched,18.41,35.51,4990.69,7477.11,2486.42,0.4982116701297817,49.821167012978165,0.0,0.0,0.0,100.0,0.0,0.0,0.0,100.0,1,1,1,0,0,0,0,1,0.8285771608352661,0.8285771608352661,0.8285771608352661,0.8285771608352661,34.505845477055956,77527.671875,56.0,cea,MULTI_RES,NONE,NONE,
Baixa_Alfama,B1507,matched,66.62,125.15,18065.49,24767.19,6701.699999999997,0.3709669651916442,37.09669651916442,0.0,0.0,100.0,0.0,0.0,0.0,100.0,0.0,1,1,1,0,0,0,0,1,0.9188553094863892,0.9188553094863892,0.9188553094863892,0.9188553094863892,123.29118203926933,224860.304140625,202.0,cea,MULTI_RES,NONE,NONE,
Baixa_Alfama,B1508,matched,36.17,70.22,9066.48,15758.3,6691.82,0.7380835781913158,73.80835781913157,0.0,0.0,0.0,100.0,0.0,0.0,0.0,100.0,1,2,0,1,0,1,0,2,0.9763068854808807,0.974269615089248,0.9550217986106873,0.9975919723510742,70.11153973770148,125928.1343125,116.0,cea,MULTI_RES,NONE,NONE,
Baixa_Alfama,B1509,matched,103.6,203.41,27345.65,54675.78,27330.129999999997,0.9994324508651283,99.94324508651283,0.0,0.0,0.0,100.0,0.0,0.0,0.0,100.0,1,1,0,1,0,0,0,1,0.9864392280578613,0.9864392280578613,0.9864392280578613,0.9864392280578613,196.16360932744345,410540.4769375,323.0,cea,MULTI_RES,NONE,NONE,
Baixa_Alfama,B1510,matched,20.57,39.25,4579.64,6427.23,1847.5899999999992,0.4034356412294414,40.343564122944144,0.0,24.88537952114111,51.120733571064704,23.99388690779419,0.0,28.670006118347168,45.81078106815925,25.519212813493574,1,3,1,1,0,1,0,3,0.7904849052429199,0.716485740702766,0.5141909718513489,0.9574254155158997,38.553462431802345,56359.09659375,63.0,cea,MULTI_RES,NONE,NONE,
Baixa_Alfama,B1511,matched,40.87,40.87,10385.47,10185.94,-199.52999999999884,-0.019212418889082424,-1.9212418889082423,100.0,0.0,0.0,0.0,100.0,0.0,0.0,0.0,0,0,0,0,0,0,0,0,,,,,76.59777291078167,169344.73675,125.0,cea,MULTI_RES,NONE,NONE,
Baixa_Alfama,B1512,matched,13.88,13.88,2914.42,2377.99,-536.4300000000003,-0.18406063642165518,-18.406063642165517,100.0,0.0,0.0,0.0,100.0,0.0,0.0,0.0,0,0,0,0,0,0,0,0,,,,,53.87431625436193,124644.199375,89.0,cea,MULTI_RES,NONE,NONE,
Baixa_Alfama,B1513,matched,21.38,21.38,5126.88,4687.2,-439.6800000000003,-0.08575976032206728,-8.575976032206729,100.0,0.0,0.0,0.0,100.0,0.0,0.0,0.0,0,0,0,0,0,0,0,0,,,,,43.48474474806923,73836.36775,73.0,cea,MULTI_RES,NONE,NONE,
Baixa_Alfama,B1514,matched,47.06,85.42,12521.64,20852.04,8330.400000000001,0.6652802668021124,66.52802668021124,26.39344262295082,0.0,21.194379391100707,52.412177985948496,29.405627324098283,0.0,18.07480837092508,52.519564304976655,1,3,1,1,1,0,0,3,0.7984911600748698,0.6973674856515397,0.4055168032646179,0.9972255229949951,88.22330324199257,225819.594625,146.0,cea,MULTI_RES,NONE,NONE,
Baixa_Alfama,B1515,matched,24.56,46.52,6366.49,9833.65,3467.16,0.5445952165164792,54.459521651647925,48.82871265849989,0.0,51.17128734150012,0.0,51.65109742750191,0.0,48.34890257249812,0.0,1,2,1,0,1,0,0,2,0.8458646535873413,0.849153694935179,0.7045717835426331,0.9871575236320496,46.026227748999496,78121.25403125,75.0,cea,MULTI_RES,NONE,NONE,
Baixa_Alfama,B1516,matched,19.71,19.71,5073.14,4794.63,-278.5100000000002,-0.054898938330107235,-5.489893833010724,100.0,0.0,0.0,0.0,100.0,0.0,0.0,0.0,0,0,0,0,0,0,0,0,,,,,36.94543898368294,97107.717125,57.0,cea,MULTI_RES,NONE,NONE,
Baixa_Alfama,B1517,matched,22.0,22.0,5996.63,5914.93,-81.69999999999982,-0.013624318992500757,-1.3624318992500757,100.0,0.0,0.0,0.0,100.0,0.0,0.0,0.0,0,0,0,0,0,0,0,0,,,,,41.23130122890877,59110.596218750004,69.0,cea,MULTI_RES,NONE,NONE,
Baixa_Alfama,B1518,matched,52.78,101.56,13759.27,23917.11,10157.84,0.7382542823856207,73.82542823856207,0.0,0.0,0.0,100.0,0.0,0.0,0.0,100.0,1,2,1,0,1,0,0,2,0.9279268980026245,0.9264099249931026,0.8812788724899292,0.9745749235153198,98.92312566620222,195062.1095625,163.0,cea,MULTI_RES,NONE,NONE,
Baixa_Alfama,B1519,matched,142.84,282.7,33191.46,54971.5,21780.04,0.6561940932999031,65.6194093299903,0.0,0.0,73.6771363893605,26.32286361063951,0.0,0.0,68.28443911676891,31.715560883231085,1,3,1,1,1,0,0,3,0.6432689527670542,0.577170191226197,0.4446689188480377,0.881565511226654,289.21736347911065,730582.64221875,474.0,cea,MULTI_RES,NONE,NONE,
Baixa_Alfama,B1521,matched,38.79,75.71,10539.37,22907.24,12367.87,1.1734923434702453,117.34923434702453,100.0,0.0,0.0,0.0,100.0,0.0,0.0,0.0,1,1,0,0,1,0,0,1,0.8689922094345093,0.8689922094345093,0.8689922094345093,0.8689922094345093,72.69654634228031,176339.1696015625,120.0,cea,MULTI_RES,NONE,NONE,
Baixa_Alfama,B1522,matched,103.29,198.3,26476.7,45302.48,18825.780000000002,0.7110319639532118,71.10319639532118,57.29917805456102,0.0,42.70082194543895,0.0,60.86324340372949,0.0,39.1367565962705,0.0,1,2,1,0,1,0,0,2,0.9038063287734985,0.9175246476264155,0.8098244667053223,0.9977881908416748,193.59072832936704,413267.403046875,319.0,cea,MULTI_RES,NONE,NONE,
Baixa_Alfama,B1523,matched,13.72,8.94,2255.21,1506.27,-748.94,-0.3320932418710453,-33.20932418710453,100.0,0.0,0.0,0.0,100.0,0.0,0.0,0.0,0,0,0,0,0,0,0,0,,,,,42.63764394010254,96156.1328125,71.0,cea,MULTI_RES,NONE,NONE,
Baixa_Alfama,B1524,matched,65.35,127.42,15438.59,24446.06,9007.470000000001,0.5834386430367022,58.34386430367022,0.0,0.0,48.65798147857479,51.3420185214252,0.0,0.0,50.96956707501623,49.03043292498378,1,2,1,0,0,1,0,2,0.752415657043457,0.7577996847289992,0.5533291101455688,0.9515022039413452,125.22730788185746,192942.9490390625,210.0,cea,MULTI_RES,NONE,NONE,
Baixa_Alfama,B1525,matched,28.76,55.14,7774.15,10265.82,2491.67,0.32050706508106996,32.050706508107,0.0,0.0,100.0,0.0,0.0,0.0,100.0,0.0,1,1,1,0,0,0,0,1,0.838923454284668,0.838923454284668,0.838923454284668,0.838923454284668,53.89275418821021,118973.007875,89.0,cea,MULTI_RES,NONE,NONE,
Baixa_Alfama,B1526,matched,16.14,36.5,3386.4,7148.73,3762.3299999999995,1.1110116938341599,111.10116938341599,24.84931506849315,0.0,23.205479452054796,51.94520547945206,25.695274635016542,0.0,19.345100801494258,54.95962456348919,1,3,1,0,1,1,0,3,0.798570473988851,0.7384406862843718,0.5856994390487671,0.9483126997947693,35.563402241002244,62685.59615625,59.0,cea,MULTI_RES,NONE,NONE,
Baixa_Alfama,B1527,matched,45.51,87.86,12363.4,24217.81,11854.410000000002,0.958830904120226,95.8830904120226,100.0,0.0,0.0,0.0,100.0,0.0,0.0,0.0,1,1,0,0,1,0,0,1,0.9990715980529785,0.9990715980529785,0.9990715980529785,0.9990715980529785,86.12548570203778,198251.52540625,145.0,cea,MULTI_RES,NONE,NONE,
Baixa_Alfama,B1528,matched,19.99,38.49,4567.73,7438.91,2871.1800000000003,0.6285791848467401,62.857918484674016,0.0,0.0,0.0,100.0,0.0,0.0,0.0,100.0,1,2,0,1,0,1,0,2,0.9530561864376068,0.9533327761426483,0.94765704870224,0.9584553241729736,37.46604971336306,71878.55325,62.0,cea,MULTI_RES,NONE,NONE,
Baixa_Alfama,B1529,matched,26.08,49.34,5804.22,9415.25,3611.0299999999997,0.6221387197590718,62.213871975907175,48.61139266166632,0.0,51.38860733833367,0.0,55.35896260564841,0.0,44.6410373943516,0.0,1,2,1,0,1,0,0,2,0.9053579270839691,0.9075576029066128,0.8257297277450562,0.9849861264228821,48.87657204004927,93964.13575,81.0,cea,MULTI_RES,NONE,NONE,
Baixa_Alfama,B1530,matched,20.0,38.55,4162.0,7396.38,3234.38,0.7771215761653052,77.71215761653052,48.884276076803324,0.0,51.115723923196676,0.0,56.8325670384534,0.0,43.167432961546595,0.0,1,2,1,0,1,0,0,2,0.9490741193294525,0.9495679081790204,0.9271295666694641,0.9710186719894409,37.532686371487536,76702.1459375,61.0,cea,MULTI_RES,NONE,NONE,
Baixa_Alfama,B1531,matched,49.65,97.75,13547.97,20617.13,7069.160000000002,0.5217873969310532,52.17873969310533,0.0,100.0,0.0,0.0,0.0,100.0,0.0,0.0,1,2,0,1,0,1,0,2,0.9043615460395813,0.9049009961069074,0.8365247845649719,0.9721983075141907,93.05605625629207,221451.99925,151.0,cea,MULTI_RES,NONE,NONE,
Baixa_Alfama,B1532,matched,29.39,57.04,7933.63,14439.67,6506.04,0.820058409580482,82.00584095804821,0.0,100.0,0.0,0.0,0.0,100.0,0.0,0.0,1,1,0,0,1,0,0,1,0.8631041049957275,0.8631041049957275,0.8631041049957275,0.8631041049957275,55.07637939831723,93423.2547890625,92.0,cea,MULTI_RES,NONE,NONE,
Baixa_Alfama,B1533,matched,150.08,296.35,40814.09,74147.68,33333.59,0.8167177070467576,81.67177070467577,0.0,0.0,0.0,100.0,0.0,0.0,0.0,100.0,1,2,0,1,0,1,0,2,0.8648175299167633,0.8646132515357536,0.8636598587036133,0.8659752011299133,284.69917068268285,497310.4930625,468.0,cea,MULTI_RES,NONE,NONE,
Baixa_Alfama,B1534,matched,112.59,215.88,30657.09,50580.13,19923.039999999997,0.6498672900787387,64.98672900787386,53.56431516049841,0.0,46.435684839501604,0.0,57.73652788682367,0.0,42.263472113176334,0.0,1,2,1,0,1,0,0,2,0.8590250611305237,0.8687668371882215,0.7223604321479797,0.9956896901130676,211.01518726280142,344831.879859375,348.0,cea,MULTI_RES,NONE,NONE,
Baixa_Alfama,B1535,matched,75.03,75.03,19696.0,19325.0,-371.0,-0.018836311941510968,-1.8836311941510968,100.0,0.0,0.0,0.0,100.0,0.0,0.0,0.0,0,0,0,0,0,0,0,0,,,,,137.19832321721535,313784.6781875,228.0,cea,MULTI_RES,NONE,NONE,
Baixa_Alfama,B1536,matched,122.94,247.18,33480.17,49023.91,15543.740000000005,0.46426705718638844,46.42670571863884,0.0,50.94263289910186,26.571729104296466,22.485637996601668,0.0,48.444948206570984,25.54748787907694,26.00756391435205,1,3,1,1,0,1,0,3,0.8339134256045023,0.8477926104700885,0.7617425322532654,0.8769734501838684,245.69577500992006,449247.398265625,405.0,cea,MULTI_RES,NONE,NONE,
Baixa_Alfama,B1537,matched,47.07,94.5,12539.95,19218.31,6678.360000000001,0.5325667167731929,53.25667167731929,42.75738017141043,0.0,57.24261982858956,0.0,48.672328678497806,0.0,51.327671321502166,0.0,1,2,1,0,1,0,0,2,0.703346848487854,0.729118735002061,0.5256074666976929,0.8810862302780151,91.88418207733804,212989.23521875,151.0,cea,MULTI_RES,NONE,NONE,
Baixa_Alfama,B1538,matched,26.77,52.06,7173.38,13147.41,5974.03,0.832805455726589,83.28054557265891,57.83711102573954,0.0,0.0,42.162888974260476,62.2976283738632,0.0,0.0,37.7023716261368,1,2,0,0,1,1,0,2,0.45718614757061005,0.4482989599770775,0.4005434811115265,0.5138288140296936,50.16883902842197,85226.1896640625,83.0,cea,MULTI_RES,NONE,NONE,
Baixa_Alfama,B1539,matched,34.97,60.75,9570.55,11524.01,1953.460000000001,0.20411157143528857,20.411157143528857,0.0,28.76667215544212,49.15198419232669,22.081343652231187,0.0,31.627080091246317,45.40175017453116,22.97116973422252,1,3,1,1,0,1,0,3,0.7539417545000712,0.6412963238915567,0.41055768728256226,0.9975088834762573,67.06405784251548,118397.9769921875,107.0,cea,MULTI_RES,NONE,NONE,
Baixa_Alfama,B1540,matched,20.17,39.1,4630.63,7072.82,2442.1899999999996,0.5273990796068785,52.73990796068785,0.0,42.429667519181585,57.57033248081842,0.0,0.0,44.20646248318169,55.79353751681831,0.0,1,3,1,1,0,1,0,3,0.7333601613839468,0.6255161852906682,0.440181702375412,0.9008364677429199,38.44171224989087,65560.3241875,63.0,cea,MULTI_RES,NONE,NONE,
Baixa_Alfama,B1541,matched,29.48,65.52,4859.03,13591.5,8732.470000000001,1.797163219819594,179.7163219819594,100.0,0.0,0.0,0.0,100.0,0.0,0.0,0.0,1,1,0,0,1,0,0,1,0.48511216044425964,0.48511216044425964,0.48511216044425964,0.48511216044425964,62.50484454557701,126076.888703125,104.0,cea,MULTI_RES,NONE,NONE,
Baixa_Alfama,B1542,matched,105.32,191.25,25788.66,40721.76,14933.100000000002,0.5790568412627877,57.905684126278764,0.0,0.0,0.0,100.0,0.0,0.0,0.0,100.0,1,2,1,0,1,0,0,2,0.5890971571207047,0.5964477636106337,0.4699007570743561,0.7082935571670532,188.58087848610688,485193.4590625,315.0,cea,MULTI_RES,NONE,NONE,
Baixa_Alfama,B1543,matched,50.1,94.86,11734.85,19661.3,7926.449999999999,0.6754624047175719,67.54624047175719,0.0,100.0,0.0,0.0,0.0,100.0,0.0,0.0,1,2,0,1,0,1,0,2,0.9338903725147247,0.9479459983128775,0.8748648762702942,0.9929158687591553,93.8916510736266,226426.6260625,155.0,cea,MULTI_RES,NONE,NONE,
Baixa_Alfama,B1544,matched,79.8,104.02,20532.51,19171.92,-1360.5900000000001,-0.06626515706068085,-6.626515706068085,19.851951547779272,0.0,80.14804845222073,0.0,21.451112770609328,0.0,78.54888722939069,0.0,1,3,1,0,1,0,1,3,0.5500953694184622,0.4911510877531741,0.4142381250858307,0.6510152816772461,143.3414503649567,363137.69667968753,236.0,cea,MULTI_RES,NONE,NONE,
Baixa_Alfama,B1545,matched,45.1,77.92,10144.91,15482.32,5337.41,0.5261170380023086,52.611703800230856,17.494544987806446,0.0,0.0,82.50545501219358,22.625027431822993,0.0,0.0,77.374972568177,1,2,0,0,1,1,0,2,0.8162701725959778,0.7643217257554623,0.7363740801811218,0.8961662650108337,88.4712542325878,196852.1798125,145.0,cea,MULTI_RES,NONE,NONE,
Baixa_Alfama,B1546,matched,108.44,210.08,24697.3,41499.47,16802.170000000002,0.6803241649896953,68.03241649896952,31.370495549102678,50.71642785738087,17.913076593516447,0.0,36.96002618858766,47.523203730270744,15.516770081141601,0.0,1,3,1,0,1,1,0,3,0.725394090016683,0.724269856952728,0.5777574181556702,0.9750404953956604,208.077511682824,462543.62790625,342.0,cea,MULTI_RES,NONE,NONE,
Baixa_Alfama,B1547,matched,62.63,120.17,17143.42,28490.92,11347.5,0.6619157670989804,66.19157670989804,51.33155792276965,0.0,48.66844207723035,0.0,54.71123316928782,0.0,45.288766830712184,0.0,1,2,1,0,1,0,0,2,0.9415755569934845,0.9421229065847297,0.9209052920341492,0.9622458219528198,118.44437612279326,279419.36328125,197.0,cea,MULTI_RES,NONE,NONE,
Baixa_Alfama,B1548,matched,80.24,152.09,20826.12,41632.81,20806.69,0.9990670369708807,99.90670369708808,100.0,0.0,0.0,0.0,100.0,0.0,0.0,0.0,1,1,0,0,1,0,0,1,0.5464960932731628,0.5464960932731628,0.5464960932731628,0.5464960932731628,149.33816776313336,248845.49692187502,245.0,cea,MULTI_RES,NONE,NONE,
Baixa_Alfama,B1549,matched,63.54,63.54,16270.89,15954.06,-316.8299999999999,-0.019472198509116585,-1.9472198509116585,100.0,0.0,0.0,0.0,100.0,0.0,0.0,0.0,0,0,0,0,0,0,0,0,,,,,120.05147233929884,217270.205953125,196.0,cea,MULTI_RES,NONE,NONE,
Baixa_Alfama,B1551,matched,146.34,278.51,39398.17,54076.82,14678.650000000001,0.3725718732621338,37.25718732621338,0.0,0.0,100.0,0.0,0.0,0.0,100.0,0.0,1,1,1,0,0,0,0,1,0.6277682781219482,0.6277682781219482,0.6277682781219482,0.6277682781219482,274.0628662091875,590356.6149375,451.0,cea,MULTI_RES,NONE,NONE,
Baixa_Alfama,B1552,matched,55.86,106.89,13966.92,20177.11,6210.1900000000005,0.44463561042806865,44.463561042806866,0.0,0.0,48.99906454630496,51.00093545369504,0.0,0.0,49.591939464025536,50.408060535974485,1,2,1,0,0,1,0,2,0.6876293122768402,0.6894780680707684,0.536623477935791,0.8386351466178894,108.61460649869834,256116.055125,179.0,cea,MULTI_RES,NONE,NONE,
Baixa_Alfama,B1553,matched,73.64,109.85,19616.63,23295.71,3679.079999999998,0.18754903365154962,18.754903365154963,0.0,0.0,50.10922992900054,49.89077007099945,0.0,0.0,45.796843685232616,54.203156314767355,1,3,1,1,0,1,0,3,0.7405946950117747,0.8419255220255875,0.4936685860157013,0.9515851736068726,128.08956988418572,277859.07634375,209.0,cea,MULTI_RES,NONE,NONE,
Baixa_Alfama,B1554,matched,236.16,234.63,57506.85,56043.65,-1463.199999999997,-0.025443925375846478,-2.5443925375846477,100.0,0.0,0.0,0.0,100.0,0.0,0.0,0.0,0,0,0,0,0,0,0,0,,,,,463.29550716184923,948412.0829843751,767.0,cea,MULTI_RES,NONE,NONE,
Baixa_Alfama,B1555,matched,35.63,35.63,8773.95,8131.57,-642.380000000001,-0.07321445871015916,-7.321445871015916,100.0,0.0,0.0,0.0,100.0,0.0,0.0,0.0,0,0,0,0,0,0,0,0,,,,,64.98042132383763,135938.4285625,105.0,cea,MULTI_RES,NONE,NONE,
Baixa_Alfama,B1556,matched,56.34,109.13,14946.36,29190.88,14244.52,0.9530427475318405,95.30427475318405,100.0,0.0,0.0,0.0,100.0,0.0,0.0,0.0,1,1,0,0,1,0,0,1,0.520081102848053,0.520081102848053,0.520081102848053,0.520081102848053,105.58632111759823,261923.543,173.0,cea,MULTI_RES,NONE,NONE,
Baixa_Alfama,B1557,matched,42.08,77.91,11262.13,15866.32,4604.1900000000005,0.40882053394872914,40.88205339487291,0.0,0.0,52.824133504492934,47.17586649550706,0.0,0.0,50.25302017856287,49.74697982143713,1,3,1,1,0,1,0,3,0.757308562596639,0.7261955178233214,0.6424670219421387,0.9665535688400269,76.01472955234337,135880.71346875,125.0,cea,MULTI_RES,NONE,NONE,
Baixa_Alfama,B1558,matched,30.25,30.25,7549.15,7259.63,-289.5199999999995,-0.038351337567805587,-3.8351337567805586,100.0,0.0,0.0,0.0,100.0,0.0,0.0,0.0,0,0,0,0,0,0,0,0,,,,,56.865677045015254,126099.83428125,94.0,cea,MULTI_RES,NONE,NONE,
Baixa_Alfama,B1559,matched,89.15,160.07,18032.21,29946.77,11914.560000000001,0.6607376466888973,66.07376466888974,49.490911362358666,0.0,50.509088637641305,0.0,52.531531354449555,0.0,47.46846864555043,0.0,1,2,1,0,1,0,0,2,0.9794400036334991,0.9783769260451619,0.9673595428466797,0.9915204644203186,174.2575142700019,324886.9495,285.0,cea,MULTI_RES,NONE,NONE,
Baixa_Alfama,B1560,matched,46.28,45.87,12661.67,12554.37,-107.29999999999927,-0.00847439555761596,-0.8474395557615959,100.0,0.0,0.0,0.0,100.0,0.0,0.0,0.0,1,1,0,0,0,0,1,1,0.381878525018692,0.38187852501869196,0.381878525018692,0.381878525018692,85.97677431098106,205025.516875,142.0,cea,MULTI_RES,NONE,NONE,
Baixa_Alfama,B1561,matched,46.68,98.12,12709.63,25395.75,12686.12,0.9981502215249383,99.81502215249382,58.703628210354665,0.0,41.29637178964533,0.0,63.65365247188023,0.0,36.34634752811981,0.0,1,2,1,0,1,0,0,2,0.9890789687633514,0.9908463034707806,0.9789270758628845,0.9992308616638184,95.53738731400384,177692.73653125,158.0,cea,MULTI_RES,NONE,NONE,
Baixa_Alfama,B1562,matched,27.9,27.9,4434.88,4325.41,-109.47000000000025,-0.0246838696875677,-2.46838696875677,100.0,0.0,0.0,0.0,100.0,0.0,0.0,0.0,0,0,0,0,0,0,0,0,,,,,55.59272942857187,133391.5455,92.0,cea,MULTI_RES,NONE,NONE,
Baixa_Alfama,B1563,matched,20.45,38.82,5585.39,9558.02,3972.63,0.7112538247105394,71.12538247105394,50.24478227261015,0.0,0.0,49.75521772738985,52.93957616756546,0.0,0.0,47.06042383243453,1,2,0,0,1,1,0,2,0.5195820480585098,0.5200719514370444,0.4179382026195526,0.621225893497467,38.32408804722096,46742.24859375,62.0,cea,MULTI_RES,NONE,NONE,
Baixa_Alfama,B1564,matched,29.19,29.19,6574.55,6554.07,-20.480000000000473,-0.003115042094135792,-0.3115042094135792,100.0,0.0,0.0,0.0,100.0,0.0,0.0,0.0,0,0,0,0,0,0,0,0,,,,,54.9544935085617,137981.48287500002,88.0,cea,MULTI_RES,NONE,NONE,
Baixa_Alfama,B1565,matched,54.27,111.55,14049.43,25819.76,11770.329999999998,0.837779895696836,83.7779895696836,0.0,0.0,49.170775437023764,50.82922456297625,0.0,0.0,45.43543901238707,54.56456098761291,1,2,1,0,1,0,0,2,0.5937931388616562,0.5967329466216807,0.4160716235637665,0.7715146541595459,108.68899547516105,226196.45925,176.0,cea,MULTI_RES,NONE,NONE,
Baixa_Alfama,B1566,matched,38.17,78.51,10350.53,21336.2,10985.67,1.0613630413128603,106.13630413128602,82.59872611464968,17.40127388535032,0.0,0.0,84.72319933753177,15.276800662468224,0.0,0.0,1,3,0,1,1,1,0,3,0.7014559110005697,0.7611498802277141,0.5682799816131592,0.8936649560928345,74.89945831924994,156449.6521875,122.0,cea,MULTI_RES,NONE,NONE,
Baixa_Alfama,B1567,matched,31.8,31.8,8391.05,8297.75,-93.29999999999927,-0.01111898987611792,-1.111898987611792,100.0,0.0,0.0,0.0,100.0,0.0,0.0,0.0,0,0,0,0,0,0,0,0,,,,,59.39018195228636,81722.4391875,96.0,cea,MULTI_RES,NONE,NONE,
Baixa_Alfama,B1568,matched,29.58,29.45,6086.18,5460.26,-625.9200000000001,-0.10284283409297787,-10.284283409297787,100.0,0.0,0.0,0.0,100.0,0.0,0.0,0.0,0,0,0,0,0,0,0,0,,,,,55.93559062580529,131491.3189375,95.0,cea,MULTI_RES,NONE,NONE,
Baixa_Alfama,B1569,matched,21.67,41.72,4656.43,7172.61,2516.1799999999994,0.5403667616607571,54.036676166075715,0.0,100.0,0.0,0.0,0.0,100.0,0.0,0.0,1,2,0,1,0,1,0,2,0.7474715709686279,0.7623082967914985,0.5367769598960876,0.9581661820411682,40.76194604949048,87418.879,70.0,cea,MULTI_RES,NONE,NONE,
Baixa_Alfama,B1570,matched,84.08,169.4,20184.43,28579.5,8395.07,0.41591811113813965,41.59181111381397,0.0,0.0,53.902007083825275,46.09799291617473,0.0,0.0,54.52163184611618,45.478368153883835,1,2,1,0,0,1,0,2,0.7647615373134613,0.7781582861370407,0.5929164886474609,0.9366065859794617,166.03163436628458,335167.77459375,273.0,cea,MULTI_RES,NONE,NONE,
Baixa_Alfama,B1571,matched,35.72,76.1,9388.53,16450.33,7061.800000000001,0.7521731304048664,75.21731304048664,45.860709592641264,0.0,54.13929040735873,0.0,48.02244695648076,0.0,51.97755304351923,0.0,1,2,1,0,1,0,0,2,0.9251906871795654,0.9268596129271329,0.9050374031066895,0.9453439712524414,74.85938217371127,86355.7175703125,122.0,cea,MULTI_RES,NONE,NONE,
Baixa_Alfama,B1573,matched,65.45,125.12,16603.96,27476.09,10872.130000000001,0.6547913871148812,65.47913871148812,49.140893470790374,0.0,50.85910652920962,0.0,53.08498310738254,0.0,46.915016892617444,0.0,1,2,1,0,1,0,0,2,0.9022232890129089,0.9032232700930934,0.8438437581062317,0.9606028199195862,122.67100166740136,212925.50528125,202.0,cea,MULTI_RES,NONE,NONE,
Baixa_Alfama,B1574,matched,17.82,17.82,3776.19,3750.68,-25.51000000000022,-0.0067554863499983365,-0.6755486349998336,100.0,0.0,0.0,0.0,100.0,0.0,0.0,0.0,0,0,0,0,0,0,0,0,,,,,52.41767349917197,128832.4393125,88.0,cea,MULTI_RES,NONE,NONE,
Baixa_Alfama,B1575,matched,46.76,46.76,12594.01,12507.68,-86.32999999999993,-0.006854846073649293,-0.6854846073649292,100.0,0.0,0.0,0.0,100.0,0.0,0.0,0.0,0,0,0,0,0,0,0,0,,,,,87.63473779969118,224132.402875,145.0,cea,MULTI_RES,NONE,NONE,
Baixa_Alfama,B1576,matched,14.13,29.6,2384.4,3640.54,1256.1399999999999,0.5268159704747525,52.68159704747525,0.0,100.0,0.0,0.0,0.0,100.0,0.0,0.0,1,1,0,1,0,0,0,1,0.9173495769500732,0.9173495769500732,0.9173495769500732,0.9173495769500732,29.153356431491257,62817.655875000004,49.0,cea,MULTI_RES,NONE,NONE,
Baixa_Alfama,B1577,matched,63.87,63.87,11109.32,10947.18,-162.13999999999942,-0.014594952706376216,-1.4594952706376216,100.0,0.0,0.0,0.0,100.0,0.0,0.0,0.0,0,0,0,0,0,0,0,0,,,,,141.23907611053724,281683.5696875,230.0,cea,MULTI_RES,NONE,NONE,
Baixa_Alfama,B1578,matched,53.0,53.0,14485.37,14455.88,-29.4900000000016,-0.0020358472030746607,-0.20358472030746608,100.0,0.0,0.0,0.0,100.0,0.0,0.0,0.0,0,0,0,0,0,0,0,0,,,,,99.32387540193609,128890.08934375,167.0,cea,MULTI_RES,NONE,NONE,
Baixa_Alfama,B1579,matched,44.56,81.79,11241.18,20250.73,9009.55,0.8014772470505764,80.14772470505764,100.0,0.0,0.0,0.0,100.0,0.0,0.0,0.0,1,1,0,0,1,0,0,1,0.7738712430000305,0.7738712430000305,0.7738712430000305,0.7738712430000305,79.30467143559002,142598.826234375,133.0,cea,MULTI_RES,NONE,NONE,
Baixa_Alfama,B1580,matched,44.29,81.88,11961.73,15636.95,3675.220000000001,0.3072481990481311,30.72481990481311,0.0,0.0,100.0,0.0,0.0,0.0,100.0,0.0,1,1,0,0,0,1,0,1,0.6490648984909058,0.6490648984909058,0.6490648984909058,0.6490648984909058,79.69006173494502,180227.447125,132.0,cea,MULTI_RES,NONE,NONE,
Baixa_Alfama,B1581,matched,14.47,30.61,3299.08,6737.46,3438.38,1.0422238927216072,104.22238927216073,100.0,0.0,0.0,0.0,100.0,0.0,0.0,0.0,1,1,0,0,1,0,0,1,0.7744706273078918,0.7744706273078918,0.7744706273078918,0.7744706273078918,29.632953137854496,41333.70825,50.0,cea,SINGLE_RES,NONE,NONE,
Baixa_Alfama,B1582,matched,32.26,73.44,6713.13,10855.6,4142.47,0.6170698318072196,61.70698318072196,23.638344226579523,0.0,76.36165577342047,0.0,27.051401512698764,0.0,72.94859848730123,0.0,1,2,0,1,0,1,0,2,0.9933558404445648,0.9933822530218072,0.9932792782783508,0.9934324026107788,91.56369903139279,194848.0450625,151.0,cea,MULTI_RES,NONE,NONE,
Baixa_Alfama,B1583,matched,28.64,28.64,4617.44,4506.84,-110.59999999999945,-0.023952666412557493,-2.3952666412557493,100.0,0.0,0.0,0.0,100.0,0.0,0.0,0.0,0,0,0,0,0,0,0,0,,,,,78.26309970091917,116711.55390625,129.0,cea,MULTI_RES,NONE,NONE,
Baixa_Alfama,B1584,matched,45.02,87.02,12111.35,22157.54,10046.19,0.8294855651929801,82.94855651929801,0.0,100.0,0.0,0.0,0.0,100.0,0.0,0.0,1,1,0,0,1,0,0,1,0.8985978960990906,0.8985978960990906,0.8985978960990906,0.8985978960990906,84.36886474124384,220221.1461875,140.0,cea,MULTI_RES,NONE,NONE,
Baixa_Alfama,B1585,matched,26.4,34.78,4233.75,4327.41,93.65999999999985,0.022122232063773218,2.2122232063773217,0.0,0.0,100.0,0.0,0.0,0.0,100.0,0.0,1,3,1,1,0,1,0,3,0.6613076329231262,0.6075866342006495,0.46670758724212646,0.9735952615737915,49.481562835585535,106671.101,83.0,cea,MULTI_RES,NONE,NONE,
Baixa_Alfama,B1586,matched,45.1,78.95,10586.66,14894.93,4308.27,0.40695271218684653,40.69527121868465,46.37791286727457,0.0,53.622087132725426,0.0,47.76029644559278,0.0,52.239703554407235,0.0,1,2,1,0,1,0,0,2,0.8873632252216339,0.8908048995087479,0.8413700461387634,0.9333564043045044,90.14460501933827,205246.683375,147.0,cea,MULTI_RES,NONE,NONE,
Baixa_Alfama,B1587,matched,45.23,82.88,11455.16,19622.76,8167.5999999999985,0.713006191096414,71.3006191096414,0.0,0.0,0.0,100.0,0.0,0.0,0.0,100.0,1,2,0,1,0,1,0,2,0.6592822670936584,0.6774751571272462,0.5368140935897827,0.7817504405975342,80.37104169089253,82995.6569375,133.0,cea,MULTI_RES,NONE,NONE,
Baixa_Alfama,B1588,matched,13.45,13.45,3546.7,3469.01,-77.6899999999996,-0.021904869315137902,-2.19048693151379,100.0,0.0,0.0,0.0,100.0,0.0,0.0,0.0,0,0,0,0,0,0,0,0,,,,,25.209225244997384,66454.7105625,42.0,cea,MULTI_RES,NONE,NONE,
Baixa_Alfama,B1589,matched,75.08,75.08,19589.01,18113.26,-1475.75,-0.07533560909918369,-7.533560909918369,100.0,0.0,0.0,0.0,100.0,0.0,0.0,0.0,0,0,0,0,0,0,0,0,,,,,137.23713655460028,320962.7364140625,227.0,cea,MULTI_RES,NONE,NONE,
Baixa_Alfama,B1590,matched,13.49,22.94,2781.02,3074.64,293.6199999999999,0.10557996706244467,10.557996706244467,0.0,100.0,0.0,0.0,0.0,100.0,0.0,0.0,1,2,0,1,0,1,0,2,0.7808723449707031,0.7782862475880652,0.7503960728645325,0.8113486170768738,26.663202923848573,62876.2765625,43.0,cea,MULTI_RES,NONE,NONE,
Baixa_Alfama,B1591,matched,67.33,128.35,16918.88,32888.38,15969.499999999996,0.9438863565436952,94.38863565436952,0.0,0.0,0.0,100.0,0.0,0.0,0.0,100.0,1,1,0,1,0,0,0,1,0.9333391785621643,0.9333391785621643,0.9333391785621643,0.9333391785621643,126.18777404133942,200656.914359375,209.0,cea,MULTI_RES,NONE,NONE,
Baixa_Alfama,B1592,matched,17.8,17.8,4670.17,4659.55,-10.61999999999989,-0.002274007156056394,-0.2274007156056394,100.0,0.0,0.0,0.0,100.0,0.0,0.0,0.0,0,0,0,0,0,0,0,0,,,,,33.36430154423103,82157.1736875,55.0,cea,MULTI_RES,NONE,NONE,
Baixa_Alfama,B1593,matched,14.73,14.73,3895.59,3881.47,-14.120000000000346,-0.0036246114195796647,-0.36246114195796647,100.0,0.0,0.0,0.0,100.0,0.0,0.0,0.0,0,0,0,0,0,0,0,0,,,,,27.597954695387923,38965.035093750004,44.0,cea,MULTI_RES,NONE,NONE,
Baixa_Alfama,B1594,matched,22.88,47.89,4127.38,6817.86,2690.4799999999996,0.6518614714419315,65.18614714419316,0.0,0.0,52.92397660818713,47.07602339181286,0.0,0.0,51.114883986533464,48.885116013466536,1,3,1,1,0,1,0,3,0.6613076329231262,0.5968941277713493,0.46670758724212646,0.9735952615737915,49.39380289910714,124114.35631250001,84.0,cea,MULTI_RES,NONE,NONE,
Baixa_Alfama,B1595,matched,26.2,26.2,5675.94,5527.76,-148.17999999999938,-0.02610668893610563,-2.610668893610563,100.0,0.0,0.0,0.0,100.0,0.0,0.0,0.0,0,0,0,0,0,0,0,0,,,,,52.468627854932485,107405.09025000001,87.0,cea,MULTI_RES,NONE,NONE,
Baixa_Alfama,B1596,matched,21.58,21.58,3745.09,3456.27,-288.82000000000016,-0.07711964198457184,-7.711964198457184,100.0,0.0,0.0,0.0,100.0,0.0,0.0,0.0,0,0,0,0,0,0,0,0,,,,,40.44643245703705,83653.9270625,67.0,cea,MULTI_RES,NONE,NONE,
Baixa_Alfama,B1598,matched,73.36,73.36,18791.09,18538.27,-252.8199999999997,-0.01345424879557278,-1.345424879557278,100.0,0.0,0.0,0.0,100.0,0.0,0.0,0.0,0,0,0,0,0,0,0,0,,,,,132.39349917407327,352993.52475,217.0,cea,MULTI_RES,NONE,NONE,
Baixa_Alfama,B1599,matched,30.53,63.92,6741.44,10940.92,4199.4800000000005,0.6229351592538094,62.29351592538094,49.92177722152691,0.0,50.07822277847309,0.0,50.91158640153339,0.0,49.088413598466616,0.0,1,2,1,0,1,0,0,2,0.8873632252216339,0.8873019161729127,0.8413700461387634,0.9333564043045044,61.95452524027095,131371.55875,101.0,cea,MULTI_RES,NONE,NONE,
Baixa_Alfama,B1600,matched,27.83,27.83,7409.3,7406.75,-2.550000000000182,-0.0003441620665920103,-0.03441620665920103,100.0,0.0,0.0,0.0,100.0,0.0,0.0,0.0,0,0,0,0,0,0,0,0,,,,,58.87748309764374,156202.9488125,97.0,cea,MULTI_RES,NONE,NONE,
Baixa_Alfama,B1602,matched,115.47,203.62,23594.38,38833.85,15239.469999999998,0.6458940646035198,64.58940646035198,55.78037520872214,0.0,44.21962479127789,0.0,60.713828799591404,0.0,39.28617120040857,0.0,1,2,1,0,1,0,0,2,0.9530879557132721,0.9517196891557829,0.9075435400009155,0.9986323714256287,216.2982746209668,501912.0352734375,355.0,cea,MULTI_RES,NONE,NONE,
Baixa_Alfama,B1603,matched,178.0,350.41,48774.03,77311.78,28537.75,0.5851013336400539,58.51013336400539,0.0,100.0,0.0,0.0,0.0,100.0,0.0,0.0,1,2,0,1,0,1,0,2,0.9981701076030731,0.9981966651983574,0.9974959492683411,0.9988442659378052,341.900603511917,790633.3016875,564.0,cea,MULTI_RES,NONE,NONE,
Baixa_Alfama,B1604,matched,48.87,48.87,12861.81,12858.9,-2.9099999999998545,-0.00022625120414621695,-0.022625120414621697,100.0,0.0,0.0,0.0,100.0,0.0,0.0,0.0,0,0,0,0,0,0,0,0,,,,,95.57621166237327,247110.7465,158.0,cea,MULTI_RES,NONE,NONE,
Baixa_Alfama,B1605,matched,13.65,13.65,2818.27,2854.05,35.7800000000002,0.012695731778715382,1.2695731778715382,100.0,0.0,0.0,0.0,100.0,0.0,0.0,0.0,0,0,0,0,0,0,0,0,,,,,35.160516118500325,83007.64025,58.0,cea,MULTI_RES,NONE,NONE,
Baixa_Alfama,B1606,matched,86.85,195.06,18768.03,35255.32,16487.29,0.8784773894756137,87.84773894756137,0.0,41.18310436743899,58.816895632560986,0.0,0.0,42.47707436341857,57.52292563658145,0.0,1,3,1,1,0,1,0,3,0.7886229952176412,0.8341423836347182,0.584942102432251,0.9492658376693726,203.62461708199015,361508.47353125,334.0,cea,MULTI_RES,NONE,NONE,
Baixa_Alfama,B1607,matched,105.32,230.34,23964.43,45082.96,21118.53,0.8812448282725689,88.12448282725688,56.11079755133939,0.0,43.88920244866062,0.0,58.62038145628772,0.0,41.379618543712276,0.0,1,2,1,0,1,0,0,2,0.9813694953918457,0.9797427700614497,0.9680561423301697,0.9946828484535217,226.44491409531972,555389.68553125,374.0,cea,MULTI_RES,NONE,NONE,
Baixa_Alfama,B1608,matched,83.7,83.7,19261.63,18873.88,-387.75,-0.020130695065786228,-2.013069506578623,100.0,0.0,0.0,0.0,100.0,0.0,0.0,0.0,0,0,0,0,0,0,0,0,,,,,151.6725565368215,371746.5260625,244.0,cea,MULTI_RES,NONE,NONE,
Baixa_Alfama,B1618,matched,83.13,181.11,22408.79,43907.21,21498.42,0.9593744240541322,95.93744240541322,49.00878016455907,0.0,50.99121983544096,0.0,53.55612788048462,0.0,46.443872119515376,0.0,1,2,1,0,1,0,0,2,0.9366905987262726,0.9361455293526909,0.9092097282409668,0.9641714692115784,178.30972444055027,328295.420125,293.0,cea,MULTI_RES,NONE,NONE,
Baixa_Alfama,B1621,matched,31.25,59.72,8105.93,14644.97,6539.039999999999,0.8066983060549497,80.66983060549498,0.0,0.0,0.0,100.0,0.0,0.0,0.0,100.0,1,2,1,0,1,0,0,2,0.7097522020339966,0.6868699704268594,0.5739172697067261,0.8455871343612671,58.572286516532486,87762.8576875,96.0,cea,MULTI_RES,NONE,NONE,
Baixa_Alfama,B1623,matched,26.37,57.09,7155.26,14201.91,7046.65,0.9848209568904553,98.48209568904554,52.285864424592745,0.0,47.71413557540725,0.0,57.898419612610006,0.0,42.101580387389994,0.0,1,2,1,0,1,0,0,2,0.7809074223041534,0.7888674423010097,0.6061722040176392,0.9556426405906677,55.66561164093447,80953.1739375,90.0,cea,MULTI_RES,NONE,NONE,
Baixa_Alfama,B1624,matched,31.73,61.85,8255.33,15455.9,7200.57,0.8722328483537303,87.22328483537302,76.8148746968472,0.0,0.0,23.185125303152788,78.54629438078717,0.0,0.0,21.45370561921281,1,3,0,1,1,1,0,3,0.8253330985705057,0.7399870419206691,0.5409305691719055,0.9938511848449707,59.55844224801583,106504.785046875,99.0,cea,MULTI_RES,NONE,NONE,
Baixa_Alfama,B1625,matched,42.19,80.26,11498.13,17569.49,6071.360000000002,0.5280302101298213,52.80302101298213,39.99003363647689,0.0,60.00996636352309,0.0,44.117184374679425,0.0,55.88281562532058,0.0,1,2,1,0,1,0,0,2,0.7547629773616791,0.792996817717625,0.5637343525886536,0.9457916021347046,78.40181924901074,161137.523125,131.0,cea,MULTI_RES,NONE,NONE,
Baixa_Alfama,B1626,matched,14.62,55.31,3017.94,13131.34,10113.4,3.3510937924544555,335.10937924544555,62.16998191681735,0.0,37.83001808318264,0.0,68.92399460506603,0.0,31.076005394933976,0.0,1,2,1,0,1,0,0,2,0.7547629773616791,0.7185400351476346,0.5637343525886536,0.9457916021347046,56.63075359292061,142842.907625,94.0,cea,MULTI_RES,NONE,NONE,
Baixa_Alfama,B1627,matched,23.2,23.2,4329.62,3577.69,-751.9299999999998,-0.17367113049182142,-17.36711304918214,100.0,0.0,0.0,0.0,100.0,0.0,0.0,0.0,0,0,0,0,0,0,0,0,,,,,54.530030788799344,80844.246734375,90.0,cea,MULTI_RES,NONE,NONE,
Baixa_Alfama,B1628,matched,32.61,64.33,8905.9,13764.0,4858.1,0.545492314083922,54.549231408392195,0.0,100.0,0.0,0.0,0.0,100.0,0.0,0.0,1,2,0,1,0,1,0,2,0.7668423354625702,0.8058745416554812,0.5818319916725159,0.9518526792526245,62.58132985972164,151269.400375,103.0,cea,MULTI_RES,NONE,NONE,
Baixa_Alfama,B1629,matched,14.85,38.77,3272.41,6076.6,2804.1900000000005,0.856918906860693,85.6918906860693,0.0,0.0,83.59556358008771,16.404436419912305,0.0,0.0,82.49200141498264,17.50799858501737,1,2,1,0,0,1,0,2,0.691008448600769,0.6962643445235781,0.6725252866744995,0.7094916105270386,48.88538598410423,86634.474078125,80.0,cea,MULTI_RES,NONE,NONE,
Baixa_Alfama,B1630,matched,63.27,111.52,16848.67,22782.89,5934.220000000001,0.3522070288040541,35.220702880405405,0.0,100.0,0.0,0.0,0.0,100.0,0.0,0.0,1,2,0,1,0,1,0,2,0.7017624527215958,0.7141167756093563,0.4410668909549713,0.9624580144882202,118.13747492254643,297281.4135,195.0,cea,MULTI_RES,NONE,NONE,
Baixa_Alfama,B1631,matched,57.95,112.46,14836.73,22064.54,7227.810000000001,0.4871565365144477,48.71565365144477,0.0,100.0,0.0,0.0,0.0,100.0,0.0,0.0,1,2,0,1,0,1,0,2,0.7242152392864227,0.7379098823641597,0.6270023584365845,0.821428120136261,108.44935267745751,217396.86925000002,174.0,cea,MULTI_RES,NONE,NONE,
Baixa_Alfama,B1632,matched,39.13,78.5,10647.53,18444.62,7797.089999999998,0.7322909632562667,73.22909632562667,54.92419416486176,0.0,45.07580583513823,0.0,58.525972351632724,0.0,41.474027648367276,0.0,1,2,0,1,0,1,0,2,0.6951457858085632,0.6868312611106815,0.6108066439628601,0.7794849276542664,76.83614865205128,191149.5953125,129.0,cea,MULTI_RES,NONE,NONE,
Baixa_Alfama,B1633,matched,25.39,49.8,6762.22,10888.3,4126.079999999999,0.6101664837878683,61.01664837878683,51.375778268728666,0.0,48.62422173127135,0.0,54.41377300199056,0.0,45.58622699800943,0.0,1,2,1,0,1,0,0,2,0.7636823058128357,0.7582943722869464,0.568081796169281,0.9592828154563904,48.50575946827976,58515.696703125,81.0,cea,MULTI_RES,NONE,NONE,
Baixa_Alfama,B1634,matched,260.71,255.51,58586.69,56550.95,-2035.7400000000052,-0.03474748274736131,-3.4747482747361307,100.0,0.0,0.0,0.0,100.0,0.0,0.0,0.0,0,0,0,0,0,0,0,0,,,,,581.3035757058572,1035837.336265625,959.0,cea,MULTI_RES,NONE,NONE,
Baixa_Alfama,B1635,matched,29.24,64.74,6596.98,14392.52,7795.540000000001,1.1816831337975864,118.16831337975864,0.0,0.0,0.0,100.0,0.0,0.0,0.0,100.0,1,2,0,1,0,1,0,2,0.9172393679618835,0.9172746993163324,0.8614630103111267,0.9730157256126404,62.614882477760425,146051.582,102.0,cea,MULTI_RES,NONE,NONE,
Baixa_Alfama,B1636,matched,21.88,21.88,4848.34,4069.83,-778.5100000000002,-0.16057248460297754,-16.057248460297753,100.0,0.0,0.0,0.0,100.0,0.0,0.0,0.0,0,0,0,0,0,0,0,0,,,,,41.10786413303083,81505.42103125,68.0,cea,MULTI_RES,NONE,NONE,
Baixa_Alfama,B1637,matched,27.8,59.03,7278.81,11660.53,4381.72,0.6019830164546128,60.198301645461285,0.0,0.0,53.84615384615385,46.15384615384615,0.0,0.0,43.52563082587189,56.474369174128114,1,2,1,1,0,0,0,2,0.8209407031536102,0.8236266080699141,0.786004900932312,0.8558765053749084,56.03322108336845,67677.93553125,94.0,cea,MULTI_RES,NONE,NONE,
Baixa_Alfama,B1638,matched,16.54,31.95,4061.22,5852.92,1791.7000000000003,0.4411728495378237,44.117284953782374,0.0,0.0,46.666666666666664,53.33333333333332,0.0,0.0,49.02385085496764,50.97614914503236,1,2,1,0,0,1,0,2,0.8018985092639923,0.812512705040247,0.6426758170127869,0.9611212015151978,31.14717478029347,57988.688828125,51.0,cea,MULTI_RES,NONE,NONE,
Baixa_Alfama,B1639,matched,20.9,20.9,5245.34,5228.76,-16.579999999999927,-0.0031609009139540864,-0.3160900913954086,100.0,0.0,0.0,0.0,100.0,0.0,0.0,0.0,0,0,0,0,0,0,0,0,,,,,43.57266489168508,88833.511640625,72.0,cea,MULTI_RES,NONE,NONE,
Baixa_Alfama,B1640,matched,30.66,58.84,7911.76,11303.92,3392.16,0.4287491026016967,42.87491026016967,0.0,100.0,0.0,0.0,0.0,100.0,0.0,0.0,1,1,1,0,0,0,0,1,0.711857795715332,0.711857795715332,0.711857795715332,0.711857795715332,57.892819524739565,91200.098046875,97.0,cea,MULTI_RES,NONE,NONE,
Baixa_Alfama,B1641,matched,48.11,48.11,12345.83,12002.14,-343.6900000000005,-0.027838549534539233,-2.783854953453923,100.0,0.0,0.0,0.0,100.0,0.0,0.0,0.0,0,0,0,0,0,0,0,0,,,,,88.18754442358738,184824.917375,143.0,cea,MULTI_RES,NONE,NONE,
Baixa_Alfama,B1642,matched,18.31,36.83,3678.53,5207.71,1529.1799999999998,0.4157040991917967,41.57040991917967,0.0,0.0,100.0,0.0,0.0,0.0,100.0,0.0,1,1,1,0,0,0,0,1,0.46269282698631287,0.46269282698631287,0.46269282698631287,0.46269282698631287,40.267522422934334,51429.41640625,66.0,cea,MULTI_RES,NONE,NONE,
Baixa_Alfama,B1643,matched,47.77,97.53,11572.42,21110.26,9537.839999999998,0.8241871622357293,82.41871622357293,48.123846627024804,0.0,51.87615337297519,0.0,52.902578456350135,0.0,47.09742154364987,0.0,1,2,1,0,1,0,0,2,0.4250815212726593,0.4215383743613196,0.3923684358596802,0.4577946066856384,103.67081800884264,185832.0413046875,171.0,cea,MULTI_RES,NONE,NONE,
Baixa_Alfama,B1644,matched,49.07,94.01,12505.53,19869.54,7364.01,0.5888602882084966,58.88602882084966,25.260582854711767,0.0,28.238672622846206,46.50074452244203,27.428561337964318,0.0,28.095421117016233,44.47601754501947,1,4,1,1,1,1,0,4,0.7298997640609741,0.7217342653364061,0.5774023532867432,0.8807805776596069,92.20530409227592,176204.475875,154.0,cea,MULTI_RES,NONE,NONE,
Baixa_Alfama,B1645,matched,13.27,20.72,1908.74,2744.72,835.9799999999998,0.4379747896518121,43.797478965181206,0.0,0.0,0.0,100.0,0.0,0.0,0.0,100.0,1,1,0,0,0,1,0,1,0.9795692563056946,0.9795692563056946,0.9795692563056946,0.9795692563056946,30.83188913041447,47669.719859375,51.0,cea,MULTI_RES,NONE,NONE,
Baixa_Alfama,B1646,matched,44.79,44.79,11902.03,12076.62,174.59000000000015,0.014668926225190167,1.4668926225190166,100.0,0.0,0.0,0.0,100.0,0.0,0.0,0.0,0,0,0,0,0,0,0,0,,,,,83.9357054918288,188185.41275000002,138.0,cea,MULTI_RES,NONE,NONE,
Baixa_Alfama,B1647,matched,30.46,30.46,7819.5,7672.56,-146.9399999999996,-0.01879148283138303,-1.879148283138303,100.0,0.0,0.0,0.0,100.0,0.0,0.0,0.0,0,0,0,0,0,0,0,0,,,,,58.77641874098776,140916.3119375,102.0,cea,MULTI_RES,NONE,NONE,
Baixa_Alfama,B1648,matched,16.07,16.47,4348.93,4437.4,88.46999999999935,0.02034293492882142,2.034293492882142,100.0,0.0,0.0,0.0,100.0,0.0,0.0,0.0,1,1,0,0,0,0,1,1,0.479709655046463,0.479709655046463,0.479709655046463,0.479709655046463,30.870720275915986,34691.58325,52.0,cea,MULTI_RES,NONE,NONE,
Baixa_Alfama,B1649,matched,20.39,39.24,5576.94,9776.36,4199.420000000001,0.752997163318953,75.2997163318953,0.0,0.0,0.0,100.0,0.0,0.0,0.0,100.0,1,2,0,1,0,1,0,2,0.6073541045188904,0.6028617553567142,0.41618984937667847,0.7985183596611023,37.869394170746226,65612.6833125,62.0,cea,MULTI_RES,NONE,NONE,
Baixa_Alfama,B1650,matched,31.67,66.81,6785.43,11806.06,5020.629999999999,0.7399133142630605,73.99133142630605,0.0,0.0,0.0,100.0,0.0,0.0,0.0,100.0,1,2,0,1,0,1,0,2,0.8268261849880219,0.8308420392430653,0.673686146736145,0.9799662232398987,80.28782513667127,180134.13825000002,134.0,cea,MULTI_RES,NONE,NONE,
Baixa_Alfama,B1651,matched,23.2,44.56,5953.45,8989.52,3036.0700000000006,0.509968169716719,50.9968169716719,45.84829443447037,0.0,54.1517055655296,0.0,51.37054494721268,0.0,48.62945505278732,0.0,1,2,1,0,0,1,0,2,0.5324475914239883,0.5271182347016239,0.4679982364177704,0.5968969464302063,43.473745026649944,109678.2160625,73.0,cea,MULTI_RES,NONE,NONE,
Baixa_Alfama,B1652,matched,33.98,65.5,7119.19,13157.59,6038.400000000001,0.8481863807539904,84.81863807539905,0.0,0.0,0.0,100.0,0.0,0.0,0.0,100.0,1,2,0,1,0,1,0,2,0.5987193733453751,0.6083950568499576,0.4998061954975128,0.6976325511932373,63.6836624974896,157678.0970625,106.0,cea,MULTI_RES,NONE,NONE,
Baixa_Alfama,B1653,matched,18.68,34.06,4860.7,6513.04,1652.3400000000001,0.3399386919579485,33.99386919579485,0.0,79.00763358778626,0.0,20.99236641221374,0.0,79.787236485615,0.0,20.212763514385003,1,3,1,1,0,1,0,3,0.7987486720085144,0.7984715059131785,0.6581465005874634,0.9132959842681885,37.05990917016267,74480.02871875,62.0,cea,MULTI_RES,NONE,NONE,
Baixa_Alfama,B1654,matched,29.02,55.92,6830.64,12071.07,5240.429999999999,0.7671945820596605,76.71945820596605,0.0,0.0,0.0,100.0,0.0,0.0,0.0,100.0,1,2,0,1,0,1,0,2,0.8778376281261444,0.8793053084300018,0.814620316028595,0.9410549402236938,54.262838099985714,112002.0678125,89.0,cea,MULTI_RES,NONE,NONE,
Baixa_Alfama,B1655,matched,40.72,79.57,8151.91,14012.15,5860.24,0.7188793791884356,71.88793791884356,0.0,0.0,100.0,0.0,0.0,0.0,100.0,0.0,1,1,1,0,0,0,0,1,0.8350809812545776,0.8350809812545775,0.8350809812545776,0.8350809812545776,90.91171723855672,174360.053,149.0,cea,MULTI_RES,NONE,NONE,
Baixa_Alfama,B1656,matched,30.52,65.92,7188.61,15185.97,7997.36,1.112504364543354,111.25043645433541,0.0,0.0,0.0,100.0,0.0,0.0,0.0,100.0,1,2,0,1,0,1,0,2,0.8403172194957733,0.8359982698659282,0.8007009625434875,0.8799334764480591,63.86946970536205,85763.22690625,106.0,cea,MULTI_RES,NONE,NONE,
Baixa_Alfama,B1657,matched,42.56,79.41,9284.18,13918.95,4634.77,0.49921156203348066,49.92115620334807,0.0,0.0,0.0,100.0,0.0,0.0,0.0,100.0,1,1,0,0,0,1,0,1,0.9795692563056946,0.9795692563056947,0.9795692563056946,0.9795692563056946,81.66389271133531,176421.92628125,136.0,cea,MULTI_RES,NONE,NONE,
Baixa_Alfama,B1658,matched,49.89,49.89,9468.96,8819.67,-649.289999999999,-0.0685703604197292,-6.857036041972921,100.0,0.0,0.0,0.0,100.0,0.0,0.0,0.0,0,0,0,0,0,0,0,0,,,,,115.15133059843933,223696.85809375,189.0,cea,MULTI_RES,NONE,NONE,
Baixa_Alfama,B1659,matched,14.94,28.64,4074.09,6907.39,2833.3,0.6954436450839329,69.54436450839329,55.11701012923508,44.88298987076494,0.0,0.0,58.8033063449093,41.1966936550907,0.0,0.0,1,2,1,1,0,0,0,2,0.6278399378061295,0.6102899603196982,0.4563768804073334,0.7993029952049255,28.00373985241896,40872.51146875,45.0,cea,MULTI_RES,NONE,NONE,
Baixa_Alfama,B1660,matched,64.31,122.2,15340.82,28763.05,13422.23,0.8749356292558025,87.49356292558025,0.0,0.0,0.0,100.0,0.0,0.0,0.0,100.0,1,1,0,1,0,0,0,1,0.9788342714309692,0.9788342714309692,0.9788342714309692,0.9788342714309692,120.77333587189283,203752.342546875,204.0,cea,MULTI_RES,NONE,NONE,
Baixa_Alfama,B1661,matched,36.42,70.17,9551.73,12921.48,3369.75,0.3527894946779275,35.27894946779275,0.0,0.0,100.0,0.0,0.0,0.0,100.0,0.0,1,1,1,0,0,0,0,1,0.9780502915382385,0.9780502915382385,0.9780502915382385,0.9780502915382385,68.66614039508707,90774.625109375,114.0,cea,MULTI_RES,NONE,NONE,
Baixa_Alfama,B1662,matched,11.67,11.67,2952.18,2920.83,-31.34999999999991,-0.010619271182651433,-1.0619271182651433,100.0,0.0,0.0,0.0,100.0,0.0,0.0,0.0,0,0,0,0,0,0,0,0,,,,,22.4819026071583,52419.5016875,35.0,cea,MULTI_RES,NONE,NONE,
Baixa_Alfama,B1663,matched,44.14,84.23,11535.66,20561.23,9025.57,0.7824060348519287,78.24060348519288,0.0,0.0,0.0,100.0,0.0,0.0,0.0,100.0,1,2,1,0,1,0,0,2,0.7634150087833405,0.7592454458638275,0.5337824821472168,0.9930475354194641,83.28915582237457,175937.289234375,136.0,cea,MULTI_RES,NONE,NONE,
Baixa_Alfama,B1664,matched,20.12,45.57,5107.95,10055.07,4947.12,0.9685137873315126,96.85137873315126,0.0,0.0,0.0,100.0,0.0,0.0,0.0,100.0,1,2,0,1,0,1,0,2,0.6771052181720734,0.6567979652324345,0.4728621244430542,0.8813483119010925,45.22335194817251,75415.686953125,74.0,cea,MULTI_RES,NONE,NONE,
Baixa_Alfama,B1665,matched,64.79,118.78,14507.26,24319.5,9812.24,0.6763675566578389,67.63675566578388,0.0,0.0,0.0,100.0,0.0,0.0,0.0,100.0,1,2,0,1,0,1,0,2,0.9728117287158966,0.9828219399860106,0.9467253088951111,0.9988981485366821,121.87707163671475,216742.529015625,200.0,cea,MULTI_RES,NONE,NONE,
Baixa_Alfama,B1666,matched,42.39,86.49,9177.58,19436.76,10259.179999999998,1.117852418611442,111.7852418611442,60.11099549080817,26.754538096889814,0.0,13.134466412302,60.58534831690396,24.68309189827821,0.0,14.73155978481783,1,3,0,1,1,1,0,3,0.650842954715093,0.5508346817978291,0.42792728543281555,0.8581064343452454,86.18545839120534,141115.0250625,136.0,cea,MULTI_RES,NONE,NONE,
Baixa_Alfama,B1667,matched,58.35,110.24,15251.57,28445.1,13193.529999999999,0.8650604495143778,86.50604495143777,73.65079365079364,0.0,26.34920634920635,0.0,76.77021090658684,0.0,23.229789093413157,0.0,1,2,1,1,0,0,0,2,0.7438770830631256,0.7004343878845093,0.6520404815673828,0.8357136845588684,109.65913509319184,257059.5305625,183.0,cea,MULTI_RES,NONE,NONE,
Baixa_Alfama,B1668,matched,69.35,69.35,17463.15,17248.45,-214.70000000000073,-0.012294460048731226,-1.2294460048731226,100.0,0.0,0.0,0.0,100.0,0.0,0.0,0.0,0,0,0,0,0,0,0,0,,,,,162.82945221528868,391205.90375,264.0,cea,MULTI_RES,NONE,NONE,
Baixa_Alfama,B1669,matched,66.3,125.3,17144.92,28782.19,11637.27,0.6787590726582569,67.87590726582569,0.0,0.0,49.84836392657621,50.15163607342379,0.0,0.0,46.10883747245587,53.89116252754413,1,2,1,1,0,0,0,2,0.7379287779331207,0.7376451639282142,0.6507574319839478,0.8251001238822937,122.74248404389087,276284.270671875,202.0,cea,MULTI_RES,NONE,NONE,
Baixa_Alfama,B1670,matched,38.13,38.13,9239.52,9226.08,-13.44000000000051,-0.0014546210192737836,-0.14546210192737835,100.0,0.0,0.0,0.0,100.0,0.0,0.0,0.0,0,0,0,0,0,0,0,0,,,,,78.98173360365305,158157.4619375,130.0,cea,MULTI_RES,NONE,NONE,
Baixa_Alfama,B1671,matched,66.75,66.75,15184.81,14677.29,-507.5199999999986,-0.033422874570047216,-3.3422874570047214,100.0,0.0,0.0,0.0,100.0,0.0,0.0,0.0,0,0,0,0,0,0,0,0,,,,,137.51067845205154,290754.245125,226.0,cea,MULTI_RES,NONE,NONE,
Baixa_Alfama,B1672,matched,20.3,20.3,3999.64,3659.02,-340.6199999999999,-0.08516266463981756,-8.516266463981756,100.0,0.0,0.0,0.0,100.0,0.0,0.0,0.0,0,0,0,0,0,0,0,0,,,,,55.279610604818956,132381.20084375,92.0,cea,MULTI_RES,NONE,NONE,
Baixa_Alfama,B1673,matched,90.22,158.12,17936.19,30689.53,12753.34,0.7110395240014742,71.10395240014742,0.0,0.0,0.0,100.0,0.0,0.0,0.0,100.0,1,2,0,1,0,1,0,2,0.6983813941478729,0.6793425194457519,0.5399274826049805,0.8568353056907654,173.50324464063598,349563.9767109375,284.0,cea,MULTI_RES,NONE,NONE,
Baixa_Alfama,B1674,matched,72.08,145.33,19258.75,35557.03,16298.279999999999,0.8462792237294735,84.62792237294735,0.0,0.0,0.0,100.0,0.0,0.0,0.0,100.0,1,2,0,1,0,1,0,2,0.9206195771694183,0.9231269737435238,0.9123020172119141,0.9289371371269226,144.27344518313325,312580.4065,234.0,cea,MULTI_RES,NONE,NONE,
Baixa_Alfama,B1675,matched,37.43,37.43,9028.91,8649.12,-379.78999999999905,-0.0420637707098641,-4.2063770709864094,100.0,0.0,0.0,0.0,100.0,0.0,0.0,0.0,0,0,0,0,0,0,0,0,,,,,76.20395509268342,128835.929953125,125.0,cea,MULTI_RES,NONE,NONE,
Baixa_Alfama,B1676,matched,31.88,31.88,8228.69,7958.92,-269.77000000000044,-0.032784076201679786,-3.278407620167979,100.0,0.0,0.0,0.0,100.0,0.0,0.0,0.0,0,0,0,0,0,0,0,0,,,,,59.778520403928326,132790.606125,97.0,cea,MULTI_RES,NONE,NONE,
Baixa_Alfama,B1677,matched,27.72,27.72,6978.72,6403.08,-575.6400000000003,-0.08248504023660504,-8.248504023660503,100.0,0.0,0.0,0.0,100.0,0.0,0.0,0.0,0,0,0,0,0,0,0,0,,,,,52.0455076651837,107119.4673125,86.0,cea,SINGLE_RES,NONE,NONE,
Baixa_Alfama,B1678,matched,18.2,38.65,2729.49,6259.27,3529.7800000000007,1.2932012940146331,129.3201294014633,0.0,0.0,100.0,0.0,0.0,0.0,100.0,0.0,1,1,1,0,0,0,0,1,0.8703479170799255,0.8703479170799255,0.8703479170799255,0.8703479170799255,38.333581284874924,64679.06521875,62.0,cea,MULTI_RES,NONE,NONE,
Baixa_Alfama,B1679,matched,24.57,29.83,4035.43,4936.22,900.7900000000004,0.22322032596278474,22.322032596278476,73.91887361716392,0.0,26.08112638283607,0.0,75.04628897143976,0.0,24.953711028560225,0.0,1,2,1,0,1,0,0,2,0.7928009629249573,0.7899595618093945,0.7462159991264343,0.8393859267234802,46.047024947024255,81736.44121875,76.0,cea,MULTI_RES,NONE,NONE,
Baixa_Alfama,B1680,matched,23.46,44.86,5019.96,6589.35,1569.3900000000003,0.3126299811153874,31.262998111538742,0.0,0.0,0.0,100.0,0.0,0.0,0.0,100.0,1,1,0,0,0,1,0,1,0.5636676549911499,0.5636676549911499,0.5636676549911499,0.5636676549911499,49.79951876423754,87865.40115625001,84.0,cea,MULTI_RES,NONE,NONE,
Baixa_Alfama,B1681,matched,22.04,39.89,5384.24,10362.98,4978.74,0.9246876067931593,92.46876067931593,100.0,0.0,0.0,0.0,100.0,0.0,0.0,0.0,1,2,0,1,0,0,1,2,0.4010213166475296,0.3980134155026906,0.3696296513080597,0.4324129819869995,54.46337869587917,115240.29565625,90.0,cea,MULTI_RES,NONE,NONE,
Baixa_Alfama,B1682,matched,45.98,45.65,9451.58,10380.3,928.7199999999993,0.0982608198840828,9.82608198840828,100.0,0.0,0.0,0.0,100.0,0.0,0.0,0.0,1,1,0,0,0,0,1,1,0.7298060059547424,0.7298060059547424,0.7298060059547424,0.7298060059547424,86.12489054511884,156071.84096875,143.0,cea,MULTI_RES,NONE,NONE,
Baixa_Alfama,B1683,matched,23.43,38.76,6397.02,10147.78,3750.76,0.5863292595614833,58.63292595614833,1.780185758513932,0.0,28.482972136222912,69.73684210526315,1.8720681760936806,0.0,24.076237288467706,74.05169453543861,1,3,1,1,1,0,0,3,0.6175004541873932,0.5219033233060948,0.40302929282188416,0.867923378944397,43.906248278591946,85283.4415625,71.0,cea,MULTI_RES,NONE,NONE,
Baixa_Alfama,B1684,matched,23.48,46.76,4098.67,9097.1,4998.43,1.2195248702627925,121.95248702627926,0.0,0.0,0.0,100.0,0.0,0.0,0.0,100.0,1,1,0,0,1,0,0,1,0.6570984125137329,0.6570984125137329,0.6570984125137329,0.6570984125137329,45.43752901611112,73313.58815625,75.0,cea,MULTI_RES,NONE,NONE,
Baixa_Alfama,B1685,matched,21.45,40.9,5935.18,8885.08,2949.8999999999996,0.49701946697488525,49.70194669748852,0.0,0.0,0.0,100.0,0.0,0.0,0.0,100.0,1,1,0,0,0,1,0,1,0.5636676549911499,0.5636676549911499,0.5636676549911499,0.5636676549911499,40.374185340243606,84290.287125,67.0,cea,MULTI_RES,NONE,NONE,
Baixa_Alfama,B1686,matched,48.45,48.45,9789.98,9876.71,86.72999999999956,0.00885905793474548,0.8859057934745481,100.0,0.0,0.0,0.0,100.0,0.0,0.0,0.0,0,0,0,0,0,0,0,0,,,,,95.01777947681815,173336.96290625,155.0,cea,MULTI_RES,NONE,NONE,
Baixa_Alfama,B1687,matched,17.35,48.61,3810.87,6220.78,2409.91,0.6323779084565991,63.237790845659916,0.0,100.0,0.0,0.0,0.0,100.0,0.0,0.0,1,1,1,0,0,0,0,1,0.7358903884887695,0.7358903884887695,0.7358903884887695,0.7358903884887695,50.44748498820322,79446.5045625,85.0,cea,MULTI_RES,NONE,NONE,
Baixa_Alfama,B1688,matched,27.15,51.56,5431.54,8312.57,2881.0299999999997,0.5304259933646811,53.04259933646811,0.0,0.0,0.0,100.0,0.0,0.0,0.0,100.0,1,1,1,0,0,0,0,1,0.7562573552131653,0.7562573552131653,0.7562573552131653,0.7562573552131653,50.69754965517444,98209.2924375,84.0,cea,MULTI_RES,NONE,NONE,
Baixa_Alfama,B1689,matched,20.62,39.28,5272.17,10397.11,5124.9400000000005,0.9720741174886243,97.20741174886243,100.0,0.0,0.0,0.0,100.0,0.0,0.0,0.0,1,1,0,0,1,0,0,1,0.4942502975463867,0.4942502975463868,0.4942502975463867,0.4942502975463867,38.643718990906365,67321.34175,63.0,cea,MULTI_RES,NONE,NONE,
Baixa_Alfama,B1690,matched,34.36,34.36,9344.27,9335.92,-8.350000000000364,-0.0008935957544035396,-0.08935957544035396,100.0,0.0,0.0,0.0,100.0,0.0,0.0,0.0,0,0,0,0,0,0,0,0,,,,,65.81029912285591,160080.715375,108.0,cea,MULTI_RES,NONE,NONE,
Baixa_Alfama,B1691,matched,40.09,74.72,10505.26,14873.17,4367.91,0.4157831410169762,41.57831410169762,0.0,0.0,100.0,0.0,0.0,0.0,100.0,0.0,1,1,1,0,0,0,0,1,0.6709144115447998,0.6709144115447998,0.6709144115447998,0.6709144115447998,75.1366552106975,163115.20871875001,124.0,cea,MULTI_RES,NONE,NONE,
Baixa_Alfama,B1692,matched,39.05,39.05,9417.66,9246.65,-171.01000000000022,-0.018158438508079525,-1.8158438508079526,100.0,0.0,0.0,0.0,100.0,0.0,0.0,0.0,0,0,0,0,0,0,0,0,,,,,71.05875374743262,90341.8745390625,117.0,cea,MULTI_RES,NONE,NONE,
Baixa_Alfama,B1693,matched,40.14,81.88,9805.42,14759.08,4953.66,0.5051961058271853,50.519610582718535,0.0,4.983510443385855,30.792720166117014,64.22376939049713,0.0,6.094871860594797,33.58277336226014,60.32235477714506,1,3,1,1,1,0,0,3,0.83488796154658,0.8683290047155753,0.7243815660476685,0.9273255467414856,88.04385259944158,159731.6149375,147.0,cea,MULTI_RES,NONE,NONE,
Baixa_Alfama,B1694,matched,27.36,39.02,7413.19,11092.11,3678.920000000001,0.496266789330909,49.6266789330909,100.0,0.0,0.0,0.0,100.0,0.0,0.0,0.0,1,2,0,0,1,0,1,2,0.3990781605243683,0.39743484306951704,0.3768759071826935,0.4212804138660431,51.28606543160114,106138.9928125,82.0,cea,MULTI_RES,NONE,NONE,
Baixa_Alfama,B1695,matched,18.39,18.39,5028.94,5026.32,-2.619999999999891,-0.0005209845414739272,-0.05209845414739272,100.0,0.0,0.0,0.0,100.0,0.0,0.0,0.0,0,0,0,0,0,0,0,0,,,,,34.185839912151444,45133.893312500004,57.0,cea,MULTI_RES,NONE,NONE,
Baixa_Alfama,B1696,matched,26.24,46.85,6842.67,11454.02,4611.35,0.6739109148914094,67.39109148914095,0.0,0.0,0.0,100.0,0.0,0.0,0.0,100.0,1,2,0,0,1,1,0,2,0.6039803475141525,0.6162361376875296,0.41437265276908875,0.7935880422592163,49.17214144655434,123134.37443750001,80.0,cea,MULTI_RES,NONE,NONE,
Baixa_Alfama,B1697,matched,18.94,18.94,4560.6,4471.02,-89.57999999999993,-0.019642152348375196,-1.9642152348375197,100.0,0.0,0.0,0.0,100.0,0.0,0.0,0.0,0,0,0,0,0,0,0,0,,,,,35.5199786132268,92022.437,58.0,cea,MULTI_RES,NONE,NONE,
Baixa_Alfama,B1698,matched,17.56,42.23,3614.44,4962.83,1348.3899999999999,0.37305640707827487,37.305640707827486,45.12310606060606,0.0,54.876893939393945,0.0,37.2782174399087,0.0,62.721782560091285,0.0,1,2,0,1,0,1,0,2,0.9146718084812164,0.9169958250068082,0.8568960428237915,0.9724475741386414,42.23063543102844,76253.465640625,70.0,cea,MULTI_RES,NONE,NONE,
Baixa_Alfama,B1699,matched,15.45,29.51,3148.49,4547.78,1399.29,0.4444320928445064,44.44320928445064,0.0,100.0,0.0,0.0,0.0,100.0,0.0,0.0,1,1,1,0,0,0,0,1,0.7358903884887695,0.7358903884887695,0.7358903884887695,0.7358903884887695,47.32157402034085,68855.547875,79.0,cea,MULTI_RES,NONE,NONE,
Baixa_Alfama,B1700,matched,44.13,44.13,12037.11,12051.48,14.369999999998981,0.0011938081483012933,0.11938081483012933,100.0,0.0,0.0,0.0,100.0,0.0,0.0,0.0,0,0,0,0,0,0,0,0,,,,,82.93856677307288,177517.3780625,135.0,cea,MULTI_RES,NONE,NONE,
Baixa_Alfama,B1701,matched,21.75,42.07,5406.31,11543.91,6137.599999999999,1.1352660132326853,113.52660132326852,100.0,0.0,0.0,0.0,100.0,0.0,0.0,0.0,1,1,0,0,1,0,0,1,0.6657966375350952,0.6657966375350952,0.6657966375350952,0.6657966375350952,41.08578692566594,94876.42075,69.0,cea,MULTI_RES,NONE,NONE,
Baixa_Alfama,B1702,matched,28.34,88.66,4842.19,16067.54,11225.350000000002,2.318238235178711,231.82382351787112,0.0,0.0,0.0,100.0,0.0,0.0,0.0,100.0,1,2,0,1,0,1,0,2,0.7846901714801788,0.7846957707004155,0.7070766687393188,0.8623036742210388,86.35110832543411,229534.209875,143.0,cea,MULTI_RES,NONE,NONE,
Baixa_Alfama,B1703,matched,57.3,109.64,15393.51,26168.38,10774.87,0.699961867046567,69.99618670465671,44.117110543597235,0.0,55.88288945640277,0.0,47.82665809855918,0.0,52.173341901440814,0.0,1,2,1,0,1,0,0,2,0.9647431075572968,0.9616351181529129,0.9383585453033447,0.9911276698112488,107.32503665798396,253598.730625,174.0,cea,MULTI_RES,NONE,NONE,
Baixa_Alfama,B1704,matched,23.83,25.71,6084.17,6406.93,322.7600000000002,0.053049142282349145,5.304914228234915,100.0,0.0,0.0,0.0,100.0,0.0,0.0,0.0,1,1,0,0,0,0,1,1,0.5459657907485962,0.5459657907485962,0.5459657907485962,0.5459657907485962,48.1871712044388,116291.7450625,81.0,cea,MULTI_RES,NONE,NONE,
Baixa_Alfama,B1705,matched,20.23,21.0,5261.69,5272.57,10.88000000000011,0.002067776702922466,0.20677767029224658,100.0,0.0,0.0,0.0,100.0,0.0,0.0,0.0,1,1,0,0,0,0,1,1,0.5459657907485962,0.5459657907485962,0.5459657907485962,0.5459657907485962,39.352913190474496,102746.027,65.0,cea,MULTI_RES,NONE,NONE,
Baixa_Alfama,B1706,matched,14.88,30.27,2823.48,5907.04,3083.56,1.092113278649043,109.2113278649043,100.0,0.0,0.0,0.0,100.0,0.0,0.0,0.0,1,1,0,0,1,0,0,1,0.6657966375350952,0.6657966375350952,0.6657966375350952,0.6657966375350952,51.01244340559012,73192.4666875,84.0,cea,MULTI_RES,NONE,NONE,
Baixa_Alfama,B1707,matched,26.87,51.61,7346.44,11875.58,4529.14,0.6165081318298388,61.650813182983875,0.0,100.0,0.0,0.0,0.0,100.0,0.0,0.0,1,2,0,1,0,1,0,2,0.7272167503833771,0.7343073470805841,0.6118249297142029,0.8426085710525513,50.35809276364566,77924.6474375,81.0,cea,MULTI_RES,NONE,NONE,
Baixa_Alfama,B1708,matched,33.3,51.92,8929.75,14130.66,5200.91,0.5824250398947339,58.24250398947339,100.0,0.0,0.0,0.0,100.0,0.0,0.0,0.0,1,2,0,0,1,0,1,2,0.3990781605243683,0.40371475060083345,0.3768759071826935,0.4212804138660431,62.40819612241484,158259.69950000002,104.0,cea,MULTI_RES,NONE,NONE,
Baixa_Alfama,B1709,matched,40.72,78.59,6723.65,11729.45,5005.800000000001,0.7445063321261519,74.45063321261519,37.16757857233745,0.0,62.832421427662545,0.0,37.10423260804485,0.0,62.89576739195514,0.0,1,2,1,0,1,0,0,2,0.7896805107593536,0.7886095795260115,0.6964291930198669,0.8829318284988403,95.24786222506232,169175.38315625,156.0,cea,MULTI_RES,NONE,NONE,
Baixa_Alfama,B1710,matched,27.55,51.96,6587.09,8691.55,2104.459999999999,0.31948250289581576,31.948250289581576,0.0,0.0,100.0,0.0,0.0,0.0,100.0,0.0,1,1,1,0,0,0,0,1,0.7562573552131653,0.7562573552131653,0.7562573552131653,0.7562573552131653,51.097959960008914,75019.79521484375,83.0,cea,MULTI_RES,NONE,NONE,
Baixa_Alfama,B1711,matched,43.05,86.86,9339.96,17885.47,8545.510000000002,0.9149407492109177,91.49407492109177,49.05030505352826,50.949694946471745,0.0,0.0,51.54568129641029,48.45431870358971,0.0,0.0,1,2,0,1,1,0,0,2,0.7461443245410919,0.744970868360229,0.6848164200782776,0.8074722290039062,84.65127128354413,169291.172375,140.0,cea,MULTI_RES,NONE,NONE,
Baixa_Alfama,B1712,matched,19.6,30.97,3073.45,3997.76,924.3100000000004,0.3007402105126163,30.074021051261628,0.0,0.0,0.0,100.0,0.0,0.0,0.0,100.0,1,1,1,0,0,0,0,1,0.602171003818512,0.602171003818512,0.602171003818512,0.602171003818512,82.62686422221017,175122.7825625,135.0,cea,MULTI_RES,NONE,NONE,
Baixa_Alfama,B1713,matched,41.0,80.67,8754.06,13299.79,4545.730000000001,0.5192710582289819,51.92710582289819,32.11009174311927,0.0,67.88990825688074,0.0,29.474544265298736,0.0,70.52545573470125,0.0,1,2,0,1,0,1,0,2,0.7594349980354309,0.790651614731828,0.6780424118041992,0.8408275842666626,87.05897375451805,152312.72612500002,142.0,cea,MULTI_RES,NONE,NONE,
Baixa_Alfama,B1714,matched,53.35,102.57,14609.11,25339.16,10730.05,0.7344766382072555,73.44766382072555,0.0,0.0,0.0,100.0,0.0,0.0,0.0,100.0,1,2,0,1,0,1,0,2,0.9313337206840515,0.9315463924805476,0.914385199546814,0.9482822418212891,99.16012989855582,228296.0280625,164.0,cea,MULTI_RES,NONE,NONE,
Baixa_Alfama,B1715,matched,31.5,31.5,6827.46,6553.52,-273.9399999999996,-0.04012326692503502,-4.0123266925035015,100.0,0.0,0.0,0.0,100.0,0.0,0.0,0.0,0,0,0,0,0,0,0,0,,,,,59.028310138264914,103643.983125,96.0,cea,MULTI_RES,NONE,NONE,
Baixa_Alfama,B1716,matched,82.34,82.34,21799.49,21767.05,-32.44000000000233,-0.0014881082080361663,-0.14881082080361663,100.0,0.0,0.0,0.0,100.0,0.0,0.0,0.0,0,0,0,0,0,0,0,0,,,,,154.06152530493023,382847.4234375,254.0,cea,MULTI_RES,NONE,NONE,
Baixa_Alfama,B1717,matched,22.34,42.95,5373.03,7145.11,1772.08,0.32981018159213704,32.981018159213704,0.0,100.0,0.0,0.0,0.0,100.0,0.0,0.0,1,1,0,1,0,0,0,1,0.9040974974632263,0.9040974974632263,0.9040974974632263,0.9040974974632263,41.71149233168162,47100.914859375,68.0,cea,MULTI_RES,NONE,NONE,
Baixa_Alfama,B1718,matched,25.4,31.67,5422.99,5187.01,-235.97999999999956,-0.043514740023492496,-4.351474002349249,0.0,100.0,0.0,0.0,0.0,100.0,0.0,0.0,1,2,1,0,1,0,0,2,0.7131176888942719,0.7152617453243535,0.6867774128913879,0.7394579648971558,56.70033521399262,55884.777457031254,93.0,cea,MULTI_RES,NONE,NONE,
Baixa_Alfama,B1719,matched,22.0,42.3,5933.29,9017.16,3083.87,0.5197571667658247,51.97571667658247,0.0,0.0,0.0,100.0,0.0,0.0,0.0,100.0,1,1,1,0,0,0,0,1,0.8740318417549133,0.8740318417549133,0.8740318417549133,0.8740318417549133,47.31140218693627,133603.867125,84.0,cea,MULTI_RES,NONE,NONE,
Baixa_Alfama,B1720,matched,18.04,18.04,3673.09,3637.33,-35.76000000000022,-0.00973567214525106,-0.973567214525106,100.0,0.0,0.0,0.0,100.0,0.0,0.0,0.0,0,0,0,0,0,0,0,0,,,,,34.47300788660972,58465.9711328125,54.0,cea,MULTI_RES,NONE,NONE,
Baixa_Alfama,B1721,matched,38.23,70.98,6217.53,11039.34,4821.81,0.7755185740961443,77.55185740961443,36.23555931248239,0.0,63.764440687517606,0.0,39.312765513614245,0.0,60.687234486385755,0.0,1,2,0,0,1,1,0,2,0.8275843858718872,0.8278037084514908,0.7722676992416382,0.8829010725021362,99.45779436986341,184428.3341875,165.0,cea,MULTI_RES,NONE,NONE,
Baixa_Alfama,B1722,matched,40.66,77.58,10787.88,21788.98,11001.1,1.019764773060138,101.9764773060138,0.0,0.0,0.0,100.0,0.0,0.0,0.0,100.0,1,1,0,0,1,0,0,1,0.7185143828392029,0.7185143828392029,0.7185143828392029,0.7185143828392029,76.30668268661285,180739.844625,127.0,cea,MULTI_RES,NONE,NONE,
Baixa_Alfama,B1723,matched,37.83,73.5,10273.43,19541.17,9267.739999999998,0.9021076699797437,90.21076699797436,100.0,0.0,0.0,0.0,100.0,0.0,0.0,0.0,1,1,0,0,1,0,0,1,0.7766028642654419,0.7766028642654419,0.7766028642654419,0.7766028642654419,71.39677052951632,152053.390625,115.0,cea,MULTI_RES,NONE,NONE,
Baixa_Alfama,B1724,matched,23.06,54.37,5979.96,10994.27,5014.31,0.8385189867490753,83.85189867490753,0.0,0.0,0.0,100.0,0.0,0.0,0.0,100.0,1,1,1,0,0,0,0,1,0.8740318417549133,0.8740318417549133,0.8740318417549133,0.8740318417549133,53.670148504634525,101416.58875,89.0,cea,MULTI_RES,NONE,NONE,
Baixa_Alfama,B1725,matched,50.26,93.66,13646.58,20731.66,7085.08,0.5191835610094251,51.91835610094251,58.93028717839223,0.0,41.06971282160777,0.0,60.03255153205986,0.0,39.96744846794013,0.0,1,2,1,0,0,1,0,2,0.935953825712204,0.9432411618342267,0.8951393961906433,0.9767682552337646,91.99935855440603,202499.8265625,149.0,cea,MULTI_RES,NONE,NONE,
Baixa_Alfama,B1726,matched,33.67,33.67,8652.94,8172.17,-480.77000000000044,-0.05556146234690179,-5.556146234690179,100.0,0.0,0.0,0.0,100.0,0.0,0.0,0.0,0,0,0,0,0,0,0,0,,,,,67.07231177313902,158794.1425625,110.0,cea,MULTI_RES,NONE,NONE,
Baixa_Alfama,B1727,matched,50.83,95.93,13817.21,21580.43,7763.220000000001,0.5618514881079466,56.18514881079466,25.349176568688765,0.0,22.076297686053785,52.57452574525746,27.9050966032703,0.0,20.894810794661343,51.200092602068345,1,3,1,0,1,1,0,3,0.8538618882497152,0.8363783032261188,0.7958009839057922,0.9048292636871338,95.38385257358166,218447.41468750002,158.0,cea,MULTI_RES,NONE,NONE,
Baixa_Alfama,B1728,matched,24.95,48.84,6815.81,10928.29,4112.4800000000005,0.6033736269056796,60.337362690567964,0.0,0.0,58.96805896805897,41.03194103194103,0.0,0.0,56.14936717902951,43.8506328209705,1,2,1,1,0,0,0,2,0.8559543490409851,0.8649965460797586,0.805516242980957,0.9063924551010132,47.86159932111353,125656.84850000001,78.0,cea,MULTI_RES,NONE,NONE,
Baixa_Alfama,B1729,matched,36.19,78.36,9403.22,16789.6,7386.379999999999,0.7855160253615251,78.55160253615252,48.92178129386244,0.0,51.07821870613755,0.0,52.79916327461186,0.0,47.20083672538814,0.0,1,2,1,0,1,0,0,2,0.8947291970252991,0.8936569953872054,0.8449918627738953,0.9444665312767029,76.82633164546122,110186.46709375,127.0,cea,MULTI_RES,NONE,NONE,
Baixa_Alfama,B1730,matched,21.68,21.68,5850.72,5683.7,-167.02000000000044,-0.028546913884103225,-2.8546913884103224,100.0,0.0,0.0,0.0,100.0,0.0,0.0,0.0,0,0,0,0,0,0,0,0,,,,,40.6301556799338,61589.2731875,65.0,cea,MULTI_RES,NONE,NONE,
Baixa_Alfama,B1731,matched,12.88,12.88,1789.08,1707.67,-81.40999999999985,-0.04550383437297374,-4.550383437297374,100.0,0.0,0.0,0.0,100.0,0.0,0.0,0.0,0,0,0,0,0,0,0,0,,,,,25.32669779072217,42334.46728125,41.0,cea,MULTI_RES,NONE,NONE,
Baixa_Alfama,B1732,matched,21.71,21.71,5270.97,5041.44,-229.53000000000065,-0.04354606457634945,-4.354606457634945,100.0,0.0,0.0,0.0,100.0,0.0,0.0,0.0,0,0,0,0,0,0,0,0,,,,,44.422774381090534,76809.7945,73.0,cea,MULTI_RES,NONE,NONE,
Baixa_Alfama,B1733,matched,28.17,55.92,7508.16,13500.46,5992.299999999999,0.798104995098666,79.81049950986659,0.0,0.0,0.0,100.0,0.0,0.0,0.0,100.0,1,2,0,1,0,1,0,2,0.7905143201351166,0.7906167297711204,0.7589501738548279,0.8220784664154053,54.6922522482085,68541.4146015625,91.0,cea,MULTI_RES,NONE,NONE,
Baixa_Alfama,B1734,matched,5.83,5.83,936.63,862.44,-74.18999999999994,-0.07920950642195952,-7.920950642195952,100.0,0.0,0.0,0.0,100.0,0.0,0.0,0.0,0,0,0,0,0,0,0,0,,,,,45.352975926762596,50116.2596875,77.0,cea,MULTI_RES,NONE,NONE,
Baixa_Alfama,B1735,matched,58.42,122.23,15869.77,30091.62,14221.849999999999,0.8961598057186713,89.61598057186713,0.0,0.0,0.0,100.0,0.0,0.0,0.0,100.0,1,2,0,1,0,1,0,2,0.8072870373725891,0.8129586671739286,0.6744001507759094,0.9401739239692688,119.52330320091268,259331.76278125,196.0,cea,MULTI_RES,NONE,NONE,
Baixa_Alfama,B1736,matched,30.62,60.13,8139.96,13659.73,5519.7699999999995,0.678107754829262,67.8107754829262,0.0,0.0,0.0,100.0,0.0,0.0,0.0,100.0,1,2,0,1,0,1,0,2,0.7241257131099701,0.7522980142272486,0.5587979555130005,0.8894534707069397,58.41170112733532,93143.263890625,94.0,cea,MULTI_RES,NONE,NONE,
Baixa_Alfama,B1737,matched,31.06,31.06,7568.88,7338.27,-230.60999999999967,-0.030468180232742448,-3.046818023274245,100.0,0.0,0.0,0.0,100.0,0.0,0.0,0.0,0,0,0,0,0,0,0,0,,,,,59.58169289722136,164951.2585625,99.0,cea,MULTI_RES,NONE,NONE,
Baixa_Alfama,B1738,matched,30.55,64.85,7795.45,14002.54,6207.090000000001,0.7962452456240501,79.62452456240501,56.25289128758675,0.0,43.747108712413265,0.0,57.12524796590696,0.0,42.874752034093056,0.0,1,2,1,0,1,0,0,2,0.7161558717489243,0.7453484674873764,0.4825649559497833,0.9497467875480652,63.28306500496437,147741.513125,105.0,cea,MULTI_RES,NONE,NONE,
Baixa_Alfama,B1739,matched,18.44,39.92,4689.97,8074.58,3384.6099999999997,0.721669861427685,72.1669861427685,0.0,0.0,0.0,100.0,0.0,0.0,0.0,100.0,1,1,0,0,0,1,0,1,0.8904832601547241,0.8904832601547241,0.8904832601547241,0.8904832601547241,38.403487130128475,67658.29446875,63.0,cea,MULTI_RES,NONE,NONE,
Baixa_Alfama,B1740,matched,39.83,75.95,8870.92,12656.17,3785.25,0.42670320552997887,42.670320552997886,0.0,100.0,0.0,0.0,0.0,100.0,0.0,0.0,1,2,1,0,1,0,0,2,0.7993916571140289,0.8044535445726354,0.6289363503456116,0.9698469638824463,97.99429154638172,200154.9247421875,160.0,cea,MULTI_RES,NONE,NONE,
Baixa_Alfama,B1741,matched,23.6,13.36,3979.25,2546.65,-1432.6,-0.3600175912546334,-36.00175912546334,100.0,0.0,0.0,0.0,100.0,0.0,0.0,0.0,0,0,0,0,0,0,0,0,,,,,47.932220795926,84635.070203125,79.0,cea,MULTI_RES,NONE,NONE,
Baixa_Alfama,B1742,matched,29.75,54.29,5619.84,7618.9,1999.0599999999995,0.35571475344493786,35.571475344493784,46.70349907918968,0.0,53.29650092081031,0.0,40.42659284648656,0.0,59.57340715351346,0.0,1,2,1,0,1,0,0,2,0.650273323059082,0.6476384289666197,0.40678834915161133,0.8937582969665527,55.76376020460366,125167.9726875,92.0,cea,MULTI_RES,NONE,NONE,
Baixa_Alfama,B1743,matched,20.48,39.8,4444.56,9075.96,4631.399999999999,1.0420379070144172,104.20379070144172,100.0,0.0,0.0,0.0,100.0,0.0,0.0,0.0,1,1,0,0,1,0,0,1,0.8392648100852966,0.8392648100852966,0.8392648100852966,0.8392648100852966,38.571868158620205,98644.09725,64.0,cea,MULTI_RES,NONE,NONE,
Baixa_Alfama,B1744,matched,17.88,35.29,3467.3,8061.69,4594.389999999999,1.3250627289245231,132.5062728924523,100.0,0.0,0.0,0.0,100.0,0.0,0.0,0.0,1,1,0,0,1,0,0,1,0.8392648100852966,0.8392648100852966,0.8392648100852966,0.8392648100852966,34.21185511826722,88464.564,56.0,cea,MULTI_RES,NONE,NONE,
Baixa_Alfama,B1746,matched,23.04,43.95,6291.22,10419.6,4128.38,0.6562129443891646,65.62129443891645,50.352673492605234,0.0,49.64732650739477,0.0,55.448952317454726,0.0,44.55104768254527,0.0,1,2,1,0,1,0,0,2,0.9711450934410095,0.9709524746747912,0.9441637396812439,0.9981264472007751,43.18192635669492,100729.1340625,73.0,cea,MULTI_RES,NONE,NONE,
Baixa_Alfama,B1747,matched,32.04,61.91,8191.96,14439.27,6247.31,0.7626148076894907,76.26148076894907,51.40503875968992,0.0,48.59496124031008,0.0,58.46178160425537,0.0,41.538218395744636,0.0,1,2,1,0,1,0,0,2,0.9855041205883026,0.9857814448662062,0.9756120443344116,0.9953961968421936,60.05627349580471,123314.22165625,100.0,cea,MULTI_RES,NONE,NONE,
Baixa_Alfama,B1748,matched,48.15,48.15,10317.0,10181.22,-135.78000000000065,-0.01316080255888346,-1.316080255888346,100.0,0.0,0.0,0.0,100.0,0.0,0.0,0.0,0,0,0,0,0,0,0,0,,,,,142.7480030091869,143618.750546875,237.0,cea,MULTI_RES,NONE,NONE,
Baixa_Alfama,B1749,matched,6.99,6.99,943.18,954.38,11.200000000000045,0.011874721686210529,1.187472168621053,100.0,0.0,0.0,0.0,100.0,0.0,0.0,0.0,0,0,0,0,0,0,0,0,,,,,13.104248765239682,33791.12275,22.0,cea,MULTI_RES,NONE,NONE,
Baixa_Alfama,B1750,matched,138.49,261.63,37219.26,62858.3,25639.04,0.6888648511550203,68.88648511550203,28.32135759058248,0.0,22.076135147530962,49.602507261886565,31.245725810378804,0.0,17.89387475367225,50.86039943594894,1,4,1,1,1,1,0,4,0.5797466859221458,0.6009322220717219,0.4146181344985962,0.8203907012939453,261.7152273350213,661264.395,431.0,cea,MULTI_RES,NONE,NONE,
Baixa_Alfama,B1752,matched,27.6,55.83,7475.49,13415.57,5940.08,0.7946074437929821,79.4607443792982,47.29487638839125,0.0,52.70512361160875,0.0,54.53397085858662,0.0,45.46602914141338,0.0,1,2,1,0,1,0,0,2,0.9847655296325684,0.9850294525008664,0.9798824191093445,0.9896486401557922,53.15617199000547,83397.269171875,87.0,cea,MULTI_RES,NONE,NONE,
Baixa_Alfama,B1753,matched,44.87,86.57,10613.0,15772.43,5159.43,0.4861424667860172,48.61424667860172,45.806377079482445,0.0,54.19362292051756,0.0,44.4626663125657,0.0,55.5373336874343,0.0,1,2,1,0,1,0,0,2,0.9940205514431,0.9940819388661335,0.9928680658340454,0.9951730370521545,86.30808339620148,171706.745890625,143.0,cea,MULTI_RES,NONE,NONE,
Baixa_Alfama,B1754,matched,12.68,12.68,2521.21,2277.09,-244.1199999999999,-0.09682652377231563,-9.682652377231562,100.0,0.0,0.0,0.0,100.0,0.0,0.0,0.0,0,0,0,0,0,0,0,0,,,,,23.636317375220415,14887.078031250001,39.0,cea,MULTI_RES,NONE,NONE,
Baixa_Alfama,B1755,matched,13.43,18.81,2741.3,2304.3,-437.0,-0.15941341699193812,-15.941341699193812,0.0,100.0,0.0,0.0,0.0,100.0,0.0,0.0,1,2,0,1,0,1,0,2,0.7808723449707031,0.785302957456064,0.7503960728645325,0.8113486170768738,31.59066828688352,76279.554625,53.0,cea,MULTI_RES,NONE,NONE,
Baixa_Alfama,B1756,matched,3.51,13.58,889.49,2801.14,1911.6499999999999,2.1491528853612745,214.91528853612743,0.0,100.0,0.0,0.0,0.0,100.0,0.0,0.0,1,2,0,1,0,1,0,2,0.7474715709686279,0.7538591556405152,0.5367769598960876,0.9581661820411682,13.26761311907159,13491.516375000001,19.0,cea,MULTI_RES,NONE,NONE,
Baixa_Alfama,B1757,matched,59.52,59.52,16066.39,15479.75,-586.6399999999994,-0.036513491829838526,-3.6513491829838527,100.0,0.0,0.0,0.0,100.0,0.0,0.0,0.0,0,0,0,0,0,0,0,0,,,,,107.90512729432434,180066.467859375,179.0,cea,MULTI_RES,NONE,NONE,
Baixa_Alfama,B1758,matched,263.29,263.29,71828.91,71813.04,-15.870000000009895,-0.0002209416793323175,-0.02209416793323175,100.0,0.0,0.0,0.0,100.0,0.0,0.0,0.0,0,0,0,0,0,0,0,0,,,,,498.0800456709897,1017691.8625703126,817.0,cea,MULTI_RES,NONE,NONE,
Baixa_Alfama,B1759,matched,17.17,41.49,3692.2,7002.91,3310.71,0.8966767780726939,89.66767780726938,0.0,0.0,45.566265060240966,54.433734939759034,0.0,0.0,45.45802162994064,54.54197837005938,1,3,1,1,0,1,0,3,0.3881981273492177,0.3889670243979724,0.3770105242729187,0.3955255150794983,40.935546504355116,68583.684125,67.0,cea,MULTI_RES,NONE,NONE,
Baixa_Alfama,B1760,matched,44.36,84.33,10079.66,17735.83,7656.170000000002,0.7595662948948677,75.95662948948677,0.0,0.0,0.0,100.0,0.0,0.0,0.0,100.0,1,2,0,1,0,1,0,2,0.5296984314918518,0.5316839305644009,0.479339599609375,0.5800572633743286,83.16692230664349,168574.156625,139.0,cea,MULTI_RES,NONE,NONE,
Baixa_Alfama,B1761,matched,81.01,171.44,19550.31,35341.53,15791.219999999998,0.8077222304914856,80.77222304914856,0.0,0.0,50.83707635769701,49.16292364230298,0.0,0.0,46.13089180435907,53.86910819564095,1,3,1,1,0,1,0,3,0.6239601174990336,0.5955829163926103,0.43773582577705383,0.9832108020782471,172.22222276342058,399699.22653125,282.0,cea,MULTI_RES,NONE,NONE,
Baixa_Alfama,B1762,matched,0.64,0.64,174.05,174.03,-0.020000000000010232,-0.00011490950876190882,-0.011490950876190882,100.0,0.0,0.0,0.0,100.0,0.0,0.0,0.0,0,0,0,0,0,0,0,0,,,,,1.7000580369762603,4622.295875,3.0,cea,MULTI_RES,NONE,NONE,
Baixa_Alfama,B1766,matched,102.23,198.0,27318.93,48546.85,21227.92,0.7770406820472104,77.70406820472104,47.10101010101009,52.8989898989899,0.0,0.0,50.100151612341904,49.8998483876581,0.0,0.0,1,3,0,1,1,1,0,3,0.8614701628684998,0.8451709948940263,0.7824957966804504,0.9016488194465637,191.60342471091897,381226.48975,317.0,cea,MULTI_RES,NONE,NONE,
Baixa_Alfama,B1767,matched,39.58,76.65,10097.86,14925.31,4827.449999999999,0.4780666398623073,47.80666398623073,0.0,100.0,0.0,0.0,0.0,100.0,0.0,0.0,1,2,0,1,0,1,0,2,0.8504289388656616,0.8476300846904752,0.7838712930679321,0.9169865846633911,74.18317527201337,122266.27864062501,120.0,cea,MULTI_RES,NONE,NONE,
Baixa_Alfama,B1768,matched,68.58,126.75,16463.75,19647.78,3184.029999999999,0.19339640118442025,19.339640118442027,0.0,50.276155909736474,49.72384409026353,0.0,0.0,54.67432663872667,45.3256733612733,0.0,1,2,1,1,0,0,0,2,0.7653070986270905,0.7725383803651765,0.5380896329879761,0.9925245642662048,128.5293072522627,169152.187828125,212.0,cea,MULTI_RES,NONE,NONE,
Baixa_Alfama,B1770,matched,30.17,30.17,5291.14,5244.51,-46.63000000000011,-0.008812845624950409,-0.8812845624950408,100.0,0.0,0.0,0.0,100.0,0.0,0.0,0.0,0,0,0,0,0,0,0,0,,,,,51.16991343186732,106731.4379375,85.0,cea,MULTI_RES,NONE,NONE,
Baixa_Alfama,B1771,matched,41.0,79.79,10836.1,22302.85,11466.749999999998,1.0581989830289493,105.81989830289493,100.0,0.0,0.0,0.0,100.0,0.0,0.0,0.0,1,1,0,0,1,0,0,1,0.9757798910140991,0.9757798910140991,0.9757798910140991,0.9757798910140991,77.3087396265749,138202.534203125,127.0,cea,MULTI_RES,NONE,NONE,
Baixa_Alfama,B1772,matched,29.19,56.43,7265.31,12690.52,5425.21,0.7467279441620522,74.67279441620522,0.0,0.0,0.0,100.0,0.0,0.0,0.0,100.0,1,2,0,1,0,1,0,2,0.8449102640151978,0.8489341245598977,0.8182830810546875,0.871537446975708,54.76272798187791,104943.828125,90.0,cea,MULTI_RES,NONE,NONE,
Baixa_Alfama,B1773,matched,44.71,88.54,11240.79,24911.71,13670.919999999998,1.216188541908531,121.6188541908531,48.656278229448965,0.0,0.0,51.343721770551035,50.071471196369174,0.0,0.0,49.92852880363083,1,2,0,1,1,0,0,2,0.8309648036956787,0.8273559183539436,0.6966478824615479,0.9652817249298096,83.79054962655269,187885.8964375,137.0,cea,MULTI_RES,NONE,NONE,
Baixa_Alfama,B1777,matched,28.55,24.73,7292.22,5018.51,-2273.71,-0.31179942459223664,-31.179942459223664,100.0,0.0,0.0,0.0,100.0,0.0,0.0,0.0,0,0,0,0,0,0,0,0,,,,,62.68265402193481,114887.44059375,105.0,cea,MULTI_RES,NONE,NONE,
Baixa_Alfama,B1778,matched,95.98,95.98,17776.97,17691.55,-85.42000000000189,-0.0048050933314283525,-0.4805093331428352,100.0,0.0,0.0,0.0,100.0,0.0,0.0,0.0,0,0,0,0,0,0,0,0,,,,,188.65765978934215,268713.72453125,312.0,cea,MULTI_RES,NONE,NONE,
Baixa_Alfama,B1779,matched,32.04,53.22,8072.27,9900.84,1828.5699999999997,0.22652488085755304,22.652488085755305,0.0,100.0,0.0,0.0,0.0,100.0,0.0,0.0,1,2,0,1,0,1,0,2,0.7240671813488007,0.7123633299986878,0.5022445321083069,0.9458898305892944,60.046881012551886,122784.78485937501,99.0,cea,MULTI_RES,NONE,NONE,
Baixa_Alfama,B1780,matched,0.36,0.36,96.34,96.04,-0.29999999999999716,-0.0031139713514635368,-0.3113971351463537,100.0,0.0,0.0,0.0,100.0,0.0,0.0,0.0,0,0,0,0,0,0,0,0,,,,,1.3501629618505386,2955.422125,2.0,cea,MULTI_RES,NONE,NONE,
Baixa_Alfama,B1782,matched,51.78,51.78,11873.85,11040.09,-833.7600000000002,-0.07021816849631755,-7.0218168496317555,100.0,0.0,0.0,0.0,100.0,0.0,0.0,0.0,0,0,0,0,0,0,0,0,,,,,89.03564226632915,125559.434546875,143.0,cea,MULTI_RES,NONE,NONE,
Baixa_Alfama,B1783,matched,147.93,273.04,34279.93,55298.6,21018.67,0.6131479848412759,61.314798484127586,52.858660220488595,0.0,47.141339779511405,0.0,55.91074014262656,0.0,44.08925985737344,0.0,1,2,1,0,1,0,0,2,0.5332715213298798,0.5445422141916553,0.44877171516418457,0.617771327495575,303.5863519766566,661227.8240859375,500.0,cea,MULTI_RES,NONE,NONE,
Baixa_Alfama,B1784,matched,49.72,49.72,10412.27,10431.25,18.979999999999563,0.0018228493882697589,0.18228493882697588,100.0,0.0,0.0,0.0,100.0,0.0,0.0,0.0,0,0,0,0,0,0,0,0,,,,,120.91114784371842,182778.41912500001,199.0,cea,MULTI_RES,NONE,NONE,
Baixa_Alfama,B1785,matched,88.39,168.53,22802.0,35951.71,13149.71,0.5766910797298482,57.669107972984825,33.45793283493533,0.0,66.5420671650647,0.0,34.699885998260484,0.0,65.30011400173952,0.0,1,2,1,0,0,1,0,2,0.7548260986804962,0.7921421310342518,0.6420371532440186,0.8676150441169739,165.73167637694237,303624.1540625,274.0,cea,MULTI_RES,NONE,NONE,
Baixa_Alfama,B1786,matched,78.88,159.46,20839.26,46855.4,26016.140000000003,1.2484195696008402,124.84195696008402,100.0,0.0,0.0,0.0,100.0,0.0,0.0,0.0,1,1,0,0,1,0,0,1,0.6617016792297363,0.6617016792297363,0.6617016792297363,0.6617016792297363,154.80456342693196,301728.8515625,254.0,cea,MULTI_RES,NONE,NONE,
Baixa_Alfama,B1787,matched,354.12,354.12,95887.63,95474.23,-413.40000000000873,-0.004311296462327922,-0.43112964623279215,100.0,0.0,0.0,0.0,100.0,0.0,0.0,0.0,0,0,0,0,0,0,0,0,,,,,638.8474092206327,1326189.037109375,1056.0,cea,MULTI_RES,NONE,NONE,
Baixa_Alfama,B1788,matched,31.24,31.24,8186.76,8168.91,-17.850000000000364,-0.0021803497354265134,-0.21803497354265133,100.0,0.0,0.0,0.0,100.0,0.0,0.0,0.0,0,0,0,0,0,0,0,0,,,,,57.09073384028357,119538.6281875,95.0,cea,MULTI_RES,NONE,NONE,
Baixa_Alfama,B1789,matched,84.71,84.71,19922.69,19349.71,-572.9799999999996,-0.02876017244659228,-2.876017244659228,100.0,0.0,0.0,0.0,100.0,0.0,0.0,0.0,0,0,0,0,0,0,0,0,,,,,172.6681213485822,293628.650296875,285.0,cea,MULTI_RES,NONE,NONE,
Baixa_Alfama,B1790,matched,212.47,406.0,52063.46,95329.25,43265.79,0.8310202587380862,83.10202587380861,52.62691199290623,0.0,47.37308800709377,0.0,58.22392868432756,0.0,41.77607131567244,0.0,1,2,1,0,1,0,0,2,0.9891918897628784,0.9896681299190203,0.9801205992698669,0.9982631802558899,391.1367101015202,731547.7656015626,647.0,cea,MULTI_RES,NONE,NONE,
Baixa_Alfama,B1791,matched,186.18,186.18,49477.6,49090.66,-386.93999999999505,-0.007820508674632461,-0.7820508674632461,100.0,0.0,0.0,0.0,100.0,0.0,0.0,0.0,0,0,0,0,0,0,0,0,,,,,347.10912782055794,677848.01940625,567.0,cea,MULTI_RES,NONE,NONE,
Baixa_Alfama,B1792,matched,84.75,84.75,22740.33,22665.66,-74.67000000000189,-0.0032835935098568,-0.32835935098568,100.0,0.0,0.0,0.0,100.0,0.0,0.0,0.0,0,0,0,0,0,0,0,0,,,,,168.04553148982203,330942.287625,277.0,cea,MULTI_RES,NONE,NONE,
Baixa_Alfama,B1793,matched,52.22,109.37,13099.11,22957.96,9858.849999999999,0.7526351026901826,75.26351026901827,50.66288744628326,0.0,49.33711255371674,0.0,57.26710164588123,0.0,42.73289835411877,0.0,1,2,1,0,1,0,0,2,0.8875751495361328,0.8887372188234459,0.7997275590896606,0.975422739982605,107.28165409810745,214231.8627109375,177.0,cea,MULTI_RES,NONE,NONE,
Baixa_Alfama,B1794,matched,57.34,108.25,14906.89,24620.79,9713.900000000001,0.6516382692835327,65.16382692835327,25.138580931263853,50.018477457501845,24.84294161123429,0.0,26.019783874619566,51.73100386350688,22.249212261873577,0.0,1,3,1,0,1,0,1,3,0.6350011428197225,0.6291348996827247,0.5042885541915894,0.7875093817710876,107.46144919995689,209234.491515625,177.0,cea,MULTI_RES,NONE,NONE,
Baixa_Alfama,B1795,matched,16.76,16.76,4573.07,4567.54,-5.529999999999745,-0.0012092533024860206,-0.12092533024860205,100.0,0.0,0.0,0.0,100.0,0.0,0.0,0.0,0,0,0,0,0,0,0,0,,,,,46.59115626376044,94246.2676875,75.0,cea,MULTI_RES,NONE,NONE,
Baixa_Alfama,B1796,matched,8.24,8.24,1422.35,1302.09,-120.25999999999999,-0.08455021619151404,-8.455021619151404,100.0,0.0,0.0,0.0,100.0,0.0,0.0,0.0,0,0,0,0,0,0,0,0,,,,,38.4057869255708,50516.2558125,65.0,cea,MULTI_RES,NONE,NONE,
Baixa_Alfama,B1797,matched,14.02,14.02,2578.02,2451.22,-126.80000000000018,-0.04918503347530282,-4.918503347530282,100.0,0.0,0.0,0.0,100.0,0.0,0.0,0.0,0,0,0,0,0,0,0,0,,,,,31.228314530844102,34558.12084375,50.0,cea,MULTI_RES,NONE,NONE,
Baixa_Alfama,B1798,matched,19.54,19.54,5310.89,5286.69,-24.200000000000728,-0.004556675058229548,-0.45566750582295484,100.0,0.0,0.0,0.0,100.0,0.0,0.0,0.0,0,0,0,0,0,0,0,0,,,,,36.65401300102663,82845.839375,60.0,cea,MULTI_RES,NONE,NONE,
Baixa_Alfama,B1799,matched,4.54,4.54,1084.38,1092.13,7.75,0.00714694110920526,0.714694110920526,100.0,0.0,0.0,0.0,100.0,0.0,0.0,0.0,0,0,0,0,0,0,0,0,,,,,22.86161591557856,40111.1533125,36.0,cea,MULTI_RES,NONE,NONE,
Baixa_Alfama,B1800,matched,26.29,26.29,7213.85,7212.28,-1.5700000000006185,-0.00021763690678356471,-0.02176369067835647,100.0,0.0,0.0,0.0,100.0,0.0,0.0,0.0,0,0,0,0,0,0,0,0,,,,,60.194620143324656,102248.7409375,100.0,cea,MULTI_RES,NONE,NONE,
Baixa_Alfama,B1801,matched,57.43,57.43,14790.29,14714.66,-75.63000000000102,-0.005113489999181964,-0.5113489999181964,100.0,0.0,0.0,0.0,100.0,0.0,0.0,0.0,0,0,0,0,0,0,0,0,,,,,119.50248141806563,273892.60225,197.0,cea,MULTI_RES,NONE,NONE,
Baixa_Alfama,B1802,matched,6.88,6.88,1164.23,1106.39,-57.83999999999992,-0.04968090497582086,-4.968090497582086,100.0,0.0,0.0,0.0,100.0,0.0,0.0,0.0,0,0,0,0,0,0,0,0,,,,,12.910275511178064,15703.7540625,22.0,cea,MULTI_RES,NONE,NONE,
Baixa_Alfama,B1803,matched,15.05,29.62,3997.93,6179.15,2181.22,0.5455873414492,54.558734144919995,11.887875717662952,53.12394461330632,34.988179669030735,0.0,13.830082237525234,55.00083368083649,31.16908408163828,0.0,1,4,1,1,1,1,0,4,0.6277255713939667,0.595375575205287,0.4604260325431824,0.7553775906562805,28.720611848566325,64830.5390625,48.0,cea,MULTI_RES,NONE,NONE,
Baixa_Alfama,B1804,matched,37.31,37.31,8453.35,8153.32,-300.03000000000065,-0.03549243790923133,-3.549243790923133,100.0,0.0,0.0,0.0,100.0,0.0,0.0,0.0,0,0,0,0,0,0,0,0,,,,,73.26906420202032,123712.4645625,120.0,cea,MULTI_RES,NONE,NONE,
Baixa_Alfama,B1805,matched,18.55,11.01,2850.02,1760.31,-1089.71,-0.38235170279506814,-38.23517027950681,100.0,0.0,0.0,0.0,100.0,0.0,0.0,0.0,0,0,0,0,0,0,0,0,,,,,55.43177145408909,49235.835609375004,92.0,cea,MULTI_RES,NONE,NONE,
Baixa_Alfama,B1806,matched,15.36,15.36,3136.79,3026.73,-110.05999999999995,-0.03508682442879502,-3.5086824428795023,100.0,0.0,0.0,0.0,100.0,0.0,0.0,0.0,0,0,0,0,0,0,0,0,,,,,30.842709123194297,54827.77721875,51.0,cea,MULTI_RES,NONE,NONE,
Baixa_Alfama,B1807,matched,3.02,3.02,785.84,783.95,-1.8899999999999864,-0.0024050697342970404,-0.24050697342970404,100.0,0.0,0.0,0.0,100.0,0.0,0.0,0.0,0,0,0,0,0,0,0,0,,,,,8.684355951451153,11848.342625000001,15.0,cea,MULTI_RES,NONE,NONE,
Baixa_Alfama,B1810,matched,8.99,8.99,1508.65,1448.54,-60.11000000000013,-0.03984356875352144,-3.984356875352144,100.0,0.0,0.0,0.0,100.0,0.0,0.0,0.0,0,0,0,0,0,0,0,0,,,,,16.838351370577378,10151.3791875,28.0,cea,MULTI_RES,NONE,NONE,
Baixa_Alfama,B1811,matched,28.23,58.8,4093.37,8546.3,4452.929999999999,1.0878396040426346,108.78396040426345,0.0,0.0,0.0,100.0,0.0,0.0,0.0,100.0,1,2,0,1,0,1,0,2,0.6147204339504242,0.614707064621164,0.6021203994750977,0.6273204684257507,58.240784067726366,126020.0765625,96.0,cea,MULTI_RES,NONE,NONE,
Baixa_Alfama,B1812,matched,47.72,94.38,13068.07,18355.0,5286.93,0.4045685399603767,40.45685399603767,0.0,0.0,100.0,0.0,0.0,0.0,100.0,0.0,1,1,1,0,0,0,0,1,0.7383117079734802,0.7383117079734802,0.7383117079734802,0.7383117079734802,92.65010386017899,192929.683625,153.0,cea,MULTI_RES,NONE,NONE,
Baixa_Alfama,B1815,matched,18.49,18.49,3994.21,3952.03,-42.179999999999836,-0.010560286014005231,-1.0560286014005231,100.0,0.0,0.0,0.0,100.0,0.0,0.0,0.0,0,0,0,0,0,0,0,0,,,,,34.662076948732974,68219.88790625,57.0,cea,MULTI_RES,NONE,NONE,
Baixa_Alfama,B1816,matched,18.44,35.46,4546.4,7106.71,2560.3100000000004,0.5631510645785678,56.31510645785678,0.0,0.0,49.66159052453468,50.33840947546532,0.0,0.0,47.09277937791486,52.90722062208515,1,3,1,1,0,1,0,3,0.7180999716122946,0.7406778829453058,0.6442183256149292,0.8003717064857483,34.55622563173199,62728.92115625,58.0,cea,MULTI_RES,NONE,NONE,
Baixa_Alfama,B1817,matched,34.84,66.91,8856.16,14020.77,5164.610000000001,0.5831658416288776,58.316584162887764,0.0,0.0,54.89463458376923,45.105365416230754,0.0,0.0,52.83854126341979,47.161458736580215,1,3,1,1,0,1,0,3,0.7180999716122946,0.7435974075193562,0.6442183256149292,0.8003717064857483,65.304465668218,85605.147625,105.0,cea,MULTI_RES,NONE,NONE,
Baixa_Alfama,B1818,matched,12.16,12.16,2824.06,2466.5,-357.55999999999995,-0.12661204082066244,-12.661204082066243,100.0,0.0,0.0,0.0,100.0,0.0,0.0,0.0,0,0,0,0,0,0,0,0,,,,,23.19045020460042,36295.574687500004,38.0,cea,MULTI_RES,NONE,NONE,
Baixa_Alfama,B1820,matched,43.39,88.17,11070.37,14555.72,3485.3499999999985,0.31483590882689544,31.483590882689544,0.0,0.0,48.42881452070334,51.57118547929665,0.0,0.0,50.713446799264986,49.28655320073503,1,2,1,0,0,1,0,2,0.7176748812198639,0.7201238623418973,0.6398746371269226,0.7954751253128052,85.40853659330055,203483.642375,141.0,cea,MULTI_RES,NONE,NONE,
Baixa_Alfama,B1821,matched,36.48,51.38,9341.68,14079.97,4738.289999999999,0.5072203286774969,50.72203286774969,100.0,0.0,0.0,0.0,100.0,0.0,0.0,0.0,1,2,0,1,0,0,1,2,0.4010213166475296,0.3997530713568642,0.3696296513080597,0.4324129819869995,69.3469575801661,142462.342265625,110.0,cea,MULTI_RES,NONE,NONE,
Baixa_Alfama,B1822,matched,22.86,22.86,6245.03,6045.52,-199.5099999999993,-0.03194700425778568,-3.194700425778568,100.0,0.0,0.0,0.0,100.0,0.0,0.0,0.0,0,0,0,0,0,0,0,0,,,,,42.63248246309073,105722.70246875001,69.0,cea,MULTI_RES,NONE,NONE,
Baixa_Alfama,B1823,matched,29.63,63.28,7855.43,13578.53,5723.1,0.7285533700892249,72.85533700892249,0.0,41.63110478899953,58.36889521100047,0.0,0.0,45.4662851067422,54.53371489325779,0.0,1,2,1,0,0,1,0,2,0.5324475914239883,0.5216520339149304,0.4679982364177704,0.5968969464302063,61.64213885598537,167111.086875,100.0,cea,MULTI_RES,NONE,NONE,
Baixa_Alfama,B1824,matched,30.25,55.88,6549.45,10299.8,3750.3499999999995,0.5726206017299161,57.26206017299161,43.736578382247664,0.0,56.26342161775232,0.0,44.15768291981678,0.0,55.8423170801832,0.0,1,2,1,0,1,0,0,2,0.7341305613517761,0.7439400527889249,0.5705397129058838,0.8977214097976685,58.22255942903342,100191.8491875,95.0,cea,MULTI_RES,NONE,NONE,
Baixa_Alfama,B1825,matched,9.27,9.27,2138.71,1995.43,-143.27999999999997,-0.06699365505374734,-6.699365505374734,100.0,0.0,0.0,0.0,100.0,0.0,0.0,0.0,0,0,0,0,0,0,0,0,,,,,17.36692399704063,41101.641875,30.0,cea,MULTI_RES,NONE,NONE,
Baixa_Alfama,B1826,matched,11.94,9.5,1746.53,1632.67,-113.8599999999999,-0.06519212381121418,-6.519212381121418,100.0,0.0,0.0,0.0,100.0,0.0,0.0,0.0,1,1,0,0,0,0,1,1,0.5119109749794006,0.5119109749794006,0.5119109749794006,0.5119109749794006,22.382457519004017,19815.736203125,37.0,cea,MULTI_RES,NONE,NONE,
Baixa_Alfama,B1827,matched,48.19,101.71,12335.49,21588.78,9253.289999999999,0.7501355843991604,75.01355843991604,28.859390363815145,47.6204523107178,23.52015732546706,0.0,34.7113680385688,48.107603629704386,17.18102833172681,0.0,1,4,1,1,1,1,0,4,0.8008226305246353,0.7853579743519433,0.6986266374588013,0.9273255467414856,98.23108338517896,212391.35140625,160.0,cea,MULTI_RES,NONE,NONE,
Baixa_Alfama,B1828,matched,49.09,49.09,13221.51,13044.84,-176.67000000000007,-0.013362316407127482,-1.3362316407127481,100.0,0.0,0.0,0.0,100.0,0.0,0.0,0.0,0,0,0,0,0,0,0,0,,,,,90.06710453684849,123270.77632812501,149.0,cea,MULTI_RES,NONE,NONE,
Baixa_Alfama,B1829,matched,44.58,95.89,11496.88,19149.97,7653.090000000002,0.6656666852224258,66.56666852224258,0.0,0.0,100.0,0.0,0.0,0.0,100.0,0.0,1,1,1,0,0,0,0,1,0.9668234586715698,0.9668234586715697,0.9668234586715698,0.9668234586715698,94.16014015265887,137587.0648125,158.0,cea,MULTI_RES,NONE,NONE,
Baixa_Alfama,B1830,matched,35.44,35.44,9654.14,9530.5,-123.63999999999942,-0.01280694085646152,-1.2806940856461522,100.0,0.0,0.0,0.0,100.0,0.0,0.0,0.0,0,0,0,0,0,0,0,0,,,,,65.93812999789532,120609.2305625,107.0,cea,MULTI_RES,NONE,NONE,
Baixa_Alfama,B1831,matched,111.99,111.99,30577.15,30554.01,-23.140000000003056,-0.0007567742579018337,-0.07567742579018337,100.0,0.0,0.0,0.0,100.0,0.0,0.0,0.0,0,0,0,0,0,0,0,0,,,,,214.12207387924798,465330.443359375,352.0,cea,MULTI_RES,NONE,NONE,
Baixa_Alfama,B1832,matched,20.01,20.01,5058.23,3722.84,-1335.3899999999994,-0.26400341621476275,-26.400341621476276,100.0,0.0,0.0,0.0,100.0,0.0,0.0,0.0,0,0,0,0,0,0,0,0,,,,,40.90495756200355,59843.604117187504,67.0,cea,MULTI_RES,NONE,NONE,
Baixa_Alfama,B1833,matched,63.24,124.7,16329.56,29504.21,13174.65,0.8067976112032412,80.67976112032412,74.6792815907633,25.32071840923668,0.0,0.0,76.9551264008988,23.04487359910121,0.0,0.0,1,3,0,1,1,1,0,3,0.45647887388865155,0.47735491038468947,0.40761598944664,0.5353145003318787,124.7687805209642,282312.02090625,204.0,cea,MULTI_RES,NONE,NONE,
Baixa_Alfama,B1834,matched,121.31,235.27,29764.39,53648.89,23884.5,0.8024521920321566,80.24521920321565,0.0,100.0,0.0,0.0,0.0,100.0,0.0,0.0,1,1,0,0,0,1,0,1,0.8958684206008911,0.8958684206008911,0.8958684206008911,0.8958684206008911,232.65330247373737,560522.8806875,383.0,cea,MULTI_RES,NONE,NONE,
Baixa_Alfama,B1835,matched,27.08,27.08,7137.86,6889.9,-247.96000000000004,-0.034738703196756454,-3.4738703196756453,100.0,0.0,0.0,0.0,100.0,0.0,0.0,0.0,0,0,0,0,0,0,0,0,,,,,51.010159001937055,112932.480625,84.0,cea,MULTI_RES,NONE,NONE,
Baixa_Alfama,B1836,matched,23.79,46.39,6260.41,9436.13,3175.7199999999993,0.5072702906039699,50.72702906039699,56.15434360853633,0.0,43.84565639146367,0.0,56.00149505107536,0.0,43.99850494892465,0.0,1,2,1,0,1,0,0,2,0.922476589679718,0.9139239350134375,0.8531906604766846,0.9917625188827515,45.69811484465833,101030.469484375,76.0,cea,MULTI_RES,NONE,NONE,
Baixa_Alfama,B1837,matched,70.1,69.61,18033.02,16979.36,-1053.6599999999999,-0.05842948102979977,-5.842948102979977,100.0,0.0,0.0,0.0,100.0,0.0,0.0,0.0,0,0,0,0,0,0,0,0,,,,,148.40005146182833,311915.606828125,244.0,cea,MULTI_RES,NONE,NONE,
Baixa_Alfama,B1838,matched,13.37,34.61,3509.11,6103.64,2594.53,0.7393698117186409,73.93698117186409,0.0,100.0,0.0,0.0,0.0,100.0,0.0,0.0,1,2,1,0,1,0,0,2,0.8682974576950073,0.8533230969515746,0.7563250064849854,0.9802699089050293,33.63395855497597,86473.689625,55.0,cea,MULTI_RES,NONE,NONE,
Baixa_Alfama,B1839,matched,21.12,21.12,5533.89,5493.15,-40.74000000000069,-0.0073619099765265825,-0.7361909976526583,100.0,0.0,0.0,0.0,100.0,0.0,0.0,0.0,0,0,0,0,0,0,0,0,,,,,41.025557074948175,101658.2088125,67.0,cea,MULTI_RES,NONE,NONE,
Baixa_Alfama,B1840,matched,21.62,41.26,5464.01,8831.95,3367.9400000000005,0.6163861339931662,61.638613399316625,0.0,0.0,0.0,100.0,0.0,0.0,0.0,100.0,1,2,1,0,1,0,0,2,0.6172576248645782,0.6119480580511182,0.5263330936431885,0.708182156085968,40.51497209183182,88095.73275,68.0,cea,MULTI_RES,NONE,NONE,
Baixa_Alfama,B1841,matched,64.5,126.22,17513.25,32395.45,14882.2,0.8497680327751845,84.97680327751846,0.0,100.0,0.0,0.0,0.0,100.0,0.0,0.0,1,1,0,0,1,0,0,1,0.9717819094657898,0.9717819094657898,0.9717819094657898,0.9717819094657898,123.41472662889402,279638.07496875,204.0,cea,MULTI_RES,NONE,NONE,
Baixa_Alfama,B1842,matched,36.57,36.57,9602.8,9211.4,-391.39999999999964,-0.040758945307618574,-4.0758945307618575,100.0,0.0,0.0,0.0,100.0,0.0,0.0,0.0,0,0,0,0,0,0,0,0,,,,,73.84323546532124,114260.3570078125,121.0,cea,MULTI_RES,NONE,NONE,
Baixa_Alfama,B1843,matched,143.43,190.32,31562.82,39524.95,7962.129999999997,0.2522629473538802,25.226294735388024,34.11622530474989,65.88377469525011,0.0,0.0,37.94176102598925,62.05823897401076,0.0,0.0,1,2,0,0,0,1,1,2,0.719829261302948,0.716635872077367,0.6921780109405518,0.7474805116653442,283.3966067785699,563600.6583046875,466.0,cea,MULTI_RES,NONE,NONE,
Baixa_Alfama,B1844,matched,34.93,34.93,9468.86,9437.47,-31.390000000001237,-0.0033150769997656775,-0.33150769997656776,100.0,0.0,0.0,0.0,100.0,0.0,0.0,0.0,0,0,0,0,0,0,0,0,,,,,66.44223821279405,141488.77190625,107.0,cea,MULTI_RES,NONE,NONE,
Baixa_Alfama,B1845,matched,47.3,84.05,12515.79,18632.49,6116.700000000001,0.4887186506005614,48.87186506005614,0.0,100.0,0.0,0.0,0.0,100.0,0.0,0.0,1,2,1,0,0,1,0,2,0.6236664354801178,0.6299418657741257,0.5318312048912048,0.7155016660690308,89.67785789698641,178196.48428125,149.0,cea,MULTI_RES,NONE,NONE,
Baixa_Alfama,B1846,matched,0.0,0.0,0.0,0.0,0.0,,,,,,,,,,,0,0,0,0,0,0,0,0,,,,,27.961191478567567,69016.23875,46.0,cea,MULTI_RES,NONE,NONE,
Baixa_Alfama,B1847,matched,29.15,18.9,5363.7,3548.12,-1815.58,-0.3384939500717788,-33.84939500717788,100.0,0.0,0.0,0.0,100.0,0.0,0.0,0.0,0,0,0,0,0,0,0,0,,,,,79.14265529262141,121774.177125,131.0,cea,MULTI_RES,NONE,NONE,
Baixa_Alfama,B1848,matched,21.6,41.87,5361.15,7895.43,2534.2800000000007,0.4727120114154614,47.271201141546136,0.0,53.04513971817531,26.630045378552662,20.324814903272035,0.0,52.439586569368466,22.747571900121258,24.812841530510262,1,3,1,1,1,0,0,3,0.630855143070221,0.6426906781267077,0.5878289937973022,0.6765690445899963,40.989847165096066,101520.8199375,66.0,cea,MULTI_RES,NONE,NONE,
Baixa_Alfama,B1849,matched,17.79,17.79,4802.2,4818.25,16.050000000000182,0.0033422181500146145,0.3342218150014615,100.0,0.0,0.0,0.0,100.0,0.0,0.0,0.0,0,0,0,0,0,0,0,0,,,,,33.33587527609312,62399.8905,52.0,cea,MULTI_RES,NONE,NONE,
Baixa_Alfama,B1850,matched,22.94,22.94,6081.61,6094.51,12.900000000000546,0.0021211488405209387,0.21211488405209386,100.0,0.0,0.0,0.0,100.0,0.0,0.0,0.0,0,0,0,0,0,0,0,0,,,,,50.762299920990145,122956.92743750001,84.0,cea,MULTI_RES,NONE,NONE,
Baixa_Alfama,B1851,matched,153.09,153.09,37720.62,37605.04,-115.58000000000175,-0.0030641065814931393,-0.30641065814931395,100.0,0.0,0.0,0.0,100.0,0.0,0.0,0.0,0,0,0,0,0,0,0,0,,,,,285.1004011113688,473913.9475234375,469.0,cea,MULTI_RES,NONE,NONE,
Baixa_Alfama,B1852,matched,17.55,17.55,4141.73,3876.8,-264.9299999999994,-0.06396602385959477,-6.3966023859594765,100.0,0.0,0.0,0.0,100.0,0.0,0.0,0.0,0,0,0,0,0,0,0,0,,,,,49.00953626064907,77651.852109375,82.0,cea,MULTI_RES,NONE,NONE,
Baixa_Alfama,B1853,matched,31.75,61.42,8597.56,13359.78,4762.220000000001,0.5539036656911963,55.39036656911963,0.0,100.0,0.0,0.0,0.0,100.0,0.0,0.0,1,2,0,1,0,1,0,2,0.7500146627426147,0.7450023884769031,0.6727845072746277,0.8272448182106018,59.509975404869024,111999.0463125,98.0,cea,MULTI_RES,NONE,NONE,
Baixa_Alfama,B1854,matched,56.67,84.07,15319.47,20562.67,5243.199999999999,0.3422572713024667,34.22572713024667,33.456232159847765,0.0,0.0,66.54376784015224,36.91256863492837,0.0,0.0,63.08743136507162,1,4,1,1,1,1,0,4,0.7987723499536514,0.808417453690165,0.6546788215637207,0.9893563389778137,114.21279145116263,272108.6698125,187.0,cea,MULTI_RES,NONE,NONE,
Baixa_Alfama,B1855,matched,74.31,156.56,18544.57,34115.47,15570.900000000001,0.8396474008294612,83.96474008294612,50.32575370464997,0.0,49.674246295350024,0.0,55.08107653833713,0.0,44.91892346166287,0.0,1,2,0,1,1,0,0,2,0.9011964797973633,0.902148031712236,0.8130366206169128,0.9893563389778137,154.108437639708,327177.18784375,254.0,cea,MULTI_RES,NONE,NONE,
Baixa_Alfama,B1856,matched,80.15,149.05,20340.4,32971.1,12630.699999999997,0.6209661560244635,62.09661560244635,43.67199033686754,0.0,56.32800966313247,0.0,47.261485626174284,0.0,52.738514373825716,0.0,1,2,1,0,0,1,0,2,0.6223002374172211,0.6073027727425138,0.5037529468536377,0.7408475279808044,145.41110246074467,270816.748984375,244.0,cea,MULTI_RES,NONE,NONE,
Baixa_Alfama,B1857,matched,64.84,64.84,14776.25,14606.83,-169.42000000000007,-0.011465696641570091,-1.1465696641570091,100.0,0.0,0.0,0.0,100.0,0.0,0.0,0.0,0,0,0,0,0,0,0,0,,,,,124.19994828020008,278403.978984375,202.0,cea,MULTI_RES,NONE,NONE,
Baixa_Alfama,B1858,matched,35.86,44.11,8082.92,9012.35,929.4300000000003,0.1149869106708962,11.49869106708962,100.0,0.0,0.0,0.0,100.0,0.0,0.0,0.0,0,0,0,0,0,0,0,0,,,,,97.67678706239425,141943.8808125,164.0,cea,MULTI_RES,NONE,NONE,
Baixa_Alfama,B1859,matched,21.93,48.09,4133.96,11092.17,6958.21,1.683182711008331,168.3182711008331,0.0,0.0,0.0,100.0,0.0,0.0,0.0,100.0,1,1,0,1,0,0,0,1,0.7592039108276367,0.7592039108276367,0.7592039108276367,0.7592039108276367,46.65714350472658,77508.462,78.0,cea,MULTI_RES,NONE,NONE,
Baixa_Alfama,B1860,matched,49.02,93.18,12396.88,17111.78,4714.9,0.38032956679422564,38.03295667942256,0.0,100.0,0.0,0.0,0.0,100.0,0.0,0.0,1,2,1,0,1,0,0,2,0.8086807131767273,0.8088662769380722,0.8067444562911987,0.8106169700622559,93.1315953891,171443.255,152.0,cea,MULTI_RES,NONE,NONE,
Baixa_Alfama,B1861,matched,13.51,19.19,2752.83,3058.76,305.9300000000003,0.11113290686311915,11.113290686311915,4.012506513809276,0.0,95.98749348619073,0.0,2.757301024596594,0.0,97.24269897540341,0.0,1,2,1,0,1,0,0,2,0.8086807131767273,0.8088723856356366,0.8067444562911987,0.8106169700622559,32.82059963987854,52287.569492187504,53.0,cea,MULTI_RES,NONE,NONE,
Baixa_Alfama,B1862,matched,36.29,73.85,9858.64,16708.88,6850.240000000002,0.6948463479749745,69.48463479749745,45.056879739978335,0.0,54.94312026002167,0.0,48.7047344009772,0.0,51.2952655990228,0.0,1,2,1,0,1,0,0,2,0.7072780728340149,0.6966051789329735,0.5993614792823792,0.8151946663856506,72.63914781727088,129812.96978125001,119.0,cea,MULTI_RES,NONE,NONE,
Baixa_Alfama,B1863,matched,62.06,120.17,13999.3,21434.93,7435.630000000001,0.5311429857207147,53.11429857207147,36.22669773635153,0.0,63.77330226364846,0.0,39.92071572944616,0.0,60.079284270553835,0.0,1,2,0,1,1,0,0,2,0.6335253119468689,0.668532554930272,0.5078467130661011,0.7592039108276367,117.13809382666639,252423.34,192.0,cea,MULTI_RES,NONE,NONE,
Baixa_Alfama,B1864,matched,63.18,88.42,12900.21,13666.98,766.7700000000004,0.05943856727913736,5.943856727913736,0.0,100.0,0.0,0.0,0.0,100.0,0.0,0.0,1,2,0,1,1,0,0,2,0.6791525036096573,0.7185309143807235,0.41531553864479065,0.9429894685745239,131.33512488136375,260147.7948125,215.0,cea,MULTI_RES,NONE,NONE,
Baixa_Alfama,B1865,matched,13.02,13.02,2697.73,2813.46,115.73000000000002,0.04289902992515931,4.28990299251593,100.0,0.0,0.0,0.0,100.0,0.0,0.0,0.0,0,0,0,0,0,0,0,0,,,,,34.440143229271214,66114.8449375,56.0,cea,MULTI_RES,NONE,NONE,
Baixa_Alfama,B1866,matched,12.7,12.7,2900.34,2908.59,8.25,0.0028444940937959,0.28444940937958996,100.0,0.0,0.0,0.0,100.0,0.0,0.0,0.0,0,0,0,0,0,0,0,0,,,,,33.5178542230274,56314.099890625,57.0,cea,MULTI_RES,NONE,NONE,
Baixa_Alfama,B1867,matched,28.74,28.74,6079.4,5934.16,-145.23999999999978,-0.023890515511399115,-2.3890515511399113,100.0,0.0,0.0,0.0,100.0,0.0,0.0,0.0,0,0,0,0,0,0,0,0,,,,,56.4005570389281,120402.26725,95.0,cea,MULTI_RES,NONE,NONE,
Baixa_Alfama,B1868,matched,46.03,88.82,11404.4,18848.66,7444.26,0.6527533232787346,65.27533232787346,0.0,100.0,0.0,0.0,0.0,100.0,0.0,0.0,1,2,0,1,1,0,0,2,0.6791525036096573,0.6789837974225625,0.41531553864479065,0.9429894685745239,86.21437586120479,182373.1806875,142.0,cea,MULTI_RES,NONE,NONE,
Baixa_Alfama,B1869,matched,15.23,15.23,3903.09,3793.94,-109.15000000000009,-0.027965022584670117,-2.7965022584670116,100.0,0.0,0.0,0.0,100.0,0.0,0.0,0.0,0,0,0,0,0,0,0,0,,,,,28.545796324500618,65493.891625000004,45.0,cea,MULTI_RES,NONE,NONE,
Baixa_Alfama,B1870,matched,20.65,20.65,3946.6,3764.85,-181.75,-0.04605229818071251,-4.605229818071251,100.0,0.0,0.0,0.0,100.0,0.0,0.0,0.0,0,0,0,0,0,0,0,0,,,,,42.59832290588167,89251.517125,63.0,cea,MULTI_RES,NONE,NONE,
Baixa_Alfama,B1871,matched,27.81,52.8,4981.01,8650.77,3669.76,0.7367501771729027,73.67501771729027,51.590909090909086,0.0,48.40909090909091,0.0,59.021901282813346,0.0,40.97809871718664,0.0,1,2,1,0,1,0,0,2,0.8393580317497253,0.8369752029737668,0.7381865382194519,0.9405295252799988,52.12267732055516,139226.09875,85.0,cea,MULTI_RES,NONE,NONE,
Baixa_Alfama,B1872,matched,53.0,99.48,14100.4,25482.77,11382.37,0.807237383336643,80.7237383336643,55.10204081632652,0.0,0.0,44.89795918367348,57.37066468934175,0.0,0.0,42.62933531065825,1,3,0,1,1,1,0,3,0.7255563537279764,0.6704195378416948,0.5385363698005676,0.9894062876701355,97.02772565622888,242023.567125,159.0,cea,MULTI_RES,NONE,NONE,
Baixa_Alfama,B1873,matched,59.35,130.0,11507.62,21398.89,9891.269999999999,0.8595408955109742,85.95408955109743,0.0,0.0,51.99999999999999,48.0,0.0,0.0,46.24671913737229,53.753280862627705,1,2,1,1,0,0,0,2,0.7606396079063416,0.7617660348180315,0.7312015891075134,0.7900776267051697,124.320538916462,157302.94984375002,202.0,cea,MULTI_RES,NONE,NONE,
Baixa_Alfama,B1874,matched,18.68,37.19,4027.29,7419.14,3391.8500000000004,0.8422164780783108,84.22164780783108,0.0,0.0,0.0,100.0,0.0,0.0,0.0,100.0,1,2,0,1,0,1,0,2,0.8778376281261444,0.8863870433278258,0.814620316028595,0.9410549402236938,36.180150946928144,54175.18625,59.0,cea,MULTI_RES,NONE,NONE,
Baixa_Alfama,B1875,matched,26.56,26.56,6886.28,6617.56,-268.71999999999935,-0.03902252014149866,-3.902252014149866,100.0,0.0,0.0,0.0,100.0,0.0,0.0,0.0,0,0,0,0,0,0,0,0,,,,,49.766228203642704,68112.6165625,82.0,cea,MULTI_RES,NONE,NONE,
Baixa_Alfama,B1876,matched,0.0,0.0,0.0,0.0,0.0,,,,,,,,,,,1,3,1,1,0,1,0,3,0.8030696312586466,0.8188321634900424,0.6389300227165222,0.899264395236969,93.88637970967966,179784.817984375,155.0,cea,MULTI_RES,NONE,NONE,
Baixa_Alfama,B1877,matched,43.56,80.87,11558.2,15931.12,4372.92,0.3783391877628004,37.83391877628004,0.0,82.35439594410785,0.0,17.645604055892175,0.0,82.78217652020031,0.0,17.217823479799673,1,3,1,1,0,1,0,3,0.5607701937357584,0.580839578411418,0.42848771810531616,0.6442000269889832,81.6433446581546,182882.59634375002,134.0,cea,MULTI_RES,NONE,NONE,
Baixa_Alfama,B1878,matched,52.75,104.15,11998.72,17028.64,5029.92,0.4192047151696181,41.92047151696181,0.0,0.0,100.0,0.0,0.0,0.0,100.0,0.0,1,1,1,0,0,0,0,1,0.7781684994697571,0.7781684994697571,0.7781684994697571,0.7781684994697571,102.57367745170816,223717.476625,171.0,cea,MULTI_RES,NONE,NONE,
Baixa_Alfama,B1879,matched,36.44,36.44,9680.23,9418.76,-261.46999999999935,-0.027010721852683186,-2.7010721852683184,100.0,0.0,0.0,0.0,100.0,0.0,0.0,0.0,0,0,0,0,0,0,0,0,,,,,67.20288827304765,64352.757039062504,108.0,cea,MULTI_RES,NONE,NONE,
Baixa_Alfama,B1880,matched,52.92,52.92,14011.09,13943.33,-67.76000000000022,-0.00483616906322065,-0.48361690632206494,100.0,0.0,0.0,0.0,100.0,0.0,0.0,0.0,0,0,0,0,0,0,0,0,,,,,98.82145105512338,196000.96387500002,164.0,cea,MULTI_RES,NONE,NONE,
Baixa_Alfama,B1881,matched,45.95,88.59,10273.48,17713.78,7440.299999999999,0.7242239241230819,72.42239241230818,0.0,0.0,0.0,100.0,0.0,0.0,0.0,100.0,1,2,0,1,0,1,0,2,0.798456072807312,0.7934709630972647,0.766579270362854,0.83033287525177,86.08555235137484,154106.3444375,137.0,cea,MULTI_RES,NONE,NONE,
Baixa_Alfama,B1882,matched,53.8,100.0,14483.75,25056.29,10572.54,0.729958746871494,72.9958746871494,0.0,0.0,0.0,100.0,0.0,0.0,0.0,100.0,1,2,0,1,0,1,0,2,0.798456072807312,0.7956245740718615,0.766579270362854,0.83033287525177,97.99899465242301,198230.676796875,163.0,cea,MULTI_RES,NONE,NONE,
Baixa_Alfama,B1883,matched,33.15,64.23,8964.98,15781.55,6816.57,0.7603552935979779,76.03552935979779,0.0,0.0,0.0,100.0,0.0,0.0,0.0,100.0,1,2,0,1,0,1,0,2,0.8310456871986389,0.8516623648745137,0.6651855111122131,0.9969058632850647,62.913998122182875,116646.2443125,103.0,cea,MULTI_RES,NONE,NONE,
Baixa_Alfama,B1884,matched,31.04,59.3,6162.22,11529.13,5366.909999999999,0.8709377464615023,87.09377464615024,49.35086831900185,25.5606137244984,0.0,25.088517956499746,50.96453944790679,21.391054577987497,0.0,27.644405974105734,1,3,0,1,0,1,1,3,0.7821754217147827,0.7389509485499729,0.6015790104866028,0.9014886617660522,58.17247013234255,126716.22137500001,96.0,cea,MULTI_RES,NONE,NONE,
Baixa_Alfama,B1885,matched,31.99,61.23,5734.97,10907.89,5172.919999999999,0.9019959999790755,90.19959999790755,51.821002776416805,24.236485382982202,0.0,23.942511840601018,53.004346165949414,20.487685738172512,0.0,26.50796809587808,1,3,0,1,1,1,0,3,0.9419448574384054,0.9256738434213749,0.8835601210594177,0.9974793791770935,59.95490364470904,130334.93771875,101.0,cea,MULTI_RES,NONE,NONE,
Baixa_Alfama,B1886,matched,18.41,18.41,3872.62,3912.81,40.190000000000055,0.010377986995883938,1.0377986995883939,100.0,0.0,0.0,0.0,100.0,0.0,0.0,0.0,0,0,0,0,0,0,0,0,,,,,40.55345192538031,79726.3015,65.0,cea,MULTI_RES,NONE,NONE,
Baixa_Alfama,B1887,matched,31.48,31.48,8545.66,8816.56,270.89999999999964,0.03170030167359802,3.1700301673598017,100.0,0.0,0.0,0.0,100.0,0.0,0.0,0.0,0,0,0,0,0,0,0,0,,,,,62.06916512545642,138822.1696875,100.0,cea,MULTI_RES,NONE,NONE,
Baixa_Alfama,B1888,matched,195.96,195.96,50202.25,50393.39,191.13999999999942,0.003807399070758769,0.3807399070758769,100.0,0.0,0.0,0.0,100.0,0.0,0.0,0.0,0,0,0,0,0,0,0,0,,,,,392.8730917764163,755312.9733984375,646.0,cea,MULTI_RES,NONE,NONE,
Baixa_Alfama,B1889,matched,86.69,159.07,24350.8,36235.28,11884.48,0.48805295924569214,48.805295924569215,0.0,0.0,47.095800854915765,52.90419914508423,0.0,0.0,43.591490260557215,56.40850973944278,1,2,1,1,0,0,0,2,0.7878024578094482,0.7982887031355802,0.5780130624771118,0.9975918531417847,158.55288464820183,376566.5795625,261.0,cea,MULTI_RES,NONE,NONE,
Baixa_Alfama,B1890,matched,78.14,150.37,18082.54,35085.26,17002.72,0.9402838318068147,94.02838318068147,56.52810109743932,31.207183239108744,0.0,12.264715663451947,56.82427946654825,32.14055532582638,0.0,11.035165207625381,1,3,0,1,1,1,0,3,0.7433596253395081,0.6907525205913903,0.640869140625,0.9368161559104919,151.51197924987284,326106.970125,249.0,cea,MULTI_RES,NONE,NONE,
Baixa_Alfama,B1891,matched,27.86,27.86,7166.8,7171.95,5.149999999999636,0.0007185912820226092,0.07185912820226092,100.0,0.0,0.0,0.0,100.0,0.0,0.0,0.0,0,0,0,0,0,0,0,0,,,,,58.295474806054024,115124.3601640625,95.0,cea,MULTI_RES,NONE,NONE,
Baixa_Alfama,B1892,matched,1.83,1.83,492.17,480.67,-11.5,-0.023365910152995915,-2.3365910152995917,100.0,0.0,0.0,0.0,100.0,0.0,0.0,0.0,0,0,0,0,0,0,0,0,,,,,7.078638992264218,11967.053062500001,12.0,cea,MULTI_RES,NONE,NONE,
Baixa_Alfama,B1893,matched,36.34,74.13,9192.69,18464.08,9271.390000000001,1.0085611502182714,100.85611502182714,25.08767197194497,0.0,21.688697059616942,53.223630968438094,27.76339657358069,0.0,19.108745446871723,53.127857979547585,1,3,1,1,1,0,0,3,0.7397441665331522,0.7626930273475864,0.4609711766242981,0.9704815745353699,71.72519880557695,118719.849234375,121.0,cea,MULTI_RES,NONE,NONE,
Baixa_Alfama,B1894,matched,12.67,12.67,3273.31,3256.21,-17.09999999999991,-0.0052240698253449595,-0.5224069825344959,100.0,0.0,0.0,0.0,100.0,0.0,0.0,0.0,0,0,0,0,0,0,0,0,,,,,23.743618688031844,61361.994875000004,40.0,cea,MULTI_RES,NONE,NONE,
Baixa_Alfama,B1895,matched,13.25,13.25,3354.37,3338.58,-15.789999999999964,-0.004707292278430812,-0.47072922784308124,100.0,0.0,0.0,0.0,100.0,0.0,0.0,0.0,0,0,0,0,0,0,0,0,,,,,24.825820481357802,52915.3439375,40.0,cea,MULTI_RES,NONE,NONE,
Baixa_Alfama,B1896,matched,25.03,48.38,6092.87,10789.76,4696.89,0.7708830157216551,77.0883015721655,0.0,0.0,0.0,100.0,0.0,0.0,0.0,100.0,1,2,0,1,0,1,0,2,0.9561850130558014,0.9572356849300205,0.9323738813400269,0.9799961447715759,46.914068016340785,49990.495375,79.0,cea,MULTI_RES,NONE,NONE,
Baixa_Alfama,B1897,matched,25.68,49.33,4886.58,8799.32,3912.74,0.8007113359445666,80.07113359445665,0.0,0.0,0.0,100.0,0.0,0.0,0.0,100.0,1,2,0,1,0,1,0,2,0.981507807970047,0.9817505935734132,0.9728521108627319,0.9901635050773621,48.12071476903278,66506.972,78.0,cea,MULTI_RES,NONE,NONE,
Baixa_Alfama,B1898,matched,92.12,92.12,25274.41,25091.88,-182.52999999999884,-0.007221929216151785,-0.7221929216151785,100.0,0.0,0.0,0.0,100.0,0.0,0.0,0.0,0,0,0,0,0,0,0,0,,,,,166.9213030273304,274398.96025,275.0,cea,MULTI_RES,NONE,NONE,
Baixa_Alfama,B1899,matched,14.94,14.94,3254.14,3235.98,-18.159999999999854,-0.005580583502860927,-0.5580583502860926,100.0,0.0,0.0,0.0,100.0,0.0,0.0,0.0,0,0,0,0,0,0,0,0,,,,,27.995993688030687,44888.626312500004,47.0,cea,MULTI_RES,NONE,NONE,
Baixa_Alfama,B1900,matched,34.63,70.92,9383.07,15632.95,6249.880000000001,0.6660805045683343,66.60805045683344,0.0,100.0,0.0,0.0,0.0,100.0,0.0,0.0,1,2,0,1,0,1,0,2,0.8852234780788422,0.8870781835094452,0.8625681400299072,0.9078788161277771,69.26879633746782,132907.982125,115.0,cea,MULTI_RES,NONE,NONE,
Baixa_Alfama,B1901,matched,8.69,8.69,1175.5,1174.2,-1.2999999999999545,-0.0011059123777115733,-0.11059123777115733,100.0,0.0,0.0,0.0,100.0,0.0,0.0,0.0,0,0,0,0,0,0,0,0,,,,,24.63409577783289,42539.15209375,41.0,cea,MULTI_RES,NONE,NONE,
Baixa_Alfama,B1902,matched,3.05,3.05,445.5,454.44,8.939999999999998,0.020067340067340064,2.0067340067340065,100.0,0.0,0.0,0.0,100.0,0.0,0.0,0.0,0,0,0,0,0,0,0,0,,,,,22.512152923775123,63690.003625000005,36.0,cea,MULTI_RES,NONE,NONE,
Baixa_Alfama,B1903,matched,141.25,141.25,37074.61,36747.15,-327.4599999999991,-0.008832459734573044,-0.8832459734573044,100.0,0.0,0.0,0.0,100.0,0.0,0.0,0.0,0,0,0,0,0,0,0,0,,,,,253.13902251014312,477425.12503125,416.0,cea,MULTI_RES,NONE,NONE,
Baixa_Alfama,B1904,matched,0.0,0.0,0.0,0.0,0.0,,,,,,,,,,,0,0,0,0,0,0,0,0,,,,,24.32209728517406,38709.841484375,40.0,cea,MULTI_RES,NONE,NONE,
Baixa_Alfama,B1905,matched,6.73,6.73,816.39,820.73,4.340000000000032,0.005316086674261115,0.5316086674261115,100.0,0.0,0.0,0.0,100.0,0.0,0.0,0.0,0,0,0,0,0,0,0,0,,,,,45.2733879728411,60758.73828125,76.0,cea,MULTI_RES,NONE,NONE,
Baixa_Alfama,B1906,matched,9.52,4.58,1454.95,663.13,-791.82,-0.5442248874531771,-54.42248874531771,100.0,0.0,0.0,0.0,100.0,0.0,0.0,0.0,0,0,0,0,0,0,0,0,,,,,31.505456515319388,38081.7640234375,51.0,cea,MULTI_RES,NONE,NONE,
Baixa_Alfama,B1907,matched,74.21,74.21,20168.63,20116.86,-51.77000000000044,-0.0025668575406460645,-0.2566857540646064,100.0,0.0,0.0,0.0,100.0,0.0,0.0,0.0,0,0,0,0,0,0,0,0,,,,,139.55845807647106,231270.7437109375,227.0,cea,MULTI_RES,NONE,NONE,
Baixa_Alfama,B1908,matched,36.71,49.55,8095.62,9735.34,1639.7200000000003,0.2025440917434366,20.25440917434366,0.0,0.0,0.0,100.0,0.0,0.0,0.0,100.0,1,2,0,1,0,1,0,2,0.884858250617981,0.8848451021988522,0.8762665390968323,0.8934499621391296,69.95901995977327,158451.98825,116.0,cea,MULTI_RES,NONE,NONE,
Baixa_Alfama,B1909,matched,40.79,70.2,10928.53,18413.41,7484.879999999999,0.6848935767207482,68.48935767207482,62.66381766381767,0.0,0.0,37.33618233618235,65.92350069934922,0.0,0.0,34.07649930065077,1,3,0,1,1,1,0,3,0.7804728150367737,0.8005545875843765,0.7095896005630493,0.8332872986793518,76.98855630324644,162955.468921875,127.0,cea,MULTI_RES,NONE,NONE,
Baixa_Alfama,B1910,matched,18.83,36.42,4553.35,8576.04,4022.6900000000005,0.8834572347831816,88.34572347831816,60.279989020038435,39.72001097996157,0.0,0.0,64.4876940493596,35.512305950640396,0.0,0.0,1,2,0,0,1,1,0,2,0.9473492801189423,0.9567804851281863,0.901417076587677,0.9932814836502075,35.284207569174356,41854.737625,57.0,cea,MULTI_RES,NONE,NONE,
Baixa_Alfama,B1911,matched,32.34,55.83,7370.26,10501.59,3131.33,0.42486018132331826,42.48601813233183,30.460490951442388,0.0,33.50654004658662,36.03296900197097,32.90203975116563,0.0,32.96136805168166,34.1365921971527,1,4,1,1,1,1,0,4,0.5580402240157127,0.566220974046689,0.4201652705669403,0.6990688443183899,66.32404229970058,151810.6286875,110.0,cea,MULTI_RES,NONE,NONE,
Baixa_Alfama,B1912,matched,66.26,66.26,15792.91,15692.7,-100.20999999999913,-0.006345252394903734,-0.6345252394903734,100.0,0.0,0.0,0.0,100.0,0.0,0.0,0.0,0,0,0,0,0,0,0,0,,,,,131.95323988152438,259731.979359375,217.0,cea,MULTI_RES,NONE,NONE,
Baixa_Alfama,B1913,matched,18.95,18.95,3732.8,3678.04,-54.76000000000022,-0.014669952850407258,-1.466995285040726,100.0,0.0,0.0,0.0,100.0,0.0,0.0,0.0,0,0,0,0,0,0,0,0,,,,,81.20053705825859,105570.4314375,132.0,cea,MULTI_RES,NONE,NONE,
Baixa_Alfama,B1914,matched,18.36,18.36,4400.3,4421.96,21.659999999999854,0.004922391655114391,0.49223916551143904,100.0,0.0,0.0,0.0,100.0,0.0,0.0,0.0,0,0,0,0,0,0,0,0,,,,,34.41504218155686,32909.916,57.0,cea,MULTI_RES,NONE,NONE,
Baixa_Alfama,B1915,matched,18.22,34.82,2510.59,4545.76,2035.17,0.8106341537248216,81.06341537248215,0.0,42.578237151880565,57.42176284811944,0.0,0.0,40.30726650708733,59.69273349291267,0.0,1,3,1,1,0,1,0,3,0.7333601613839468,0.6267605027150817,0.440181702375412,0.9008364677429199,34.17167474127439,70968.62290625,56.0,cea,MULTI_RES,NONE,NONE,
Baixa_Alfama,B1916,matched,16.12,16.12,3403.2,3624.76,221.5600000000004,0.06510343206393994,6.510343206393994,100.0,0.0,0.0,0.0,100.0,0.0,0.0,0.0,0,0,0,0,0,0,0,0,,,,,30.21198807789577,69565.3838125,49.0,cea,MULTI_RES,NONE,NONE,
Baixa_Alfama,B1917,matched,18.11,18.11,4499.18,4520.89,21.710000000000036,0.004825323725656683,0.4825323725656683,100.0,0.0,0.0,0.0,100.0,0.0,0.0,0.0,0,0,0,0,0,0,0,0,,,,,32.50487585413022,57696.30846875,58.0,cea,MULTI_RES,NONE,NONE,
Baixa_Alfama,B1918,matched,28.5,56.79,7058.93,11213.33,4154.4,0.5885311229888949,58.853112298889485,0.0,100.0,0.0,0.0,0.0,100.0,0.0,0.0,1,2,0,1,0,1,0,2,0.9463914036750793,0.9466552480239344,0.9424795508384705,0.9503032565116882,54.84668607777793,93615.78865625,89.0,cea,MULTI_RES,NONE,NONE,
Baixa_Alfama,B1920,matched,26.43,50.17,6824.42,10091.1,3266.6800000000003,0.4786751108519113,47.867511085191126,100.0,0.0,0.0,0.0,100.0,0.0,0.0,0.0,1,1,0,0,1,0,0,1,0.8319799900054932,0.8319799900054932,0.8319799900054932,0.8319799900054932,49.529302467176585,70483.668671875,85.0,cea,MULTI_RES,NONE,NONE,
Baixa_Alfama,B1921,matched,26.26,26.26,6966.87,6319.29,-647.5799999999999,-0.09295135405138892,-9.295135405138891,100.0,0.0,0.0,0.0,100.0,0.0,0.0,0.0,0,0,0,0,0,0,0,0,,,,,51.34663454166934,108305.7161875,84.0,cea,MULTI_RES,NONE,NONE,
Baixa_Alfama,B1922,matched,32.17,29.53,5984.43,5678.29,-306.1400000000003,-0.051156083369677696,-5.115608336967769,100.0,0.0,0.0,0.0,100.0,0.0,0.0,0.0,0,0,0,0,0,0,0,0,,,,,76.19667605030581,161503.6130625,124.0,cea,MULTI_RES,NONE,NONE,
Baixa_Alfama,B1923,matched,12.42,12.42,3306.26,3267.24,-39.02000000000044,-0.011801854663577709,-1.1801854663577709,100.0,0.0,0.0,0.0,100.0,0.0,0.0,0.0,0,0,0,0,0,0,0,0,,,,,23.28494019736001,38154.87478125,38.0,cea,MULTI_RES,NONE,NONE,
Baixa_Alfama,B1924,matched,40.19,40.19,10556.94,10536.69,-20.25,-0.0019181694695622027,-0.19181694695622026,100.0,0.0,0.0,0.0,100.0,0.0,0.0,0.0,0,0,0,0,0,0,0,0,,,,,75.32488155878264,33034.4395859375,123.0,cea,MULTI_RES,NONE,NONE,
Baixa_Alfama,B1925,matched,34.45,34.45,9392.96,9391.8,-1.1599999999998545,-0.00012349674649949054,-0.012349674649949054,100.0,0.0,0.0,0.0,100.0,0.0,0.0,0.0,0,0,0,0,0,0,0,0,,,,,67.13457174473169,53467.4500625,112.0,cea,MULTI_RES,NONE,NONE,
Baixa_Alfama,B1926,matched,25.88,44.0,5021.63,6738.95,1717.3199999999997,0.34198457472971916,34.19845747297192,0.0,100.0,0.0,0.0,0.0,100.0,0.0,0.0,1,1,0,0,1,0,0,1,0.4942502975463867,0.4942502975463867,0.4942502975463867,0.4942502975463867,74.05492276695128,87845.17315625,121.0,cea,MULTI_RES,NONE,NONE,
Baixa_Alfama,B1927,matched,25.44,50.68,6771.18,10402.28,3631.1000000000004,0.5362580820477376,53.62580820477376,0.0,53.90686661404893,21.606156274664563,24.486977111286503,0.0,51.47395880148715,20.074156139418324,28.45188505909452,1,3,1,1,1,0,0,3,0.6570061842600504,0.6339262893846448,0.5298165678977966,0.8442455530166626,49.072564763048845,124960.03925,83.0,cea,MULTI_RES,NONE,NONE,
Baixa_Alfama,B1928,matched,26.6,26.6,6694.62,6373.71,-320.90999999999985,-0.04793550642157432,-4.793550642157432,100.0,0.0,0.0,0.0,100.0,0.0,0.0,0.0,0,0,0,0,0,0,0,0,,,,,56.43776082874758,136599.735875,93.0,cea,MULTI_RES,NONE,NONE,
Baixa_Alfama,B1929,matched,8.2,8.2,1111.02,1082.48,-28.539999999999964,-0.025688106424726794,-2.5688106424726795,100.0,0.0,0.0,0.0,100.0,0.0,0.0,0.0,0,0,0,0,0,0,0,0,,,,,38.45585525898543,82488.6579375,61.0,cea,MULTI_RES,NONE,NONE,
Baixa_Alfama,B1930,matched,0.0,0.0,0.0,0.0,0.0,,,,,,,,,,,0,0,0,0,0,0,0,0,,,,,11.265168682108294,22807.138875,19.0,cea,MULTI_RES,NONE,NONE,
Baixa_Alfama,B1931,matched,36.85,36.85,7742.65,7652.54,-90.10999999999967,-0.011638134230528266,-1.1638134230528265,100.0,0.0,0.0,0.0,100.0,0.0,0.0,0.0,0,0,0,0,0,0,0,0,,,,,91.73074066755383,223059.526,151.0,cea,MULTI_RES,NONE,NONE,
Baixa_Alfama,B1932,matched,25.98,53.17,6803.62,10795.4,3991.7799999999997,0.586714131594651,58.671413159465104,0.0,0.0,0.0,100.0,0.0,0.0,0.0,100.0,1,1,0,0,0,1,0,1,0.7461915612220764,0.7461915612220763,0.7461915612220764,0.7461915612220764,52.29524279025776,84938.85146875,86.0,cea,MULTI_RES,NONE,NONE,
Baixa_Alfama,B1933,matched,5.06,0.39,606.94,49.7,-557.24,-0.9181138168517481,-91.81138168517481,0.0,0.0,0.0,100.0,0.0,0.0,0.0,100.0,1,1,0,0,0,1,0,1,0.9097771048545837,0.9097771048545836,0.9097771048545837,0.9097771048545837,27.758034422375943,38209.14425,45.0,cea,MULTI_RES,NONE,NONE,
Baixa_Alfama,B1934,matched,37.81,76.37,9203.14,16889.81,7686.670000000002,0.8352225436101159,83.52225436101159,51.381432499672655,0.0,48.618567500327366,0.0,58.27032069350295,0.0,41.72967930649706,0.0,1,2,0,0,1,1,0,2,0.7659412622451782,0.7663650275577105,0.7474716305732727,0.7844108939170837,74.43264575849432,114718.5254609375,123.0,cea,MULTI_RES,NONE,NONE,
Baixa_Alfama,B1935,matched,38.41,75.44,10287.67,20277.07,9989.4,0.971007040466889,97.1007040466889,50.37115588547191,49.6288441145281,0.0,0.0,50.33804264502003,49.661957354979975,0.0,0.0,1,2,0,0,1,1,0,2,0.6909150332212448,0.6924053061164726,0.49242398142814636,0.8894060850143433,73.25165601700019,144116.97134375,122.0,cea,MULTI_RES,NONE,NONE,
Baixa_Alfama,B1936,matched,60.68,113.05,14292.37,20740.96,6448.589999999998,0.4511910900711357,45.11910900711357,0.0,0.0,100.0,0.0,0.0,0.0,100.0,0.0,1,1,1,0,0,0,0,1,0.368598073720932,0.368598073720932,0.368598073720932,0.368598073720932,111.67428383174394,193918.4970859375,185.0,cea,MULTI_RES,NONE,NONE,
Baixa_Alfama,B1937,matched,44.52,90.89,11019.66,20427.73,9408.07,0.8537532010969485,85.37532010969485,51.52382000220046,0.0,48.47617999779954,0.0,59.23413570624436,0.0,40.76586429375563,0.0,1,2,0,1,1,0,0,2,0.9263352453708649,0.9245664599133253,0.8681308031082153,0.9845396876335144,87.58953536079709,214253.979625,144.0,cea,MULTI_RES,NONE,NONE,
Baixa_Alfama,B1938,matched,34.85,34.85,9131.25,9249.14,117.88999999999942,0.012910609171800072,1.2910609171800072,100.0,0.0,0.0,0.0,100.0,0.0,0.0,0.0,0,0,0,0,0,0,0,0,,,,,69.60136444514241,163678.118375,114.0,cea,MULTI_RES,NONE,NONE,
Baixa_Alfama,B1939,matched,17.16,17.16,3781.02,3882.34,101.32000000000016,0.026797001867221056,2.6797001867221057,100.0,0.0,0.0,0.0,100.0,0.0,0.0,0.0,0,0,0,0,0,0,0,0,,,,,38.88325975050292,84605.618375,66.0,cea,MULTI_RES,NONE,NONE,
Baixa_Alfama,B1940,matched,6.0,17.08,839.01,1662.7,823.69,0.9817403845007807,98.17403845007807,0.0,100.0,0.0,0.0,0.0,100.0,0.0,0.0,1,1,0,1,0,0,0,1,0.7600420117378235,0.7600420117378234,0.7600420117378235,0.7600420117378235,46.1808010979742,81214.215,77.0,cea,MULTI_RES,NONE,NONE,
Baixa_Alfama,B1941,matched,9.55,9.55,2033.62,2102.41,68.78999999999996,0.03382637857613515,3.382637857613515,100.0,0.0,0.0,0.0,100.0,0.0,0.0,0.0,0,0,0,0,0,0,0,0,,,,,17.890852245890848,22753.72884375,31.0,cea,MULTI_RES,NONE,NONE,
Baixa_Alfama,B1942,matched,44.63,86.03,12135.07,19399.66,7264.59,0.5986442599836672,59.86442599836672,0.0,100.0,0.0,0.0,0.0,100.0,0.0,0.0,1,2,0,1,0,1,0,2,0.8487899899482727,0.8578021022267717,0.7126966118812561,0.9848833680152893,83.66570766823091,179172.46584375,137.0,cea,MULTI_RES,NONE,NONE,
Baixa_Alfama,B1943,matched,29.15,50.03,7382.67,12912.67,5530.0,0.7490514949198596,74.90514949198595,75.46981207516993,0.0,24.530187924830066,0.0,80.46223078620763,0.0,19.53776921379238,0.0,1,2,0,0,1,1,0,2,0.7567101418972015,0.6665463442124864,0.5797081589698792,0.9337121248245239,48.51097915295197,119321.7924375,78.0,cea,MULTI_RES,NONE,NONE,
Baixa_Alfama,B1944,matched,18.95,43.89,2967.03,6716.74,3749.7099999999996,1.26379241194056,126.379241194056,49.908842297174104,0.0,50.09115770282588,0.0,43.9390471566029,0.0,56.06095284339708,0.0,1,2,0,0,1,1,0,2,0.7567101418972015,0.753252482678008,0.5797081589698792,0.9337121248245239,44.462455979880865,110552.5948125,74.0,cea,MULTI_RES,NONE,NONE,
Baixa_Alfama,B1945,matched,15.22,15.22,2549.27,2808.71,259.44000000000005,0.10177031071640119,10.177031071640119,100.0,0.0,0.0,0.0,100.0,0.0,0.0,0.0,0,0,0,0,0,0,0,0,,,,,32.64350265306696,74273.1289375,54.0,cea,MULTI_RES,NONE,NONE,
Baixa_Alfama,B1946,matched,12.3,23.78,3090.3,5667.0,2576.7,0.8338025434423841,83.38025434423841,50.778291964661335,0.0,49.221708035338665,0.0,56.46193782789738,0.0,43.538062172102634,0.0,1,2,0,1,0,1,0,2,0.7420254647731781,0.74044686091682,0.6404399275779724,0.8436110019683838,23.047967018205796,54302.262500000004,37.0,cea,MULTI_RES,NONE,NONE,
Baixa_Alfama,B1947,matched,23.97,39.4,6098.54,11357.25,5258.71,0.8622899907190902,86.22899907190902,100.0,0.0,0.0,0.0,100.0,0.0,0.0,0.0,1,2,0,0,1,0,1,2,0.5462375581264496,0.5439028346818877,0.48112958669662476,0.6113455295562744,51.218542401899846,115560.18950000001,85.0,cea,MULTI_RES,NONE,NONE,
Baixa_Alfama,B1948,matched,21.95,46.51,5470.23,10148.87,4678.640000000001,0.8552912766008014,85.52912766008014,0.0,100.0,0.0,0.0,0.0,100.0,0.0,0.0,1,1,0,0,0,1,0,1,0.7143917083740234,0.7143917083740233,0.7143917083740234,0.7143917083740234,44.411682618052104,59906.513562500004,72.0,cea,MULTI_RES,NONE,NONE,
Baixa_Alfama,B1949,matched,21.39,32.93,3684.49,3267.41,-417.0799999999999,-0.11319884163072771,-11.319884163072771,0.0,100.0,0.0,0.0,0.0,100.0,0.0,0.0,1,2,0,1,1,0,0,2,0.8134046196937561,0.8166393342572468,0.7828983664512634,0.8439108729362488,40.122307112293385,58745.4706015625,67.0,cea,MULTI_RES,NONE,NONE,
Baixa_Alfama,B1950,matched,30.43,62.42,8075.28,12163.79,4088.510000000001,0.506299471968774,50.6299471968774,0.0,48.133311969235706,51.866688030764294,0.0,0.0,52.26937777818542,47.73062222181459,0.0,1,2,0,1,0,1,0,2,0.9695249199867249,0.9688910855138949,0.9526039958000183,0.9864458441734314,61.345040249350205,139221.096875,101.0,cea,MULTI_RES,NONE,NONE,
Baixa_Alfama,B1951,matched,19.31,19.31,5137.03,4981.45,-155.57999999999993,-0.030285982367243315,-3.0285982367243314,100.0,0.0,0.0,0.0,100.0,0.0,0.0,0.0,1,1,0,0,0,0,1,1,0.3485221266746521,0.3485221266746521,0.3485221266746521,0.3485221266746521,36.18152855515015,76249.78234375,59.0,cea,MULTI_RES,NONE,NONE,
Baixa_Alfama,B1952,matched,33.09,69.57,7504.63,12793.9,5289.2699999999995,0.7048009029092706,70.48009029092705,0.0,100.0,0.0,0.0,0.0,100.0,0.0,0.0,1,1,0,0,0,1,0,1,0.9647217988967896,0.9647217988967894,0.9647217988967896,0.9647217988967896,67.31732125656598,167250.938,110.0,cea,MULTI_RES,NONE,NONE,
Baixa_Alfama,B1953,matched,27.81,27.81,4956.48,4674.82,-281.65999999999985,-0.05682661889082572,-5.682661889082572,100.0,0.0,0.0,0.0,100.0,0.0,0.0,0.0,0,0,0,0,0,0,0,0,,,,,61.08210583715617,132672.8351875,99.0,cea,MULTI_RES,NONE,NONE,
Baixa_Alfama,B1954,matched,33.67,64.17,7782.7,13680.3,5897.599999999999,0.757783288575944,75.7783288575944,46.49423496416329,0.0,53.5057650358367,0.0,50.78381807685333,0.0,49.21618192314667,0.0,1,2,0,1,0,1,0,2,0.9064714014530182,0.9059926280134869,0.8996387720108032,0.9133040308952332,63.0965432482545,89721.9880390625,104.0,cea,MULTI_RES,NONE,NONE,
Baixa_Alfama,B1955,matched,39.43,75.96,10447.97,18758.62,8310.65,0.7954320312941174,79.54320312941175,48.703435566671054,0.0,51.29656443332894,0.0,54.270277987789385,0.0,45.72972201221061,0.0,1,2,1,0,1,0,0,2,0.7778978049755096,0.772640807160028,0.5743628740310669,0.9814327359199524,73.90087789313793,181205.43375,122.0,cea,MULTI_RES,NONE,NONE,
Baixa_Alfama,B1956,matched,62.16,62.16,14081.35,14552.11,470.7600000000002,0.03343145366033798,3.3431453660337977,100.0,0.0,0.0,0.0,100.0,0.0,0.0,0.0,0,0,0,0,0,0,0,0,,,,,136.5464489558,201180.4435625,225.0,cea,MULTI_RES,NONE,NONE,
Baixa_Alfama,B1957,matched,47.28,47.28,11384.69,11275.55,-109.14000000000124,-0.009586558790797223,-0.9586558790797223,100.0,0.0,0.0,0.0,100.0,0.0,0.0,0.0,0,0,0,0,0,0,0,0,,,,,100.53688213291852,144964.570125,166.0,cea,MULTI_RES,NONE,NONE,
Baixa_Alfama,B1958,matched,108.35,205.36,30127.53,50481.46,20353.93,0.6755923900830901,67.559239008309,25.736403914504113,21.695311358878236,0.0,52.56828472661768,28.44440608376777,19.97312222290322,0.0,51.58247169332901,1,3,1,1,1,0,0,3,0.6999066869417826,0.7698669364981714,0.42312300205230713,0.9190344214439392,203.07121412301439,486660.3953125,334.0,cea,MULTI_RES,NONE,NONE,
Baixa_Alfama,B1959,matched,0.66,0.66,180.42,180.42,0.0,0.0,0.0,100.0,0.0,0.0,0.0,100.0,0.0,0.0,0.0,0,0,0,0,0,0,0,0,,,,,3.465956869227686,4031.32675,6.0,cea,MULTI_RES,NONE,NONE,
Baixa_Alfama,B1960,matched,68.37,98.85,18891.95,24578.15,5686.200000000001,0.3009853403169075,30.09853403169075,35.18462316641376,64.81537683358626,0.0,0.0,35.65344237612708,64.34655762387291,0.0,0.0,1,2,0,0,0,1,1,2,0.7327554523944855,0.7313982527121601,0.5723252892494202,0.8931856155395508,127.8084584558647,260179.9981875,212.0,cea,MULTI_RES,NONE,NONE,
Baixa_Alfama,B1961,matched,44.48,44.79,10362.75,10131.26,-231.48999999999978,-0.022338664929675983,-2.233866492967598,100.0,0.0,0.0,0.0,100.0,0.0,0.0,0.0,0,0,0,0,0,0,0,0,,,,,87.54911528051207,192339.56365625001,145.0,cea,MULTI_RES,NONE,NONE,
Baixa_Alfama,B1962,matched,1.97,1.97,539.08,533.83,-5.25,-0.009738814276174223,-0.9738814276174222,100.0,0.0,0.0,0.0,100.0,0.0,0.0,0.0,0,0,0,0,0,0,0,0,,,,,12.640499986692472,30690.248375,21.0,cea,MULTI_RES,NONE,NONE,
Baixa_Alfama,B1963,matched,5.4,5.4,1381.05,1372.96,-8.089999999999918,-0.005857861771840207,-0.5857861771840207,100.0,0.0,0.0,0.0,100.0,0.0,0.0,0.0,0,0,0,0,0,0,0,0,,,,,10.119379663806429,7335.40278125,15.0,cea,MULTI_RES,NONE,NONE,
Baixa_Alfama,B1964,matched,0.33,0.33,88.87,88.96,0.0899999999999892,0.0010127152019802992,0.10127152019802992,100.0,0.0,0.0,0.0,100.0,0.0,0.0,0.0,0,0,0,0,0,0,0,0,,,,,1.9678741580377914,619.4246875,4.0,cea,MULTI_RES,NONE,NONE,
Baixa_Alfama,B1967,matched,135.86,135.86,37183.3,37194.59,11.289999999993597,0.00030363093108986015,0.030363093108986015,100.0,0.0,0.0,0.0,100.0,0.0,0.0,0.0,0,0,0,0,0,0,0,0,,,,,254.62517057675132,545278.9459921875,417.0,cea,MULTI_RES,NONE,NONE,
Baixa_Alfama,B1968,matched,80.54,154.68,17957.48,32082.21,14124.73,0.7865652641684691,78.6565264168469,55.35587303639537,0.0,44.64412696360462,0.0,63.74526301499493,0.0,36.254736985005046,0.0,1,2,1,0,1,0,0,2,0.9068935215473175,0.9167673549464389,0.8146778345108032,0.9991092085838318,150.94013514487108,310673.390421875,248.0,cea,MULTI_RES,NONE,NONE,
Baixa_Alfama,B1969,matched,14.49,14.49,3925.46,3914.6,-10.860000000000127,-0.002766554747723866,-0.2766554747723866,100.0,0.0,0.0,0.0,100.0,0.0,0.0,0.0,0,0,0,0,0,0,0,0,,,,,27.39949113902739,36457.86725,45.0,cea,MULTI_RES,NONE,NONE,
Baixa_Alfama,B1971,matched,85.62,160.45,23404.59,38518.3,15113.710000000003,0.6457583747461504,64.57583747461504,51.754440635712065,0.0,48.24555936428794,0.0,56.79669620669797,0.0,43.20330379330204,0.0,1,2,1,0,1,0,0,2,0.786607027053833,0.7935041526193819,0.5898431539535522,0.9833709001541138,156.77925961235695,331015.69371875003,257.0,cea,MULTI_RES,NONE,NONE,
Baixa_Alfama,B1972,matched,45.04,86.15,12303.02,17557.09,5254.07,0.42705530837144046,42.705530837144046,0.0,100.0,0.0,0.0,0.0,100.0,0.0,0.0,1,1,0,1,0,0,0,1,0.8837891817092896,0.8837891817092896,0.8837891817092896,0.8837891817092896,84.12989247612607,131983.473578125,140.0,cea,MULTI_RES,NONE,NONE,
Baixa_Alfama,B1973,matched,106.7,200.99,27224.03,49732.57,22508.54,0.826789420963759,82.67894209637589,52.771144278606975,23.606965174129353,0.0,23.62189054726369,50.79645959652681,23.862615425870555,0.0,25.340924977602626,1,3,0,1,1,1,0,3,0.6848645806312561,0.6154740374057767,0.42410093545913696,0.8895673155784607,199.96858583249076,444318.910875,330.0,cea,MULTI_RES,NONE,NONE,
