{
  "type": "FeatureCollection",
  "name": "lisbonpolygon",
  "features": [
    {
      "type": "Feature",
      "properties": {
        "name": "Lisboa",
        "municipality_code": "1106",
        "source": "municipios.geojson",
        "source_crs": "EPSG:32729",
        "crs": "EPSG:4326",
        "ucea_compatible": true
      },
      "geometry": {
        "type": "Polygon",
        "coordinates": [
          [
            [
              -9.14490032196045,
              38.70500564575222
            ],
            [
              -9.145198822021484,
              38.70495605468745
            ],
            [
              -9.145192146301213,
              38.704929351806875
            ],
            [
              -9.145178794860842,
              38.70489120483417
            ],
            [
              -9.145188331603947,
              38.70484924316429
            ],
            [
              -9.145215988159123,
              38.70484542846691
            ],
            [
              -9.145249366760254,
              38.70487976074225
            ],
            [
              -9.145265579223633,
              38.70494079589854
            ],
            [
              -9.145538330078125,
              38.70489120483416
            ],
            [
              -9.145503044128418,
              38.704769134521705
            ],
            [
              -9.14552974700922,
              38.70476150512718
            ],
            [
              -9.145570755004883,
              38.70488739013676
            ],
            [
              -9.145936965942383,
              38.704822540283494
            ],
            [
              -9.146244049072152,
              38.704765319824176
            ],
            [
              -9.14627742767334,
              38.70464324951194
            ],
            [
              -9.146321296691895,
              38.70464706420909
            ],
            [
              -9.14631271362299,
              38.704704284668075
            ],
            [
              -9.146359443664494,
              38.7047080993654
            ],
            [
              -9.146349906921387,
              38.70477676391608
            ],
            [
              -9.146562576293888,
              38.7048683166504
            ],
            [
              -9.146600723266602,
              38.70480728149426
            ],
            [
              -9.146694183349553,
              38.704708099365405
            ],
            [
              -9.146719932556154,
              38.70472717285184
            ],
            [
              -9.146661758422795,
              38.70481872558594
            ],
            [
              -9.146700859069824,
              38.70483398437522
            ],
            [
              -9.146654129028263,
              38.704906463623054
            ],
            [
              -9.146989822387695,
              38.70504379272455
            ],
            [
              -9.14705753326416,
              38.70497512817389
            ],
            [
              -9.14712142944336,
              38.704883575439624
            ],
            [
              -9.147156715393066,
              38.70489501953136
            ],
            [
              -9.14709758758545,
              38.70498657226579
            ],
            [
              -9.147138595580998,
              38.70500183105468
            ],
            [
              -9.147086143493652,
              38.70508193969742
            ],
            [
              -9.147224426269531,
              38.70513916015619
            ],
            [
              -9.147438049316408,
              38.70522689819348
            ],
            [
              -9.147745132446289,
              38.70535659790046
            ],
            [
              -9.147860527038574,
              38.70540237426786
            ],
            [
              -9.147985458373967,
              38.70521163940458
            ],
            [
              -9.148070335388184,
              38.705245971679915
            ],
            [
              -9.14793872833252,
              38.705432891845646
            ],
            [
              -9.148270606994515,
              38.70557022094737
            ],
            [
              -9.148321151733398,
              38.70549392700194
            ],
            [
              -9.148412704467773,
              38.7053871154788
            ],
            [
              -9.148451805114746,
              38.705402374267855
            ],
            [
              -9.148496627807617,
              38.70542144775414
            ],
            [
              -9.14841461181635,
              38.705535888671854
            ],
            [
              -9.148430824279728,
              38.705558776855646
            ],
            [
              -9.14881706237793,
              38.70571517944359
            ],
            [
              -9.148895263671818,
              38.7056007385255
            ],
            [
              -9.148844718933107,
              38.705581665039055
            ],
            [
              -9.148870468139648,
              38.7055244445803
            ],
            [
              -9.148996353149414,
              38.705574035644524
            ],
            [
              -9.149054527282658,
              38.70561981201196
            ],
            [
              -9.14918327331543,
              38.705673217773715
            ],
            [
              -9.149222373962402,
              38.70566940307618
            ],
            [
              -9.149288177490178,
              38.705692291259986
            ],
            [
              -9.149912834167424,
              38.70557785034208
            ],
            [
              -9.15047645568842,
              38.70547103881853
            ],
            [
              -9.151206970214844,
              38.70534133911155
            ],
            [
              -9.15173053741455,
              38.70524978637694
            ],
            [
              -9.15207576751709,
              38.705184936523615
            ],
            [
              -9.153664588928223,
              38.70489883422868
            ],
            [
              -9.154586791992188,
              38.704738616943594
            ],
            [
              -9.154946327209359,
              38.70467758178712
            ],
            [
              -9.155116081237793,
              38.70445632934581
            ],
            [
              -9.15499401092518,
              38.70404434204112
            ],
            [
              -9.154908180236816,
              38.70375442504899
            ],
            [
              -9.155753135681096,
              38.70360183715843
            ],
            [
              -9.15579700469965,
              38.70375061035167
            ],
            [
              -9.156018257141113,
              38.7044830322268
            ],
            [
              -9.157257080078125,
              38.70426177978537
            ],
            [
              -9.15693187713623,
              38.70376586914091
            ],
            [
              -9.157441139221191,
              38.703666687011726
            ],
            [
              -9.157653808593693,
              38.70362854003908
            ],
            [
              -9.159073829650879,
              38.70337295532242
            ],
            [
              -9.159249305725098,
              38.70255661010754
            ],
            [
              -9.161211967468262,
              38.70258331298834
            ],
            [
              -9.161400794982853,
              38.702423095703224
            ],
            [
              -9.161877632141056,
              38.70242691040039
            ],
            [
              -9.161886215209961,
              38.702114105224666
            ],
            [
              -9.161537170410156,
              38.702110290527344
            ],
            [
              -9.161508560180664,
              38.70209884643578
            ],
            [
              -9.161255836486816,
              38.70188140869153
            ],
            [
              -9.161217689514105,
              38.70186996459961
            ],
            [
              -9.161179542541504,
              38.701862335205085
            ],
            [
              -9.160191535949593,
              38.70192337036138
            ],
            [
              -9.159305572509709,
              38.70198440551768
            ],
            [
              -9.15925502777094,
              38.701984405517685
            ],
            [
              -9.159028053283635,
              38.702007293701165
            ],
            [
              -9.158747673034668,
              38.70204162597666
            ],
            [
              -9.158145904540959,
              38.702110290527344
            ],
            [
              -9.157740592956486,
              38.70215606689454
            ],
            [
              -9.157185554504395,
              38.70222091674821
            ],
            [
              -9.157143592834473,
              38.70222091674822
            ],
            [
              -9.157108306884709,
              38.7022209167482
            ],
            [
              -9.157064437866154,
              38.70220184326176
            ],
            [
              -9.157034873962402,
              38.702163696289304
            ],
            [
              -9.15703010559082,
              38.7021331787111
            ],
            [
              -9.157038688659668,
              38.70210266113283
            ],
            [
              -9.157056808471625,
              38.70207977294931
            ],
            [
              -9.15708923339838,
              38.70206069946289
            ],
            [
              -9.157320976257324,
              38.702014923095696
            ],
            [
              -9.15986156463623,
              38.70156097412127
            ],
            [
              -9.15986156463623,
              38.70152664184591
            ],
            [
              -9.16004562377924,
              38.70152664184592
            ],
            [
              -9.16097164154047,
              38.70136260986345
            ],
            [
              -9.161131858825684,
              38.70133590698264
            ],
            [
              -9.161609649658205,
              38.70124816894536
            ],
            [
              -9.1620836257934,
              38.70116043090825
            ],
            [
              -9.16238021850586,
              38.701107025146484
            ],
            [
              -9.162608146667425,
              38.70106506347663
            ],
            [
              -9.162585258483887,
              38.700973510742344
            ],
            [
              -9.162554740905762,
              38.700862884521484
            ],
            [
              -9.162637710571289,
              38.70081329345702
            ],
            [
              -9.162813186645508,
              38.70071029663086
            ],
            [
              -9.162839889526367,
              38.70069503784196
            ],
            [
              -9.162982940673828,
              38.70061111450207
            ],
            [
              -9.163297653198242,
              38.70037460327171
            ],
            [
              -9.163172721862736,
              38.70014572143554
            ],
            [
              -9.167360305786076,
              38.69939041137697
            ],
            [
              -9.173970222473145,
              38.698192596435554
            ],
            [
              -9.174776077270451,
              38.69804763793945
            ],
            [
              -9.17558574676508,
              38.69787597656262
            ],
            [
              -9.17552375793457,
              38.69814300537109
            ],
            [
              -9.175647735595703,
              38.69861984252928
            ],
            [
              -9.175973892211914,
              38.698608398437614
            ],
            [
              -9.178696632385254,
              38.698265075683715
            ],
            [
              -9.179105758666992,
              38.69811630249031
            ],
            [
              -9.17916488647461,
              38.69810867309576
            ],
            [
              -9.179208755493164,
              38.69809722900391
            ],
            [
              -9.17928504943842,
              38.69808578491233
            ],
            [
              -9.179341316223088,
              38.698078155517805
            ],
            [
              -9.179291725158691,
              38.698043823242486
            ],
            [
              -9.179274559020996,
              38.69798278808616
            ],
            [
              -9.179437637329102,
              38.69795227050782
            ],
            [
              -9.179449081420842,
              38.69800186157226
            ],
            [
              -9.179415702819824,
              38.698070526123274
            ],
            [
              -9.179497718811035,
              38.698070526123274
            ],
            [
              -9.179671287536564,
              38.69807052612328
            ],
            [
              -9.179821968078556,
              38.698066711425895
            ],
            [
              -9.179920196533203,
              38.698055267333984
            ],
            [
              -9.180004119872933,
              38.69804763793945
            ],
            [
              -9.180059432983398,
              38.69804000854492
            ],
            [
              -9.18014144897461,
              38.69802856445325
            ],
            [
              -9.180313110351562,
              38.698001861572266
            ],
            [
              -9.180397987365666,
              38.697982788086165
            ],
            [
              -9.180472373962402,
              38.69797134399426
            ],
            [
              -9.180541992187443,
              38.697956085205355
            ],
            [
              -9.1806058883667,
              38.69794464111328
            ],
            [
              -9.180680274963322,
              38.69792556762701
            ],
            [
              -9.180750846862793,
              38.697910308837955
            ],
            [
              -9.18083190917963,
              38.69789505004906
            ],
            [
              -9.180901527404785,
              38.697875976562614
            ],
            [
              -9.180962562560978,
              38.6978607177737
            ],
            [
              -9.181037902831974,
              38.69784545898448
            ],
            [
              -9.181146621704102,
              38.6978263854982
            ],
            [
              -9.181192398071232,
              38.69782257080084
            ],
            [
              -9.181262969970703,
              38.697807312011946
            ],
            [
              -9.181337356567383,
              38.697795867919865
            ],
            [
              -9.181422233581543,
              38.69778060913098
            ],
            [
              -9.181462287902832,
              38.69776535034206
            ],
            [
              -9.181496620178224,
              38.69776153564454
            ],
            [
              -9.181549072265625,
              38.69775390625
            ],
            [
              -9.181598663330021,
              38.69774627685563
            ],
            [
              -9.18164157867426,
              38.697742462158324
            ],
            [
              -9.181694984436035,
              38.697738647461115
            ],
            [
              -9.181757926940861,
              38.69773101806657
            ],
            [
              -9.181822776794434,
              38.69772338867188
            ],
            [
              -9.182051658630314,
              38.69768524169934
            ],
            [
              -9.182088851928711,
              38.69768142700218
            ],
            [
              -9.182138442993107,
              38.69766998291045
            ],
            [
              -9.18218517303467,
              38.6976623535159
            ],
            [
              -9.182237625122013,
              38.697650909424
            ],
            [
              -9.182271957397461,
              38.69764328002947
            ],
            [
              -9.182348251342773,
              38.69762802124022
            ],
            [
              -9.182396888732853,
              38.697620391845696
            ],
            [
              -9.182482719421387,
              38.697605133056584
            ],
            [
              -9.182549476623535,
              38.69759368896508
            ],
            [
              -9.182743072509709,
              38.697563171386705
            ],
            [
              -9.182791709899902,
              38.69755172729504
            ],
            [
              -9.18284606933588,
              38.697544097900455
            ],
            [
              -9.182902336120549,
              38.69753265380859
            ],
            [
              -9.182942390441895,
              38.69752502441407
            ],
            [
              -9.182976722717228,
              38.69751739501946
            ],
            [
              -9.183023452758789,
              38.69750976562493
            ],
            [
              -9.183060646057072,
              38.69750213623058
            ],
            [
              -9.183122634887695,
              38.6974868774417
            ],
            [
              -9.183175086974984,
              38.6974754333496
            ],
            [
              -9.183203697204533,
              38.69746780395507
            ],
            [
              -9.183232307434082,
              38.69746398925793
            ],
            [
              -9.18328666687006,
              38.69745635986338
            ],
            [
              -9.183322906494084,
              38.697448730468814
            ],
            [
              -9.18336009979248,
              38.69744110107427
            ],
            [
              -9.18339729309082,
              38.697433471679744
            ],
            [
              -9.183441162109377,
              38.69742584228539
            ],
            [
              -9.183506011962834,
              38.69741821289084
            ],
            [
              -9.18353366851801,
              38.6974143981933
            ],
            [
              -9.183603286743164,
              38.69740295410178
            ],
            [
              -9.183635711669922,
              38.69739532470726
            ],
            [
              -9.183689117431584,
              38.69738769531251
            ],
            [
              -9.183781623840332,
              38.69737243652343
            ],
            [
              -9.183831214904728,
              38.697360992431754
            ],
            [
              -9.183884620666504,
              38.69735336303717
            ],
            [
              -9.184048652648926,
              38.69732666015619
            ],
            [
              -9.184075355529785,
              38.697319030761655
            ],
            [
              -9.184118270873967,
              38.6973114013673
            ],
            [
              -9.184171676635742,
              38.697303771972756
            ],
            [
              -9.18421459197998,
              38.6972961425784
            ],
            [
              -9.184318542480469,
              38.69728088378933
            ],
            [
              -9.18443584442133,
              38.69725799560553
            ],
            [
              -9.184473991394045,
              38.69725036621099
            ],
            [
              -9.18455982208252,
              38.69723510742211
            ],
            [
              -9.18459701538086,
              38.69722747802757
            ],
            [
              -9.184638023376408,
              38.69721984863305
            ],
            [
              -9.184700965881234,
              38.69720458984398
            ],
            [
              -9.184773445129338,
              38.69719314575223
            ],
            [
              -9.184822082519531,
              38.69718170166015
            ],
            [
              -9.184864044189396,
              38.69717407226578
            ],
            [
              -9.18494701385498,
              38.69716262817388
            ],
            [
              -9.18499565124506,
              38.697151184082045
            ],
            [
              -9.185093879699707,
              38.697139739990455
            ],
            [
              -9.185134887695256,
              38.697132110595916
            ],
            [
              -9.185191154479924,
              38.6971244812014
            ],
            [
              -9.185220718383789,
              38.69712066650402
            ],
            [
              -9.185288429260254,
              38.69710922241233
            ],
            [
              -9.185356140136719,
              38.6970977783206
            ],
            [
              -9.185396194458008,
              38.697090148926065
            ],
            [
              -9.185432434081974,
              38.697082519531364
            ],
            [
              -9.18545913696289,
              38.69707489013682
            ],
            [
              -9.185522079467773,
              38.6970634460451
            ],
            [
              -9.1856050491333,
              38.69704818725586
            ],
            [
              -9.185644149780217,
              38.69704055786127
            ],
            [
              -9.18569278717041,
              38.69703292846675
            ],
            [
              -9.185745239257812,
              38.697021484375234
            ],
            [
              -9.185835838317871,
              38.69700241088897
            ],
            [
              -9.185881614685002,
              38.69699096679688
            ],
            [
              -9.18592357635498,
              38.6969833374025
            ],
            [
              -9.18606185913086,
              38.69695281982421
            ],
            [
              -9.186091423034668,
              38.69694519042964
            ],
            [
              -9.186158180236816,
              38.69693374633812
            ],
            [
              -9.1861953735351,
              38.69692611694357
            ],
            [
              -9.186237335205078,
              38.696918487549055
            ],
            [
              -9.186280250549316,
              38.69691085815429
            ],
            [
              -9.186350822448674,
              38.69689941406278
            ],
            [
              -9.186387062072699,
              38.69689178466809
            ],
            [
              -9.186444282531738,
              38.696884155273544
            ],
            [
              -9.18657112121582,
              38.6968650817871
            ],
            [
              -9.1867094039917,
              38.69683837890647
            ],
            [
              -9.186805725097656,
              38.696823120117415
            ],
            [
              -9.186924934387207,
              38.69680404663113
            ],
            [
              -9.186955451965275,
              38.69679641723644
            ],
            [
              -9.186997413635254,
              38.6967887878419
            ],
            [
              -9.187032699584961,
              38.69678115844732
            ],
            [
              -9.187091827392578,
              38.69676971435546
            ],
            [
              -9.187167167663574,
              38.69675445556634
            ],
            [
              -9.187251091003418,
              38.69673919677745
            ],
            [
              -9.187313079833928,
              38.696727752685774
            ],
            [
              -9.187365531921387,
              38.69671630859404
            ],
            [
              -9.187408447265568,
              38.69670867919949
            ],
            [
              -9.187451362609806,
              38.696701049804794
            ],
            [
              -9.187493324279785,
              38.69669342041026
            ],
            [
              -9.187517166137695,
              38.69680404663115
            ],
            [
              -9.18774223327631,
              38.69680404663115
            ],
            [
              -9.192271232604924,
              38.695915222168026
            ],
            [
              -9.192255973815861,
              38.69586563110381
            ],
            [
              -9.193520545959473,
              38.695636749267656
            ],
            [
              -9.19348430633545,
              38.69551086425805
            ],
            [
              -9.193598747253361,
              38.69548797607445
            ],
            [
              -9.193611145019474,
              38.69552993774414
            ],
            [
              -9.193578720092717,
              38.69553756713885
            ],
            [
              -9.193601608276367,
              38.69562149047857
            ],
            [
              -9.194306373596135,
              38.69549942016612
            ],
            [
              -9.194306373596135,
              38.6954154968264
            ],
            [
              -9.194682121276855,
              38.6954154968264
            ],
            [
              -9.19477367401123,
              38.695415496826406
            ],
            [
              -9.194863319396973,
              38.69540023803736
            ],
            [
              -9.19490909576416,
              38.69539260864281
            ],
            [
              -9.194890022277775,
              38.69515609741228
            ],
            [
              -9.194920539855957,
              38.69515228271489
            ],
            [
              -9.195008277893066,
              38.69514465332037
            ],
            [
              -9.195025444030705,
              38.695365905761825
            ],
            [
              -9.195380210876465,
              38.69530105590833
            ],
            [
              -9.195359230041447,
              38.69525146484391
            ],
            [
              -9.195334434509164,
              38.69522476196311
            ],
            [
              -9.195324897766113,
              38.695137023925994
            ],
            [
              -9.195372581481934,
              38.69512557983392
            ],
            [
              -9.1954927444458,
              38.69510269165065
            ],
            [
              -9.195500373840332,
              38.69513702392601
            ],
            [
              -9.195526123046818,
              38.695152282714886
            ],
            [
              -9.195534706115723,
              38.69519042968778
            ],
            [
              -9.195525169372445,
              38.69522857666009
            ],
            [
              -9.195537567138615,
              38.69527816772489
            ],
            [
              -9.19592380523676,
              38.695205688476676
            ],
            [
              -9.19658088684082,
              38.695091247558594
            ],
            [
              -9.196537971496582,
              38.69494247436517
            ],
            [
              -9.196496963500977,
              38.694908142089844
            ],
            [
              -9.19648265838623,
              38.69486236572264
            ],
            [
              -9.196529388427734,
              38.69485473632811
            ],
            [
              -9.196594238281193,
              38.694839477539
            ],
            [
              -9.196606636047306,
              38.69488906860361
            ],
            [
              -9.19659519195551,
              38.6949386596682
            ],
            [
              -9.196637153625488,
              38.69508361816407
            ],
            [
              -9.197687149047795,
              38.694892883300774
            ],
            [
              -9.197672843933105,
              38.694847106933544
            ],
            [
              -9.197811126708928,
              38.694820404052955
            ],
            [
              -9.19782543182373,
              38.69486999511735
            ],
            [
              -9.198413848876953,
              38.69475936889648
            ],
            [
              -9.198398590087834,
              38.69471359252958
            ],
            [
              -9.19842624664301,
              38.69470596313506
            ],
            [
              -9.198383331298771,
              38.694553375244084
            ],
            [
              -9.19847297668457,
              38.69455337524408
            ],
            [
              -9.198480606079102,
              38.69458389282243
            ],
            [
              -9.198512077331543,
              38.69469451904314
            ],
            [
              -9.198540687561037,
              38.69470214843751
            ],
            [
              -9.198552131652832,
              38.694736480713004
            ],
            [
              -9.19914531707758,
              38.69463348388682
            ],
            [
              -9.19913101196289,
              38.69458389282243
            ],
            [
              -9.199263572692871,
              38.694549560547095
            ],
            [
              -9.199273109435978,
              38.694583892822436
            ],
            [
              -9.199353218078556,
              38.69458389282244
            ],
            [
              -9.199651718139648,
              38.69452667236328
            ],
            [
              -9.199926376342773,
              38.694480895996094
            ],
            [
              -9.200295448303223,
              38.69441223144544
            ],
            [
              -9.200600624084416,
              38.694358825683814
            ],
            [
              -9.200858116149846,
              38.69430923461924
            ],
            [
              -9.201121330261174,
              38.69426345825219
            ],
            [
              -9.201433181762695,
              38.694206237793004
            ],
            [
              -9.201728820800724,
              38.69415283203148
            ],
            [
              -9.202046394348088,
              38.694095611572315
            ],
            [
              -9.202082633972111,
              38.69408798217797
            ],
            [
              -9.202082633972111,
              38.69402694702166
            ],
            [
              -9.202425956726074,
              38.69402694702164
            ],
            [
              -9.202767372131348,
              38.69396209716819
            ],
            [
              -9.202917098998967,
              38.6939353942872
            ],
            [
              -9.203069686889648,
              38.69390869140624
            ],
            [
              -9.203351974487305,
              38.6938552856448
            ],
            [
              -9.203544616699162,
              38.693817138671925
            ],
            [
              -9.203933715820256,
              38.6937484741211
            ],
            [
              -9.204166412353516,
              38.69370651245139
            ],
            [
              -9.204483985900879,
              38.6936492919923
            ],
            [
              -9.204583168029785,
              38.69363021850602
            ],
            [
              -9.204974174499512,
              38.69356155395536
            ],
            [
              -9.205452919006348,
              38.69347381591824
            ],
            [
              -9.205504417419377,
              38.69346237182618
            ],
            [
              -9.205695152282658,
              38.693431854248054
            ],
            [
              -9.205951690673828,
              38.69338989257836
            ],
            [
              -9.206249237060547,
              38.69333267211918
            ],
            [
              -9.20639801025385,
              38.6933059692384
            ],
            [
              -9.206915855407715,
              38.693214416504134
            ],
            [
              -9.207361221313477,
              38.69313812255858
            ],
            [
              -9.207826614379883,
              38.69305038452149
            ],
            [
              -9.207917213439941,
              38.69303512573236
            ],
            [
              -9.208270072936955,
              38.69297409057629
            ],
            [
              -9.208556175231877,
              38.6929168701173
            ],
            [
              -9.208893775939885,
              38.69285202026366
            ],
            [
              -9.209283828735352,
              38.69277954101579
            ],
            [
              -9.20948314666748,
              38.692741394042905
            ],
            [
              -9.210638046264592,
              38.692531585693565
            ],
            [
              -9.210970878601017,
              38.692470550537124
            ],
            [
              -9.211406707763672,
              38.692390441894695
            ],
            [
              -9.211571693420353,
              38.69235992431635
            ],
            [
              -9.212047576904183,
              38.69227218627924
            ],
            [
              -9.21230411529541,
              38.692226409912394
            ],
            [
              -9.212362289428654,
              38.69221496582048
            ],
            [
              -9.213092803955021,
              38.69208145141595
            ],
            [
              -9.213472366333008,
              38.692012786865284
            ],
            [
              -9.213565826415959,
              38.69199752807623
            ],
            [
              -9.2138671875,
              38.69194030761748
            ],
            [
              -9.213826179504395,
              38.69180679321293
            ],
            [
              -9.213809967041016,
              38.69175338745117
            ],
            [
              -9.213873863220215,
              38.69173812866227
            ],
            [
              -9.21389389038086,
              38.69180679321295
            ],
            [
              -9.213930130004883,
              38.69193267822277
            ],
            [
              -9.214604377746582,
              38.69180679321294
            ],
            [
              -9.214688301086426,
              38.691791534424055
            ],
            [
              -9.215009689331055,
              38.69171524047852
            ],
            [
              -9.215058326721191,
              38.691711425781314
            ],
            [
              -9.215102195739746,
              38.69170761108398
            ],
            [
              -9.215147018432504,
              38.69170379638693
            ],
            [
              -9.215180397033691,
              38.69170379638694
            ],
            [
              -9.215633392333984,
              38.69167709350596
            ],
            [
              -9.215744972229004,
              38.69163894653332
            ],
            [
              -9.215803146362248,
              38.69145965576173
            ],
            [
              -9.215907096862736,
              38.691402435302976
            ],
            [
              -9.216020584106445,
              38.69141387939447
            ],
            [
              -9.216106414794922,
              38.69147872924831
            ],
            [
              -9.216054916381836,
              38.691719055175845
            ],
            [
              -9.216135025024414,
              38.69178390502952
            ],
            [
              -9.216264724731388,
              38.69189453125023
            ],
            [
              -9.216504096984863,
              38.69173812866228
            ],
            [
              -9.216734886169434,
              38.69172286987321
            ],
            [
              -9.216988563537598,
              38.691722869873225
            ],
            [
              -9.217186927795353,
              38.69176101684572
            ],
            [
              -9.217379570007324,
              38.69183349609393
            ],
            [
              -9.217846870422363,
              38.692058563232536
            ],
            [
              -9.218229293823242,
              38.69226837158225
            ],
            [
              -9.218433380126896,
              38.69238662719733
            ],
            [
              -9.21859073638916,
              38.69248580932634
            ],
            [
              -9.21870231628418,
              38.69257354736327
            ],
            [
              -9.218751907348576,
              38.69263839721691
            ],
            [
              -9.21884822845459,
              38.69276428222655
            ],
            [
              -9.21890735626215,
              38.69300460815459
            ],
            [
              -9.218882560729924,
              38.693199157715064
            ],
            [
              -9.218938827514592,
              38.6932067871096
            ],
            [
              -9.219058990478516,
              38.693225860595646
            ],
            [
              -9.219147682189941,
              38.693241119384766
            ],
            [
              -9.219183921813965,
              38.69321441650414
            ],
            [
              -9.21954727172846,
              38.69303512573236
            ],
            [
              -9.219826698303223,
              38.692916870117294
            ],
            [
              -9.21986007690424,
              38.692901611328416
            ],
            [
              -9.219943046569824,
              38.69286727905289
            ],
            [
              -9.22017860412592,
              38.692775726318416
            ],
            [
              -9.220658302307129,
              38.69261550903349
            ],
            [
              -9.220874786376953,
              38.69255065917961
            ],
            [
              -9.221298217773324,
              38.69243621826193
            ],
            [
              -9.221567153930664,
              38.69238662719733
            ],
            [
              -9.221792221069279,
              38.69233703613309
            ],
            [
              -9.222107887268066,
              38.69230270385759
            ],
            [
              -9.222387313842717,
              38.692272186279254
            ],
            [
              -9.222610473632756,
              38.69225692749034
            ],
            [
              -9.222827911376955,
              38.6922531127932
            ],
            [
              -9.222926139831543,
              38.692253112793196
            ],
            [
              -9.222929000854492,
              38.69222259521483
            ],
            [
              -9.223105430603027,
              38.69222640991239
            ],
            [
              -9.223207473754883,
              38.69222640991239
            ],
            [
              -9.223328590393066,
              38.69223403930693
            ],
            [
              -9.22351360321045,
              38.69224929809582
            ],
            [
              -9.223709106445312,
              38.69227218627924
            ],
            [
              -9.223907470703125,
              38.69230270385759
            ],
            [
              -9.224105834960938,
              38.69234466552746
            ],
            [
              -9.224287986755371,
              38.69239044189471
            ],
            [
              -9.22450065612793,
              38.692451477051
            ],
            [
              -9.224639892578125,
              38.6924972534181
            ],
            [
              -9.224720001220646,
              38.69252777099637
            ],
            [
              -9.224766731262207,
              38.692546844482635
            ],
            [
              -9.225674629211369,
              38.69300079345703
            ],
            [
              -9.225732803344613,
              38.69303512573235
            ],
            [
              -9.226335525512695,
              38.69337081909209
            ],
            [
              -9.226943969726562,
              38.693710327148416
            ],
            [
              -9.227038383483887,
              38.693767547607706
            ],
            [
              -9.227505683898869,
              38.69402694702165
            ],
            [
              -9.227639198303223,
              38.694026947021655
            ],
            [
              -9.227639198303223,
              38.69409942626953
            ],
            [
              -9.228002548217717,
              38.69430541992206
            ],
            [
              -9.228195190429688,
              38.69430541992205
            ],
            [
              -9.228195190429688,
              38.694412231445426
            ],
            [
              -9.22850227355957,
              38.694583892822436
            ],
            [
              -9.228631019592228,
              38.69465637207026
            ],
            [
              -9.228841781616211,
              38.69477462768573
            ],
            [
              -9.228894233703613,
              38.694816589355746
            ],
            [
              -9.228935241699219,
              38.6948280334475
            ],
            [
              -9.229270935058594,
              38.69501113891624
            ],
            [
              -9.229633331298828,
              38.69521331787121
            ],
            [
              -9.229668617248535,
              38.69523239135764
            ],
            [
              -9.229704856872559,
              38.69525527954106
            ],
            [
              -9.229840278625488,
              38.695331573486335
            ],
            [
              -9.229701042175293,
              38.69556427001982
            ],
            [
              -9.229574203491211,
              38.69580841064453
            ],
            [
              -9.22949504852295,
              38.69593811035168
            ],
            [
              -9.228689193725472,
              38.697368621826286
            ],
            [
              -9.2283935546875,
              38.69728088378933
            ],
            [
              -9.228055953979492,
              38.697162628173885
            ],
            [
              -9.227917671203613,
              38.69711303710948
            ],
            [
              -9.22767162322998,
              38.69701385498069
            ],
            [
              -9.227449417114144,
              38.696918487549055
            ],
            [
              -9.227386474609318,
              38.69688415527353
            ],
            [
              -9.22728443145752,
              38.69683074951193
            ],
            [
              -9.227242469787598,
              38.69681167602567
            ],
            [
              -9.226795196533146,
              38.69724273681646
            ],
            [
              -9.226410865783691,
              38.697582244873345
            ],
            [
              -9.226594924926758,
              38.69767761230497
            ],
            [
              -9.226907730102539,
              38.69783782958996
            ],
            [
              -9.227215766906681,
              38.69798278808616
            ],
            [
              -9.227252006530705,
              38.698001861572266
            ],
            [
              -9.227169036865234,
              38.69826889038109
            ],
            [
              -9.22728443145752,
              38.698345184326456
            ],
            [
              -9.227351188659611,
              38.69840240478522
            ],
            [
              -9.227405548095705,
              38.69848251342779
            ],
            [
              -9.227451324462892,
              38.698570251465064
            ],
            [
              -9.227461814880314,
              38.69866561889671
            ],
            [
              -9.227436065673828,
              38.69873046875024
            ],
            [
              -9.227397918701115,
              38.69877624511724
            ],
            [
              -9.22731685638428,
              38.69886016845703
            ],
            [
              -9.227239608764592,
              38.69891357421876
            ],
            [
              -9.227137565612793,
              38.69902420043969
            ],
            [
              -9.227064132690373,
              38.69915008544927
            ],
            [
              -9.227017402648869,
              38.69928741455078
            ],
            [
              -9.226990699768066,
              38.69936752319352
            ],
            [
              -9.226958274841309,
              38.69953918457038
            ],
            [
              -9.226858139038029,
              38.70008468627925
            ],
            [
              -9.226815223693848,
              38.70031738281263
            ],
            [
              -9.226737976074219,
              38.70073699951182
            ],
            [
              -9.226710319518931,
              38.70089340209977
            ],
            [
              -9.226633071899414,
              38.701297760009744
            ],
            [
              -9.226585388183594,
              38.70155715942394
            ],
            [
              -9.226461410522404,
              38.702201843261776
            ],
            [
              -9.226384162902832,
              38.70257949829101
            ],
            [
              -9.226343154907228,
              38.702835083007926
            ],
            [
              -9.226273536682072,
              38.70318603515637
            ],
            [
              -9.226208686828615,
              38.70348358154297
            ],
            [
              -9.22614669799799,
              38.70387268066406
            ],
            [
              -9.22612190246582,
              38.70401382446293
            ],
            [
              -9.226074218750002,
              38.70419311523431
            ],
            [
              -9.225946426391602,
              38.70438003540061
            ],
            [
              -9.225830078125,
              38.704502105713054
            ],
            [
              -9.22569465637207,
              38.704608917236456
            ],
            [
              -9.225536346435549,
              38.704711914062614
            ],
            [
              -9.225302696228027,
              38.70484161376977
            ],
            [
              -9.225137710571232,
              38.70494461059594
            ],
            [
              -9.224591255187988,
              38.70528030395524
            ],
            [
              -9.224466323852482,
              38.705352783203125
            ],
            [
              -9.224143981933537,
              38.70555114746111
            ],
            [
              -9.223909378051701,
              38.705688476562784
            ],
            [
              -9.223705291748047,
              38.70579528808616
            ],
            [
              -9.22337341308588,
              38.70596313476561
            ],
            [
              -9.223058700561467,
              38.70611190795903
            ],
            [
              -9.222879409790039,
              38.70620346069337
            ],
            [
              -9.222631454467773,
              38.706325531005966
            ],
            [
              -9.222466468810921,
              38.7064056396485
            ],
            [
              -9.222343444824162,
              38.70648574829124
            ],
            [
              -9.222248077392521,
              38.70657348632835
            ],
            [
              -9.222193717956486,
              38.70666503906243
            ],
            [
              -9.22215461730957,
              38.706760406494084
            ],
            [
              -9.222138404846191,
              38.70686721801782
            ],
            [
              -9.222166061401367,
              38.70696640014647
            ],
            [
              -9.22219276428217,
              38.707050323486555
            ],
            [
              -9.222203254699707,
              38.7070808410645
            ],
            [
              -9.222284317016545,
              38.70723724365229
            ],
            [
              -9.222440719604492,
              38.70750808715832
            ],
            [
              -9.222580909729004,
              38.707786560058864
            ],
            [
              -9.2227201461792,
              38.70801925659183
            ],
            [
              -9.222878456115723,
              38.70830917358398
            ],
            [
              -9.222941398620605,
              38.70841979980485
            ],
            [
              -9.223016738891602,
              38.70854568481444
            ],
            [
              -9.2230806350708,
              38.708683013916016
            ],
            [
              -9.223105430603027,
              38.70876693725608
            ],
            [
              -9.223152160644531,
              38.70893096923856
            ],
            [
              -9.223191261291504,
              38.70915985107421
            ],
            [
              -9.223243713378906,
              38.70948028564463
            ],
            [
              -9.223274230956974,
              38.70967483520508
            ],
            [
              -9.223307609558105,
              38.70986175537122
            ],
            [
              -9.223323822021484,
              38.70998764038097
            ],
            [
              -9.223335266113281,
              38.71007919311546
            ],
            [
              -9.223331451416016,
              38.71018218994162
            ],
            [
              -9.223320960998478,
              38.710300445556875
            ],
            [
              -9.223297119140568,
              38.71046829223655
            ],
            [
              -9.223265647888127,
              38.7106475830081
            ],
            [
              -9.223250389099064,
              38.71074676513694
            ],
            [
              -9.223199844360352,
              38.710895538330135
            ],
            [
              -9.223114013671875,
              38.71120834350587
            ],
            [
              -9.223098754882756,
              38.71126937866216
            ],
            [
              -9.223057746887207,
              38.71145629882813
            ],
            [
              -9.222994804382324,
              38.71172332763694
            ],
            [
              -9.222953796386719,
              38.711906433105696
            ],
            [
              -9.22288799285883,
              38.712200164795156
            ],
            [
              -9.222834587097168,
              38.71239089965844
            ],
            [
              -9.222762107849121,
              38.71268844604492
            ],
            [
              -9.222731590270996,
              38.712810516357536
            ],
            [
              -9.22268295288086,
              38.713005065918125
            ],
            [
              -9.222621917724553,
              38.71329498291027
            ],
            [
              -9.22258281707758,
              38.71343994140647
            ],
            [
              -9.222521781921387,
              38.71361541748069
            ],
            [
              -9.222443580627385,
              38.71376419067394
            ],
            [
              -9.222343444824162,
              38.71392822265626
            ],
            [
              -9.22228813171381,
              38.71400833129877
            ],
            [
              -9.222190856933594,
              38.71411895751952
            ],
            [
              -9.221989631652718,
              38.71436691284208
            ],
            [
              -9.221785545349121,
              38.71461486816412
            ],
            [
              -9.22154521942133,
              38.71487808227562
            ],
            [
              -9.22140121459961,
              38.715061187744375
            ],
            [
              -9.221002578735352,
              38.715541839599545
            ],
            [
              -9.220806121826115,
              38.71577453613294
            ],
            [
              -9.220541000366211,
              38.71607589721708
            ],
            [
              -9.220099449157658,
              38.71661758422857
            ],
            [
              -9.219969749450684,
              38.71676254272484
            ],
            [
              -9.219908714294377,
              38.716861724853615
            ],
            [
              -9.219240188598576,
              38.71767044067399
            ],
            [
              -9.218670845031738,
              38.71833801269548
            ],
            [
              -9.218535423278809,
              38.7184219360352
            ],
            [
              -9.2184219360351,
              38.71850204467797
            ],
            [
              -9.218000411987248,
              38.71876144409192
            ],
            [
              -9.217722892761174,
              38.71891784667986
            ],
            [
              -9.217177391052246,
              38.71923446655296
            ],
            [
              -9.216873168945312,
              38.71940994262696
            ],
            [
              -9.216497421264648,
              38.7196311950686
            ],
            [
              -9.216285705566406,
              38.71975708007818
            ],
            [
              -9.215773582458496,
              38.72005844116223
            ],
            [
              -9.215462684631348,
              38.72023391723637
            ],
            [
              -9.215092658996525,
              38.72044754028331
            ],
            [
              -9.214872360229492,
              38.72057723999045
            ],
            [
              -9.214625358581543,
              38.7206954956057
            ],
            [
              -9.214385986328125,
              38.7208099365236
            ],
            [
              -9.214002609252816,
              38.72095108032249
            ],
            [
              -9.213331222534123,
              38.72120285034193
            ],
            [
              -9.21276569366455,
              38.72141647338896
            ],
            [
              -9.212379455566406,
              38.72156143188483
            ],
            [
              -9.212074279785156,
              38.721675872802905
            ],
            [
              -9.211705207824707,
              38.72181320190441
            ],
            [
              -9.211385726928711,
              38.72193527221703
            ],
            [
              -9.211215019226074,
              38.72199630737333
            ],
            [
              -9.210852622985783,
              38.722236633300824
            ],
            [
              -9.210025787353459,
              38.722755432128906
            ],
            [
              -9.209758758544808,
              38.72292709350596
            ],
            [
              -9.20942592620844,
              38.72313690185547
            ],
            [
              -9.20915508270258,
              38.723304748535334
            ],
            [
              -9.208966255187988,
              38.7234191894534
            ],
            [
              -9.208718299865666,
              38.72356414794929
            ],
            [
              -9.208418846130371,
              38.72374725341818
            ],
            [
              -9.208255767822266,
              38.72384262084983
            ],
            [
              -9.20814323425293,
              38.72392272949242
            ],
            [
              -9.208070755004826,
              38.72399520874022
            ],
            [
              -9.208039283752385,
              38.72405624389655
            ],
            [
              -9.208006858825627,
              38.724128723144766
            ],
            [
              -9.208003997802734,
              38.724178314208984
            ],
            [
              -9.208022117614746,
              38.72424697875983
            ],
            [
              -9.208047866821289,
              38.72433090209962
            ],
            [
              -9.208320617675724,
              38.72519683837906
            ],
            [
              -9.208380699157658,
              38.72537612915045
            ],
            [
              -9.208637237548828,
              38.726173400878906
            ],
            [
              -9.208742141723576,
              38.72648239135766
            ],
            [
              -9.208963394165039,
              38.7271690368652
            ],
            [
              -9.20920181274414,
              38.727897644042955
            ],
            [
              -9.209471702575684,
              38.72871780395509
            ],
            [
              -9.209774017333984,
              38.72965240478538
            ],
            [
              -9.20989799499506,
              38.730041503906456
            ],
            [
              -9.20992565155018,
              38.73012161254906
            ],
            [
              -9.209918975830021,
              38.73017501831067
            ],
            [
              -9.209861755371094,
              38.730266571045085
            ],
            [
              -9.209735870361271,
              38.730464935302734
            ],
            [
              -9.20954704284668,
              38.730743408203296
            ],
            [
              -9.20934772491455,
              38.73105239868164
            ],
            [
              -9.20913028717041,
              38.73137664794944
            ],
            [
              -9.208874702453613,
              38.73179244995134
            ],
            [
              -9.208658218383732,
              38.73211669921899
            ],
            [
              -9.208464622497502,
              38.73242568969749
            ],
            [
              -9.208251953125,
              38.73276519775418
            ],
            [
              -9.207941055297852,
              38.733245849609354
            ],
            [
              -9.207713127136174,
              38.73361968994139
            ],
            [
              -9.207501411437988,
              38.73394393920922
            ],
            [
              -9.207091331481934,
              38.73458862304712
            ],
            [
              -9.206880569458008,
              38.73492813110357
            ],
            [
              -9.206570625305176,
              38.735424041748054
            ],
            [
              -9.20638370513916,
              38.73569869995127
            ],
            [
              -9.20617389678955,
              38.736034393310774
            ],
            [
              -9.206005096435492,
              38.73629379272489
            ],
            [
              -9.205799102783203,
              38.736625671386726
            ],
            [
              -9.205623626708928,
              38.73690414428704
            ],
            [
              -9.205238342285156,
              38.73750305175789
            ],
            [
              -9.205106735229437,
              38.737705230713054
            ],
            [
              -9.205093383789062,
              38.73780441284192
            ],
            [
              -9.205095291137697,
              38.73789596557634
            ],
            [
              -9.205113410949707,
              38.73806381225586
            ],
            [
              -9.20524120330805,
              38.7393074035645
            ],
            [
              -9.205316543579046,
              38.739967346191456
            ],
            [
              -9.205392837524357,
              38.74067687988282
            ],
            [
              -9.20548152923584,
              38.741451263428
            ],
            [
              -9.205558776855412,
              38.742183685302855
            ],
            [
              -9.205629348754883,
              38.74283981323259
            ],
            [
              -9.20564079284668,
              38.74289703369153
            ],
            [
              -9.205724716186523,
              38.74303817749039
            ],
            [
              -9.205806732177734,
              38.74314117431657
            ],
            [
              -9.206400871276855,
              38.743911743164055
            ],
            [
              -9.20695972442627,
              38.74464035034185
            ],
            [
              -9.207343101501408,
              38.74515533447293
            ],
            [
              -9.207542419433537,
              38.74544906616239
            ],
            [
              -9.207671165466309,
              38.745616912841896
            ],
            [
              -9.207887649536076,
              38.74589920043962
            ],
            [
              -9.208020210266113,
              38.74607086181645
            ],
            [
              -9.208268165588379,
              38.74639129638672
            ],
            [
              -9.208457946777344,
              38.74664306640629
            ],
            [
              -9.208671569824219,
              38.74691772460932
            ],
            [
              -9.208765029907227,
              38.74703979492194
            ],
            [
              -9.208962440490723,
              38.74730300903344
            ],
            [
              -9.209126472473145,
              38.74752044677752
            ],
            [
              -9.209219932556152,
              38.7476348876956
            ],
            [
              -9.209309577941895,
              38.747753143310675
            ],
            [
              -9.209551811218262,
              38.74807739257814
            ],
            [
              -9.209863662719727,
              38.74848175048844
            ],
            [
              -9.209956169128418,
              38.748600006103516
            ],
            [
              -9.21012020111084,
              38.74881744384759
            ],
            [
              -9.210294723510742,
              38.74903106689453
            ],
            [
              -9.210468292236328,
              38.74925613403347
            ],
            [
              -9.210570335388127,
              38.749385833740455
            ],
            [
              -9.21070480346674,
              38.74956893920921
            ],
            [
              -9.210899353027287,
              38.74981307983409
            ],
            [
              -9.211045265197754,
              38.75001144409191
            ],
            [
              -9.211238861083984,
              38.75027084350586
            ],
            [
              -9.211339950561523,
              38.75038909912126
            ],
            [
              -9.211420059204045,
              38.7504806518556
            ],
            [
              -9.21125698089594,
              38.75055694580077
            ],
            [
              -9.211130142211857,
              38.75062561035179
            ],
            [
              -9.210555076599121,
              38.750911712646705
            ],
            [
              -9.210374832153263,
              38.75100326538097
            ],
            [
              -9.210273742675781,
              38.75105667114275
            ],
            [
              -9.210207939147892,
              38.751140594482465
            ],
            [
              -9.210142135620117,
              38.751224517822266
            ],
            [
              -9.210073471069279,
              38.75132369995123
            ],
            [
              -9.209862709045353,
              38.75162124633806
            ],
            [
              -9.208812713623047,
              38.75314331054693
            ],
            [
              -9.208720207214355,
              38.753292083740355
            ],
            [
              -9.208691596984863,
              38.75334167480479
            ],
            [
              -9.208688735961914,
              38.753383636474844
            ],
            [
              -9.208706855773869,
              38.75345230102566
            ],
            [
              -9.208776473999023,
              38.75358581542964
            ],
            [
              -9.208888053894043,
              38.75379180908203
            ],
            [
              -9.208986282348633,
              38.75397872924828
            ],
            [
              -9.208995819091683,
              38.754013061523594
            ],
            [
              -9.20897388458252,
              38.7540435791018
            ],
            [
              -9.208931922912598,
              38.75408172607429
            ],
            [
              -9.208836555480959,
              38.75414657592796
            ],
            [
              -9.208768844604492,
              38.754199981689574
            ],
            [
              -9.208753585815373,
              38.75424957275415
            ],
            [
              -9.208769798278752,
              38.754291534423984
            ],
            [
              -9.208834648132324,
              38.7544174194336
            ],
            [
              -9.208996772766056,
              38.75471878051779
            ],
            [
              -9.209077835083008,
              38.75487518310558
            ],
            [
              -9.209066390991211,
              38.754909515381094
            ],
            [
              -9.209038734436035,
              38.75493240356469
            ],
            [
              -9.209006309509277,
              38.75495910644549
            ],
            [
              -9.208511352539006,
              38.755233764648494
            ],
            [
              -9.208151817321777,
              38.75542831420914
            ],
            [
              -9.208029747009277,
              38.75549316406243
            ],
            [
              -9.20800495147705,
              38.75551605224609
            ],
            [
              -9.207937240600586,
              38.75557708740256
            ],
            [
              -9.207921981811523,
              38.75561141967774
            ],
            [
              -9.207918167114258,
              38.755645751953416
            ],
            [
              -9.207934379577637,
              38.755699157714844
            ],
            [
              -9.207954406738281,
              38.75575637817411
            ],
            [
              -9.20802116394043,
              38.75590515136736
            ],
            [
              -9.208079338073674,
              38.75606155395532
            ],
            [
              -9.208086013793888,
              38.756137847900675
            ],
            [
              -9.208065032958984,
              38.75621032714856
            ],
            [
              -9.208046913146916,
              38.75624084472667
            ],
            [
              -9.207983970642033,
              38.75630187988297
            ],
            [
              -9.207941055297852,
              38.756336212158324
            ],
            [
              -9.207839965820256,
              38.75637817382819
            ],
            [
              -9.207596778869629,
              38.756484985351726
            ],
            [
              -9.207422256469613,
              38.756546020508054
            ],
            [
              -9.207324981689455,
              38.75656127929693
            ],
            [
              -9.207240104675236,
              38.75655364990258
            ],
            [
              -9.207176208496037,
              38.756530761718984
            ],
            [
              -9.207072257995605,
              38.75648117065435
            ],
            [
              -9.206961631774846,
              38.75648498535172
            ],
            [
              -9.20687007904047,
              38.756515502929695
            ],
            [
              -9.20672607421875,
              38.75657653808599
            ],
            [
              -9.206605911254883,
              38.756629943847784
            ],
            [
              -9.206536293029728,
              38.75670242309599
            ],
            [
              -9.206453323364201,
              38.75683975219749
            ],
            [
              -9.206349372863656,
              38.75705337524418
            ],
            [
              -9.206269264221191,
              38.757148742675824
            ],
            [
              -9.20619010925293,
              38.75718307495118
            ],
            [
              -9.206085205078125,
              38.75719070434594
            ],
            [
              -9.205924987792912,
              38.75717926025419
            ],
            [
              -9.20545768737793,
              38.757137298583984
            ],
            [
              -9.205145835876408,
              38.75711059570334
            ],
            [
              -9.204822540283203,
              38.75708389282254
            ],
            [
              -9.204769134521428,
              38.75707626342802
            ],
            [
              -9.204654693603516,
              38.75706863403332
            ],
            [
              -9.204132080078011,
              38.757022857666236
            ],
            [
              -9.204024314880371,
              38.757011413574325
            ],
            [
              -9.203975677490234,
              38.757022857666236
            ],
            [
              -9.203918457031193,
              38.757053375244205
            ],
            [
              -9.203631401061898,
              38.75723266601562
            ],
            [
              -9.203302383422795,
              38.75744247436534
            ],
            [
              -9.202932357788029,
              38.75767135620129
            ],
            [
              -9.202859878540039,
              38.75771331787115
            ],
            [
              -9.202800750732422,
              38.75774002075195
            ],
            [
              -9.202683448791504,
              38.75775909423857
            ],
            [
              -9.202571868896428,
              38.75778961181635
            ],
            [
              -9.202446937561035,
              38.757820129394695
            ],
            [
              -9.202324867248478,
              38.75785064697266
            ],
            [
              -9.20210170745844,
              38.75793457031279
            ],
            [
              -9.201461791992074,
              38.7581596374514
            ],
            [
              -9.200695991516056,
              38.75843429565441
            ],
            [
              -9.200156211853027,
              38.75862503051768
            ],
            [
              -9.200115203857365,
              38.758644104004134
            ],
            [
              -9.20008659362793,
              38.75867843627947
            ],
            [
              -9.20002555847168,
              38.75873947143577
            ],
            [
              -9.199971199035645,
              38.758777618408324
            ],
            [
              -9.199908256530705,
              38.75880432128906
            ],
            [
              -9.199825286865178,
              38.758815765380966
            ],
            [
              -9.199687957763672,
              38.75883483886741
            ],
            [
              -9.199090957641545,
              38.758899688720696
            ],
            [
              -9.198287010192814,
              38.75898742675781
            ],
            [
              -9.198167800903263,
              38.75900650024425
            ],
            [
              -9.198096275329533,
              38.75902938842768
            ],
            [
              -9.19805717468256,
              38.75906372070323
            ],
            [
              -9.198040008544922,
              38.75912475585933
            ],
            [
              -9.198019981384277,
              38.75924301147477
            ],
            [
              -9.197950363159123,
              38.75971603393561
            ],
            [
              -9.19787406921381,
              38.76016998291037
            ],
            [
              -9.19784164428711,
              38.76041030883789
            ],
            [
              -9.197832107543945,
              38.76047897338873
            ],
            [
              -9.19784164428711,
              38.760589599609496
            ],
            [
              -9.1979141235351,
              38.760578155517756
            ],
            [
              -9.198127746582031,
              38.76054000854503
            ],
            [
              -9.198136329650822,
              38.760585784912266
            ],
            [
              -9.198180198669377,
              38.76095962524429
            ],
            [
              -9.198904037475529,
              38.76155471801757
            ],
            [
              -9.199455261230412,
              38.76145935058594
            ],
            [
              -9.200607299804688,
              38.76193618774413
            ],
            [
              -9.200705528259277,
              38.761970520019645
            ],
            [
              -9.20066833496088,
              38.76206970214866
            ],
            [
              -9.200445175170842,
              38.762615203857706
            ],
            [
              -9.20041561126709,
              38.7626419067385
            ],
            [
              -9.200359344482422,
              38.762672424316456
            ],
            [
              -9.199799537658691,
              38.76280593872098
            ],
            [
              -9.199040412902832,
              38.76317596435547
            ],
            [
              -9.198649406433049,
              38.7633819580078
            ],
            [
              -9.198526382446232,
              38.76340866088861
            ],
            [
              -9.198443412780762,
              38.76340866088861
            ],
            [
              -9.198381423950195,
              38.76341629028314
            ],
            [
              -9.198305130004883,
              38.763408660888615
            ],
            [
              -9.198211669921818,
              38.76340103149426
            ],
            [
              -9.198136329650822,
              38.76338577270536
            ],
            [
              -9.198060035705566,
              38.7633705139163
            ],
            [
              -9.19784164428711,
              38.763347625732486
            ],
            [
              -9.197774887084906,
              38.763351440429865
            ],
            [
              -9.197723388671818,
              38.76336669921876
            ],
            [
              -9.197686195373535,
              38.76338958740258
            ],
            [
              -9.197639465331974,
              38.7633819580078
            ],
            [
              -9.19760513305664,
              38.76356124877957
            ],
            [
              -9.197563171386719,
              38.76373672485362
            ],
            [
              -9.197516441345158,
              38.7638969421389
            ],
            [
              -9.19747543334961,
              38.76405715942406
            ],
            [
              -9.1974515914917,
              38.76411056518561
            ],
            [
              -9.197389602661076,
              38.764213562011825
            ],
            [
              -9.197698593139648,
              38.76436996459954
            ],
            [
              -9.197853088378906,
              38.7645912170412
            ],
            [
              -9.198060035705566,
              38.764896392822536
            ],
            [
              -9.19828987121582,
              38.76524734497076
            ],
            [
              -9.198407173156681,
              38.765430450439496
            ],
            [
              -9.198529243469125,
              38.76564025878923
            ],
            [
              -9.198555946350098,
              38.765777587890724
            ],
            [
              -9.198555946350098,
              38.766098022460994
            ],
            [
              -9.198535919189453,
              38.76660537719736
            ],
            [
              -9.19856166839594,
              38.766677856445384
            ],
            [
              -9.198670387268066,
              38.76693725585932
            ],
            [
              -9.198678016662598,
              38.7670402526855
            ],
            [
              -9.198624610900765,
              38.76701736450206
            ],
            [
              -9.198439598083496,
              38.76695251464842
            ],
            [
              -9.198247909545842,
              38.76687622070319
            ],
            [
              -9.19801139831543,
              38.766765594482486
            ],
            [
              -9.197853088378906,
              38.76693725585932
            ],
            [
              -9.197724342346191,
              38.767078399658374
            ],
            [
              -9.197520256042424,
              38.767303466796996
            ],
            [
              -9.197308540344238,
              38.7675285339356
            ],
            [
              -9.197145462036133,
              38.76770401001
            ],
            [
              -9.197032928466797,
              38.76781463623051
            ],
            [
              -9.196953773498537,
              38.76788711547874
            ],
            [
              -9.197026252746582,
              38.76799011230492
            ],
            [
              -9.197056770324707,
              38.76804733276367
            ],
            [
              -9.197072982788086,
              38.76812744140641
            ],
            [
              -9.197058677673342,
              38.76820755004899
            ],
            [
              -9.197010040283203,
              38.76829147338873
            ],
            [
              -9.196904182434025,
              38.76839065551759
            ],
            [
              -9.196752548217773,
              38.76852035522488
            ],
            [
              -9.196545600891113,
              38.76869201660174
            ],
            [
              -9.196386337280275,
              38.76884078979515
            ],
            [
              -9.196273803710938,
              38.76895904541021
            ],
            [
              -9.196054458618107,
              38.76919174194336
            ],
            [
              -9.195992469787598,
              38.76927947998046
            ],
            [
              -9.195981979370117,
              38.76932144165034
            ],
            [
              -9.195982933044377,
              38.769355773925845
            ],
            [
              -9.196026802062931,
              38.769447326660334
            ],
            [
              -9.19604587554926,
              38.76950454711925
            ],
            [
              -9.196041107177734,
              38.76954269409197
            ],
            [
              -9.195984840393066,
              38.76959228515635
            ],
            [
              -9.195918083190918,
              38.76964187622076
            ],
            [
              -9.195852279663029,
              38.76967239379913
            ],
            [
              -9.195752143859806,
              38.769706726074425
            ],
            [
              -9.195616722106877,
              38.76973342895525
            ],
            [
              -9.195531845092773,
              38.76977157592775
            ],
            [
              -9.195386886596623,
              38.76986694335936
            ],
            [
              -9.195296287536621,
              38.769920349121136
            ],
            [
              -9.195241928100586,
              38.76995086669949
            ],
            [
              -9.195183753967228,
              38.7700004577639
            ],
            [
              -9.195051193237305,
              38.770133972168075
            ],
            [
              -9.194879531860352,
              38.77032089233416
            ],
            [
              -9.194532394409123,
              38.7707557678225
            ],
            [
              -9.194419860839844,
              38.770877838134936
            ],
            [
              -9.194205284118652,
              38.77101898193381
            ],
            [
              -9.19398307800293,
              38.77112579345715
            ],
            [
              -9.193903923034554,
              38.77117156982439
            ],
            [
              -9.193709373474064,
              38.77131652832043
            ],
            [
              -9.193557739257812,
              38.77141952514641
            ],
            [
              -9.193376541137638,
              38.771526336670156
            ],
            [
              -9.193168640136719,
              38.77165603637711
            ],
            [
              -9.193066596984806,
              38.77171707153343
            ],
            [
              -9.1929931640625,
              38.77174377441424
            ],
            [
              -9.19301700592041,
              38.77181625366211
            ],
            [
              -9.19318485260004,
              38.772178649902564
            ],
            [
              -9.193213462829533,
              38.77223587036132
            ],
            [
              -9.193181037902777,
              38.77227783203118
            ],
            [
              -9.193116188049316,
              38.772285461425724
            ],
            [
              -9.192907333373967,
              38.772293090820305
            ],
            [
              -9.19269657135004,
              38.77230834960954
            ],
            [
              -9.192618370056152,
              38.77230834960955
            ],
            [
              -9.192583084106445,
              38.772289276123274
            ],
            [
              -9.192448616027832,
              38.77217102050803
            ],
            [
              -9.1922988891601,
              38.77205657959013
            ],
            [
              -9.192239761352482,
              38.772026062011776
            ],
            [
              -9.192205429077148,
              38.77202606201178
            ],
            [
              -9.192156791686955,
              38.77204513549806
            ],
            [
              -9.191988945007267,
              38.77214050292967
            ],
            [
              -9.191780090332031,
              38.77227401733421
            ],
            [
              -9.191725730895996,
              38.772319793701286
            ],
            [
              -9.191629409790039,
              38.772380828857365
            ],
            [
              -9.1914701461792,
              38.772460937500114
            ],
            [
              -9.191135406494084,
              38.772640228271705
            ],
            [
              -9.190704345703125,
              38.77283096313499
            ],
            [
              -9.19037914276123,
              38.77297592163103
            ],
            [
              -9.190337181091309,
              38.77308654785173
            ],
            [
              -9.190299034118652,
              38.773120880127074
            ],
            [
              -9.189897537231445,
              38.77332687377923
            ],
            [
              -9.189842224121094,
              38.77335357666021
            ],
            [
              -9.189746856689453,
              38.773368835449325
            ],
            [
              -9.18966102600092,
              38.773376464843864
            ],
            [
              -9.189570426940918,
              38.77354812622086
            ],
            [
              -9.18946361541748,
              38.77376174926758
            ],
            [
              -9.189377784729004,
              38.774028778076236
            ],
            [
              -9.189276695251465,
              38.77415847778318
            ],
            [
              -9.189129829406738,
              38.77433395385743
            ],
            [
              -9.189094543457031,
              38.77436828613291
            ],
            [
              -9.189058303833008,
              38.774391174316406
            ],
            [
              -9.188746452331486,
              38.77442932128905
            ],
            [
              -9.18834209442133,
              38.77447509765649
            ],
            [
              -9.188238143920842,
              38.774494171142564
            ],
            [
              -9.188200950622559,
              38.77453994750976
            ],
            [
              -9.188131332397404,
              38.774654388427855
            ],
            [
              -9.1879301071167,
              38.775100708008104
            ],
            [
              -9.187783241271973,
              38.775287628173835
            ],
            [
              -9.187703132629395,
              38.775398254394524
            ],
            [
              -9.187591552734375,
              38.77552413940452
            ],
            [
              -9.187555313110295,
              38.77556228637708
            ],
            [
              -9.187457084655762,
              38.775642395019595
            ],
            [
              -9.187376976013184,
              38.775680541992465
            ],
            [
              -9.186767578124943,
              38.775749206543125
            ],
            [
              -9.186577796935978,
              38.7757797241211
            ],
            [
              -9.186038970947266,
              38.77588653564464
            ],
            [
              -9.185877799987736,
              38.7758827209475
            ],
            [
              -9.185744285583496,
              38.77593612670904
            ],
            [
              -9.185679435729924,
              38.77622604370134
            ],
            [
              -9.185199737548828,
              38.776473999023366
            ],
            [
              -9.18494987487793,
              38.77664184570341
            ],
            [
              -9.184887886047306,
              38.77672958374052
            ],
            [
              -9.183921813964844,
              38.777549743652386
            ],
            [
              -9.183629989624023,
              38.77782440185546
            ],
            [
              -9.183463096618652,
              38.77803039550798
            ],
            [
              -9.183333396911621,
              38.77820587158204
            ],
            [
              -9.183235168456974,
              38.77834320068387
            ],
            [
              -9.18311882019043,
              38.778545379638665
            ],
            [
              -9.18287181854248,
              38.778579711914006
            ],
            [
              -9.181940078735295,
              38.77873992919949
            ],
            [
              -9.181726455688477,
              38.77893829345715
            ],
            [
              -9.181654930114746,
              38.778995513916136
            ],
            [
              -9.181550025939885,
              38.779018402099894
            ],
            [
              -9.181425094604492,
              38.779029846191634
            ],
            [
              -9.181140899658146,
              38.77904891967767
            ],
            [
              -9.181014060974064,
              38.77906799316411
            ],
            [
              -9.180720329284611,
              38.7791175842285
            ],
            [
              -9.18044376373291,
              38.77916717529296
            ],
            [
              -9.180269241333008,
              38.7792167663577
            ],
            [
              -9.17995834350586,
              38.77931594848654
            ],
            [
              -9.179693222045898,
              38.77941513061534
            ],
            [
              -9.179565429687502,
              38.779457092285206
            ],
            [
              -9.179525375366211,
              38.77950668334985
            ],
            [
              -9.179363250732422,
              38.77984237670916
            ],
            [
              -9.179327964782715,
              38.779861450195426
            ],
            [
              -9.179183959960938,
              38.77988052368164
            ],
            [
              -9.179017066955566,
              38.77984237670917
            ],
            [
              -9.178797721862793,
              38.77994155883795
            ],
            [
              -9.178523063659611,
              38.78005218505871
            ],
            [
              -9.178441047668457,
              38.780078887939666
            ],
            [
              -9.178046226501408,
              38.78022766113286
            ],
            [
              -9.177672386169377,
              38.780189514160384
            ],
            [
              -9.177427291870119,
              38.78007125854493
            ],
            [
              -9.176960945129338,
              38.77997207641631
            ],
            [
              -9.1764497756958,
              38.779865264892585
            ],
            [
              -9.176267623901367,
              38.78002929687506
            ],
            [
              -9.175895690917912,
              38.7803649902346
            ],
            [
              -9.175686836242676,
              38.780410766601605
            ],
            [
              -9.175521850585824,
              38.780357360839844
            ],
            [
              -9.175134658813477,
              38.780235290527465
            ],
            [
              -9.174008369445744,
              38.780559539795036
            ],
            [
              -9.173912048339844,
              38.780570983886946
            ],
            [
              -9.173905372619572,
              38.78062820434572
            ],
            [
              -9.173736572265625,
              38.78119277954118
            ],
            [
              -9.173505783081056,
              38.78127670288091
            ],
            [
              -9.173545837402344,
              38.7816314697265
            ],
            [
              -9.173586845397892,
              38.781997680664176
            ],
            [
              -9.173257827758732,
              38.78207015991239
            ],
            [
              -9.17323112487793,
              38.78192901611335
            ],
            [
              -9.173082351684513,
              38.78201293945306
            ],
            [
              -9.172938346862793,
              38.78208541870129
            ],
            [
              -9.172819137573242,
              38.78215408325196
            ],
            [
              -9.172704696655217,
              38.782253265381144
            ],
            [
              -9.17263126373291,
              38.78234100341809
            ],
            [
              -9.172402381896973,
              38.78260803222672
            ],
            [
              -9.172289848327637,
              38.782699584961
            ],
            [
              -9.172201156616154,
              38.78273773193387
            ],
            [
              -9.1720552444458,
              38.782764434814666
            ],
            [
              -9.171773910522461,
              38.782806396484546
            ],
            [
              -9.171590805053713,
              38.78282165527343
            ],
            [
              -9.171395301818848,
              38.78285598754893
            ],
            [
              -9.171197891235352,
              38.78288269042975
            ],
            [
              -9.171121597290039,
              38.783020019531236
            ],
            [
              -9.171133041381836,
              38.783134460449325
            ],
            [
              -9.171102523803711,
              38.78321456909208
            ],
            [
              -9.171024322509709,
              38.783340454101506
            ],
            [
              -9.170968055724984,
              38.783405303955355
            ],
            [
              -9.170865058898869,
              38.783496856689446
            ],
            [
              -9.170771598815918,
              38.78355026245122
            ],
            [
              -9.17067909240717,
              38.78359603881866
            ],
            [
              -9.170475959777775,
              38.783668518066506
            ],
            [
              -9.170367240905762,
              38.78367996215821
            ],
            [
              -9.170236587524414,
              38.78367233276386
            ],
            [
              -9.170125961303654,
              38.783901214599844
            ],
            [
              -9.170036315917969,
              38.78408813476573
            ],
            [
              -9.169951438903752,
              38.78425598144561
            ],
            [
              -9.169860839843693,
              38.784427642822436
            ],
            [
              -9.169739723205566,
              38.78466033935558
            ],
            [
              -9.169634819030762,
              38.78487777709983
            ],
            [
              -9.169582366943304,
              38.78500366210948
            ],
            [
              -9.169658660888672,
              38.78527069091798
            ],
            [
              -9.169609069824105,
              38.78530883789062
            ],
            [
              -9.169523239135742,
              38.785419464111555
            ],
            [
              -9.16939640045166,
              38.78553390502923
            ],
            [
              -9.169257164001465,
              38.78557205200212
            ],
            [
              -9.169037818908635,
              38.78577041625994
            ],
            [
              -9.168851852416992,
              38.78577041625994
            ],
            [
              -9.16866683959961,
              38.78594589233416
            ],
            [
              -9.167821884155217,
              38.78599929809593
            ],
            [
              -9.167291641235352,
              38.78604125976579
            ],
            [
              -9.167263984680176,
              38.78613281250006
            ],
            [
              -9.167207717895508,
              38.78634262084978
            ],
            [
              -9.16717720031727,
              38.78636169433622
            ],
            [
              -9.167136192321777,
              38.786369323730746
            ],
            [
              -9.167048454284668,
              38.78635025024412
            ],
            [
              -9.16675662994379,
              38.78628158569348
            ],
            [
              -9.166636466979982,
              38.786254882812486
            ],
            [
              -9.166548728942871,
              38.786243438720824
            ],
            [
              -9.166499137878361,
              38.78623580932623
            ],
            [
              -9.166428565979004,
              38.78623580932623
            ],
            [
              -9.166375160217228,
              38.78624343872081
            ],
            [
              -9.16626834869379,
              38.786262512207045
            ],
            [
              -9.166075706481934,
              38.78629684448236
            ],
            [
              -9.166016578674316,
              38.78630447387689
            ],
            [
              -9.165976524353027,
              38.78630065917991
            ],
            [
              -9.165939331054688,
              38.786285400390845
            ],
            [
              -9.165895462036133,
              38.786251068115355
            ],
            [
              -9.165797233581543,
              38.786094665527564
            ],
            [
              -9.165698051452637,
              38.78610610961908
            ],
            [
              -9.165497779846135,
              38.78619384765636
            ],
            [
              -9.165476799011174,
              38.78621673583984
            ],
            [
              -9.165429115295353,
              38.786415100097656
            ],
            [
              -9.165395736694336,
              38.78657150268576
            ],
            [
              -9.165354728698674,
              38.786605834960945
            ],
            [
              -9.165264129638672,
              38.786605834960945
            ],
            [
              -9.165114402770996,
              38.78659820556642
            ],
            [
              -9.164473533630371,
              38.78704833984397
            ],
            [
              -9.16424465179432,
              38.78721237182645
            ],
            [
              -9.163950920104924,
              38.78741455078125
            ],
            [
              -9.163858413696289,
              38.78747558593755
            ],
            [
              -9.163848876953125,
              38.78751373291045
            ],
            [
              -9.16386604309082,
              38.787559509277344
            ],
            [
              -9.163903236389103,
              38.78765487670899
            ],
            [
              -9.163930892944279,
              38.787754058837955
            ],
            [
              -9.163930892944279,
              38.78783798217774
            ],
            [
              -9.16392803192133,
              38.78787612915039
            ],
            [
              -9.16389846801758,
              38.787918090820256
            ],
            [
              -9.163820266723576,
              38.787990570068644
            ],
            [
              -9.163679122924805,
              38.788105010986555
            ],
            [
              -9.163616180419922,
              38.78813552856452
            ],
            [
              -9.163557052612305,
              38.788143157959034
            ],
            [
              -9.163495063781681,
              38.78814315795904
            ],
            [
              -9.163414001464844,
              38.788127899169965
            ],
            [
              -9.163209915161135,
              38.78809356689463
            ],
            [
              -9.16312313079834,
              38.788085937500284
            ],
            [
              -9.163039207458496,
              38.78815078735363
            ],
            [
              -9.162690162658691,
              38.78842163085944
            ],
            [
              -9.16249942779541,
              38.788574218750234
            ],
            [
              -9.162408828735238,
              38.78863906860351
            ],
            [
              -9.162376403808594,
              38.78864669799805
            ],
            [
              -9.162161827087402,
              38.788669586181854
            ],
            [
              -9.161943435668945,
              38.7886962890625
            ],
            [
              -9.161808967590275,
              38.78870773315434
            ],
            [
              -9.161772727966309,
              38.788719177246264
            ],
            [
              -9.161720275878906,
              38.78876113891612
            ],
            [
              -9.161472320556584,
              38.78899383544927
            ],
            [
              -9.161002159118539,
              38.789447784424055
            ],
            [
              -9.160869598388672,
              38.78957748413103
            ],
            [
              -9.16081428527832,
              38.78996276855481
            ],
            [
              -9.160798072814941,
              38.79003906249999
            ],
            [
              -9.160758018493652,
              38.79004287719733
            ],
            [
              -9.160689353942814,
              38.79003143310548
            ],
            [
              -9.160409927368164,
              38.79027557373047
            ],
            [
              -9.160158157348633,
              38.7904853820802
            ],
            [
              -9.160125732421875,
              38.790508270263686
            ],
            [
              -9.160079956054688,
              38.790534973144645
            ],
            [
              -9.159992218017578,
              38.7905616760254
            ],
            [
              -9.159779548644963,
              38.79062652587907
            ],
            [
              -9.159695625305119,
              38.790664672851776
            ],
            [
              -9.159666061401367,
              38.79068756103537
            ],
            [
              -9.159566879272461,
              38.79092788696289
            ],
            [
              -9.15937709808344,
              38.79136657714844
            ],
            [
              -9.159261703491097,
              38.79163742065425
            ],
            [
              -9.159236907958984,
              38.79165649414068
            ],
            [
              -9.159144401550293,
              38.79170989990263
            ],
            [
              -9.158744812011719,
              38.79190826416028
            ],
            [
              -9.158547401428166,
              38.79200744628929
            ],
            [
              -9.158417701721191,
              38.7920799255371
            ],
            [
              -9.158491134643498,
              38.79215240478532
            ],
            [
              -9.158474922180064,
              38.79223251342774
            ],
            [
              -9.158411979675236,
              38.79228973388682
            ],
            [
              -9.158345222473088,
              38.79229736328137
            ],
            [
              -9.158268928527775,
              38.79230880737329
            ],
            [
              -9.15820121765131,
              38.792327880859396
            ],
            [
              -9.158146858215332,
              38.792362213135036
            ],
            [
              -9.158090591430607,
              38.792518615722635
            ],
            [
              -9.158026695251408,
              38.79273223876971
            ],
            [
              -9.15798568725586,
              38.7928466796878
            ],
            [
              -9.157923698425236,
              38.7928848266601
            ],
            [
              -9.157864570617676,
              38.79289627075201
            ],
            [
              -9.15766525268549,
              38.79290771484393
            ],
            [
              -9.157446861267033,
              38.79292297363298
            ],
            [
              -9.157359123229924,
              38.79293823242187
            ],
            [
              -9.157316207885742,
              38.792957305908324
            ],
            [
              -9.157230377197266,
              38.7930107116701
            ],
            [
              -9.157115936279183,
              38.793121337890625
            ],
            [
              -9.156895637512207,
              38.7933616638183
            ],
            [
              -9.15669155120844,
              38.79362869262719
            ],
            [
              -9.156535148620605,
              38.79382324218763
            ],
            [
              -9.156490325927734,
              38.793872833252074
            ],
            [
              -9.15644645690918,
              38.79389953613281
            ],
            [
              -9.156381607055607,
              38.79390716552757
            ],
            [
              -9.155995368957406,
              38.79376220703131
            ],
            [
              -9.155785560607853,
              38.79367828369157
            ],
            [
              -9.155734062194767,
              38.793666839599666
            ],
            [
              -9.155472755432129,
              38.7936859130861
            ],
            [
              -9.155247688293457,
              38.79369354248047
            ],
            [
              -9.155158996582031,
              38.793704986572536
            ],
            [
              -9.155112266540527,
              38.793724060058814
            ],
            [
              -9.155072212219238,
              38.79376602172868
            ],
            [
              -9.15503978729248,
              38.793876647949396
            ],
            [
              -9.155001640319824,
              38.793998718262
            ],
            [
              -9.154952049255371,
              38.79407501220702
            ],
            [
              -9.154862403869629,
              38.79423141479498
            ],
            [
              -9.15482044219965,
              38.79429244995127
            ],
            [
              -9.154764175414982,
              38.7943534851076
            ],
            [
              -9.154702186584473,
              38.794406890869375
            ],
            [
              -9.15456771850586,
              38.794502258301016
            ],
            [
              -9.154508590698242,
              38.79453659057634
            ],
            [
              -9.154447555541992,
              38.79454803466809
            ],
            [
              -9.154186248779299,
              38.794574737549055
            ],
            [
              -9.154012680053654,
              38.79458999633812
            ],
            [
              -9.153932571411133,
              38.79459762573265
            ],
            [
              -9.15385627746582,
              38.79459381103509
            ],
            [
              -9.153801918029671,
              38.79453659057635
            ],
            [
              -9.153730392455943,
              38.79443740844731
            ],
            [
              -9.152915000915527,
              38.79447174072264
            ],
            [
              -9.152800559997445,
              38.794307708740185
            ],
            [
              -9.152438163757324,
              38.794452667236435
            ],
            [
              -9.152384757995549,
              38.794555664062784
            ],
            [
              -9.15235424041748,
              38.79478073120139
            ],
            [
              -9.152332305908146,
              38.79484558105469
            ],
            [
              -9.152264595031681,
              38.7948913574221
            ],
            [
              -9.15173053741455,
              38.79515075683605
            ],
            [
              -9.151454925537053,
              38.79529953002946
            ],
            [
              -9.151440620422363,
              38.79560852050782
            ],
            [
              -9.151409149169922,
              38.79565811157227
            ],
            [
              -9.15112400054926,
              38.79569625854493
            ],
            [
              -9.150479316711426,
              38.79577636718768
            ],
            [
              -9.149891853332406,
              38.795856475830085
            ],
            [
              -9.14981365203852,
              38.795791625976555
            ],
            [
              -9.149674415588322,
              38.7956466674807
            ],
            [
              -9.149456977844238,
              38.79525756835961
            ],
            [
              -9.149344444274846,
              38.7951469421389
            ],
            [
              -9.148618698120117,
              38.7947807312014
            ],
            [
              -9.148465156555176,
              38.79473495483415
            ],
            [
              -9.148324012756348,
              38.79470825195317
            ],
            [
              -9.148266792297306,
              38.79471588134771
            ],
            [
              -9.14816665649414,
              38.79476165771512
            ],
            [
              -9.148079872131234,
              38.794776916504006
            ],
            [
              -9.147969245910588,
              38.79476547241232
            ],
            [
              -9.147871017456055,
              38.79473495483415
            ],
            [
              -9.147747039794865,
              38.79466247558594
            ],
            [
              -9.147518157958984,
              38.79457855224623
            ],
            [
              -9.14721775054926,
              38.79448318481457
            ],
            [
              -9.146932601928654,
              38.79438400268577
            ],
            [
              -9.146490097045898,
              38.794254302978615
            ],
            [
              -9.146160125732422,
              38.79410934448252
            ],
            [
              -9.14610576629633,
              38.794116973876896
            ],
            [
              -9.146030426025334,
              38.79396057128912
            ],
            [
              -9.145909309387207,
              38.793666839599666
            ],
            [
              -9.145703315734865,
              38.793128967285156
            ],
            [
              -9.145589828491154,
              38.79275512695312
            ],
            [
              -9.145545005798283,
              38.79253768920909
            ],
            [
              -9.145524978637638,
              38.792369842529574
            ],
            [
              -9.145520210266113,
              38.79217910766631
            ],
            [
              -9.14550590515131,
              38.79205322265631
            ],
            [
              -9.145454406738224,
              38.79191970825219
            ],
            [
              -9.145399093627873,
              38.79183959960962
            ],
            [
              -9.145395278930664,
              38.79174423217796
            ],
            [
              -9.145413398742676,
              38.79163742065423
            ],
            [
              -9.145470619201603,
              38.791599273681925
            ],
            [
              -9.145612716674748,
              38.79159164428724
            ],
            [
              -9.145992279052734,
              38.79162979125986
            ],
            [
              -9.14600563049305,
              38.79159164428723
            ],
            [
              -9.146007537841797,
              38.791534423828246
            ],
            [
              -9.145926475524846,
              38.79109191894537
            ],
            [
              -9.1458740234375,
              38.790798187255916
            ],
            [
              -9.145853042602539,
              38.79067993164086
            ],
            [
              -9.145747184753418,
              38.7901725769043
            ],
            [
              -9.145707130432129,
              38.7899627685548
            ],
            [
              -9.145646095275879,
              38.78963088989281
            ],
            [
              -9.145521163940373,
              38.789051055908416
            ],
            [
              -9.14545822143549,
              38.78885650634777
            ],
            [
              -9.145299911499023,
              38.788486480713125
            ],
            [
              -9.145183563232365,
              38.788269042969034
            ],
            [
              -9.145095825195256,
              38.78814697265642
            ],
            [
              -9.145030975341797,
              38.78814315795904
            ],
            [
              -9.14490032196045,
              38.78816223144532
            ],
            [
              -9.144489288330078,
              38.78824615478526
            ],
            [
              -9.143981933593752,
              38.78833770751971
            ],
            [
              -9.143554687499943,
              38.788410186767564
            ],
            [
              -9.14312553405756,
              38.788478851318594
            ],
            [
              -9.142878532409611,
              38.78852462768561
            ],
            [
              -9.142788887023926,
              38.78854370117188
            ],
            [
              -9.14259243011469,
              38.78853225708019
            ],
            [
              -9.142528533935547,
              38.788520812988445
            ],
            [
              -9.142497062683049,
              38.78849792480464
            ],
            [
              -9.14234256744379,
              38.78840255737298
            ],
            [
              -9.142191886901799,
              38.78826522827149
            ],
            [
              -9.142086029052734,
              38.78815460205095
            ],
            [
              -9.14191818237299,
              38.78799438476583
            ],
            [
              -9.141779899597168,
              38.78785705566411
            ],
            [
              -9.141717910766602,
              38.78781509399424
            ],
            [
              -9.14168930053711,
              38.787803649902564
            ],
            [
              -9.141748428344727,
              38.78773117065452
            ],
            [
              -9.141531944274846,
              38.78752136230479
            ],
            [
              -9.141400337219181,
              38.787395477295036
            ],
            [
              -9.141268730163574,
              38.787284851074276
            ],
            [
              -9.141153335571289,
              38.78720474243176
            ],
            [
              -9.140997886657715,
              38.78715515136712
            ],
            [
              -9.140825271606388,
              38.78709793090839
            ],
            [
              -9.14037036895752,
              38.78694915771496
            ],
            [
              -9.14029312133789,
              38.786960601806875
            ],
            [
              -9.140232086181584,
              38.786945343017805
            ],
            [
              -9.139907836914062,
              38.786846160888956
            ],
            [
              -9.139553070068303,
              38.786727905273544
            ],
            [
              -9.138955116271973,
              38.78653717041027
            ],
            [
              -9.13803768157959,
              38.786228179931705
            ],
            [
              -9.137801170349064,
              38.78614425659196
            ],
            [
              -9.13766670227051,
              38.786087036133026
            ],
            [
              -9.13746452331543,
              38.78598022460966
            ],
            [
              -9.137177467346135,
              38.78585433959967
            ],
            [
              -9.137067794799805,
              38.7858123779298
            ],
            [
              -9.136693000793457,
              38.78557586669935
            ],
            [
              -9.136552810668888,
              38.785495758056925
            ],
            [
              -9.136420249938965,
              38.78542709350607
            ],
            [
              -9.136210441589355,
              38.78534698486352
            ],
            [
              -9.135946273803711,
              38.78524398803734
            ],
            [
              -9.135650634765568,
              38.785133361816634
            ],
            [
              -9.135411262512207,
              38.78508758544938
            ],
            [
              -9.134973526000977,
              38.78499984741228
            ],
            [
              -9.134664535522461,
              38.78496170043938
            ],
            [
              -9.134300231933537,
              38.784915924072365
            ],
            [
              -9.133934020996037,
              38.78485107421886
            ],
            [
              -9.133782386779785,
              38.78487396240228
            ],
            [
              -9.131393432617188,
              38.78435134887724
            ],
            [
              -9.12978458404541,
              38.7839965820315
            ],
            [
              -9.129629135131836,
              38.78403091430663
            ],
            [
              -9.129438400268555,
              38.78402709960943
            ],
            [
              -9.129119873046875,
              38.784011840820554
            ],
            [
              -9.128775596618652,
              38.783969879150675
            ],
            [
              -9.128297805786133,
              38.783859252929794
            ],
            [
              -9.127388954162598,
              38.783546447753906
            ],
            [
              -9.12656021118164,
              38.78329849243164
            ],
            [
              -9.126238822937012,
              38.78318023681657
            ],
            [
              -9.12602424621582,
              38.78305816650411
            ],
            [
              -9.12586498260498,
              38.78299713134784
            ],
            [
              -9.124859809875488,
              38.78282928466797
            ],
            [
              -9.124225616455078,
              38.78264999389676
            ],
            [
              -9.123933792114258,
              38.78250503540039
            ],
            [
              -9.123794555664062,
              38.7824630737307
            ],
            [
              -9.123333930969238,
              38.78239440917963
            ],
            [
              -9.123115539550781,
              38.78236770629905
            ],
            [
              -9.122730255126953,
              38.78231430053712
            ],
            [
              -9.122391700744572,
              38.782333374023544
            ],
            [
              -9.122080802917424,
              38.78234863281279
            ],
            [
              -9.121937751769963,
              38.78235244750977
            ],
            [
              -9.12130165100092,
              38.78242874145518
            ],
            [
              -9.120072364807129,
              38.78212738037116
            ],
            [
              -9.119317054748535,
              38.78226470947264
            ],
            [
              -9.11911392211914,
              38.78225326538114
            ],
            [
              -9.11899185180664,
              38.78222274780278
            ],
            [
              -9.118702888488714,
              38.782009124756094
            ],
            [
              -9.11838436126709,
              38.78173828125006
            ],
            [
              -9.118335723876953,
              38.781681060791286
            ],
            [
              -9.11794662475586,
              38.78157043457044
            ],
            [
              -9.117362976074219,
              38.78142929077172
            ],
            [
              -9.116827011108398,
              38.78126525878908
            ],
            [
              -9.116318702697697,
              38.781078338623104
            ],
            [
              -9.115758895873967,
              38.78092193603514
            ],
            [
              -9.115162849426213,
              38.780731201171875
            ],
            [
              -9.114896774291935,
              38.780639648437784
            ],
            [
              -9.11429500579834,
              38.78056335449243
            ],
            [
              -9.114081382751351,
              38.78047561645531
            ],
            [
              -9.11359977722168,
              38.78027725219749
            ],
            [
              -9.113105773925781,
              38.780078887939666
            ],
            [
              -9.112833976745549,
              38.77990341186546
            ],
            [
              -9.112592697143498,
              38.779743194580135
            ],
            [
              -9.112238883972111,
              38.77956390380875
            ],
            [
              -9.111845016479435,
              38.77934646606469
            ],
            [
              -9.111583709716797,
              38.779136657714965
            ],
            [
              -9.111373901367188,
              38.778987884521534
            ],
            [
              -9.111205101013127,
              38.7788925170899
            ],
            [
              -9.110985755920412,
              38.7786788940432
            ],
            [
              -9.110783576965275,
              38.778362274170156
            ],
            [
              -9.110551834106445,
              38.77799224853527
            ],
            [
              -9.110312461853027,
              38.77761459350611
            ],
            [
              -9.110194206237793,
              38.77742767333978
            ],
            [
              -9.110056877136174,
              38.77722930908215
            ],
            [
              -9.108633041381836,
              38.77633666992188
            ],
            [
              -9.108457565307619,
              38.77622222900396
            ],
            [
              -9.10786342620844,
              38.77572250366232
            ],
            [
              -9.10749626159668,
              38.775459289550845
            ],
            [
              -9.106962203979492,
              38.7751007080081
            ],
            [
              -9.10665225982666,
              38.77487945556646
            ],
            [
              -9.106481552124023,
              38.774822235107685
            ],
            [
              -9.106241226196289,
              38.774806976318466
            ],
            [
              -9.104901313781738,
              38.77490234375011
            ],
            [
              -9.101125717163086,
              38.77514648437496
            ],
            [
              -9.10076904296875,
              38.7751731872559
            ],
            [
              -9.099321365356445,
              38.775215148926016
            ],
            [
              -9.099117279052678,
              38.775226593017685
            ],
            [
              -9.099213600158691,
              38.77588653564465
            ],
            [
              -9.099513053894043,
              38.77786254882812
            ],
            [
              -9.099691390991211,
              38.77912139892605
            ],
            [
              -9.095282554626408,
              38.78020095825191
            ],
            [
              -9.093223571777346,
              38.7806777954101
            ],
            [
              -9.090884208679142,
              38.78143310546869
            ],
            [
              -9.090695381164553,
              38.781505584717074
            ],
            [
              -9.090695381164553,
              38.778892517089915
            ],
            [
              -9.090695381164553,
              38.77791595459008
            ],
            [
              -9.090972900390625,
              38.777915954590085
            ],
            [
              -9.090972900390625,
              38.777362823486484
            ],
            [
              -9.090794563293457,
              38.777362823486506
            ],
            [
              -9.090695381164553,
              38.777362823486506
            ],
            [
              -9.090695381164553,
              38.77652740478514
            ],
            [
              -9.090972900390625,
              38.776527404785156
            ],
            [
              -9.090972900390625,
              38.775890350342024
            ],
            [
              -9.090972900390625,
              38.77486038208003
            ],
            [
              -9.091060638427734,
              38.774860382080014
            ],
            [
              -9.090991973876896,
              38.7748222351077
            ],
            [
              -9.090963363647404,
              38.77481842041017
            ],
            [
              -9.09090709686268,
              38.77480316162128
            ],
            [
              -9.090860366821232,
              38.774787902832195
            ],
            [
              -9.09083366394043,
              38.774776458740284
            ],
            [
              -9.090808868408146,
              38.774761199951406
            ],
            [
              -9.09078598022461,
              38.774738311767805
            ],
            [
              -9.09078598022461,
              38.77470779418961
            ],
            [
              -9.090810775756836,
              38.77468490600586
            ],
            [
              -9.090858459472656,
              38.774665832519766
            ],
            [
              -9.090908050537053,
              38.77465438842784
            ],
            [
              -9.090983390808049,
              38.77463912963894
            ],
            [
              -9.091047286987248,
              38.774635314941406
            ],
            [
              -9.091100692749023,
              38.77463150024442
            ],
            [
              -9.091188430786133,
              38.77462768554687
            ],
            [
              -9.091186523437443,
              38.77459335327153
            ],
            [
              -9.091251373291016,
              38.77459716796891
            ],
            [
              -9.091251373291016,
              38.773635864257805
            ],
            [
              -9.091251373291016,
              38.77319335937529
            ],
            [
              -9.09152889251709,
              38.77319335937527
            ],
            [
              -9.09152889251709,
              38.77127838134777
            ],
            [
              -9.09152889251709,
              38.77069473266617
            ],
            [
              -9.091762542724553,
              38.77069473266619
            ],
            [
              -9.091771125793459,
              38.77058410644531
            ],
            [
              -9.09178161621088,
              38.770454406738494
            ],
            [
              -9.091792106628418,
              38.77033233642608
            ],
            [
              -9.091803550720215,
              38.77020645141607
            ],
            [
              -9.09180545806879,
              38.769027709961044
            ],
            [
              -9.09152889251709,
              38.76902770996104
            ],
            [
              -9.09152889251709,
              38.7687492370605
            ],
            [
              -9.091251373291016,
              38.7687492370605
            ],
            [
              -9.091251373291016,
              38.768470764160085
            ],
            [
              -9.090972900390625,
              38.768470764160114
            ],
            [
              -9.090972900390625,
              38.7679176330567
            ],
            [
              -9.090695381164553,
              38.767917633056705
            ],
            [
              -9.090695381164553,
              38.767082214355575
            ],
            [
              -9.090972900390625,
              38.767082214355575
            ],
            [
              -9.090972900390625,
              38.76680374145535
            ],
            [
              -9.09152889251709,
              38.766803741455355
            ],
            [
              -9.09152889251709,
              38.76652908325195
            ],
            [
              -9.09180545806879,
              38.76652908325195
            ],
            [
              -9.09180545806879,
              38.765972137451385
            ],
            [
              -9.0918931961059,
              38.765972137451406
            ],
            [
              -9.092082977294922,
              38.76597213745139
            ],
            [
              -9.092082977294922,
              38.76569366455101
            ],
            [
              -9.092917442321777,
              38.76569366455101
            ],
            [
              -9.092917442321777,
              38.76597213745137
            ],
            [
              -9.093194961547852,
              38.76597213745139
            ],
            [
              -9.093194961547852,
              38.76625061035178
            ],
            [
              -9.093473434448242,
              38.766250610351804
            ],
            [
              -9.093473434448242,
              38.766529083251946
            ],
            [
              -9.093750953674316,
              38.76652908325195
            ],
            [
              -9.093750953674316,
              38.76680374145535
            ],
            [
              -9.094026565551701,
              38.766803741455355
            ],
            [
              -9.094026565551701,
              38.76652908325194
            ],
            [
              -9.094306945800781,
              38.766529083251946
            ],
            [
              -9.094306945800781,
              38.76486206054686
            ],
            [
              -9.094582557678223,
              38.764862060546875
            ],
            [
              -9.094582557678223,
              38.764305114746264
            ],
            [
              -9.094306945800781,
              38.76430511474627
            ],
            [
              -9.094306945800781,
              38.76402664184588
            ],
            [
              -9.092361450195199,
              38.76402664184589
            ],
            [
              -9.092361450195199,
              38.764305114746264
            ],
            [
              -9.091996192932072,
              38.764305114746264
            ],
            [
              -9.091861724853459,
              38.764305114746264
            ],
            [
              -9.09152889251709,
              38.76430511474625
            ],
            [
              -9.09152889251709,
              38.76402664184588
            ],
            [
              -9.091251373291016,
              38.764026641845874
            ],
            [
              -9.091251373291016,
              38.76374816894531
            ],
            [
              -9.090972900390625,
              38.763748168945305
            ],
            [
              -9.090972900390625,
              38.76291656494151
            ],
            [
              -9.090695381164553,
              38.76291656494151
            ],
            [
              -9.090695381164553,
              38.761249542236385
            ],
            [
              -9.090748786926213,
              38.76124954223639
            ],
            [
              -9.09072208404541,
              38.761188507080064
            ],
            [
              -9.090695381164553,
              38.76111984252923
            ],
            [
              -9.090662956237793,
              38.76103210449213
            ],
            [
              -9.090627670288086,
              38.76089859008818
            ],
            [
              -9.090613365173283,
              38.76079177856445
            ],
            [
              -9.09059810638422,
              38.760677337646534
            ],
            [
              -9.090587615966797,
              38.760543823242415
            ],
            [
              -9.090579986572266,
              38.76042556762694
            ],
            [
              -9.090576171875,
              38.76033782959006
            ],
            [
              -9.090575218200684,
              38.760238647461215
            ],
            [
              -9.090578079223576,
              38.76012420654296
            ],
            [
              -9.090583801269531,
              38.75996017456067
            ],
            [
              -9.090605735778752,
              38.75973510742205
            ],
            [
              -9.090641021728459,
              38.75952529907232
            ],
            [
              -9.09067440032959,
              38.75935363769547
            ],
            [
              -9.090753555297795,
              38.75903701782226
            ],
            [
              -9.090668678283578,
              38.75902557373068
            ],
            [
              -9.090670585632324,
              38.75891113281262
            ],
            [
              -9.091025352478027,
              38.75762557983403
            ],
            [
              -9.09119796752924,
              38.75699996948264
            ],
            [
              -9.091262817382814,
              38.75677108764665
            ],
            [
              -9.091290473937988,
              38.75671768188488
            ],
            [
              -9.09131908416748,
              38.756690979003906
            ],
            [
              -9.09155941009516,
              38.756732940673764
            ],
            [
              -9.091562271118164,
              38.756835937499936
            ],
            [
              -9.091251373291016,
              38.75796890258812
            ],
            [
              -9.091229438781681,
              38.75804519653349
            ],
            [
              -9.091251373291016,
              38.758068084716726
            ],
            [
              -9.091387748718262,
              38.758163452148366
            ],
            [
              -9.091832160949707,
              38.75823974609397
            ],
            [
              -9.0924711227417,
              38.758346557617294
            ],
            [
              -9.093191146850586,
              38.75846862792974
            ],
            [
              -9.093431472778263,
              38.75759124755852
            ],
            [
              -9.093292236328068,
              38.757568359375284
            ],
            [
              -9.093364715576172,
              38.75730514526361
            ],
            [
              -9.093505859374886,
              38.75732803344727
            ],
            [
              -9.094174385070744,
              38.75489807128933
            ],
            [
              -9.094036102294922,
              38.75487518310558
            ],
            [
              -9.094099044799748,
              38.75460815429689
            ],
            [
              -9.09390926361084,
              38.754554748535156
            ],
            [
              -9.09404182434082,
              38.75440979003907
            ],
            [
              -9.093868255615178,
              38.75378417968744
            ],
            [
              -9.093742370605469,
              38.75387954711908
            ],
            [
              -9.093660354614258,
              38.75378036499047
            ],
            [
              -9.093805313110295,
              38.75370788574223
            ],
            [
              -9.093749046325627,
              38.75363922119141
            ],
            [
              -9.094026565551701,
              38.75349807739253
            ],
            [
              -9.09446907043457,
              38.753276824951435
            ],
            [
              -9.094619750976506,
              38.75330352783226
            ],
            [
              -9.094696044921875,
              38.7530288696289
            ],
            [
              -9.094731330871582,
              38.75289535522489
            ],
            [
              -9.094796180725098,
              38.75265121459965
            ],
            [
              -9.094861030578556,
              38.75241470336913
            ],
            [
              -9.094861030578556,
              38.75236129760742
            ],
            [
              -9.094903945922852,
              38.75225448608422
            ],
            [
              -9.09508228302002,
              38.75160598754882
            ],
            [
              -9.095240592956543,
              38.75102615356445
            ],
            [
              -9.095343589782715,
              38.75065231323242
            ],
            [
              -9.095417022705078,
              38.75037765502935
            ],
            [
              -9.095440864562988,
              38.75028610229511
            ],
            [
              -9.095447540283203,
              38.75025939941428
            ],
            [
              -9.095459938049316,
              38.750225067138956
            ],
            [
              -9.095481872558537,
              38.75016021728511
            ],
            [
              -9.095515251159668,
              38.750038146972884
            ],
            [
              -9.095694541931152,
              38.74938964843746
            ],
            [
              -9.095794677734261,
              38.749027252197315
            ],
            [
              -9.095973014831543,
              38.74838256835949
            ],
            [
              -9.096101760864201,
              38.74791717529297
            ],
            [
              -9.096248626708928,
              38.74738693237299
            ],
            [
              -9.096256256103459,
              38.74736022949219
            ],
            [
              -9.09652709960932,
              38.746383666992365
            ],
            [
              -9.096763610839844,
              38.745525360107585
            ],
            [
              -9.09681606292719,
              38.74533843994153
            ],
            [
              -9.097087860107422,
              38.744346618652564
            ],
            [
              -9.097002029418945,
              38.744327545166115
            ],
            [
              -9.097023963928166,
              38.74423980712885
            ],
            [
              -9.097083091735783,
              38.74425125122092
            ],
            [
              -9.097112655639648,
              38.74425888061529
            ],
            [
              -9.097167015075627,
              38.74406814575201
            ],
            [
              -9.09725379943842,
              38.743751525879134
            ],
            [
              -9.097279548645021,
              38.7436561584475
            ],
            [
              -9.097329139709416,
              38.74347686767572
            ],
            [
              -9.097360610961857,
              38.743358612060824
            ],
            [
              -9.097410202026367,
              38.74317550659192
            ],
            [
              -9.097360610961857,
              38.74316787719755
            ],
            [
              -9.097119331359806,
              38.74313354492203
            ],
            [
              -9.097131729125977,
              38.74309158325217
            ],
            [
              -9.09708023071289,
              38.74308395385766
            ],
            [
              -9.097090721130314,
              38.74303436279302
            ],
            [
              -9.097360610961857,
              38.74308013916028
            ],
            [
              -9.097430229187012,
              38.74309158325218
            ],
            [
              -9.097482681274414,
              38.74293899536139
            ],
            [
              -9.097515106201172,
              38.742847442627124
            ],
            [
              -9.097554206848145,
              38.74273681640625
            ],
            [
              -9.097640037536621,
              38.74252319335932
            ],
            [
              -9.097734451293888,
              38.74230575561523
            ],
            [
              -9.097700119018555,
              38.74229049682617
            ],
            [
              -9.098855972290039,
              38.74041748046888
            ],
            [
              -9.09896278381342,
              38.74024200439447
            ],
            [
              -9.099026679992619,
              38.74013900756831
            ],
            [
              -9.099226951599121,
              38.739814758301065
            ],
            [
              -9.09985065460205,
              38.73878097534208
            ],
            [
              -9.100208282470703,
              38.738132476806854
            ],
            [
              -9.100254058837834,
              38.73804855346673
            ],
            [
              -9.100781440734863,
              38.737060546875
            ],
            [
              -9.10116004943842,
              38.73636245727556
            ],
            [
              -9.101201057434082,
              38.73628616333034
            ],
            [
              -9.101268768310547,
              38.736164093017734
            ],
            [
              -9.101365089416504,
              38.73598861694353
            ],
            [
              -9.101436614990234,
              38.73585510253901
            ],
            [
              -9.101527214050293,
              38.73569488525408
            ],
            [
              -9.101605415344181,
              38.73554992675804
            ],
            [
              -9.101678848266602,
              38.73541641235369
            ],
            [
              -9.10175895690918,
              38.73526763916028
            ],
            [
              -9.101804733276367,
              38.73518753051751
            ],
            [
              -9.101862907409611,
              38.73508071899438
            ],
            [
              -9.101973533630371,
              38.73487854003916
            ],
            [
              -9.102054595947209,
              38.73472976684576
            ],
            [
              -9.102083206176758,
              38.73467636108398
            ],
            [
              -9.102083206176758,
              38.734584808349894
            ],
            [
              -9.10213565826416,
              38.7345848083499
            ],
            [
              -9.102150917053223,
              38.73455810546891
            ],
            [
              -9.102170944213867,
              38.73451995849604
            ],
            [
              -9.10221004486084,
              38.73447036743165
            ],
            [
              -9.102289199829102,
              38.73430633544933
            ],
            [
              -9.102361679077148,
              38.73417663574236
            ],
            [
              -9.102416038513127,
              38.734077453613395
            ],
            [
              -9.102442741393986,
              38.734027862548956
            ],
            [
              -9.102518081664925,
              38.73389053344742
            ],
            [
              -9.102562904357853,
              38.733806610107706
            ],
            [
              -9.102621078491213,
              38.733703613281364
            ],
            [
              -9.102724075317383,
              38.73351669311524
            ],
            [
              -9.10284519195551,
              38.73330688476568
            ],
            [
              -9.102948188781681,
              38.733127593994304
            ],
            [
              -9.103068351745605,
              38.73292160034196
            ],
            [
              -9.103193283081055,
              38.732715606689446
            ],
            [
              -9.103193283081055,
              38.7326393127442
            ],
            [
              -9.103239059448242,
              38.73263931274419
            ],
            [
              -9.103339195251467,
              38.732475280761705
            ],
            [
              -9.103472709655705,
              38.73225784301763
            ],
            [
              -9.103567123412972,
              38.73210144042968
            ],
            [
              -9.103660583496094,
              38.73195648193366
            ],
            [
              -9.103750228881779,
              38.73181533813475
            ],
            [
              -9.103810310363713,
              38.731716156006144
            ],
            [
              -9.103944778442326,
              38.731510162353636
            ],
            [
              -9.104066848754883,
              38.73131942749034
            ],
            [
              -9.104249000549316,
              38.73104858398466
            ],
            [
              -9.104425430297738,
              38.73078536987315
            ],
            [
              -9.104585647582951,
              38.73055648803721
            ],
            [
              -9.10481071472168,
              38.73025512695317
            ],
            [
              -9.104955673217775,
              38.73003005981438
            ],
            [
              -9.10525894165039,
              38.729610443115504
            ],
            [
              -9.10551643371582,
              38.7292747497558
            ],
            [
              -9.105680465698242,
              38.729061126709105
            ],
            [
              -9.105775833129883,
              38.7289276123048
            ],
            [
              -9.106253623962346,
              38.728317260742415
            ],
            [
              -9.106670379638672,
              38.72780990600586
            ],
            [
              -9.10699272155756,
              38.72742462158232
            ],
            [
              -9.107033729553223,
              38.727375030517564
            ],
            [
              -9.107361793518066,
              38.72699356079102
            ],
            [
              -9.10744857788086,
              38.72689056396479
            ],
            [
              -9.107522964477539,
              38.72680664062505
            ],
            [
              -9.107671737670898,
              38.726642608642734
            ],
            [
              -9.107683181762695,
              38.726581573486435
            ],
            [
              -9.107745170593262,
              38.72652816772466
            ],
            [
              -9.107772827148438,
              38.726528167724666
            ],
            [
              -9.107856750488281,
              38.72643280029302
            ],
            [
              -9.107954978942814,
              38.72632980346684
            ],
            [
              -9.108025550842171,
              38.726249694824276
            ],
            [
              -9.10816764831543,
              38.726093292236314
            ],
            [
              -9.108240127563363,
              38.72601699829113
            ],
            [
              -9.108575820922853,
              38.72566223144536
            ],
            [
              -9.109248161315918,
              38.72497177124047
            ],
            [
              -9.11007022857666,
              38.724166870117294
            ],
            [
              -9.110416412353516,
              38.72382736206078
            ],
            [
              -9.110416412353516,
              38.72375106811522
            ],
            [
              -9.110493659973088,
              38.723751068115234
            ],
            [
              -9.110637664794865,
              38.723609924316676
            ],
            [
              -9.11069393157959,
              38.72355651855491
            ],
            [
              -9.11069393157959,
              38.723472595214844
            ],
            [
              -9.110777854919434,
              38.72347259521484
            ],
            [
              -9.11097240447998,
              38.72328567504889
            ],
            [
              -9.111084938049316,
              38.7231712341308
            ],
            [
              -9.111381530761719,
              38.72288131713889
            ],
            [
              -9.11145305633545,
              38.72281646728522
            ],
            [
              -9.113445281982422,
              38.72086715698254
            ],
            [
              -9.113476753234863,
              38.72085189819365
            ],
            [
              -9.113507270812988,
              38.72082519531267
            ],
            [
              -9.1145601272583,
              38.71977615356461
            ],
            [
              -9.115353584289494,
              38.71899795532244
            ],
            [
              -9.11618709564209,
              38.71818923950206
            ],
            [
              -9.116774559020996,
              38.717613220215064
            ],
            [
              -9.117302894592285,
              38.71708679199222
            ],
            [
              -9.117573738098145,
              38.7169036865235
            ],
            [
              -9.118120193481445,
              38.716526031494304
            ],
            [
              -9.11819458007807,
              38.71647644042991
            ],
            [
              -9.118953704833928,
              38.71595382690447
            ],
            [
              -9.119547843933105,
              38.715541839599545
            ],
            [
              -9.119747161865234,
              38.715351104736264
            ],
            [
              -9.119969367980957,
              38.715137481689574
            ],
            [
              -9.120135307312012,
              38.714977264404304
            ],
            [
              -9.120075225830078,
              38.71493911743191
            ],
            [
              -9.120063781738281,
              38.71488571166998
            ],
            [
              -9.12005424499506,
              38.7148323059082
            ],
            [
              -9.120083808898926,
              38.714805603027386
            ],
            [
              -9.120183944702148,
              38.71470642089861
            ],
            [
              -9.120285987854004,
              38.71461105346695
            ],
            [
              -9.120387077331543,
              38.71451187133795
            ],
            [
              -9.120416641235295,
              38.71448516845697
            ],
            [
              -9.120491027831974,
              38.714412689209
            ],
            [
              -9.120602607726994,
              38.71430587768578
            ],
            [
              -9.12069320678711,
              38.71422195434572
            ],
            [
              -9.120795249938965,
              38.714122772216854
            ],
            [
              -9.120894432067871,
              38.714027404785206
            ],
            [
              -9.121000289916935,
              38.71392822265624
            ],
            [
              -9.12130355834961,
              38.71363449096674
            ],
            [
              -9.121405601501408,
              38.71353530883812
            ],
            [
              -9.12150859832758,
              38.71343994140648
            ],
            [
              -9.121608734130803,
              38.71334075927729
            ],
            [
              -9.121711730956974,
              38.71324157714867
            ],
            [
              -9.12181282043457,
              38.71314620971702
            ],
            [
              -9.121915817260742,
              38.713047027588
            ],
            [
              -9.122016906738224,
              38.71295166015637
            ],
            [
              -9.122118949890137,
              38.71285247802757
            ],
            [
              -9.12220382690424,
              38.712772369384986
            ],
            [
              -9.12236213684082,
              38.712879180908196
            ],
            [
              -9.122909545898438,
              38.71236038208007
            ],
            [
              -9.123205184936467,
              38.712081909179915
            ],
            [
              -9.123276710510197,
              38.712020874023445
            ],
            [
              -9.123463630676213,
              38.71186828613279
            ],
            [
              -9.123539924621525,
              38.711807250976676
            ],
            [
              -9.123748779296875,
              38.711635589599844
            ],
            [
              -9.123881340026799,
              38.711528778076115
            ],
            [
              -9.123917579650822,
              38.71149826049834
            ],
            [
              -9.124029159545898,
              38.711406707763665
            ],
            [
              -9.124176025390625,
              38.71128845214861
            ],
            [
              -9.124226570129338,
              38.71125030517574
            ],
            [
              -9.124303817749023,
              38.711189270019645
            ],
            [
              -9.12440299987793,
              38.71111679077176
            ],
            [
              -9.124498367309572,
              38.71104812622092
            ],
            [
              -9.12458419799799,
              38.71098327636725
            ],
            [
              -9.12464809417719,
              38.71093750000023
            ],
            [
              -9.124725341796875,
              38.710884094238274
            ],
            [
              -9.124813079833986,
              38.71081924438476
            ],
            [
              -9.124938011169377,
              38.710731506347656
            ],
            [
              -9.124991416931152,
              38.710693359374986
            ],
            [
              -9.12504768371582,
              38.71065521240244
            ],
            [
              -9.125080108642578,
              38.71063232421903
            ],
            [
              -9.125142097473145,
              38.71059036254883
            ],
            [
              -9.125186920166017,
              38.71055984497081
            ],
            [
              -9.125221252441406,
              38.710533142089844
            ],
            [
              -9.12530517578125,
              38.71047592163108
            ],
            [
              -9.125362396240234,
              38.71044158935575
            ],
            [
              -9.125419616699162,
              38.71039962768555
            ],
            [
              -9.125521659851017,
              38.7103347778322
            ],
            [
              -9.125617027282658,
              38.71026992797875
            ],
            [
              -9.125695228576662,
              38.710224151611506
            ],
            [
              -9.12574291229248,
              38.71019363403315
            ],
            [
              -9.125970840454045,
              38.710044860839965
            ],
            [
              -9.126029968261719,
              38.71000289916986
            ],
            [
              -9.126254081726017,
              38.7098617553712
            ],
            [
              -9.12641429901123,
              38.70976257324235
            ],
            [
              -9.1270112991333,
              38.70939636230469
            ],
            [
              -9.127349853515568,
              38.70919418334972
            ],
            [
              -9.127498626708984,
              38.709110260009766
            ],
            [
              -9.12763500213623,
              38.709030151367415
            ],
            [
              -9.127994537353459,
              38.7088356018069
            ],
            [
              -9.128194808959961,
              38.708728790283196
            ],
            [
              -9.128498077392521,
              38.70857238769525
            ],
            [
              -9.12869739532465,
              38.70847320556664
            ],
            [
              -9.128722190856934,
              38.708457946777564
            ],
            [
              -9.128748893737736,
              38.70844650268582
            ],
            [
              -9.129039764404297,
              38.708309173584
            ],
            [
              -9.129138946533146,
              38.70826339721708
            ],
            [
              -9.129289627075138,
              38.70819473266626
            ],
            [
              -9.129584312438965,
              38.70806121826171
            ],
            [
              -9.12990474700922,
              38.707920074462876
            ],
            [
              -9.130258560180607,
              38.707759857177905
            ],
            [
              -9.130325317382812,
              38.707733154296925
            ],
            [
              -9.130353927612248,
              38.70772552490255
            ],
            [
              -9.130819320678654,
              38.70752716064476
            ],
            [
              -9.130844116210938,
              38.7075119018557
            ],
            [
              -9.131250381469727,
              38.7073593139649
            ],
            [
              -9.13214111328125,
              38.70701599121122
            ],
            [
              -9.132240295410156,
              38.70698165893572
            ],
            [
              -9.132439613342171,
              38.706935882568466
            ],
            [
              -9.132452964782658,
              38.706905364990355
            ],
            [
              -9.132845878601017,
              38.70677566528321
            ],
            [
              -9.132974624633789,
              38.7067337036133
            ],
            [
              -9.133359909057617,
              38.706611633300895
            ],
            [
              -9.133538246154785,
              38.70655822753929
            ],
            [
              -9.133599281311035,
              38.70653533935547
            ],
            [
              -9.134471893310547,
              38.706291198730405
            ],
            [
              -9.134600639343262,
              38.7062530517581
            ],
            [
              -9.134832382202092,
              38.70618820190425
            ],
            [
              -9.135027885436955,
              38.706142425537216
            ],
            [
              -9.135040283203125,
              38.70621109008789
            ],
            [
              -9.13506031036377,
              38.706249237060554
            ],
            [
              -9.135531425476017,
              38.70714950561517
            ],
            [
              -9.135574340820312,
              38.707134246826286
            ],
            [
              -9.135802268981877,
              38.70708465576191
            ],
            [
              -9.136113166809082,
              38.70700454711915
            ],
            [
              -9.136327743530273,
              38.706951141357344
            ],
            [
              -9.13663101196289,
              38.706871032714865
            ],
            [
              -9.13693618774414,
              38.70674133300805
            ],
            [
              -9.137170791625977,
              38.706535339355455
            ],
            [
              -9.138594627380373,
              38.70619583129877
            ],
            [
              -9.138765335083008,
              38.70615768432648
            ],
            [
              -9.13895034790039,
              38.706115722656236
            ],
            [
              -9.139027595520021,
              38.70609664917014
            ],
            [
              -9.139114379882812,
              38.7060775756837
            ],
            [
              -9.139262199401855,
              38.706039428711044
            ],
            [
              -9.139403343200684,
              38.70600891113304
            ],
            [
              -9.139510154724064,
              38.70598220825205
            ],
            [
              -9.139629364013615,
              38.70595932006863
            ],
            [
              -9.139760971069336,
              38.7059288024903
            ],
            [
              -9.139947891235352,
              38.705883026123274
            ],
            [
              -9.140155792236328,
              38.70583724975603
            ],
            [
              -9.140391349792424,
              38.705783843994425
            ],
            [
              -9.14076900482172,
              38.70569610595713
            ],
            [
              -9.140951156616097,
              38.70565795898449
            ],
            [
              -9.141102790832463,
              38.705619812011946
            ],
            [
              -9.141286849975586,
              38.705581665039055
            ],
            [
              -9.141491889953556,
              38.70553207397483
            ],
            [
              -9.141595840454045,
              38.705509185791236
            ],
            [
              -9.141887664794922,
              38.70544052124023
            ],
            [
              -9.141949653625431,
              38.705429077148665
            ],
            [
              -9.141817092895508,
              38.7051544189453
            ],
            [
              -9.141573905944824,
              38.705219268798935
            ],
            [
              -9.141542434692385,
              38.70514297485373
            ],
            [
              -9.141867637634277,
              38.70505523681664
            ],
            [
              -9.141899108886719,
              38.70513153076184
            ],
            [
              -9.141867637634277,
              38.70513916015621
            ],
            [
              -9.142004013061523,
              38.705421447754134
            ],
            [
              -9.142045021057072,
              38.70541000366223
            ],
            [
              -9.142445564269963,
              38.70527648925792
            ],
            [
              -9.142383575439453,
              38.70514297485374
            ],
            [
              -9.142326354980412,
              38.7050209045413
            ],
            [
              -9.142208099365178,
              38.705059051513665
            ],
            [
              -9.142160415649357,
              38.70495986938498
            ],
            [
              -9.142484664916992,
              38.70486831665039
            ],
            [
              -9.14252567291254,
              38.70496368408202
            ],
            [
              -9.14240837097168,
              38.70500183105468
            ],
            [
              -9.142474174499455,
              38.70513916015621
            ],
            [
              -9.142537117004338,
              38.70526885986333
            ],
            [
              -9.142837524414062,
              38.705181121826286
            ],
            [
              -9.142910957336369,
              38.70515823364262
            ],
            [
              -9.142946243286076,
              38.70515060424829
            ],
            [
              -9.142976760864258,
              38.70514678955073
            ],
            [
              -9.14303016662592,
              38.7051467895507
            ],
            [
              -9.143060684204102,
              38.705154418945305
            ],
            [
              -9.143088340759277,
              38.70515823364262
            ],
            [
              -9.143144607543832,
              38.70515823364262
            ],
            [
              -9.14317321777338,
              38.70515441894531
            ],
            [
              -9.14321517944336,
              38.70514297485373
            ],
            [
              -9.143351554870549,
              38.70508956909197
            ],
            [
              -9.143426895141545,
              38.70505905151367
            ],
            [
              -9.143514633178656,
              38.70502090454131
            ],
            [
              -9.143783569335938,
              38.70493316650403
            ],
            [
              -9.14382076263422,
              38.70490646362304
            ],
            [
              -9.143888473510687,
              38.70503616333019
            ],
            [
              -9.143940925598145,
              38.7051391601562
            ],
            [
              -9.144057273864748,
              38.70513916015621
            ],
            [
              -9.144563674926701,
              38.70503997802758
            ],
            [
              -9.144525527954102,
              38.70491027832058
            ],
            [
              -9.144553184509277,
              38.7049026489259
            ],
            [
              -9.144600868225098,
              38.70505905151369
            ],
            [
              -9.144742012023812,
              38.70503616333018
            ],
            [
              -9.14490032196045,
              38.70500564575222
            ]
          ]
        ]
      }
    }
  ]
}
