1	1	1	0	0
1	1	2	0	0
1	1	3	0	0
1	1	4	0	0
1	1	5	0	0
1	1	6	0	0
1	1	7	0	0
1	1	8	13	8
1	1	9	57	38
1	1	10	138	91
1	1	11	331	127
1	1	12	269	168
1	1	13	289	171
1	1	14	217	141
1	1	15	152	100
1	1	16	79	52
1	1	17	26	14
1	1	18	0	0
1	1	19	0	0
1	1	20	0	0
1	1	21	0	0
1	1	22	0	0
1	1	23	0	0
1	1	24	0	0
1	2	1	0	0
1	2	2	0	0
1	2	3	0	0
1	2	4	0	0
1	2	5	0	0
1	2	6	0	0
1	2	7	0	0
1	2	8	24	16
1	2	9	29	21
1	2	10	131	93
1	2	11	197	139
1	2	12	194	137
1	2	13	282	184
1	2	14	197	139
1	2	15	137	97
1	2	16	32	23
1	2	17	19	13
1	2	18	0	0
1	2	19	0	0
1	2	20	0	0
1	2	21	0	0
1	2	22	0	0
1	2	23	0	0
1	2	24	0	0
1	3	1	0	0
1	3	2	0	0
1	3	3	0	0
1	3	4	0	0
1	3	5	0	0
1	3	6	0	0
1	3	7	0	0
1	3	8	33	14
1	3	9	95	71
1	3	10	143	106
1	3	11	183	136
1	3	12	223	166
1	3	13	195	145
1	3	14	124	92
1	3	15	38	29
1	3	16	11	8
1	3	17	28	16
1	3	18	0	0
1	3	19	0	0
1	3	20	0	0
1	3	21	0	0
1	3	22	0	0
1	3	23	0	0
1	3	24	0	0
1	4	1	0	0
1	4	2	0	0
1	4	3	0	0
1	4	4	0	0
1	4	5	0	0
1	4	6	0	0
1	4	7	0	0
1	4	8	27	17
1	4	9	78	59
1	4	10	167	126
1	4	11	126	95
1	4	12	105	79
1	4	13	156	118
1	4	14	110	83
1	4	15	124	93
1	4	16	85	65
1	4	17	25	17
1	4	18	0	0
1	4	19	0	0
1	4	20	0	0
1	4	21	0	0
1	4	22	0	0
1	4	23	0	0
1	4	24	0	0
1	5	1	0	0
1	5	2	0	0
1	5	3	0	0
1	5	4	0	0
1	5	5	0	0
1	5	6	0	0
1	5	7	0	0
1	5	8	31	20
1	5	9	151	91
1	5	10	269	137
1	5	11	403	115
1	5	12	466	108
1	5	13	466	108
1	5	14	403	115
1	5	15	291	114
1	5	16	157	85
1	5	17	32	19
1	5	18	0	0
1	5	19	0	0
1	5	20	0	0
1	5	21	0	0
1	5	22	0	0
1	5	23	0	0
1	5	24	0	0
1	6	1	0	0
1	6	2	0	0
1	6	3	0	0
1	6	4	0	0
1	6	5	0	0
1	6	6	0	0
1	6	7	0	0
1	6	8	35	18
1	6	9	143	93
1	6	10	293	109
1	6	11	405	109
1	6	12	465	106
1	6	13	436	139
1	6	14	387	129
1	6	15	293	109
1	6	16	151	88
1	6	17	35	18
1	6	18	0	0
1	6	19	0	0
1	6	20	0	0
1	6	21	0	0
1	6	22	0	0
1	6	23	0	0
1	6	24	0	0
1	7	1	0	0
1	7	2	0	0
1	7	3	0	0
1	7	4	0	0
1	7	5	0	0
1	7	6	0	0
1	7	7	0	0
1	7	8	26	20
1	7	9	41	33
1	7	10	128	103
1	7	11	237	184
1	7	12	324	208
1	7	13	467	95
1	7	14	395	109
1	7	15	161	129
1	7	16	146	83
1	7	17	35	16
1	7	18	0	0
1	7	19	0	0
1	7	20	0	0
1	7	21	0	0
1	7	22	0	0
1	7	23	0	0
1	7	24	0	0
1	8	1	0	0
1	8	2	0	0
1	8	3	0	0
1	8	4	0	0
1	8	5	0	0
1	8	6	0	0
1	8	7	0	0
1	8	8	36	20
1	8	9	161	90
1	8	10	297	119
1	8	11	410	119
1	8	12	473	111
1	8	13	473	111
1	8	14	410	119
1	8	15	297	119
1	8	16	161	90
1	8	17	36	20
1	8	18	0	0
1	8	19	0	0
1	8	20	0	0
1	8	21	0	0
1	8	22	0	0
1	8	23	0	0
1	8	24	0	0
1	9	1	0	0
1	9	2	0	0
1	9	3	0	0
1	9	4	0	0
1	9	5	0	0
1	9	6	0	0
1	9	7	0	0
1	9	8	37	18
1	9	9	152	87
1	9	10	297	106
1	9	11	388	127
1	9	12	439	135
1	9	13	459	114
1	9	14	356	157
1	9	15	296	106
1	9	16	163	78
1	9	17	37	18
1	9	18	0	0
1	9	19	0	0
1	9	20	0	0
1	9	21	0	0
1	9	22	0	0
1	9	23	0	0
1	9	24	0	0
1	10	1	0	0
1	10	2	0	0
1	10	3	0	0
1	10	4	0	0
1	10	5	0	0
1	10	6	0	0
1	10	7	0	0
1	10	8	38	22
1	10	9	165	93
1	10	10	302	121
1	10	11	415	120
1	10	12	479	112
1	10	13	479	112
1	10	14	415	120
1	10	15	302	121
1	10	16	165	93
1	10	17	38	22
1	10	18	0	0
1	10	19	0	0
1	10	20	0	0
1	10	21	0	0
1	10	22	0	0
1	10	23	0	0
1	10	24	0	0
1	11	1	0	0
1	11	2	0	0
1	11	3	0	0
1	11	4	0	0
1	11	5	0	0
1	11	6	0	0
1	11	7	0	0
1	11	8	39	16
1	11	9	107	75
1	11	10	143	101
1	11	11	296	169
1	11	12	482	79
1	11	13	346	181
1	11	14	272	172
1	11	15	207	135
1	11	16	78	56
1	11	17	34	19
1	11	18	0	0
1	11	19	0	0
1	11	20	0	0
1	11	21	0	0
1	11	22	0	0
1	11	23	0	0
1	11	24	0	0
1	12	1	0	0
1	12	2	0	0
1	12	3	0	0
1	12	4	0	0
1	12	5	0	0
1	12	6	0	0
1	12	7	0	0
1	12	8	26	19
1	12	9	75	55
1	12	10	106	78
1	12	11	123	91
1	12	12	155	114
1	12	13	191	141
1	12	14	106	78
1	12	15	84	62
1	12	16	77	57
1	12	17	26	19
1	12	18	0	0
1	12	19	0	0
1	12	20	0	0
1	12	21	0	0
1	12	22	0	0
1	12	23	0	0
1	12	24	0	0
1	13	1	0	0
1	13	2	0	0
1	13	3	0	0
1	13	4	0	0
1	13	5	0	0
1	13	6	0	0
1	13	7	0	0
1	13	8	41	24
1	13	9	171	96
1	13	10	309	123
1	13	11	424	120
1	13	12	489	111
1	13	13	489	111
1	13	14	424	120
1	13	15	309	123
1	13	16	171	96
1	13	17	41	24
1	13	18	0	0
1	13	19	0	0
1	13	20	0	0
1	13	21	0	0
1	13	22	0	0
1	13	23	0	0
1	13	24	0	0
1	14	1	0	0
1	14	2	0	0
1	14	3	0	0
1	14	4	0	0
1	14	5	0	0
1	14	6	0	0
1	14	7	0	0
1	14	8	43	22
1	14	9	170	86
1	14	10	312	107
1	14	11	427	104
1	14	12	403	188
1	14	13	467	123
1	14	14	427	104
1	14	15	295	124
1	14	16	168	88
1	14	17	43	22
1	14	18	0	0
1	14	19	0	0
1	14	20	0	0
1	14	21	0	0
1	14	22	0	0
1	14	23	0	0
1	14	24	0	0
1	15	1	0	0
1	15	2	0	0
1	15	3	0	0
1	15	4	0	0
1	15	5	0	0
1	15	6	0	0
1	15	7	0	0
1	15	8	33	28
1	15	9	168	93
1	15	10	283	142
1	15	11	395	146
1	15	12	469	129
1	15	13	483	113
1	15	14	435	102
1	15	15	315	111
1	15	16	168	93
1	15	17	39	27
1	15	18	0	0
1	15	19	0	0
1	15	20	0	0
1	15	21	0	0
1	15	22	0	0
1	15	23	0	0
1	15	24	0	0
1	16	1	0	0
1	16	2	0	0
1	16	3	0	0
1	16	4	0	0
1	16	5	0	0
1	16	6	0	0
1	16	7	0	0
1	16	8	33	25
1	16	9	124	96
1	16	10	238	157
1	16	11	370	155
1	16	12	494	94
1	16	13	376	199
1	16	14	438	91
1	16	15	323	94
1	16	16	182	74
1	16	17	41	25
1	16	18	0	0
1	16	19	0	0
1	16	20	0	0
1	16	21	0	0
1	16	22	0	0
1	16	23	0	0
1	16	24	0	0
1	17	1	0	0
1	17	2	0	0
1	17	3	0	0
1	17	4	0	0
1	17	5	0	0
1	17	6	0	0
1	17	7	0	0
1	17	8	1	1
1	17	9	7	6
1	17	10	28	25
1	17	11	31	28
1	17	12	50	45
1	17	13	55	50
1	17	14	43	39
1	17	15	19	17
1	17	16	4	3
1	17	17	1	1
1	17	18	0	0
1	17	19	0	0
1	17	20	0	0
1	17	21	0	0
1	17	22	0	0
1	17	23	0	0
1	17	24	0	0
1	18	1	0	0
1	18	2	0	0
1	18	3	0	0
1	18	4	0	0
1	18	5	0	0
1	18	6	0	0
1	18	7	0	0
1	18	8	27	19
1	18	9	182	69
1	18	10	290	112
1	18	11	267	176
1	18	12	191	135
1	18	13	371	181
1	18	14	377	135
1	18	15	244	138
1	18	16	178	72
1	18	17	44	23
1	18	18	0	0
1	18	19	0	0
1	18	20	0	0
1	18	21	0	0
1	18	22	0	0
1	18	23	0	0
1	18	24	0	0
1	19	1	0	0
1	19	2	0	0
1	19	3	0	0
1	19	4	0	0
1	19	5	0	0
1	19	6	0	0
1	19	7	0	0
1	19	8	46	22
1	19	9	135	83
1	19	10	196	126
1	19	11	280	168
1	19	12	241	159
1	19	13	243	161
1	19	14	146	97
1	19	15	189	124
1	19	16	54	36
1	19	17	16	10
1	19	18	0	0
1	19	19	0	0
1	19	20	0	0
1	19	21	0	0
1	19	22	0	0
1	19	23	0	0
1	19	24	0	0
1	20	1	0	0
1	20	2	0	0
1	20	3	0	0
1	20	4	0	0
1	20	5	0	0
1	20	6	0	0
1	20	7	0	0
1	20	8	34	22
1	20	9	139	82
1	20	10	181	116
1	20	11	245	155
1	20	12	410	147
1	20	13	351	177
1	20	14	341	149
1	20	15	246	128
1	20	16	161	78
1	20	17	47	22
1	20	18	0	0
1	20	19	0	0
1	20	20	0	0
1	20	21	0	0
1	20	22	0	0
1	20	23	0	0
1	20	24	0	0
1	21	1	0	0
1	21	2	0	0
1	21	3	0	0
1	21	4	0	0
1	21	5	0	0
1	21	6	0	0
1	21	7	0	0
1	21	8	24	18
1	21	9	27	20
1	21	10	170	126
1	21	11	217	161
1	21	12	387	188
1	21	13	223	165
1	21	14	188	140
1	21	15	157	116
1	21	16	72	54
1	21	17	27	20
1	21	18	0	0
1	21	19	0	0
1	21	20	0	0
1	21	21	0	0
1	21	22	0	0
1	21	23	0	0
1	21	24	0	0
1	22	1	0	0
1	22	2	0	0
1	22	3	0	0
1	22	4	0	0
1	22	5	0	0
1	22	6	0	0
1	22	7	0	0
1	22	8	27	22
1	22	9	69	55
1	22	10	156	124
1	22	11	357	179
1	22	12	441	163
1	22	13	420	179
1	22	14	388	156
1	22	15	344	92
1	22	16	167	98
1	22	17	51	29
1	22	18	0	0
1	22	19	0	0
1	22	20	0	0
1	22	21	0	0
1	22	22	0	0
1	22	23	0	0
1	22	24	0	0
1	23	1	0	0
1	23	2	0	0
1	23	3	0	0
1	23	4	0	0
1	23	5	0	0
1	23	6	0	0
1	23	7	0	0
1	23	8	29	18
1	23	9	54	34
1	23	10	261	127
1	23	11	284	166
1	23	12	376	172
1	23	13	255	162
1	23	14	299	167
1	23	15	203	126
1	23	16	125	79
1	23	17	40	25
1	23	18	0	0
1	23	19	0	0
1	23	20	0	0
1	23	21	0	0
1	23	22	0	0
1	23	23	0	0
1	23	24	0	0
1	24	1	0	0
1	24	2	0	0
1	24	3	0	0
1	24	4	0	0
1	24	5	0	0
1	24	6	0	0
1	24	7	0	0
1	24	8	48	38
1	24	9	111	101
1	24	10	239	191
1	24	11	341	225
1	24	12	523	106
1	24	13	523	106
1	24	14	466	104
1	24	15	359	96
1	24	16	213	79
1	24	17	55	35
1	24	18	0	0
1	24	19	0	0
1	24	20	0	0
1	24	21	0	0
1	24	22	0	0
1	24	23	0	0
1	24	24	0	0
1	25	1	0	0
1	25	2	0	0
1	25	3	0	0
1	25	4	0	0
1	25	5	0	0
1	25	6	0	0
1	25	7	0	0
1	25	8	57	38
1	25	9	219	81
1	25	10	363	101
1	25	11	470	109
1	25	12	500	143
1	25	13	495	148
1	25	14	449	134
1	25	15	309	159
1	25	16	184	115
1	25	17	57	38
1	25	18	0	0
1	25	19	0	0
1	25	20	0	0
1	25	21	0	0
1	25	22	0	0
1	25	23	0	0
1	25	24	0	0
1	26	1	0	0
1	26	2	0	0
1	26	3	0	0
1	26	4	0	0
1	26	5	0	0
1	26	6	0	0
1	26	7	0	0
1	26	8	60	46
1	26	9	223	96
1	26	10	367	119
1	26	11	474	128
1	26	12	531	131
1	26	13	531	131
1	26	14	474	128
1	26	15	367	119
1	26	16	223	96
1	26	17	60	46
1	26	18	0	0
1	26	19	0	0
1	26	20	0	0
1	26	21	0	0
1	26	22	0	0
1	26	23	0	0
1	26	24	0	0
1	27	1	0	0
1	27	2	0	0
1	27	3	0	0
1	27	4	0	0
1	27	5	0	0
1	27	6	0	0
1	27	7	0	0
1	27	8	6	5
1	27	9	39	34
1	27	10	38	33
1	27	11	55	47
1	27	12	70	60
1	27	13	70	60
1	27	14	74	63
1	27	15	44	38
1	27	16	39	34
1	27	17	15	13
1	27	18	0	0
1	27	19	0	0
1	27	20	0	0
1	27	21	0	0
1	27	22	0	0
1	27	23	0	0
1	27	24	0	0
1	28	1	0	0
1	28	2	0	0
1	28	3	0	0
1	28	4	0	0
1	28	5	0	0
1	28	6	0	0
1	28	7	0	0
1	28	8	18	16
1	28	9	72	66
1	28	10	71	65
1	28	11	27	24
1	28	12	32	29
1	28	13	134	122
1	28	14	190	173
1	28	15	90	82
1	28	16	71	64
1	28	17	17	16
1	28	18	0	0
1	28	19	0	0
1	28	20	0	0
1	28	21	0	0
1	28	22	0	0
1	28	23	0	0
1	28	24	0	0
1	29	1	0	0
1	29	2	0	0
1	29	3	0	0
1	29	4	0	0
1	29	5	0	0
1	29	6	0	0
1	29	7	0	0
1	29	8	20	16
1	29	9	59	48
1	29	10	149	120
1	29	11	126	102
1	29	12	18	14
1	29	13	265	213
1	29	14	187	151
1	29	15	163	131
1	29	16	107	86
1	29	17	39	31
1	29	18	0	0
1	29	19	0	0
1	29	20	0	0
1	29	21	0	0
1	29	22	0	0
1	29	23	0	0
1	29	24	0	0
1	30	1	0	0
1	30	2	0	0
1	30	3	0	0
1	30	4	0	0
1	30	5	0	0
1	30	6	0	0
1	30	7	0	0
1	30	8	49	35
1	30	9	184	100
1	30	10	332	120
1	30	11	378	173
1	30	12	444	172
1	30	13	392	205
1	30	14	448	120
1	30	15	292	146
1	30	16	237	63
1	30	17	70	33
1	30	18	0	0
1	30	19	0	0
1	30	20	0	0
1	30	21	0	0
1	30	22	0	0
1	30	23	0	0
1	30	24	0	0
1	31	1	0	0
1	31	2	0	0
1	31	3	0	0
1	31	4	0	0
1	31	5	0	0
1	31	6	0	0
1	31	7	0	0
1	31	8	41	35
1	31	9	185	119
1	31	10	330	146
1	31	11	488	105
1	31	12	553	98
1	31	13	409	233
1	31	14	209	177
1	31	15	169	143
1	31	16	130	110
1	31	17	35	30
1	31	18	0	0
1	31	19	0	0
1	31	20	0	0
1	31	21	0	0
1	31	22	0	0
1	31	23	0	0
1	31	24	0	0
2	1	1	0	0
2	1	2	0	0
2	1	3	0	0
2	1	4	0	0
2	1	5	0	0
2	1	6	0	0
2	1	7	0	0
2	1	8	49	35
2	1	9	90	63
2	1	10	296	147
2	1	11	363	184
2	1	12	215	152
2	1	13	152	107
2	1	14	327	196
2	1	15	278	155
2	1	16	103	73
2	1	17	45	32
2	1	18	0	0
2	1	19	0	0
2	1	20	0	0
2	1	21	0	0
2	1	22	0	0
2	1	23	0	0
2	1	24	0	0
2	2	1	0	0
2	2	2	0	0
2	2	3	0	0
2	2	4	0	0
2	2	5	0	0
2	2	6	0	0
2	2	7	0	0
2	2	8	71	38
2	2	9	248	61
2	2	10	265	154
2	2	11	325	191
2	2	12	358	210
2	2	13	439	176
2	2	14	339	189
2	2	15	390	78
2	2	16	209	89
2	2	17	79	34
2	2	18	0	0
2	2	19	0	0
2	2	20	0	0
2	2	21	0	0
2	2	22	0	0
2	2	23	0	0
2	2	24	0	0
2	3	1	0	0
2	3	2	0	0
2	3	3	0	0
2	3	4	0	0
2	3	5	0	0
2	3	6	0	0
2	3	7	0	0
2	3	8	16	11
2	3	9	153	96
2	3	10	247	148
2	3	11	358	176
2	3	12	377	199
2	3	13	408	187
2	3	14	371	171
2	3	15	330	121
2	3	16	162	98
2	3	17	42	27
2	3	18	0	0
2	3	19	0	0
2	3	20	0	0
2	3	21	0	0
2	3	22	0	0
2	3	23	0	0
2	3	24	0	0
2	4	1	0	0
2	4	2	0	0
2	4	3	0	0
2	4	4	0	0
2	4	5	0	0
2	4	6	0	0
2	4	7	0	0
2	4	8	48	31
2	4	9	174	100
2	4	10	327	125
2	4	11	403	155
2	4	12	379	199
2	4	13	384	198
2	4	14	242	156
2	4	15	258	149
2	4	16	182	99
2	4	17	85	34
2	4	18	0	0
2	4	19	0	0
2	4	20	0	0
2	4	21	0	0
2	4	22	0	0
2	4	23	0	0
2	4	24	0	0
2	5	1	0	0
2	5	2	0	0
2	5	3	0	0
2	5	4	0	0
2	5	5	0	0
2	5	6	0	0
2	5	7	0	0
2	5	8	85	47
2	5	9	259	75
2	5	10	387	111
2	5	11	518	94
2	5	12	555	118
2	5	13	425	233
2	5	14	397	205
2	5	15	299	181
2	5	16	187	127
2	5	17	46	38
2	5	18	0	0
2	5	19	0	0
2	5	20	0	0
2	5	21	0	0
2	5	22	0	0
2	5	23	0	0
2	5	24	0	0
2	6	1	0	0
2	6	2	0	0
2	6	3	0	0
2	6	4	0	0
2	6	5	0	0
2	6	6	0	0
2	6	7	0	0
2	6	8	71	52
2	6	9	263	74
2	6	10	409	90
2	6	11	334	231
2	6	12	493	178
2	6	13	482	187
2	6	14	412	192
2	6	15	387	112
2	6	16	263	73
2	6	17	56	45
2	6	18	0	0
2	6	19	0	0
2	6	20	0	0
2	6	21	0	0
2	6	22	0	0
2	6	23	0	0
2	6	24	0	0
2	7	1	0	0
2	7	2	0	0
2	7	3	0	0
2	7	4	0	0
2	7	5	0	0
2	7	6	0	0
2	7	7	0	0
2	7	8	89	55
2	7	9	261	90
2	7	10	372	147
2	7	11	507	126
2	7	12	551	144
2	7	13	520	178
2	7	14	450	187
2	7	15	369	149
2	7	16	264	87
2	7	17	87	57
2	7	18	0	0
2	7	19	0	0
2	7	20	0	0
2	7	21	0	0
2	7	22	0	0
2	7	23	0	0
2	7	24	0	0
2	8	1	0	0
2	8	2	0	0
2	8	3	0	0
2	8	4	0	0
2	8	5	0	0
2	8	6	0	0
2	8	7	0	0
2	8	8	100	67
2	8	9	272	112
2	8	10	421	133
2	8	11	532	139
2	8	12	591	139
2	8	13	591	139
2	8	14	532	139
2	8	15	421	133
2	8	16	272	112
2	8	17	100	67
2	8	18	0	0
2	8	19	0	0
2	8	20	0	0
2	8	21	0	0
2	8	22	0	0
2	8	23	0	0
2	8	24	0	0
2	9	1	0	0
2	9	2	0	0
2	9	3	0	0
2	9	4	0	0
2	9	5	0	0
2	9	6	0	0
2	9	7	0	0
2	9	8	27	21
2	9	9	92	71
2	9	10	182	140
2	9	11	258	199
2	9	12	245	189
2	9	13	137	106
2	9	14	114	88
2	9	15	136	105
2	9	16	105	81
2	9	17	47	36
2	9	18	0	0
2	9	19	0	0
2	9	20	0	0
2	9	21	0	0
2	9	22	0	0
2	9	23	0	0
2	9	24	0	0
2	10	1	0	0
2	10	2	0	0
2	10	3	0	0
2	10	4	0	0
2	10	5	0	0
2	10	6	0	0
2	10	7	0	0
2	10	8	34	28
2	10	9	121	99
2	10	10	217	178
2	10	11	172	141
2	10	12	205	168
2	10	13	202	166
2	10	14	30	25
2	10	15	120	99
2	10	16	17	14
2	10	17	11	9
2	10	18	0	0
2	10	19	0	0
2	10	20	0	0
2	10	21	0	0
2	10	22	0	0
2	10	23	0	0
2	10	24	0	0
2	11	1	0	0
2	11	2	0	0
2	11	3	0	0
2	11	4	0	0
2	11	5	0	0
2	11	6	0	0
2	11	7	0	0
2	11	8	60	37
2	11	9	201	105
2	11	10	220	136
2	11	11	304	181
2	11	12	316	192
2	11	13	423	194
2	11	14	329	187
2	11	15	311	147
2	11	16	218	100
2	11	17	102	42
2	11	18	0	0
2	11	19	0	0
2	11	20	0	0
2	11	21	0	0
2	11	22	0	0
2	11	23	0	0
2	11	24	0	0
2	12	1	0	0
2	12	2	0	0
2	12	3	0	0
2	12	4	0	0
2	12	5	0	0
2	12	6	0	0
2	12	7	0	0
2	12	8	93	52
2	12	9	251	93
2	12	10	266	167
2	12	11	216	145
2	12	12	320	212
2	12	13	447	202
2	12	14	364	203
2	12	15	226	152
2	12	16	91	61
2	12	17	58	39
2	12	18	0	0
2	12	19	0	0
2	12	20	0	0
2	12	21	0	0
2	12	22	0	0
2	12	23	0	0
2	12	24	0	0
2	13	1	0	0
2	13	2	0	0
2	13	3	0	0
2	13	4	0	0
2	13	5	0	0
2	13	6	0	0
2	13	7	0	0
2	13	8	60	47
2	13	9	185	136
2	13	10	340	178
2	13	11	415	216
2	13	12	551	155
2	13	13	473	222
2	13	14	510	137
2	13	15	403	128
2	13	16	293	76
2	13	17	77	60
2	13	18	0	0
2	13	19	0	0
2	13	20	0	0
2	13	21	0	0
2	13	22	0	0
2	13	23	0	0
2	13	24	0	0
2	14	1	0	0
2	14	2	0	0
2	14	3	0	0
2	14	4	0	0
2	14	5	0	0
2	14	6	0	0
2	14	7	2	2
2	14	8	82	76
2	14	9	297	93
2	14	10	449	108
2	14	11	562	111
2	14	12	578	166
2	14	13	548	200
2	14	14	479	208
2	14	15	392	174
2	14	16	297	93
2	14	17	97	79
2	14	18	1	1
2	14	19	0	0
2	14	20	0	0
2	14	21	0	0
2	14	22	0	0
2	14	23	0	0
2	14	24	0	0
2	15	1	0	0
2	15	2	0	0
2	15	3	0	0
2	15	4	0	0
2	15	5	0	0
2	15	6	0	0
2	15	7	3	2
2	15	8	118	56
2	15	9	211	140
2	15	10	425	117
2	15	11	518	140
2	15	12	628	90
2	15	13	529	185
2	15	14	393	236
2	15	15	325	193
2	15	16	228	134
2	15	17	106	64
2	15	18	3	2
2	15	19	0	0
2	15	20	0	0
2	15	21	0	0
2	15	22	0	0
2	15	23	0	0
2	15	24	0	0
2	16	1	0	0
2	16	2	0	0
2	16	3	0	0
2	16	4	0	0
2	16	5	0	0
2	16	6	0	0
2	16	7	3	2
2	16	8	64	44
2	16	9	306	68
2	16	10	275	180
2	16	11	400	209
2	16	12	546	155
2	16	13	436	228
2	16	14	380	216
2	16	15	335	171
2	16	16	165	115
2	16	17	33	23
2	16	18	3	2
2	16	19	0	0
2	16	20	0	0
2	16	21	0	0
2	16	22	0	0
2	16	23	0	0
2	16	24	0	0
2	17	1	0	0
2	17	2	0	0
2	17	3	0	0
2	17	4	0	0
2	17	5	0	0
2	17	6	0	0
2	17	7	4	4
2	17	8	96	84
2	17	9	199	174
2	17	10	389	190
2	17	11	578	109
2	17	12	602	153
2	17	13	639	108
2	17	14	544	150
2	17	15	308	247
2	17	16	115	109
2	17	17	68	65
2	17	18	4	4
2	17	19	0	0
2	17	20	0	0
2	17	21	0	0
2	17	22	0	0
2	17	23	0	0
2	17	24	0	0
2	18	1	0	0
2	18	2	0	0
2	18	3	0	0
2	18	4	0	0
2	18	5	0	0
2	18	6	0	0
2	18	7	5	4
2	18	8	59	47
2	18	9	50	39
2	18	10	79	62
2	18	11	178	141
2	18	12	272	214
2	18	13	354	267
2	18	14	201	158
2	18	15	136	108
2	18	16	82	65
2	18	17	53	41
2	18	18	5	4
2	18	19	0	0
2	18	20	0	0
2	18	21	0	0
2	18	22	0	0
2	18	23	0	0
2	18	24	0	0
2	19	1	0	0
2	19	2	0	0
2	19	3	0	0
2	19	4	0	0
2	19	5	0	0
2	19	6	0	0
2	19	7	5	3
2	19	8	65	47
2	19	9	50	36
2	19	10	114	82
2	19	11	191	137
2	19	12	260	185
2	19	13	305	218
2	19	14	171	122
2	19	15	190	136
2	19	16	167	119
2	19	17	57	41
2	19	18	3	2
2	19	19	0	0
2	19	20	0	0
2	19	21	0	0
2	19	22	0	0
2	19	23	0	0
2	19	24	0	0
2	20	1	0	0
2	20	2	0	0
2	20	3	0	0
2	20	4	0	0
2	20	5	0	0
2	20	6	0	0
2	20	7	6	5
2	20	8	59	42
2	20	9	286	105
2	20	10	409	142
2	20	11	448	203
2	20	12	429	250
2	20	13	442	246
2	20	14	310	221
2	20	15	440	117
2	20	16	324	72
2	20	17	118	67
2	20	18	5	4
2	20	19	0	0
2	20	20	0	0
2	20	21	0	0
2	20	22	0	0
2	20	23	0	0
2	20	24	0	0
2	21	1	0	0
2	21	2	0	0
2	21	3	0	0
2	21	4	0	0
2	21	5	0	0
2	21	6	0	0
2	21	7	8	6
2	21	8	90	67
2	21	9	188	138
2	21	10	242	182
2	21	11	128	97
2	21	12	201	152
2	21	13	181	136
2	21	14	106	80
2	21	15	265	195
2	21	16	236	143
2	21	17	82	62
2	21	18	8	6
2	21	19	0	0
2	21	20	0	0
2	21	21	0	0
2	21	22	0	0
2	21	23	0	0
2	21	24	0	0
2	22	1	0	0
2	22	2	0	0
2	22	3	0	0
2	22	4	0	0
2	22	5	0	0
2	22	6	0	0
2	22	7	10	7
2	22	8	130	73
2	22	9	238	151
2	22	10	311	215
2	22	11	505	183
2	22	12	541	207
2	22	13	609	145
2	22	14	535	157
2	22	15	400	169
2	22	16	314	97
2	22	17	147	62
2	22	18	10	7
2	22	19	0	0
2	22	20	0	0
2	22	21	0	0
2	22	22	0	0
2	22	23	0	0
2	22	24	0	0
2	23	1	0	0
2	23	2	0	0
2	23	3	0	0
2	23	4	0	0
2	23	5	0	0
2	23	6	0	0
2	23	7	11	8
2	23	8	147	63
2	23	9	301	109
2	23	10	364	191
2	23	11	514	174
2	23	12	621	133
2	23	13	581	169
2	23	14	424	236
2	23	15	348	199
2	23	16	215	149
2	23	17	95	71
2	23	18	8	6
2	23	19	0	0
2	23	20	0	0
2	23	21	0	0
2	23	22	0	0
2	23	23	0	0
2	23	24	0	0
2	24	1	0	0
2	24	2	0	0
2	24	3	0	0
2	24	4	0	0
2	24	5	0	0
2	24	6	0	0
2	24	7	8	7
2	24	8	78	67
2	24	9	245	170
2	24	10	383	210
2	24	11	465	248
2	24	12	583	197
2	24	13	655	121
2	24	14	574	144
2	24	15	484	115
2	24	16	313	118
2	24	17	149	75
2	24	18	13	11
2	24	19	0	0
2	24	20	0	0
2	24	21	0	0
2	24	22	0	0
2	24	23	0	0
2	24	24	0	0
2	25	1	0	0
2	25	2	0	0
2	25	3	0	0
2	25	4	0	0
2	25	5	0	0
2	25	6	0	0
2	25	7	15	12
2	25	8	127	93
2	25	9	284	151
2	25	10	324	246
2	25	11	501	224
2	25	12	622	165
2	25	13	556	232
2	25	14	621	99
2	25	15	505	99
2	25	16	312	127
2	25	17	70	61
2	25	18	12	11
2	25	19	0	0
2	25	20	0	0
2	25	21	0	0
2	25	22	0	0
2	25	23	0	0
2	25	24	0	0
2	26	1	0	0
2	26	2	0	0
2	26	3	0	0
2	26	4	0	0
2	26	5	0	0
2	26	6	0	0
2	26	7	16	13
2	26	8	66	56
2	26	9	225	174
2	26	10	418	187
2	26	11	487	234
2	26	12	609	179
2	26	13	688	94
2	26	14	602	122
2	26	15	336	239
2	26	16	249	171
2	26	17	94	80
2	26	18	8	7
2	26	19	0	0
2	26	20	0	0
2	26	21	0	0
2	26	22	0	0
2	26	23	0	0
2	26	24	0	0
2	27	1	0	0
2	27	2	0	0
2	27	3	0	0
2	27	4	0	0
2	27	5	0	0
2	27	6	0	0
2	27	7	18	11
2	27	8	84	57
2	27	9	204	134
2	27	10	199	135
2	27	11	278	188
2	27	12	507	219
2	27	13	500	223
2	27	14	332	219
2	27	15	262	176
2	27	16	181	122
2	27	17	76	51
2	27	18	10	7
2	27	19	0	0
2	27	20	0	0
2	27	21	0	0
2	27	22	0	0
2	27	23	0	0
2	27	24	0	0
2	28	1	0	0
2	28	2	0	0
2	28	3	0	0
2	28	4	0	0
2	28	5	0	0
2	28	6	0	0
2	28	7	18	11
2	28	8	122	75
2	28	9	248	139
2	28	10	308	190
2	28	11	504	180
2	28	12	499	224
2	28	13	462	240
2	28	14	434	219
2	28	15	435	142
2	28	16	242	140
2	28	17	57	38
2	28	18	7	5
2	28	19	0	0
2	28	20	0	0
2	28	21	0	0
2	28	22	0	0
2	28	23	0	0
2	28	24	0	0
3	1	1	0	0
3	1	2	0	0
3	1	3	0	0
3	1	4	0	0
3	1	5	0	0
3	1	6	0	0
3	1	7	22	21
3	1	8	168	107
3	1	9	357	132
3	1	10	525	129
3	1	11	642	128
3	1	12	684	155
3	1	13	584	294
3	1	14	642	128
3	1	15	525	129
3	1	16	367	118
3	1	17	153	122
3	1	18	22	22
3	1	19	0	0
3	1	20	0	0
3	1	21	0	0
3	1	22	0	0
3	1	23	0	0
3	1	24	0	0
3	2	1	0	0
3	2	2	0	0
3	2	3	0	0
3	2	4	0	0
3	2	5	0	0
3	2	6	0	0
3	2	7	24	24
3	2	8	184	106
3	2	9	366	141
3	2	10	505	185
3	2	11	612	201
3	2	12	710	138
3	2	13	710	138
3	2	14	648	142
3	2	15	530	144
3	2	16	372	133
3	2	17	190	98
3	2	18	22	22
3	2	19	0	0
3	2	20	0	0
3	2	21	0	0
3	2	22	0	0
3	2	23	0	0
3	2	24	0	0
3	3	1	0	0
3	3	2	0	0
3	3	3	0	0
3	3	4	0	0
3	3	5	0	0
3	3	6	0	0
3	3	7	7	6
3	3	8	30	27
3	3	9	29	26
3	3	10	56	51
3	3	11	131	118
3	3	12	114	103
3	3	13	64	57
3	3	14	108	98
3	3	15	88	79
3	3	16	92	83
3	3	17	24	22
3	3	18	5	4
3	3	19	0	0
3	3	20	0	0
3	3	21	0	0
3	3	22	0	0
3	3	23	0	0
3	3	24	0	0
3	4	1	0	0
3	4	2	0	0
3	4	3	0	0
3	4	4	0	0
3	4	5	0	0
3	4	6	0	0
3	4	7	16	14
3	4	8	50	45
3	4	9	12	11
3	4	10	126	113
3	4	11	163	147
3	4	12	150	135
3	4	13	129	116
3	4	14	145	130
3	4	15	147	132
3	4	16	47	43
3	4	17	18	17
3	4	18	5	5
3	4	19	0	0
3	4	20	0	0
3	4	21	0	0
3	4	22	0	0
3	4	23	0	0
3	4	24	0	0
3	5	1	0	0
3	5	2	0	0
3	5	3	0	0
3	5	4	0	0
3	5	5	0	0
3	5	6	0	0
3	5	7	31	19
3	5	8	102	83
3	5	9	346	125
3	5	10	498	141
3	5	11	513	236
3	5	12	599	216
3	5	13	594	221
3	5	14	553	201
3	5	15	435	197
3	5	16	384	88
3	5	17	203	65
3	5	18	31	19
3	5	19	0	0
3	5	20	0	0
3	5	21	0	0
3	5	22	0	0
3	5	23	0	0
3	5	24	0	0
3	6	1	0	0
3	6	2	0	0
3	6	3	0	0
3	6	4	0	0
3	6	5	0	0
3	6	6	0	0
3	6	7	28	19
3	6	8	100	74
3	6	9	239	164
3	6	10	377	216
3	6	11	265	195
3	6	12	446	285
3	6	13	213	157
3	6	14	77	57
3	6	15	142	105
3	6	16	289	156
3	6	17	148	94
3	6	18	34	18
3	6	19	0	0
3	6	20	0	0
3	6	21	0	0
3	6	22	0	0
3	6	23	0	0
3	6	24	0	0
3	7	1	0	0
3	7	2	0	0
3	7	3	0	0
3	7	4	0	0
3	7	5	0	0
3	7	6	0	0
3	7	7	22	17
3	7	8	82	62
3	7	9	261	171
3	7	10	411	207
3	7	11	538	208
3	7	12	652	163
3	7	13	513	271
3	7	14	280	212
3	7	15	263	199
3	7	16	130	98
3	7	17	105	79
3	7	18	34	21
3	7	19	0	0
3	7	20	0	0
3	7	21	0	0
3	7	22	0	0
3	7	23	0	0
3	7	24	0	0
3	8	1	0	0
3	8	2	0	0
3	8	3	0	0
3	8	4	0	0
3	8	5	0	0
3	8	6	0	0
3	8	7	27	18
3	8	8	125	81
3	8	9	270	149
3	8	10	287	185
3	8	11	369	231
3	8	12	421	254
3	8	13	203	132
3	8	14	468	223
3	8	15	285	184
3	8	16	165	108
3	8	17	108	70
3	8	18	29	18
3	8	19	0	0
3	8	20	0	0
3	8	21	0	0
3	8	22	0	0
3	8	23	0	0
3	8	24	0	0
3	9	1	0	0
3	9	2	0	0
3	9	3	0	0
3	9	4	0	0
3	9	5	0	0
3	9	6	0	0
3	9	7	42	41
3	9	8	220	117
3	9	9	405	151
3	9	10	566	160
3	9	11	685	155
3	9	12	749	148
3	9	13	749	148
3	9	14	685	155
3	9	15	566	160
3	9	16	405	151
3	9	17	220	117
3	9	18	42	41
3	9	19	0	0
3	9	20	0	0
3	9	21	0	0
3	9	22	0	0
3	9	23	0	0
3	9	24	0	0
3	10	1	0	0
3	10	2	0	0
3	10	3	0	0
3	10	4	0	0
3	10	5	0	0
3	10	6	0	0
3	10	7	44	43
3	10	8	225	119
3	10	9	410	153
3	10	10	571	161
3	10	11	691	155
3	10	12	754	148
3	10	13	754	148
3	10	14	691	155
3	10	15	571	161
3	10	16	410	153
3	10	17	225	119
3	10	18	44	43
3	10	19	0	0
3	10	20	0	0
3	10	21	0	0
3	10	22	0	0
3	10	23	0	0
3	10	24	0	0
3	11	1	0	0
3	11	2	0	0
3	11	3	0	0
3	11	4	0	0
3	11	5	0	0
3	11	6	0	0
3	11	7	42	26
3	11	8	175	99
3	11	9	280	172
3	11	10	524	130
3	11	11	572	191
3	11	12	542	260
3	11	13	561	247
3	11	14	608	161
3	11	15	362	231
3	11	16	274	173
3	11	17	90	66
3	11	18	28	20
3	11	19	0	0
3	11	20	0	0
3	11	21	0	0
3	11	22	0	0
3	11	23	0	0
3	11	24	0	0
3	12	1	0	0
3	12	2	0	0
3	12	3	0	0
3	12	4	0	0
3	12	5	0	0
3	12	6	0	0
3	12	7	34	30
3	12	8	161	126
3	12	9	275	211
3	12	10	337	278
3	12	11	468	317
3	12	12	765	91
3	12	13	747	113
3	12	14	606	202
3	12	15	575	106
3	12	16	390	127
3	12	17	178	122
3	12	18	46	32
3	12	19	0	0
3	12	20	0	0
3	12	21	0	0
3	12	22	0	0
3	12	23	0	0
3	12	24	0	0
3	13	1	0	0
3	13	2	0	0
3	13	3	0	0
3	13	4	0	0
3	13	5	0	0
3	13	6	0	0
3	13	7	41	26
3	13	8	146	94
3	13	9	265	160
3	13	10	295	195
3	13	11	364	237
3	13	12	463	269
3	13	13	377	248
3	13	14	560	189
3	13	15	529	123
3	13	16	244	156
3	13	17	110	74
3	13	18	32	21
3	13	19	0	0
3	13	20	0	0
3	13	21	0	0
3	13	22	0	0
3	13	23	0	0
3	13	24	0	0
3	14	1	0	0
3	14	2	0	0
3	14	3	0	0
3	14	4	0	0
3	14	5	0	0
3	14	6	0	0
3	14	7	1	0
3	14	8	2	2
3	14	9	46	39
3	14	10	65	55
3	14	11	62	52
3	14	12	74	62
3	14	13	105	88
3	14	14	65	54
3	14	15	60	50
3	14	16	37	31
3	14	17	8	6
3	14	18	1	1
3	14	19	0	0
3	14	20	0	0
3	14	21	0	0
3	14	22	0	0
3	14	23	0	0
3	14	24	0	0
3	15	1	0	0
3	15	2	0	0
3	15	3	0	0
3	15	4	0	0
3	15	5	0	0
3	15	6	0	0
3	15	7	24	17
3	15	8	60	43
3	15	9	313	168
3	15	10	332	228
3	15	11	524	237
3	15	12	625	211
3	15	13	599	231
3	15	14	524	237
3	15	15	397	228
3	15	16	387	119
3	15	17	206	94
3	15	18	41	29
3	15	19	0	0
3	15	20	0	0
3	15	21	0	0
3	15	22	0	0
3	15	23	0	0
3	15	24	0	0
3	16	1	0	0
3	16	2	0	0
3	16	3	0	0
3	16	4	0	0
3	16	5	0	0
3	16	6	0	0
3	16	7	29	19
3	16	8	239	67
3	16	9	362	129
3	16	10	404	208
3	16	11	450	249
3	16	12	445	269
3	16	13	328	216
3	16	14	429	251
3	16	15	445	189
3	16	16	332	147
3	16	17	214	84
3	16	18	34	23
3	16	19	0	0
3	16	20	0	0
3	16	21	0	0
3	16	22	0	0
3	16	23	0	0
3	16	24	0	0
3	17	1	0	0
3	17	2	0	0
3	17	3	0	0
3	17	4	0	0
3	17	5	0	0
3	17	6	0	0
3	17	7	29	19
3	17	8	84	56
3	17	9	342	145
3	17	10	468	179
3	17	11	332	218
3	17	12	435	269
3	17	13	525	258
3	17	14	429	253
3	17	15	327	208
3	17	16	293	164
3	17	17	117	77
3	17	18	14	9
3	17	19	0	0
3	17	20	0	0
3	17	21	0	0
3	17	22	0	0
3	17	23	0	0
3	17	24	0	0
3	18	1	0	0
3	18	2	0	0
3	18	3	0	0
3	18	4	0	0
3	18	5	0	0
3	18	6	0	0
3	18	7	9	6
3	18	8	64	44
3	18	9	163	112
3	18	10	150	103
3	18	11	423	266
3	18	12	228	157
3	18	13	272	187
3	18	14	361	246
3	18	15	317	215
3	18	16	249	167
3	18	17	194	105
3	18	18	52	34
3	18	19	0	0
3	18	20	0	0
3	18	21	0	0
3	18	22	0	0
3	18	23	0	0
3	18	24	0	0
3	19	1	0	0
3	19	2	0	0
3	19	3	0	0
3	19	4	0	0
3	19	5	0	0
3	19	6	0	0
3	19	7	34	26
3	19	8	187	122
3	19	9	332	183
3	19	10	580	121
3	19	11	307	237
3	19	12	175	136
3	19	13	327	252
3	19	14	301	232
3	19	15	309	237
3	19	16	211	163
3	19	17	100	77
3	19	18	20	16
3	19	19	0	0
3	19	20	0	0
3	19	21	0	0
3	19	22	0	0
3	19	23	0	0
3	19	24	0	0
3	20	1	0	0
3	20	2	0	0
3	20	3	0	0
3	20	4	0	0
3	20	5	0	0
3	20	6	0	0
3	20	7	7	6
3	20	8	63	53
3	20	9	144	121
3	20	10	164	138
3	20	11	141	119
3	20	12	34	29
3	20	13	56	47
3	20	14	130	109
3	20	15	127	107
3	20	16	81	68
3	20	17	82	69
3	20	18	28	23
3	20	19	0	0
3	20	20	0	0
3	20	21	0	0
3	20	22	0	0
3	20	23	0	0
3	20	24	0	0
3	21	1	0	0
3	21	2	0	0
3	21	3	0	0
3	21	4	0	0
3	21	5	0	0
3	21	6	0	0
3	21	7	32	22
3	21	8	234	91
3	21	9	314	174
3	21	10	369	230
3	21	11	598	195
3	21	12	512	282
3	21	13	656	198
3	21	14	543	232
3	21	15	475	194
3	21	16	315	174
3	21	17	149	102
3	21	18	69	38
3	21	19	0	0
3	21	20	0	0
3	21	21	0	0
3	21	22	0	0
3	21	23	0	0
3	21	24	0	0
3	22	1	0	0
3	22	2	0	0
3	22	3	0	0
3	22	4	0	0
3	22	5	0	0
3	22	6	0	0
3	22	7	83	52
3	22	8	277	97
3	22	9	396	204
3	22	10	563	207
3	22	11	751	109
3	22	12	746	200
3	22	13	712	245
3	22	14	751	109
3	22	15	541	233
3	22	16	431	161
3	22	17	248	132
3	22	18	75	59
3	22	19	0	0
3	22	20	0	0
3	22	21	0	0
3	22	22	0	0
3	22	23	0	0
3	22	24	0	0
3	23	1	0	0
3	23	2	0	0
3	23	3	0	0
3	23	4	0	0
3	23	5	0	0
3	23	6	0	0
3	23	7	3	3
3	23	8	30	27
3	23	9	79	70
3	23	10	184	163
3	23	11	136	121
3	23	12	150	133
3	23	13	176	156
3	23	14	62	55
3	23	15	148	131
3	23	16	110	98
3	23	17	86	77
3	23	18	27	24
3	23	19	0	0
3	23	20	0	0
3	23	21	0	0
3	23	22	0	0
3	23	23	0	0
3	23	24	0	0
3	24	1	0	0
3	24	2	0	0
3	24	3	0	0
3	24	4	0	0
3	24	5	0	0
3	24	6	0	0
3	24	7	42	29
3	24	8	99	70
3	24	9	346	174
3	24	10	407	240
3	24	11	436	280
3	24	12	567	275
3	24	13	605	251
3	24	14	521	261
3	24	15	577	133
3	24	16	242	170
3	24	17	139	98
3	24	18	4	3
3	24	19	0	0
3	24	20	0	0
3	24	21	0	0
3	24	22	0	0
3	24	23	0	0
3	24	24	0	0
3	25	1	0	0
3	25	2	0	0
3	25	3	0	0
3	25	4	0	0
3	25	5	0	0
3	25	6	0	0
3	25	7	51	35
3	25	8	61	43
3	25	9	167	117
3	25	10	377	242
3	25	11	584	224
3	25	12	466	300
3	25	13	288	202
3	25	14	263	184
3	25	15	445	228
3	25	16	283	186
3	25	17	145	102
3	25	18	62	43
3	25	19	0	0
3	25	20	0	0
3	25	21	0	0
3	25	22	0	0
3	25	23	0	0
3	25	24	0	0
3	26	1	0	0
3	26	2	0	0
3	26	3	0	0
3	26	4	0	0
3	26	5	0	0
3	26	6	0	0
3	26	7	15	11
3	26	8	279	85
3	26	9	272	199
3	26	10	450	248
3	26	11	632	207
3	26	12	632	258
3	26	13	602	280
3	26	14	699	146
3	26	15	462	241
3	26	16	370	180
3	26	17	242	114
3	26	18	43	33
3	26	19	0	0
3	26	20	0	0
3	26	21	0	0
3	26	22	0	0
3	26	23	0	0
3	26	24	0	0
3	27	1	0	0
3	27	2	0	0
3	27	3	0	0
3	27	4	0	0
3	27	5	0	0
3	27	6	0	0
3	27	7	103	78
3	27	8	299	133
3	27	9	488	155
3	27	10	608	235
3	27	11	755	179
3	27	12	840	131
3	27	13	821	167
3	27	14	747	194
3	27	15	653	153
3	27	16	488	155
3	27	17	299	133
3	27	18	103	78
3	27	19	0	0
3	27	20	0	0
3	27	21	0	0
3	27	22	0	0
3	27	23	0	0
3	27	24	0	0
3	28	1	0	0
3	28	2	0	0
3	28	3	0	0
3	28	4	0	0
3	28	5	0	0
3	28	6	0	0
3	28	7	107	89
3	28	8	303	151
3	28	9	493	175
3	28	10	658	172
3	28	11	780	158
3	28	12	845	147
3	28	13	845	147
3	28	14	780	158
3	28	15	658	172
3	28	16	493	175
3	28	17	303	151
3	28	18	107	89
3	28	19	0	0
3	28	20	0	0
3	28	21	0	0
3	28	22	0	0
3	28	23	0	0
3	28	24	0	0
3	29	1	0	0
3	29	2	0	0
3	29	3	0	0
3	29	4	0	0
3	29	5	0	0
3	29	6	0	0
3	29	7	111	66
3	29	8	307	109
3	29	9	466	171
3	29	10	596	221
3	29	11	784	113
3	29	12	849	105
3	29	13	849	105
3	29	14	700	239
3	29	15	582	241
3	29	16	371	287
3	29	17	257	174
3	29	18	78	78
3	29	19	0	0
3	29	20	0	0
3	29	21	0	0
3	29	22	0	0
3	29	23	0	0
3	29	24	0	0
3	30	1	0	0
3	30	2	0	0
3	30	3	0	0
3	30	4	0	0
3	30	5	0	0
3	30	6	0	0
3	30	7	94	69
3	30	8	311	88
3	30	9	440	170
3	30	10	626	147
3	30	11	678	220
3	30	12	769	186
3	30	13	760	197
3	30	14	715	179
3	30	15	564	216
3	30	16	351	246
3	30	17	231	162
3	30	18	70	65
3	30	19	0	0
3	30	20	0	0
3	30	21	0	0
3	30	22	0	0
3	30	23	0	0
3	30	24	0	0
3	31	1	0	0
3	31	2	0	0
3	31	3	0	0
3	31	4	0	0
3	31	5	0	0
3	31	6	0	0
3	31	7	119	96
3	31	8	315	157
3	31	9	506	179
3	31	10	671	174
3	31	11	793	158
3	31	12	858	146
3	31	13	858	146
3	31	14	793	158
3	31	15	671	174
3	31	16	506	179
3	31	17	315	157
3	31	18	119	96
3	31	19	0	0
3	31	20	0	0
3	31	21	0	0
3	31	22	0	0
3	31	23	0	0
3	31	24	0	0
4	1	1	0	0
4	1	2	0	0
4	1	3	0	0
4	1	4	0	0
4	1	5	0	0
4	1	6	0	0
4	1	7	49	39
4	1	8	121	96
4	1	9	222	177
4	1	10	227	181
4	1	11	442	328
4	1	12	559	338
4	1	13	624	297
4	1	14	655	219
4	1	15	605	155
4	1	16	366	210
4	1	17	29	23
4	1	18	34	27
4	1	19	0	0
4	1	20	0	0
4	1	21	0	0
4	1	22	0	0
4	1	23	0	0
4	1	24	0	0
4	2	1	0	0
4	2	2	0	0
4	2	3	0	0
4	2	4	0	0
4	2	5	0	0
4	2	6	0	0
4	2	7	127	101
4	2	8	324	160
4	2	9	514	181
4	2	10	679	175
4	2	11	802	159
4	2	12	867	145
4	2	13	867	145
4	2	14	802	159
4	2	15	679	175
4	2	16	514	181
4	2	17	324	160
4	2	18	127	101
4	2	19	0	0
4	2	20	0	0
4	2	21	0	0
4	2	22	0	0
4	2	23	0	0
4	2	24	0	0
4	3	1	0	0
4	3	2	0	0
4	3	3	0	0
4	3	4	0	0
4	3	5	0	0
4	3	6	1	1
4	3	7	94	84
4	3	8	328	95
4	3	9	485	148
4	3	10	663	130
4	3	11	772	138
4	3	12	779	205
4	3	13	749	240
4	3	14	608	328
4	3	15	560	252
4	3	16	431	209
4	3	17	328	95
4	3	18	96	84
4	3	19	0	0
4	3	20	0	0
4	3	21	0	0
4	3	22	0	0
4	3	23	0	0
4	3	24	0	0
4	4	1	0	0
4	4	2	0	0
4	4	3	0	0
4	4	4	0	0
4	4	5	0	0
4	4	6	2	2
4	4	7	73	73
4	4	8	301	160
4	4	9	472	206
4	4	10	663	166
4	4	11	695	291
4	4	12	850	145
4	4	13	794	233
4	4	14	805	121
4	4	15	635	209
4	4	16	522	131
4	4	17	317	138
4	4	18	131	81
4	4	19	2	2
4	4	20	0	0
4	4	21	0	0
4	4	22	0	0
4	4	23	0	0
4	4	24	0	0
4	5	1	0	0
4	5	2	0	0
4	5	3	0	0
4	5	4	0	0
4	5	5	0	0
4	5	6	3	3
4	5	7	88	84
4	5	8	292	144
4	5	9	435	213
4	5	10	599	217
4	5	11	656	285
4	5	12	757	239
4	5	13	757	240
4	5	14	755	168
4	5	15	692	102
4	5	16	526	107
4	5	17	314	121
4	5	18	101	88
4	5	19	3	3
4	5	20	0	0
4	5	21	0	0
4	5	22	0	0
4	5	23	0	0
4	5	24	0	0
4	6	1	0	0
4	6	2	0	0
4	6	3	0	0
4	6	4	0	0
4	6	5	0	0
4	6	6	1	1
4	6	7	93	79
4	6	8	247	167
4	6	9	415	212
4	6	10	600	197
4	6	11	682	233
4	6	12	758	216
4	6	13	809	161
4	6	14	606	304
4	6	15	634	161
4	6	16	452	178
4	6	17	306	120
4	6	18	98	80
4	6	19	0	0
4	6	20	0	0
4	6	21	0	0
4	6	22	0	0
4	6	23	0	0
4	6	24	0	0
4	7	1	0	0
4	7	2	0	0
4	7	3	0	0
4	7	4	0	0
4	7	5	0	0
4	7	6	5	4
4	7	7	65	55
4	7	8	257	157
4	7	9	418	203
4	7	10	605	186
4	7	11	822	77
4	7	12	797	170
4	7	13	710	257
4	7	14	603	295
4	7	15	493	281
4	7	16	450	176
4	7	17	230	166
4	7	18	89	74
4	7	19	5	4
4	7	20	0	0
4	7	21	0	0
4	7	22	0	0
4	7	23	0	0
4	7	24	0	0
4	8	1	0	0
4	8	2	0	0
4	8	3	0	0
4	8	4	0	0
4	8	5	0	0
4	8	6	5	5
4	8	7	117	97
4	8	8	313	143
4	8	9	461	207
4	8	10	619	216
4	8	11	724	230
4	8	12	863	125
4	8	13	815	189
4	8	14	806	121
4	8	15	637	194
4	8	16	447	223
4	8	17	293	165
4	8	18	124	93
4	8	19	6	6
4	8	20	0	0
4	8	21	0	0
4	8	22	0	0
4	8	23	0	0
4	8	24	0	0
4	9	1	0	0
4	9	2	0	0
4	9	3	0	0
4	9	4	0	0
4	9	5	0	0
4	9	6	7	7
4	9	7	40	38
4	9	8	44	42
4	9	9	103	98
4	9	10	116	110
4	9	11	169	161
4	9	12	99	94
4	9	13	127	121
4	9	14	108	102
4	9	15	117	111
4	9	16	189	179
4	9	17	81	77
4	9	18	33	31
4	9	19	6	5
4	9	20	0	0
4	9	21	0	0
4	9	22	0	0
4	9	23	0	0
4	9	24	0	0
4	10	1	0	0
4	10	2	0	0
4	10	3	0	0
4	10	4	0	0
4	10	5	0	0
4	10	6	2	2
4	10	7	51	32
4	10	8	222	129
4	10	9	286	178
4	10	10	422	238
4	10	11	512	269
4	10	12	631	252
4	10	13	416	263
4	10	14	563	252
4	10	15	457	233
4	10	16	356	187
4	10	17	253	126
4	10	18	116	63
4	10	19	2	1
4	10	20	0	0
4	10	21	0	0
4	10	22	0	0
4	10	23	0	0
4	10	24	0	0
4	11	1	0	0
4	11	2	0	0
4	11	3	0	0
4	11	4	0	0
4	11	5	0	0
4	11	6	10	8
4	11	7	51	44
4	11	8	112	96
4	11	9	188	161
4	11	10	226	193
4	11	11	266	228
4	11	12	237	203
4	11	13	91	78
4	11	14	149	128
4	11	15	95	81
4	11	16	198	169
4	11	17	89	77
4	11	18	18	15
4	11	19	10	9
4	11	20	0	0
4	11	21	0	0
4	11	22	0	0
4	11	23	0	0
4	11	24	0	0
4	12	1	0	0
4	12	2	0	0
4	12	3	0	0
4	12	4	0	0
4	12	5	0	0
4	12	6	12	12
4	12	7	132	119
4	12	8	363	119
4	12	9	519	180
4	12	10	623	266
4	12	11	689	335
4	12	12	772	303
4	12	13	906	95
4	12	14	814	149
4	12	15	719	121
4	12	16	553	129
4	12	17	363	119
4	12	18	152	99
4	12	19	12	12
4	12	20	0	0
4	12	21	0	0
4	12	22	0	0
4	12	23	0	0
4	12	24	0	0
4	13	1	0	0
4	13	2	0	0
4	13	3	0	0
4	13	4	0	0
4	13	5	0	0
4	13	6	11	8
4	13	7	102	71
4	13	8	130	92
4	13	9	230	162
4	13	10	200	141
4	13	11	274	193
4	13	12	607	301
4	13	13	395	279
4	13	14	404	283
4	13	15	414	268
4	13	16	334	214
4	13	17	84	60
4	13	18	7	5
4	13	19	2	1
4	13	20	0	0
4	13	21	0	0
4	13	22	0	0
4	13	23	0	0
4	13	24	0	0
4	14	1	0	0
4	14	2	0	0
4	14	3	0	0
4	14	4	0	0
4	14	5	0	0
4	14	6	2	2
4	14	7	37	30
4	14	8	68	55
4	14	9	230	187
4	14	10	491	293
4	14	11	552	338
4	14	12	548	374
4	14	13	636	330
4	14	14	751	174
4	14	15	684	126
4	14	16	508	141
4	14	17	297	148
4	14	18	104	83
4	14	19	5	4
4	14	20	0	0
4	14	21	0	0
4	14	22	0	0
4	14	23	0	0
4	14	24	0	0
4	15	1	0	0
4	15	2	0	0
4	15	3	0	0
4	15	4	0	0
4	15	5	0	0
4	15	6	5	3
4	15	7	89	58
4	15	8	280	131
4	15	9	368	200
4	15	10	558	201
4	15	11	387	255
4	15	12	486	301
4	15	13	581	295
4	15	14	420	271
4	15	15	212	140
4	15	16	302	193
4	15	17	212	135
4	15	18	114	71
4	15	19	6	4
4	15	20	0	0
4	15	21	0	0
4	15	22	0	0
4	15	23	0	0
4	15	24	0	0
4	16	1	0	0
4	16	2	0	0
4	16	3	0	0
4	16	4	0	0
4	16	5	0	0
4	16	6	11	10
4	16	7	89	79
4	16	8	233	191
4	16	9	287	252
4	16	10	308	273
4	16	11	282	250
4	16	12	875	123
4	16	13	775	235
4	16	14	648	301
4	16	15	574	260
4	16	16	204	181
4	16	17	119	106
4	16	18	43	38
4	16	19	7	6
4	16	20	0	0
4	16	21	0	0
4	16	22	0	0
4	16	23	0	0
4	16	24	0	0
4	17	1	0	0
4	17	2	0	0
4	17	3	0	0
4	17	4	0	0
4	17	5	0	0
4	17	6	8	7
4	17	7	86	77
4	17	8	240	195
4	17	9	540	132
4	17	10	597	243
4	17	11	629	324
4	17	12	758	258
4	17	13	898	99
4	17	14	722	234
4	17	15	625	215
4	17	16	471	204
4	17	17	316	156
4	17	18	96	86
4	17	19	19	15
4	17	20	0	0
4	17	21	0	0
4	17	22	0	0
4	17	23	0	0
4	17	24	0	0
4	18	1	0	0
4	18	2	0	0
4	18	3	0	0
4	18	4	0	0
4	18	5	0	0
4	18	6	5	4
4	18	7	112	80
4	18	8	201	145
4	18	9	151	110
4	18	10	439	282
4	18	11	453	314
4	18	12	598	323
4	18	13	722	241
4	18	14	607	279
4	18	15	619	182
4	18	16	455	180
4	18	17	296	143
4	18	18	69	50
4	18	19	4	3
4	18	20	0	0
4	18	21	0	0
4	18	22	0	0
4	18	23	0	0
4	18	24	0	0
4	19	1	0	0
4	19	2	0	0
4	19	3	0	0
4	19	4	0	0
4	19	5	0	0
4	19	6	21	17
4	19	7	190	64
4	19	8	255	192
4	19	9	437	233
4	19	10	550	283
4	19	11	706	248
4	19	12	700	311
4	19	13	888	114
4	19	14	807	141
4	19	15	721	110
4	19	16	365	271
4	19	17	314	159
4	19	18	142	101
4	19	19	19	16
4	19	20	0	0
4	19	21	0	0
4	19	22	0	0
4	19	23	0	0
4	19	24	0	0
4	20	1	0	0
4	20	2	0	0
4	20	3	0	0
4	20	4	0	0
4	20	5	0	0
4	20	6	17	14
4	20	7	111	88
4	20	8	236	176
4	20	9	402	238
4	20	10	600	222
4	20	11	663	268
4	20	12	744	250
4	20	13	432	342
4	20	14	202	161
4	20	15	379	295
4	20	16	192	153
4	20	17	65	52
4	20	18	63	51
4	20	19	5	4
4	20	20	0	0
4	20	21	0	0
4	20	22	0	0
4	20	23	0	0
4	20	24	0	0
4	21	1	0	0
4	21	2	0	0
4	21	3	0	0
4	21	4	0	0
4	21	5	0	0
4	21	6	24	19
4	21	7	142	103
4	21	8	301	172
4	21	9	519	159
4	21	10	564	270
4	21	11	745	209
4	21	12	746	267
4	21	13	766	247
4	21	14	720	234
4	21	15	705	132
4	21	16	449	224
4	21	17	345	136
4	21	18	180	79
4	21	19	26	18
4	21	20	0	0
4	21	21	0	0
4	21	22	0	0
4	21	23	0	0
4	21	24	0	0
4	22	1	0	0
4	22	2	0	0
4	22	3	0	0
4	22	4	0	0
4	22	5	0	0
4	22	6	29	29
4	22	7	179	137
4	22	8	398	141
4	22	9	588	147
4	22	10	752	134
4	22	11	787	274
4	22	12	854	259
4	22	13	849	267
4	22	14	854	152
4	22	15	732	172
4	22	16	582	158
4	22	17	398	141
4	22	18	200	105
4	22	19	30	30
4	22	20	0	0
4	22	21	0	0
4	22	22	0	0
4	22	23	0	0
4	22	24	0	0
4	23	1	0	0
4	23	2	0	0
4	23	3	0	0
4	23	4	0	0
4	23	5	0	0
4	23	6	2	2
4	23	7	90	66
4	23	8	280	164
4	23	9	312	225
4	23	10	430	291
4	23	11	553	322
4	23	12	758	226
4	23	13	660	302
4	23	14	712	215
4	23	15	600	212
4	23	16	516	147
4	23	17	308	150
4	23	18	91	67
4	23	19	6	5
4	23	20	0	0
4	23	21	0	0
4	23	22	0	0
4	23	23	0	0
4	23	24	0	0
4	24	1	0	0
4	24	2	0	0
4	24	3	0	0
4	24	4	0	0
4	24	5	0	0
4	24	6	13	9
4	24	7	157	86
4	24	8	304	146
4	24	9	474	173
4	24	10	486	269
4	24	11	616	274
4	24	12	411	286
4	24	13	394	274
4	24	14	609	278
4	24	15	558	232
4	24	16	511	145
4	24	17	331	129
4	24	18	162	84
4	24	19	33	17
4	24	20	0	0
4	24	21	0	0
4	24	22	0	0
4	24	23	0	0
4	24	24	0	0
4	25	1	0	0
4	25	2	0	0
4	25	3	0	0
4	25	4	0	0
4	25	5	0	0
4	25	6	23	18
4	25	7	46	37
4	25	8	122	98
4	25	9	243	196
4	25	10	342	274
4	25	11	222	178
4	25	12	358	288
4	25	13	273	219
4	25	14	258	207
4	25	15	253	203
4	25	16	125	100
4	25	17	129	103
4	25	18	1	1
4	25	19	10	8
4	25	20	0	0
4	25	21	0	0
4	25	22	0	0
4	25	23	0	0
4	25	24	0	0
4	26	1	0	0
4	26	2	0	0
4	26	3	0	0
4	26	4	0	0
4	26	5	0	0
4	26	6	25	22
4	26	7	153	116
4	26	8	295	198
4	26	9	476	226
4	26	10	695	166
4	26	11	857	107
4	26	12	891	134
4	26	13	781	257
4	26	14	670	309
4	26	15	629	237
4	26	16	495	208
4	26	17	267	208
4	26	18	147	117
4	26	19	28	24
4	26	20	0	0
4	26	21	0	0
4	26	22	0	0
4	26	23	0	0
4	26	24	0	0
4	27	1	0	0
4	27	2	0	0
4	27	3	0	0
4	27	4	0	0
4	27	5	0	0
4	27	6	19	19
4	27	7	212	84
4	27	8	379	144
4	27	9	495	237
4	27	10	709	171
4	27	11	727	285
4	27	12	916	119
4	27	13	845	213
4	27	14	858	120
4	27	15	597	303
4	27	16	441	289
4	27	17	272	234
4	27	18	99	99
4	27	19	22	22
4	27	20	0	0
4	27	21	0	0
4	27	22	0	0
4	27	23	0	0
4	27	24	0	0
4	28	1	0	0
4	28	2	0	0
4	28	3	0	0
4	28	4	0	0
4	28	5	0	0
4	28	6	18	13
4	28	7	94	72
4	28	8	102	78
4	28	9	92	71
4	28	10	330	253
4	28	11	398	306
4	28	12	390	299
4	28	13	575	365
4	28	14	803	150
4	28	15	401	297
4	28	16	296	227
4	28	17	161	124
4	28	18	117	90
4	28	19	15	12
4	28	20	0	0
4	28	21	0	0
4	28	22	0	0
4	28	23	0	0
4	28	24	0	0
4	29	1	0	0
4	29	2	0	0
4	29	3	0	0
4	29	4	0	0
4	29	5	0	0
4	29	6	38	38
4	29	7	180	149
4	29	8	370	196
4	29	9	534	241
4	29	10	682	255
4	29	11	879	118
4	29	12	938	115
4	29	13	895	186
4	29	14	851	165
4	29	15	691	241
4	29	16	589	158
4	29	17	368	199
4	29	18	205	121
4	29	19	44	36
4	29	20	0	0
4	29	21	0	0
4	29	22	0	0
4	29	23	0	0
4	29	24	0	0
4	30	1	0	0
4	30	2	0	0
4	30	3	0	0
4	30	4	0	0
4	30	5	0	0
4	30	6	46	46
4	30	7	226	153
4	30	8	422	196
4	30	9	611	200
4	30	10	775	178
4	30	11	895	150
4	30	12	959	130
4	30	13	959	130
4	30	14	895	150
4	30	15	775	178
4	30	16	611	200
4	30	17	422	196
4	30	18	226	153
4	30	19	46	46
4	30	20	0	0
4	30	21	0	0
4	30	22	0	0
4	30	23	0	0
4	30	24	0	0
5	1	1	0	0
5	1	2	0	0
5	1	3	0	0
5	1	4	0	0
5	1	5	0	0
5	1	6	48	48
5	1	7	229	154
5	1	8	425	196
5	1	9	614	199
5	1	10	777	177
5	1	11	897	148
5	1	12	961	129
5	1	13	961	129
5	1	14	897	148
5	1	15	777	177
5	1	16	614	199
5	1	17	425	196
5	1	18	229	154
5	1	19	48	48
5	1	20	0	0
5	1	21	0	0
5	1	22	0	0
5	1	23	0	0
5	1	24	0	0
5	2	1	0	0
5	2	2	0	0
5	2	3	0	0
5	2	4	0	0
5	2	5	0	0
5	2	6	32	24
5	2	7	60	45
5	2	8	100	75
5	2	9	210	157
5	2	10	513	289
5	2	11	611	308
5	2	12	356	266
5	2	13	207	155
5	2	14	376	280
5	2	15	191	143
5	2	16	265	198
5	2	17	177	132
5	2	18	159	105
5	2	19	29	21
5	2	20	0	0
5	2	21	0	0
5	2	22	0	0
5	2	23	0	0
5	2	24	0	0
5	3	1	0	0
5	3	2	0	0
5	3	3	0	0
5	3	4	0	0
5	3	5	0	0
5	3	6	19	13
5	3	7	119	82
5	3	8	297	162
5	3	9	483	182
5	3	10	415	272
5	3	11	575	302
5	3	12	751	232
5	3	13	738	242
5	3	14	601	290
5	3	15	465	279
5	3	16	325	217
5	3	17	267	166
5	3	18	74	51
5	3	19	16	11
5	3	20	0	0
5	3	21	0	0
5	3	22	0	0
5	3	23	0	0
5	3	24	0	0
5	4	1	0	0
5	4	2	0	0
5	4	3	0	0
5	4	4	0	0
5	4	5	0	0
5	4	6	55	55
5	4	7	237	158
5	4	8	433	198
5	4	9	622	200
5	4	10	784	177
5	4	11	904	147
5	4	12	968	127
5	4	13	968	127
5	4	14	904	147
5	4	15	784	177
5	4	16	622	200
5	4	17	433	198
5	4	18	237	158
5	4	19	55	55
5	4	20	0	0
5	4	21	0	0
5	4	22	0	0
5	4	23	0	0
5	4	24	0	0
5	5	1	0	0
5	5	2	0	0
5	5	3	0	0
5	5	4	0	0
5	5	5	0	0
5	5	6	57	57
5	5	7	240	159
5	5	8	436	199
5	5	9	624	200
5	5	10	787	177
5	5	11	906	147
5	5	12	970	126
5	5	13	970	126
5	5	14	906	147
5	5	15	787	177
5	5	16	624	200
5	5	17	436	199
5	5	18	240	159
5	5	19	57	57
5	5	20	0	0
5	5	21	0	0
5	5	22	0	0
5	5	23	0	0
5	5	24	0	0
5	6	1	0	0
5	6	2	0	0
5	6	3	0	0
5	6	4	0	0
5	6	5	0	0
5	6	6	34	26
5	6	7	76	59
5	6	8	70	55
5	6	9	248	193
5	6	10	321	250
5	6	11	129	100
5	6	12	60	47
5	6	13	355	276
5	6	14	317	246
5	6	15	464	318
5	6	16	301	234
5	6	17	115	89
5	6	18	131	102
5	6	19	42	32
5	6	20	0	0
5	6	21	0	0
5	6	22	0	0
5	6	23	0	0
5	6	24	0	0
5	7	1	0	0
5	7	2	0	0
5	7	3	0	0
5	7	4	0	0
5	7	5	0	0
5	7	6	34	22
5	7	7	156	93
5	7	8	407	92
5	7	9	441	198
5	7	10	448	260
5	7	11	515	293
5	7	12	503	304
5	7	13	543	310
5	7	14	455	281
5	7	15	513	251
5	7	16	432	202
5	7	17	260	155
5	7	18	113	72
5	7	19	1	1
5	7	20	0	0
5	7	21	0	0
5	7	22	0	0
5	7	23	0	0
5	7	24	0	0
5	8	1	0	0
5	8	2	0	0
5	8	3	0	0
5	8	4	0	0
5	8	5	0	0
5	8	6	62	42
5	8	7	233	104
5	8	8	443	106
5	8	9	525	239
5	8	10	691	228
5	8	11	722	323
5	8	12	841	248
5	8	13	892	182
5	8	14	884	117
5	8	15	765	131
5	8	16	529	235
5	8	17	356	209
5	8	18	160	152
5	8	19	34	34
5	8	20	0	0
5	8	21	0	0
5	8	22	0	0
5	8	23	0	0
5	8	24	0	0
5	9	1	0	0
5	9	2	0	0
5	9	3	0	0
5	9	4	0	0
5	9	5	0	0
5	9	6	60	50
5	9	7	251	92
5	9	8	446	114
5	9	9	597	165
5	9	10	736	186
5	9	11	803	244
5	9	12	777	353
5	9	13	782	347
5	9	14	812	232
5	9	15	787	112
5	9	16	608	150
5	9	17	429	137
5	9	18	219	132
5	9	19	60	50
5	9	20	0	0
5	9	21	0	0
5	9	22	0	0
5	9	23	0	0
5	9	24	0	0
5	10	1	0	0
5	10	2	0	0
5	10	3	0	0
5	10	4	0	0
5	10	5	0	0
5	10	6	47	41
5	10	7	130	116
5	10	8	386	158
5	10	9	484	250
5	10	10	619	275
5	10	11	714	292
5	10	12	716	346
5	10	13	897	155
5	10	14	857	137
5	10	15	796	81
5	10	16	471	261
5	10	17	353	188
5	10	18	229	100
5	10	19	68	38
5	10	20	0	0
5	10	21	0	0
5	10	22	0	0
5	10	23	0	0
5	10	24	0	0
5	11	1	0	0
5	11	2	0	0
5	11	3	0	0
5	11	4	0	0
5	11	5	0	0
5	11	6	70	70
5	11	7	256	166
5	11	8	451	203
5	11	9	638	202
5	11	10	799	176
5	11	11	918	144
5	11	12	981	123
5	11	13	981	123
5	11	14	918	144
5	11	15	799	176
5	11	16	638	202
5	11	17	451	203
5	11	18	256	166
5	11	19	70	70
5	11	20	0	0
5	11	21	0	0
5	11	22	0	0
5	11	23	0	0
5	11	24	0	0
5	12	1	0	0
5	12	2	0	0
5	12	3	0	0
5	12	4	0	0
5	12	5	0	0
5	12	6	72	72
5	12	7	258	168
5	12	8	453	204
5	12	9	640	203
5	12	10	801	177
5	12	11	919	144
5	12	12	982	123
5	12	13	982	123
5	12	14	919	144
5	12	15	801	177
5	12	16	640	203
5	12	17	453	204
5	12	18	258	168
5	12	19	72	72
5	12	20	0	0
5	12	21	0	0
5	12	22	0	0
5	12	23	0	0
5	12	24	0	0
5	13	1	0	0
5	13	2	0	0
5	13	3	0	0
5	13	4	0	0
5	13	5	0	0
5	13	6	75	75
5	13	7	261	169
5	13	8	455	204
5	13	9	642	202
5	13	10	803	176
5	13	11	921	143
5	13	12	984	122
5	13	13	984	122
5	13	14	921	143
5	13	15	803	176
5	13	16	642	202
5	13	17	455	204
5	13	18	261	169
5	13	19	75	75
5	13	20	0	0
5	13	21	0	0
5	13	22	0	0
5	13	23	0	0
5	13	24	0	0
5	14	1	0	0
5	14	2	0	0
5	14	3	0	0
5	14	4	0	0
5	14	5	0	0
5	14	6	77	77
5	14	7	263	170
5	14	8	457	205
5	14	9	644	202
5	14	10	804	176
5	14	11	923	143
5	14	12	986	121
5	14	13	986	121
5	14	14	923	143
5	14	15	804	176
5	14	16	644	202
5	14	17	457	205
5	14	18	263	170
5	14	19	77	77
5	14	20	0	0
5	14	21	0	0
5	14	22	0	0
5	14	23	0	0
5	14	24	0	0
5	15	1	0	0
5	15	2	0	0
5	15	3	0	0
5	15	4	0	0
5	15	5	0	0
5	15	6	68	68
5	15	7	244	162
5	15	8	441	185
5	15	9	616	207
5	15	10	760	221
5	15	11	855	244
5	15	12	946	173
5	15	13	951	163
5	15	14	881	191
5	15	15	796	149
5	15	16	645	149
5	15	17	425	215
5	15	18	261	133
5	15	19	80	68
5	15	20	0	0
5	15	21	0	0
5	15	22	0	0
5	15	23	0	0
5	15	24	0	0
5	16	1	0	0
5	16	2	0	0
5	16	3	0	0
5	16	4	0	0
5	16	5	0	0
5	16	6	45	38
5	16	7	191	133
5	16	8	338	201
5	16	9	547	191
5	16	10	575	307
5	16	11	926	60
5	16	12	868	187
5	16	13	727	326
5	16	14	714	286
5	16	15	605	283
5	16	16	501	233
5	16	17	354	189
5	16	18	112	95
5	16	19	34	29
5	16	20	0	0
5	16	21	0	0
5	16	22	0	0
5	16	23	0	0
5	16	24	0	0
5	17	1	0	0
5	17	2	0	0
5	17	3	0	0
5	17	4	0	0
5	17	5	0	0
5	17	6	84	84
5	17	7	270	173
5	17	8	463	207
5	17	9	649	203
5	17	10	809	175
5	17	11	927	142
5	17	12	990	120
5	17	13	990	120
5	17	14	927	142
5	17	15	809	175
5	17	16	649	203
5	17	17	463	207
5	17	18	270	173
5	17	19	84	84
5	17	20	0	0
5	17	21	0	0
5	17	22	0	0
5	17	23	0	0
5	17	24	0	0
5	18	1	0	0
5	18	2	0	0
5	18	3	0	0
5	18	4	0	0
5	18	5	0	0
5	18	6	59	59
5	18	7	232	144
5	18	8	451	134
5	18	9	644	121
5	18	10	675	288
5	18	11	807	255
5	18	12	833	295
5	18	13	884	226
5	18	14	799	266
5	18	15	749	187
5	18	16	637	131
5	18	17	465	114
5	18	18	238	137
5	18	19	69	66
5	18	20	0	0
5	18	21	0	0
5	18	22	0	0
5	18	23	0	0
5	18	24	0	0
5	19	1	0	0
5	19	2	0	0
5	19	3	0	0
5	19	4	0	0
5	19	5	0	0
5	19	6	79	60
5	19	7	274	90
5	19	8	467	107
5	19	9	577	205
5	19	10	787	126
5	19	11	763	298
5	19	12	800	321
5	19	13	853	255
5	19	14	776	282
5	19	15	727	207
5	19	16	621	148
5	19	17	447	133
5	19	18	239	132
5	19	19	84	56
5	19	20	0	0
5	19	21	0	0
5	19	22	0	0
5	19	23	0	0
5	19	24	0	0
5	20	1	0	0
5	20	2	0	0
5	20	3	0	0
5	20	4	0	0
5	20	5	0	0
5	20	6	83	74
5	20	7	269	124
5	20	8	418	216
5	20	9	620	189
5	20	10	761	206
5	20	11	912	125
5	20	12	978	105
5	20	13	910	226
5	20	14	893	159
5	20	15	768	192
5	20	16	570	270
5	20	17	393	253
5	20	18	270	123
5	20	19	91	65
5	20	20	0	0
5	20	21	0	0
5	20	22	0	0
5	20	23	0	0
5	20	24	0	0
5	21	1	0	0
5	21	2	0	0
5	21	3	0	0
5	21	4	0	0
5	21	5	0	0
5	21	6	26	20
5	21	7	138	106
5	21	8	296	200
5	21	9	244	187
5	21	10	303	232
5	21	11	404	309
5	21	12	360	276
5	21	13	771	262
5	21	14	684	287
5	21	15	509	316
5	21	16	294	226
5	21	17	76	58
5	21	18	79	61
5	21	19	36	28
5	21	20	0	0
5	21	21	0	0
5	21	22	0	0
5	21	23	0	0
5	21	24	0	0
5	22	1	0	0
5	22	2	0	0
5	22	3	0	0
5	22	4	0	0
5	22	5	0	0
5	22	6	23	18
5	22	7	59	45
5	22	8	87	66
5	22	9	58	45
5	22	10	44	34
5	22	11	289	221
5	22	12	373	286
5	22	13	267	204
5	22	14	300	229
5	22	15	326	249
5	22	16	186	142
5	22	17	160	122
5	22	18	87	66
5	22	19	28	21
5	22	20	0	0
5	22	21	0	0
5	22	22	0	0
5	22	23	0	0
5	22	24	0	0
5	23	1	0	0
5	23	2	0	0
5	23	3	0	0
5	23	4	0	0
5	23	5	0	0
5	23	6	63	40
5	23	7	146	94
5	23	8	285	168
5	23	9	239	154
5	23	10	327	210
5	23	11	441	280
5	23	12	313	201
5	23	13	463	295
5	23	14	516	302
5	23	15	379	243
5	23	16	330	209
5	23	17	301	169
5	23	18	200	105
5	23	19	69	42
5	23	20	0	0
5	23	21	0	0
5	23	22	0	0
5	23	23	0	0
5	23	24	0	0
5	24	1	0	0
5	24	2	0	0
5	24	3	0	0
5	24	4	0	0
5	24	5	0	0
5	24	6	99	82
5	24	7	283	139
5	24	8	443	227
5	24	9	614	252
5	24	10	791	194
5	24	11	920	142
5	24	12	958	178
5	24	13	962	170
5	24	14	868	253
5	24	15	819	135
5	24	16	647	185
5	24	17	475	163
5	24	18	283	139
5	24	19	99	82
5	24	20	0	0
5	24	21	0	0
5	24	22	0	0
5	24	23	0	0
5	24	24	0	0
5	25	1	0	0
5	25	2	0	0
5	25	3	0	0
5	25	4	0	0
5	25	5	0	0
5	25	6	41	26
5	25	7	191	108
5	25	8	324	166
5	25	9	348	217
5	25	10	529	260
5	25	11	541	303
5	25	12	465	296
5	25	13	474	300
5	25	14	757	192
5	25	15	488	271
5	25	16	430	220
5	25	17	302	170
5	25	18	147	94
5	25	19	55	36
5	25	20	0	0
5	25	21	0	0
5	25	22	0	0
5	25	23	0	0
5	25	24	0	0
5	26	1	0	0
5	26	2	0	0
5	26	3	0	0
5	26	4	0	0
5	26	5	0	0
5	26	6	27	21
5	26	7	75	57
5	26	8	152	116
5	26	9	147	112
5	26	10	271	207
5	26	11	323	246
5	26	12	406	310
5	26	13	188	143
5	26	14	204	156
5	26	15	245	187
5	26	16	161	122
5	26	17	92	70
5	26	18	144	110
5	26	19	46	35
5	26	20	0	0
5	26	21	0	0
5	26	22	0	0
5	26	23	0	0
5	26	24	0	0
5	27	1	0	0
5	27	2	0	0
5	27	3	0	0
5	27	4	0	0
5	27	5	0	0
5	27	6	49	36
5	27	7	167	120
5	27	8	196	145
5	27	9	295	218
5	27	10	563	283
5	27	11	495	344
5	27	12	275	203
5	27	13	249	184
5	27	14	338	250
5	27	15	179	132
5	27	16	215	159
5	27	17	192	142
5	27	18	178	123
5	27	19	58	43
5	27	20	0	0
5	27	21	0	0
5	27	22	0	0
5	27	23	0	0
5	27	24	0	0
5	28	1	0	0
5	28	2	0	0
5	28	3	0	0
5	28	4	0	0
5	28	5	1	0
5	28	6	68	58
5	28	7	207	145
5	28	8	351	212
5	28	9	547	212
5	28	10	671	240
5	28	11	832	183
5	28	12	824	250
5	28	13	837	236
5	28	14	774	244
5	28	15	665	246
5	28	16	482	269
5	28	17	325	227
5	28	18	103	90
5	28	19	16	14
5	28	20	1	0
5	28	21	0	0
5	28	22	0	0
5	28	23	0	0
5	28	24	0	0
5	29	1	0	0
5	29	2	0	0
5	29	3	0	0
5	29	4	0	0
5	29	5	1	1
5	29	6	102	90
5	29	7	291	134
5	29	8	450	217
5	29	9	635	213
5	29	10	790	197
5	29	11	927	129
5	29	12	939	216
5	29	13	972	147
5	29	14	895	195
5	29	15	824	128
5	29	16	605	271
5	29	17	459	201
5	29	18	266	179
5	29	19	107	82
5	29	20	1	1
5	29	21	0	0
5	29	22	0	0
5	29	23	0	0
5	29	24	0	0
5	30	1	0	0
5	30	2	0	0
5	30	3	0	0
5	30	4	0	0
5	30	5	1	1
5	30	6	55	52
5	30	7	261	118
5	30	8	391	198
5	30	9	521	258
5	30	10	674	259
5	30	11	880	141
5	30	12	781	317
5	30	13	839	255
5	30	14	744	298
5	30	15	709	220
5	30	16	639	128
5	30	17	426	162
5	30	18	266	112
5	30	19	65	61
5	30	20	1	1
5	30	21	0	0
5	30	22	0	0
5	30	23	0	0
5	30	24	0	0
5	31	1	0	0
5	31	2	0	0
5	31	3	0	0
5	31	4	0	0
5	31	5	2	1
5	31	6	40	31
5	31	7	96	74
5	31	8	272	201
5	31	9	189	146
5	31	10	344	266
5	31	11	458	346
5	31	12	689	334
5	31	13	935	115
5	31	14	723	263
5	31	15	577	289
5	31	16	437	265
5	31	17	285	205
5	31	18	140	108
5	31	19	43	34
5	31	20	2	1
5	31	21	0	0
5	31	22	0	0
5	31	23	0	0
5	31	24	0	0
6	1	1	0	0
6	1	2	0	0
6	1	3	0	0
6	1	4	0	0
6	1	5	0	0
6	1	6	16	15
6	1	7	57	53
6	1	8	118	112
6	1	9	146	138
6	1	10	207	195
6	1	11	137	129
6	1	12	214	202
6	1	13	56	52
6	1	14	91	86
6	1	15	169	159
6	1	16	175	165
6	1	17	152	143
6	1	18	97	92
6	1	19	37	35
6	1	20	2	2
6	1	21	0	0
6	1	22	0	0
6	1	23	0	0
6	1	24	0	0
6	2	1	0	0
6	2	2	0	0
6	2	3	0	0
6	2	4	0	0
6	2	5	1	1
6	2	6	15	11
6	2	7	39	29
6	2	8	159	119
6	2	9	50	38
6	2	10	261	195
6	2	11	346	259
6	2	12	281	210
6	2	13	206	154
6	2	14	318	237
6	2	15	268	201
6	2	16	148	111
6	2	17	154	115
6	2	18	47	35
6	2	19	35	26
6	2	20	2	1
6	2	21	0	0
6	2	22	0	0
6	2	23	0	0
6	2	24	0	0
6	3	1	0	0
6	3	2	0	0
6	3	3	0	0
6	3	4	0	0
6	3	5	3	3
6	3	6	114	114
6	3	7	297	184
6	3	8	488	211
6	3	9	671	203
6	3	10	828	171
6	3	11	943	136
6	3	12	1005	125
6	3	13	1005	125
6	3	14	943	136
6	3	15	828	171
6	3	16	671	203
6	3	17	488	211
6	3	18	297	184
6	3	19	114	114
6	3	20	3	3
6	3	21	0	0
6	3	22	0	0
6	3	23	0	0
6	3	24	0	0
6	4	1	0	0
6	4	2	0	0
6	4	3	0	0
6	4	4	0	0
6	4	5	3	3
6	4	6	105	105
6	4	7	257	227
6	4	8	479	191
6	4	9	672	163
6	4	10	796	211
6	4	11	927	149
6	4	12	958	199
6	4	13	972	168
6	4	14	938	123
6	4	15	829	138
6	4	16	672	163
6	4	17	481	188
6	4	18	280	186
6	4	19	105	105
6	4	20	3	3
6	4	21	0	0
6	4	22	0	0
6	4	23	0	0
6	4	24	0	0
6	5	1	0	0
6	5	2	0	0
6	5	3	0	0
6	5	4	0	0
6	5	5	4	4
6	5	6	116	75
6	5	7	275	157
6	5	8	409	264
6	5	9	625	212
6	5	10	773	210
6	5	11	882	200
6	5	12	965	147
6	5	13	1005	80
6	5	14	862	235
6	5	15	758	235
6	5	16	635	196
6	5	17	490	136
6	5	18	274	159
6	5	19	89	89
6	5	20	3	3
6	5	21	0	0
6	5	22	0	0
6	5	23	0	0
6	5	24	0	0
6	6	1	0	0
6	6	2	0	0
6	6	3	0	0
6	6	4	0	0
6	6	5	2	1
6	6	6	22	15
6	6	7	137	96
6	6	8	241	169
6	6	9	296	208
6	6	10	321	225
6	6	11	591	322
6	6	12	411	289
6	6	13	666	319
6	6	14	643	296
6	6	15	656	211
6	6	16	484	221
6	6	17	325	187
6	6	18	147	103
6	6	19	51	36
6	6	20	4	3
6	6	21	0	0
6	6	22	0	0
6	6	23	0	0
6	6	24	0	0
6	7	1	0	0
6	7	2	0	0
6	7	3	0	0
6	7	4	0	0
6	7	5	4	4
6	7	6	119	117
6	7	7	301	185
6	7	8	492	212
6	7	9	674	202
6	7	10	830	171
6	7	11	945	135
6	7	12	1006	125
6	7	13	1006	125
6	7	14	945	135
6	7	15	830	171
6	7	16	674	202
6	7	17	492	212
6	7	18	301	185
6	7	19	119	117
6	7	20	4	4
6	7	21	0	0
6	7	22	0	0
6	7	23	0	0
6	7	24	0	0
6	8	1	0	0
6	8	2	0	0
6	8	3	0	0
6	8	4	0	0
6	8	5	4	4
6	8	6	120	117
6	8	7	302	185
6	8	8	492	212
6	8	9	674	202
6	8	10	831	170
6	8	11	946	134
6	8	12	1007	126
6	8	13	1007	126
6	8	14	946	134
6	8	15	831	170
6	8	16	674	202
6	8	17	492	212
6	8	18	302	185
6	8	19	120	117
6	8	20	4	4
6	8	21	0	0
6	8	22	0	0
6	8	23	0	0
6	8	24	0	0
6	9	1	0	0
6	9	2	0	0
6	9	3	0	0
6	9	4	0	0
6	9	5	5	5
6	9	6	120	118
6	9	7	303	185
6	9	8	493	212
6	9	9	675	202
6	9	10	831	170
6	9	11	946	134
6	9	12	1007	126
6	9	13	1007	126
6	9	14	946	134
6	9	15	831	170
6	9	16	675	202
6	9	17	493	212
6	9	18	303	185
6	9	19	120	118
6	9	20	5	5
6	9	21	0	0
6	9	22	0	0
6	9	23	0	0
6	9	24	0	0
6	10	1	0	0
6	10	2	0	0
6	10	3	0	0
6	10	4	0	0
6	10	5	5	4
6	10	6	64	58
6	10	7	216	158
6	10	8	370	218
6	10	9	523	254
6	10	10	773	146
6	10	11	834	195
6	10	12	821	269
6	10	13	890	192
6	10	14	760	276
6	10	15	676	253
6	10	16	601	175
6	10	17	398	195
6	10	18	291	95
6	10	19	83	71
6	10	20	5	4
6	10	21	0	0
6	10	22	0	0
6	10	23	0	0
6	10	24	0	0
6	11	1	0	0
6	11	2	0	0
6	11	3	0	0
6	11	4	0	0
6	11	5	3	2
6	11	6	82	56
6	11	7	126	92
6	11	8	396	157
6	11	9	546	186
6	11	10	571	278
6	11	11	502	340
6	11	12	719	295
6	11	13	816	219
6	11	14	480	334
6	11	15	371	269
6	11	16	266	193
6	11	17	243	176
6	11	18	142	103
6	11	19	28	20
6	11	20	2	1
6	11	21	0	0
6	11	22	0	0
6	11	23	0	0
6	11	24	0	0
6	12	1	0	0
6	12	2	0	0
6	12	3	0	0
6	12	4	0	0
6	12	5	5	5
6	12	6	123	119
6	12	7	305	186
6	12	8	495	212
6	12	9	676	202
6	12	10	832	170
6	12	11	947	134
6	12	12	1008	126
6	12	13	1008	126
6	12	14	947	134
6	12	15	832	170
6	12	16	676	202
6	12	17	495	212
6	12	18	305	186
6	12	19	123	119
6	12	20	5	5
6	12	21	0	0
6	12	22	0	0
6	12	23	0	0
6	12	24	0	0
6	13	1	0	0
6	13	2	0	0
6	13	3	0	0
6	13	4	0	0
6	13	5	3	3
6	13	6	76	76
6	13	7	210	181
6	13	8	399	220
6	13	9	472	336
6	13	10	643	325
6	13	11	826	231
6	13	12	1002	62
6	13	13	938	153
6	13	14	883	156
6	13	15	812	112
6	13	16	629	163
6	13	17	362	255
6	13	18	247	157
6	13	19	93	82
6	13	20	5	5
6	13	21	0	0
6	13	22	0	0
6	13	23	0	0
6	13	24	0	0
6	14	1	0	0
6	14	2	0	0
6	14	3	0	0
6	14	4	0	0
6	14	5	4	4
6	14	6	56	56
6	14	7	217	200
6	14	8	469	154
6	14	9	677	111
6	14	10	796	149
6	14	11	947	73
6	14	12	975	112
6	14	13	1008	69
6	14	14	804	288
6	14	15	621	387
6	14	16	428	403
6	14	17	253	253
6	14	18	171	171
6	14	19	76	76
6	14	20	6	6
6	14	21	0	0
6	14	22	0	0
6	14	23	0	0
6	14	24	0	0
6	15	1	0	0
6	15	2	0	0
6	15	3	0	0
6	15	4	0	0
6	15	5	6	6
6	15	6	124	120
6	15	7	306	186
6	15	8	496	212
6	15	9	677	202
6	15	10	833	169
6	15	11	947	133
6	15	12	1008	126
6	15	13	1008	126
6	15	14	947	133
6	15	15	833	169
6	15	16	677	202
6	15	17	496	212
6	15	18	306	186
6	15	19	124	120
6	15	20	6	6
6	15	21	0	0
6	15	22	0	0
6	15	23	0	0
6	15	24	0	0
6	16	1	0	0
6	16	2	0	0
6	16	3	0	0
6	16	4	0	0
6	16	5	6	6
6	16	6	111	100
6	16	7	286	159
6	16	8	496	142
6	16	9	668	153
6	16	10	772	227
6	16	11	890	200
6	16	12	950	186
6	16	13	911	259
6	16	14	870	237
6	16	15	773	227
6	16	16	655	176
6	16	17	496	142
6	16	18	307	125
6	16	19	100	100
6	16	20	5	5
6	16	21	0	0
6	16	22	0	0
6	16	23	0	0
6	16	24	0	0
6	17	1	0	0
6	17	2	0	0
6	17	3	0	0
6	17	4	0	0
6	17	5	6	4
6	17	6	77	60
6	17	7	249	120
6	17	8	330	211
6	17	9	520	224
6	17	10	710	190
6	17	11	771	230
6	17	12	740	304
6	17	13	817	237
6	17	14	725	271
6	17	15	644	248
6	17	16	448	271
6	17	17	389	178
6	17	18	201	141
6	17	19	2	2
6	17	20	4	3
6	17	21	0	0
6	17	22	0	0
6	17	23	0	0
6	17	24	0	0
6	18	1	0	0
6	18	2	0	0
6	18	3	0	0
6	18	4	0	0
6	18	5	2	1
6	18	6	50	35
6	18	7	127	89
6	18	8	232	163
6	18	9	423	249
6	18	10	443	295
6	18	11	719	246
6	18	12	683	310
6	18	13	745	268
6	18	14	561	332
6	18	15	644	222
6	18	16	534	190
6	18	17	320	191
6	18	18	144	101
6	18	19	53	37
6	18	20	2	1
6	18	21	0	0
6	18	22	0	0
6	18	23	0	0
6	18	24	0	0
6	19	1	0	0
6	19	2	0	0
6	19	3	0	0
6	19	4	0	0
6	19	5	1	1
6	19	6	52	33
6	19	7	257	93
6	19	8	372	154
6	19	9	389	227
6	19	10	455	270
6	19	11	532	303
6	19	12	596	316
6	19	13	685	280
6	19	14	626	278
6	19	15	510	269
6	19	16	496	196
6	19	17	329	171
6	19	18	208	114
6	19	19	46	29
6	19	20	2	1
6	19	21	0	0
6	19	22	0	0
6	19	23	0	0
6	19	24	0	0
6	20	1	0	0
6	20	2	0	0
6	20	3	0	0
6	20	4	0	0
6	20	5	6	4
6	20	6	50	37
6	20	7	153	114
6	20	8	244	181
6	20	9	173	128
6	20	10	468	316
6	20	11	364	270
6	20	12	372	277
6	20	13	418	310
6	20	14	204	152
6	20	15	93	69
6	20	16	58	43
6	20	17	78	58
6	20	18	87	65
6	20	19	44	33
6	20	20	6	4
6	20	21	0	0
6	20	22	0	0
6	20	23	0	0
6	20	24	0	0
6	21	1	0	0
6	21	2	0	0
6	21	3	0	0
6	21	4	0	0
6	21	5	6	6
6	21	6	125	120
6	21	7	307	187
6	21	8	497	212
6	21	9	678	202
6	21	10	833	169
6	21	11	948	133
6	21	12	1008	126
6	21	13	1008	126
6	21	14	948	133
6	21	15	833	169
6	21	16	678	202
6	21	17	497	212
6	21	18	307	187
6	21	19	125	120
6	21	20	6	6
6	21	21	0	0
6	21	22	0	0
6	21	23	0	0
6	21	24	0	0
6	22	1	0	0
6	22	2	0	0
6	22	3	0	0
6	22	4	0	0
6	22	5	6	6
6	22	6	105	95
6	22	7	281	149
6	22	8	487	141
6	22	9	677	120
6	22	10	785	180
6	22	11	869	210
6	22	12	927	203
6	22	13	895	254
6	22	14	821	286
6	22	15	812	135
6	22	16	616	218
6	22	17	457	187
6	22	18	287	141
6	22	19	104	96
6	22	20	6	6
6	22	21	0	0
6	22	22	0	0
6	22	23	0	0
6	22	24	0	0
6	23	1	0	0
6	23	2	0	0
6	23	3	0	0
6	23	4	0	0
6	23	5	6	5
6	23	6	27	23
6	23	7	198	151
6	23	8	496	86
6	23	9	604	161
6	23	10	627	281
6	23	11	735	281
6	23	12	694	363
6	23	13	715	347
6	23	14	839	176
6	23	15	732	180
6	23	16	479	272
6	23	17	406	176
6	23	18	156	132
6	23	19	59	50
6	23	20	6	5
6	23	21	0	0
6	23	22	0	0
6	23	23	0	0
6	23	24	0	0
6	24	1	0	0
6	24	2	0	0
6	24	3	0	0
6	24	4	0	0
6	24	5	2	1
6	24	6	59	40
6	24	7	209	120
6	24	8	310	185
6	24	9	359	234
6	24	10	647	211
6	24	11	554	320
6	24	12	703	286
6	24	13	616	329
6	24	14	553	320
6	24	15	547	272
6	24	16	552	170
6	24	17	428	125
6	24	18	146	99
6	24	19	29	20
6	24	20	0	0
6	24	21	0	0
6	24	22	0	0
6	24	23	0	0
6	24	24	0	0
6	25	1	0	0
6	25	2	0	0
6	25	3	0	0
6	25	4	0	0
6	25	5	2	1
6	25	6	30	21
6	25	7	141	100
6	25	8	243	174
6	25	9	353	244
6	25	10	305	217
6	25	11	353	252
6	25	12	390	278
6	25	13	655	330
6	25	14	635	306
6	25	15	626	237
6	25	16	563	170
6	25	17	270	187
6	25	18	157	112
6	25	19	64	46
6	25	20	2	1
6	25	21	0	0
6	25	22	0	0
6	25	23	0	0
6	25	24	0	0
6	26	1	0	0
6	26	2	0	0
6	26	3	0	0
6	26	4	0	0
6	26	5	3	2
6	26	6	61	39
6	26	7	223	111
6	26	8	263	166
6	26	9	314	202
6	26	10	394	252
6	26	11	402	259
6	26	12	456	292
6	26	13	630	308
6	26	14	645	271
6	26	15	424	264
6	26	16	350	219
6	26	17	207	133
6	26	18	109	70
6	26	19	55	36
6	26	20	4	3
6	26	21	0	0
6	26	22	0	0
6	26	23	0	0
6	26	24	0	0
6	27	1	0	0
6	27	2	0	0
6	27	3	0	0
6	27	4	0	0
6	27	5	6	6
6	27	6	124	94
6	27	7	297	162
6	27	8	468	219
6	27	9	675	159
6	27	10	765	275
6	27	11	860	290
6	27	12	1007	97
6	27	13	964	179
6	27	14	916	169
6	27	15	832	130
6	27	16	676	155
6	27	17	484	186
6	27	18	304	148
6	27	19	115	108
6	27	20	5	5
6	27	21	0	0
6	27	22	0	0
6	27	23	0	0
6	27	24	0	0
6	28	1	0	0
6	28	2	0	0
6	28	3	0	0
6	28	4	0	0
6	28	5	6	6
6	28	6	124	119
6	28	7	306	186
6	28	8	495	212
6	28	9	676	201
6	28	10	832	169
6	28	11	946	133
6	28	12	1007	126
6	28	13	1007	126
6	28	14	946	133
6	28	15	832	169
6	28	16	676	201
6	28	17	495	212
6	28	18	306	186
6	28	19	124	119
6	28	20	6	6
6	28	21	0	0
6	28	22	0	0
6	28	23	0	0
6	28	24	0	0
6	29	1	0	0
6	29	2	0	0
6	29	3	0	0
6	29	4	0	0
6	29	5	6	6
6	29	6	121	98
6	29	7	305	147
6	29	8	495	167
6	29	9	654	206
6	29	10	831	134
6	29	11	946	105
6	29	12	989	126
6	29	13	962	189
6	29	14	871	273
6	29	15	826	146
6	29	16	642	233
6	29	17	462	236
6	29	18	283	191
6	29	19	118	105
6	29	20	5	5
6	29	21	0	0
6	29	22	0	0
6	29	23	0	0
6	29	24	0	0
6	30	1	0	0
6	30	2	0	0
6	30	3	0	0
6	30	4	0	0
6	30	5	5	5
6	30	6	122	54
6	30	7	285	104
6	30	8	421	176
6	30	9	605	173
6	30	10	771	149
6	30	11	831	200
6	30	12	923	154
6	30	13	741	355
6	30	14	798	237
6	30	15	621	312
6	30	16	478	297
6	30	17	452	142
6	30	18	248	140
6	30	19	70	65
6	30	20	3	3
6	30	21	0	0
6	30	22	0	0
6	30	23	0	0
6	30	24	0	0
7	1	1	0	0
7	1	2	0	0
7	1	3	0	0
7	1	4	0	0
7	1	5	4	4
7	1	6	77	76
7	1	7	298	97
7	1	8	456	149
7	1	9	633	151
7	1	10	762	172
7	1	11	708	360
7	1	12	772	351
7	1	13	857	250
7	1	14	703	365
7	1	15	787	140
7	1	16	675	97
7	1	17	474	127
7	1	18	271	128
7	1	19	103	75
7	1	20	5	5
7	1	21	0	0
7	1	22	0	0
7	1	23	0	0
7	1	24	0	0
7	2	1	0	0
7	2	2	0	0
7	2	3	0	0
7	2	4	0	0
7	2	5	5	5
7	2	6	122	118
7	2	7	303	185
7	2	8	493	211
7	2	9	674	201
7	2	10	830	169
7	2	11	944	133
7	2	12	1005	126
7	2	13	1005	126
7	2	14	944	133
7	2	15	830	169
7	2	16	674	201
7	2	17	493	211
7	2	18	303	185
7	2	19	122	118
7	2	20	5	5
7	2	21	0	0
7	2	22	0	0
7	2	23	0	0
7	2	24	0	0
7	3	1	0	0
7	3	2	0	0
7	3	3	0	0
7	3	4	0	0
7	3	5	5	5
7	3	6	118	81
7	3	7	296	132
7	3	8	492	137
7	3	9	643	185
7	3	10	780	200
7	3	11	859	242
7	3	12	951	173
7	3	13	898	266
7	3	14	889	188
7	3	15	764	228
7	3	16	643	184
7	3	17	468	178
7	3	18	285	149
7	3	19	111	89
7	3	20	4	4
7	3	21	0	0
7	3	22	0	0
7	3	23	0	0
7	3	24	0	0
7	4	1	0	0
7	4	2	0	0
7	4	3	0	0
7	4	4	0	0
7	4	5	5	5
7	4	6	120	117
7	4	7	302	185
7	4	8	491	211
7	4	9	673	201
7	4	10	829	169
7	4	11	943	133
7	4	12	1004	126
7	4	13	1004	126
7	4	14	943	133
7	4	15	829	169
7	4	16	673	201
7	4	17	491	211
7	4	18	302	185
7	4	19	120	117
7	4	20	5	5
7	4	21	0	0
7	4	22	0	0
7	4	23	0	0
7	4	24	0	0
7	5	1	0	0
7	5	2	0	0
7	5	3	0	0
7	5	4	0	0
7	5	5	4	4
7	5	6	119	80
7	5	7	290	147
7	5	8	491	145
7	5	9	672	139
7	5	10	742	280
7	5	11	881	213
7	5	12	966	152
7	5	13	916	248
7	5	14	895	187
7	5	15	795	182
7	5	16	669	145
7	5	17	459	202
7	5	18	294	139
7	5	19	119	80
7	5	20	4	4
7	5	21	0	0
7	5	22	0	0
7	5	23	0	0
7	5	24	0	0
7	6	1	0	0
7	6	2	0	0
7	6	3	0	0
7	6	4	0	0
7	6	5	4	4
7	6	6	118	76
7	6	7	300	121
7	6	8	490	138
7	6	9	611	238
7	6	10	716	308
7	6	11	860	240
7	6	12	977	122
7	6	13	911	242
7	6	14	866	228
7	6	15	793	175
7	6	16	662	148
7	6	17	478	158
7	6	18	300	121
7	6	19	108	90
7	6	20	4	4
7	6	21	0	0
7	6	22	0	0
7	6	23	0	0
7	6	24	0	0
7	7	1	0	0
7	7	2	0	0
7	7	3	0	0
7	7	4	0	0
7	7	5	4	4
7	7	6	117	116
7	7	7	299	184
7	7	8	489	211
7	7	9	670	201
7	7	10	827	170
7	7	11	941	134
7	7	12	1002	125
7	7	13	1002	125
7	7	14	941	134
7	7	15	827	170
7	7	16	670	201
7	7	17	489	211
7	7	18	299	184
7	7	19	117	116
7	7	20	4	4
7	7	21	0	0
7	7	22	0	0
7	7	23	0	0
7	7	24	0	0
7	8	1	0	0
7	8	2	0	0
7	8	3	0	0
7	8	4	0	0
7	8	5	3	3
7	8	6	75	57
7	8	7	231	124
7	8	8	347	197
7	8	9	570	173
7	8	10	643	241
7	8	11	732	257
7	8	12	780	262
7	8	13	723	310
7	8	14	789	205
7	8	15	534	316
7	8	16	483	243
7	8	17	238	186
7	8	18	91	71
7	8	19	31	25
7	8	20	3	3
7	8	21	0	0
7	8	22	0	0
7	8	23	0	0
7	8	24	0	0
7	9	1	0	0
7	9	2	0	0
7	9	3	0	0
7	9	4	0	0
7	9	5	3	3
7	9	6	109	98
7	9	7	297	141
7	9	8	478	180
7	9	9	669	155
7	9	10	780	229
7	9	11	907	175
7	9	12	985	121
7	9	13	947	204
7	9	14	853	291
7	9	15	810	164
7	9	16	669	155
7	9	17	487	162
7	9	18	297	141
7	9	19	115	88
7	9	20	3	3
7	9	21	0	0
7	9	22	0	0
7	9	23	0	0
7	9	24	0	0
7	10	1	0	0
7	10	2	0	0
7	10	3	0	0
7	10	4	0	0
7	10	5	0	0
7	10	6	19	16
7	10	7	178	143
7	10	8	348	211
7	10	9	481	263
7	10	10	587	306
7	10	11	819	190
7	10	12	672	374
7	10	13	735	323
7	10	14	784	225
7	10	15	713	191
7	10	16	668	82
7	10	17	360	203
7	10	18	103	87
7	10	19	54	46
7	10	20	3	2
7	10	21	0	0
7	10	22	0	0
7	10	23	0	0
7	10	24	0	0
7	11	1	0	0
7	11	2	0	0
7	11	3	0	0
7	11	4	0	0
7	11	5	1	1
7	11	6	48	47
7	11	7	202	171
7	11	8	412	188
7	11	9	535	257
7	11	10	746	183
7	11	11	764	289
7	11	12	778	335
7	11	13	776	338
7	11	14	844	190
7	11	15	803	109
7	11	16	667	97
7	11	17	470	120
7	11	18	242	145
7	11	19	98	67
7	11	20	2	2
7	11	21	0	0
7	11	22	0	0
7	11	23	0	0
7	11	24	0	0
7	12	1	0	0
7	12	2	0	0
7	12	3	0	0
7	12	4	0	0
7	12	5	2	2
7	12	6	80	71
7	12	7	214	162
7	12	8	394	201
7	12	9	508	277
7	12	10	707	225
7	12	11	806	233
7	12	12	875	214
7	12	13	924	153
7	12	14	868	155
7	12	15	708	225
7	12	16	589	190
7	12	17	400	195
7	12	18	248	135
7	12	19	110	54
7	12	20	2	2
7	12	21	0	0
7	12	22	0	0
7	12	23	0	0
7	12	24	0	0
7	13	1	0	0
7	13	2	0	0
7	13	3	0	0
7	13	4	0	0
7	13	5	2	2
7	13	6	88	76
7	13	7	195	182
7	13	8	411	198
7	13	9	606	183
7	13	10	745	196
7	13	11	870	166
7	13	12	832	289
7	13	13	915	178
7	13	14	868	169
7	13	15	753	183
7	13	16	592	201
7	13	17	433	173
7	13	18	220	171
7	13	19	97	70
7	13	20	1	1
7	13	21	0	0
7	13	22	0	0
7	13	23	0	0
7	13	24	0	0
7	14	1	0	0
7	14	2	0	0
7	14	3	0	0
7	14	4	0	0
7	14	5	1	1
7	14	6	56	49
7	14	7	183	149
7	14	8	455	118
7	14	9	565	194
7	14	10	640	269
7	14	11	765	251
7	14	12	853	216
7	14	13	843	226
7	14	14	842	168
7	14	15	587	316
7	14	16	488	265
7	14	17	407	167
7	14	18	216	143
7	14	19	49	43
7	14	20	0	0
7	14	21	0	0
7	14	22	0	0
7	14	23	0	0
7	14	24	0	0
7	15	1	0	0
7	15	2	0	0
7	15	3	0	0
7	15	4	0	0
7	15	5	1	1
7	15	6	67	59
7	15	7	240	127
7	15	8	311	236
7	15	9	424	309
7	15	10	706	206
7	15	11	844	168
7	15	12	858	214
7	15	13	691	379
7	15	14	721	300
7	15	15	664	250
7	15	16	662	87
7	15	17	480	90
7	15	18	251	117
7	15	19	52	47
7	15	20	1	1
7	15	21	0	0
7	15	22	0	0
7	15	23	0	0
7	15	24	0	0
7	16	1	0	0
7	16	2	0	0
7	16	3	0	0
7	16	4	0	0
7	16	5	0	0
7	16	6	105	105
7	16	7	288	180
7	16	8	478	209
7	16	9	661	202
7	16	10	818	172
7	16	11	934	136
7	16	12	995	124
7	16	13	995	124
7	16	14	934	136
7	16	15	818	172
7	16	16	661	202
7	16	17	478	209
7	16	18	288	180
7	16	19	105	105
7	16	20	0	0
7	16	21	0	0
7	16	22	0	0
7	16	23	0	0
7	16	24	0	0
7	17	1	0	0
7	17	2	0	0
7	17	3	0	0
7	17	4	0	0
7	17	5	0	0
7	17	6	103	67
7	17	7	286	111
7	17	8	402	245
7	17	9	597	229
7	17	10	732	251
7	17	11	921	106
7	17	12	965	123
7	17	13	947	154
7	17	14	872	191
7	17	15	754	215
7	17	16	608	212
7	17	17	424	213
7	17	18	253	160
7	17	19	93	79
7	17	20	0	0
7	17	21	0	0
7	17	22	0	0
7	17	23	0	0
7	17	24	0	0
7	18	1	0	0
7	18	2	0	0
7	18	3	0	0
7	18	4	0	0
7	18	5	0	0
7	18	6	98	69
7	18	7	241	168
7	18	8	412	222
7	18	9	590	230
7	18	10	769	182
7	18	11	932	82
7	18	12	925	185
7	18	13	939	162
7	18	14	857	209
7	18	15	718	262
7	18	16	627	173
7	18	17	423	206
7	18	18	235	175
7	18	19	102	64
7	18	20	0	0
7	18	21	0	0
7	18	22	0	0
7	18	23	0	0
7	18	24	0	0
7	19	1	0	0
7	19	2	0	0
7	19	3	0	0
7	19	4	0	0
7	19	5	0	0
7	19	6	51	41
7	19	7	86	69
7	19	8	168	135
7	19	9	221	177
7	19	10	261	209
7	19	11	230	184
7	19	12	586	392
7	19	13	492	381
7	19	14	361	289
7	19	15	156	125
7	19	16	81	65
7	19	17	92	74
7	19	18	76	61
7	19	19	21	16
7	19	20	0	0
7	19	21	0	0
7	19	22	0	0
7	19	23	0	0
7	19	24	0	0
7	20	1	0	0
7	20	2	0	0
7	20	3	0	0
7	20	4	0	0
7	20	5	0	0
7	20	6	45	36
7	20	7	201	130
7	20	8	235	188
7	20	9	487	236
7	20	10	524	321
7	20	11	448	352
7	20	12	572	394
7	20	13	327	262
7	20	14	252	202
7	20	15	135	108
7	20	16	54	44
7	20	17	85	68
7	20	18	6	4
7	20	19	12	10
7	20	20	0	0
7	20	21	0	0
7	20	22	0	0
7	20	23	0	0
7	20	24	0	0
7	21	1	0	0
7	21	2	0	0
7	21	3	0	0
7	21	4	0	0
7	21	5	0	0
7	21	6	31	28
7	21	7	230	127
7	21	8	340	221
7	21	9	519	238
7	21	10	634	277
7	21	11	711	309
7	21	12	871	196
7	21	13	751	325
7	21	14	884	116
7	21	15	690	219
7	21	16	595	159
7	21	17	411	158
7	21	18	263	96
7	21	19	96	46
7	21	20	0	0
7	21	21	0	0
7	21	22	0	0
7	21	23	0	0
7	21	24	0	0
7	22	1	0	0
7	22	2	0	0
7	22	3	0	0
7	22	4	0	0
7	22	5	0	0
7	22	6	92	59
7	22	7	223	165
7	22	8	405	203
7	22	9	579	219
7	22	10	750	187
7	22	11	927	77
7	22	12	927	160
7	22	13	915	179
7	22	14	845	203
7	22	15	714	240
7	22	16	560	244
7	22	17	419	186
7	22	18	223	165
7	22	19	84	67
7	22	20	0	0
7	22	21	0	0
7	22	22	0	0
7	22	23	0	0
7	22	24	0	0
7	23	1	0	0
7	23	2	0	0
7	23	3	0	0
7	23	4	0	0
7	23	5	0	0
7	23	6	92	70
7	23	7	240	178
7	23	8	450	173
7	23	9	651	139
7	23	10	809	119
7	23	11	889	165
7	23	12	947	159
7	23	13	938	176
7	23	14	882	179
7	23	15	733	260
7	23	16	602	229
7	23	17	404	251
7	23	18	233	188
7	23	19	91	71
7	23	20	0	0
7	23	21	0	0
7	23	22	0	0
7	23	23	0	0
7	23	24	0	0
7	24	1	0	0
7	24	2	0	0
7	24	3	0	0
7	24	4	0	0
7	24	5	0	0
7	24	6	32	25
7	24	7	148	115
7	24	8	317	196
7	24	9	514	204
7	24	10	583	274
7	24	11	601	340
7	24	12	748	278
7	24	13	679	331
7	24	14	830	151
7	24	15	721	154
7	24	16	536	185
7	24	17	342	184
7	24	18	177	126
7	24	19	36	28
7	24	20	0	0
7	24	21	0	0
7	24	22	0	0
7	24	23	0	0
7	24	24	0	0
7	25	1	0	0
7	25	2	0	0
7	25	3	0	0
7	25	4	0	0
7	25	5	0	0
7	25	6	48	44
7	25	7	173	146
7	25	8	343	213
7	25	9	493	257
7	25	10	787	101
7	25	11	653	359
7	25	12	785	287
7	25	13	764	309
7	25	14	793	219
7	25	15	806	77
7	25	16	544	208
7	25	17	440	119
7	25	18	129	118
7	25	19	63	54
7	25	20	0	0
7	25	21	0	0
7	25	22	0	0
7	25	23	0	0
7	25	24	0	0
7	26	1	0	0
7	26	2	0	0
7	26	3	0	0
7	26	4	0	0
7	26	5	0	0
7	26	6	41	29
7	26	7	121	86
7	26	8	277	182
7	26	9	483	207
7	26	10	616	226
7	26	11	825	141
7	26	12	679	302
7	26	13	588	346
7	26	14	525	332
7	26	15	503	291
7	26	16	304	217
7	26	17	347	163
7	26	18	101	72
7	26	19	9	6
7	26	20	0	0
7	26	21	0	0
7	26	22	0	0
7	26	23	0	0
7	26	24	0	0
7	27	1	0	0
7	27	2	0	0
7	27	3	0	0
7	27	4	0	0
7	27	5	0	0
7	27	6	84	84
7	27	7	268	172
7	27	8	460	205
7	27	9	644	201
7	27	10	803	173
7	27	11	920	140
7	27	12	982	120
7	27	13	982	120
7	27	14	920	140
7	27	15	803	173
7	27	16	644	201
7	27	17	460	205
7	27	18	268	172
7	27	19	84	84
7	27	20	0	0
7	27	21	0	0
7	27	22	0	0
7	27	23	0	0
7	27	24	0	0
7	28	1	0	0
7	28	2	0	0
7	28	3	0	0
7	28	4	0	0
7	28	5	0	0
7	28	6	81	46
7	28	7	260	90
7	28	8	436	126
7	28	9	470	295
7	28	10	627	298
7	28	11	697	341
7	28	12	818	268
7	28	13	916	145
7	28	14	836	177
7	28	15	685	233
7	28	16	632	111
7	28	17	433	131
7	28	18	265	83
7	28	19	76	51
7	28	20	0	0
7	28	21	0	0
7	28	22	0	0
7	28	23	0	0
7	28	24	0	0
7	29	1	0	0
7	29	2	0	0
7	29	3	0	0
7	29	4	0	0
7	29	5	0	0
7	29	6	79	79
7	29	7	263	170
7	29	8	456	204
7	29	9	640	201
7	29	10	799	173
7	29	11	916	140
7	29	12	979	119
7	29	13	979	119
7	29	14	916	140
7	29	15	799	173
7	29	16	640	201
7	29	17	456	204
7	29	18	263	170
7	29	19	79	79
7	29	20	0	0
7	29	21	0	0
7	29	22	0	0
7	29	23	0	0
7	29	24	0	0
7	30	1	0	0
7	30	2	0	0
7	30	3	0	0
7	30	4	0	0
7	30	5	0	0
7	30	6	76	65
7	30	7	247	146
7	30	8	431	188
7	30	9	618	184
7	30	10	763	194
7	30	11	867	197
7	30	12	904	231
7	30	13	955	130
7	30	14	882	168
7	30	15	770	179
7	30	16	634	152
7	30	17	434	182
7	30	18	248	144
7	30	19	75	67
7	30	20	0	0
7	30	21	0	0
7	30	22	0	0
7	30	23	0	0
7	30	24	0	0
7	31	1	0	0
7	31	2	0	0
7	31	3	0	0
7	31	4	0	0
7	31	5	0	0
7	31	6	74	74
7	31	7	259	168
7	31	8	451	203
7	31	9	636	201
7	31	10	796	174
7	31	11	913	142
7	31	12	975	120
7	31	13	975	120
7	31	14	913	142
7	31	15	796	174
7	31	16	636	201
7	31	17	451	203
7	31	18	259	168
7	31	19	74	74
7	31	20	0	0
7	31	21	0	0
7	31	22	0	0
7	31	23	0	0
7	31	24	0	0
8	1	1	0	0
8	1	2	0	0
8	1	3	0	0
8	1	4	0	0
8	1	5	0	0
8	1	6	72	72
8	1	7	256	166
8	1	8	449	202
8	1	9	634	200
8	1	10	794	174
8	1	11	911	141
8	1	12	974	120
8	1	13	974	120
8	1	14	911	141
8	1	15	794	174
8	1	16	634	200
8	1	17	449	202
8	1	18	256	166
8	1	19	72	72
8	1	20	0	0
8	1	21	0	0
8	1	22	0	0
8	1	23	0	0
8	1	24	0	0
8	2	1	0	0
8	2	2	0	0
8	2	3	0	0
8	2	4	0	0
8	2	5	0	0
8	2	6	69	69
8	2	7	254	165
8	2	8	447	201
8	2	9	632	200
8	2	10	792	174
8	2	11	909	142
8	2	12	972	121
8	2	13	972	121
8	2	14	909	142
8	2	15	792	174
8	2	16	632	200
8	2	17	447	201
8	2	18	254	165
8	2	19	69	69
8	2	20	0	0
8	2	21	0	0
8	2	22	0	0
8	2	23	0	0
8	2	24	0	0
8	3	1	0	0
8	3	2	0	0
8	3	3	0	0
8	3	4	0	0
8	3	5	0	0
8	3	6	67	67
8	3	7	251	149
8	3	8	444	183
8	3	9	630	182
8	3	10	788	164
8	3	11	908	129
8	3	12	947	169
8	3	13	928	217
8	3	14	888	179
8	3	15	790	158
8	3	16	630	182
8	3	17	444	183
8	3	18	249	153
8	3	19	67	67
8	3	20	0	0
8	3	21	0	0
8	3	22	0	0
8	3	23	0	0
8	3	24	0	0
8	4	1	0	0
8	4	2	0	0
8	4	3	0	0
8	4	4	0	0
8	4	5	0	0
8	4	6	65	65
8	4	7	249	163
8	4	8	442	200
8	4	9	628	199
8	4	10	788	174
8	4	11	906	142
8	4	12	968	122
8	4	13	968	122
8	4	14	906	142
8	4	15	788	174
8	4	16	628	199
8	4	17	442	200
8	4	18	249	163
8	4	19	65	65
8	4	20	0	0
8	4	21	0	0
8	4	22	0	0
8	4	23	0	0
8	4	24	0	0
8	5	1	0	0
8	5	2	0	0
8	5	3	0	0
8	5	4	0	0
8	5	5	0	0
8	5	6	63	63
8	5	7	246	162
8	5	8	440	199
8	5	9	625	199
8	5	10	786	174
8	5	11	904	143
8	5	12	966	122
8	5	13	966	122
8	5	14	904	143
8	5	15	786	174
8	5	16	625	199
8	5	17	440	199
8	5	18	246	162
8	5	19	63	63
8	5	20	0	0
8	5	21	0	0
8	5	22	0	0
8	5	23	0	0
8	5	24	0	0
8	6	1	0	0
8	6	2	0	0
8	6	3	0	0
8	6	4	0	0
8	6	5	0	0
8	6	6	49	46
8	6	7	214	120
8	6	8	437	106
8	6	9	492	271
8	6	10	666	251
8	6	11	851	150
8	6	12	905	151
8	6	13	888	175
8	6	14	815	199
8	6	15	635	289
8	6	16	515	246
8	6	17	390	166
8	6	18	160	153
8	6	19	57	43
8	6	20	0	0
8	6	21	0	0
8	6	22	0	0
8	6	23	0	0
8	6	24	0	0
8	7	1	0	0
8	7	2	0	0
8	7	3	0	0
8	7	4	0	0
8	7	5	0	0
8	7	6	2	1
8	7	7	114	80
8	7	8	218	153
8	7	9	425	221
8	7	10	375	261
8	7	11	559	312
8	7	12	754	230
8	7	13	782	208
8	7	14	491	318
8	7	15	525	265
8	7	16	470	194
8	7	17	214	150
8	7	18	122	86
8	7	19	24	17
8	7	20	0	0
8	7	21	0	0
8	7	22	0	0
8	7	23	0	0
8	7	24	0	0
8	8	1	0	0
8	8	2	0	0
8	8	3	0	0
8	8	4	0	0
8	8	5	0	0
8	8	6	24	20
8	8	7	140	112
8	8	8	358	153
8	8	9	537	166
8	8	10	653	204
8	8	11	687	275
8	8	12	689	323
8	8	13	586	386
8	8	14	738	228
8	8	15	685	173
8	8	16	556	147
8	8	17	364	148
8	8	18	238	66
8	8	19	57	29
8	8	20	0	0
8	8	21	0	0
8	8	22	0	0
8	8	23	0	0
8	8	24	0	0
8	9	1	0	0
8	9	2	0	0
8	9	3	0	0
8	9	4	0	0
8	9	5	0	0
8	9	6	28	28
8	9	7	187	132
8	9	8	365	179
8	9	9	568	166
8	9	10	668	234
8	9	11	825	171
8	9	12	958	65
8	9	13	920	119
8	9	14	779	231
8	9	15	617	293
8	9	16	423	317
8	9	17	297	239
8	9	18	165	144
8	9	19	41	40
8	9	20	0	0
8	9	21	0	0
8	9	22	0	0
8	9	23	0	0
8	9	24	0	0
8	10	1	0	0
8	10	2	0	0
8	10	3	0	0
8	10	4	0	0
8	10	5	0	0
8	10	6	52	52
8	10	7	233	155
8	10	8	427	195
8	10	9	613	198
8	10	10	774	175
8	10	11	893	145
8	10	12	956	125
8	10	13	956	125
8	10	14	893	145
8	10	15	774	175
8	10	16	613	198
8	10	17	427	195
8	10	18	233	155
8	10	19	52	52
8	10	20	0	0
8	10	21	0	0
8	10	22	0	0
8	10	23	0	0
8	10	24	0	0
8	11	1	0	0
8	11	2	0	0
8	11	3	0	0
8	11	4	0	0
8	11	5	0	0
8	11	6	49	34
8	11	7	230	81
8	11	8	381	157
8	11	9	610	104
8	11	10	772	93
8	11	11	855	127
8	11	12	850	210
8	11	13	761	320
8	11	14	686	339
8	11	15	619	288
8	11	16	536	201
8	11	17	337	204
8	11	18	118	118
8	11	19	29	29
8	11	20	0	0
8	11	21	0	0
8	11	22	0	0
8	11	23	0	0
8	11	24	0	0
8	12	1	0	0
8	12	2	0	0
8	12	3	0	0
8	12	4	0	0
8	12	5	0	0
8	12	6	47	47
8	12	7	213	150
8	12	8	405	190
8	12	9	588	203
8	12	10	712	264
8	12	11	810	286
8	12	12	951	103
8	12	13	951	103
8	12	14	888	120
8	12	15	769	144
8	12	16	593	192
8	12	17	421	159
8	12	18	227	125
8	12	19	48	48
8	12	20	0	0
8	12	21	0	0
8	12	22	0	0
8	12	23	0	0
8	12	24	0	0
8	13	1	0	0
8	13	2	0	0
8	13	3	0	0
8	13	4	0	0
8	13	5	0	0
8	13	6	46	46
8	13	7	224	151
8	13	8	418	193
8	13	9	605	196
8	13	10	767	175
8	13	11	886	146
8	13	12	949	127
8	13	13	949	127
8	13	14	886	146
8	13	15	767	175
8	13	16	605	196
8	13	17	418	193
8	13	18	224	151
8	13	19	46	46
8	13	20	0	0
8	13	21	0	0
8	13	22	0	0
8	13	23	0	0
8	13	24	0	0
8	14	1	0	0
8	14	2	0	0
8	14	3	0	0
8	14	4	0	0
8	14	5	0	0
8	14	6	44	44
8	14	7	221	149
8	14	8	415	192
8	14	9	602	196
8	14	10	764	175
8	14	11	883	147
8	14	12	946	127
8	14	13	946	127
8	14	14	883	147
8	14	15	764	175
8	14	16	602	196
8	14	17	415	192
8	14	18	221	149
8	14	19	44	44
8	14	20	0	0
8	14	21	0	0
8	14	22	0	0
8	14	23	0	0
8	14	24	0	0
8	15	1	0	0
8	15	2	0	0
8	15	3	0	0
8	15	4	0	0
8	15	5	0	0
8	15	6	42	42
8	15	7	218	148
8	15	8	412	191
8	15	9	600	196
8	15	10	761	175
8	15	11	881	147
8	15	12	944	128
8	15	13	944	128
8	15	14	881	147
8	15	15	761	175
8	15	16	600	196
8	15	17	412	191
8	15	18	218	148
8	15	19	42	42
8	15	20	0	0
8	15	21	0	0
8	15	22	0	0
8	15	23	0	0
8	15	24	0	0
8	16	1	0	0
8	16	2	0	0
8	16	3	0	0
8	16	4	0	0
8	16	5	0	0
8	16	6	40	40
8	16	7	215	146
8	16	8	409	190
8	16	9	597	195
8	16	10	759	175
8	16	11	878	147
8	16	12	941	128
8	16	13	941	128
8	16	14	878	147
8	16	15	759	175
8	16	16	597	195
8	16	17	409	190
8	16	18	215	146
8	16	19	40	40
8	16	20	0	0
8	16	21	0	0
8	16	22	0	0
8	16	23	0	0
8	16	24	0	0
8	17	1	0	0
8	17	2	0	0
8	17	3	0	0
8	17	4	0	0
8	17	5	0	0
8	17	6	38	38
8	17	7	212	145
8	17	8	406	189
8	17	9	594	195
8	17	10	756	175
8	17	11	875	148
8	17	12	939	129
8	17	13	939	129
8	17	14	875	148
8	17	15	756	175
8	17	16	594	195
8	17	17	406	189
8	17	18	212	145
8	17	19	38	38
8	17	20	0	0
8	17	21	0	0
8	17	22	0	0
8	17	23	0	0
8	17	24	0	0
8	18	1	0	0
8	18	2	0	0
8	18	3	0	0
8	18	4	0	0
8	18	5	0	0
8	18	6	32	25
8	18	7	178	103
8	18	8	389	112
8	18	9	557	140
8	18	10	653	211
8	18	11	739	240
8	18	12	797	239
8	18	13	777	262
8	18	14	709	274
8	18	15	616	252
8	18	16	539	161
8	18	17	403	95
8	18	18	209	72
8	18	19	30	26
8	18	20	0	0
8	18	21	0	0
8	18	22	0	0
8	18	23	0	0
8	18	24	0	0
8	19	1	0	0
8	19	2	0	0
8	19	3	0	0
8	19	4	0	0
8	19	5	0	0
8	19	6	34	28
8	19	7	191	109
8	19	8	366	167
8	19	9	536	201
8	19	10	702	186
8	19	11	815	182
8	19	12	891	152
8	19	13	905	128
8	19	14	757	269
8	19	15	670	234
8	19	16	554	174
8	19	17	353	185
8	19	18	165	137
8	19	19	29	29
8	19	20	0	0
8	19	21	0	0
8	19	22	0	0
8	19	23	0	0
8	19	24	0	0
8	20	1	0	0
8	20	2	0	0
8	20	3	0	0
8	20	4	0	0
8	20	5	0	0
8	20	6	32	21
8	20	7	202	68
8	20	8	397	91
8	20	9	518	170
8	20	10	671	175
8	20	11	774	184
8	20	12	741	283
8	20	13	762	260
8	20	14	647	316
8	20	15	695	147
8	20	16	446	240
8	20	17	316	173
8	20	18	142	112
8	20	19	22	20
8	20	20	0	0
8	20	21	0	0
8	20	22	0	0
8	20	23	0	0
8	20	24	0	0
8	21	1	0	0
8	21	2	0	0
8	21	3	0	0
8	21	4	0	0
8	21	5	0	0
8	21	6	10	8
8	21	7	169	83
8	21	8	248	176
8	21	9	413	228
8	21	10	589	224
8	21	11	745	185
8	21	12	698	280
8	21	13	741	243
8	21	14	763	168
8	21	15	567	242
8	21	16	402	234
8	21	17	367	104
8	21	18	144	96
8	21	19	10	8
8	21	20	0	0
8	21	21	0	0
8	21	22	0	0
8	21	23	0	0
8	21	24	0	0
8	22	1	0	0
8	22	2	0	0
8	22	3	0	0
8	22	4	0	0
8	22	5	0	0
8	22	6	28	28
8	22	7	196	136
8	22	8	391	183
8	22	9	579	192
8	22	10	741	175
8	22	11	861	149
8	22	12	925	132
8	22	13	925	132
8	22	14	861	149
8	22	15	741	175
8	22	16	579	192
8	22	17	391	183
8	22	18	196	136
8	22	19	28	28
8	22	20	0	0
8	22	21	0	0
8	22	22	0	0
8	22	23	0	0
8	22	24	0	0
8	23	1	0	0
8	23	2	0	0
8	23	3	0	0
8	23	4	0	0
8	23	5	0	0
8	23	6	26	26
8	23	7	148	148
8	23	8	358	178
8	23	9	507	249
8	23	10	698	195
8	23	11	853	116
8	23	12	922	94
8	23	13	853	217
8	23	14	830	158
8	23	15	688	212
8	23	16	556	170
8	23	17	360	173
8	23	18	150	150
8	23	19	19	19
8	23	20	0	0
8	23	21	0	0
8	23	22	0	0
8	23	23	0	0
8	23	24	0	0
8	24	1	0	0
8	24	2	0	0
8	24	3	0	0
8	24	4	0	0
8	24	5	0	0
8	24	6	21	21
8	24	7	165	130
8	24	8	377	143
8	24	9	569	145
8	24	10	684	217
8	24	11	819	175
8	24	12	859	206
8	24	13	833	251
8	24	14	793	221
8	24	15	726	143
8	24	16	572	139
8	24	17	368	158
8	24	18	188	98
8	24	19	21	21
8	24	20	0	0
8	24	21	0	0
8	24	22	0	0
8	24	23	0	0
8	24	24	0	0
8	25	1	0	0
8	25	2	0	0
8	25	3	0	0
8	25	4	0	0
8	25	5	0	0
8	25	6	15	10
8	25	7	91	60
8	25	8	198	129
8	25	9	367	200
8	25	10	385	243
8	25	11	389	255
8	25	12	414	271
8	25	13	229	150
8	25	14	245	160
8	25	15	377	240
8	25	16	297	191
8	25	17	168	110
8	25	18	119	74
8	25	19	21	12
8	25	20	0	0
8	25	21	0	0
8	25	22	0	0
8	25	23	0	0
8	25	24	0	0
8	26	1	0	0
8	26	2	0	0
8	26	3	0	0
8	26	4	0	0
8	26	5	0	0
8	26	6	20	20
8	26	7	182	129
8	26	8	377	179
8	26	9	565	190
8	26	10	728	175
8	26	11	849	151
8	26	12	912	134
8	26	13	912	134
8	26	14	849	151
8	26	15	728	175
8	26	16	565	190
8	26	17	377	179
8	26	18	182	129
8	26	19	20	20
8	26	20	0	0
8	26	21	0	0
8	26	22	0	0
8	26	23	0	0
8	26	24	0	0
8	27	1	0	0
8	27	2	0	0
8	27	3	0	0
8	27	4	0	0
8	27	5	0	0
8	27	6	19	14
8	27	7	179	62
8	27	8	346	116
8	27	9	513	147
8	27	10	663	157
8	27	11	826	97
8	27	12	762	234
8	27	13	676	319
8	27	14	677	261
8	27	15	538	280
8	27	16	499	162
8	27	17	268	181
8	27	18	125	98
8	27	19	17	14
8	27	20	0	0
8	27	21	0	0
8	27	22	0	0
8	27	23	0	0
8	27	24	0	0
8	28	1	0	0
8	28	2	0	0
8	28	3	0	0
8	28	4	0	0
8	28	5	0	0
8	28	6	17	14
8	28	7	143	94
8	28	8	353	111
8	28	9	558	97
8	28	10	664	159
8	28	11	814	114
8	28	12	871	114
8	28	13	707	302
8	28	14	694	254
8	28	15	481	335
8	28	16	394	264
8	28	17	267	189
8	28	18	114	100
8	28	19	11	10
8	28	20	0	0
8	28	21	0	0
8	28	22	0	0
8	28	23	0	0
8	28	24	0	0
8	29	1	0	0
8	29	2	0	0
8	29	3	0	0
8	29	4	0	0
8	29	5	0	0
8	29	6	0	0
8	29	7	51	35
8	29	8	248	144
8	29	9	532	92
8	29	10	571	191
8	29	11	454	293
8	29	12	464	307
8	29	13	565	307
8	29	14	595	257
8	29	15	498	239
8	29	16	370	203
8	29	17	217	142
8	29	18	67	46
8	29	19	2	2
8	29	20	0	0
8	29	21	0	0
8	29	22	0	0
8	29	23	0	0
8	29	24	0	0
8	30	1	0	0
8	30	2	0	0
8	30	3	0	0
8	30	4	0	0
8	30	5	0	0
8	30	6	1	0
8	30	7	33	23
8	30	8	193	131
8	30	9	334	206
8	30	10	556	198
8	30	11	523	288
8	30	12	547	309
8	30	13	681	237
8	30	14	579	263
8	30	15	459	252
8	30	16	413	180
8	30	17	325	98
8	30	18	75	52
8	30	19	5	3
8	30	20	0	0
8	30	21	0	0
8	30	22	0	0
8	30	23	0	0
8	30	24	0	0
8	31	1	0	0
8	31	2	0	0
8	31	3	0	0
8	31	4	0	0
8	31	5	0	0
8	31	6	9	7
8	31	7	7	5
8	31	8	39	30
8	31	9	56	42
8	31	10	233	178
8	31	11	428	314
8	31	12	526	345
8	31	13	510	346
8	31	14	619	261
8	31	15	457	278
8	31	16	459	162
8	31	17	310	118
8	31	18	100	75
8	31	19	8	6
8	31	20	0	0
8	31	21	0	0
8	31	22	0	0
8	31	23	0	0
8	31	24	0	0
9	1	1	0	0
9	1	2	0	0
9	1	3	0	0
9	1	4	0	0
9	1	5	0	0
9	1	6	6	4
9	1	7	68	48
9	1	8	239	145
9	1	9	260	185
9	1	10	451	261
9	1	11	661	210
9	1	12	781	160
9	1	13	539	320
9	1	14	530	294
9	1	15	406	265
9	1	16	280	197
9	1	17	137	98
9	1	18	30	22
9	1	19	5	3
9	1	20	0	0
9	1	21	0	0
9	1	22	0	0
9	1	23	0	0
9	1	24	0	0
9	2	1	0	0
9	2	2	0	0
9	2	3	0	0
9	2	4	0	0
9	2	5	0	0
9	2	6	0	0
9	2	7	6	5
9	2	8	43	36
9	2	9	33	28
9	2	10	78	65
9	2	11	103	86
9	2	12	108	91
9	2	13	93	78
9	2	14	94	79
9	2	15	107	90
9	2	16	32	27
9	2	17	34	28
9	2	18	9	7
9	2	19	1	1
9	2	20	0	0
9	2	21	0	0
9	2	22	0	0
9	2	23	0	0
9	2	24	0	0
9	3	1	0	0
9	3	2	0	0
9	3	3	0	0
9	3	4	0	0
9	3	5	0	0
9	3	6	5	4
9	3	7	60	42
9	3	8	73	52
9	3	9	205	145
9	3	10	261	184
9	3	11	250	177
9	3	12	336	237
9	3	13	330	233
9	3	14	505	295
9	3	15	243	172
9	3	16	344	206
9	3	17	177	125
9	3	18	81	57
9	3	19	7	5
9	3	20	0	0
9	3	21	0	0
9	3	22	0	0
9	3	23	0	0
9	3	24	0	0
9	4	1	0	0
9	4	2	0	0
9	4	3	0	0
9	4	4	0	0
9	4	5	0	0
9	4	6	6	6
9	4	7	150	113
9	4	8	345	167
9	4	9	533	184
9	4	10	696	174
9	4	11	817	154
9	4	12	881	139
9	4	13	881	139
9	4	14	817	154
9	4	15	696	174
9	4	16	533	184
9	4	17	345	167
9	4	18	150	113
9	4	19	6	6
9	4	20	0	0
9	4	21	0	0
9	4	22	0	0
9	4	23	0	0
9	4	24	0	0
9	5	1	0	0
9	5	2	0	0
9	5	3	0	0
9	5	4	0	0
9	5	5	0	0
9	5	6	5	5
9	5	7	144	93
9	5	8	312	182
9	5	9	506	190
9	5	10	686	153
9	5	11	765	214
9	5	12	829	204
9	5	13	867	133
9	5	14	797	155
9	5	15	660	200
9	5	16	518	168
9	5	17	341	134
9	5	18	133	109
9	5	19	6	6
9	5	20	0	0
9	5	21	0	0
9	5	22	0	0
9	5	23	0	0
9	5	24	0	0
9	6	1	0	0
9	6	2	0	0
9	6	3	0	0
9	6	4	0	0
9	6	5	0	0
9	6	6	4	4
9	6	7	125	116
9	6	8	326	156
9	6	9	461	266
9	6	10	645	228
9	6	11	809	129
9	6	12	873	117
9	6	13	873	117
9	6	14	805	137
9	6	15	689	145
9	6	16	481	233
9	6	17	304	194
9	6	18	142	91
9	6	19	5	5
9	6	20	0	0
9	6	21	0	0
9	6	22	0	0
9	6	23	0	0
9	6	24	0	0
9	7	1	0	0
9	7	2	0	0
9	7	3	0	0
9	7	4	0	0
9	7	5	0	0
9	7	6	4	4
9	7	7	118	91
9	7	8	243	204
9	7	9	400	269
9	7	10	632	187
9	7	11	763	162
9	7	12	833	144
9	7	13	841	133
9	7	14	741	194
9	7	15	629	191
9	7	16	490	161
9	7	17	312	132
9	7	18	103	99
9	7	19	3	3
9	7	20	0	0
9	7	21	0	0
9	7	22	0	0
9	7	23	0	0
9	7	24	0	0
9	8	1	0	0
9	8	2	0	0
9	8	3	0	0
9	8	4	0	0
9	8	5	0	0
9	8	6	2	2
9	8	7	126	97
9	8	8	323	141
9	8	9	517	145
9	8	10	681	139
9	8	11	801	125
9	8	12	863	119
9	8	13	799	236
9	8	14	770	183
9	8	15	625	239
9	8	16	452	255
9	8	17	329	130
9	8	18	135	84
9	8	19	2	2
9	8	20	0	0
9	8	21	0	0
9	8	22	0	0
9	8	23	0	0
9	8	24	0	0
9	9	1	0	0
9	9	2	0	0
9	9	3	0	0
9	9	4	0	0
9	9	5	0	0
9	9	6	2	1
9	9	7	29	19
9	9	8	149	97
9	9	9	267	171
9	9	10	283	184
9	9	11	437	266
9	9	12	427	272
9	9	13	578	265
9	9	14	461	269
9	9	15	312	203
9	9	16	183	119
9	9	17	119	77
9	9	18	50	33
9	9	19	1	1
9	9	20	0	0
9	9	21	0	0
9	9	22	0	0
9	9	23	0	0
9	9	24	0	0
9	10	1	0	0
9	10	2	0	0
9	10	3	0	0
9	10	4	0	0
9	10	5	0	0
9	10	6	1	1
9	10	7	49	39
9	10	8	124	99
9	10	9	252	201
9	10	10	175	139
9	10	11	276	220
9	10	12	249	198
9	10	13	669	254
9	10	14	501	321
9	10	15	280	223
9	10	16	199	159
9	10	17	80	64
9	10	18	32	26
9	10	19	1	1
9	10	20	0	0
9	10	21	0	0
9	10	22	0	0
9	10	23	0	0
9	10	24	0	0
9	11	1	0	0
9	11	2	0	0
9	11	3	0	0
9	11	4	0	0
9	11	5	0	0
9	11	6	0	0
9	11	7	60	49
9	11	8	204	151
9	11	9	390	194
9	11	10	490	252
9	11	11	741	128
9	11	12	804	123
9	11	13	627	292
9	11	14	464	335
9	11	15	402	291
9	11	16	221	181
9	11	17	76	62
9	11	18	29	24
9	11	19	0	0
9	11	20	0	0
9	11	21	0	0
9	11	22	0	0
9	11	23	0	0
9	11	24	0	0
9	12	1	0	0
9	12	2	0	0
9	12	3	0	0
9	12	4	0	0
9	12	5	0	0
9	12	6	0	0
9	12	7	120	96
9	12	8	314	155
9	12	9	501	177
9	12	10	664	172
9	12	11	785	155
9	12	12	849	143
9	12	13	849	143
9	12	14	785	155
9	12	15	664	172
9	12	16	501	177
9	12	17	314	155
9	12	18	120	96
9	12	19	0	0
9	12	20	0	0
9	12	21	0	0
9	12	22	0	0
9	12	23	0	0
9	12	24	0	0
9	13	1	0	0
9	13	2	0	0
9	13	3	0	0
9	13	4	0	0
9	13	5	0	0
9	13	6	0	0
9	13	7	116	94
9	13	8	310	154
9	13	9	497	176
9	13	10	660	171
9	13	11	781	155
9	13	12	845	143
9	13	13	845	143
9	13	14	781	155
9	13	15	660	171
9	13	16	497	176
9	13	17	310	154
9	13	18	116	94
9	13	19	0	0
9	13	20	0	0
9	13	21	0	0
9	13	22	0	0
9	13	23	0	0
9	13	24	0	0
9	14	1	0	0
9	14	2	0	0
9	14	3	0	0
9	14	4	0	0
9	14	5	0	0
9	14	6	0	0
9	14	7	90	66
9	14	8	215	158
9	14	9	409	183
9	14	10	620	135
9	14	11	667	208
9	14	12	801	125
9	14	13	691	247
9	14	14	686	188
9	14	15	513	245
9	14	16	356	226
9	14	17	294	95
9	14	18	102	59
9	14	19	0	0
9	14	20	0	0
9	14	21	0	0
9	14	22	0	0
9	14	23	0	0
9	14	24	0	0
9	15	1	0	0
9	15	2	0	0
9	15	3	0	0
9	15	4	0	0
9	15	5	0	0
9	15	6	0	0
9	15	7	106	61
9	15	8	285	121
9	15	9	477	131
9	15	10	652	112
9	15	11	715	184
9	15	12	771	189
9	15	13	756	209
9	15	14	645	276
9	15	15	543	257
9	15	16	469	142
9	15	17	293	110
9	15	18	108	59
9	15	19	0	0
9	15	20	0	0
9	15	21	0	0
9	15	22	0	0
9	15	23	0	0
9	15	24	0	0
9	16	1	0	0
9	16	2	0	0
9	16	3	0	0
9	16	4	0	0
9	16	5	0	0
9	16	6	0	0
9	16	7	58	43
9	16	8	139	103
9	16	9	335	192
9	16	10	306	226
9	16	11	44	33
9	16	12	216	159
9	16	13	419	302
9	16	14	499	285
9	16	15	277	205
9	16	16	119	88
9	16	17	108	80
9	16	18	53	39
9	16	19	0	0
9	16	20	0	0
9	16	21	0	0
9	16	22	0	0
9	16	23	0	0
9	16	24	0	0
9	17	1	0	0
9	17	2	0	0
9	17	3	0	0
9	17	4	0	0
9	17	5	0	0
9	17	6	0	0
9	17	7	56	37
9	17	8	199	113
9	17	9	277	172
9	17	10	399	225
9	17	11	510	247
9	17	12	678	182
9	17	13	539	267
9	17	14	443	261
9	17	15	365	224
9	17	16	169	111
9	17	17	150	99
9	17	18	61	40
9	17	19	0	0
9	17	20	0	0
9	17	21	0	0
9	17	22	0	0
9	17	23	0	0
9	17	24	0	0
9	18	1	0	0
9	18	2	0	0
9	18	3	0	0
9	18	4	0	0
9	18	5	0	0
9	18	6	0	0
9	18	7	96	56
9	18	8	289	96
9	18	9	454	143
9	18	10	602	163
9	18	11	736	135
9	18	12	771	169
9	18	13	778	159
9	18	14	674	219
9	18	15	546	234
9	18	16	375	236
9	18	17	234	160
9	18	18	85	66
9	18	19	0	0
9	18	20	0	0
9	18	21	0	0
9	18	22	0	0
9	18	23	0	0
9	18	24	0	0
9	19	1	0	0
9	19	2	0	0
9	19	3	0	0
9	19	4	0	0
9	19	5	0	0
9	19	6	0	0
9	19	7	84	58
9	19	8	255	125
9	19	9	471	107
9	19	10	624	119
9	19	11	705	163
9	19	12	693	252
9	19	13	716	223
9	19	14	690	181
9	19	15	586	168
9	19	16	352	238
9	19	17	253	127
9	19	18	70	64
9	19	19	0	0
9	19	20	0	0
9	19	21	0	0
9	19	22	0	0
9	19	23	0	0
9	19	24	0	0
9	20	1	0	0
9	20	2	0	0
9	20	3	0	0
9	20	4	0	0
9	20	5	0	0
9	20	6	0	0
9	20	7	73	61
9	20	8	236	138
9	20	9	345	238
9	20	10	599	145
9	20	11	696	168
9	20	12	786	127
9	20	13	706	229
9	20	14	666	205
9	20	15	565	187
9	20	16	437	143
9	20	17	257	117
9	20	18	88	49
9	20	19	0	0
9	20	20	0	0
9	20	21	0	0
9	20	22	0	0
9	20	23	0	0
9	20	24	0	0
9	21	1	0	0
9	21	2	0	0
9	21	3	0	0
9	21	4	0	0
9	21	5	0	0
9	21	6	0	0
9	21	7	85	76
9	21	8	277	139
9	21	9	463	166
9	21	10	625	166
9	21	11	745	154
9	21	12	809	144
9	21	13	809	144
9	21	14	745	154
9	21	15	625	166
9	21	16	463	166
9	21	17	277	139
9	21	18	85	76
9	21	19	0	0
9	21	20	0	0
9	21	21	0	0
9	21	22	0	0
9	21	23	0	0
9	21	24	0	0
9	22	1	0	0
9	22	2	0	0
9	22	3	0	0
9	22	4	0	0
9	22	5	0	0
9	22	6	0	0
9	22	7	81	60
9	22	8	236	164
9	22	9	459	134
9	22	10	587	190
9	22	11	717	164
9	22	12	802	121
9	22	13	804	118
9	22	14	729	145
9	22	15	537	267
9	22	16	436	171
9	22	17	272	112
9	22	18	81	60
9	22	19	0	0
9	22	20	0	0
9	22	21	0	0
9	22	22	0	0
9	22	23	0	0
9	22	24	0	0
9	23	1	0	0
9	23	2	0	0
9	23	3	0	0
9	23	4	0	0
9	23	5	0	0
9	23	6	0	0
9	23	7	77	71
9	23	8	268	136
9	23	9	454	163
9	23	10	616	165
9	23	11	735	154
9	23	12	799	145
9	23	13	799	145
9	23	14	735	154
9	23	15	616	165
9	23	16	454	163
9	23	17	268	136
9	23	18	77	71
9	23	19	0	0
9	23	20	0	0
9	23	21	0	0
9	23	22	0	0
9	23	23	0	0
9	23	24	0	0
9	24	1	0	0
9	24	2	0	0
9	24	3	0	0
9	24	4	0	0
9	24	5	0	0
9	24	6	0	0
9	24	7	73	68
9	24	8	264	134
9	24	9	450	162
9	24	10	611	164
9	24	11	731	154
9	24	12	794	145
9	24	13	794	145
9	24	14	731	154
9	24	15	611	164
9	24	16	450	162
9	24	17	264	134
9	24	18	73	68
9	24	19	0	0
9	24	20	0	0
9	24	21	0	0
9	24	22	0	0
9	24	23	0	0
9	24	24	0	0
9	25	1	0	0
9	25	2	0	0
9	25	3	0	0
9	25	4	0	0
9	25	5	0	0
9	25	6	0	0
9	25	7	50	41
9	25	8	229	103
9	25	9	369	166
9	25	10	491	209
9	25	11	628	192
9	25	12	702	178
9	25	13	699	181
9	25	14	667	152
9	25	15	426	260
9	25	16	398	139
9	25	17	202	124
9	25	18	46	39
9	25	19	0	0
9	25	20	0	0
9	25	21	0	0
9	25	22	0	0
9	25	23	0	0
9	25	24	0	0
9	26	1	0	0
9	26	2	0	0
9	26	3	0	0
9	26	4	0	0
9	26	5	0	0
9	26	6	0	0
9	26	7	45	38
9	26	8	129	109
9	26	9	232	194
9	26	10	434	250
9	26	11	707	101
9	26	12	718	154
9	26	13	769	98
9	26	14	473	311
9	26	15	436	248
9	26	16	228	192
9	26	17	198	122
9	26	18	30	25
9	26	19	0	0
9	26	20	0	0
9	26	21	0	0
9	26	22	0	0
9	26	23	0	0
9	26	24	0	0
9	27	1	0	0
9	27	2	0	0
9	27	3	0	0
9	27	4	0	0
9	27	5	0	0
9	27	6	0	0
9	27	7	22	16
9	27	8	171	113
9	27	9	318	172
9	27	10	298	221
9	27	11	512	250
9	27	12	399	290
9	27	13	542	275
9	27	14	702	90
9	27	15	486	180
9	27	16	398	114
9	27	17	229	83
9	27	18	52	34
9	27	19	0	0
9	27	20	0	0
9	27	21	0	0
9	27	22	0	0
9	27	23	0	0
9	27	24	0	0
9	28	1	0	0
9	28	2	0	0
9	28	3	0	0
9	28	4	0	0
9	28	5	0	0
9	28	6	0	0
9	28	7	52	49
9	28	8	229	120
9	28	9	411	149
9	28	10	575	148
9	28	11	676	169
9	28	12	694	229
9	28	13	735	170
9	28	14	659	193
9	28	15	560	170
9	28	16	417	140
9	28	17	245	99
9	28	18	61	43
9	28	19	0	0
9	28	20	0	0
9	28	21	0	0
9	28	22	0	0
9	28	23	0	0
9	28	24	0	0
9	29	1	0	0
9	29	2	0	0
9	29	3	0	0
9	29	4	0	0
9	29	5	0	0
9	29	6	0	0
9	29	7	58	43
9	29	8	229	119
9	29	9	427	124
9	29	10	554	180
9	29	11	706	122
9	29	12	769	116
9	29	13	769	116
9	29	14	687	153
9	29	15	510	242
9	29	16	344	237
9	29	17	181	169
9	29	18	58	43
9	29	19	0	0
9	29	20	0	0
9	29	21	0	0
9	29	22	0	0
9	29	23	0	0
9	29	24	0	0
9	30	1	0	0
9	30	2	0	0
9	30	3	0	0
9	30	4	0	0
9	30	5	0	0
9	30	6	0	0
9	30	7	19	15
9	30	8	60	48
9	30	9	196	156
9	30	10	357	252
9	30	11	191	152
9	30	12	248	197
9	30	13	300	238
9	30	14	206	164
9	30	15	78	62
9	30	16	117	93
9	30	17	28	23
9	30	18	17	13
9	30	19	0	0
9	30	20	0	0
9	30	21	0	0
9	30	22	0	0
9	30	23	0	0
9	30	24	0	0
10	1	1	0	0
10	1	2	0	0
10	1	3	0	0
10	1	4	0	0
10	1	5	0	0
10	1	6	0	0
10	1	7	24	15
10	1	8	69	44
10	1	9	231	144
10	1	10	292	185
10	1	11	320	204
10	1	12	501	243
10	1	13	474	251
10	1	14	444	232
10	1	15	327	197
10	1	16	331	129
10	1	17	141	87
10	1	18	31	20
10	1	19	0	0
10	1	20	0	0
10	1	21	0	0
10	1	22	0	0
10	1	23	0	0
10	1	24	0	0
10	2	1	0	0
10	2	2	0	0
10	2	3	0	0
10	2	4	0	0
10	2	5	0	0
10	2	6	0	0
10	2	7	49	47
10	2	8	230	121
10	2	9	413	153
10	2	10	573	159
10	2	11	691	153
10	2	12	754	146
10	2	13	754	146
10	2	14	691	153
10	2	15	573	159
10	2	16	413	153
10	2	17	230	121
10	2	18	49	47
10	2	19	0	0
10	2	20	0	0
10	2	21	0	0
10	2	22	0	0
10	2	23	0	0
10	2	24	0	0
10	3	1	0	0
10	3	2	0	0
10	3	3	0	0
10	3	4	0	0
10	3	5	0	0
10	3	6	0	0
10	3	7	46	45
10	3	8	226	119
10	3	9	409	152
10	3	10	568	159
10	3	11	686	153
10	3	12	749	146
10	3	13	749	146
10	3	14	686	153
10	3	15	568	159
10	3	16	409	152
10	3	17	226	119
10	3	18	46	45
10	3	19	0	0
10	3	20	0	0
10	3	21	0	0
10	3	22	0	0
10	3	23	0	0
10	3	24	0	0
10	4	1	0	0
10	4	2	0	0
10	4	3	0	0
10	4	4	0	0
10	4	5	0	0
10	4	6	0	0
10	4	7	35	21
10	4	8	181	80
10	4	9	260	150
10	4	10	440	164
10	4	11	500	204
10	4	12	437	254
10	4	13	576	197
10	4	14	479	215
10	4	15	371	197
10	4	16	273	148
10	4	17	150	88
10	4	18	27	17
10	4	19	0	0
10	4	20	0	0
10	4	21	0	0
10	4	22	0	0
10	4	23	0	0
10	4	24	0	0
10	5	1	0	0
10	5	2	0	0
10	5	3	0	0
10	5	4	0	0
10	5	5	0	0
10	5	6	0	0
10	5	7	32	21
10	5	8	71	50
10	5	9	65	46
10	5	10	231	163
10	5	11	278	196
10	5	12	377	260
10	5	13	310	219
10	5	14	349	241
10	5	15	181	128
10	5	16	76	53
10	5	17	23	16
10	5	18	9	6
10	5	19	0	0
10	5	20	0	0
10	5	21	0	0
10	5	22	0	0
10	5	23	0	0
10	5	24	0	0
10	6	1	0	0
10	6	2	0	0
10	6	3	0	0
10	6	4	0	0
10	6	5	0	0
10	6	6	0	0
10	6	7	18	15
10	6	8	92	77
10	6	9	292	176
10	6	10	447	196
10	6	11	509	247
10	6	12	702	120
10	6	13	650	174
10	6	14	499	255
10	6	15	441	202
10	6	16	207	172
10	6	17	58	48
10	6	18	10	9
10	6	19	0	0
10	6	20	0	0
10	6	21	0	0
10	6	22	0	0
10	6	23	0	0
10	6	24	0	0
10	7	1	0	0
10	7	2	0	0
10	7	3	0	0
10	7	4	0	0
10	7	5	0	0
10	7	6	0	0
10	7	7	15	12
10	7	8	111	89
10	7	9	301	159
10	7	10	450	181
10	7	11	543	204
10	7	12	593	214
10	7	13	655	157
10	7	14	623	129
10	7	15	365	235
10	7	16	229	174
10	7	17	113	90
10	7	18	17	13
10	7	19	0	0
10	7	20	0	0
10	7	21	0	0
10	7	22	0	0
10	7	23	0	0
10	7	24	0	0
10	8	1	0	0
10	8	2	0	0
10	8	3	0	0
10	8	4	0	0
10	8	5	0	0
10	8	6	0	0
10	8	7	14	11
10	8	8	35	28
10	8	9	161	126
10	8	10	210	164
10	8	11	160	125
10	8	12	261	204
10	8	13	161	126
10	8	14	232	182
10	8	15	216	170
10	8	16	139	109
10	8	17	40	32
10	8	18	26	20
10	8	19	0	0
10	8	20	0	0
10	8	21	0	0
10	8	22	0	0
10	8	23	0	0
10	8	24	0	0
10	9	1	0	0
10	9	2	0	0
10	9	3	0	0
10	9	4	0	0
10	9	5	0	0
10	9	6	0	0
10	9	7	31	16
10	9	8	140	84
10	9	9	307	126
10	9	10	311	198
10	9	11	418	235
10	9	12	607	164
10	9	13	548	207
10	9	14	429	233
10	9	15	424	164
10	9	16	314	121
10	9	17	152	82
10	9	18	24	16
10	9	19	0	0
10	9	20	0	0
10	9	21	0	0
10	9	22	0	0
10	9	23	0	0
10	9	24	0	0
10	10	1	0	0
10	10	2	0	0
10	10	3	0	0
10	10	4	0	0
10	10	5	0	0
10	10	6	0	0
10	10	7	29	23
10	10	8	178	102
10	10	9	357	135
10	10	10	491	175
10	10	11	632	141
10	10	12	567	301
10	10	13	681	156
10	10	14	647	121
10	10	15	505	156
10	10	16	376	109
10	10	17	196	82
10	10	18	23	23
10	10	19	0	0
10	10	20	0	0
10	10	21	0	0
10	10	22	0	0
10	10	23	0	0
10	10	24	0	0
10	11	1	0	0
10	11	2	0	0
10	11	3	0	0
10	11	4	0	0
10	11	5	0	0
10	11	6	0	0
10	11	7	26	14
10	11	8	143	81
10	11	9	280	135
10	11	10	298	194
10	11	11	455	218
10	11	12	467	247
10	11	13	581	178
10	11	14	493	196
10	11	15	381	184
10	11	16	333	101
10	11	17	192	52
10	11	18	26	14
10	11	19	0	0
10	11	20	0	0
10	11	21	0	0
10	11	22	0	0
10	11	23	0	0
10	11	24	0	0
10	12	1	0	0
10	12	2	0	0
10	12	3	0	0
10	12	4	0	0
10	12	5	0	0
10	12	6	0	0
10	12	7	17	12
10	12	8	31	21
10	12	9	153	105
10	12	10	280	187
10	12	11	370	234
10	12	12	575	179
10	12	13	530	210
10	12	14	332	222
10	12	15	349	195
10	12	16	258	142
10	12	17	147	77
10	12	18	18	12
10	12	19	0	0
10	12	20	0	0
10	12	21	0	0
10	12	22	0	0
10	12	23	0	0
10	12	24	0	0
10	13	1	0	0
10	13	2	0	0
10	13	3	0	0
10	13	4	0	0
10	13	5	0	0
10	13	6	0	0
10	13	7	18	13
10	13	8	146	80
10	13	9	258	148
10	13	10	251	182
10	13	11	254	185
10	13	12	378	262
10	13	13	517	229
10	13	14	534	169
10	13	15	448	143
10	13	16	344	90
10	13	17	134	83
10	13	18	17	12
10	13	19	0	0
10	13	20	0	0
10	13	21	0	0
10	13	22	0	0
10	13	23	0	0
10	13	24	0	0
10	14	1	0	0
10	14	2	0	0
10	14	3	0	0
10	14	4	0	0
10	14	5	0	0
10	14	6	0	0
10	14	7	20	12
10	14	8	92	66
10	14	9	206	142
10	14	10	366	192
10	14	11	472	208
10	14	12	407	263
10	14	13	267	191
10	14	14	177	127
10	14	15	230	164
10	14	16	150	107
10	14	17	45	32
10	14	18	6	4
10	14	19	0	0
10	14	20	0	0
10	14	21	0	0
10	14	22	0	0
10	14	23	0	0
10	14	24	0	0
10	15	1	0	0
10	15	2	0	0
10	15	3	0	0
10	15	4	0	0
10	15	5	0	0
10	15	6	0	0
10	15	7	14	10
10	15	8	85	59
10	15	9	216	140
10	15	10	309	195
10	15	11	404	230
10	15	12	532	201
10	15	13	487	229
10	15	14	266	184
10	15	15	155	107
10	15	16	163	113
10	15	17	110	74
10	15	18	14	10
10	15	19	0	0
10	15	20	0	0
10	15	21	0	0
10	15	22	0	0
10	15	23	0	0
10	15	24	0	0
10	16	1	0	0
10	16	2	0	0
10	16	3	0	0
10	16	4	0	0
10	16	5	0	0
10	16	6	0	0
10	16	7	16	16
10	16	8	168	94
10	16	9	341	138
10	16	10	460	207
10	16	11	619	139
10	16	12	680	135
10	16	13	680	135
10	16	14	619	139
10	16	15	503	141
10	16	16	332	152
10	16	17	168	93
10	16	18	16	16
10	16	19	0	0
10	16	20	0	0
10	16	21	0	0
10	16	22	0	0
10	16	23	0	0
10	16	24	0	0
10	17	1	0	0
10	17	2	0	0
10	17	3	0	0
10	17	4	0	0
10	17	5	0	0
10	17	6	0	0
10	17	7	14	14
10	17	8	147	96
10	17	9	339	112
10	17	10	448	184
10	17	11	561	188
10	17	12	655	141
10	17	13	628	178
10	17	14	585	157
10	17	15	484	136
10	17	16	337	115
10	17	17	166	75
10	17	18	14	14
10	17	19	0	0
10	17	20	0	0
10	17	21	0	0
10	17	22	0	0
10	17	23	0	0
10	17	24	0	0
10	18	1	0	0
10	18	2	0	0
10	18	3	0	0
10	18	4	0	0
10	18	5	0	0
10	18	6	0	0
10	18	7	11	10
10	18	8	117	90
10	18	9	284	141
10	18	10	442	152
10	18	11	481	228
10	18	12	601	171
10	18	13	670	94
10	18	14	608	98
10	18	15	405	187
10	18	16	242	169
10	18	17	113	90
10	18	18	13	11
10	18	19	0	0
10	18	20	0	0
10	18	21	0	0
10	18	22	0	0
10	18	23	0	0
10	18	24	0	0
10	19	1	0	0
10	19	2	0	0
10	19	3	0	0
10	19	4	0	0
10	19	5	0	0
10	19	6	0	0
10	19	7	8	7
10	19	8	48	42
10	19	9	85	74
10	19	10	91	78
10	19	11	167	144
10	19	12	124	107
10	19	13	138	120
10	19	14	181	157
10	19	15	164	142
10	19	16	132	114
10	19	17	21	18
10	19	18	7	6
10	19	19	0	0
10	19	20	0	0
10	19	21	0	0
10	19	22	0	0
10	19	23	0	0
10	19	24	0	0
10	20	1	0	0
10	20	2	0	0
10	20	3	0	0
10	20	4	0	0
10	20	5	0	0
10	20	6	0	0
10	20	7	10	7
10	20	8	62	46
10	20	9	179	132
10	20	10	329	197
10	20	11	265	197
10	20	12	497	221
10	20	13	555	176
10	20	14	449	209
10	20	15	192	143
10	20	16	141	105
10	20	17	28	21
10	20	18	10	7
10	20	19	0	0
10	20	20	0	0
10	20	21	0	0
10	20	22	0	0
10	20	23	0	0
10	20	24	0	0
10	21	1	0	0
10	21	2	0	0
10	21	3	0	0
10	21	4	0	0
10	21	5	0	0
10	21	6	0	0
10	21	7	8	7
10	21	8	144	68
10	21	9	326	91
10	21	10	420	169
10	21	11	446	259
10	21	12	549	221
10	21	13	618	145
10	21	14	593	103
10	21	15	453	133
10	21	16	312	107
10	21	17	127	83
10	21	18	8	7
10	21	19	0	0
10	21	20	0	0
10	21	21	0	0
10	21	22	0	0
10	21	23	0	0
10	21	24	0	0
10	22	1	0	0
10	22	2	0	0
10	22	3	0	0
10	22	4	0	0
10	22	5	0	0
10	22	6	0	0
10	22	7	7	7
10	22	8	146	86
10	22	9	322	127
10	22	10	475	143
10	22	11	588	145
10	22	12	649	143
10	22	13	649	143
10	22	14	588	145
10	22	15	475	143
10	22	16	322	127
10	22	17	146	86
10	22	18	7	7
10	22	19	0	0
10	22	20	0	0
10	22	21	0	0
10	22	22	0	0
10	22	23	0	0
10	22	24	0	0
10	23	1	0	0
10	23	2	0	0
10	23	3	0	0
10	23	4	0	0
10	23	5	0	0
10	23	6	0	0
10	23	7	6	6
10	23	8	119	84
10	23	9	230	175
10	23	10	433	149
10	23	11	534	168
10	23	12	643	106
10	23	13	643	106
10	23	14	545	154
10	23	15	384	201
10	23	16	276	138
10	23	17	121	82
10	23	18	6	6
10	23	19	0	0
10	23	20	0	0
10	23	21	0	0
10	23	22	0	0
10	23	23	0	0
10	23	24	0	0
10	24	1	0	0
10	24	2	0	0
10	24	3	0	0
10	24	4	0	0
10	24	5	0	0
10	24	6	0	0
10	24	7	5	4
10	24	8	107	63
10	24	9	191	128
10	24	10	353	165
10	24	11	395	215
10	24	12	257	182
10	24	13	228	161
10	24	14	201	142
10	24	15	169	119
10	24	16	162	115
10	24	17	59	41
10	24	18	5	4
10	24	19	0	0
10	24	20	0	0
10	24	21	0	0
10	24	22	0	0
10	24	23	0	0
10	24	24	0	0
10	25	1	0	0
10	25	2	0	0
10	25	3	0	0
10	25	4	0	0
10	25	5	0	0
10	25	6	0	0
10	25	7	4	4
10	25	8	134	81
10	25	9	308	123
10	25	10	460	141
10	25	11	573	144
10	25	12	633	142
10	25	13	633	142
10	25	14	573	144
10	25	15	460	141
10	25	16	308	123
10	25	17	134	81
10	25	18	4	4
10	25	19	0	0
10	25	20	0	0
10	25	21	0	0
10	25	22	0	0
10	25	23	0	0
10	25	24	0	0
10	26	1	0	0
10	26	2	0	0
10	26	3	0	0
10	26	4	0	0
10	26	5	0	0
10	26	6	0	0
10	26	7	2	2
10	26	8	115	72
10	26	9	282	114
10	26	10	436	125
10	26	11	472	213
10	26	12	549	196
10	26	13	514	233
10	26	14	568	105
10	26	15	455	103
10	26	16	304	90
10	26	17	130	59
10	26	18	4	3
10	26	19	0	0
10	26	20	0	0
10	26	21	0	0
10	26	22	0	0
10	26	23	0	0
10	26	24	0	0
10	27	1	0	0
10	27	2	0	0
10	27	3	0	0
10	27	4	0	0
10	27	5	0	0
10	27	6	0	0
10	27	7	2	2
10	27	8	117	64
10	27	9	234	147
10	27	10	418	134
10	27	11	462	208
10	27	12	532	200
10	27	13	622	100
10	27	14	525	144
10	27	15	416	137
10	27	16	274	112
10	27	17	103	73
10	27	18	3	2
10	27	19	0	0
10	27	20	0	0
10	27	21	0	0
10	27	22	0	0
10	27	23	0	0
10	27	24	0	0
10	28	1	0	0
10	28	2	0	0
10	28	3	0	0
10	28	4	0	0
10	28	5	0	0
10	28	6	0	0
10	28	7	2	1
10	28	8	91	55
10	28	9	259	91
10	28	10	232	155
10	28	11	130	87
10	28	12	348	221
10	28	13	390	223
10	28	14	307	199
10	28	15	276	169
10	28	16	130	87
10	28	17	15	10
10	28	18	0	0
10	28	19	0	0
10	28	20	0	0
10	28	21	0	0
10	28	22	0	0
10	28	23	0	0
10	28	24	0	0
10	29	1	0	0
10	29	2	0	0
10	29	3	0	0
10	29	4	0	0
10	29	5	0	0
10	29	6	0	0
10	29	7	1	1
10	29	8	57	39
10	29	9	200	118
10	29	10	268	170
10	29	11	544	85
10	29	12	405	222
10	29	13	309	209
10	29	14	251	172
10	29	15	263	169
10	29	16	194	119
10	29	17	105	49
10	29	18	1	1
10	29	19	0	0
10	29	20	0	0
10	29	21	0	0
10	29	22	0	0
10	29	23	0	0
10	29	24	0	0
10	30	1	0	0
10	30	2	0	0
10	30	3	0	0
10	30	4	0	0
10	30	5	0	0
10	30	6	0	0
10	30	7	0	0
10	30	8	100	48
10	30	9	184	114
10	30	10	217	145
10	30	11	371	196
10	30	12	404	215
10	30	13	441	199
10	30	14	412	177
10	30	15	400	103
10	30	16	240	96
10	30	17	83	51
10	30	18	0	0
10	30	19	0	0
10	30	20	0	0
10	30	21	0	0
10	30	22	0	0
10	30	23	0	0
10	30	24	0	0
10	31	1	0	0
10	31	2	0	0
10	31	3	0	0
10	31	4	0	0
10	31	5	0	0
10	31	6	0	0
10	31	7	0	0
10	31	8	111	66
10	31	9	283	106
10	31	10	432	124
10	31	11	543	128
10	31	12	602	128
10	31	13	602	128
10	31	14	524	155
10	31	15	412	152
10	31	16	228	171
10	31	17	98	79
10	31	18	0	0
10	31	19	0	0
10	31	20	0	0
10	31	21	0	0
10	31	22	0	0
10	31	23	0	0
10	31	24	0	0
11	1	1	0	0
11	1	2	0	0
11	1	3	0	0
11	1	4	0	0
11	1	5	0	0
11	1	6	0	0
11	1	7	0	0
11	1	8	91	49
11	1	9	274	68
11	1	10	349	138
11	1	11	350	205
11	1	12	296	205
11	1	13	469	183
11	1	14	431	165
11	1	15	273	169
11	1	16	238	95
11	1	17	57	40
11	1	18	0	0
11	1	19	0	0
11	1	20	0	0
11	1	21	0	0
11	1	22	0	0
11	1	23	0	0
11	1	24	0	0
11	2	1	0	0
11	2	2	0	0
11	2	3	0	0
11	2	4	0	0
11	2	5	0	0
11	2	6	0	0
11	2	7	0	0
11	2	8	43	29
11	2	9	170	108
11	2	10	328	142
11	2	11	418	164
11	2	12	361	216
11	2	13	273	182
11	2	14	379	186
11	2	15	199	133
11	2	16	245	84
11	2	17	83	47
11	2	18	0	0
11	2	19	0	0
11	2	20	0	0
11	2	21	0	0
11	2	22	0	0
11	2	23	0	0
11	2	24	0	0
11	3	1	0	0
11	3	2	0	0
11	3	3	0	0
11	3	4	0	0
11	3	5	0	0
11	3	6	0	0
11	3	7	0	0
11	3	8	57	55
11	3	9	192	154
11	3	10	337	191
11	3	11	464	183
11	3	12	522	185
11	3	13	583	114
11	3	14	528	108
11	3	15	418	104
11	3	16	270	88
11	3	17	100	53
11	3	18	0	0
11	3	19	0	0
11	3	20	0	0
11	3	21	0	0
11	3	22	0	0
11	3	23	0	0
11	3	24	0	0
11	4	1	0	0
11	4	2	0	0
11	4	3	0	0
11	4	4	0	0
11	4	5	0	0
11	4	6	0	0
11	4	7	0	0
11	4	8	51	34
11	4	9	84	56
11	4	10	182	122
11	4	11	300	190
11	4	12	337	210
11	4	13	212	141
11	4	14	205	137
11	4	15	193	129
11	4	16	138	92
11	4	17	53	35
11	4	18	0	0
11	4	19	0	0
11	4	20	0	0
11	4	21	0	0
11	4	22	0	0
11	4	23	0	0
11	4	24	0	0
11	5	1	0	0
11	5	2	0	0
11	5	3	0	0
11	5	4	0	0
11	5	5	0	0
11	5	6	0	0
11	5	7	0	0
11	5	8	60	39
11	5	9	165	101
11	5	10	303	142
11	5	11	309	185
11	5	12	319	198
11	5	13	313	196
11	5	14	232	150
11	5	15	211	136
11	5	16	78	50
11	5	17	31	20
11	5	18	0	0
11	5	19	0	0
11	5	20	0	0
11	5	21	0	0
11	5	22	0	0
11	5	23	0	0
11	5	24	0	0
11	6	1	0	0
11	6	2	0	0
11	6	3	0	0
11	6	4	0	0
11	6	5	0	0
11	6	6	0	0
11	6	7	0	0
11	6	8	51	43
11	6	9	167	130
11	6	10	311	176
11	6	11	428	181
11	6	12	487	184
11	6	13	520	151
11	6	14	514	95
11	6	15	405	91
11	6	16	221	110
11	6	17	69	53
11	6	18	0	0
11	6	19	0	0
11	6	20	0	0
11	6	21	0	0
11	6	22	0	0
11	6	23	0	0
11	6	24	0	0
11	7	1	0	0
11	7	2	0	0
11	7	3	0	0
11	7	4	0	0
11	7	5	0	0
11	7	6	0	0
11	7	7	0	0
11	7	8	39	26
11	7	9	205	93
11	7	10	280	150
11	7	11	414	150
11	7	12	432	179
11	7	13	312	201
11	7	14	326	189
11	7	15	342	117
11	7	16	171	103
11	7	17	46	30
11	7	18	0	0
11	7	19	0	0
11	7	20	0	0
11	7	21	0	0
11	7	22	0	0
11	7	23	0	0
11	7	24	0	0
11	8	1	0	0
11	8	2	0	0
11	8	3	0	0
11	8	4	0	0
11	8	5	0	0
11	8	6	0	0
11	8	7	0	0
11	8	8	77	51
11	8	9	239	95
11	8	10	379	120
11	8	11	405	212
11	8	12	473	206
11	8	13	557	113
11	8	14	505	105
11	8	15	397	99
11	8	16	222	111
11	8	17	80	49
11	8	18	0	0
11	8	19	0	0
11	8	20	0	0
11	8	21	0	0
11	8	22	0	0
11	8	23	0	0
11	8	24	0	0
11	9	1	0	0
11	9	2	0	0
11	9	3	0	0
11	9	4	0	0
11	9	5	0	0
11	9	6	0	0
11	9	7	0	0
11	9	8	80	43
11	9	9	219	106
11	9	10	321	166
11	9	11	472	132
11	9	12	488	177
11	9	13	505	160
11	9	14	485	118
11	9	15	379	109
11	9	16	232	93
11	9	17	79	44
11	9	18	0	0
11	9	19	0	0
11	9	20	0	0
11	9	21	0	0
11	9	22	0	0
11	9	23	0	0
11	9	24	0	0
11	10	1	0	0
11	10	2	0	0
11	10	3	0	0
11	10	4	0	0
11	10	5	0	0
11	10	6	0	0
11	10	7	0	0
11	10	8	63	51
11	10	9	240	83
11	10	10	389	97
11	10	11	478	124
11	10	12	554	104
11	10	13	459	207
11	10	14	405	200
11	10	15	350	139
11	10	16	243	80
11	10	17	77	44
11	10	18	0	0
11	10	19	0	0
11	10	20	0	0
11	10	21	0	0
11	10	22	0	0
11	10	23	0	0
11	10	24	0	0
11	11	1	0	0
11	11	2	0	0
11	11	3	0	0
11	11	4	0	0
11	11	5	0	0
11	11	6	0	0
11	11	7	0	0
11	11	8	73	44
11	11	9	222	99
11	11	10	325	162
11	11	11	473	127
11	11	12	550	106
11	11	13	507	155
11	11	14	489	108
11	11	15	341	146
11	11	16	192	125
11	11	17	67	48
11	11	18	0	0
11	11	19	0	0
11	11	20	0	0
11	11	21	0	0
11	11	22	0	0
11	11	23	0	0
11	11	24	0	0
11	12	1	0	0
11	12	2	0	0
11	12	3	0	0
11	12	4	0	0
11	12	5	0	0
11	12	6	0	0
11	12	7	0	0
11	12	8	70	43
11	12	9	203	113
11	12	10	339	144
11	12	11	442	157
11	12	12	511	146
11	12	13	537	116
11	12	14	475	120
11	12	15	381	98
11	12	16	195	119
11	12	17	68	45
11	12	18	0	0
11	12	19	0	0
11	12	20	0	0
11	12	21	0	0
11	12	22	0	0
11	12	23	0	0
11	12	24	0	0
11	13	1	0	0
11	13	2	0	0
11	13	3	0	0
11	13	4	0	0
11	13	5	0	0
11	13	6	0	0
11	13	7	0	0
11	13	8	27	18
11	13	9	142	93
11	13	10	230	146
11	13	11	421	127
11	13	12	454	147
11	13	13	383	191
11	13	14	348	173
11	13	15	227	145
11	13	16	175	94
11	13	17	60	33
11	13	18	0	0
11	13	19	0	0
11	13	20	0	0
11	13	21	0	0
11	13	22	0	0
11	13	23	0	0
11	13	24	0	0
11	14	1	0	0
11	14	2	0	0
11	14	3	0	0
11	14	4	0	0
11	14	5	0	0
11	14	6	0	0
11	14	7	0	0
11	14	8	60	32
11	14	9	167	95
11	14	10	224	145
11	14	11	373	159
11	14	12	419	170
11	14	13	427	164
11	14	14	405	137
11	14	15	313	118
11	14	16	143	93
11	14	17	53	33
11	14	18	0	0
11	14	19	0	0
11	14	20	0	0
11	14	21	0	0
11	14	22	0	0
11	14	23	0	0
11	14	24	0	0
11	15	1	0	0
11	15	2	0	0
11	15	3	0	0
11	15	4	0	0
11	15	5	0	0
11	15	6	0	0
11	15	7	0	0
11	15	8	17	14
11	15	9	86	68
11	15	10	96	76
11	15	11	127	101
11	15	12	16	13
11	15	13	219	174
11	15	14	276	208
11	15	15	187	149
11	15	16	132	103
11	15	17	45	35
11	15	18	0	0
11	15	19	0	0
11	15	20	0	0
11	15	21	0	0
11	15	22	0	0
11	15	23	0	0
11	15	24	0	0
11	16	1	0	0
11	16	2	0	0
11	16	3	0	0
11	16	4	0	0
11	16	5	0	0
11	16	6	0	0
11	16	7	0	0
11	16	8	41	30
11	16	9	185	89
11	16	10	203	144
11	16	11	223	162
11	16	12	388	194
11	16	13	519	91
11	16	14	375	161
11	16	15	295	132
11	16	16	167	97
11	16	17	54	32
11	16	18	0	0
11	16	19	0	0
11	16	20	0	0
11	16	21	0	0
11	16	22	0	0
11	16	23	0	0
11	16	24	0	0
11	17	1	0	0
11	17	2	0	0
11	17	3	0	0
11	17	4	0	0
11	17	5	0	0
11	17	6	0	0
11	17	7	0	0
11	17	8	2	2
11	17	9	14	11
11	17	10	37	29
11	17	11	55	43
11	17	12	47	37
11	17	13	47	37
11	17	14	46	36
11	17	15	30	24
11	17	16	8	7
11	17	17	7	5
11	17	18	0	0
11	17	19	0	0
11	17	20	0	0
11	17	21	0	0
11	17	22	0	0
11	17	23	0	0
11	17	24	0	0
11	18	1	0	0
11	18	2	0	0
11	18	3	0	0
11	18	4	0	0
11	18	5	0	0
11	18	6	0	0
11	18	7	0	0
11	18	8	16	11
11	18	9	62	45
11	18	10	132	95
11	18	11	192	139
11	18	12	211	152
11	18	13	326	208
11	18	14	254	179
11	18	15	107	77
11	18	16	72	52
11	18	17	31	22
11	18	18	0	0
11	18	19	0	0
11	18	20	0	0
11	18	21	0	0
11	18	22	0	0
11	18	23	0	0
11	18	24	0	0
11	19	1	0	0
11	19	2	0	0
11	19	3	0	0
11	19	4	0	0
11	19	5	0	0
11	19	6	0	0
11	19	7	0	0
11	19	8	54	33
11	19	9	208	77
11	19	10	303	144
11	19	11	446	116
11	19	12	466	156
11	19	13	504	116
11	19	14	447	114
11	19	15	301	145
11	19	16	142	116
11	19	17	48	36
11	19	18	0	0
11	19	19	0	0
11	19	20	0	0
11	19	21	0	0
11	19	22	0	0
11	19	23	0	0
11	19	24	0	0
11	20	1	0	0
11	20	2	0	0
11	20	3	0	0
11	20	4	0	0
11	20	5	0	0
11	20	6	0	0
11	20	7	0	0
11	20	8	40	27
11	20	9	99	70
11	20	10	95	67
11	20	11	147	103
11	20	12	207	146
11	20	13	253	178
11	20	14	273	180
11	20	15	149	105
11	20	16	90	63
11	20	17	36	25
11	20	18	0	0
11	20	19	0	0
11	20	20	0	0
11	20	21	0	0
11	20	22	0	0
11	20	23	0	0
11	20	24	0	0
11	21	1	0	0
11	21	2	0	0
11	21	3	0	0
11	21	4	0	0
11	21	5	0	0
11	21	6	0	0
11	21	7	0	0
11	21	8	50	29
11	21	9	168	98
11	21	10	280	146
11	21	11	366	174
11	21	12	440	162
11	21	13	509	94
11	21	14	424	121
11	21	15	348	86
11	21	16	160	102
11	21	17	48	30
11	21	18	0	0
11	21	19	0	0
11	21	20	0	0
11	21	21	0	0
11	21	22	0	0
11	21	23	0	0
11	21	24	0	0
11	22	1	0	0
11	22	2	0	0
11	22	3	0	0
11	22	4	0	0
11	22	5	0	0
11	22	6	0	0
11	22	7	0	0
11	22	8	13	10
11	22	9	35	26
11	22	10	11	8
11	22	11	104	77
11	22	12	141	104
11	22	13	276	199
11	22	14	176	130
11	22	15	138	102
11	22	16	94	70
11	22	17	32	24
11	22	18	0	0
11	22	19	0	0
11	22	20	0	0
11	22	21	0	0
11	22	22	0	0
11	22	23	0	0
11	22	24	0	0
11	23	1	0	0
11	23	2	0	0
11	23	3	0	0
11	23	4	0	0
11	23	5	0	0
11	23	6	0	0
11	23	7	0	0
11	23	8	46	21
11	23	9	150	78
11	23	10	272	111
11	23	11	244	149
11	23	12	293	172
11	23	13	273	166
11	23	14	296	157
11	23	15	167	104
11	23	16	151	77
11	23	17	44	21
11	23	18	0	0
11	23	19	0	0
11	23	20	0	0
11	23	21	0	0
11	23	22	0	0
11	23	23	0	0
11	23	24	0	0
11	24	1	0	0
11	24	2	0	0
11	24	3	0	0
11	24	4	0	0
11	24	5	0	0
11	24	6	0	0
11	24	7	0	0
11	24	8	24	19
11	24	9	44	34
11	24	10	137	106
11	24	11	182	140
11	24	12	199	153
11	24	13	160	123
11	24	14	204	157
11	24	15	95	73
11	24	16	57	44
11	24	17	23	18
11	24	18	0	0
11	24	19	0	0
11	24	20	0	0
11	24	21	0	0
11	24	22	0	0
11	24	23	0	0
11	24	24	0	0
11	25	1	0	0
11	25	2	0	0
11	25	3	0	0
11	25	4	0	0
11	25	5	0	0
11	25	6	0	0
11	25	7	0	0
11	25	8	29	23
11	25	9	121	93
11	25	10	214	156
11	25	11	440	88
11	25	12	473	113
11	25	13	465	120
11	25	14	355	164
11	25	15	261	143
11	25	16	136	97
11	25	17	43	25
11	25	18	0	0
11	25	19	0	0
11	25	20	0	0
11	25	21	0	0
11	25	22	0	0
11	25	23	0	0
11	25	24	0	0
11	26	1	0	0
11	26	2	0	0
11	26	3	0	0
11	26	4	0	0
11	26	5	0	0
11	26	6	0	0
11	26	7	0	0
11	26	8	41	33
11	26	9	194	86
11	26	10	333	111
11	26	11	437	122
11	26	12	492	125
11	26	13	492	125
11	26	14	437	122
11	26	15	333	111
11	26	16	194	86
11	26	17	41	33
11	26	18	0	0
11	26	19	0	0
11	26	20	0	0
11	26	21	0	0
11	26	22	0	0
11	26	23	0	0
11	26	24	0	0
11	27	1	0	0
11	27	2	0	0
11	27	3	0	0
11	27	4	0	0
11	27	5	0	0
11	27	6	0	0
11	27	7	0	0
11	27	8	40	23
11	27	9	184	68
11	27	10	325	85
11	27	11	400	121
11	27	12	359	200
11	27	13	411	163
11	27	14	396	124
11	27	15	284	122
11	27	16	191	62
11	27	17	40	23
11	27	18	0	0
11	27	19	0	0
11	27	20	0	0
11	27	21	0	0
11	27	22	0	0
11	27	23	0	0
11	27	24	0	0
11	28	1	0	0
11	28	2	0	0
11	28	3	0	0
11	28	4	0	0
11	28	5	0	0
11	28	6	0	0
11	28	7	0	0
11	28	8	43	20
11	28	9	173	77
11	28	10	286	121
11	28	11	390	131
11	28	12	482	97
11	28	13	433	145
11	28	14	341	172
11	28	15	284	123
11	28	16	164	84
11	28	17	43	20
11	28	18	0	0
11	28	19	0	0
11	28	20	0	0
11	28	21	0	0
11	28	22	0	0
11	28	23	0	0
11	28	24	0	0
11	29	1	0	0
11	29	2	0	0
11	29	3	0	0
11	29	4	0	0
11	29	5	0	0
11	29	6	0	0
11	29	7	0	0
11	29	8	42	25
11	29	9	171	96
11	29	10	309	122
11	29	11	423	119
11	29	12	488	110
11	29	13	488	110
11	29	14	423	119
11	29	15	309	122
11	29	16	171	96
11	29	17	42	25
11	29	18	0	0
11	29	19	0	0
11	29	20	0	0
11	29	21	0	0
11	29	22	0	0
11	29	23	0	0
11	29	24	0	0
11	30	1	0	0
11	30	2	0	0
11	30	3	0	0
11	30	4	0	0
11	30	5	0	0
11	30	6	0	0
11	30	7	0	0
11	30	8	41	24
11	30	9	169	94
11	30	10	307	122
11	30	11	420	119
11	30	12	485	110
11	30	13	485	110
11	30	14	420	119
11	30	15	307	122
11	30	16	169	94
11	30	17	41	24
11	30	18	0	0
11	30	19	0	0
11	30	20	0	0
11	30	21	0	0
11	30	22	0	0
11	30	23	0	0
11	30	24	0	0
12	1	1	0	0
12	1	2	0	0
12	1	3	0	0
12	1	4	0	0
12	1	5	0	0
12	1	6	0	0
12	1	7	0	0
12	1	8	34	21
12	1	9	129	91
12	1	10	272	121
12	1	11	365	141
12	1	12	377	179
12	1	13	471	97
12	1	14	390	119
12	1	15	193	145
12	1	16	68	53
12	1	17	39	18
12	1	18	0	0
12	1	19	0	0
12	1	20	0	0
12	1	21	0	0
12	1	22	0	0
12	1	23	0	0
12	1	24	0	0
12	2	1	0	0
12	2	2	0	0
12	2	3	0	0
12	2	4	0	0
12	2	5	0	0
12	2	6	0	0
12	2	7	0	0
12	2	8	38	22
12	2	9	165	92
12	2	10	302	120
12	2	11	415	119
12	2	12	478	111
12	2	13	478	111
12	2	14	415	119
12	2	15	302	120
12	2	16	165	92
12	2	17	38	22
12	2	18	0	0
12	2	19	0	0
12	2	20	0	0
12	2	21	0	0
12	2	22	0	0
12	2	23	0	0
12	2	24	0	0
12	3	1	0	0
12	3	2	0	0
12	3	3	0	0
12	3	4	0	0
12	3	5	0	0
12	3	6	0	0
12	3	7	0	0
12	3	8	34	21
12	3	9	145	94
12	3	10	298	107
12	3	11	412	105
12	3	12	475	98
12	3	13	454	121
12	3	14	374	144
12	3	15	265	137
12	3	16	133	99
12	3	17	33	22
12	3	18	0	0
12	3	19	0	0
12	3	20	0	0
12	3	21	0	0
12	3	22	0	0
12	3	23	0	0
12	3	24	0	0
12	4	1	0	0
12	4	2	0	0
12	4	3	0	0
12	4	4	0	0
12	4	5	0	0
12	4	6	0	0
12	4	7	0	0
12	4	8	29	19
12	4	9	104	78
12	4	10	242	131
12	4	11	394	105
12	4	12	405	146
12	4	13	443	112
12	4	14	336	152
12	4	15	244	130
12	4	16	162	69
12	4	17	37	16
12	4	18	0	0
12	4	19	0	0
12	4	20	0	0
12	4	21	0	0
12	4	22	0	0
12	4	23	0	0
12	4	24	0	0
12	5	1	0	0
12	5	2	0	0
12	5	3	0	0
12	5	4	0	0
12	5	5	0	0
12	5	6	0	0
12	5	7	0	0
12	5	8	14	11
12	5	9	79	64
12	5	10	196	148
12	5	11	190	154
12	5	12	208	168
12	5	13	13	10
12	5	14	167	135
12	5	15	31	25
12	5	16	9	8
12	5	17	19	15
12	5	18	0	0
12	5	19	0	0
12	5	20	0	0
12	5	21	0	0
12	5	22	0	0
12	5	23	0	0
12	5	24	0	0
12	6	1	0	0
12	6	2	0	0
12	6	3	0	0
12	6	4	0	0
12	6	5	0	0
12	6	6	0	0
12	6	7	0	0
12	6	8	28	16
12	6	9	38	25
12	6	10	147	97
12	6	11	220	144
12	6	12	221	145
12	6	13	292	173
12	6	14	232	149
12	6	15	224	119
12	6	16	82	54
12	6	17	26	16
12	6	18	0	0
12	6	19	0	0
12	6	20	0	0
12	6	21	0	0
12	6	22	0	0
12	6	23	0	0
12	6	24	0	0
12	7	1	0	0
12	7	2	0	0
12	7	3	0	0
12	7	4	0	0
12	7	5	0	0
12	7	6	0	0
12	7	7	0	0
12	7	8	28	16
12	7	9	14	10
12	7	10	186	124
12	7	11	111	77
12	7	12	206	143
12	7	13	289	182
12	7	14	307	152
12	7	15	185	124
12	7	16	129	76
12	7	17	32	14
12	7	18	0	0
12	7	19	0	0
12	7	20	0	0
12	7	21	0	0
12	7	22	0	0
12	7	23	0	0
12	7	24	0	0
12	8	1	0	0
12	8	2	0	0
12	8	3	0	0
12	8	4	0	0
12	8	5	0	0
12	8	6	0	0
12	8	7	0	0
12	8	8	20	14
12	8	9	105	70
12	8	10	222	123
12	8	11	305	150
12	8	12	255	171
12	8	13	269	176
12	8	14	159	109
12	8	15	106	73
12	8	16	33	22
12	8	17	12	8
12	8	18	0	0
12	8	19	0	0
12	8	20	0	0
12	8	21	0	0
12	8	22	0	0
12	8	23	0	0
12	8	24	0	0
12	9	1	0	0
12	9	2	0	0
12	9	3	0	0
12	9	4	0	0
12	9	5	0	0
12	9	6	0	0
12	9	7	0	0
12	9	8	33	15
12	9	9	155	72
12	9	10	288	97
12	9	11	399	98
12	9	12	447	107
12	9	13	391	160
12	9	14	366	129
12	9	15	210	148
12	9	16	132	86
12	9	17	32	15
12	9	18	0	0
12	9	19	0	0
12	9	20	0	0
12	9	21	0	0
12	9	22	0	0
12	9	23	0	0
12	9	24	0	0
12	10	1	0	0
12	10	2	0	0
12	10	3	0	0
12	10	4	0	0
12	10	5	0	0
12	10	6	0	0
12	10	7	0	0
12	10	8	24	16
12	10	9	65	47
12	10	10	180	125
12	10	11	186	133
12	10	12	134	96
12	10	13	127	91
12	10	14	186	133
12	10	15	108	78
12	10	16	86	61
12	10	17	32	13
12	10	18	0	0
12	10	19	0	0
12	10	20	0	0
12	10	21	0	0
12	10	22	0	0
12	10	23	0	0
12	10	24	0	0
12	11	1	0	0
12	11	2	0	0
12	11	3	0	0
12	11	4	0	0
12	11	5	0	0
12	11	6	0	0
12	11	7	0	0
12	11	8	20	14
12	11	9	82	56
12	11	10	232	116
12	11	11	350	118
12	11	12	387	134
12	11	13	267	173
12	11	14	295	151
12	11	15	235	114
12	11	16	143	66
12	11	17	32	12
12	11	18	0	0
12	11	19	0	0
12	11	20	0	0
12	11	21	0	0
12	11	22	0	0
12	11	23	0	0
12	11	24	0	0
12	12	1	0	0
12	12	2	0	0
12	12	3	0	0
12	12	4	0	0
12	12	5	0	0
12	12	6	0	0
12	12	7	0	0
12	12	8	31	15
12	12	9	115	92
12	12	10	267	120
12	12	11	365	135
12	12	12	456	100
12	12	13	399	159
12	12	14	394	105
12	12	15	284	104
12	12	16	152	76
12	12	17	31	15
12	12	18	0	0
12	12	19	0	0
12	12	20	0	0
12	12	21	0	0
12	12	22	0	0
12	12	23	0	0
12	12	24	0	0
12	13	1	0	0
12	13	2	0	0
12	13	3	0	0
12	13	4	0	0
12	13	5	0	0
12	13	6	0	0
12	13	7	0	0
12	13	8	16	11
12	13	9	89	62
12	13	10	137	95
12	13	11	279	159
12	13	12	360	154
12	13	13	240	166
12	13	14	120	83
12	13	15	124	86
12	13	16	71	49
12	13	17	22	15
12	13	18	0	0
12	13	19	0	0
12	13	20	0	0
12	13	21	0	0
12	13	22	0	0
12	13	23	0	0
12	13	24	0	0
12	14	1	0	0
12	14	2	0	0
12	14	3	0	0
12	14	4	0	0
12	14	5	0	0
12	14	6	0	0
12	14	7	0	0
12	14	8	30	12
12	14	9	137	72
12	14	10	279	91
12	14	11	346	128
12	14	12	353	168
12	14	13	394	138
12	14	14	365	113
12	14	15	241	119
12	14	16	105	75
12	14	17	24	15
12	14	18	0	0
12	14	19	0	0
12	14	20	0	0
12	14	21	0	0
12	14	22	0	0
12	14	23	0	0
12	14	24	0	0
12	15	1	0	0
12	15	2	0	0
12	15	3	0	0
12	15	4	0	0
12	15	5	0	0
12	15	6	0	0
12	15	7	0	0
12	15	8	30	16
12	15	9	149	83
12	15	10	281	114
12	15	11	391	117
12	15	12	453	111
12	15	13	453	111
12	15	14	391	117
12	15	15	281	114
12	15	16	149	83
12	15	17	30	16
12	15	18	0	0
12	15	19	0	0
12	15	20	0	0
12	15	21	0	0
12	15	22	0	0
12	15	23	0	0
12	15	24	0	0
12	16	1	0	0
12	16	2	0	0
12	16	3	0	0
12	16	4	0	0
12	16	5	0	0
12	16	6	0	0
12	16	7	0	0
12	16	8	21	17
12	16	9	35	30
12	16	10	73	62
12	16	11	72	61
12	16	12	137	116
12	16	13	164	139
12	16	14	106	90
12	16	15	77	65
12	16	16	37	32
12	16	17	12	10
12	16	18	0	0
12	16	19	0	0
12	16	20	0	0
12	16	21	0	0
12	16	22	0	0
12	16	23	0	0
12	16	24	0	0
12	17	1	0	0
12	17	2	0	0
12	17	3	0	0
12	17	4	0	0
12	17	5	0	0
12	17	6	0	0
12	17	7	0	0
12	17	8	29	12
12	17	9	115	74
12	17	10	208	126
12	17	11	176	125
12	17	12	210	150
12	17	13	276	182
12	17	14	374	100
12	17	15	280	85
12	17	16	142	66
12	17	17	29	12
12	17	18	0	0
12	17	19	0	0
12	17	20	0	0
12	17	21	0	0
12	17	22	0	0
12	17	23	0	0
12	17	24	0	0
12	18	1	0	0
12	18	2	0	0
12	18	3	0	0
12	18	4	0	0
12	18	5	0	0
12	18	6	0	0
12	18	7	0	0
12	18	8	29	14
12	18	9	126	88
12	18	10	252	127
12	18	11	342	150
12	18	12	430	121
12	18	13	450	100
12	18	14	388	105
12	18	15	279	102
12	18	16	148	74
12	18	17	29	14
12	18	18	0	0
12	18	19	0	0
12	18	20	0	0
12	18	21	0	0
12	18	22	0	0
12	18	23	0	0
12	18	24	0	0
12	19	1	0	0
12	19	2	0	0
12	19	3	0	0
12	19	4	0	0
12	19	5	0	0
12	19	6	0	0
12	19	7	0	0
12	19	8	29	15
12	19	9	148	79
12	19	10	279	109
12	19	11	375	126
12	19	12	450	106
12	19	13	444	113
12	19	14	377	124
12	19	15	279	109
12	19	16	132	91
12	19	17	29	15
12	19	18	0	0
12	19	19	0	0
12	19	20	0	0
12	19	21	0	0
12	19	22	0	0
12	19	23	0	0
12	19	24	0	0
12	20	1	0	0
12	20	2	0	0
12	20	3	0	0
12	20	4	0	0
12	20	5	0	0
12	20	6	0	0
12	20	7	0	0
12	20	8	28	13
12	20	9	76	60
12	20	10	224	134
12	20	11	287	174
12	20	12	404	134
12	20	13	449	92
12	20	14	388	96
12	20	15	243	122
12	20	16	110	81
12	20	17	29	12
12	20	18	0	0
12	20	19	0	0
12	20	20	0	0
12	20	21	0	0
12	20	22	0	0
12	20	23	0	0
12	20	24	0	0
12	21	1	0	0
12	21	2	0	0
12	21	3	0	0
12	21	4	0	0
12	21	5	0	0
12	21	6	0	0
12	21	7	0	0
12	21	8	28	13
12	21	9	100	76
12	21	10	191	137
12	21	11	325	148
12	21	12	406	131
12	21	13	443	97
12	21	14	348	131
12	21	15	279	93
12	21	16	117	81
12	21	17	26	14
12	21	18	0	0
12	21	19	0	0
12	21	20	0	0
12	21	21	0	0
12	21	22	0	0
12	21	23	0	0
12	21	24	0	0
12	22	1	0	0
12	22	2	0	0
12	22	3	0	0
12	22	4	0	0
12	22	5	0	0
12	22	6	0	0
12	22	7	0	0
12	22	8	29	10
12	22	9	82	54
12	22	10	112	74
12	22	11	278	147
12	22	12	335	156
12	22	13	285	168
12	22	14	268	149
12	22	15	126	83
12	22	16	105	66
12	22	17	25	13
12	22	18	0	0
12	22	19	0	0
12	22	20	0	0
12	22	21	0	0
12	22	22	0	0
12	22	23	0	0
12	22	24	0	0
12	23	1	0	0
12	23	2	0	0
12	23	3	0	0
12	23	4	0	0
12	23	5	0	0
12	23	6	0	0
12	23	7	0	0
12	23	8	12	10
12	23	9	14	12
12	23	10	55	45
12	23	11	87	72
12	23	12	73	60
12	23	13	100	82
12	23	14	95	79
12	23	15	27	23
12	23	16	18	15
12	23	17	3	2
12	23	18	0	0
12	23	19	0	0
12	23	20	0	0
12	23	21	0	0
12	23	22	0	0
12	23	23	0	0
12	23	24	0	0
12	24	1	0	0
12	24	2	0	0
12	24	3	0	0
12	24	4	0	0
12	24	5	0	0
12	24	6	0	0
12	24	7	0	0
12	24	8	4	4
12	24	9	16	14
12	24	10	23	20
12	24	11	48	43
12	24	12	66	59
12	24	13	67	60
12	24	14	61	55
12	24	15	64	57
12	24	16	30	27
12	24	17	3	3
12	24	18	0	0
12	24	19	0	0
12	24	20	0	0
12	24	21	0	0
12	24	22	0	0
12	24	23	0	0
12	24	24	0	0
12	25	1	0	0
12	25	2	0	0
12	25	3	0	0
12	25	4	0	0
12	25	5	0	0
12	25	6	0	0
12	25	7	0	0
12	25	8	29	11
12	25	9	115	69
12	25	10	234	108
12	25	11	334	121
12	25	12	268	167
12	25	13	335	157
12	25	14	339	118
12	25	15	216	115
12	25	16	141	61
12	25	17	29	11
12	25	18	0	0
12	25	19	0	0
12	25	20	0	0
12	25	21	0	0
12	25	22	0	0
12	25	23	0	0
12	25	24	0	0
12	26	1	0	0
12	26	2	0	0
12	26	3	0	0
12	26	4	0	0
12	26	5	0	0
12	26	6	0	0
12	26	7	0	0
12	26	8	28	14
12	26	9	127	82
12	26	10	206	142
12	26	11	310	165
12	26	12	435	109
12	26	13	442	102
12	26	14	370	115
12	26	15	280	95
12	26	16	148	69
12	26	17	29	13
12	26	18	0	0
12	26	19	0	0
12	26	20	0	0
12	26	21	0	0
12	26	22	0	0
12	26	23	0	0
12	26	24	0	0
12	27	1	0	0
12	27	2	0	0
12	27	3	0	0
12	27	4	0	0
12	27	5	0	0
12	27	6	0	0
12	27	7	0	0
12	27	8	29	14
12	27	9	148	76
12	27	10	270	114
12	27	11	381	116
12	27	12	421	134
12	27	13	423	132
12	27	14	390	107
12	27	15	280	104
12	27	16	148	76
12	27	17	29	14
12	27	18	0	0
12	27	19	0	0
12	27	20	0	0
12	27	21	0	0
12	27	22	0	0
12	27	23	0	0
12	27	24	0	0
12	28	1	0	0
12	28	2	0	0
12	28	3	0	0
12	28	4	0	0
12	28	5	0	0
12	28	6	0	0
12	28	7	0	0
12	28	8	29	14
12	28	9	103	80
12	28	10	179	137
12	28	11	317	160
12	28	12	442	103
12	28	13	426	118
12	28	14	390	97
12	28	15	260	113
12	28	16	131	80
12	28	17	28	15
12	28	18	0	0
12	28	19	0	0
12	28	20	0	0
12	28	21	0	0
12	28	22	0	0
12	28	23	0	0
12	28	24	0	0
12	29	1	0	0
12	29	2	0	0
12	29	3	0	0
12	29	4	0	0
12	29	5	0	0
12	29	6	0	0
12	29	7	0	0
12	29	8	29	12
12	29	9	70	49
12	29	10	175	119
12	29	11	327	134
12	29	12	335	168
12	29	13	396	128
12	29	14	341	125
12	29	15	227	119
12	29	16	107	72
12	29	17	23	14
12	29	18	0	0
12	29	19	0	0
12	29	20	0	0
12	29	21	0	0
12	29	22	0	0
12	29	23	0	0
12	29	24	0	0
12	30	1	0	0
12	30	2	0	0
12	30	3	0	0
12	30	4	0	0
12	30	5	0	0
12	30	6	0	0
12	30	7	0	0
12	30	8	28	14
12	30	9	97	70
12	30	10	200	130
12	30	11	292	161
12	30	12	439	98
12	30	13	455	84
12	30	14	284	164
12	30	15	216	129
12	30	16	126	76
12	30	17	30	12
12	30	18	0	0
12	30	19	0	0
12	30	20	0	0
12	30	21	0	0
12	30	22	0	0
12	30	23	0	0
12	30	24	0	0
12	31	1	0	0
12	31	2	0	0
12	31	3	0	0
12	31	4	0	0
12	31	5	0	0
12	31	6	0	0
12	31	7	0	0
12	31	8	31	13
12	31	9	132	76
12	31	10	220	131
12	31	11	390	94
12	31	12	443	98
12	31	13	362	165
12	31	14	298	163
12	31	15	235	124
12	31	16	151	65
12	31	17	31	13
12	31	18	0	0
12	31	19	0	0
12	31	20	0	0
12	31	21	0	0
12	31	22	0	0
12	31	23	0	0
12	31	24	0	0
