{
  "type": "FeatureCollection",
  "name": "Alameda_Arro_radiation_error_map",
  "features": [
    {
      "type": "Feature",
      "properties": {
        "area_id": "Alameda_Arro",
        "osm_uid": "cea/2",
        "osmid": "2",
        "element_type": "cea_zone",
        "building": "yes",
        "cea_name": "B1002",
        "intersection_area_m2": 228.82797568766074,
        "is_residential": true,
        "residential_source": "cea",
        "radiation_sum_kwh_year": 437570.809984375,
        "radiation_sum": 437570.809984375,
        "radiation_point_count": 377.0,
        "use_type1": "MULTI_RES",
        "use_type2": "NONE",
        "use_type3": "NONE",
        "resi_type": null,
        "comparison_status": "matched",
        "validation_radiation_kwh_year": 437570.809984375,
        "ucea_radiation_kwh_year": 407714.4999999996,
        "workflow0_radiation_kwh_year": 369377.7299999998,
        "validation_area_m2": 228.82797568766074,
        "ucea_roofs_top_m2": 253.39,
        "err_ucea_minus_validation_kwh_year": -29856.30998437543,
        "err_ucea_abs_kwh_year": 29856.30998437543,
        "err_ucea_pct_of_validation": -0.06823195081372442,
        "err_ucea_area_minus_validation_m2": 24.562024312339247,
        "err_ucea_area_pct_of_validation": 0.10733838045163341,
        "err_workflow0_minus_validation_kwh_year": -68193.07998437522,
        "err_workflow0_abs_kwh_year": 68193.07998437522,
        "err_workflow0_pct_of_validation": -0.1558446734296794
      },
      "geometry": {
        "type": "Polygon",
        "coordinates": [
          [
            [
              -9.138322299999999,
              38.728023300000004
            ],
            [
              -9.1382395,
              38.7280158
            ],
            [
              -9.1382374,
              38.72803009999999
            ],
            [
              -9.138156099999998,
              38.728022699999975
            ],
            [
              -9.1381795,
              38.72786499999999
            ],
            [
              -9.1382555,
              38.72787180000001
            ],
            [
              -9.1382533,
              38.727886599999984
            ],
            [
              -9.138341499999997,
              38.72789459999999
            ],
            [
              -9.138322299999999,
              38.728023300000004
            ]
          ]
        ]
      }
    },
    {
      "type": "Feature",
      "properties": {
        "area_id": "Alameda_Arro",
        "osm_uid": "cea/3",
        "osmid": "3",
        "element_type": "cea_zone",
        "building": "yes",
        "cea_name": "B1003",
        "intersection_area_m2": 211.57024381517928,
        "is_residential": true,
        "residential_source": "cea",
        "radiation_sum_kwh_year": 244806.012125,
        "radiation_sum": 244806.012125,
        "radiation_point_count": 348.0,
        "use_type1": "MULTI_RES",
        "use_type2": "NONE",
        "use_type3": "NONE",
        "resi_type": null,
        "comparison_status": "matched",
        "validation_radiation_kwh_year": 244806.012125,
        "ucea_radiation_kwh_year": 319583.50999999966,
        "workflow0_radiation_kwh_year": 321169.2900000003,
        "validation_area_m2": 211.57024381517928,
        "ucea_roofs_top_m2": 214.72,
        "err_ucea_minus_validation_kwh_year": 74777.49787499965,
        "err_ucea_abs_kwh_year": 74777.49787499965,
        "err_ucea_pct_of_validation": 0.30545613331104643,
        "err_ucea_area_minus_validation_m2": 3.149756184820717,
        "err_ucea_area_pct_of_validation": 0.014887519757136732,
        "err_workflow0_minus_validation_kwh_year": 76363.27787500032,
        "err_workflow0_abs_kwh_year": 76363.27787500032,
        "err_workflow0_pct_of_validation": 0.311933833700165
      },
      "geometry": {
        "type": "Polygon",
        "coordinates": [
          [
            [
              -9.1388444,
              38.72968550000001
            ],
            [
              -9.1385447,
              38.729669599999994
            ],
            [
              -9.138551099999999,
              38.72959670000001
            ],
            [
              -9.1388508,
              38.72961269999999
            ],
            [
              -9.1388444,
              38.72968550000001
            ]
          ]
        ]
      }
    },
    {
      "type": "Feature",
      "properties": {
        "area_id": "Alameda_Arro",
        "osm_uid": "cea/4",
        "osmid": "4",
        "element_type": "cea_zone",
        "building": "yes",
        "cea_name": "B1004",
        "intersection_area_m2": 143.135464016951,
        "is_residential": true,
        "residential_source": "cea",
        "radiation_sum_kwh_year": 172553.5068125,
        "radiation_sum": 172553.5068125,
        "radiation_point_count": 238.0,
        "use_type1": "MULTI_RES",
        "use_type2": "NONE",
        "use_type3": "NONE",
        "resi_type": null,
        "comparison_status": "matched",
        "validation_radiation_kwh_year": 172553.5068125,
        "ucea_radiation_kwh_year": 180371.13000000027,
        "workflow0_radiation_kwh_year": 119835.77000000008,
        "validation_area_m2": 143.135464016951,
        "ucea_roofs_top_m2": 225.25,
        "err_ucea_minus_validation_kwh_year": 7817.623187500256,
        "err_ucea_abs_kwh_year": 7817.623187500256,
        "err_ucea_pct_of_validation": 0.04530550164938135,
        "err_ucea_area_minus_validation_m2": 82.114535983049,
        "err_ucea_area_pct_of_validation": 0.5736840729654844,
        "err_workflow0_minus_validation_kwh_year": -52717.736812499934,
        "err_workflow0_abs_kwh_year": 52717.736812499934,
        "err_workflow0_pct_of_validation": -0.30551530239129854
      },
      "geometry": {
        "type": "Polygon",
        "coordinates": [
          [
            [
              -9.1386733,
              38.72928249999998
            ],
            [
              -9.1386751,
              38.72926960000001
            ],
            [
              -9.1387519,
              38.72927589999999
            ],
            [
              -9.138745,
              38.729327100000006
            ],
            [
              -9.138667899999998,
              38.7293208
            ],
            [
              -9.1386645,
              38.7293463
            ],
            [
              -9.1385461,
              38.729336599999996
            ],
            [
              -9.1385499,
              38.729307699999985
            ],
            [
              -9.1384445,
              38.7292991
            ],
            [
              -9.1384486,
              38.729269
            ],
            [
              -9.1385535,
              38.7292776
            ],
            [
              -9.1385541,
              38.72927269999999
            ],
            [
              -9.1386733,
              38.72928249999998
            ]
          ]
        ]
      }
    },
    {
      "type": "Feature",
      "properties": {
        "area_id": "Alameda_Arro",
        "osm_uid": "cea/5",
        "osmid": "5",
        "element_type": "cea_zone",
        "building": "yes",
        "cea_name": "B1005",
        "intersection_area_m2": 919.062494461037,
        "is_residential": true,
        "residential_source": "cea",
        "radiation_sum_kwh_year": 1858734.48346875,
        "radiation_sum": 1858734.48346875,
        "radiation_point_count": 1516.0,
        "use_type1": "MULTI_RES",
        "use_type2": "NONE",
        "use_type3": "NONE",
        "resi_type": null,
        "comparison_status": "matched",
        "validation_radiation_kwh_year": 1858734.48346875,
        "ucea_radiation_kwh_year": 1460741.1499999985,
        "workflow0_radiation_kwh_year": 1461057.8499999992,
        "validation_area_m2": 919.062494461037,
        "ucea_roofs_top_m2": 920.99,
        "err_ucea_minus_validation_kwh_year": -397993.3334687515,
        "err_ucea_abs_kwh_year": 397993.3334687515,
        "err_ucea_pct_of_validation": -0.2141205949577159,
        "err_ucea_area_minus_validation_m2": 1.9275055389630324,
        "err_ucea_area_pct_of_validation": 0.002097251874143089,
        "err_workflow0_minus_validation_kwh_year": -397676.63346875086,
        "err_workflow0_abs_kwh_year": 397676.63346875086,
        "err_workflow0_pct_of_validation": -0.2139502102132474
      },
      "geometry": {
        "type": "Polygon",
        "coordinates": [
          [
            [
              -9.138215399999998,
              38.72804619999999
            ],
            [
              -9.1383139,
              38.728054399999984
            ],
            [
              -9.1383325,
              38.728100699999985
            ],
            [
              -9.138224,
              38.72880549999999
            ],
            [
              -9.1382086,
              38.728804700000005
            ],
            [
              -9.138194799999999,
              38.728829999999995
            ],
            [
              -9.1380984,
              38.728821399999994
            ],
            [
              -9.138215399999998,
              38.72804619999999
            ]
          ]
        ]
      }
    },
    {
      "type": "Feature",
      "properties": {
        "area_id": "Alameda_Arro",
        "osm_uid": "cea/6",
        "osmid": "6",
        "element_type": "cea_zone",
        "building": "yes",
        "cea_name": "B1006",
        "intersection_area_m2": 186.20062575811772,
        "is_residential": true,
        "residential_source": "cea",
        "radiation_sum_kwh_year": 337269.4655625,
        "radiation_sum": 337269.4655625,
        "radiation_point_count": 307.0,
        "use_type1": "MULTI_RES",
        "use_type2": "NONE",
        "use_type3": "NONE",
        "resi_type": null,
        "comparison_status": "matched",
        "validation_radiation_kwh_year": 337269.4655625,
        "ucea_radiation_kwh_year": 285189.40000000066,
        "workflow0_radiation_kwh_year": 298385.1499999993,
        "validation_area_m2": 186.20062575811772,
        "ucea_roofs_top_m2": 202.77,
        "err_ucea_minus_validation_kwh_year": -52080.06556249934,
        "err_ucea_abs_kwh_year": 52080.06556249934,
        "err_ucea_pct_of_validation": -0.1544167820696128,
        "err_ucea_area_minus_validation_m2": 16.569374241882286,
        "err_ucea_area_pct_of_validation": 0.08898667324247655,
        "err_workflow0_minus_validation_kwh_year": -38884.31556250068,
        "err_workflow0_abs_kwh_year": 38884.31556250068,
        "err_workflow0_pct_of_validation": -0.11529153846657653
      },
      "geometry": {
        "type": "Polygon",
        "coordinates": [
          [
            [
              -9.1381188,
              38.72956319999999
            ],
            [
              -9.1380663,
              38.72959149999999
            ],
            [
              -9.1378878,
              38.729580299999995
            ],
            [
              -9.1378971,
              38.7294902
            ],
            [
              -9.1381056,
              38.7295033
            ],
            [
              -9.1381188,
              38.72956319999999
            ]
          ]
        ]
      }
    },
    {
      "type": "Feature",
      "properties": {
        "area_id": "Alameda_Arro",
        "osm_uid": "cea/7",
        "osmid": "7",
        "element_type": "cea_zone",
        "building": "yes",
        "cea_name": "B1007",
        "intersection_area_m2": 346.93647452678607,
        "is_residential": true,
        "residential_source": "cea",
        "radiation_sum_kwh_year": 707561.558703125,
        "radiation_sum": 707561.558703125,
        "radiation_point_count": 578.0,
        "use_type1": "MULTI_RES",
        "use_type2": "NONE",
        "use_type3": "NONE",
        "resi_type": null,
        "comparison_status": "matched",
        "validation_radiation_kwh_year": 707561.558703125,
        "ucea_radiation_kwh_year": 678404.99,
        "workflow0_radiation_kwh_year": 539291.3999999975,
        "validation_area_m2": 346.93647452678607,
        "ucea_roofs_top_m2": 440.57,
        "err_ucea_minus_validation_kwh_year": -29156.568703124998,
        "err_ucea_abs_kwh_year": 29156.568703124998,
        "err_ucea_pct_of_validation": -0.04120711243353225,
        "err_ucea_area_minus_validation_m2": 93.63352547321392,
        "err_ucea_area_pct_of_validation": 0.2698866574952318,
        "err_workflow0_minus_validation_kwh_year": -168270.15870312753,
        "err_workflow0_abs_kwh_year": 168270.15870312753,
        "err_workflow0_pct_of_validation": -0.23781698798270845
      },
      "geometry": {
        "type": "Polygon",
        "coordinates": [
          [
            [
              -9.1389523,
              38.72988529999999
            ],
            [
              -9.1389161,
              38.7298831
            ],
            [
              -9.1389136,
              38.7299086
            ],
            [
              -9.1388593,
              38.72990539999999
            ],
            [
              -9.138861799999999,
              38.7298802
            ],
            [
              -9.1387042,
              38.729870700000006
            ],
            [
              -9.138719499999999,
              38.7297158
            ],
            [
              -9.138931999999999,
              38.729728499999986
            ],
            [
              -9.138922,
              38.729829999999986
            ],
            [
              -9.1389552,
              38.72985619999999
            ],
            [
              -9.1389523,
              38.72988529999999
            ]
          ]
        ]
      }
    },
    {
      "type": "Feature",
      "properties": {
        "area_id": "Alameda_Arro",
        "osm_uid": "cea/8",
        "osmid": "8",
        "element_type": "cea_zone",
        "building": "yes",
        "cea_name": "B1008",
        "intersection_area_m2": 271.66106752683845,
        "is_residential": true,
        "residential_source": "cea",
        "radiation_sum_kwh_year": 543301.57040625,
        "radiation_sum": 543301.57040625,
        "radiation_point_count": 449.0,
        "use_type1": "MULTI_RES",
        "use_type2": "NONE",
        "use_type3": "NONE",
        "resi_type": null,
        "comparison_status": "matched",
        "validation_radiation_kwh_year": 543301.57040625,
        "ucea_radiation_kwh_year": 568244.8600000005,
        "workflow0_radiation_kwh_year": 436029.58000000054,
        "validation_area_m2": 271.66106752683845,
        "ucea_roofs_top_m2": 341.31,
        "err_ucea_minus_validation_kwh_year": 24943.289593750495,
        "err_ucea_abs_kwh_year": 24943.289593750495,
        "err_ucea_pct_of_validation": 0.045910578861569136,
        "err_ucea_area_minus_validation_m2": 69.64893247316155,
        "err_ucea_area_pct_of_validation": 0.25638172266359316,
        "err_workflow0_minus_validation_kwh_year": -107271.99040624942,
        "err_workflow0_abs_kwh_year": 107271.99040624942,
        "err_workflow0_pct_of_validation": -0.19744465366819672
      },
      "geometry": {
        "type": "Polygon",
        "coordinates": [
          [
            [
              -9.1380352,
              38.7294541
            ],
            [
              -9.1379221,
              38.72944559999999
            ],
            [
              -9.1379452,
              38.729258699999995
            ],
            [
              -9.1381307,
              38.729272599999994
            ],
            [
              -9.1380352,
              38.7294541
            ]
          ]
        ]
      }
    },
    {
      "type": "Feature",
      "properties": {
        "area_id": "Alameda_Arro",
        "osm_uid": "cea/9",
        "osmid": "9",
        "element_type": "cea_zone",
        "building": "yes",
        "cea_name": "B1009",
        "intersection_area_m2": 212.63932389530356,
        "is_residential": true,
        "residential_source": "cea",
        "radiation_sum_kwh_year": 482616.04346875,
        "radiation_sum": 482616.04346875,
        "radiation_point_count": 349.0,
        "use_type1": "MULTI_RES",
        "use_type2": "NONE",
        "use_type3": "NONE",
        "resi_type": null,
        "comparison_status": "matched",
        "validation_radiation_kwh_year": 482616.04346875,
        "ucea_radiation_kwh_year": 357092.6700000009,
        "workflow0_radiation_kwh_year": 358284.79999999906,
        "validation_area_m2": 212.63932389530356,
        "ucea_roofs_top_m2": 222.6,
        "err_ucea_minus_validation_kwh_year": -125523.37346874911,
        "err_ucea_abs_kwh_year": 125523.37346874911,
        "err_ucea_pct_of_validation": -0.2600895166405236,
        "err_ucea_area_minus_validation_m2": 9.960676104696432,
        "err_ucea_area_pct_of_validation": 0.04684305763500609,
        "err_workflow0_minus_validation_kwh_year": -124331.24346875097,
        "err_workflow0_abs_kwh_year": 124331.24346875097,
        "err_workflow0_pct_of_validation": -0.25761937496966275
      },
      "geometry": {
        "type": "Polygon",
        "coordinates": [
          [
            [
              -9.1393102,
              38.72965980000001
            ],
            [
              -9.1393438,
              38.72972739999999
            ],
            [
              -9.139178299999998,
              38.72977759999999
            ],
            [
              -9.1391836,
              38.7297881
            ],
            [
              -9.139150300000003,
              38.72979819999999
            ],
            [
              -9.139155099999998,
              38.72980779999998
            ],
            [
              -9.1390798,
              38.729830699999994
            ],
            [
              -9.1390466,
              38.72976399999999
            ],
            [
              -9.1391054,
              38.729746099999986
            ],
            [
              -9.1390949,
              38.729725099999996
            ],
            [
              -9.1393102,
              38.72965980000001
            ]
          ]
        ]
      }
    },
    {
      "type": "Feature",
      "properties": {
        "area_id": "Alameda_Arro",
        "osm_uid": "cea/11",
        "osmid": "11",
        "element_type": "cea_zone",
        "building": "yes",
        "cea_name": "B1011",
        "intersection_area_m2": 143.66316275396886,
        "is_residential": true,
        "residential_source": "cea",
        "radiation_sum_kwh_year": 211000.50690625,
        "radiation_sum": 211000.50690625,
        "radiation_point_count": 237.0,
        "use_type1": "MULTI_RES",
        "use_type2": "NONE",
        "use_type3": "NONE",
        "resi_type": null,
        "comparison_status": "matched",
        "validation_radiation_kwh_year": 211000.50690625,
        "ucea_radiation_kwh_year": 207077.7200000002,
        "workflow0_radiation_kwh_year": 207138.37999999986,
        "validation_area_m2": 143.66316275396886,
        "ucea_roofs_top_m2": 143.66,
        "err_ucea_minus_validation_kwh_year": -3922.786906249792,
        "err_ucea_abs_kwh_year": 3922.786906249792,
        "err_ucea_pct_of_validation": -0.018591362474748616,
        "err_ucea_area_minus_validation_m2": -0.0031627539688656725,
        "err_ucea_area_pct_of_validation": -2.201506571508567e-05,
        "err_workflow0_minus_validation_kwh_year": -3862.126906250138,
        "err_workflow0_abs_kwh_year": 3862.126906250138,
        "err_workflow0_pct_of_validation": -0.018303875013751157
      },
      "geometry": {
        "type": "Polygon",
        "coordinates": [
          [
            [
              -9.1387082,
              38.728200599999994
            ],
            [
              -9.138505899999998,
              38.7282656
            ],
            [
              -9.1384727,
              38.7282027
            ],
            [
              -9.138675000000001,
              38.72813759999999
            ],
            [
              -9.1387082,
              38.728200599999994
            ]
          ]
        ]
      }
    },
    {
      "type": "Feature",
      "properties": {
        "area_id": "Alameda_Arro",
        "osm_uid": "cea/13",
        "osmid": "13",
        "element_type": "cea_zone",
        "building": "yes",
        "cea_name": "B1013",
        "intersection_area_m2": 119.65119648130567,
        "is_residential": true,
        "residential_source": "cea",
        "radiation_sum_kwh_year": 208416.098,
        "radiation_sum": 208416.098,
        "radiation_point_count": 196.0,
        "use_type1": "MULTI_RES",
        "use_type2": "NONE",
        "use_type3": "NONE",
        "resi_type": null,
        "comparison_status": "matched",
        "validation_radiation_kwh_year": 208416.098,
        "ucea_radiation_kwh_year": 173531.9599999997,
        "workflow0_radiation_kwh_year": 193266.4799999997,
        "validation_area_m2": 119.65119648130567,
        "ucea_roofs_top_m2": 125.41,
        "err_ucea_minus_validation_kwh_year": -34884.1380000003,
        "err_ucea_abs_kwh_year": 34884.1380000003,
        "err_ucea_pct_of_validation": -0.16737736832593564,
        "err_ucea_area_minus_validation_m2": 5.758803518694322,
        "err_ucea_area_pct_of_validation": 0.04812992839226708,
        "err_workflow0_minus_validation_kwh_year": -15149.618000000308,
        "err_workflow0_abs_kwh_year": 15149.618000000308,
        "err_workflow0_pct_of_validation": -0.07268928909704618
      },
      "geometry": {
        "type": "Polygon",
        "coordinates": [
          [
            [
              -9.1381455,
              38.72769069999999
            ],
            [
              -9.138156899999998,
              38.7275737
            ],
            [
              -9.1382619,
              38.727578599999994
            ],
            [
              -9.1382505,
              38.727696699999996
            ],
            [
              -9.1381455,
              38.72769069999999
            ]
          ]
        ]
      }
    },
    {
      "type": "Feature",
      "properties": {
        "area_id": "Alameda_Arro",
        "osm_uid": "cea/14",
        "osmid": "14",
        "element_type": "cea_zone",
        "building": "yes",
        "cea_name": "B1014",
        "intersection_area_m2": 518.2413480986182,
        "is_residential": true,
        "residential_source": "cea",
        "radiation_sum_kwh_year": 1103790.0848125,
        "radiation_sum": 1103790.0848125,
        "radiation_point_count": 856.0,
        "use_type1": "MULTI_RES",
        "use_type2": "NONE",
        "use_type3": "NONE",
        "resi_type": null,
        "comparison_status": "matched",
        "validation_radiation_kwh_year": 1103790.0848125,
        "ucea_radiation_kwh_year": 824977.9800000025,
        "workflow0_radiation_kwh_year": 825417.9299999978,
        "validation_area_m2": 518.2413480986182,
        "ucea_roofs_top_m2": 518.24,
        "err_ucea_minus_validation_kwh_year": -278812.1048124975,
        "err_ucea_abs_kwh_year": 278812.1048124975,
        "err_ucea_pct_of_validation": -0.252595224987783,
        "err_ucea_area_minus_validation_m2": -0.001348098618223048,
        "err_ucea_area_pct_of_validation": -2.601294981901971e-06,
        "err_workflow0_minus_validation_kwh_year": -278372.1548125022,
        "err_workflow0_abs_kwh_year": 278372.1548125022,
        "err_workflow0_pct_of_validation": -0.25219664376654466
      },
      "geometry": {
        "type": "Polygon",
        "coordinates": [
          [
            [
              -9.1381236,
              38.72923629999999
            ],
            [
              -9.1378875,
              38.72921749999999
            ],
            [
              -9.137914399999998,
              38.72899569999999
            ],
            [
              -9.1381558,
              38.7290124
            ],
            [
              -9.1381236,
              38.72923629999999
            ]
          ]
        ]
      }
    },
    {
      "type": "Feature",
      "properties": {
        "area_id": "Alameda_Arro",
        "osm_uid": "cea/16",
        "osmid": "16",
        "element_type": "cea_zone",
        "building": "yes",
        "cea_name": "B1016",
        "intersection_area_m2": 474.3309401752464,
        "is_residential": true,
        "residential_source": "cea",
        "radiation_sum_kwh_year": 1079638.7740625,
        "radiation_sum": 1079638.7740625,
        "radiation_point_count": 781.0,
        "use_type1": "MULTI_RES",
        "use_type2": "NONE",
        "use_type3": "NONE",
        "resi_type": null,
        "comparison_status": "matched",
        "validation_radiation_kwh_year": 1079638.7740625,
        "ucea_radiation_kwh_year": 766324.2299999996,
        "workflow0_radiation_kwh_year": 766909.0700000011,
        "validation_area_m2": 474.3309401752464,
        "ucea_roofs_top_m2": 474.33,
        "err_ucea_minus_validation_kwh_year": -313314.54406250047,
        "err_ucea_abs_kwh_year": 313314.54406250047,
        "err_ucea_pct_of_validation": -0.2902031231089916,
        "err_ucea_area_minus_validation_m2": -0.0009401752463986668,
        "err_ucea_area_pct_of_validation": -1.9821082007665565e-06,
        "err_workflow0_minus_validation_kwh_year": -312729.704062499,
        "err_workflow0_abs_kwh_year": 312729.704062499,
        "err_workflow0_pct_of_validation": -0.2896614234090069
      },
      "geometry": {
        "type": "Polygon",
        "coordinates": [
          [
            [
              -9.13842,
              38.7272207
            ],
            [
              -9.138389899999998,
              38.7273818
            ],
            [
              -9.138091,
              38.7273478
            ],
            [
              -9.138121099999998,
              38.72718669999999
            ],
            [
              -9.13842,
              38.7272207
            ]
          ]
        ]
      }
    },
    {
      "type": "Feature",
      "properties": {
        "area_id": "Alameda_Arro",
        "osm_uid": "cea/18",
        "osmid": "18",
        "element_type": "cea_zone",
        "building": "yes",
        "cea_name": "B1018",
        "intersection_area_m2": 175.59210752742592,
        "is_residential": true,
        "residential_source": "cea",
        "radiation_sum_kwh_year": 332686.526265625,
        "radiation_sum": 332686.526265625,
        "radiation_point_count": 271.0,
        "use_type1": "MULTI_RES",
        "use_type2": "NONE",
        "use_type3": "NONE",
        "resi_type": null,
        "comparison_status": "matched",
        "validation_radiation_kwh_year": 332686.526265625,
        "ucea_radiation_kwh_year": 223630.51999999958,
        "workflow0_radiation_kwh_year": 233464.75999999978,
        "validation_area_m2": 175.59210752742592,
        "ucea_roofs_top_m2": 164.19,
        "err_ucea_minus_validation_kwh_year": -109056.00626562544,
        "err_ucea_abs_kwh_year": 109056.00626562544,
        "err_ucea_pct_of_validation": -0.3278040968168109,
        "err_ucea_area_minus_validation_m2": -11.402107527425926,
        "err_ucea_area_pct_of_validation": -0.0649351937737009,
        "err_workflow0_minus_validation_kwh_year": -99221.76626562525,
        "err_workflow0_abs_kwh_year": 99221.76626562525,
        "err_workflow0_pct_of_validation": -0.2982440178127448
      },
      "geometry": {
        "type": "Polygon",
        "coordinates": [
          [
            [
              -9.133673399999997,
              38.73121990000001
            ],
            [
              -9.1336864,
              38.731215
            ],
            [
              -9.133700899999997,
              38.73121460000001
            ],
            [
              -9.1337438,
              38.7312183
            ],
            [
              -9.1337868,
              38.731221899999994
            ],
            [
              -9.133772999999998,
              38.73132019999999
            ],
            [
              -9.1337263,
              38.731316299999996
            ],
            [
              -9.133718999999997,
              38.73136809999999
            ],
            [
              -9.1337658,
              38.731371999999986
            ],
            [
              -9.133763899999998,
              38.73138860000001
            ],
            [
              -9.1337367,
              38.73138699999999
            ],
            [
              -9.1336448,
              38.731389400000005
            ],
            [
              -9.1336479,
              38.7313594
            ],
            [
              -9.1336509,
              38.7313294
            ],
            [
              -9.133654,
              38.73129939999999
            ],
            [
              -9.133657,
              38.7312694
            ],
            [
              -9.1336601,
              38.7312394
            ],
            [
              -9.133664099999999,
              38.73122859999999
            ],
            [
              -9.133673399999997,
              38.73121990000001
            ]
          ]
        ]
      }
    },
    {
      "type": "Feature",
      "properties": {
        "area_id": "Alameda_Arro",
        "osm_uid": "cea/19",
        "osmid": "19",
        "element_type": "cea_zone",
        "building": "yes",
        "cea_name": "B1019",
        "intersection_area_m2": 172.08860920435208,
        "is_residential": true,
        "residential_source": "cea",
        "radiation_sum_kwh_year": 288715.77696875,
        "radiation_sum": 288715.77696875,
        "radiation_point_count": 286.0,
        "use_type1": "MULTI_RES",
        "use_type2": "NONE",
        "use_type3": "NONE",
        "resi_type": null,
        "comparison_status": "matched",
        "validation_radiation_kwh_year": 288715.77696875,
        "ucea_radiation_kwh_year": 367784.12999999995,
        "workflow0_radiation_kwh_year": 277815.2699999996,
        "validation_area_m2": 172.08860920435208,
        "ucea_roofs_top_m2": 228.22,
        "err_ucea_minus_validation_kwh_year": 79068.35303124995,
        "err_ucea_abs_kwh_year": 79068.35303124995,
        "err_ucea_pct_of_validation": 0.2738622525633857,
        "err_ucea_area_minus_validation_m2": 56.13139079564792,
        "err_ucea_area_pct_of_validation": 0.32617725865279623,
        "err_workflow0_minus_validation_kwh_year": -10900.506968750386,
        "err_workflow0_abs_kwh_year": 10900.506968750386,
        "err_workflow0_pct_of_validation": -0.03775514827487323
      },
      "geometry": {
        "type": "Polygon",
        "coordinates": [
          [
            [
              -9.134982,
              38.7272168
            ],
            [
              -9.135063999999998,
              38.72722180000002
            ],
            [
              -9.1351277,
              38.72737229999999
            ],
            [
              -9.1349673,
              38.72736349999999
            ],
            [
              -9.134982,
              38.7272168
            ]
          ]
        ]
      }
    },
    {
      "type": "Feature",
      "properties": {
        "area_id": "Alameda_Arro",
        "osm_uid": "cea/20",
        "osmid": "20",
        "element_type": "cea_zone",
        "building": "yes",
        "cea_name": "B1020",
        "intersection_area_m2": 284.98291374885184,
        "is_residential": true,
        "residential_source": "cea",
        "radiation_sum_kwh_year": 451390.5294453125,
        "radiation_sum": 451390.5294453125,
        "radiation_point_count": 472.0,
        "use_type1": "MULTI_RES",
        "use_type2": "NONE",
        "use_type3": "NONE",
        "resi_type": null,
        "comparison_status": "matched",
        "validation_radiation_kwh_year": 451390.5294453125,
        "ucea_radiation_kwh_year": 550035.6700000012,
        "workflow0_radiation_kwh_year": 402733.9600000004,
        "validation_area_m2": 284.98291374885184,
        "ucea_roofs_top_m2": 365.0,
        "err_ucea_minus_validation_kwh_year": 98645.1405546887,
        "err_ucea_abs_kwh_year": 98645.1405546887,
        "err_ucea_pct_of_validation": 0.2185361325057217,
        "err_ucea_area_minus_validation_m2": 80.01708625114816,
        "err_ucea_area_pct_of_validation": 0.2807785393115363,
        "err_workflow0_minus_validation_kwh_year": -48656.56944531208,
        "err_workflow0_abs_kwh_year": 48656.56944531208,
        "err_workflow0_pct_of_validation": -0.10779262361818556
      },
      "geometry": {
        "type": "Polygon",
        "coordinates": [
          [
            [
              -9.1352068,
              38.727874099999994
            ],
            [
              -9.1351983,
              38.7279576
            ],
            [
              -9.135162199999998,
              38.7279547
            ],
            [
              -9.1350184,
              38.7279433
            ],
            [
              -9.1349531,
              38.727938099999996
            ],
            [
              -9.1349359,
              38.727934999999995
            ],
            [
              -9.134922,
              38.72792660000001
            ],
            [
              -9.134914,
              38.72791409999999
            ],
            [
              -9.1349136,
              38.72790019999999
            ],
            [
              -9.1349158,
              38.727878
            ],
            [
              -9.134917999999999,
              38.72785579999999
            ],
            [
              -9.134920299999997,
              38.727833499999996
            ],
            [
              -9.134922499999998,
              38.72781129999999
            ],
            [
              -9.135057100000001,
              38.72781950000001
            ],
            [
              -9.1350529,
              38.727861899999986
            ],
            [
              -9.1352068,
              38.727874099999994
            ]
          ]
        ]
      }
    },
    {
      "type": "Feature",
      "properties": {
        "area_id": "Alameda_Arro",
        "osm_uid": "cea/22",
        "osmid": "22",
        "element_type": "cea_zone",
        "building": "yes",
        "cea_name": "B1022",
        "intersection_area_m2": 131.4391126564271,
        "is_residential": true,
        "residential_source": "cea",
        "radiation_sum_kwh_year": 262008.3565,
        "radiation_sum": 262008.3565,
        "radiation_point_count": 216.0,
        "use_type1": "MULTI_RES",
        "use_type2": "NONE",
        "use_type3": "NONE",
        "resi_type": null,
        "comparison_status": "matched",
        "validation_radiation_kwh_year": 262008.3565,
        "ucea_radiation_kwh_year": 156057.70000000048,
        "workflow0_radiation_kwh_year": 165555.11000000007,
        "validation_area_m2": 131.4391126564271,
        "ucea_roofs_top_m2": 137.35,
        "err_ucea_minus_validation_kwh_year": -105950.65649999952,
        "err_ucea_abs_kwh_year": 105950.65649999952,
        "err_ucea_pct_of_validation": -0.40437892102116796,
        "err_ucea_area_minus_validation_m2": 5.910887343572881,
        "err_ucea_area_pct_of_validation": 0.044970535969940224,
        "err_workflow0_minus_validation_kwh_year": -96453.24649999992,
        "err_workflow0_abs_kwh_year": 96453.24649999992,
        "err_workflow0_pct_of_validation": -0.3681304206799218
      },
      "geometry": {
        "type": "Polygon",
        "coordinates": [
          [
            [
              -9.1350208,
              38.727745799999994
            ],
            [
              -9.135019499999999,
              38.72775920000001
            ],
            [
              -9.1350476,
              38.727760900000014
            ],
            [
              -9.135048999999999,
              38.72774749999999
            ],
            [
              -9.1350709,
              38.72774879999999
            ],
            [
              -9.1351254,
              38.72775209999998
            ],
            [
              -9.135118299999998,
              38.7278233
            ],
            [
              -9.135057100000001,
              38.72781950000001
            ],
            [
              -9.134922499999998,
              38.72781129999999
            ],
            [
              -9.134923499999998,
              38.7278012
            ],
            [
              -9.1349296,
              38.727740199999985
            ],
            [
              -9.1350208,
              38.727745799999994
            ]
          ]
        ]
      }
    },
    {
      "type": "Feature",
      "properties": {
        "area_id": "Alameda_Arro",
        "osm_uid": "cea/23",
        "osmid": "23",
        "element_type": "cea_zone",
        "building": "yes",
        "cea_name": "B1023",
        "intersection_area_m2": 148.5350072515089,
        "is_residential": true,
        "residential_source": "cea",
        "radiation_sum_kwh_year": 236998.0465625,
        "radiation_sum": 236998.0465625,
        "radiation_point_count": 247.0,
        "use_type1": "MULTI_RES",
        "use_type2": "NONE",
        "use_type3": "NONE",
        "resi_type": null,
        "comparison_status": "matched",
        "validation_radiation_kwh_year": 236998.0465625,
        "ucea_radiation_kwh_year": 215652.96999999974,
        "workflow0_radiation_kwh_year": 214769.50000000044,
        "validation_area_m2": 148.5350072515089,
        "ucea_roofs_top_m2": 151.79,
        "err_ucea_minus_validation_kwh_year": -21345.076562500268,
        "err_ucea_abs_kwh_year": 21345.076562500268,
        "err_ucea_pct_of_validation": -0.0900643565299229,
        "err_ucea_area_minus_validation_m2": 3.254992748491105,
        "err_ucea_area_pct_of_validation": 0.021913977106955973,
        "err_workflow0_minus_validation_kwh_year": -22228.54656249957,
        "err_workflow0_abs_kwh_year": 22228.54656249957,
        "err_workflow0_pct_of_validation": -0.09379210877435466
      },
      "geometry": {
        "type": "Polygon",
        "coordinates": [
          [
            [
              -9.1350817,
              38.72764049999998
            ],
            [
              -9.1350709,
              38.72774879999999
            ],
            [
              -9.135048999999999,
              38.72774749999999
            ],
            [
              -9.1350208,
              38.727745799999994
            ],
            [
              -9.1349296,
              38.727740199999985
            ],
            [
              -9.1349404,
              38.727631899999984
            ],
            [
              -9.1350817,
              38.72764049999998
            ]
          ]
        ]
      }
    },
    {
      "type": "Feature",
      "properties": {
        "area_id": "Alameda_Arro",
        "osm_uid": "cea/25",
        "osmid": "25",
        "element_type": "cea_zone",
        "building": "yes",
        "cea_name": "B1025",
        "intersection_area_m2": 134.99019209770475,
        "is_residential": true,
        "residential_source": "cea",
        "radiation_sum_kwh_year": 253127.461515625,
        "radiation_sum": 253127.461515625,
        "radiation_point_count": 223.0,
        "use_type1": "MULTI_RES",
        "use_type2": "NONE",
        "use_type3": "NONE",
        "resi_type": null,
        "comparison_status": "matched",
        "validation_radiation_kwh_year": 253127.461515625,
        "ucea_radiation_kwh_year": 139408.3500000003,
        "workflow0_radiation_kwh_year": 157112.20000000013,
        "validation_area_m2": 134.99019209770475,
        "ucea_roofs_top_m2": 134.97,
        "err_ucea_minus_validation_kwh_year": -113719.11151562471,
        "err_ucea_abs_kwh_year": 113719.11151562471,
        "err_ucea_pct_of_validation": -0.4492563186732905,
        "err_ucea_area_minus_validation_m2": -0.020192097704750722,
        "err_ucea_area_pct_of_validation": -0.0001495819614075062,
        "err_workflow0_minus_validation_kwh_year": -96015.26151562488,
        "err_workflow0_abs_kwh_year": 96015.26151562488,
        "err_workflow0_pct_of_validation": -0.3793158630072149
      },
      "geometry": {
        "type": "Polygon",
        "coordinates": [
          [
            [
              -9.1337658,
              38.731371999999986
            ],
            [
              -9.133772999999998,
              38.73132019999999
            ],
            [
              -9.1337868,
              38.731221899999994
            ],
            [
              -9.1338789,
              38.73122970000001
            ],
            [
              -9.133861,
              38.731357599999996
            ],
            [
              -9.1338579,
              38.73137990000001
            ],
            [
              -9.1337658,
              38.731371999999986
            ]
          ]
        ]
      }
    },
    {
      "type": "Feature",
      "properties": {
        "area_id": "Alameda_Arro",
        "osm_uid": "cea/27",
        "osmid": "27",
        "element_type": "cea_zone",
        "building": "yes",
        "cea_name": "B1027",
        "intersection_area_m2": 314.6903825858456,
        "is_residential": true,
        "residential_source": "cea",
        "radiation_sum_kwh_year": 638223.645875,
        "radiation_sum": 638223.645875,
        "radiation_point_count": 465.0,
        "use_type1": "MULTI_RES",
        "use_type2": "NONE",
        "use_type3": "NONE",
        "resi_type": null,
        "comparison_status": "matched",
        "validation_radiation_kwh_year": 638223.645875,
        "ucea_radiation_kwh_year": 363418.3300000004,
        "workflow0_radiation_kwh_year": 474147.6000000006,
        "validation_area_m2": 314.6903825858456,
        "ucea_roofs_top_m2": 253.73,
        "err_ucea_minus_validation_kwh_year": -274805.3158749996,
        "err_ucea_abs_kwh_year": 274805.3158749996,
        "err_ucea_pct_of_validation": -0.43057839936068726,
        "err_ucea_area_minus_validation_m2": -60.96038258584562,
        "err_ucea_area_pct_of_validation": -0.1937154293846778,
        "err_workflow0_minus_validation_kwh_year": -164076.04587499943,
        "err_workflow0_abs_kwh_year": 164076.04587499943,
        "err_workflow0_pct_of_validation": -0.25708236749839053
      },
      "geometry": {
        "type": "Polygon",
        "coordinates": [
          [
            [
              -9.133782799999999,
              38.7315155
            ],
            [
              -9.133740799999998,
              38.731513
            ],
            [
              -9.133632,
              38.73151459999998
            ],
            [
              -9.1336352,
              38.7314833
            ],
            [
              -9.1336384,
              38.731452000000004
            ],
            [
              -9.1336416,
              38.73142070000001
            ],
            [
              -9.1336448,
              38.731389400000005
            ],
            [
              -9.1337367,
              38.73138699999999
            ],
            [
              -9.133763899999998,
              38.73138860000001
            ],
            [
              -9.133903999999998,
              38.73139679999999
            ],
            [
              -9.133892099999999,
              38.73152180000001
            ],
            [
              -9.1338262,
              38.731517999999994
            ],
            [
              -9.133782799999999,
              38.7315155
            ]
          ]
        ]
      }
    },
    {
      "type": "Feature",
      "properties": {
        "area_id": "Alameda_Arro",
        "osm_uid": "cea/28",
        "osmid": "28",
        "element_type": "cea_zone",
        "building": "yes",
        "cea_name": "B1028",
        "intersection_area_m2": 156.87934794844753,
        "is_residential": true,
        "residential_source": "cea",
        "radiation_sum_kwh_year": 308029.68765625,
        "radiation_sum": 308029.68765625,
        "radiation_point_count": 258.0,
        "use_type1": "MULTI_RES",
        "use_type2": "NONE",
        "use_type3": "NONE",
        "resi_type": null,
        "comparison_status": "matched",
        "validation_radiation_kwh_year": 308029.68765625,
        "ucea_radiation_kwh_year": 275532.6100000003,
        "workflow0_radiation_kwh_year": 249631.8700000003,
        "validation_area_m2": 156.87934794844753,
        "ucea_roofs_top_m2": 176.36,
        "err_ucea_minus_validation_kwh_year": -32497.07765624975,
        "err_ucea_abs_kwh_year": 32497.07765624975,
        "err_ucea_pct_of_validation": -0.10549982342129084,
        "err_ucea_area_minus_validation_m2": 19.480652051552482,
        "err_ucea_area_pct_of_validation": 0.12417601364555686,
        "err_workflow0_minus_validation_kwh_year": -58397.81765624974,
        "err_workflow0_abs_kwh_year": 58397.81765624974,
        "err_workflow0_pct_of_validation": -0.18958503026312057
      },
      "geometry": {
        "type": "Polygon",
        "coordinates": [
          [
            [
              -9.1349505,
              38.727531199999994
            ],
            [
              -9.1351271,
              38.727542
            ],
            [
              -9.1351216,
              38.727596899999995
            ],
            [
              -9.1350863,
              38.72759479999999
            ],
            [
              -9.1350817,
              38.72764049999998
            ],
            [
              -9.1349404,
              38.727631899999984
            ],
            [
              -9.1349505,
              38.727531199999994
            ]
          ]
        ]
      }
    },
    {
      "type": "Feature",
      "properties": {
        "area_id": "Alameda_Arro",
        "osm_uid": "cea/29",
        "osmid": "29",
        "element_type": "cea_zone",
        "building": "yes",
        "cea_name": "B1029",
        "intersection_area_m2": 154.7115162226735,
        "is_residential": true,
        "residential_source": "cea",
        "radiation_sum_kwh_year": 279036.0698046875,
        "radiation_sum": 279036.0698046875,
        "radiation_point_count": 252.0,
        "use_type1": "MULTI_RES",
        "use_type2": "NONE",
        "use_type3": "NONE",
        "resi_type": null,
        "comparison_status": "matched",
        "validation_radiation_kwh_year": 279036.0698046875,
        "ucea_radiation_kwh_year": 123893.40999999986,
        "workflow0_radiation_kwh_year": 129457.75000000016,
        "validation_area_m2": 154.7115162226735,
        "ucea_roofs_top_m2": 160.25,
        "err_ucea_minus_validation_kwh_year": -155142.65980468766,
        "err_ucea_abs_kwh_year": 155142.65980468766,
        "err_ucea_pct_of_validation": -0.5559950006222508,
        "err_ucea_area_minus_validation_m2": 5.5384837773264906,
        "err_ucea_area_pct_of_validation": 0.03579878158103661,
        "err_workflow0_minus_validation_kwh_year": -149578.31980468734,
        "err_workflow0_abs_kwh_year": 149578.31980468734,
        "err_workflow0_pct_of_validation": -0.5360537077137925
      },
      "geometry": {
        "type": "Polygon",
        "coordinates": [
          [
            [
              -9.1341241,
              38.73146239999999
            ],
            [
              -9.134122899999998,
              38.7314756
            ],
            [
              -9.134047999999998,
              38.731471099999986
            ],
            [
              -9.134055299999998,
              38.731396700000005
            ],
            [
              -9.1340876,
              38.73139870000001
            ],
            [
              -9.1341937,
              38.731404999999995
            ],
            [
              -9.1342287,
              38.731407099999984
            ],
            [
              -9.1342728,
              38.7314175
            ],
            [
              -9.134265099999999,
              38.73149449999999
            ],
            [
              -9.134178800000003,
              38.7314832
            ],
            [
              -9.1341805,
              38.73146579999999
            ],
            [
              -9.1341241,
              38.73146239999999
            ]
          ]
        ]
      }
    },
    {
      "type": "Feature",
      "properties": {
        "area_id": "Alameda_Arro",
        "osm_uid": "cea/31",
        "osmid": "31",
        "element_type": "cea_zone",
        "building": "yes",
        "cea_name": "B1031",
        "intersection_area_m2": 247.729673914031,
        "is_residential": true,
        "residential_source": "cea",
        "radiation_sum_kwh_year": 529402.3229843751,
        "radiation_sum": 529402.3229843751,
        "radiation_point_count": 408.0,
        "use_type1": "MULTI_RES",
        "use_type2": "NONE",
        "use_type3": "NONE",
        "resi_type": null,
        "comparison_status": "matched",
        "validation_radiation_kwh_year": 529402.3229843751,
        "ucea_radiation_kwh_year": 407762.2500000009,
        "workflow0_radiation_kwh_year": 360220.8100000012,
        "validation_area_m2": 247.729673914031,
        "ucea_roofs_top_m2": 290.68,
        "err_ucea_minus_validation_kwh_year": -121640.07298437419,
        "err_ucea_abs_kwh_year": 121640.07298437419,
        "err_ucea_pct_of_validation": -0.22976868008182938,
        "err_ucea_area_minus_validation_m2": 42.95032608596901,
        "err_ucea_area_pct_of_validation": 0.17337578259144665,
        "err_workflow0_minus_validation_kwh_year": -169181.51298437384,
        "err_workflow0_abs_kwh_year": 169181.51298437384,
        "err_workflow0_pct_of_validation": -0.3195707794228306
      },
      "geometry": {
        "type": "Polygon",
        "coordinates": [
          [
            [
              -9.1341937,
              38.731404999999995
            ],
            [
              -9.1340876,
              38.73139870000001
            ],
            [
              -9.1340929,
              38.73134859999999
            ],
            [
              -9.134120599999997,
              38.73135039999998
            ],
            [
              -9.134126,
              38.731298499999994
            ],
            [
              -9.1340978,
              38.73129669999999
            ],
            [
              -9.1341027,
              38.731248799999996
            ],
            [
              -9.134257699999997,
              38.73126200000001
            ],
            [
              -9.1342704,
              38.7312638
            ],
            [
              -9.134280699999998,
              38.731269899999994
            ],
            [
              -9.1342862,
              38.73127899999999
            ],
            [
              -9.1342857,
              38.731289100000005
            ],
            [
              -9.134283,
              38.731315900000006
            ],
            [
              -9.1342728,
              38.7314175
            ],
            [
              -9.1342287,
              38.731407099999984
            ],
            [
              -9.134230699999998,
              38.7313933
            ],
            [
              -9.134195799999999,
              38.73139029999999
            ],
            [
              -9.1341937,
              38.731404999999995
            ]
          ]
        ]
      }
    },
    {
      "type": "Feature",
      "properties": {
        "area_id": "Alameda_Arro",
        "osm_uid": "cea/33",
        "osmid": "33",
        "element_type": "cea_zone",
        "building": "yes",
        "cea_name": "B1033",
        "intersection_area_m2": 232.16938082192107,
        "is_residential": true,
        "residential_source": "cea",
        "radiation_sum_kwh_year": 475834.78181250003,
        "radiation_sum": 475834.78181250003,
        "radiation_point_count": 307.0,
        "use_type1": "MULTI_RES",
        "use_type2": "NONE",
        "use_type3": "NONE",
        "resi_type": null,
        "comparison_status": "matched",
        "validation_radiation_kwh_year": 475834.78181250003,
        "ucea_radiation_kwh_year": 342542.7299999991,
        "workflow0_radiation_kwh_year": 345157.95000000123,
        "validation_area_m2": 232.16938082192107,
        "ucea_roofs_top_m2": 228.9,
        "err_ucea_minus_validation_kwh_year": -133292.05181250093,
        "err_ucea_abs_kwh_year": 133292.05181250093,
        "err_ucea_pct_of_validation": -0.2801225486392121,
        "err_ucea_area_minus_validation_m2": -3.269380821921061,
        "err_ucea_area_pct_of_validation": -0.014081877680626399,
        "err_workflow0_minus_validation_kwh_year": -130676.8318124988,
        "err_workflow0_abs_kwh_year": 130676.8318124988,
        "err_workflow0_pct_of_validation": -0.2746264813066802
      },
      "geometry": {
        "type": "Polygon",
        "coordinates": [
          [
            [
              -9.1338262,
              38.731517999999994
            ],
            [
              -9.1338146,
              38.7316392
            ],
            [
              -9.1336195,
              38.7316369
            ],
            [
              -9.133632,
              38.73151459999998
            ],
            [
              -9.133740799999998,
              38.731513
            ],
            [
              -9.133782799999999,
              38.7315155
            ],
            [
              -9.1338262,
              38.731517999999994
            ]
          ]
        ]
      }
    },
    {
      "type": "Feature",
      "properties": {
        "area_id": "Alameda_Arro",
        "osm_uid": "cea/35",
        "osmid": "35",
        "element_type": "cea_zone",
        "building": "yes",
        "cea_name": "B1035",
        "intersection_area_m2": 345.79193844262903,
        "is_residential": true,
        "residential_source": "cea",
        "radiation_sum_kwh_year": 653606.94596875,
        "radiation_sum": 653606.94596875,
        "radiation_point_count": 572.0,
        "use_type1": "MULTI_RES",
        "use_type2": "NONE",
        "use_type3": "NONE",
        "resi_type": null,
        "comparison_status": "matched",
        "validation_radiation_kwh_year": 653606.94596875,
        "ucea_radiation_kwh_year": 420727.55000000057,
        "workflow0_radiation_kwh_year": 351602.42000000173,
        "validation_area_m2": 345.79193844262903,
        "ucea_roofs_top_m2": 427.76,
        "err_ucea_minus_validation_kwh_year": -232879.39596874948,
        "err_ucea_abs_kwh_year": 232879.39596874948,
        "err_ucea_pct_of_validation": -0.3562988389353558,
        "err_ucea_area_minus_validation_m2": 81.96806155737096,
        "err_ucea_area_pct_of_validation": 0.23704445490122503,
        "err_workflow0_minus_validation_kwh_year": -302004.5259687483,
        "err_workflow0_abs_kwh_year": 302004.5259687483,
        "err_workflow0_pct_of_validation": -0.4620583178184089
      },
      "geometry": {
        "type": "Polygon",
        "coordinates": [
          [
            [
              -9.1343256,
              38.730890499999994
            ],
            [
              -9.134309099999998,
              38.731054699999994
            ],
            [
              -9.1343049,
              38.73105449999999
            ],
            [
              -9.134292399999998,
              38.73105369999999
            ],
            [
              -9.134289,
              38.731083899999994
            ],
            [
              -9.1340853,
              38.731066599999984
            ],
            [
              -9.1341,
              38.73093719999999
            ],
            [
              -9.1342039,
              38.7309426
            ],
            [
              -9.134210199999998,
              38.73088299999999
            ],
            [
              -9.1343105,
              38.7308895
            ],
            [
              -9.1343256,
              38.730890499999994
            ]
          ]
        ]
      }
    },
    {
      "type": "Feature",
      "properties": {
        "area_id": "Alameda_Arro",
        "osm_uid": "cea/36",
        "osmid": "36",
        "element_type": "cea_zone",
        "building": "yes",
        "cea_name": "B1036",
        "intersection_area_m2": 182.57974744922834,
        "is_residential": true,
        "residential_source": "cea",
        "radiation_sum_kwh_year": 131497.070375,
        "radiation_sum": 131497.070375,
        "radiation_point_count": 274.0,
        "use_type1": "MULTI_RES",
        "use_type2": "NONE",
        "use_type3": "NONE",
        "resi_type": null,
        "comparison_status": "matched",
        "validation_radiation_kwh_year": 131497.070375,
        "ucea_radiation_kwh_year": 305003.28000000026,
        "workflow0_radiation_kwh_year": 289040.87000000116,
        "validation_area_m2": 182.57974744922834,
        "ucea_roofs_top_m2": 196.65,
        "err_ucea_minus_validation_kwh_year": 173506.20962500025,
        "err_ucea_abs_kwh_year": 173506.20962500025,
        "err_ucea_pct_of_validation": 1.3194682522599146,
        "err_ucea_area_minus_validation_m2": 14.07025255077167,
        "err_ucea_area_pct_of_validation": 0.07706359959055326,
        "err_workflow0_minus_validation_kwh_year": 157543.79962500115,
        "err_workflow0_abs_kwh_year": 157543.79962500115,
        "err_workflow0_pct_of_validation": 1.1980783995850381
      },
      "geometry": {
        "type": "Polygon",
        "coordinates": [
          [
            [
              -9.1338053,
              38.731735300000004
            ],
            [
              -9.1336096,
              38.731734399999986
            ],
            [
              -9.1336195,
              38.7316369
            ],
            [
              -9.1338146,
              38.7316392
            ],
            [
              -9.1338053,
              38.731735300000004
            ]
          ]
        ]
      }
    },
    {
      "type": "Feature",
      "properties": {
        "area_id": "Alameda_Arro",
        "osm_uid": "cea/37",
        "osmid": "37",
        "element_type": "cea_zone",
        "building": "yes",
        "cea_name": "B1037",
        "intersection_area_m2": 157.89871030801982,
        "is_residential": true,
        "residential_source": "cea",
        "radiation_sum_kwh_year": 293620.99065625,
        "radiation_sum": 293620.99065625,
        "radiation_point_count": 264.0,
        "use_type1": "MULTI_RES",
        "use_type2": "NONE",
        "use_type3": "NONE",
        "resi_type": null,
        "comparison_status": "matched",
        "validation_radiation_kwh_year": 293620.99065625,
        "ucea_radiation_kwh_year": 277287.6700000002,
        "workflow0_radiation_kwh_year": 256873.05000000008,
        "validation_area_m2": 157.89871030801982,
        "ucea_roofs_top_m2": 178.6,
        "err_ucea_minus_validation_kwh_year": -16333.320656249765,
        "err_ucea_abs_kwh_year": 16333.320656249765,
        "err_ucea_pct_of_validation": -0.055627224129121015,
        "err_ucea_area_minus_validation_m2": 20.70128969198018,
        "err_ucea_area_pct_of_validation": 0.13110486875793528,
        "err_workflow0_minus_validation_kwh_year": -36747.940656249906,
        "err_workflow0_abs_kwh_year": 36747.940656249906,
        "err_workflow0_pct_of_validation": -0.12515433782209295
      },
      "geometry": {
        "type": "Polygon",
        "coordinates": [
          [
            [
              -9.134265099999999,
              38.73149449999999
            ],
            [
              -9.1342574,
              38.731571300000006
            ],
            [
              -9.134070099999999,
              38.731550399999996
            ],
            [
              -9.134040399999998,
              38.731548599999996
            ],
            [
              -9.134047999999998,
              38.731471099999986
            ],
            [
              -9.134122899999998,
              38.7314756
            ],
            [
              -9.1341213,
              38.73149159999999
            ],
            [
              -9.1341776,
              38.731494899999994
            ],
            [
              -9.134178800000003,
              38.7314832
            ],
            [
              -9.134265099999999,
              38.73149449999999
            ]
          ]
        ]
      }
    },
    {
      "type": "Feature",
      "properties": {
        "area_id": "Alameda_Arro",
        "osm_uid": "cea/38",
        "osmid": "38",
        "element_type": "cea_zone",
        "building": "yes",
        "cea_name": "B1038",
        "intersection_area_m2": 99.42317092578847,
        "is_residential": true,
        "residential_source": "cea",
        "radiation_sum_kwh_year": 190959.8182734375,
        "radiation_sum": 190959.8182734375,
        "radiation_point_count": 162.0,
        "use_type1": "MULTI_RES",
        "use_type2": "NONE",
        "use_type3": "NONE",
        "resi_type": null,
        "comparison_status": "matched",
        "validation_radiation_kwh_year": 190959.8182734375,
        "ucea_radiation_kwh_year": 178078.0900000004,
        "workflow0_radiation_kwh_year": 160417.40000000008,
        "validation_area_m2": 99.42317092578847,
        "ucea_roofs_top_m2": 110.96,
        "err_ucea_minus_validation_kwh_year": -12881.728273437097,
        "err_ucea_abs_kwh_year": 12881.728273437097,
        "err_ucea_pct_of_validation": -0.06745779499534088,
        "err_ucea_area_minus_validation_m2": 11.536829074211525,
        "err_ucea_area_pct_of_validation": 0.11603762952624852,
        "err_workflow0_minus_validation_kwh_year": -30542.41827343742,
        "err_workflow0_abs_kwh_year": 30542.41827343742,
        "err_workflow0_pct_of_validation": -0.15994159687407844
      },
      "geometry": {
        "type": "Polygon",
        "coordinates": [
          [
            [
              -9.134075699999999,
              38.731246500000005
            ],
            [
              -9.134066699999998,
              38.73134760000001
            ],
            [
              -9.134015699999999,
              38.731344599999986
            ],
            [
              -9.1340142,
              38.731361
            ],
            [
              -9.133971299999999,
              38.73135950000001
            ],
            [
              -9.1339833,
              38.731238600000005
            ],
            [
              -9.134075699999999,
              38.731246500000005
            ]
          ]
        ]
      }
    },
    {
      "type": "Feature",
      "properties": {
        "area_id": "Alameda_Arro",
        "osm_uid": "cea/41",
        "osmid": "41",
        "element_type": "cea_zone",
        "building": "yes",
        "cea_name": "B1041",
        "intersection_area_m2": 131.1727434679773,
        "is_residential": true,
        "residential_source": "cea",
        "radiation_sum_kwh_year": 236066.344484375,
        "radiation_sum": 236066.344484375,
        "radiation_point_count": 214.0,
        "use_type1": "MULTI_RES",
        "use_type2": "NONE",
        "use_type3": "NONE",
        "resi_type": null,
        "comparison_status": "matched",
        "validation_radiation_kwh_year": 236066.344484375,
        "ucea_radiation_kwh_year": 200234.64000000022,
        "workflow0_radiation_kwh_year": 192149.24000000028,
        "validation_area_m2": 131.1727434679773,
        "ucea_roofs_top_m2": 137.84,
        "err_ucea_minus_validation_kwh_year": -35831.704484374786,
        "err_ucea_abs_kwh_year": 35831.704484374786,
        "err_ucea_pct_of_validation": -0.15178658593896452,
        "err_ucea_area_minus_validation_m2": 6.667256532022691,
        "err_ucea_area_pct_of_validation": 0.050828063481422436,
        "err_workflow0_minus_validation_kwh_year": -43917.10448437472,
        "err_workflow0_abs_kwh_year": 43917.10448437472,
        "err_workflow0_pct_of_validation": -0.18603712689456056
      },
      "geometry": {
        "type": "Polygon",
        "coordinates": [
          [
            [
              -9.133971299999999,
              38.73135950000001
            ],
            [
              -9.1339386,
              38.7313568
            ],
            [
              -9.1339376,
              38.73136409999999
            ],
            [
              -9.133861,
              38.731357599999996
            ],
            [
              -9.1338789,
              38.73122970000001
            ],
            [
              -9.1339833,
              38.731238600000005
            ],
            [
              -9.133971299999999,
              38.73135950000001
            ]
          ]
        ]
      }
    },
    {
      "type": "Feature",
      "properties": {
        "area_id": "Alameda_Arro",
        "osm_uid": "cea/43",
        "osmid": "43",
        "element_type": "cea_zone",
        "building": "yes",
        "cea_name": "B1043",
        "intersection_area_m2": 260.76109020433927,
        "is_residential": true,
        "residential_source": "cea",
        "radiation_sum_kwh_year": 583757.338234375,
        "radiation_sum": 583757.338234375,
        "radiation_point_count": 429.0,
        "use_type1": "MULTI_RES",
        "use_type2": "NONE",
        "use_type3": "NONE",
        "resi_type": null,
        "comparison_status": "matched",
        "validation_radiation_kwh_year": 583757.338234375,
        "ucea_radiation_kwh_year": 448981.20000000065,
        "workflow0_radiation_kwh_year": 393649.51999999944,
        "validation_area_m2": 260.76109020433927,
        "ucea_roofs_top_m2": 288.93,
        "err_ucea_minus_validation_kwh_year": -134776.13823437435,
        "err_ucea_abs_kwh_year": 134776.13823437435,
        "err_ucea_pct_of_validation": -0.23087699187134253,
        "err_ucea_area_minus_validation_m2": 28.16890979566074,
        "err_ucea_area_pct_of_validation": 0.10802574024209992,
        "err_workflow0_minus_validation_kwh_year": -190107.81823437556,
        "err_workflow0_abs_kwh_year": 190107.81823437556,
        "err_workflow0_pct_of_validation": -0.3256624041924222
      },
      "geometry": {
        "type": "Polygon",
        "coordinates": [
          [
            [
              -9.1346788,
              38.731297799999986
            ],
            [
              -9.134713099999999,
              38.73130069999999
            ],
            [
              -9.1347475,
              38.7313037
            ],
            [
              -9.134781799999999,
              38.731306599999996
            ],
            [
              -9.134778,
              38.73134660000001
            ],
            [
              -9.1347618,
              38.731345700000006
            ],
            [
              -9.134752499999998,
              38.731441099999984
            ],
            [
              -9.1347423,
              38.73144049999999
            ],
            [
              -9.1346968,
              38.73143780000001
            ],
            [
              -9.134560299999999,
              38.731429699999985
            ],
            [
              -9.1345676,
              38.731356999999996
            ],
            [
              -9.134572499999999,
              38.7313078
            ],
            [
              -9.134610099999998,
              38.731291899999995
            ],
            [
              -9.134644400000003,
              38.73129479999999
            ],
            [
              -9.1346788,
              38.731297799999986
            ]
          ]
        ]
      }
    },
    {
      "type": "Feature",
      "properties": {
        "area_id": "Alameda_Arro",
        "osm_uid": "cea/44",
        "osmid": "44",
        "element_type": "cea_zone",
        "building": "yes",
        "cea_name": "B1044",
        "intersection_area_m2": 184.8200170295945,
        "is_residential": true,
        "residential_source": "cea",
        "radiation_sum_kwh_year": 339994.000625,
        "radiation_sum": 339994.000625,
        "radiation_point_count": 305.0,
        "use_type1": "MULTI_RES",
        "use_type2": "NONE",
        "use_type3": "NONE",
        "resi_type": null,
        "comparison_status": "matched",
        "validation_radiation_kwh_year": 339994.000625,
        "ucea_radiation_kwh_year": 321738.06999999925,
        "workflow0_radiation_kwh_year": 294033.7699999992,
        "validation_area_m2": 184.8200170295945,
        "ucea_roofs_top_m2": 201.93,
        "err_ucea_minus_validation_kwh_year": -18255.930625000736,
        "err_ucea_abs_kwh_year": 18255.930625000736,
        "err_ucea_pct_of_validation": -0.053694861060611214,
        "err_ucea_area_minus_validation_m2": 17.109982970405497,
        "err_ucea_area_pct_of_validation": 0.09257646030660056,
        "err_workflow0_minus_validation_kwh_year": -45960.23062500078,
        "err_workflow0_abs_kwh_year": 45960.23062500078,
        "err_workflow0_pct_of_validation": -0.13517953416976056
      },
      "geometry": {
        "type": "Polygon",
        "coordinates": [
          [
            [
              -9.1357704,
              38.73139080000001
            ],
            [
              -9.135761500000001,
              38.731465700000015
            ],
            [
              -9.1357341,
              38.7314637
            ],
            [
              -9.1357301,
              38.731496899999996
            ],
            [
              -9.135752,
              38.7314986
            ],
            [
              -9.1357446,
              38.73156010000001
            ],
            [
              -9.1356312,
              38.73155179999999
            ],
            [
              -9.1356385,
              38.73149209999999
            ],
            [
              -9.135651799999998,
              38.73138069999999
            ],
            [
              -9.1357704,
              38.73139080000001
            ]
          ]
        ]
      }
    },
    {
      "type": "Feature",
      "properties": {
        "area_id": "Alameda_Arro",
        "osm_uid": "cea/45",
        "osmid": "45",
        "element_type": "cea_zone",
        "building": "yes",
        "cea_name": "B1045",
        "intersection_area_m2": 290.4725865419589,
        "is_residential": true,
        "residential_source": "cea",
        "radiation_sum_kwh_year": 547275.5515917969,
        "radiation_sum": 547275.5515917969,
        "radiation_point_count": 478.0,
        "use_type1": "MULTI_RES",
        "use_type2": "NONE",
        "use_type3": "NONE",
        "resi_type": null,
        "comparison_status": "matched",
        "validation_radiation_kwh_year": 547275.5515917969,
        "ucea_radiation_kwh_year": 524177.58000000083,
        "workflow0_radiation_kwh_year": 454704.54,
        "validation_area_m2": 290.4725865419589,
        "ucea_roofs_top_m2": 335.34,
        "err_ucea_minus_validation_kwh_year": -23097.971591796086,
        "err_ucea_abs_kwh_year": 23097.971591796086,
        "err_ucea_pct_of_validation": -0.04220537812188704,
        "err_ucea_area_minus_validation_m2": 44.867413458041085,
        "err_ucea_area_pct_of_validation": 0.15446350374120404,
        "err_workflow0_minus_validation_kwh_year": -92571.01159179694,
        "err_workflow0_abs_kwh_year": 92571.01159179694,
        "err_workflow0_pct_of_validation": -0.169148816026125
      },
      "geometry": {
        "type": "Polygon",
        "coordinates": [
          [
            [
              -9.1354792,
              38.731500999999994
            ],
            [
              -9.135390699999999,
              38.731494700000006
            ],
            [
              -9.1353947,
              38.731434699999994
            ],
            [
              -9.135399799999998,
              38.73135919999999
            ],
            [
              -9.1355175,
              38.73136919999999
            ],
            [
              -9.135651799999998,
              38.73138069999999
            ],
            [
              -9.1356385,
              38.73149209999999
            ],
            [
              -9.1354832,
              38.73147889999999
            ],
            [
              -9.1354792,
              38.731500999999994
            ]
          ]
        ]
      }
    },
    {
      "type": "Feature",
      "properties": {
        "area_id": "Alameda_Arro",
        "osm_uid": "cea/46",
        "osmid": "46",
        "element_type": "cea_zone",
        "building": "yes",
        "cea_name": "B1046",
        "intersection_area_m2": 204.15460348864548,
        "is_residential": true,
        "residential_source": "cea",
        "radiation_sum_kwh_year": 484159.8826796875,
        "radiation_sum": 484159.8826796875,
        "radiation_point_count": 336.0,
        "use_type1": "MULTI_RES",
        "use_type2": "NONE",
        "use_type3": "NONE",
        "resi_type": null,
        "comparison_status": "matched",
        "validation_radiation_kwh_year": 484159.8826796875,
        "ucea_radiation_kwh_year": 353997.7500000009,
        "workflow0_radiation_kwh_year": 311659.12000000034,
        "validation_area_m2": 204.15460348864548,
        "ucea_roofs_top_m2": 253.16,
        "err_ucea_minus_validation_kwh_year": -130162.13267968665,
        "err_ucea_abs_kwh_year": 130162.13267968665,
        "err_ucea_pct_of_validation": -0.26884121823410106,
        "err_ucea_area_minus_validation_m2": 49.00539651135452,
        "err_ucea_area_pct_of_validation": 0.24004061468092275,
        "err_workflow0_minus_validation_kwh_year": -172500.76267968718,
        "err_workflow0_abs_kwh_year": 172500.76267968718,
        "err_workflow0_pct_of_validation": -0.356288839391121
      },
      "geometry": {
        "type": "Polygon",
        "coordinates": [
          [
            [
              -9.1350486,
              38.73147229999999
            ],
            [
              -9.135054199999999,
              38.7314143
            ],
            [
              -9.1350886,
              38.7314163
            ],
            [
              -9.135090799999999,
              38.73139369999999
            ],
            [
              -9.1350265,
              38.73138990000001
            ],
            [
              -9.135032199999998,
              38.7313279
            ],
            [
              -9.135060699999999,
              38.7313303
            ],
            [
              -9.1350892,
              38.731332699999996
            ],
            [
              -9.1351177,
              38.73133519999999
            ],
            [
              -9.135146199999998,
              38.73133759999999
            ],
            [
              -9.1351747,
              38.73134
            ],
            [
              -9.1351901,
              38.73135539999999
            ],
            [
              -9.1352055,
              38.73137079999999
            ],
            [
              -9.1352037,
              38.7313883
            ],
            [
              -9.1351982,
              38.73144320000001
            ],
            [
              -9.1351944,
              38.731480899999994
            ],
            [
              -9.1350486,
              38.73147229999999
            ]
          ]
        ]
      }
    },
    {
      "type": "Feature",
      "properties": {
        "area_id": "Alameda_Arro",
        "osm_uid": "cea/47",
        "osmid": "47",
        "element_type": "cea_zone",
        "building": "yes",
        "cea_name": "B1047",
        "intersection_area_m2": 117.53455889350776,
        "is_residential": true,
        "residential_source": "cea",
        "radiation_sum_kwh_year": 261859.30875,
        "radiation_sum": 261859.30875,
        "radiation_point_count": 193.0,
        "use_type1": "MULTI_RES",
        "use_type2": "NONE",
        "use_type3": "NONE",
        "resi_type": null,
        "comparison_status": "matched",
        "validation_radiation_kwh_year": 261859.30875,
        "ucea_radiation_kwh_year": 155581.33999999982,
        "workflow0_radiation_kwh_year": 162662.34999999966,
        "validation_area_m2": 117.53455889350776,
        "ucea_roofs_top_m2": 117.61,
        "err_ucea_minus_validation_kwh_year": -106277.96875000017,
        "err_ucea_abs_kwh_year": 106277.96875000017,
        "err_ucea_pct_of_validation": -0.4058590441459728,
        "err_ucea_area_minus_validation_m2": 0.07544110649223512,
        "err_ucea_area_pct_of_validation": 0.0006418631864742741,
        "err_workflow0_minus_validation_kwh_year": -99196.95875000034,
        "err_workflow0_abs_kwh_year": 99196.95875000034,
        "err_workflow0_pct_of_validation": -0.3788177675390749
      },
      "geometry": {
        "type": "Polygon",
        "coordinates": [
          [
            [
              -9.1348814,
              38.731314999999995
            ],
            [
              -9.1348702,
              38.7314314
            ],
            [
              -9.134869899999998,
              38.73143509999999
            ],
            [
              -9.1347699,
              38.731429199999994
            ],
            [
              -9.134778,
              38.73134660000001
            ],
            [
              -9.134781799999999,
              38.731306599999996
            ],
            [
              -9.134806699999999,
              38.731308699999985
            ],
            [
              -9.1348316,
              38.73131080000001
            ],
            [
              -9.1348565,
              38.731312899999985
            ],
            [
              -9.1348814,
              38.731314999999995
            ]
          ]
        ]
      }
    },
    {
      "type": "Feature",
      "properties": {
        "area_id": "Alameda_Arro",
        "osm_uid": "cea/50",
        "osmid": "50",
        "element_type": "cea_zone",
        "building": "yes",
        "cea_name": "B1050",
        "intersection_area_m2": 217.8965606186308,
        "is_residential": true,
        "residential_source": "cea",
        "radiation_sum_kwh_year": 442311.55425,
        "radiation_sum": 442311.55425,
        "radiation_point_count": 364.0,
        "use_type1": "MULTI_RES",
        "use_type2": "NONE",
        "use_type3": "NONE",
        "resi_type": null,
        "comparison_status": "matched",
        "validation_radiation_kwh_year": 442311.55425,
        "ucea_radiation_kwh_year": 519594.5900000011,
        "workflow0_radiation_kwh_year": 359722.12000000005,
        "validation_area_m2": 217.8965606186308,
        "ucea_roofs_top_m2": 326.48,
        "err_ucea_minus_validation_kwh_year": 77283.03575000109,
        "err_ucea_abs_kwh_year": 77283.03575000109,
        "err_ucea_pct_of_validation": 0.1747253378470863,
        "err_ucea_area_minus_validation_m2": 108.58343938136923,
        "err_ucea_area_pct_of_validation": 0.49832562328239444,
        "err_workflow0_minus_validation_kwh_year": -82589.43424999993,
        "err_workflow0_abs_kwh_year": 82589.43424999993,
        "err_workflow0_pct_of_validation": -0.18672230796692993
      },
      "geometry": {
        "type": "Polygon",
        "coordinates": [
          [
            [
              -9.1361725,
              38.73151339999999
            ],
            [
              -9.1361828,
              38.73142589999999
            ],
            [
              -9.1362785,
              38.731434099999994
            ],
            [
              -9.1363423,
              38.7314395
            ],
            [
              -9.136345399999998,
              38.73148379999999
            ],
            [
              -9.1363467,
              38.73150150000001
            ],
            [
              -9.136354299999999,
              38.7316072
            ],
            [
              -9.1362651,
              38.73160769999999
            ],
            [
              -9.1362624,
              38.7315449
            ],
            [
              -9.1362275,
              38.7315198
            ],
            [
              -9.1361725,
              38.73151339999999
            ]
          ]
        ]
      }
    },
    {
      "type": "Feature",
      "properties": {
        "area_id": "Alameda_Arro",
        "osm_uid": "cea/52",
        "osmid": "52",
        "element_type": "cea_zone",
        "building": "yes",
        "cea_name": "B1052",
        "intersection_area_m2": 252.95043827607796,
        "is_residential": true,
        "residential_source": "cea",
        "radiation_sum_kwh_year": 452009.8278046875,
        "radiation_sum": 452009.8278046875,
        "radiation_point_count": 416.0,
        "use_type1": "MULTI_RES",
        "use_type2": "NONE",
        "use_type3": "NONE",
        "resi_type": null,
        "comparison_status": "matched",
        "validation_radiation_kwh_year": 452009.8278046875,
        "ucea_radiation_kwh_year": 524990.5699999997,
        "workflow0_radiation_kwh_year": 407683.98000000126,
        "validation_area_m2": 252.95043827607796,
        "ucea_roofs_top_m2": 348.53,
        "err_ucea_minus_validation_kwh_year": 72980.74219531222,
        "err_ucea_abs_kwh_year": 72980.74219531222,
        "err_ucea_pct_of_validation": 0.16145830843936218,
        "err_ucea_area_minus_validation_m2": 95.57956172392201,
        "err_ucea_area_pct_of_validation": 0.3778588500392457,
        "err_workflow0_minus_validation_kwh_year": -44325.84780468623,
        "err_workflow0_abs_kwh_year": 44325.84780468623,
        "err_workflow0_pct_of_validation": -0.09806390276947548
      },
      "geometry": {
        "type": "Polygon",
        "coordinates": [
          [
            [
              -9.136109,
              38.7315874
            ],
            [
              -9.136011899999998,
              38.7315803
            ],
            [
              -9.1360214,
              38.731501900000005
            ],
            [
              -9.135964599999998,
              38.7314977
            ],
            [
              -9.135975099999998,
              38.73140819999998
            ],
            [
              -9.1360796,
              38.73141710000001
            ],
            [
              -9.1361828,
              38.73142589999999
            ],
            [
              -9.1361725,
              38.73151339999999
            ],
            [
              -9.1361185,
              38.73150939999998
            ],
            [
              -9.136109,
              38.7315874
            ]
          ]
        ]
      }
    },
    {
      "type": "Feature",
      "properties": {
        "area_id": "Alameda_Arro",
        "osm_uid": "cea/53",
        "osmid": "53",
        "element_type": "cea_zone",
        "building": "yes",
        "cea_name": "B1053",
        "intersection_area_m2": 179.87500210371073,
        "is_residential": true,
        "residential_source": "cea",
        "radiation_sum_kwh_year": 399941.37984375004,
        "radiation_sum": 399941.37984375004,
        "radiation_point_count": 299.0,
        "use_type1": "MULTI_RES",
        "use_type2": "NONE",
        "use_type3": "NONE",
        "resi_type": null,
        "comparison_status": "matched",
        "validation_radiation_kwh_year": 399941.37984375004,
        "ucea_radiation_kwh_year": 317986.83999999927,
        "workflow0_radiation_kwh_year": 285228.57000000065,
        "validation_area_m2": 179.87500210371073,
        "ucea_roofs_top_m2": 210.98,
        "err_ucea_minus_validation_kwh_year": -81954.53984375077,
        "err_ucea_abs_kwh_year": 81954.53984375077,
        "err_ucea_pct_of_validation": -0.20491638018493846,
        "err_ucea_area_minus_validation_m2": 31.104997896289262,
        "err_ucea_area_pct_of_validation": 0.1729256290896665,
        "err_workflow0_minus_validation_kwh_year": -114712.80984374939,
        "err_workflow0_abs_kwh_year": 114712.80984374939,
        "err_workflow0_pct_of_validation": -0.2868240587872294
      },
      "geometry": {
        "type": "Polygon",
        "coordinates": [
          [
            [
              -9.1348814,
              38.731314999999995
            ],
            [
              -9.1349191,
              38.7313182
            ],
            [
              -9.1349568,
              38.73132149999999
            ],
            [
              -9.1349945,
              38.7313247
            ],
            [
              -9.135032199999998,
              38.7313279
            ],
            [
              -9.1350265,
              38.73138990000001
            ],
            [
              -9.135021399999998,
              38.7314422
            ],
            [
              -9.134969599999998,
              38.731439099999996
            ],
            [
              -9.1349674,
              38.7314613
            ],
            [
              -9.1349202,
              38.7314585
            ],
            [
              -9.134922599999998,
              38.731434499999985
            ],
            [
              -9.1348702,
              38.7314314
            ],
            [
              -9.1348814,
              38.731314999999995
            ]
          ]
        ]
      }
    },
    {
      "type": "Feature",
      "properties": {
        "area_id": "Alameda_Arro",
        "osm_uid": "cea/55",
        "osmid": "55",
        "element_type": "cea_zone",
        "building": "yes",
        "cea_name": "B1055",
        "intersection_area_m2": 253.280548634445,
        "is_residential": true,
        "residential_source": "cea",
        "radiation_sum_kwh_year": 425720.6590703125,
        "radiation_sum": 425720.6590703125,
        "radiation_point_count": 418.0,
        "use_type1": "MULTI_RES",
        "use_type2": "NONE",
        "use_type3": "NONE",
        "resi_type": null,
        "comparison_status": "matched",
        "validation_radiation_kwh_year": 425720.6590703125,
        "ucea_radiation_kwh_year": 478501.40999999974,
        "workflow0_radiation_kwh_year": 355053.63000000024,
        "validation_area_m2": 253.280548634445,
        "ucea_roofs_top_m2": 350.19,
        "err_ucea_minus_validation_kwh_year": 52780.75092968723,
        "err_ucea_abs_kwh_year": 52780.75092968723,
        "err_ucea_pct_of_validation": 0.12397977360307032,
        "err_ucea_area_minus_validation_m2": 96.90945136555499,
        "err_ucea_area_pct_of_validation": 0.38261703035641537,
        "err_workflow0_minus_validation_kwh_year": -70667.02907031227,
        "err_workflow0_abs_kwh_year": 70667.02907031227,
        "err_workflow0_pct_of_validation": -0.1659938919211361
      },
      "geometry": {
        "type": "Polygon",
        "coordinates": [
          [
            [
              -9.135907499999998,
              38.731493499999985
            ],
            [
              -9.1358979,
              38.731572700000015
            ],
            [
              -9.1358038,
              38.731565800000006
            ],
            [
              -9.1358134,
              38.731486399999994
            ],
            [
              -9.1357595,
              38.7314824
            ],
            [
              -9.135761500000001,
              38.731465700000015
            ],
            [
              -9.1357704,
              38.73139080000001
            ],
            [
              -9.135975099999998,
              38.73140819999998
            ],
            [
              -9.135964599999998,
              38.7314977
            ],
            [
              -9.135907499999998,
              38.731493499999985
            ]
          ]
        ]
      }
    },
    {
      "type": "Feature",
      "properties": {
        "area_id": "Alameda_Arro",
        "osm_uid": "cea/57",
        "osmid": "57",
        "element_type": "cea_zone",
        "building": "yes",
        "cea_name": "B1057",
        "intersection_area_m2": 408.5236670976583,
        "is_residential": true,
        "residential_source": "cea",
        "radiation_sum_kwh_year": 670010.2829765625,
        "radiation_sum": 670010.2829765625,
        "radiation_point_count": 672.0,
        "use_type1": "MULTI_RES",
        "use_type2": "NONE",
        "use_type3": "NONE",
        "resi_type": null,
        "comparison_status": "matched",
        "validation_radiation_kwh_year": 670010.2829765625,
        "ucea_radiation_kwh_year": 689413.7600000008,
        "workflow0_radiation_kwh_year": 658232.3999999991,
        "validation_area_m2": 408.5236670976583,
        "ucea_roofs_top_m2": 437.29,
        "err_ucea_minus_validation_kwh_year": 19403.477023438318,
        "err_ucea_abs_kwh_year": 19403.477023438318,
        "err_ucea_pct_of_validation": 0.028959968998143074,
        "err_ucea_area_minus_validation_m2": 28.76633290234173,
        "err_ucea_area_pct_of_validation": 0.0704153399647837,
        "err_workflow0_minus_validation_kwh_year": -11777.882976563415,
        "err_workflow0_abs_kwh_year": 11777.882976563415,
        "err_workflow0_pct_of_validation": -0.017578660023305066
      },
      "geometry": {
        "type": "Polygon",
        "coordinates": [
          [
            [
              -9.1345064,
              38.729084
            ],
            [
              -9.134313,
              38.729074
            ],
            [
              -9.1343156,
              38.7290433
            ],
            [
              -9.134277,
              38.72904129999999
            ],
            [
              -9.134290199999999,
              38.7288862
            ],
            [
              -9.1343176,
              38.72888759999999
            ],
            [
              -9.1345249,
              38.728898399999984
            ],
            [
              -9.1345064,
              38.729084
            ]
          ]
        ]
      }
    },
    {
      "type": "Feature",
      "properties": {
        "area_id": "Alameda_Arro",
        "osm_uid": "cea/58",
        "osmid": "58",
        "element_type": "cea_zone",
        "building": "yes",
        "cea_name": "B1058",
        "intersection_area_m2": 164.2568757637142,
        "is_residential": true,
        "residential_source": "cea",
        "radiation_sum_kwh_year": 296719.32937500003,
        "radiation_sum": 296719.32937500003,
        "radiation_point_count": 283.0,
        "use_type1": "MULTI_RES",
        "use_type2": "NONE",
        "use_type3": "NONE",
        "resi_type": null,
        "comparison_status": "matched",
        "validation_radiation_kwh_year": 296719.32937500003,
        "ucea_radiation_kwh_year": 323077.0400000008,
        "workflow0_radiation_kwh_year": 258296.13000000073,
        "validation_area_m2": 164.2568757637142,
        "ucea_roofs_top_m2": 206.38,
        "err_ucea_minus_validation_kwh_year": 26357.710625000764,
        "err_ucea_abs_kwh_year": 26357.710625000764,
        "err_ucea_pct_of_validation": 0.08883044687557022,
        "err_ucea_area_minus_validation_m2": 42.123124236285804,
        "err_ucea_area_pct_of_validation": 0.256446642129493,
        "err_workflow0_minus_validation_kwh_year": -38423.1993749993,
        "err_workflow0_abs_kwh_year": 38423.1993749993,
        "err_workflow0_pct_of_validation": -0.12949341539674103
      },
      "geometry": {
        "type": "Polygon",
        "coordinates": [
          [
            [
              -9.136148,
              38.7278719
            ],
            [
              -9.1360171,
              38.7278719
            ],
            [
              -9.1359552,
              38.7278719
            ],
            [
              -9.1359559,
              38.72785569999999
            ],
            [
              -9.136003699999998,
              38.72785669999999
            ],
            [
              -9.136006199999999,
              38.7277904
            ],
            [
              -9.135958399999998,
              38.7277893
            ],
            [
              -9.135959199999999,
              38.727765799999986
            ],
            [
              -9.1360122,
              38.727766999999986
            ],
            [
              -9.1361547,
              38.727769800000004
            ],
            [
              -9.136152499999998,
              38.72780339999999
            ],
            [
              -9.136150300000002,
              38.7278371
            ],
            [
              -9.136148,
              38.7278719
            ]
          ]
        ]
      }
    },
    {
      "type": "Feature",
      "properties": {
        "area_id": "Alameda_Arro",
        "osm_uid": "cea/59",
        "osmid": "59",
        "element_type": "cea_zone",
        "building": "yes",
        "cea_name": "B1059",
        "intersection_area_m2": 84.37798490932815,
        "is_residential": true,
        "residential_source": "cea",
        "radiation_sum_kwh_year": 107817.9183125,
        "radiation_sum": 107817.9183125,
        "radiation_point_count": 142.0,
        "use_type1": "MULTI_RES",
        "use_type2": "NONE",
        "use_type3": "NONE",
        "resi_type": null,
        "comparison_status": "matched",
        "validation_radiation_kwh_year": 107817.9183125,
        "ucea_radiation_kwh_year": 117480.48999999996,
        "workflow0_radiation_kwh_year": 112651.0800000002,
        "validation_area_m2": 84.37798490932815,
        "ucea_roofs_top_m2": 97.05,
        "err_ucea_minus_validation_kwh_year": 9662.571687499963,
        "err_ucea_abs_kwh_year": 9662.571687499963,
        "err_ucea_pct_of_validation": 0.08961934935057748,
        "err_ucea_area_minus_validation_m2": 12.672015090671849,
        "err_ucea_area_pct_of_validation": 0.1501815325915769,
        "err_workflow0_minus_validation_kwh_year": 4833.161687500207,
        "err_workflow0_abs_kwh_year": 4833.161687500207,
        "err_workflow0_pct_of_validation": 0.04482707293134474
      },
      "geometry": {
        "type": "Polygon",
        "coordinates": [
          [
            [
              -9.135958399999998,
              38.7277893
            ],
            [
              -9.1359559,
              38.72785569999999
            ],
            [
              -9.1359552,
              38.7278719
            ],
            [
              -9.135883399999999,
              38.72787189999999
            ],
            [
              -9.1358686,
              38.7277625
            ],
            [
              -9.135959199999999,
              38.727765799999986
            ],
            [
              -9.135958399999998,
              38.7277893
            ]
          ]
        ]
      }
    },
    {
      "type": "Feature",
      "properties": {
        "area_id": "Alameda_Arro",
        "osm_uid": "cea/60",
        "osmid": "60",
        "element_type": "cea_zone",
        "building": "yes",
        "cea_name": "B1060",
        "intersection_area_m2": 84.48446033762653,
        "is_residential": true,
        "residential_source": "cea",
        "radiation_sum_kwh_year": 131078.5523125,
        "radiation_sum": 131078.5523125,
        "radiation_point_count": 137.0,
        "use_type1": "MULTI_RES",
        "use_type2": "NONE",
        "use_type3": "NONE",
        "resi_type": null,
        "comparison_status": "matched",
        "validation_radiation_kwh_year": 131078.5523125,
        "ucea_radiation_kwh_year": 159207.3,
        "workflow0_radiation_kwh_year": 113509.6599999998,
        "validation_area_m2": 84.48446033762653,
        "ucea_roofs_top_m2": 93.05,
        "err_ucea_minus_validation_kwh_year": 28128.7476875,
        "err_ucea_abs_kwh_year": 28128.7476875,
        "err_ucea_pct_of_validation": 0.21459458615654523,
        "err_ucea_area_minus_validation_m2": 8.565539662373467,
        "err_ucea_area_pct_of_validation": 0.1013859782987649,
        "err_workflow0_minus_validation_kwh_year": -17568.89231250019,
        "err_workflow0_abs_kwh_year": 17568.89231250019,
        "err_workflow0_pct_of_validation": -0.1340333105801686
      },
      "geometry": {
        "type": "Polygon",
        "coordinates": [
          [
            [
              -9.135847,
              38.727588
            ],
            [
              -9.1358472,
              38.727574899999986
            ],
            [
              -9.1359949,
              38.727573
            ],
            [
              -9.1359944,
              38.72763589999999
            ],
            [
              -9.1359505,
              38.727635699999986
            ],
            [
              -9.135850599999998,
              38.72763019999999
            ],
            [
              -9.135849499999999,
              38.72762249999999
            ],
            [
              -9.135847,
              38.727588
            ]
          ]
        ]
      }
    },
    {
      "type": "Feature",
      "properties": {
        "area_id": "Alameda_Arro",
        "osm_uid": "cea/61",
        "osmid": "61",
        "element_type": "cea_zone",
        "building": "yes",
        "cea_name": "B1061",
        "intersection_area_m2": 295.1513335634166,
        "is_residential": true,
        "residential_source": "cea",
        "radiation_sum_kwh_year": 637582.8231796875,
        "radiation_sum": 637582.8231796875,
        "radiation_point_count": 488.0,
        "use_type1": "MULTI_RES",
        "use_type2": "NONE",
        "use_type3": "NONE",
        "resi_type": null,
        "comparison_status": "matched",
        "validation_radiation_kwh_year": 637582.8231796875,
        "ucea_radiation_kwh_year": 443374.9500000012,
        "workflow0_radiation_kwh_year": 443832.71000000247,
        "validation_area_m2": 295.1513335634166,
        "ucea_roofs_top_m2": 278.2,
        "err_ucea_minus_validation_kwh_year": -194207.8731796863,
        "err_ucea_abs_kwh_year": 194207.8731796863,
        "err_ucea_pct_of_validation": -0.3046002277965281,
        "err_ucea_area_minus_validation_m2": -16.951333563416597,
        "err_ucea_area_pct_of_validation": -0.0574326849848856,
        "err_workflow0_minus_validation_kwh_year": -193750.11317968502,
        "err_workflow0_abs_kwh_year": 193750.11317968502,
        "err_workflow0_pct_of_validation": -0.30388226617121583
      },
      "geometry": {
        "type": "Polygon",
        "coordinates": [
          [
            [
              -9.134261599999999,
              38.72948789999999
            ],
            [
              -9.134274999999999,
              38.7293499
            ],
            [
              -9.1343969,
              38.72935929999999
            ],
            [
              -9.1344023,
              38.7293257
            ],
            [
              -9.134481799999998,
              38.72932979999999
            ],
            [
              -9.1344786,
              38.729361299999994
            ],
            [
              -9.134475599999998,
              38.72939079999999
            ],
            [
              -9.1344688,
              38.72945949999999
            ],
            [
              -9.134464,
              38.72948280000001
            ],
            [
              -9.134445199999998,
              38.72949739999999
            ],
            [
              -9.134423799999999,
              38.7294995
            ],
            [
              -9.134261599999999,
              38.72948789999999
            ]
          ]
        ]
      }
    },
    {
      "type": "Feature",
      "properties": {
        "area_id": "Alameda_Arro",
        "osm_uid": "cea/62",
        "osmid": "62",
        "element_type": "cea_zone",
        "building": "yes",
        "cea_name": "B1062",
        "intersection_area_m2": 274.0881290378034,
        "is_residential": true,
        "residential_source": "cea",
        "radiation_sum_kwh_year": 587545.72259375,
        "radiation_sum": 587545.72259375,
        "radiation_point_count": 450.0,
        "use_type1": "MULTI_RES",
        "use_type2": "NONE",
        "use_type3": "NONE",
        "resi_type": null,
        "comparison_status": "matched",
        "validation_radiation_kwh_year": 587545.72259375,
        "ucea_radiation_kwh_year": 413296.6899999999,
        "workflow0_radiation_kwh_year": 405858.4299999992,
        "validation_area_m2": 274.0881290378034,
        "ucea_roofs_top_m2": 290.71,
        "err_ucea_minus_validation_kwh_year": -174249.0325937501,
        "err_ucea_abs_kwh_year": 174249.0325937501,
        "err_ucea_pct_of_validation": -0.29657101718742673,
        "err_ucea_area_minus_validation_m2": 16.621870962196567,
        "err_ucea_area_pct_of_validation": 0.06064425708821562,
        "err_workflow0_minus_validation_kwh_year": -181687.2925937508,
        "err_workflow0_abs_kwh_year": 181687.2925937508,
        "err_workflow0_pct_of_validation": -0.30923090000839965
      },
      "geometry": {
        "type": "Polygon",
        "coordinates": [
          [
            [
              -9.136019499999998,
              38.727573
            ],
            [
              -9.1361675,
              38.727572699999996
            ],
            [
              -9.1361547,
              38.727769800000004
            ],
            [
              -9.1360122,
              38.727766999999986
            ],
            [
              -9.136019499999998,
              38.727573
            ]
          ]
        ]
      }
    },
    {
      "type": "Feature",
      "properties": {
        "area_id": "Alameda_Arro",
        "osm_uid": "cea/63",
        "osmid": "63",
        "element_type": "cea_zone",
        "building": "yes",
        "cea_name": "B1063",
        "intersection_area_m2": 486.59951436299536,
        "is_residential": true,
        "residential_source": "cea",
        "radiation_sum_kwh_year": 959134.3251093751,
        "radiation_sum": 959134.3251093751,
        "radiation_point_count": 799.0,
        "use_type1": "MULTI_RES",
        "use_type2": "NONE",
        "use_type3": "NONE",
        "resi_type": null,
        "comparison_status": "matched",
        "validation_radiation_kwh_year": 959134.3251093751,
        "ucea_radiation_kwh_year": 704072.2999999975,
        "workflow0_radiation_kwh_year": 602781.379999999,
        "validation_area_m2": 486.59951436299536,
        "ucea_roofs_top_m2": 577.62,
        "err_ucea_minus_validation_kwh_year": -255062.02510937757,
        "err_ucea_abs_kwh_year": 255062.02510937757,
        "err_ucea_pct_of_validation": -0.26592940991898245,
        "err_ucea_area_minus_validation_m2": 91.02048563700464,
        "err_ucea_area_pct_of_validation": 0.18705420566676692,
        "err_workflow0_minus_validation_kwh_year": -356352.9451093761,
        "err_workflow0_abs_kwh_year": 356352.9451093761,
        "err_workflow0_pct_of_validation": -0.3715360151131483
      },
      "geometry": {
        "type": "Polygon",
        "coordinates": [
          [
            [
              -9.134297299999998,
              38.72925789999999
            ],
            [
              -9.1342559,
              38.729255699999996
            ],
            [
              -9.1342595,
              38.72921269999999
            ],
            [
              -9.134304,
              38.729214999999996
            ],
            [
              -9.1343067,
              38.72918379999999
            ],
            [
              -9.1342622,
              38.729181499999996
            ],
            [
              -9.134265099999999,
              38.72914759999999
            ],
            [
              -9.134306499999997,
              38.729149699999994
            ],
            [
              -9.134313,
              38.729074
            ],
            [
              -9.1345064,
              38.729084
            ],
            [
              -9.134481799999998,
              38.72932979999999
            ],
            [
              -9.1344023,
              38.7293257
            ],
            [
              -9.134291999999999,
              38.72932
            ],
            [
              -9.134297299999998,
              38.72925789999999
            ]
          ]
        ]
      }
    },
    {
      "type": "Feature",
      "properties": {
        "area_id": "Alameda_Arro",
        "osm_uid": "cea/65",
        "osmid": "65",
        "element_type": "cea_zone",
        "building": "yes",
        "cea_name": "B1065",
        "intersection_area_m2": 186.95722320470534,
        "is_residential": true,
        "residential_source": "cea",
        "radiation_sum_kwh_year": 312163.06821875,
        "radiation_sum": 312163.06821875,
        "radiation_point_count": 310.0,
        "use_type1": "MULTI_RES",
        "use_type2": "NONE",
        "use_type3": "NONE",
        "resi_type": null,
        "comparison_status": "matched",
        "validation_radiation_kwh_year": 312163.06821875,
        "ucea_radiation_kwh_year": 296991.0100000006,
        "workflow0_radiation_kwh_year": 296700.08999999886,
        "validation_area_m2": 186.95722320470534,
        "ucea_roofs_top_m2": 188.74,
        "err_ucea_minus_validation_kwh_year": -15172.058218749415,
        "err_ucea_abs_kwh_year": 15172.058218749415,
        "err_ucea_pct_of_validation": -0.048602989153468695,
        "err_ucea_area_minus_validation_m2": 1.7827767952946658,
        "err_ucea_area_pct_of_validation": 0.009535747080189822,
        "err_workflow0_minus_validation_kwh_year": -15462.978218751145,
        "err_workflow0_abs_kwh_year": 15462.978218751145,
        "err_workflow0_pct_of_validation": -0.04953493796362668
      },
      "geometry": {
        "type": "Polygon",
        "coordinates": [
          [
            [
              -9.134135399999998,
              38.72934159999999
            ],
            [
              -9.134274999999999,
              38.7293499
            ],
            [
              -9.134261599999999,
              38.72948789999999
            ],
            [
              -9.134121899999998,
              38.7294796
            ],
            [
              -9.134135399999998,
              38.72934159999999
            ]
          ]
        ]
      }
    },
    {
      "type": "Feature",
      "properties": {
        "area_id": "Alameda_Arro",
        "osm_uid": "cea/66",
        "osmid": "66",
        "element_type": "cea_zone",
        "building": "yes",
        "cea_name": "B1066",
        "intersection_area_m2": 119.97111853486577,
        "is_residential": true,
        "residential_source": "cea",
        "radiation_sum_kwh_year": 174146.1821875,
        "radiation_sum": 174146.1821875,
        "radiation_point_count": 197.0,
        "use_type1": "MULTI_RES",
        "use_type2": "NONE",
        "use_type3": "NONE",
        "resi_type": null,
        "comparison_status": "matched",
        "validation_radiation_kwh_year": 174146.1821875,
        "ucea_radiation_kwh_year": 214366.31000000017,
        "workflow0_radiation_kwh_year": 192298.61999999965,
        "validation_area_m2": 119.97111853486577,
        "ucea_roofs_top_m2": 136.69,
        "err_ucea_minus_validation_kwh_year": 40220.12781250017,
        "err_ucea_abs_kwh_year": 40220.12781250017,
        "err_ucea_pct_of_validation": 0.23095612724484477,
        "err_ucea_area_minus_validation_m2": 16.71888146513423,
        "err_ucea_area_pct_of_validation": 0.13935755262859723,
        "err_workflow0_minus_validation_kwh_year": 18152.437812499644,
        "err_workflow0_abs_kwh_year": 18152.437812499644,
        "err_workflow0_pct_of_validation": 0.1042367830547973
      },
      "geometry": {
        "type": "Polygon",
        "coordinates": [
          [
            [
              -9.135850599999998,
              38.72763019999999
            ],
            [
              -9.1359505,
              38.727635699999986
            ],
            [
              -9.135959199999999,
              38.727765799999986
            ],
            [
              -9.1358686,
              38.7277625
            ],
            [
              -9.135850599999998,
              38.72763019999999
            ]
          ]
        ]
      }
    },
    {
      "type": "Feature",
      "properties": {
        "area_id": "Alameda_Arro",
        "osm_uid": "cea/67",
        "osmid": "67",
        "element_type": "cea_zone",
        "building": "yes",
        "cea_name": "B1067",
        "intersection_area_m2": 313.12477729948273,
        "is_residential": true,
        "residential_source": "cea",
        "radiation_sum_kwh_year": 478238.7316875,
        "radiation_sum": 478238.7316875,
        "radiation_point_count": 507.0,
        "use_type1": "MULTI_RES",
        "use_type2": "NONE",
        "use_type3": "NONE",
        "resi_type": null,
        "comparison_status": "matched",
        "validation_radiation_kwh_year": 478238.7316875,
        "ucea_radiation_kwh_year": 410296.6999999995,
        "workflow0_radiation_kwh_year": 303884.11000000074,
        "validation_area_m2": 313.12477729948273,
        "ucea_roofs_top_m2": 390.09,
        "err_ucea_minus_validation_kwh_year": -67942.03168750054,
        "err_ucea_abs_kwh_year": 67942.03168750054,
        "err_ucea_pct_of_validation": -0.1420671877573825,
        "err_ucea_area_minus_validation_m2": 76.96522270051724,
        "err_ucea_area_pct_of_validation": 0.24579729322060387,
        "err_workflow0_minus_validation_kwh_year": -174354.62168749928,
        "err_workflow0_abs_kwh_year": 174354.62168749928,
        "err_workflow0_pct_of_validation": -0.36457653915289623
      },
      "geometry": {
        "type": "Polygon",
        "coordinates": [
          [
            [
              -9.136139999999997,
              38.7279963
            ],
            [
              -9.1361383,
              38.72800860000001
            ],
            [
              -9.1361294,
              38.728018799999994
            ],
            [
              -9.1361154,
              38.7280247
            ],
            [
              -9.1360995,
              38.7280247
            ],
            [
              -9.1359231,
              38.728010699999984
            ],
            [
              -9.1359132,
              38.72800709999999
            ],
            [
              -9.1359053,
              38.72800109999999
            ],
            [
              -9.1359004,
              38.727993500000004
            ],
            [
              -9.1358991,
              38.727985000000004
            ],
            [
              -9.135887,
              38.7278975
            ],
            [
              -9.136016799999998,
              38.72790429999999
            ],
            [
              -9.1360171,
              38.7278719
            ],
            [
              -9.136148,
              38.7278719
            ],
            [
              -9.136144,
              38.7279335
            ],
            [
              -9.136139999999997,
              38.7279963
            ]
          ]
        ]
      }
    },
    {
      "type": "Feature",
      "properties": {
        "area_id": "Alameda_Arro",
        "osm_uid": "cea/68",
        "osmid": "68",
        "element_type": "cea_zone",
        "building": "yes",
        "cea_name": "B1068",
        "intersection_area_m2": 226.2363298333722,
        "is_residential": true,
        "residential_source": "cea",
        "radiation_sum_kwh_year": 393780.972234375,
        "radiation_sum": 393780.972234375,
        "radiation_point_count": 372.0,
        "use_type1": "MULTI_RES",
        "use_type2": "NONE",
        "use_type3": "NONE",
        "resi_type": null,
        "comparison_status": "matched",
        "validation_radiation_kwh_year": 393780.972234375,
        "ucea_radiation_kwh_year": 363139.0599999997,
        "workflow0_radiation_kwh_year": 353122.7699999995,
        "validation_area_m2": 226.2363298333722,
        "ucea_roofs_top_m2": 232.0,
        "err_ucea_minus_validation_kwh_year": -30641.91223437531,
        "err_ucea_abs_kwh_year": 30641.91223437531,
        "err_ucea_pct_of_validation": -0.07781460861480506,
        "err_ucea_area_minus_validation_m2": 5.763670166627804,
        "err_ucea_area_pct_of_validation": 0.02547632456234093,
        "err_workflow0_minus_validation_kwh_year": -40658.20223437552,
        "err_workflow0_abs_kwh_year": 40658.20223437552,
        "err_workflow0_pct_of_validation": -0.10325080463810758
      },
      "geometry": {
        "type": "Polygon",
        "coordinates": [
          [
            [
              -9.1392713,
              38.731367000000006
            ],
            [
              -9.1394374,
              38.7313808
            ],
            [
              -9.1394182,
              38.73152060000001
            ],
            [
              -9.139252099999998,
              38.7315064
            ],
            [
              -9.1392713,
              38.731367000000006
            ]
          ]
        ]
      }
    },
    {
      "type": "Feature",
      "properties": {
        "area_id": "Alameda_Arro",
        "osm_uid": "cea/73",
        "osmid": "73",
        "element_type": "cea_zone",
        "building": "yes",
        "cea_name": "B1073",
        "intersection_area_m2": 105.66034784169547,
        "is_residential": true,
        "residential_source": "cea",
        "radiation_sum_kwh_year": 98315.19393750001,
        "radiation_sum": 98315.19393750001,
        "radiation_point_count": 159.0,
        "use_type1": "MULTI_RES",
        "use_type2": "NONE",
        "use_type3": "NONE",
        "resi_type": null,
        "comparison_status": "matched",
        "validation_radiation_kwh_year": 98315.19393750001,
        "ucea_radiation_kwh_year": 134871.82000000012,
        "workflow0_radiation_kwh_year": 127496.59000000001,
        "validation_area_m2": 105.66034784169547,
        "ucea_roofs_top_m2": 108.07,
        "err_ucea_minus_validation_kwh_year": 36556.626062500116,
        "err_ucea_abs_kwh_year": 36556.626062500116,
        "err_ucea_pct_of_validation": 0.3718308900020026,
        "err_ucea_area_minus_validation_m2": 2.4096521583045245,
        "err_ucea_area_pct_of_validation": 0.02280564286911833,
        "err_workflow0_minus_validation_kwh_year": 29181.396062500004,
        "err_workflow0_abs_kwh_year": 29181.396062500004,
        "err_workflow0_pct_of_validation": 0.29681471290237116
      },
      "geometry": {
        "type": "Polygon",
        "coordinates": [
          [
            [
              -9.1393579,
              38.730907099999996
            ],
            [
              -9.139463699999999,
              38.7309178
            ],
            [
              -9.1394468,
              38.7310196
            ],
            [
              -9.139340999999998,
              38.731009
            ],
            [
              -9.139354499999998,
              38.73092769999998
            ],
            [
              -9.1393579,
              38.730907099999996
            ]
          ]
        ]
      }
    },
    {
      "type": "Feature",
      "properties": {
        "area_id": "Alameda_Arro",
        "osm_uid": "cea/74",
        "osmid": "74",
        "element_type": "cea_zone",
        "building": "yes",
        "cea_name": "B1074",
        "intersection_area_m2": 171.8506888069402,
        "is_residential": true,
        "residential_source": "cea",
        "radiation_sum_kwh_year": 270073.9931875,
        "radiation_sum": 270073.9931875,
        "radiation_point_count": 271.0,
        "use_type1": "MULTI_RES",
        "use_type2": "NONE",
        "use_type3": "NONE",
        "resi_type": null,
        "comparison_status": "matched",
        "validation_radiation_kwh_year": 270073.9931875,
        "ucea_radiation_kwh_year": 298749.08999999927,
        "workflow0_radiation_kwh_year": 272943.6599999993,
        "validation_area_m2": 171.8506888069402,
        "ucea_roofs_top_m2": 189.79,
        "err_ucea_minus_validation_kwh_year": 28675.09681249928,
        "err_ucea_abs_kwh_year": 28675.09681249928,
        "err_ucea_pct_of_validation": 0.10617496514220633,
        "err_ucea_area_minus_validation_m2": 17.93931119305978,
        "err_ucea_area_pct_of_validation": 0.10438893971040807,
        "err_workflow0_minus_validation_kwh_year": 2869.6668124992866,
        "err_workflow0_abs_kwh_year": 2869.6668124992866,
        "err_workflow0_pct_of_validation": 0.010625483700339146
      },
      "geometry": {
        "type": "Polygon",
        "coordinates": [
          [
            [
              -9.1394383,
              38.731358
            ],
            [
              -9.139364099999998,
              38.731353399999996
            ],
            [
              -9.1393669,
              38.7313264
            ],
            [
              -9.139299199999998,
              38.731322199999994
            ],
            [
              -9.139310599999998,
              38.7312115
            ],
            [
              -9.1394525,
              38.7312204
            ],
            [
              -9.1394383,
              38.731358
            ]
          ]
        ]
      }
    },
    {
      "type": "Feature",
      "properties": {
        "area_id": "Alameda_Arro",
        "osm_uid": "cea/80",
        "osmid": "80",
        "element_type": "cea_zone",
        "building": "yes",
        "cea_name": "B1080",
        "intersection_area_m2": 246.48446714472675,
        "is_residential": true,
        "residential_source": "cea",
        "radiation_sum_kwh_year": 545268.987875,
        "radiation_sum": 545268.987875,
        "radiation_point_count": 404.0,
        "use_type1": "MULTI_RES",
        "use_type2": "NONE",
        "use_type3": "NONE",
        "resi_type": null,
        "comparison_status": "matched",
        "validation_radiation_kwh_year": 545268.987875,
        "ucea_radiation_kwh_year": 317358.9899999999,
        "workflow0_radiation_kwh_year": 323086.72000000067,
        "validation_area_m2": 246.48446714472675,
        "ucea_roofs_top_m2": 249.57,
        "err_ucea_minus_validation_kwh_year": -227909.99787500012,
        "err_ucea_abs_kwh_year": 227909.99787500012,
        "err_ucea_pct_of_validation": -0.4179771873019987,
        "err_ucea_area_minus_validation_m2": 3.085532855273243,
        "err_ucea_area_pct_of_validation": 0.01251816348111514,
        "err_workflow0_minus_validation_kwh_year": -222182.26787499932,
        "err_workflow0_abs_kwh_year": 222182.26787499932,
        "err_workflow0_pct_of_validation": -0.4074727754844063
      },
      "geometry": {
        "type": "Polygon",
        "coordinates": [
          [
            [
              -9.1392134,
              38.7309098
            ],
            [
              -9.139354499999998,
              38.73092769999998
            ],
            [
              -9.139340999999998,
              38.731009
            ],
            [
              -9.1393344,
              38.731096199999996
            ],
            [
              -9.1391767,
              38.731081499999995
            ],
            [
              -9.1392134,
              38.7309098
            ]
          ]
        ]
      }
    },
    {
      "type": "Feature",
      "properties": {
        "area_id": "Alameda_Arro",
        "osm_uid": "cea/81",
        "osmid": "81",
        "element_type": "cea_zone",
        "building": "yes",
        "cea_name": "B1081",
        "intersection_area_m2": 291.6685157527722,
        "is_residential": true,
        "residential_source": "cea",
        "radiation_sum_kwh_year": 576899.229484375,
        "radiation_sum": 576899.229484375,
        "radiation_point_count": 483.0,
        "use_type1": "MULTI_RES",
        "use_type2": "NONE",
        "use_type3": "NONE",
        "resi_type": null,
        "comparison_status": "matched",
        "validation_radiation_kwh_year": 576899.229484375,
        "ucea_radiation_kwh_year": 472173.73999999993,
        "workflow0_radiation_kwh_year": 439926.4300000007,
        "validation_area_m2": 291.6685157527722,
        "ucea_roofs_top_m2": 311.78,
        "err_ucea_minus_validation_kwh_year": -104725.48948437505,
        "err_ucea_abs_kwh_year": 104725.48948437505,
        "err_ucea_pct_of_validation": -0.18153168548686974,
        "err_ucea_area_minus_validation_m2": 20.111484247227793,
        "err_ucea_area_pct_of_validation": 0.06895322313182047,
        "err_workflow0_minus_validation_kwh_year": -136972.7994843743,
        "err_workflow0_abs_kwh_year": 136972.7994843743,
        "err_workflow0_pct_of_validation": -0.23742933338080344
      },
      "geometry": {
        "type": "Polygon",
        "coordinates": [
          [
            [
              -9.1380448,
              38.730590100000015
            ],
            [
              -9.1381199,
              38.73058900000001
            ],
            [
              -9.1381629,
              38.730588299999994
            ],
            [
              -9.1381864,
              38.7305898
            ],
            [
              -9.1381705,
              38.7306942
            ],
            [
              -9.1378973,
              38.7307006
            ],
            [
              -9.1378946,
              38.7305925
            ],
            [
              -9.137969699999998,
              38.73059130000001
            ],
            [
              -9.1380448,
              38.730590100000015
            ]
          ]
        ]
      }
    },
    {
      "type": "Feature",
      "properties": {
        "area_id": "Alameda_Arro",
        "osm_uid": "cea/82",
        "osmid": "82",
        "element_type": "cea_zone",
        "building": "yes",
        "cea_name": "B1082",
        "intersection_area_m2": 125.7993891690262,
        "is_residential": true,
        "residential_source": "cea",
        "radiation_sum_kwh_year": 233068.268265625,
        "radiation_sum": 233068.268265625,
        "radiation_point_count": 208.0,
        "use_type1": "MULTI_RES",
        "use_type2": "NONE",
        "use_type3": "NONE",
        "resi_type": null,
        "comparison_status": "matched",
        "validation_radiation_kwh_year": 233068.268265625,
        "ucea_radiation_kwh_year": 184970.9399999997,
        "workflow0_radiation_kwh_year": 188179.55,
        "validation_area_m2": 125.7993891690262,
        "ucea_roofs_top_m2": 119.79,
        "err_ucea_minus_validation_kwh_year": -48097.328265625285,
        "err_ucea_abs_kwh_year": 48097.328265625285,
        "err_ucea_pct_of_validation": -0.20636583702938643,
        "err_ucea_area_minus_validation_m2": -6.009389169026193,
        "err_ucea_area_pct_of_validation": -0.04776962120978088,
        "err_workflow0_minus_validation_kwh_year": -44888.71826562501,
        "err_workflow0_abs_kwh_year": 44888.71826562501,
        "err_workflow0_pct_of_validation": -0.19259901229654264
      },
      "geometry": {
        "type": "Polygon",
        "coordinates": [
          [
            [
              -9.1387419,
              38.73092259999999
            ],
            [
              -9.1386155,
              38.73090779999999
            ],
            [
              -9.1386217,
              38.73086199999997
            ],
            [
              -9.138626899999998,
              38.73082409999999
            ],
            [
              -9.138689499999998,
              38.730816299999994
            ],
            [
              -9.1387744,
              38.73082790000001
            ],
            [
              -9.1387476,
              38.730901499999995
            ],
            [
              -9.1387419,
              38.73092259999999
            ]
          ]
        ]
      }
    },
    {
      "type": "Feature",
      "properties": {
        "area_id": "Alameda_Arro",
        "osm_uid": "cea/84",
        "osmid": "84",
        "element_type": "cea_zone",
        "building": "yes",
        "cea_name": "B1084",
        "intersection_area_m2": 194.92490828908836,
        "is_residential": true,
        "residential_source": "cea",
        "radiation_sum_kwh_year": 344508.3056875,
        "radiation_sum": 344508.3056875,
        "radiation_point_count": 323.0,
        "use_type1": "MULTI_RES",
        "use_type2": "NONE",
        "use_type3": "NONE",
        "resi_type": null,
        "comparison_status": "matched",
        "validation_radiation_kwh_year": 344508.3056875,
        "ucea_radiation_kwh_year": 291513.4199999988,
        "workflow0_radiation_kwh_year": 292239.0399999994,
        "validation_area_m2": 194.92490828908836,
        "ucea_roofs_top_m2": 181.89,
        "err_ucea_minus_validation_kwh_year": -52994.88568750117,
        "err_ucea_abs_kwh_year": 52994.88568750117,
        "err_ucea_pct_of_validation": -0.15382759954580688,
        "err_ucea_area_minus_validation_m2": -13.034908289088378,
        "err_ucea_area_pct_of_validation": -0.06687143476685198,
        "err_workflow0_minus_validation_kwh_year": -52269.26568750059,
        "err_workflow0_abs_kwh_year": 52269.26568750059,
        "err_workflow0_pct_of_validation": -0.15172135134214593
      },
      "geometry": {
        "type": "Polygon",
        "coordinates": [
          [
            [
              -9.1381159,
              38.731151499999996
            ],
            [
              -9.1381876,
              38.7311589
            ],
            [
              -9.1382577,
              38.73116329999999
            ],
            [
              -9.1382148,
              38.73127169999999
            ],
            [
              -9.138019699999997,
              38.73125539999999
            ],
            [
              -9.138022,
              38.73122269999999
            ],
            [
              -9.1381159,
              38.731151499999996
            ]
          ]
        ]
      }
    },
    {
      "type": "Feature",
      "properties": {
        "area_id": "Alameda_Arro",
        "osm_uid": "cea/85",
        "osmid": "85",
        "element_type": "cea_zone",
        "building": "yes",
        "cea_name": "B1085",
        "intersection_area_m2": 158.6379665624147,
        "is_residential": true,
        "residential_source": "cea",
        "radiation_sum_kwh_year": 189587.521609375,
        "radiation_sum": 189587.521609375,
        "radiation_point_count": 259.0,
        "use_type1": "MULTI_RES",
        "use_type2": "NONE",
        "use_type3": "NONE",
        "resi_type": null,
        "comparison_status": "matched",
        "validation_radiation_kwh_year": 189587.521609375,
        "ucea_radiation_kwh_year": 239012.75999999986,
        "workflow0_radiation_kwh_year": 241063.96999999983,
        "validation_area_m2": 158.6379665624147,
        "ucea_roofs_top_m2": 159.27,
        "err_ucea_minus_validation_kwh_year": 49425.23839062487,
        "err_ucea_abs_kwh_year": 49425.23839062487,
        "err_ucea_pct_of_validation": 0.2606987947891441,
        "err_ucea_area_minus_validation_m2": 0.6320334375853065,
        "err_ucea_area_pct_of_validation": 0.003984124678858882,
        "err_workflow0_minus_validation_kwh_year": 51476.448390624835,
        "err_workflow0_abs_kwh_year": 51476.448390624835,
        "err_workflow0_pct_of_validation": 0.2715181249992107
      },
      "geometry": {
        "type": "Polygon",
        "coordinates": [
          [
            [
              -9.1380057,
              38.730996399999995
            ],
            [
              -9.1380006,
              38.730902599999986
            ],
            [
              -9.1381764,
              38.730895999999994
            ],
            [
              -9.138180099999998,
              38.73099049999999
            ],
            [
              -9.1380958,
              38.73099260000001
            ],
            [
              -9.1380057,
              38.730996399999995
            ]
          ]
        ]
      }
    },
    {
      "type": "Feature",
      "properties": {
        "area_id": "Alameda_Arro",
        "osm_uid": "cea/87",
        "osmid": "87",
        "element_type": "cea_zone",
        "building": "yes",
        "cea_name": "B1087",
        "intersection_area_m2": 18.414450611213994,
        "is_residential": true,
        "residential_source": "cea",
        "radiation_sum_kwh_year": 34753.31875,
        "radiation_sum": 34753.31875,
        "radiation_point_count": 29.0,
        "use_type1": "MULTI_RES",
        "use_type2": "NONE",
        "use_type3": "NONE",
        "resi_type": null,
        "comparison_status": "matched",
        "validation_radiation_kwh_year": 34753.31875,
        "ucea_radiation_kwh_year": 22794.029999999984,
        "workflow0_radiation_kwh_year": 26970.26999999997,
        "validation_area_m2": 18.414450611213994,
        "ucea_roofs_top_m2": 18.41,
        "err_ucea_minus_validation_kwh_year": -11959.288750000014,
        "err_ucea_abs_kwh_year": 11959.288750000014,
        "err_ucea_pct_of_validation": -0.3441193296107876,
        "err_ucea_area_minus_validation_m2": -0.004450611213993483,
        "err_ucea_area_pct_of_validation": -0.00024169122978250348,
        "err_workflow0_minus_validation_kwh_year": -7783.048750000027,
        "err_workflow0_abs_kwh_year": 7783.048750000027,
        "err_workflow0_pct_of_validation": -0.2239512377504962
      },
      "geometry": {
        "type": "Polygon",
        "coordinates": [
          [
            [
              -9.1386155,
              38.73090779999999
            ],
            [
              -9.138573499999998,
              38.73090289999999
            ],
            [
              -9.1385813,
              38.730857599999986
            ],
            [
              -9.1386217,
              38.73086199999997
            ],
            [
              -9.1386155,
              38.73090779999999
            ]
          ]
        ]
      }
    },
    {
      "type": "Feature",
      "properties": {
        "area_id": "Alameda_Arro",
        "osm_uid": "cea/88",
        "osmid": "88",
        "element_type": "cea_zone",
        "building": "yes",
        "cea_name": "B1088",
        "intersection_area_m2": 124.4623683294854,
        "is_residential": true,
        "residential_source": "cea",
        "radiation_sum_kwh_year": 248435.93378125,
        "radiation_sum": 248435.93378125,
        "radiation_point_count": 206.0,
        "use_type1": "MULTI_RES",
        "use_type2": "NONE",
        "use_type3": "NONE",
        "resi_type": null,
        "comparison_status": "matched",
        "validation_radiation_kwh_year": 248435.93378125,
        "ucea_radiation_kwh_year": 225062.30000000048,
        "workflow0_radiation_kwh_year": 204291.07000000015,
        "validation_area_m2": 124.4623683294854,
        "ucea_roofs_top_m2": 142.22,
        "err_ucea_minus_validation_kwh_year": -23373.63378124952,
        "err_ucea_abs_kwh_year": 23373.63378124952,
        "err_ucea_pct_of_validation": -0.09408314419535704,
        "err_ucea_area_minus_validation_m2": 17.7576316705146,
        "err_ucea_area_pct_of_validation": 0.14267470488353046,
        "err_workflow0_minus_validation_kwh_year": -44144.86378124985,
        "err_workflow0_abs_kwh_year": 44144.86378124985,
        "err_workflow0_pct_of_validation": -0.17769113794995448
      },
      "geometry": {
        "type": "Polygon",
        "coordinates": [
          [
            [
              -9.1382046,
              38.7309893
            ],
            [
              -9.1382856,
              38.7309854
            ],
            [
              -9.1382617,
              38.73112359999999
            ],
            [
              -9.1382577,
              38.73116329999999
            ],
            [
              -9.1381876,
              38.7311589
            ],
            [
              -9.1381985,
              38.7310537
            ],
            [
              -9.1382046,
              38.7309893
            ]
          ]
        ]
      }
    },
    {
      "type": "Feature",
      "properties": {
        "area_id": "Alameda_Arro",
        "osm_uid": "cea/89",
        "osmid": "89",
        "element_type": "cea_zone",
        "building": "yes",
        "cea_name": "B1089",
        "intersection_area_m2": 212.12763204301575,
        "is_residential": true,
        "residential_source": "cea",
        "radiation_sum_kwh_year": 456025.92803125,
        "radiation_sum": 456025.92803125,
        "radiation_point_count": 350.0,
        "use_type1": "MULTI_RES",
        "use_type2": "NONE",
        "use_type3": "NONE",
        "resi_type": null,
        "comparison_status": "matched",
        "validation_radiation_kwh_year": 456025.92803125,
        "ucea_radiation_kwh_year": 286995.4400000013,
        "workflow0_radiation_kwh_year": 311245.77000000037,
        "validation_area_m2": 212.12763204301575,
        "ucea_roofs_top_m2": 216.91,
        "err_ucea_minus_validation_kwh_year": -169030.48803124874,
        "err_ucea_abs_kwh_year": 169030.48803124874,
        "err_ucea_pct_of_validation": -0.37065981919270524,
        "err_ucea_area_minus_validation_m2": 4.782367956984245,
        "err_ucea_area_pct_of_validation": 0.022544766614914485,
        "err_workflow0_minus_validation_kwh_year": -144780.15803124965,
        "err_workflow0_abs_kwh_year": 144780.15803124965,
        "err_workflow0_pct_of_validation": -0.3174822946061267
      },
      "geometry": {
        "type": "Polygon",
        "coordinates": [
          [
            [
              -9.1383976,
              38.7311338
            ],
            [
              -9.1382617,
              38.73112359999999
            ],
            [
              -9.1382856,
              38.7309854
            ],
            [
              -9.1382876,
              38.7309601
            ],
            [
              -9.138421199999998,
              38.730972599999994
            ],
            [
              -9.1383976,
              38.7311338
            ]
          ]
        ]
      }
    },
    {
      "type": "Feature",
      "properties": {
        "area_id": "Alameda_Arro",
        "osm_uid": "cea/90",
        "osmid": "90",
        "element_type": "cea_zone",
        "building": "yes",
        "cea_name": "B1090",
        "intersection_area_m2": 378.9292142933658,
        "is_residential": true,
        "residential_source": "cea",
        "radiation_sum_kwh_year": 901319.1264375,
        "radiation_sum": 901319.1264375,
        "radiation_point_count": 625.0,
        "use_type1": "MULTI_RES",
        "use_type2": "NONE",
        "use_type3": "NONE",
        "resi_type": null,
        "comparison_status": "matched",
        "validation_radiation_kwh_year": 901319.1264375,
        "ucea_radiation_kwh_year": 806433.7000000018,
        "workflow0_radiation_kwh_year": 606641.0599999997,
        "validation_area_m2": 378.9292142933658,
        "ucea_roofs_top_m2": 511.5,
        "err_ucea_minus_validation_kwh_year": -94885.42643749819,
        "err_ucea_abs_kwh_year": 94885.42643749819,
        "err_ucea_pct_of_validation": -0.10527395198250884,
        "err_ucea_area_minus_validation_m2": 132.57078570663418,
        "err_ucea_area_pct_of_validation": 0.34985633386397674,
        "err_workflow0_minus_validation_kwh_year": -294678.0664375003,
        "err_workflow0_abs_kwh_year": 294678.0664375003,
        "err_workflow0_pct_of_validation": -0.3269408778688933
      },
      "geometry": {
        "type": "Polygon",
        "coordinates": [
          [
            [
              -9.1382876,
              38.7309601
            ],
            [
              -9.1382856,
              38.7309854
            ],
            [
              -9.1382046,
              38.7309893
            ],
            [
              -9.138180099999998,
              38.73099049999999
            ],
            [
              -9.1381764,
              38.730895999999994
            ],
            [
              -9.138177,
              38.7308555
            ],
            [
              -9.1382766,
              38.73086629999999
            ],
            [
              -9.1385692,
              38.730897299999995
            ],
            [
              -9.138561199999998,
              38.7309883
            ],
            [
              -9.138421199999998,
              38.730972599999994
            ],
            [
              -9.1382876,
              38.7309601
            ]
          ]
        ]
      }
    },
    {
      "type": "Feature",
      "properties": {
        "area_id": "Alameda_Arro",
        "osm_uid": "cea/91",
        "osmid": "91",
        "element_type": "cea_zone",
        "building": "yes",
        "cea_name": "B1091",
        "intersection_area_m2": 326.6367427237462,
        "is_residential": true,
        "residential_source": "cea",
        "radiation_sum_kwh_year": 462257.41959375003,
        "radiation_sum": 462257.41959375003,
        "radiation_point_count": 537.0,
        "use_type1": "MULTI_RES",
        "use_type2": "NONE",
        "use_type3": "NONE",
        "resi_type": null,
        "comparison_status": "matched",
        "validation_radiation_kwh_year": 462257.41959375003,
        "ucea_radiation_kwh_year": 356311.3400000003,
        "workflow0_radiation_kwh_year": 362440.3200000008,
        "validation_area_m2": 326.6367427237462,
        "ucea_roofs_top_m2": 331.9,
        "err_ucea_minus_validation_kwh_year": -105946.07959374972,
        "err_ucea_abs_kwh_year": 105946.07959374972,
        "err_ucea_pct_of_validation": -0.2291928157407604,
        "err_ucea_area_minus_validation_m2": 5.263257276253796,
        "err_ucea_area_pct_of_validation": 0.016113488128631042,
        "err_workflow0_minus_validation_kwh_year": -99817.09959374921,
        "err_workflow0_abs_kwh_year": 99817.09959374921,
        "err_workflow0_pct_of_validation": -0.2159340128741955
      },
      "geometry": {
        "type": "Polygon",
        "coordinates": [
          [
            [
              -9.1381306,
              38.73141099999999
            ],
            [
              -9.1381048,
              38.7314087
            ],
            [
              -9.1380791,
              38.7314065
            ],
            [
              -9.1380533,
              38.73140429999999
            ],
            [
              -9.1380276,
              38.73140209999999
            ],
            [
              -9.1380019,
              38.7313999
            ],
            [
              -9.137976099999998,
              38.731397699999995
            ],
            [
              -9.1379633,
              38.7313966
            ],
            [
              -9.1379831,
              38.73125230000001
            ],
            [
              -9.137993899999998,
              38.731253300000006
            ],
            [
              -9.138019699999997,
              38.73125539999999
            ],
            [
              -9.1382148,
              38.73127169999999
            ],
            [
              -9.138194899999998,
              38.7314165
            ],
            [
              -9.138182,
              38.731415399999996
            ],
            [
              -9.1381563,
              38.73141319999999
            ],
            [
              -9.1381306,
              38.73141099999999
            ]
          ]
        ]
      }
    },
    {
      "type": "Feature",
      "properties": {
        "area_id": "Alameda_Arro",
        "osm_uid": "cea/92",
        "osmid": "92",
        "element_type": "cea_zone",
        "building": "yes",
        "cea_name": "B1092",
        "intersection_area_m2": 303.16324870023516,
        "is_residential": true,
        "residential_source": "cea",
        "radiation_sum_kwh_year": 651864.6531796876,
        "radiation_sum": 651864.6531796876,
        "radiation_point_count": 498.0,
        "use_type1": "MULTI_RES",
        "use_type2": "NONE",
        "use_type3": "NONE",
        "resi_type": null,
        "comparison_status": "matched",
        "validation_radiation_kwh_year": 651864.6531796876,
        "ucea_radiation_kwh_year": 454296.5500000001,
        "workflow0_radiation_kwh_year": 472374.72000000137,
        "validation_area_m2": 303.16324870023516,
        "ucea_roofs_top_m2": 311.7,
        "err_ucea_minus_validation_kwh_year": -197568.10317968746,
        "err_ucea_abs_kwh_year": 197568.10317968746,
        "err_ucea_pct_of_validation": -0.30308147897877735,
        "err_ucea_area_minus_validation_m2": 8.53675129976483,
        "err_ucea_area_pct_of_validation": 0.02815892538546414,
        "err_workflow0_minus_validation_kwh_year": -179489.9331796862,
        "err_workflow0_abs_kwh_year": 179489.9331796862,
        "err_workflow0_pct_of_validation": -0.275348467360769
      },
      "geometry": {
        "type": "Polygon",
        "coordinates": [
          [
            [
              -9.138779,
              38.7313176
            ],
            [
              -9.1387725,
              38.7313651
            ],
            [
              -9.1387903,
              38.73136659999998
            ],
            [
              -9.138776699999998,
              38.73146599999998
            ],
            [
              -9.1386543,
              38.73145549999999
            ],
            [
              -9.1386899,
              38.73119609999998
            ],
            [
              -9.138813699999998,
              38.73120649999999
            ],
            [
              -9.1387982,
              38.73131919999999
            ],
            [
              -9.138779,
              38.7313176
            ]
          ]
        ]
      }
    },
    {
      "type": "Feature",
      "properties": {
        "area_id": "Alameda_Arro",
        "osm_uid": "cea/93",
        "osmid": "93",
        "element_type": "cea_zone",
        "building": "yes",
        "cea_name": "B1093",
        "intersection_area_m2": 216.2351754587039,
        "is_residential": true,
        "residential_source": "cea",
        "radiation_sum_kwh_year": 489048.856,
        "radiation_sum": 489048.856,
        "radiation_point_count": 358.0,
        "use_type1": "MULTI_RES",
        "use_type2": "NONE",
        "use_type3": "NONE",
        "resi_type": null,
        "comparison_status": "matched",
        "validation_radiation_kwh_year": 489048.856,
        "ucea_radiation_kwh_year": 326530.59999999986,
        "workflow0_radiation_kwh_year": 346685.8299999992,
        "validation_area_m2": 216.2351754587039,
        "ucea_roofs_top_m2": 227.56,
        "err_ucea_minus_validation_kwh_year": -162518.25600000017,
        "err_ucea_abs_kwh_year": 162518.25600000017,
        "err_ucea_pct_of_validation": -0.33231497018367456,
        "err_ucea_area_minus_validation_m2": 11.324824541296096,
        "err_ucea_area_pct_of_validation": 0.0523727211230667,
        "err_workflow0_minus_validation_kwh_year": -142363.02600000083,
        "err_workflow0_abs_kwh_year": 142363.02600000083,
        "err_workflow0_pct_of_validation": -0.2911018485237001
      },
      "geometry": {
        "type": "Polygon",
        "coordinates": [
          [
            [
              -9.1383976,
              38.7311338
            ],
            [
              -9.138421199999998,
              38.730972599999994
            ],
            [
              -9.138561199999998,
              38.7309883
            ],
            [
              -9.138531699999998,
              38.73114840000001
            ],
            [
              -9.1383976,
              38.7311338
            ]
          ]
        ]
      }
    },
    {
      "type": "Feature",
      "properties": {
        "area_id": "Alameda_Arro",
        "osm_uid": "cea/94",
        "osmid": "94",
        "element_type": "cea_zone",
        "building": "yes",
        "cea_name": "B1094",
        "intersection_area_m2": 235.90553680838465,
        "is_residential": true,
        "residential_source": "cea",
        "radiation_sum_kwh_year": 553865.767828125,
        "radiation_sum": 553865.767828125,
        "radiation_point_count": 390.0,
        "use_type1": "MULTI_RES",
        "use_type2": "NONE",
        "use_type3": "NONE",
        "resi_type": null,
        "comparison_status": "matched",
        "validation_radiation_kwh_year": 553865.767828125,
        "ucea_radiation_kwh_year": 416201.97000000026,
        "workflow0_radiation_kwh_year": 379960.8800000003,
        "validation_area_m2": 235.90553680838465,
        "ucea_roofs_top_m2": 242.03,
        "err_ucea_minus_validation_kwh_year": -137663.79782812478,
        "err_ucea_abs_kwh_year": 137663.79782812478,
        "err_ucea_pct_of_validation": -0.248550832754922,
        "err_ucea_area_minus_validation_m2": 6.124463191615348,
        "err_ucea_area_pct_of_validation": 0.025961506772899406,
        "err_workflow0_minus_validation_kwh_year": -173904.88782812475,
        "err_workflow0_abs_kwh_year": 173904.88782812475,
        "err_workflow0_pct_of_validation": -0.31398381689133514
      },
      "geometry": {
        "type": "Polygon",
        "coordinates": [
          [
            [
              -9.1386059,
              38.73065109999999
            ],
            [
              -9.1385862,
              38.7307392
            ],
            [
              -9.1385802,
              38.73076579999999
            ],
            [
              -9.138374899999999,
              38.73073770000001
            ],
            [
              -9.1384011,
              38.730621199999995
            ],
            [
              -9.1386059,
              38.73065109999999
            ]
          ]
        ]
      }
    },
    {
      "type": "Feature",
      "properties": {
        "area_id": "Alameda_Arro",
        "osm_uid": "cea/95",
        "osmid": "95",
        "element_type": "cea_zone",
        "building": "yes",
        "cea_name": "B1095",
        "intersection_area_m2": 540.7850327590955,
        "is_residential": true,
        "residential_source": "cea",
        "radiation_sum_kwh_year": 1221362.892625,
        "radiation_sum": 1221362.892625,
        "radiation_point_count": 892.0,
        "use_type1": "MULTI_RES",
        "use_type2": "NONE",
        "use_type3": "NONE",
        "resi_type": null,
        "comparison_status": "matched",
        "validation_radiation_kwh_year": 1221362.892625,
        "ucea_radiation_kwh_year": 864639.4699999992,
        "workflow0_radiation_kwh_year": 864084.0099999985,
        "validation_area_m2": 540.7850327590955,
        "ucea_roofs_top_m2": 536.79,
        "err_ucea_minus_validation_kwh_year": -356723.42262500094,
        "err_ucea_abs_kwh_year": 356723.42262500094,
        "err_ucea_pct_of_validation": -0.2920699693588342,
        "err_ucea_area_minus_validation_m2": -3.9950327590955794,
        "err_ucea_area_pct_of_validation": -0.007387469173680429,
        "err_workflow0_minus_validation_kwh_year": -357278.8826250016,
        "err_workflow0_abs_kwh_year": 357278.8826250016,
        "err_workflow0_pct_of_validation": -0.2925247563867968
      },
      "geometry": {
        "type": "Polygon",
        "coordinates": [
          [
            [
              -9.1393254,
              38.73116019999999
            ],
            [
              -9.1392894,
              38.731160999999986
            ],
            [
              -9.139289299999998,
              38.73120069999999
            ],
            [
              -9.1392732,
              38.73131999999998
            ],
            [
              -9.1392713,
              38.731367000000006
            ],
            [
              -9.139133899999997,
              38.731355499999985
            ],
            [
              -9.1390709,
              38.731350299999995
            ],
            [
              -9.139087499999999,
              38.73122929999998
            ],
            [
              -9.139109799999998,
              38.73107829999999
            ],
            [
              -9.1391767,
              38.731081499999995
            ],
            [
              -9.1393344,
              38.731096199999996
            ],
            [
              -9.1393254,
              38.73116019999999
            ]
          ]
        ]
      }
    },
    {
      "type": "Feature",
      "properties": {
        "area_id": "Alameda_Arro",
        "osm_uid": "cea/96",
        "osmid": "96",
        "element_type": "cea_zone",
        "building": "yes",
        "cea_name": "B1096",
        "intersection_area_m2": 160.92042077437847,
        "is_residential": true,
        "residential_source": "cea",
        "radiation_sum_kwh_year": 245908.04049218752,
        "radiation_sum": 245908.04049218752,
        "radiation_point_count": 265.0,
        "use_type1": "MULTI_RES",
        "use_type2": "NONE",
        "use_type3": "NONE",
        "resi_type": null,
        "comparison_status": "matched",
        "validation_radiation_kwh_year": 245908.04049218752,
        "ucea_radiation_kwh_year": 348141.7600000006,
        "workflow0_radiation_kwh_year": 265542.42000000074,
        "validation_area_m2": 160.92042077437847,
        "ucea_roofs_top_m2": 220.92,
        "err_ucea_minus_validation_kwh_year": 102233.71950781308,
        "err_ucea_abs_kwh_year": 102233.71950781308,
        "err_ucea_pct_of_validation": 0.415739637074051,
        "err_ucea_area_minus_validation_m2": 59.99957922562152,
        "err_ucea_area_pct_of_validation": 0.37285248781287406,
        "err_workflow0_minus_validation_kwh_year": 19634.379507813224,
        "err_workflow0_abs_kwh_year": 19634.379507813224,
        "err_workflow0_pct_of_validation": 0.07984439820883778
      },
      "geometry": {
        "type": "Polygon",
        "coordinates": [
          [
            [
              -9.1387419,
              38.73092259999999
            ],
            [
              -9.1387073,
              38.73105009999999
            ],
            [
              -9.1386644,
              38.73104380000001
            ],
            [
              -9.1386698,
              38.731006099999995
            ],
            [
              -9.138561199999998,
              38.7309883
            ],
            [
              -9.1385692,
              38.730897299999995
            ],
            [
              -9.138573499999998,
              38.73090289999999
            ],
            [
              -9.1386155,
              38.73090779999999
            ],
            [
              -9.1387419,
              38.73092259999999
            ]
          ]
        ]
      }
    },
    {
      "type": "Feature",
      "properties": {
        "area_id": "Alameda_Arro",
        "osm_uid": "cea/97",
        "osmid": "97",
        "element_type": "cea_zone",
        "building": "yes",
        "cea_name": "B1097",
        "intersection_area_m2": 71.45011137215809,
        "is_residential": true,
        "residential_source": "cea",
        "radiation_sum_kwh_year": 82972.09315625,
        "radiation_sum": 82972.09315625,
        "radiation_point_count": 118.0,
        "use_type1": "MULTI_RES",
        "use_type2": "NONE",
        "use_type3": "NONE",
        "resi_type": null,
        "comparison_status": "matched",
        "validation_radiation_kwh_year": 82972.09315625,
        "ucea_radiation_kwh_year": 114181.36999999984,
        "workflow0_radiation_kwh_year": 115476.22000000026,
        "validation_area_m2": 71.45011137215809,
        "ucea_roofs_top_m2": 71.47,
        "err_ucea_minus_validation_kwh_year": 31209.27684374983,
        "err_ucea_abs_kwh_year": 31209.27684374983,
        "err_ucea_pct_of_validation": 0.3761418527188131,
        "err_ucea_area_minus_validation_m2": 0.019888627841908146,
        "err_ucea_area_pct_of_validation": 0.000278356848715258,
        "err_workflow0_minus_validation_kwh_year": 32504.12684375026,
        "err_workflow0_abs_kwh_year": 32504.12684375026,
        "err_workflow0_pct_of_validation": 0.39174770223693983
      },
      "geometry": {
        "type": "Polygon",
        "coordinates": [
          [
            [
              -9.138064899999998,
              38.73104169999999
            ],
            [
              -9.138070299999999,
              38.7309957
            ],
            [
              -9.138180099999998,
              38.73099049999999
            ],
            [
              -9.1382046,
              38.7309893
            ],
            [
              -9.1381985,
              38.7310537
            ],
            [
              -9.138064899999998,
              38.73104169999999
            ]
          ]
        ]
      }
    },
    {
      "type": "Feature",
      "properties": {
        "area_id": "Alameda_Arro",
        "osm_uid": "cea/98",
        "osmid": "98",
        "element_type": "cea_zone",
        "building": "yes",
        "cea_name": "B1098",
        "intersection_area_m2": 183.43780740480054,
        "is_residential": true,
        "residential_source": "cea",
        "radiation_sum_kwh_year": 434155.81375000003,
        "radiation_sum": 434155.81375000003,
        "radiation_point_count": 302.0,
        "use_type1": "MULTI_RES",
        "use_type2": "NONE",
        "use_type3": "NONE",
        "resi_type": null,
        "comparison_status": "matched",
        "validation_radiation_kwh_year": 434155.81375000003,
        "ucea_radiation_kwh_year": 313786.1499999999,
        "workflow0_radiation_kwh_year": 296555.6399999994,
        "validation_area_m2": 183.43780740480054,
        "ucea_roofs_top_m2": 187.2,
        "err_ucea_minus_validation_kwh_year": -120369.66375000012,
        "err_ucea_abs_kwh_year": 120369.66375000012,
        "err_ucea_pct_of_validation": -0.2772499179737176,
        "err_ucea_area_minus_validation_m2": 3.7621925951994513,
        "err_ucea_area_pct_of_validation": 0.02050936308291807,
        "err_workflow0_minus_validation_kwh_year": -137600.17375000066,
        "err_workflow0_abs_kwh_year": 137600.17375000066,
        "err_workflow0_pct_of_validation": -0.3169373054376164
      },
      "geometry": {
        "type": "Polygon",
        "coordinates": [
          [
            [
              -9.139111599999998,
              38.730868999999984
            ],
            [
              -9.1391436,
              38.73072959999998
            ],
            [
              -9.139275999999999,
              38.73074899999999
            ],
            [
              -9.1392478,
              38.73087159999999
            ],
            [
              -9.1392441,
              38.7308876
            ],
            [
              -9.139111599999998,
              38.730868999999984
            ]
          ]
        ]
      }
    },
    {
      "type": "Feature",
      "properties": {
        "area_id": "Alameda_Arro",
        "osm_uid": "cea/99",
        "osmid": "99",
        "element_type": "cea_zone",
        "building": "yes",
        "cea_name": "B1099",
        "intersection_area_m2": 195.28121407933423,
        "is_residential": true,
        "residential_source": "cea",
        "radiation_sum_kwh_year": 440989.9491875,
        "radiation_sum": 440989.9491875,
        "radiation_point_count": 321.0,
        "use_type1": "MULTI_RES",
        "use_type2": "NONE",
        "use_type3": "NONE",
        "resi_type": null,
        "comparison_status": "matched",
        "validation_radiation_kwh_year": 440989.9491875,
        "ucea_radiation_kwh_year": 323288.22000000044,
        "workflow0_radiation_kwh_year": 309728.91000000015,
        "validation_area_m2": 195.28121407933423,
        "ucea_roofs_top_m2": 209.08,
        "err_ucea_minus_validation_kwh_year": -117701.72918749956,
        "err_ucea_abs_kwh_year": 117701.72918749956,
        "err_ucea_pct_of_validation": -0.26690342808120365,
        "err_ucea_area_minus_validation_m2": 13.798785920665779,
        "err_ucea_area_pct_of_validation": 0.07066110268579104,
        "err_workflow0_minus_validation_kwh_year": -131261.03918749985,
        "err_workflow0_abs_kwh_year": 131261.03918749985,
        "err_workflow0_pct_of_validation": -0.2976508635385935
      },
      "geometry": {
        "type": "Polygon",
        "coordinates": [
          [
            [
              -9.138945600000001,
              38.73070069999999
            ],
            [
              -9.1389035,
              38.730845699999996
            ],
            [
              -9.1387744,
              38.73082790000001
            ],
            [
              -9.1388075,
              38.73068049999999
            ],
            [
              -9.138945600000001,
              38.73070069999999
            ]
          ]
        ]
      }
    },
    {
      "type": "Feature",
      "properties": {
        "area_id": "Alameda_Arro",
        "osm_uid": "cea/100",
        "osmid": "100",
        "element_type": "cea_zone",
        "building": "yes",
        "cea_name": "B1100",
        "intersection_area_m2": 186.67874171940826,
        "is_residential": true,
        "residential_source": "cea",
        "radiation_sum_kwh_year": 342650.67775000003,
        "radiation_sum": 342650.67775000003,
        "radiation_point_count": 308.0,
        "use_type1": "MULTI_RES",
        "use_type2": "NONE",
        "use_type3": "NONE",
        "resi_type": null,
        "comparison_status": "matched",
        "validation_radiation_kwh_year": 342650.67775000003,
        "ucea_radiation_kwh_year": 284761.340000001,
        "workflow0_radiation_kwh_year": 301917.24000000005,
        "validation_area_m2": 186.67874171940826,
        "ucea_roofs_top_m2": 189.34,
        "err_ucea_minus_validation_kwh_year": -57889.33774999902,
        "err_ucea_abs_kwh_year": 57889.33774999902,
        "err_ucea_pct_of_validation": -0.16894563912765823,
        "err_ucea_area_minus_validation_m2": 2.6612582805917384,
        "err_ucea_area_pct_of_validation": 0.014255818611589977,
        "err_workflow0_minus_validation_kwh_year": -40733.43774999998,
        "err_workflow0_abs_kwh_year": 40733.43774999998,
        "err_workflow0_pct_of_validation": -0.11887744690153318
      },
      "geometry": {
        "type": "Polygon",
        "coordinates": [
          [
            [
              -9.1392713,
              38.731367000000006
            ],
            [
              -9.139252099999998,
              38.7315064
            ],
            [
              -9.139114799999998,
              38.731494699999985
            ],
            [
              -9.139133899999997,
              38.731355499999985
            ],
            [
              -9.1392713,
              38.731367000000006
            ]
          ]
        ]
      }
    },
    {
      "type": "Feature",
      "properties": {
        "area_id": "Alameda_Arro",
        "osm_uid": "cea/101",
        "osmid": "101",
        "element_type": "cea_zone",
        "building": "yes",
        "cea_name": "B1101",
        "intersection_area_m2": 426.85231784658396,
        "is_residential": true,
        "residential_source": "cea",
        "radiation_sum_kwh_year": 805916.824,
        "radiation_sum": 805916.824,
        "radiation_point_count": 702.0,
        "use_type1": "MULTI_RES",
        "use_type2": "NONE",
        "use_type3": "NONE",
        "resi_type": null,
        "comparison_status": "matched",
        "validation_radiation_kwh_year": 805916.824,
        "ucea_radiation_kwh_year": 860136.9900000015,
        "workflow0_radiation_kwh_year": 685622.5700000017,
        "validation_area_m2": 426.85231784658396,
        "ucea_roofs_top_m2": 536.35,
        "err_ucea_minus_validation_kwh_year": 54220.16600000148,
        "err_ucea_abs_kwh_year": 54220.16600000148,
        "err_ucea_pct_of_validation": 0.06727762020265442,
        "err_ucea_area_minus_validation_m2": 109.49768215341606,
        "err_ucea_area_pct_of_validation": 0.2565235740216149,
        "err_workflow0_minus_validation_kwh_year": -120294.25399999833,
        "err_workflow0_abs_kwh_year": 120294.25399999833,
        "err_workflow0_pct_of_validation": -0.14926385753177715
      },
      "geometry": {
        "type": "Polygon",
        "coordinates": [
          [
            [
              -9.1389219,
              38.7309308
            ],
            [
              -9.1390641,
              38.730943399999994
            ],
            [
              -9.1390831,
              38.7308915
            ],
            [
              -9.1392134,
              38.7309098
            ],
            [
              -9.1391767,
              38.731081499999995
            ],
            [
              -9.139109799999998,
              38.73107829999999
            ],
            [
              -9.1388897,
              38.731062600000016
            ],
            [
              -9.1389219,
              38.7309308
            ]
          ]
        ]
      }
    },
    {
      "type": "Feature",
      "properties": {
        "area_id": "Alameda_Arro",
        "osm_uid": "cea/102",
        "osmid": "102",
        "element_type": "cea_zone",
        "building": "yes",
        "cea_name": "B1102",
        "intersection_area_m2": 680.1360070014335,
        "is_residential": true,
        "residential_source": "cea",
        "radiation_sum_kwh_year": 1346532.6848125001,
        "radiation_sum": 1346532.6848125001,
        "radiation_point_count": 1121.0,
        "use_type1": "MULTI_RES",
        "use_type2": "NONE",
        "use_type3": "NONE",
        "resi_type": null,
        "comparison_status": "matched",
        "validation_radiation_kwh_year": 1346532.6848125001,
        "ucea_radiation_kwh_year": 1121773.270000002,
        "workflow0_radiation_kwh_year": 1097260.239999999,
        "validation_area_m2": 680.1360070014335,
        "ucea_roofs_top_m2": 698.52,
        "err_ucea_minus_validation_kwh_year": -224759.41481249803,
        "err_ucea_abs_kwh_year": 224759.41481249803,
        "err_ucea_pct_of_validation": -0.16691716238866863,
        "err_ucea_area_minus_validation_m2": 18.38399299856644,
        "err_ucea_area_pct_of_validation": 0.027029877567601994,
        "err_workflow0_minus_validation_kwh_year": -249272.44481250108,
        "err_workflow0_abs_kwh_year": 249272.44481250108,
        "err_workflow0_pct_of_validation": -0.1851217186363444
      },
      "geometry": {
        "type": "Polygon",
        "coordinates": [
          [
            [
              -9.138776699999998,
              38.73146599999998
            ],
            [
              -9.1387903,
              38.73136659999998
            ],
            [
              -9.1388247,
              38.73136949999999
            ],
            [
              -9.1388312,
              38.73132189999999
            ],
            [
              -9.1387982,
              38.73131919999999
            ],
            [
              -9.138813699999998,
              38.73120649999999
            ],
            [
              -9.138836800000002,
              38.73120839999999
            ],
            [
              -9.1389647,
              38.731219099999976
            ],
            [
              -9.139087499999999,
              38.73122929999998
            ],
            [
              -9.1390709,
              38.731350299999995
            ],
            [
              -9.1390518,
              38.731489399999994
            ],
            [
              -9.138776699999998,
              38.73146599999998
            ]
          ]
        ]
      }
    },
    {
      "type": "Feature",
      "properties": {
        "area_id": "Alameda_Arro",
        "osm_uid": "cea/103",
        "osmid": "103",
        "element_type": "cea_zone",
        "building": "yes",
        "cea_name": "B1103",
        "intersection_area_m2": 206.60775321291862,
        "is_residential": true,
        "residential_source": "cea",
        "radiation_sum_kwh_year": 464105.61584375,
        "radiation_sum": 464105.61584375,
        "radiation_point_count": 345.0,
        "use_type1": "MULTI_RES",
        "use_type2": "NONE",
        "use_type3": "NONE",
        "resi_type": null,
        "comparison_status": "matched",
        "validation_radiation_kwh_year": 464105.61584375,
        "ucea_radiation_kwh_year": 351374.0699999993,
        "workflow0_radiation_kwh_year": 336558.8200000001,
        "validation_area_m2": 206.60775321291862,
        "ucea_roofs_top_m2": 220.52,
        "err_ucea_minus_validation_kwh_year": -112731.5458437507,
        "err_ucea_abs_kwh_year": 112731.5458437507,
        "err_ucea_pct_of_validation": -0.24290062863989115,
        "err_ucea_area_minus_validation_m2": 13.912246787081386,
        "err_ucea_area_pct_of_validation": 0.06733651845458184,
        "err_workflow0_minus_validation_kwh_year": -127546.79584374989,
        "err_workflow0_abs_kwh_year": 127546.79584374989,
        "err_workflow0_pct_of_validation": -0.2748227806118402
      },
      "geometry": {
        "type": "Polygon",
        "coordinates": [
          [
            [
              -9.1379644,
              38.73090570000001
            ],
            [
              -9.137899499999998,
              38.73090839999999
            ],
            [
              -9.1377272,
              38.730916
            ],
            [
              -9.137724799999999,
              38.73082589999999
            ],
            [
              -9.1378973,
              38.7308199
            ],
            [
              -9.1379671,
              38.73081570000001
            ],
            [
              -9.1379644,
              38.73090570000001
            ]
          ]
        ]
      }
    },
    {
      "type": "Feature",
      "properties": {
        "area_id": "Alameda_Arro",
        "osm_uid": "cea/104",
        "osmid": "104",
        "element_type": "cea_zone",
        "building": "yes",
        "cea_name": "B1104",
        "intersection_area_m2": 235.9844528489344,
        "is_residential": true,
        "residential_source": "cea",
        "radiation_sum_kwh_year": 489771.674453125,
        "radiation_sum": 489771.674453125,
        "radiation_point_count": 391.0,
        "use_type1": "MULTI_RES",
        "use_type2": "NONE",
        "use_type3": "NONE",
        "resi_type": null,
        "comparison_status": "matched",
        "validation_radiation_kwh_year": 489771.674453125,
        "ucea_radiation_kwh_year": 267115.6600000004,
        "workflow0_radiation_kwh_year": 284839.47000000044,
        "validation_area_m2": 235.9844528489344,
        "ucea_roofs_top_m2": 235.97,
        "err_ucea_minus_validation_kwh_year": -222656.0144531246,
        "err_ucea_abs_kwh_year": 222656.0144531246,
        "err_ucea_pct_of_validation": -0.4546118652160529,
        "err_ucea_area_minus_validation_m2": -0.014452848934411122,
        "err_ucea_area_pct_of_validation": -6.12449199933655e-05,
        "err_workflow0_minus_validation_kwh_year": -204932.20445312455,
        "err_workflow0_abs_kwh_year": 204932.20445312455,
        "err_workflow0_pct_of_validation": -0.4184239619041876
      },
      "geometry": {
        "type": "Polygon",
        "coordinates": [
          [
            [
              -9.1385221,
              38.73127679999998
            ],
            [
              -9.1385175,
              38.7313104
            ],
            [
              -9.138499399999999,
              38.731442300000005
            ],
            [
              -9.1383617,
              38.7314306
            ],
            [
              -9.138380199999999,
              38.73129599999999
            ],
            [
              -9.138461499999998,
              38.73127859999998
            ],
            [
              -9.1384691,
              38.731223599999986
            ],
            [
              -9.1385287,
              38.7312286
            ],
            [
              -9.1385221,
              38.73127679999998
            ]
          ]
        ]
      }
    },
    {
      "type": "Feature",
      "properties": {
        "area_id": "Alameda_Arro",
        "osm_uid": "cea/105",
        "osmid": "105",
        "element_type": "cea_zone",
        "building": "yes",
        "cea_name": "B1105",
        "intersection_area_m2": 205.51320067902316,
        "is_residential": true,
        "residential_source": "cea",
        "radiation_sum_kwh_year": 431861.7039375,
        "radiation_sum": 431861.7039375,
        "radiation_point_count": 342.0,
        "use_type1": "MULTI_RES",
        "use_type2": "NONE",
        "use_type3": "NONE",
        "resi_type": null,
        "comparison_status": "matched",
        "validation_radiation_kwh_year": 431861.7039375,
        "ucea_radiation_kwh_year": 345957.20999999944,
        "workflow0_radiation_kwh_year": 330231.7399999997,
        "validation_area_m2": 205.51320067902316,
        "ucea_roofs_top_m2": 218.5,
        "err_ucea_minus_validation_kwh_year": -85904.49393750058,
        "err_ucea_abs_kwh_year": 85904.49393750058,
        "err_ucea_pct_of_validation": -0.1989166743757693,
        "err_ucea_area_minus_validation_m2": 12.986799320976843,
        "err_ucea_area_pct_of_validation": 0.06319204449187683,
        "err_workflow0_minus_validation_kwh_year": -101629.96393750032,
        "err_workflow0_abs_kwh_year": 101629.96393750032,
        "err_workflow0_pct_of_validation": -0.23532988225371432
      },
      "geometry": {
        "type": "Polygon",
        "coordinates": [
          [
            [
              -9.1378946,
              38.7305925
            ],
            [
              -9.1378973,
              38.7307006
            ],
            [
              -9.137894800000002,
              38.7307112
            ],
            [
              -9.137722,
              38.7307192
            ],
            [
              -9.1377187,
              38.730595300000004
            ],
            [
              -9.1378946,
              38.7305925
            ]
          ]
        ]
      }
    },
    {
      "type": "Feature",
      "properties": {
        "area_id": "Alameda_Arro",
        "osm_uid": "cea/106",
        "osmid": "106",
        "element_type": "cea_zone",
        "building": "yes",
        "cea_name": "B1106",
        "intersection_area_m2": 179.5233960556924,
        "is_residential": true,
        "residential_source": "cea",
        "radiation_sum_kwh_year": 404281.816375,
        "radiation_sum": 404281.816375,
        "radiation_point_count": 293.0,
        "use_type1": "MULTI_RES",
        "use_type2": "NONE",
        "use_type3": "NONE",
        "resi_type": null,
        "comparison_status": "matched",
        "validation_radiation_kwh_year": 404281.816375,
        "ucea_radiation_kwh_year": 236552.89999999994,
        "workflow0_radiation_kwh_year": 278424.13999999984,
        "validation_area_m2": 179.5233960556924,
        "ucea_roofs_top_m2": 188.9,
        "err_ucea_minus_validation_kwh_year": -167728.91637500006,
        "err_ucea_abs_kwh_year": 167728.91637500006,
        "err_ucea_pct_of_validation": -0.41488117837934024,
        "err_ucea_area_minus_validation_m2": 9.376603944307618,
        "err_ucea_area_pct_of_validation": 0.05223054014307291,
        "err_workflow0_minus_validation_kwh_year": -125857.67637500016,
        "err_workflow0_abs_kwh_year": 125857.67637500016,
        "err_workflow0_pct_of_validation": -0.31131174165463393
      },
      "geometry": {
        "type": "Polygon",
        "coordinates": [
          [
            [
              -9.137722,
              38.7307192
            ],
            [
              -9.137894800000002,
              38.7307112
            ],
            [
              -9.1378973,
              38.7308199
            ],
            [
              -9.137724799999999,
              38.73082589999999
            ],
            [
              -9.137722,
              38.7307192
            ]
          ]
        ]
      }
    },
    {
      "type": "Feature",
      "properties": {
        "area_id": "Alameda_Arro",
        "osm_uid": "cea/107",
        "osmid": "107",
        "element_type": "cea_zone",
        "building": "yes",
        "cea_name": "B1107",
        "intersection_area_m2": 235.8192979351827,
        "is_residential": true,
        "residential_source": "cea",
        "radiation_sum_kwh_year": 396459.95078125,
        "radiation_sum": 396459.95078125,
        "radiation_point_count": 388.0,
        "use_type1": "MULTI_RES",
        "use_type2": "NONE",
        "use_type3": "NONE",
        "resi_type": null,
        "comparison_status": "matched",
        "validation_radiation_kwh_year": 396459.95078125,
        "ucea_radiation_kwh_year": 381671.49000000046,
        "workflow0_radiation_kwh_year": 381480.1200000014,
        "validation_area_m2": 235.8192979351827,
        "ucea_roofs_top_m2": 235.8,
        "err_ucea_minus_validation_kwh_year": -14788.460781249567,
        "err_ucea_abs_kwh_year": 14788.460781249567,
        "err_ucea_pct_of_validation": -0.037301272807273335,
        "err_ucea_area_minus_validation_m2": -0.019297935182692072,
        "err_ucea_area_pct_of_validation": -8.183357066899717e-05,
        "err_workflow0_minus_validation_kwh_year": -14979.830781248631,
        "err_workflow0_abs_kwh_year": 14979.830781248631,
        "err_workflow0_pct_of_validation": -0.03778396973447105
      },
      "geometry": {
        "type": "Polygon",
        "coordinates": [
          [
            [
              -9.1383617,
              38.7314306
            ],
            [
              -9.138194899999998,
              38.7314165
            ],
            [
              -9.1382148,
              38.73127169999999
            ],
            [
              -9.138381600000002,
              38.7312856
            ],
            [
              -9.138380199999999,
              38.73129599999999
            ],
            [
              -9.1383617,
              38.7314306
            ]
          ]
        ]
      }
    },
    {
      "type": "Feature",
      "properties": {
        "area_id": "Alameda_Arro",
        "osm_uid": "cea/108",
        "osmid": "108",
        "element_type": "cea_zone",
        "building": "yes",
        "cea_name": "B1108",
        "intersection_area_m2": 222.58684105680788,
        "is_residential": true,
        "residential_source": "cea",
        "radiation_sum_kwh_year": 381304.134671875,
        "radiation_sum": 381304.134671875,
        "radiation_point_count": 367.0,
        "use_type1": "MULTI_RES",
        "use_type2": "NONE",
        "use_type3": "NONE",
        "resi_type": null,
        "comparison_status": "matched",
        "validation_radiation_kwh_year": 381304.134671875,
        "ucea_radiation_kwh_year": 376154.5199999998,
        "workflow0_radiation_kwh_year": 357587.5799999999,
        "validation_area_m2": 222.58684105680788,
        "ucea_roofs_top_m2": 234.39,
        "err_ucea_minus_validation_kwh_year": -5149.614671875199,
        "err_ucea_abs_kwh_year": 5149.614671875199,
        "err_ucea_pct_of_validation": -0.013505268376663724,
        "err_ucea_area_minus_validation_m2": 11.803158943192102,
        "err_ucea_area_pct_of_validation": 0.05302720900818993,
        "err_workflow0_minus_validation_kwh_year": -23716.554671875085,
        "err_workflow0_abs_kwh_year": 23716.554671875085,
        "err_workflow0_pct_of_validation": -0.06219852478726457
      },
      "geometry": {
        "type": "Polygon",
        "coordinates": [
          [
            [
              -9.138977799999997,
              38.73070539999999
            ],
            [
              -9.1391436,
              38.73072959999998
            ],
            [
              -9.139111599999998,
              38.730868999999984
            ],
            [
              -9.1389579,
              38.730847499999996
            ],
            [
              -9.138977799999997,
              38.73070539999999
            ]
          ]
        ]
      }
    },
    {
      "type": "Feature",
      "properties": {
        "area_id": "Alameda_Arro",
        "osm_uid": "cea/109",
        "osmid": "109",
        "element_type": "cea_zone",
        "building": "yes",
        "cea_name": "B1109",
        "intersection_area_m2": 173.76689166593505,
        "is_residential": true,
        "residential_source": "cea",
        "radiation_sum_kwh_year": 388880.07615625,
        "radiation_sum": 388880.07615625,
        "radiation_point_count": 292.0,
        "use_type1": "MULTI_RES",
        "use_type2": "NONE",
        "use_type3": "NONE",
        "resi_type": null,
        "comparison_status": "matched",
        "validation_radiation_kwh_year": 388880.07615625,
        "ucea_radiation_kwh_year": 288368.5600000003,
        "workflow0_radiation_kwh_year": 267243.0199999995,
        "validation_area_m2": 173.76689166593505,
        "ucea_roofs_top_m2": 185.19,
        "err_ucea_minus_validation_kwh_year": -100511.51615624974,
        "err_ucea_abs_kwh_year": 100511.51615624974,
        "err_ucea_pct_of_validation": -0.2584640415362003,
        "err_ucea_area_minus_validation_m2": 11.423108334064949,
        "err_ucea_area_pct_of_validation": 0.06573811745465155,
        "err_workflow0_minus_validation_kwh_year": -121637.05615625053,
        "err_workflow0_abs_kwh_year": 121637.05615625053,
        "err_workflow0_pct_of_validation": -0.3127880897332919
      },
      "geometry": {
        "type": "Polygon",
        "coordinates": [
          [
            [
              -9.1379024,
              38.73100219999999
            ],
            [
              -9.1379027,
              38.73101239999999
            ],
            [
              -9.13773,
              38.7310206
            ],
            [
              -9.1377272,
              38.730916
            ],
            [
              -9.137899499999998,
              38.73090839999999
            ],
            [
              -9.1379024,
              38.73100219999999
            ]
          ]
        ]
      }
    },
    {
      "type": "Feature",
      "properties": {
        "area_id": "Alameda_Arro",
        "osm_uid": "cea/110",
        "osmid": "110",
        "element_type": "cea_zone",
        "building": "yes",
        "cea_name": "B1110",
        "intersection_area_m2": 248.47534480815455,
        "is_residential": true,
        "residential_source": "cea",
        "radiation_sum_kwh_year": 497330.854171875,
        "radiation_sum": 497330.854171875,
        "radiation_point_count": 409.0,
        "use_type1": "MULTI_RES",
        "use_type2": "NONE",
        "use_type3": "NONE",
        "resi_type": null,
        "comparison_status": "matched",
        "validation_radiation_kwh_year": 497330.854171875,
        "ucea_radiation_kwh_year": 374714.289999999,
        "workflow0_radiation_kwh_year": 376985.0999999988,
        "validation_area_m2": 248.47534480815455,
        "ucea_roofs_top_m2": 268.96,
        "err_ucea_minus_validation_kwh_year": -122616.564171876,
        "err_ucea_abs_kwh_year": 122616.564171876,
        "err_ucea_pct_of_validation": -0.24654928030968362,
        "err_ucea_area_minus_validation_m2": 20.484655191845434,
        "err_ucea_area_pct_of_validation": 0.08244139959906864,
        "err_workflow0_minus_validation_kwh_year": -120345.75417187618,
        "err_workflow0_abs_kwh_year": 120345.75417187618,
        "err_workflow0_pct_of_validation": -0.24198328569874997
      },
      "geometry": {
        "type": "Polygon",
        "coordinates": [
          [
            [
              -9.1387419,
              38.73092259999999
            ],
            [
              -9.1387476,
              38.730901499999995
            ],
            [
              -9.1389219,
              38.7309308
            ],
            [
              -9.1388897,
              38.731062600000016
            ],
            [
              -9.138796099999999,
              38.73105619999999
            ],
            [
              -9.1387073,
              38.73105009999999
            ],
            [
              -9.1387419,
              38.73092259999999
            ]
          ]
        ]
      }
    },
    {
      "type": "Feature",
      "properties": {
        "area_id": "Alameda_Arro",
        "osm_uid": "cea/111",
        "osmid": "111",
        "element_type": "cea_zone",
        "building": "yes",
        "cea_name": "B1111",
        "intersection_area_m2": 226.6547046600015,
        "is_residential": true,
        "residential_source": "cea",
        "radiation_sum_kwh_year": 423220.50646875,
        "radiation_sum": 423220.50646875,
        "radiation_point_count": 373.0,
        "use_type1": "MULTI_RES",
        "use_type2": "NONE",
        "use_type3": "NONE",
        "resi_type": null,
        "comparison_status": "matched",
        "validation_radiation_kwh_year": 423220.50646875,
        "ucea_radiation_kwh_year": 434192.2599999985,
        "workflow0_radiation_kwh_year": 329603.66999999987,
        "validation_area_m2": 226.6547046600015,
        "ucea_roofs_top_m2": 306.01,
        "err_ucea_minus_validation_kwh_year": 10971.753531248483,
        "err_ucea_abs_kwh_year": 10971.753531248483,
        "err_ucea_pct_of_validation": 0.025924437411585163,
        "err_ucea_area_minus_validation_m2": 79.35529533999849,
        "err_ucea_area_pct_of_validation": 0.35011536803984367,
        "err_workflow0_minus_validation_kwh_year": -93616.83646875015,
        "err_workflow0_abs_kwh_year": 93616.83646875015,
        "err_workflow0_pct_of_validation": -0.22120108793845195
      },
      "geometry": {
        "type": "Polygon",
        "coordinates": [
          [
            [
              -9.1387744,
              38.73082790000001
            ],
            [
              -9.138689499999998,
              38.730816299999994
            ],
            [
              -9.1387033,
              38.73075529999999
            ],
            [
              -9.1385862,
              38.7307392
            ],
            [
              -9.1386059,
              38.73065109999999
            ],
            [
              -9.1388075,
              38.73068049999999
            ],
            [
              -9.1387744,
              38.73082790000001
            ]
          ]
        ]
      }
    },
    {
      "type": "Feature",
      "properties": {
        "area_id": "Alameda_Arro",
        "osm_uid": "cea/113",
        "osmid": "113",
        "element_type": "cea_zone",
        "building": "yes",
        "cea_name": "B1113",
        "intersection_area_m2": 103.12994316471251,
        "is_residential": true,
        "residential_source": "cea",
        "radiation_sum_kwh_year": 165030.895046875,
        "radiation_sum": 165030.895046875,
        "radiation_point_count": 184.0,
        "use_type1": "MULTI_RES",
        "use_type2": "NONE",
        "use_type3": "NONE",
        "resi_type": null,
        "comparison_status": "matched",
        "validation_radiation_kwh_year": 165030.895046875,
        "ucea_radiation_kwh_year": 165931.5600000007,
        "workflow0_radiation_kwh_year": 166327.63000000003,
        "validation_area_m2": 103.12994316471251,
        "ucea_roofs_top_m2": 102.97,
        "err_ucea_minus_validation_kwh_year": 900.664953125699,
        "err_ucea_abs_kwh_year": 900.664953125699,
        "err_ucea_pct_of_validation": 0.0054575535863746975,
        "err_ucea_area_minus_validation_m2": -0.1599431647125158,
        "err_ucea_area_pct_of_validation": -0.001550889681545396,
        "err_workflow0_minus_validation_kwh_year": 1296.7349531250366,
        "err_workflow0_abs_kwh_year": 1296.7349531250366,
        "err_workflow0_pct_of_validation": 0.007857528451001341
      },
      "geometry": {
        "type": "Polygon",
        "coordinates": [
          [
            [
              -9.1366662,
              38.7312145
            ],
            [
              -9.1367087,
              38.731213699999984
            ],
            [
              -9.1368136,
              38.73121199999998
            ],
            [
              -9.1368146,
              38.7312508
            ],
            [
              -9.136815199999997,
              38.7312734
            ],
            [
              -9.136815499999999,
              38.731284999999986
            ],
            [
              -9.1368103,
              38.7312852
            ],
            [
              -9.136668499999999,
              38.7312865
            ],
            [
              -9.1366662,
              38.7312145
            ]
          ]
        ]
      }
    },
    {
      "type": "Feature",
      "properties": {
        "area_id": "Alameda_Arro",
        "osm_uid": "cea/114",
        "osmid": "114",
        "element_type": "cea_zone",
        "building": "yes",
        "cea_name": "B1114",
        "intersection_area_m2": 262.12159468197603,
        "is_residential": true,
        "residential_source": "cea",
        "radiation_sum_kwh_year": 468185.975421875,
        "radiation_sum": 468185.975421875,
        "radiation_point_count": 430.0,
        "use_type1": "MULTI_RES",
        "use_type2": "NONE",
        "use_type3": "NONE",
        "resi_type": null,
        "comparison_status": "matched",
        "validation_radiation_kwh_year": 468185.975421875,
        "ucea_radiation_kwh_year": 495932.54000000085,
        "workflow0_radiation_kwh_year": 429438.31999999995,
        "validation_area_m2": 262.12159468197603,
        "ucea_roofs_top_m2": 310.77,
        "err_ucea_minus_validation_kwh_year": 27746.564578125835,
        "err_ucea_abs_kwh_year": 27746.564578125835,
        "err_ucea_pct_of_validation": 0.05926398062890253,
        "err_ucea_area_minus_validation_m2": 48.64840531802395,
        "err_ucea_area_pct_of_validation": 0.18559480143956678,
        "err_workflow0_minus_validation_kwh_year": -38747.65542187507,
        "err_workflow0_abs_kwh_year": 38747.65542187507,
        "err_workflow0_pct_of_validation": -0.0827612475725275
      },
      "geometry": {
        "type": "Polygon",
        "coordinates": [
          [
            [
              -9.136621499999999,
              38.73113320000001
            ],
            [
              -9.1366218,
              38.73116509999999
            ],
            [
              -9.136649100000001,
              38.73116659999999
            ],
            [
              -9.136647,
              38.731179199999985
            ],
            [
              -9.1366658,
              38.731179100000006
            ],
            [
              -9.1366662,
              38.7312145
            ],
            [
              -9.136668499999999,
              38.7312865
            ],
            [
              -9.1366479,
              38.731284699999996
            ],
            [
              -9.1365895,
              38.7312798
            ],
            [
              -9.1364685,
              38.7312695
            ],
            [
              -9.136467899999998,
              38.73117760000001
            ],
            [
              -9.136458699999999,
              38.7311341
            ],
            [
              -9.136621499999999,
              38.73113320000001
            ]
          ]
        ]
      }
    },
    {
      "type": "Feature",
      "properties": {
        "area_id": "Alameda_Arro",
        "osm_uid": "cea/115",
        "osmid": "115",
        "element_type": "cea_zone",
        "building": "yes",
        "cea_name": "B1115",
        "intersection_area_m2": 249.39868916685177,
        "is_residential": true,
        "residential_source": "cea",
        "radiation_sum_kwh_year": 470149.665546875,
        "radiation_sum": 470149.665546875,
        "radiation_point_count": 409.0,
        "use_type1": "MULTI_RES",
        "use_type2": "NONE",
        "use_type3": "NONE",
        "resi_type": null,
        "comparison_status": "matched",
        "validation_radiation_kwh_year": 470149.665546875,
        "ucea_radiation_kwh_year": 427866.7700000002,
        "workflow0_radiation_kwh_year": 341123.88999999984,
        "validation_area_m2": 249.39868916685177,
        "ucea_roofs_top_m2": 311.39,
        "err_ucea_minus_validation_kwh_year": -42282.89554687479,
        "err_ucea_abs_kwh_year": 42282.89554687479,
        "err_ucea_pct_of_validation": -0.08993496889483395,
        "err_ucea_area_minus_validation_m2": 61.99131083314822,
        "err_ucea_area_pct_of_validation": 0.24856309806694704,
        "err_workflow0_minus_validation_kwh_year": -129025.77554687514,
        "err_workflow0_abs_kwh_year": 129025.77554687514,
        "err_workflow0_pct_of_validation": -0.2744355361750459
      },
      "geometry": {
        "type": "Polygon",
        "coordinates": [
          [
            [
              -9.136025799999999,
              38.7311327
            ],
            [
              -9.1360306,
              38.7310858
            ],
            [
              -9.1361215,
              38.73109389999999
            ],
            [
              -9.136142499999998,
              38.731146299999985
            ],
            [
              -9.1361565,
              38.73114669999998
            ],
            [
              -9.136245,
              38.731148799999985
            ],
            [
              -9.1362245,
              38.731248699999995
            ],
            [
              -9.136016699999999,
              38.731230999999994
            ],
            [
              -9.1360253,
              38.731151700000005
            ],
            [
              -9.136025799999999,
              38.7311327
            ]
          ]
        ]
      }
    },
    {
      "type": "Feature",
      "properties": {
        "area_id": "Alameda_Arro",
        "osm_uid": "cea/116",
        "osmid": "116",
        "element_type": "cea_zone",
        "building": "yes",
        "cea_name": "B1116",
        "intersection_area_m2": 91.54043066749344,
        "is_residential": true,
        "residential_source": "cea",
        "radiation_sum_kwh_year": 165783.27384375,
        "radiation_sum": 165783.27384375,
        "radiation_point_count": 153.0,
        "use_type1": "MULTI_RES",
        "use_type2": "NONE",
        "use_type3": "NONE",
        "resi_type": null,
        "comparison_status": "matched",
        "validation_radiation_kwh_year": 165783.27384375,
        "ucea_radiation_kwh_year": 61459.260000000155,
        "workflow0_radiation_kwh_year": 127886.61999999988,
        "validation_area_m2": 91.54043066749344,
        "ucea_roofs_top_m2": 53.2,
        "err_ucea_minus_validation_kwh_year": -104324.01384374985,
        "err_ucea_abs_kwh_year": 104324.01384374985,
        "err_ucea_pct_of_validation": -0.6292794889674743,
        "err_ucea_area_minus_validation_m2": -38.340430667493436,
        "err_ucea_area_pct_of_validation": -0.41883603111677686,
        "err_workflow0_minus_validation_kwh_year": -37896.65384375013,
        "err_workflow0_abs_kwh_year": 37896.65384375013,
        "err_workflow0_pct_of_validation": -0.22859153981642052
      },
      "geometry": {
        "type": "Polygon",
        "coordinates": [
          [
            [
              -9.1364206,
              38.73101979999999
            ],
            [
              -9.1364159,
              38.73100879999999
            ],
            [
              -9.1364113,
              38.7309978
            ],
            [
              -9.1366071,
              38.7309937
            ],
            [
              -9.1366254,
              38.7309939
            ],
            [
              -9.1366178,
              38.731043799999995
            ],
            [
              -9.1364298,
              38.7310417
            ],
            [
              -9.1364252,
              38.7310307
            ],
            [
              -9.1364206,
              38.73101979999999
            ]
          ]
        ]
      }
    },
    {
      "type": "Feature",
      "properties": {
        "area_id": "Alameda_Arro",
        "osm_uid": "cea/117",
        "osmid": "117",
        "element_type": "cea_zone",
        "building": "yes",
        "cea_name": "B1117",
        "intersection_area_m2": 308.1765165420218,
        "is_residential": true,
        "residential_source": "cea",
        "radiation_sum_kwh_year": 768987.2569375,
        "radiation_sum": 768987.2569375,
        "radiation_point_count": 508.0,
        "use_type1": "MULTI_RES",
        "use_type2": "NONE",
        "use_type3": "NONE",
        "resi_type": null,
        "comparison_status": "matched",
        "validation_radiation_kwh_year": 768987.2569375,
        "ucea_radiation_kwh_year": 569079.3100000008,
        "workflow0_radiation_kwh_year": 487462.94999999914,
        "validation_area_m2": 308.1765165420218,
        "ucea_roofs_top_m2": 429.85,
        "err_ucea_minus_validation_kwh_year": -199907.94693749922,
        "err_ucea_abs_kwh_year": 199907.94693749922,
        "err_ucea_pct_of_validation": -0.2599626263426455,
        "err_ucea_area_minus_validation_m2": 121.67348345797825,
        "err_ucea_area_pct_of_validation": 0.39481750531561777,
        "err_workflow0_minus_validation_kwh_year": -281524.30693750083,
        "err_workflow0_abs_kwh_year": 281524.30693750083,
        "err_workflow0_pct_of_validation": -0.3660974930308656
      },
      "geometry": {
        "type": "Polygon",
        "coordinates": [
          [
            [
              -9.133769299999999,
              38.729468199999985
            ],
            [
              -9.1336969,
              38.7294285
            ],
            [
              -9.1336862,
              38.7293071
            ],
            [
              -9.133882,
              38.72928199999999
            ],
            [
              -9.133949,
              38.729365699999995
            ],
            [
              -9.133769299999999,
              38.729468199999985
            ]
          ]
        ]
      }
    },
    {
      "type": "Feature",
      "properties": {
        "area_id": "Alameda_Arro",
        "osm_uid": "cea/118",
        "osmid": "118",
        "element_type": "cea_zone",
        "building": "yes",
        "cea_name": "B1118",
        "intersection_area_m2": 424.9548474771858,
        "is_residential": true,
        "residential_source": "cea",
        "radiation_sum_kwh_year": 730827.4855625,
        "radiation_sum": 730827.4855625,
        "radiation_point_count": 704.0,
        "use_type1": "MULTI_RES",
        "use_type2": "NONE",
        "use_type3": "NONE",
        "resi_type": null,
        "comparison_status": "matched",
        "validation_radiation_kwh_year": 730827.4855625,
        "ucea_radiation_kwh_year": 803049.9499999997,
        "workflow0_radiation_kwh_year": 696022.8600000021,
        "validation_area_m2": 424.9548474771858,
        "ucea_roofs_top_m2": 490.47,
        "err_ucea_minus_validation_kwh_year": 72222.46443749976,
        "err_ucea_abs_kwh_year": 72222.46443749976,
        "err_ucea_pct_of_validation": 0.09882286293859337,
        "err_ucea_area_minus_validation_m2": 65.51515252281422,
        "err_ucea_area_pct_of_validation": 0.1541696792300539,
        "err_workflow0_minus_validation_kwh_year": -34804.62556249788,
        "err_workflow0_abs_kwh_year": 34804.62556249788,
        "err_workflow0_pct_of_validation": -0.04762358593520825
      },
      "geometry": {
        "type": "Polygon",
        "coordinates": [
          [
            [
              -9.135729,
              38.73120649999999
            ],
            [
              -9.1354466,
              38.73118249999999
            ],
            [
              -9.135448799999999,
              38.731161099999994
            ],
            [
              -9.1354086,
              38.73115940000001
            ],
            [
              -9.1354215,
              38.7310309
            ],
            [
              -9.1355774,
              38.73104060000001
            ],
            [
              -9.1355746,
              38.7310674
            ],
            [
              -9.1357425,
              38.73107799999997
            ],
            [
              -9.1357402,
              38.731099699999994
            ],
            [
              -9.1357368,
              38.73113309999999
            ],
            [
              -9.135729,
              38.73120649999999
            ]
          ]
        ]
      }
    },
    {
      "type": "Feature",
      "properties": {
        "area_id": "Alameda_Arro",
        "osm_uid": "cea/119",
        "osmid": "119",
        "element_type": "cea_zone",
        "building": "yes",
        "cea_name": "B1119",
        "intersection_area_m2": 69.7380351062604,
        "is_residential": true,
        "residential_source": "cea",
        "radiation_sum_kwh_year": 103290.057,
        "radiation_sum": 103290.057,
        "radiation_point_count": 108.0,
        "use_type1": "MULTI_RES",
        "use_type2": "NONE",
        "use_type3": "NONE",
        "resi_type": null,
        "comparison_status": "matched",
        "validation_radiation_kwh_year": 103290.057,
        "ucea_radiation_kwh_year": 60746.74000000015,
        "workflow0_radiation_kwh_year": 49011.51999999982,
        "validation_area_m2": 69.7380351062604,
        "ucea_roofs_top_m2": 79.79,
        "err_ucea_minus_validation_kwh_year": -42543.31699999985,
        "err_ucea_abs_kwh_year": 42543.31699999985,
        "err_ucea_pct_of_validation": -0.411882016872155,
        "err_ucea_area_minus_validation_m2": 10.051964893739608,
        "err_ucea_area_pct_of_validation": 0.14413891757092595,
        "err_workflow0_minus_validation_kwh_year": -54278.53700000018,
        "err_workflow0_abs_kwh_year": 54278.53700000018,
        "err_workflow0_pct_of_validation": -0.5254962440382832
      },
      "geometry": {
        "type": "Polygon",
        "coordinates": [
          [
            [
              -9.1363738,
              38.73090779999999
            ],
            [
              -9.136355,
              38.730857599999986
            ],
            [
              -9.136514599999998,
              38.730858999999995
            ],
            [
              -9.136516299999998,
              38.73090440000001
            ],
            [
              -9.1363738,
              38.73090779999999
            ]
          ]
        ]
      }
    },
    {
      "type": "Feature",
      "properties": {
        "area_id": "Alameda_Arro",
        "osm_uid": "cea/120",
        "osmid": "120",
        "element_type": "cea_zone",
        "building": "yes",
        "cea_name": "B1120",
        "intersection_area_m2": 89.17034419509923,
        "is_residential": true,
        "residential_source": "cea",
        "radiation_sum_kwh_year": 129190.92878125,
        "radiation_sum": 129190.92878125,
        "radiation_point_count": 140.0,
        "use_type1": "MULTI_RES",
        "use_type2": "NONE",
        "use_type3": "NONE",
        "resi_type": null,
        "comparison_status": "matched",
        "validation_radiation_kwh_year": 129190.92878125,
        "ucea_radiation_kwh_year": 128065.21999999983,
        "workflow0_radiation_kwh_year": 109042.00999999978,
        "validation_area_m2": 89.17034419509923,
        "ucea_roofs_top_m2": 97.28,
        "err_ucea_minus_validation_kwh_year": -1125.7087812501704,
        "err_ucea_abs_kwh_year": 1125.7087812501704,
        "err_ucea_pct_of_validation": -0.008713528046200942,
        "err_ucea_area_minus_validation_m2": 8.109655804900768,
        "err_ucea_area_pct_of_validation": 0.09094565999607829,
        "err_workflow0_minus_validation_kwh_year": -20148.91878125022,
        "err_workflow0_abs_kwh_year": 20148.91878125022,
        "err_workflow0_pct_of_validation": -0.1559623339759944
      },
      "geometry": {
        "type": "Polygon",
        "coordinates": [
          [
            [
              -9.1366071,
              38.7309937
            ],
            [
              -9.1364113,
              38.7309978
            ],
            [
              -9.1363925,
              38.730953799999995
            ],
            [
              -9.136548599999998,
              38.73094919999999
            ],
            [
              -9.1366044,
              38.7309475
            ],
            [
              -9.1366071,
              38.7309937
            ]
          ]
        ]
      }
    },
    {
      "type": "Feature",
      "properties": {
        "area_id": "Alameda_Arro",
        "osm_uid": "cea/121",
        "osmid": "121",
        "element_type": "cea_zone",
        "building": "yes",
        "cea_name": "B1121",
        "intersection_area_m2": 141.073568978494,
        "is_residential": true,
        "residential_source": "cea",
        "radiation_sum_kwh_year": 214648.5738046875,
        "radiation_sum": 214648.5738046875,
        "radiation_point_count": 230.0,
        "use_type1": "MULTI_RES",
        "use_type2": "NONE",
        "use_type3": "NONE",
        "resi_type": null,
        "comparison_status": "matched",
        "validation_radiation_kwh_year": 214648.5738046875,
        "ucea_radiation_kwh_year": 203394.11000000048,
        "workflow0_radiation_kwh_year": 193815.72999999984,
        "validation_area_m2": 141.073568978494,
        "ucea_roofs_top_m2": 150.56,
        "err_ucea_minus_validation_kwh_year": -11254.463804687024,
        "err_ucea_abs_kwh_year": 11254.463804687024,
        "err_ucea_pct_of_validation": -0.05243204557663476,
        "err_ucea_area_minus_validation_m2": 9.486431021506007,
        "err_ucea_area_pct_of_validation": 0.06724456671931345,
        "err_workflow0_minus_validation_kwh_year": -20832.84380468767,
        "err_workflow0_abs_kwh_year": 20832.84380468767,
        "err_workflow0_pct_of_validation": -0.09705558921460078
      },
      "geometry": {
        "type": "Polygon",
        "coordinates": [
          [
            [
              -9.136051499999999,
              38.73070409999998
            ],
            [
              -9.136118300000001,
              38.730694099999994
            ],
            [
              -9.1361509,
              38.73078869999999
            ],
            [
              -9.136008999999998,
              38.7308178
            ],
            [
              -9.1359795,
              38.73071529999999
            ],
            [
              -9.136051499999999,
              38.73070409999998
            ]
          ]
        ]
      }
    },
    {
      "type": "Feature",
      "properties": {
        "area_id": "Alameda_Arro",
        "osm_uid": "cea/123",
        "osmid": "123",
        "element_type": "cea_zone",
        "building": "yes",
        "cea_name": "B1123",
        "intersection_area_m2": 201.53114081621717,
        "is_residential": true,
        "residential_source": "cea",
        "radiation_sum_kwh_year": 435033.87221875,
        "radiation_sum": 435033.87221875,
        "radiation_point_count": 327.0,
        "use_type1": "MULTI_RES",
        "use_type2": "NONE",
        "use_type3": "NONE",
        "resi_type": null,
        "comparison_status": "matched",
        "validation_radiation_kwh_year": 435033.87221875,
        "ucea_radiation_kwh_year": 347974.1700000004,
        "workflow0_radiation_kwh_year": 324339.7800000003,
        "validation_area_m2": 201.53114081621717,
        "ucea_roofs_top_m2": 225.21,
        "err_ucea_minus_validation_kwh_year": -87059.70221874962,
        "err_ucea_abs_kwh_year": 87059.70221874962,
        "err_ucea_pct_of_validation": -0.20012166357237812,
        "err_ucea_area_minus_validation_m2": 23.678859183782833,
        "err_ucea_area_pct_of_validation": 0.11749479057123166,
        "err_workflow0_minus_validation_kwh_year": -110694.09221874969,
        "err_workflow0_abs_kwh_year": 110694.09221874969,
        "err_workflow0_pct_of_validation": -0.25444936426258064
      },
      "geometry": {
        "type": "Polygon",
        "coordinates": [
          [
            [
              -9.135803700000002,
              38.73020819999999
            ],
            [
              -9.135998199999998,
              38.73020639999999
            ],
            [
              -9.135989599999998,
              38.730320799999994
            ],
            [
              -9.135797099999998,
              38.7303094
            ],
            [
              -9.135799699999998,
              38.730269899999996
            ],
            [
              -9.135803700000002,
              38.73020819999999
            ]
          ]
        ]
      }
    },
    {
      "type": "Feature",
      "properties": {
        "area_id": "Alameda_Arro",
        "osm_uid": "cea/124",
        "osmid": "124",
        "element_type": "cea_zone",
        "building": "yes",
        "cea_name": "B1124",
        "intersection_area_m2": 163.31402902391076,
        "is_residential": true,
        "residential_source": "cea",
        "radiation_sum_kwh_year": 417039.9361875,
        "radiation_sum": 417039.9361875,
        "radiation_point_count": 270.0,
        "use_type1": "MULTI_RES",
        "use_type2": "NONE",
        "use_type3": "NONE",
        "resi_type": null,
        "comparison_status": "matched",
        "validation_radiation_kwh_year": 417039.9361875,
        "ucea_radiation_kwh_year": 385787.69,
        "workflow0_radiation_kwh_year": 251557.7700000002,
        "validation_area_m2": 163.31402902391076,
        "ucea_roofs_top_m2": 247.65,
        "err_ucea_minus_validation_kwh_year": -31252.246187500015,
        "err_ucea_abs_kwh_year": 31252.246187500015,
        "err_ucea_pct_of_validation": -0.07493825764794164,
        "err_ucea_area_minus_validation_m2": 84.33597097608924,
        "err_ucea_area_pct_of_validation": 0.5164037130193,
        "err_workflow0_minus_validation_kwh_year": -165482.16618749982,
        "err_workflow0_abs_kwh_year": 165482.16618749982,
        "err_workflow0_pct_of_validation": -0.396801725274338
      },
      "geometry": {
        "type": "Polygon",
        "coordinates": [
          [
            [
              -9.135509899999999,
              38.72827199999998
            ],
            [
              -9.135376,
              38.72826409999999
            ],
            [
              -9.1353829,
              38.72818899999999
            ],
            [
              -9.1354794,
              38.72819319999999
            ],
            [
              -9.1354794,
              38.7281493
            ],
            [
              -9.13544,
              38.728148299999994
            ],
            [
              -9.1354476,
              38.7280835
            ],
            [
              -9.1355031,
              38.72808789999999
            ],
            [
              -9.1355261,
              38.7281099
            ],
            [
              -9.135509899999999,
              38.72827199999998
            ]
          ]
        ]
      }
    },
    {
      "type": "Feature",
      "properties": {
        "area_id": "Alameda_Arro",
        "osm_uid": "cea/125",
        "osmid": "125",
        "element_type": "cea_zone",
        "building": "yes",
        "cea_name": "B1125",
        "intersection_area_m2": 447.3788461316992,
        "is_residential": true,
        "residential_source": "cea",
        "radiation_sum_kwh_year": 958336.1699531251,
        "radiation_sum": 958336.1699531251,
        "radiation_point_count": 735.0,
        "use_type1": "MULTI_RES",
        "use_type2": "NONE",
        "use_type3": "NONE",
        "resi_type": null,
        "comparison_status": "matched",
        "validation_radiation_kwh_year": 958336.1699531251,
        "ucea_radiation_kwh_year": 1042341.1800000006,
        "workflow0_radiation_kwh_year": 718682.1800000004,
        "validation_area_m2": 447.3788461316992,
        "ucea_roofs_top_m2": 659.88,
        "err_ucea_minus_validation_kwh_year": 84005.01004687557,
        "err_ucea_abs_kwh_year": 84005.01004687557,
        "err_ucea_pct_of_validation": 0.08765714232719035,
        "err_ucea_area_minus_validation_m2": 212.50115386830078,
        "err_ucea_area_pct_of_validation": 0.4749915104518482,
        "err_workflow0_minus_validation_kwh_year": -239653.98995312466,
        "err_workflow0_abs_kwh_year": 239653.98995312466,
        "err_workflow0_pct_of_validation": -0.2500729884429248
      },
      "geometry": {
        "type": "Polygon",
        "coordinates": [
          [
            [
              -9.1377815,
              38.72761429999999
            ],
            [
              -9.1377834,
              38.7277315
            ],
            [
              -9.137643699999998,
              38.7277333
            ],
            [
              -9.137639,
              38.72755449999998
            ],
            [
              -9.137638399999998,
              38.72753329999999
            ],
            [
              -9.137637899999998,
              38.727512999999995
            ],
            [
              -9.137670699999997,
              38.7274962
            ],
            [
              -9.137704599999998,
              38.7274939
            ],
            [
              -9.1379178,
              38.7275393
            ],
            [
              -9.1379082,
              38.7276412
            ],
            [
              -9.1377815,
              38.72761429999999
            ]
          ]
        ]
      }
    },
    {
      "type": "Feature",
      "properties": {
        "area_id": "Alameda_Arro",
        "osm_uid": "cea/126",
        "osmid": "126",
        "element_type": "cea_zone",
        "building": "yes",
        "cea_name": "B1126",
        "intersection_area_m2": 105.05188457542758,
        "is_residential": true,
        "residential_source": "cea",
        "radiation_sum_kwh_year": 231053.1985,
        "radiation_sum": 231053.1985,
        "radiation_point_count": 173.0,
        "use_type1": "MULTI_RES",
        "use_type2": "NONE",
        "use_type3": "NONE",
        "resi_type": null,
        "comparison_status": "matched",
        "validation_radiation_kwh_year": 231053.1985,
        "ucea_radiation_kwh_year": 168529.48999999955,
        "workflow0_radiation_kwh_year": 168365.43000000037,
        "validation_area_m2": 105.05188457542758,
        "ucea_roofs_top_m2": 108.34,
        "err_ucea_minus_validation_kwh_year": -62523.708500000444,
        "err_ucea_abs_kwh_year": 62523.708500000444,
        "err_ucea_pct_of_validation": -0.27060308580839854,
        "err_ucea_area_minus_validation_m2": 3.2881154245724247,
        "err_ucea_area_pct_of_validation": 0.031299918491338896,
        "err_workflow0_minus_validation_kwh_year": -62687.76849999963,
        "err_workflow0_abs_kwh_year": 62687.76849999963,
        "err_workflow0_pct_of_validation": -0.2713131387358813
      },
      "geometry": {
        "type": "Polygon",
        "coordinates": [
          [
            [
              -9.1356536,
              38.73028790000001
            ],
            [
              -9.135647299999999,
              38.730357
            ],
            [
              -9.1354901,
              38.7303482
            ],
            [
              -9.135497,
              38.730279199999984
            ],
            [
              -9.1356536,
              38.73028790000001
            ]
          ]
        ]
      }
    },
    {
      "type": "Feature",
      "properties": {
        "area_id": "Alameda_Arro",
        "osm_uid": "cea/127",
        "osmid": "127",
        "element_type": "cea_zone",
        "building": "yes",
        "cea_name": "B1127",
        "intersection_area_m2": 118.40357289235229,
        "is_residential": true,
        "residential_source": "cea",
        "radiation_sum_kwh_year": 233593.492875,
        "radiation_sum": 233593.492875,
        "radiation_point_count": 195.0,
        "use_type1": "MULTI_RES",
        "use_type2": "NONE",
        "use_type3": "NONE",
        "resi_type": null,
        "comparison_status": "matched",
        "validation_radiation_kwh_year": 233593.492875,
        "ucea_radiation_kwh_year": 191488.68000000046,
        "workflow0_radiation_kwh_year": 189603.73000000033,
        "validation_area_m2": 118.40357289235229,
        "ucea_roofs_top_m2": 123.26,
        "err_ucea_minus_validation_kwh_year": -42104.81287499954,
        "err_ucea_abs_kwh_year": 42104.81287499954,
        "err_ucea_pct_of_validation": -0.1802482267668756,
        "err_ucea_area_minus_validation_m2": 4.856427107647718,
        "err_ucea_area_pct_of_validation": 0.04101588312763994,
        "err_workflow0_minus_validation_kwh_year": -43989.762874999666,
        "err_workflow0_abs_kwh_year": 43989.762874999666,
        "err_workflow0_pct_of_validation": -0.18831758681967808
      },
      "geometry": {
        "type": "Polygon",
        "coordinates": [
          [
            [
              -9.1356506,
              38.730632099999994
            ],
            [
              -9.135644699999999,
              38.73069699999999
            ],
            [
              -9.1354561,
              38.73068649999999
            ],
            [
              -9.1354626,
              38.73062169999999
            ],
            [
              -9.1356506,
              38.730632099999994
            ]
          ]
        ]
      }
    },
    {
      "type": "Feature",
      "properties": {
        "area_id": "Alameda_Arro",
        "osm_uid": "cea/128",
        "osmid": "128",
        "element_type": "cea_zone",
        "building": "yes",
        "cea_name": "B1128",
        "intersection_area_m2": 501.9755707785969,
        "is_residential": true,
        "residential_source": "cea",
        "radiation_sum_kwh_year": 1057001.2493046876,
        "radiation_sum": 1057001.2493046876,
        "radiation_point_count": 827.0,
        "use_type1": "MULTI_RES",
        "use_type2": "NONE",
        "use_type3": "NONE",
        "resi_type": null,
        "comparison_status": "matched",
        "validation_radiation_kwh_year": 1057001.2493046876,
        "ucea_radiation_kwh_year": 1007731.9500000003,
        "workflow0_radiation_kwh_year": 811737.549999997,
        "validation_area_m2": 501.9755707785969,
        "ucea_roofs_top_m2": 623.55,
        "err_ucea_minus_validation_kwh_year": -49269.2993046873,
        "err_ucea_abs_kwh_year": 49269.2993046873,
        "err_ucea_pct_of_validation": -0.04661233781615437,
        "err_ucea_area_minus_validation_m2": 121.57442922140308,
        "err_ucea_area_pct_of_validation": 0.2421919238675962,
        "err_workflow0_minus_validation_kwh_year": -245263.69930469058,
        "err_workflow0_abs_kwh_year": 245263.69930469058,
        "err_workflow0_pct_of_validation": -0.2320372842189439
      },
      "geometry": {
        "type": "Polygon",
        "coordinates": [
          [
            [
              -9.136118300000001,
              38.730694099999994
            ],
            [
              -9.136051499999999,
              38.73070409999998
            ],
            [
              -9.1360492,
              38.73068809999998
            ],
            [
              -9.135968799999999,
              38.7307048
            ],
            [
              -9.1359607,
              38.730677599999986
            ],
            [
              -9.1359178,
              38.730677599999986
            ],
            [
              -9.1359151,
              38.7307048
            ],
            [
              -9.135873,
              38.7307087
            ],
            [
              -9.1358054,
              38.730704899999985
            ],
            [
              -9.135829299999997,
              38.730510200000005
            ],
            [
              -9.1360504,
              38.730497099999994
            ],
            [
              -9.136118300000001,
              38.730694099999994
            ]
          ]
        ]
      }
    },
    {
      "type": "Feature",
      "properties": {
        "area_id": "Alameda_Arro",
        "osm_uid": "cea/129",
        "osmid": "129",
        "element_type": "cea_zone",
        "building": "yes",
        "cea_name": "B1129",
        "intersection_area_m2": 124.2620236728443,
        "is_residential": true,
        "residential_source": "cea",
        "radiation_sum_kwh_year": 270083.02759375,
        "radiation_sum": 270083.02759375,
        "radiation_point_count": 205.0,
        "use_type1": "MULTI_RES",
        "use_type2": "NONE",
        "use_type3": "NONE",
        "resi_type": null,
        "comparison_status": "matched",
        "validation_radiation_kwh_year": 270083.02759375,
        "ucea_radiation_kwh_year": 261753.98999999932,
        "workflow0_radiation_kwh_year": 200127.66999999923,
        "validation_area_m2": 124.2620236728443,
        "ucea_roofs_top_m2": 164.04,
        "err_ucea_minus_validation_kwh_year": -8329.037593750661,
        "err_ucea_abs_kwh_year": 8329.037593750661,
        "err_ucea_pct_of_validation": -0.03083880415573142,
        "err_ucea_area_minus_validation_m2": 39.7779763271557,
        "err_ucea_area_pct_of_validation": 0.32011370128562144,
        "err_workflow0_minus_validation_kwh_year": -69955.35759375076,
        "err_workflow0_abs_kwh_year": 69955.35759375076,
        "err_workflow0_pct_of_validation": -0.25901426763837715
      },
      "geometry": {
        "type": "Polygon",
        "coordinates": [
          [
            [
              -9.133902199999998,
              38.7296162
            ],
            [
              -9.1337663,
              38.72968779999999
            ],
            [
              -9.133755899999999,
              38.7295718
            ],
            [
              -9.133832599999998,
              38.72953179999998
            ],
            [
              -9.133902199999998,
              38.7296162
            ]
          ]
        ]
      }
    },
    {
      "type": "Feature",
      "properties": {
        "area_id": "Alameda_Arro",
        "osm_uid": "cea/130",
        "osmid": "130",
        "element_type": "cea_zone",
        "building": "yes",
        "cea_name": "B1130",
        "intersection_area_m2": 180.64658738792795,
        "is_residential": true,
        "residential_source": "cea",
        "radiation_sum_kwh_year": 303012.21621875,
        "radiation_sum": 303012.21621875,
        "radiation_point_count": 297.0,
        "use_type1": "MULTI_RES",
        "use_type2": "NONE",
        "use_type3": "NONE",
        "resi_type": null,
        "comparison_status": "matched",
        "validation_radiation_kwh_year": 303012.21621875,
        "ucea_radiation_kwh_year": 300512.4799999998,
        "workflow0_radiation_kwh_year": 271401.03000000067,
        "validation_area_m2": 180.64658738792795,
        "ucea_roofs_top_m2": 205.18,
        "err_ucea_minus_validation_kwh_year": -2499.736218750186,
        "err_ucea_abs_kwh_year": 2499.736218750186,
        "err_ucea_pct_of_validation": -0.008249621912753448,
        "err_ucea_area_minus_validation_m2": 24.533412612072055,
        "err_ucea_area_pct_of_validation": 0.1358088905349094,
        "err_workflow0_minus_validation_kwh_year": -31611.186218749324,
        "err_workflow0_abs_kwh_year": 31611.186218749324,
        "err_workflow0_pct_of_validation": -0.1043231412027581
      },
      "geometry": {
        "type": "Polygon",
        "coordinates": [
          [
            [
              -9.1362305,
              38.73101949999999
            ],
            [
              -9.136121599999997,
              38.7310396
            ],
            [
              -9.1361163,
              38.7310145
            ],
            [
              -9.1360868,
              38.73101869999999
            ],
            [
              -9.1360519,
              38.73090359999999
            ],
            [
              -9.1361838,
              38.730884300000014
            ],
            [
              -9.1362305,
              38.73101949999999
            ]
          ]
        ]
      }
    },
    {
      "type": "Feature",
      "properties": {
        "area_id": "Alameda_Arro",
        "osm_uid": "cea/132",
        "osmid": "132",
        "element_type": "cea_zone",
        "building": "yes",
        "cea_name": "B1132",
        "intersection_area_m2": 168.8178209127675,
        "is_residential": true,
        "residential_source": "cea",
        "radiation_sum_kwh_year": 250081.41103125,
        "radiation_sum": 250081.41103125,
        "radiation_point_count": 281.0,
        "use_type1": "MULTI_RES",
        "use_type2": "NONE",
        "use_type3": "NONE",
        "resi_type": null,
        "comparison_status": "matched",
        "validation_radiation_kwh_year": 250081.41103125,
        "ucea_radiation_kwh_year": 287706.7200000002,
        "workflow0_radiation_kwh_year": 269686.88,
        "validation_area_m2": 168.8178209127675,
        "ucea_roofs_top_m2": 183.84,
        "err_ucea_minus_validation_kwh_year": 37625.30896875021,
        "err_ucea_abs_kwh_year": 37625.30896875021,
        "err_ucea_pct_of_validation": 0.1504522419863049,
        "err_ucea_area_minus_validation_m2": 15.022179087232502,
        "err_ucea_area_pct_of_validation": 0.08898455747154116,
        "err_workflow0_minus_validation_kwh_year": 19605.468968750007,
        "err_workflow0_abs_kwh_year": 19605.468968750007,
        "err_workflow0_pct_of_validation": 0.07839634656531956
      },
      "geometry": {
        "type": "Polygon",
        "coordinates": [
          [
            [
              -9.136015999999998,
              38.729987599999994
            ],
            [
              -9.135876999999999,
              38.729976999999984
            ],
            [
              -9.1358802,
              38.72985319999999
            ],
            [
              -9.136025099999998,
              38.72986579999999
            ],
            [
              -9.136015999999998,
              38.729987599999994
            ]
          ]
        ]
      }
    },
    {
      "type": "Feature",
      "properties": {
        "area_id": "Alameda_Arro",
        "osm_uid": "cea/133",
        "osmid": "133",
        "element_type": "cea_zone",
        "building": "yes",
        "cea_name": "B1133",
        "intersection_area_m2": 193.54003630017436,
        "is_residential": true,
        "residential_source": "cea",
        "radiation_sum_kwh_year": 335739.597296875,
        "radiation_sum": 335739.597296875,
        "radiation_point_count": 316.0,
        "use_type1": "MULTI_RES",
        "use_type2": "NONE",
        "use_type3": "NONE",
        "resi_type": null,
        "comparison_status": "matched",
        "validation_radiation_kwh_year": 335739.597296875,
        "ucea_radiation_kwh_year": 278164.2100000003,
        "workflow0_radiation_kwh_year": 311777.34999999974,
        "validation_area_m2": 193.54003630017436,
        "ucea_roofs_top_m2": 181.84,
        "err_ucea_minus_validation_kwh_year": -57575.38729687472,
        "err_ucea_abs_kwh_year": 57575.38729687472,
        "err_ucea_pct_of_validation": -0.17148822408923112,
        "err_ucea_area_minus_validation_m2": -11.70003630017436,
        "err_ucea_area_pct_of_validation": -0.06045279583407735,
        "err_workflow0_minus_validation_kwh_year": -23962.247296875285,
        "err_workflow0_abs_kwh_year": 23962.247296875285,
        "err_workflow0_pct_of_validation": -0.07137152569968344
      },
      "geometry": {
        "type": "Polygon",
        "coordinates": [
          [
            [
              -9.1360184,
              38.7304043
            ],
            [
              -9.135789,
              38.730416099999985
            ],
            [
              -9.1357956,
              38.73032849999999
            ],
            [
              -9.135797099999998,
              38.7303094
            ],
            [
              -9.135989599999998,
              38.730320799999994
            ],
            [
              -9.1360184,
              38.7304043
            ]
          ]
        ]
      }
    },
    {
      "type": "Feature",
      "properties": {
        "area_id": "Alameda_Arro",
        "osm_uid": "cea/134",
        "osmid": "134",
        "element_type": "cea_zone",
        "building": "yes",
        "cea_name": "B1134",
        "intersection_area_m2": 77.78683534127558,
        "is_residential": true,
        "residential_source": "cea",
        "radiation_sum_kwh_year": 114125.76421875,
        "radiation_sum": 114125.76421875,
        "radiation_point_count": 130.0,
        "use_type1": "MULTI_RES",
        "use_type2": "NONE",
        "use_type3": "NONE",
        "resi_type": null,
        "comparison_status": "matched",
        "validation_radiation_kwh_year": 114125.76421875,
        "ucea_radiation_kwh_year": 123216.67999999996,
        "workflow0_radiation_kwh_year": 108891.80000000032,
        "validation_area_m2": 77.78683534127558,
        "ucea_roofs_top_m2": 88.88,
        "err_ucea_minus_validation_kwh_year": 9090.915781249962,
        "err_ucea_abs_kwh_year": 9090.915781249962,
        "err_ucea_pct_of_validation": 0.07965699807998651,
        "err_ucea_area_minus_validation_m2": 11.093164658724419,
        "err_ucea_area_pct_of_validation": 0.14260979521862766,
        "err_workflow0_minus_validation_kwh_year": -5233.964218749679,
        "err_workflow0_abs_kwh_year": 5233.964218749679,
        "err_workflow0_pct_of_validation": -0.04586137279849889
      },
      "geometry": {
        "type": "Polygon",
        "coordinates": [
          [
            [
              -9.1364426,
              38.731089799999985
            ],
            [
              -9.136438299999998,
              38.7310738
            ],
            [
              -9.1364341,
              38.73105769999999
            ],
            [
              -9.1364298,
              38.7310417
            ],
            [
              -9.1366178,
              38.731043799999995
            ],
            [
              -9.1366182,
              38.7310843
            ],
            [
              -9.1364426,
              38.731089799999985
            ]
          ]
        ]
      }
    },
    {
      "type": "Feature",
      "properties": {
        "area_id": "Alameda_Arro",
        "osm_uid": "cea/135",
        "osmid": "135",
        "element_type": "cea_zone",
        "building": "yes",
        "cea_name": "B1135",
        "intersection_area_m2": 123.63433270842623,
        "is_residential": true,
        "residential_source": "cea",
        "radiation_sum_kwh_year": 271838.1561875,
        "radiation_sum": 271838.1561875,
        "radiation_point_count": 204.0,
        "use_type1": "MULTI_RES",
        "use_type2": "NONE",
        "use_type3": "NONE",
        "resi_type": null,
        "comparison_status": "matched",
        "validation_radiation_kwh_year": 271838.1561875,
        "ucea_radiation_kwh_year": 199301.30000000005,
        "workflow0_radiation_kwh_year": 198719.8000000002,
        "validation_area_m2": 123.63433270842623,
        "ucea_roofs_top_m2": 126.81,
        "err_ucea_minus_validation_kwh_year": -72536.85618749994,
        "err_ucea_abs_kwh_year": 72536.85618749994,
        "err_ucea_pct_of_validation": -0.26683839091914585,
        "err_ucea_area_minus_validation_m2": 3.175667291573774,
        "err_ucea_area_pct_of_validation": 0.025685966203765807,
        "err_workflow0_minus_validation_kwh_year": -73118.3561874998,
        "err_workflow0_abs_kwh_year": 73118.3561874998,
        "err_workflow0_pct_of_validation": -0.26897753138476455
      },
      "geometry": {
        "type": "Polygon",
        "coordinates": [
          [
            [
              -9.1356611,
              38.7302063
            ],
            [
              -9.1356536,
              38.73028790000001
            ],
            [
              -9.135497,
              38.730279199999984
            ],
            [
              -9.1355052,
              38.7301976
            ],
            [
              -9.1356611,
              38.7302063
            ]
          ]
        ]
      }
    },
    {
      "type": "Feature",
      "properties": {
        "area_id": "Alameda_Arro",
        "osm_uid": "cea/136",
        "osmid": "136",
        "element_type": "cea_zone",
        "building": "yes",
        "cea_name": "B1136",
        "intersection_area_m2": 121.79062277403958,
        "is_residential": true,
        "residential_source": "cea",
        "radiation_sum_kwh_year": 251526.621359375,
        "radiation_sum": 251526.621359375,
        "radiation_point_count": 201.0,
        "use_type1": "MULTI_RES",
        "use_type2": "NONE",
        "use_type3": "NONE",
        "resi_type": null,
        "comparison_status": "matched",
        "validation_radiation_kwh_year": 251526.621359375,
        "ucea_radiation_kwh_year": 211678.58999999965,
        "workflow0_radiation_kwh_year": 196836.24000000022,
        "validation_area_m2": 121.79062277403958,
        "ucea_roofs_top_m2": 138.02,
        "err_ucea_minus_validation_kwh_year": -39848.03135937537,
        "err_ucea_abs_kwh_year": 39848.03135937537,
        "err_ucea_pct_of_validation": -0.15842470726961932,
        "err_ucea_area_minus_validation_m2": 16.229377225960434,
        "err_ucea_area_pct_of_validation": 0.13325637767754173,
        "err_workflow0_minus_validation_kwh_year": -54690.38135937479,
        "err_workflow0_abs_kwh_year": 54690.38135937479,
        "err_workflow0_pct_of_validation": -0.21743376929169866
      },
      "geometry": {
        "type": "Polygon",
        "coordinates": [
          [
            [
              -9.1380532,
              38.72756879999999
            ],
            [
              -9.1380467,
              38.7276491
            ],
            [
              -9.1379082,
              38.7276412
            ],
            [
              -9.1379178,
              38.7275393
            ],
            [
              -9.1380532,
              38.72756879999999
            ]
          ]
        ]
      }
    },
    {
      "type": "Feature",
      "properties": {
        "area_id": "Alameda_Arro",
        "osm_uid": "cea/137",
        "osmid": "137",
        "element_type": "cea_zone",
        "building": "yes",
        "cea_name": "B1137",
        "intersection_area_m2": 123.12770617765561,
        "is_residential": true,
        "residential_source": "cea",
        "radiation_sum_kwh_year": 280254.864125,
        "radiation_sum": 280254.864125,
        "radiation_point_count": 201.0,
        "use_type1": "MULTI_RES",
        "use_type2": "NONE",
        "use_type3": "NONE",
        "resi_type": null,
        "comparison_status": "matched",
        "validation_radiation_kwh_year": 280254.864125,
        "ucea_radiation_kwh_year": 200989.7399999993,
        "workflow0_radiation_kwh_year": 197489.54000000007,
        "validation_area_m2": 123.12770617765561,
        "ucea_roofs_top_m2": 127.08,
        "err_ucea_minus_validation_kwh_year": -79265.12412500073,
        "err_ucea_abs_kwh_year": 79265.12412500073,
        "err_ucea_pct_of_validation": -0.28283228686316997,
        "err_ucea_area_minus_validation_m2": 3.9522938223443873,
        "err_ucea_area_pct_of_validation": 0.03209914279278292,
        "err_workflow0_minus_validation_kwh_year": -82765.32412499996,
        "err_workflow0_abs_kwh_year": 82765.32412499996,
        "err_workflow0_pct_of_validation": -0.29532163298362857
      },
      "geometry": {
        "type": "Polygon",
        "coordinates": [
          [
            [
              -9.1356568,
              38.73056449999999
            ],
            [
              -9.1356506,
              38.730632099999994
            ],
            [
              -9.1354626,
              38.73062169999999
            ],
            [
              -9.1354694,
              38.730553999999984
            ],
            [
              -9.1356568,
              38.73056449999999
            ]
          ]
        ]
      }
    },
    {
      "type": "Feature",
      "properties": {
        "area_id": "Alameda_Arro",
        "osm_uid": "cea/138",
        "osmid": "138",
        "element_type": "cea_zone",
        "building": "yes",
        "cea_name": "B1138",
        "intersection_area_m2": 129.1414904064885,
        "is_residential": true,
        "residential_source": "cea",
        "radiation_sum_kwh_year": 237968.44565625,
        "radiation_sum": 237968.44565625,
        "radiation_point_count": 216.0,
        "use_type1": "MULTI_RES",
        "use_type2": "NONE",
        "use_type3": "NONE",
        "resi_type": null,
        "comparison_status": "matched",
        "validation_radiation_kwh_year": 237968.44565625,
        "ucea_radiation_kwh_year": 206586.42000000004,
        "workflow0_radiation_kwh_year": 180652.44999999893,
        "validation_area_m2": 129.1414904064885,
        "ucea_roofs_top_m2": 133.71,
        "err_ucea_minus_validation_kwh_year": -31382.025656249956,
        "err_ucea_abs_kwh_year": 31382.025656249956,
        "err_ucea_pct_of_validation": -0.1318747347771557,
        "err_ucea_area_minus_validation_m2": 4.568509593511521,
        "err_ucea_area_pct_of_validation": 0.03537600177240935,
        "err_workflow0_minus_validation_kwh_year": -57315.99565625106,
        "err_workflow0_abs_kwh_year": 57315.99565625106,
        "err_workflow0_pct_of_validation": -0.24085544408288956
      },
      "geometry": {
        "type": "Polygon",
        "coordinates": [
          [
            [
              -9.1381268,
              38.727689599999984
            ],
            [
              -9.1381253,
              38.727705799999995
            ],
            [
              -9.138041799999998,
              38.72770100000001
            ],
            [
              -9.1380467,
              38.7276491
            ],
            [
              -9.1380532,
              38.72756879999999
            ],
            [
              -9.138156899999998,
              38.7275737
            ],
            [
              -9.1381455,
              38.72769069999999
            ],
            [
              -9.1381268,
              38.727689599999984
            ]
          ]
        ]
      }
    },
    {
      "type": "Feature",
      "properties": {
        "area_id": "Alameda_Arro",
        "osm_uid": "cea/139",
        "osmid": "139",
        "element_type": "cea_zone",
        "building": "yes",
        "cea_name": "B1139",
        "intersection_area_m2": 179.2154842543212,
        "is_residential": true,
        "residential_source": "cea",
        "radiation_sum_kwh_year": 392832.6900625,
        "radiation_sum": 392832.6900625,
        "radiation_point_count": 297.0,
        "use_type1": "MULTI_RES",
        "use_type2": "NONE",
        "use_type3": "NONE",
        "resi_type": null,
        "comparison_status": "matched",
        "validation_radiation_kwh_year": 392832.6900625,
        "ucea_radiation_kwh_year": 256358.40999999995,
        "workflow0_radiation_kwh_year": 283208.60999999853,
        "validation_area_m2": 179.2154842543212,
        "ucea_roofs_top_m2": 198.56,
        "err_ucea_minus_validation_kwh_year": -136474.28006250007,
        "err_ucea_abs_kwh_year": 136474.28006250007,
        "err_ucea_pct_of_validation": -0.34741070057277285,
        "err_ucea_area_minus_validation_m2": 19.34451574567879,
        "err_ucea_area_pct_of_validation": 0.10793997977444496,
        "err_workflow0_minus_validation_kwh_year": -109624.08006250148,
        "err_workflow0_abs_kwh_year": 109624.08006250148,
        "err_workflow0_pct_of_validation": -0.27906048258117266
      },
      "geometry": {
        "type": "Polygon",
        "coordinates": [
          [
            [
              -9.136003599999999,
              38.7301022
            ],
            [
              -9.135810499999998,
              38.73010430000001
            ],
            [
              -9.1358143,
              38.729999799999995
            ],
            [
              -9.1360074,
              38.7300145
            ],
            [
              -9.136003599999999,
              38.7301022
            ]
          ]
        ]
      }
    },
    {
      "type": "Feature",
      "properties": {
        "area_id": "Alameda_Arro",
        "osm_uid": "cea/140",
        "osmid": "140",
        "element_type": "cea_zone",
        "building": "yes",
        "cea_name": "B1140",
        "intersection_area_m2": 92.37894705501523,
        "is_residential": true,
        "residential_source": "cea",
        "radiation_sum_kwh_year": 154714.46752343752,
        "radiation_sum": 154714.46752343752,
        "radiation_point_count": 151.0,
        "use_type1": "MULTI_RES",
        "use_type2": "NONE",
        "use_type3": "NONE",
        "resi_type": null,
        "comparison_status": "matched",
        "validation_radiation_kwh_year": 154714.46752343752,
        "ucea_radiation_kwh_year": 130951.99000000038,
        "workflow0_radiation_kwh_year": 129467.53000000022,
        "validation_area_m2": 92.37894705501523,
        "ucea_roofs_top_m2": 95.0,
        "err_ucea_minus_validation_kwh_year": -23762.477523437134,
        "err_ucea_abs_kwh_year": 23762.477523437134,
        "err_ucea_pct_of_validation": -0.1535892402553587,
        "err_ucea_area_minus_validation_m2": 2.6210529449847684,
        "err_ucea_area_pct_of_validation": 0.028372838493426755,
        "err_workflow0_minus_validation_kwh_year": -25246.9375234373,
        "err_workflow0_abs_kwh_year": 25246.9375234373,
        "err_workflow0_pct_of_validation": -0.16318407662562437
      },
      "geometry": {
        "type": "Polygon",
        "coordinates": [
          [
            [
              -9.1352355,
              38.7280667
            ],
            [
              -9.135336699999998,
              38.72807469999998
            ],
            [
              -9.1353256,
              38.7281681
            ],
            [
              -9.135224299999999,
              38.7281608
            ],
            [
              -9.1352355,
              38.7280667
            ]
          ]
        ]
      }
    },
    {
      "type": "Feature",
      "properties": {
        "area_id": "Alameda_Arro",
        "osm_uid": "cea/141",
        "osmid": "141",
        "element_type": "cea_zone",
        "building": "yes",
        "cea_name": "B1141",
        "intersection_area_m2": 235.10205889188,
        "is_residential": true,
        "residential_source": "cea",
        "radiation_sum_kwh_year": 515781.0856875,
        "radiation_sum": 515781.0856875,
        "radiation_point_count": 388.0,
        "use_type1": "MULTI_RES",
        "use_type2": "NONE",
        "use_type3": "NONE",
        "resi_type": null,
        "comparison_status": "matched",
        "validation_radiation_kwh_year": 515781.0856875,
        "ucea_radiation_kwh_year": 380151.6300000015,
        "workflow0_radiation_kwh_year": 377348.200000002,
        "validation_area_m2": 235.10205889188,
        "ucea_roofs_top_m2": 245.5,
        "err_ucea_minus_validation_kwh_year": -135629.4556874985,
        "err_ucea_abs_kwh_year": 135629.4556874985,
        "err_ucea_pct_of_validation": -0.2629593435104623,
        "err_ucea_area_minus_validation_m2": 10.397941108119994,
        "err_ucea_area_pct_of_validation": 0.04422735027132134,
        "err_workflow0_minus_validation_kwh_year": -138432.88568749803,
        "err_workflow0_abs_kwh_year": 138432.88568749803,
        "err_workflow0_pct_of_validation": -0.26839465333044676
      },
      "geometry": {
        "type": "Polygon",
        "coordinates": [
          [
            [
              -9.1354824,
              38.73042430000001
            ],
            [
              -9.1356403,
              38.730433100000006
            ],
            [
              -9.135668699999998,
              38.73043469999998
            ],
            [
              -9.1356568,
              38.73056449999999
            ],
            [
              -9.1354694,
              38.730553999999984
            ],
            [
              -9.1354824,
              38.73042430000001
            ]
          ]
        ]
      }
    },
    {
      "type": "Feature",
      "properties": {
        "area_id": "Alameda_Arro",
        "osm_uid": "cea/142",
        "osmid": "142",
        "element_type": "cea_zone",
        "building": "yes",
        "cea_name": "B1142",
        "intersection_area_m2": 197.63386885071958,
        "is_residential": true,
        "residential_source": "cea",
        "radiation_sum_kwh_year": 350651.614203125,
        "radiation_sum": 350651.614203125,
        "radiation_point_count": 324.0,
        "use_type1": "MULTI_RES",
        "use_type2": "NONE",
        "use_type3": "NONE",
        "resi_type": null,
        "comparison_status": "matched",
        "validation_radiation_kwh_year": 350651.614203125,
        "ucea_radiation_kwh_year": 308096.4000000003,
        "workflow0_radiation_kwh_year": 304667.590000001,
        "validation_area_m2": 197.63386885071958,
        "ucea_roofs_top_m2": 201.4,
        "err_ucea_minus_validation_kwh_year": -42555.21420312469,
        "err_ucea_abs_kwh_year": 42555.21420312469,
        "err_ucea_pct_of_validation": -0.12136038301102291,
        "err_ucea_area_minus_validation_m2": 3.766131149280426,
        "err_ucea_area_pct_of_validation": 0.01905610192818281,
        "err_workflow0_minus_validation_kwh_year": -45984.02420312399,
        "err_workflow0_abs_kwh_year": 45984.02420312399,
        "err_workflow0_pct_of_validation": -0.13113877803649984
      },
      "geometry": {
        "type": "Polygon",
        "coordinates": [
          [
            [
              -9.1368013,
              38.7307437
            ],
            [
              -9.1368016,
              38.730755499999994
            ],
            [
              -9.1368019,
              38.7307679
            ],
            [
              -9.136804,
              38.73084559999999
            ],
            [
              -9.136805199999998,
              38.73089299999999
            ],
            [
              -9.1366682,
              38.7308953
            ],
            [
              -9.1366639,
              38.73074600000002
            ],
            [
              -9.136690899999998,
              38.7307456
            ],
            [
              -9.1368013,
              38.7307437
            ]
          ]
        ]
      }
    },
    {
      "type": "Feature",
      "properties": {
        "area_id": "Alameda_Arro",
        "osm_uid": "cea/143",
        "osmid": "143",
        "element_type": "cea_zone",
        "building": "yes",
        "cea_name": "B1143",
        "intersection_area_m2": 76.52304707760267,
        "is_residential": true,
        "residential_source": "cea",
        "radiation_sum_kwh_year": 128615.0791875,
        "radiation_sum": 128615.0791875,
        "radiation_point_count": 128.0,
        "use_type1": "MULTI_RES",
        "use_type2": "NONE",
        "use_type3": "NONE",
        "resi_type": null,
        "comparison_status": "matched",
        "validation_radiation_kwh_year": 128615.0791875,
        "ucea_radiation_kwh_year": 72962.53999999994,
        "workflow0_radiation_kwh_year": 79604.25000000006,
        "validation_area_m2": 76.52304707760267,
        "ucea_roofs_top_m2": 76.35,
        "err_ucea_minus_validation_kwh_year": -55652.539187500064,
        "err_ucea_abs_kwh_year": 55652.539187500064,
        "err_ucea_pct_of_validation": -0.43270617674905487,
        "err_ucea_area_minus_validation_m2": -0.1730470776026749,
        "err_ucea_area_pct_of_validation": -0.002261372020734961,
        "err_workflow0_minus_validation_kwh_year": -49010.82918749994,
        "err_workflow0_abs_kwh_year": 49010.82918749994,
        "err_workflow0_pct_of_validation": -0.38106596440414325
      },
      "geometry": {
        "type": "Polygon",
        "coordinates": [
          [
            [
              -9.1364426,
              38.731089799999985
            ],
            [
              -9.1366182,
              38.7310843
            ],
            [
              -9.136621499999999,
              38.73113320000001
            ],
            [
              -9.136458699999999,
              38.7311341
            ],
            [
              -9.136453700000002,
              38.731122600000006
            ],
            [
              -9.13645,
              38.73111169999999
            ],
            [
              -9.136446299999998,
              38.731100699999985
            ],
            [
              -9.1364426,
              38.731089799999985
            ]
          ]
        ]
      }
    },
    {
      "type": "Feature",
      "properties": {
        "area_id": "Alameda_Arro",
        "osm_uid": "cea/144",
        "osmid": "144",
        "element_type": "cea_zone",
        "building": "yes",
        "cea_name": "B1144",
        "intersection_area_m2": 90.47997126679904,
        "is_residential": true,
        "residential_source": "cea",
        "radiation_sum_kwh_year": 170866.3946875,
        "radiation_sum": 170866.3946875,
        "radiation_point_count": 136.0,
        "use_type1": "MULTI_RES",
        "use_type2": "NONE",
        "use_type3": "NONE",
        "resi_type": null,
        "comparison_status": "matched",
        "validation_radiation_kwh_year": 170866.3946875,
        "ucea_radiation_kwh_year": 111483.3299999999,
        "workflow0_radiation_kwh_year": 127461.01999999971,
        "validation_area_m2": 90.47997126679904,
        "ucea_roofs_top_m2": 91.23,
        "err_ucea_minus_validation_kwh_year": -59383.0646875001,
        "err_ucea_abs_kwh_year": 59383.0646875001,
        "err_ucea_pct_of_validation": -0.34754092398395037,
        "err_ucea_area_minus_validation_m2": 0.7500287332009634,
        "err_ucea_area_pct_of_validation": 0.008289444864978433,
        "err_workflow0_minus_validation_kwh_year": -43405.37468750028,
        "err_workflow0_abs_kwh_year": 43405.37468750028,
        "err_workflow0_pct_of_validation": -0.2540310794693421
      },
      "geometry": {
        "type": "Polygon",
        "coordinates": [
          [
            [
              -9.1368136,
              38.73121199999998
            ],
            [
              -9.1367087,
              38.731213699999984
            ],
            [
              -9.1367061,
              38.731124499999986
            ],
            [
              -9.136811200000002,
              38.73112259999999
            ],
            [
              -9.1368136,
              38.73121199999998
            ]
          ]
        ]
      }
    },
    {
      "type": "Feature",
      "properties": {
        "area_id": "Alameda_Arro",
        "osm_uid": "cea/145",
        "osmid": "145",
        "element_type": "cea_zone",
        "building": "yes",
        "cea_name": "B1145",
        "intersection_area_m2": 169.78396216718528,
        "is_residential": true,
        "residential_source": "cea",
        "radiation_sum_kwh_year": 279731.53484375,
        "radiation_sum": 279731.53484375,
        "radiation_point_count": 285.0,
        "use_type1": "MULTI_RES",
        "use_type2": "NONE",
        "use_type3": "NONE",
        "resi_type": null,
        "comparison_status": "matched",
        "validation_radiation_kwh_year": 279731.53484375,
        "ucea_radiation_kwh_year": 230648.95,
        "workflow0_radiation_kwh_year": 257912.12999999986,
        "validation_area_m2": 169.78396216718528,
        "ucea_roofs_top_m2": 196.7,
        "err_ucea_minus_validation_kwh_year": -49082.584843749995,
        "err_ucea_abs_kwh_year": 49082.584843749995,
        "err_ucea_pct_of_validation": -0.17546318069275285,
        "err_ucea_area_minus_validation_m2": 26.91603783281471,
        "err_ucea_area_pct_of_validation": 0.15853109733833778,
        "err_workflow0_minus_validation_kwh_year": -21819.404843750148,
        "err_workflow0_abs_kwh_year": 21819.404843750148,
        "err_workflow0_pct_of_validation": -0.07800123377558357
      },
      "geometry": {
        "type": "Polygon",
        "coordinates": [
          [
            [
              -9.1363058,
              38.73071600000001
            ],
            [
              -9.1362942,
              38.73068739999998
            ],
            [
              -9.136282599999998,
              38.7306588
            ],
            [
              -9.1365052,
              38.73066299999999
            ],
            [
              -9.136510599999998,
              38.73074720000001
            ],
            [
              -9.136317399999998,
              38.7307446
            ],
            [
              -9.1363058,
              38.73071600000001
            ]
          ]
        ]
      }
    },
    {
      "type": "Feature",
      "properties": {
        "area_id": "Alameda_Arro",
        "osm_uid": "cea/146",
        "osmid": "146",
        "element_type": "cea_zone",
        "building": "yes",
        "cea_name": "B1146",
        "intersection_area_m2": 117.91542114903876,
        "is_residential": true,
        "residential_source": "cea",
        "radiation_sum_kwh_year": 252538.768,
        "radiation_sum": 252538.768,
        "radiation_point_count": 196.0,
        "use_type1": "MULTI_RES",
        "use_type2": "NONE",
        "use_type3": "NONE",
        "resi_type": null,
        "comparison_status": "matched",
        "validation_radiation_kwh_year": 252538.768,
        "ucea_radiation_kwh_year": 190165.19999999995,
        "workflow0_radiation_kwh_year": 189528.66999999995,
        "validation_area_m2": 117.91542114903876,
        "ucea_roofs_top_m2": 120.93,
        "err_ucea_minus_validation_kwh_year": -62373.56800000006,
        "err_ucea_abs_kwh_year": 62373.56800000006,
        "err_ucea_pct_of_validation": -0.2469861102672365,
        "err_ucea_area_minus_validation_m2": 3.014578850961243,
        "err_ucea_area_pct_of_validation": 0.025565603053318845,
        "err_workflow0_minus_validation_kwh_year": -63010.098000000056,
        "err_workflow0_abs_kwh_year": 63010.098000000056,
        "err_workflow0_pct_of_validation": -0.24950663416557117
      },
      "geometry": {
        "type": "Polygon",
        "coordinates": [
          [
            [
              -9.135668199999998,
              38.73012809999999
            ],
            [
              -9.1356611,
              38.7302063
            ],
            [
              -9.1355052,
              38.7301976
            ],
            [
              -9.135513099999999,
              38.7301194
            ],
            [
              -9.135668199999998,
              38.73012809999999
            ]
          ]
        ]
      }
    },
    {
      "type": "Feature",
      "properties": {
        "area_id": "Alameda_Arro",
        "osm_uid": "cea/147",
        "osmid": "147",
        "element_type": "cea_zone",
        "building": "yes",
        "cea_name": "B1147",
        "intersection_area_m2": 839.2179546523089,
        "is_residential": true,
        "residential_source": "cea",
        "radiation_sum_kwh_year": 1723367.25090625,
        "radiation_sum": 1723367.25090625,
        "radiation_point_count": 1384.0,
        "use_type1": "MULTI_RES",
        "use_type2": "NONE",
        "use_type3": "NONE",
        "resi_type": null,
        "comparison_status": "matched",
        "validation_radiation_kwh_year": 1723367.25090625,
        "ucea_radiation_kwh_year": 1328276.3899999992,
        "workflow0_radiation_kwh_year": 1321641.6600000015,
        "validation_area_m2": 839.2179546523089,
        "ucea_roofs_top_m2": 838.55,
        "err_ucea_minus_validation_kwh_year": -395090.8609062508,
        "err_ucea_abs_kwh_year": 395090.8609062508,
        "err_ucea_pct_of_validation": -0.22925517512212693,
        "err_ucea_area_minus_validation_m2": -0.6679546523089357,
        "err_ucea_area_pct_of_validation": -0.000795925121246568,
        "err_workflow0_minus_validation_kwh_year": -401725.5909062484,
        "err_workflow0_abs_kwh_year": 401725.5909062484,
        "err_workflow0_pct_of_validation": -0.23310503939018046
      },
      "geometry": {
        "type": "Polygon",
        "coordinates": [
          [
            [
              -9.135682299999997,
              38.73069809999999
            ],
            [
              -9.1358054,
              38.730704899999985
            ],
            [
              -9.135873,
              38.7307087
            ],
            [
              -9.1358657,
              38.7307886
            ],
            [
              -9.1358974,
              38.730790400000004
            ],
            [
              -9.1358897,
              38.73087429999998
            ],
            [
              -9.135850499999998,
              38.7308721
            ],
            [
              -9.135845899999998,
              38.7309218
            ],
            [
              -9.1356724,
              38.73091209999999
            ],
            [
              -9.1356753,
              38.7308795
            ],
            [
              -9.1355896,
              38.73087249999999
            ],
            [
              -9.1355882,
              38.73090359999999
            ],
            [
              -9.135435,
              38.7308963
            ],
            [
              -9.1354561,
              38.73068649999999
            ],
            [
              -9.135644699999999,
              38.73069699999999
            ],
            [
              -9.1356415,
              38.7307323
            ],
            [
              -9.135679,
              38.730734399999996
            ],
            [
              -9.135682299999997,
              38.73069809999999
            ]
          ]
        ]
      }
    },
    {
      "type": "Feature",
      "properties": {
        "area_id": "Alameda_Arro",
        "osm_uid": "cea/148",
        "osmid": "148",
        "element_type": "cea_zone",
        "building": "yes",
        "cea_name": "B1148",
        "intersection_area_m2": 279.89362638914304,
        "is_residential": true,
        "residential_source": "cea",
        "radiation_sum_kwh_year": 509104.903609375,
        "radiation_sum": 509104.903609375,
        "radiation_point_count": 471.0,
        "use_type1": "MULTI_RES",
        "use_type2": "NONE",
        "use_type3": "NONE",
        "resi_type": null,
        "comparison_status": "matched",
        "validation_radiation_kwh_year": 509104.903609375,
        "ucea_radiation_kwh_year": 583164.9599999987,
        "workflow0_radiation_kwh_year": 441982.78000000026,
        "validation_area_m2": 279.89362638914304,
        "ucea_roofs_top_m2": 364.99,
        "err_ucea_minus_validation_kwh_year": 74060.05639062368,
        "err_ucea_abs_kwh_year": 74060.05639062368,
        "err_ucea_pct_of_validation": 0.14547111187805084,
        "err_ucea_area_minus_validation_m2": 85.09637361085697,
        "err_ucea_area_pct_of_validation": 0.3040311232115925,
        "err_workflow0_minus_validation_kwh_year": -67122.12360937474,
        "err_workflow0_abs_kwh_year": 67122.12360937474,
        "err_workflow0_pct_of_validation": -0.1318434042443953
      },
      "geometry": {
        "type": "Polygon",
        "coordinates": [
          [
            [
              -9.136811200000002,
              38.73112259999999
            ],
            [
              -9.1367061,
              38.731124499999986
            ],
            [
              -9.1367044,
              38.731065599999994
            ],
            [
              -9.136678699999997,
              38.7310661
            ],
            [
              -9.136677599999999,
              38.731027399999995
            ],
            [
              -9.1366471,
              38.7310279
            ],
            [
              -9.136646499999998,
              38.731006799999996
            ],
            [
              -9.1366755,
              38.731006199999996
            ],
            [
              -9.1366744,
              38.73096789999998
            ],
            [
              -9.1366983,
              38.730967499999984
            ],
            [
              -9.1366976,
              38.7309422
            ],
            [
              -9.136669499999998,
              38.7309427
            ],
            [
              -9.1366682,
              38.7308953
            ],
            [
              -9.136805199999998,
              38.73089299999999
            ],
            [
              -9.136805899999999,
              38.730919899999996
            ],
            [
              -9.1368067,
              38.73094909999999
            ],
            [
              -9.1368075,
              38.7309782
            ],
            [
              -9.136808199999999,
              38.731007399999996
            ],
            [
              -9.136809,
              38.731036499999995
            ],
            [
              -9.1368097,
              38.731065499999985
            ],
            [
              -9.136810499999998,
              38.73109469999998
            ],
            [
              -9.136811200000002,
              38.73112259999999
            ]
          ]
        ]
      }
    },
    {
      "type": "Feature",
      "properties": {
        "area_id": "Alameda_Arro",
        "osm_uid": "cea/149",
        "osmid": "149",
        "element_type": "cea_zone",
        "building": "yes",
        "cea_name": "B1149",
        "intersection_area_m2": 144.72140666415112,
        "is_residential": true,
        "residential_source": "cea",
        "radiation_sum_kwh_year": 291195.0145859375,
        "radiation_sum": 291195.0145859375,
        "radiation_point_count": 236.0,
        "use_type1": "MULTI_RES",
        "use_type2": "NONE",
        "use_type3": "NONE",
        "resi_type": null,
        "comparison_status": "matched",
        "validation_radiation_kwh_year": 291195.0145859375,
        "ucea_radiation_kwh_year": 126805.82999999997,
        "workflow0_radiation_kwh_year": 213260.45999999988,
        "validation_area_m2": 144.72140666415112,
        "ucea_roofs_top_m2": 86.83,
        "err_ucea_minus_validation_kwh_year": -164389.18458593753,
        "err_ucea_abs_kwh_year": 164389.18458593753,
        "err_ucea_pct_of_validation": -0.5645329636556088,
        "err_ucea_area_minus_validation_m2": -57.89140666415112,
        "err_ucea_area_pct_of_validation": -0.4000196515398532,
        "err_workflow0_minus_validation_kwh_year": -77934.55458593761,
        "err_workflow0_abs_kwh_year": 77934.55458593761,
        "err_workflow0_pct_of_validation": -0.26763698099967836
      },
      "geometry": {
        "type": "Polygon",
        "coordinates": [
          [
            [
              -9.135849,
              38.72975989999999
            ],
            [
              -9.1360134,
              38.72977119999999
            ],
            [
              -9.136033099999999,
              38.7297946
            ],
            [
              -9.136025099999998,
              38.72986579999999
            ],
            [
              -9.1358802,
              38.72985319999999
            ],
            [
              -9.1358829,
              38.729807199999996
            ],
            [
              -9.1358454,
              38.729800899999994
            ],
            [
              -9.135849,
              38.72975989999999
            ]
          ]
        ]
      }
    },
    {
      "type": "Feature",
      "properties": {
        "area_id": "Alameda_Arro",
        "osm_uid": "cea/150",
        "osmid": "150",
        "element_type": "cea_zone",
        "building": "yes",
        "cea_name": "B1150",
        "intersection_area_m2": 133.3868581506033,
        "is_residential": true,
        "residential_source": "cea",
        "radiation_sum_kwh_year": 230519.808859375,
        "radiation_sum": 230519.808859375,
        "radiation_point_count": 220.0,
        "use_type1": "MULTI_RES",
        "use_type2": "NONE",
        "use_type3": "NONE",
        "resi_type": null,
        "comparison_status": "matched",
        "validation_radiation_kwh_year": 230519.808859375,
        "ucea_radiation_kwh_year": 190935.77999999997,
        "workflow0_radiation_kwh_year": 203970.59000000032,
        "validation_area_m2": 133.3868581506033,
        "ucea_roofs_top_m2": 153.87,
        "err_ucea_minus_validation_kwh_year": -39584.028859375045,
        "err_ucea_abs_kwh_year": 39584.028859375045,
        "err_ucea_pct_of_validation": -0.17171638765119165,
        "err_ucea_area_minus_validation_m2": 20.483141849396702,
        "err_ucea_area_pct_of_validation": 0.15356191856824283,
        "err_workflow0_minus_validation_kwh_year": -26549.218859374698,
        "err_workflow0_abs_kwh_year": 26549.218859374698,
        "err_workflow0_pct_of_validation": -0.11517109523360151
      },
      "geometry": {
        "type": "Polygon",
        "coordinates": [
          [
            [
              -9.1361565,
              38.73114669999998
            ],
            [
              -9.136121599999997,
              38.7310396
            ],
            [
              -9.1362305,
              38.73101949999999
            ],
            [
              -9.136275,
              38.73114859999998
            ],
            [
              -9.136245,
              38.731148799999985
            ],
            [
              -9.1361565,
              38.73114669999998
            ]
          ]
        ]
      }
    },
    {
      "type": "Feature",
      "properties": {
        "area_id": "Alameda_Arro",
        "osm_uid": "cea/151",
        "osmid": "151",
        "element_type": "cea_zone",
        "building": "yes",
        "cea_name": "B1151",
        "intersection_area_m2": 233.58354042154716,
        "is_residential": true,
        "residential_source": "cea",
        "radiation_sum_kwh_year": 259415.5075,
        "radiation_sum": 259415.5075,
        "radiation_point_count": 383.0,
        "use_type1": "MULTI_RES",
        "use_type2": "NONE",
        "use_type3": "NONE",
        "resi_type": null,
        "comparison_status": "matched",
        "validation_radiation_kwh_year": 259415.5075,
        "ucea_radiation_kwh_year": 369953.8100000004,
        "workflow0_radiation_kwh_year": 370688.1499999995,
        "validation_area_m2": 233.58354042154716,
        "ucea_roofs_top_m2": 233.59,
        "err_ucea_minus_validation_kwh_year": 110538.3025000004,
        "err_ucea_abs_kwh_year": 110538.3025000004,
        "err_ucea_pct_of_validation": 0.42610522233332715,
        "err_ucea_area_minus_validation_m2": 0.006459578452847836,
        "err_ucea_area_pct_of_validation": 2.765425355395446e-05,
        "err_workflow0_minus_validation_kwh_year": 111272.64249999949,
        "err_workflow0_abs_kwh_year": 111272.64249999949,
        "err_workflow0_pct_of_validation": 0.42893597060692096
      },
      "geometry": {
        "type": "Polygon",
        "coordinates": [
          [
            [
              -9.1360868,
              38.73101869999999
            ],
            [
              -9.136000899999999,
              38.73103959999999
            ],
            [
              -9.1358454,
              38.73102080000001
            ],
            [
              -9.1358588,
              38.73093709999999
            ],
            [
              -9.1360306,
              38.73090729999999
            ],
            [
              -9.1360519,
              38.73090359999999
            ],
            [
              -9.1360868,
              38.73101869999999
            ]
          ]
        ]
      }
    },
    {
      "type": "Feature",
      "properties": {
        "area_id": "Alameda_Arro",
        "osm_uid": "cea/152",
        "osmid": "152",
        "element_type": "cea_zone",
        "building": "yes",
        "cea_name": "B1152",
        "intersection_area_m2": 163.78863525903387,
        "is_residential": true,
        "residential_source": "cea",
        "radiation_sum_kwh_year": 292206.98289843753,
        "radiation_sum": 292206.98289843753,
        "radiation_point_count": 269.0,
        "use_type1": "MULTI_RES",
        "use_type2": "NONE",
        "use_type3": "NONE",
        "resi_type": null,
        "comparison_status": "matched",
        "validation_radiation_kwh_year": 292206.98289843753,
        "ucea_radiation_kwh_year": 336505.9100000009,
        "workflow0_radiation_kwh_year": 223380.06999999977,
        "validation_area_m2": 163.78863525903387,
        "ucea_roofs_top_m2": 197.05,
        "err_ucea_minus_validation_kwh_year": 44298.92710156337,
        "err_ucea_abs_kwh_year": 44298.92710156337,
        "err_ucea_pct_of_validation": 0.15160119262776264,
        "err_ucea_area_minus_validation_m2": 33.261364740966144,
        "err_ucea_area_pct_of_validation": 0.20307492451086648,
        "err_workflow0_minus_validation_kwh_year": -68826.91289843776,
        "err_workflow0_abs_kwh_year": 68826.91289843776,
        "err_workflow0_pct_of_validation": -0.23554164317270937
      },
      "geometry": {
        "type": "Polygon",
        "coordinates": [
          [
            [
              -9.134901199999998,
              38.728063500000005
            ],
            [
              -9.1349133,
              38.72805209999999
            ],
            [
              -9.1349301,
              38.72804519999999
            ],
            [
              -9.1349489,
              38.7280439
            ],
            [
              -9.135047,
              38.728051699999995
            ],
            [
              -9.1350851,
              38.72805489999999
            ],
            [
              -9.1350791,
              38.7281172
            ],
            [
              -9.135076399999999,
              38.72813829999999
            ],
            [
              -9.1350048,
              38.728131999999995
            ],
            [
              -9.1350059,
              38.72812149999999
            ],
            [
              -9.1349809,
              38.728119199999995
            ],
            [
              -9.1349783,
              38.72815289999999
            ],
            [
              -9.1348888,
              38.728148000000004
            ],
            [
              -9.134895799999999,
              38.72807769999999
            ],
            [
              -9.134901199999998,
              38.728063500000005
            ]
          ]
        ]
      }
    },
    {
      "type": "Feature",
      "properties": {
        "area_id": "Alameda_Arro",
        "osm_uid": "cea/153",
        "osmid": "153",
        "element_type": "cea_zone",
        "building": "yes",
        "cea_name": "B1153",
        "intersection_area_m2": 342.10755299320437,
        "is_residential": true,
        "residential_source": "cea",
        "radiation_sum_kwh_year": 602181.0943125,
        "radiation_sum": 602181.0943125,
        "radiation_point_count": 564.0,
        "use_type1": "MULTI_RES",
        "use_type2": "NONE",
        "use_type3": "NONE",
        "resi_type": null,
        "comparison_status": "matched",
        "validation_radiation_kwh_year": 602181.0943125,
        "ucea_radiation_kwh_year": 777066.0100000015,
        "workflow0_radiation_kwh_year": 544481.0299999999,
        "validation_area_m2": 342.10755299320437,
        "ucea_roofs_top_m2": 512.36,
        "err_ucea_minus_validation_kwh_year": 174884.91568750155,
        "err_ucea_abs_kwh_year": 174884.91568750155,
        "err_ucea_pct_of_validation": 0.29041914025408705,
        "err_ucea_area_minus_validation_m2": 170.25244700679565,
        "err_ucea_area_pct_of_validation": 0.49765766793864835,
        "err_workflow0_minus_validation_kwh_year": -57700.064312500064,
        "err_workflow0_abs_kwh_year": 57700.064312500064,
        "err_workflow0_pct_of_validation": -0.09581845869534522
      },
      "geometry": {
        "type": "Polygon",
        "coordinates": [
          [
            [
              -9.137147800000001,
              38.7273346
            ],
            [
              -9.137096099999999,
              38.7273024
            ],
            [
              -9.1370581,
              38.7273248
            ],
            [
              -9.1370613,
              38.72736179999999
            ],
            [
              -9.1369429,
              38.7273638
            ],
            [
              -9.136942,
              38.7273293
            ],
            [
              -9.1369407,
              38.7272804
            ],
            [
              -9.1369394,
              38.7272306
            ],
            [
              -9.136938799999998,
              38.72720549999999
            ],
            [
              -9.1369882,
              38.727187099999995
            ],
            [
              -9.1370369,
              38.7271693
            ],
            [
              -9.1370755,
              38.72719260000001
            ],
            [
              -9.1372162,
              38.7272778
            ],
            [
              -9.1371873,
              38.72731579999999
            ],
            [
              -9.137184999999999,
              38.7273535
            ],
            [
              -9.1371483,
              38.72735439999999
            ],
            [
              -9.137147800000001,
              38.7273346
            ]
          ]
        ]
      }
    },
    {
      "type": "Feature",
      "properties": {
        "area_id": "Alameda_Arro",
        "osm_uid": "cea/154",
        "osmid": "154",
        "element_type": "cea_zone",
        "building": "yes",
        "cea_name": "B1154",
        "intersection_area_m2": 91.18372160661121,
        "is_residential": true,
        "residential_source": "cea",
        "radiation_sum_kwh_year": 176071.532078125,
        "radiation_sum": 176071.532078125,
        "radiation_point_count": 151.0,
        "use_type1": "MULTI_RES",
        "use_type2": "NONE",
        "use_type3": "NONE",
        "resi_type": null,
        "comparison_status": "matched",
        "validation_radiation_kwh_year": 176071.532078125,
        "ucea_radiation_kwh_year": 145864.5300000003,
        "workflow0_radiation_kwh_year": 147508.46,
        "validation_area_m2": 91.18372160661121,
        "ucea_roofs_top_m2": 93.07,
        "err_ucea_minus_validation_kwh_year": -30207.0020781247,
        "err_ucea_abs_kwh_year": 30207.0020781247,
        "err_ucea_pct_of_validation": -0.1715609657143297,
        "err_ucea_area_minus_validation_m2": 1.8862783933887783,
        "err_ucea_area_pct_of_validation": 0.020686569490184253,
        "err_workflow0_minus_validation_kwh_year": -28563.072078125,
        "err_workflow0_abs_kwh_year": 28563.072078125,
        "err_workflow0_pct_of_validation": -0.16222424909355154
      },
      "geometry": {
        "type": "Polygon",
        "coordinates": [
          [
            [
              -9.1354476,
              38.7280835
            ],
            [
              -9.13544,
              38.728148299999994
            ],
            [
              -9.1354392,
              38.728161799999995
            ],
            [
              -9.135366299999998,
              38.72815849999999
            ],
            [
              -9.1353648,
              38.72817100000001
            ],
            [
              -9.1353256,
              38.7281681
            ],
            [
              -9.135336699999998,
              38.72807469999998
            ],
            [
              -9.1354476,
              38.7280835
            ]
          ]
        ]
      }
    },
    {
      "type": "Feature",
      "properties": {
        "area_id": "Alameda_Arro",
        "osm_uid": "cea/155",
        "osmid": "155",
        "element_type": "cea_zone",
        "building": "yes",
        "cea_name": "B1155",
        "intersection_area_m2": 73.35509259867462,
        "is_residential": true,
        "residential_source": "cea",
        "radiation_sum_kwh_year": 76975.622859375,
        "radiation_sum": 76975.622859375,
        "radiation_point_count": 122.0,
        "use_type1": "MULTI_RES",
        "use_type2": "NONE",
        "use_type3": "NONE",
        "resi_type": null,
        "comparison_status": "matched",
        "validation_radiation_kwh_year": 76975.622859375,
        "ucea_radiation_kwh_year": 109243.26999999974,
        "workflow0_radiation_kwh_year": 107867.89999999994,
        "validation_area_m2": 73.35509259867462,
        "ucea_roofs_top_m2": 79.54,
        "err_ucea_minus_validation_kwh_year": 32267.647140624744,
        "err_ucea_abs_kwh_year": 32267.647140624744,
        "err_ucea_pct_of_validation": 0.41919306323215816,
        "err_ucea_area_minus_validation_m2": 6.18490740132539,
        "err_ucea_area_pct_of_validation": 0.08431462877653213,
        "err_workflow0_minus_validation_kwh_year": 30892.277140624938,
        "err_workflow0_abs_kwh_year": 30892.277140624938,
        "err_workflow0_pct_of_validation": 0.40132545854239243
      },
      "geometry": {
        "type": "Polygon",
        "coordinates": [
          [
            [
              -9.1363925,
              38.730953799999995
            ],
            [
              -9.1363863,
              38.7309385
            ],
            [
              -9.13638,
              38.73092309999999
            ],
            [
              -9.1363738,
              38.73090779999999
            ],
            [
              -9.136516299999998,
              38.73090440000001
            ],
            [
              -9.1365481,
              38.730903599999984
            ],
            [
              -9.136548599999998,
              38.73094919999999
            ],
            [
              -9.1363925,
              38.730953799999995
            ]
          ]
        ]
      }
    },
    {
      "type": "Feature",
      "properties": {
        "area_id": "Alameda_Arro",
        "osm_uid": "cea/156",
        "osmid": "156",
        "element_type": "cea_zone",
        "building": "yes",
        "cea_name": "B1156",
        "intersection_area_m2": 138.18625203033554,
        "is_residential": true,
        "residential_source": "cea",
        "radiation_sum_kwh_year": 222034.37351562502,
        "radiation_sum": 222034.37351562502,
        "radiation_point_count": 227.0,
        "use_type1": "MULTI_RES",
        "use_type2": "NONE",
        "use_type3": "NONE",
        "resi_type": null,
        "comparison_status": "matched",
        "validation_radiation_kwh_year": 222034.37351562502,
        "ucea_radiation_kwh_year": 240446.97999999972,
        "workflow0_radiation_kwh_year": 212491.2099999993,
        "validation_area_m2": 138.18625203033554,
        "ucea_roofs_top_m2": 153.17,
        "err_ucea_minus_validation_kwh_year": 18412.6064843747,
        "err_ucea_abs_kwh_year": 18412.6064843747,
        "err_ucea_pct_of_validation": 0.08292682881859717,
        "err_ucea_area_minus_validation_m2": 14.98374796966445,
        "err_ucea_area_pct_of_validation": 0.1084315389520451,
        "err_workflow0_minus_validation_kwh_year": -9543.163515625725,
        "err_workflow0_abs_kwh_year": 9543.163515625725,
        "err_workflow0_pct_of_validation": -0.04298056811890053
      },
      "geometry": {
        "type": "Polygon",
        "coordinates": [
          [
            [
              -9.1361838,
              38.730884300000014
            ],
            [
              -9.1360519,
              38.73090359999999
            ],
            [
              -9.1360306,
              38.73090729999999
            ],
            [
              -9.136008999999998,
              38.7308178
            ],
            [
              -9.1361509,
              38.73078869999999
            ],
            [
              -9.1361838,
              38.730884300000014
            ]
          ]
        ]
      }
    },
    {
      "type": "Feature",
      "properties": {
        "area_id": "Alameda_Arro",
        "osm_uid": "cea/157",
        "osmid": "157",
        "element_type": "cea_zone",
        "building": "yes",
        "cea_name": "B1157",
        "intersection_area_m2": 203.42534330925858,
        "is_residential": true,
        "residential_source": "cea",
        "radiation_sum_kwh_year": 451191.38553125004,
        "radiation_sum": 451191.38553125004,
        "radiation_point_count": 334.0,
        "use_type1": "MULTI_RES",
        "use_type2": "NONE",
        "use_type3": "NONE",
        "resi_type": null,
        "comparison_status": "matched",
        "validation_radiation_kwh_year": 451191.38553125004,
        "ucea_radiation_kwh_year": 324178.5899999993,
        "workflow0_radiation_kwh_year": 322245.7100000002,
        "validation_area_m2": 203.42534330925858,
        "ucea_roofs_top_m2": 206.94,
        "err_ucea_minus_validation_kwh_year": -127012.79553125071,
        "err_ucea_abs_kwh_year": 127012.79553125071,
        "err_ucea_pct_of_validation": -0.281505364695075,
        "err_ucea_area_minus_validation_m2": 3.5146566907414183,
        "err_ucea_area_pct_of_validation": 0.01727737868628414,
        "err_workflow0_minus_validation_kwh_year": -128945.67553124984,
        "err_workflow0_abs_kwh_year": 128945.67553124984,
        "err_workflow0_pct_of_validation": -0.2857893117339203
      },
      "geometry": {
        "type": "Polygon",
        "coordinates": [
          [
            [
              -9.1355882,
              38.73090359999999
            ],
            [
              -9.1355774,
              38.73104060000001
            ],
            [
              -9.1354215,
              38.7310309
            ],
            [
              -9.135435,
              38.7308963
            ],
            [
              -9.1355882,
              38.73090359999999
            ]
          ]
        ]
      }
    },
    {
      "type": "Feature",
      "properties": {
        "area_id": "Alameda_Arro",
        "osm_uid": "cea/158",
        "osmid": "158",
        "element_type": "cea_zone",
        "building": "yes",
        "cea_name": "B1158",
        "intersection_area_m2": 139.15370311763175,
        "is_residential": true,
        "residential_source": "cea",
        "radiation_sum_kwh_year": 285832.46071875,
        "radiation_sum": 285832.46071875,
        "radiation_point_count": 228.0,
        "use_type1": "MULTI_RES",
        "use_type2": "NONE",
        "use_type3": "NONE",
        "resi_type": null,
        "comparison_status": "matched",
        "validation_radiation_kwh_year": 285832.46071875,
        "ucea_radiation_kwh_year": 223576.94000000003,
        "workflow0_radiation_kwh_year": 222395.8399999996,
        "validation_area_m2": 139.15370311763175,
        "ucea_roofs_top_m2": 143.88,
        "err_ucea_minus_validation_kwh_year": -62255.52071874999,
        "err_ucea_abs_kwh_year": 62255.52071874999,
        "err_ucea_pct_of_validation": -0.21780423595767673,
        "err_ucea_area_minus_validation_m2": 4.726296882368246,
        "err_ucea_area_pct_of_validation": 0.03396457856657205,
        "err_workflow0_minus_validation_kwh_year": -63436.62071875043,
        "err_workflow0_abs_kwh_year": 63436.62071875043,
        "err_workflow0_pct_of_validation": -0.22193637685248785
      },
      "geometry": {
        "type": "Polygon",
        "coordinates": [
          [
            [
              -9.135694,
              38.7299561
            ],
            [
              -9.135686,
              38.730043599999995
            ],
            [
              -9.135521599999999,
              38.73003440000001
            ],
            [
              -9.1355304,
              38.7299469
            ],
            [
              -9.135694,
              38.7299561
            ]
          ]
        ]
      }
    },
    {
      "type": "Feature",
      "properties": {
        "area_id": "Alameda_Arro",
        "osm_uid": "cea/159",
        "osmid": "159",
        "element_type": "cea_zone",
        "building": "yes",
        "cea_name": "B1159",
        "intersection_area_m2": 106.10968311892368,
        "is_residential": true,
        "residential_source": "cea",
        "radiation_sum_kwh_year": 97740.495046875,
        "radiation_sum": 97740.495046875,
        "radiation_point_count": 179.0,
        "use_type1": "MULTI_RES",
        "use_type2": "NONE",
        "use_type3": "NONE",
        "resi_type": null,
        "comparison_status": "matched",
        "validation_radiation_kwh_year": 97740.495046875,
        "ucea_radiation_kwh_year": 159037.65000000037,
        "workflow0_radiation_kwh_year": 162277.19999999992,
        "validation_area_m2": 106.10968311892368,
        "ucea_roofs_top_m2": 106.11,
        "err_ucea_minus_validation_kwh_year": 61297.15495312537,
        "err_ucea_abs_kwh_year": 61297.15495312537,
        "err_ucea_pct_of_validation": 0.6271418507111929,
        "err_ucea_area_minus_validation_m2": 0.0003168810763156671,
        "err_ucea_area_pct_of_validation": 2.986353997123136e-06,
        "err_workflow0_minus_validation_kwh_year": 64536.70495312492,
        "err_workflow0_abs_kwh_year": 64536.70495312492,
        "err_workflow0_pct_of_validation": 0.6602862500560694
      },
      "geometry": {
        "type": "Polygon",
        "coordinates": [
          [
            [
              -9.1357956,
              38.73032849999999
            ],
            [
              -9.135789,
              38.730416099999985
            ],
            [
              -9.1356657,
              38.73042029999999
            ],
            [
              -9.1356737,
              38.730328199999995
            ],
            [
              -9.1357956,
              38.73032849999999
            ]
          ]
        ]
      }
    },
    {
      "type": "Feature",
      "properties": {
        "area_id": "Alameda_Arro",
        "osm_uid": "cea/160",
        "osmid": "160",
        "element_type": "cea_zone",
        "building": "yes",
        "cea_name": "B1160",
        "intersection_area_m2": 166.4143847615014,
        "is_residential": true,
        "residential_source": "cea",
        "radiation_sum_kwh_year": 319683.892625,
        "radiation_sum": 319683.892625,
        "radiation_point_count": 274.0,
        "use_type1": "MULTI_RES",
        "use_type2": "NONE",
        "use_type3": "NONE",
        "resi_type": null,
        "comparison_status": "matched",
        "validation_radiation_kwh_year": 319683.892625,
        "ucea_radiation_kwh_year": 294044.3300000004,
        "workflow0_radiation_kwh_year": 260954.29000000027,
        "validation_area_m2": 166.4143847615014,
        "ucea_roofs_top_m2": 186.52,
        "err_ucea_minus_validation_kwh_year": -25639.562624999555,
        "err_ucea_abs_kwh_year": 25639.562624999555,
        "err_ucea_pct_of_validation": -0.08020286043962693,
        "err_ucea_area_minus_validation_m2": 20.105615238498615,
        "err_ucea_area_pct_of_validation": 0.12081657043838608,
        "err_workflow0_minus_validation_kwh_year": -58729.60262499971,
        "err_workflow0_abs_kwh_year": 58729.60262499971,
        "err_workflow0_pct_of_validation": -0.18371148493831535
      },
      "geometry": {
        "type": "Polygon",
        "coordinates": [
          [
            [
              -9.1379236,
              38.727243099999995
            ],
            [
              -9.1379254,
              38.72733519999999
            ],
            [
              -9.137924,
              38.7273538
            ],
            [
              -9.1378972,
              38.7273538
            ],
            [
              -9.137805999999998,
              38.7273308
            ],
            [
              -9.1377981,
              38.7272046
            ],
            [
              -9.1379228,
              38.72720189999998
            ],
            [
              -9.1379236,
              38.727243099999995
            ]
          ]
        ]
      }
    },
    {
      "type": "Feature",
      "properties": {
        "area_id": "Alameda_Arro",
        "osm_uid": "cea/162",
        "osmid": "162",
        "element_type": "cea_zone",
        "building": "yes",
        "cea_name": "B1162",
        "intersection_area_m2": 304.4908286610533,
        "is_residential": true,
        "residential_source": "cea",
        "radiation_sum_kwh_year": 401808.494859375,
        "radiation_sum": 401808.494859375,
        "radiation_point_count": 503.0,
        "use_type1": "MULTI_RES",
        "use_type2": "NONE",
        "use_type3": "NONE",
        "resi_type": null,
        "comparison_status": "matched",
        "validation_radiation_kwh_year": 401808.494859375,
        "ucea_radiation_kwh_year": 441955.5499999988,
        "workflow0_radiation_kwh_year": 447144.59999999986,
        "validation_area_m2": 304.4908286610533,
        "ucea_roofs_top_m2": 305.66,
        "err_ucea_minus_validation_kwh_year": 40147.05514062382,
        "err_ucea_abs_kwh_year": 40147.05514062382,
        "err_ucea_pct_of_validation": 0.09991589439808757,
        "err_ucea_area_minus_validation_m2": 1.1691713389467395,
        "err_ucea_area_pct_of_validation": 0.0038397588002501487,
        "err_workflow0_minus_validation_kwh_year": 45336.10514062486,
        "err_workflow0_abs_kwh_year": 45336.10514062486,
        "err_workflow0_pct_of_validation": 0.11283013107149861
      },
      "geometry": {
        "type": "Polygon",
        "coordinates": [
          [
            [
              -9.1355774,
              38.73104060000001
            ],
            [
              -9.1355882,
              38.73090359999999
            ],
            [
              -9.1356724,
              38.73091209999999
            ],
            [
              -9.135845899999998,
              38.7309218
            ],
            [
              -9.1358588,
              38.7309224
            ],
            [
              -9.1358588,
              38.73093709999999
            ],
            [
              -9.1358454,
              38.73102080000001
            ],
            [
              -9.1357287,
              38.73101340000001
            ],
            [
              -9.1357268,
              38.73104409999999
            ],
            [
              -9.1355774,
              38.73104060000001
            ]
          ]
        ]
      }
    },
    {
      "type": "Feature",
      "properties": {
        "area_id": "Alameda_Arro",
        "osm_uid": "cea/164",
        "osmid": "164",
        "element_type": "cea_zone",
        "building": "yes",
        "cea_name": "B1164",
        "intersection_area_m2": 153.68631814167676,
        "is_residential": true,
        "residential_source": "cea",
        "radiation_sum_kwh_year": 212062.6276171875,
        "radiation_sum": 212062.6276171875,
        "radiation_point_count": 258.0,
        "use_type1": "MULTI_RES",
        "use_type2": "NONE",
        "use_type3": "NONE",
        "resi_type": null,
        "comparison_status": "matched",
        "validation_radiation_kwh_year": 212062.6276171875,
        "ucea_radiation_kwh_year": 252382.71999999942,
        "workflow0_radiation_kwh_year": 237360.06999999975,
        "validation_area_m2": 153.68631814167676,
        "ucea_roofs_top_m2": 165.13,
        "err_ucea_minus_validation_kwh_year": 40320.09238281191,
        "err_ucea_abs_kwh_year": 40320.09238281191,
        "err_ucea_pct_of_validation": 0.19013294721405216,
        "err_ucea_area_minus_validation_m2": 11.443681858323231,
        "err_ucea_area_pct_of_validation": 0.07446129230432728,
        "err_workflow0_minus_validation_kwh_year": 25297.442382812238,
        "err_workflow0_abs_kwh_year": 25297.442382812238,
        "err_workflow0_pct_of_validation": 0.11929231787356152
      },
      "geometry": {
        "type": "Polygon",
        "coordinates": [
          [
            [
              -9.136355,
              38.730857599999986
            ],
            [
              -9.1363496,
              38.7308419
            ],
            [
              -9.1363443,
              38.7308262
            ],
            [
              -9.1363389,
              38.73081049999998
            ],
            [
              -9.1363335,
              38.73079479999999
            ],
            [
              -9.1365991,
              38.7307979
            ],
            [
              -9.1366018,
              38.730859699999996
            ],
            [
              -9.136514599999998,
              38.730858999999995
            ],
            [
              -9.136355,
              38.730857599999986
            ]
          ]
        ]
      }
    },
    {
      "type": "Feature",
      "properties": {
        "area_id": "Alameda_Arro",
        "osm_uid": "cea/165",
        "osmid": "165",
        "element_type": "cea_zone",
        "building": "yes",
        "cea_name": "B1165",
        "intersection_area_m2": 146.52929278760962,
        "is_residential": true,
        "residential_source": "cea",
        "radiation_sum_kwh_year": 290355.7864765625,
        "radiation_sum": 290355.7864765625,
        "radiation_point_count": 239.0,
        "use_type1": "MULTI_RES",
        "use_type2": "NONE",
        "use_type3": "NONE",
        "resi_type": null,
        "comparison_status": "matched",
        "validation_radiation_kwh_year": 290355.7864765625,
        "ucea_radiation_kwh_year": 270173.03,
        "workflow0_radiation_kwh_year": 230575.88000000027,
        "validation_area_m2": 146.52929278760962,
        "ucea_roofs_top_m2": 172.03,
        "err_ucea_minus_validation_kwh_year": -20182.75647656247,
        "err_ucea_abs_kwh_year": 20182.75647656247,
        "err_ucea_pct_of_validation": -0.0695104331188923,
        "err_ucea_area_minus_validation_m2": 25.50070721239038,
        "err_ucea_area_pct_of_validation": 0.17403146311060813,
        "err_workflow0_minus_validation_kwh_year": -59779.90647656223,
        "err_workflow0_abs_kwh_year": 59779.90647656223,
        "err_workflow0_pct_of_validation": -0.20588501852153604
      },
      "geometry": {
        "type": "Polygon",
        "coordinates": [
          [
            [
              -9.135712699999997,
              38.7297505
            ],
            [
              -9.135849,
              38.72975989999999
            ],
            [
              -9.1358454,
              38.729800899999994
            ],
            [
              -9.1358406,
              38.7298524
            ],
            [
              -9.135798699999999,
              38.729849999999985
            ],
            [
              -9.1357956,
              38.7298831
            ],
            [
              -9.135734399999999,
              38.7298796
            ],
            [
              -9.1357365,
              38.72985719999999
            ],
            [
              -9.1357033,
              38.7298553
            ],
            [
              -9.1357038,
              38.72984939999999
            ],
            [
              -9.135712699999997,
              38.7297505
            ]
          ]
        ]
      }
    },
    {
      "type": "Feature",
      "properties": {
        "area_id": "Alameda_Arro",
        "osm_uid": "cea/166",
        "osmid": "166",
        "element_type": "cea_zone",
        "building": "yes",
        "cea_name": "B1166",
        "intersection_area_m2": 130.4846985104629,
        "is_residential": true,
        "residential_source": "cea",
        "radiation_sum_kwh_year": 233301.53437500002,
        "radiation_sum": 233301.53437500002,
        "radiation_point_count": 215.0,
        "use_type1": "MULTI_RES",
        "use_type2": "NONE",
        "use_type3": "NONE",
        "resi_type": null,
        "comparison_status": "matched",
        "validation_radiation_kwh_year": 233301.53437500002,
        "ucea_radiation_kwh_year": 215361.0699999994,
        "workflow0_radiation_kwh_year": 171870.12999999992,
        "validation_area_m2": 130.4846985104629,
        "ucea_roofs_top_m2": 155.36,
        "err_ucea_minus_validation_kwh_year": -17940.46437500062,
        "err_ucea_abs_kwh_year": 17940.46437500062,
        "err_ucea_pct_of_validation": -0.07689818424496,
        "err_ucea_area_minus_validation_m2": 24.875301489537122,
        "err_ucea_area_pct_of_validation": 0.1906376898862398,
        "err_workflow0_minus_validation_kwh_year": -61431.4043750001,
        "err_workflow0_abs_kwh_year": 61431.4043750001,
        "err_workflow0_pct_of_validation": -0.26331333199145446
      },
      "geometry": {
        "type": "Polygon",
        "coordinates": [
          [
            [
              -9.136321399999998,
              38.730757199999985
            ],
            [
              -9.136317399999998,
              38.7307446
            ],
            [
              -9.136510599999998,
              38.73074720000001
            ],
            [
              -9.136510599999998,
              38.73077179999999
            ],
            [
              -9.1365857,
              38.7307718
            ],
            [
              -9.1365857,
              38.7307482
            ],
            [
              -9.1366339,
              38.73074879999999
            ],
            [
              -9.1366339,
              38.73079829999999
            ],
            [
              -9.1365991,
              38.7307979
            ],
            [
              -9.1363335,
              38.73079479999999
            ],
            [
              -9.136329499999999,
              38.73078229999998
            ],
            [
              -9.1363255,
              38.730769699999996
            ],
            [
              -9.136321399999998,
              38.730757199999985
            ]
          ]
        ]
      }
    },
    {
      "type": "Feature",
      "properties": {
        "area_id": "Alameda_Arro",
        "osm_uid": "cea/167",
        "osmid": "167",
        "element_type": "cea_zone",
        "building": "yes",
        "cea_name": "B1167",
        "intersection_area_m2": 145.49714537809334,
        "is_residential": true,
        "residential_source": "cea",
        "radiation_sum_kwh_year": 282950.994625,
        "radiation_sum": 282950.994625,
        "radiation_point_count": 240.0,
        "use_type1": "MULTI_RES",
        "use_type2": "NONE",
        "use_type3": "NONE",
        "resi_type": null,
        "comparison_status": "matched",
        "validation_radiation_kwh_year": 282950.994625,
        "ucea_radiation_kwh_year": 202284.37999999977,
        "workflow0_radiation_kwh_year": 197258.77,
        "validation_area_m2": 145.49714537809334,
        "ucea_roofs_top_m2": 162.12,
        "err_ucea_minus_validation_kwh_year": -80666.61462500022,
        "err_ucea_abs_kwh_year": 80666.61462500022,
        "err_ucea_pct_of_validation": -0.2850904084359524,
        "err_ucea_area_minus_validation_m2": 16.62285462190667,
        "err_ucea_area_pct_of_validation": 0.11424866500789421,
        "err_workflow0_minus_validation_kwh_year": -85692.224625,
        "err_workflow0_abs_kwh_year": 85692.224625,
        "err_workflow0_pct_of_validation": -0.30285182329388677
      },
      "geometry": {
        "type": "Polygon",
        "coordinates": [
          [
            [
              -9.135712699999997,
              38.7297505
            ],
            [
              -9.1357038,
              38.72984939999999
            ],
            [
              -9.1356593,
              38.72984689999999
            ],
            [
              -9.135661299999999,
              38.7298245
            ],
            [
              -9.13561,
              38.7298216
            ],
            [
              -9.135608,
              38.7298441
            ],
            [
              -9.1355411,
              38.7298403
            ],
            [
              -9.1355501,
              38.7297506
            ],
            [
              -9.135561199999998,
              38.72973999999999
            ],
            [
              -9.135712699999997,
              38.7297505
            ]
          ]
        ]
      }
    },
    {
      "type": "Feature",
      "properties": {
        "area_id": "Alameda_Arro",
        "osm_uid": "cea/168",
        "osmid": "168",
        "element_type": "cea_zone",
        "building": "yes",
        "cea_name": "B1168",
        "intersection_area_m2": 182.6915522241436,
        "is_residential": true,
        "residential_source": "cea",
        "radiation_sum_kwh_year": 192325.53021875,
        "radiation_sum": 192325.53021875,
        "radiation_point_count": 309.0,
        "use_type1": "MULTI_RES",
        "use_type2": "NONE",
        "use_type3": "NONE",
        "resi_type": null,
        "comparison_status": "matched",
        "validation_radiation_kwh_year": 192325.53021875,
        "ucea_radiation_kwh_year": 280262.61000000115,
        "workflow0_radiation_kwh_year": 279970.15999999916,
        "validation_area_m2": 182.6915522241436,
        "ucea_roofs_top_m2": 182.71,
        "err_ucea_minus_validation_kwh_year": 87937.07978125114,
        "err_ucea_abs_kwh_year": 87937.07978125114,
        "err_ucea_pct_of_validation": 0.45723040347910127,
        "err_ucea_area_minus_validation_m2": 0.01844777585640145,
        "err_ucea_area_pct_of_validation": 0.00010097771698697891,
        "err_workflow0_minus_validation_kwh_year": 87644.62978124915,
        "err_workflow0_abs_kwh_year": 87644.62978124915,
        "err_workflow0_pct_of_validation": 0.45570980452549714
      },
      "geometry": {
        "type": "Polygon",
        "coordinates": [
          [
            [
              -9.1356818,
              38.7302696
            ],
            [
              -9.1356978,
              38.730106400000004
            ],
            [
              -9.135810499999998,
              38.73010430000001
            ],
            [
              -9.135803700000002,
              38.73020819999999
            ],
            [
              -9.135799699999998,
              38.730269899999996
            ],
            [
              -9.1356818,
              38.7302696
            ]
          ]
        ]
      }
    },
    {
      "type": "Feature",
      "properties": {
        "area_id": "Alameda_Arro",
        "osm_uid": "cea/169",
        "osmid": "169",
        "element_type": "cea_zone",
        "building": "yes",
        "cea_name": "B1169",
        "intersection_area_m2": 168.7239524407819,
        "is_residential": true,
        "residential_source": "cea",
        "radiation_sum_kwh_year": 327673.07659375,
        "radiation_sum": 327673.07659375,
        "radiation_point_count": 278.0,
        "use_type1": "MULTI_RES",
        "use_type2": "NONE",
        "use_type3": "NONE",
        "resi_type": null,
        "comparison_status": "matched",
        "validation_radiation_kwh_year": 327673.07659375,
        "ucea_radiation_kwh_year": 239287.33000000048,
        "workflow0_radiation_kwh_year": 267552.0699999992,
        "validation_area_m2": 168.7239524407819,
        "ucea_roofs_top_m2": 172.48,
        "err_ucea_minus_validation_kwh_year": -88385.7465937495,
        "err_ucea_abs_kwh_year": 88385.7465937495,
        "err_ucea_pct_of_validation": -0.26973759184777457,
        "err_ucea_area_minus_validation_m2": 3.7560475592181035,
        "err_ucea_area_pct_of_validation": 0.02226149580354566,
        "err_workflow0_minus_validation_kwh_year": -60121.00659375079,
        "err_workflow0_abs_kwh_year": 60121.00659375079,
        "err_workflow0_pct_of_validation": -0.18347862820688496
      },
      "geometry": {
        "type": "Polygon",
        "coordinates": [
          [
            [
              -9.1356593,
              38.72984689999999
            ],
            [
              -9.1357038,
              38.72984939999999
            ],
            [
              -9.1357033,
              38.7298553
            ],
            [
              -9.135694,
              38.7299561
            ],
            [
              -9.1355304,
              38.7299469
            ],
            [
              -9.1355411,
              38.7298403
            ],
            [
              -9.135608,
              38.7298441
            ],
            [
              -9.1356593,
              38.72984689999999
            ]
          ]
        ]
      }
    },
    {
      "type": "Feature",
      "properties": {
        "area_id": "Alameda_Arro",
        "osm_uid": "cea/170",
        "osmid": "170",
        "element_type": "cea_zone",
        "building": "yes",
        "cea_name": "B1170",
        "intersection_area_m2": 64.41504008113256,
        "is_residential": true,
        "residential_source": "cea",
        "radiation_sum_kwh_year": 153027.5556875,
        "radiation_sum": 153027.5556875,
        "radiation_point_count": 105.0,
        "use_type1": "MULTI_RES",
        "use_type2": "NONE",
        "use_type3": "NONE",
        "resi_type": null,
        "comparison_status": "matched",
        "validation_radiation_kwh_year": 153027.5556875,
        "ucea_radiation_kwh_year": 101719.44999999992,
        "workflow0_radiation_kwh_year": 103927.69999999987,
        "validation_area_m2": 64.41504008113256,
        "ucea_roofs_top_m2": 64.42,
        "err_ucea_minus_validation_kwh_year": -51308.105687500065,
        "err_ucea_abs_kwh_year": 51308.105687500065,
        "err_ucea_pct_of_validation": -0.3352867100110856,
        "err_ucea_area_minus_validation_m2": 0.00495991886744207,
        "err_ucea_area_pct_of_validation": 7.699939115453336e-05,
        "err_workflow0_minus_validation_kwh_year": -49099.85568750012,
        "err_workflow0_abs_kwh_year": 49099.85568750012,
        "err_workflow0_pct_of_validation": -0.3208563024280916
      },
      "geometry": {
        "type": "Polygon",
        "coordinates": [
          [
            [
              -9.1377981,
              38.7272046
            ],
            [
              -9.1377962,
              38.727151299999996
            ],
            [
              -9.137921699999998,
              38.72714849999999
            ],
            [
              -9.1379228,
              38.72720189999998
            ],
            [
              -9.1377981,
              38.7272046
            ]
          ]
        ]
      }
    },
    {
      "type": "Feature",
      "properties": {
        "area_id": "Alameda_Arro",
        "osm_uid": "cea/171",
        "osmid": "171",
        "element_type": "cea_zone",
        "building": "yes",
        "cea_name": "B1171",
        "intersection_area_m2": 474.59222119471497,
        "is_residential": true,
        "residential_source": "cea",
        "radiation_sum_kwh_year": 863246.67715625,
        "radiation_sum": 863246.67715625,
        "radiation_point_count": 788.0,
        "use_type1": "MULTI_RES",
        "use_type2": "NONE",
        "use_type3": "NONE",
        "resi_type": null,
        "comparison_status": "matched",
        "validation_radiation_kwh_year": 863246.67715625,
        "ucea_radiation_kwh_year": 1102437.760000002,
        "workflow0_radiation_kwh_year": 732760.9100000001,
        "validation_area_m2": 474.59222119471497,
        "ucea_roofs_top_m2": 710.74,
        "err_ucea_minus_validation_kwh_year": 239191.0828437521,
        "err_ucea_abs_kwh_year": 239191.0828437521,
        "err_ucea_pct_of_validation": 0.2770831202405635,
        "err_ucea_area_minus_validation_m2": 236.14777880528504,
        "err_ucea_area_pct_of_validation": 0.49758038218750894,
        "err_workflow0_minus_validation_kwh_year": -130485.76715624984,
        "err_workflow0_abs_kwh_year": 130485.76715624984,
        "err_workflow0_pct_of_validation": -0.15115698746284495
      },
      "geometry": {
        "type": "Polygon",
        "coordinates": [
          [
            [
              -9.1358729,
              38.7284325
            ],
            [
              -9.1358702,
              38.72846349999999
            ],
            [
              -9.1359464,
              38.7284675
            ],
            [
              -9.1359409,
              38.72853219999999
            ],
            [
              -9.135866,
              38.728528299999994
            ],
            [
              -9.1358676,
              38.72850979999998
            ],
            [
              -9.135831699999999,
              38.72850789999999
            ],
            [
              -9.1358296,
              38.7285319
            ],
            [
              -9.135669499999999,
              38.7285234
            ],
            [
              -9.135696300000001,
              38.7282561
            ],
            [
              -9.1358471,
              38.72826409999999
            ],
            [
              -9.135832799999998,
              38.72843050000001
            ],
            [
              -9.1358729,
              38.7284325
            ]
          ]
        ]
      }
    },
    {
      "type": "Feature",
      "properties": {
        "area_id": "Alameda_Arro",
        "osm_uid": "cea/173",
        "osmid": "173",
        "element_type": "cea_zone",
        "building": "yes",
        "cea_name": "B1173",
        "intersection_area_m2": 67.83199682325245,
        "is_residential": true,
        "residential_source": "cea",
        "radiation_sum_kwh_year": 55832.588093750004,
        "radiation_sum": 55832.588093750004,
        "radiation_point_count": 106.0,
        "use_type1": "MULTI_RES",
        "use_type2": "NONE",
        "use_type3": "NONE",
        "resi_type": null,
        "comparison_status": "matched",
        "validation_radiation_kwh_year": 55832.588093750004,
        "ucea_radiation_kwh_year": 103835.58000000018,
        "workflow0_radiation_kwh_year": 104172.15000000005,
        "validation_area_m2": 67.83199682325245,
        "ucea_roofs_top_m2": 67.79,
        "err_ucea_minus_validation_kwh_year": 48002.99190625017,
        "err_ucea_abs_kwh_year": 48002.99190625017,
        "err_ucea_pct_of_validation": 0.8597665547161643,
        "err_ucea_area_minus_validation_m2": -0.0419968232524468,
        "err_ucea_area_pct_of_validation": -0.0006191299861314197,
        "err_workflow0_minus_validation_kwh_year": 48339.56190625005,
        "err_workflow0_abs_kwh_year": 48339.56190625005,
        "err_workflow0_pct_of_validation": 0.8657947545809946
      },
      "geometry": {
        "type": "Polygon",
        "coordinates": [
          [
            [
              -9.1357956,
              38.73032849999999
            ],
            [
              -9.1356737,
              38.730328199999995
            ],
            [
              -9.1356818,
              38.7302696
            ],
            [
              -9.135799699999998,
              38.730269899999996
            ],
            [
              -9.135797099999998,
              38.7303094
            ],
            [
              -9.1357956,
              38.73032849999999
            ]
          ]
        ]
      }
    },
    {
      "type": "Feature",
      "properties": {
        "area_id": "Alameda_Arro",
        "osm_uid": "cea/174",
        "osmid": "174",
        "element_type": "cea_zone",
        "building": "yes",
        "cea_name": "B1174",
        "intersection_area_m2": 116.26462529334793,
        "is_residential": true,
        "residential_source": "cea",
        "radiation_sum_kwh_year": 254567.665,
        "radiation_sum": 254567.665,
        "radiation_point_count": 191.0,
        "use_type1": "MULTI_RES",
        "use_type2": "NONE",
        "use_type3": "NONE",
        "resi_type": null,
        "comparison_status": "matched",
        "validation_radiation_kwh_year": 254567.665,
        "ucea_radiation_kwh_year": 183269.41000000012,
        "workflow0_radiation_kwh_year": 181938.55000000034,
        "validation_area_m2": 116.26462529334793,
        "ucea_roofs_top_m2": 120.12,
        "err_ucea_minus_validation_kwh_year": -71298.25499999989,
        "err_ucea_abs_kwh_year": 71298.25499999989,
        "err_ucea_pct_of_validation": -0.2800758493817347,
        "err_ucea_area_minus_validation_m2": 3.8553747066520714,
        "err_ucea_area_pct_of_validation": 0.03316034173700344,
        "err_workflow0_minus_validation_kwh_year": -72629.11499999967,
        "err_workflow0_abs_kwh_year": 72629.11499999967,
        "err_workflow0_pct_of_validation": -0.28530377178892563
      },
      "geometry": {
        "type": "Polygon",
        "coordinates": [
          [
            [
              -9.1356403,
              38.730433100000006
            ],
            [
              -9.1354824,
              38.73042430000001
            ],
            [
              -9.1354901,
              38.7303482
            ],
            [
              -9.135647299999999,
              38.730357
            ],
            [
              -9.1356403,
              38.730433100000006
            ]
          ]
        ]
      }
    },
    {
      "type": "Feature",
      "properties": {
        "area_id": "Alameda_Arro",
        "osm_uid": "cea/175",
        "osmid": "175",
        "element_type": "cea_zone",
        "building": "yes",
        "cea_name": "B1175",
        "intersection_area_m2": 135.8780333921999,
        "is_residential": true,
        "residential_source": "cea",
        "radiation_sum_kwh_year": 276990.90109375,
        "radiation_sum": 276990.90109375,
        "radiation_point_count": 225.0,
        "use_type1": "MULTI_RES",
        "use_type2": "NONE",
        "use_type3": "NONE",
        "resi_type": null,
        "comparison_status": "matched",
        "validation_radiation_kwh_year": 276990.90109375,
        "ucea_radiation_kwh_year": 219599.09999999998,
        "workflow0_radiation_kwh_year": 219789.63000000035,
        "validation_area_m2": 135.8780333921999,
        "ucea_roofs_top_m2": 141.54,
        "err_ucea_minus_validation_kwh_year": -57391.80109375005,
        "err_ucea_abs_kwh_year": 57391.80109375005,
        "err_ucea_pct_of_validation": -0.20719742369560828,
        "err_ucea_area_minus_validation_m2": 5.661966607800082,
        "err_ucea_area_pct_of_validation": 0.04166947715130169,
        "err_workflow0_minus_validation_kwh_year": -57201.271093749674,
        "err_workflow0_abs_kwh_year": 57201.271093749674,
        "err_workflow0_pct_of_validation": -0.20650956716585211
      },
      "geometry": {
        "type": "Polygon",
        "coordinates": [
          [
            [
              -9.135686,
              38.730043599999995
            ],
            [
              -9.1356783,
              38.73012859999999
            ],
            [
              -9.135668199999998,
              38.73012809999999
            ],
            [
              -9.135513099999999,
              38.7301194
            ],
            [
              -9.135521599999999,
              38.73003440000001
            ],
            [
              -9.135686,
              38.730043599999995
            ]
          ]
        ]
      }
    },
    {
      "type": "Feature",
      "properties": {
        "area_id": "Alameda_Arro",
        "osm_uid": "cea/176",
        "osmid": "176",
        "element_type": "cea_zone",
        "building": "yes",
        "cea_name": "B1176",
        "intersection_area_m2": 351.850919497199,
        "is_residential": true,
        "residential_source": "cea",
        "radiation_sum_kwh_year": 744960.8958671875,
        "radiation_sum": 744960.8958671875,
        "radiation_point_count": 585.0,
        "use_type1": "MULTI_RES",
        "use_type2": "NONE",
        "use_type3": "NONE",
        "resi_type": null,
        "comparison_status": "matched",
        "validation_radiation_kwh_year": 744960.8958671875,
        "ucea_radiation_kwh_year": 973417.7600000015,
        "workflow0_radiation_kwh_year": 551634.0800000007,
        "validation_area_m2": 351.850919497199,
        "ucea_roofs_top_m2": 608.91,
        "err_ucea_minus_validation_kwh_year": 228456.864132814,
        "err_ucea_abs_kwh_year": 228456.864132814,
        "err_ucea_pct_of_validation": 0.3066696056131563,
        "err_ucea_area_minus_validation_m2": 257.05908050280095,
        "err_ucea_area_pct_of_validation": 0.7305909015958884,
        "err_workflow0_minus_validation_kwh_year": -193326.81586718687,
        "err_workflow0_abs_kwh_year": 193326.81586718687,
        "err_workflow0_pct_of_validation": -0.25951270320322073
      },
      "geometry": {
        "type": "Polygon",
        "coordinates": [
          [
            [
              -9.1372162,
              38.7272778
            ],
            [
              -9.1372687,
              38.72730909999999
            ],
            [
              -9.137404299999998,
              38.72739279999999
            ],
            [
              -9.1374056,
              38.727441600000006
            ],
            [
              -9.1374086,
              38.7275564
            ],
            [
              -9.137290199999999,
              38.7275583
            ],
            [
              -9.137286499999998,
              38.727457099999995
            ],
            [
              -9.137184399999999,
              38.72738939999999
            ],
            [
              -9.137184999999999,
              38.7273535
            ],
            [
              -9.1371873,
              38.72731579999999
            ],
            [
              -9.1372162,
              38.7272778
            ]
          ]
        ]
      }
    },
    {
      "type": "Feature",
      "properties": {
        "area_id": "Alameda_Arro",
        "osm_uid": "cea/177",
        "osmid": "177",
        "element_type": "cea_zone",
        "building": "yes",
        "cea_name": "B1177",
        "intersection_area_m2": 313.9204265712541,
        "is_residential": true,
        "residential_source": "cea",
        "radiation_sum_kwh_year": 573288.677609375,
        "radiation_sum": 573288.677609375,
        "radiation_point_count": 517.0,
        "use_type1": "MULTI_RES",
        "use_type2": "NONE",
        "use_type3": "NONE",
        "resi_type": null,
        "comparison_status": "matched",
        "validation_radiation_kwh_year": 573288.677609375,
        "ucea_radiation_kwh_year": 490937.57000000175,
        "workflow0_radiation_kwh_year": 493547.9400000003,
        "validation_area_m2": 313.9204265712541,
        "ucea_roofs_top_m2": 318.19,
        "err_ucea_minus_validation_kwh_year": -82351.10760937323,
        "err_ucea_abs_kwh_year": 82351.10760937323,
        "err_ucea_pct_of_validation": -0.14364684115649895,
        "err_ucea_area_minus_validation_m2": 4.2695734287459,
        "err_ucea_area_pct_of_validation": 0.013600814306286586,
        "err_workflow0_minus_validation_kwh_year": -79740.73760937469,
        "err_workflow0_abs_kwh_year": 79740.73760937469,
        "err_workflow0_pct_of_validation": -0.13909351557734426
      },
      "geometry": {
        "type": "Polygon",
        "coordinates": [
          [
            [
              -9.1363098,
              38.729795499999994
            ],
            [
              -9.1363836,
              38.729798300000006
            ],
            [
              -9.136373099999998,
              38.729967900000005
            ],
            [
              -9.136299,
              38.72996509999999
            ],
            [
              -9.136181599999999,
              38.7299607
            ],
            [
              -9.136192199999998,
              38.72979109999999
            ],
            [
              -9.1363098,
              38.729795499999994
            ]
          ]
        ]
      }
    },
    {
      "type": "Feature",
      "properties": {
        "area_id": "Alameda_Arro",
        "osm_uid": "cea/178",
        "osmid": "178",
        "element_type": "cea_zone",
        "building": "yes",
        "cea_name": "B1178",
        "intersection_area_m2": 64.13669449865385,
        "is_residential": true,
        "residential_source": "cea",
        "radiation_sum_kwh_year": 92723.10378125,
        "radiation_sum": 92723.10378125,
        "radiation_point_count": 106.0,
        "use_type1": "MULTI_RES",
        "use_type2": "NONE",
        "use_type3": "NONE",
        "resi_type": null,
        "comparison_status": "matched",
        "validation_radiation_kwh_year": 92723.10378125,
        "ucea_radiation_kwh_year": 94905.06999999964,
        "workflow0_radiation_kwh_year": 99012.29999999989,
        "validation_area_m2": 64.13669449865385,
        "ucea_roofs_top_m2": 64.14,
        "err_ucea_minus_validation_kwh_year": 2181.9662187496433,
        "err_ucea_abs_kwh_year": 2181.9662187496433,
        "err_ucea_pct_of_validation": 0.023532066224802858,
        "err_ucea_area_minus_validation_m2": 0.003305501346147821,
        "err_ucea_area_pct_of_validation": 5.15383802047547e-05,
        "err_workflow0_minus_validation_kwh_year": 6289.196218749887,
        "err_workflow0_abs_kwh_year": 6289.196218749887,
        "err_workflow0_pct_of_validation": 0.0678277145854306
      },
      "geometry": {
        "type": "Polygon",
        "coordinates": [
          [
            [
              -9.135388499999998,
              38.7294854
            ],
            [
              -9.135323299999998,
              38.72948169999999
            ],
            [
              -9.135333,
              38.729380500000005
            ],
            [
              -9.1353986,
              38.729384399999994
            ],
            [
              -9.135388499999998,
              38.7294854
            ]
          ]
        ]
      }
    },
    {
      "type": "Feature",
      "properties": {
        "area_id": "Alameda_Arro",
        "osm_uid": "cea/179",
        "osmid": "179",
        "element_type": "cea_zone",
        "building": "yes",
        "cea_name": "B1179",
        "intersection_area_m2": 61.357424468885185,
        "is_residential": true,
        "residential_source": "cea",
        "radiation_sum_kwh_year": 94063.888203125,
        "radiation_sum": 94063.888203125,
        "radiation_point_count": 101.0,
        "use_type1": "MULTI_RES",
        "use_type2": "NONE",
        "use_type3": "NONE",
        "resi_type": null,
        "comparison_status": "matched",
        "validation_radiation_kwh_year": 94063.888203125,
        "ucea_radiation_kwh_year": 91598.4599999998,
        "workflow0_radiation_kwh_year": 84904.28000000013,
        "validation_area_m2": 61.357424468885185,
        "ucea_roofs_top_m2": 64.16,
        "err_ucea_minus_validation_kwh_year": -2465.4282031251932,
        "err_ucea_abs_kwh_year": 2465.4282031251932,
        "err_ucea_pct_of_validation": -0.02621014557468917,
        "err_ucea_area_minus_validation_m2": 2.8025755311148117,
        "err_ucea_area_pct_of_validation": 0.045676225092140546,
        "err_workflow0_minus_validation_kwh_year": -9159.608203124866,
        "err_workflow0_abs_kwh_year": 9159.608203124866,
        "err_workflow0_pct_of_validation": -0.09737645740674969
      },
      "geometry": {
        "type": "Polygon",
        "coordinates": [
          [
            [
              -9.135381000000002,
              38.729560500000005
            ],
            [
              -9.135379399999998,
              38.72957019999998
            ],
            [
              -9.135372199999999,
              38.7295782
            ],
            [
              -9.1353609,
              38.72958249999999
            ],
            [
              -9.1353484,
              38.729582199999996
            ],
            [
              -9.135313199999999,
              38.729579799999996
            ],
            [
              -9.135323299999998,
              38.72948169999999
            ],
            [
              -9.135388499999998,
              38.7294854
            ],
            [
              -9.135381000000002,
              38.729560500000005
            ]
          ]
        ]
      }
    },
    {
      "type": "Feature",
      "properties": {
        "area_id": "Alameda_Arro",
        "osm_uid": "cea/181",
        "osmid": "181",
        "element_type": "cea_zone",
        "building": "yes",
        "cea_name": "B1181",
        "intersection_area_m2": 178.57179845568305,
        "is_residential": true,
        "residential_source": "cea",
        "radiation_sum_kwh_year": 327498.38921875,
        "radiation_sum": 327498.38921875,
        "radiation_point_count": 294.0,
        "use_type1": "MULTI_RES",
        "use_type2": "NONE",
        "use_type3": "NONE",
        "resi_type": null,
        "comparison_status": "matched",
        "validation_radiation_kwh_year": 327498.38921875,
        "ucea_radiation_kwh_year": 291875.93999999954,
        "workflow0_radiation_kwh_year": 253220.74000000017,
        "validation_area_m2": 178.57179845568305,
        "ucea_roofs_top_m2": 204.58,
        "err_ucea_minus_validation_kwh_year": -35622.449218750466,
        "err_ucea_abs_kwh_year": 35622.449218750466,
        "err_ucea_pct_of_validation": -0.10877137229202287,
        "err_ucea_area_minus_validation_m2": 26.00820154431696,
        "err_ucea_area_pct_of_validation": 0.14564562696483976,
        "err_workflow0_minus_validation_kwh_year": -74277.64921874984,
        "err_workflow0_abs_kwh_year": 74277.64921874984,
        "err_workflow0_pct_of_validation": -0.22680309785932004
      },
      "geometry": {
        "type": "Polygon",
        "coordinates": [
          [
            [
              -9.1340633,
              38.727744599999994
            ],
            [
              -9.1341566,
              38.727730599999994
            ],
            [
              -9.1341609,
              38.727748099999985
            ],
            [
              -9.1342104,
              38.72774069999999
            ],
            [
              -9.1342356,
              38.7278428
            ],
            [
              -9.1341861,
              38.7278503
            ],
            [
              -9.1341905,
              38.7278678
            ],
            [
              -9.134097199999998,
              38.7278818
            ],
            [
              -9.1340633,
              38.727744599999994
            ]
          ]
        ]
      }
    },
    {
      "type": "Feature",
      "properties": {
        "area_id": "Alameda_Arro",
        "osm_uid": "cea/182",
        "osmid": "182",
        "element_type": "cea_zone",
        "building": "yes",
        "cea_name": "B1182",
        "intersection_area_m2": 847.2939890934847,
        "is_residential": true,
        "residential_source": "cea",
        "radiation_sum_kwh_year": 1546862.1803203125,
        "radiation_sum": 1546862.1803203125,
        "radiation_point_count": 1291.0,
        "use_type1": "MULTI_RES",
        "use_type2": "NONE",
        "use_type3": "NONE",
        "resi_type": null,
        "comparison_status": "matched",
        "validation_radiation_kwh_year": 1546862.1803203125,
        "ucea_radiation_kwh_year": 1210915.470000002,
        "workflow0_radiation_kwh_year": 1210529.1400000013,
        "validation_area_m2": 847.2939890934847,
        "ucea_roofs_top_m2": 847.23,
        "err_ucea_minus_validation_kwh_year": -335946.71032031043,
        "err_ucea_abs_kwh_year": 335946.71032031043,
        "err_ucea_pct_of_validation": -0.21717947118646674,
        "err_ucea_area_minus_validation_m2": -0.06398909348467896,
        "err_ucea_area_pct_of_validation": -7.552171301621123e-05,
        "err_workflow0_minus_validation_kwh_year": -336333.0403203112,
        "err_workflow0_abs_kwh_year": 336333.0403203112,
        "err_workflow0_pct_of_validation": -0.21742922194313777
      },
      "geometry": {
        "type": "Polygon",
        "coordinates": [
          [
            [
              -9.1337344,
              38.727241899999996
            ],
            [
              -9.1336756,
              38.72725129999999
            ],
            [
              -9.1336457,
              38.72713739999999
            ],
            [
              -9.1337336,
              38.7271224
            ],
            [
              -9.133776,
              38.72711549999999
            ],
            [
              -9.1338022,
              38.72722189999999
            ],
            [
              -9.1338362,
              38.72735919999999
            ],
            [
              -9.1338701,
              38.7274966
            ],
            [
              -9.133903999999998,
              38.72763400000001
            ],
            [
              -9.133937899999998,
              38.72777129999999
            ],
            [
              -9.1339811,
              38.7279462
            ],
            [
              -9.133912999999998,
              38.727957100000005
            ],
            [
              -9.1338739,
              38.72777430000001
            ],
            [
              -9.1338103,
              38.727784500000006
            ],
            [
              -9.1337832,
              38.7276809
            ],
            [
              -9.133846799999999,
              38.7276708
            ],
            [
              -9.1338338,
              38.727621500000005
            ],
            [
              -9.133778100000002,
              38.727630399999995
            ],
            [
              -9.1337572,
              38.72755049999999
            ],
            [
              -9.1338129,
              38.7275416
            ],
            [
              -9.1337994,
              38.72749000000001
            ],
            [
              -9.133733399999999,
              38.72750059999999
            ],
            [
              -9.133708899999998,
              38.727407
            ],
            [
              -9.1337749,
              38.72739649999999
            ],
            [
              -9.1337636,
              38.727353599999994
            ],
            [
              -9.1337037,
              38.7273631
            ],
            [
              -9.133681,
              38.7272766
            ],
            [
              -9.133741,
              38.727267
            ],
            [
              -9.1337344,
              38.727241899999996
            ]
          ]
        ]
      }
    },
    {
      "type": "Feature",
      "properties": {
        "area_id": "Alameda_Arro",
        "osm_uid": "cea/184",
        "osmid": "184",
        "element_type": "cea_zone",
        "building": "yes",
        "cea_name": "B1184",
        "intersection_area_m2": 91.3848294495492,
        "is_residential": true,
        "residential_source": "cea",
        "radiation_sum_kwh_year": 125972.27766406251,
        "radiation_sum": 125972.27766406251,
        "radiation_point_count": 152.0,
        "use_type1": "MULTI_RES",
        "use_type2": "NONE",
        "use_type3": "NONE",
        "resi_type": null,
        "comparison_status": "matched",
        "validation_radiation_kwh_year": 125972.27766406251,
        "ucea_radiation_kwh_year": 111700.85999999999,
        "workflow0_radiation_kwh_year": 113590.46999999984,
        "validation_area_m2": 91.3848294495492,
        "ucea_roofs_top_m2": 83.65,
        "err_ucea_minus_validation_kwh_year": -14271.417664062523,
        "err_ucea_abs_kwh_year": 14271.417664062523,
        "err_ucea_pct_of_validation": -0.11329014548836634,
        "err_ucea_area_minus_validation_m2": -7.734829449549196,
        "err_ucea_area_pct_of_validation": -0.08464019133306323,
        "err_workflow0_minus_validation_kwh_year": -12381.807664062668,
        "err_workflow0_abs_kwh_year": 12381.807664062668,
        "err_workflow0_pct_of_validation": -0.0982899404032524
      },
      "geometry": {
        "type": "Polygon",
        "coordinates": [
          [
            [
              -9.1339357,
              38.72802039999999
            ],
            [
              -9.1338944,
              38.72802759999998
            ],
            [
              -9.1338774,
              38.727962799999986
            ],
            [
              -9.133912999999998,
              38.727957100000005
            ],
            [
              -9.1339811,
              38.7279462
            ],
            [
              -9.1340106,
              38.72806550000001
            ],
            [
              -9.1339659,
              38.72806
            ],
            [
              -9.1339357,
              38.72802039999999
            ]
          ]
        ]
      }
    },
    {
      "type": "Feature",
      "properties": {
        "area_id": "Alameda_Arro",
        "osm_uid": "cea/186",
        "osmid": "186",
        "element_type": "cea_zone",
        "building": "yes",
        "cea_name": "B1186",
        "intersection_area_m2": 216.20752695526082,
        "is_residential": true,
        "residential_source": "cea",
        "radiation_sum_kwh_year": 410754.71753125003,
        "radiation_sum": 410754.71753125003,
        "radiation_point_count": 356.0,
        "use_type1": "MULTI_RES",
        "use_type2": "NONE",
        "use_type3": "NONE",
        "resi_type": null,
        "comparison_status": "matched",
        "validation_radiation_kwh_year": 410754.71753125003,
        "ucea_radiation_kwh_year": 374744.380000001,
        "workflow0_radiation_kwh_year": 353065.5400000009,
        "validation_area_m2": 216.20752695526082,
        "ucea_roofs_top_m2": 245.07,
        "err_ucea_minus_validation_kwh_year": -36010.33753124904,
        "err_ucea_abs_kwh_year": 36010.33753124904,
        "err_ucea_pct_of_validation": -0.08766871321084557,
        "err_ucea_area_minus_validation_m2": 28.862473044739176,
        "err_ucea_area_pct_of_validation": 0.13349430267851684,
        "err_workflow0_minus_validation_kwh_year": -57689.17753124912,
        "err_workflow0_abs_kwh_year": 57689.17753124912,
        "err_workflow0_pct_of_validation": -0.14044678020492887
      },
      "geometry": {
        "type": "Polygon",
        "coordinates": [
          [
            [
              -9.1346191,
              38.7279581
            ],
            [
              -9.134606499999999,
              38.72808379999999
            ],
            [
              -9.1344713,
              38.72807559999999
            ],
            [
              -9.1344736,
              38.728053200000005
            ],
            [
              -9.1344449,
              38.7280514
            ],
            [
              -9.134447099999997,
              38.72802899999999
            ],
            [
              -9.1344184,
              38.72802729999999
            ],
            [
              -9.134421999999999,
              38.727991199999984
            ],
            [
              -9.134426499999998,
              38.72794639999999
            ],
            [
              -9.1346191,
              38.7279581
            ]
          ]
        ]
      }
    },
    {
      "type": "Feature",
      "properties": {
        "area_id": "Alameda_Arro",
        "osm_uid": "cea/189",
        "osmid": "189",
        "element_type": "cea_zone",
        "building": "yes",
        "cea_name": "B1189",
        "intersection_area_m2": 478.6172217400176,
        "is_residential": true,
        "residential_source": "cea",
        "radiation_sum_kwh_year": 1042794.069,
        "radiation_sum": 1042794.069,
        "radiation_point_count": 788.0,
        "use_type1": "MULTI_RES",
        "use_type2": "NONE",
        "use_type3": "NONE",
        "resi_type": null,
        "comparison_status": "matched",
        "validation_radiation_kwh_year": 1042794.069,
        "ucea_radiation_kwh_year": 948635.8000000002,
        "workflow0_radiation_kwh_year": 776923.8900000013,
        "validation_area_m2": 478.6172217400176,
        "ucea_roofs_top_m2": 606.58,
        "err_ucea_minus_validation_kwh_year": -94158.26899999985,
        "err_ucea_abs_kwh_year": 94158.26899999985,
        "err_ucea_pct_of_validation": -0.0902942122506451,
        "err_ucea_area_minus_validation_m2": 127.96277825998243,
        "err_ucea_area_pct_of_validation": 0.2673593269267923,
        "err_workflow0_minus_validation_kwh_year": -265870.1789999987,
        "err_workflow0_abs_kwh_year": 265870.1789999987,
        "err_workflow0_pct_of_validation": -0.254959427660495
      },
      "geometry": {
        "type": "Polygon",
        "coordinates": [
          [
            [
              -9.1340761,
              38.7287513
            ],
            [
              -9.1340799,
              38.72871739999999
            ],
            [
              -9.134140199999997,
              38.728721499999985
            ],
            [
              -9.1341296,
              38.72881579999999
            ],
            [
              -9.1340994,
              38.72881379999998
            ],
            [
              -9.1340852,
              38.72894000000001
            ],
            [
              -9.1341271,
              38.72894289999999
            ],
            [
              -9.134119199999999,
              38.72901250000001
            ],
            [
              -9.1340773,
              38.729009599999976
            ],
            [
              -9.1339116,
              38.72899820000001
            ],
            [
              -9.1339195,
              38.728928599999996
            ],
            [
              -9.1339405,
              38.728742000000004
            ],
            [
              -9.1340761,
              38.7287513
            ]
          ]
        ]
      }
    },
    {
      "type": "Feature",
      "properties": {
        "area_id": "Alameda_Arro",
        "osm_uid": "cea/191",
        "osmid": "191",
        "element_type": "cea_zone",
        "building": "yes",
        "cea_name": "B1191",
        "intersection_area_m2": 171.6588139125795,
        "is_residential": true,
        "residential_source": "cea",
        "radiation_sum_kwh_year": 352692.73190625,
        "radiation_sum": 352692.73190625,
        "radiation_point_count": 282.0,
        "use_type1": "MULTI_RES",
        "use_type2": "NONE",
        "use_type3": "NONE",
        "resi_type": null,
        "comparison_status": "matched",
        "validation_radiation_kwh_year": 352692.73190625,
        "ucea_radiation_kwh_year": 227867.97999999998,
        "workflow0_radiation_kwh_year": 232934.5900000002,
        "validation_area_m2": 171.6588139125795,
        "ucea_roofs_top_m2": 174.45,
        "err_ucea_minus_validation_kwh_year": -124824.75190625002,
        "err_ucea_abs_kwh_year": 124824.75190625002,
        "err_ucea_pct_of_validation": -0.35391926346650643,
        "err_ucea_area_minus_validation_m2": 2.791186087420499,
        "err_ucea_area_pct_of_validation": 0.016260080235914735,
        "err_workflow0_minus_validation_kwh_year": -119758.1419062498,
        "err_workflow0_abs_kwh_year": 119758.1419062498,
        "err_workflow0_pct_of_validation": -0.339553756208628
      },
      "geometry": {
        "type": "Polygon",
        "coordinates": [
          [
            [
              -9.1341139,
              38.7292011
            ],
            [
              -9.1340039,
              38.72919359999999
            ],
            [
              -9.134022,
              38.729033
            ],
            [
              -9.134131999999997,
              38.729040600000005
            ],
            [
              -9.1341139,
              38.7292011
            ]
          ]
        ]
      }
    },
    {
      "type": "Feature",
      "properties": {
        "area_id": "Alameda_Arro",
        "osm_uid": "cea/192",
        "osmid": "192",
        "element_type": "cea_zone",
        "building": "yes",
        "cea_name": "B1192",
        "intersection_area_m2": 639.3426912838759,
        "is_residential": true,
        "residential_source": "cea",
        "radiation_sum_kwh_year": 1174634.124625,
        "radiation_sum": 1174634.124625,
        "radiation_point_count": 1026.0,
        "use_type1": "MULTI_RES",
        "use_type2": "NONE",
        "use_type3": "NONE",
        "resi_type": null,
        "comparison_status": "matched",
        "validation_radiation_kwh_year": 1174634.124625,
        "ucea_radiation_kwh_year": 962781.7499999978,
        "workflow0_radiation_kwh_year": 979936.3099999984,
        "validation_area_m2": 639.3426912838759,
        "ucea_roofs_top_m2": 624.77,
        "err_ucea_minus_validation_kwh_year": -211852.37462500215,
        "err_ucea_abs_kwh_year": 211852.37462500215,
        "err_ucea_pct_of_validation": -0.18035605316049855,
        "err_ucea_area_minus_validation_m2": -14.572691283875884,
        "err_ucea_area_pct_of_validation": -0.022793239811050615,
        "err_workflow0_minus_validation_kwh_year": -194697.8146250015,
        "err_workflow0_abs_kwh_year": 194697.8146250015,
        "err_workflow0_pct_of_validation": -0.1657518801330231
      },
      "geometry": {
        "type": "Polygon",
        "coordinates": [
          [
            [
              -9.134220699999998,
              38.72859539999999
            ],
            [
              -9.1342662,
              38.7286727
            ],
            [
              -9.133588399999999,
              38.7288039
            ],
            [
              -9.1335463,
              38.7287052
            ],
            [
              -9.134120099999999,
              38.7286073
            ],
            [
              -9.134220699999998,
              38.72859539999999
            ]
          ]
        ]
      }
    },
    {
      "type": "Feature",
      "properties": {
        "area_id": "Alameda_Arro",
        "osm_uid": "cea/193",
        "osmid": "193",
        "element_type": "cea_zone",
        "building": "yes",
        "cea_name": "B1193",
        "intersection_area_m2": 268.9733406740293,
        "is_residential": true,
        "residential_source": "cea",
        "radiation_sum_kwh_year": 646905.1370937501,
        "radiation_sum": 646905.1370937501,
        "radiation_point_count": 447.0,
        "use_type1": "MULTI_RES",
        "use_type2": "NONE",
        "use_type3": "NONE",
        "resi_type": null,
        "comparison_status": "matched",
        "validation_radiation_kwh_year": 646905.1370937501,
        "ucea_radiation_kwh_year": 776573.5999999994,
        "workflow0_radiation_kwh_year": 429778.9300000004,
        "validation_area_m2": 268.9733406740293,
        "ucea_roofs_top_m2": 495.45,
        "err_ucea_minus_validation_kwh_year": 129668.46290624933,
        "err_ucea_abs_kwh_year": 129668.46290624933,
        "err_ucea_pct_of_validation": 0.20044432401447704,
        "err_ucea_area_minus_validation_m2": 226.47665932597067,
        "err_ucea_area_pct_of_validation": 0.8420041137104339,
        "err_workflow0_minus_validation_kwh_year": -217126.20709374966,
        "err_workflow0_abs_kwh_year": 217126.20709374966,
        "err_workflow0_pct_of_validation": -0.33563840298007025
      },
      "geometry": {
        "type": "Polygon",
        "coordinates": [
          [
            [
              -9.1339095,
              38.72828150000001
            ],
            [
              -9.1340696,
              38.7282879
            ],
            [
              -9.1340768,
              38.72858840000001
            ],
            [
              -9.1340021,
              38.7285951
            ],
            [
              -9.1339943,
              38.7283641
            ],
            [
              -9.1339611,
              38.728362499999996
            ],
            [
              -9.1339095,
              38.72828150000001
            ]
          ]
        ]
      }
    },
    {
      "type": "Feature",
      "properties": {
        "area_id": "Alameda_Arro",
        "osm_uid": "cea/194",
        "osmid": "194",
        "element_type": "cea_zone",
        "building": "yes",
        "cea_name": "B1194",
        "intersection_area_m2": 380.7779852725904,
        "is_residential": true,
        "residential_source": "cea",
        "radiation_sum_kwh_year": 803511.85196875,
        "radiation_sum": 803511.85196875,
        "radiation_point_count": 613.0,
        "use_type1": "MULTI_RES",
        "use_type2": "NONE",
        "use_type3": "NONE",
        "resi_type": null,
        "comparison_status": "matched",
        "validation_radiation_kwh_year": 803511.85196875,
        "ucea_radiation_kwh_year": 815322.8200000003,
        "workflow0_radiation_kwh_year": 608233.4800000008,
        "validation_area_m2": 380.7779852725904,
        "ucea_roofs_top_m2": 517.43,
        "err_ucea_minus_validation_kwh_year": 11810.96803125029,
        "err_ucea_abs_kwh_year": 11810.96803125029,
        "err_ucea_pct_of_validation": 0.014699183344105344,
        "err_ucea_area_minus_validation_m2": 136.65201472740955,
        "err_ucea_area_pct_of_validation": 0.3588758279436335,
        "err_workflow0_minus_validation_kwh_year": -195278.3719687492,
        "err_workflow0_abs_kwh_year": 195278.3719687492,
        "err_workflow0_pct_of_validation": -0.24303110338731373
      },
      "geometry": {
        "type": "Polygon",
        "coordinates": [
          [
            [
              -9.1338906,
              38.729197
            ],
            [
              -9.133749099999998,
              38.72918729999999
            ],
            [
              -9.1337594,
              38.7290963
            ],
            [
              -9.1336148,
              38.7290863
            ],
            [
              -9.133625099999998,
              38.72899439999998
            ],
            [
              -9.133911199999998,
              38.72901410000001
            ],
            [
              -9.1339009,
              38.729105999999994
            ],
            [
              -9.1338906,
              38.729197
            ]
          ]
        ]
      }
    },
    {
      "type": "Feature",
      "properties": {
        "area_id": "Alameda_Arro",
        "osm_uid": "cea/195",
        "osmid": "195",
        "element_type": "cea_zone",
        "building": "yes",
        "cea_name": "B1195",
        "intersection_area_m2": 283.5756171271572,
        "is_residential": true,
        "residential_source": "cea",
        "radiation_sum_kwh_year": 578566.82665625,
        "radiation_sum": 578566.82665625,
        "radiation_point_count": 464.0,
        "use_type1": "MULTI_RES",
        "use_type2": "NONE",
        "use_type3": "NONE",
        "resi_type": null,
        "comparison_status": "matched",
        "validation_radiation_kwh_year": 578566.82665625,
        "ucea_radiation_kwh_year": 496466.72000000026,
        "workflow0_radiation_kwh_year": 404078.7300000002,
        "validation_area_m2": 283.5756171271572,
        "ucea_roofs_top_m2": 418.36,
        "err_ucea_minus_validation_kwh_year": -82100.10665624979,
        "err_ucea_abs_kwh_year": 82100.10665624979,
        "err_ucea_pct_of_validation": -0.1419025475946079,
        "err_ucea_area_minus_validation_m2": 134.7843828728428,
        "err_ucea_area_pct_of_validation": 0.4753031457299256,
        "err_workflow0_minus_validation_kwh_year": -174488.09665624984,
        "err_workflow0_abs_kwh_year": 174488.09665624984,
        "err_workflow0_pct_of_validation": -0.3015867633902907
      },
      "geometry": {
        "type": "Polygon",
        "coordinates": [
          [
            [
              -9.1339095,
              38.72828150000001
            ],
            [
              -9.1339611,
              38.728362499999996
            ],
            [
              -9.133910299999998,
              38.7283668
            ],
            [
              -9.1339181,
              38.7284174
            ],
            [
              -9.1337827,
              38.7284301
            ],
            [
              -9.133774699999998,
              38.728378
            ],
            [
              -9.1337142,
              38.728382999999994
            ],
            [
              -9.1336616,
              38.7282894
            ],
            [
              -9.1339095,
              38.72828150000001
            ]
          ]
        ]
      }
    },
    {
      "type": "Feature",
      "properties": {
        "area_id": "Alameda_Arro",
        "osm_uid": "cea/197",
        "osmid": "197",
        "element_type": "cea_zone",
        "building": "yes",
        "cea_name": "B1197",
        "intersection_area_m2": 600.1100618152049,
        "is_residential": true,
        "residential_source": "cea",
        "radiation_sum_kwh_year": 1154322.6739453126,
        "radiation_sum": 1154322.6739453126,
        "radiation_point_count": 989.0,
        "use_type1": "MULTI_RES",
        "use_type2": "NONE",
        "use_type3": "NONE",
        "resi_type": null,
        "comparison_status": "matched",
        "validation_radiation_kwh_year": 1154322.6739453126,
        "ucea_radiation_kwh_year": 960998.2299999988,
        "workflow0_radiation_kwh_year": 966778.4699999995,
        "validation_area_m2": 600.1100618152049,
        "ucea_roofs_top_m2": 600.11,
        "err_ucea_minus_validation_kwh_year": -193324.4439453138,
        "err_ucea_abs_kwh_year": 193324.4439453138,
        "err_ucea_pct_of_validation": -0.16747868538747318,
        "err_ucea_area_minus_validation_m2": -6.181520484460634e-05,
        "err_ucea_area_pct_of_validation": -1.0300644628025156e-07,
        "err_workflow0_minus_validation_kwh_year": -187544.20394531311,
        "err_workflow0_abs_kwh_year": 187544.20394531311,
        "err_workflow0_pct_of_validation": -0.16247121206093387
      },
      "geometry": {
        "type": "Polygon",
        "coordinates": [
          [
            [
              -9.134350699999999,
              38.728487599999994
            ],
            [
              -9.1342754,
              38.728483699999984
            ],
            [
              -9.1342868,
              38.728349499999986
            ],
            [
              -9.1343543,
              38.72835299999998
            ],
            [
              -9.1343586,
              38.7283025
            ],
            [
              -9.134583399999999,
              38.728314199999986
            ],
            [
              -9.1345595,
              38.728553100000006
            ],
            [
              -9.1343461,
              38.72854189999999
            ],
            [
              -9.134350699999999,
              38.728487599999994
            ]
          ]
        ]
      }
    },
    {
      "type": "Feature",
      "properties": {
        "area_id": "Alameda_Arro",
        "osm_uid": "cea/199",
        "osmid": "199",
        "element_type": "cea_zone",
        "building": "yes",
        "cea_name": "B1199",
        "intersection_area_m2": 311.8290413910273,
        "is_residential": true,
        "residential_source": "cea",
        "radiation_sum_kwh_year": 514831.5484921875,
        "radiation_sum": 514831.5484921875,
        "radiation_point_count": 516.0,
        "use_type1": "MULTI_RES",
        "use_type2": "NONE",
        "use_type3": "NONE",
        "resi_type": null,
        "comparison_status": "matched",
        "validation_radiation_kwh_year": 514831.5484921875,
        "ucea_radiation_kwh_year": 481281.3300000002,
        "workflow0_radiation_kwh_year": 406555.8399999986,
        "validation_area_m2": 311.8290413910273,
        "ucea_roofs_top_m2": 350.59,
        "err_ucea_minus_validation_kwh_year": -33550.21849218733,
        "err_ucea_abs_kwh_year": 33550.21849218733,
        "err_ucea_pct_of_validation": -0.0651673709399657,
        "err_ucea_area_minus_validation_m2": 38.76095860897266,
        "err_ucea_area_pct_of_validation": 0.12430195223660133,
        "err_workflow0_minus_validation_kwh_year": -108275.70849218889,
        "err_workflow0_abs_kwh_year": 108275.70849218889,
        "err_workflow0_pct_of_validation": -0.21031288546574367
      },
      "geometry": {
        "type": "Polygon",
        "coordinates": [
          [
            [
              -9.134180899999999,
              38.730720700000006
            ],
            [
              -9.134178199999997,
              38.73075000000001
            ],
            [
              -9.1340862,
              38.73074470000002
            ],
            [
              -9.1340985,
              38.73061429999999
            ],
            [
              -9.134187599999999,
              38.7306194
            ],
            [
              -9.134184599999998,
              38.73065029999997
            ],
            [
              -9.1342228,
              38.730652499999984
            ],
            [
              -9.1342265,
              38.73061349999999
            ],
            [
              -9.134352599999998,
              38.73062069999999
            ],
            [
              -9.134338599999998,
              38.730760499999995
            ],
            [
              -9.1342071,
              38.730753099999994
            ],
            [
              -9.13421,
              38.7307224
            ],
            [
              -9.134180899999999,
              38.730720700000006
            ]
          ]
        ]
      }
    },
    {
      "type": "Feature",
      "properties": {
        "area_id": "Alameda_Arro",
        "osm_uid": "cea/201",
        "osmid": "201",
        "element_type": "cea_zone",
        "building": "yes",
        "cea_name": "B1201",
        "intersection_area_m2": 248.192595164993,
        "is_residential": true,
        "residential_source": "cea",
        "radiation_sum_kwh_year": 528946.407265625,
        "radiation_sum": 528946.407265625,
        "radiation_point_count": 407.0,
        "use_type1": "MULTI_RES",
        "use_type2": "NONE",
        "use_type3": "NONE",
        "resi_type": null,
        "comparison_status": "matched",
        "validation_radiation_kwh_year": 528946.407265625,
        "ucea_radiation_kwh_year": 428228.09999999974,
        "workflow0_radiation_kwh_year": 405430.5700000007,
        "validation_area_m2": 248.192595164993,
        "ucea_roofs_top_m2": 281.15,
        "err_ucea_minus_validation_kwh_year": -100718.30726562522,
        "err_ucea_abs_kwh_year": 100718.30726562522,
        "err_ucea_pct_of_validation": -0.1904130662051113,
        "err_ucea_area_minus_validation_m2": 32.95740483500697,
        "err_ucea_area_pct_of_validation": 0.1327896378741582,
        "err_workflow0_minus_validation_kwh_year": -123515.83726562426,
        "err_workflow0_abs_kwh_year": 123515.83726562426,
        "err_workflow0_pct_of_validation": -0.23351295248253268
      },
      "geometry": {
        "type": "Polygon",
        "coordinates": [
          [
            [
              -9.1346968,
              38.73143780000001
            ],
            [
              -9.134695499999998,
              38.73145099999999
            ],
            [
              -9.134741,
              38.7314537
            ],
            [
              -9.1347423,
              38.73144049999999
            ],
            [
              -9.134752499999998,
              38.731441099999984
            ],
            [
              -9.134879799999998,
              38.731448599999986
            ],
            [
              -9.134876299999998,
              38.73148400000001
            ],
            [
              -9.1348192,
              38.731480600000005
            ],
            [
              -9.134817,
              38.7315032
            ],
            [
              -9.1348727,
              38.731506499999995
            ],
            [
              -9.1348697,
              38.73153659999999
            ],
            [
              -9.1347868,
              38.7315317
            ],
            [
              -9.1347317,
              38.731528399999995
            ],
            [
              -9.1347333,
              38.731511999999995
            ],
            [
              -9.134694499999998,
              38.7315097
            ],
            [
              -9.1346929,
              38.7315262
            ],
            [
              -9.134602600000001,
              38.73152090000001
            ],
            [
              -9.1345515,
              38.7315179
            ],
            [
              -9.134560299999999,
              38.731429699999985
            ],
            [
              -9.1346968,
              38.73143780000001
            ]
          ]
        ]
      }
    },
    {
      "type": "Feature",
      "properties": {
        "area_id": "Alameda_Arro",
        "osm_uid": "cea/202",
        "osmid": "202",
        "element_type": "cea_zone",
        "building": "yes",
        "cea_name": "B1202",
        "intersection_area_m2": 162.39403707286633,
        "is_residential": true,
        "residential_source": "cea",
        "radiation_sum_kwh_year": 387853.701609375,
        "radiation_sum": 387853.701609375,
        "radiation_point_count": 268.0,
        "use_type1": "MULTI_RES",
        "use_type2": "NONE",
        "use_type3": "NONE",
        "resi_type": null,
        "comparison_status": "matched",
        "validation_radiation_kwh_year": 387853.701609375,
        "ucea_radiation_kwh_year": 287464.64999999956,
        "workflow0_radiation_kwh_year": 225402.73999999996,
        "validation_area_m2": 162.39403707286633,
        "ucea_roofs_top_m2": 225.2,
        "err_ucea_minus_validation_kwh_year": -100389.05160937546,
        "err_ucea_abs_kwh_year": 100389.05160937546,
        "err_ucea_pct_of_validation": -0.2588322637964193,
        "err_ucea_area_minus_validation_m2": 62.80596292713366,
        "err_ucea_area_pct_of_validation": 0.38675042544174565,
        "err_workflow0_minus_validation_kwh_year": -162450.96160937505,
        "err_workflow0_abs_kwh_year": 162450.96160937505,
        "err_workflow0_pct_of_validation": -0.41884597448804745
      },
      "geometry": {
        "type": "Polygon",
        "coordinates": [
          [
            [
              -9.133994499999998,
              38.729676
            ],
            [
              -9.1340165,
              38.72966439999999
            ],
            [
              -9.134027500000002,
              38.7296587
            ],
            [
              -9.134049500000001,
              38.7296471
            ],
            [
              -9.1340718,
              38.7296414
            ],
            [
              -9.134095299999998,
              38.72964009999999
            ],
            [
              -9.1341263,
              38.729641799999996
            ],
            [
              -9.1341413,
              38.72964269999999
            ],
            [
              -9.1341313,
              38.72975319999999
            ],
            [
              -9.1341035,
              38.729752399999995
            ],
            [
              -9.1340408,
              38.7297853
            ],
            [
              -9.133961499999998,
              38.729693399999995
            ],
            [
              -9.1339725,
              38.729687599999984
            ],
            [
              -9.133994499999998,
              38.729676
            ]
          ]
        ]
      }
    },
    {
      "type": "Feature",
      "properties": {
        "area_id": "Alameda_Arro",
        "osm_uid": "cea/203",
        "osmid": "203",
        "element_type": "cea_zone",
        "building": "yes",
        "cea_name": "B1203",
        "intersection_area_m2": 385.71222023833826,
        "is_residential": true,
        "residential_source": "cea",
        "radiation_sum_kwh_year": 804053.8466562501,
        "radiation_sum": 804053.8466562501,
        "radiation_point_count": 635.0,
        "use_type1": "MULTI_RES",
        "use_type2": "NONE",
        "use_type3": "NONE",
        "resi_type": null,
        "comparison_status": "matched",
        "validation_radiation_kwh_year": 804053.8466562501,
        "ucea_radiation_kwh_year": 542390.8600000001,
        "workflow0_radiation_kwh_year": 524733.1800000012,
        "validation_area_m2": 385.71222023833826,
        "ucea_roofs_top_m2": 398.61,
        "err_ucea_minus_validation_kwh_year": -261662.98665624997,
        "err_ucea_abs_kwh_year": 261662.98665624997,
        "err_ucea_pct_of_validation": -0.32542968079116275,
        "err_ucea_area_minus_validation_m2": 12.897779761661752,
        "err_ucea_area_pct_of_validation": 0.03343886733402429,
        "err_workflow0_minus_validation_kwh_year": -279320.66665624885,
        "err_workflow0_abs_kwh_year": 279320.66665624885,
        "err_workflow0_pct_of_validation": -0.3473904985565778
      },
      "geometry": {
        "type": "Polygon",
        "coordinates": [
          [
            [
              -9.134436999999998,
              38.727661100000006
            ],
            [
              -9.134455899999999,
              38.7274722
            ],
            [
              -9.1346664,
              38.72748510000001
            ],
            [
              -9.134647499999998,
              38.7276739
            ],
            [
              -9.134449599999998,
              38.7276618
            ],
            [
              -9.134436999999998,
              38.727661100000006
            ]
          ]
        ]
      }
    },
    {
      "type": "Feature",
      "properties": {
        "area_id": "Alameda_Arro",
        "osm_uid": "cea/204",
        "osmid": "204",
        "element_type": "cea_zone",
        "building": "yes",
        "cea_name": "B1204",
        "intersection_area_m2": 360.27826341885685,
        "is_residential": true,
        "residential_source": "cea",
        "radiation_sum_kwh_year": 721997.6384375,
        "radiation_sum": 721997.6384375,
        "radiation_point_count": 586.0,
        "use_type1": "MULTI_RES",
        "use_type2": "NONE",
        "use_type3": "NONE",
        "resi_type": null,
        "comparison_status": "matched",
        "validation_radiation_kwh_year": 721997.6384375,
        "ucea_radiation_kwh_year": 630373.5899999996,
        "workflow0_radiation_kwh_year": 532924.3300000007,
        "validation_area_m2": 360.27826341885685,
        "ucea_roofs_top_m2": 418.26,
        "err_ucea_minus_validation_kwh_year": -91624.04843750037,
        "err_ucea_abs_kwh_year": 91624.04843750037,
        "err_ucea_pct_of_validation": -0.12690352926331883,
        "err_ucea_area_minus_validation_m2": 57.98173658114314,
        "err_ucea_area_pct_of_validation": 0.16093598328948866,
        "err_workflow0_minus_validation_kwh_year": -189073.30843749933,
        "err_workflow0_abs_kwh_year": 189073.30843749933,
        "err_workflow0_pct_of_validation": -0.26187524497542597
      },
      "geometry": {
        "type": "Polygon",
        "coordinates": [
          [
            [
              -9.1370207,
              38.73032650000001
            ],
            [
              -9.137142,
              38.7303247
            ],
            [
              -9.1371834,
              38.73032419999999
            ],
            [
              -9.1371839,
              38.730352
            ],
            [
              -9.137219999999997,
              38.7303746
            ],
            [
              -9.137254699999998,
              38.730374099999985
            ],
            [
              -9.1372572,
              38.7305056
            ],
            [
              -9.1372018,
              38.7305069
            ],
            [
              -9.137192799999998,
              38.7304952
            ],
            [
              -9.137107099999998,
              38.7304972
            ],
            [
              -9.1370834,
              38.730508
            ],
            [
              -9.1370402,
              38.73049400000001
            ],
            [
              -9.1370242,
              38.7304616
            ],
            [
              -9.1370236,
              38.7304371
            ],
            [
              -9.1370211,
              38.73034049999999
            ],
            [
              -9.1370207,
              38.73032650000001
            ]
          ]
        ]
      }
    },
    {
      "type": "Feature",
      "properties": {
        "area_id": "Alameda_Arro",
        "osm_uid": "cea/205",
        "osmid": "205",
        "element_type": "cea_zone",
        "building": "yes",
        "cea_name": "B1205",
        "intersection_area_m2": 347.7039791299005,
        "is_residential": true,
        "residential_source": "cea",
        "radiation_sum_kwh_year": 755308.3149296875,
        "radiation_sum": 755308.3149296875,
        "radiation_point_count": 565.0,
        "use_type1": "MULTI_RES",
        "use_type2": "NONE",
        "use_type3": "NONE",
        "resi_type": null,
        "comparison_status": "matched",
        "validation_radiation_kwh_year": 755308.3149296875,
        "ucea_radiation_kwh_year": 556899.2500000005,
        "workflow0_radiation_kwh_year": 536559.4099999999,
        "validation_area_m2": 347.7039791299005,
        "ucea_roofs_top_m2": 406.17,
        "err_ucea_minus_validation_kwh_year": -198409.06492968707,
        "err_ucea_abs_kwh_year": 198409.06492968707,
        "err_ucea_pct_of_validation": -0.2626861918608127,
        "err_ucea_area_minus_validation_m2": 58.4660208700995,
        "err_ucea_area_pct_of_validation": 0.16814884033368188,
        "err_workflow0_minus_validation_kwh_year": -218748.90492968762,
        "err_workflow0_abs_kwh_year": 218748.90492968762,
        "err_workflow0_pct_of_validation": -0.2896153803762258
      },
      "geometry": {
        "type": "Polygon",
        "coordinates": [
          [
            [
              -9.1374023,
              38.73048969999998
            ],
            [
              -9.1373172,
              38.73049219999999
            ],
            [
              -9.1373053,
              38.7305045
            ],
            [
              -9.1372572,
              38.7305056
            ],
            [
              -9.137254699999998,
              38.730374099999985
            ],
            [
              -9.1373014,
              38.73037340000001
            ],
            [
              -9.1373326,
              38.730349199999985
            ],
            [
              -9.1373325,
              38.73032419999999
            ],
            [
              -9.137346499999998,
              38.7303234
            ],
            [
              -9.1373718,
              38.7303232
            ],
            [
              -9.1374812,
              38.73032150000001
            ],
            [
              -9.1374828,
              38.7303821
            ],
            [
              -9.137484,
              38.73042769999999
            ],
            [
              -9.137485,
              38.7304652
            ],
            [
              -9.137485599999998,
              38.7304901
            ],
            [
              -9.1374466,
              38.73050409999998
            ],
            [
              -9.1374023,
              38.73048969999998
            ]
          ]
        ]
      }
    },
    {
      "type": "Feature",
      "properties": {
        "area_id": "Alameda_Arro",
        "osm_uid": "cea/206",
        "osmid": "206",
        "element_type": "cea_zone",
        "building": "yes",
        "cea_name": "B1206",
        "intersection_area_m2": 147.4792266044081,
        "is_residential": true,
        "residential_source": "cea",
        "radiation_sum_kwh_year": 267722.3988125,
        "radiation_sum": 267722.3988125,
        "radiation_point_count": 233.0,
        "use_type1": "MULTI_RES",
        "use_type2": "NONE",
        "use_type3": "NONE",
        "resi_type": null,
        "comparison_status": "matched",
        "validation_radiation_kwh_year": 267722.3988125,
        "ucea_radiation_kwh_year": 228476.44000000024,
        "workflow0_radiation_kwh_year": 230782.53999999922,
        "validation_area_m2": 147.4792266044081,
        "ucea_roofs_top_m2": 147.48,
        "err_ucea_minus_validation_kwh_year": -39245.95881249977,
        "err_ucea_abs_kwh_year": 39245.95881249977,
        "err_ucea_pct_of_validation": -0.14659198851712726,
        "err_ucea_area_minus_validation_m2": 0.0007733955918922675,
        "err_ucea_area_pct_of_validation": 5.24409850593257e-06,
        "err_workflow0_minus_validation_kwh_year": -36939.85881250078,
        "err_workflow0_abs_kwh_year": 36939.85881250078,
        "err_workflow0_pct_of_validation": -0.13797821540651775
      },
      "geometry": {
        "type": "Polygon",
        "coordinates": [
          [
            [
              -9.137273499999997,
              38.729144899999994
            ],
            [
              -9.1372714,
              38.7290584
            ],
            [
              -9.137447999999997,
              38.7290558
            ],
            [
              -9.1374503,
              38.729142299999985
            ],
            [
              -9.137273499999997,
              38.729144899999994
            ]
          ]
        ]
      }
    },
    {
      "type": "Feature",
      "properties": {
        "area_id": "Alameda_Arro",
        "osm_uid": "cea/207",
        "osmid": "207",
        "element_type": "cea_zone",
        "building": "yes",
        "cea_name": "B1207",
        "intersection_area_m2": 190.48406851493044,
        "is_residential": true,
        "residential_source": "cea",
        "radiation_sum_kwh_year": 360186.624640625,
        "radiation_sum": 360186.624640625,
        "radiation_point_count": 319.0,
        "use_type1": "MULTI_RES",
        "use_type2": "NONE",
        "use_type3": "NONE",
        "resi_type": null,
        "comparison_status": "matched",
        "validation_radiation_kwh_year": 360186.624640625,
        "ucea_radiation_kwh_year": 306746.7399999996,
        "workflow0_radiation_kwh_year": 305998.58999999997,
        "validation_area_m2": 190.48406851493044,
        "ucea_roofs_top_m2": 194.77,
        "err_ucea_minus_validation_kwh_year": -53439.884640625445,
        "err_ucea_abs_kwh_year": 53439.884640625445,
        "err_ucea_pct_of_validation": -0.1483672101759606,
        "err_ucea_area_minus_validation_m2": 4.285931485069568,
        "err_ucea_area_pct_of_validation": 0.022500209694616167,
        "err_workflow0_minus_validation_kwh_year": -54188.03464062506,
        "err_workflow0_abs_kwh_year": 54188.03464062506,
        "err_workflow0_pct_of_validation": -0.15044432783891126
      },
      "geometry": {
        "type": "Polygon",
        "coordinates": [
          [
            [
              -9.1374812,
              38.73032150000001
            ],
            [
              -9.1373718,
              38.7303232
            ],
            [
              -9.1373674,
              38.7301425
            ],
            [
              -9.137476499999998,
              38.730140799999994
            ],
            [
              -9.1374812,
              38.73032150000001
            ]
          ]
        ]
      }
    },
    {
      "type": "Feature",
      "properties": {
        "area_id": "Alameda_Arro",
        "osm_uid": "cea/208",
        "osmid": "208",
        "element_type": "cea_zone",
        "building": "yes",
        "cea_name": "B1208",
        "intersection_area_m2": 130.74181994739706,
        "is_residential": true,
        "residential_source": "cea",
        "radiation_sum_kwh_year": 305117.253984375,
        "radiation_sum": 305117.253984375,
        "radiation_point_count": 214.0,
        "use_type1": "MULTI_RES",
        "use_type2": "NONE",
        "use_type3": "NONE",
        "resi_type": null,
        "comparison_status": "matched",
        "validation_radiation_kwh_year": 305117.253984375,
        "ucea_radiation_kwh_year": 224116.41000000027,
        "workflow0_radiation_kwh_year": 208120.3600000002,
        "validation_area_m2": 130.74181994739706,
        "ucea_roofs_top_m2": 136.38,
        "err_ucea_minus_validation_kwh_year": -81000.84398437472,
        "err_ucea_abs_kwh_year": 81000.84398437472,
        "err_ucea_pct_of_validation": -0.2654744788327269,
        "err_ucea_area_minus_validation_m2": 5.638180052602934,
        "err_ucea_area_pct_of_validation": 0.0431245339469147,
        "err_workflow0_minus_validation_kwh_year": -96996.8939843748,
        "err_workflow0_abs_kwh_year": 96996.8939843748,
        "err_workflow0_pct_of_validation": -0.31790038982633867
      },
      "geometry": {
        "type": "Polygon",
        "coordinates": [
          [
            [
              -9.1374277,
              38.72828489999999
            ],
            [
              -9.137430199999999,
              38.728376799999985
            ],
            [
              -9.1372828,
              38.728379299999986
            ],
            [
              -9.1372804,
              38.72828729999999
            ],
            [
              -9.1374277,
              38.72828489999999
            ]
          ]
        ]
      }
    },
    {
      "type": "Feature",
      "properties": {
        "area_id": "Alameda_Arro",
        "osm_uid": "cea/209",
        "osmid": "209",
        "element_type": "cea_zone",
        "building": "yes",
        "cea_name": "B1209",
        "intersection_area_m2": 128.6445894747109,
        "is_residential": true,
        "residential_source": "cea",
        "radiation_sum_kwh_year": 246652.0605625,
        "radiation_sum": 246652.0605625,
        "radiation_point_count": 214.0,
        "use_type1": "MULTI_RES",
        "use_type2": "NONE",
        "use_type3": "NONE",
        "resi_type": null,
        "comparison_status": "matched",
        "validation_radiation_kwh_year": 246652.0605625,
        "ucea_radiation_kwh_year": 206168.70999999996,
        "workflow0_radiation_kwh_year": 205551.1099999994,
        "validation_area_m2": 128.6445894747109,
        "ucea_roofs_top_m2": 129.94,
        "err_ucea_minus_validation_kwh_year": -40483.35056250004,
        "err_ucea_abs_kwh_year": 40483.35056250004,
        "err_ucea_pct_of_validation": -0.16413141033639095,
        "err_ucea_area_minus_validation_m2": 1.2954105252890997,
        "err_ucea_area_pct_of_validation": 0.010069685251269375,
        "err_workflow0_minus_validation_kwh_year": -41100.9505625006,
        "err_workflow0_abs_kwh_year": 41100.9505625006,
        "err_workflow0_pct_of_validation": -0.16663534238784877
      },
      "geometry": {
        "type": "Polygon",
        "coordinates": [
          [
            [
              -9.1369469,
              38.727515899999986
            ],
            [
              -9.1369463,
              38.727493399999986
            ],
            [
              -9.136945699999998,
              38.72747089999999
            ],
            [
              -9.1369451,
              38.727448399999986
            ],
            [
              -9.137063599999998,
              38.72744639999999
            ],
            [
              -9.137066599999999,
              38.72755889999999
            ],
            [
              -9.1369481,
              38.72756089999999
            ],
            [
              -9.136947499999998,
              38.72753839999999
            ],
            [
              -9.1369469,
              38.727515899999986
            ]
          ]
        ]
      }
    },
    {
      "type": "Feature",
      "properties": {
        "area_id": "Alameda_Arro",
        "osm_uid": "cea/210",
        "osmid": "210",
        "element_type": "cea_zone",
        "building": "yes",
        "cea_name": "B1210",
        "intersection_area_m2": 189.85556273436006,
        "is_residential": true,
        "residential_source": "cea",
        "radiation_sum_kwh_year": 302784.399765625,
        "radiation_sum": 302784.399765625,
        "radiation_point_count": 319.0,
        "use_type1": "MULTI_RES",
        "use_type2": "NONE",
        "use_type3": "NONE",
        "resi_type": null,
        "comparison_status": "matched",
        "validation_radiation_kwh_year": 302784.399765625,
        "ucea_radiation_kwh_year": 311417.2100000004,
        "workflow0_radiation_kwh_year": 305194.1699999988,
        "validation_area_m2": 189.85556273436006,
        "ucea_roofs_top_m2": 200.59,
        "err_ucea_minus_validation_kwh_year": 8632.810234375414,
        "err_ucea_abs_kwh_year": 8632.810234375414,
        "err_ucea_pct_of_validation": 0.02851141023466789,
        "err_ucea_area_minus_validation_m2": 10.73443726563994,
        "err_ucea_area_pct_of_validation": 0.05654001974468995,
        "err_workflow0_minus_validation_kwh_year": 2409.7702343738056,
        "err_workflow0_abs_kwh_year": 2409.7702343738056,
        "err_workflow0_pct_of_validation": 0.007958700105550767
      },
      "geometry": {
        "type": "Polygon",
        "coordinates": [
          [
            [
              -9.1374598,
              38.72950459999999
            ],
            [
              -9.1373026,
              38.72950699999999
            ],
            [
              -9.1372813,
              38.7295073
            ],
            [
              -9.1372786,
              38.729397
            ],
            [
              -9.1373084,
              38.72939649999999
            ],
            [
              -9.137456899999998,
              38.7293944
            ],
            [
              -9.1374598,
              38.72950459999999
            ]
          ]
        ]
      }
    },
    {
      "type": "Feature",
      "properties": {
        "area_id": "Alameda_Arro",
        "osm_uid": "cea/211",
        "osmid": "211",
        "element_type": "cea_zone",
        "building": "yes",
        "cea_name": "B1211",
        "intersection_area_m2": 206.92558015058563,
        "is_residential": true,
        "residential_source": "cea",
        "radiation_sum_kwh_year": 363005.019046875,
        "radiation_sum": 363005.019046875,
        "radiation_point_count": 345.0,
        "use_type1": "MULTI_RES",
        "use_type2": "NONE",
        "use_type3": "NONE",
        "resi_type": null,
        "comparison_status": "matched",
        "validation_radiation_kwh_year": 363005.019046875,
        "ucea_radiation_kwh_year": 301918.7299999999,
        "workflow0_radiation_kwh_year": 320200.68000000145,
        "validation_area_m2": 206.92558015058563,
        "ucea_roofs_top_m2": 206.93,
        "err_ucea_minus_validation_kwh_year": -61086.289046875085,
        "err_ucea_abs_kwh_year": 61086.289046875085,
        "err_ucea_pct_of_validation": -0.16827946127925847,
        "err_ucea_area_minus_validation_m2": 0.004419849414375676,
        "err_ucea_area_pct_of_validation": 2.1359608662975483e-05,
        "err_workflow0_minus_validation_kwh_year": -42804.33904687356,
        "err_workflow0_abs_kwh_year": 42804.33904687356,
        "err_workflow0_pct_of_validation": -0.11791665900174844
      },
      "geometry": {
        "type": "Polygon",
        "coordinates": [
          [
            [
              -9.1372449,
              38.727856299999985
            ],
            [
              -9.1372415,
              38.7277313
            ],
            [
              -9.1374131,
              38.727728499999984
            ],
            [
              -9.1374164,
              38.72785349999998
            ],
            [
              -9.1372449,
              38.727856299999985
            ]
          ]
        ]
      }
    },
    {
      "type": "Feature",
      "properties": {
        "area_id": "Alameda_Arro",
        "osm_uid": "cea/212",
        "osmid": "212",
        "element_type": "cea_zone",
        "building": "yes",
        "cea_name": "B1212",
        "intersection_area_m2": 112.80482551788286,
        "is_residential": true,
        "residential_source": "cea",
        "radiation_sum_kwh_year": 134535.14290625,
        "radiation_sum": 134535.14290625,
        "radiation_point_count": 179.0,
        "use_type1": "MULTI_RES",
        "use_type2": "NONE",
        "use_type3": "NONE",
        "resi_type": null,
        "comparison_status": "matched",
        "validation_radiation_kwh_year": 134535.14290625,
        "ucea_radiation_kwh_year": 172213.8100000004,
        "workflow0_radiation_kwh_year": 174964.69000000018,
        "validation_area_m2": 112.80482551788286,
        "ucea_roofs_top_m2": 112.79,
        "err_ucea_minus_validation_kwh_year": 37678.66709375041,
        "err_ucea_abs_kwh_year": 37678.66709375041,
        "err_ucea_pct_of_validation": 0.2800656117041966,
        "err_ucea_area_minus_validation_m2": -0.01482551788285491,
        "err_ucea_area_pct_of_validation": -0.00013142627378564257,
        "err_workflow0_minus_validation_kwh_year": 40429.54709375018,
        "err_workflow0_abs_kwh_year": 40429.54709375018,
        "err_workflow0_pct_of_validation": 0.3005129085262374
      },
      "geometry": {
        "type": "Polygon",
        "coordinates": [
          [
            [
              -9.136593899999998,
              38.728508299999994
            ],
            [
              -9.136592799999999,
              38.72842940000001
            ],
            [
              -9.1367405,
              38.7284265
            ],
            [
              -9.136741,
              38.7284458
            ],
            [
              -9.1367422,
              38.72849179999999
            ],
            [
              -9.136742499999999,
              38.728505399999996
            ],
            [
              -9.136593899999998,
              38.728508299999994
            ]
          ]
        ]
      }
    },
    {
      "type": "Feature",
      "properties": {
        "area_id": "Alameda_Arro",
        "osm_uid": "cea/213",
        "osmid": "213",
        "element_type": "cea_zone",
        "building": "yes",
        "cea_name": "B1213",
        "intersection_area_m2": 147.54722444519106,
        "is_residential": true,
        "residential_source": "cea",
        "radiation_sum_kwh_year": 259972.362515625,
        "radiation_sum": 259972.362515625,
        "radiation_point_count": 243.0,
        "use_type1": "MULTI_RES",
        "use_type2": "NONE",
        "use_type3": "NONE",
        "resi_type": null,
        "comparison_status": "matched",
        "validation_radiation_kwh_year": 259972.362515625,
        "ucea_radiation_kwh_year": 174849.15999999995,
        "workflow0_radiation_kwh_year": 166003.6600000002,
        "validation_area_m2": 147.54722444519106,
        "ucea_roofs_top_m2": 151.81,
        "err_ucea_minus_validation_kwh_year": -85123.20251562505,
        "err_ucea_abs_kwh_year": 85123.20251562505,
        "err_ucea_pct_of_validation": -0.3274317380968099,
        "err_ucea_area_minus_validation_m2": 4.26277555480894,
        "err_ucea_area_pct_of_validation": 0.02889092336936789,
        "err_workflow0_minus_validation_kwh_year": -93968.70251562478,
        "err_workflow0_abs_kwh_year": 93968.70251562478,
        "err_workflow0_pct_of_validation": -0.3614565087086018
      },
      "geometry": {
        "type": "Polygon",
        "coordinates": [
          [
            [
              -9.1364663,
              38.7272289
            ],
            [
              -9.136457999999998,
              38.72736199999999
            ],
            [
              -9.1363433,
              38.72735759999999
            ],
            [
              -9.1363516,
              38.72722459999999
            ],
            [
              -9.1364663,
              38.7272289
            ]
          ]
        ]
      }
    },
    {
      "type": "Feature",
      "properties": {
        "area_id": "Alameda_Arro",
        "osm_uid": "cea/214",
        "osmid": "214",
        "element_type": "cea_zone",
        "building": "yes",
        "cea_name": "B1214",
        "intersection_area_m2": 91.12902158703534,
        "is_residential": true,
        "residential_source": "cea",
        "radiation_sum_kwh_year": 154315.358171875,
        "radiation_sum": 154315.358171875,
        "radiation_point_count": 153.0,
        "use_type1": "MULTI_RES",
        "use_type2": "NONE",
        "use_type3": "NONE",
        "resi_type": null,
        "comparison_status": "matched",
        "validation_radiation_kwh_year": 154315.358171875,
        "ucea_radiation_kwh_year": 130608.59000000021,
        "workflow0_radiation_kwh_year": 133668.96999999997,
        "validation_area_m2": 91.12902158703534,
        "ucea_roofs_top_m2": 93.03,
        "err_ucea_minus_validation_kwh_year": -23706.76817187479,
        "err_ucea_abs_kwh_year": 23706.76817187479,
        "err_ucea_pct_of_validation": -0.15362546186407716,
        "err_ucea_area_minus_validation_m2": 1.9009784129646619,
        "err_ucea_area_pct_of_validation": 0.020860296531869146,
        "err_workflow0_minus_validation_kwh_year": -20646.388171875034,
        "err_workflow0_abs_kwh_year": 20646.388171875034,
        "err_workflow0_pct_of_validation": -0.1337934760121496
      },
      "geometry": {
        "type": "Polygon",
        "coordinates": [
          [
            [
              -9.136321399999998,
              38.7277116
            ],
            [
              -9.136434899999998,
              38.7277159
            ],
            [
              -9.1364298,
              38.7277989
            ],
            [
              -9.1363163,
              38.72779469999999
            ],
            [
              -9.136321399999998,
              38.7277116
            ]
          ]
        ]
      }
    },
    {
      "type": "Feature",
      "properties": {
        "area_id": "Alameda_Arro",
        "osm_uid": "cea/215",
        "osmid": "215",
        "element_type": "cea_zone",
        "building": "yes",
        "cea_name": "B1215",
        "intersection_area_m2": 168.2918093917029,
        "is_residential": true,
        "residential_source": "cea",
        "radiation_sum_kwh_year": 319366.076390625,
        "radiation_sum": 319366.076390625,
        "radiation_point_count": 280.0,
        "use_type1": "MULTI_RES",
        "use_type2": "NONE",
        "use_type3": "NONE",
        "resi_type": null,
        "comparison_status": "matched",
        "validation_radiation_kwh_year": 319366.076390625,
        "ucea_radiation_kwh_year": 220014.07000000012,
        "workflow0_radiation_kwh_year": 221069.67999999996,
        "validation_area_m2": 168.2918093917029,
        "ucea_roofs_top_m2": 168.54,
        "err_ucea_minus_validation_kwh_year": -99352.00639062485,
        "err_ucea_abs_kwh_year": 99352.00639062485,
        "err_ucea_pct_of_validation": -0.3110912953356537,
        "err_ucea_area_minus_validation_m2": 0.2481906082970795,
        "err_ucea_area_pct_of_validation": 0.0014747634432963424,
        "err_workflow0_minus_validation_kwh_year": -98296.39639062501,
        "err_workflow0_abs_kwh_year": 98296.39639062501,
        "err_workflow0_pct_of_validation": -0.3077859661913375
      },
      "geometry": {
        "type": "Polygon",
        "coordinates": [
          [
            [
              -9.136955,
              38.7278251
            ],
            [
              -9.1369543,
              38.72779569999998
            ],
            [
              -9.1370729,
              38.72779370000001
            ],
            [
              -9.1370769,
              38.72794059999999
            ],
            [
              -9.1369581,
              38.7279426
            ],
            [
              -9.136957299999999,
              38.727913199999996
            ],
            [
              -9.136956599999998,
              38.7278838
            ],
            [
              -9.1369558,
              38.7278545
            ],
            [
              -9.136955,
              38.7278251
            ]
          ]
        ]
      }
    },
    {
      "type": "Feature",
      "properties": {
        "area_id": "Alameda_Arro",
        "osm_uid": "cea/216",
        "osmid": "216",
        "element_type": "cea_zone",
        "building": "yes",
        "cea_name": "B1216",
        "intersection_area_m2": 170.9048311603509,
        "is_residential": true,
        "residential_source": "cea",
        "radiation_sum_kwh_year": 333411.790578125,
        "radiation_sum": 333411.790578125,
        "radiation_point_count": 285.0,
        "use_type1": "MULTI_RES",
        "use_type2": "NONE",
        "use_type3": "NONE",
        "resi_type": null,
        "comparison_status": "matched",
        "validation_radiation_kwh_year": 333411.790578125,
        "ucea_radiation_kwh_year": 276933.37000000034,
        "workflow0_radiation_kwh_year": 249272.05000000005,
        "validation_area_m2": 170.9048311603509,
        "ucea_roofs_top_m2": 182.68,
        "err_ucea_minus_validation_kwh_year": -56478.42057812464,
        "err_ucea_abs_kwh_year": 56478.42057812464,
        "err_ucea_pct_of_validation": -0.16939539084743505,
        "err_ucea_area_minus_validation_m2": 11.775168839649098,
        "err_ucea_area_pct_of_validation": 0.06889898172978552,
        "err_workflow0_minus_validation_kwh_year": -84139.74057812494,
        "err_workflow0_abs_kwh_year": 84139.74057812494,
        "err_workflow0_pct_of_validation": -0.25235982336506285
      },
      "geometry": {
        "type": "Polygon",
        "coordinates": [
          [
            [
              -9.136999999999999,
              38.72953749999999
            ],
            [
              -9.1369995,
              38.72952009999999
            ],
            [
              -9.1371389,
              38.7295181
            ],
            [
              -9.137141599999998,
              38.7296518
            ],
            [
              -9.137002699999998,
              38.7296413
            ],
            [
              -9.137002,
              38.729615900000006
            ],
            [
              -9.1370014,
              38.7295898
            ],
            [
              -9.1370007,
              38.729563599999985
            ],
            [
              -9.136999999999999,
              38.72953749999999
            ]
          ]
        ]
      }
    },
    {
      "type": "Feature",
      "properties": {
        "area_id": "Alameda_Arro",
        "osm_uid": "cea/217",
        "osmid": "217",
        "element_type": "cea_zone",
        "building": "yes",
        "cea_name": "B1217",
        "intersection_area_m2": 228.5655601558859,
        "is_residential": true,
        "residential_source": "cea",
        "radiation_sum_kwh_year": 452604.0575,
        "radiation_sum": 452604.0575,
        "radiation_point_count": 393.0,
        "use_type1": "MULTI_RES",
        "use_type2": "NONE",
        "use_type3": "NONE",
        "resi_type": null,
        "comparison_status": "matched",
        "validation_radiation_kwh_year": 452604.0575,
        "ucea_radiation_kwh_year": 396868.3600000008,
        "workflow0_radiation_kwh_year": 341888.49999999924,
        "validation_area_m2": 228.5655601558859,
        "ucea_roofs_top_m2": 248.13,
        "err_ucea_minus_validation_kwh_year": -55735.697499999194,
        "err_ucea_abs_kwh_year": 55735.697499999194,
        "err_ucea_pct_of_validation": -0.12314449368364135,
        "err_ucea_area_minus_validation_m2": 19.564439844114105,
        "err_ucea_area_pct_of_validation": 0.08559662195289089,
        "err_workflow0_minus_validation_kwh_year": -110715.55750000075,
        "err_workflow0_abs_kwh_year": 110715.55750000075,
        "err_workflow0_pct_of_validation": -0.244619012280951
      },
      "geometry": {
        "type": "Polygon",
        "coordinates": [
          [
            [
              -9.137138,
              38.730144800000005
            ],
            [
              -9.1371389,
              38.7301836
            ],
            [
              -9.1371563,
              38.7301834
            ],
            [
              -9.1371587,
              38.730285899999984
            ],
            [
              -9.137141099999997,
              38.7302862
            ],
            [
              -9.137142,
              38.7303247
            ],
            [
              -9.1370207,
              38.73032650000001
            ],
            [
              -9.137019599999999,
              38.7302854
            ],
            [
              -9.137018699999999,
              38.730249699999995
            ],
            [
              -9.137017700000001,
              38.73021409999998
            ],
            [
              -9.137015999999997,
              38.730146500000004
            ],
            [
              -9.137138,
              38.730144800000005
            ]
          ]
        ]
      }
    },
    {
      "type": "Feature",
      "properties": {
        "area_id": "Alameda_Arro",
        "osm_uid": "cea/218",
        "osmid": "218",
        "element_type": "cea_zone",
        "building": "yes",
        "cea_name": "B1218",
        "intersection_area_m2": 190.31847869975837,
        "is_residential": true,
        "residential_source": "cea",
        "radiation_sum_kwh_year": 436834.087984375,
        "radiation_sum": 436834.087984375,
        "radiation_point_count": 324.0,
        "use_type1": "MULTI_RES",
        "use_type2": "NONE",
        "use_type3": "NONE",
        "resi_type": null,
        "comparison_status": "matched",
        "validation_radiation_kwh_year": 436834.087984375,
        "ucea_radiation_kwh_year": 168021.97000000012,
        "workflow0_radiation_kwh_year": 167158.31999999948,
        "validation_area_m2": 190.31847869975837,
        "ucea_roofs_top_m2": 198.68,
        "err_ucea_minus_validation_kwh_year": -268812.11798437487,
        "err_ucea_abs_kwh_year": 268812.11798437487,
        "err_ucea_pct_of_validation": -0.615364334831832,
        "err_ucea_area_minus_validation_m2": 8.361521300241634,
        "err_ucea_area_pct_of_validation": 0.043934363900798926,
        "err_workflow0_minus_validation_kwh_year": -269675.76798437553,
        "err_workflow0_abs_kwh_year": 269675.76798437553,
        "err_workflow0_pct_of_validation": -0.6173414012370332
      },
      "geometry": {
        "type": "Polygon",
        "coordinates": [
          [
            [
              -9.1372804,
              38.72828729999999
            ],
            [
              -9.137276800000002,
              38.72815349999999
            ],
            [
              -9.1374242,
              38.728151
            ],
            [
              -9.1374277,
              38.72828489999999
            ],
            [
              -9.1372804,
              38.72828729999999
            ]
          ]
        ]
      }
    },
    {
      "type": "Feature",
      "properties": {
        "area_id": "Alameda_Arro",
        "osm_uid": "cea/219",
        "osmid": "219",
        "element_type": "cea_zone",
        "building": "yes",
        "cea_name": "B1219",
        "intersection_area_m2": 214.02887064054454,
        "is_residential": true,
        "residential_source": "cea",
        "radiation_sum_kwh_year": 397602.795375,
        "radiation_sum": 397602.795375,
        "radiation_point_count": 352.0,
        "use_type1": "MULTI_RES",
        "use_type2": "NONE",
        "use_type3": "NONE",
        "resi_type": null,
        "comparison_status": "matched",
        "validation_radiation_kwh_year": 397602.795375,
        "ucea_radiation_kwh_year": 310480.5899999992,
        "workflow0_radiation_kwh_year": 320631.64999999915,
        "validation_area_m2": 214.02887064054454,
        "ucea_roofs_top_m2": 221.44,
        "err_ucea_minus_validation_kwh_year": -87122.20537500078,
        "err_ucea_abs_kwh_year": 87122.20537500078,
        "err_ucea_pct_of_validation": -0.21911869430603795,
        "err_ucea_area_minus_validation_m2": 7.411129359455458,
        "err_ucea_area_pct_of_validation": 0.03462677412292775,
        "err_workflow0_minus_validation_kwh_year": -76971.14537500084,
        "err_workflow0_abs_kwh_year": 76971.14537500084,
        "err_workflow0_pct_of_validation": -0.19358803879234632
      },
      "geometry": {
        "type": "Polygon",
        "coordinates": [
          [
            [
              -9.1364298,
              38.7277989
            ],
            [
              -9.1364177,
              38.727993999999995
            ],
            [
              -9.1363042,
              38.7279897
            ],
            [
              -9.1363163,
              38.72779469999999
            ],
            [
              -9.1364298,
              38.7277989
            ]
          ]
        ]
      }
    },
    {
      "type": "Feature",
      "properties": {
        "area_id": "Alameda_Arro",
        "osm_uid": "cea/220",
        "osmid": "220",
        "element_type": "cea_zone",
        "building": "yes",
        "cea_name": "B1220",
        "intersection_area_m2": 146.90989672407088,
        "is_residential": true,
        "residential_source": "cea",
        "radiation_sum_kwh_year": 318928.8149375,
        "radiation_sum": 318928.8149375,
        "radiation_point_count": 247.0,
        "use_type1": "MULTI_RES",
        "use_type2": "NONE",
        "use_type3": "NONE",
        "resi_type": null,
        "comparison_status": "matched",
        "validation_radiation_kwh_year": 318928.8149375,
        "ucea_radiation_kwh_year": 238451.02999999985,
        "workflow0_radiation_kwh_year": 236444.76999999952,
        "validation_area_m2": 146.90989672407088,
        "ucea_roofs_top_m2": 151.58,
        "err_ucea_minus_validation_kwh_year": -80477.78493750014,
        "err_ucea_abs_kwh_year": 80477.78493750014,
        "err_ucea_pct_of_validation": -0.2523377668250868,
        "err_ucea_area_minus_validation_m2": 4.6701032759291365,
        "err_ucea_area_pct_of_validation": 0.031788894962608394,
        "err_workflow0_minus_validation_kwh_year": -82484.04493750047,
        "err_workflow0_abs_kwh_year": 82484.04493750047,
        "err_workflow0_pct_of_validation": -0.25862838688208445
      },
      "geometry": {
        "type": "Polygon",
        "coordinates": [
          [
            [
              -9.1369995,
              38.72952009999999
            ],
            [
              -9.1369979,
              38.72945730000001
            ],
            [
              -9.1369967,
              38.729411
            ],
            [
              -9.137136300000002,
              38.729408899999996
            ],
            [
              -9.1371389,
              38.7295181
            ],
            [
              -9.1369995,
              38.72952009999999
            ]
          ]
        ]
      }
    },
    {
      "type": "Feature",
      "properties": {
        "area_id": "Alameda_Arro",
        "osm_uid": "cea/221",
        "osmid": "221",
        "element_type": "cea_zone",
        "building": "yes",
        "cea_name": "B1221",
        "intersection_area_m2": 115.00216046341227,
        "is_residential": true,
        "residential_source": "cea",
        "radiation_sum_kwh_year": 224126.52875,
        "radiation_sum": 224126.52875,
        "radiation_point_count": 190.0,
        "use_type1": "MULTI_RES",
        "use_type2": "NONE",
        "use_type3": "NONE",
        "resi_type": null,
        "comparison_status": "matched",
        "validation_radiation_kwh_year": 224126.52875,
        "ucea_radiation_kwh_year": 221895.95999999982,
        "workflow0_radiation_kwh_year": 188111.18000000008,
        "validation_area_m2": 115.00216046341227,
        "ucea_roofs_top_m2": 139.23,
        "err_ucea_minus_validation_kwh_year": -2230.5687500001804,
        "err_ucea_abs_kwh_year": 2230.5687500001804,
        "err_ucea_pct_of_validation": -0.009952274558663465,
        "err_ucea_area_minus_validation_m2": 24.227839536587723,
        "err_ucea_area_pct_of_validation": 0.21067290769981462,
        "err_workflow0_minus_validation_kwh_year": -36015.34874999992,
        "err_workflow0_abs_kwh_year": 36015.34874999992,
        "err_workflow0_pct_of_validation": -0.16069203833595677
      },
      "geometry": {
        "type": "Polygon",
        "coordinates": [
          [
            [
              -9.137014899999999,
              38.730105399999985
            ],
            [
              -9.137013599999998,
              38.730056
            ],
            [
              -9.1371376,
              38.7300542
            ],
            [
              -9.137138399999998,
              38.7300873
            ],
            [
              -9.137169,
              38.730086899999996
            ],
            [
              -9.1371696,
              38.73011169999999
            ],
            [
              -9.1371372,
              38.730112199999986
            ],
            [
              -9.137138,
              38.730144800000005
            ],
            [
              -9.137015999999997,
              38.730146500000004
            ],
            [
              -9.137014899999999,
              38.730105399999985
            ]
          ]
        ]
      }
    },
    {
      "type": "Feature",
      "properties": {
        "area_id": "Alameda_Arro",
        "osm_uid": "cea/223",
        "osmid": "223",
        "element_type": "cea_zone",
        "building": "yes",
        "cea_name": "B1223",
        "intersection_area_m2": 212.27143782606828,
        "is_residential": true,
        "residential_source": "cea",
        "radiation_sum_kwh_year": 399813.1256875,
        "radiation_sum": 399813.1256875,
        "radiation_point_count": 345.0,
        "use_type1": "MULTI_RES",
        "use_type2": "NONE",
        "use_type3": "NONE",
        "resi_type": null,
        "comparison_status": "matched",
        "validation_radiation_kwh_year": 399813.1256875,
        "ucea_radiation_kwh_year": 318904.8300000003,
        "workflow0_radiation_kwh_year": 319332.4099999991,
        "validation_area_m2": 212.27143782606828,
        "ucea_roofs_top_m2": 215.91,
        "err_ucea_minus_validation_kwh_year": -80908.29568749969,
        "err_ucea_abs_kwh_year": 80908.29568749969,
        "err_ucea_pct_of_validation": -0.20236528140083834,
        "err_ucea_area_minus_validation_m2": 3.6385621739317173,
        "err_ucea_area_pct_of_validation": 0.017141082244484986,
        "err_workflow0_minus_validation_kwh_year": -80480.7156875009,
        "err_workflow0_abs_kwh_year": 80480.7156875009,
        "err_workflow0_pct_of_validation": -0.2012958317691797
      },
      "geometry": {
        "type": "Polygon",
        "coordinates": [
          [
            [
              -9.136381299999998,
              38.72858089999999
            ],
            [
              -9.136267799999999,
              38.7285767
            ],
            [
              -9.1362798,
              38.72838320000001
            ],
            [
              -9.1363933,
              38.7283875
            ],
            [
              -9.136381299999998,
              38.72858089999999
            ]
          ]
        ]
      }
    },
    {
      "type": "Feature",
      "properties": {
        "area_id": "Alameda_Arro",
        "osm_uid": "cea/224",
        "osmid": "224",
        "element_type": "cea_zone",
        "building": "yes",
        "cea_name": "B1224",
        "intersection_area_m2": 124.28354259331996,
        "is_residential": true,
        "residential_source": "cea",
        "radiation_sum_kwh_year": 265090.364671875,
        "radiation_sum": 265090.364671875,
        "radiation_point_count": 203.0,
        "use_type1": "MULTI_RES",
        "use_type2": "NONE",
        "use_type3": "NONE",
        "resi_type": null,
        "comparison_status": "matched",
        "validation_radiation_kwh_year": 265090.364671875,
        "ucea_radiation_kwh_year": 196587.87999999995,
        "workflow0_radiation_kwh_year": 196803.1900000002,
        "validation_area_m2": 124.28354259331996,
        "ucea_roofs_top_m2": 124.27,
        "err_ucea_minus_validation_kwh_year": -68502.48467187508,
        "err_ucea_abs_kwh_year": 68502.48467187508,
        "err_ucea_pct_of_validation": -0.25841182404598695,
        "err_ucea_area_minus_validation_m2": -0.013542593319968432,
        "err_ucea_area_pct_of_validation": -0.00010896529852132108,
        "err_workflow0_minus_validation_kwh_year": -68287.17467187482,
        "err_workflow0_abs_kwh_year": 68287.17467187482,
        "err_workflow0_pct_of_validation": -0.2575996104437809
      },
      "geometry": {
        "type": "Polygon",
        "coordinates": [
          [
            [
              -9.136960999999998,
              38.728050999999994
            ],
            [
              -9.136960099999998,
              38.72801829999999
            ],
            [
              -9.1369589,
              38.727973
            ],
            [
              -9.1369581,
              38.7279426
            ],
            [
              -9.1370769,
              38.72794059999999
            ],
            [
              -9.1370798,
              38.728049000000006
            ],
            [
              -9.136960999999998,
              38.728050999999994
            ]
          ]
        ]
      }
    },
    {
      "type": "Feature",
      "properties": {
        "area_id": "Alameda_Arro",
        "osm_uid": "cea/225",
        "osmid": "225",
        "element_type": "cea_zone",
        "building": "yes",
        "cea_name": "B1225",
        "intersection_area_m2": 145.69093374439612,
        "is_residential": true,
        "residential_source": "cea",
        "radiation_sum_kwh_year": 298334.5015,
        "radiation_sum": 298334.5015,
        "radiation_point_count": 242.0,
        "use_type1": "MULTI_RES",
        "use_type2": "NONE",
        "use_type3": "NONE",
        "resi_type": null,
        "comparison_status": "matched",
        "validation_radiation_kwh_year": 298334.5015,
        "ucea_radiation_kwh_year": 198863.53000000003,
        "workflow0_radiation_kwh_year": 188729.64000000004,
        "validation_area_m2": 145.69093374439612,
        "ucea_roofs_top_m2": 148.79,
        "err_ucea_minus_validation_kwh_year": -99470.97149999999,
        "err_ucea_abs_kwh_year": 99470.97149999999,
        "err_ucea_pct_of_validation": -0.333420945280779,
        "err_ucea_area_minus_validation_m2": 3.099066255603873,
        "err_ucea_area_pct_of_validation": 0.02127151069702768,
        "err_workflow0_minus_validation_kwh_year": -109604.86149999997,
        "err_workflow0_abs_kwh_year": 109604.86149999997,
        "err_workflow0_pct_of_validation": -0.3673891586421156
      },
      "geometry": {
        "type": "Polygon",
        "coordinates": [
          [
            [
              -9.1369533,
              38.7277593
            ],
            [
              -9.1369528,
              38.7277411
            ],
            [
              -9.1369524,
              38.72772299999999
            ],
            [
              -9.136951899999998,
              38.72770479999999
            ],
            [
              -9.1369514,
              38.7276866
            ],
            [
              -9.136950899999999,
              38.7276684
            ],
            [
              -9.1370695,
              38.7276664
            ],
            [
              -9.1370729,
              38.72779370000001
            ],
            [
              -9.1369543,
              38.72779569999998
            ],
            [
              -9.136953799999999,
              38.727777499999995
            ],
            [
              -9.1369533,
              38.7277593
            ]
          ]
        ]
      }
    },
    {
      "type": "Feature",
      "properties": {
        "area_id": "Alameda_Arro",
        "osm_uid": "cea/226",
        "osmid": "226",
        "element_type": "cea_zone",
        "building": "yes",
        "cea_name": "B1226",
        "intersection_area_m2": 210.58578629039178,
        "is_residential": true,
        "residential_source": "cea",
        "radiation_sum_kwh_year": 347270.06503125,
        "radiation_sum": 347270.06503125,
        "radiation_point_count": 344.0,
        "use_type1": "MULTI_RES",
        "use_type2": "NONE",
        "use_type3": "NONE",
        "resi_type": null,
        "comparison_status": "matched",
        "validation_radiation_kwh_year": 347270.06503125,
        "ucea_radiation_kwh_year": 304150.8799999993,
        "workflow0_radiation_kwh_year": 293539.44999999995,
        "validation_area_m2": 210.58578629039178,
        "ucea_roofs_top_m2": 218.9,
        "err_ucea_minus_validation_kwh_year": -43119.1850312507,
        "err_ucea_abs_kwh_year": 43119.1850312507,
        "err_ucea_pct_of_validation": -0.12416614437345905,
        "err_ucea_area_minus_validation_m2": 8.314213709608225,
        "err_ucea_area_pct_of_validation": 0.039481362232791736,
        "err_workflow0_minus_validation_kwh_year": -53730.615031250054,
        "err_workflow0_abs_kwh_year": 53730.615031250054,
        "err_workflow0_pct_of_validation": -0.15472285244746034
      },
      "geometry": {
        "type": "Polygon",
        "coordinates": [
          [
            [
              -9.136994499999998,
              38.7293271
            ],
            [
              -9.136992899999997,
              38.72926919999998
            ],
            [
              -9.1371471,
              38.729267
            ],
            [
              -9.137150499999999,
              38.7294087
            ],
            [
              -9.137136300000002,
              38.729408899999996
            ],
            [
              -9.1369967,
              38.729411
            ],
            [
              -9.136995499999998,
              38.7293651
            ],
            [
              -9.136994499999998,
              38.7293271
            ]
          ]
        ]
      }
    },
    {
      "type": "Feature",
      "properties": {
        "area_id": "Alameda_Arro",
        "osm_uid": "cea/227",
        "osmid": "227",
        "element_type": "cea_zone",
        "building": "yes",
        "cea_name": "B1227",
        "intersection_area_m2": 114.96796713187248,
        "is_residential": true,
        "residential_source": "cea",
        "radiation_sum_kwh_year": 232083.1145625,
        "radiation_sum": 232083.1145625,
        "radiation_point_count": 185.0,
        "use_type1": "MULTI_RES",
        "use_type2": "NONE",
        "use_type3": "NONE",
        "resi_type": null,
        "comparison_status": "matched",
        "validation_radiation_kwh_year": 232083.1145625,
        "ucea_radiation_kwh_year": 185499.1800000003,
        "workflow0_radiation_kwh_year": 191156.4299999992,
        "validation_area_m2": 114.96796713187248,
        "ucea_roofs_top_m2": 117.02,
        "err_ucea_minus_validation_kwh_year": -46583.93456249969,
        "err_ucea_abs_kwh_year": 46583.93456249969,
        "err_ucea_pct_of_validation": -0.20072091263647115,
        "err_ucea_area_minus_validation_m2": 2.0520328681275117,
        "err_ucea_area_pct_of_validation": 0.017848735776755578,
        "err_workflow0_minus_validation_kwh_year": -40926.6845625008,
        "err_workflow0_abs_kwh_year": 40926.6845625008,
        "err_workflow0_pct_of_validation": -0.17634494710936516
      },
      "geometry": {
        "type": "Polygon",
        "coordinates": [
          [
            [
              -9.137012,
              38.729994099999985
            ],
            [
              -9.1370115,
              38.72997569999999
            ],
            [
              -9.1370112,
              38.7299653
            ],
            [
              -9.1371362,
              38.72996349999999
            ],
            [
              -9.137137000000001,
              38.729999299999996
            ],
            [
              -9.1371661,
              38.72999879999999
            ],
            [
              -9.1371666,
              38.73002
            ],
            [
              -9.1371368,
              38.73002050000001
            ],
            [
              -9.1371376,
              38.7300542
            ],
            [
              -9.137013599999998,
              38.730056
            ],
            [
              -9.1370124,
              38.73001239999999
            ],
            [
              -9.137012,
              38.729994099999985
            ]
          ]
        ]
      }
    },
    {
      "type": "Feature",
      "properties": {
        "area_id": "Alameda_Arro",
        "osm_uid": "cea/228",
        "osmid": "228",
        "element_type": "cea_zone",
        "building": "yes",
        "cea_name": "B1228",
        "intersection_area_m2": 157.98336786174738,
        "is_residential": true,
        "residential_source": "cea",
        "radiation_sum_kwh_year": 300214.46125,
        "radiation_sum": 300214.46125,
        "radiation_point_count": 268.0,
        "use_type1": "MULTI_RES",
        "use_type2": "NONE",
        "use_type3": "NONE",
        "resi_type": null,
        "comparison_status": "matched",
        "validation_radiation_kwh_year": 300214.46125,
        "ucea_radiation_kwh_year": 201282.35000000053,
        "workflow0_radiation_kwh_year": 204862.99999999913,
        "validation_area_m2": 157.98336786174738,
        "ucea_roofs_top_m2": 155.56,
        "err_ucea_minus_validation_kwh_year": -98932.11124999946,
        "err_ucea_abs_kwh_year": 98932.11124999946,
        "err_ucea_pct_of_validation": -0.32953812697122187,
        "err_ucea_area_minus_validation_m2": -2.42336786174738,
        "err_ucea_area_pct_of_validation": -0.015339386003393029,
        "err_workflow0_minus_validation_kwh_year": -95351.46125000087,
        "err_workflow0_abs_kwh_year": 95351.46125000087,
        "err_workflow0_pct_of_validation": -0.3176111532168934
      },
      "geometry": {
        "type": "Polygon",
        "coordinates": [
          [
            [
              -9.1365965,
              38.7286779
            ],
            [
              -9.136747,
              38.728674999999996
            ],
            [
              -9.1367477,
              38.728700899999986
            ],
            [
              -9.1367484,
              38.72872850000002
            ],
            [
              -9.136749099999998,
              38.728756
            ],
            [
              -9.136749799999999,
              38.72878349999999
            ],
            [
              -9.136604,
              38.728786899999996
            ],
            [
              -9.1365983,
              38.728770100000006
            ],
            [
              -9.136598,
              38.72875739999999
            ],
            [
              -9.1365965,
              38.7286779
            ]
          ]
        ]
      }
    },
    {
      "type": "Feature",
      "properties": {
        "area_id": "Alameda_Arro",
        "osm_uid": "cea/229",
        "osmid": "229",
        "element_type": "cea_zone",
        "building": "yes",
        "cea_name": "B1229",
        "intersection_area_m2": 221.54920920084092,
        "is_residential": true,
        "residential_source": "cea",
        "radiation_sum_kwh_year": 386192.19346875,
        "radiation_sum": 386192.19346875,
        "radiation_point_count": 370.0,
        "use_type1": "MULTI_RES",
        "use_type2": "NONE",
        "use_type3": "NONE",
        "resi_type": null,
        "comparison_status": "matched",
        "validation_radiation_kwh_year": 386192.19346875,
        "ucea_radiation_kwh_year": 327445.89000000054,
        "workflow0_radiation_kwh_year": 326856.05000000005,
        "validation_area_m2": 221.54920920084092,
        "ucea_roofs_top_m2": 225.78,
        "err_ucea_minus_validation_kwh_year": -58746.30346874945,
        "err_ucea_abs_kwh_year": 58746.30346874945,
        "err_ucea_pct_of_validation": -0.15211675549703493,
        "err_ucea_area_minus_validation_m2": 4.230790799159081,
        "err_ucea_area_pct_of_validation": 0.019096393141822248,
        "err_workflow0_minus_validation_kwh_year": -59336.14346874994,
        "err_workflow0_abs_kwh_year": 59336.14346874994,
        "err_workflow0_pct_of_validation": -0.1536440779286527
      },
      "geometry": {
        "type": "Polygon",
        "coordinates": [
          [
            [
              -9.1363933,
              38.7283875
            ],
            [
              -9.1362798,
              38.72838320000001
            ],
            [
              -9.1362923,
              38.7281813
            ],
            [
              -9.1364058,
              38.7281856
            ],
            [
              -9.1363933,
              38.7283875
            ]
          ]
        ]
      }
    },
    {
      "type": "Feature",
      "properties": {
        "area_id": "Alameda_Arro",
        "osm_uid": "cea/230",
        "osmid": "230",
        "element_type": "cea_zone",
        "building": "yes",
        "cea_name": "B1230",
        "intersection_area_m2": 148.3728262383337,
        "is_residential": true,
        "residential_source": "cea",
        "radiation_sum_kwh_year": 281980.961578125,
        "radiation_sum": 281980.961578125,
        "radiation_point_count": 240.0,
        "use_type1": "MULTI_RES",
        "use_type2": "NONE",
        "use_type3": "NONE",
        "resi_type": null,
        "comparison_status": "matched",
        "validation_radiation_kwh_year": 281980.961578125,
        "ucea_radiation_kwh_year": 231911.11000000042,
        "workflow0_radiation_kwh_year": 229074.10000000044,
        "validation_area_m2": 148.3728262383337,
        "ucea_roofs_top_m2": 151.66,
        "err_ucea_minus_validation_kwh_year": -50069.851578124595,
        "err_ucea_abs_kwh_year": 50069.851578124595,
        "err_ucea_pct_of_validation": -0.17756465293935228,
        "err_ucea_area_minus_validation_m2": 3.2871737616663097,
        "err_ucea_area_pct_of_validation": 0.02215482339324095,
        "err_workflow0_minus_validation_kwh_year": -52906.861578124575,
        "err_workflow0_abs_kwh_year": 52906.861578124575,
        "err_workflow0_pct_of_validation": -0.18762565132776285
      },
      "geometry": {
        "type": "Polygon",
        "coordinates": [
          [
            [
              -9.1369871,
              38.72903920000001
            ],
            [
              -9.1369863,
              38.7290174
            ],
            [
              -9.1369857,
              38.728995299999994
            ],
            [
              -9.1369852,
              38.72897329999999
            ],
            [
              -9.136984600000002,
              38.7289512
            ],
            [
              -9.136983999999998,
              38.7289292
            ],
            [
              -9.136983599999999,
              38.728913
            ],
            [
              -9.1371055,
              38.72891109999999
            ],
            [
              -9.1371086,
              38.7290374
            ],
            [
              -9.1369871,
              38.72903920000001
            ]
          ]
        ]
      }
    },
    {
      "type": "Feature",
      "properties": {
        "area_id": "Alameda_Arro",
        "osm_uid": "cea/231",
        "osmid": "231",
        "element_type": "cea_zone",
        "building": "yes",
        "cea_name": "B1231",
        "intersection_area_m2": 96.66729640178592,
        "is_residential": true,
        "residential_source": "cea",
        "radiation_sum_kwh_year": 158767.828953125,
        "radiation_sum": 158767.828953125,
        "radiation_point_count": 156.0,
        "use_type1": "MULTI_RES",
        "use_type2": "NONE",
        "use_type3": "NONE",
        "resi_type": null,
        "comparison_status": "matched",
        "validation_radiation_kwh_year": 158767.828953125,
        "ucea_radiation_kwh_year": 153908.87999999995,
        "workflow0_radiation_kwh_year": 153862.9200000002,
        "validation_area_m2": 96.66729640178592,
        "ucea_roofs_top_m2": 98.46,
        "err_ucea_minus_validation_kwh_year": -4858.948953125044,
        "err_ucea_abs_kwh_year": 4858.948953125044,
        "err_ucea_pct_of_validation": -0.03060411536243663,
        "err_ucea_area_minus_validation_m2": 1.792703598214075,
        "err_ucea_area_pct_of_validation": 0.0185450888246933,
        "err_workflow0_minus_validation_kwh_year": -4904.908953124803,
        "err_workflow0_abs_kwh_year": 4904.908953124803,
        "err_workflow0_pct_of_validation": -0.03089359466251151
      },
      "geometry": {
        "type": "Polygon",
        "coordinates": [
          [
            [
              -9.136944299999998,
              38.727414599999996
            ],
            [
              -9.1369438,
              38.7273976
            ],
            [
              -9.136943399999998,
              38.72738069999999
            ],
            [
              -9.1369429,
              38.7273638
            ],
            [
              -9.1370613,
              38.72736179999999
            ],
            [
              -9.137063599999998,
              38.72744639999999
            ],
            [
              -9.1369451,
              38.727448399999986
            ],
            [
              -9.136944699999999,
              38.7274315
            ],
            [
              -9.136944299999998,
              38.727414599999996
            ]
          ]
        ]
      }
    },
    {
      "type": "Feature",
      "properties": {
        "area_id": "Alameda_Arro",
        "osm_uid": "cea/232",
        "osmid": "232",
        "element_type": "cea_zone",
        "building": "yes",
        "cea_name": "B1232",
        "intersection_area_m2": 69.12557208437084,
        "is_residential": true,
        "residential_source": "cea",
        "radiation_sum_kwh_year": 122399.715375,
        "radiation_sum": 122399.715375,
        "radiation_point_count": 111.0,
        "use_type1": "MULTI_RES",
        "use_type2": "NONE",
        "use_type3": "NONE",
        "resi_type": null,
        "comparison_status": "matched",
        "validation_radiation_kwh_year": 122399.715375,
        "ucea_radiation_kwh_year": 115126.23000000036,
        "workflow0_radiation_kwh_year": 108803.38000000003,
        "validation_area_m2": 69.12557208437084,
        "ucea_roofs_top_m2": 75.44,
        "err_ucea_minus_validation_kwh_year": -7273.48537499964,
        "err_ucea_abs_kwh_year": 7273.48537499964,
        "err_ucea_pct_of_validation": -0.059424038305282215,
        "err_ucea_area_minus_validation_m2": 6.314427915629153,
        "err_ucea_area_pct_of_validation": 0.09134720661583982,
        "err_workflow0_minus_validation_kwh_year": -13596.335374999966,
        "err_workflow0_abs_kwh_year": 13596.335374999966,
        "err_workflow0_pct_of_validation": -0.11108142966954156
      },
      "geometry": {
        "type": "Polygon",
        "coordinates": [
          [
            [
              -9.1363584,
              38.730356
            ],
            [
              -9.1363598,
              38.7303982
            ],
            [
              -9.136199399999999,
              38.73040029999999
            ],
            [
              -9.136194999999999,
              38.7303836
            ],
            [
              -9.1361907,
              38.73036739999999
            ],
            [
              -9.136187699999999,
              38.73035600000001
            ],
            [
              -9.1363584,
              38.730356
            ]
          ]
        ]
      }
    },
    {
      "type": "Feature",
      "properties": {
        "area_id": "Alameda_Arro",
        "osm_uid": "cea/233",
        "osmid": "233",
        "element_type": "cea_zone",
        "building": "yes",
        "cea_name": "B1233",
        "intersection_area_m2": 149.08298032366338,
        "is_residential": true,
        "residential_source": "cea",
        "radiation_sum_kwh_year": 237735.3215390625,
        "radiation_sum": 237735.3215390625,
        "radiation_point_count": 254.0,
        "use_type1": "MULTI_RES",
        "use_type2": "NONE",
        "use_type3": "NONE",
        "resi_type": null,
        "comparison_status": "matched",
        "validation_radiation_kwh_year": 237735.3215390625,
        "ucea_radiation_kwh_year": 159615.14000000045,
        "workflow0_radiation_kwh_year": 194030.5200000004,
        "validation_area_m2": 149.08298032366338,
        "ucea_roofs_top_m2": 152.29,
        "err_ucea_minus_validation_kwh_year": -78120.18153906206,
        "err_ucea_abs_kwh_year": 78120.18153906206,
        "err_ucea_pct_of_validation": -0.3286014927580968,
        "err_ucea_area_minus_validation_m2": 3.207019676336614,
        "err_ucea_area_pct_of_validation": 0.021511641834460804,
        "err_workflow0_minus_validation_kwh_year": -43704.801539062115,
        "err_workflow0_abs_kwh_year": 43704.801539062115,
        "err_workflow0_pct_of_validation": -0.18383806518999296
      },
      "geometry": {
        "type": "Polygon",
        "coordinates": [
          [
            [
              -9.1371362,
              38.72996349999999
            ],
            [
              -9.1370112,
              38.7299653
            ],
            [
              -9.1370089,
              38.72987669999998
            ],
            [
              -9.1371834,
              38.7298742
            ],
            [
              -9.137185499999998,
              38.72996279999999
            ],
            [
              -9.1371362,
              38.72996349999999
            ]
          ]
        ]
      }
    },
    {
      "type": "Feature",
      "properties": {
        "area_id": "Alameda_Arro",
        "osm_uid": "cea/234",
        "osmid": "234",
        "element_type": "cea_zone",
        "building": "yes",
        "cea_name": "B1234",
        "intersection_area_m2": 125.30312122084305,
        "is_residential": true,
        "residential_source": "cea",
        "radiation_sum_kwh_year": 220111.3714375,
        "radiation_sum": 220111.3714375,
        "radiation_point_count": 215.0,
        "use_type1": "MULTI_RES",
        "use_type2": "NONE",
        "use_type3": "NONE",
        "resi_type": null,
        "comparison_status": "matched",
        "validation_radiation_kwh_year": 220111.3714375,
        "ucea_radiation_kwh_year": 189707.19000000128,
        "workflow0_radiation_kwh_year": 155606.2600000002,
        "validation_area_m2": 125.30312122084305,
        "ucea_roofs_top_m2": 131.39,
        "err_ucea_minus_validation_kwh_year": -30404.181437498715,
        "err_ucea_abs_kwh_year": 30404.181437498715,
        "err_ucea_pct_of_validation": -0.1381308981854756,
        "err_ucea_area_minus_validation_m2": 6.086878779156933,
        "err_ucea_area_pct_of_validation": 0.048577231914510646,
        "err_workflow0_minus_validation_kwh_year": -64505.111437499785,
        "err_workflow0_abs_kwh_year": 64505.111437499785,
        "err_workflow0_pct_of_validation": -0.29305669678141016
      },
      "geometry": {
        "type": "Polygon",
        "coordinates": [
          [
            [
              -9.136744399999998,
              38.72857509999999
            ],
            [
              -9.1367448,
              38.72859249999999
            ],
            [
              -9.1365953,
              38.7285954
            ],
            [
              -9.136593899999998,
              38.728508299999994
            ],
            [
              -9.136742499999999,
              38.728505399999996
            ],
            [
              -9.136742999999997,
              38.72852290000001
            ],
            [
              -9.136743499999998,
              38.728540299999985
            ],
            [
              -9.1367439,
              38.7285577
            ],
            [
              -9.136744399999998,
              38.72857509999999
            ]
          ]
        ]
      }
    },
    {
      "type": "Feature",
      "properties": {
        "area_id": "Alameda_Arro",
        "osm_uid": "cea/235",
        "osmid": "235",
        "element_type": "cea_zone",
        "building": "yes",
        "cea_name": "B1235",
        "intersection_area_m2": 63.56367193086091,
        "is_residential": true,
        "residential_source": "cea",
        "radiation_sum_kwh_year": 87275.420625,
        "radiation_sum": 87275.420625,
        "radiation_point_count": 105.0,
        "use_type1": "MULTI_RES",
        "use_type2": "NONE",
        "use_type3": "NONE",
        "resi_type": null,
        "comparison_status": "matched",
        "validation_radiation_kwh_year": 87275.420625,
        "ucea_radiation_kwh_year": 82868.62000000018,
        "workflow0_radiation_kwh_year": 85993.93999999974,
        "validation_area_m2": 63.56367193086091,
        "ucea_roofs_top_m2": 63.57,
        "err_ucea_minus_validation_kwh_year": -4406.800624999814,
        "err_ucea_abs_kwh_year": 4406.800624999814,
        "err_ucea_pct_of_validation": -0.0504930322127544,
        "err_ucea_area_minus_validation_m2": 0.0063280691390872335,
        "err_ucea_area_pct_of_validation": 9.955480775198704e-05,
        "err_workflow0_minus_validation_kwh_year": -1281.4806250002584,
        "err_workflow0_abs_kwh_year": 1281.4806250002584,
        "err_workflow0_pct_of_validation": -0.01468317901905567
      },
      "geometry": {
        "type": "Polygon",
        "coordinates": [
          [
            [
              -9.136199399999999,
              38.73040029999999
            ],
            [
              -9.1363598,
              38.7303982
            ],
            [
              -9.1363611,
              38.730439499999996
            ],
            [
              -9.136210799999999,
              38.730443599999994
            ],
            [
              -9.136207599999999,
              38.73043139999999
            ],
            [
              -9.136202199999998,
              38.73041079999999
            ],
            [
              -9.136199399999999,
              38.73040029999999
            ]
          ]
        ]
      }
    },
    {
      "type": "Feature",
      "properties": {
        "area_id": "Alameda_Arro",
        "osm_uid": "cea/236",
        "osmid": "236",
        "element_type": "cea_zone",
        "building": "yes",
        "cea_name": "B1236",
        "intersection_area_m2": 257.99478592510843,
        "is_residential": true,
        "residential_source": "cea",
        "radiation_sum_kwh_year": 414699.0748046875,
        "radiation_sum": 414699.0748046875,
        "radiation_point_count": 424.0,
        "use_type1": "MULTI_RES",
        "use_type2": "NONE",
        "use_type3": "NONE",
        "resi_type": null,
        "comparison_status": "matched",
        "validation_radiation_kwh_year": 414699.0748046875,
        "ucea_radiation_kwh_year": 397585.1600000001,
        "workflow0_radiation_kwh_year": 401379.3799999997,
        "validation_area_m2": 257.99478592510843,
        "ucea_roofs_top_m2": 257.81,
        "err_ucea_minus_validation_kwh_year": -17113.914804687432,
        "err_ucea_abs_kwh_year": 17113.914804687432,
        "err_ucea_pct_of_validation": -0.041268273416688095,
        "err_ucea_area_minus_validation_m2": -0.18478592510842873,
        "err_ucea_area_pct_of_validation": -0.0007162389908223532,
        "err_workflow0_minus_validation_kwh_year": -13319.69480468781,
        "err_workflow0_abs_kwh_year": 13319.69480468781,
        "err_workflow0_pct_of_validation": -0.03211894024832594
      },
      "geometry": {
        "type": "Polygon",
        "coordinates": [
          [
            [
              -9.1369908,
              38.72918609999999
            ],
            [
              -9.1369898,
              38.72914939999999
            ],
            [
              -9.136988799999997,
              38.729112699999995
            ],
            [
              -9.136987899999998,
              38.7290761
            ],
            [
              -9.1369871,
              38.72903920000001
            ],
            [
              -9.1371086,
              38.7290374
            ],
            [
              -9.1371141,
              38.7292574
            ],
            [
              -9.136992699999999,
              38.72925919999999
            ],
            [
              -9.1369917,
              38.72922269999998
            ],
            [
              -9.1369908,
              38.72918609999999
            ]
          ]
        ]
      }
    },
    {
      "type": "Feature",
      "properties": {
        "area_id": "Alameda_Arro",
        "osm_uid": "cea/237",
        "osmid": "237",
        "element_type": "cea_zone",
        "building": "yes",
        "cea_name": "B1237",
        "intersection_area_m2": 155.1915422238095,
        "is_residential": true,
        "residential_source": "cea",
        "radiation_sum_kwh_year": 239469.25968750002,
        "radiation_sum": 239469.25968750002,
        "radiation_point_count": 260.0,
        "use_type1": "MULTI_RES",
        "use_type2": "NONE",
        "use_type3": "NONE",
        "resi_type": null,
        "comparison_status": "matched",
        "validation_radiation_kwh_year": 239469.25968750002,
        "ucea_radiation_kwh_year": 255418.76999999947,
        "workflow0_radiation_kwh_year": 250905.11000000022,
        "validation_area_m2": 155.1915422238095,
        "ucea_roofs_top_m2": 162.58,
        "err_ucea_minus_validation_kwh_year": 15949.51031249945,
        "err_ucea_abs_kwh_year": 15949.51031249945,
        "err_ucea_pct_of_validation": 0.06660358132527351,
        "err_ucea_area_minus_validation_m2": 7.388457776190506,
        "err_ucea_area_pct_of_validation": 0.0476086368517122,
        "err_workflow0_minus_validation_kwh_year": 11435.850312500203,
        "err_workflow0_abs_kwh_year": 11435.850312500203,
        "err_workflow0_pct_of_validation": 0.04775498252854514
      },
      "geometry": {
        "type": "Polygon",
        "coordinates": [
          [
            [
              -9.1370081,
              38.729847699999986
            ],
            [
              -9.1370068,
              38.72979839999999
            ],
            [
              -9.1370065,
              38.729784599999995
            ],
            [
              -9.1371812,
              38.729782099999994
            ],
            [
              -9.1371834,
              38.7298742
            ],
            [
              -9.1370089,
              38.72987669999998
            ],
            [
              -9.1370081,
              38.729847699999986
            ]
          ]
        ]
      }
    },
    {
      "type": "Feature",
      "properties": {
        "area_id": "Alameda_Arro",
        "osm_uid": "cea/238",
        "osmid": "238",
        "element_type": "cea_zone",
        "building": "yes",
        "cea_name": "B1238",
        "intersection_area_m2": 97.53821266742432,
        "is_residential": true,
        "residential_source": "cea",
        "radiation_sum_kwh_year": 210209.57096875,
        "radiation_sum": 210209.57096875,
        "radiation_point_count": 160.0,
        "use_type1": "MULTI_RES",
        "use_type2": "NONE",
        "use_type3": "NONE",
        "resi_type": null,
        "comparison_status": "matched",
        "validation_radiation_kwh_year": 210209.57096875,
        "ucea_radiation_kwh_year": 133682.01,
        "workflow0_radiation_kwh_year": 139051.83000000048,
        "validation_area_m2": 97.53821266742432,
        "ucea_roofs_top_m2": 97.54,
        "err_ucea_minus_validation_kwh_year": -76527.56096874998,
        "err_ucea_abs_kwh_year": 76527.56096874998,
        "err_ucea_pct_of_validation": -0.36405364711070487,
        "err_ucea_area_minus_validation_m2": 0.0017873325756880831,
        "err_ucea_area_pct_of_validation": 1.8324434360739667e-05,
        "err_workflow0_minus_validation_kwh_year": -71157.74096874951,
        "err_workflow0_abs_kwh_year": 71157.74096874951,
        "err_workflow0_pct_of_validation": -0.33850856857192246
      },
      "geometry": {
        "type": "Polygon",
        "coordinates": [
          [
            [
              -9.1367393,
              38.72838079999999
            ],
            [
              -9.136739899999998,
              38.7284036
            ],
            [
              -9.1367405,
              38.7284265
            ],
            [
              -9.136592799999999,
              38.72842940000001
            ],
            [
              -9.1365917,
              38.72836079999999
            ],
            [
              -9.1367387,
              38.7283579
            ],
            [
              -9.1367393,
              38.72838079999999
            ]
          ]
        ]
      }
    },
    {
      "type": "Feature",
      "properties": {
        "area_id": "Alameda_Arro",
        "osm_uid": "cea/239",
        "osmid": "239",
        "element_type": "cea_zone",
        "building": "yes",
        "cea_name": "B1239",
        "intersection_area_m2": 181.97799032196627,
        "is_residential": true,
        "residential_source": "cea",
        "radiation_sum_kwh_year": 333237.821375,
        "radiation_sum": 333237.821375,
        "radiation_point_count": 300.0,
        "use_type1": "MULTI_RES",
        "use_type2": "NONE",
        "use_type3": "NONE",
        "resi_type": null,
        "comparison_status": "matched",
        "validation_radiation_kwh_year": 333237.821375,
        "ucea_radiation_kwh_year": 278651.14000000013,
        "workflow0_radiation_kwh_year": 282904.5800000001,
        "validation_area_m2": 181.97799032196627,
        "ucea_roofs_top_m2": 186.16,
        "err_ucea_minus_validation_kwh_year": -54586.68137499987,
        "err_ucea_abs_kwh_year": 54586.68137499987,
        "err_ucea_pct_of_validation": -0.16380698070154603,
        "err_ucea_area_minus_validation_m2": 4.182009678033722,
        "err_ucea_area_pct_of_validation": 0.022980854281524167,
        "err_workflow0_minus_validation_kwh_year": -50333.241374999925,
        "err_workflow0_abs_kwh_year": 50333.241374999925,
        "err_workflow0_pct_of_validation": -0.15104300336413135
      },
      "geometry": {
        "type": "Polygon",
        "coordinates": [
          [
            [
              -9.136778100000003,
              38.729861
            ],
            [
              -9.136778800000002,
              38.729885699999976
            ],
            [
              -9.1367794,
              38.729910499999995
            ],
            [
              -9.1367801,
              38.72993529999998
            ],
            [
              -9.1367807,
              38.72995999999999
            ],
            [
              -9.1367814,
              38.729984999999985
            ],
            [
              -9.136654,
              38.72998659999999
            ],
            [
              -9.136650999999999,
              38.729838000000015
            ],
            [
              -9.1367775,
              38.729836399999996
            ],
            [
              -9.136778100000003,
              38.729861
            ]
          ]
        ]
      }
    },
    {
      "type": "Feature",
      "properties": {
        "area_id": "Alameda_Arro",
        "osm_uid": "cea/240",
        "osmid": "240",
        "element_type": "cea_zone",
        "building": "yes",
        "cea_name": "B1240",
        "intersection_area_m2": 99.85035418981275,
        "is_residential": true,
        "residential_source": "cea",
        "radiation_sum_kwh_year": 204844.99246875002,
        "radiation_sum": 204844.99246875002,
        "radiation_point_count": 164.0,
        "use_type1": "MULTI_RES",
        "use_type2": "NONE",
        "use_type3": "NONE",
        "resi_type": null,
        "comparison_status": "matched",
        "validation_radiation_kwh_year": 204844.99246875002,
        "ucea_radiation_kwh_year": 153029.8799999994,
        "workflow0_radiation_kwh_year": 144173.87999999998,
        "validation_area_m2": 99.85035418981275,
        "ucea_roofs_top_m2": 109.96,
        "err_ucea_minus_validation_kwh_year": -51815.11246875062,
        "err_ucea_abs_kwh_year": 51815.11246875062,
        "err_ucea_pct_of_validation": -0.25294790877865975,
        "err_ucea_area_minus_validation_m2": 10.109645810187246,
        "err_ucea_area_pct_of_validation": 0.10124797144904554,
        "err_workflow0_minus_validation_kwh_year": -60671.11246875004,
        "err_workflow0_abs_kwh_year": 60671.11246875004,
        "err_workflow0_pct_of_validation": -0.2961805984981824
      },
      "geometry": {
        "type": "Polygon",
        "coordinates": [
          [
            [
              -9.1362694,
              38.73061909999999
            ],
            [
              -9.1362645,
              38.7306044
            ],
            [
              -9.1362595,
              38.730589699999996
            ],
            [
              -9.1362546,
              38.730575
            ],
            [
              -9.13649,
              38.7305794
            ],
            [
              -9.1364983,
              38.730624999999996
            ],
            [
              -9.1362694,
              38.73061909999999
            ]
          ]
        ]
      }
    },
    {
      "type": "Feature",
      "properties": {
        "area_id": "Alameda_Arro",
        "osm_uid": "cea/241",
        "osmid": "241",
        "element_type": "cea_zone",
        "building": "yes",
        "cea_name": "B1241",
        "intersection_area_m2": 82.20874795379898,
        "is_residential": true,
        "residential_source": "cea",
        "radiation_sum_kwh_year": 154859.23846875,
        "radiation_sum": 154859.23846875,
        "radiation_point_count": 134.0,
        "use_type1": "MULTI_RES",
        "use_type2": "NONE",
        "use_type3": "NONE",
        "resi_type": null,
        "comparison_status": "matched",
        "validation_radiation_kwh_year": 154859.23846875,
        "ucea_radiation_kwh_year": 118537.40999999992,
        "workflow0_radiation_kwh_year": 121758.47999999966,
        "validation_area_m2": 82.20874795379898,
        "ucea_roofs_top_m2": 82.22,
        "err_ucea_minus_validation_kwh_year": -36321.828468750085,
        "err_ucea_abs_kwh_year": 36321.828468750085,
        "err_ucea_pct_of_validation": -0.23454737881898916,
        "err_ucea_area_minus_validation_m2": 0.011252046201022381,
        "err_ucea_area_pct_of_validation": 0.0001368716405624617,
        "err_workflow0_minus_validation_kwh_year": -33100.75846875034,
        "err_workflow0_abs_kwh_year": 33100.75846875034,
        "err_workflow0_pct_of_validation": -0.21374739276811017
      },
      "geometry": {
        "type": "Polygon",
        "coordinates": [
          [
            [
              -9.1362394,
              38.7305292
            ],
            [
              -9.136236,
              38.7305189
            ],
            [
              -9.136232499999998,
              38.7305085
            ],
            [
              -9.136229099999998,
              38.7304982
            ],
            [
              -9.1362256,
              38.7304878
            ],
            [
              -9.1364304,
              38.7304866
            ],
            [
              -9.1364321,
              38.730530999999985
            ],
            [
              -9.1362394,
              38.7305292
            ]
          ]
        ]
      }
    },
    {
      "type": "Feature",
      "properties": {
        "area_id": "Alameda_Arro",
        "osm_uid": "cea/242",
        "osmid": "242",
        "element_type": "cea_zone",
        "building": "yes",
        "cea_name": "B1242",
        "intersection_area_m2": 242.69880243869417,
        "is_residential": true,
        "residential_source": "cea",
        "radiation_sum_kwh_year": 460732.467765625,
        "radiation_sum": 460732.467765625,
        "radiation_point_count": 390.0,
        "use_type1": "MULTI_RES",
        "use_type2": "NONE",
        "use_type3": "NONE",
        "resi_type": null,
        "comparison_status": "matched",
        "validation_radiation_kwh_year": 460732.467765625,
        "ucea_radiation_kwh_year": 455078.76000000053,
        "workflow0_radiation_kwh_year": 374032.2700000003,
        "validation_area_m2": 242.69880243869417,
        "ucea_roofs_top_m2": 285.33,
        "err_ucea_minus_validation_kwh_year": -5653.707765624451,
        "err_ucea_abs_kwh_year": 5653.707765624451,
        "err_ucea_pct_of_validation": -0.012271129475729713,
        "err_ucea_area_minus_validation_m2": 42.63119756130581,
        "err_ucea_area_pct_of_validation": 0.17565475038581813,
        "err_workflow0_minus_validation_kwh_year": -86700.19776562467,
        "err_workflow0_abs_kwh_year": 86700.19776562467,
        "err_workflow0_pct_of_validation": -0.18817904929966678
      },
      "geometry": {
        "type": "Polygon",
        "coordinates": [
          [
            [
              -9.137005399999998,
              38.729744299999986
            ],
            [
              -9.137004499999998,
              38.72971019999999
            ],
            [
              -9.137003599999998,
              38.7296761
            ],
            [
              -9.137002699999998,
              38.7296413
            ],
            [
              -9.137141599999998,
              38.7296518
            ],
            [
              -9.1371426,
              38.7296724
            ],
            [
              -9.137203999999999,
              38.7296716
            ],
            [
              -9.137206,
              38.72975639999999
            ],
            [
              -9.1371806,
              38.72975679999999
            ],
            [
              -9.1371812,
              38.729782099999994
            ],
            [
              -9.1370065,
              38.729784599999995
            ],
            [
              -9.137005399999998,
              38.729744299999986
            ]
          ]
        ]
      }
    },
    {
      "type": "Feature",
      "properties": {
        "area_id": "Alameda_Arro",
        "osm_uid": "cea/243",
        "osmid": "243",
        "element_type": "cea_zone",
        "building": "yes",
        "cea_name": "B1243",
        "intersection_area_m2": 205.96981455588923,
        "is_residential": true,
        "residential_source": "cea",
        "radiation_sum_kwh_year": 350913.357203125,
        "radiation_sum": 350913.357203125,
        "radiation_point_count": 330.0,
        "use_type1": "MULTI_RES",
        "use_type2": "NONE",
        "use_type3": "NONE",
        "resi_type": null,
        "comparison_status": "matched",
        "validation_radiation_kwh_year": 350913.357203125,
        "ucea_radiation_kwh_year": 310629.36000000034,
        "workflow0_radiation_kwh_year": 317162.9999999995,
        "validation_area_m2": 205.96981455588923,
        "ucea_roofs_top_m2": 205.94,
        "err_ucea_minus_validation_kwh_year": -40283.99720312469,
        "err_ucea_abs_kwh_year": 40283.99720312469,
        "err_ucea_pct_of_validation": -0.11479756007066562,
        "err_ucea_area_minus_validation_m2": -0.029814555889231542,
        "err_ucea_area_pct_of_validation": -0.000144752064536823,
        "err_workflow0_minus_validation_kwh_year": -33750.357203125546,
        "err_workflow0_abs_kwh_year": 33750.357203125546,
        "err_workflow0_pct_of_validation": -0.09617860508965825
      },
      "geometry": {
        "type": "Polygon",
        "coordinates": [
          [
            [
              -9.136721,
              38.7276845
            ],
            [
              -9.1367216,
              38.72770579999999
            ],
            [
              -9.136721999999999,
              38.7277239
            ],
            [
              -9.136528499999999,
              38.72772599999999
            ],
            [
              -9.1365266,
              38.7276153
            ],
            [
              -9.1367191,
              38.7276134
            ],
            [
              -9.136719899999997,
              38.72764190000001
            ],
            [
              -9.136720399999998,
              38.7276631
            ],
            [
              -9.136721,
              38.7276845
            ]
          ]
        ]
      }
    },
    {
      "type": "Feature",
      "properties": {
        "area_id": "Alameda_Arro",
        "osm_uid": "cea/244",
        "osmid": "244",
        "element_type": "cea_zone",
        "building": "yes",
        "cea_name": "B1244",
        "intersection_area_m2": 119.4205588409628,
        "is_residential": true,
        "residential_source": "cea",
        "radiation_sum_kwh_year": 267769.0459375,
        "radiation_sum": 267769.0459375,
        "radiation_point_count": 195.0,
        "use_type1": "MULTI_RES",
        "use_type2": "NONE",
        "use_type3": "NONE",
        "resi_type": null,
        "comparison_status": "matched",
        "validation_radiation_kwh_year": 267769.0459375,
        "ucea_radiation_kwh_year": 188241.02999999933,
        "workflow0_radiation_kwh_year": 185466.51,
        "validation_area_m2": 119.4205588409628,
        "ucea_roofs_top_m2": 123.94,
        "err_ucea_minus_validation_kwh_year": -79528.01593750069,
        "err_ucea_abs_kwh_year": 79528.01593750069,
        "err_ucea_pct_of_validation": -0.29700227544621915,
        "err_ucea_area_minus_validation_m2": 4.5194411590372,
        "err_ucea_area_pct_of_validation": 0.03784474970558397,
        "err_workflow0_minus_validation_kwh_year": -82302.53593750001,
        "err_workflow0_abs_kwh_year": 82302.53593750001,
        "err_workflow0_pct_of_validation": -0.3073638913316002
      },
      "geometry": {
        "type": "Polygon",
        "coordinates": [
          [
            [
              -9.1365953,
              38.7285954
            ],
            [
              -9.1367448,
              38.72859249999999
            ],
            [
              -9.1367456,
              38.7286214
            ],
            [
              -9.136747,
              38.728674999999996
            ],
            [
              -9.1365965,
              38.7286779
            ],
            [
              -9.1365953,
              38.7285954
            ]
          ]
        ]
      }
    },
    {
      "type": "Feature",
      "properties": {
        "area_id": "Alameda_Arro",
        "osm_uid": "cea/245",
        "osmid": "245",
        "element_type": "cea_zone",
        "building": "yes",
        "cea_name": "B1245",
        "intersection_area_m2": 84.10328290673212,
        "is_residential": true,
        "residential_source": "cea",
        "radiation_sum_kwh_year": 170007.8955,
        "radiation_sum": 170007.8955,
        "radiation_point_count": 139.0,
        "use_type1": "MULTI_RES",
        "use_type2": "NONE",
        "use_type3": "NONE",
        "resi_type": null,
        "comparison_status": "matched",
        "validation_radiation_kwh_year": 170007.8955,
        "ucea_radiation_kwh_year": 101393.34999999993,
        "workflow0_radiation_kwh_year": 104043.91,
        "validation_area_m2": 84.10328290673212,
        "ucea_roofs_top_m2": 73.54,
        "err_ucea_minus_validation_kwh_year": -68614.54550000008,
        "err_ucea_abs_kwh_year": 68614.54550000008,
        "err_ucea_pct_of_validation": -0.4035962288586772,
        "err_ucea_area_minus_validation_m2": -10.563282906732113,
        "err_ucea_area_pct_of_validation": -0.12559893670793398,
        "err_workflow0_minus_validation_kwh_year": -65963.98550000001,
        "err_workflow0_abs_kwh_year": 65963.98550000001,
        "err_workflow0_pct_of_validation": -0.38800542354810813
      },
      "geometry": {
        "type": "Polygon",
        "coordinates": [
          [
            [
              -9.1362793,
              38.730648899999984
            ],
            [
              -9.136275999999999,
              38.730639
            ],
            [
              -9.136272699999997,
              38.730629
            ],
            [
              -9.1362694,
              38.73061909999999
            ],
            [
              -9.1364983,
              38.730624999999996
            ],
            [
              -9.1365052,
              38.73066299999999
            ],
            [
              -9.136282599999998,
              38.7306588
            ],
            [
              -9.1362793,
              38.730648899999984
            ]
          ]
        ]
      }
    },
    {
      "type": "Feature",
      "properties": {
        "area_id": "Alameda_Arro",
        "osm_uid": "cea/246",
        "osmid": "246",
        "element_type": "cea_zone",
        "building": "yes",
        "cea_name": "B1246",
        "intersection_area_m2": 65.56260396539024,
        "is_residential": true,
        "residential_source": "cea",
        "radiation_sum_kwh_year": 137528.261875,
        "radiation_sum": 137528.261875,
        "radiation_point_count": 113.0,
        "use_type1": "MULTI_RES",
        "use_type2": "NONE",
        "use_type3": "NONE",
        "resi_type": null,
        "comparison_status": "matched",
        "validation_radiation_kwh_year": 137528.261875,
        "ucea_radiation_kwh_year": 98516.56999999986,
        "workflow0_radiation_kwh_year": 98909.4999999997,
        "validation_area_m2": 65.56260396539024,
        "ucea_roofs_top_m2": 67.2,
        "err_ucea_minus_validation_kwh_year": -39011.691875000135,
        "err_ucea_abs_kwh_year": 39011.691875000135,
        "err_ucea_pct_of_validation": -0.2836630910849293,
        "err_ucea_area_minus_validation_m2": 1.6373960346097647,
        "err_ucea_area_pct_of_validation": 0.024974542430836452,
        "err_workflow0_minus_validation_kwh_year": -38618.7618750003,
        "err_workflow0_abs_kwh_year": 38618.7618750003,
        "err_workflow0_pct_of_validation": -0.2808060056056046
      },
      "geometry": {
        "type": "Polygon",
        "coordinates": [
          [
            [
              -9.1362429,
              38.728979599999995
            ],
            [
              -9.136246599999998,
              38.72891979999999
            ],
            [
              -9.136360099999997,
              38.72892409999999
            ],
            [
              -9.1363564,
              38.7289838
            ],
            [
              -9.1362429,
              38.728979599999995
            ]
          ]
        ]
      }
    },
    {
      "type": "Feature",
      "properties": {
        "area_id": "Alameda_Arro",
        "osm_uid": "cea/247",
        "osmid": "247",
        "element_type": "cea_zone",
        "building": "yes",
        "cea_name": "B1247",
        "intersection_area_m2": 157.9325754598365,
        "is_residential": true,
        "residential_source": "cea",
        "radiation_sum_kwh_year": 348963.83756250003,
        "radiation_sum": 348963.83756250003,
        "radiation_point_count": 262.0,
        "use_type1": "MULTI_RES",
        "use_type2": "NONE",
        "use_type3": "NONE",
        "resi_type": null,
        "comparison_status": "matched",
        "validation_radiation_kwh_year": 348963.83756250003,
        "ucea_radiation_kwh_year": 256653.2699999995,
        "workflow0_radiation_kwh_year": 240021.23,
        "validation_area_m2": 157.9325754598365,
        "ucea_roofs_top_m2": 189.95,
        "err_ucea_minus_validation_kwh_year": -92310.56756250054,
        "err_ucea_abs_kwh_year": 92310.56756250054,
        "err_ucea_pct_of_validation": -0.26452760322469676,
        "err_ucea_area_minus_validation_m2": 32.01742454016349,
        "err_ucea_area_pct_of_validation": 0.20272843931621803,
        "err_workflow0_minus_validation_kwh_year": -108942.60756250002,
        "err_workflow0_abs_kwh_year": 108942.60756250002,
        "err_workflow0_pct_of_validation": -0.31218881682256894
      },
      "geometry": {
        "type": "Polygon",
        "coordinates": [
          [
            [
              -9.1366043,
              38.73032990000001
            ],
            [
              -9.1367904,
              38.730327299999985
            ],
            [
              -9.136792499999999,
              38.730408999999995
            ],
            [
              -9.1366293,
              38.73043359999999
            ],
            [
              -9.1366043,
              38.73032990000001
            ]
          ]
        ]
      }
    },
    {
      "type": "Feature",
      "properties": {
        "area_id": "Alameda_Arro",
        "osm_uid": "cea/248",
        "osmid": "248",
        "element_type": "cea_zone",
        "building": "yes",
        "cea_name": "B1248",
        "intersection_area_m2": 91.25196721677779,
        "is_residential": true,
        "residential_source": "cea",
        "radiation_sum_kwh_year": 135682.6691171875,
        "radiation_sum": 135682.6691171875,
        "radiation_point_count": 146.0,
        "use_type1": "MULTI_RES",
        "use_type2": "NONE",
        "use_type3": "NONE",
        "resi_type": null,
        "comparison_status": "matched",
        "validation_radiation_kwh_year": 135682.6691171875,
        "ucea_radiation_kwh_year": 67728.75999999997,
        "workflow0_radiation_kwh_year": 67672.00999999998,
        "validation_area_m2": 91.25196721677779,
        "ucea_roofs_top_m2": 91.25,
        "err_ucea_minus_validation_kwh_year": -67953.90911718753,
        "err_ucea_abs_kwh_year": 67953.90911718753,
        "err_ucea_pct_of_validation": -0.5008296900357743,
        "err_ucea_area_minus_validation_m2": -0.001967216777785552,
        "err_ucea_area_pct_of_validation": -2.1558075269897912e-05,
        "err_workflow0_minus_validation_kwh_year": -68010.65911718752,
        "err_workflow0_abs_kwh_year": 68010.65911718752,
        "err_workflow0_pct_of_validation": -0.5012479453691137
      },
      "geometry": {
        "type": "Polygon",
        "coordinates": [
          [
            [
              -9.1369712,
              38.7284397
            ],
            [
              -9.1369691,
              38.72836049999999
            ],
            [
              -9.1370885,
              38.72835849999999
            ],
            [
              -9.137090599999999,
              38.728437699999986
            ],
            [
              -9.1369712,
              38.7284397
            ]
          ]
        ]
      }
    },
    {
      "type": "Feature",
      "properties": {
        "area_id": "Alameda_Arro",
        "osm_uid": "cea/249",
        "osmid": "249",
        "element_type": "cea_zone",
        "building": "yes",
        "cea_name": "B1249",
        "intersection_area_m2": 240.36369785568323,
        "is_residential": true,
        "residential_source": "cea",
        "radiation_sum_kwh_year": 460508.82415625,
        "radiation_sum": 460508.82415625,
        "radiation_point_count": 398.0,
        "use_type1": "MULTI_RES",
        "use_type2": "NONE",
        "use_type3": "NONE",
        "resi_type": null,
        "comparison_status": "matched",
        "validation_radiation_kwh_year": 460508.82415625,
        "ucea_radiation_kwh_year": 355912.95999999996,
        "workflow0_radiation_kwh_year": 358785.3,
        "validation_area_m2": 240.36369785568323,
        "ucea_roofs_top_m2": 246.48,
        "err_ucea_minus_validation_kwh_year": -104595.86415625003,
        "err_ucea_abs_kwh_year": 104595.86415625003,
        "err_ucea_pct_of_validation": -0.227131074736498,
        "err_ucea_area_minus_validation_m2": 6.116302144316762,
        "err_ucea_area_pct_of_validation": 0.025446031155624223,
        "err_workflow0_minus_validation_kwh_year": -101723.52415625,
        "err_workflow0_abs_kwh_year": 101723.52415625,
        "err_workflow0_pct_of_validation": -0.22089375668887368
      },
      "geometry": {
        "type": "Polygon",
        "coordinates": [
          [
            [
              -9.136267799999999,
              38.7285767
            ],
            [
              -9.136381299999998,
              38.72858089999999
            ],
            [
              -9.136367700000001,
              38.72880009999999
            ],
            [
              -9.1362543,
              38.7287958
            ],
            [
              -9.136267799999999,
              38.7285767
            ]
          ]
        ]
      }
    },
    {
      "type": "Feature",
      "properties": {
        "area_id": "Alameda_Arro",
        "osm_uid": "cea/250",
        "osmid": "250",
        "element_type": "cea_zone",
        "building": "yes",
        "cea_name": "B1250",
        "intersection_area_m2": 222.59726119937847,
        "is_residential": true,
        "residential_source": "cea",
        "radiation_sum_kwh_year": 512229.60387500003,
        "radiation_sum": 512229.60387500003,
        "radiation_point_count": 377.0,
        "use_type1": "MULTI_RES",
        "use_type2": "NONE",
        "use_type3": "NONE",
        "resi_type": null,
        "comparison_status": "matched",
        "validation_radiation_kwh_year": 512229.60387500003,
        "ucea_radiation_kwh_year": 349793.41000000015,
        "workflow0_radiation_kwh_year": 361343.0900000004,
        "validation_area_m2": 222.59726119937847,
        "ucea_roofs_top_m2": 255.75,
        "err_ucea_minus_validation_kwh_year": -162436.19387499988,
        "err_ucea_abs_kwh_year": 162436.19387499988,
        "err_ucea_pct_of_validation": -0.31711598206385466,
        "err_ucea_area_minus_validation_m2": 33.152738800621535,
        "err_ucea_area_pct_of_validation": 0.14893596903210282,
        "err_workflow0_minus_validation_kwh_year": -150886.51387499965,
        "err_workflow0_abs_kwh_year": 150886.51387499965,
        "err_workflow0_pct_of_validation": -0.2945681247892511
      },
      "geometry": {
        "type": "Polygon",
        "coordinates": [
          [
            [
              -9.1365266,
              38.7276153
            ],
            [
              -9.1365252,
              38.727536400000005
            ],
            [
              -9.1364925,
              38.7275368
            ],
            [
              -9.136491899999998,
              38.727501499999995
            ],
            [
              -9.1365421,
              38.727501
            ],
            [
              -9.1367161,
              38.7274992
            ],
            [
              -9.1367191,
              38.7276134
            ],
            [
              -9.1365266,
              38.7276153
            ]
          ]
        ]
      }
    },
    {
      "type": "Feature",
      "properties": {
        "area_id": "Alameda_Arro",
        "osm_uid": "cea/251",
        "osmid": "251",
        "element_type": "cea_zone",
        "building": "yes",
        "cea_name": "B1251",
        "intersection_area_m2": 204.01394452020568,
        "is_residential": true,
        "residential_source": "cea",
        "radiation_sum_kwh_year": 382984.194953125,
        "radiation_sum": 382984.194953125,
        "radiation_point_count": 322.0,
        "use_type1": "MULTI_RES",
        "use_type2": "NONE",
        "use_type3": "NONE",
        "resi_type": null,
        "comparison_status": "matched",
        "validation_radiation_kwh_year": 382984.194953125,
        "ucea_radiation_kwh_year": 246864.85999999972,
        "workflow0_radiation_kwh_year": 251907.6499999999,
        "validation_area_m2": 204.01394452020568,
        "ucea_roofs_top_m2": 206.65,
        "err_ucea_minus_validation_kwh_year": -136119.3349531253,
        "err_ucea_abs_kwh_year": 136119.3349531253,
        "err_ucea_pct_of_validation": -0.35541763014472566,
        "err_ucea_area_minus_validation_m2": 2.6360554797943223,
        "err_ucea_area_pct_of_validation": 0.012920957368839293,
        "err_workflow0_minus_validation_kwh_year": -131076.54495312512,
        "err_workflow0_abs_kwh_year": 131076.54495312512,
        "err_workflow0_pct_of_validation": -0.34225053326069527
      },
      "geometry": {
        "type": "Polygon",
        "coordinates": [
          [
            [
              -9.137283,
              38.729781399999986
            ],
            [
              -9.137466999999997,
              38.72977869999999
            ],
            [
              -9.137469999999999,
              38.729893499999996
            ],
            [
              -9.1372858,
              38.72989629999999
            ],
            [
              -9.137283,
              38.729781399999986
            ]
          ]
        ]
      }
    },
    {
      "type": "Feature",
      "properties": {
        "area_id": "Alameda_Arro",
        "osm_uid": "cea/252",
        "osmid": "252",
        "element_type": "cea_zone",
        "building": "yes",
        "cea_name": "B1252",
        "intersection_area_m2": 136.00586276416064,
        "is_residential": true,
        "residential_source": "cea",
        "radiation_sum_kwh_year": 270252.3365625,
        "radiation_sum": 270252.3365625,
        "radiation_point_count": 221.0,
        "use_type1": "MULTI_RES",
        "use_type2": "NONE",
        "use_type3": "NONE",
        "resi_type": null,
        "comparison_status": "matched",
        "validation_radiation_kwh_year": 270252.3365625,
        "ucea_radiation_kwh_year": 205617.8300000001,
        "workflow0_radiation_kwh_year": 206207.36999999927,
        "validation_area_m2": 136.00586276416064,
        "ucea_roofs_top_m2": 138.22,
        "err_ucea_minus_validation_kwh_year": -64634.50656249988,
        "err_ucea_abs_kwh_year": 64634.50656249988,
        "err_ucea_pct_of_validation": -0.23916354391094105,
        "err_ucea_area_minus_validation_m2": 2.2141372358393596,
        "err_ucea_area_pct_of_validation": 0.01627971905651419,
        "err_workflow0_minus_validation_kwh_year": -64044.96656250072,
        "err_workflow0_abs_kwh_year": 64044.96656250072,
        "err_workflow0_pct_of_validation": -0.23698210116192406
      },
      "geometry": {
        "type": "Polygon",
        "coordinates": [
          [
            [
              -9.136246599999998,
              38.72891979999999
            ],
            [
              -9.1362543,
              38.7287958
            ],
            [
              -9.136367700000001,
              38.72880009999999
            ],
            [
              -9.136360099999997,
              38.72892409999999
            ],
            [
              -9.136246599999998,
              38.72891979999999
            ]
          ]
        ]
      }
    },
    {
      "type": "Feature",
      "properties": {
        "area_id": "Alameda_Arro",
        "osm_uid": "cea/253",
        "osmid": "253",
        "element_type": "cea_zone",
        "building": "yes",
        "cea_name": "B1253",
        "intersection_area_m2": 165.61162929885379,
        "is_residential": true,
        "residential_source": "cea",
        "radiation_sum_kwh_year": 284221.3736875,
        "radiation_sum": 284221.3736875,
        "radiation_point_count": 265.0,
        "use_type1": "MULTI_RES",
        "use_type2": "NONE",
        "use_type3": "NONE",
        "resi_type": null,
        "comparison_status": "matched",
        "validation_radiation_kwh_year": 284221.3736875,
        "ucea_radiation_kwh_year": 233275.33000000022,
        "workflow0_radiation_kwh_year": 247041.22999999943,
        "validation_area_m2": 165.61162929885379,
        "ucea_roofs_top_m2": 167.83,
        "err_ucea_minus_validation_kwh_year": -50946.0436874998,
        "err_ucea_abs_kwh_year": 50946.0436874998,
        "err_ucea_pct_of_validation": -0.17924775686825972,
        "err_ucea_area_minus_validation_m2": 2.2183707011462275,
        "err_ucea_area_pct_of_validation": 0.013395017671996185,
        "err_workflow0_minus_validation_kwh_year": -37180.14368750059,
        "err_workflow0_abs_kwh_year": 37180.14368750059,
        "err_workflow0_pct_of_validation": -0.13081403134860636
      },
      "geometry": {
        "type": "Polygon",
        "coordinates": [
          [
            [
              -9.1374626,
              38.72961380000001
            ],
            [
              -9.1373053,
              38.729616099999994
            ],
            [
              -9.1373026,
              38.72950699999999
            ],
            [
              -9.1374598,
              38.72950459999999
            ],
            [
              -9.1374626,
              38.72961380000001
            ]
          ]
        ]
      }
    },
    {
      "type": "Feature",
      "properties": {
        "area_id": "Alameda_Arro",
        "osm_uid": "cea/254",
        "osmid": "254",
        "element_type": "cea_zone",
        "building": "yes",
        "cea_name": "B1254",
        "intersection_area_m2": 106.37305617337178,
        "is_residential": true,
        "residential_source": "cea",
        "radiation_sum_kwh_year": 171092.453,
        "radiation_sum": 171092.453,
        "radiation_point_count": 169.0,
        "use_type1": "MULTI_RES",
        "use_type2": "NONE",
        "use_type3": "NONE",
        "resi_type": null,
        "comparison_status": "matched",
        "validation_radiation_kwh_year": 171092.453,
        "ucea_radiation_kwh_year": 188087.12000000023,
        "workflow0_radiation_kwh_year": 171088.84,
        "validation_area_m2": 106.37305617337178,
        "ucea_roofs_top_m2": 118.63,
        "err_ucea_minus_validation_kwh_year": 16994.66700000022,
        "err_ucea_abs_kwh_year": 16994.66700000022,
        "err_ucea_pct_of_validation": 0.09933031353522191,
        "err_ucea_area_minus_validation_m2": 12.256943826628216,
        "err_ucea_area_pct_of_validation": 0.1152260193281584,
        "err_workflow0_minus_validation_kwh_year": -3.613000000012107,
        "err_workflow0_abs_kwh_year": 3.613000000012107,
        "err_workflow0_pct_of_validation": -2.1117237707802967e-05
      },
      "geometry": {
        "type": "Polygon",
        "coordinates": [
          [
            [
              -9.1367875,
              38.73021960000001
            ],
            [
              -9.1366567,
              38.73020799999998
            ],
            [
              -9.1366569,
              38.73012939999999
            ],
            [
              -9.136785099999999,
              38.730127799999984
            ],
            [
              -9.1367868,
              38.73019219999998
            ],
            [
              -9.1367875,
              38.73021960000001
            ]
          ]
        ]
      }
    },
    {
      "type": "Feature",
      "properties": {
        "area_id": "Alameda_Arro",
        "osm_uid": "cea/255",
        "osmid": "255",
        "element_type": "cea_zone",
        "building": "yes",
        "cea_name": "B1255",
        "intersection_area_m2": 210.24893079581256,
        "is_residential": true,
        "residential_source": "cea",
        "radiation_sum_kwh_year": 373412.935125,
        "radiation_sum": 373412.935125,
        "radiation_point_count": 342.0,
        "use_type1": "MULTI_RES",
        "use_type2": "NONE",
        "use_type3": "NONE",
        "resi_type": null,
        "comparison_status": "matched",
        "validation_radiation_kwh_year": 373412.935125,
        "ucea_radiation_kwh_year": 263344.05000000034,
        "workflow0_radiation_kwh_year": 266934.6499999998,
        "validation_area_m2": 210.24893079581256,
        "ucea_roofs_top_m2": 215.78,
        "err_ucea_minus_validation_kwh_year": -110068.88512499968,
        "err_ucea_abs_kwh_year": 110068.88512499968,
        "err_ucea_pct_of_validation": -0.29476452144903365,
        "err_ucea_area_minus_validation_m2": 5.531069204187446,
        "err_ucea_area_pct_of_validation": 0.026307240580257952,
        "err_workflow0_minus_validation_kwh_year": -106478.28512500023,
        "err_workflow0_abs_kwh_year": 106478.28512500023,
        "err_workflow0_pct_of_validation": -0.28514889311308034
      },
      "geometry": {
        "type": "Polygon",
        "coordinates": [
          [
            [
              -9.1364177,
              38.727993999999995
            ],
            [
              -9.1364058,
              38.7281856
            ],
            [
              -9.1362923,
              38.7281813
            ],
            [
              -9.1363042,
              38.7279897
            ],
            [
              -9.1364177,
              38.727993999999995
            ]
          ]
        ]
      }
    },
    {
      "type": "Feature",
      "properties": {
        "area_id": "Alameda_Arro",
        "osm_uid": "cea/256",
        "osmid": "256",
        "element_type": "cea_zone",
        "building": "yes",
        "cea_name": "B1256",
        "intersection_area_m2": 130.71936428690498,
        "is_residential": true,
        "residential_source": "cea",
        "radiation_sum_kwh_year": 196281.297828125,
        "radiation_sum": 196281.297828125,
        "radiation_point_count": 216.0,
        "use_type1": "MULTI_RES",
        "use_type2": "NONE",
        "use_type3": "NONE",
        "resi_type": null,
        "comparison_status": "matched",
        "validation_radiation_kwh_year": 196281.297828125,
        "ucea_radiation_kwh_year": 201184.36999999962,
        "workflow0_radiation_kwh_year": 203926.83000000007,
        "validation_area_m2": 130.71936428690498,
        "ucea_roofs_top_m2": 130.87,
        "err_ucea_minus_validation_kwh_year": 4903.072171874606,
        "err_ucea_abs_kwh_year": 4903.072171874606,
        "err_ucea_pct_of_validation": 0.02497982347848552,
        "err_ucea_area_minus_validation_m2": 0.15063571309502777,
        "err_ucea_area_pct_of_validation": 0.0011523595904613649,
        "err_workflow0_minus_validation_kwh_year": 7645.532171875064,
        "err_workflow0_abs_kwh_year": 7645.532171875064,
        "err_workflow0_pct_of_validation": 0.03895191368955551
      },
      "geometry": {
        "type": "Polygon",
        "coordinates": [
          [
            [
              -9.1367554,
              38.72899550000001
            ],
            [
              -9.1367567,
              38.72904639999999
            ],
            [
              -9.1367573,
              38.72906779999999
            ],
            [
              -9.136571699999998,
              38.7290319
            ],
            [
              -9.1365492,
              38.72902769999999
            ],
            [
              -9.136567099999999,
              38.728965900000006
            ],
            [
              -9.1367554,
              38.72899550000001
            ]
          ]
        ]
      }
    },
    {
      "type": "Feature",
      "properties": {
        "area_id": "Alameda_Arro",
        "osm_uid": "cea/257",
        "osmid": "257",
        "element_type": "cea_zone",
        "building": "yes",
        "cea_name": "B1257",
        "intersection_area_m2": 164.31980222336261,
        "is_residential": true,
        "residential_source": "cea",
        "radiation_sum_kwh_year": 325933.5718125,
        "radiation_sum": 325933.5718125,
        "radiation_point_count": 266.0,
        "use_type1": "MULTI_RES",
        "use_type2": "NONE",
        "use_type3": "NONE",
        "resi_type": null,
        "comparison_status": "matched",
        "validation_radiation_kwh_year": 325933.5718125,
        "ucea_radiation_kwh_year": 264565.2000000004,
        "workflow0_radiation_kwh_year": 263220.6399999994,
        "validation_area_m2": 164.31980222336261,
        "ucea_roofs_top_m2": 167.02,
        "err_ucea_minus_validation_kwh_year": -61368.371812499594,
        "err_ucea_abs_kwh_year": 61368.371812499594,
        "err_ucea_pct_of_validation": -0.18828490563654796,
        "err_ucea_area_minus_validation_m2": 2.7001977766373955,
        "err_ucea_area_pct_of_validation": 0.01643257684163332,
        "err_workflow0_minus_validation_kwh_year": -62712.93181250064,
        "err_workflow0_abs_kwh_year": 62712.93181250064,
        "err_workflow0_pct_of_validation": -0.19241016340770672
      },
      "geometry": {
        "type": "Polygon",
        "coordinates": [
          [
            [
              -9.1374189,
              38.727949499999994
            ],
            [
              -9.1374215,
              38.72804889999998
            ],
            [
              -9.1372501,
              38.728051699999995
            ],
            [
              -9.137247499999999,
              38.72795239999999
            ],
            [
              -9.1374189,
              38.727949499999994
            ]
          ]
        ]
      }
    },
    {
      "type": "Feature",
      "properties": {
        "area_id": "Alameda_Arro",
        "osm_uid": "cea/258",
        "osmid": "258",
        "element_type": "cea_zone",
        "building": "yes",
        "cea_name": "B1258",
        "intersection_area_m2": 135.3479336390224,
        "is_residential": true,
        "residential_source": "cea",
        "radiation_sum_kwh_year": 347792.572,
        "radiation_sum": 347792.572,
        "radiation_point_count": 228.0,
        "use_type1": "MULTI_RES",
        "use_type2": "NONE",
        "use_type3": "NONE",
        "resi_type": null,
        "comparison_status": "matched",
        "validation_radiation_kwh_year": 347792.572,
        "ucea_radiation_kwh_year": 215666.81000000017,
        "workflow0_radiation_kwh_year": 211776.09000000008,
        "validation_area_m2": 135.3479336390224,
        "ucea_roofs_top_m2": 140.13,
        "err_ucea_minus_validation_kwh_year": -132125.7619999998,
        "err_ucea_abs_kwh_year": 132125.7619999998,
        "err_ucea_pct_of_validation": -0.379898171028218,
        "err_ucea_area_minus_validation_m2": 4.782066360977609,
        "err_ucea_area_pct_of_validation": 0.03533165400021211,
        "err_workflow0_minus_validation_kwh_year": -136016.4819999999,
        "err_workflow0_abs_kwh_year": 136016.4819999999,
        "err_workflow0_pct_of_validation": -0.39108506894736067
      },
      "geometry": {
        "type": "Polygon",
        "coordinates": [
          [
            [
              -9.1366067,
              38.72736169999998
            ],
            [
              -9.1366044,
              38.72722829999999
            ],
            [
              -9.136708999999998,
              38.7272272
            ],
            [
              -9.1367097,
              38.7272553
            ],
            [
              -9.136710399999998,
              38.72728219999998
            ],
            [
              -9.1367111,
              38.727309
            ],
            [
              -9.1367118,
              38.7273358
            ],
            [
              -9.1367125,
              38.727360599999976
            ],
            [
              -9.1366067,
              38.72736169999998
            ]
          ]
        ]
      }
    },
    {
      "type": "Feature",
      "properties": {
        "area_id": "Alameda_Arro",
        "osm_uid": "cea/259",
        "osmid": "259",
        "element_type": "cea_zone",
        "building": "yes",
        "cea_name": "B1259",
        "intersection_area_m2": 191.48479695305667,
        "is_residential": true,
        "residential_source": "cea",
        "radiation_sum_kwh_year": 368347.00384375,
        "radiation_sum": 368347.00384375,
        "radiation_point_count": 312.0,
        "use_type1": "MULTI_RES",
        "use_type2": "NONE",
        "use_type3": "NONE",
        "resi_type": null,
        "comparison_status": "matched",
        "validation_radiation_kwh_year": 368347.00384375,
        "ucea_radiation_kwh_year": 310337.02999999933,
        "workflow0_radiation_kwh_year": 307953.81,
        "validation_area_m2": 191.48479695305667,
        "ucea_roofs_top_m2": 197.44,
        "err_ucea_minus_validation_kwh_year": -58009.97384375066,
        "err_ucea_abs_kwh_year": 58009.97384375066,
        "err_ucea_pct_of_validation": -0.15748729659372512,
        "err_ucea_area_minus_validation_m2": 5.955203046943325,
        "err_ucea_area_pct_of_validation": 0.03110013505878103,
        "err_workflow0_minus_validation_kwh_year": -60393.19384374999,
        "err_workflow0_abs_kwh_year": 60393.19384374999,
        "err_workflow0_pct_of_validation": -0.16395733700434367
      },
      "geometry": {
        "type": "Polygon",
        "coordinates": [
          [
            [
              -9.137476499999998,
              38.730140799999994
            ],
            [
              -9.1373674,
              38.7301425
            ],
            [
              -9.1373629,
              38.7299603
            ],
            [
              -9.137471700000003,
              38.7299587
            ],
            [
              -9.137476499999998,
              38.730140799999994
            ]
          ]
        ]
      }
    },
    {
      "type": "Feature",
      "properties": {
        "area_id": "Alameda_Arro",
        "osm_uid": "cea/260",
        "osmid": "260",
        "element_type": "cea_zone",
        "building": "yes",
        "cea_name": "B1260",
        "intersection_area_m2": 109.39633562142757,
        "is_residential": true,
        "residential_source": "cea",
        "radiation_sum_kwh_year": 146449.49465625,
        "radiation_sum": 146449.49465625,
        "radiation_point_count": 180.0,
        "use_type1": "MULTI_RES",
        "use_type2": "NONE",
        "use_type3": "NONE",
        "resi_type": null,
        "comparison_status": "matched",
        "validation_radiation_kwh_year": 146449.49465625,
        "ucea_radiation_kwh_year": 170272.97999999986,
        "workflow0_radiation_kwh_year": 171327.9600000002,
        "validation_area_m2": 109.39633562142757,
        "ucea_roofs_top_m2": 109.4,
        "err_ucea_minus_validation_kwh_year": 23823.485343749868,
        "err_ucea_abs_kwh_year": 23823.485343749868,
        "err_ucea_pct_of_validation": 0.162673728575636,
        "err_ucea_area_minus_validation_m2": 0.003664378572437954,
        "err_ucea_area_pct_of_validation": 3.349635571998271e-05,
        "err_workflow0_minus_validation_kwh_year": 24878.4653437502,
        "err_workflow0_abs_kwh_year": 24878.4653437502,
        "err_workflow0_pct_of_validation": 0.1698774406982118
      },
      "geometry": {
        "type": "Polygon",
        "coordinates": [
          [
            [
              -9.1367523,
              38.728875699999996
            ],
            [
              -9.1366049,
              38.7288497
            ],
            [
              -9.136604,
              38.728786899999996
            ],
            [
              -9.136749799999999,
              38.72878349999999
            ],
            [
              -9.136750799999998,
              38.72882069999999
            ],
            [
              -9.1367513,
              38.72883900000001
            ],
            [
              -9.1367518,
              38.7288574
            ],
            [
              -9.1367523,
              38.728875699999996
            ]
          ]
        ]
      }
    },
    {
      "type": "Feature",
      "properties": {
        "area_id": "Alameda_Arro",
        "osm_uid": "cea/261",
        "osmid": "261",
        "element_type": "cea_zone",
        "building": "yes",
        "cea_name": "B1261",
        "intersection_area_m2": 122.9783891800405,
        "is_residential": true,
        "residential_source": "cea",
        "radiation_sum_kwh_year": 236909.44403125,
        "radiation_sum": 236909.44403125,
        "radiation_point_count": 199.0,
        "use_type1": "MULTI_RES",
        "use_type2": "NONE",
        "use_type3": "NONE",
        "resi_type": null,
        "comparison_status": "matched",
        "validation_radiation_kwh_year": 236909.44403125,
        "ucea_radiation_kwh_year": 198644.66999999972,
        "workflow0_radiation_kwh_year": 198543.34000000072,
        "validation_area_m2": 122.9783891800405,
        "ucea_roofs_top_m2": 122.98,
        "err_ucea_minus_validation_kwh_year": -38264.77403125027,
        "err_ucea_abs_kwh_year": 38264.77403125027,
        "err_ucea_pct_of_validation": -0.16151645700625966,
        "err_ucea_area_minus_validation_m2": 0.001610819959509513,
        "err_ucea_area_pct_of_validation": 1.3098398590595221e-05,
        "err_workflow0_minus_validation_kwh_year": -38366.10403124927,
        "err_workflow0_abs_kwh_year": 38366.10403124927,
        "err_workflow0_pct_of_validation": -0.16194417317609558
      },
      "geometry": {
        "type": "Polygon",
        "coordinates": [
          [
            [
              -9.136950899999999,
              38.7276684
            ],
            [
              -9.136949999999999,
              38.7276326
            ],
            [
              -9.136949,
              38.7275967
            ],
            [
              -9.1369481,
              38.72756089999999
            ],
            [
              -9.137066599999999,
              38.72755889999999
            ],
            [
              -9.1370695,
              38.7276664
            ],
            [
              -9.136950899999999,
              38.7276684
            ]
          ]
        ]
      }
    },
    {
      "type": "Feature",
      "properties": {
        "area_id": "Alameda_Arro",
        "osm_uid": "cea/262",
        "osmid": "262",
        "element_type": "cea_zone",
        "building": "yes",
        "cea_name": "B1262",
        "intersection_area_m2": 154.6631107822222,
        "is_residential": true,
        "residential_source": "cea",
        "radiation_sum_kwh_year": 313522.24815625,
        "radiation_sum": 313522.24815625,
        "radiation_point_count": 260.0,
        "use_type1": "MULTI_RES",
        "use_type2": "NONE",
        "use_type3": "NONE",
        "resi_type": null,
        "comparison_status": "matched",
        "validation_radiation_kwh_year": 313522.24815625,
        "ucea_radiation_kwh_year": 209422.80000000022,
        "workflow0_radiation_kwh_year": 215519.68000000055,
        "validation_area_m2": 154.6631107822222,
        "ucea_roofs_top_m2": 157.12,
        "err_ucea_minus_validation_kwh_year": -104099.44815624977,
        "err_ucea_abs_kwh_year": 104099.44815624977,
        "err_ucea_pct_of_validation": -0.33203209267742223,
        "err_ucea_area_minus_validation_m2": 2.456889217777814,
        "err_ucea_area_pct_of_validation": 0.015885424813660363,
        "err_workflow0_minus_validation_kwh_year": -98002.56815624944,
        "err_workflow0_abs_kwh_year": 98002.56815624944,
        "err_workflow0_pct_of_validation": -0.3125856896363155
      },
      "geometry": {
        "type": "Polygon",
        "coordinates": [
          [
            [
              -9.1373058,
              38.729288499999996
            ],
            [
              -9.137454,
              38.729286299999984
            ],
            [
              -9.137456899999998,
              38.7293944
            ],
            [
              -9.1373084,
              38.72939649999999
            ],
            [
              -9.1373058,
              38.729288499999996
            ]
          ]
        ]
      }
    },
    {
      "type": "Feature",
      "properties": {
        "area_id": "Alameda_Arro",
        "osm_uid": "cea/263",
        "osmid": "263",
        "element_type": "cea_zone",
        "building": "yes",
        "cea_name": "B1263",
        "intersection_area_m2": 158.90930707712647,
        "is_residential": true,
        "residential_source": "cea",
        "radiation_sum_kwh_year": 248422.559125,
        "radiation_sum": 248422.559125,
        "radiation_point_count": 268.0,
        "use_type1": "MULTI_RES",
        "use_type2": "NONE",
        "use_type3": "NONE",
        "resi_type": null,
        "comparison_status": "matched",
        "validation_radiation_kwh_year": 248422.559125,
        "ucea_radiation_kwh_year": 255592.53999999983,
        "workflow0_radiation_kwh_year": 254752.31999999966,
        "validation_area_m2": 158.90930707712647,
        "ucea_roofs_top_m2": 161.65,
        "err_ucea_minus_validation_kwh_year": 7169.980874999834,
        "err_ucea_abs_kwh_year": 7169.980874999834,
        "err_ucea_pct_of_validation": 0.02886203612205798,
        "err_ucea_area_minus_validation_m2": 2.740692922873535,
        "err_ucea_area_pct_of_validation": 0.017246899966301802,
        "err_workflow0_minus_validation_kwh_year": 6329.760874999658,
        "err_workflow0_abs_kwh_year": 6329.760874999658,
        "err_workflow0_pct_of_validation": 0.025479815107349736
      },
      "geometry": {
        "type": "Polygon",
        "coordinates": [
          [
            [
              -9.1374164,
              38.72785349999998
            ],
            [
              -9.1374189,
              38.727949499999994
            ],
            [
              -9.137247499999999,
              38.72795239999999
            ],
            [
              -9.1372449,
              38.727856299999985
            ],
            [
              -9.1374164,
              38.72785349999998
            ]
          ]
        ]
      }
    },
    {
      "type": "Feature",
      "properties": {
        "area_id": "Alameda_Arro",
        "osm_uid": "cea/264",
        "osmid": "264",
        "element_type": "cea_zone",
        "building": "yes",
        "cea_name": "B1264",
        "intersection_area_m2": 114.7672344312897,
        "is_residential": true,
        "residential_source": "cea",
        "radiation_sum_kwh_year": 185985.59815625,
        "radiation_sum": 185985.59815625,
        "radiation_point_count": 187.0,
        "use_type1": "MULTI_RES",
        "use_type2": "NONE",
        "use_type3": "NONE",
        "resi_type": null,
        "comparison_status": "matched",
        "validation_radiation_kwh_year": 185985.59815625,
        "ucea_radiation_kwh_year": 187587.0700000001,
        "workflow0_radiation_kwh_year": 185512.46000000005,
        "validation_area_m2": 114.7672344312897,
        "ucea_roofs_top_m2": 116.65,
        "err_ucea_minus_validation_kwh_year": 1601.4718437500997,
        "err_ucea_abs_kwh_year": 1601.4718437500997,
        "err_ucea_pct_of_validation": 0.008610730398622979,
        "err_ucea_area_minus_validation_m2": 1.8827655687103118,
        "err_ucea_area_pct_of_validation": 0.016405079185187736,
        "err_workflow0_minus_validation_kwh_year": -473.1381562499446,
        "err_workflow0_abs_kwh_year": 473.1381562499446,
        "err_workflow0_pct_of_validation": -0.002543950504449556
      },
      "geometry": {
        "type": "Polygon",
        "coordinates": [
          [
            [
              -9.1366878,
              38.73063799999999
            ],
            [
              -9.1367985,
              38.73063609999999
            ],
            [
              -9.1367989,
              38.73065059999998
            ],
            [
              -9.1368007,
              38.7307229
            ],
            [
              -9.1368013,
              38.7307437
            ],
            [
              -9.136690899999998,
              38.7307456
            ],
            [
              -9.1366878,
              38.73063799999999
            ]
          ]
        ]
      }
    },
    {
      "type": "Feature",
      "properties": {
        "area_id": "Alameda_Arro",
        "osm_uid": "cea/265",
        "osmid": "265",
        "element_type": "cea_zone",
        "building": "yes",
        "cea_name": "B1265",
        "intersection_area_m2": 238.84533072938018,
        "is_residential": true,
        "residential_source": "cea",
        "radiation_sum_kwh_year": 423895.743359375,
        "radiation_sum": 423895.743359375,
        "radiation_point_count": 393.0,
        "use_type1": "MULTI_RES",
        "use_type2": "NONE",
        "use_type3": "NONE",
        "resi_type": null,
        "comparison_status": "matched",
        "validation_radiation_kwh_year": 423895.743359375,
        "ucea_radiation_kwh_year": 400664.86000000034,
        "workflow0_radiation_kwh_year": 387701.11000000057,
        "validation_area_m2": 238.84533072938018,
        "ucea_roofs_top_m2": 255.94,
        "err_ucea_minus_validation_kwh_year": -23230.883359374653,
        "err_ucea_abs_kwh_year": 23230.883359374653,
        "err_ucea_pct_of_validation": -0.05480329473296862,
        "err_ucea_area_minus_validation_m2": 17.094669270619818,
        "err_ucea_area_pct_of_validation": 0.07157213087824042,
        "err_workflow0_minus_validation_kwh_year": -36194.63335937442,
        "err_workflow0_abs_kwh_year": 36194.63335937442,
        "err_workflow0_pct_of_validation": -0.08538569666336314
      },
      "geometry": {
        "type": "Polygon",
        "coordinates": [
          [
            [
              -9.1374503,
              38.729142299999985
            ],
            [
              -9.137454,
              38.729286299999984
            ],
            [
              -9.1373058,
              38.729288499999996
            ],
            [
              -9.1373052,
              38.729263599999996
            ],
            [
              -9.137276500000002,
              38.72926409999999
            ],
            [
              -9.137273499999997,
              38.729144899999994
            ],
            [
              -9.1374503,
              38.729142299999985
            ]
          ]
        ]
      }
    },
    {
      "type": "Feature",
      "properties": {
        "area_id": "Alameda_Arro",
        "osm_uid": "cea/266",
        "osmid": "266",
        "element_type": "cea_zone",
        "building": "yes",
        "cea_name": "B1266",
        "intersection_area_m2": 94.7479286547467,
        "is_residential": true,
        "residential_source": "cea",
        "radiation_sum_kwh_year": 205763.28421875,
        "radiation_sum": 205763.28421875,
        "radiation_point_count": 166.0,
        "use_type1": "MULTI_RES",
        "use_type2": "NONE",
        "use_type3": "NONE",
        "resi_type": null,
        "comparison_status": "matched",
        "validation_radiation_kwh_year": 205763.28421875,
        "ucea_radiation_kwh_year": 119064.9500000004,
        "workflow0_radiation_kwh_year": 120703.64000000032,
        "validation_area_m2": 94.7479286547467,
        "ucea_roofs_top_m2": 80.18,
        "err_ucea_minus_validation_kwh_year": -86698.33421874959,
        "err_ucea_abs_kwh_year": 86698.33421874959,
        "err_ucea_pct_of_validation": -0.42134987564924026,
        "err_ucea_area_minus_validation_m2": -14.567928654746694,
        "err_ucea_area_pct_of_validation": -0.1537545871618046,
        "err_workflow0_minus_validation_kwh_year": -85059.64421874967,
        "err_workflow0_abs_kwh_year": 85059.64421874967,
        "err_workflow0_pct_of_validation": -0.41338591839505007
      },
      "geometry": {
        "type": "Polygon",
        "coordinates": [
          [
            [
              -9.136215200000002,
              38.730456600000004
            ],
            [
              -9.136210799999999,
              38.730443599999994
            ],
            [
              -9.1363611,
              38.730439499999996
            ],
            [
              -9.136428299999999,
              38.7304388
            ],
            [
              -9.1364304,
              38.7304866
            ],
            [
              -9.1362256,
              38.7304878
            ],
            [
              -9.136221,
              38.730474199999996
            ],
            [
              -9.136215200000002,
              38.730456600000004
            ]
          ]
        ]
      }
    },
    {
      "type": "Feature",
      "properties": {
        "area_id": "Alameda_Arro",
        "osm_uid": "cea/267",
        "osmid": "267",
        "element_type": "cea_zone",
        "building": "yes",
        "cea_name": "B1267",
        "intersection_area_m2": 203.34649703652957,
        "is_residential": true,
        "residential_source": "cea",
        "radiation_sum_kwh_year": 333601.89325,
        "radiation_sum": 333601.89325,
        "radiation_point_count": 338.0,
        "use_type1": "MULTI_RES",
        "use_type2": "NONE",
        "use_type3": "NONE",
        "resi_type": null,
        "comparison_status": "matched",
        "validation_radiation_kwh_year": 333601.89325,
        "ucea_radiation_kwh_year": 357730.03999999975,
        "workflow0_radiation_kwh_year": 326323.25999999966,
        "validation_area_m2": 203.34649703652957,
        "ucea_roofs_top_m2": 227.03,
        "err_ucea_minus_validation_kwh_year": 24128.146749999723,
        "err_ucea_abs_kwh_year": 24128.146749999723,
        "err_ucea_pct_of_validation": 0.07232616852062701,
        "err_ucea_area_minus_validation_m2": 23.68350296347043,
        "err_ucea_area_pct_of_validation": 0.11646870395419637,
        "err_workflow0_minus_validation_kwh_year": -7278.633250000363,
        "err_workflow0_abs_kwh_year": 7278.633250000363,
        "err_workflow0_pct_of_validation": -0.021818321170455054
      },
      "geometry": {
        "type": "Polygon",
        "coordinates": [
          [
            [
              -9.137464199999998,
              38.72967389999999
            ],
            [
              -9.137466999999997,
              38.72977869999999
            ],
            [
              -9.137283,
              38.729781399999986
            ],
            [
              -9.137275999999998,
              38.7296604
            ],
            [
              -9.137308699999998,
              38.72966169999999
            ],
            [
              -9.137464199999998,
              38.72967389999999
            ]
          ]
        ]
      }
    },
    {
      "type": "Feature",
      "properties": {
        "area_id": "Alameda_Arro",
        "osm_uid": "cea/268",
        "osmid": "268",
        "element_type": "cea_zone",
        "building": "yes",
        "cea_name": "B1268",
        "intersection_area_m2": 168.89439007986164,
        "is_residential": true,
        "residential_source": "cea",
        "radiation_sum_kwh_year": 319128.95803125,
        "radiation_sum": 319128.95803125,
        "radiation_point_count": 279.0,
        "use_type1": "MULTI_RES",
        "use_type2": "NONE",
        "use_type3": "NONE",
        "resi_type": null,
        "comparison_status": "matched",
        "validation_radiation_kwh_year": 319128.95803125,
        "ucea_radiation_kwh_year": 275568.06,
        "workflow0_radiation_kwh_year": 271540.1399999996,
        "validation_area_m2": 168.89439007986164,
        "ucea_roofs_top_m2": 175.15,
        "err_ucea_minus_validation_kwh_year": -43560.89803124999,
        "err_ucea_abs_kwh_year": 43560.89803124999,
        "err_ucea_pct_of_validation": -0.13649935844112393,
        "err_ucea_area_minus_validation_m2": 6.255609920138369,
        "err_ucea_area_pct_of_validation": 0.03703858912768154,
        "err_workflow0_minus_validation_kwh_year": -47588.81803125038,
        "err_workflow0_abs_kwh_year": 47588.81803125038,
        "err_workflow0_pct_of_validation": -0.14912096453055304
      },
      "geometry": {
        "type": "Polygon",
        "coordinates": [
          [
            [
              -9.137276800000002,
              38.72815349999999
            ],
            [
              -9.137252899999998,
              38.728153799999994
            ],
            [
              -9.1372501,
              38.728051699999995
            ],
            [
              -9.1374215,
              38.72804889999998
            ],
            [
              -9.1374242,
              38.728151
            ],
            [
              -9.137276800000002,
              38.72815349999999
            ]
          ]
        ]
      }
    },
    {
      "type": "Feature",
      "properties": {
        "area_id": "Alameda_Arro",
        "osm_uid": "cea/269",
        "osmid": "269",
        "element_type": "cea_zone",
        "building": "yes",
        "cea_name": "B1269",
        "intersection_area_m2": 124.2503101509625,
        "is_residential": true,
        "residential_source": "cea",
        "radiation_sum_kwh_year": 264896.3145625,
        "radiation_sum": 264896.3145625,
        "radiation_point_count": 203.0,
        "use_type1": "MULTI_RES",
        "use_type2": "NONE",
        "use_type3": "NONE",
        "resi_type": null,
        "comparison_status": "matched",
        "validation_radiation_kwh_year": 264896.3145625,
        "ucea_radiation_kwh_year": 199215.78999999957,
        "workflow0_radiation_kwh_year": 196549.93000000025,
        "validation_area_m2": 124.2503101509625,
        "ucea_roofs_top_m2": 129.56,
        "err_ucea_minus_validation_kwh_year": -65680.52456250042,
        "err_ucea_abs_kwh_year": 65680.52456250042,
        "err_ucea_pct_of_validation": -0.24794804967739054,
        "err_ucea_area_minus_validation_m2": 5.309689849037497,
        "err_ucea_area_pct_of_validation": 0.042733815654756056,
        "err_workflow0_minus_validation_kwh_year": -68346.38456249973,
        "err_workflow0_abs_kwh_year": 68346.38456249973,
        "err_workflow0_pct_of_validation": -0.25801183634955405
      },
      "geometry": {
        "type": "Polygon",
        "coordinates": [
          [
            [
              -9.1369651,
              38.7282081
            ],
            [
              -9.1369646,
              38.72818949999999
            ],
            [
              -9.137142399999998,
              38.72818649999999
            ],
            [
              -9.1371431,
              38.7282118
            ],
            [
              -9.1371444,
              38.728258899999986
            ],
            [
              -9.136966499999998,
              38.7282619
            ],
            [
              -9.1369651,
              38.7282081
            ]
          ]
        ]
      }
    },
    {
      "type": "Feature",
      "properties": {
        "area_id": "Alameda_Arro",
        "osm_uid": "cea/270",
        "osmid": "270",
        "element_type": "cea_zone",
        "building": "yes",
        "cea_name": "B1270",
        "intersection_area_m2": 176.07376558938964,
        "is_residential": true,
        "residential_source": "cea",
        "radiation_sum_kwh_year": 339722.4865,
        "radiation_sum": 339722.4865,
        "radiation_point_count": 291.0,
        "use_type1": "MULTI_RES",
        "use_type2": "NONE",
        "use_type3": "NONE",
        "resi_type": null,
        "comparison_status": "matched",
        "validation_radiation_kwh_year": 339722.4865,
        "ucea_radiation_kwh_year": 250704.2699999993,
        "workflow0_radiation_kwh_year": 253542.84999999922,
        "validation_area_m2": 176.07376558938964,
        "ucea_roofs_top_m2": 178.28,
        "err_ucea_minus_validation_kwh_year": -89018.21650000071,
        "err_ucea_abs_kwh_year": 89018.21650000071,
        "err_ucea_pct_of_validation": -0.2620321587102263,
        "err_ucea_area_minus_validation_m2": 2.2062344106103637,
        "err_ucea_area_pct_of_validation": 0.012530171108825955,
        "err_workflow0_minus_validation_kwh_year": -86179.63650000078,
        "err_workflow0_abs_kwh_year": 86179.63650000078,
        "err_workflow0_pct_of_validation": -0.2536765740409732
      },
      "geometry": {
        "type": "Polygon",
        "coordinates": [
          [
            [
              -9.136654,
              38.72998659999999
            ],
            [
              -9.1367814,
              38.729984999999985
            ],
            [
              -9.136785099999999,
              38.730127799999984
            ],
            [
              -9.1366569,
              38.73012939999999
            ],
            [
              -9.136654,
              38.72998659999999
            ]
          ]
        ]
      }
    },
    {
      "type": "Feature",
      "properties": {
        "area_id": "Alameda_Arro",
        "osm_uid": "cea/271",
        "osmid": "271",
        "element_type": "cea_zone",
        "building": "yes",
        "cea_name": "B1271",
        "intersection_area_m2": 237.52585684573702,
        "is_residential": true,
        "residential_source": "cea",
        "radiation_sum_kwh_year": 504575.0560625,
        "radiation_sum": 504575.0560625,
        "radiation_point_count": 397.0,
        "use_type1": "MULTI_RES",
        "use_type2": "NONE",
        "use_type3": "NONE",
        "resi_type": null,
        "comparison_status": "matched",
        "validation_radiation_kwh_year": 504575.0560625,
        "ucea_radiation_kwh_year": 359213.83999999956,
        "workflow0_radiation_kwh_year": 361770.170000001,
        "validation_area_m2": 237.52585684573702,
        "ucea_roofs_top_m2": 237.47,
        "err_ucea_minus_validation_kwh_year": -145361.21606250043,
        "err_ucea_abs_kwh_year": 145361.21606250043,
        "err_ucea_pct_of_validation": -0.28808640917932143,
        "err_ucea_area_minus_validation_m2": -0.05585684573702565,
        "err_ucea_area_pct_of_validation": -0.00023516111668340305,
        "err_workflow0_minus_validation_kwh_year": -142804.88606249902,
        "err_workflow0_abs_kwh_year": 142804.88606249902,
        "err_workflow0_pct_of_validation": -0.28302010641764713
      },
      "geometry": {
        "type": "Polygon",
        "coordinates": [
          [
            [
              -9.136960999999998,
              38.728050999999994
            ],
            [
              -9.1370798,
              38.728049000000006
            ],
            [
              -9.1371387,
              38.728048099999995
            ],
            [
              -9.137142399999998,
              38.72818649999999
            ],
            [
              -9.1369646,
              38.72818949999999
            ],
            [
              -9.1369637,
              38.72815489999999
            ],
            [
              -9.136962799999997,
              38.72812030000001
            ],
            [
              -9.136961899999998,
              38.72808559999998
            ],
            [
              -9.136960999999998,
              38.728050999999994
            ]
          ]
        ]
      }
    },
    {
      "type": "Feature",
      "properties": {
        "area_id": "Alameda_Arro",
        "osm_uid": "cea/272",
        "osmid": "272",
        "element_type": "cea_zone",
        "building": "yes",
        "cea_name": "B1272",
        "intersection_area_m2": 206.61897936890034,
        "is_residential": true,
        "residential_source": "cea",
        "radiation_sum_kwh_year": 383995.363265625,
        "radiation_sum": 383995.363265625,
        "radiation_point_count": 332.0,
        "use_type1": "MULTI_RES",
        "use_type2": "NONE",
        "use_type3": "NONE",
        "resi_type": null,
        "comparison_status": "matched",
        "validation_radiation_kwh_year": 383995.363265625,
        "ucea_radiation_kwh_year": 316734.7700000001,
        "workflow0_radiation_kwh_year": 246418.70000000022,
        "validation_area_m2": 206.61897936890034,
        "ucea_roofs_top_m2": 256.91,
        "err_ucea_minus_validation_kwh_year": -67260.59326562495,
        "err_ucea_abs_kwh_year": 67260.59326562495,
        "err_ucea_pct_of_validation": -0.17515990998854353,
        "err_ucea_area_minus_validation_m2": 50.291020631099684,
        "err_ucea_area_pct_of_validation": 0.2433998115018728,
        "err_workflow0_minus_validation_kwh_year": -137576.6632656248,
        "err_workflow0_abs_kwh_year": 137576.6632656248,
        "err_workflow0_pct_of_validation": -0.3582768867197428
      },
      "geometry": {
        "type": "Polygon",
        "coordinates": [
          [
            [
              -9.1365773,
              38.729154699999995
            ],
            [
              -9.136571699999998,
              38.7290319
            ],
            [
              -9.1367573,
              38.72906779999999
            ],
            [
              -9.1367602,
              38.7291789
            ],
            [
              -9.136631599999998,
              38.7291619
            ],
            [
              -9.1365773,
              38.729154699999995
            ]
          ]
        ]
      }
    },
    {
      "type": "Feature",
      "properties": {
        "area_id": "Alameda_Arro",
        "osm_uid": "cea/273",
        "osmid": "273",
        "element_type": "cea_zone",
        "building": "yes",
        "cea_name": "B1273",
        "intersection_area_m2": 120.598981587919,
        "is_residential": true,
        "residential_source": "cea",
        "radiation_sum_kwh_year": 244419.70834375,
        "radiation_sum": 244419.70834375,
        "radiation_point_count": 204.0,
        "use_type1": "MULTI_RES",
        "use_type2": "NONE",
        "use_type3": "NONE",
        "resi_type": null,
        "comparison_status": "matched",
        "validation_radiation_kwh_year": 244419.70834375,
        "ucea_radiation_kwh_year": 209979.43999999983,
        "workflow0_radiation_kwh_year": 194882.87999999986,
        "validation_area_m2": 120.598981587919,
        "ucea_roofs_top_m2": 131.46,
        "err_ucea_minus_validation_kwh_year": -34440.268343750184,
        "err_ucea_abs_kwh_year": 34440.268343750184,
        "err_ucea_pct_of_validation": -0.14090626560814667,
        "err_ucea_area_minus_validation_m2": 10.861018412081009,
        "err_ucea_area_pct_of_validation": 0.09005895629527448,
        "err_workflow0_minus_validation_kwh_year": -49536.82834375015,
        "err_workflow0_abs_kwh_year": 49536.82834375015,
        "err_workflow0_pct_of_validation": -0.2026711703382034
      },
      "geometry": {
        "type": "Polygon",
        "coordinates": [
          [
            [
              -9.136796099999998,
              38.73054729999999
            ],
            [
              -9.136796899999998,
              38.73057649999999
            ],
            [
              -9.136797699999999,
              38.73060559999999
            ],
            [
              -9.1367985,
              38.73063609999999
            ],
            [
              -9.1366878,
              38.73063799999999
            ],
            [
              -9.136685099999998,
              38.730533699999995
            ],
            [
              -9.136795299999998,
              38.73051449999999
            ],
            [
              -9.136796099999998,
              38.73054729999999
            ]
          ]
        ]
      }
    },
    {
      "type": "Feature",
      "properties": {
        "area_id": "Alameda_Arro",
        "osm_uid": "cea/274",
        "osmid": "274",
        "element_type": "cea_zone",
        "building": "yes",
        "cea_name": "B1274",
        "intersection_area_m2": 231.80903405862514,
        "is_residential": true,
        "residential_source": "cea",
        "radiation_sum_kwh_year": 535157.77021875,
        "radiation_sum": 535157.77021875,
        "radiation_point_count": 375.0,
        "use_type1": "MULTI_RES",
        "use_type2": "NONE",
        "use_type3": "NONE",
        "resi_type": null,
        "comparison_status": "matched",
        "validation_radiation_kwh_year": 535157.77021875,
        "ucea_radiation_kwh_year": 342018.450000001,
        "workflow0_radiation_kwh_year": 333698.91999999876,
        "validation_area_m2": 231.80903405862514,
        "ucea_roofs_top_m2": 243.29,
        "err_ucea_minus_validation_kwh_year": -193139.320218749,
        "err_ucea_abs_kwh_year": 193139.320218749,
        "err_ucea_pct_of_validation": -0.3609016461440927,
        "err_ucea_area_minus_validation_m2": 11.480965941374848,
        "err_ucea_area_pct_of_validation": 0.049527689841765525,
        "err_workflow0_minus_validation_kwh_year": -201458.85021875123,
        "err_workflow0_abs_kwh_year": 201458.85021875123,
        "err_workflow0_pct_of_validation": -0.37644758504843034
      },
      "geometry": {
        "type": "Polygon",
        "coordinates": [
          [
            [
              -9.1367125,
              38.727360599999976
            ],
            [
              -9.136712999999999,
              38.72737999999998
            ],
            [
              -9.1367135,
              38.7273975
            ],
            [
              -9.136713900000002,
              38.7274149
            ],
            [
              -9.1367144,
              38.72743239999999
            ],
            [
              -9.1367148,
              38.7274498
            ],
            [
              -9.1367153,
              38.727467199999985
            ],
            [
              -9.1367157,
              38.72748469999999
            ],
            [
              -9.1367161,
              38.7274992
            ],
            [
              -9.1365421,
              38.727501
            ],
            [
              -9.1365398,
              38.72736239999998
            ],
            [
              -9.1366067,
              38.72736169999998
            ],
            [
              -9.1367125,
              38.727360599999976
            ]
          ]
        ]
      }
    },
    {
      "type": "Feature",
      "properties": {
        "area_id": "Alameda_Arro",
        "osm_uid": "cea/275",
        "osmid": "275",
        "element_type": "cea_zone",
        "building": "yes",
        "cea_name": "B1275",
        "intersection_area_m2": 115.8289012656605,
        "is_residential": true,
        "residential_source": "cea",
        "radiation_sum_kwh_year": 215184.73412500002,
        "radiation_sum": 215184.73412500002,
        "radiation_point_count": 200.0,
        "use_type1": "MULTI_RES",
        "use_type2": "NONE",
        "use_type3": "NONE",
        "resi_type": null,
        "comparison_status": "matched",
        "validation_radiation_kwh_year": 215184.73412500002,
        "ucea_radiation_kwh_year": 173549.75999999957,
        "workflow0_radiation_kwh_year": 174726.45999999973,
        "validation_area_m2": 115.8289012656605,
        "ucea_roofs_top_m2": 115.82,
        "err_ucea_minus_validation_kwh_year": -41634.974125000444,
        "err_ucea_abs_kwh_year": 41634.974125000444,
        "err_ucea_pct_of_validation": -0.1934847947941086,
        "err_ucea_area_minus_validation_m2": -0.008901265660512081,
        "err_ucea_area_pct_of_validation": -7.684839934807373e-05,
        "err_workflow0_minus_validation_kwh_year": -40458.27412500029,
        "err_workflow0_abs_kwh_year": 40458.27412500029,
        "err_workflow0_pct_of_validation": -0.1880164700786731
      },
      "geometry": {
        "type": "Polygon",
        "coordinates": [
          [
            [
              -9.137287399999998,
              38.7299614
            ],
            [
              -9.1372858,
              38.72989629999999
            ],
            [
              -9.137469999999999,
              38.729893499999996
            ],
            [
              -9.137471700000003,
              38.7299587
            ],
            [
              -9.1373629,
              38.7299603
            ],
            [
              -9.137287399999998,
              38.7299614
            ]
          ]
        ]
      }
    },
    {
      "type": "Feature",
      "properties": {
        "area_id": "Alameda_Arro",
        "osm_uid": "cea/276",
        "osmid": "276",
        "element_type": "cea_zone",
        "building": "yes",
        "cea_name": "B1276",
        "intersection_area_m2": 169.3275950517997,
        "is_residential": true,
        "residential_source": "cea",
        "radiation_sum_kwh_year": 243395.7825625,
        "radiation_sum": 243395.7825625,
        "radiation_point_count": 271.0,
        "use_type1": "MULTI_RES",
        "use_type2": "NONE",
        "use_type3": "NONE",
        "resi_type": null,
        "comparison_status": "matched",
        "validation_radiation_kwh_year": 243395.7825625,
        "ucea_radiation_kwh_year": 262193.22000000015,
        "workflow0_radiation_kwh_year": 261461.92999999947,
        "validation_area_m2": 169.3275950517997,
        "ucea_roofs_top_m2": 174.16,
        "err_ucea_minus_validation_kwh_year": 18797.437437500135,
        "err_ucea_abs_kwh_year": 18797.437437500135,
        "err_ucea_pct_of_validation": 0.0772299225549369,
        "err_ucea_area_minus_validation_m2": 4.832404948200292,
        "err_ucea_area_pct_of_validation": 0.028538791605243027,
        "err_workflow0_minus_validation_kwh_year": 18066.147437499458,
        "err_workflow0_abs_kwh_year": 18066.147437499458,
        "err_workflow0_pct_of_validation": 0.07422539226972993
      },
      "geometry": {
        "type": "Polygon",
        "coordinates": [
          [
            [
              -9.1369684,
              38.7283359
            ],
            [
              -9.136967799999999,
              38.728311199999986
            ],
            [
              -9.136967099999998,
              38.72828659999999
            ],
            [
              -9.136966499999998,
              38.7282619
            ],
            [
              -9.1371444,
              38.728258899999986
            ],
            [
              -9.137147,
              38.72835760000001
            ],
            [
              -9.1370885,
              38.72835849999999
            ],
            [
              -9.1369691,
              38.72836049999999
            ],
            [
              -9.1369684,
              38.7283359
            ]
          ]
        ]
      }
    },
    {
      "type": "Feature",
      "properties": {
        "area_id": "Alameda_Arro",
        "osm_uid": "cea/277",
        "osmid": "277",
        "element_type": "cea_zone",
        "building": "yes",
        "cea_name": "B1277",
        "intersection_area_m2": 152.21016695320387,
        "is_residential": true,
        "residential_source": "cea",
        "radiation_sum_kwh_year": 325823.7969375,
        "radiation_sum": 325823.7969375,
        "radiation_point_count": 259.0,
        "use_type1": "MULTI_RES",
        "use_type2": "NONE",
        "use_type3": "NONE",
        "resi_type": null,
        "comparison_status": "matched",
        "validation_radiation_kwh_year": 325823.7969375,
        "ucea_radiation_kwh_year": 210178.35999999984,
        "workflow0_radiation_kwh_year": 213985.94000000015,
        "validation_area_m2": 152.21016695320387,
        "ucea_roofs_top_m2": 156.79,
        "err_ucea_minus_validation_kwh_year": -115645.43693750017,
        "err_ucea_abs_kwh_year": 115645.43693750017,
        "err_ucea_pct_of_validation": -0.3549324451574157,
        "err_ucea_area_minus_validation_m2": 4.579833046796125,
        "err_ucea_area_pct_of_validation": 0.030088877362601987,
        "err_workflow0_minus_validation_kwh_year": -111837.85693749986,
        "err_workflow0_abs_kwh_year": 111837.85693749986,
        "err_workflow0_pct_of_validation": -0.3432464356154832
      },
      "geometry": {
        "type": "Polygon",
        "coordinates": [
          [
            [
              -9.137447999999997,
              38.7290558
            ],
            [
              -9.1372714,
              38.7290584
            ],
            [
              -9.1372692,
              38.72896899999999
            ],
            [
              -9.1373336,
              38.7289681
            ],
            [
              -9.1374456,
              38.7289664
            ],
            [
              -9.137447999999997,
              38.7290558
            ]
          ]
        ]
      }
    },
    {
      "type": "Feature",
      "properties": {
        "area_id": "Alameda_Arro",
        "osm_uid": "cea/278",
        "osmid": "278",
        "element_type": "cea_zone",
        "building": "yes",
        "cea_name": "B1278",
        "intersection_area_m2": 174.9761184749166,
        "is_residential": true,
        "residential_source": "cea",
        "radiation_sum_kwh_year": 281463.848359375,
        "radiation_sum": 281463.848359375,
        "radiation_point_count": 286.0,
        "use_type1": "MULTI_RES",
        "use_type2": "NONE",
        "use_type3": "NONE",
        "resi_type": null,
        "comparison_status": "matched",
        "validation_radiation_kwh_year": 281463.848359375,
        "ucea_radiation_kwh_year": 305271.13999999984,
        "workflow0_radiation_kwh_year": 275312.5999999994,
        "validation_area_m2": 174.9761184749166,
        "ucea_roofs_top_m2": 195.63,
        "err_ucea_minus_validation_kwh_year": 23807.29164062481,
        "err_ucea_abs_kwh_year": 23807.29164062481,
        "err_ucea_pct_of_validation": 0.0845838347602904,
        "err_ucea_area_minus_validation_m2": 20.653881525083392,
        "err_ucea_area_pct_of_validation": 0.11803828833958385,
        "err_workflow0_minus_validation_kwh_year": -6151.248359375633,
        "err_workflow0_abs_kwh_year": 6151.248359375633,
        "err_workflow0_pct_of_validation": -0.021854488223729804
      },
      "geometry": {
        "type": "Polygon",
        "coordinates": [
          [
            [
              -9.1364499,
              38.72749349999999
            ],
            [
              -9.136404499999998,
              38.72749180000001
            ],
            [
              -9.136401799999998,
              38.7275352
            ],
            [
              -9.1363325,
              38.727532599999996
            ],
            [
              -9.1363433,
              38.72735759999999
            ],
            [
              -9.136457999999998,
              38.72736199999999
            ],
            [
              -9.1364499,
              38.72749349999999
            ]
          ]
        ]
      }
    },
    {
      "type": "Feature",
      "properties": {
        "area_id": "Alameda_Arro",
        "osm_uid": "cea/279",
        "osmid": "279",
        "element_type": "cea_zone",
        "building": "yes",
        "cea_name": "B1279",
        "intersection_area_m2": 303.7709108319125,
        "is_residential": true,
        "residential_source": "cea",
        "radiation_sum_kwh_year": 586772.643453125,
        "radiation_sum": 586772.643453125,
        "radiation_point_count": 515.0,
        "use_type1": "MULTI_RES",
        "use_type2": "NONE",
        "use_type3": "NONE",
        "resi_type": null,
        "comparison_status": "matched",
        "validation_radiation_kwh_year": 586772.643453125,
        "ucea_radiation_kwh_year": 541458.8800000002,
        "workflow0_radiation_kwh_year": 481905.25000000186,
        "validation_area_m2": 303.7709108319125,
        "ucea_roofs_top_m2": 352.7,
        "err_ucea_minus_validation_kwh_year": -45313.76345312479,
        "err_ucea_abs_kwh_year": 45313.76345312479,
        "err_ucea_pct_of_validation": -0.07722541934889085,
        "err_ucea_area_minus_validation_m2": 48.9290891680875,
        "err_ucea_area_pct_of_validation": 0.16107233254852946,
        "err_workflow0_minus_validation_kwh_year": -104867.39345312316,
        "err_workflow0_abs_kwh_year": 104867.39345312316,
        "err_workflow0_pct_of_validation": -0.17871895464652932
      },
      "geometry": {
        "type": "Polygon",
        "coordinates": [
          [
            [
              -9.1363589,
              38.73016999999998
            ],
            [
              -9.136357,
              38.7303126
            ],
            [
              -9.136177,
              38.7303152
            ],
            [
              -9.1361714,
              38.73012549999999
            ],
            [
              -9.136293799999999,
              38.730130200000005
            ],
            [
              -9.1362933,
              38.73016919999999
            ],
            [
              -9.1363589,
              38.73016999999998
            ]
          ]
        ]
      }
    },
    {
      "type": "Feature",
      "properties": {
        "area_id": "Alameda_Arro",
        "osm_uid": "cea/280",
        "osmid": "280",
        "element_type": "cea_zone",
        "building": "yes",
        "cea_name": "B1280",
        "intersection_area_m2": 183.93060275383533,
        "is_residential": true,
        "residential_source": "cea",
        "radiation_sum_kwh_year": 309135.56165625,
        "radiation_sum": 309135.56165625,
        "radiation_point_count": 304.0,
        "use_type1": "MULTI_RES",
        "use_type2": "NONE",
        "use_type3": "NONE",
        "resi_type": null,
        "comparison_status": "matched",
        "validation_radiation_kwh_year": 309135.56165625,
        "ucea_radiation_kwh_year": 277195.8799999999,
        "workflow0_radiation_kwh_year": 257095.97000000038,
        "validation_area_m2": 183.93060275383533,
        "ucea_roofs_top_m2": 207.26,
        "err_ucea_minus_validation_kwh_year": -31939.68165625009,
        "err_ucea_abs_kwh_year": 31939.68165625009,
        "err_ucea_pct_of_validation": -0.10331933823830373,
        "err_ucea_area_minus_validation_m2": 23.32939724616466,
        "err_ucea_area_pct_of_validation": 0.12683804052655503,
        "err_workflow0_minus_validation_kwh_year": -52039.5916562496,
        "err_workflow0_abs_kwh_year": 52039.5916562496,
        "err_workflow0_pct_of_validation": -0.16833906580478164
      },
      "geometry": {
        "type": "Polygon",
        "coordinates": [
          [
            [
              -9.1364442,
              38.72756619999998
            ],
            [
              -9.136434899999998,
              38.7277159
            ],
            [
              -9.136321399999998,
              38.7277116
            ],
            [
              -9.1363325,
              38.727532599999996
            ],
            [
              -9.136401799999998,
              38.7275352
            ],
            [
              -9.1364,
              38.7275645
            ],
            [
              -9.1364442,
              38.72756619999998
            ]
          ]
        ]
      }
    },
    {
      "type": "Feature",
      "properties": {
        "area_id": "Alameda_Arro",
        "osm_uid": "cea/281",
        "osmid": "281",
        "element_type": "cea_zone",
        "building": "yes",
        "cea_name": "B1281",
        "intersection_area_m2": 97.54234060293847,
        "is_residential": true,
        "residential_source": "cea",
        "radiation_sum_kwh_year": 199738.5125625,
        "radiation_sum": 199738.5125625,
        "radiation_point_count": 157.0,
        "use_type1": "MULTI_RES",
        "use_type2": "NONE",
        "use_type3": "NONE",
        "resi_type": null,
        "comparison_status": "matched",
        "validation_radiation_kwh_year": 199738.5125625,
        "ucea_radiation_kwh_year": 164106.05999999962,
        "workflow0_radiation_kwh_year": 122222.18999999971,
        "validation_area_m2": 97.54234060293847,
        "ucea_roofs_top_m2": 117.67,
        "err_ucea_minus_validation_kwh_year": -35632.45256250037,
        "err_ucea_abs_kwh_year": 35632.45256250037,
        "err_ucea_pct_of_validation": -0.17839550372815888,
        "err_ucea_area_minus_validation_m2": 20.127659397061535,
        "err_ucea_area_pct_of_validation": 0.20634792309315558,
        "err_workflow0_minus_validation_kwh_year": -77516.32256250028,
        "err_workflow0_abs_kwh_year": 77516.32256250028,
        "err_workflow0_pct_of_validation": -0.38808901482254066
      },
      "geometry": {
        "type": "Polygon",
        "coordinates": [
          [
            [
              -9.136484,
              38.7305516
            ],
            [
              -9.13649,
              38.7305794
            ],
            [
              -9.1362546,
              38.730575
            ],
            [
              -9.1362495,
              38.73055969999999
            ],
            [
              -9.1362445,
              38.7305445
            ],
            [
              -9.1362394,
              38.7305292
            ],
            [
              -9.1364321,
              38.730530999999985
            ],
            [
              -9.136433,
              38.730551199999994
            ],
            [
              -9.136484,
              38.7305516
            ]
          ]
        ]
      }
    },
    {
      "type": "Feature",
      "properties": {
        "area_id": "Alameda_Arro",
        "osm_uid": "cea/282",
        "osmid": "282",
        "element_type": "cea_zone",
        "building": "yes",
        "cea_name": "B1282",
        "intersection_area_m2": 230.0780277883612,
        "is_residential": true,
        "residential_source": "cea",
        "radiation_sum_kwh_year": 408348.22628125,
        "radiation_sum": 408348.22628125,
        "radiation_point_count": 381.0,
        "use_type1": "MULTI_RES",
        "use_type2": "NONE",
        "use_type3": "NONE",
        "resi_type": null,
        "comparison_status": "matched",
        "validation_radiation_kwh_year": 408348.22628125,
        "ucea_radiation_kwh_year": 283227.4999999993,
        "workflow0_radiation_kwh_year": 302075.92000000086,
        "validation_area_m2": 230.0780277883612,
        "ucea_roofs_top_m2": 263.3,
        "err_ucea_minus_validation_kwh_year": -125120.72628125071,
        "err_ucea_abs_kwh_year": 125120.72628125071,
        "err_ucea_pct_of_validation": -0.30640692974401157,
        "err_ucea_area_minus_validation_m2": 33.221972211638814,
        "err_ucea_area_pct_of_validation": 0.14439437147035294,
        "err_workflow0_minus_validation_kwh_year": -106272.30628124916,
        "err_workflow0_abs_kwh_year": 106272.30628124916,
        "err_workflow0_pct_of_validation": -0.26024921731398454
      },
      "geometry": {
        "type": "Polygon",
        "coordinates": [
          [
            [
              -9.1367904,
              38.730327299999985
            ],
            [
              -9.1366043,
              38.73032990000001
            ],
            [
              -9.1366025,
              38.730311
            ],
            [
              -9.1365844,
              38.7303118
            ],
            [
              -9.136584200000001,
              38.73020040000001
            ],
            [
              -9.1366567,
              38.73020799999998
            ],
            [
              -9.1367875,
              38.73021960000001
            ],
            [
              -9.1367904,
              38.730327299999985
            ]
          ]
        ]
      }
    },
    {
      "type": "Feature",
      "properties": {
        "area_id": "Alameda_Arro",
        "osm_uid": "cea/283",
        "osmid": "283",
        "element_type": "cea_zone",
        "building": "yes",
        "cea_name": "B1283",
        "intersection_area_m2": 121.13586590012937,
        "is_residential": true,
        "residential_source": "cea",
        "radiation_sum_kwh_year": 283982.617265625,
        "radiation_sum": 283982.617265625,
        "radiation_point_count": 190.0,
        "use_type1": "MULTI_RES",
        "use_type2": "NONE",
        "use_type3": "NONE",
        "resi_type": null,
        "comparison_status": "matched",
        "validation_radiation_kwh_year": 283982.617265625,
        "ucea_radiation_kwh_year": 182693.8900000004,
        "workflow0_radiation_kwh_year": 176030.50999999963,
        "validation_area_m2": 121.13586590012937,
        "ucea_roofs_top_m2": 125.62,
        "err_ucea_minus_validation_kwh_year": -101288.72726562459,
        "err_ucea_abs_kwh_year": 101288.72726562459,
        "err_ucea_pct_of_validation": -0.35667227889122355,
        "err_ucea_area_minus_validation_m2": 4.48413409987063,
        "err_ucea_area_pct_of_validation": 0.03701739420071988,
        "err_workflow0_minus_validation_kwh_year": -107952.10726562535,
        "err_workflow0_abs_kwh_year": 107952.10726562535,
        "err_workflow0_pct_of_validation": -0.3801363206842046
      },
      "geometry": {
        "type": "Polygon",
        "coordinates": [
          [
            [
              -9.1372194,
              38.727666199999994
            ],
            [
              -9.137239799999998,
              38.7276659
            ],
            [
              -9.1374114,
              38.727663099999994
            ],
            [
              -9.1374131,
              38.727728499999984
            ],
            [
              -9.1372415,
              38.7277313
            ],
            [
              -9.1372212,
              38.72773159999999
            ],
            [
              -9.1372194,
              38.727666199999994
            ]
          ]
        ]
      }
    },
    {
      "type": "Feature",
      "properties": {
        "area_id": "Alameda_Arro",
        "osm_uid": "cea/284",
        "osmid": "284",
        "element_type": "cea_zone",
        "building": "yes",
        "cea_name": "B1284",
        "intersection_area_m2": 168.20513465066105,
        "is_residential": true,
        "residential_source": "cea",
        "radiation_sum_kwh_year": 372281.191875,
        "radiation_sum": 372281.191875,
        "radiation_point_count": 273.0,
        "use_type1": "MULTI_RES",
        "use_type2": "NONE",
        "use_type3": "NONE",
        "resi_type": null,
        "comparison_status": "matched",
        "validation_radiation_kwh_year": 372281.191875,
        "ucea_radiation_kwh_year": 221630.1600000006,
        "workflow0_radiation_kwh_year": 226340.81000000052,
        "validation_area_m2": 168.20513465066105,
        "ucea_roofs_top_m2": 180.69,
        "err_ucea_minus_validation_kwh_year": -150651.03187499943,
        "err_ucea_abs_kwh_year": 150651.03187499943,
        "err_ucea_pct_of_validation": -0.40467000526199876,
        "err_ucea_area_minus_validation_m2": 12.484865349338946,
        "err_ucea_area_pct_of_validation": 0.07422404420214815,
        "err_workflow0_minus_validation_kwh_year": -145940.3818749995,
        "err_workflow0_abs_kwh_year": 145940.3818749995,
        "err_workflow0_pct_of_validation": -0.3920165322883181
      },
      "geometry": {
        "type": "Polygon",
        "coordinates": [
          [
            [
              -9.137290599999998,
              38.727574899999986
            ],
            [
              -9.137290199999999,
              38.7275583
            ],
            [
              -9.1374086,
              38.7275564
            ],
            [
              -9.1374114,
              38.727663099999994
            ],
            [
              -9.137239799999998,
              38.7276659
            ],
            [
              -9.1372374,
              38.72757579999999
            ],
            [
              -9.137290599999998,
              38.727574899999986
            ]
          ]
        ]
      }
    },
    {
      "type": "Feature",
      "properties": {
        "area_id": "Alameda_Arro",
        "osm_uid": "cea/285",
        "osmid": "285",
        "element_type": "cea_zone",
        "building": "yes",
        "cea_name": "B1285",
        "intersection_area_m2": 187.57328712383227,
        "is_residential": true,
        "residential_source": "cea",
        "radiation_sum_kwh_year": 353397.54334375,
        "radiation_sum": 353397.54334375,
        "radiation_point_count": 306.0,
        "use_type1": "MULTI_RES",
        "use_type2": "NONE",
        "use_type3": "NONE",
        "resi_type": null,
        "comparison_status": "matched",
        "validation_radiation_kwh_year": 353397.54334375,
        "ucea_radiation_kwh_year": 312723.6599999997,
        "workflow0_radiation_kwh_year": 294635.2999999994,
        "validation_area_m2": 187.57328712383227,
        "ucea_roofs_top_m2": 212.48,
        "err_ucea_minus_validation_kwh_year": -40673.88334375032,
        "err_ucea_abs_kwh_year": 40673.88334375032,
        "err_ucea_pct_of_validation": -0.11509384858452966,
        "err_ucea_area_minus_validation_m2": 24.906712876167717,
        "err_ucea_area_pct_of_validation": 0.13278390147166735,
        "err_workflow0_minus_validation_kwh_year": -58762.2433437506,
        "err_workflow0_abs_kwh_year": 58762.2433437506,
        "err_workflow0_pct_of_validation": -0.16627801876537815
      },
      "geometry": {
        "type": "Polygon",
        "coordinates": [
          [
            [
              -9.136795299999998,
              38.73051449999999
            ],
            [
              -9.136685099999998,
              38.730533699999995
            ],
            [
              -9.136631,
              38.7305427
            ],
            [
              -9.1365965,
              38.730439499999996
            ],
            [
              -9.1366293,
              38.73043359999999
            ],
            [
              -9.136792499999999,
              38.730408999999995
            ],
            [
              -9.136795299999998,
              38.73051449999999
            ]
          ]
        ]
      }
    },
    {
      "type": "Feature",
      "properties": {
        "area_id": "Alameda_Arro",
        "osm_uid": "cea/286",
        "osmid": "286",
        "element_type": "cea_zone",
        "building": "yes",
        "cea_name": "B1286",
        "intersection_area_m2": 218.7664317272587,
        "is_residential": true,
        "residential_source": "cea",
        "radiation_sum_kwh_year": 323531.30115625,
        "radiation_sum": 323531.30115625,
        "radiation_point_count": 357.0,
        "use_type1": "MULTI_RES",
        "use_type2": "NONE",
        "use_type3": "NONE",
        "resi_type": null,
        "comparison_status": "matched",
        "validation_radiation_kwh_year": 323531.30115625,
        "ucea_radiation_kwh_year": 175404.3200000001,
        "workflow0_radiation_kwh_year": 277325.1999999998,
        "validation_area_m2": 218.7664317272587,
        "ucea_roofs_top_m2": 133.2,
        "err_ucea_minus_validation_kwh_year": -148126.9811562499,
        "err_ucea_abs_kwh_year": 148126.9811562499,
        "err_ucea_pct_of_validation": -0.4578443588823318,
        "err_ucea_area_minus_validation_m2": -85.5664317272587,
        "err_ucea_area_pct_of_validation": -0.3911314503403173,
        "err_workflow0_minus_validation_kwh_year": -46206.101156250224,
        "err_workflow0_abs_kwh_year": 46206.101156250224,
        "err_workflow0_pct_of_validation": -0.14281802407098443
      },
      "geometry": {
        "type": "Polygon",
        "coordinates": [
          [
            [
              -9.136972199999999,
              38.728477700000006
            ],
            [
              -9.1369717,
              38.7284587
            ],
            [
              -9.1369712,
              38.7284397
            ],
            [
              -9.137090599999999,
              38.728437699999986
            ],
            [
              -9.137091599999998,
              38.7284759
            ],
            [
              -9.1372024,
              38.7284741
            ],
            [
              -9.1372045,
              38.7285542
            ],
            [
              -9.137074999999998,
              38.72855619999999
            ],
            [
              -9.137001699999999,
              38.72855739999999
            ],
            [
              -9.136989599999998,
              38.72854829999999
            ],
            [
              -9.136973700000002,
              38.728534599999996
            ],
            [
              -9.1369727,
              38.72849659999999
            ],
            [
              -9.136972199999999,
              38.728477700000006
            ]
          ]
        ]
      }
    },
    {
      "type": "Feature",
      "properties": {
        "area_id": "Alameda_Arro",
        "osm_uid": "cea/287",
        "osmid": "287",
        "element_type": "cea_zone",
        "building": "yes",
        "cea_name": "B1287",
        "intersection_area_m2": 339.24787443953954,
        "is_residential": true,
        "residential_source": "cea",
        "radiation_sum_kwh_year": 642686.208859375,
        "radiation_sum": 642686.208859375,
        "radiation_point_count": 564.0,
        "use_type1": "MULTI_RES",
        "use_type2": "NONE",
        "use_type3": "NONE",
        "resi_type": null,
        "comparison_status": "matched",
        "validation_radiation_kwh_year": 642686.208859375,
        "ucea_radiation_kwh_year": 675824.4499999986,
        "workflow0_radiation_kwh_year": 477769.22999999934,
        "validation_area_m2": 339.24787443953954,
        "ucea_roofs_top_m2": 459.71,
        "err_ucea_minus_validation_kwh_year": 33138.24114062358,
        "err_ucea_abs_kwh_year": 33138.24114062358,
        "err_ucea_pct_of_validation": 0.05156208532844758,
        "err_ucea_area_minus_validation_m2": 120.46212556046044,
        "err_ucea_area_pct_of_validation": 0.3550858668148534,
        "err_workflow0_minus_validation_kwh_year": -164916.97885937564,
        "err_workflow0_abs_kwh_year": 164916.97885937564,
        "err_workflow0_pct_of_validation": -0.2566057534548105
      },
      "geometry": {
        "type": "Polygon",
        "coordinates": [
          [
            [
              -9.1373317,
              38.7288926
            ],
            [
              -9.137315499999998,
              38.7288929
            ],
            [
              -9.137314199999999,
              38.7288402
            ],
            [
              -9.1372813,
              38.728818
            ],
            [
              -9.1372522,
              38.72881839999999
            ],
            [
              -9.137244700000002,
              38.72873099999999
            ],
            [
              -9.1373297,
              38.7287296
            ],
            [
              -9.1374224,
              38.72872809999999
            ],
            [
              -9.137439799999997,
              38.728744799999994
            ],
            [
              -9.137442599999998,
              38.72885079999999
            ],
            [
              -9.1374456,
              38.7289664
            ],
            [
              -9.1373336,
              38.7289681
            ],
            [
              -9.1373317,
              38.7288926
            ]
          ]
        ]
      }
    },
    {
      "type": "Feature",
      "properties": {
        "area_id": "Alameda_Arro",
        "osm_uid": "cea/288",
        "osmid": "288",
        "element_type": "cea_zone",
        "building": "yes",
        "cea_name": "B1288",
        "intersection_area_m2": 350.9276070881628,
        "is_residential": true,
        "residential_source": "cea",
        "radiation_sum_kwh_year": 679990.86375,
        "radiation_sum": 679990.86375,
        "radiation_point_count": 589.0,
        "use_type1": "MULTI_RES",
        "use_type2": "NONE",
        "use_type3": "NONE",
        "resi_type": null,
        "comparison_status": "matched",
        "validation_radiation_kwh_year": 679990.86375,
        "ucea_radiation_kwh_year": 655990.7199999989,
        "workflow0_radiation_kwh_year": 483172.5500000009,
        "validation_area_m2": 350.9276070881628,
        "ucea_roofs_top_m2": 479.51,
        "err_ucea_minus_validation_kwh_year": -24000.143750001094,
        "err_ucea_abs_kwh_year": 24000.143750001094,
        "err_ucea_pct_of_validation": -0.035294803253157814,
        "err_ucea_area_minus_validation_m2": 128.5823929118372,
        "err_ucea_area_pct_of_validation": 0.36640717434218195,
        "err_workflow0_minus_validation_kwh_year": -196818.3137499991,
        "err_workflow0_abs_kwh_year": 196818.3137499991,
        "err_workflow0_pct_of_validation": -0.2894425855438548
      },
      "geometry": {
        "type": "Polygon",
        "coordinates": [
          [
            [
              -9.136983599999999,
              38.728913
            ],
            [
              -9.136982699999999,
              38.72888079999999
            ],
            [
              -9.1369821,
              38.7288544
            ],
            [
              -9.136981399999998,
              38.72882809999999
            ],
            [
              -9.1369807,
              38.72880169999999
            ],
            [
              -9.13698,
              38.7287754
            ],
            [
              -9.1369793,
              38.728749
            ],
            [
              -9.136997299999999,
              38.728734899999985
            ],
            [
              -9.1370778,
              38.728733599999984
            ],
            [
              -9.137244700000002,
              38.72873099999999
            ],
            [
              -9.1372522,
              38.72881839999999
            ],
            [
              -9.137152499999997,
              38.72881899999999
            ],
            [
              -9.1371377,
              38.7288331
            ],
            [
              -9.1371739,
              38.7288597
            ],
            [
              -9.137156699999998,
              38.72887389999999
            ],
            [
              -9.1371218,
              38.728848199999995
            ],
            [
              -9.1371056,
              38.7288637
            ],
            [
              -9.1371055,
              38.72891109999999
            ],
            [
              -9.136983599999999,
              38.728913
            ]
          ]
        ]
      }
    },
    {
      "type": "Feature",
      "properties": {
        "area_id": "Alameda_Arro",
        "osm_uid": "cea/289",
        "osmid": "289",
        "element_type": "cea_zone",
        "building": "yes",
        "cea_name": "B1289",
        "intersection_area_m2": 165.03411338384126,
        "is_residential": true,
        "residential_source": "cea",
        "radiation_sum_kwh_year": 368436.9875,
        "radiation_sum": 368436.9875,
        "radiation_point_count": 271.0,
        "use_type1": "MULTI_RES",
        "use_type2": "NONE",
        "use_type3": "NONE",
        "resi_type": null,
        "comparison_status": "matched",
        "validation_radiation_kwh_year": 368436.9875,
        "ucea_radiation_kwh_year": 366136.87,
        "workflow0_radiation_kwh_year": 259859.74000000037,
        "validation_area_m2": 165.03411338384126,
        "ucea_roofs_top_m2": 236.43,
        "err_ucea_minus_validation_kwh_year": -2300.117499999993,
        "err_ucea_abs_kwh_year": 2300.117499999993,
        "err_ucea_pct_of_validation": -0.006242906054593645,
        "err_ucea_area_minus_validation_m2": 71.39588661615875,
        "err_ucea_area_pct_of_validation": 0.4326129013709067,
        "err_workflow0_minus_validation_kwh_year": -108577.24749999962,
        "err_workflow0_abs_kwh_year": 108577.24749999962,
        "err_workflow0_pct_of_validation": -0.2946969256174358
      },
      "geometry": {
        "type": "Polygon",
        "coordinates": [
          [
            [
              -9.136512699999999,
              38.727980499999994
            ],
            [
              -9.1365874,
              38.72797919999999
            ],
            [
              -9.136587599999999,
              38.72798629999999
            ],
            [
              -9.136634999999998,
              38.727985499999996
            ],
            [
              -9.1366335,
              38.727927
            ],
            [
              -9.1367299,
              38.7279254
            ],
            [
              -9.1367328,
              38.72803399999999
            ],
            [
              -9.136525,
              38.728037300000004
            ],
            [
              -9.1365142,
              38.728037500000006
            ],
            [
              -9.136512699999999,
              38.727980499999994
            ]
          ]
        ]
      }
    },
    {
      "type": "Feature",
      "properties": {
        "area_id": "Alameda_Arro",
        "osm_uid": "cea/291",
        "osmid": "291",
        "element_type": "cea_zone",
        "building": "yes",
        "cea_name": "B1291",
        "intersection_area_m2": 258.55085545087564,
        "is_residential": true,
        "residential_source": "cea",
        "radiation_sum_kwh_year": 493478.64756250003,
        "radiation_sum": 493478.64756250003,
        "radiation_point_count": 409.0,
        "use_type1": "MULTI_RES",
        "use_type2": "NONE",
        "use_type3": "NONE",
        "resi_type": null,
        "comparison_status": "matched",
        "validation_radiation_kwh_year": 493478.64756250003,
        "ucea_radiation_kwh_year": 523267.549999999,
        "workflow0_radiation_kwh_year": 412083.63000000047,
        "validation_area_m2": 258.55085545087564,
        "ucea_roofs_top_m2": 337.7,
        "err_ucea_minus_validation_kwh_year": 29788.902437498968,
        "err_ucea_abs_kwh_year": 29788.902437498968,
        "err_ucea_pct_of_validation": 0.060365129443065005,
        "err_ucea_area_minus_validation_m2": 79.14914454912434,
        "err_ucea_area_pct_of_validation": 0.3061260207826409,
        "err_workflow0_minus_validation_kwh_year": -81395.01756249956,
        "err_workflow0_abs_kwh_year": 81395.01756249956,
        "err_workflow0_pct_of_validation": -0.16494131603169462
      },
      "geometry": {
        "type": "Polygon",
        "coordinates": [
          [
            [
              -9.1367645,
              38.7293429
            ],
            [
              -9.136765199999997,
              38.7293667
            ],
            [
              -9.1367658,
              38.72939039999999
            ],
            [
              -9.136766399999999,
              38.729413999999984
            ],
            [
              -9.136767,
              38.72943769999999
            ],
            [
              -9.1367676,
              38.7294613
            ],
            [
              -9.1367683,
              38.729485000000004
            ],
            [
              -9.1367689,
              38.7295085
            ],
            [
              -9.1366403,
              38.72951160000001
            ],
            [
              -9.1366395,
              38.72946859999998
            ],
            [
              -9.1365666,
              38.72946949999999
            ],
            [
              -9.1365651,
              38.7293949
            ],
            [
              -9.1366348,
              38.729394
            ],
            [
              -9.1366338,
              38.7293461
            ],
            [
              -9.1367645,
              38.7293429
            ]
          ]
        ]
      }
    },
    {
      "type": "Feature",
      "properties": {
        "area_id": "Alameda_Arro",
        "osm_uid": "cea/292",
        "osmid": "292",
        "element_type": "cea_zone",
        "building": "yes",
        "cea_name": "B1292",
        "intersection_area_m2": 226.84493685131693,
        "is_residential": true,
        "residential_source": "cea",
        "radiation_sum_kwh_year": 456606.09309375,
        "radiation_sum": 456606.09309375,
        "radiation_point_count": 377.0,
        "use_type1": "MULTI_RES",
        "use_type2": "NONE",
        "use_type3": "NONE",
        "resi_type": null,
        "comparison_status": "matched",
        "validation_radiation_kwh_year": 456606.09309375,
        "ucea_radiation_kwh_year": 364918.00999999995,
        "workflow0_radiation_kwh_year": 348025.2999999999,
        "validation_area_m2": 226.84493685131693,
        "ucea_roofs_top_m2": 274.5,
        "err_ucea_minus_validation_kwh_year": -91688.08309375006,
        "err_ucea_abs_kwh_year": 91688.08309375006,
        "err_ucea_pct_of_validation": -0.20080345943812172,
        "err_ucea_area_minus_validation_m2": 47.65506314868307,
        "err_ucea_area_pct_of_validation": 0.21007770246121063,
        "err_workflow0_minus_validation_kwh_year": -108580.79309375014,
        "err_workflow0_abs_kwh_year": 108580.79309375014,
        "err_workflow0_pct_of_validation": -0.23779970249204802
      },
      "geometry": {
        "type": "Polygon",
        "coordinates": [
          [
            [
              -9.136393099999998,
              38.729152600000006
            ],
            [
              -9.136388099999998,
              38.72923359999999
            ],
            [
              -9.1363434,
              38.72923189999998
            ],
            [
              -9.136340499999998,
              38.72927860000001
            ],
            [
              -9.136224399999998,
              38.72927419999999
            ],
            [
              -9.1362254,
              38.729258300000005
            ],
            [
              -9.1362293,
              38.72919629999999
            ],
            [
              -9.1362342,
              38.729117899999984
            ],
            [
              -9.136235199999998,
              38.72910269999999
            ],
            [
              -9.1363498,
              38.729107
            ],
            [
              -9.1363471,
              38.72915089999999
            ],
            [
              -9.136393099999998,
              38.729152600000006
            ]
          ]
        ]
      }
    },
    {
      "type": "Feature",
      "properties": {
        "area_id": "Alameda_Arro",
        "osm_uid": "cea/293",
        "osmid": "293",
        "element_type": "cea_zone",
        "building": "yes",
        "cea_name": "B1293",
        "intersection_area_m2": 251.11486038350992,
        "is_residential": true,
        "residential_source": "cea",
        "radiation_sum_kwh_year": 531676.092640625,
        "radiation_sum": 531676.092640625,
        "radiation_point_count": 421.0,
        "use_type1": "MULTI_RES",
        "use_type2": "NONE",
        "use_type3": "NONE",
        "resi_type": null,
        "comparison_status": "matched",
        "validation_radiation_kwh_year": 531676.092640625,
        "ucea_radiation_kwh_year": 403844.08999999875,
        "workflow0_radiation_kwh_year": 404369.48,
        "validation_area_m2": 251.11486038350992,
        "ucea_roofs_top_m2": 251.12,
        "err_ucea_minus_validation_kwh_year": -127832.00264062622,
        "err_ucea_abs_kwh_year": 127832.00264062622,
        "err_ucea_pct_of_validation": -0.2404321059570973,
        "err_ucea_area_minus_validation_m2": 0.005139616490083654,
        "err_ucea_area_pct_of_validation": 2.0467193706634014e-05,
        "err_workflow0_minus_validation_kwh_year": -127306.61264062498,
        "err_workflow0_abs_kwh_year": 127306.61264062498,
        "err_workflow0_pct_of_validation": -0.23944392911921875
      },
      "geometry": {
        "type": "Polygon",
        "coordinates": [
          [
            [
              -9.1367689,
              38.7295085
            ],
            [
              -9.1367695,
              38.7295318
            ],
            [
              -9.1367701,
              38.7295549
            ],
            [
              -9.136770699999998,
              38.729578100000005
            ],
            [
              -9.136771299999998,
              38.729601200000005
            ],
            [
              -9.1367719,
              38.7296244
            ],
            [
              -9.1367725,
              38.7296475
            ],
            [
              -9.136773099999997,
              38.72967050000001
            ],
            [
              -9.1366469,
              38.7296736
            ],
            [
              -9.136646,
              38.7296284
            ],
            [
              -9.1365701,
              38.7296294
            ],
            [
              -9.1365686,
              38.7295569
            ],
            [
              -9.1366412,
              38.729556
            ],
            [
              -9.1366403,
              38.72951160000001
            ],
            [
              -9.1367689,
              38.7295085
            ]
          ]
        ]
      }
    },
    {
      "type": "Feature",
      "properties": {
        "area_id": "Alameda_Arro",
        "osm_uid": "cea/294",
        "osmid": "294",
        "element_type": "cea_zone",
        "building": "yes",
        "cea_name": "B1294",
        "intersection_area_m2": 254.81578930012637,
        "is_residential": true,
        "residential_source": "cea",
        "radiation_sum_kwh_year": 495979.7359375,
        "radiation_sum": 495979.7359375,
        "radiation_point_count": 420.0,
        "use_type1": "MULTI_RES",
        "use_type2": "NONE",
        "use_type3": "NONE",
        "resi_type": null,
        "comparison_status": "matched",
        "validation_radiation_kwh_year": 495979.7359375,
        "ucea_radiation_kwh_year": 524053.95,
        "workflow0_radiation_kwh_year": 409365.37000000017,
        "validation_area_m2": 254.81578930012637,
        "ucea_roofs_top_m2": 333.32,
        "err_ucea_minus_validation_kwh_year": 28074.21406249999,
        "err_ucea_abs_kwh_year": 28074.21406249999,
        "err_ucea_pct_of_validation": 0.05660355056529509,
        "err_ucea_area_minus_validation_m2": 78.50421069987362,
        "err_ucea_area_pct_of_validation": 0.30808220681886406,
        "err_workflow0_minus_validation_kwh_year": -86614.36593749985,
        "err_workflow0_abs_kwh_year": 86614.36593749985,
        "err_workflow0_pct_of_validation": -0.17463287239705777
      },
      "geometry": {
        "type": "Polygon",
        "coordinates": [
          [
            [
              -9.136774,
              38.7297044
            ],
            [
              -9.1367749,
              38.7297373
            ],
            [
              -9.136776599999997,
              38.7298032
            ],
            [
              -9.1367772,
              38.7298241
            ],
            [
              -9.1367775,
              38.729836399999996
            ],
            [
              -9.136650999999999,
              38.729838000000015
            ],
            [
              -9.136650099999999,
              38.72979189999999
            ],
            [
              -9.1365737,
              38.72979289999999
            ],
            [
              -9.1365722,
              38.729719999999986
            ],
            [
              -9.1366478,
              38.72971899999999
            ],
            [
              -9.1366469,
              38.7296736
            ],
            [
              -9.136773099999997,
              38.72967050000001
            ],
            [
              -9.136774,
              38.7297044
            ]
          ]
        ]
      }
    },
    {
      "type": "Feature",
      "properties": {
        "area_id": "Alameda_Arro",
        "osm_uid": "cea/295",
        "osmid": "295",
        "element_type": "cea_zone",
        "building": "yes",
        "cea_name": "B1295",
        "intersection_area_m2": 226.5652623555645,
        "is_residential": true,
        "residential_source": "cea",
        "radiation_sum_kwh_year": 441556.9399375,
        "radiation_sum": 441556.9399375,
        "radiation_point_count": 369.0,
        "use_type1": "MULTI_RES",
        "use_type2": "NONE",
        "use_type3": "NONE",
        "resi_type": null,
        "comparison_status": "matched",
        "validation_radiation_kwh_year": 441556.9399375,
        "ucea_radiation_kwh_year": 398955.4800000007,
        "workflow0_radiation_kwh_year": 347231.7200000003,
        "validation_area_m2": 226.5652623555645,
        "ucea_roofs_top_m2": 274.22,
        "err_ucea_minus_validation_kwh_year": -42601.45993749931,
        "err_ucea_abs_kwh_year": 42601.45993749931,
        "err_ucea_pct_of_validation": -0.09648010502004412,
        "err_ucea_area_minus_validation_m2": 47.65473764443553,
        "err_ucea_area_pct_of_validation": 0.21033558785215564,
        "err_workflow0_minus_validation_kwh_year": -94325.21993749967,
        "err_workflow0_abs_kwh_year": 94325.21993749967,
        "err_workflow0_pct_of_validation": -0.2136196069092491
      },
      "geometry": {
        "type": "Polygon",
        "coordinates": [
          [
            [
              -9.136377,
              38.729405400000005
            ],
            [
              -9.1363333,
              38.729403699999985
            ],
            [
              -9.136330399999999,
              38.729449300000006
            ],
            [
              -9.1362138,
              38.72944489999999
            ],
            [
              -9.136224399999998,
              38.72927419999999
            ],
            [
              -9.136340499999998,
              38.72927860000001
            ],
            [
              -9.136337799999998,
              38.72932260000001
            ],
            [
              -9.136382099999999,
              38.7293243
            ],
            [
              -9.136377,
              38.729405400000005
            ]
          ]
        ]
      }
    },
    {
      "type": "Feature",
      "properties": {
        "area_id": "Alameda_Arro",
        "osm_uid": "cea/296",
        "osmid": "296",
        "element_type": "cea_zone",
        "building": "yes",
        "cea_name": "B1296",
        "intersection_area_m2": 225.38680235346737,
        "is_residential": true,
        "residential_source": "cea",
        "radiation_sum_kwh_year": 440452.82084375,
        "radiation_sum": 440452.82084375,
        "radiation_point_count": 377.0,
        "use_type1": "MULTI_RES",
        "use_type2": "NONE",
        "use_type3": "NONE",
        "resi_type": null,
        "comparison_status": "matched",
        "validation_radiation_kwh_year": 440452.82084375,
        "ucea_radiation_kwh_year": 415929.2699999996,
        "workflow0_radiation_kwh_year": 357642.85000000003,
        "validation_area_m2": 225.38680235346737,
        "ucea_roofs_top_m2": 271.64,
        "err_ucea_minus_validation_kwh_year": -24523.550843750418,
        "err_ucea_abs_kwh_year": 24523.550843750418,
        "err_ucea_pct_of_validation": -0.05567804242182413,
        "err_ucea_area_minus_validation_m2": 46.25319764653261,
        "err_ucea_area_pct_of_validation": 0.20521697439051959,
        "err_workflow0_minus_validation_kwh_year": -82809.97084375,
        "err_workflow0_abs_kwh_year": 82809.97084375,
        "err_workflow0_pct_of_validation": -0.1880109898833562
      },
      "geometry": {
        "type": "Polygon",
        "coordinates": [
          [
            [
              -9.136330399999999,
              38.729449300000006
            ],
            [
              -9.1363274,
              38.729497099999996
            ],
            [
              -9.136369499999999,
              38.72949869999999
            ],
            [
              -9.1363646,
              38.729576599999994
            ],
            [
              -9.136323099999998,
              38.72957499999998
            ],
            [
              -9.1363202,
              38.729621
            ],
            [
              -9.136203099999998,
              38.7296165
            ],
            [
              -9.1362138,
              38.72944489999999
            ],
            [
              -9.136330399999999,
              38.729449300000006
            ]
          ]
        ]
      }
    },
    {
      "type": "Feature",
      "properties": {
        "area_id": "Alameda_Arro",
        "osm_uid": "cea/297",
        "osmid": "297",
        "element_type": "cea_zone",
        "building": "yes",
        "cea_name": "B1297",
        "intersection_area_m2": 218.3874961310132,
        "is_residential": true,
        "residential_source": "cea",
        "radiation_sum_kwh_year": 445244.71734375,
        "radiation_sum": 445244.71734375,
        "radiation_point_count": 362.0,
        "use_type1": "MULTI_RES",
        "use_type2": "NONE",
        "use_type3": "NONE",
        "resi_type": null,
        "comparison_status": "matched",
        "validation_radiation_kwh_year": 445244.71734375,
        "ucea_radiation_kwh_year": 389877.9700000006,
        "workflow0_radiation_kwh_year": 337911.2100000005,
        "validation_area_m2": 218.3874961310132,
        "ucea_roofs_top_m2": 250.71,
        "err_ucea_minus_validation_kwh_year": -55366.74734374939,
        "err_ucea_abs_kwh_year": 55366.74734374939,
        "err_ucea_pct_of_validation": -0.1243512728776603,
        "err_ucea_area_minus_validation_m2": 32.322503868986814,
        "err_ucea_area_pct_of_validation": 0.14800528620739425,
        "err_workflow0_minus_validation_kwh_year": -107333.50734374952,
        "err_workflow0_abs_kwh_year": 107333.50734374952,
        "err_workflow0_pct_of_validation": -0.24106632411964804
      },
      "geometry": {
        "type": "Polygon",
        "coordinates": [
          [
            [
              -9.136296599999998,
              38.730004
            ],
            [
              -9.1363333,
              38.7300054
            ],
            [
              -9.1363281,
              38.73008769999999
            ],
            [
              -9.136296499999998,
              38.73008649999999
            ],
            [
              -9.136293799999999,
              38.730130200000005
            ],
            [
              -9.1361714,
              38.73012549999999
            ],
            [
              -9.136181599999999,
              38.7299607
            ],
            [
              -9.136299,
              38.72996509999999
            ],
            [
              -9.136296599999998,
              38.730004
            ]
          ]
        ]
      }
    },
    {
      "type": "Feature",
      "properties": {
        "area_id": "Alameda_Arro",
        "osm_uid": "cea/298",
        "osmid": "298",
        "element_type": "cea_zone",
        "building": "yes",
        "cea_name": "B1298",
        "intersection_area_m2": 381.04104579078347,
        "is_residential": true,
        "residential_source": "cea",
        "radiation_sum_kwh_year": 784722.3859921875,
        "radiation_sum": 784722.3859921875,
        "radiation_point_count": 617.0,
        "use_type1": "MULTI_RES",
        "use_type2": "NONE",
        "use_type3": "NONE",
        "resi_type": null,
        "comparison_status": "matched",
        "validation_radiation_kwh_year": 784722.3859921875,
        "ucea_radiation_kwh_year": 604695.2399999981,
        "workflow0_radiation_kwh_year": 584163.6899999996,
        "validation_area_m2": 381.04104579078347,
        "ucea_roofs_top_m2": 437.37,
        "err_ucea_minus_validation_kwh_year": -180027.1459921894,
        "err_ucea_abs_kwh_year": 180027.1459921894,
        "err_ucea_pct_of_validation": -0.22941507621777177,
        "err_ucea_area_minus_validation_m2": 56.32895420921653,
        "err_ucea_area_pct_of_validation": 0.14782909828602775,
        "err_workflow0_minus_validation_kwh_year": -200558.69599218795,
        "err_workflow0_abs_kwh_year": 200558.69599218795,
        "err_workflow0_pct_of_validation": -0.2555791698724199
      },
      "geometry": {
        "type": "Polygon",
        "coordinates": [
          [
            [
              -9.1367299,
              38.7279254
            ],
            [
              -9.1366335,
              38.727927
            ],
            [
              -9.136635099999998,
              38.72789039999999
            ],
            [
              -9.1366041,
              38.7278909
            ],
            [
              -9.1366066,
              38.72792660000001
            ],
            [
              -9.1365352,
              38.72792679999999
            ],
            [
              -9.1365342,
              38.72785609999999
            ],
            [
              -9.1365099,
              38.727856299999985
            ],
            [
              -9.1365088,
              38.72778779999999
            ],
            [
              -9.136532599999999,
              38.727786800000004
            ],
            [
              -9.136528499999999,
              38.72772599999999
            ],
            [
              -9.136721999999999,
              38.7277239
            ],
            [
              -9.1367261,
              38.72782949999999
            ],
            [
              -9.1367299,
              38.7279254
            ]
          ]
        ]
      }
    },
    {
      "type": "Feature",
      "properties": {
        "area_id": "Alameda_Arro",
        "osm_uid": "cea/299",
        "osmid": "299",
        "element_type": "cea_zone",
        "building": "yes",
        "cea_name": "B1299",
        "intersection_area_m2": 191.09670087674453,
        "is_residential": true,
        "residential_source": "cea",
        "radiation_sum_kwh_year": 389326.3503125,
        "radiation_sum": 389326.3503125,
        "radiation_point_count": 315.0,
        "use_type1": "MULTI_RES",
        "use_type2": "NONE",
        "use_type3": "NONE",
        "resi_type": null,
        "comparison_status": "matched",
        "validation_radiation_kwh_year": 389326.3503125,
        "ucea_radiation_kwh_year": 351354.6799999991,
        "workflow0_radiation_kwh_year": 282081.2400000004,
        "validation_area_m2": 191.09670087674453,
        "ucea_roofs_top_m2": 241.86,
        "err_ucea_minus_validation_kwh_year": -37971.67031250091,
        "err_ucea_abs_kwh_year": 37971.67031250091,
        "err_ucea_pct_of_validation": -0.09753172443124448,
        "err_ucea_area_minus_validation_m2": 50.76329912325548,
        "err_ucea_area_pct_of_validation": 0.2656419440542686,
        "err_workflow0_minus_validation_kwh_year": -107245.11031249963,
        "err_workflow0_abs_kwh_year": 107245.11031249963,
        "err_workflow0_pct_of_validation": -0.2754632719476022
      },
      "geometry": {
        "type": "Polygon",
        "coordinates": [
          [
            [
              -9.1364385,
              38.72902109999999
            ],
            [
              -9.1364342,
              38.72908960000001
            ],
            [
              -9.1363511,
              38.72908639999999
            ],
            [
              -9.1363498,
              38.729107
            ],
            [
              -9.136235199999998,
              38.72910269999999
            ],
            [
              -9.1362429,
              38.728979599999995
            ],
            [
              -9.1363564,
              38.7289838
            ],
            [
              -9.136354299999999,
              38.7290179
            ],
            [
              -9.1364385,
              38.72902109999999
            ]
          ]
        ]
      }
    },
    {
      "type": "Feature",
      "properties": {
        "area_id": "Alameda_Arro",
        "osm_uid": "cea/300",
        "osmid": "300",
        "element_type": "cea_zone",
        "building": "yes",
        "cea_name": "B1300",
        "intersection_area_m2": 231.000891997673,
        "is_residential": true,
        "residential_source": "cea",
        "radiation_sum_kwh_year": 452482.40334375,
        "radiation_sum": 452482.40334375,
        "radiation_point_count": 380.0,
        "use_type1": "MULTI_RES",
        "use_type2": "NONE",
        "use_type3": "NONE",
        "resi_type": null,
        "comparison_status": "matched",
        "validation_radiation_kwh_year": 452482.40334375,
        "ucea_radiation_kwh_year": 383123.60000000027,
        "workflow0_radiation_kwh_year": 330603.38999999926,
        "validation_area_m2": 231.000891997673,
        "ucea_roofs_top_m2": 275.98,
        "err_ucea_minus_validation_kwh_year": -69358.80334374972,
        "err_ucea_abs_kwh_year": 69358.80334374972,
        "err_ucea_pct_of_validation": -0.15328508430648954,
        "err_ucea_area_minus_validation_m2": 44.979108002327024,
        "err_ucea_area_pct_of_validation": 0.19471400137615108,
        "err_workflow0_minus_validation_kwh_year": -121879.01334375073,
        "err_workflow0_abs_kwh_year": 121879.01334375073,
        "err_workflow0_pct_of_validation": -0.26935636047521494
      },
      "geometry": {
        "type": "Polygon",
        "coordinates": [
          [
            [
              -9.1363542,
              38.729749
            ],
            [
              -9.1363128,
              38.72974749999999
            ],
            [
              -9.1363098,
              38.729795499999994
            ],
            [
              -9.136192199999998,
              38.72979109999999
            ],
            [
              -9.136203099999998,
              38.7296165
            ],
            [
              -9.1363202,
              38.729621
            ],
            [
              -9.1363175,
              38.72966559999998
            ],
            [
              -9.1363593,
              38.729667199999994
            ],
            [
              -9.1363542,
              38.729749
            ]
          ]
        ]
      }
    },
    {
      "type": "Feature",
      "properties": {
        "area_id": "Alameda_Arro",
        "osm_uid": "cea/301",
        "osmid": "301",
        "element_type": "cea_zone",
        "building": "yes",
        "cea_name": "B1301",
        "intersection_area_m2": 271.79254101395026,
        "is_residential": true,
        "residential_source": "cea",
        "radiation_sum_kwh_year": 559229.438703125,
        "radiation_sum": 559229.438703125,
        "radiation_point_count": 457.0,
        "use_type1": "MULTI_RES",
        "use_type2": "NONE",
        "use_type3": "NONE",
        "resi_type": null,
        "comparison_status": "matched",
        "validation_radiation_kwh_year": 559229.438703125,
        "ucea_radiation_kwh_year": 561491.2000000002,
        "workflow0_radiation_kwh_year": 429045.9199999998,
        "validation_area_m2": 271.79254101395026,
        "ucea_roofs_top_m2": 366.43,
        "err_ucea_minus_validation_kwh_year": 2261.761296875193,
        "err_ucea_abs_kwh_year": 2261.761296875193,
        "err_ucea_pct_of_validation": 0.004044424596316506,
        "err_ucea_area_minus_validation_m2": 94.63745898604975,
        "err_ucea_area_pct_of_validation": 0.3481974105433317,
        "err_workflow0_minus_validation_kwh_year": -130183.51870312518,
        "err_workflow0_abs_kwh_year": 130183.51870312518,
        "err_workflow0_pct_of_validation": -0.23279088991635682
      },
      "geometry": {
        "type": "Polygon",
        "coordinates": [
          [
            [
              -9.1366328,
              38.72930549999999
            ],
            [
              -9.1365632,
              38.7293064
            ],
            [
              -9.1365615,
              38.7292284
            ],
            [
              -9.136628899999998,
              38.72922750000001
            ],
            [
              -9.136631599999998,
              38.7291619
            ],
            [
              -9.1367602,
              38.7291789
            ],
            [
              -9.136762399999999,
              38.7292625
            ],
            [
              -9.1367627,
              38.7292717
            ],
            [
              -9.1367633,
              38.7292955
            ],
            [
              -9.136763899999998,
              38.7293192
            ],
            [
              -9.1367645,
              38.7293429
            ],
            [
              -9.1366338,
              38.7293461
            ],
            [
              -9.1366328,
              38.72930549999999
            ]
          ]
        ]
      }
    },
    {
      "type": "Feature",
      "properties": {
        "area_id": "Alameda_Arro",
        "osm_uid": "cea/302",
        "osmid": "302",
        "element_type": "cea_zone",
        "building": "yes",
        "cea_name": "B1302",
        "intersection_area_m2": 337.0582757252402,
        "is_residential": true,
        "residential_source": "cea",
        "radiation_sum_kwh_year": 588708.414484375,
        "radiation_sum": 588708.414484375,
        "radiation_point_count": 549.0,
        "use_type1": "MULTI_RES",
        "use_type2": "NONE",
        "use_type3": "NONE",
        "resi_type": null,
        "comparison_status": "matched",
        "validation_radiation_kwh_year": 588708.414484375,
        "ucea_radiation_kwh_year": 567062.500000001,
        "workflow0_radiation_kwh_year": 531889.4199999991,
        "validation_area_m2": 337.0582757252402,
        "ucea_roofs_top_m2": 393.97,
        "err_ucea_minus_validation_kwh_year": -21645.914484373992,
        "err_ucea_abs_kwh_year": 21645.914484373992,
        "err_ucea_pct_of_validation": -0.03676848156371731,
        "err_ucea_area_minus_validation_m2": 56.91172427475982,
        "err_ucea_area_pct_of_validation": 0.16884832200694147,
        "err_workflow0_minus_validation_kwh_year": -56818.99448437593,
        "err_workflow0_abs_kwh_year": 56818.99448437593,
        "err_workflow0_pct_of_validation": -0.09651466343341007
      },
      "geometry": {
        "type": "Polygon",
        "coordinates": [
          [
            [
              -9.137430199999999,
              38.728376799999985
            ],
            [
              -9.1374325,
              38.728466099999984
            ],
            [
              -9.137434699999998,
              38.72855049999998
            ],
            [
              -9.1372868,
              38.728552799999996
            ],
            [
              -9.1372045,
              38.7285542
            ],
            [
              -9.1372024,
              38.7284741
            ],
            [
              -9.1372109,
              38.72845579999999
            ],
            [
              -9.1372613,
              38.72845499999999
            ],
            [
              -9.137259799999999,
              38.728399999999986
            ],
            [
              -9.137283399999998,
              38.72839959999999
            ],
            [
              -9.1372828,
              38.728379299999986
            ],
            [
              -9.137430199999999,
              38.728376799999985
            ]
          ]
        ]
      }
    },
    {
      "type": "Feature",
      "properties": {
        "area_id": "Alameda_Arro",
        "osm_uid": "cea/303",
        "osmid": "303",
        "element_type": "cea_zone",
        "building": "yes",
        "cea_name": "B1303",
        "intersection_area_m2": 183.84794849854575,
        "is_residential": true,
        "residential_source": "cea",
        "radiation_sum_kwh_year": 388024.76397656254,
        "radiation_sum": 388024.76397656254,
        "radiation_point_count": 300.0,
        "use_type1": "MULTI_RES",
        "use_type2": "NONE",
        "use_type3": "NONE",
        "resi_type": null,
        "comparison_status": "matched",
        "validation_radiation_kwh_year": 388024.76397656254,
        "ucea_radiation_kwh_year": 220411.23999999985,
        "workflow0_radiation_kwh_year": 293741.6999999994,
        "validation_area_m2": 183.84794849854575,
        "ucea_roofs_top_m2": 188.97,
        "err_ucea_minus_validation_kwh_year": -167613.5239765627,
        "err_ucea_abs_kwh_year": 167613.5239765627,
        "err_ucea_pct_of_validation": -0.43196604840068115,
        "err_ucea_area_minus_validation_m2": 5.122051501454251,
        "err_ucea_area_pct_of_validation": 0.027860259215754954,
        "err_workflow0_minus_validation_kwh_year": -94283.06397656316,
        "err_workflow0_abs_kwh_year": 94283.06397656316,
        "err_workflow0_pct_of_validation": -0.2429820793145513
      },
      "geometry": {
        "type": "Polygon",
        "coordinates": [
          [
            [
              -9.1378353,
              38.7280077
            ],
            [
              -9.137837199999998,
              38.728111199999994
            ],
            [
              -9.1378048,
              38.72811159999999
            ],
            [
              -9.137653599999998,
              38.72811329999999
            ],
            [
              -9.137650899999999,
              38.728009699999994
            ],
            [
              -9.1378353,
              38.7280077
            ]
          ]
        ]
      }
    },
    {
      "type": "Feature",
      "properties": {
        "area_id": "Alameda_Arro",
        "osm_uid": "cea/304",
        "osmid": "304",
        "element_type": "cea_zone",
        "building": "yes",
        "cea_name": "B1304",
        "intersection_area_m2": 104.30236244572964,
        "is_residential": true,
        "residential_source": "cea",
        "radiation_sum_kwh_year": 206791.3237734375,
        "radiation_sum": 206791.3237734375,
        "radiation_point_count": 172.0,
        "use_type1": "MULTI_RES",
        "use_type2": "NONE",
        "use_type3": "NONE",
        "resi_type": null,
        "comparison_status": "matched",
        "validation_radiation_kwh_year": 206791.3237734375,
        "ucea_radiation_kwh_year": 156767.91999999987,
        "workflow0_radiation_kwh_year": 163491.1499999997,
        "validation_area_m2": 104.30236244572964,
        "ucea_roofs_top_m2": 104.3,
        "err_ucea_minus_validation_kwh_year": -50023.40377343763,
        "err_ucea_abs_kwh_year": 50023.40377343763,
        "err_ucea_pct_of_validation": -0.24190281710389233,
        "err_ucea_area_minus_validation_m2": -0.0023624457296449464,
        "err_ucea_area_pct_of_validation": -2.26499733491096e-05,
        "err_workflow0_minus_validation_kwh_year": -43300.1737734378,
        "err_workflow0_abs_kwh_year": 43300.1737734378,
        "err_workflow0_pct_of_validation": -0.20939066970178047
      },
      "geometry": {
        "type": "Polygon",
        "coordinates": [
          [
            [
              -9.1379292,
              38.73037239999999
            ],
            [
              -9.1380261,
              38.73036859999999
            ],
            [
              -9.1380282,
              38.7304826
            ],
            [
              -9.1379336,
              38.730484100000005
            ],
            [
              -9.1379292,
              38.73037239999999
            ]
          ]
        ]
      }
    },
    {
      "type": "Feature",
      "properties": {
        "area_id": "Alameda_Arro",
        "osm_uid": "cea/305",
        "osmid": "305",
        "element_type": "cea_zone",
        "building": "yes",
        "cea_name": "B1305",
        "intersection_area_m2": 183.60409134379327,
        "is_residential": true,
        "residential_source": "cea",
        "radiation_sum_kwh_year": 313671.90128125,
        "radiation_sum": 313671.90128125,
        "radiation_point_count": 306.0,
        "use_type1": "MULTI_RES",
        "use_type2": "NONE",
        "use_type3": "NONE",
        "resi_type": null,
        "comparison_status": "matched",
        "validation_radiation_kwh_year": 313671.90128125,
        "ucea_radiation_kwh_year": 221026.99000000025,
        "workflow0_radiation_kwh_year": 212160.34999999977,
        "validation_area_m2": 183.60409134379327,
        "ucea_roofs_top_m2": 190.13,
        "err_ucea_minus_validation_kwh_year": -92644.91128124975,
        "err_ucea_abs_kwh_year": 92644.91128124975,
        "err_ucea_pct_of_validation": -0.2953561058635623,
        "err_ucea_area_minus_validation_m2": 6.525908656206724,
        "err_ucea_area_pct_of_validation": 0.035543372745366286,
        "err_workflow0_minus_validation_kwh_year": -101511.55128125023,
        "err_workflow0_abs_kwh_year": 101511.55128125023,
        "err_workflow0_pct_of_validation": -0.3236233493233146
      },
      "geometry": {
        "type": "Polygon",
        "coordinates": [
          [
            [
              -9.1377119,
              38.73033089999999
            ],
            [
              -9.1377087,
              38.73021139999999
            ],
            [
              -9.137867699999997,
              38.73020929999999
            ],
            [
              -9.1378715,
              38.730328699999994
            ],
            [
              -9.1377119,
              38.73033089999999
            ]
          ]
        ]
      }
    },
    {
      "type": "Feature",
      "properties": {
        "area_id": "Alameda_Arro",
        "osm_uid": "cea/306",
        "osmid": "306",
        "element_type": "cea_zone",
        "building": "yes",
        "cea_name": "B1306",
        "intersection_area_m2": 160.31723404706466,
        "is_residential": true,
        "residential_source": "cea",
        "radiation_sum_kwh_year": 296942.988328125,
        "radiation_sum": 296942.988328125,
        "radiation_point_count": 258.0,
        "use_type1": "MULTI_RES",
        "use_type2": "NONE",
        "use_type3": "NONE",
        "resi_type": null,
        "comparison_status": "matched",
        "validation_radiation_kwh_year": 296942.988328125,
        "ucea_radiation_kwh_year": 274887.7500000002,
        "workflow0_radiation_kwh_year": 257924.34000000005,
        "validation_area_m2": 160.31723404706466,
        "ucea_roofs_top_m2": 176.61,
        "err_ucea_minus_validation_kwh_year": -22055.238328124804,
        "err_ucea_abs_kwh_year": 22055.238328124804,
        "err_ucea_pct_of_validation": -0.07427431929712226,
        "err_ucea_area_minus_validation_m2": 16.292765952935355,
        "err_ucea_area_pct_of_validation": 0.1016282874999718,
        "err_workflow0_minus_validation_kwh_year": -39018.648328124924,
        "err_workflow0_abs_kwh_year": 39018.648328124924,
        "err_workflow0_pct_of_validation": -0.13140114386202958
      },
      "geometry": {
        "type": "Polygon",
        "coordinates": [
          [
            [
              -9.1381648,
              38.730389899999984
            ],
            [
              -9.138186299999997,
              38.73048070000001
            ],
            [
              -9.1381661,
              38.7304804
            ],
            [
              -9.1380282,
              38.7304826
            ],
            [
              -9.1380261,
              38.73036859999999
            ],
            [
              -9.1381643,
              38.730366999999994
            ],
            [
              -9.1381648,
              38.730389899999984
            ]
          ]
        ]
      }
    },
    {
      "type": "Feature",
      "properties": {
        "area_id": "Alameda_Arro",
        "osm_uid": "cea/307",
        "osmid": "307",
        "element_type": "cea_zone",
        "building": "yes",
        "cea_name": "B1307",
        "intersection_area_m2": 300.3216196751228,
        "is_residential": true,
        "residential_source": "cea",
        "radiation_sum_kwh_year": 562003.0453984375,
        "radiation_sum": 562003.0453984375,
        "radiation_point_count": 499.0,
        "use_type1": "MULTI_RES",
        "use_type2": "NONE",
        "use_type3": "NONE",
        "resi_type": null,
        "comparison_status": "matched",
        "validation_radiation_kwh_year": 562003.0453984375,
        "ucea_radiation_kwh_year": 515559.9900000003,
        "workflow0_radiation_kwh_year": 433882.3600000003,
        "validation_area_m2": 300.3216196751228,
        "ucea_roofs_top_m2": 331.81,
        "err_ucea_minus_validation_kwh_year": -46443.05539843725,
        "err_ucea_abs_kwh_year": 46443.05539843725,
        "err_ucea_pct_of_validation": -0.08263844080330739,
        "err_ucea_area_minus_validation_m2": 31.4883803248772,
        "err_ucea_area_pct_of_validation": 0.10484886289218939,
        "err_workflow0_minus_validation_kwh_year": -128120.68539843726,
        "err_workflow0_abs_kwh_year": 128120.68539843726,
        "err_workflow0_pct_of_validation": -0.22797151447392042
      },
      "geometry": {
        "type": "Polygon",
        "coordinates": [
          [
            [
              -9.1379336,
              38.730484100000005
            ],
            [
              -9.1377578,
              38.7304868
            ],
            [
              -9.137741499999999,
              38.730485
            ],
            [
              -9.137727499999999,
              38.73047829999999
            ],
            [
              -9.1377182,
              38.730467699999984
            ],
            [
              -9.1377151,
              38.7304551
            ],
            [
              -9.1377119,
              38.73033089999999
            ],
            [
              -9.1378715,
              38.730328699999994
            ],
            [
              -9.137875499999998,
              38.73037359999999
            ],
            [
              -9.1379292,
              38.73037239999999
            ],
            [
              -9.1379336,
              38.730484100000005
            ]
          ]
        ]
      }
    },
    {
      "type": "Feature",
      "properties": {
        "area_id": "Alameda_Arro",
        "osm_uid": "cea/308",
        "osmid": "308",
        "element_type": "cea_zone",
        "building": "yes",
        "cea_name": "B1308",
        "intersection_area_m2": 886.6499341363852,
        "is_residential": true,
        "residential_source": "cea",
        "radiation_sum_kwh_year": 1728300.0947265625,
        "radiation_sum": 1728300.0947265625,
        "radiation_point_count": 1445.0,
        "use_type1": "MULTI_RES",
        "use_type2": "NONE",
        "use_type3": "NONE",
        "resi_type": null,
        "comparison_status": "matched",
        "validation_radiation_kwh_year": 1728300.0947265625,
        "ucea_radiation_kwh_year": 1433558.1499999997,
        "workflow0_radiation_kwh_year": 1434349.1500000008,
        "validation_area_m2": 886.6499341363852,
        "ucea_roofs_top_m2": 886.71,
        "err_ucea_minus_validation_kwh_year": -294741.9447265628,
        "err_ucea_abs_kwh_year": 294741.9447265628,
        "err_ucea_pct_of_validation": -0.17053863829892024,
        "err_ucea_area_minus_validation_m2": 0.06006586361479549,
        "err_ucea_area_pct_of_validation": 6.774473363413808e-05,
        "err_workflow0_minus_validation_kwh_year": -293950.94472656166,
        "err_workflow0_abs_kwh_year": 293950.94472656166,
        "err_workflow0_pct_of_validation": -0.17008096315186985
      },
      "geometry": {
        "type": "Polygon",
        "coordinates": [
          [
            [
              -9.1377025,
              38.72997329999999
            ],
            [
              -9.137696,
              38.72972579999999
            ],
            [
              -9.137857599999998,
              38.72976489999999
            ],
            [
              -9.137858599999998,
              38.7298159
            ],
            [
              -9.1379579,
              38.7298145
            ],
            [
              -9.1379599,
              38.729902100000004
            ],
            [
              -9.1378606,
              38.7299035
            ],
            [
              -9.1378622,
              38.729971799999994
            ],
            [
              -9.1378639,
              38.73004519999999
            ],
            [
              -9.1379632,
              38.73004379999999
            ],
            [
              -9.137965199999998,
              38.730133899999984
            ],
            [
              -9.137866,
              38.730135199999985
            ],
            [
              -9.137867699999997,
              38.73020929999999
            ],
            [
              -9.1377087,
              38.73021139999999
            ],
            [
              -9.1377025,
              38.72997329999999
            ]
          ]
        ]
      }
    },
    {
      "type": "Feature",
      "properties": {
        "area_id": "Alameda_Arro",
        "osm_uid": "cea/309",
        "osmid": "309",
        "element_type": "cea_zone",
        "building": "yes",
        "cea_name": "B1309",
        "intersection_area_m2": 97.998299351422,
        "is_residential": true,
        "residential_source": "cea",
        "radiation_sum_kwh_year": 142107.4199375,
        "radiation_sum": 142107.4199375,
        "radiation_point_count": 165.0,
        "use_type1": "MULTI_RES",
        "use_type2": "NONE",
        "use_type3": "NONE",
        "resi_type": null,
        "comparison_status": "matched",
        "validation_radiation_kwh_year": 142107.4199375,
        "ucea_radiation_kwh_year": 182690.77999999988,
        "workflow0_radiation_kwh_year": 157624.25999999986,
        "validation_area_m2": 97.998299351422,
        "ucea_roofs_top_m2": 101.93,
        "err_ucea_minus_validation_kwh_year": 40583.36006249988,
        "err_ucea_abs_kwh_year": 40583.36006249988,
        "err_ucea_pct_of_validation": 0.2855822734685407,
        "err_ucea_area_minus_validation_m2": 3.9317006485780013,
        "err_ucea_area_pct_of_validation": 0.040120090599520694,
        "err_workflow0_minus_validation_kwh_year": 15516.840062499861,
        "err_workflow0_abs_kwh_year": 15516.840062499861,
        "err_workflow0_pct_of_validation": 0.10919092099008126
      },
      "geometry": {
        "type": "Polygon",
        "coordinates": [
          [
            [
              -9.138079000000001,
              38.728076300000005
            ],
            [
              -9.137941099999999,
              38.72807710000001
            ],
            [
              -9.1379405,
              38.7280034
            ],
            [
              -9.138078300000002,
              38.728002599999996
            ],
            [
              -9.138079000000001,
              38.728076300000005
            ]
          ]
        ]
      }
    },
    {
      "type": "Feature",
      "properties": {
        "area_id": "Alameda_Arro",
        "osm_uid": "cea/310",
        "osmid": "310",
        "element_type": "cea_zone",
        "building": "yes",
        "cea_name": "B1310",
        "intersection_area_m2": 165.23265887857073,
        "is_residential": true,
        "residential_source": "cea",
        "radiation_sum_kwh_year": 185472.001828125,
        "radiation_sum": 185472.001828125,
        "radiation_point_count": 253.0,
        "use_type1": "MULTI_RES",
        "use_type2": "NONE",
        "use_type3": "NONE",
        "resi_type": null,
        "comparison_status": "matched",
        "validation_radiation_kwh_year": 185472.001828125,
        "ucea_radiation_kwh_year": 268431.37999999983,
        "workflow0_radiation_kwh_year": 266412.49999999953,
        "validation_area_m2": 165.23265887857073,
        "ucea_roofs_top_m2": 168.43,
        "err_ucea_minus_validation_kwh_year": 82959.37817187482,
        "err_ucea_abs_kwh_year": 82959.37817187482,
        "err_ucea_pct_of_validation": 0.44728787824672545,
        "err_ucea_area_minus_validation_m2": 3.1973411214292753,
        "err_ucea_area_pct_of_validation": 0.019350539676172597,
        "err_workflow0_minus_validation_kwh_year": 80940.49817187453,
        "err_workflow0_abs_kwh_year": 80940.49817187453,
        "err_workflow0_pct_of_validation": 0.4364027851863121
      },
      "geometry": {
        "type": "Polygon",
        "coordinates": [
          [
            [
              -9.138071299999998,
              38.727960399999986
            ],
            [
              -9.1378924,
              38.727961499999985
            ],
            [
              -9.1378915,
              38.727865699999995
            ],
            [
              -9.138070399999998,
              38.7278647
            ],
            [
              -9.138071299999998,
              38.727960399999986
            ]
          ]
        ]
      }
    },
    {
      "type": "Feature",
      "properties": {
        "area_id": "Alameda_Arro",
        "osm_uid": "cea/311",
        "osmid": "311",
        "element_type": "cea_zone",
        "building": "yes",
        "cea_name": "B1311",
        "intersection_area_m2": 202.85723717886634,
        "is_residential": true,
        "residential_source": "cea",
        "radiation_sum_kwh_year": 308045.73428125,
        "radiation_sum": 308045.73428125,
        "radiation_point_count": 339.0,
        "use_type1": "MULTI_RES",
        "use_type2": "NONE",
        "use_type3": "NONE",
        "resi_type": null,
        "comparison_status": "matched",
        "validation_radiation_kwh_year": 308045.73428125,
        "ucea_radiation_kwh_year": 354372.2700000005,
        "workflow0_radiation_kwh_year": 321989.02,
        "validation_area_m2": 202.85723717886634,
        "ucea_roofs_top_m2": 209.57,
        "err_ucea_minus_validation_kwh_year": 46326.5357187505,
        "err_ucea_abs_kwh_year": 46326.5357187505,
        "err_ucea_pct_of_validation": 0.15038849937929585,
        "err_ucea_area_minus_validation_m2": 6.712762821133651,
        "err_ucea_area_pct_of_validation": 0.0330910689433021,
        "err_workflow0_minus_validation_kwh_year": 13943.285718750034,
        "err_workflow0_abs_kwh_year": 13943.285718750034,
        "err_workflow0_pct_of_validation": 0.04526368706673803
      },
      "geometry": {
        "type": "Polygon",
        "coordinates": [
          [
            [
              -9.1377862,
              38.727866299999995
            ],
            [
              -9.1378466,
              38.7278655
            ],
            [
              -9.137848699999997,
              38.7279712
            ],
            [
              -9.137649999999999,
              38.7279736
            ],
            [
              -9.1376472,
              38.727867999999994
            ],
            [
              -9.1377862,
              38.727866299999995
            ]
          ]
        ]
      }
    },
    {
      "type": "Feature",
      "properties": {
        "area_id": "Alameda_Arro",
        "osm_uid": "cea/312",
        "osmid": "312",
        "element_type": "cea_zone",
        "building": "yes",
        "cea_name": "B1312",
        "intersection_area_m2": 138.82949782658915,
        "is_residential": true,
        "residential_source": "cea",
        "radiation_sum_kwh_year": 209518.081640625,
        "radiation_sum": 209518.081640625,
        "radiation_point_count": 224.0,
        "use_type1": "MULTI_RES",
        "use_type2": "NONE",
        "use_type3": "NONE",
        "resi_type": null,
        "comparison_status": "matched",
        "validation_radiation_kwh_year": 209518.081640625,
        "ucea_radiation_kwh_year": 101279.51999999992,
        "workflow0_radiation_kwh_year": 223520.45000000048,
        "validation_area_m2": 138.82949782658915,
        "ucea_roofs_top_m2": 71.7,
        "err_ucea_minus_validation_kwh_year": -108238.56164062508,
        "err_ucea_abs_kwh_year": 108238.56164062508,
        "err_ucea_pct_of_validation": -0.5166072579181057,
        "err_ucea_area_minus_validation_m2": -67.12949782658914,
        "err_ucea_area_pct_of_validation": -0.4835391532600664,
        "err_workflow0_minus_validation_kwh_year": 14002.368359375483,
        "err_workflow0_abs_kwh_year": 14002.368359375483,
        "err_workflow0_pct_of_validation": 0.06683131236087292
      },
      "geometry": {
        "type": "Polygon",
        "coordinates": [
          [
            [
              -9.136525,
              38.728037300000004
            ],
            [
              -9.1367328,
              38.72803399999999
            ],
            [
              -9.136731999999999,
              38.728104
            ],
            [
              -9.1365287,
              38.72810729999999
            ],
            [
              -9.136525,
              38.728037300000004
            ]
          ]
        ]
      }
    },
    {
      "type": "Feature",
      "properties": {
        "area_id": "Alameda_Arro",
        "osm_uid": "cea/314",
        "osmid": "314",
        "element_type": "cea_zone",
        "building": "yes",
        "cea_name": "B1314",
        "intersection_area_m2": 213.45631452308226,
        "is_residential": true,
        "residential_source": "cea",
        "radiation_sum_kwh_year": 371968.5771875,
        "radiation_sum": 371968.5771875,
        "radiation_point_count": 355.0,
        "use_type1": "MULTI_RES",
        "use_type2": "NONE",
        "use_type3": "NONE",
        "resi_type": null,
        "comparison_status": "matched",
        "validation_radiation_kwh_year": 371968.5771875,
        "ucea_radiation_kwh_year": 378569.96999999956,
        "workflow0_radiation_kwh_year": 310727.48999999824,
        "validation_area_m2": 213.45631452308226,
        "ucea_roofs_top_m2": 256.07,
        "err_ucea_minus_validation_kwh_year": 6601.392812499544,
        "err_ucea_abs_kwh_year": 6601.392812499544,
        "err_ucea_pct_of_validation": 0.017747178706366766,
        "err_ucea_area_minus_validation_m2": 42.61368547691774,
        "err_ucea_area_pct_of_validation": 0.19963656531842572,
        "err_workflow0_minus_validation_kwh_year": -61241.08718750178,
        "err_workflow0_abs_kwh_year": 61241.08718750178,
        "err_workflow0_pct_of_validation": -0.1646404856306765
      },
      "geometry": {
        "type": "Polygon",
        "coordinates": [
          [
            [
              -9.1366049,
              38.7288497
            ],
            [
              -9.1367523,
              38.728875699999996
            ],
            [
              -9.1367528,
              38.728896099999986
            ],
            [
              -9.1367554,
              38.72899550000001
            ],
            [
              -9.136567099999999,
              38.728965900000006
            ],
            [
              -9.1365746,
              38.728845299999996
            ],
            [
              -9.1366049,
              38.7288497
            ]
          ]
        ]
      }
    },
    {
      "type": "Feature",
      "properties": {
        "area_id": "Alameda_Arro",
        "osm_uid": "cea/315",
        "osmid": "315",
        "element_type": "cea_zone",
        "building": "yes",
        "cea_name": "B1315",
        "intersection_area_m2": 151.11470398749574,
        "is_residential": true,
        "residential_source": "cea",
        "radiation_sum_kwh_year": 253209.85334375,
        "radiation_sum": 253209.85334375,
        "radiation_point_count": 247.0,
        "use_type1": "MULTI_RES",
        "use_type2": "NONE",
        "use_type3": "NONE",
        "resi_type": null,
        "comparison_status": "matched",
        "validation_radiation_kwh_year": 253209.85334375,
        "ucea_radiation_kwh_year": 102035.42999999954,
        "workflow0_radiation_kwh_year": 102231.35000000018,
        "validation_area_m2": 151.11470398749574,
        "ucea_roofs_top_m2": 135.22,
        "err_ucea_minus_validation_kwh_year": -151174.42334375047,
        "err_ucea_abs_kwh_year": 151174.42334375047,
        "err_ucea_pct_of_validation": -0.5970321507928077,
        "err_ucea_area_minus_validation_m2": -15.894703987495745,
        "err_ucea_area_pct_of_validation": -0.10518304022096342,
        "err_workflow0_minus_validation_kwh_year": -150978.50334374982,
        "err_workflow0_abs_kwh_year": 150978.50334374982,
        "err_workflow0_pct_of_validation": -0.5962584052319085
      },
      "geometry": {
        "type": "Polygon",
        "coordinates": [
          [
            [
              -9.1367336,
              38.72816499999998
            ],
            [
              -9.136734,
              38.7281807
            ],
            [
              -9.1365891,
              38.72818339999999
            ],
            [
              -9.136529800000002,
              38.728183899999976
            ],
            [
              -9.1365287,
              38.72810729999999
            ],
            [
              -9.136731999999999,
              38.728104
            ],
            [
              -9.1367324,
              38.7281189
            ],
            [
              -9.1367328,
              38.728134199999985
            ],
            [
              -9.1367332,
              38.728149599999995
            ],
            [
              -9.1367336,
              38.72816499999998
            ]
          ]
        ]
      }
    },
    {
      "type": "Feature",
      "properties": {
        "area_id": "Alameda_Arro",
        "osm_uid": "cea/317",
        "osmid": "317",
        "element_type": "cea_zone",
        "building": "yes",
        "cea_name": "B1317",
        "intersection_area_m2": 551.1713136679373,
        "is_residential": true,
        "residential_source": "cea",
        "radiation_sum_kwh_year": 1005085.203421875,
        "radiation_sum": 1005085.203421875,
        "radiation_point_count": 861.0,
        "use_type1": "MULTI_RES",
        "use_type2": "NONE",
        "use_type3": "NONE",
        "resi_type": null,
        "comparison_status": "matched",
        "validation_radiation_kwh_year": 1005085.203421875,
        "ucea_radiation_kwh_year": 978437.780000001,
        "workflow0_radiation_kwh_year": 892915.9300000011,
        "validation_area_m2": 551.1713136679373,
        "ucea_roofs_top_m2": 614.61,
        "err_ucea_minus_validation_kwh_year": -26647.42342187406,
        "err_ucea_abs_kwh_year": 26647.42342187406,
        "err_ucea_pct_of_validation": -0.02651260145025641,
        "err_ucea_area_minus_validation_m2": 63.43868633206273,
        "err_ucea_area_pct_of_validation": 0.11509794642593187,
        "err_workflow0_minus_validation_kwh_year": -112169.27342187392,
        "err_workflow0_abs_kwh_year": 112169.27342187392,
        "err_workflow0_pct_of_validation": -0.11160175579143605
      },
      "geometry": {
        "type": "Polygon",
        "coordinates": [
          [
            [
              -9.139282399999999,
              38.7303764
            ],
            [
              -9.139263899999998,
              38.730378599999995
            ],
            [
              -9.139258,
              38.730347999999985
            ],
            [
              -9.139227100000001,
              38.730351600000006
            ],
            [
              -9.1391861,
              38.730139499999986
            ],
            [
              -9.139217,
              38.730135800000006
            ],
            [
              -9.1392115,
              38.730107499999995
            ],
            [
              -9.139250299999999,
              38.730102900000006
            ],
            [
              -9.1393791,
              38.7300903
            ],
            [
              -9.1394291,
              38.73039829999999
            ],
            [
              -9.1392898,
              38.7304135
            ],
            [
              -9.139282399999999,
              38.7303764
            ]
          ]
        ]
      }
    },
    {
      "type": "Feature",
      "properties": {
        "area_id": "Alameda_Arro",
        "osm_uid": "cea/318",
        "osmid": "318",
        "element_type": "cea_zone",
        "building": "yes",
        "cea_name": "B1318",
        "intersection_area_m2": 829.8339367188288,
        "is_residential": true,
        "residential_source": "cea",
        "radiation_sum_kwh_year": 1577273.70275,
        "radiation_sum": 1577273.70275,
        "radiation_point_count": 1366.0,
        "use_type1": "SINGLE_RES",
        "use_type2": "NONE",
        "use_type3": "NONE",
        "resi_type": null,
        "comparison_status": "matched",
        "validation_radiation_kwh_year": 1577273.70275,
        "ucea_radiation_kwh_year": 1303453.5599999947,
        "workflow0_radiation_kwh_year": 1311292.6800000013,
        "validation_area_m2": 829.8339367188288,
        "ucea_roofs_top_m2": 829.83,
        "err_ucea_minus_validation_kwh_year": -273820.14275000524,
        "err_ucea_abs_kwh_year": 273820.14275000524,
        "err_ucea_pct_of_validation": -0.17360344135110842,
        "err_ucea_area_minus_validation_m2": -0.003936718828754238,
        "err_ucea_area_pct_of_validation": -4.743983891909821e-06,
        "err_workflow0_minus_validation_kwh_year": -265981.0227499986,
        "err_workflow0_abs_kwh_year": 265981.0227499986,
        "err_workflow0_pct_of_validation": -0.16863339716262102
      },
      "geometry": {
        "type": "Polygon",
        "coordinates": [
          [
            [
              -9.1388821,
              38.72998410000002
            ],
            [
              -9.138861799999999,
              38.730033799999994
            ],
            [
              -9.138753599999998,
              38.73000689999998
            ],
            [
              -9.138614,
              38.730348400000004
            ],
            [
              -9.1385425,
              38.730330599999995
            ],
            [
              -9.138524599999998,
              38.73037450000001
            ],
            [
              -9.1383681,
              38.73033559999998
            ],
            [
              -9.138384899999998,
              38.730294400000005
            ],
            [
              -9.1383148,
              38.73027699999999
            ],
            [
              -9.1383433,
              38.73020739999999
            ],
            [
              -9.1384835,
              38.730242299999986
            ],
            [
              -9.1385353,
              38.7301156
            ],
            [
              -9.1386058,
              38.730133099999996
            ],
            [
              -9.138648299999998,
              38.7300291
            ],
            [
              -9.138557699999998,
              38.730006599999996
            ],
            [
              -9.138596,
              38.729912999999996
            ],
            [
              -9.1388821,
              38.72998410000002
            ]
          ]
        ]
      }
    },
    {
      "type": "Feature",
      "properties": {
        "area_id": "Alameda_Arro",
        "osm_uid": "cea/319",
        "osmid": "319",
        "element_type": "cea_zone",
        "building": "yes",
        "cea_name": "B1319",
        "intersection_area_m2": 74.87060996910719,
        "is_residential": true,
        "residential_source": "cea",
        "radiation_sum_kwh_year": 45572.517875,
        "radiation_sum": 45572.517875,
        "radiation_point_count": 92.0,
        "use_type1": "MULTI_RES",
        "use_type2": "NONE",
        "use_type3": "NONE",
        "resi_type": null,
        "comparison_status": "matched",
        "validation_radiation_kwh_year": 45572.517875,
        "ucea_radiation_kwh_year": 176385.10000000044,
        "workflow0_radiation_kwh_year": 118381.32999999986,
        "validation_area_m2": 74.87060996910719,
        "ucea_roofs_top_m2": 117.59,
        "err_ucea_minus_validation_kwh_year": 130812.58212500045,
        "err_ucea_abs_kwh_year": 130812.58212500045,
        "err_ucea_pct_of_validation": 2.870426920096972,
        "err_ucea_area_minus_validation_m2": 42.71939003089281,
        "err_ucea_area_pct_of_validation": 0.570576225417684,
        "err_workflow0_minus_validation_kwh_year": 72808.81212499985,
        "err_workflow0_abs_kwh_year": 72808.81212499985,
        "err_workflow0_pct_of_validation": 1.597647343618489
      },
      "geometry": {
        "type": "Polygon",
        "coordinates": [
          [
            [
              -9.1371629,
              38.73159969999999
            ],
            [
              -9.1371955,
              38.73160249999999
            ],
            [
              -9.137211900000002,
              38.73160389999998
            ],
            [
              -9.1372237,
              38.7317118
            ],
            [
              -9.137166299999999,
              38.7316971
            ],
            [
              -9.137114,
              38.7315956
            ],
            [
              -9.1371303,
              38.731597
            ],
            [
              -9.1371629,
              38.73159969999999
            ]
          ]
        ]
      }
    },
    {
      "type": "Feature",
      "properties": {
        "area_id": "Alameda_Arro",
        "osm_uid": "cea/320",
        "osmid": "320",
        "element_type": "cea_zone",
        "building": "yes",
        "cea_name": "B1320",
        "intersection_area_m2": 119.44919814717588,
        "is_residential": true,
        "residential_source": "cea",
        "radiation_sum_kwh_year": 208856.616625,
        "radiation_sum": 208856.616625,
        "radiation_point_count": 145.0,
        "use_type1": "MULTI_RES",
        "use_type2": "NONE",
        "use_type3": "NONE",
        "resi_type": null,
        "comparison_status": "matched",
        "validation_radiation_kwh_year": 208856.616625,
        "ucea_radiation_kwh_year": 141496.2600000002,
        "workflow0_radiation_kwh_year": 193292.5599999999,
        "validation_area_m2": 119.44919814717588,
        "ucea_roofs_top_m2": 89.15,
        "err_ucea_minus_validation_kwh_year": -67360.35662499978,
        "err_ucea_abs_kwh_year": 67360.35662499978,
        "err_ucea_pct_of_validation": -0.32251961998381234,
        "err_ucea_area_minus_validation_m2": -30.299198147175872,
        "err_ucea_area_pct_of_validation": -0.2536576102406614,
        "err_workflow0_minus_validation_kwh_year": -15564.056625000085,
        "err_workflow0_abs_kwh_year": 15564.056625000085,
        "err_workflow0_pct_of_validation": -0.07452029471943997
      },
      "geometry": {
        "type": "Polygon",
        "coordinates": [
          [
            [
              -9.1369008,
              38.73157739999999
            ],
            [
              -9.1369745,
              38.7316882
            ],
            [
              -9.136853199999997,
              38.7316833
            ],
            [
              -9.1367945,
              38.73156829999999
            ],
            [
              -9.1369008,
              38.73157739999999
            ]
          ]
        ]
      }
    },
    {
      "type": "Feature",
      "properties": {
        "area_id": "Alameda_Arro",
        "osm_uid": "cea/321",
        "osmid": "321",
        "element_type": "cea_zone",
        "building": "yes",
        "cea_name": "B1321",
        "intersection_area_m2": 137.6148790123759,
        "is_residential": true,
        "residential_source": "cea",
        "radiation_sum_kwh_year": 95379.117,
        "radiation_sum": 95379.117,
        "radiation_point_count": 153.0,
        "use_type1": "MULTI_RES",
        "use_type2": "NONE",
        "use_type3": "NONE",
        "resi_type": null,
        "comparison_status": "matched",
        "validation_radiation_kwh_year": 95379.117,
        "ucea_radiation_kwh_year": 269018.86999999924,
        "workflow0_radiation_kwh_year": 208184.98000000013,
        "validation_area_m2": 137.6148790123759,
        "ucea_roofs_top_m2": 186.19,
        "err_ucea_minus_validation_kwh_year": 173639.75299999924,
        "err_ucea_abs_kwh_year": 173639.75299999924,
        "err_ucea_pct_of_validation": 1.8205217081219072,
        "err_ucea_area_minus_validation_m2": 48.5751209876241,
        "err_ucea_area_pct_of_validation": 0.352978699223764,
        "err_workflow0_minus_validation_kwh_year": 112805.86300000013,
        "err_workflow0_abs_kwh_year": 112805.86300000013,
        "err_workflow0_pct_of_validation": 1.182710288668327
      },
      "geometry": {
        "type": "Polygon",
        "coordinates": [
          [
            [
              -9.1373222,
              38.731613299999985
            ],
            [
              -9.137458,
              38.731624899999986
            ],
            [
              -9.137490499999998,
              38.731732199999996
            ],
            [
              -9.1373553,
              38.7317219
            ],
            [
              -9.1373222,
              38.731613299999985
            ]
          ]
        ]
      }
    },
    {
      "type": "Feature",
      "properties": {
        "area_id": "Alameda_Arro",
        "osm_uid": "cea/322",
        "osmid": "322",
        "element_type": "cea_zone",
        "building": "yes",
        "cea_name": "B1322",
        "intersection_area_m2": 124.16871386688045,
        "is_residential": true,
        "residential_source": "cea",
        "radiation_sum_kwh_year": 111118.457125,
        "radiation_sum": 111118.457125,
        "radiation_point_count": 154.0,
        "use_type1": "MULTI_RES",
        "use_type2": "NONE",
        "use_type3": "NONE",
        "resi_type": null,
        "comparison_status": "matched",
        "validation_radiation_kwh_year": 111118.457125,
        "ucea_radiation_kwh_year": 257045.45000000027,
        "workflow0_radiation_kwh_year": 200694.22999999978,
        "validation_area_m2": 124.16871386688045,
        "ucea_roofs_top_m2": 162.83,
        "err_ucea_minus_validation_kwh_year": 145926.9928750003,
        "err_ucea_abs_kwh_year": 145926.9928750003,
        "err_ucea_pct_of_validation": 1.3132561110963166,
        "err_ucea_area_minus_validation_m2": 38.66128613311956,
        "err_ucea_area_pct_of_validation": 0.311360929247989,
        "err_workflow0_minus_validation_kwh_year": 89575.77287499978,
        "err_workflow0_abs_kwh_year": 89575.77287499978,
        "err_workflow0_pct_of_validation": 0.8061286593840454
      },
      "geometry": {
        "type": "Polygon",
        "coordinates": [
          [
            [
              -9.1373553,
              38.7317219
            ],
            [
              -9.1372237,
              38.7317118
            ],
            [
              -9.137211900000002,
              38.73160389999998
            ],
            [
              -9.1373222,
              38.731613299999985
            ],
            [
              -9.1373553,
              38.7317219
            ]
          ]
        ]
      }
    },
    {
      "type": "Feature",
      "properties": {
        "area_id": "Alameda_Arro",
        "osm_uid": "cea/324",
        "osmid": "324",
        "element_type": "cea_zone",
        "building": "yes",
        "cea_name": "B1324",
        "intersection_area_m2": 106.52516096598126,
        "is_residential": true,
        "residential_source": "cea",
        "radiation_sum_kwh_year": 169307.88150000002,
        "radiation_sum": 169307.88150000002,
        "radiation_point_count": 137.0,
        "use_type1": "MULTI_RES",
        "use_type2": "NONE",
        "use_type3": "NONE",
        "resi_type": null,
        "comparison_status": "matched",
        "validation_radiation_kwh_year": 169307.88150000002,
        "ucea_radiation_kwh_year": 233919.2000000002,
        "workflow0_radiation_kwh_year": 159329.1599999998,
        "validation_area_m2": 106.52516096598126,
        "ucea_roofs_top_m2": 156.07,
        "err_ucea_minus_validation_kwh_year": 64611.31850000017,
        "err_ucea_abs_kwh_year": 64611.31850000017,
        "err_ucea_pct_of_validation": 0.38162026438208174,
        "err_ucea_area_minus_validation_m2": 49.544839034018736,
        "err_ucea_area_pct_of_validation": 0.4650998748534241,
        "err_workflow0_minus_validation_kwh_year": -9978.721500000218,
        "err_workflow0_abs_kwh_year": 9978.721500000218,
        "err_workflow0_pct_of_validation": -0.0589383164657944
      },
      "geometry": {
        "type": "Polygon",
        "coordinates": [
          [
            [
              -9.1370175,
              38.731719500000004
            ],
            [
              -9.1370144,
              38.731685899999995
            ],
            [
              -9.1369745,
              38.7316882
            ],
            [
              -9.1369008,
              38.73157739999999
            ],
            [
              -9.137003,
              38.73158610000001
            ],
            [
              -9.137073099999999,
              38.7317157
            ],
            [
              -9.1370175,
              38.731719500000004
            ]
          ]
        ]
      }
    },
    {
      "type": "Feature",
      "properties": {
        "area_id": "Alameda_Arro",
        "osm_uid": "cea/326",
        "osmid": "326",
        "element_type": "cea_zone",
        "building": "yes",
        "cea_name": "B1326",
        "intersection_area_m2": 253.54691436654088,
        "is_residential": true,
        "residential_source": "cea",
        "radiation_sum_kwh_year": 465878.83629687503,
        "radiation_sum": 465878.83629687503,
        "radiation_point_count": 416.0,
        "use_type1": "MULTI_RES",
        "use_type2": "NONE",
        "use_type3": "NONE",
        "resi_type": null,
        "comparison_status": "matched",
        "validation_radiation_kwh_year": 465878.83629687503,
        "ucea_radiation_kwh_year": 385103.77999999886,
        "workflow0_radiation_kwh_year": 413734.57000000123,
        "validation_area_m2": 253.54691436654088,
        "ucea_roofs_top_m2": 262.52,
        "err_ucea_minus_validation_kwh_year": -80775.05629687617,
        "err_ucea_abs_kwh_year": 80775.05629687617,
        "err_ucea_pct_of_validation": -0.1733821114067593,
        "err_ucea_area_minus_validation_m2": 8.973085633459107,
        "err_ucea_area_pct_of_validation": 0.03539023796001373,
        "err_workflow0_minus_validation_kwh_year": -52144.2662968738,
        "err_workflow0_abs_kwh_year": 52144.2662968738,
        "err_workflow0_pct_of_validation": -0.11192666898404796
      },
      "geometry": {
        "type": "Polygon",
        "coordinates": [
          [
            [
              -9.1390216,
              38.730599799999986
            ],
            [
              -9.1390413,
              38.7305109
            ],
            [
              -9.1390548,
              38.7304495
            ],
            [
              -9.1392256,
              38.73047239999998
            ],
            [
              -9.1392151,
              38.730520199999994
            ],
            [
              -9.1392106,
              38.73054049999999
            ],
            [
              -9.1391942,
              38.730538300000006
            ],
            [
              -9.1391901,
              38.730557100000006
            ],
            [
              -9.1392064,
              38.73055929999999
            ],
            [
              -9.1391919,
              38.7306247
            ],
            [
              -9.1390216,
              38.730599799999986
            ]
          ]
        ]
      }
    },
    {
      "type": "Feature",
      "properties": {
        "area_id": "Alameda_Arro",
        "osm_uid": "cea/328",
        "osmid": "328",
        "element_type": "cea_zone",
        "building": "yes",
        "cea_name": "B1328",
        "intersection_area_m2": 135.72657573337074,
        "is_residential": true,
        "residential_source": "cea",
        "radiation_sum_kwh_year": 304350.77825000003,
        "radiation_sum": 304350.77825000003,
        "radiation_point_count": 222.0,
        "use_type1": "MULTI_RES",
        "use_type2": "NONE",
        "use_type3": "NONE",
        "resi_type": null,
        "comparison_status": "matched",
        "validation_radiation_kwh_year": 304350.77825000003,
        "ucea_radiation_kwh_year": 225757.86999999965,
        "workflow0_radiation_kwh_year": 215179.6599999998,
        "validation_area_m2": 135.72657573337074,
        "ucea_roofs_top_m2": 147.85,
        "err_ucea_minus_validation_kwh_year": -78592.90825000039,
        "err_ucea_abs_kwh_year": 78592.90825000039,
        "err_ucea_pct_of_validation": -0.2582313365581163,
        "err_ucea_area_minus_validation_m2": 12.123424266629257,
        "err_ucea_area_pct_of_validation": 0.08932240573463833,
        "err_workflow0_minus_validation_kwh_year": -89171.11825000023,
        "err_workflow0_abs_kwh_year": 89171.11825000023,
        "err_workflow0_pct_of_validation": -0.2929879751342486
      },
      "geometry": {
        "type": "Polygon",
        "coordinates": [
          [
            [
              -9.136185599999997,
              38.727294
            ],
            [
              -9.1361797,
              38.727385100000006
            ],
            [
              -9.1360265,
              38.7273856
            ],
            [
              -9.13603,
              38.72729439999999
            ],
            [
              -9.136185599999997,
              38.727294
            ]
          ]
        ]
      }
    },
    {
      "type": "Feature",
      "properties": {
        "area_id": "Alameda_Arro",
        "osm_uid": "cea/329",
        "osmid": "329",
        "element_type": "cea_zone",
        "building": "yes",
        "cea_name": "B1329",
        "intersection_area_m2": 117.40339840943727,
        "is_residential": true,
        "residential_source": "cea",
        "radiation_sum_kwh_year": 241793.5735,
        "radiation_sum": 241793.5735,
        "radiation_point_count": 199.0,
        "use_type1": "MULTI_RES",
        "use_type2": "NONE",
        "use_type3": "NONE",
        "resi_type": null,
        "comparison_status": "matched",
        "validation_radiation_kwh_year": 241793.5735,
        "ucea_radiation_kwh_year": 145318.76000000024,
        "workflow0_radiation_kwh_year": 155214.86999999965,
        "validation_area_m2": 117.40339840943727,
        "ucea_roofs_top_m2": 117.4,
        "err_ucea_minus_validation_kwh_year": -96474.81349999976,
        "err_ucea_abs_kwh_year": 96474.81349999976,
        "err_ucea_pct_of_validation": -0.398996599055598,
        "err_ucea_area_minus_validation_m2": -0.0033984094372669915,
        "err_ucea_area_pct_of_validation": -2.8946431562528058e-05,
        "err_workflow0_minus_validation_kwh_year": -86578.70350000035,
        "err_workflow0_abs_kwh_year": 86578.70350000035,
        "err_workflow0_pct_of_validation": -0.3580686709194128
      },
      "geometry": {
        "type": "Polygon",
        "coordinates": [
          [
            [
              -9.1360265,
              38.7273856
            ],
            [
              -9.1361797,
              38.727385100000006
            ],
            [
              -9.1361745,
              38.727465699999996
            ],
            [
              -9.1360236,
              38.72746510000001
            ],
            [
              -9.1360265,
              38.7273856
            ]
          ]
        ]
      }
    },
    {
      "type": "Feature",
      "properties": {
        "area_id": "Alameda_Arro",
        "osm_uid": "cea/330",
        "osmid": "330",
        "element_type": "cea_zone",
        "building": "yes",
        "cea_name": "B1330",
        "intersection_area_m2": 60.84514795323105,
        "is_residential": true,
        "residential_source": "cea",
        "radiation_sum_kwh_year": 83717.85696875,
        "radiation_sum": 83717.85696875,
        "radiation_point_count": 95.0,
        "use_type1": "MULTI_RES",
        "use_type2": "NONE",
        "use_type3": "NONE",
        "resi_type": null,
        "comparison_status": "matched",
        "validation_radiation_kwh_year": 83717.85696875,
        "ucea_radiation_kwh_year": 81409.0300000001,
        "workflow0_radiation_kwh_year": 93205.07999999999,
        "validation_area_m2": 60.84514795323105,
        "ucea_roofs_top_m2": 68.74,
        "err_ucea_minus_validation_kwh_year": -2308.826968749898,
        "err_ucea_abs_kwh_year": 2308.826968749898,
        "err_ucea_pct_of_validation": -0.027578667829633183,
        "err_ucea_area_minus_validation_m2": 7.894852046768946,
        "err_ucea_area_pct_of_validation": 0.12975319006270422,
        "err_workflow0_minus_validation_kwh_year": 9487.223031249989,
        "err_workflow0_abs_kwh_year": 9487.223031249989,
        "err_workflow0_pct_of_validation": 0.11332376836630394
      },
      "geometry": {
        "type": "Polygon",
        "coordinates": [
          [
            [
              -9.1361745,
              38.727465699999996
            ],
            [
              -9.1361715,
              38.727511199999995
            ],
            [
              -9.1360221,
              38.727503500000005
            ],
            [
              -9.1360236,
              38.72746510000001
            ],
            [
              -9.1361745,
              38.727465699999996
            ]
          ]
        ]
      }
    },
    {
      "type": "Feature",
      "properties": {
        "area_id": "Alameda_Arro",
        "osm_uid": "cea/331",
        "osmid": "331",
        "element_type": "cea_zone",
        "building": "yes",
        "cea_name": "B1331",
        "intersection_area_m2": 279.1869714810557,
        "is_residential": true,
        "residential_source": "cea",
        "radiation_sum_kwh_year": 719773.5936875,
        "radiation_sum": 719773.5936875,
        "radiation_point_count": 463.0,
        "use_type1": "MULTI_RES",
        "use_type2": "NONE",
        "use_type3": "NONE",
        "resi_type": null,
        "comparison_status": "matched",
        "validation_radiation_kwh_year": 719773.5936875,
        "ucea_radiation_kwh_year": 445018.72000000067,
        "workflow0_radiation_kwh_year": 437728.48999999877,
        "validation_area_m2": 279.1869714810557,
        "ucea_roofs_top_m2": 291.71,
        "err_ucea_minus_validation_kwh_year": -274754.8736874993,
        "err_ucea_abs_kwh_year": 274754.8736874993,
        "err_ucea_pct_of_validation": -0.38172402557850443,
        "err_ucea_area_minus_validation_m2": 12.523028518944272,
        "err_ucea_area_pct_of_validation": 0.04485534712637558,
        "err_workflow0_minus_validation_kwh_year": -282045.1036875012,
        "err_workflow0_abs_kwh_year": 282045.1036875012,
        "err_workflow0_pct_of_validation": -0.39185252996368625
      },
      "geometry": {
        "type": "Polygon",
        "coordinates": [
          [
            [
              -9.1361044,
              38.72854309999999
            ],
            [
              -9.135992899999998,
              38.728536799999986
            ],
            [
              -9.1360156,
              38.728272000000004
            ],
            [
              -9.1361217,
              38.72827809999999
            ],
            [
              -9.1361044,
              38.72854309999999
            ]
          ]
        ]
      }
    },
    {
      "type": "Feature",
      "properties": {
        "area_id": "Alameda_Arro",
        "osm_uid": "cea/332",
        "osmid": "332",
        "element_type": "cea_zone",
        "building": "yes",
        "cea_name": "B1332",
        "intersection_area_m2": 201.3975737114784,
        "is_residential": true,
        "residential_source": "cea",
        "radiation_sum_kwh_year": 431482.5814375,
        "radiation_sum": 431482.5814375,
        "radiation_point_count": 332.0,
        "use_type1": "MULTI_RES",
        "use_type2": "NONE",
        "use_type3": "NONE",
        "resi_type": null,
        "comparison_status": "matched",
        "validation_radiation_kwh_year": 431482.5814375,
        "ucea_radiation_kwh_year": 298848.4099999998,
        "workflow0_radiation_kwh_year": 295702.7099999999,
        "validation_area_m2": 201.3975737114784,
        "ucea_roofs_top_m2": 210.4,
        "err_ucea_minus_validation_kwh_year": -132634.17143750022,
        "err_ucea_abs_kwh_year": 132634.17143750022,
        "err_ucea_pct_of_validation": -0.3073917167076006,
        "err_ucea_area_minus_validation_m2": 9.002426288521605,
        "err_ucea_area_pct_of_validation": 0.044699775288348086,
        "err_workflow0_minus_validation_kwh_year": -135779.87143750011,
        "err_workflow0_abs_kwh_year": 135779.87143750011,
        "err_workflow0_pct_of_validation": -0.31468216164171564
      },
      "geometry": {
        "type": "Polygon",
        "coordinates": [
          [
            [
              -9.1361044,
              38.72854309999999
            ],
            [
              -9.136096099999998,
              38.7286707
            ],
            [
              -9.135979799999998,
              38.728664400000014
            ],
            [
              -9.1359319,
              38.7286619
            ],
            [
              -9.135942899999998,
              38.728534200000006
            ],
            [
              -9.135992899999998,
              38.728536799999986
            ],
            [
              -9.1361044,
              38.72854309999999
            ]
          ]
        ]
      }
    },
    {
      "type": "Feature",
      "properties": {
        "area_id": "Alameda_Arro",
        "osm_uid": "cea/333",
        "osmid": "333",
        "element_type": "cea_zone",
        "building": "yes",
        "cea_name": "B1333",
        "intersection_area_m2": 176.03387378689158,
        "is_residential": true,
        "residential_source": "cea",
        "radiation_sum_kwh_year": 365426.31775,
        "radiation_sum": 365426.31775,
        "radiation_point_count": 290.0,
        "use_type1": "MULTI_RES",
        "use_type2": "NONE",
        "use_type3": "NONE",
        "resi_type": null,
        "comparison_status": "matched",
        "validation_radiation_kwh_year": 365426.31775,
        "ucea_radiation_kwh_year": 284680.4599999996,
        "workflow0_radiation_kwh_year": 280599.69999999943,
        "validation_area_m2": 176.03387378689158,
        "ucea_roofs_top_m2": 182.25,
        "err_ucea_minus_validation_kwh_year": -80745.85775000037,
        "err_ucea_abs_kwh_year": 80745.85775000037,
        "err_ucea_pct_of_validation": -0.22096344414153893,
        "err_ucea_area_minus_validation_m2": 6.216126213108424,
        "err_ucea_area_pct_of_validation": 0.0353121026049437,
        "err_workflow0_minus_validation_kwh_year": -84826.61775000056,
        "err_workflow0_abs_kwh_year": 84826.61775000056,
        "err_workflow0_pct_of_validation": -0.2321305653963139
      },
      "geometry": {
        "type": "Polygon",
        "coordinates": [
          [
            [
              -9.1359665,
              38.72881839999999
            ],
            [
              -9.135979799999998,
              38.728664400000014
            ],
            [
              -9.136096099999998,
              38.7286707
            ],
            [
              -9.1360861,
              38.7288249
            ],
            [
              -9.1359665,
              38.72881839999999
            ]
          ]
        ]
      }
    },
    {
      "type": "Feature",
      "properties": {
        "area_id": "Alameda_Arro",
        "osm_uid": "cea/334",
        "osmid": "334",
        "element_type": "cea_zone",
        "building": "yes",
        "cea_name": "B1334",
        "intersection_area_m2": 127.41092657653769,
        "is_residential": true,
        "residential_source": "cea",
        "radiation_sum_kwh_year": 268528.233,
        "radiation_sum": 268528.233,
        "radiation_point_count": 209.0,
        "use_type1": "MULTI_RES",
        "use_type2": "NONE",
        "use_type3": "NONE",
        "resi_type": null,
        "comparison_status": "matched",
        "validation_radiation_kwh_year": 268528.233,
        "ucea_radiation_kwh_year": 198204.87999999974,
        "workflow0_radiation_kwh_year": 194587.49000000025,
        "validation_area_m2": 127.41092657653769,
        "ucea_roofs_top_m2": 134.16,
        "err_ucea_minus_validation_kwh_year": -70323.35300000026,
        "err_ucea_abs_kwh_year": 70323.35300000026,
        "err_ucea_pct_of_validation": -0.26188439187323836,
        "err_ucea_area_minus_validation_m2": 6.749073423462306,
        "err_ucea_area_pct_of_validation": 0.05297091548430138,
        "err_workflow0_minus_validation_kwh_year": -73940.74299999975,
        "err_workflow0_abs_kwh_year": 73940.74299999975,
        "err_workflow0_pct_of_validation": -0.27535556382259346
      },
      "geometry": {
        "type": "Polygon",
        "coordinates": [
          [
            [
              -9.1359572,
              38.728927399999996
            ],
            [
              -9.1359665,
              38.72881839999999
            ],
            [
              -9.1360861,
              38.7288249
            ],
            [
              -9.136079,
              38.728933899999994
            ],
            [
              -9.1359572,
              38.728927399999996
            ]
          ]
        ]
      }
    },
    {
      "type": "Feature",
      "properties": {
        "area_id": "Alameda_Arro",
        "osm_uid": "cea/335",
        "osmid": "335",
        "element_type": "cea_zone",
        "building": "yes",
        "cea_name": "B1335",
        "intersection_area_m2": 307.4367720353565,
        "is_residential": true,
        "residential_source": "cea",
        "radiation_sum_kwh_year": 592429.82715625,
        "radiation_sum": 592429.82715625,
        "radiation_point_count": 504.0,
        "use_type1": "MULTI_RES",
        "use_type2": "NONE",
        "use_type3": "NONE",
        "resi_type": null,
        "comparison_status": "matched",
        "validation_radiation_kwh_year": 592429.82715625,
        "ucea_radiation_kwh_year": 500103.70000000054,
        "workflow0_radiation_kwh_year": 490649.0200000012,
        "validation_area_m2": 307.4367720353565,
        "ucea_roofs_top_m2": 322.62,
        "err_ucea_minus_validation_kwh_year": -92326.12715624948,
        "err_ucea_abs_kwh_year": 92326.12715624948,
        "err_ucea_pct_of_validation": -0.15584314449430817,
        "err_ucea_area_minus_validation_m2": 15.183227964643493,
        "err_ucea_area_pct_of_validation": 0.049386505928111155,
        "err_workflow0_minus_validation_kwh_year": -101780.80715624883,
        "err_workflow0_abs_kwh_year": 101780.80715624883,
        "err_workflow0_pct_of_validation": -0.17180230044258848
      },
      "geometry": {
        "type": "Polygon",
        "coordinates": [
          [
            [
              -9.1359353,
              38.729182400000006
            ],
            [
              -9.1359572,
              38.728927399999996
            ],
            [
              -9.136079,
              38.728933899999994
            ],
            [
              -9.1360624,
              38.72918909999999
            ],
            [
              -9.1359353,
              38.729182400000006
            ]
          ]
        ]
      }
    },
    {
      "type": "Feature",
      "properties": {
        "area_id": "Alameda_Arro",
        "osm_uid": "cea/336",
        "osmid": "336",
        "element_type": "cea_zone",
        "building": "yes",
        "cea_name": "B1336",
        "intersection_area_m2": 308.78039243220104,
        "is_residential": true,
        "residential_source": "cea",
        "radiation_sum_kwh_year": 630923.310359375,
        "radiation_sum": 630923.310359375,
        "radiation_point_count": 509.0,
        "use_type1": "MULTI_RES",
        "use_type2": "NONE",
        "use_type3": "NONE",
        "resi_type": null,
        "comparison_status": "matched",
        "validation_radiation_kwh_year": 630923.310359375,
        "ucea_radiation_kwh_year": 505696.7699999998,
        "workflow0_radiation_kwh_year": 494275.36000000016,
        "validation_area_m2": 308.78039243220104,
        "ucea_roofs_top_m2": 326.78,
        "err_ucea_minus_validation_kwh_year": -125226.54035937518,
        "err_ucea_abs_kwh_year": 125226.54035937518,
        "err_ucea_pct_of_validation": -0.19848139750621346,
        "err_ucea_area_minus_validation_m2": 17.999607567798932,
        "err_ucea_area_pct_of_validation": 0.05829258595735191,
        "err_workflow0_minus_validation_kwh_year": -136647.9503593748,
        "err_workflow0_abs_kwh_year": 136647.9503593748,
        "err_workflow0_pct_of_validation": -0.21658408893077655
      },
      "geometry": {
        "type": "Polygon",
        "coordinates": [
          [
            [
              -9.135932799999999,
              38.729211299999996
            ],
            [
              -9.1359353,
              38.729182400000006
            ],
            [
              -9.1360624,
              38.72918909999999
            ],
            [
              -9.1360488,
              38.7293985
            ],
            [
              -9.135917999999998,
              38.7293915
            ],
            [
              -9.135890500000002,
              38.72939009999999
            ],
            [
              -9.135906,
              38.7292099
            ],
            [
              -9.135932799999999,
              38.729211299999996
            ]
          ]
        ]
      }
    },
    {
      "type": "Feature",
      "properties": {
        "area_id": "Alameda_Arro",
        "osm_uid": "cea/337",
        "osmid": "337",
        "element_type": "cea_zone",
        "building": "yes",
        "cea_name": "B1337",
        "intersection_area_m2": 133.54661992368383,
        "is_residential": true,
        "residential_source": "cea",
        "radiation_sum_kwh_year": 239491.07828125,
        "radiation_sum": 239491.07828125,
        "radiation_point_count": 221.0,
        "use_type1": "MULTI_RES",
        "use_type2": "NONE",
        "use_type3": "NONE",
        "resi_type": null,
        "comparison_status": "matched",
        "validation_radiation_kwh_year": 239491.07828125,
        "ucea_radiation_kwh_year": 197133.99000000005,
        "workflow0_radiation_kwh_year": 213202.8100000001,
        "validation_area_m2": 133.54661992368383,
        "ucea_roofs_top_m2": 139.8,
        "err_ucea_minus_validation_kwh_year": -42357.08828124995,
        "err_ucea_abs_kwh_year": 42357.08828124995,
        "err_ucea_pct_of_validation": -0.17686290689921758,
        "err_ucea_area_minus_validation_m2": 6.253380076316176,
        "err_ucea_area_pct_of_validation": 0.046825446274040596,
        "err_workflow0_minus_validation_kwh_year": -26288.268281249882,
        "err_workflow0_abs_kwh_year": 26288.268281249882,
        "err_workflow0_pct_of_validation": -0.10976721333384225
      },
      "geometry": {
        "type": "Polygon",
        "coordinates": [
          [
            [
              -9.135909,
              38.729496
            ],
            [
              -9.135917999999998,
              38.7293915
            ],
            [
              -9.1360488,
              38.7293985
            ],
            [
              -9.136042,
              38.72950310000001
            ],
            [
              -9.135909,
              38.729496
            ]
          ]
        ]
      }
    },
    {
      "type": "Feature",
      "properties": {
        "area_id": "Alameda_Arro",
        "osm_uid": "cea/338",
        "osmid": "338",
        "element_type": "cea_zone",
        "building": "yes",
        "cea_name": "B1338",
        "intersection_area_m2": 240.58815797997158,
        "is_residential": true,
        "residential_source": "cea",
        "radiation_sum_kwh_year": 373792.3814609375,
        "radiation_sum": 373792.3814609375,
        "radiation_point_count": 396.0,
        "use_type1": "MULTI_RES",
        "use_type2": "NONE",
        "use_type3": "NONE",
        "resi_type": null,
        "comparison_status": "matched",
        "validation_radiation_kwh_year": 373792.3814609375,
        "ucea_radiation_kwh_year": 344439.4800000003,
        "workflow0_radiation_kwh_year": 322751.1700000007,
        "validation_area_m2": 240.58815797997158,
        "ucea_roofs_top_m2": 261.57,
        "err_ucea_minus_validation_kwh_year": -29352.901460937224,
        "err_ucea_abs_kwh_year": 29352.901460937224,
        "err_ucea_pct_of_validation": -0.07852728658142728,
        "err_ucea_area_minus_validation_m2": 20.98184202002841,
        "err_ucea_area_pct_of_validation": 0.08721061832883355,
        "err_workflow0_minus_validation_kwh_year": -51041.211460936815,
        "err_workflow0_abs_kwh_year": 51041.211460936815,
        "err_workflow0_pct_of_validation": -0.13654963020232339
      },
      "geometry": {
        "type": "Polygon",
        "coordinates": [
          [
            [
              -9.1360254,
              38.72962149999999
            ],
            [
              -9.136014599999998,
              38.72962619999999
            ],
            [
              -9.1360022,
              38.72962700000001
            ],
            [
              -9.135818299999999,
              38.729614399999996
            ],
            [
              -9.135855699999999,
              38.72949329999999
            ],
            [
              -9.135909,
              38.729496
            ],
            [
              -9.136042,
              38.72950310000001
            ],
            [
              -9.136035399999999,
              38.7296043
            ],
            [
              -9.1360328,
              38.72961380000001
            ],
            [
              -9.1360254,
              38.72962149999999
            ]
          ]
        ]
      }
    },
    {
      "type": "Feature",
      "properties": {
        "area_id": "Alameda_Arro",
        "osm_uid": "cea/339",
        "osmid": "339",
        "element_type": "cea_zone",
        "building": "yes",
        "cea_name": "B1339",
        "intersection_area_m2": 194.3788260624814,
        "is_residential": true,
        "residential_source": "cea",
        "radiation_sum_kwh_year": 432667.68096875004,
        "radiation_sum": 432667.68096875004,
        "radiation_point_count": 324.0,
        "use_type1": "MULTI_RES",
        "use_type2": "NONE",
        "use_type3": "NONE",
        "resi_type": null,
        "comparison_status": "matched",
        "validation_radiation_kwh_year": 432667.68096875004,
        "ucea_radiation_kwh_year": 309041.15999999834,
        "workflow0_radiation_kwh_year": 312244.6100000011,
        "validation_area_m2": 194.3788260624814,
        "ucea_roofs_top_m2": 194.38,
        "err_ucea_minus_validation_kwh_year": -123626.52096875169,
        "err_ucea_abs_kwh_year": 123626.52096875169,
        "err_ucea_pct_of_validation": -0.2857308886394054,
        "err_ucea_area_minus_validation_m2": 0.001173937518586854,
        "err_ucea_area_pct_of_validation": 6.039431055157735e-06,
        "err_workflow0_minus_validation_kwh_year": -120423.07096874894,
        "err_workflow0_abs_kwh_year": 120423.07096874894,
        "err_workflow0_pct_of_validation": -0.27832693835398037
      },
      "geometry": {
        "type": "Polygon",
        "coordinates": [
          [
            [
              -9.135810499999998,
              38.73010430000001
            ],
            [
              -9.136003599999999,
              38.7301022
            ],
            [
              -9.135998199999998,
              38.73020639999999
            ],
            [
              -9.135803700000002,
              38.73020819999999
            ],
            [
              -9.135810499999998,
              38.73010430000001
            ]
          ]
        ]
      }
    },
    {
      "type": "Feature",
      "properties": {
        "area_id": "Alameda_Arro",
        "osm_uid": "cea/340",
        "osmid": "340",
        "element_type": "cea_zone",
        "building": "yes",
        "cea_name": "B1340",
        "intersection_area_m2": 505.35944414543894,
        "is_residential": true,
        "residential_source": "cea",
        "radiation_sum_kwh_year": 1115888.2511015625,
        "radiation_sum": 1115888.2511015625,
        "radiation_point_count": 830.0,
        "use_type1": "MULTI_RES",
        "use_type2": "NONE",
        "use_type3": "NONE",
        "resi_type": null,
        "comparison_status": "matched",
        "validation_radiation_kwh_year": 1115888.2511015625,
        "ucea_radiation_kwh_year": 779235.5800000028,
        "workflow0_radiation_kwh_year": 785957.9400000025,
        "validation_area_m2": 505.35944414543894,
        "ucea_roofs_top_m2": 502.45,
        "err_ucea_minus_validation_kwh_year": -336652.67110155977,
        "err_ucea_abs_kwh_year": 336652.67110155977,
        "err_ucea_pct_of_validation": -0.3016903088362379,
        "err_ucea_area_minus_validation_m2": -2.909444145438954,
        "err_ucea_area_pct_of_validation": -0.00575717774575048,
        "err_workflow0_minus_validation_kwh_year": -329930.31110156,
        "err_workflow0_abs_kwh_year": 329930.31110156,
        "err_workflow0_pct_of_validation": -0.2956660855384626
      },
      "geometry": {
        "type": "Polygon",
        "coordinates": [
          [
            [
              -9.13606,
              38.72813229999999
            ],
            [
              -9.1361308,
              38.728136899999996
            ],
            [
              -9.1361284,
              38.72817409999999
            ],
            [
              -9.1361217,
              38.72827809999999
            ],
            [
              -9.1360156,
              38.728272000000004
            ],
            [
              -9.1360192,
              38.7282302
            ],
            [
              -9.1358508,
              38.7282214
            ],
            [
              -9.1358471,
              38.72826409999999
            ],
            [
              -9.135696300000001,
              38.7282561
            ],
            [
              -9.1357101,
              38.7281181
            ],
            [
              -9.13606,
              38.72813229999999
            ]
          ]
        ]
      }
    },
    {
      "type": "Feature",
      "properties": {
        "area_id": "Alameda_Arro",
        "osm_uid": "cea/341",
        "osmid": "341",
        "element_type": "cea_zone",
        "building": "yes",
        "cea_name": "B1341",
        "intersection_area_m2": 124.19022913420072,
        "is_residential": true,
        "residential_source": "cea",
        "radiation_sum_kwh_year": 167055.13450000001,
        "radiation_sum": 167055.13450000001,
        "radiation_point_count": 200.0,
        "use_type1": "MULTI_RES",
        "use_type2": "NONE",
        "use_type3": "NONE",
        "resi_type": null,
        "comparison_status": "matched",
        "validation_radiation_kwh_year": 167055.13450000001,
        "ucea_radiation_kwh_year": 186956.65000000017,
        "workflow0_radiation_kwh_year": 197994.0000000005,
        "validation_area_m2": 124.19022913420072,
        "ucea_roofs_top_m2": 129.66,
        "err_ucea_minus_validation_kwh_year": 19901.515500000154,
        "err_ucea_abs_kwh_year": 19901.515500000154,
        "err_ucea_pct_of_validation": 0.11913142065082802,
        "err_ucea_area_minus_validation_m2": 5.469770865799276,
        "err_ucea_area_pct_of_validation": 0.04404348799363764,
        "err_workflow0_minus_validation_kwh_year": 30938.86550000048,
        "err_workflow0_abs_kwh_year": 30938.86550000048,
        "err_workflow0_pct_of_validation": 0.18520152399147288
      },
      "geometry": {
        "type": "Polygon",
        "coordinates": [
          [
            [
              -9.135868900000002,
              38.72721699999999
            ],
            [
              -9.136033099999999,
              38.727216299999995
            ],
            [
              -9.13603,
              38.72729439999999
            ],
            [
              -9.135863999999998,
              38.72729489999999
            ],
            [
              -9.135868900000002,
              38.72721699999999
            ]
          ]
        ]
      }
    },
    {
      "type": "Feature",
      "properties": {
        "area_id": "Alameda_Arro",
        "osm_uid": "cea/342",
        "osmid": "342",
        "element_type": "cea_zone",
        "building": "yes",
        "cea_name": "B1342",
        "intersection_area_m2": 173.9257330348313,
        "is_residential": true,
        "residential_source": "cea",
        "radiation_sum_kwh_year": 371988.58171875,
        "radiation_sum": 371988.58171875,
        "radiation_point_count": 286.0,
        "use_type1": "MULTI_RES",
        "use_type2": "NONE",
        "use_type3": "NONE",
        "resi_type": null,
        "comparison_status": "matched",
        "validation_radiation_kwh_year": 371988.58171875,
        "ucea_radiation_kwh_year": 279144.669999999,
        "workflow0_radiation_kwh_year": 277139.98999999964,
        "validation_area_m2": 173.9257330348313,
        "ucea_roofs_top_m2": 181.04,
        "err_ucea_minus_validation_kwh_year": -92843.91171875101,
        "err_ucea_abs_kwh_year": 92843.91171875101,
        "err_ucea_pct_of_validation": -0.24958806877827142,
        "err_ucea_area_minus_validation_m2": 7.114266965168696,
        "err_ucea_area_pct_of_validation": 0.04090405048770992,
        "err_workflow0_minus_validation_kwh_year": -94848.59171875037,
        "err_workflow0_abs_kwh_year": 94848.59171875037,
        "err_workflow0_pct_of_validation": -0.25497715892382605
      },
      "geometry": {
        "type": "Polygon",
        "coordinates": [
          [
            [
              -9.135805099999999,
              38.72881599999999
            ],
            [
              -9.1357958,
              38.7289266
            ],
            [
              -9.135630300000003,
              38.7289176
            ],
            [
              -9.1356411,
              38.7288102
            ],
            [
              -9.135805099999999,
              38.72881599999999
            ]
          ]
        ]
      }
    },
    {
      "type": "Feature",
      "properties": {
        "area_id": "Alameda_Arro",
        "osm_uid": "cea/343",
        "osmid": "343",
        "element_type": "cea_zone",
        "building": "yes",
        "cea_name": "B1343",
        "intersection_area_m2": 77.6793831407311,
        "is_residential": true,
        "residential_source": "cea",
        "radiation_sum_kwh_year": 90955.70209375,
        "radiation_sum": 90955.70209375,
        "radiation_point_count": 129.0,
        "use_type1": "MULTI_RES",
        "use_type2": "NONE",
        "use_type3": "NONE",
        "resi_type": null,
        "comparison_status": "matched",
        "validation_radiation_kwh_year": 90955.70209375,
        "ucea_radiation_kwh_year": 120429.62999999999,
        "workflow0_radiation_kwh_year": 122409.24000000009,
        "validation_area_m2": 77.6793831407311,
        "ucea_roofs_top_m2": 77.68,
        "err_ucea_minus_validation_kwh_year": 29473.927906249985,
        "err_ucea_abs_kwh_year": 29473.927906249985,
        "err_ucea_pct_of_validation": 0.3240470605775828,
        "err_ucea_area_minus_validation_m2": 0.0006168592689022034,
        "err_ucea_area_pct_of_validation": 7.94109381358815e-06,
        "err_workflow0_minus_validation_kwh_year": 31453.537906250087,
        "err_workflow0_abs_kwh_year": 31453.537906250087,
        "err_workflow0_pct_of_validation": 0.34581161139111705
      },
      "geometry": {
        "type": "Polygon",
        "coordinates": [
          [
            [
              -9.135925399999998,
              38.7273832
            ],
            [
              -9.1360265,
              38.7273856
            ],
            [
              -9.1360236,
              38.72746510000001
            ],
            [
              -9.135922399999998,
              38.727462799999984
            ],
            [
              -9.135925399999998,
              38.7273832
            ]
          ]
        ]
      }
    },
    {
      "type": "Feature",
      "properties": {
        "area_id": "Alameda_Arro",
        "osm_uid": "cea/344",
        "osmid": "344",
        "element_type": "cea_zone",
        "building": "yes",
        "cea_name": "B1344",
        "intersection_area_m2": 209.41346976697122,
        "is_residential": true,
        "residential_source": "cea",
        "radiation_sum_kwh_year": 412208.36271875,
        "radiation_sum": 412208.36271875,
        "radiation_point_count": 345.0,
        "use_type1": "MULTI_RES",
        "use_type2": "NONE",
        "use_type3": "NONE",
        "resi_type": null,
        "comparison_status": "matched",
        "validation_radiation_kwh_year": 412208.36271875,
        "ucea_radiation_kwh_year": 336649.82999999955,
        "workflow0_radiation_kwh_year": 335490.4200000002,
        "validation_area_m2": 209.41346976697122,
        "ucea_roofs_top_m2": 214.97,
        "err_ucea_minus_validation_kwh_year": -75558.53271875047,
        "err_ucea_abs_kwh_year": 75558.53271875047,
        "err_ucea_pct_of_validation": -0.1833017948020237,
        "err_ucea_area_minus_validation_m2": 5.556530233028781,
        "err_ucea_area_pct_of_validation": 0.026533776643937537,
        "err_workflow0_minus_validation_kwh_year": -76717.94271874981,
        "err_workflow0_abs_kwh_year": 76717.94271874981,
        "err_workflow0_pct_of_validation": -0.18611447427400812
      },
      "geometry": {
        "type": "Polygon",
        "coordinates": [
          [
            [
              -9.135669499999999,
              38.7285234
            ],
            [
              -9.1358296,
              38.7285319
            ],
            [
              -9.1358181,
              38.72866609999999
            ],
            [
              -9.1356561,
              38.72865749999999
            ],
            [
              -9.135669499999999,
              38.7285234
            ]
          ]
        ]
      }
    },
    {
      "type": "Feature",
      "properties": {
        "area_id": "Alameda_Arro",
        "osm_uid": "cea/345",
        "osmid": "345",
        "element_type": "cea_zone",
        "building": "yes",
        "cea_name": "B1345",
        "intersection_area_m2": 238.84481936397202,
        "is_residential": true,
        "residential_source": "cea",
        "radiation_sum_kwh_year": 492247.680875,
        "radiation_sum": 492247.680875,
        "radiation_point_count": 394.0,
        "use_type1": "MULTI_RES",
        "use_type2": "NONE",
        "use_type3": "NONE",
        "resi_type": null,
        "comparison_status": "matched",
        "validation_radiation_kwh_year": 492247.680875,
        "ucea_radiation_kwh_year": 374958.1399999999,
        "workflow0_radiation_kwh_year": 365627.0199999996,
        "validation_area_m2": 238.84481936397202,
        "ucea_roofs_top_m2": 245.03,
        "err_ucea_minus_validation_kwh_year": -117289.54087500012,
        "err_ucea_abs_kwh_year": 117289.54087500012,
        "err_ucea_pct_of_validation": -0.23827342500935886,
        "err_ucea_area_minus_validation_m2": 6.1851806360279795,
        "err_ucea_area_pct_of_validation": 0.025896231086354343,
        "err_workflow0_minus_validation_kwh_year": -126620.66087500041,
        "err_workflow0_abs_kwh_year": 126620.66087500041,
        "err_workflow0_pct_of_validation": -0.25722957323013595
      },
      "geometry": {
        "type": "Polygon",
        "coordinates": [
          [
            [
              -9.1356411,
              38.7288102
            ],
            [
              -9.1356561,
              38.72865749999999
            ],
            [
              -9.1358181,
              38.72866609999999
            ],
            [
              -9.135805099999999,
              38.72881599999999
            ],
            [
              -9.1356411,
              38.7288102
            ]
          ]
        ]
      }
    },
    {
      "type": "Feature",
      "properties": {
        "area_id": "Alameda_Arro",
        "osm_uid": "cea/346",
        "osmid": "346",
        "element_type": "cea_zone",
        "building": "yes",
        "cea_name": "B1346",
        "intersection_area_m2": 153.13257710101183,
        "is_residential": true,
        "residential_source": "cea",
        "radiation_sum_kwh_year": 321444.9911875,
        "radiation_sum": 321444.9911875,
        "radiation_point_count": 254.0,
        "use_type1": "MULTI_RES",
        "use_type2": "NONE",
        "use_type3": "NONE",
        "resi_type": null,
        "comparison_status": "matched",
        "validation_radiation_kwh_year": 321444.9911875,
        "ucea_radiation_kwh_year": 256253.7799999998,
        "workflow0_radiation_kwh_year": 246344.3899999996,
        "validation_area_m2": 153.13257710101183,
        "ucea_roofs_top_m2": 157.04,
        "err_ucea_minus_validation_kwh_year": -65191.211187500216,
        "err_ucea_abs_kwh_year": 65191.211187500216,
        "err_ucea_pct_of_validation": -0.20280674135461627,
        "err_ucea_area_minus_validation_m2": 3.907422898988159,
        "err_ucea_area_pct_of_validation": 0.025516601189377753,
        "err_workflow0_minus_validation_kwh_year": -75100.6011875004,
        "err_workflow0_abs_kwh_year": 75100.6011875004,
        "err_workflow0_pct_of_validation": -0.23363437989828237
      },
      "geometry": {
        "type": "Polygon",
        "coordinates": [
          [
            [
              -9.1356942,
              38.729482999999995
            ],
            [
              -9.135574199999999,
              38.7294765
            ],
            [
              -9.135584299999998,
              38.72937579999999
            ],
            [
              -9.1357404,
              38.72938429999999
            ],
            [
              -9.1357318,
              38.729485000000004
            ],
            [
              -9.1356942,
              38.729482999999995
            ]
          ]
        ]
      }
    },
    {
      "type": "Feature",
      "properties": {
        "area_id": "Alameda_Arro",
        "osm_uid": "cea/347",
        "osmid": "347",
        "element_type": "cea_zone",
        "building": "yes",
        "cea_name": "B1347",
        "intersection_area_m2": 490.65472615641903,
        "is_residential": true,
        "residential_source": "cea",
        "radiation_sum_kwh_year": 1083718.91759375,
        "radiation_sum": 1083718.91759375,
        "radiation_point_count": 806.0,
        "use_type1": "MULTI_RES",
        "use_type2": "NONE",
        "use_type3": "NONE",
        "resi_type": null,
        "comparison_status": "matched",
        "validation_radiation_kwh_year": 1083718.91759375,
        "ucea_radiation_kwh_year": 795207.3199999976,
        "workflow0_radiation_kwh_year": 789695.4800000023,
        "validation_area_m2": 490.65472615641903,
        "ucea_roofs_top_m2": 507.34,
        "err_ucea_minus_validation_kwh_year": -288511.5975937523,
        "err_ucea_abs_kwh_year": 288511.5975937523,
        "err_ucea_pct_of_validation": -0.26622364241306495,
        "err_ucea_area_minus_validation_m2": 16.685273843580944,
        "err_ucea_area_pct_of_validation": 0.0340061410888392,
        "err_workflow0_minus_validation_kwh_year": -294023.4375937476,
        "err_workflow0_abs_kwh_year": 294023.4375937476,
        "err_workflow0_pct_of_validation": -0.2713096844766599
      },
      "geometry": {
        "type": "Polygon",
        "coordinates": [
          [
            [
              -9.135630300000003,
              38.7289176
            ],
            [
              -9.1357958,
              38.7289266
            ],
            [
              -9.1358173,
              38.72892769999999
            ],
            [
              -9.1357941,
              38.72919569999998
            ],
            [
              -9.1357688,
              38.7291944
            ],
            [
              -9.1356033,
              38.72918549999999
            ],
            [
              -9.135630300000003,
              38.7289176
            ]
          ]
        ]
      }
    },
    {
      "type": "Feature",
      "properties": {
        "area_id": "Alameda_Arro",
        "osm_uid": "cea/348",
        "osmid": "348",
        "element_type": "cea_zone",
        "building": "yes",
        "cea_name": "B1348",
        "intersection_area_m2": 305.1325636547706,
        "is_residential": true,
        "residential_source": "cea",
        "radiation_sum_kwh_year": 584939.66740625,
        "radiation_sum": 584939.66740625,
        "radiation_point_count": 502.0,
        "use_type1": "MULTI_RES",
        "use_type2": "NONE",
        "use_type3": "NONE",
        "resi_type": null,
        "comparison_status": "matched",
        "validation_radiation_kwh_year": 584939.66740625,
        "ucea_radiation_kwh_year": 500712.6700000001,
        "workflow0_radiation_kwh_year": 478296.0999999996,
        "validation_area_m2": 305.1325636547706,
        "ucea_roofs_top_m2": 318.21,
        "err_ucea_minus_validation_kwh_year": -84226.99740624992,
        "err_ucea_abs_kwh_year": 84226.99740624992,
        "err_ucea_pct_of_validation": -0.14399262368327795,
        "err_ucea_area_minus_validation_m2": 13.077436345229387,
        "err_ucea_area_pct_of_validation": 0.042858212799684346,
        "err_workflow0_minus_validation_kwh_year": -106643.5674062504,
        "err_workflow0_abs_kwh_year": 106643.5674062504,
        "err_workflow0_pct_of_validation": -0.1823154990994733
      },
      "geometry": {
        "type": "Polygon",
        "coordinates": [
          [
            [
              -9.1357688,
              38.7291944
            ],
            [
              -9.135754499999997,
              38.7293609
            ],
            [
              -9.1357425,
              38.72936020000001
            ],
            [
              -9.1357404,
              38.72938429999999
            ],
            [
              -9.135584299999998,
              38.72937579999999
            ],
            [
              -9.1356033,
              38.72918549999999
            ],
            [
              -9.1357688,
              38.7291944
            ]
          ]
        ]
      }
    },
    {
      "type": "Feature",
      "properties": {
        "area_id": "Alameda_Arro",
        "osm_uid": "cea/349",
        "osmid": "349",
        "element_type": "cea_zone",
        "building": "yes",
        "cea_name": "B1349",
        "intersection_area_m2": 71.2682309859089,
        "is_residential": true,
        "residential_source": "cea",
        "radiation_sum_kwh_year": 91670.80290625,
        "radiation_sum": 91670.80290625,
        "radiation_point_count": 119.0,
        "use_type1": "MULTI_RES",
        "use_type2": "NONE",
        "use_type3": "NONE",
        "resi_type": null,
        "comparison_status": "matched",
        "validation_radiation_kwh_year": 91670.80290625,
        "ucea_radiation_kwh_year": 74204.82,
        "workflow0_radiation_kwh_year": 90951.87999999968,
        "validation_area_m2": 71.2682309859089,
        "ucea_roofs_top_m2": 77.5,
        "err_ucea_minus_validation_kwh_year": -17465.982906249992,
        "err_ucea_abs_kwh_year": 17465.982906249992,
        "err_ucea_pct_of_validation": -0.19052939815648962,
        "err_ucea_area_minus_validation_m2": 6.2317690140911,
        "err_ucea_area_pct_of_validation": 0.08744105091261828,
        "err_workflow0_minus_validation_kwh_year": -718.9229062503146,
        "err_workflow0_abs_kwh_year": 718.9229062503146,
        "err_workflow0_pct_of_validation": -0.00784244146945613
      },
      "geometry": {
        "type": "Polygon",
        "coordinates": [
          [
            [
              -9.136357,
              38.7303126
            ],
            [
              -9.1363584,
              38.730356
            ],
            [
              -9.136187699999999,
              38.73035600000001
            ],
            [
              -9.136185,
              38.730345499999984
            ],
            [
              -9.136180799999998,
              38.7303296
            ],
            [
              -9.136177,
              38.7303152
            ],
            [
              -9.136357,
              38.7303126
            ]
          ]
        ]
      }
    },
    {
      "type": "Feature",
      "properties": {
        "area_id": "Alameda_Arro",
        "osm_uid": "cea/350",
        "osmid": "350",
        "element_type": "cea_zone",
        "building": "yes",
        "cea_name": "B1350",
        "intersection_area_m2": 91.62117619916776,
        "is_residential": true,
        "residential_source": "cea",
        "radiation_sum_kwh_year": 222012.556,
        "radiation_sum": 222012.556,
        "radiation_point_count": 154.0,
        "use_type1": "MULTI_RES",
        "use_type2": "NONE",
        "use_type3": "NONE",
        "resi_type": null,
        "comparison_status": "matched",
        "validation_radiation_kwh_year": 222012.556,
        "ucea_radiation_kwh_year": 83108.95999999993,
        "workflow0_radiation_kwh_year": 78786.25000000006,
        "validation_area_m2": 91.62117619916776,
        "ucea_roofs_top_m2": 96.48,
        "err_ucea_minus_validation_kwh_year": -138903.59600000008,
        "err_ucea_abs_kwh_year": 138903.59600000008,
        "err_ucea_pct_of_validation": -0.6256564876447802,
        "err_ucea_area_minus_validation_m2": 4.858823800832241,
        "err_ucea_area_pct_of_validation": 0.05303166803130798,
        "err_workflow0_minus_validation_kwh_year": -143226.30599999995,
        "err_workflow0_abs_kwh_year": 143226.30599999995,
        "err_workflow0_pct_of_validation": -0.6451270530843307
      },
      "geometry": {
        "type": "Polygon",
        "coordinates": [
          [
            [
              -9.136033099999999,
              38.727216299999995
            ],
            [
              -9.136038599999997,
              38.7271564
            ],
            [
              -9.1361947,
              38.7271544
            ],
            [
              -9.1361934,
              38.72717479999999
            ],
            [
              -9.136192,
              38.727195200000004
            ],
            [
              -9.1361907,
              38.7272157
            ],
            [
              -9.136033099999999,
              38.727216299999995
            ]
          ]
        ]
      }
    },
    {
      "type": "Feature",
      "properties": {
        "area_id": "Alameda_Arro",
        "osm_uid": "cea/351",
        "osmid": "351",
        "element_type": "cea_zone",
        "building": "yes",
        "cea_name": "B1351",
        "intersection_area_m2": 94.06354857619725,
        "is_residential": true,
        "residential_source": "cea",
        "radiation_sum_kwh_year": 219634.827625,
        "radiation_sum": 219634.827625,
        "radiation_point_count": 161.0,
        "use_type1": "MULTI_RES",
        "use_type2": "NONE",
        "use_type3": "NONE",
        "resi_type": null,
        "comparison_status": "matched",
        "validation_radiation_kwh_year": 219634.827625,
        "ucea_radiation_kwh_year": 133651.8100000004,
        "workflow0_radiation_kwh_year": 146568.31999999986,
        "validation_area_m2": 94.06354857619725,
        "ucea_roofs_top_m2": 94.06,
        "err_ucea_minus_validation_kwh_year": -85983.0176249996,
        "err_ucea_abs_kwh_year": 85983.0176249996,
        "err_ucea_pct_of_validation": -0.3914817087743718,
        "err_ucea_area_minus_validation_m2": -0.003548576197246689,
        "err_ucea_area_pct_of_validation": -3.7725306465257626e-05,
        "err_workflow0_minus_validation_kwh_year": -73066.50762500014,
        "err_workflow0_abs_kwh_year": 73066.50762500014,
        "err_workflow0_pct_of_validation": -0.3326726840870265
      },
      "geometry": {
        "type": "Polygon",
        "coordinates": [
          [
            [
              -9.1361675,
              38.727572699999996
            ],
            [
              -9.136019499999998,
              38.727573
            ],
            [
              -9.1360221,
              38.727503500000005
            ],
            [
              -9.1361715,
              38.727511199999995
            ],
            [
              -9.1361702,
              38.72753169999999
            ],
            [
              -9.1361688,
              38.72755219999999
            ],
            [
              -9.1361675,
              38.727572699999996
            ]
          ]
        ]
      }
    },
    {
      "type": "Feature",
      "properties": {
        "area_id": "Alameda_Arro",
        "osm_uid": "cea/353",
        "osmid": "353",
        "element_type": "cea_zone",
        "building": "yes",
        "cea_name": "B1353",
        "intersection_area_m2": 118.10070826111692,
        "is_residential": true,
        "residential_source": "cea",
        "radiation_sum_kwh_year": 204106.6619375,
        "radiation_sum": 204106.6619375,
        "radiation_point_count": 196.0,
        "use_type1": "MULTI_RES",
        "use_type2": "NONE",
        "use_type3": "NONE",
        "resi_type": null,
        "comparison_status": "matched",
        "validation_radiation_kwh_year": 204106.6619375,
        "ucea_radiation_kwh_year": 167268.41999999993,
        "workflow0_radiation_kwh_year": 177201.77000000028,
        "validation_area_m2": 118.10070826111692,
        "ucea_roofs_top_m2": 118.1,
        "err_ucea_minus_validation_kwh_year": -36838.241937500075,
        "err_ucea_abs_kwh_year": 36838.241937500075,
        "err_ucea_pct_of_validation": -0.18048525015210137,
        "err_ucea_area_minus_validation_m2": -0.0007082611169266784,
        "err_ucea_area_pct_of_validation": -5.997094575933749e-06,
        "err_workflow0_minus_validation_kwh_year": -26904.89193749972,
        "err_workflow0_abs_kwh_year": 26904.89193749972,
        "err_workflow0_pct_of_validation": -0.13181780389774017
      },
      "geometry": {
        "type": "Polygon",
        "coordinates": [
          [
            [
              -9.13603,
              38.72729439999999
            ],
            [
              -9.136033099999999,
              38.727216299999995
            ],
            [
              -9.1361907,
              38.7272157
            ],
            [
              -9.136188999999998,
              38.727241799999994
            ],
            [
              -9.136187299999998,
              38.727267899999994
            ],
            [
              -9.136185599999997,
              38.727294
            ],
            [
              -9.13603,
              38.72729439999999
            ]
          ]
        ]
      }
    },
    {
      "type": "Feature",
      "properties": {
        "area_id": "Alameda_Arro",
        "osm_uid": "cea/354",
        "osmid": "354",
        "element_type": "cea_zone",
        "building": "yes",
        "cea_name": "B1354",
        "intersection_area_m2": 279.90247960383266,
        "is_residential": true,
        "residential_source": "cea",
        "radiation_sum_kwh_year": 443696.344765625,
        "radiation_sum": 443696.344765625,
        "radiation_point_count": 460.0,
        "use_type1": "MULTI_RES",
        "use_type2": "NONE",
        "use_type3": "NONE",
        "resi_type": null,
        "comparison_status": "matched",
        "validation_radiation_kwh_year": 443696.344765625,
        "ucea_radiation_kwh_year": 542418.4399999987,
        "workflow0_radiation_kwh_year": 420043.72,
        "validation_area_m2": 279.90247960383266,
        "ucea_roofs_top_m2": 338.78,
        "err_ucea_minus_validation_kwh_year": 98722.09523437364,
        "err_ucea_abs_kwh_year": 98722.09523437364,
        "err_ucea_pct_of_validation": 0.2224992303836127,
        "err_ucea_area_minus_validation_m2": 58.87752039616731,
        "err_ucea_area_pct_of_validation": 0.21035012079743332,
        "err_workflow0_minus_validation_kwh_year": -23652.62476562505,
        "err_workflow0_abs_kwh_year": 23652.62476562505,
        "err_workflow0_pct_of_validation": -0.05330813527012295
      },
      "geometry": {
        "type": "Polygon",
        "coordinates": [
          [
            [
              -9.1355953,
              38.729599199999996
            ],
            [
              -9.135582599999998,
              38.72959670000001
            ],
            [
              -9.1355723,
              38.72959039999999
            ],
            [
              -9.135566,
              38.72958149999998
            ],
            [
              -9.1355647,
              38.729571299999996
            ],
            [
              -9.135574199999999,
              38.7294765
            ],
            [
              -9.1356942,
              38.729482999999995
            ],
            [
              -9.1356911,
              38.729518
            ],
            [
              -9.1358,
              38.72952369999999
            ],
            [
              -9.1358029,
              38.729490500000004
            ],
            [
              -9.135855699999999,
              38.72949329999999
            ],
            [
              -9.135818299999999,
              38.729614399999996
            ],
            [
              -9.1355953,
              38.729599199999996
            ]
          ]
        ]
      }
    },
    {
      "type": "Feature",
      "properties": {
        "area_id": "Alameda_Arro",
        "osm_uid": "cea/355",
        "osmid": "355",
        "element_type": "cea_zone",
        "building": "yes",
        "cea_name": "B1355",
        "intersection_area_m2": 159.11297402005636,
        "is_residential": true,
        "residential_source": "cea",
        "radiation_sum_kwh_year": 315313.125265625,
        "radiation_sum": 315313.125265625,
        "radiation_point_count": 262.0,
        "use_type1": "MULTI_RES",
        "use_type2": "NONE",
        "use_type3": "NONE",
        "resi_type": null,
        "comparison_status": "matched",
        "validation_radiation_kwh_year": 315313.125265625,
        "ucea_radiation_kwh_year": 258682.91000000012,
        "workflow0_radiation_kwh_year": 255227.46000000025,
        "validation_area_m2": 159.11297402005636,
        "ucea_roofs_top_m2": 162.73,
        "err_ucea_minus_validation_kwh_year": -56630.215265624895,
        "err_ucea_abs_kwh_year": 56630.215265624895,
        "err_ucea_pct_of_validation": -0.17959993012634237,
        "err_ucea_area_minus_validation_m2": 3.6170259799436337,
        "err_ucea_area_pct_of_validation": 0.022732439024662463,
        "err_workflow0_minus_validation_kwh_year": -60085.66526562476,
        "err_workflow0_abs_kwh_year": 60085.66526562476,
        "err_workflow0_pct_of_validation": -0.19055871909869784
      },
      "geometry": {
        "type": "Polygon",
        "coordinates": [
          [
            [
              -9.1378048,
              38.72811159999999
            ],
            [
              -9.137806799999998,
              38.728221
            ],
            [
              -9.1376565,
              38.72822269999999
            ],
            [
              -9.137653599999998,
              38.72811329999999
            ],
            [
              -9.1378048,
              38.72811159999999
            ]
          ]
        ]
      }
    },
    {
      "type": "Feature",
      "properties": {
        "area_id": "Alameda_Arro",
        "osm_uid": "cea/356",
        "osmid": "356",
        "element_type": "cea_zone",
        "building": "yes",
        "cea_name": "B1356",
        "intersection_area_m2": 311.5144007656233,
        "is_residential": true,
        "residential_source": "cea",
        "radiation_sum_kwh_year": 571496.9812500001,
        "radiation_sum": 571496.9812500001,
        "radiation_point_count": 500.0,
        "use_type1": "MULTI_RES",
        "use_type2": "NONE",
        "use_type3": "NONE",
        "resi_type": null,
        "comparison_status": "matched",
        "validation_radiation_kwh_year": 571496.9812500001,
        "ucea_radiation_kwh_year": 405215.56999999634,
        "workflow0_radiation_kwh_year": 396263.4000000011,
        "validation_area_m2": 311.5144007656233,
        "ucea_roofs_top_m2": 321.78,
        "err_ucea_minus_validation_kwh_year": -166281.41125000373,
        "err_ucea_abs_kwh_year": 166281.41125000373,
        "err_ucea_pct_of_validation": -0.2909576370575163,
        "err_ucea_area_minus_validation_m2": 10.26559923437668,
        "err_ucea_area_pct_of_validation": 0.03295385127989731,
        "err_workflow0_minus_validation_kwh_year": -175233.581249999,
        "err_workflow0_abs_kwh_year": 175233.581249999,
        "err_workflow0_pct_of_validation": -0.30662205925693853
      },
      "geometry": {
        "type": "Polygon",
        "coordinates": [
          [
            [
              -9.137806799999998,
              38.728221
            ],
            [
              -9.1378108,
              38.728437099999994
            ],
            [
              -9.1376622,
              38.72843869999999
            ],
            [
              -9.1376565,
              38.72822269999999
            ],
            [
              -9.137806799999998,
              38.728221
            ]
          ]
        ]
      }
    },
    {
      "type": "Feature",
      "properties": {
        "area_id": "Alameda_Arro",
        "osm_uid": "cea/357",
        "osmid": "357",
        "element_type": "cea_zone",
        "building": "yes",
        "cea_name": "B1357",
        "intersection_area_m2": 158.45809150912112,
        "is_residential": true,
        "residential_source": "cea",
        "radiation_sum_kwh_year": 316008.39084375,
        "radiation_sum": 316008.39084375,
        "radiation_point_count": 266.0,
        "use_type1": "MULTI_RES",
        "use_type2": "NONE",
        "use_type3": "NONE",
        "resi_type": null,
        "comparison_status": "matched",
        "validation_radiation_kwh_year": 316008.39084375,
        "ucea_radiation_kwh_year": 220316.4799999999,
        "workflow0_radiation_kwh_year": 221721.09999999945,
        "validation_area_m2": 158.45809150912112,
        "ucea_roofs_top_m2": 163.25,
        "err_ucea_minus_validation_kwh_year": -95691.91084375008,
        "err_ucea_abs_kwh_year": 95691.91084375008,
        "err_ucea_pct_of_validation": -0.3028144619459325,
        "err_ucea_area_minus_validation_m2": 4.791908490878882,
        "err_ucea_area_pct_of_validation": 0.030240857031924126,
        "err_workflow0_minus_validation_kwh_year": -94287.29084375052,
        "err_workflow0_abs_kwh_year": 94287.29084375052,
        "err_workflow0_pct_of_validation": -0.29836957997223174
      },
      "geometry": {
        "type": "Polygon",
        "coordinates": [
          [
            [
              -9.1378108,
              38.728437099999994
            ],
            [
              -9.1378349,
              38.72843689999999
            ],
            [
              -9.1378366,
              38.72853219999998
            ],
            [
              -9.1376647,
              38.728534
            ],
            [
              -9.1376622,
              38.72843869999999
            ],
            [
              -9.1378108,
              38.728437099999994
            ]
          ]
        ]
      }
    },
    {
      "type": "Feature",
      "properties": {
        "area_id": "Alameda_Arro",
        "osm_uid": "cea/358",
        "osmid": "358",
        "element_type": "cea_zone",
        "building": "yes",
        "cea_name": "B1358",
        "intersection_area_m2": 181.17017602672067,
        "is_residential": true,
        "residential_source": "cea",
        "radiation_sum_kwh_year": 340748.623328125,
        "radiation_sum": 340748.623328125,
        "radiation_point_count": 299.0,
        "use_type1": "MULTI_RES",
        "use_type2": "NONE",
        "use_type3": "NONE",
        "resi_type": null,
        "comparison_status": "matched",
        "validation_radiation_kwh_year": 340748.623328125,
        "ucea_radiation_kwh_year": 228092.93999999948,
        "workflow0_radiation_kwh_year": 225242.24999999983,
        "validation_area_m2": 181.17017602672067,
        "ucea_roofs_top_m2": 189.21,
        "err_ucea_minus_validation_kwh_year": -112655.68332812551,
        "err_ucea_abs_kwh_year": 112655.68332812551,
        "err_ucea_pct_of_validation": -0.3306122919230208,
        "err_ucea_area_minus_validation_m2": 8.03982397327934,
        "err_ucea_area_pct_of_validation": 0.044377193584519956,
        "err_workflow0_minus_validation_kwh_year": -115506.37332812516,
        "err_workflow0_abs_kwh_year": 115506.37332812516,
        "err_workflow0_pct_of_validation": -0.33897825382231384
      },
      "geometry": {
        "type": "Polygon",
        "coordinates": [
          [
            [
              -9.1376472,
              38.727867999999994
            ],
            [
              -9.137643699999998,
              38.7277333
            ],
            [
              -9.1377834,
              38.7277315
            ],
            [
              -9.1377862,
              38.727866299999995
            ],
            [
              -9.1376472,
              38.727867999999994
            ]
          ]
        ]
      }
    },
    {
      "type": "Feature",
      "properties": {
        "area_id": "Alameda_Arro",
        "osm_uid": "cea/359",
        "osmid": "359",
        "element_type": "cea_zone",
        "building": "yes",
        "cea_name": "B1359",
        "intersection_area_m2": 285.8326052273292,
        "is_residential": true,
        "residential_source": "cea",
        "radiation_sum_kwh_year": 549580.57571875,
        "radiation_sum": 549580.57571875,
        "radiation_point_count": 475.0,
        "use_type1": "MULTI_RES",
        "use_type2": "NONE",
        "use_type3": "NONE",
        "resi_type": null,
        "comparison_status": "matched",
        "validation_radiation_kwh_year": 549580.57571875,
        "ucea_radiation_kwh_year": 352663.6199999996,
        "workflow0_radiation_kwh_year": 349869.7399999998,
        "validation_area_m2": 285.8326052273292,
        "ucea_roofs_top_m2": 293.3,
        "err_ucea_minus_validation_kwh_year": -196916.95571875043,
        "err_ucea_abs_kwh_year": 196916.95571875043,
        "err_ucea_pct_of_validation": -0.3583040675359011,
        "err_ucea_area_minus_validation_m2": 7.4673947726707866,
        "err_ucea_area_pct_of_validation": 0.026125062837851532,
        "err_workflow0_minus_validation_kwh_year": -199710.8357187502,
        "err_workflow0_abs_kwh_year": 199710.8357187502,
        "err_workflow0_pct_of_validation": -0.3633877260992444
      },
      "geometry": {
        "type": "Polygon",
        "coordinates": [
          [
            [
              -9.1376647,
              38.728534
            ],
            [
              -9.1378366,
              38.72853219999998
            ],
            [
              -9.1378398,
              38.7287052
            ],
            [
              -9.1378125,
              38.72870549999999
            ],
            [
              -9.137669199999998,
              38.728707
            ],
            [
              -9.1376647,
              38.728534
            ]
          ]
        ]
      }
    },
    {
      "type": "Feature",
      "properties": {
        "area_id": "Alameda_Arro",
        "osm_uid": "cea/360",
        "osmid": "360",
        "element_type": "cea_zone",
        "building": "yes",
        "cea_name": "B1360",
        "intersection_area_m2": 96.3669503545701,
        "is_residential": true,
        "residential_source": "cea",
        "radiation_sum_kwh_year": 93250.54821875,
        "radiation_sum": 93250.54821875,
        "radiation_point_count": 157.0,
        "use_type1": "MULTI_RES",
        "use_type2": "NONE",
        "use_type3": "NONE",
        "resi_type": null,
        "comparison_status": "matched",
        "validation_radiation_kwh_year": 93250.54821875,
        "ucea_radiation_kwh_year": 136057.9400000001,
        "workflow0_radiation_kwh_year": 136338.00999999995,
        "validation_area_m2": 96.3669503545701,
        "ucea_roofs_top_m2": 96.57,
        "err_ucea_minus_validation_kwh_year": 42807.39178125009,
        "err_ucea_abs_kwh_year": 42807.39178125009,
        "err_ucea_pct_of_validation": 0.45905780286493536,
        "err_ucea_area_minus_validation_m2": 0.20304964542989978,
        "err_ucea_area_pct_of_validation": 0.0021070464996848413,
        "err_workflow0_minus_validation_kwh_year": 43087.46178124995,
        "err_workflow0_abs_kwh_year": 43087.46178124995,
        "err_workflow0_pct_of_validation": 0.4620612168431874
      },
      "geometry": {
        "type": "Polygon",
        "coordinates": [
          [
            [
              -9.1376711,
              38.7287769
            ],
            [
              -9.137669199999998,
              38.728707
            ],
            [
              -9.1378125,
              38.72870549999999
            ],
            [
              -9.137813799999998,
              38.728775299999995
            ],
            [
              -9.1376711,
              38.7287769
            ]
          ]
        ]
      }
    },
    {
      "type": "Feature",
      "properties": {
        "area_id": "Alameda_Arro",
        "osm_uid": "cea/362",
        "osmid": "362",
        "element_type": "cea_zone",
        "building": "yes",
        "cea_name": "B1362",
        "intersection_area_m2": 148.14866566988576,
        "is_residential": true,
        "residential_source": "cea",
        "radiation_sum_kwh_year": 324312.1473125,
        "radiation_sum": 324312.1473125,
        "radiation_point_count": 251.0,
        "use_type1": "MULTI_RES",
        "use_type2": "NONE",
        "use_type3": "NONE",
        "resi_type": null,
        "comparison_status": "matched",
        "validation_radiation_kwh_year": 324312.1473125,
        "ucea_radiation_kwh_year": 235573.6900000004,
        "workflow0_radiation_kwh_year": 229243.75999999992,
        "validation_area_m2": 148.14866566988576,
        "ucea_roofs_top_m2": 152.18,
        "err_ucea_minus_validation_kwh_year": -88738.45731249958,
        "err_ucea_abs_kwh_year": 88738.45731249958,
        "err_ucea_pct_of_validation": -0.2736205166776968,
        "err_ucea_area_minus_validation_m2": 4.031334330114248,
        "err_ucea_area_pct_of_validation": 0.02721141167141608,
        "err_workflow0_minus_validation_kwh_year": -95068.38731250007,
        "err_workflow0_abs_kwh_year": 95068.38731250007,
        "err_workflow0_pct_of_validation": -0.2931385336636629
      },
      "geometry": {
        "type": "Polygon",
        "coordinates": [
          [
            [
              -9.1376753,
              38.72893849999999
            ],
            [
              -9.1376726,
              38.72883469999999
            ],
            [
              -9.137817299999998,
              38.7288331
            ],
            [
              -9.137826499999997,
              38.72893680000001
            ],
            [
              -9.1376753,
              38.72893849999999
            ]
          ]
        ]
      }
    },
    {
      "type": "Feature",
      "properties": {
        "area_id": "Alameda_Arro",
        "osm_uid": "cea/363",
        "osmid": "363",
        "element_type": "cea_zone",
        "building": "yes",
        "cea_name": "B1363",
        "intersection_area_m2": 217.34130073643846,
        "is_residential": true,
        "residential_source": "cea",
        "radiation_sum_kwh_year": 338064.80546875,
        "radiation_sum": 338064.80546875,
        "radiation_point_count": 343.0,
        "use_type1": "MULTI_RES",
        "use_type2": "NONE",
        "use_type3": "NONE",
        "resi_type": null,
        "comparison_status": "matched",
        "validation_radiation_kwh_year": 338064.80546875,
        "ucea_radiation_kwh_year": 311354.22000000003,
        "workflow0_radiation_kwh_year": 332205.8899999992,
        "validation_area_m2": 217.34130073643846,
        "ucea_roofs_top_m2": 234.54,
        "err_ucea_minus_validation_kwh_year": -26710.58546874998,
        "err_ucea_abs_kwh_year": 26710.58546874998,
        "err_ucea_pct_of_validation": -0.07901025198915317,
        "err_ucea_area_minus_validation_m2": 17.198699263561537,
        "err_ucea_area_pct_of_validation": 0.07913221833717535,
        "err_workflow0_minus_validation_kwh_year": -5858.915468750813,
        "err_workflow0_abs_kwh_year": 5858.915468750813,
        "err_workflow0_pct_of_validation": -0.017330746572767387
      },
      "geometry": {
        "type": "Polygon",
        "coordinates": [
          [
            [
              -9.1378285,
              38.72904359999999
            ],
            [
              -9.137806399999999,
              38.72904389999999
            ],
            [
              -9.137807300000002,
              38.72909399999999
            ],
            [
              -9.1376794,
              38.72909539999999
            ],
            [
              -9.1376753,
              38.72893849999999
            ],
            [
              -9.137826499999997,
              38.72893680000001
            ],
            [
              -9.1378285,
              38.72904359999999
            ]
          ]
        ]
      }
    },
    {
      "type": "Feature",
      "properties": {
        "area_id": "Alameda_Arro",
        "osm_uid": "cea/364",
        "osmid": "364",
        "element_type": "cea_zone",
        "building": "yes",
        "cea_name": "B1364",
        "intersection_area_m2": 79.60558017183584,
        "is_residential": true,
        "residential_source": "cea",
        "radiation_sum_kwh_year": 185969.8885,
        "radiation_sum": 185969.8885,
        "radiation_point_count": 139.0,
        "use_type1": "MULTI_RES",
        "use_type2": "NONE",
        "use_type3": "NONE",
        "resi_type": null,
        "comparison_status": "matched",
        "validation_radiation_kwh_year": 185969.8885,
        "ucea_radiation_kwh_year": 111672.59999999998,
        "workflow0_radiation_kwh_year": 123495.52999999972,
        "validation_area_m2": 79.60558017183584,
        "ucea_roofs_top_m2": 79.61,
        "err_ucea_minus_validation_kwh_year": -74297.28850000002,
        "err_ucea_abs_kwh_year": 74297.28850000002,
        "err_ucea_pct_of_validation": -0.3995124646213896,
        "err_ucea_area_minus_validation_m2": 0.004419828164159867,
        "err_ucea_area_pct_of_validation": 5.55215872382221e-05,
        "err_workflow0_minus_validation_kwh_year": -62474.35850000028,
        "err_workflow0_abs_kwh_year": 62474.35850000028,
        "err_workflow0_pct_of_validation": -0.33593803278534673
      },
      "geometry": {
        "type": "Polygon",
        "coordinates": [
          [
            [
              -9.1373053,
              38.729616099999994
            ],
            [
              -9.1374626,
              38.72961380000001
            ],
            [
              -9.137464199999998,
              38.72967389999999
            ],
            [
              -9.137308699999998,
              38.72966169999999
            ],
            [
              -9.1373053,
              38.729616099999994
            ]
          ]
        ]
      }
    },
    {
      "type": "Feature",
      "properties": {
        "area_id": "Alameda_Arro",
        "osm_uid": "cea/365",
        "osmid": "365",
        "element_type": "cea_zone",
        "building": "yes",
        "cea_name": "B1365",
        "intersection_area_m2": 26.31226553294655,
        "is_residential": true,
        "residential_source": "cea",
        "radiation_sum_kwh_year": 56001.3673125,
        "radiation_sum": 56001.3673125,
        "radiation_point_count": 43.0,
        "use_type1": "MULTI_RES",
        "use_type2": "NONE",
        "use_type3": "NONE",
        "resi_type": null,
        "comparison_status": "matched",
        "validation_radiation_kwh_year": 56001.3673125,
        "ucea_radiation_kwh_year": 42561.20000000013,
        "workflow0_radiation_kwh_year": 42556.82999999987,
        "validation_area_m2": 26.31226553294655,
        "ucea_roofs_top_m2": 26.31,
        "err_ucea_minus_validation_kwh_year": -13440.16731249987,
        "err_ucea_abs_kwh_year": 13440.16731249987,
        "err_ucea_pct_of_validation": -0.23999712788262417,
        "err_ucea_area_minus_validation_m2": -0.0022655329465521845,
        "err_ucea_area_pct_of_validation": -8.610178183689382e-05,
        "err_workflow0_minus_validation_kwh_year": -13444.537312500128,
        "err_workflow0_abs_kwh_year": 13444.537312500128,
        "err_workflow0_pct_of_validation": -0.240075161691618
      },
      "geometry": {
        "type": "Polygon",
        "coordinates": [
          [
            [
              -9.1374654,
              38.73074550000001
            ],
            [
              -9.1374145,
              38.730767499999985
            ],
            [
              -9.1373854,
              38.73072650000001
            ],
            [
              -9.1374364,
              38.730704499999995
            ],
            [
              -9.1374654,
              38.73074550000001
            ]
          ]
        ]
      }
    },
    {
      "type": "Feature",
      "properties": {
        "area_id": "Alameda_Arro",
        "osm_uid": "cea/367",
        "osmid": "367",
        "element_type": "cea_zone",
        "building": "yes",
        "cea_name": "B1367",
        "intersection_area_m2": 177.65262736680234,
        "is_residential": true,
        "residential_source": "cea",
        "radiation_sum_kwh_year": 390046.74700000003,
        "radiation_sum": 390046.74700000003,
        "radiation_point_count": 294.0,
        "use_type1": "MULTI_RES",
        "use_type2": "NONE",
        "use_type3": "NONE",
        "resi_type": null,
        "comparison_status": "matched",
        "validation_radiation_kwh_year": 390046.74700000003,
        "ucea_radiation_kwh_year": 142810.5900000005,
        "workflow0_radiation_kwh_year": 216485.79999999984,
        "validation_area_m2": 177.65262736680234,
        "ucea_roofs_top_m2": 135.97,
        "err_ucea_minus_validation_kwh_year": -247236.15699999954,
        "err_ucea_abs_kwh_year": 247236.15699999954,
        "err_ucea_pct_of_validation": -0.6338628866965003,
        "err_ucea_area_minus_validation_m2": -41.682627366802336,
        "err_ucea_area_pct_of_validation": -0.2346299516344305,
        "err_workflow0_minus_validation_kwh_year": -173560.9470000002,
        "err_workflow0_abs_kwh_year": 173560.9470000002,
        "err_workflow0_pct_of_validation": -0.44497473273376686
      },
      "geometry": {
        "type": "Polygon",
        "coordinates": [
          [
            [
              -9.1344366,
              38.72720799999999
            ],
            [
              -9.134478999999999,
              38.7272106
            ],
            [
              -9.1346925,
              38.72722360000001
            ],
            [
              -9.134685399999999,
              38.7272951
            ],
            [
              -9.1344295,
              38.7272796
            ],
            [
              -9.1344366,
              38.72720799999999
            ]
          ]
        ]
      }
    },
    {
      "type": "Feature",
      "properties": {
        "area_id": "Alameda_Arro",
        "osm_uid": "cea/368",
        "osmid": "368",
        "element_type": "cea_zone",
        "building": "yes",
        "cea_name": "B1368",
        "intersection_area_m2": 160.10752065449435,
        "is_residential": true,
        "residential_source": "cea",
        "radiation_sum_kwh_year": 288638.469375,
        "radiation_sum": 288638.469375,
        "radiation_point_count": 261.0,
        "use_type1": "MULTI_RES",
        "use_type2": "NONE",
        "use_type3": "NONE",
        "resi_type": null,
        "comparison_status": "matched",
        "validation_radiation_kwh_year": 288638.469375,
        "ucea_radiation_kwh_year": 168268.43999999992,
        "workflow0_radiation_kwh_year": 165947.46000000002,
        "validation_area_m2": 160.10752065449435,
        "ucea_roofs_top_m2": 160.32,
        "err_ucea_minus_validation_kwh_year": -120370.02937500007,
        "err_ucea_abs_kwh_year": 120370.02937500007,
        "err_ucea_pct_of_validation": -0.4170269806226521,
        "err_ucea_area_minus_validation_m2": 0.21247934550564196,
        "err_ucea_area_pct_of_validation": 0.0013271040900331218,
        "err_workflow0_minus_validation_kwh_year": -122691.00937499997,
        "err_workflow0_abs_kwh_year": 122691.00937499997,
        "err_workflow0_pct_of_validation": -0.4250681125099767
      },
      "geometry": {
        "type": "Polygon",
        "coordinates": [
          [
            [
              -9.1344295,
              38.7272796
            ],
            [
              -9.134685399999999,
              38.7272951
            ],
            [
              -9.1346789,
              38.727359599999986
            ],
            [
              -9.1344685,
              38.72734679999999
            ],
            [
              -9.134422999999998,
              38.7273441
            ],
            [
              -9.1344295,
              38.7272796
            ]
          ]
        ]
      }
    },
    {
      "type": "Feature",
      "properties": {
        "area_id": "Alameda_Arro",
        "osm_uid": "cea/370",
        "osmid": "370",
        "element_type": "cea_zone",
        "building": "yes",
        "cea_name": "B1370",
        "intersection_area_m2": 165.28564133881892,
        "is_residential": true,
        "residential_source": "cea",
        "radiation_sum_kwh_year": 283842.321375,
        "radiation_sum": 283842.321375,
        "radiation_point_count": 273.0,
        "use_type1": "MULTI_RES",
        "use_type2": "NONE",
        "use_type3": "NONE",
        "resi_type": null,
        "comparison_status": "matched",
        "validation_radiation_kwh_year": 283842.321375,
        "ucea_radiation_kwh_year": 262224.0,
        "workflow0_radiation_kwh_year": 255564.22999999992,
        "validation_area_m2": 165.28564133881892,
        "ucea_roofs_top_m2": 194.54,
        "err_ucea_minus_validation_kwh_year": -21618.321375,
        "err_ucea_abs_kwh_year": 21618.321375,
        "err_ucea_pct_of_validation": -0.07616313617460457,
        "err_ucea_area_minus_validation_m2": 29.254358661181072,
        "err_ucea_area_pct_of_validation": 0.17699274071371138,
        "err_workflow0_minus_validation_kwh_year": -28278.091375000076,
        "err_workflow0_abs_kwh_year": 28278.091375000076,
        "err_workflow0_pct_of_validation": -0.09962605730538789
      },
      "geometry": {
        "type": "Polygon",
        "coordinates": [
          [
            [
              -9.1339277,
              38.7271957
            ],
            [
              -9.134021,
              38.7271817
            ],
            [
              -9.1340278,
              38.727209099999996
            ],
            [
              -9.134072999999999,
              38.7272023
            ],
            [
              -9.1340933,
              38.7272847
            ],
            [
              -9.134048099999998,
              38.727291399999984
            ],
            [
              -9.1340549,
              38.7273189
            ],
            [
              -9.1339616,
              38.72733289999999
            ],
            [
              -9.1339277,
              38.7271957
            ]
          ]
        ]
      }
    },
    {
      "type": "Feature",
      "properties": {
        "area_id": "Alameda_Arro",
        "osm_uid": "cea/371",
        "osmid": "371",
        "element_type": "cea_zone",
        "building": "yes",
        "cea_name": "B1371",
        "intersection_area_m2": 171.31127323640126,
        "is_residential": true,
        "residential_source": "cea",
        "radiation_sum_kwh_year": 313924.2041875,
        "radiation_sum": 313924.2041875,
        "radiation_point_count": 283.0,
        "use_type1": "MULTI_RES",
        "use_type2": "NONE",
        "use_type3": "NONE",
        "resi_type": null,
        "comparison_status": "matched",
        "validation_radiation_kwh_year": 313924.2041875,
        "ucea_radiation_kwh_year": 301478.30999999907,
        "workflow0_radiation_kwh_year": 254131.44000000038,
        "validation_area_m2": 171.31127323640126,
        "ucea_roofs_top_m2": 197.93,
        "err_ucea_minus_validation_kwh_year": -12445.894187500933,
        "err_ucea_abs_kwh_year": 12445.894187500933,
        "err_ucea_pct_of_validation": -0.03964617580130035,
        "err_ucea_area_minus_validation_m2": 26.618726763598744,
        "err_ucea_area_pct_of_validation": 0.15538222476968103,
        "err_workflow0_minus_validation_kwh_year": -59792.76418749962,
        "err_workflow0_abs_kwh_year": 59792.76418749962,
        "err_workflow0_pct_of_validation": -0.1904687927528733
      },
      "geometry": {
        "type": "Polygon",
        "coordinates": [
          [
            [
              -9.1339616,
              38.72733289999999
            ],
            [
              -9.1340549,
              38.7273189
            ],
            [
              -9.13406,
              38.727339699999995
            ],
            [
              -9.134105299999998,
              38.727332899999986
            ],
            [
              -9.1341289,
              38.72742850000001
            ],
            [
              -9.1340836,
              38.7274353
            ],
            [
              -9.134088799999999,
              38.72745609999998
            ],
            [
              -9.133995499999997,
              38.72747009999999
            ],
            [
              -9.1339616,
              38.72733289999999
            ]
          ]
        ]
      }
    },
    {
      "type": "Feature",
      "properties": {
        "area_id": "Alameda_Arro",
        "osm_uid": "cea/372",
        "osmid": "372",
        "element_type": "cea_zone",
        "building": "yes",
        "cea_name": "B1372",
        "intersection_area_m2": 170.59549506842632,
        "is_residential": true,
        "residential_source": "cea",
        "radiation_sum_kwh_year": 310728.300609375,
        "radiation_sum": 310728.300609375,
        "radiation_point_count": 280.0,
        "use_type1": "MULTI_RES",
        "use_type2": "NONE",
        "use_type3": "NONE",
        "resi_type": null,
        "comparison_status": "matched",
        "validation_radiation_kwh_year": 310728.300609375,
        "ucea_radiation_kwh_year": 272158.1699999997,
        "workflow0_radiation_kwh_year": 230062.36999999927,
        "validation_area_m2": 170.59549506842632,
        "ucea_roofs_top_m2": 202.06,
        "err_ucea_minus_validation_kwh_year": -38570.13060937531,
        "err_ucea_abs_kwh_year": 38570.13060937531,
        "err_ucea_pct_of_validation": -0.12412815483409369,
        "err_ucea_area_minus_validation_m2": 31.464504931573686,
        "err_ucea_area_pct_of_validation": 0.18443924863873568,
        "err_workflow0_minus_validation_kwh_year": -80665.93060937573,
        "err_workflow0_abs_kwh_year": 80665.93060937573,
        "err_workflow0_pct_of_validation": -0.2596027798278441
      },
      "geometry": {
        "type": "Polygon",
        "coordinates": [
          [
            [
              -9.134088799999999,
              38.72745609999998
            ],
            [
              -9.1340945,
              38.72747919999999
            ],
            [
              -9.1341411,
              38.7274721
            ],
            [
              -9.134163599999999,
              38.72756329999998
            ],
            [
              -9.134116999999998,
              38.7275703
            ],
            [
              -9.134122699999999,
              38.727593299999995
            ],
            [
              -9.1340294,
              38.72760739999999
            ],
            [
              -9.133995499999997,
              38.72747009999999
            ],
            [
              -9.134088799999999,
              38.72745609999998
            ]
          ]
        ]
      }
    },
    {
      "type": "Feature",
      "properties": {
        "area_id": "Alameda_Arro",
        "osm_uid": "cea/373",
        "osmid": "373",
        "element_type": "cea_zone",
        "building": "yes",
        "cea_name": "B1373",
        "intersection_area_m2": 168.29496525977117,
        "is_residential": true,
        "residential_source": "cea",
        "radiation_sum_kwh_year": 293314.567390625,
        "radiation_sum": 293314.567390625,
        "radiation_point_count": 277.0,
        "use_type1": "MULTI_RES",
        "use_type2": "NONE",
        "use_type3": "NONE",
        "resi_type": null,
        "comparison_status": "matched",
        "validation_radiation_kwh_year": 293314.567390625,
        "ucea_radiation_kwh_year": 281917.4600000009,
        "workflow0_radiation_kwh_year": 233420.04999999976,
        "validation_area_m2": 168.29496525977117,
        "ucea_roofs_top_m2": 194.83,
        "err_ucea_minus_validation_kwh_year": -11397.107390624122,
        "err_ucea_abs_kwh_year": 11397.107390624122,
        "err_ucea_pct_of_validation": -0.03885626101701895,
        "err_ucea_area_minus_validation_m2": 26.535034740228838,
        "err_ucea_area_pct_of_validation": 0.15766980728906993,
        "err_workflow0_minus_validation_kwh_year": -59894.51739062526,
        "err_workflow0_abs_kwh_year": 59894.51739062526,
        "err_workflow0_pct_of_validation": -0.20419891832668527
      },
      "geometry": {
        "type": "Polygon",
        "coordinates": [
          [
            [
              -9.1340294,
              38.72760739999999
            ],
            [
              -9.134122699999999,
              38.727593299999995
            ],
            [
              -9.1341286,
              38.7276175
            ],
            [
              -9.1341739,
              38.72761070000001
            ],
            [
              -9.134195799999999,
              38.727699599999994
            ],
            [
              -9.134150599999998,
              38.727706399999995
            ],
            [
              -9.1341566,
              38.727730599999994
            ],
            [
              -9.1340633,
              38.727744599999994
            ],
            [
              -9.1340294,
              38.72760739999999
            ]
          ]
        ]
      }
    },
    {
      "type": "Feature",
      "properties": {
        "area_id": "Alameda_Arro",
        "osm_uid": "cea/374",
        "osmid": "374",
        "element_type": "cea_zone",
        "building": "yes",
        "cea_name": "B1374",
        "intersection_area_m2": 166.45531432846514,
        "is_residential": true,
        "residential_source": "cea",
        "radiation_sum_kwh_year": 216457.9582578125,
        "radiation_sum": 216457.9582578125,
        "radiation_point_count": 273.0,
        "use_type1": "MULTI_RES",
        "use_type2": "NONE",
        "use_type3": "NONE",
        "resi_type": null,
        "comparison_status": "matched",
        "validation_radiation_kwh_year": 216457.9582578125,
        "ucea_radiation_kwh_year": 253868.2000000001,
        "workflow0_radiation_kwh_year": 249367.0100000001,
        "validation_area_m2": 166.45531432846514,
        "ucea_roofs_top_m2": 174.37,
        "err_ucea_minus_validation_kwh_year": 37410.24174218759,
        "err_ucea_abs_kwh_year": 37410.24174218759,
        "err_ucea_pct_of_validation": 0.172829135243113,
        "err_ucea_area_minus_validation_m2": 7.914685671534869,
        "err_ucea_area_pct_of_validation": 0.04754841083605702,
        "err_workflow0_minus_validation_kwh_year": 32909.051742187585,
        "err_workflow0_abs_kwh_year": 32909.051742187585,
        "err_workflow0_pct_of_validation": 0.15203438121222237
      },
      "geometry": {
        "type": "Polygon",
        "coordinates": [
          [
            [
              -9.134268899999999,
              38.728175
            ],
            [
              -9.1342559,
              38.728153799999994
            ],
            [
              -9.134260299999998,
              38.728109499999995
            ],
            [
              -9.1342679,
              38.7281099
            ],
            [
              -9.1342692,
              38.72809629999999
            ],
            [
              -9.1344318,
              38.7281062
            ],
            [
              -9.134421299999998,
              38.72821089999999
            ],
            [
              -9.1342662,
              38.72820139999999
            ],
            [
              -9.134268899999999,
              38.728175
            ]
          ]
        ]
      }
    },
    {
      "type": "Feature",
      "properties": {
        "area_id": "Alameda_Arro",
        "osm_uid": "cea/375",
        "osmid": "375",
        "element_type": "cea_zone",
        "building": "yes",
        "cea_name": "B1375",
        "intersection_area_m2": 122.2512754731411,
        "is_residential": true,
        "residential_source": "cea",
        "radiation_sum_kwh_year": 215225.3291875,
        "radiation_sum": 215225.3291875,
        "radiation_point_count": 202.0,
        "use_type1": "MULTI_RES",
        "use_type2": "NONE",
        "use_type3": "NONE",
        "resi_type": null,
        "comparison_status": "matched",
        "validation_radiation_kwh_year": 215225.3291875,
        "ucea_radiation_kwh_year": 160310.08999999968,
        "workflow0_radiation_kwh_year": 166329.73999999935,
        "validation_area_m2": 122.2512754731411,
        "ucea_roofs_top_m2": 125.32,
        "err_ucea_minus_validation_kwh_year": -54915.23918750032,
        "err_ucea_abs_kwh_year": 54915.23918750032,
        "err_ucea_pct_of_validation": -0.25515230663050475,
        "err_ucea_area_minus_validation_m2": 3.0687245268588867,
        "err_ucea_area_pct_of_validation": 0.025101779224651875,
        "err_workflow0_minus_validation_kwh_year": -48895.58918750065,
        "err_workflow0_abs_kwh_year": 48895.58918750065,
        "err_workflow0_pct_of_validation": -0.22718324730684367
      },
      "geometry": {
        "type": "Polygon",
        "coordinates": [
          [
            [
              -9.1341295,
              38.728012799999995
            ],
            [
              -9.134097199999998,
              38.7278818
            ],
            [
              -9.1341905,
              38.7278678
            ],
            [
              -9.1342228,
              38.727998799999995
            ],
            [
              -9.1341295,
              38.728012799999995
            ]
          ]
        ]
      }
    },
    {
      "type": "Feature",
      "properties": {
        "area_id": "Alameda_Arro",
        "osm_uid": "cea/377",
        "osmid": "377",
        "element_type": "cea_zone",
        "building": "yes",
        "cea_name": "B1377",
        "intersection_area_m2": 283.38277162246663,
        "is_residential": true,
        "residential_source": "cea",
        "radiation_sum_kwh_year": 397445.07984375,
        "radiation_sum": 397445.07984375,
        "radiation_point_count": 465.0,
        "use_type1": "MULTI_RES",
        "use_type2": "NONE",
        "use_type3": "NONE",
        "resi_type": null,
        "comparison_status": "matched",
        "validation_radiation_kwh_year": 397445.07984375,
        "ucea_radiation_kwh_year": 446923.6199999996,
        "workflow0_radiation_kwh_year": 455705.35000000003,
        "validation_area_m2": 283.38277162246663,
        "ucea_roofs_top_m2": 288.98,
        "err_ucea_minus_validation_kwh_year": 49478.5401562496,
        "err_ucea_abs_kwh_year": 49478.5401562496,
        "err_ucea_pct_of_validation": 0.12449151509361092,
        "err_ucea_area_minus_validation_m2": 5.5972283775333835,
        "err_ucea_area_pct_of_validation": 0.019751477288076726,
        "err_workflow0_minus_validation_kwh_year": 58260.270156250044,
        "err_workflow0_abs_kwh_year": 58260.270156250044,
        "err_workflow0_pct_of_validation": 0.14658697040394678
      },
      "geometry": {
        "type": "Polygon",
        "coordinates": [
          [
            [
              -9.134416599999998,
              38.727804400000004
            ],
            [
              -9.1344207,
              38.727763499999995
            ],
            [
              -9.1344393,
              38.72776469999999
            ],
            [
              -9.134449599999998,
              38.7276618
            ],
            [
              -9.134647499999998,
              38.7276739
            ],
            [
              -9.134633099999999,
              38.727817599999995
            ],
            [
              -9.134416599999998,
              38.727804400000004
            ]
          ]
        ]
      }
    },
    {
      "type": "Feature",
      "properties": {
        "area_id": "Alameda_Arro",
        "osm_uid": "cea/378",
        "osmid": "378",
        "element_type": "cea_zone",
        "building": "yes",
        "cea_name": "B1378",
        "intersection_area_m2": 233.18023797324156,
        "is_residential": true,
        "residential_source": "cea",
        "radiation_sum_kwh_year": 372269.3513125,
        "radiation_sum": 372269.3513125,
        "radiation_point_count": 381.0,
        "use_type1": "MULTI_RES",
        "use_type2": "NONE",
        "use_type3": "NONE",
        "resi_type": null,
        "comparison_status": "matched",
        "validation_radiation_kwh_year": 372269.3513125,
        "ucea_radiation_kwh_year": 367973.4600000003,
        "workflow0_radiation_kwh_year": 365663.30000000005,
        "validation_area_m2": 233.18023797324156,
        "ucea_roofs_top_m2": 239.9,
        "err_ucea_minus_validation_kwh_year": -4295.891312499705,
        "err_ucea_abs_kwh_year": 4295.891312499705,
        "err_ucea_pct_of_validation": -0.011539739431553517,
        "err_ucea_area_minus_validation_m2": 6.7197620267584455,
        "err_ucea_area_pct_of_validation": 0.028817888193121952,
        "err_workflow0_minus_validation_kwh_year": -6606.051312499971,
        "err_workflow0_abs_kwh_year": 6606.051312499971,
        "err_workflow0_pct_of_validation": -0.017745353704808613
      },
      "geometry": {
        "type": "Polygon",
        "coordinates": [
          [
            [
              -9.134631499999998,
              38.727834199999975
            ],
            [
              -9.134620699999997,
              38.7279421
            ],
            [
              -9.134398,
              38.7279286
            ],
            [
              -9.1344088,
              38.7278207
            ],
            [
              -9.134631499999998,
              38.727834199999975
            ]
          ]
        ]
      }
    },
    {
      "type": "Feature",
      "properties": {
        "area_id": "Alameda_Arro",
        "osm_uid": "cea/379",
        "osmid": "379",
        "element_type": "cea_zone",
        "building": "yes",
        "cea_name": "B1379",
        "intersection_area_m2": 223.2092633703301,
        "is_residential": true,
        "residential_source": "cea",
        "radiation_sum_kwh_year": 379901.491234375,
        "radiation_sum": 379901.491234375,
        "radiation_point_count": 366.0,
        "use_type1": "MULTI_RES",
        "use_type2": "NONE",
        "use_type3": "NONE",
        "resi_type": null,
        "comparison_status": "matched",
        "validation_radiation_kwh_year": 379901.491234375,
        "ucea_radiation_kwh_year": 319707.2499999998,
        "workflow0_radiation_kwh_year": 333549.05000000034,
        "validation_area_m2": 223.2092633703301,
        "ucea_roofs_top_m2": 217.21,
        "err_ucea_minus_validation_kwh_year": -60194.241234375164,
        "err_ucea_abs_kwh_year": 60194.241234375164,
        "err_ucea_pct_of_validation": -0.15844697276336606,
        "err_ucea_area_minus_validation_m2": -5.999263370330084,
        "err_ucea_area_pct_of_validation": -0.02687730464114569,
        "err_workflow0_minus_validation_kwh_year": -46352.44123437465,
        "err_workflow0_abs_kwh_year": 46352.44123437465,
        "err_workflow0_pct_of_validation": -0.12201173805284737
      },
      "geometry": {
        "type": "Polygon",
        "coordinates": [
          [
            [
              -9.1344491,
              38.72810719999999
            ],
            [
              -9.134452399999999,
              38.72807439999999
            ],
            [
              -9.1344713,
              38.72807559999999
            ],
            [
              -9.134606499999999,
              38.72808379999999
            ],
            [
              -9.1345927,
              38.728221299999994
            ],
            [
              -9.134421299999998,
              38.72821089999999
            ],
            [
              -9.1344318,
              38.7281062
            ],
            [
              -9.1344491,
              38.72810719999999
            ]
          ]
        ]
      }
    },
    {
      "type": "Feature",
      "properties": {
        "area_id": "Alameda_Arro",
        "osm_uid": "cea/380",
        "osmid": "380",
        "element_type": "cea_zone",
        "building": "yes",
        "cea_name": "B1380",
        "intersection_area_m2": 171.8238820562788,
        "is_residential": true,
        "residential_source": "cea",
        "radiation_sum_kwh_year": 265807.178421875,
        "radiation_sum": 265807.178421875,
        "radiation_point_count": 283.0,
        "use_type1": "MULTI_RES",
        "use_type2": "NONE",
        "use_type3": "NONE",
        "resi_type": null,
        "comparison_status": "matched",
        "validation_radiation_kwh_year": 265807.178421875,
        "ucea_radiation_kwh_year": 286747.10000000027,
        "workflow0_radiation_kwh_year": 238924.52000000046,
        "validation_area_m2": 171.8238820562788,
        "ucea_roofs_top_m2": 211.85,
        "err_ucea_minus_validation_kwh_year": 20939.92157812527,
        "err_ucea_abs_kwh_year": 20939.92157812527,
        "err_ucea_pct_of_validation": 0.07877861577120593,
        "err_ucea_area_minus_validation_m2": 40.026117943721204,
        "err_ucea_area_pct_of_validation": 0.23294851370318326,
        "err_workflow0_minus_validation_kwh_year": -26882.65842187454,
        "err_workflow0_abs_kwh_year": 26882.65842187454,
        "err_workflow0_pct_of_validation": -0.10113593839519194
      },
      "geometry": {
        "type": "Polygon",
        "coordinates": [
          [
            [
              -9.1342139,
              38.7281982
            ],
            [
              -9.1341982,
              38.72819369999999
            ],
            [
              -9.134184499999998,
              38.72818620000001
            ],
            [
              -9.1341739,
              38.72817609999999
            ],
            [
              -9.1341669,
              38.728164199999995
            ],
            [
              -9.1341484,
              38.72808919999999
            ],
            [
              -9.1341295,
              38.728012799999995
            ],
            [
              -9.1342228,
              38.727998799999995
            ],
            [
              -9.1342351,
              38.728094399999996
            ],
            [
              -9.134260299999998,
              38.728109499999995
            ],
            [
              -9.1342559,
              38.728153799999994
            ],
            [
              -9.134268899999999,
              38.728175
            ],
            [
              -9.1342662,
              38.72820139999999
            ],
            [
              -9.1342401,
              38.7281998
            ],
            [
              -9.1342139,
              38.7281982
            ]
          ]
        ]
      }
    },
    {
      "type": "Feature",
      "properties": {
        "area_id": "Alameda_Arro",
        "osm_uid": "cea/383",
        "osmid": "383",
        "element_type": "cea_zone",
        "building": "yes",
        "cea_name": "B1383",
        "intersection_area_m2": 247.9227078323285,
        "is_residential": true,
        "residential_source": "cea",
        "radiation_sum_kwh_year": 424220.06596875,
        "radiation_sum": 424220.06596875,
        "radiation_point_count": 406.0,
        "use_type1": "MULTI_RES",
        "use_type2": "NONE",
        "use_type3": "NONE",
        "resi_type": null,
        "comparison_status": "matched",
        "validation_radiation_kwh_year": 424220.06596875,
        "ucea_radiation_kwh_year": 389591.2399999999,
        "workflow0_radiation_kwh_year": 394670.93999999895,
        "validation_area_m2": 247.9227078323285,
        "ucea_roofs_top_m2": 258.5,
        "err_ucea_minus_validation_kwh_year": -34628.82596875011,
        "err_ucea_abs_kwh_year": 34628.82596875011,
        "err_ucea_pct_of_validation": -0.08162939178671721,
        "err_ucea_area_minus_validation_m2": 10.577292167671487,
        "err_ucea_area_pct_of_validation": 0.042663668286589414,
        "err_workflow0_minus_validation_kwh_year": -29549.125968751032,
        "err_workflow0_abs_kwh_year": 29549.125968751032,
        "err_workflow0_pct_of_validation": -0.06965518215474456
      },
      "geometry": {
        "type": "Polygon",
        "coordinates": [
          [
            [
              -9.135069399999999,
              38.7273905
            ],
            [
              -9.1350689,
              38.72739559999999
            ],
            [
              -9.1351254,
              38.727399
            ],
            [
              -9.135125,
              38.72740269999999
            ],
            [
              -9.1351409,
              38.727403599999995
            ],
            [
              -9.1351271,
              38.727542
            ],
            [
              -9.1349505,
              38.727531199999994
            ],
            [
              -9.134965199999998,
              38.7273841
            ],
            [
              -9.135069399999999,
              38.7273905
            ]
          ]
        ]
      }
    },
    {
      "type": "Feature",
      "properties": {
        "area_id": "Alameda_Arro",
        "osm_uid": "cea/384",
        "osmid": "384",
        "element_type": "cea_zone",
        "building": "yes",
        "cea_name": "B1384",
        "intersection_area_m2": 383.5886902219737,
        "is_residential": true,
        "residential_source": "cea",
        "radiation_sum_kwh_year": 860987.47571875,
        "radiation_sum": 860987.47571875,
        "radiation_point_count": 634.0,
        "use_type1": "MULTI_RES",
        "use_type2": "NONE",
        "use_type3": "NONE",
        "resi_type": null,
        "comparison_status": "matched",
        "validation_radiation_kwh_year": 860987.47571875,
        "ucea_radiation_kwh_year": 633026.0199999984,
        "workflow0_radiation_kwh_year": 598765.4600000009,
        "validation_area_m2": 383.5886902219737,
        "ucea_roofs_top_m2": 397.67,
        "err_ucea_minus_validation_kwh_year": -227961.45571875165,
        "err_ucea_abs_kwh_year": 227961.45571875165,
        "err_ucea_pct_of_validation": -0.26476744685333553,
        "err_ucea_area_minus_validation_m2": 14.08130977802631,
        "err_ucea_area_pct_of_validation": 0.036709397688127324,
        "err_workflow0_minus_validation_kwh_year": -262222.01571874914,
        "err_workflow0_abs_kwh_year": 262222.01571874914,
        "err_workflow0_pct_of_validation": -0.3045596168513914
      },
      "geometry": {
        "type": "Polygon",
        "coordinates": [
          [
            [
              -9.138499399999999,
              38.731442300000005
            ],
            [
              -9.1385175,
              38.7313104
            ],
            [
              -9.1385428,
              38.731312499999994
            ],
            [
              -9.1385474,
              38.7312789
            ],
            [
              -9.1385221,
              38.73127679999998
            ],
            [
              -9.1385287,
              38.7312286
            ],
            [
              -9.1385349,
              38.731183200000004
            ],
            [
              -9.1386899,
              38.73119609999998
            ],
            [
              -9.1386543,
              38.73145549999999
            ],
            [
              -9.138499399999999,
              38.731442300000005
            ]
          ]
        ]
      }
    },
    {
      "type": "Feature",
      "properties": {
        "area_id": "Alameda_Arro",
        "osm_uid": "cea/386",
        "osmid": "386",
        "element_type": "cea_zone",
        "building": "yes",
        "cea_name": "B1386",
        "intersection_area_m2": 85.51948730586177,
        "is_residential": true,
        "residential_source": "cea",
        "radiation_sum_kwh_year": 153390.8819375,
        "radiation_sum": 153390.8819375,
        "radiation_point_count": 140.0,
        "use_type1": "MULTI_RES",
        "use_type2": "NONE",
        "use_type3": "NONE",
        "resi_type": null,
        "comparison_status": "matched",
        "validation_radiation_kwh_year": 153390.8819375,
        "ucea_radiation_kwh_year": 120014.46000000004,
        "workflow0_radiation_kwh_year": 138046.3699999999,
        "validation_area_m2": 85.51948730586177,
        "ucea_roofs_top_m2": 86.86,
        "err_ucea_minus_validation_kwh_year": -33376.42193749997,
        "err_ucea_abs_kwh_year": 33376.42193749997,
        "err_ucea_pct_of_validation": -0.21759065151668783,
        "err_ucea_area_minus_validation_m2": 1.3405126941382264,
        "err_ucea_area_pct_of_validation": 0.015674938383854687,
        "err_workflow0_minus_validation_kwh_year": -15344.511937500094,
        "err_workflow0_abs_kwh_year": 15344.511937500094,
        "err_workflow0_pct_of_validation": -0.10003535897102608
      },
      "geometry": {
        "type": "Polygon",
        "coordinates": [
          [
            [
              -9.1390709,
              38.731350299999995
            ],
            [
              -9.139133899999997,
              38.731355499999985
            ],
            [
              -9.139114799999998,
              38.731494699999985
            ],
            [
              -9.1390518,
              38.731489399999994
            ],
            [
              -9.1390709,
              38.731350299999995
            ]
          ]
        ]
      }
    },
    {
      "type": "Feature",
      "properties": {
        "area_id": "Alameda_Arro",
        "osm_uid": "cea/388",
        "osmid": "388",
        "element_type": "cea_zone",
        "building": "yes",
        "cea_name": "B1388",
        "intersection_area_m2": 143.25787784309063,
        "is_residential": true,
        "residential_source": "cea",
        "radiation_sum_kwh_year": 194555.2253125,
        "radiation_sum": 194555.2253125,
        "radiation_point_count": 235.0,
        "use_type1": "MULTI_RES",
        "use_type2": "NONE",
        "use_type3": "NONE",
        "resi_type": null,
        "comparison_status": "matched",
        "validation_radiation_kwh_year": 194555.2253125,
        "ucea_radiation_kwh_year": 192886.93999999968,
        "workflow0_radiation_kwh_year": 190237.05000000008,
        "validation_area_m2": 143.25787784309063,
        "ucea_roofs_top_m2": 147.34,
        "err_ucea_minus_validation_kwh_year": -1668.2853125003166,
        "err_ucea_abs_kwh_year": 1668.2853125003166,
        "err_ucea_pct_of_validation": -0.008574867674824311,
        "err_ucea_area_minus_validation_m2": 4.082122156909378,
        "err_ucea_area_pct_of_validation": 0.02849492271119986,
        "err_workflow0_minus_validation_kwh_year": -4318.175312499923,
        "err_workflow0_abs_kwh_year": 4318.175312499923,
        "err_workflow0_pct_of_validation": -0.02219511352400816
      },
      "geometry": {
        "type": "Polygon",
        "coordinates": [
          [
            [
              -9.1381764,
              38.730895999999994
            ],
            [
              -9.1380006,
              38.730902599999986
            ],
            [
              -9.1379986,
              38.7308167
            ],
            [
              -9.138173599999998,
              38.73081359999999
            ],
            [
              -9.138177,
              38.7308555
            ],
            [
              -9.1381764,
              38.730895999999994
            ]
          ]
        ]
      }
    },
    {
      "type": "Feature",
      "properties": {
        "area_id": "Alameda_Arro",
        "osm_uid": "cea/392",
        "osmid": "392",
        "element_type": "cea_zone",
        "building": "yes",
        "cea_name": "B1392",
        "intersection_area_m2": 152.01119770351406,
        "is_residential": true,
        "residential_source": "cea",
        "radiation_sum_kwh_year": 109183.2813125,
        "radiation_sum": 109183.2813125,
        "radiation_point_count": 222.0,
        "use_type1": "MULTI_RES",
        "use_type2": "NONE",
        "use_type3": "NONE",
        "resi_type": null,
        "comparison_status": "matched",
        "validation_radiation_kwh_year": 109183.2813125,
        "ucea_radiation_kwh_year": 244603.12000000008,
        "workflow0_radiation_kwh_year": 245810.00000000015,
        "validation_area_m2": 152.01119770351406,
        "ucea_roofs_top_m2": 152.12,
        "err_ucea_minus_validation_kwh_year": 135419.8386875001,
        "err_ucea_abs_kwh_year": 135419.8386875001,
        "err_ucea_pct_of_validation": 1.2402983044620806,
        "err_ucea_area_minus_validation_m2": 0.10880229648594764,
        "err_ucea_area_pct_of_validation": 0.000715751853348054,
        "err_workflow0_minus_validation_kwh_year": 136626.71868750016,
        "err_workflow0_abs_kwh_year": 136626.71868750016,
        "err_workflow0_pct_of_validation": 1.2513520114535912
      },
      "geometry": {
        "type": "Polygon",
        "coordinates": [
          [
            [
              -9.134572,
              38.73164649999998
            ],
            [
              -9.1345904,
              38.7316476
            ],
            [
              -9.134774699999998,
              38.7316583
            ],
            [
              -9.1347683,
              38.7317248
            ],
            [
              -9.1347288,
              38.73172239999998
            ],
            [
              -9.1346753,
              38.7317193
            ],
            [
              -9.134584,
              38.731714
            ],
            [
              -9.134565699999998,
              38.7317129
            ],
            [
              -9.1345322,
              38.731710899999996
            ],
            [
              -9.1345388,
              38.731644499999994
            ],
            [
              -9.134572,
              38.73164649999998
            ]
          ]
        ]
      }
    },
    {
      "type": "Feature",
      "properties": {
        "area_id": "Alameda_Arro",
        "osm_uid": "cea/393",
        "osmid": "393",
        "element_type": "cea_zone",
        "building": "yes",
        "cea_name": "B1393",
        "intersection_area_m2": 289.44902582919457,
        "is_residential": true,
        "residential_source": "cea",
        "radiation_sum_kwh_year": 634713.01115625,
        "radiation_sum": 634713.01115625,
        "radiation_point_count": 479.0,
        "use_type1": "MULTI_RES",
        "use_type2": "NONE",
        "use_type3": "NONE",
        "resi_type": null,
        "comparison_status": "matched",
        "validation_radiation_kwh_year": 634713.01115625,
        "ucea_radiation_kwh_year": 470875.99999999924,
        "workflow0_radiation_kwh_year": 467308.74999999895,
        "validation_area_m2": 289.44902582919457,
        "ucea_roofs_top_m2": 295.51,
        "err_ucea_minus_validation_kwh_year": -163837.01115625078,
        "err_ucea_abs_kwh_year": 163837.01115625078,
        "err_ucea_pct_of_validation": -0.25812770224733633,
        "err_ucea_area_minus_validation_m2": 6.060974170805423,
        "err_ucea_area_pct_of_validation": 0.020939694488320844,
        "err_workflow0_minus_validation_kwh_year": -167404.26115625107,
        "err_workflow0_abs_kwh_year": 167404.26115625107,
        "err_workflow0_pct_of_validation": -0.2637479588630025
      },
      "geometry": {
        "type": "Polygon",
        "coordinates": [
          [
            [
              -9.1345515,
              38.7315179
            ],
            [
              -9.134602600000001,
              38.73152090000001
            ],
            [
              -9.1346929,
              38.7315262
            ],
            [
              -9.1347317,
              38.731528399999995
            ],
            [
              -9.1347868,
              38.7315317
            ],
            [
              -9.134774699999998,
              38.7316583
            ],
            [
              -9.1345904,
              38.7316476
            ],
            [
              -9.134572,
              38.73164649999998
            ],
            [
              -9.1345388,
              38.731644499999994
            ],
            [
              -9.1345515,
              38.7315179
            ]
          ]
        ]
      }
    },
    {
      "type": "Feature",
      "properties": {
        "area_id": "Alameda_Arro",
        "osm_uid": "cea/396",
        "osmid": "396",
        "element_type": "cea_zone",
        "building": "yes",
        "cea_name": "B1396",
        "intersection_area_m2": 230.0171463594612,
        "is_residential": true,
        "residential_source": "cea",
        "radiation_sum_kwh_year": 517242.166453125,
        "radiation_sum": 517242.166453125,
        "radiation_point_count": 379.0,
        "use_type1": "MULTI_RES",
        "use_type2": "NONE",
        "use_type3": "NONE",
        "resi_type": null,
        "comparison_status": "matched",
        "validation_radiation_kwh_year": 517242.166453125,
        "ucea_radiation_kwh_year": 201876.56999999992,
        "workflow0_radiation_kwh_year": 319962.6300000015,
        "validation_area_m2": 230.0171463594612,
        "ucea_roofs_top_m2": 177.58,
        "err_ucea_minus_validation_kwh_year": -315365.5964531251,
        "err_ucea_abs_kwh_year": 315365.5964531251,
        "err_ucea_pct_of_validation": -0.6097058919532329,
        "err_ucea_area_minus_validation_m2": -52.437146359461195,
        "err_ucea_area_pct_of_validation": -0.22797059779845547,
        "err_workflow0_minus_validation_kwh_year": -197279.5364531235,
        "err_workflow0_abs_kwh_year": 197279.5364531235,
        "err_workflow0_pct_of_validation": -0.3814065233813491
      },
      "geometry": {
        "type": "Polygon",
        "coordinates": [
          [
            [
              -9.1351876,
              38.7315495
            ],
            [
              -9.1351765,
              38.7316606
            ],
            [
              -9.1351158,
              38.731657
            ],
            [
              -9.135116999999997,
              38.73164499999999
            ],
            [
              -9.1350882,
              38.73164329999999
            ],
            [
              -9.135086999999999,
              38.7316552
            ],
            [
              -9.1350719,
              38.73165429999999
            ],
            [
              -9.13496,
              38.73164770000001
            ],
            [
              -9.1349708,
              38.731536699999985
            ],
            [
              -9.1351876,
              38.7315495
            ]
          ]
        ]
      }
    },
    {
      "type": "Feature",
      "properties": {
        "area_id": "Alameda_Arro",
        "osm_uid": "cea/397",
        "osmid": "397",
        "element_type": "cea_zone",
        "building": "yes",
        "cea_name": "B1397",
        "intersection_area_m2": 147.26915965950357,
        "is_residential": true,
        "residential_source": "cea",
        "radiation_sum_kwh_year": 359218.0075625,
        "radiation_sum": 359218.0075625,
        "radiation_point_count": 242.0,
        "use_type1": "MULTI_RES",
        "use_type2": "NONE",
        "use_type3": "NONE",
        "resi_type": null,
        "comparison_status": "matched",
        "validation_radiation_kwh_year": 359218.0075625,
        "ucea_radiation_kwh_year": 189483.2799999998,
        "workflow0_radiation_kwh_year": 235675.69000000018,
        "validation_area_m2": 147.26915965950357,
        "ucea_roofs_top_m2": 149.8,
        "err_ucea_minus_validation_kwh_year": -169734.72756250022,
        "err_ucea_abs_kwh_year": 169734.72756250022,
        "err_ucea_pct_of_validation": -0.4725117449268415,
        "err_ucea_area_minus_validation_m2": 2.5308403404964395,
        "err_ucea_area_pct_of_validation": 0.017185134663278562,
        "err_workflow0_minus_validation_kwh_year": -123542.31756249984,
        "err_workflow0_abs_kwh_year": 123542.31756249984,
        "err_workflow0_pct_of_validation": -0.3439201681474858
      },
      "geometry": {
        "type": "Polygon",
        "coordinates": [
          [
            [
              -9.135376799999998,
              38.7315939
            ],
            [
              -9.1353844,
              38.7315195
            ],
            [
              -9.1355883,
              38.731532099999995
            ],
            [
              -9.135580799999998,
              38.73160649999999
            ],
            [
              -9.135376799999998,
              38.7315939
            ]
          ]
        ]
      }
    },
    {
      "type": "Feature",
      "properties": {
        "area_id": "Alameda_Arro",
        "osm_uid": "cea/401",
        "osmid": "401",
        "element_type": "cea_zone",
        "building": "yes",
        "cea_name": "B1401",
        "intersection_area_m2": 58.49895579410199,
        "is_residential": true,
        "residential_source": "cea",
        "radiation_sum_kwh_year": 79828.43925,
        "radiation_sum": 79828.43925,
        "radiation_point_count": 96.0,
        "use_type1": "MULTI_RES",
        "use_type2": "NONE",
        "use_type3": "NONE",
        "resi_type": null,
        "comparison_status": "matched",
        "validation_radiation_kwh_year": 79828.43925,
        "ucea_radiation_kwh_year": 133749.04999999964,
        "workflow0_radiation_kwh_year": 89294.01000000018,
        "validation_area_m2": 58.49895579410199,
        "ucea_roofs_top_m2": 90.56,
        "err_ucea_minus_validation_kwh_year": 53920.61074999964,
        "err_ucea_abs_kwh_year": 53920.61074999964,
        "err_ucea_pct_of_validation": 0.6754561564348717,
        "err_ucea_area_minus_validation_m2": 32.061044205898014,
        "err_ucea_area_pct_of_validation": 0.5480618204321946,
        "err_workflow0_minus_validation_kwh_year": 9465.570750000188,
        "err_workflow0_abs_kwh_year": 9465.570750000188,
        "err_workflow0_pct_of_validation": 0.11857391725218014
      },
      "geometry": {
        "type": "Polygon",
        "coordinates": [
          [
            [
              -9.136312,
              38.73125619999998
            ],
            [
              -9.1362245,
              38.731248699999995
            ],
            [
              -9.136245,
              38.731148799999985
            ],
            [
              -9.136275,
              38.73114859999998
            ],
            [
              -9.136312,
              38.73125619999998
            ]
          ]
        ]
      }
    },
    {
      "type": "Feature",
      "properties": {
        "area_id": "Alameda_Arro",
        "osm_uid": "cea/402",
        "osmid": "402",
        "element_type": "cea_zone",
        "building": "yes",
        "cea_name": "B1402",
        "intersection_area_m2": 248.73806019621236,
        "is_residential": true,
        "residential_source": "cea",
        "radiation_sum_kwh_year": 469398.3550859375,
        "radiation_sum": 469398.3550859375,
        "radiation_point_count": 410.0,
        "use_type1": "MULTI_RES",
        "use_type2": "NONE",
        "use_type3": "NONE",
        "resi_type": null,
        "comparison_status": "matched",
        "validation_radiation_kwh_year": 469398.3550859375,
        "ucea_radiation_kwh_year": 377084.13000000047,
        "workflow0_radiation_kwh_year": 397712.53999999946,
        "validation_area_m2": 248.73806019621236,
        "ucea_roofs_top_m2": 264.81,
        "err_ucea_minus_validation_kwh_year": -92314.22508593701,
        "err_ucea_abs_kwh_year": 92314.22508593701,
        "err_ucea_pct_of_validation": -0.19666499485077257,
        "err_ucea_area_minus_validation_m2": 16.071939803787643,
        "err_ucea_area_pct_of_validation": 0.06461391469849687,
        "err_workflow0_minus_validation_kwh_year": -71685.81508593803,
        "err_workflow0_abs_kwh_year": 71685.81508593803,
        "err_workflow0_pct_of_validation": -0.15271850510173557
      },
      "geometry": {
        "type": "Polygon",
        "coordinates": [
          [
            [
              -9.136016699999999,
              38.731230999999994
            ],
            [
              -9.1358527,
              38.731216999999994
            ],
            [
              -9.1358611,
              38.731138399999985
            ],
            [
              -9.135886699999999,
              38.73113999999999
            ],
            [
              -9.135889,
              38.731118099999996
            ],
            [
              -9.1358634,
              38.731116499999985
            ],
            [
              -9.1358695,
              38.73105749999999
            ],
            [
              -9.1360325,
              38.731067800000005
            ],
            [
              -9.1360306,
              38.7310858
            ],
            [
              -9.136025799999999,
              38.7311327
            ],
            [
              -9.1360138,
              38.731132
            ],
            [
              -9.136011899999998,
              38.731150799999995
            ],
            [
              -9.1360253,
              38.731151700000005
            ],
            [
              -9.136016699999999,
              38.731230999999994
            ]
          ]
        ]
      }
    },
    {
      "type": "Feature",
      "properties": {
        "area_id": "Alameda_Arro",
        "osm_uid": "cea/403",
        "osmid": "403",
        "element_type": "cea_zone",
        "building": "yes",
        "cea_name": "B1403",
        "intersection_area_m2": 157.67645944405464,
        "is_residential": true,
        "residential_source": "cea",
        "radiation_sum_kwh_year": 172769.1696875,
        "radiation_sum": 172769.1696875,
        "radiation_point_count": 222.0,
        "use_type1": "MULTI_RES",
        "use_type2": "NONE",
        "use_type3": "NONE",
        "resi_type": null,
        "comparison_status": "matched",
        "validation_radiation_kwh_year": 172769.1696875,
        "ucea_radiation_kwh_year": 301560.249999999,
        "workflow0_radiation_kwh_year": 248759.2899999999,
        "validation_area_m2": 157.67645944405464,
        "ucea_roofs_top_m2": 190.22,
        "err_ucea_minus_validation_kwh_year": 128791.08031249902,
        "err_ucea_abs_kwh_year": 128791.08031249902,
        "err_ucea_pct_of_validation": 0.7454517524478048,
        "err_ucea_area_minus_validation_m2": 32.543540555945356,
        "err_ucea_area_pct_of_validation": 0.20639441468110947,
        "err_workflow0_minus_validation_kwh_year": 75990.1203124999,
        "err_workflow0_abs_kwh_year": 75990.1203124999,
        "err_workflow0_pct_of_validation": 0.4398361145680603
      },
      "geometry": {
        "type": "Polygon",
        "coordinates": [
          [
            [
              -9.1393407,
              38.730520999999996
            ],
            [
              -9.1393375,
              38.730503899999995
            ],
            [
              -9.139307399999998,
              38.7305051
            ],
            [
              -9.1392898,
              38.7304135
            ],
            [
              -9.1394291,
              38.73039829999999
            ],
            [
              -9.1394511,
              38.730534000000006
            ],
            [
              -9.1393407,
              38.730520999999996
            ]
          ]
        ]
      }
    },
    {
      "type": "Feature",
      "properties": {
        "area_id": "Alameda_Arro",
        "osm_uid": "cea/404",
        "osmid": "404",
        "element_type": "cea_zone",
        "building": "yes",
        "cea_name": "B1404",
        "intersection_area_m2": 246.23774437305468,
        "is_residential": true,
        "residential_source": "cea",
        "radiation_sum_kwh_year": 532735.0989375,
        "radiation_sum": 532735.0989375,
        "radiation_point_count": 405.0,
        "use_type1": "MULTI_RES",
        "use_type2": "NONE",
        "use_type3": "NONE",
        "resi_type": null,
        "comparison_status": "matched",
        "validation_radiation_kwh_year": 532735.0989375,
        "ucea_radiation_kwh_year": 349508.5200000012,
        "workflow0_radiation_kwh_year": 362478.11999999994,
        "validation_area_m2": 246.23774437305468,
        "ucea_roofs_top_m2": 246.81,
        "err_ucea_minus_validation_kwh_year": -183226.57893749885,
        "err_ucea_abs_kwh_year": 183226.57893749885,
        "err_ucea_pct_of_validation": -0.34393562448378273,
        "err_ucea_area_minus_validation_m2": 0.5722556269453207,
        "err_ucea_area_pct_of_validation": 0.002323996381636533,
        "err_workflow0_minus_validation_kwh_year": -170256.9789375001,
        "err_workflow0_abs_kwh_year": 170256.9789375001,
        "err_workflow0_pct_of_validation": -0.31959031660775644
      },
      "geometry": {
        "type": "Polygon",
        "coordinates": [
          [
            [
              -9.1381671,
              38.73070909999999
            ],
            [
              -9.1381705,
              38.7306942
            ],
            [
              -9.1381864,
              38.7305898
            ],
            [
              -9.1384011,
              38.730621199999995
            ],
            [
              -9.138374899999999,
              38.73073770000001
            ],
            [
              -9.1381671,
              38.73070909999999
            ]
          ]
        ]
      }
    },
    {
      "type": "Feature",
      "properties": {
        "area_id": "Alameda_Arro",
        "osm_uid": "cea/405",
        "osmid": "405",
        "element_type": "cea_zone",
        "building": "yes",
        "cea_name": "B1405",
        "intersection_area_m2": 285.96108831666413,
        "is_residential": true,
        "residential_source": "cea",
        "radiation_sum_kwh_year": 330599.238515625,
        "radiation_sum": 330599.238515625,
        "radiation_point_count": 434.0,
        "use_type1": "MULTI_RES",
        "use_type2": "NONE",
        "use_type3": "NONE",
        "resi_type": null,
        "comparison_status": "matched",
        "validation_radiation_kwh_year": 330599.238515625,
        "ucea_radiation_kwh_year": 515016.35000000114,
        "workflow0_radiation_kwh_year": 461837.16000000096,
        "validation_area_m2": 285.96108831666413,
        "ucea_roofs_top_m2": 337.38,
        "err_ucea_minus_validation_kwh_year": 184417.11148437613,
        "err_ucea_abs_kwh_year": 184417.11148437613,
        "err_ucea_pct_of_validation": 0.5578267884475484,
        "err_ucea_area_minus_validation_m2": 51.418911683335864,
        "err_ucea_area_pct_of_validation": 0.17981086862558102,
        "err_workflow0_minus_validation_kwh_year": 131237.92148437595,
        "err_workflow0_abs_kwh_year": 131237.92148437595,
        "err_workflow0_pct_of_validation": 0.39696982386779844
      },
      "geometry": {
        "type": "Polygon",
        "coordinates": [
          [
            [
              -9.1393407,
              38.730520999999996
            ],
            [
              -9.1394511,
              38.730534000000006
            ],
            [
              -9.1394665,
              38.7306291
            ],
            [
              -9.1394582,
              38.73066359999999
            ],
            [
              -9.139323199999998,
              38.7306439
            ],
            [
              -9.1391919,
              38.7306247
            ],
            [
              -9.1392064,
              38.73055929999999
            ],
            [
              -9.1392273,
              38.73056209999999
            ],
            [
              -9.1392314,
              38.73054329999998
            ],
            [
              -9.1392106,
              38.73054049999999
            ],
            [
              -9.1392151,
              38.730520199999994
            ],
            [
              -9.1393382,
              38.730536799999996
            ],
            [
              -9.1393407,
              38.730520999999996
            ]
          ]
        ]
      }
    },
    {
      "type": "Feature",
      "properties": {
        "area_id": "Alameda_Arro",
        "osm_uid": "cea/406",
        "osmid": "406",
        "element_type": "cea_zone",
        "building": "yes",
        "cea_name": "B1406",
        "intersection_area_m2": 136.95597266906242,
        "is_residential": true,
        "residential_source": "cea",
        "radiation_sum_kwh_year": 256541.8285,
        "radiation_sum": 256541.8285,
        "radiation_point_count": 226.0,
        "use_type1": "MULTI_RES",
        "use_type2": "NONE",
        "use_type3": "NONE",
        "resi_type": null,
        "comparison_status": "matched",
        "validation_radiation_kwh_year": 256541.8285,
        "ucea_radiation_kwh_year": 220575.04000000024,
        "workflow0_radiation_kwh_year": 200503.0800000004,
        "validation_area_m2": 136.95597266906242,
        "ucea_roofs_top_m2": 149.09,
        "err_ucea_minus_validation_kwh_year": -35966.78849999976,
        "err_ucea_abs_kwh_year": 35966.78849999976,
        "err_ucea_pct_of_validation": -0.14019853491455006,
        "err_ucea_area_minus_validation_m2": 12.134027330937585,
        "err_ucea_area_pct_of_validation": 0.08859801507348641,
        "err_workflow0_minus_validation_kwh_year": -56038.74849999961,
        "err_workflow0_abs_kwh_year": 56038.74849999961,
        "err_workflow0_pct_of_validation": -0.21843903127867356
      },
      "geometry": {
        "type": "Polygon",
        "coordinates": [
          [
            [
              -9.1389063,
              38.73047599999999
            ],
            [
              -9.1390035,
              38.730489
            ],
            [
              -9.1389999,
              38.7305053
            ],
            [
              -9.1390413,
              38.7305109
            ],
            [
              -9.1390216,
              38.730599799999986
            ],
            [
              -9.138883499999999,
              38.73057959999999
            ],
            [
              -9.1389063,
              38.73047599999999
            ]
          ]
        ]
      }
    },
    {
      "type": "Feature",
      "properties": {
        "area_id": "Alameda_Arro",
        "osm_uid": "cea/407",
        "osmid": "407",
        "element_type": "cea_zone",
        "building": "yes",
        "cea_name": "B1407",
        "intersection_area_m2": 144.35921849628525,
        "is_residential": true,
        "residential_source": "cea",
        "radiation_sum_kwh_year": 250088.2046171875,
        "radiation_sum": 250088.2046171875,
        "radiation_point_count": 238.0,
        "use_type1": "MULTI_RES",
        "use_type2": "NONE",
        "use_type3": "NONE",
        "resi_type": null,
        "comparison_status": "matched",
        "validation_radiation_kwh_year": 250088.2046171875,
        "ucea_radiation_kwh_year": 234199.06999999966,
        "workflow0_radiation_kwh_year": 220139.31999999992,
        "validation_area_m2": 144.35921849628525,
        "ucea_roofs_top_m2": 159.54,
        "err_ucea_minus_validation_kwh_year": -15889.13461718784,
        "err_ucea_abs_kwh_year": 15889.13461718784,
        "err_ucea_pct_of_validation": -0.06353412245695272,
        "err_ucea_area_minus_validation_m2": 15.18078150371474,
        "err_ucea_area_pct_of_validation": 0.10515976507662642,
        "err_workflow0_minus_validation_kwh_year": -29948.884617187578,
        "err_workflow0_abs_kwh_year": 29948.884617187578,
        "err_workflow0_pct_of_validation": -0.1197532872972983
      },
      "geometry": {
        "type": "Polygon",
        "coordinates": [
          [
            [
              -9.138839599999999,
              38.7304803
            ],
            [
              -9.1388425,
              38.73046740000001
            ],
            [
              -9.1389063,
              38.73047599999999
            ],
            [
              -9.138883499999999,
              38.73057959999999
            ],
            [
              -9.138731299999998,
              38.730557399999995
            ],
            [
              -9.1387508,
              38.7304684
            ],
            [
              -9.138839599999999,
              38.7304803
            ]
          ]
        ]
      }
    },
    {
      "type": "Feature",
      "properties": {
        "area_id": "Alameda_Arro",
        "osm_uid": "cea/408",
        "osmid": "408",
        "element_type": "cea_zone",
        "building": "yes",
        "cea_name": "B1408",
        "intersection_area_m2": 124.38564940354141,
        "is_residential": true,
        "residential_source": "cea",
        "radiation_sum_kwh_year": 207520.1252734375,
        "radiation_sum": 207520.1252734375,
        "radiation_point_count": 204.0,
        "use_type1": "MULTI_RES",
        "use_type2": "NONE",
        "use_type3": "NONE",
        "resi_type": null,
        "comparison_status": "matched",
        "validation_radiation_kwh_year": 207520.1252734375,
        "ucea_radiation_kwh_year": 200926.91999999984,
        "workflow0_radiation_kwh_year": 199489.39000000025,
        "validation_area_m2": 124.38564940354141,
        "ucea_roofs_top_m2": 128.49,
        "err_ucea_minus_validation_kwh_year": -6593.205273437663,
        "err_ucea_abs_kwh_year": 6593.205273437663,
        "err_ucea_pct_of_validation": -0.03177140176043249,
        "err_ucea_area_minus_validation_m2": 4.104350596458602,
        "err_ucea_area_pct_of_validation": 0.032996978478947794,
        "err_workflow0_minus_validation_kwh_year": -8030.735273437254,
        "err_workflow0_abs_kwh_year": 8030.735273437254,
        "err_workflow0_pct_of_validation": -0.038698585319643625
      },
      "geometry": {
        "type": "Polygon",
        "coordinates": [
          [
            [
              -9.138608799999998,
              38.73044929999999
            ],
            [
              -9.1387508,
              38.7304684
            ],
            [
              -9.138731299999998,
              38.730557399999995
            ],
            [
              -9.1385896,
              38.7305367
            ],
            [
              -9.138608799999998,
              38.73044929999999
            ]
          ]
        ]
      }
    },
    {
      "type": "Feature",
      "properties": {
        "area_id": "Alameda_Arro",
        "osm_uid": "cea/409",
        "osmid": "409",
        "element_type": "cea_zone",
        "building": "yes",
        "cea_name": "B1409",
        "intersection_area_m2": 118.08467242421823,
        "is_residential": true,
        "residential_source": "cea",
        "radiation_sum_kwh_year": 204684.83846875,
        "radiation_sum": 204684.83846875,
        "radiation_point_count": 194.0,
        "use_type1": "MULTI_RES",
        "use_type2": "NONE",
        "use_type3": "NONE",
        "resi_type": null,
        "comparison_status": "matched",
        "validation_radiation_kwh_year": 204684.83846875,
        "ucea_radiation_kwh_year": 189743.17000000022,
        "workflow0_radiation_kwh_year": 188447.51000000047,
        "validation_area_m2": 118.08467242421823,
        "ucea_roofs_top_m2": 122.27,
        "err_ucea_minus_validation_kwh_year": -14941.668468749791,
        "err_ucea_abs_kwh_year": 14941.668468749791,
        "err_ucea_pct_of_validation": -0.07299841346593432,
        "err_ucea_area_minus_validation_m2": 4.18532757578177,
        "err_ucea_area_pct_of_validation": 0.0354434448591771,
        "err_workflow0_minus_validation_kwh_year": -16237.328468749532,
        "err_workflow0_abs_kwh_year": 16237.328468749532,
        "err_workflow0_pct_of_validation": -0.07932843775934359
      },
      "geometry": {
        "type": "Polygon",
        "coordinates": [
          [
            [
              -9.1384715,
              38.73043089999999
            ],
            [
              -9.138608799999998,
              38.73044929999999
            ],
            [
              -9.1385896,
              38.7305367
            ],
            [
              -9.1384526,
              38.7305167
            ],
            [
              -9.1384715,
              38.73043089999999
            ]
          ]
        ]
      }
    },
    {
      "type": "Feature",
      "properties": {
        "area_id": "Alameda_Arro",
        "osm_uid": "cea/410",
        "osmid": "410",
        "element_type": "cea_zone",
        "building": "yes",
        "cea_name": "B1410",
        "intersection_area_m2": 122.26190805663205,
        "is_residential": true,
        "residential_source": "cea",
        "radiation_sum_kwh_year": 202128.66378125,
        "radiation_sum": 202128.66378125,
        "radiation_point_count": 202.0,
        "use_type1": "MULTI_RES",
        "use_type2": "NONE",
        "use_type3": "NONE",
        "resi_type": null,
        "comparison_status": "matched",
        "validation_radiation_kwh_year": 202128.66378125,
        "ucea_radiation_kwh_year": 180380.62999999986,
        "workflow0_radiation_kwh_year": 178660.93000000017,
        "validation_area_m2": 122.26190805663205,
        "ucea_roofs_top_m2": 126.7,
        "err_ucea_minus_validation_kwh_year": -21748.033781250153,
        "err_ucea_abs_kwh_year": 21748.033781250153,
        "err_ucea_pct_of_validation": -0.1075950009979117,
        "err_ucea_area_minus_validation_m2": 4.438091943367951,
        "err_ucea_area_pct_of_validation": 0.03629987470269329,
        "err_workflow0_minus_validation_kwh_year": -23467.733781249844,
        "err_workflow0_abs_kwh_year": 23467.733781249844,
        "err_workflow0_pct_of_validation": -0.1161029482025734
      },
      "geometry": {
        "type": "Polygon",
        "coordinates": [
          [
            [
              -9.1384715,
              38.73043089999999
            ],
            [
              -9.1384526,
              38.7305167
            ],
            [
              -9.1383081,
              38.7304955
            ],
            [
              -9.1383265,
              38.730411399999994
            ],
            [
              -9.1384715,
              38.73043089999999
            ]
          ]
        ]
      }
    },
    {
      "type": "Feature",
      "properties": {
        "area_id": "Alameda_Arro",
        "osm_uid": "cea/411",
        "osmid": "411",
        "element_type": "cea_zone",
        "building": "yes",
        "cea_name": "B1411",
        "intersection_area_m2": 117.98947299359695,
        "is_residential": true,
        "residential_source": "cea",
        "radiation_sum_kwh_year": 198267.67525,
        "radiation_sum": 198267.67525,
        "radiation_point_count": 195.0,
        "use_type1": "MULTI_RES",
        "use_type2": "NONE",
        "use_type3": "NONE",
        "resi_type": null,
        "comparison_status": "matched",
        "validation_radiation_kwh_year": 198267.67525,
        "ucea_radiation_kwh_year": 217634.83000000054,
        "workflow0_radiation_kwh_year": 190188.47999999928,
        "validation_area_m2": 117.98947299359695,
        "ucea_roofs_top_m2": 140.18,
        "err_ucea_minus_validation_kwh_year": 19367.15475000054,
        "err_ucea_abs_kwh_year": 19367.15475000054,
        "err_ucea_pct_of_validation": 0.09768185724465712,
        "err_ucea_area_minus_validation_m2": 22.19052700640306,
        "err_ucea_area_pct_of_validation": 0.18807209188575064,
        "err_workflow0_minus_validation_kwh_year": -8079.195250000717,
        "err_workflow0_abs_kwh_year": 8079.195250000717,
        "err_workflow0_pct_of_validation": -0.040748928133713606
      },
      "geometry": {
        "type": "Polygon",
        "coordinates": [
          [
            [
              -9.1382267,
              38.7304836
            ],
            [
              -9.1381963,
              38.73048080000001
            ],
            [
              -9.138186299999997,
              38.73048070000001
            ],
            [
              -9.1381648,
              38.730389899999984
            ],
            [
              -9.1383265,
              38.730411399999994
            ],
            [
              -9.1383081,
              38.7304955
            ],
            [
              -9.1382267,
              38.7304836
            ]
          ]
        ]
      }
    },
    {
      "type": "Feature",
      "properties": {
        "area_id": "Alameda_Arro",
        "osm_uid": "cea/412",
        "osmid": "412",
        "element_type": "cea_zone",
        "building": "yes",
        "cea_name": "B1412",
        "intersection_area_m2": 194.52713533202058,
        "is_residential": true,
        "residential_source": "cea",
        "radiation_sum_kwh_year": 429677.115375,
        "radiation_sum": 429677.115375,
        "radiation_point_count": 318.0,
        "use_type1": "MULTI_RES",
        "use_type2": "NONE",
        "use_type3": "NONE",
        "resi_type": null,
        "comparison_status": "matched",
        "validation_radiation_kwh_year": 429677.115375,
        "ucea_radiation_kwh_year": 247209.23999999964,
        "workflow0_radiation_kwh_year": 296055.50999999995,
        "validation_area_m2": 194.52713533202058,
        "ucea_roofs_top_m2": 197.37,
        "err_ucea_minus_validation_kwh_year": -182467.87537500035,
        "err_ucea_abs_kwh_year": 182467.87537500035,
        "err_ucea_pct_of_validation": -0.4246627731517696,
        "err_ucea_area_minus_validation_m2": 2.842864667979427,
        "err_ucea_area_pct_of_validation": 0.014614231907169152,
        "err_workflow0_minus_validation_kwh_year": -133621.60537500004,
        "err_workflow0_abs_kwh_year": 133621.60537500004,
        "err_workflow0_pct_of_validation": -0.3109814337176929
      },
      "geometry": {
        "type": "Polygon",
        "coordinates": [
          [
            [
              -9.1337441,
              38.7304233
            ],
            [
              -9.133755099999998,
              38.730317799999995
            ],
            [
              -9.133944699999999,
              38.730329
            ],
            [
              -9.1339346,
              38.73043449999999
            ],
            [
              -9.1337441,
              38.7304233
            ]
          ]
        ]
      }
    },
    {
      "type": "Feature",
      "properties": {
        "area_id": "Alameda_Arro",
        "osm_uid": "cea/413",
        "osmid": "413",
        "element_type": "cea_zone",
        "building": "yes",
        "cea_name": "B1413",
        "intersection_area_m2": 114.60310361058671,
        "is_residential": true,
        "residential_source": "cea",
        "radiation_sum_kwh_year": 206993.37575,
        "radiation_sum": 206993.37575,
        "radiation_point_count": 185.0,
        "use_type1": "MULTI_RES",
        "use_type2": "NONE",
        "use_type3": "NONE",
        "resi_type": null,
        "comparison_status": "matched",
        "validation_radiation_kwh_year": 206993.37575,
        "ucea_radiation_kwh_year": 177176.32000000056,
        "workflow0_radiation_kwh_year": 174597.84000000032,
        "validation_area_m2": 114.60310361058671,
        "ucea_roofs_top_m2": 118.25,
        "err_ucea_minus_validation_kwh_year": -29817.055749999447,
        "err_ucea_abs_kwh_year": 29817.055749999447,
        "err_ucea_pct_of_validation": -0.14404835730594362,
        "err_ucea_area_minus_validation_m2": 3.6468963894132855,
        "err_ucea_area_pct_of_validation": 0.03182196881687588,
        "err_workflow0_minus_validation_kwh_year": -32395.53574999969,
        "err_workflow0_abs_kwh_year": 32395.53574999969,
        "err_workflow0_pct_of_validation": -0.15650518106012234
      },
      "geometry": {
        "type": "Polygon",
        "coordinates": [
          [
            [
              -9.1340073,
              38.73093319999999
            ],
            [
              -9.1341,
              38.73093719999999
            ],
            [
              -9.1340853,
              38.731066599999984
            ],
            [
              -9.1339929,
              38.7310587
            ],
            [
              -9.1340073,
              38.73093319999999
            ]
          ]
        ]
      }
    },
    {
      "type": "Feature",
      "properties": {
        "area_id": "Alameda_Arro",
        "osm_uid": "cea/414",
        "osmid": "414",
        "element_type": "cea_zone",
        "building": "yes",
        "cea_name": "B1414",
        "intersection_area_m2": 168.14319055035057,
        "is_residential": true,
        "residential_source": "cea",
        "radiation_sum_kwh_year": 396959.529375,
        "radiation_sum": 396959.529375,
        "radiation_point_count": 281.0,
        "use_type1": "MULTI_RES",
        "use_type2": "NONE",
        "use_type3": "NONE",
        "resi_type": null,
        "comparison_status": "matched",
        "validation_radiation_kwh_year": 396959.529375,
        "ucea_radiation_kwh_year": 260331.8000000002,
        "workflow0_radiation_kwh_year": 254115.2299999996,
        "validation_area_m2": 168.14319055035057,
        "ucea_roofs_top_m2": 177.12,
        "err_ucea_minus_validation_kwh_year": -136627.7293749998,
        "err_ucea_abs_kwh_year": 136627.7293749998,
        "err_ucea_pct_of_validation": -0.3441855384857891,
        "err_ucea_area_minus_validation_m2": 8.976809449649437,
        "err_ucea_area_pct_of_validation": 0.05338788576728789,
        "err_workflow0_minus_validation_kwh_year": -142844.29937500038,
        "err_workflow0_abs_kwh_year": 142844.29937500038,
        "err_workflow0_pct_of_validation": -0.3598460014296776
      },
      "geometry": {
        "type": "Polygon",
        "coordinates": [
          [
            [
              -9.1339062,
              38.730729000000004
            ],
            [
              -9.1339042,
              38.73081789999999
            ],
            [
              -9.1337044,
              38.73080579999999
            ],
            [
              -9.1337135,
              38.73071769999999
            ],
            [
              -9.1339062,
              38.730729000000004
            ]
          ]
        ]
      }
    },
    {
      "type": "Feature",
      "properties": {
        "area_id": "Alameda_Arro",
        "osm_uid": "cea/415",
        "osmid": "415",
        "element_type": "cea_zone",
        "building": "yes",
        "cea_name": "B1415",
        "intersection_area_m2": 183.34811344104196,
        "is_residential": true,
        "residential_source": "cea",
        "radiation_sum_kwh_year": 426006.4936875,
        "radiation_sum": 426006.4936875,
        "radiation_point_count": 302.0,
        "use_type1": "MULTI_RES",
        "use_type2": "NONE",
        "use_type3": "NONE",
        "resi_type": null,
        "comparison_status": "matched",
        "validation_radiation_kwh_year": 426006.4936875,
        "ucea_radiation_kwh_year": 205269.81000000014,
        "workflow0_radiation_kwh_year": 201021.5999999999,
        "validation_area_m2": 183.34811344104196,
        "ucea_roofs_top_m2": 193.31,
        "err_ucea_minus_validation_kwh_year": -220736.68368749987,
        "err_ucea_abs_kwh_year": 220736.68368749987,
        "err_ucea_pct_of_validation": -0.5181533308959905,
        "err_ucea_area_minus_validation_m2": 9.961886558958042,
        "err_ucea_area_pct_of_validation": 0.05433318277453354,
        "err_workflow0_minus_validation_kwh_year": -224984.89368750012,
        "err_workflow0_abs_kwh_year": 224984.89368750012,
        "err_workflow0_pct_of_validation": -0.5281255028298685
      },
      "geometry": {
        "type": "Polygon",
        "coordinates": [
          [
            [
              -9.1337135,
              38.73071769999999
            ],
            [
              -9.133723799999999,
              38.730619399999995
            ],
            [
              -9.1339156,
              38.730630700000006
            ],
            [
              -9.1339062,
              38.730729000000004
            ],
            [
              -9.1337135,
              38.73071769999999
            ]
          ]
        ]
      }
    },
    {
      "type": "Feature",
      "properties": {
        "area_id": "Alameda_Arro",
        "osm_uid": "cea/416",
        "osmid": "416",
        "element_type": "cea_zone",
        "building": "yes",
        "cea_name": "B1416",
        "intersection_area_m2": 363.76654419908334,
        "is_residential": true,
        "residential_source": "cea",
        "radiation_sum_kwh_year": 790561.0784375,
        "radiation_sum": 790561.0784375,
        "radiation_point_count": 599.0,
        "use_type1": "MULTI_RES",
        "use_type2": "NONE",
        "use_type3": "NONE",
        "resi_type": null,
        "comparison_status": "matched",
        "validation_radiation_kwh_year": 790561.0784375,
        "ucea_radiation_kwh_year": 571603.4299999992,
        "workflow0_radiation_kwh_year": 562651.2500000003,
        "validation_area_m2": 363.76654419908334,
        "ucea_roofs_top_m2": 372.76,
        "err_ucea_minus_validation_kwh_year": -218957.64843750081,
        "err_ucea_abs_kwh_year": 218957.64843750081,
        "err_ucea_pct_of_validation": -0.27696487268290315,
        "err_ucea_area_minus_validation_m2": 8.99345580091665,
        "err_ucea_area_pct_of_validation": 0.02472315264922956,
        "err_workflow0_minus_validation_kwh_year": -227909.8284374997,
        "err_workflow0_abs_kwh_year": 227909.8284374997,
        "err_workflow0_pct_of_validation": -0.2882887036229393
      },
      "geometry": {
        "type": "Polygon",
        "coordinates": [
          [
            [
              -9.133723799999999,
              38.730619399999995
            ],
            [
              -9.1337441,
              38.7304233
            ],
            [
              -9.1339346,
              38.73043449999999
            ],
            [
              -9.1339156,
              38.730630700000006
            ],
            [
              -9.133723799999999,
              38.730619399999995
            ]
          ]
        ]
      }
    },
    {
      "type": "Feature",
      "properties": {
        "area_id": "Alameda_Arro",
        "osm_uid": "cea/417",
        "osmid": "417",
        "element_type": "cea_zone",
        "building": "yes",
        "cea_name": "B1417",
        "intersection_area_m2": 138.54548999547106,
        "is_residential": true,
        "residential_source": "cea",
        "radiation_sum_kwh_year": 292786.02468750003,
        "radiation_sum": 292786.02468750003,
        "radiation_point_count": 224.0,
        "use_type1": "MULTI_RES",
        "use_type2": "NONE",
        "use_type3": "NONE",
        "resi_type": null,
        "comparison_status": "matched",
        "validation_radiation_kwh_year": 292786.02468750003,
        "ucea_radiation_kwh_year": 185268.0700000003,
        "workflow0_radiation_kwh_year": 199383.2900000001,
        "validation_area_m2": 138.54548999547106,
        "ucea_roofs_top_m2": 132.85,
        "err_ucea_minus_validation_kwh_year": -107517.95468749973,
        "err_ucea_abs_kwh_year": 107517.95468749973,
        "err_ucea_pct_of_validation": -0.36722365694283776,
        "err_ucea_area_minus_validation_m2": -5.695489995471064,
        "err_ucea_area_pct_of_validation": -0.04110916923861791,
        "err_workflow0_minus_validation_kwh_year": -93402.73468749993,
        "err_workflow0_abs_kwh_year": 93402.73468749993,
        "err_workflow0_pct_of_validation": -0.3190136373045527
      },
      "geometry": {
        "type": "Polygon",
        "coordinates": [
          [
            [
              -9.1339042,
              38.73081789999999
            ],
            [
              -9.1338983,
              38.730877899999996
            ],
            [
              -9.1338331,
              38.7308738
            ],
            [
              -9.1338314,
              38.730890899999984
            ],
            [
              -9.133696399999998,
              38.7308827
            ],
            [
              -9.1337044,
              38.73080579999999
            ],
            [
              -9.1339042,
              38.73081789999999
            ]
          ]
        ]
      }
    },
    {
      "type": "Feature",
      "properties": {
        "area_id": "Alameda_Arro",
        "osm_uid": "cea/418",
        "osmid": "418",
        "element_type": "cea_zone",
        "building": "yes",
        "cea_name": "B1418",
        "intersection_area_m2": 168.33020963693775,
        "is_residential": true,
        "residential_source": "cea",
        "radiation_sum_kwh_year": 380548.9310625,
        "radiation_sum": 380548.9310625,
        "radiation_point_count": 277.0,
        "use_type1": "MULTI_RES",
        "use_type2": "NONE",
        "use_type3": "NONE",
        "resi_type": null,
        "comparison_status": "matched",
        "validation_radiation_kwh_year": 380548.9310625,
        "ucea_radiation_kwh_year": 245331.45999999988,
        "workflow0_radiation_kwh_year": 245028.22999999978,
        "validation_area_m2": 168.33020963693775,
        "ucea_roofs_top_m2": 175.55,
        "err_ucea_minus_validation_kwh_year": -135217.47106250012,
        "err_ucea_abs_kwh_year": 135217.47106250012,
        "err_ucea_pct_of_validation": -0.35532216759871144,
        "err_ucea_area_minus_validation_m2": 7.219790363062259,
        "err_ucea_area_pct_of_validation": 0.042890639645933024,
        "err_workflow0_minus_validation_kwh_year": -135520.70106250021,
        "err_workflow0_abs_kwh_year": 135520.70106250021,
        "err_workflow0_pct_of_validation": -0.35611899022846755
      },
      "geometry": {
        "type": "Polygon",
        "coordinates": [
          [
            [
              -9.1339536,
              38.73023729999998
            ],
            [
              -9.133944699999999,
              38.730329
            ],
            [
              -9.133755099999998,
              38.730317799999995
            ],
            [
              -9.1337646,
              38.73022619999999
            ],
            [
              -9.1339077,
              38.7302346
            ],
            [
              -9.1339536,
              38.73023729999998
            ]
          ]
        ]
      }
    },
    {
      "type": "Feature",
      "properties": {
        "area_id": "Alameda_Arro",
        "osm_uid": "cea/419",
        "osmid": "419",
        "element_type": "cea_zone",
        "building": "yes",
        "cea_name": "B1419",
        "intersection_area_m2": 146.34042801514084,
        "is_residential": true,
        "residential_source": "cea",
        "radiation_sum_kwh_year": 316238.90325000003,
        "radiation_sum": 316238.90325000003,
        "radiation_point_count": 244.0,
        "use_type1": "MULTI_RES",
        "use_type2": "NONE",
        "use_type3": "NONE",
        "resi_type": null,
        "comparison_status": "matched",
        "validation_radiation_kwh_year": 316238.90325000003,
        "ucea_radiation_kwh_year": 214676.35999999975,
        "workflow0_radiation_kwh_year": 213984.80000000083,
        "validation_area_m2": 146.34042801514084,
        "ucea_roofs_top_m2": 149.78,
        "err_ucea_minus_validation_kwh_year": -101562.54325000028,
        "err_ucea_abs_kwh_year": 101562.54325000028,
        "err_ucea_pct_of_validation": -0.321157650770471,
        "err_ucea_area_minus_validation_m2": 3.439571984859157,
        "err_ucea_area_pct_of_validation": 0.023503908192090896,
        "err_workflow0_minus_validation_kwh_year": -102254.1032499992,
        "err_workflow0_abs_kwh_year": 102254.1032499992,
        "err_workflow0_pct_of_validation": -0.32334447849119646
      },
      "geometry": {
        "type": "Polygon",
        "coordinates": [
          [
            [
              -9.133917899999998,
              38.73012889999998
            ],
            [
              -9.1339077,
              38.7302346
            ],
            [
              -9.1337646,
              38.73022619999999
            ],
            [
              -9.133775599999998,
              38.730120499999984
            ],
            [
              -9.133917899999998,
              38.73012889999998
            ]
          ]
        ]
      }
    },
    {
      "type": "Feature",
      "properties": {
        "area_id": "Alameda_Arro",
        "osm_uid": "cea/420",
        "osmid": "420",
        "element_type": "cea_zone",
        "building": "yes",
        "cea_name": "B1420",
        "intersection_area_m2": 149.10784249546649,
        "is_residential": true,
        "residential_source": "cea",
        "radiation_sum_kwh_year": 298496.08756250003,
        "radiation_sum": 298496.08756250003,
        "radiation_point_count": 245.0,
        "use_type1": "MULTI_RES",
        "use_type2": "NONE",
        "use_type3": "NONE",
        "resi_type": null,
        "comparison_status": "matched",
        "validation_radiation_kwh_year": 298496.08756250003,
        "ucea_radiation_kwh_year": 221312.71000000104,
        "workflow0_radiation_kwh_year": 220303.91000000027,
        "validation_area_m2": 149.10784249546649,
        "ucea_roofs_top_m2": 152.72,
        "err_ucea_minus_validation_kwh_year": -77183.377562499,
        "err_ucea_abs_kwh_year": 77183.377562499,
        "err_ucea_pct_of_validation": -0.25857416823373974,
        "err_ucea_area_minus_validation_m2": 3.6121575045335135,
        "err_ucea_area_pct_of_validation": 0.02422513426578041,
        "err_workflow0_minus_validation_kwh_year": -78192.17756249977,
        "err_workflow0_abs_kwh_year": 78192.17756249977,
        "err_workflow0_pct_of_validation": -0.2619537770193643
      },
      "geometry": {
        "type": "Polygon",
        "coordinates": [
          [
            [
              -9.133786899999999,
              38.7300122
            ],
            [
              -9.1339284,
              38.730020599999996
            ],
            [
              -9.133917899999998,
              38.73012889999998
            ],
            [
              -9.133775599999998,
              38.730120499999984
            ],
            [
              -9.133786899999999,
              38.7300122
            ]
          ]
        ]
      }
    },
    {
      "type": "Feature",
      "properties": {
        "area_id": "Alameda_Arro",
        "osm_uid": "cea/421",
        "osmid": "421",
        "element_type": "cea_zone",
        "building": "yes",
        "cea_name": "B1421",
        "intersection_area_m2": 123.66048856933362,
        "is_residential": true,
        "residential_source": "cea",
        "radiation_sum_kwh_year": 257964.2245625,
        "radiation_sum": 257964.2245625,
        "radiation_point_count": 203.0,
        "use_type1": "MULTI_RES",
        "use_type2": "NONE",
        "use_type3": "NONE",
        "resi_type": null,
        "comparison_status": "matched",
        "validation_radiation_kwh_year": 257964.2245625,
        "ucea_radiation_kwh_year": 181695.4900000001,
        "workflow0_radiation_kwh_year": 181232.23999999953,
        "validation_area_m2": 123.66048856933362,
        "ucea_roofs_top_m2": 126.08,
        "err_ucea_minus_validation_kwh_year": -76268.73456249989,
        "err_ucea_abs_kwh_year": 76268.73456249989,
        "err_ucea_pct_of_validation": -0.2956562472639355,
        "err_ucea_area_minus_validation_m2": 2.4195114306663754,
        "err_ucea_area_pct_of_validation": 0.019565759917807624,
        "err_workflow0_minus_validation_kwh_year": -76731.98456250047,
        "err_workflow0_abs_kwh_year": 76731.98456250047,
        "err_workflow0_pct_of_validation": -0.29745203891212335
      },
      "geometry": {
        "type": "Polygon",
        "coordinates": [
          [
            [
              -9.1339284,
              38.730020599999996
            ],
            [
              -9.133786899999999,
              38.7300122
            ],
            [
              -9.1337963,
              38.72992200000001
            ],
            [
              -9.1339371,
              38.72993019999999
            ],
            [
              -9.1339284,
              38.730020599999996
            ]
          ]
        ]
      }
    },
    {
      "type": "Feature",
      "properties": {
        "area_id": "Alameda_Arro",
        "osm_uid": "cea/422",
        "osmid": "422",
        "element_type": "cea_zone",
        "building": "yes",
        "cea_name": "B1422",
        "intersection_area_m2": 119.29739561842777,
        "is_residential": true,
        "residential_source": "cea",
        "radiation_sum_kwh_year": 254714.51662500002,
        "radiation_sum": 254714.51662500002,
        "radiation_point_count": 196.0,
        "use_type1": "MULTI_RES",
        "use_type2": "NONE",
        "use_type3": "NONE",
        "resi_type": null,
        "comparison_status": "matched",
        "validation_radiation_kwh_year": 254714.51662500002,
        "ucea_radiation_kwh_year": 184406.23,
        "workflow0_radiation_kwh_year": 184501.65999999986,
        "validation_area_m2": 119.29739561842777,
        "ucea_roofs_top_m2": 119.3,
        "err_ucea_minus_validation_kwh_year": -70308.28662500001,
        "err_ucea_abs_kwh_year": 70308.28662500001,
        "err_ucea_pct_of_validation": -0.276027795967791,
        "err_ucea_area_minus_validation_m2": 0.002604381572226089,
        "err_ucea_area_pct_of_validation": 2.183100107697399e-05,
        "err_workflow0_minus_validation_kwh_year": -70212.85662500016,
        "err_workflow0_abs_kwh_year": 70212.85662500016,
        "err_workflow0_pct_of_validation": -0.27565314123171897
      },
      "geometry": {
        "type": "Polygon",
        "coordinates": [
          [
            [
              -9.1339455,
              38.7298427
            ],
            [
              -9.1339371,
              38.72993019999999
            ],
            [
              -9.1337963,
              38.72992200000001
            ],
            [
              -9.1338054,
              38.729834399999994
            ],
            [
              -9.1339455,
              38.7298427
            ]
          ]
        ]
      }
    },
    {
      "type": "Feature",
      "properties": {
        "area_id": "Alameda_Arro",
        "osm_uid": "cea/424",
        "osmid": "424",
        "element_type": "cea_zone",
        "building": "yes",
        "cea_name": "B1424",
        "intersection_area_m2": 81.53799891107603,
        "is_residential": true,
        "residential_source": "cea",
        "radiation_sum_kwh_year": 162222.2356875,
        "radiation_sum": 162222.2356875,
        "radiation_point_count": 132.0,
        "use_type1": "MULTI_RES",
        "use_type2": "NONE",
        "use_type3": "NONE",
        "resi_type": null,
        "comparison_status": "matched",
        "validation_radiation_kwh_year": 162222.2356875,
        "ucea_radiation_kwh_year": 110116.34999999998,
        "workflow0_radiation_kwh_year": 109099.13999999988,
        "validation_area_m2": 81.53799891107603,
        "ucea_roofs_top_m2": 74.31,
        "err_ucea_minus_validation_kwh_year": -52105.885687500035,
        "err_ucea_abs_kwh_year": 52105.885687500035,
        "err_ucea_pct_of_validation": -0.321200638535615,
        "err_ucea_area_minus_validation_m2": -7.227998911076028,
        "err_ucea_area_pct_of_validation": -0.08864577261650439,
        "err_workflow0_minus_validation_kwh_year": -53123.09568750013,
        "err_workflow0_abs_kwh_year": 53123.09568750013,
        "err_workflow0_pct_of_validation": -0.32747111061787393
      },
      "geometry": {
        "type": "Polygon",
        "coordinates": [
          [
            [
              -9.1339459,
              38.72983519999999
            ],
            [
              -9.1339455,
              38.7298427
            ],
            [
              -9.1338054,
              38.729834399999994
            ],
            [
              -9.1338102,
              38.72978520000001
            ],
            [
              -9.1338302,
              38.72976249999999
            ],
            [
              -9.133853999999998,
              38.729749999999996
            ],
            [
              -9.1338666,
              38.7297434
            ],
            [
              -9.1339459,
              38.72983519999999
            ]
          ]
        ]
      }
    },
    {
      "type": "Feature",
      "properties": {
        "area_id": "Alameda_Arro",
        "osm_uid": "cea/425",
        "osmid": "425",
        "element_type": "cea_zone",
        "building": "yes",
        "cea_name": "B1425",
        "intersection_area_m2": 74.09307074319139,
        "is_residential": true,
        "residential_source": "cea",
        "radiation_sum_kwh_year": 128432.19515625,
        "radiation_sum": 128432.19515625,
        "radiation_point_count": 121.0,
        "use_type1": "MULTI_RES",
        "use_type2": "NONE",
        "use_type3": "NONE",
        "resi_type": null,
        "comparison_status": "matched",
        "validation_radiation_kwh_year": 128432.19515625,
        "ucea_radiation_kwh_year": 104848.74,
        "workflow0_radiation_kwh_year": 107925.21000000006,
        "validation_area_m2": 74.09307074319139,
        "ucea_roofs_top_m2": 75.01,
        "err_ucea_minus_validation_kwh_year": -23583.45515625,
        "err_ucea_abs_kwh_year": 23583.45515625,
        "err_ucea_pct_of_validation": -0.1836257266144091,
        "err_ucea_area_minus_validation_m2": 0.9169292568086149,
        "err_ucea_area_pct_of_validation": 0.01237537124067535,
        "err_workflow0_minus_validation_kwh_year": -20506.98515624994,
        "err_workflow0_abs_kwh_year": 20506.98515624994,
        "err_workflow0_pct_of_validation": -0.15967168614770805
      },
      "geometry": {
        "type": "Polygon",
        "coordinates": [
          [
            [
              -9.1341313,
              38.72975319999999
            ],
            [
              -9.1341413,
              38.72964269999999
            ],
            [
              -9.1341643,
              38.7296439
            ],
            [
              -9.1341874,
              38.7296452
            ],
            [
              -9.1341989,
              38.729645799999986
            ],
            [
              -9.1342104,
              38.72964640000001
            ],
            [
              -9.1342005,
              38.729756999999985
            ],
            [
              -9.1341313,
              38.72975319999999
            ]
          ]
        ]
      }
    },
    {
      "type": "Feature",
      "properties": {
        "area_id": "Alameda_Arro",
        "osm_uid": "cea/426",
        "osmid": "426",
        "element_type": "cea_zone",
        "building": "yes",
        "cea_name": "B1426",
        "intersection_area_m2": 79.68936037691662,
        "is_residential": true,
        "residential_source": "cea",
        "radiation_sum_kwh_year": 129160.5597421875,
        "radiation_sum": 129160.5597421875,
        "radiation_point_count": 131.0,
        "use_type1": "MULTI_RES",
        "use_type2": "NONE",
        "use_type3": "NONE",
        "resi_type": null,
        "comparison_status": "matched",
        "validation_radiation_kwh_year": 129160.5597421875,
        "ucea_radiation_kwh_year": 112091.19,
        "workflow0_radiation_kwh_year": 112601.29,
        "validation_area_m2": 79.68936037691662,
        "ucea_roofs_top_m2": 80.63,
        "err_ucea_minus_validation_kwh_year": -17069.369742187497,
        "err_ucea_abs_kwh_year": 17069.369742187497,
        "err_ucea_pct_of_validation": -0.13215620756257962,
        "err_ucea_area_minus_validation_m2": 0.9406396230833707,
        "err_ucea_area_pct_of_validation": 0.011803829502888606,
        "err_workflow0_minus_validation_kwh_year": -16559.269742187505,
        "err_workflow0_abs_kwh_year": 16559.269742187505,
        "err_workflow0_pct_of_validation": -0.12820685954939215
      },
      "geometry": {
        "type": "Polygon",
        "coordinates": [
          [
            [
              -9.1342696,
              38.72976069999998
            ],
            [
              -9.134268899999999,
              38.729769100000006
            ],
            [
              -9.1341997,
              38.72976529999999
            ],
            [
              -9.1342005,
              38.729756999999985
            ],
            [
              -9.1342104,
              38.72964640000001
            ],
            [
              -9.1342796,
              38.729650199999995
            ],
            [
              -9.1342696,
              38.72976069999998
            ]
          ]
        ]
      }
    },
    {
      "type": "Feature",
      "properties": {
        "area_id": "Alameda_Arro",
        "osm_uid": "cea/428",
        "osmid": "428",
        "element_type": "cea_zone",
        "building": "yes",
        "cea_name": "B1428",
        "intersection_area_m2": 204.09259333280266,
        "is_residential": true,
        "residential_source": "cea",
        "radiation_sum_kwh_year": 387935.07390625,
        "radiation_sum": 387935.07390625,
        "radiation_point_count": 338.0,
        "use_type1": "MULTI_RES",
        "use_type2": "NONE",
        "use_type3": "NONE",
        "resi_type": null,
        "comparison_status": "matched",
        "validation_radiation_kwh_year": 387935.07390625,
        "ucea_radiation_kwh_year": 341103.69999999914,
        "workflow0_radiation_kwh_year": 329110.7400000011,
        "validation_area_m2": 204.09259333280266,
        "ucea_roofs_top_m2": 207.97,
        "err_ucea_minus_validation_kwh_year": -46831.37390625087,
        "err_ucea_abs_kwh_year": 46831.37390625087,
        "err_ucea_pct_of_validation": -0.12071961793681056,
        "err_ucea_area_minus_validation_m2": 3.8774066671973344,
        "err_ucea_area_pct_of_validation": 0.01899827232277194,
        "err_workflow0_minus_validation_kwh_year": -58824.33390624891,
        "err_workflow0_abs_kwh_year": 58824.33390624891,
        "err_workflow0_pct_of_validation": -0.1516344818062639
      },
      "geometry": {
        "type": "Polygon",
        "coordinates": [
          [
            [
              -9.1344326,
              38.729821099999995
            ],
            [
              -9.134421099999999,
              38.72993559999999
            ],
            [
              -9.134397199999999,
              38.72993419999999
            ],
            [
              -9.1343751,
              38.72993300000001
            ],
            [
              -9.1342683,
              38.7299269
            ],
            [
              -9.1342813,
              38.729789499999995
            ],
            [
              -9.134388,
              38.7297956
            ],
            [
              -9.1344349,
              38.7297983
            ],
            [
              -9.1344326,
              38.729821099999995
            ]
          ]
        ]
      }
    },
    {
      "type": "Feature",
      "properties": {
        "area_id": "Alameda_Arro",
        "osm_uid": "cea/429",
        "osmid": "429",
        "element_type": "cea_zone",
        "building": "yes",
        "cea_name": "B1429",
        "intersection_area_m2": 200.4710750702871,
        "is_residential": true,
        "residential_source": "cea",
        "radiation_sum_kwh_year": 408970.7249375,
        "radiation_sum": 408970.7249375,
        "radiation_point_count": 329.0,
        "use_type1": "MULTI_RES",
        "use_type2": "NONE",
        "use_type3": "NONE",
        "resi_type": null,
        "comparison_status": "matched",
        "validation_radiation_kwh_year": 408970.7249375,
        "ucea_radiation_kwh_year": 319411.3799999999,
        "workflow0_radiation_kwh_year": 308623.7000000002,
        "validation_area_m2": 200.4710750702871,
        "ucea_roofs_top_m2": 211.9,
        "err_ucea_minus_validation_kwh_year": -89559.34493750014,
        "err_ucea_abs_kwh_year": 89559.34493750014,
        "err_ucea_pct_of_validation": -0.2189871779971215,
        "err_ucea_area_minus_validation_m2": 11.428924929712906,
        "err_ucea_area_pct_of_validation": 0.05701034388978966,
        "err_workflow0_minus_validation_kwh_year": -100347.02493749984,
        "err_workflow0_abs_kwh_year": 100347.02493749984,
        "err_workflow0_pct_of_validation": -0.2453648117547659
      },
      "geometry": {
        "type": "Polygon",
        "coordinates": [
          [
            [
              -9.1343623,
              38.7300686
            ],
            [
              -9.1342555,
              38.73006250000001
            ],
            [
              -9.1342683,
              38.7299269
            ],
            [
              -9.1343751,
              38.72993300000001
            ],
            [
              -9.134397199999999,
              38.72993419999999
            ],
            [
              -9.134421099999999,
              38.72993559999999
            ],
            [
              -9.1344076,
              38.73007119999998
            ],
            [
              -9.134384,
              38.730069799999995
            ],
            [
              -9.1343623,
              38.7300686
            ]
          ]
        ]
      }
    },
    {
      "type": "Feature",
      "properties": {
        "area_id": "Alameda_Arro",
        "osm_uid": "cea/430",
        "osmid": "430",
        "element_type": "cea_zone",
        "building": "yes",
        "cea_name": "B1430",
        "intersection_area_m2": 199.93312730629728,
        "is_residential": true,
        "residential_source": "cea",
        "radiation_sum_kwh_year": 415647.4446875,
        "radiation_sum": 415647.4446875,
        "radiation_point_count": 331.0,
        "use_type1": "MULTI_RES",
        "use_type2": "NONE",
        "use_type3": "NONE",
        "resi_type": null,
        "comparison_status": "matched",
        "validation_radiation_kwh_year": 415647.4446875,
        "ucea_radiation_kwh_year": 327961.19999999995,
        "workflow0_radiation_kwh_year": 297986.4799999994,
        "validation_area_m2": 199.93312730629728,
        "ucea_roofs_top_m2": 211.39,
        "err_ucea_minus_validation_kwh_year": -87686.24468750006,
        "err_ucea_abs_kwh_year": 87686.24468750006,
        "err_ucea_pct_of_validation": -0.2109630308287496,
        "err_ucea_area_minus_validation_m2": 11.456872693702707,
        "err_ucea_area_pct_of_validation": 0.057303523673447036,
        "err_workflow0_minus_validation_kwh_year": -117660.96468750061,
        "err_workflow0_abs_kwh_year": 117660.96468750061,
        "err_workflow0_pct_of_validation": -0.28307876348418964
      },
      "geometry": {
        "type": "Polygon",
        "coordinates": [
          [
            [
              -9.1343708,
              38.7302058
            ],
            [
              -9.1343495,
              38.7302045
            ],
            [
              -9.1342427,
              38.7301984
            ],
            [
              -9.1342555,
              38.73006250000001
            ],
            [
              -9.1343623,
              38.7300686
            ],
            [
              -9.134384,
              38.730069799999995
            ],
            [
              -9.1344076,
              38.73007119999998
            ],
            [
              -9.134394,
              38.730206999999986
            ],
            [
              -9.1343708,
              38.7302058
            ]
          ]
        ]
      }
    },
    {
      "type": "Feature",
      "properties": {
        "area_id": "Alameda_Arro",
        "osm_uid": "cea/431",
        "osmid": "431",
        "element_type": "cea_zone",
        "building": "yes",
        "cea_name": "B1431",
        "intersection_area_m2": 164.07287858995608,
        "is_residential": true,
        "residential_source": "cea",
        "radiation_sum_kwh_year": 270391.456203125,
        "radiation_sum": 270391.456203125,
        "radiation_point_count": 270.0,
        "use_type1": "MULTI_RES",
        "use_type2": "NONE",
        "use_type3": "NONE",
        "resi_type": null,
        "comparison_status": "matched",
        "validation_radiation_kwh_year": 270391.456203125,
        "ucea_radiation_kwh_year": 266005.6700000002,
        "workflow0_radiation_kwh_year": 263052.0000000001,
        "validation_area_m2": 164.07287858995608,
        "ucea_roofs_top_m2": 169.43,
        "err_ucea_minus_validation_kwh_year": -4385.786203124793,
        "err_ucea_abs_kwh_year": 4385.786203124793,
        "err_ucea_pct_of_validation": -0.016220136037989594,
        "err_ucea_area_minus_validation_m2": 5.357121410043931,
        "err_ucea_area_pct_of_validation": 0.03265086500635013,
        "err_workflow0_minus_validation_kwh_year": -7339.456203124893,
        "err_workflow0_abs_kwh_year": 7339.456203124893,
        "err_workflow0_pct_of_validation": -0.027143816991063895
      },
      "geometry": {
        "type": "Polygon",
        "coordinates": [
          [
            [
              -9.1342391,
              38.73047969999999
            ],
            [
              -9.134365899999999,
              38.73048689999999
            ],
            [
              -9.1343644,
              38.730502
            ],
            [
              -9.1343539,
              38.73060739999999
            ],
            [
              -9.134352599999998,
              38.73062069999999
            ],
            [
              -9.1342265,
              38.73061349999999
            ],
            [
              -9.1342391,
              38.73047969999999
            ]
          ]
        ]
      }
    },
    {
      "type": "Feature",
      "properties": {
        "area_id": "Alameda_Arro",
        "osm_uid": "cea/432",
        "osmid": "432",
        "element_type": "cea_zone",
        "building": "yes",
        "cea_name": "B1432",
        "intersection_area_m2": 167.68236339295603,
        "is_residential": true,
        "residential_source": "cea",
        "radiation_sum_kwh_year": 298998.282375,
        "radiation_sum": 298998.282375,
        "radiation_point_count": 276.0,
        "use_type1": "MULTI_RES",
        "use_type2": "NONE",
        "use_type3": "NONE",
        "resi_type": null,
        "comparison_status": "matched",
        "validation_radiation_kwh_year": 298998.282375,
        "ucea_radiation_kwh_year": 247013.10999999964,
        "workflow0_radiation_kwh_year": 253022.43999999863,
        "validation_area_m2": 167.68236339295603,
        "ucea_roofs_top_m2": 172.42,
        "err_ucea_minus_validation_kwh_year": -51985.17237500037,
        "err_ucea_abs_kwh_year": 51985.17237500037,
        "err_ucea_pct_of_validation": -0.1738644515348794,
        "err_ucea_area_minus_validation_m2": 4.737636607043953,
        "err_ucea_area_pct_of_validation": 0.02825363688333469,
        "err_workflow0_minus_validation_kwh_year": -45975.842375001375,
        "err_workflow0_abs_kwh_year": 45975.842375001375,
        "err_workflow0_pct_of_validation": -0.15376624243392487
      },
      "geometry": {
        "type": "Polygon",
        "coordinates": [
          [
            [
              -9.134383899999998,
              38.730307800000006
            ],
            [
              -9.1343825,
              38.730321599999996
            ],
            [
              -9.1343387,
              38.73031910000001
            ],
            [
              -9.134231999999999,
              38.730313
            ],
            [
              -9.1342427,
              38.7301984
            ],
            [
              -9.1343495,
              38.7302045
            ],
            [
              -9.1343708,
              38.7302058
            ],
            [
              -9.134394,
              38.730206999999986
            ],
            [
              -9.134383899999998,
              38.730307800000006
            ]
          ]
        ]
      }
    },
    {
      "type": "Feature",
      "properties": {
        "area_id": "Alameda_Arro",
        "osm_uid": "cea/433",
        "osmid": "433",
        "element_type": "cea_zone",
        "building": "yes",
        "cea_name": "B1433",
        "intersection_area_m2": 302.46650026468495,
        "is_residential": true,
        "residential_source": "cea",
        "radiation_sum_kwh_year": 540215.6738125,
        "radiation_sum": 540215.6738125,
        "radiation_point_count": 497.0,
        "use_type1": "MULTI_RES",
        "use_type2": "NONE",
        "use_type3": "NONE",
        "resi_type": null,
        "comparison_status": "matched",
        "validation_radiation_kwh_year": 540215.6738125,
        "ucea_radiation_kwh_year": 443660.5300000007,
        "workflow0_radiation_kwh_year": 432074.8099999998,
        "validation_area_m2": 302.46650026468495,
        "ucea_roofs_top_m2": 312.13,
        "err_ucea_minus_validation_kwh_year": -96555.14381249924,
        "err_ucea_abs_kwh_year": 96555.14381249924,
        "err_ucea_pct_of_validation": -0.1787344360652741,
        "err_ucea_area_minus_validation_m2": 9.663499735315042,
        "err_ucea_area_pct_of_validation": 0.031948991795318245,
        "err_workflow0_minus_validation_kwh_year": -108140.86381250015,
        "err_workflow0_abs_kwh_year": 108140.86381250015,
        "err_workflow0_pct_of_validation": -0.20018090746851241
      },
      "geometry": {
        "type": "Polygon",
        "coordinates": [
          [
            [
              -9.1343387,
              38.73031910000001
            ],
            [
              -9.1343825,
              38.730321599999996
            ],
            [
              -9.134365899999999,
              38.73048689999999
            ],
            [
              -9.1342391,
              38.73047969999999
            ],
            [
              -9.1341778,
              38.73047619999999
            ],
            [
              -9.1341934,
              38.730310800000005
            ],
            [
              -9.134231999999999,
              38.730313
            ],
            [
              -9.1343387,
              38.73031910000001
            ]
          ]
        ]
      }
    },
    {
      "type": "Feature",
      "properties": {
        "area_id": "Alameda_Arro",
        "osm_uid": "cea/434",
        "osmid": "434",
        "element_type": "cea_zone",
        "building": "yes",
        "cea_name": "B1434",
        "intersection_area_m2": 165.62159326337152,
        "is_residential": true,
        "residential_source": "cea",
        "radiation_sum_kwh_year": 338035.05881250004,
        "radiation_sum": 338035.05881250004,
        "radiation_point_count": 274.0,
        "use_type1": "MULTI_RES",
        "use_type2": "NONE",
        "use_type3": "NONE",
        "resi_type": null,
        "comparison_status": "matched",
        "validation_radiation_kwh_year": 338035.05881250004,
        "ucea_radiation_kwh_year": 268362.86999999936,
        "workflow0_radiation_kwh_year": 265170.3799999997,
        "validation_area_m2": 165.62159326337152,
        "ucea_roofs_top_m2": 170.59,
        "err_ucea_minus_validation_kwh_year": -69672.18881250068,
        "err_ucea_abs_kwh_year": 69672.18881250068,
        "err_ucea_pct_of_validation": -0.20610935758336882,
        "err_ucea_area_minus_validation_m2": 4.968406736628481,
        "err_ucea_area_pct_of_validation": 0.029998544505774185,
        "err_workflow0_minus_validation_kwh_year": -72864.67881250032,
        "err_workflow0_abs_kwh_year": 72864.67881250032,
        "err_workflow0_pct_of_validation": -0.21555361467082804
      },
      "geometry": {
        "type": "Polygon",
        "coordinates": [
          [
            [
              -9.1342071,
              38.730753099999994
            ],
            [
              -9.134338599999998,
              38.730760499999995
            ],
            [
              -9.1343374,
              38.7307721
            ],
            [
              -9.1343256,
              38.730890499999994
            ],
            [
              -9.1343105,
              38.7308895
            ],
            [
              -9.134210199999998,
              38.73088299999999
            ],
            [
              -9.1341933,
              38.730881999999994
            ],
            [
              -9.1342071,
              38.730753099999994
            ]
          ]
        ]
      }
    },
    {
      "type": "Feature",
      "properties": {
        "area_id": "Alameda_Arro",
        "osm_uid": "cea/439",
        "osmid": "439",
        "element_type": "cea_zone",
        "building": "yes",
        "cea_name": "B1439",
        "intersection_area_m2": 128.4834232656348,
        "is_residential": true,
        "residential_source": "cea",
        "radiation_sum_kwh_year": 108313.75192187501,
        "radiation_sum": 108313.75192187501,
        "radiation_point_count": 211.0,
        "use_type1": "MULTI_RES",
        "use_type2": "NONE",
        "use_type3": "NONE",
        "resi_type": null,
        "comparison_status": "matched",
        "validation_radiation_kwh_year": 108313.75192187501,
        "ucea_radiation_kwh_year": 211186.82000000062,
        "workflow0_radiation_kwh_year": 207495.58999999982,
        "validation_area_m2": 128.4834232656348,
        "ucea_roofs_top_m2": 135.13,
        "err_ucea_minus_validation_kwh_year": 102873.06807812561,
        "err_ucea_abs_kwh_year": 102873.06807812561,
        "err_ucea_pct_of_validation": 0.9497692236930941,
        "err_ucea_area_minus_validation_m2": 6.646576734365198,
        "err_ucea_area_pct_of_validation": 0.051731005957271564,
        "err_workflow0_minus_validation_kwh_year": 99181.83807812481,
        "err_workflow0_abs_kwh_year": 99181.83807812481,
        "err_workflow0_pct_of_validation": 0.915690171545928
      },
      "geometry": {
        "type": "Polygon",
        "coordinates": [
          [
            [
              -9.135015099999999,
              38.72955919999999
            ],
            [
              -9.134871599999999,
              38.729549399999996
            ],
            [
              -9.1348804,
              38.72945789999999
            ],
            [
              -9.1350241,
              38.72946629999999
            ],
            [
              -9.135015099999999,
              38.72955919999999
            ]
          ]
        ]
      }
    },
    {
      "type": "Feature",
      "properties": {
        "area_id": "Alameda_Arro",
        "osm_uid": "cea/440",
        "osmid": "440",
        "element_type": "cea_zone",
        "building": "yes",
        "cea_name": "B1440",
        "intersection_area_m2": 175.14814910908035,
        "is_residential": true,
        "residential_source": "cea",
        "radiation_sum_kwh_year": 235286.31350000002,
        "radiation_sum": 235286.31350000002,
        "radiation_point_count": 289.0,
        "use_type1": "MULTI_RES",
        "use_type2": "NONE",
        "use_type3": "NONE",
        "resi_type": null,
        "comparison_status": "matched",
        "validation_radiation_kwh_year": 235286.31350000002,
        "ucea_radiation_kwh_year": 225780.5000000007,
        "workflow0_radiation_kwh_year": 217447.13999999978,
        "validation_area_m2": 175.14814910908035,
        "ucea_roofs_top_m2": 181.59,
        "err_ucea_minus_validation_kwh_year": -9505.81349999932,
        "err_ucea_abs_kwh_year": 9505.81349999932,
        "err_ucea_pct_of_validation": -0.04040104738178627,
        "err_ucea_area_minus_validation_m2": 6.441850890919653,
        "err_ucea_area_pct_of_validation": 0.03677944028348104,
        "err_workflow0_minus_validation_kwh_year": -17839.173500000237,
        "err_workflow0_abs_kwh_year": 17839.173500000237,
        "err_workflow0_pct_of_validation": -0.0758190021112309
      },
      "geometry": {
        "type": "Polygon",
        "coordinates": [
          [
            [
              -9.135015099999999,
              38.72955919999999
            ],
            [
              -9.1350241,
              38.72946629999999
            ],
            [
              -9.135216199999999,
              38.72947739999999
            ],
            [
              -9.135207,
              38.7295725
            ],
            [
              -9.135015099999999,
              38.72955919999999
            ]
          ]
        ]
      }
    },
    {
      "type": "Feature",
      "properties": {
        "area_id": "Alameda_Arro",
        "osm_uid": "cea/441",
        "osmid": "441",
        "element_type": "cea_zone",
        "building": "yes",
        "cea_name": "B1441",
        "intersection_area_m2": 194.93697909867802,
        "is_residential": true,
        "residential_source": "cea",
        "radiation_sum_kwh_year": 440745.5914375,
        "radiation_sum": 440745.5914375,
        "radiation_point_count": 321.0,
        "use_type1": "MULTI_RES",
        "use_type2": "NONE",
        "use_type3": "NONE",
        "resi_type": null,
        "comparison_status": "matched",
        "validation_radiation_kwh_year": 440745.5914375,
        "ucea_radiation_kwh_year": 315592.9499999995,
        "workflow0_radiation_kwh_year": 314044.4700000001,
        "validation_area_m2": 194.93697909867802,
        "ucea_roofs_top_m2": 203.16,
        "err_ucea_minus_validation_kwh_year": -125152.64143750054,
        "err_ucea_abs_kwh_year": 125152.64143750054,
        "err_ucea_pct_of_validation": -0.2839566495249853,
        "err_ucea_area_minus_validation_m2": 8.223020901321973,
        "err_ucea_area_pct_of_validation": 0.04218297082135166,
        "err_workflow0_minus_validation_kwh_year": -126701.12143749994,
        "err_workflow0_abs_kwh_year": 126701.12143749994,
        "err_workflow0_pct_of_validation": -0.28746996884134873
      },
      "geometry": {
        "type": "Polygon",
        "coordinates": [
          [
            [
              -9.1353615,
              38.72841449999999
            ],
            [
              -9.135376,
              38.72826409999999
            ],
            [
              -9.135509899999999,
              38.72827199999998
            ],
            [
              -9.1354948,
              38.72842239999999
            ],
            [
              -9.1353615,
              38.72841449999999
            ]
          ]
        ]
      }
    },
    {
      "type": "Feature",
      "properties": {
        "area_id": "Alameda_Arro",
        "osm_uid": "cea/442",
        "osmid": "442",
        "element_type": "cea_zone",
        "building": "yes",
        "cea_name": "B1442",
        "intersection_area_m2": 174.64098048648782,
        "is_residential": true,
        "residential_source": "cea",
        "radiation_sum_kwh_year": 422822.999625,
        "radiation_sum": 422822.999625,
        "radiation_point_count": 287.0,
        "use_type1": "MULTI_RES",
        "use_type2": "NONE",
        "use_type3": "NONE",
        "resi_type": null,
        "comparison_status": "matched",
        "validation_radiation_kwh_year": 422822.999625,
        "ucea_radiation_kwh_year": 242613.03000000035,
        "workflow0_radiation_kwh_year": 250463.05,
        "validation_area_m2": 174.64098048648782,
        "ucea_roofs_top_m2": 180.02,
        "err_ucea_minus_validation_kwh_year": -180209.96962499965,
        "err_ucea_abs_kwh_year": 180209.96962499965,
        "err_ucea_pct_of_validation": -0.4262066391488333,
        "err_ucea_area_minus_validation_m2": 5.3790195135121905,
        "err_ucea_area_pct_of_validation": 0.03080044270553309,
        "err_workflow0_minus_validation_kwh_year": -172359.949625,
        "err_workflow0_abs_kwh_year": 172359.949625,
        "err_workflow0_pct_of_validation": -0.4076409035881807
      },
      "geometry": {
        "type": "Polygon",
        "coordinates": [
          [
            [
              -9.1353484,
              38.72854980000002
            ],
            [
              -9.1353615,
              38.72841449999999
            ],
            [
              -9.1354948,
              38.72842239999999
            ],
            [
              -9.1354813,
              38.728557599999995
            ],
            [
              -9.1353484,
              38.72854980000002
            ]
          ]
        ]
      }
    },
    {
      "type": "Feature",
      "properties": {
        "area_id": "Alameda_Arro",
        "osm_uid": "cea/443",
        "osmid": "443",
        "element_type": "cea_zone",
        "building": "yes",
        "cea_name": "B1443",
        "intersection_area_m2": 177.20067588874886,
        "is_residential": true,
        "residential_source": "cea",
        "radiation_sum_kwh_year": 364033.332875,
        "radiation_sum": 364033.332875,
        "radiation_point_count": 293.0,
        "use_type1": "MULTI_RES",
        "use_type2": "NONE",
        "use_type3": "NONE",
        "resi_type": null,
        "comparison_status": "matched",
        "validation_radiation_kwh_year": 364033.332875,
        "ucea_radiation_kwh_year": 268201.9900000007,
        "workflow0_radiation_kwh_year": 264712.24000000017,
        "validation_area_m2": 177.20067588874886,
        "ucea_roofs_top_m2": 181.35,
        "err_ucea_minus_validation_kwh_year": -95831.34287499933,
        "err_ucea_abs_kwh_year": 95831.34287499933,
        "err_ucea_pct_of_validation": -0.26324881328355015,
        "err_ucea_area_minus_validation_m2": 4.149324111251133,
        "err_ucea_area_pct_of_validation": 0.02341596097441629,
        "err_workflow0_minus_validation_kwh_year": -99321.09287499986,
        "err_workflow0_abs_kwh_year": 99321.09287499986,
        "err_workflow0_pct_of_validation": -0.27283516069970504
      },
      "geometry": {
        "type": "Polygon",
        "coordinates": [
          [
            [
              -9.1353484,
              38.72854980000002
            ],
            [
              -9.1354813,
              38.728557599999995
            ],
            [
              -9.1354675,
              38.72869529999999
            ],
            [
              -9.1353351,
              38.7286875
            ],
            [
              -9.1353484,
              38.72854980000002
            ]
          ]
        ]
      }
    },
    {
      "type": "Feature",
      "properties": {
        "area_id": "Alameda_Arro",
        "osm_uid": "cea/444",
        "osmid": "444",
        "element_type": "cea_zone",
        "building": "yes",
        "cea_name": "B1444",
        "intersection_area_m2": 203.44939450042824,
        "is_residential": true,
        "residential_source": "cea",
        "radiation_sum_kwh_year": 404894.98984375,
        "radiation_sum": 404894.98984375,
        "radiation_point_count": 337.0,
        "use_type1": "MULTI_RES",
        "use_type2": "NONE",
        "use_type3": "NONE",
        "resi_type": null,
        "comparison_status": "matched",
        "validation_radiation_kwh_year": 404894.98984375,
        "ucea_radiation_kwh_year": 317131.10999999946,
        "workflow0_radiation_kwh_year": 320564.2900000008,
        "validation_area_m2": 203.44939450042824,
        "ucea_roofs_top_m2": 206.13,
        "err_ucea_minus_validation_kwh_year": -87763.87984375056,
        "err_ucea_abs_kwh_year": 87763.87984375056,
        "err_ucea_pct_of_validation": -0.21675713961691365,
        "err_ucea_area_minus_validation_m2": 2.6806054995717545,
        "err_ucea_area_pct_of_validation": 0.013175785094637439,
        "err_workflow0_minus_validation_kwh_year": -84330.69984374923,
        "err_workflow0_abs_kwh_year": 84330.69984374923,
        "err_workflow0_pct_of_validation": -0.20827795344242875
      },
      "geometry": {
        "type": "Polygon",
        "coordinates": [
          [
            [
              -9.1353104,
              38.72896519999999
            ],
            [
              -9.1352818,
              38.7289636
            ],
            [
              -9.135294599999998,
              38.7288309
            ],
            [
              -9.135453,
              38.7288403
            ],
            [
              -9.135439799999999,
              38.7289728
            ],
            [
              -9.1353104,
              38.72896519999999
            ]
          ]
        ]
      }
    },
    {
      "type": "Feature",
      "properties": {
        "area_id": "Alameda_Arro",
        "osm_uid": "cea/445",
        "osmid": "445",
        "element_type": "cea_zone",
        "building": "yes",
        "cea_name": "B1445",
        "intersection_area_m2": 223.13156343708508,
        "is_residential": true,
        "residential_source": "cea",
        "radiation_sum_kwh_year": 493301.828625,
        "radiation_sum": 493301.828625,
        "radiation_point_count": 365.0,
        "use_type1": "MULTI_RES",
        "use_type2": "NONE",
        "use_type3": "NONE",
        "resi_type": null,
        "comparison_status": "matched",
        "validation_radiation_kwh_year": 493301.828625,
        "ucea_radiation_kwh_year": 349534.32000000053,
        "workflow0_radiation_kwh_year": 352109.1699999999,
        "validation_area_m2": 223.13156343708508,
        "ucea_roofs_top_m2": 224.85,
        "err_ucea_minus_validation_kwh_year": -143767.5086249995,
        "err_ucea_abs_kwh_year": 143767.5086249995,
        "err_ucea_pct_of_validation": -0.2914392371618172,
        "err_ucea_area_minus_validation_m2": 1.718436562914917,
        "err_ucea_area_pct_of_validation": 0.007701449926869952,
        "err_workflow0_minus_validation_kwh_year": -141192.6586250001,
        "err_workflow0_abs_kwh_year": 141192.6586250001,
        "err_workflow0_pct_of_validation": -0.28621961329142454
      },
      "geometry": {
        "type": "Polygon",
        "coordinates": [
          [
            [
              -9.135294599999998,
              38.7288309
            ],
            [
              -9.1353086,
              38.72868599999999
            ],
            [
              -9.1353351,
              38.7286875
            ],
            [
              -9.1354675,
              38.72869529999999
            ],
            [
              -9.135453,
              38.7288403
            ],
            [
              -9.135294599999998,
              38.7288309
            ]
          ]
        ]
      }
    },
    {
      "type": "Feature",
      "properties": {
        "area_id": "Alameda_Arro",
        "osm_uid": "cea/446",
        "osmid": "446",
        "element_type": "cea_zone",
        "building": "yes",
        "cea_name": "B1446",
        "intersection_area_m2": 173.8485440684861,
        "is_residential": true,
        "residential_source": "cea",
        "radiation_sum_kwh_year": 378541.9966875,
        "radiation_sum": 378541.9966875,
        "radiation_point_count": 283.0,
        "use_type1": "MULTI_RES",
        "use_type2": "NONE",
        "use_type3": "NONE",
        "resi_type": null,
        "comparison_status": "matched",
        "validation_radiation_kwh_year": 378541.9966875,
        "ucea_radiation_kwh_year": 269760.7599999988,
        "workflow0_radiation_kwh_year": 270345.41,
        "validation_area_m2": 173.8485440684861,
        "ucea_roofs_top_m2": 178.88,
        "err_ucea_minus_validation_kwh_year": -108781.2366875012,
        "err_ucea_abs_kwh_year": 108781.2366875012,
        "err_ucea_pct_of_validation": -0.28736900433613977,
        "err_ucea_area_minus_validation_m2": 5.031455931513904,
        "err_ucea_area_pct_of_validation": 0.028941605225821197,
        "err_workflow0_minus_validation_kwh_year": -108196.5866875,
        "err_workflow0_abs_kwh_year": 108196.5866875,
        "err_workflow0_pct_of_validation": -0.2858245257707038
      },
      "geometry": {
        "type": "Polygon",
        "coordinates": [
          [
            [
              -9.1352969,
              38.7291039
            ],
            [
              -9.1353104,
              38.72896519999999
            ],
            [
              -9.135439799999999,
              38.7289728
            ],
            [
              -9.1354259,
              38.729111499999995
            ],
            [
              -9.1352969,
              38.7291039
            ]
          ]
        ]
      }
    },
    {
      "type": "Feature",
      "properties": {
        "area_id": "Alameda_Arro",
        "osm_uid": "cea/447",
        "osmid": "447",
        "element_type": "cea_zone",
        "building": "yes",
        "cea_name": "B1447",
        "intersection_area_m2": 152.93970444824646,
        "is_residential": true,
        "residential_source": "cea",
        "radiation_sum_kwh_year": 365121.496625,
        "radiation_sum": 365121.496625,
        "radiation_point_count": 255.0,
        "use_type1": "MULTI_RES",
        "use_type2": "NONE",
        "use_type3": "NONE",
        "resi_type": null,
        "comparison_status": "matched",
        "validation_radiation_kwh_year": 365121.496625,
        "ucea_radiation_kwh_year": 232314.81999999992,
        "workflow0_radiation_kwh_year": 231932.55999999988,
        "validation_area_m2": 152.93970444824646,
        "ucea_roofs_top_m2": 155.88,
        "err_ucea_minus_validation_kwh_year": -132806.6766250001,
        "err_ucea_abs_kwh_year": 132806.6766250001,
        "err_ucea_pct_of_validation": -0.36373283373506743,
        "err_ucea_area_minus_validation_m2": 2.940295551753536,
        "err_ucea_area_pct_of_validation": 0.01922519441476041,
        "err_workflow0_minus_validation_kwh_year": -133188.93662500015,
        "err_workflow0_abs_kwh_year": 133188.93662500015,
        "err_workflow0_pct_of_validation": -0.364779772914309
      },
      "geometry": {
        "type": "Polygon",
        "coordinates": [
          [
            [
              -9.1352969,
              38.7291039
            ],
            [
              -9.1354259,
              38.729111499999995
            ],
            [
              -9.1354136,
              38.7292339
            ],
            [
              -9.135285099999999,
              38.7292264
            ],
            [
              -9.1352969,
              38.7291039
            ]
          ]
        ]
      }
    },
    {
      "type": "Feature",
      "properties": {
        "area_id": "Alameda_Arro",
        "osm_uid": "cea/448",
        "osmid": "448",
        "element_type": "cea_zone",
        "building": "yes",
        "cea_name": "B1448",
        "intersection_area_m2": 187.21980157999585,
        "is_residential": true,
        "residential_source": "cea",
        "radiation_sum_kwh_year": 396095.748359375,
        "radiation_sum": 396095.748359375,
        "radiation_point_count": 305.0,
        "use_type1": "MULTI_RES",
        "use_type2": "NONE",
        "use_type3": "NONE",
        "resi_type": null,
        "comparison_status": "matched",
        "validation_radiation_kwh_year": 396095.748359375,
        "ucea_radiation_kwh_year": 295613.36000000045,
        "workflow0_radiation_kwh_year": 297241.72999999917,
        "validation_area_m2": 187.21980157999585,
        "ucea_roofs_top_m2": 191.94,
        "err_ucea_minus_validation_kwh_year": -100482.38835937454,
        "err_ucea_abs_kwh_year": 100482.38835937454,
        "err_ucea_pct_of_validation": -0.253682067468716,
        "err_ucea_area_minus_validation_m2": 4.720198420004152,
        "err_ucea_area_pct_of_validation": 0.0252120682757336,
        "err_workflow0_minus_validation_kwh_year": -98854.01835937583,
        "err_workflow0_abs_kwh_year": 98854.01835937583,
        "err_workflow0_pct_of_validation": -0.24957101602031398
      },
      "geometry": {
        "type": "Polygon",
        "coordinates": [
          [
            [
              -9.1354136,
              38.7292339
            ],
            [
              -9.1354099,
              38.72927099999999
            ],
            [
              -9.1354021,
              38.7293487
            ],
            [
              -9.1353986,
              38.729384399999994
            ],
            [
              -9.135333,
              38.729380500000005
            ],
            [
              -9.135270499999999,
              38.72937679999999
            ],
            [
              -9.135285099999999,
              38.7292264
            ],
            [
              -9.1354136,
              38.7292339
            ]
          ]
        ]
      }
    },
    {
      "type": "Feature",
      "properties": {
        "area_id": "Alameda_Arro",
        "osm_uid": "cea/449",
        "osmid": "449",
        "element_type": "cea_zone",
        "building": "yes",
        "cea_name": "B1449",
        "intersection_area_m2": 113.57280615709988,
        "is_residential": true,
        "residential_source": "cea",
        "radiation_sum_kwh_year": 205185.4118671875,
        "radiation_sum": 205185.4118671875,
        "radiation_point_count": 185.0,
        "use_type1": "MULTI_RES",
        "use_type2": "NONE",
        "use_type3": "NONE",
        "resi_type": null,
        "comparison_status": "matched",
        "validation_radiation_kwh_year": 205185.4118671875,
        "ucea_radiation_kwh_year": 216846.06000000032,
        "workflow0_radiation_kwh_year": 179138.03000000038,
        "validation_area_m2": 113.57280615709988,
        "ucea_roofs_top_m2": 143.57,
        "err_ucea_minus_validation_kwh_year": 11660.648132812814,
        "err_ucea_abs_kwh_year": 11660.648132812814,
        "err_ucea_pct_of_validation": 0.05682981078772073,
        "err_ucea_area_minus_validation_m2": 29.997193842900117,
        "err_ucea_area_pct_of_validation": 0.2641230313655051,
        "err_workflow0_minus_validation_kwh_year": -26047.381867187127,
        "err_workflow0_abs_kwh_year": 26047.381867187127,
        "err_workflow0_pct_of_validation": -0.12694558365605
      },
      "geometry": {
        "type": "Polygon",
        "coordinates": [
          [
            [
              -9.135224299999999,
              38.7281608
            ],
            [
              -9.1351516,
              38.72815619999999
            ],
            [
              -9.1351555,
              38.7281232
            ],
            [
              -9.1350791,
              38.7281172
            ],
            [
              -9.1350851,
              38.72805489999999
            ],
            [
              -9.1352355,
              38.7280667
            ],
            [
              -9.135224299999999,
              38.7281608
            ]
          ]
        ]
      }
    },
    {
      "type": "Feature",
      "properties": {
        "area_id": "Alameda_Arro",
        "osm_uid": "cea/450",
        "osmid": "450",
        "element_type": "cea_zone",
        "building": "yes",
        "cea_name": "B1450",
        "intersection_area_m2": 194.51884202267266,
        "is_residential": true,
        "residential_source": "cea",
        "radiation_sum_kwh_year": 422136.03921875,
        "radiation_sum": 422136.03921875,
        "radiation_point_count": 323.0,
        "use_type1": "MULTI_RES",
        "use_type2": "NONE",
        "use_type3": "NONE",
        "resi_type": null,
        "comparison_status": "matched",
        "validation_radiation_kwh_year": 422136.03921875,
        "ucea_radiation_kwh_year": 320756.2699999999,
        "workflow0_radiation_kwh_year": 307914.01000000094,
        "validation_area_m2": 194.51884202267266,
        "ucea_roofs_top_m2": 197.02,
        "err_ucea_minus_validation_kwh_year": -101379.76921875012,
        "err_ucea_abs_kwh_year": 101379.76921875012,
        "err_ucea_pct_of_validation": -0.24015900041696117,
        "err_ucea_area_minus_validation_m2": 2.5011579773273525,
        "err_ucea_area_pct_of_validation": 0.012858178422817381,
        "err_workflow0_minus_validation_kwh_year": -114222.02921874908,
        "err_workflow0_abs_kwh_year": 114222.02921874908,
        "err_workflow0_pct_of_validation": -0.2705810890492566
      },
      "geometry": {
        "type": "Polygon",
        "coordinates": [
          [
            [
              -9.134985499999999,
              38.72895939999998
            ],
            [
              -9.1349747,
              38.729072599999995
            ],
            [
              -9.1347973,
              38.72906230000001
            ],
            [
              -9.1348086,
              38.728949099999994
            ],
            [
              -9.134985499999999,
              38.72895939999998
            ]
          ]
        ]
      }
    },
    {
      "type": "Feature",
      "properties": {
        "area_id": "Alameda_Arro",
        "osm_uid": "cea/451",
        "osmid": "451",
        "element_type": "cea_zone",
        "building": "yes",
        "cea_name": "B1451",
        "intersection_area_m2": 186.77731999316757,
        "is_residential": true,
        "residential_source": "cea",
        "radiation_sum_kwh_year": 291964.9686875,
        "radiation_sum": 291964.9686875,
        "radiation_point_count": 307.0,
        "use_type1": "MULTI_RES",
        "use_type2": "NONE",
        "use_type3": "NONE",
        "resi_type": null,
        "comparison_status": "matched",
        "validation_radiation_kwh_year": 291964.9686875,
        "ucea_radiation_kwh_year": 186959.36000000002,
        "workflow0_radiation_kwh_year": 199199.07000000033,
        "validation_area_m2": 186.77731999316757,
        "ucea_roofs_top_m2": 189.73,
        "err_ucea_minus_validation_kwh_year": -105005.60868749997,
        "err_ucea_abs_kwh_year": 105005.60868749997,
        "err_ucea_pct_of_validation": -0.35965139639711724,
        "err_ucea_area_minus_validation_m2": 2.9526800068324235,
        "err_ucea_area_pct_of_validation": 0.015808557521547233,
        "err_workflow0_minus_validation_kwh_year": -92765.89868749966,
        "err_workflow0_abs_kwh_year": 92765.89868749966,
        "err_workflow0_pct_of_validation": -0.31772955195453656
      },
      "geometry": {
        "type": "Polygon",
        "coordinates": [
          [
            [
              -9.1348086,
              38.728949099999994
            ],
            [
              -9.1348195,
              38.72884009999999
            ],
            [
              -9.1349959,
              38.7288504
            ],
            [
              -9.134985499999999,
              38.72895939999998
            ],
            [
              -9.1348086,
              38.728949099999994
            ]
          ]
        ]
      }
    },
    {
      "type": "Feature",
      "properties": {
        "area_id": "Alameda_Arro",
        "osm_uid": "cea/452",
        "osmid": "452",
        "element_type": "cea_zone",
        "building": "yes",
        "cea_name": "B1452",
        "intersection_area_m2": 214.15964616585674,
        "is_residential": true,
        "residential_source": "cea",
        "radiation_sum_kwh_year": 471690.6999375,
        "radiation_sum": 471690.6999375,
        "radiation_point_count": 356.0,
        "use_type1": "MULTI_RES",
        "use_type2": "NONE",
        "use_type3": "NONE",
        "resi_type": null,
        "comparison_status": "matched",
        "validation_radiation_kwh_year": 471690.6999375,
        "ucea_radiation_kwh_year": 402512.8299999992,
        "workflow0_radiation_kwh_year": 362412.9500000004,
        "validation_area_m2": 214.15964616585674,
        "ucea_roofs_top_m2": 256.58,
        "err_ucea_minus_validation_kwh_year": -69177.8699375008,
        "err_ucea_abs_kwh_year": 69177.8699375008,
        "err_ucea_pct_of_validation": -0.14665938918589452,
        "err_ucea_area_minus_validation_m2": 42.42035383414324,
        "err_ucea_area_pct_of_validation": 0.19807818416589387,
        "err_workflow0_minus_validation_kwh_year": -109277.74993749958,
        "err_workflow0_abs_kwh_year": 109277.74993749958,
        "err_workflow0_pct_of_validation": -0.23167247086274778
      },
      "geometry": {
        "type": "Polygon",
        "coordinates": [
          [
            [
              -9.1348888,
              38.728148000000004
            ],
            [
              -9.1349783,
              38.72815289999999
            ],
            [
              -9.1349763,
              38.728179000000004
            ],
            [
              -9.1350124,
              38.72818099999999
            ],
            [
              -9.135009899999998,
              38.72820639999999
            ],
            [
              -9.1350374,
              38.7282079
            ],
            [
              -9.1350351,
              38.72823109999998
            ],
            [
              -9.1350208,
              38.72823029999999
            ],
            [
              -9.1350119,
              38.72832340000001
            ],
            [
              -9.134872,
              38.728315200000004
            ],
            [
              -9.1348888,
              38.728148000000004
            ]
          ]
        ]
      }
    },
    {
      "type": "Feature",
      "properties": {
        "area_id": "Alameda_Arro",
        "osm_uid": "cea/453",
        "osmid": "453",
        "element_type": "cea_zone",
        "building": "yes",
        "cea_name": "B1453",
        "intersection_area_m2": 181.61946516166822,
        "is_residential": true,
        "residential_source": "cea",
        "radiation_sum_kwh_year": 351526.03496875,
        "radiation_sum": 351526.03496875,
        "radiation_point_count": 301.0,
        "use_type1": "MULTI_RES",
        "use_type2": "NONE",
        "use_type3": "NONE",
        "resi_type": null,
        "comparison_status": "matched",
        "validation_radiation_kwh_year": 351526.03496875,
        "ucea_radiation_kwh_year": 289577.81999999966,
        "workflow0_radiation_kwh_year": 289262.879999999,
        "validation_area_m2": 181.61946516166822,
        "ucea_roofs_top_m2": 181.62,
        "err_ucea_minus_validation_kwh_year": -61948.21496875037,
        "err_ucea_abs_kwh_year": 61948.21496875037,
        "err_ucea_pct_of_validation": -0.1762265346128842,
        "err_ucea_area_minus_validation_m2": 0.0005348383317880234,
        "err_ucea_area_pct_of_validation": 2.9448293513690184e-06,
        "err_workflow0_minus_validation_kwh_year": -62263.15496875101,
        "err_workflow0_abs_kwh_year": 62263.15496875101,
        "err_workflow0_pct_of_validation": -0.17712245687374503
      },
      "geometry": {
        "type": "Polygon",
        "coordinates": [
          [
            [
              -9.134999199999998,
              38.7284569
            ],
            [
              -9.1348587,
              38.7284488
            ],
            [
              -9.134872,
              38.728315200000004
            ],
            [
              -9.1350119,
              38.72832340000001
            ],
            [
              -9.134999199999998,
              38.7284569
            ]
          ]
        ]
      }
    },
    {
      "type": "Feature",
      "properties": {
        "area_id": "Alameda_Arro",
        "osm_uid": "cea/454",
        "osmid": "454",
        "element_type": "cea_zone",
        "building": "yes",
        "cea_name": "B1454",
        "intersection_area_m2": 186.59173497371503,
        "is_residential": true,
        "residential_source": "cea",
        "radiation_sum_kwh_year": 297533.546015625,
        "radiation_sum": 297533.546015625,
        "radiation_point_count": 308.0,
        "use_type1": "MULTI_RES",
        "use_type2": "NONE",
        "use_type3": "NONE",
        "resi_type": null,
        "comparison_status": "matched",
        "validation_radiation_kwh_year": 297533.546015625,
        "ucea_radiation_kwh_year": 322445.5600000014,
        "workflow0_radiation_kwh_year": 294051.8100000003,
        "validation_area_m2": 186.59173497371503,
        "ucea_roofs_top_m2": 198.3,
        "err_ucea_minus_validation_kwh_year": 24912.01398437639,
        "err_ucea_abs_kwh_year": 24912.01398437639,
        "err_ucea_pct_of_validation": 0.08372842093935899,
        "err_ucea_area_minus_validation_m2": 11.708265026284977,
        "err_ucea_area_pct_of_validation": 0.06274803665839919,
        "err_workflow0_minus_validation_kwh_year": -3481.736015624716,
        "err_workflow0_abs_kwh_year": 3481.736015624716,
        "err_workflow0_pct_of_validation": -0.011701994824616759
      },
      "geometry": {
        "type": "Polygon",
        "coordinates": [
          [
            [
              -9.1348195,
              38.72884009999999
            ],
            [
              -9.1348304,
              38.72873090000001
            ],
            [
              -9.135006299999999,
              38.72874119999999
            ],
            [
              -9.1349959,
              38.7288504
            ],
            [
              -9.1348195,
              38.72884009999999
            ]
          ]
        ]
      }
    },
    {
      "type": "Feature",
      "properties": {
        "area_id": "Alameda_Arro",
        "osm_uid": "cea/455",
        "osmid": "455",
        "element_type": "cea_zone",
        "building": "yes",
        "cea_name": "B1455",
        "intersection_area_m2": 157.41617375095527,
        "is_residential": true,
        "residential_source": "cea",
        "radiation_sum_kwh_year": 320264.63090625,
        "radiation_sum": 320264.63090625,
        "radiation_point_count": 259.0,
        "use_type1": "MULTI_RES",
        "use_type2": "NONE",
        "use_type3": "NONE",
        "resi_type": null,
        "comparison_status": "matched",
        "validation_radiation_kwh_year": 320264.63090625,
        "ucea_radiation_kwh_year": 241555.28000000052,
        "workflow0_radiation_kwh_year": 230167.91,
        "validation_area_m2": 157.41617375095527,
        "ucea_roofs_top_m2": 159.49,
        "err_ucea_minus_validation_kwh_year": -78709.35090624946,
        "err_ucea_abs_kwh_year": 78709.35090624946,
        "err_ucea_pct_of_validation": -0.24576348216637692,
        "err_ucea_area_minus_validation_m2": 2.0738262490447426,
        "err_ucea_area_pct_of_validation": 0.013174162474090485,
        "err_workflow0_minus_validation_kwh_year": -90096.72090624998,
        "err_workflow0_abs_kwh_year": 90096.72090624998,
        "err_workflow0_pct_of_validation": -0.2813196095094987
      },
      "geometry": {
        "type": "Polygon",
        "coordinates": [
          [
            [
              -9.1348587,
              38.7284488
            ],
            [
              -9.134999199999998,
              38.7284569
            ],
            [
              -9.1350137,
              38.728457799999994
            ],
            [
              -9.1350037,
              38.72856229999999
            ],
            [
              -9.1348482,
              38.728553299999994
            ],
            [
              -9.1348587,
              38.7284488
            ]
          ]
        ]
      }
    },
    {
      "type": "Feature",
      "properties": {
        "area_id": "Alameda_Arro",
        "osm_uid": "cea/456",
        "osmid": "456",
        "element_type": "cea_zone",
        "building": "yes",
        "cea_name": "B1456",
        "intersection_area_m2": 300.51913956461357,
        "is_residential": true,
        "residential_source": "cea",
        "radiation_sum_kwh_year": 597189.114296875,
        "radiation_sum": 597189.114296875,
        "radiation_point_count": 493.0,
        "use_type1": "MULTI_RES",
        "use_type2": "NONE",
        "use_type3": "NONE",
        "resi_type": null,
        "comparison_status": "matched",
        "validation_radiation_kwh_year": 597189.114296875,
        "ucea_radiation_kwh_year": 328725.64999999997,
        "workflow0_radiation_kwh_year": 337488.81000000046,
        "validation_area_m2": 300.51913956461357,
        "ucea_roofs_top_m2": 300.52,
        "err_ucea_minus_validation_kwh_year": -268463.464296875,
        "err_ucea_abs_kwh_year": 268463.464296875,
        "err_ucea_pct_of_validation": -0.4495451405087339,
        "err_ucea_area_minus_validation_m2": 0.0008604353864143377,
        "err_ucea_area_pct_of_validation": 2.8631633501311103e-06,
        "err_workflow0_minus_validation_kwh_year": -259700.3042968745,
        "err_workflow0_abs_kwh_year": 259700.3042968745,
        "err_workflow0_pct_of_validation": -0.4348711288929693
      },
      "geometry": {
        "type": "Polygon",
        "coordinates": [
          [
            [
              -9.1347973,
              38.72906230000001
            ],
            [
              -9.1349747,
              38.729072599999995
            ],
            [
              -9.1349581,
              38.7292468
            ],
            [
              -9.1347798,
              38.729236499999985
            ],
            [
              -9.1347973,
              38.72906230000001
            ]
          ]
        ]
      }
    },
    {
      "type": "Feature",
      "properties": {
        "area_id": "Alameda_Arro",
        "osm_uid": "cea/457",
        "osmid": "457",
        "element_type": "cea_zone",
        "building": "yes",
        "cea_name": "B1457",
        "intersection_area_m2": 297.2668971080723,
        "is_residential": true,
        "residential_source": "cea",
        "radiation_sum_kwh_year": 631340.448125,
        "radiation_sum": 631340.448125,
        "radiation_point_count": 490.0,
        "use_type1": "MULTI_RES",
        "use_type2": "NONE",
        "use_type3": "NONE",
        "resi_type": null,
        "comparison_status": "matched",
        "validation_radiation_kwh_year": 631340.448125,
        "ucea_radiation_kwh_year": 468685.9600000005,
        "workflow0_radiation_kwh_year": 435560.0000000001,
        "validation_area_m2": 297.2668971080723,
        "ucea_roofs_top_m2": 313.11,
        "err_ucea_minus_validation_kwh_year": -162654.4881249995,
        "err_ucea_abs_kwh_year": 162654.4881249995,
        "err_ucea_pct_of_validation": -0.25763356142959387,
        "err_ucea_area_minus_validation_m2": 15.843102891927686,
        "err_ucea_area_pct_of_validation": 0.05329588678071973,
        "err_workflow0_minus_validation_kwh_year": -195780.44812499988,
        "err_workflow0_abs_kwh_year": 195780.44812499988,
        "err_workflow0_pct_of_validation": -0.3101028117340536
      },
      "geometry": {
        "type": "Polygon",
        "coordinates": [
          [
            [
              -9.1350011,
              38.72858999999999
            ],
            [
              -9.1350207,
              38.7285911
            ],
            [
              -9.135006299999999,
              38.72874119999999
            ],
            [
              -9.1348304,
              38.72873090000001
            ],
            [
              -9.1348482,
              38.728553299999994
            ],
            [
              -9.1350037,
              38.72856229999999
            ],
            [
              -9.1350011,
              38.72858999999999
            ]
          ]
        ]
      }
    },
    {
      "type": "Feature",
      "properties": {
        "area_id": "Alameda_Arro",
        "osm_uid": "cea/458",
        "osmid": "458",
        "element_type": "cea_zone",
        "building": "yes",
        "cea_name": "B1458",
        "intersection_area_m2": 350.67878369622065,
        "is_residential": true,
        "residential_source": "cea",
        "radiation_sum_kwh_year": 702302.7262500001,
        "radiation_sum": 702302.7262500001,
        "radiation_point_count": 579.0,
        "use_type1": "MULTI_RES",
        "use_type2": "NONE",
        "use_type3": "NONE",
        "resi_type": null,
        "comparison_status": "matched",
        "validation_radiation_kwh_year": 702302.7262500001,
        "ucea_radiation_kwh_year": 538088.100000001,
        "workflow0_radiation_kwh_year": 500571.2000000013,
        "validation_area_m2": 350.67878369622065,
        "ucea_roofs_top_m2": 377.21,
        "err_ucea_minus_validation_kwh_year": -164214.62624999904,
        "err_ucea_abs_kwh_year": 164214.62624999904,
        "err_ucea_pct_of_validation": -0.23382313653662687,
        "err_ucea_area_minus_validation_m2": 26.53121630377933,
        "err_ucea_area_pct_of_validation": 0.07565674781957236,
        "err_workflow0_minus_validation_kwh_year": -201731.52624999877,
        "err_workflow0_abs_kwh_year": 201731.52624999877,
        "err_workflow0_pct_of_validation": -0.2872429775791416
      },
      "geometry": {
        "type": "Polygon",
        "coordinates": [
          [
            [
              -9.1349541,
              38.7292888
            ],
            [
              -9.134968,
              38.7292896
            ],
            [
              -9.134956299999999,
              38.7294115
            ],
            [
              -9.1349017,
              38.72940830000001
            ],
            [
              -9.134898099999997,
              38.72944589999998
            ],
            [
              -9.134881599999998,
              38.72944489999999
            ],
            [
              -9.134759699999998,
              38.72943779999999
            ],
            [
              -9.1347798,
              38.729236499999985
            ],
            [
              -9.1349581,
              38.7292468
            ],
            [
              -9.1349541,
              38.7292888
            ]
          ]
        ]
      }
    },
    {
      "type": "Feature",
      "properties": {
        "area_id": "Alameda_Arro",
        "osm_uid": "cea/459",
        "osmid": "459",
        "element_type": "cea_zone",
        "building": "yes",
        "cea_name": "B1459",
        "intersection_area_m2": 99.90888127867188,
        "is_residential": true,
        "residential_source": "cea",
        "radiation_sum_kwh_year": 122345.777890625,
        "radiation_sum": 122345.777890625,
        "radiation_point_count": 164.0,
        "use_type1": "MULTI_RES",
        "use_type2": "NONE",
        "use_type3": "NONE",
        "resi_type": null,
        "comparison_status": "matched",
        "validation_radiation_kwh_year": 122345.777890625,
        "ucea_radiation_kwh_year": 129751.66999999984,
        "workflow0_radiation_kwh_year": 137671.5299999995,
        "validation_area_m2": 99.90888127867188,
        "ucea_roofs_top_m2": 99.91,
        "err_ucea_minus_validation_kwh_year": 7405.892109374836,
        "err_ucea_abs_kwh_year": 7405.892109374836,
        "err_ucea_pct_of_validation": 0.060532469833127996,
        "err_ucea_area_minus_validation_m2": 0.0011187213281118602,
        "err_ucea_area_pct_of_validation": 1.1197416223603336e-05,
        "err_workflow0_minus_validation_kwh_year": 15325.752109374502,
        "err_workflow0_abs_kwh_year": 15325.752109374502,
        "err_workflow0_pct_of_validation": 0.12526588472121578
      },
      "geometry": {
        "type": "Polygon",
        "coordinates": [
          [
            [
              -9.135323299999998,
              38.72948169999999
            ],
            [
              -9.135313199999999,
              38.729579799999996
            ],
            [
              -9.135207,
              38.7295725
            ],
            [
              -9.135216199999999,
              38.72947739999999
            ],
            [
              -9.135323299999998,
              38.72948169999999
            ]
          ]
        ]
      }
    },
    {
      "type": "Feature",
      "properties": {
        "area_id": "Alameda_Arro",
        "osm_uid": "cea/460",
        "osmid": "460",
        "element_type": "cea_zone",
        "building": "yes",
        "cea_name": "B1460",
        "intersection_area_m2": 122.9793886673646,
        "is_residential": true,
        "residential_source": "cea",
        "radiation_sum_kwh_year": 168398.676296875,
        "radiation_sum": 168398.676296875,
        "radiation_point_count": 202.0,
        "use_type1": "MULTI_RES",
        "use_type2": "NONE",
        "use_type3": "NONE",
        "resi_type": null,
        "comparison_status": "matched",
        "validation_radiation_kwh_year": 168398.676296875,
        "ucea_radiation_kwh_year": 165163.02999999977,
        "workflow0_radiation_kwh_year": 167473.50999999975,
        "validation_area_m2": 122.9793886673646,
        "ucea_roofs_top_m2": 122.96,
        "err_ucea_minus_validation_kwh_year": -3235.646296875231,
        "err_ucea_abs_kwh_year": 3235.646296875231,
        "err_ucea_pct_of_validation": -0.019214202676813296,
        "err_ucea_area_minus_validation_m2": -0.01938866736460909,
        "err_ucea_area_pct_of_validation": -0.00015765786100182752,
        "err_workflow0_minus_validation_kwh_year": -925.1662968752498,
        "err_workflow0_abs_kwh_year": 925.1662968752498,
        "err_workflow0_pct_of_validation": -0.005493904805072498
      },
      "geometry": {
        "type": "Polygon",
        "coordinates": [
          [
            [
              -9.134759699999998,
              38.72943779999999
            ],
            [
              -9.134881599999998,
              38.72944489999999
            ],
            [
              -9.1348804,
              38.72945789999999
            ],
            [
              -9.134871599999999,
              38.729549399999996
            ],
            [
              -9.1347494,
              38.7295409
            ],
            [
              -9.134759699999998,
              38.72943779999999
            ]
          ]
        ]
      }
    },
    {
      "type": "Feature",
      "properties": {
        "area_id": "Alameda_Arro",
        "osm_uid": "cea/461",
        "osmid": "461",
        "element_type": "cea_zone",
        "building": "yes",
        "cea_name": "B1461",
        "intersection_area_m2": 365.1369643233647,
        "is_residential": true,
        "residential_source": "cea",
        "radiation_sum_kwh_year": 677765.2265937501,
        "radiation_sum": 677765.2265937501,
        "radiation_point_count": 601.0,
        "use_type1": "MULTI_RES",
        "use_type2": "NONE",
        "use_type3": "NONE",
        "resi_type": null,
        "comparison_status": "matched",
        "validation_radiation_kwh_year": 677765.2265937501,
        "ucea_radiation_kwh_year": 622009.51,
        "workflow0_radiation_kwh_year": 561615.24,
        "validation_area_m2": 365.1369643233647,
        "ucea_roofs_top_m2": 395.6,
        "err_ucea_minus_validation_kwh_year": -55755.716593750054,
        "err_ucea_abs_kwh_year": 55755.716593750054,
        "err_ucea_pct_of_validation": -0.08226405605664072,
        "err_ucea_area_minus_validation_m2": 30.463035676635343,
        "err_ucea_area_pct_of_validation": 0.08342906540039406,
        "err_workflow0_minus_validation_kwh_year": -116149.98659375007,
        "err_workflow0_abs_kwh_year": 116149.98659375007,
        "err_workflow0_pct_of_validation": -0.17137200617016893
      },
      "geometry": {
        "type": "Polygon",
        "coordinates": [
          [
            [
              -9.1343325,
              38.7287123
            ],
            [
              -9.134335999999998,
              38.72867089999998
            ],
            [
              -9.1343154,
              38.7286699
            ],
            [
              -9.1343223,
              38.72858929999999
            ],
            [
              -9.134342,
              38.72859029999999
            ],
            [
              -9.1343461,
              38.72854189999999
            ],
            [
              -9.1345595,
              38.728553100000006
            ],
            [
              -9.1345425,
              38.72872329999999
            ],
            [
              -9.1343325,
              38.7287123
            ]
          ]
        ]
      }
    },
    {
      "type": "Feature",
      "properties": {
        "area_id": "Alameda_Arro",
        "osm_uid": "cea/462",
        "osmid": "462",
        "element_type": "cea_zone",
        "building": "yes",
        "cea_name": "B1462",
        "intersection_area_m2": 354.29834629955883,
        "is_residential": true,
        "residential_source": "cea",
        "radiation_sum_kwh_year": 665594.032953125,
        "radiation_sum": 665594.032953125,
        "radiation_point_count": 584.0,
        "use_type1": "MULTI_RES",
        "use_type2": "NONE",
        "use_type3": "NONE",
        "resi_type": null,
        "comparison_status": "matched",
        "validation_radiation_kwh_year": 665594.032953125,
        "ucea_radiation_kwh_year": 577800.9200000007,
        "workflow0_radiation_kwh_year": 570540.99,
        "validation_area_m2": 354.29834629955883,
        "ucea_roofs_top_m2": 369.11,
        "err_ucea_minus_validation_kwh_year": -87793.11295312422,
        "err_ucea_abs_kwh_year": 87793.11295312422,
        "err_ucea_pct_of_validation": -0.13190189305574368,
        "err_ucea_area_minus_validation_m2": 14.811653700441184,
        "err_ucea_area_pct_of_validation": 0.04180559648426343,
        "err_workflow0_minus_validation_kwh_year": -95053.04295312497,
        "err_workflow0_abs_kwh_year": 95053.04295312497,
        "err_workflow0_pct_of_validation": -0.14280933759485664
      },
      "geometry": {
        "type": "Polygon",
        "coordinates": [
          [
            [
              -9.1343176,
              38.72888759999999
            ],
            [
              -9.1343325,
              38.7287123
            ],
            [
              -9.1345425,
              38.72872329999999
            ],
            [
              -9.1345249,
              38.728898399999984
            ],
            [
              -9.1343176,
              38.72888759999999
            ]
          ]
        ]
      }
    },
    {
      "type": "Feature",
      "properties": {
        "area_id": "Alameda_Arro",
        "osm_uid": "cea/463",
        "osmid": "463",
        "element_type": "cea_zone",
        "building": "yes",
        "cea_name": "B1463",
        "intersection_area_m2": 538.3111508947702,
        "is_residential": true,
        "residential_source": "cea",
        "radiation_sum_kwh_year": 952181.5153750001,
        "radiation_sum": 952181.5153750001,
        "radiation_point_count": 882.0,
        "use_type1": "MULTI_RES",
        "use_type2": "NONE",
        "use_type3": "NONE",
        "resi_type": null,
        "comparison_status": "matched",
        "validation_radiation_kwh_year": 952181.5153750001,
        "ucea_radiation_kwh_year": 1127310.5200000042,
        "workflow0_radiation_kwh_year": 871835.3700000022,
        "validation_area_m2": 538.3111508947702,
        "ucea_roofs_top_m2": 721.83,
        "err_ucea_minus_validation_kwh_year": 175129.00462500413,
        "err_ucea_abs_kwh_year": 175129.00462500413,
        "err_ucea_pct_of_validation": 0.18392397016448342,
        "err_ucea_area_minus_validation_m2": 183.51884910522983,
        "err_ucea_area_pct_of_validation": 0.3409159345857659,
        "err_workflow0_minus_validation_kwh_year": -80346.14537499787,
        "err_workflow0_abs_kwh_year": 80346.14537499787,
        "err_workflow0_pct_of_validation": -0.08438112279816201
      },
      "geometry": {
        "type": "Polygon",
        "coordinates": [
          [
            [
              -9.138272499999998,
              38.72982869999999
            ],
            [
              -9.1382743,
              38.7298051
            ],
            [
              -9.1382169,
              38.7298025
            ],
            [
              -9.1382174,
              38.72979539999999
            ],
            [
              -9.1381552,
              38.72979249999999
            ],
            [
              -9.1381562,
              38.72977889999999
            ],
            [
              -9.1380689,
              38.72977479999999
            ],
            [
              -9.1380746,
              38.729700099999995
            ],
            [
              -9.1381104,
              38.72970180000001
            ],
            [
              -9.138113899999999,
              38.72965589999999
            ],
            [
              -9.138265,
              38.7296629
            ],
            [
              -9.138265699999998,
              38.729653699999986
            ],
            [
              -9.1383135,
              38.72965589999998
            ],
            [
              -9.1383105,
              38.72969399999999
            ],
            [
              -9.1384963,
              38.729702699999976
            ],
            [
              -9.138493399999998,
              38.72973999999999
            ],
            [
              -9.1384859,
              38.7298387
            ],
            [
              -9.138272499999998,
              38.72982869999999
            ]
          ]
        ]
      }
    },
    {
      "type": "Feature",
      "properties": {
        "area_id": "Alameda_Arro",
        "osm_uid": "cea/464",
        "osmid": "464",
        "element_type": "cea_zone",
        "building": "yes",
        "cea_name": "B1464",
        "intersection_area_m2": 205.86734227888743,
        "is_residential": true,
        "residential_source": "cea",
        "radiation_sum_kwh_year": 403358.9208125,
        "radiation_sum": 403358.9208125,
        "radiation_point_count": 342.0,
        "use_type1": "MULTI_RES",
        "use_type2": "NONE",
        "use_type3": "NONE",
        "resi_type": null,
        "comparison_status": "matched",
        "validation_radiation_kwh_year": 403358.9208125,
        "ucea_radiation_kwh_year": 228786.9200000002,
        "workflow0_radiation_kwh_year": 210257.6199999999,
        "validation_area_m2": 205.86734227888743,
        "ucea_roofs_top_m2": 231.96,
        "err_ucea_minus_validation_kwh_year": -174572.0008124998,
        "err_ucea_abs_kwh_year": 174572.0008124998,
        "err_ucea_pct_of_validation": -0.43279568593860107,
        "err_ucea_area_minus_validation_m2": 26.092657721112573,
        "err_ucea_area_pct_of_validation": 0.12674500691695423,
        "err_workflow0_minus_validation_kwh_year": -193101.3008125001,
        "err_workflow0_abs_kwh_year": 193101.3008125001,
        "err_workflow0_pct_of_validation": -0.4787331848853854
      },
      "geometry": {
        "type": "Polygon",
        "coordinates": [
          [
            [
              -9.1386549,
              38.7298578
            ],
            [
              -9.1384844,
              38.7298484
            ],
            [
              -9.1384859,
              38.7298387
            ],
            [
              -9.138493399999998,
              38.72973999999999
            ],
            [
              -9.138522,
              38.729741199999985
            ],
            [
              -9.1385235,
              38.72971849999999
            ],
            [
              -9.1386372,
              38.729723199999995
            ],
            [
              -9.1386353,
              38.7297506
            ],
            [
              -9.1386673,
              38.72975189999999
            ],
            [
              -9.1386641,
              38.7298001
            ],
            [
              -9.138658699999999,
              38.7297998
            ],
            [
              -9.1386549,
              38.7298578
            ]
          ]
        ]
      }
    }
  ]
}
