{
  "type": "FeatureCollection",
  "name": "Alta_Lisboa_radiation_error_map",
  "features": [
    {
      "type": "Feature",
      "properties": {
        "area_id": "Alta_Lisboa",
        "osm_uid": "cea/1",
        "osmid": "1",
        "element_type": "cea_zone",
        "building": "yes",
        "cea_name": "B1001",
        "intersection_area_m2": 1694.1833177501749,
        "is_residential": true,
        "residential_source": "cea",
        "radiation_sum_kwh_year": 3626073.48915625,
        "radiation_sum": 3626073.48915625,
        "radiation_point_count": 2794.0,
        "use_type1": "MULTI_RES",
        "use_type2": "NONE",
        "use_type3": "NONE",
        "resi_type": null,
        "comparison_status": "matched",
        "validation_radiation_kwh_year": 3626073.48915625,
        "ucea_radiation_kwh_year": 2738993.730000009,
        "workflow0_radiation_kwh_year": null,
        "validation_area_m2": 1694.1833177501749,
        "ucea_roofs_top_m2": 1693.19,
        "err_ucea_minus_validation_kwh_year": -887079.7591562411,
        "err_ucea_abs_kwh_year": 887079.7591562411,
        "err_ucea_pct_of_validation": -0.24463921148014445,
        "err_ucea_area_minus_validation_m2": -0.9933177501748105,
        "err_ucea_area_pct_of_validation": -0.000586310666483192,
        "err_workflow0_minus_validation_kwh_year": null,
        "err_workflow0_abs_kwh_year": null,
        "err_workflow0_pct_of_validation": null
      },
      "geometry": {
        "type": "Polygon",
        "coordinates": [
          [
            [
              -9.1515327,
              38.77492299999999
            ],
            [
              -9.151585200000001,
              38.77479579999999
            ],
            [
              -9.1520312,
              38.774907599999985
            ],
            [
              -9.152206899999998,
              38.7744819
            ],
            [
              -9.152293799999999,
              38.77450369999998
            ],
            [
              -9.1523041,
              38.7744789
            ],
            [
              -9.1523983,
              38.7745026
            ],
            [
              -9.1521599,
              38.775080299999985
            ],
            [
              -9.1515327,
              38.77492299999999
            ]
          ]
        ]
      }
    },
    {
      "type": "Feature",
      "properties": {
        "area_id": "Alta_Lisboa",
        "osm_uid": "cea/3",
        "osmid": "3",
        "element_type": "cea_zone",
        "building": "yes",
        "cea_name": "B1003",
        "intersection_area_m2": 316.63596337502787,
        "is_residential": true,
        "residential_source": "cea",
        "radiation_sum_kwh_year": 673715.56003125,
        "radiation_sum": 673715.56003125,
        "radiation_point_count": 522.0,
        "use_type1": "MULTI_RES",
        "use_type2": "NONE",
        "use_type3": "NONE",
        "resi_type": null,
        "comparison_status": "matched",
        "validation_radiation_kwh_year": 673715.56003125,
        "ucea_radiation_kwh_year": 504131.9400000003,
        "workflow0_radiation_kwh_year": null,
        "validation_area_m2": 316.63596337502787,
        "ucea_roofs_top_m2": 319.93,
        "err_ucea_minus_validation_kwh_year": -169583.6200312497,
        "err_ucea_abs_kwh_year": 169583.6200312497,
        "err_ucea_pct_of_validation": -0.2517139726198155,
        "err_ucea_area_minus_validation_m2": 3.2940366249721365,
        "err_ucea_area_pct_of_validation": 0.010403229594834858,
        "err_workflow0_minus_validation_kwh_year": null,
        "err_workflow0_abs_kwh_year": null,
        "err_workflow0_pct_of_validation": null
      },
      "geometry": {
        "type": "Polygon",
        "coordinates": [
          [
            [
              -9.152926,
              38.77306699999999
            ],
            [
              -9.1528595,
              38.77323679999999
            ],
            [
              -9.1527173,
              38.77320289999999
            ],
            [
              -9.1526826,
              38.773194600000004
            ],
            [
              -9.152749099999998,
              38.773024799999995
            ],
            [
              -9.1527886,
              38.7730342
            ],
            [
              -9.152926,
              38.77306699999999
            ]
          ]
        ]
      }
    },
    {
      "type": "Feature",
      "properties": {
        "area_id": "Alta_Lisboa",
        "osm_uid": "cea/4",
        "osmid": "4",
        "element_type": "cea_zone",
        "building": "yes",
        "cea_name": "B1004",
        "intersection_area_m2": 3098.0549725604224,
        "is_residential": true,
        "residential_source": "cea",
        "radiation_sum_kwh_year": 2917273.98884375,
        "radiation_sum": 2917273.98884375,
        "radiation_point_count": 3871.0,
        "use_type1": "MULTI_RES",
        "use_type2": "NONE",
        "use_type3": "NONE",
        "resi_type": null,
        "comparison_status": "matched",
        "validation_radiation_kwh_year": 2917273.98884375,
        "ucea_radiation_kwh_year": 5006864.380000014,
        "workflow0_radiation_kwh_year": null,
        "validation_area_m2": 3098.0549725604224,
        "ucea_roofs_top_m2": 3104.91,
        "err_ucea_minus_validation_kwh_year": 2089590.3911562636,
        "err_ucea_abs_kwh_year": 2089590.3911562636,
        "err_ucea_pct_of_validation": 0.716281843648311,
        "err_ucea_area_minus_validation_m2": 6.855027439577498,
        "err_ucea_area_pct_of_validation": 0.0022126874765918316,
        "err_workflow0_minus_validation_kwh_year": null,
        "err_workflow0_abs_kwh_year": null,
        "err_workflow0_pct_of_validation": null
      },
      "geometry": {
        "type": "Polygon",
        "coordinates": [
          [
            [
              -9.1534894,
              38.7717487
            ],
            [
              -9.153239399999999,
              38.77240909999999
            ],
            [
              -9.1521197,
              38.7721272
            ],
            [
              -9.1522037,
              38.772102200000006
            ],
            [
              -9.1524946,
              38.77199869999999
            ],
            [
              -9.1530906,
              38.77212730000001
            ],
            [
              -9.153197599999999,
              38.7718324
            ],
            [
              -9.1534894,
              38.7717487
            ]
          ]
        ]
      }
    },
    {
      "type": "Feature",
      "properties": {
        "area_id": "Alta_Lisboa",
        "osm_uid": "cea/5",
        "osmid": "5",
        "element_type": "cea_zone",
        "building": "yes",
        "cea_name": "B1005",
        "intersection_area_m2": 3044.282509224441,
        "is_residential": true,
        "residential_source": "cea",
        "radiation_sum_kwh_year": 6229377.702179688,
        "radiation_sum": 6229377.702179688,
        "radiation_point_count": 5014.0,
        "use_type1": "MULTI_RES",
        "use_type2": "NONE",
        "use_type3": "NONE",
        "resi_type": null,
        "comparison_status": "matched",
        "validation_radiation_kwh_year": 6229377.702179688,
        "ucea_radiation_kwh_year": 4927044.510000005,
        "workflow0_radiation_kwh_year": null,
        "validation_area_m2": 3044.282509224441,
        "ucea_roofs_top_m2": 3044.94,
        "err_ucea_minus_validation_kwh_year": -1302333.1921796827,
        "err_ucea_abs_kwh_year": 1302333.1921796827,
        "err_ucea_pct_of_validation": -0.2090631286852281,
        "err_ucea_area_minus_validation_m2": 0.6574907755589265,
        "err_ucea_area_pct_of_validation": 0.00021597561118807872,
        "err_workflow0_minus_validation_kwh_year": null,
        "err_workflow0_abs_kwh_year": null,
        "err_workflow0_pct_of_validation": null
      },
      "geometry": {
        "type": "Polygon",
        "coordinates": [
          [
            [
              -9.153683599999999,
              38.7740659
            ],
            [
              -9.153498599999999,
              38.77406649999999
            ],
            [
              -9.153645799999998,
              38.773712
            ],
            [
              -9.1536734,
              38.77364469999999
            ],
            [
              -9.1535574,
              38.773617099999996
            ],
            [
              -9.1533414,
              38.77356600000002
            ],
            [
              -9.153109,
              38.77410789999998
            ],
            [
              -9.1528976,
              38.7741128
            ],
            [
              -9.1532079,
              38.7733496
            ],
            [
              -9.1534004,
              38.7733996
            ],
            [
              -9.153384999999998,
              38.77343559999999
            ],
            [
              -9.153609899999998,
              38.773490800000005
            ],
            [
              -9.1537326,
              38.773520999999995
            ],
            [
              -9.153736,
              38.77351029999999
            ],
            [
              -9.153743599999999,
              38.7734866
            ],
            [
              -9.1539103,
              38.7735267
            ],
            [
              -9.1538872,
              38.77357729999999
            ],
            [
              -9.1539419,
              38.773590299999995
            ],
            [
              -9.153905799999999,
              38.77368469999999
            ],
            [
              -9.153852299999999,
              38.773672899999994
            ],
            [
              -9.153683599999999,
              38.7740659
            ]
          ]
        ]
      }
    },
    {
      "type": "Feature",
      "properties": {
        "area_id": "Alta_Lisboa",
        "osm_uid": "cea/6",
        "osmid": "6",
        "element_type": "cea_zone",
        "building": "yes",
        "cea_name": "B1006",
        "intersection_area_m2": 1104.2171986477667,
        "is_residential": true,
        "residential_source": "cea",
        "radiation_sum_kwh_year": 1851864.0273203126,
        "radiation_sum": 1851864.0273203126,
        "radiation_point_count": 1821.0,
        "use_type1": "MULTI_RES",
        "use_type2": "NONE",
        "use_type3": "NONE",
        "resi_type": null,
        "comparison_status": "matched",
        "validation_radiation_kwh_year": 1851864.0273203126,
        "ucea_radiation_kwh_year": 1535886.270000005,
        "workflow0_radiation_kwh_year": null,
        "validation_area_m2": 1104.2171986477667,
        "ucea_roofs_top_m2": 1069.06,
        "err_ucea_minus_validation_kwh_year": -315977.75732030766,
        "err_ucea_abs_kwh_year": 315977.75732030766,
        "err_ucea_pct_of_validation": -0.17062686712346498,
        "err_ucea_area_minus_validation_m2": -35.15719864776679,
        "err_ucea_area_pct_of_validation": -0.03183902468719069,
        "err_workflow0_minus_validation_kwh_year": null,
        "err_workflow0_abs_kwh_year": null,
        "err_workflow0_pct_of_validation": null
      },
      "geometry": {
        "type": "Polygon",
        "coordinates": [
          [
            [
              -9.154024,
              38.7732561
            ],
            [
              -9.1540034,
              38.77330619999999
            ],
            [
              -9.1538336,
              38.7732639
            ],
            [
              -9.153855599999998,
              38.773210199999994
            ],
            [
              -9.1538036,
              38.77319719999999
            ],
            [
              -9.1538001,
              38.7732059
            ],
            [
              -9.1537746,
              38.77319949999998
            ],
            [
              -9.15377,
              38.77321059999999
            ],
            [
              -9.1537306,
              38.77320069999999
            ],
            [
              -9.153596,
              38.77316720000001
            ],
            [
              -9.1536007,
              38.773155799999984
            ],
            [
              -9.153565499999997,
              38.773147099999996
            ],
            [
              -9.1535698,
              38.77313649999999
            ],
            [
              -9.1535115,
              38.77312200000001
            ],
            [
              -9.1535017,
              38.7731457
            ],
            [
              -9.1533386,
              38.77310509999999
            ],
            [
              -9.1534069,
              38.7729385
            ],
            [
              -9.1535732,
              38.77297989999999
            ],
            [
              -9.1535525,
              38.77303049999999
            ],
            [
              -9.1536085,
              38.77304439999998
            ],
            [
              -9.1536106,
              38.77303919999999
            ],
            [
              -9.1536248,
              38.77304279999999
            ],
            [
              -9.153780199999998,
              38.77308150000001
            ],
            [
              -9.153844299999998,
              38.7730975
            ],
            [
              -9.1538413,
              38.77310470000001
            ],
            [
              -9.1538889,
              38.7731166
            ],
            [
              -9.153910699999999,
              38.773063499999985
            ],
            [
              -9.1539184,
              38.77306539999999
            ],
            [
              -9.1540801,
              38.773105699999995
            ],
            [
              -9.1540576,
              38.77316049999999
            ],
            [
              -9.154118399999998,
              38.773175699999996
            ],
            [
              -9.1540798,
              38.77326999999999
            ],
            [
              -9.154024,
              38.7732561
            ]
          ]
        ]
      }
    },
    {
      "type": "Feature",
      "properties": {
        "area_id": "Alta_Lisboa",
        "osm_uid": "cea/7",
        "osmid": "7",
        "element_type": "cea_zone",
        "building": "yes",
        "cea_name": "B1007",
        "intersection_area_m2": 930.4383852832561,
        "is_residential": true,
        "residential_source": "cea",
        "radiation_sum_kwh_year": 702481.386328125,
        "radiation_sum": 702481.386328125,
        "radiation_point_count": 658.0,
        "use_type1": "MULTI_RES",
        "use_type2": "NONE",
        "use_type3": "NONE",
        "resi_type": null,
        "comparison_status": "matched",
        "validation_radiation_kwh_year": 702481.386328125,
        "ucea_radiation_kwh_year": 1478920.750000001,
        "workflow0_radiation_kwh_year": null,
        "validation_area_m2": 930.4383852832561,
        "ucea_roofs_top_m2": 930.44,
        "err_ucea_minus_validation_kwh_year": 776439.3636718759,
        "err_ucea_abs_kwh_year": 776439.3636718759,
        "err_ucea_pct_of_validation": 1.105281049125486,
        "err_ucea_area_minus_validation_m2": 0.0016147167439157784,
        "err_ucea_area_pct_of_validation": 1.7354365097740517e-06,
        "err_workflow0_minus_validation_kwh_year": null,
        "err_workflow0_abs_kwh_year": null,
        "err_workflow0_pct_of_validation": null
      },
      "geometry": {
        "type": "Polygon",
        "coordinates": [
          [
            [
              -9.1556691,
              38.77217970000001
            ],
            [
              -9.1554569,
              38.772230500000006
            ],
            [
              -9.1552933,
              38.7718148
            ],
            [
              -9.155505500000002,
              38.77176399999998
            ],
            [
              -9.1556691,
              38.77217970000001
            ]
          ]
        ]
      }
    },
    {
      "type": "Feature",
      "properties": {
        "area_id": "Alta_Lisboa",
        "osm_uid": "cea/9",
        "osmid": "9",
        "element_type": "cea_zone",
        "building": "yes",
        "cea_name": "B1009",
        "intersection_area_m2": 872.6096161731182,
        "is_residential": true,
        "residential_source": "cea",
        "radiation_sum_kwh_year": 1191132.60990625,
        "radiation_sum": 1191132.60990625,
        "radiation_point_count": 997.0,
        "use_type1": "MULTI_RES",
        "use_type2": "NONE",
        "use_type3": "NONE",
        "resi_type": null,
        "comparison_status": "matched",
        "validation_radiation_kwh_year": 1191132.60990625,
        "ucea_radiation_kwh_year": 1334277.9200000009,
        "workflow0_radiation_kwh_year": null,
        "validation_area_m2": 872.6096161731182,
        "ucea_roofs_top_m2": 876.17,
        "err_ucea_minus_validation_kwh_year": 143145.31009375094,
        "err_ucea_abs_kwh_year": 143145.31009375094,
        "err_ucea_pct_of_validation": 0.12017579646737858,
        "err_ucea_area_minus_validation_m2": 3.5603838268817753,
        "err_ucea_area_pct_of_validation": 0.004080156533795779,
        "err_workflow0_minus_validation_kwh_year": null,
        "err_workflow0_abs_kwh_year": null,
        "err_workflow0_pct_of_validation": null
      },
      "geometry": {
        "type": "Polygon",
        "coordinates": [
          [
            [
              -9.155196999999998,
              38.772298499999984
            ],
            [
              -9.155000299999998,
              38.7723474
            ],
            [
              -9.154829299999998,
              38.771929699999994
            ],
            [
              -9.155025999999998,
              38.771880800000005
            ],
            [
              -9.155196999999998,
              38.772298499999984
            ]
          ]
        ]
      }
    },
    {
      "type": "Feature",
      "properties": {
        "area_id": "Alta_Lisboa",
        "osm_uid": "cea/10",
        "osmid": "10",
        "element_type": "cea_zone",
        "building": "yes",
        "cea_name": "B1010",
        "intersection_area_m2": 2912.09796596697,
        "is_residential": true,
        "residential_source": "cea",
        "radiation_sum_kwh_year": 4051404.959515625,
        "radiation_sum": 4051404.959515625,
        "radiation_point_count": 3827.0,
        "use_type1": "MULTI_RES",
        "use_type2": "NONE",
        "use_type3": "NONE",
        "resi_type": null,
        "comparison_status": "matched",
        "validation_radiation_kwh_year": 4051404.959515625,
        "ucea_radiation_kwh_year": 4762017.479999985,
        "workflow0_radiation_kwh_year": null,
        "validation_area_m2": 2912.09796596697,
        "ucea_roofs_top_m2": 2943.28,
        "err_ucea_minus_validation_kwh_year": 710612.5204843595,
        "err_ucea_abs_kwh_year": 710612.5204843595,
        "err_ucea_pct_of_validation": 0.17539903504717,
        "err_ucea_area_minus_validation_m2": 31.18203403303005,
        "err_ucea_area_pct_of_validation": 0.010707755850746584,
        "err_workflow0_minus_validation_kwh_year": null,
        "err_workflow0_abs_kwh_year": null,
        "err_workflow0_pct_of_validation": null
      },
      "geometry": {
        "type": "Polygon",
        "coordinates": [
          [
            [
              -9.151424999999998,
              38.7751355
            ],
            [
              -9.152082699999998,
              38.77529689999999
            ],
            [
              -9.1520296,
              38.775428399999996
            ],
            [
              -9.152022399999998,
              38.775426599999996
            ],
            [
              -9.151796999999998,
              38.7759848
            ],
            [
              -9.151616900000002,
              38.7759406
            ],
            [
              -9.1512412,
              38.7758484
            ],
            [
              -9.1512946,
              38.77571619999999
            ],
            [
              -9.151666199999998,
              38.775807199999996
            ],
            [
              -9.1518381,
              38.775381499999995
            ],
            [
              -9.1515603,
              38.77531329999999
            ],
            [
              -9.151474599999998,
              38.77552559999999
            ],
            [
              -9.151299199999999,
              38.7754826
            ],
            [
              -9.151412200000001,
              38.77520260000001
            ],
            [
              -9.1513992,
              38.7751994
            ],
            [
              -9.151424999999998,
              38.7751355
            ]
          ]
        ]
      }
    },
    {
      "type": "Feature",
      "properties": {
        "area_id": "Alta_Lisboa",
        "osm_uid": "cea/13",
        "osmid": "13",
        "element_type": "cea_zone",
        "building": "yes",
        "cea_name": "B1013",
        "intersection_area_m2": 111.1435800192765,
        "is_residential": true,
        "residential_source": "cea",
        "radiation_sum_kwh_year": 14294.043625,
        "radiation_sum": 14294.043625,
        "radiation_point_count": 135.0,
        "use_type1": "SINGLE_RES",
        "use_type2": "NONE",
        "use_type3": "NONE",
        "resi_type": null,
        "comparison_status": "matched",
        "validation_radiation_kwh_year": 14294.043625,
        "ucea_radiation_kwh_year": 200703.73,
        "workflow0_radiation_kwh_year": null,
        "validation_area_m2": 111.1435800192765,
        "ucea_roofs_top_m2": 118.42,
        "err_ucea_minus_validation_kwh_year": 186409.68637500002,
        "err_ucea_abs_kwh_year": 186409.68637500002,
        "err_ucea_pct_of_validation": 13.041074398917683,
        "err_ucea_area_minus_validation_m2": 7.276419980723503,
        "err_ucea_area_pct_of_validation": 0.06546864856666931,
        "err_workflow0_minus_validation_kwh_year": null,
        "err_workflow0_abs_kwh_year": null,
        "err_workflow0_pct_of_validation": null
      },
      "geometry": {
        "type": "Polygon",
        "coordinates": [
          [
            [
              -9.157313399999998,
              38.774641299999985
            ],
            [
              -9.157276,
              38.77464119999999
            ],
            [
              -9.1572725,
              38.7745219
            ],
            [
              -9.157365099999998,
              38.77451979999999
            ],
            [
              -9.1573689,
              38.77462459999999
            ],
            [
              -9.1573697,
              38.77464639999999
            ],
            [
              -9.1573136,
              38.77464759999999
            ],
            [
              -9.157313399999998,
              38.774641299999985
            ]
          ]
        ]
      }
    },
    {
      "type": "Feature",
      "properties": {
        "area_id": "Alta_Lisboa",
        "osm_uid": "cea/14",
        "osmid": "14",
        "element_type": "cea_zone",
        "building": "yes",
        "cea_name": "B1014",
        "intersection_area_m2": 214.56286267551002,
        "is_residential": true,
        "residential_source": "cea",
        "radiation_sum_kwh_year": 351954.56725,
        "radiation_sum": 351954.56725,
        "radiation_point_count": 355.0,
        "use_type1": "SINGLE_RES",
        "use_type2": "NONE",
        "use_type3": "NONE",
        "resi_type": null,
        "comparison_status": "matched",
        "validation_radiation_kwh_year": 351954.56725,
        "ucea_radiation_kwh_year": 335610.35999999853,
        "workflow0_radiation_kwh_year": null,
        "validation_area_m2": 214.56286267551002,
        "ucea_roofs_top_m2": 220.9,
        "err_ucea_minus_validation_kwh_year": -16344.207250001491,
        "err_ucea_abs_kwh_year": 16344.207250001491,
        "err_ucea_pct_of_validation": -0.04643840077913207,
        "err_ucea_area_minus_validation_m2": 6.337137324489987,
        "err_ucea_area_pct_of_validation": 0.029535108012022724,
        "err_workflow0_minus_validation_kwh_year": null,
        "err_workflow0_abs_kwh_year": null,
        "err_workflow0_pct_of_validation": null
      },
      "geometry": {
        "type": "Polygon",
        "coordinates": [
          [
            [
              -9.1571136,
              38.7746441
            ],
            [
              -9.1571096,
              38.774507099999994
            ],
            [
              -9.157272,
              38.7745042
            ],
            [
              -9.1572725,
              38.7745219
            ],
            [
              -9.157276,
              38.77464119999999
            ],
            [
              -9.1571136,
              38.7746441
            ]
          ]
        ]
      }
    },
    {
      "type": "Feature",
      "properties": {
        "area_id": "Alta_Lisboa",
        "osm_uid": "cea/15",
        "osmid": "15",
        "element_type": "cea_zone",
        "building": "yes",
        "cea_name": "B1015",
        "intersection_area_m2": 183.52575815737313,
        "is_residential": true,
        "residential_source": "cea",
        "radiation_sum_kwh_year": 351168.4384375,
        "radiation_sum": 351168.4384375,
        "radiation_point_count": 305.0,
        "use_type1": "SINGLE_RES",
        "use_type2": "NONE",
        "use_type3": "NONE",
        "resi_type": null,
        "comparison_status": "matched",
        "validation_radiation_kwh_year": 351168.4384375,
        "ucea_radiation_kwh_year": 493045.6000000003,
        "workflow0_radiation_kwh_year": null,
        "validation_area_m2": 183.52575815737313,
        "ucea_roofs_top_m2": 311.82,
        "err_ucea_minus_validation_kwh_year": 141877.16156250035,
        "err_ucea_abs_kwh_year": 141877.16156250035,
        "err_ucea_pct_of_validation": 0.404014558352035,
        "err_ucea_area_minus_validation_m2": 128.29424184262686,
        "err_ucea_area_pct_of_validation": 0.6990530546268862,
        "err_workflow0_minus_validation_kwh_year": null,
        "err_workflow0_abs_kwh_year": null,
        "err_workflow0_pct_of_validation": null
      },
      "geometry": {
        "type": "Polygon",
        "coordinates": [
          [
            [
              -9.1568671,
              38.77469969999999
            ],
            [
              -9.1567634,
              38.77470280000001
            ],
            [
              -9.1567411,
              38.774614
            ],
            [
              -9.1567672,
              38.7746137
            ],
            [
              -9.1567657,
              38.7745821
            ],
            [
              -9.1567083,
              38.7745806
            ],
            [
              -9.1566975,
              38.77451849999999
            ],
            [
              -9.1567573,
              38.77451670000001
            ],
            [
              -9.1567679,
              38.77456769999999
            ],
            [
              -9.1568694,
              38.774564999999996
            ],
            [
              -9.1568776,
              38.774643299999994
            ],
            [
              -9.1568613,
              38.7746442
            ],
            [
              -9.1568671,
              38.77469969999999
            ]
          ]
        ]
      }
    },
    {
      "type": "Feature",
      "properties": {
        "area_id": "Alta_Lisboa",
        "osm_uid": "cea/16",
        "osmid": "16",
        "element_type": "cea_zone",
        "building": "yes",
        "cea_name": "B1016",
        "intersection_area_m2": 515.4783622463749,
        "is_residential": true,
        "residential_source": "cea",
        "radiation_sum_kwh_year": 875034.74315625,
        "radiation_sum": 875034.74315625,
        "radiation_point_count": 848.0,
        "use_type1": "SINGLE_RES",
        "use_type2": "NONE",
        "use_type3": "NONE",
        "resi_type": null,
        "comparison_status": "matched",
        "validation_radiation_kwh_year": 875034.74315625,
        "ucea_radiation_kwh_year": 817316.8099999995,
        "workflow0_radiation_kwh_year": null,
        "validation_area_m2": 515.4783622463749,
        "ucea_roofs_top_m2": 515.67,
        "err_ucea_minus_validation_kwh_year": -57717.93315625051,
        "err_ucea_abs_kwh_year": 57717.93315625051,
        "err_ucea_pct_of_validation": -0.06596073311107847,
        "err_ucea_area_minus_validation_m2": 0.1916377536250593,
        "err_ucea_area_pct_of_validation": 0.000371766824100883,
        "err_workflow0_minus_validation_kwh_year": null,
        "err_workflow0_abs_kwh_year": null,
        "err_workflow0_pct_of_validation": null
      },
      "geometry": {
        "type": "Polygon",
        "coordinates": [
          [
            [
              -9.1564939,
              38.77437989999999
            ],
            [
              -9.1560747,
              38.7744733
            ],
            [
              -9.1560637,
              38.77444259999999
            ],
            [
              -9.1560302,
              38.7743527
            ],
            [
              -9.1564521,
              38.7742647
            ],
            [
              -9.1564939,
              38.77437989999999
            ]
          ]
        ]
      }
    },
    {
      "type": "Feature",
      "properties": {
        "area_id": "Alta_Lisboa",
        "osm_uid": "cea/17",
        "osmid": "17",
        "element_type": "cea_zone",
        "building": "yes",
        "cea_name": "B1017",
        "intersection_area_m2": 170.520331279709,
        "is_residential": true,
        "residential_source": "cea",
        "radiation_sum_kwh_year": 311720.9159375,
        "radiation_sum": 311720.9159375,
        "radiation_point_count": 280.0,
        "use_type1": "SINGLE_RES",
        "use_type2": "NONE",
        "use_type3": "NONE",
        "resi_type": null,
        "comparison_status": "matched",
        "validation_radiation_kwh_year": 311720.9159375,
        "ucea_radiation_kwh_year": 273982.86000000004,
        "workflow0_radiation_kwh_year": null,
        "validation_area_m2": 170.520331279709,
        "ucea_roofs_top_m2": 174.33,
        "err_ucea_minus_validation_kwh_year": -37738.05593749997,
        "err_ucea_abs_kwh_year": 37738.05593749997,
        "err_ucea_pct_of_validation": -0.12106359890545954,
        "err_ucea_area_minus_validation_m2": 3.8096687202910005,
        "err_ucea_area_pct_of_validation": 0.022341433960985566,
        "err_workflow0_minus_validation_kwh_year": null,
        "err_workflow0_abs_kwh_year": null,
        "err_workflow0_pct_of_validation": null
      },
      "geometry": {
        "type": "Polygon",
        "coordinates": [
          [
            [
              -9.1559517,
              38.7743018
            ],
            [
              -9.1558605,
              38.77436029999999
            ],
            [
              -9.1557921,
              38.77429230000001
            ],
            [
              -9.1557652,
              38.7743091
            ],
            [
              -9.1557398,
              38.774272499999995
            ],
            [
              -9.1557545,
              38.77420029999999
            ],
            [
              -9.155876599999997,
              38.774235899999994
            ],
            [
              -9.1559517,
              38.7743018
            ]
          ]
        ]
      }
    },
    {
      "type": "Feature",
      "properties": {
        "area_id": "Alta_Lisboa",
        "osm_uid": "cea/20",
        "osmid": "20",
        "element_type": "cea_zone",
        "building": "yes",
        "cea_name": "B1020",
        "intersection_area_m2": 4380.109525835609,
        "is_residential": true,
        "residential_source": "cea",
        "radiation_sum_kwh_year": 10414303.75825,
        "radiation_sum": 10414303.75825,
        "radiation_point_count": 7223.0,
        "use_type1": "MULTI_RES",
        "use_type2": "NONE",
        "use_type3": "NONE",
        "resi_type": null,
        "comparison_status": "matched",
        "validation_radiation_kwh_year": 10414303.75825,
        "ucea_radiation_kwh_year": 7011315.589999995,
        "workflow0_radiation_kwh_year": null,
        "validation_area_m2": 4380.109525835609,
        "ucea_roofs_top_m2": 4380.24,
        "err_ucea_minus_validation_kwh_year": -3402988.1682500048,
        "err_ucea_abs_kwh_year": 3402988.1682500048,
        "err_ucea_pct_of_validation": -0.3267609863553506,
        "err_ucea_area_minus_validation_m2": 0.13047416439076187,
        "err_ucea_area_pct_of_validation": 2.978787713438989e-05,
        "err_workflow0_minus_validation_kwh_year": null,
        "err_workflow0_abs_kwh_year": null,
        "err_workflow0_pct_of_validation": null
      },
      "geometry": {
        "type": "Polygon",
        "coordinates": [
          [
            [
              -9.1565503,
              38.7745588
            ],
            [
              -9.1567297,
              38.775086599999995
            ],
            [
              -9.155996,
              38.7752324
            ],
            [
              -9.1559889,
              38.775213099999995
            ],
            [
              -9.155900399999998,
              38.774972099999985
            ],
            [
              -9.1557244,
              38.77449319999999
            ],
            [
              -9.1558851,
              38.7744606
            ],
            [
              -9.155953999999998,
              38.77467330000001
            ],
            [
              -9.1565503,
              38.7745588
            ]
          ]
        ]
      }
    },
    {
      "type": "Feature",
      "properties": {
        "area_id": "Alta_Lisboa",
        "osm_uid": "cea/22",
        "osmid": "22",
        "element_type": "cea_zone",
        "building": "yes",
        "cea_name": "B1022",
        "intersection_area_m2": 417.3871285856169,
        "is_residential": true,
        "residential_source": "cea",
        "radiation_sum_kwh_year": 1019369.598,
        "radiation_sum": 1019369.598,
        "radiation_point_count": 683.0,
        "use_type1": "MULTI_RES",
        "use_type2": "NONE",
        "use_type3": "NONE",
        "resi_type": null,
        "comparison_status": "matched",
        "validation_radiation_kwh_year": 1019369.598,
        "ucea_radiation_kwh_year": 639253.6999999997,
        "workflow0_radiation_kwh_year": null,
        "validation_area_m2": 417.3871285856169,
        "ucea_roofs_top_m2": 417.39,
        "err_ucea_minus_validation_kwh_year": -380115.8980000003,
        "err_ucea_abs_kwh_year": 380115.8980000003,
        "err_ucea_pct_of_validation": -0.37289310839344875,
        "err_ucea_area_minus_validation_m2": 0.0028714143830939065,
        "err_ucea_area_pct_of_validation": 6.8794991182985295e-06,
        "err_workflow0_minus_validation_kwh_year": null,
        "err_workflow0_abs_kwh_year": null,
        "err_workflow0_pct_of_validation": null
      },
      "geometry": {
        "type": "Polygon",
        "coordinates": [
          [
            [
              -9.155286699999998,
              38.7763418
            ],
            [
              -9.1552833,
              38.77624329999999
            ],
            [
              -9.1555915,
              38.776236799999985
            ],
            [
              -9.1555938,
              38.7763914
            ],
            [
              -9.155362199999999,
              38.7763963
            ],
            [
              -9.1553603,
              38.7763402
            ],
            [
              -9.155286699999998,
              38.7763418
            ]
          ]
        ]
      }
    },
    {
      "type": "Feature",
      "properties": {
        "area_id": "Alta_Lisboa",
        "osm_uid": "cea/23",
        "osmid": "23",
        "element_type": "cea_zone",
        "building": "yes",
        "cea_name": "B1023",
        "intersection_area_m2": 1506.6338087404974,
        "is_residential": true,
        "residential_source": "cea",
        "radiation_sum_kwh_year": 2973685.2003203128,
        "radiation_sum": 2973685.2003203128,
        "radiation_point_count": 2439.0,
        "use_type1": "MULTI_RES",
        "use_type2": "NONE",
        "use_type3": "NONE",
        "resi_type": null,
        "comparison_status": "matched",
        "validation_radiation_kwh_year": 2973685.2003203128,
        "ucea_radiation_kwh_year": 2431890.2000000034,
        "workflow0_radiation_kwh_year": null,
        "validation_area_m2": 1506.6338087404974,
        "ucea_roofs_top_m2": 1505.95,
        "err_ucea_minus_validation_kwh_year": -541795.0003203093,
        "err_ucea_abs_kwh_year": 541795.0003203093,
        "err_ucea_pct_of_validation": -0.1821964881359834,
        "err_ucea_area_minus_validation_m2": -0.6838087404973976,
        "err_ucea_area_pct_of_validation": -0.0004538652567932496,
        "err_workflow0_minus_validation_kwh_year": null,
        "err_workflow0_abs_kwh_year": null,
        "err_workflow0_pct_of_validation": null
      },
      "geometry": {
        "type": "Polygon",
        "coordinates": [
          [
            [
              -9.1538852,
              38.7761877
            ],
            [
              -9.153638399999998,
              38.7763199
            ],
            [
              -9.153632000000002,
              38.77635829999999
            ],
            [
              -9.1537414,
              38.776452
            ],
            [
              -9.154026799999999,
              38.776356699999994
            ],
            [
              -9.153977399999999,
              38.77626129999999
            ],
            [
              -9.1541019,
              38.7762278
            ],
            [
              -9.154112599999998,
              38.7762513
            ],
            [
              -9.154129799999998,
              38.7762529
            ],
            [
              -9.154136199999998,
              38.77626969999999
            ],
            [
              -9.1541555,
              38.7762663
            ],
            [
              -9.1542135,
              38.7764102
            ],
            [
              -9.154161999999998,
              38.77641349999999
            ],
            [
              -9.154172699999998,
              38.776436999999994
            ],
            [
              -9.154103999999998,
              38.7764503
            ],
            [
              -9.154114799999999,
              38.776470399999994
            ],
            [
              -9.154073999999998,
              38.7764821
            ],
            [
              -9.1540611,
              38.77646039999999
            ],
            [
              -9.1538272,
              38.77653229999999
            ],
            [
              -9.1536792,
              38.776577499999995
            ],
            [
              -9.1536105,
              38.77651059999998
            ],
            [
              -9.153550399999999,
              38.77656909999999
            ],
            [
              -9.153445299999998,
              38.7765189
            ],
            [
              -9.153479600000002,
              38.7764721
            ],
            [
              -9.1535419,
              38.77641849999999
            ],
            [
              -9.153430299999998,
              38.7763249
            ],
            [
              -9.1537951,
              38.77609739999998
            ],
            [
              -9.1538852,
              38.7761877
            ]
          ]
        ]
      }
    },
    {
      "type": "Feature",
      "properties": {
        "area_id": "Alta_Lisboa",
        "osm_uid": "cea/26",
        "osmid": "26",
        "element_type": "cea_zone",
        "building": "yes",
        "cea_name": "B1026",
        "intersection_area_m2": 1667.5706794638463,
        "is_residential": true,
        "residential_source": "cea",
        "radiation_sum_kwh_year": 3340821.5243984377,
        "radiation_sum": 3340821.5243984377,
        "radiation_point_count": 2757.0,
        "use_type1": "MULTI_RES",
        "use_type2": "NONE",
        "use_type3": "NONE",
        "resi_type": null,
        "comparison_status": "matched",
        "validation_radiation_kwh_year": 3340821.5243984377,
        "ucea_radiation_kwh_year": 2600766.4700000025,
        "workflow0_radiation_kwh_year": null,
        "validation_area_m2": 1667.5706794638463,
        "ucea_roofs_top_m2": 1610.04,
        "err_ucea_minus_validation_kwh_year": -740055.0543984352,
        "err_ucea_abs_kwh_year": 740055.0543984352,
        "err_ucea_pct_of_validation": -0.22151888360204833,
        "err_ucea_area_minus_validation_m2": -57.530679463846354,
        "err_ucea_area_pct_of_validation": -0.03449969477896043,
        "err_workflow0_minus_validation_kwh_year": null,
        "err_workflow0_abs_kwh_year": null,
        "err_workflow0_pct_of_validation": null
      },
      "geometry": {
        "type": "Polygon",
        "coordinates": [
          [
            [
              -9.154013299999999,
              38.77606009999999
            ],
            [
              -9.153873799999998,
              38.7760484
            ],
            [
              -9.1539168,
              38.775697099999995
            ],
            [
              -9.1545262,
              38.7757339
            ],
            [
              -9.1545583,
              38.775749
            ],
            [
              -9.154573399999999,
              38.7757741
            ],
            [
              -9.1545648,
              38.775797499999996
            ],
            [
              -9.154536899999998,
              38.775884500000004
            ],
            [
              -9.1545176,
              38.775906199999994
            ],
            [
              -9.1545176,
              38.775932999999995
            ],
            [
              -9.1545176,
              38.77597309999999
            ],
            [
              -9.154504699999999,
              38.7760116
            ],
            [
              -9.154481099999998,
              38.7760417
            ],
            [
              -9.1544596,
              38.776173899999996
            ],
            [
              -9.154431699999998,
              38.7761923
            ],
            [
              -9.154169999999999,
              38.77615209999999
            ],
            [
              -9.1541936,
              38.77603999999999
            ],
            [
              -9.154350199999998,
              38.7760618
            ],
            [
              -9.1544038,
              38.7758544
            ],
            [
              -9.154384499999999,
              38.775839299999994
            ],
            [
              -9.1540884,
              38.7758209
            ],
            [
              -9.1540476,
              38.77583599999999
            ],
            [
              -9.154013299999999,
              38.77606009999999
            ]
          ]
        ]
      }
    },
    {
      "type": "Feature",
      "properties": {
        "area_id": "Alta_Lisboa",
        "osm_uid": "cea/31",
        "osmid": "31",
        "element_type": "cea_zone",
        "building": "yes",
        "cea_name": "B1031",
        "intersection_area_m2": 741.4124896180284,
        "is_residential": true,
        "residential_source": "cea",
        "radiation_sum_kwh_year": 1228701.8498984375,
        "radiation_sum": 1228701.8498984375,
        "radiation_point_count": 1230.0,
        "use_type1": "MULTI_RES",
        "use_type2": "NONE",
        "use_type3": "NONE",
        "resi_type": null,
        "comparison_status": "matched",
        "validation_radiation_kwh_year": 1228701.8498984375,
        "ucea_radiation_kwh_year": 1199670.7999999986,
        "workflow0_radiation_kwh_year": null,
        "validation_area_m2": 741.4124896180284,
        "ucea_roofs_top_m2": 741.41,
        "err_ucea_minus_validation_kwh_year": -29031.049898438854,
        "err_ucea_abs_kwh_year": 29031.049898438854,
        "err_ucea_pct_of_validation": -0.023627416122827937,
        "err_ucea_area_minus_validation_m2": -0.0024896180284486036,
        "err_ucea_area_pct_of_validation": -3.3579391543987086e-06,
        "err_workflow0_minus_validation_kwh_year": null,
        "err_workflow0_abs_kwh_year": null,
        "err_workflow0_pct_of_validation": null
      },
      "geometry": {
        "type": "Polygon",
        "coordinates": [
          [
            [
              -9.152533299999998,
              38.774145499999996
            ],
            [
              -9.152412,
              38.7741549
            ],
            [
              -9.152405399999997,
              38.7741022
            ],
            [
              -9.1523403,
              38.77410720000001
            ],
            [
              -9.1523469,
              38.77415979999999
            ],
            [
              -9.152122099999998,
              38.7741772
            ],
            [
              -9.1521155,
              38.77412379999999
            ],
            [
              -9.1520516,
              38.774128700000006
            ],
            [
              -9.1520582,
              38.7741821
            ],
            [
              -9.1519469,
              38.77419069999999
            ],
            [
              -9.1519355,
              38.774098800000004
            ],
            [
              -9.1519999,
              38.77409400000001
            ],
            [
              -9.1519883,
              38.774000699999995
            ],
            [
              -9.1521448,
              38.77398889999998
            ],
            [
              -9.1521563,
              38.774081900000006
            ],
            [
              -9.152287599999998,
              38.7740719
            ],
            [
              -9.152275999999999,
              38.77397889999999
            ],
            [
              -9.152433899999998,
              38.77396679999998
            ],
            [
              -9.1524456,
              38.774059900000005
            ],
            [
              -9.152521999999998,
              38.77405389999999
            ],
            [
              -9.152533299999998,
              38.774145499999996
            ]
          ]
        ]
      }
    },
    {
      "type": "Feature",
      "properties": {
        "area_id": "Alta_Lisboa",
        "osm_uid": "cea/32",
        "osmid": "32",
        "element_type": "cea_zone",
        "building": "yes",
        "cea_name": "B1032",
        "intersection_area_m2": 759.2366926463607,
        "is_residential": true,
        "residential_source": "cea",
        "radiation_sum_kwh_year": 645019.5118671876,
        "radiation_sum": 645019.5118671876,
        "radiation_point_count": 759.0,
        "use_type1": "MULTI_RES",
        "use_type2": "NONE",
        "use_type3": "NONE",
        "resi_type": null,
        "comparison_status": "matched",
        "validation_radiation_kwh_year": 645019.5118671876,
        "ucea_radiation_kwh_year": 1228651.3799999964,
        "workflow0_radiation_kwh_year": null,
        "validation_area_m2": 759.2366926463607,
        "ucea_roofs_top_m2": 759.24,
        "err_ucea_minus_validation_kwh_year": 583631.8681328088,
        "err_ucea_abs_kwh_year": 583631.8681328088,
        "err_ucea_pct_of_validation": 0.9048282375882317,
        "err_ucea_area_minus_validation_m2": 0.0033073536393430913,
        "err_ucea_area_pct_of_validation": 4.356156217654775e-06,
        "err_workflow0_minus_validation_kwh_year": null,
        "err_workflow0_abs_kwh_year": null,
        "err_workflow0_pct_of_validation": null
      },
      "geometry": {
        "type": "Polygon",
        "coordinates": [
          [
            [
              -9.1518252,
              38.774200099999995
            ],
            [
              -9.1517112,
              38.77420889999999
            ],
            [
              -9.151704500000001,
              38.774156899999994
            ],
            [
              -9.1516426,
              38.774161799999995
            ],
            [
              -9.151649199999998,
              38.7742137
            ],
            [
              -9.151401,
              38.774232899999994
            ],
            [
              -9.1513944,
              38.77418119999999
            ],
            [
              -9.1513316,
              38.7741861
            ],
            [
              -9.1513381,
              38.7742378
            ],
            [
              -9.151209099999999,
              38.77424769999999
            ],
            [
              -9.1512872,
              38.774054099999994
            ],
            [
              -9.151425699999999,
              38.77404369999999
            ],
            [
              -9.1514377,
              38.7741372
            ],
            [
              -9.151590399999998,
              38.7741253
            ],
            [
              -9.1515785,
              38.774031799999996
            ],
            [
              -9.1517356,
              38.7740197
            ],
            [
              -9.1517474,
              38.7741126
            ],
            [
              -9.1518134,
              38.7741076
            ],
            [
              -9.1518252,
              38.774200099999995
            ]
          ]
        ]
      }
    },
    {
      "type": "Feature",
      "properties": {
        "area_id": "Alta_Lisboa",
        "osm_uid": "cea/33",
        "osmid": "33",
        "element_type": "cea_zone",
        "building": "yes",
        "cea_name": "B1033",
        "intersection_area_m2": 378.38995699688985,
        "is_residential": true,
        "residential_source": "cea",
        "radiation_sum_kwh_year": 880467.477890625,
        "radiation_sum": 880467.477890625,
        "radiation_point_count": 623.0,
        "use_type1": "MULTI_RES",
        "use_type2": "NONE",
        "use_type3": "NONE",
        "resi_type": null,
        "comparison_status": "matched",
        "validation_radiation_kwh_year": 880467.477890625,
        "ucea_radiation_kwh_year": 587649.6599999998,
        "workflow0_radiation_kwh_year": null,
        "validation_area_m2": 378.38995699688985,
        "ucea_roofs_top_m2": 380.28,
        "err_ucea_minus_validation_kwh_year": -292817.8178906252,
        "err_ucea_abs_kwh_year": 292817.8178906252,
        "err_ucea_pct_of_validation": -0.33257085042157586,
        "err_ucea_area_minus_validation_m2": 1.8900430031101223,
        "err_ucea_area_pct_of_validation": 0.004994960802106218,
        "err_workflow0_minus_validation_kwh_year": null,
        "err_workflow0_abs_kwh_year": null,
        "err_workflow0_pct_of_validation": null
      },
      "geometry": {
        "type": "Polygon",
        "coordinates": [
          [
            [
              -9.154508299999998,
              38.77367459999999
            ],
            [
              -9.1544797,
              38.77366749999999
            ],
            [
              -9.154343699999998,
              38.77363369999998
            ],
            [
              -9.154432099999998,
              38.773417499999994
            ],
            [
              -9.1545974,
              38.7734594
            ],
            [
              -9.154508299999998,
              38.77367459999999
            ]
          ]
        ]
      }
    },
    {
      "type": "Feature",
      "properties": {
        "area_id": "Alta_Lisboa",
        "osm_uid": "cea/34",
        "osmid": "34",
        "element_type": "cea_zone",
        "building": "yes",
        "cea_name": "B1034",
        "intersection_area_m2": 694.9341439901845,
        "is_residential": true,
        "residential_source": "cea",
        "radiation_sum_kwh_year": 1415326.329546875,
        "radiation_sum": 1415326.329546875,
        "radiation_point_count": 1148.0,
        "use_type1": "MULTI_RES",
        "use_type2": "NONE",
        "use_type3": "NONE",
        "resi_type": null,
        "comparison_status": "matched",
        "validation_radiation_kwh_year": 1415326.329546875,
        "ucea_radiation_kwh_year": 1014245.0200000027,
        "workflow0_radiation_kwh_year": null,
        "validation_area_m2": 694.9341439901845,
        "ucea_roofs_top_m2": 677.84,
        "err_ucea_minus_validation_kwh_year": -401081.3095468724,
        "err_ucea_abs_kwh_year": 401081.3095468724,
        "err_ucea_pct_of_validation": -0.28338433418057085,
        "err_ucea_area_minus_validation_m2": -17.09414399018442,
        "err_ucea_area_pct_of_validation": -0.024598221483309167,
        "err_workflow0_minus_validation_kwh_year": null,
        "err_workflow0_abs_kwh_year": null,
        "err_workflow0_pct_of_validation": null
      },
      "geometry": {
        "type": "Polygon",
        "coordinates": [
          [
            [
              -9.1544797,
              38.77366749999999
            ],
            [
              -9.1543305,
              38.7740025
            ],
            [
              -9.1541354,
              38.7740175
            ],
            [
              -9.1541869,
              38.77389709999998
            ],
            [
              -9.1541779,
              38.7738948
            ],
            [
              -9.1542526,
              38.77371459999999
            ],
            [
              -9.1542616,
              38.773716900000004
            ],
            [
              -9.1543014,
              38.773623599999986
            ],
            [
              -9.154343699999998,
              38.77363369999998
            ],
            [
              -9.1544797,
              38.77366749999999
            ]
          ]
        ]
      }
    },
    {
      "type": "Feature",
      "properties": {
        "area_id": "Alta_Lisboa",
        "osm_uid": "cea/35",
        "osmid": "35",
        "element_type": "cea_zone",
        "building": "yes",
        "cea_name": "B1035",
        "intersection_area_m2": 735.2452728248661,
        "is_residential": true,
        "residential_source": "cea",
        "radiation_sum_kwh_year": 1410786.6916328126,
        "radiation_sum": 1410786.6916328126,
        "radiation_point_count": 1216.0,
        "use_type1": "MULTI_RES",
        "use_type2": "NONE",
        "use_type3": "NONE",
        "resi_type": null,
        "comparison_status": "matched",
        "validation_radiation_kwh_year": 1410786.6916328126,
        "ucea_radiation_kwh_year": 1778693.439999996,
        "workflow0_radiation_kwh_year": null,
        "validation_area_m2": 735.2452728248661,
        "ucea_roofs_top_m2": 1099.25,
        "err_ucea_minus_validation_kwh_year": 367906.7483671834,
        "err_ucea_abs_kwh_year": 367906.7483671834,
        "err_ucea_pct_of_validation": 0.2607812722853066,
        "err_ucea_area_minus_validation_m2": 364.0047271751339,
        "err_ucea_area_pct_of_validation": 0.49507931656139875,
        "err_workflow0_minus_validation_kwh_year": null,
        "err_workflow0_abs_kwh_year": null,
        "err_workflow0_pct_of_validation": null
      },
      "geometry": {
        "type": "Polygon",
        "coordinates": [
          [
            [
              -9.154386499999998,
              38.77340590000001
            ],
            [
              -9.1544071,
              38.7733565
            ],
            [
              -9.154351099999998,
              38.77334229999999
            ],
            [
              -9.154393599999999,
              38.773240799999996
            ],
            [
              -9.1545127,
              38.773271099999995
            ],
            [
              -9.1545603,
              38.77315729999999
            ],
            [
              -9.1546188,
              38.77317209999999
            ],
            [
              -9.1546282,
              38.77314940000001
            ],
            [
              -9.1546907,
              38.77316529999999
            ],
            [
              -9.1546766,
              38.77319909999999
            ],
            [
              -9.154697,
              38.773204299999996
            ],
            [
              -9.154674299999998,
              38.7732587
            ],
            [
              -9.154772,
              38.773283499999984
            ],
            [
              -9.154708699999999,
              38.773435299999996
            ],
            [
              -9.154617099999998,
              38.77341199999999
            ],
            [
              -9.1545974,
              38.7734594
            ],
            [
              -9.154432099999998,
              38.773417499999994
            ],
            [
              -9.154386499999998,
              38.77340590000001
            ]
          ]
        ]
      }
    },
    {
      "type": "Feature",
      "properties": {
        "area_id": "Alta_Lisboa",
        "osm_uid": "cea/36",
        "osmid": "36",
        "element_type": "cea_zone",
        "building": "yes",
        "cea_name": "B1036",
        "intersection_area_m2": 2387.8302665433075,
        "is_residential": true,
        "residential_source": "cea",
        "radiation_sum_kwh_year": 3260905.4325625002,
        "radiation_sum": 3260905.4325625002,
        "radiation_point_count": 3083.0,
        "use_type1": "MULTI_RES",
        "use_type2": "NONE",
        "use_type3": "NONE",
        "resi_type": null,
        "comparison_status": "matched",
        "validation_radiation_kwh_year": 3260905.4325625002,
        "ucea_radiation_kwh_year": 3881241.02,
        "workflow0_radiation_kwh_year": null,
        "validation_area_m2": 2387.8302665433075,
        "ucea_roofs_top_m2": 2398.34,
        "err_ucea_minus_validation_kwh_year": 620335.5874374998,
        "err_ucea_abs_kwh_year": 620335.5874374998,
        "err_ucea_pct_of_validation": 0.1902341543679863,
        "err_ucea_area_minus_validation_m2": 10.50973345669263,
        "err_ucea_area_pct_of_validation": 0.004401373750868325,
        "err_workflow0_minus_validation_kwh_year": null,
        "err_workflow0_abs_kwh_year": null,
        "err_workflow0_pct_of_validation": null
      },
      "geometry": {
        "type": "Polygon",
        "coordinates": [
          [
            [
              -9.1516566,
              38.77293589999999
            ],
            [
              -9.1516204,
              38.7729265
            ],
            [
              -9.151421900000003,
              38.77341580000001
            ],
            [
              -9.151407199999998,
              38.77341269999999
            ],
            [
              -9.1513951,
              38.773439799999984
            ],
            [
              -9.1512315,
              38.77339589999999
            ],
            [
              -9.1517183,
              38.7721925
            ],
            [
              -9.1518873,
              38.772237399999995
            ],
            [
              -9.1518591,
              38.77230639999999
            ],
            [
              -9.1518752,
              38.77230749999999
            ],
            [
              -9.1516969,
              38.77275289999999
            ],
            [
              -9.151729099999999,
              38.772764399999986
            ],
            [
              -9.1516566,
              38.77293589999999
            ]
          ]
        ]
      }
    },
    {
      "type": "Feature",
      "properties": {
        "area_id": "Alta_Lisboa",
        "osm_uid": "cea/37",
        "osmid": "37",
        "element_type": "cea_zone",
        "building": "yes",
        "cea_name": "B1037",
        "intersection_area_m2": 483.60073633411224,
        "is_residential": true,
        "residential_source": "cea",
        "radiation_sum_kwh_year": 1141347.0878437501,
        "radiation_sum": 1141347.0878437501,
        "radiation_point_count": 797.0,
        "use_type1": "MULTI_RES",
        "use_type2": "NONE",
        "use_type3": "NONE",
        "resi_type": null,
        "comparison_status": "matched",
        "validation_radiation_kwh_year": 1141347.0878437501,
        "ucea_radiation_kwh_year": 701695.1800000011,
        "workflow0_radiation_kwh_year": null,
        "validation_area_m2": 483.60073633411224,
        "ucea_roofs_top_m2": 474.2,
        "err_ucea_minus_validation_kwh_year": -439651.90784374904,
        "err_ucea_abs_kwh_year": 439651.90784374904,
        "err_ucea_pct_of_validation": -0.3852043892049928,
        "err_ucea_area_minus_validation_m2": -9.400736334112253,
        "err_ucea_area_pct_of_validation": -0.019439044707362543,
        "err_workflow0_minus_validation_kwh_year": null,
        "err_workflow0_abs_kwh_year": null,
        "err_workflow0_pct_of_validation": null
      },
      "geometry": {
        "type": "Polygon",
        "coordinates": [
          [
            [
              -9.154124699999999,
              38.77283319999999
            ],
            [
              -9.1541856,
              38.77284839999999
            ],
            [
              -9.1540801,
              38.773105699999995
            ],
            [
              -9.1539184,
              38.77306539999999
            ],
            [
              -9.153952499999999,
              38.77298219999999
            ],
            [
              -9.153944599999999,
              38.772980299999986
            ],
            [
              -9.153992099999998,
              38.7728646
            ],
            [
              -9.1539995,
              38.77286639999999
            ],
            [
              -9.154035499999999,
              38.77277860000001
            ],
            [
              -9.154122199999998,
              38.77280019999999
            ],
            [
              -9.1541367,
              38.77280379999999
            ],
            [
              -9.154124699999999,
              38.77283319999999
            ]
          ]
        ]
      }
    },
    {
      "type": "Feature",
      "properties": {
        "area_id": "Alta_Lisboa",
        "osm_uid": "cea/38",
        "osmid": "38",
        "element_type": "cea_zone",
        "building": "yes",
        "cea_name": "B1038",
        "intersection_area_m2": 503.4881674734263,
        "is_residential": true,
        "residential_source": "cea",
        "radiation_sum_kwh_year": 1057462.0822109375,
        "radiation_sum": 1057462.0822109375,
        "radiation_point_count": 833.0,
        "use_type1": "MULTI_RES",
        "use_type2": "NONE",
        "use_type3": "NONE",
        "resi_type": null,
        "comparison_status": "matched",
        "validation_radiation_kwh_year": 1057462.0822109375,
        "ucea_radiation_kwh_year": 1108783.4300000046,
        "workflow0_radiation_kwh_year": null,
        "validation_area_m2": 503.4881674734263,
        "ucea_roofs_top_m2": 685.11,
        "err_ucea_minus_validation_kwh_year": 51321.34778906708,
        "err_ucea_abs_kwh_year": 51321.34778906708,
        "err_ucea_pct_of_validation": 0.04853256551928993,
        "err_ucea_area_minus_validation_m2": 181.6218325265737,
        "err_ucea_area_pct_of_validation": 0.3607271118961491,
        "err_workflow0_minus_validation_kwh_year": null,
        "err_workflow0_abs_kwh_year": null,
        "err_workflow0_pct_of_validation": null
      },
      "geometry": {
        "type": "Polygon",
        "coordinates": [
          [
            [
              -9.154281599999997,
              38.77258599999999
            ],
            [
              -9.1543395,
              38.772600399999995
            ],
            [
              -9.1543323,
              38.772617899999986
            ],
            [
              -9.1543479,
              38.772621799999996
            ],
            [
              -9.154335400000003,
              38.77265219999999
            ],
            [
              -9.154345,
              38.7726546
            ],
            [
              -9.154334199999997,
              38.7726809
            ],
            [
              -9.154404099999999,
              38.7726984
            ],
            [
              -9.1543934,
              38.7727246
            ],
            [
              -9.1544154,
              38.77273009999998
            ],
            [
              -9.154403,
              38.77276029999999
            ],
            [
              -9.154411100000003,
              38.772762300000004
            ],
            [
              -9.1543965,
              38.77279789999999
            ],
            [
              -9.1543736,
              38.772792199999984
            ],
            [
              -9.1543544,
              38.772839000000005
            ],
            [
              -9.1543151,
              38.77282919999999
            ],
            [
              -9.1543051,
              38.77285359999999
            ],
            [
              -9.1542138,
              38.772830799999994
            ],
            [
              -9.154211099999998,
              38.772837300000006
            ],
            [
              -9.1541921,
              38.772832599999994
            ],
            [
              -9.1541856,
              38.77284839999999
            ],
            [
              -9.154124699999999,
              38.77283319999999
            ],
            [
              -9.1541367,
              38.77280379999999
            ],
            [
              -9.154122199999998,
              38.77280019999999
            ],
            [
              -9.1542001,
              38.772610099999994
            ],
            [
              -9.1542167,
              38.77261419999998
            ],
            [
              -9.1542294,
              38.77258309999999
            ],
            [
              -9.154277899999999,
              38.77259509999999
            ],
            [
              -9.154281599999997,
              38.77258599999999
            ]
          ]
        ]
      }
    },
    {
      "type": "Feature",
      "properties": {
        "area_id": "Alta_Lisboa",
        "osm_uid": "cea/39",
        "osmid": "39",
        "element_type": "cea_zone",
        "building": "yes",
        "cea_name": "B1039",
        "intersection_area_m2": 554.508292101786,
        "is_residential": true,
        "residential_source": "cea",
        "radiation_sum_kwh_year": 1140396.1570078125,
        "radiation_sum": 1140396.1570078125,
        "radiation_point_count": 913.0,
        "use_type1": "MULTI_RES",
        "use_type2": "NONE",
        "use_type3": "NONE",
        "resi_type": null,
        "comparison_status": "matched",
        "validation_radiation_kwh_year": 1140396.1570078125,
        "ucea_radiation_kwh_year": 905945.2400000008,
        "workflow0_radiation_kwh_year": null,
        "validation_area_m2": 554.508292101786,
        "ucea_roofs_top_m2": 559.37,
        "err_ucea_minus_validation_kwh_year": -234450.91700781172,
        "err_ucea_abs_kwh_year": 234450.91700781172,
        "err_ucea_pct_of_validation": -0.20558725629431032,
        "err_ucea_area_minus_validation_m2": 4.861707898214036,
        "err_ucea_area_pct_of_validation": 0.008767601796875595,
        "err_workflow0_minus_validation_kwh_year": null,
        "err_workflow0_abs_kwh_year": null,
        "err_workflow0_pct_of_validation": null
      },
      "geometry": {
        "type": "Polygon",
        "coordinates": [
          [
            [
              -9.1538287,
              38.772357000000014
            ],
            [
              -9.1537646,
              38.772341
            ],
            [
              -9.153776699999998,
              38.7723115
            ],
            [
              -9.1537587,
              38.77230699999999
            ],
            [
              -9.153835899999999,
              38.7721188
            ],
            [
              -9.153854199999998,
              38.7721234
            ],
            [
              -9.1538675,
              38.77209119999999
            ],
            [
              -9.153916,
              38.77210329999999
            ],
            [
              -9.153919799999999,
              38.772093999999996
            ],
            [
              -9.1539793,
              38.7721088
            ],
            [
              -9.153973,
              38.772124
            ],
            [
              -9.153986,
              38.7721273
            ],
            [
              -9.1539729,
              38.77215929999999
            ],
            [
              -9.1539862,
              38.77216260000001
            ],
            [
              -9.153975599999999,
              38.7721885
            ],
            [
              -9.1540461,
              38.772206
            ],
            [
              -9.1540403,
              38.77222009999999
            ],
            [
              -9.154094299999999,
              38.77223349999999
            ],
            [
              -9.1540558,
              38.77232739999999
            ],
            [
              -9.154009699999998,
              38.772315899999995
            ],
            [
              -9.153995599999998,
              38.7723504
            ],
            [
              -9.1539535,
              38.7723399
            ],
            [
              -9.1539424,
              38.772366999999996
            ],
            [
              -9.1538355,
              38.7723404
            ],
            [
              -9.1538287,
              38.772357000000014
            ]
          ]
        ]
      }
    },
    {
      "type": "Feature",
      "properties": {
        "area_id": "Alta_Lisboa",
        "osm_uid": "cea/40",
        "osmid": "40",
        "element_type": "cea_zone",
        "building": "yes",
        "cea_name": "B1040",
        "intersection_area_m2": 409.8525790272137,
        "is_residential": true,
        "residential_source": "cea",
        "radiation_sum_kwh_year": 938017.342109375,
        "radiation_sum": 938017.342109375,
        "radiation_point_count": 674.0,
        "use_type1": "MULTI_RES",
        "use_type2": "NONE",
        "use_type3": "NONE",
        "resi_type": null,
        "comparison_status": "matched",
        "validation_radiation_kwh_year": 938017.342109375,
        "ucea_radiation_kwh_year": 631761.5300000033,
        "workflow0_radiation_kwh_year": null,
        "validation_area_m2": 409.8525790272137,
        "ucea_roofs_top_m2": 430.84,
        "err_ucea_minus_validation_kwh_year": -306255.81210937176,
        "err_ucea_abs_kwh_year": 306255.81210937176,
        "err_ucea_pct_of_validation": -0.3264926972679164,
        "err_ucea_area_minus_validation_m2": 20.987420972786254,
        "err_ucea_area_pct_of_validation": 0.05120724388900994,
        "err_workflow0_minus_validation_kwh_year": null,
        "err_workflow0_abs_kwh_year": null,
        "err_workflow0_pct_of_validation": null
      },
      "geometry": {
        "type": "Polygon",
        "coordinates": [
          [
            [
              -9.1535263,
              38.77264719999999
            ],
            [
              -9.1535381,
              38.772650099999986
            ],
            [
              -9.1536087,
              38.772478099999994
            ],
            [
              -9.153597499999998,
              38.7724753
            ],
            [
              -9.1536128,
              38.772437899999986
            ],
            [
              -9.1537786,
              38.7724792
            ],
            [
              -9.1536784,
              38.7727234
            ],
            [
              -9.1535121,
              38.772682
            ],
            [
              -9.1535263,
              38.77264719999999
            ]
          ]
        ]
      }
    },
    {
      "type": "Feature",
      "properties": {
        "area_id": "Alta_Lisboa",
        "osm_uid": "cea/41",
        "osmid": "41",
        "element_type": "cea_zone",
        "building": "yes",
        "cea_name": "B1041",
        "intersection_area_m2": 247.22561700996837,
        "is_residential": true,
        "residential_source": "cea",
        "radiation_sum_kwh_year": 544955.57646875,
        "radiation_sum": 544955.57646875,
        "radiation_point_count": 409.0,
        "use_type1": "MULTI_RES",
        "use_type2": "NONE",
        "use_type3": "NONE",
        "resi_type": null,
        "comparison_status": "matched",
        "validation_radiation_kwh_year": 544955.57646875,
        "ucea_radiation_kwh_year": 382127.98999999993,
        "workflow0_radiation_kwh_year": null,
        "validation_area_m2": 247.22561700996837,
        "ucea_roofs_top_m2": 247.22,
        "err_ucea_minus_validation_kwh_year": -162827.5864687501,
        "err_ucea_abs_kwh_year": 162827.5864687501,
        "err_ucea_pct_of_validation": -0.29879056844202656,
        "err_ucea_area_minus_validation_m2": -0.0056170099683754415,
        "err_ucea_area_pct_of_validation": -2.2720177772471524e-05,
        "err_workflow0_minus_validation_kwh_year": null,
        "err_workflow0_abs_kwh_year": null,
        "err_workflow0_pct_of_validation": null
      },
      "geometry": {
        "type": "Polygon",
        "coordinates": [
          [
            [
              -9.153674999999998,
              38.7722861
            ],
            [
              -9.1537587,
              38.77230699999999
            ],
            [
              -9.153776699999998,
              38.7723115
            ],
            [
              -9.1537646,
              38.772341
            ],
            [
              -9.1538287,
              38.772357000000014
            ],
            [
              -9.1537786,
              38.7724792
            ],
            [
              -9.1536128,
              38.772437899999986
            ],
            [
              -9.153674999999998,
              38.7722861
            ]
          ]
        ]
      }
    },
    {
      "type": "Feature",
      "properties": {
        "area_id": "Alta_Lisboa",
        "osm_uid": "cea/42",
        "osmid": "42",
        "element_type": "cea_zone",
        "building": "yes",
        "cea_name": "B1042",
        "intersection_area_m2": 453.16461369242427,
        "is_residential": true,
        "residential_source": "cea",
        "radiation_sum_kwh_year": 1113595.6709375,
        "radiation_sum": 1113595.6709375,
        "radiation_point_count": 751.0,
        "use_type1": "MULTI_RES",
        "use_type2": "NONE",
        "use_type3": "NONE",
        "resi_type": null,
        "comparison_status": "matched",
        "validation_radiation_kwh_year": 1113595.6709375,
        "ucea_radiation_kwh_year": 732152.6399999982,
        "workflow0_radiation_kwh_year": null,
        "validation_area_m2": 453.16461369242427,
        "ucea_roofs_top_m2": 453.16,
        "err_ucea_minus_validation_kwh_year": -381443.0309375018,
        "err_ucea_abs_kwh_year": 381443.0309375018,
        "err_ucea_pct_of_validation": -0.3425327889577528,
        "err_ucea_area_minus_validation_m2": -0.004613692424243254,
        "err_ucea_area_pct_of_validation": -1.0181051840412894e-05,
        "err_workflow0_minus_validation_kwh_year": null,
        "err_workflow0_abs_kwh_year": null,
        "err_workflow0_pct_of_validation": null
      },
      "geometry": {
        "type": "Polygon",
        "coordinates": [
          [
            [
              -9.1535732,
              38.77297989999999
            ],
            [
              -9.1534069,
              38.7729385
            ],
            [
              -9.1535121,
              38.772682
            ],
            [
              -9.1536784,
              38.7727234
            ],
            [
              -9.1535732,
              38.77297989999999
            ]
          ]
        ]
      }
    },
    {
      "type": "Feature",
      "properties": {
        "area_id": "Alta_Lisboa",
        "osm_uid": "cea/43",
        "osmid": "43",
        "element_type": "cea_zone",
        "building": "yes",
        "cea_name": "B1043",
        "intersection_area_m2": 370.47287369398555,
        "is_residential": true,
        "residential_source": "cea",
        "radiation_sum_kwh_year": 701489.609890625,
        "radiation_sum": 701489.609890625,
        "radiation_point_count": 613.0,
        "use_type1": "MULTI_RES",
        "use_type2": "NONE",
        "use_type3": "NONE",
        "resi_type": null,
        "comparison_status": "matched",
        "validation_radiation_kwh_year": 701489.609890625,
        "ucea_radiation_kwh_year": 632987.8300000017,
        "workflow0_radiation_kwh_year": null,
        "validation_area_m2": 370.47287369398555,
        "ucea_roofs_top_m2": 437.59,
        "err_ucea_minus_validation_kwh_year": -68501.7798906233,
        "err_ucea_abs_kwh_year": 68501.7798906233,
        "err_ucea_pct_of_validation": -0.09765188097554854,
        "err_ucea_area_minus_validation_m2": 67.11712630601443,
        "err_ucea_area_pct_of_validation": 0.1811661016818572,
        "err_workflow0_minus_validation_kwh_year": null,
        "err_workflow0_abs_kwh_year": null,
        "err_workflow0_pct_of_validation": null
      },
      "geometry": {
        "type": "Polygon",
        "coordinates": [
          [
            [
              -9.152107,
              38.77273029999999
            ],
            [
              -9.1521894,
              38.772750699999996
            ],
            [
              -9.1521432,
              38.77286389999998
            ],
            [
              -9.1519169,
              38.77280780000001
            ],
            [
              -9.151989399999998,
              38.77263009999999
            ],
            [
              -9.152133399999999,
              38.7726658
            ],
            [
              -9.152107,
              38.77273029999999
            ]
          ]
        ]
      }
    },
    {
      "type": "Feature",
      "properties": {
        "area_id": "Alta_Lisboa",
        "osm_uid": "cea/44",
        "osmid": "44",
        "element_type": "cea_zone",
        "building": "yes",
        "cea_name": "B1044",
        "intersection_area_m2": 236.53398952913864,
        "is_residential": true,
        "residential_source": "cea",
        "radiation_sum_kwh_year": 563281.8781875,
        "radiation_sum": 563281.8781875,
        "radiation_point_count": 390.0,
        "use_type1": "MULTI_RES",
        "use_type2": "NONE",
        "use_type3": "NONE",
        "resi_type": null,
        "comparison_status": "matched",
        "validation_radiation_kwh_year": 563281.8781875,
        "ucea_radiation_kwh_year": 336506.91000000003,
        "workflow0_radiation_kwh_year": null,
        "validation_area_m2": 236.53398952913864,
        "ucea_roofs_top_m2": 240.64,
        "err_ucea_minus_validation_kwh_year": -226774.96818750002,
        "err_ucea_abs_kwh_year": 226774.96818750002,
        "err_ucea_pct_of_validation": -0.4025958884337005,
        "err_ucea_area_minus_validation_m2": 4.106010470861349,
        "err_ucea_area_pct_of_validation": 0.01735907164562296,
        "err_workflow0_minus_validation_kwh_year": null,
        "err_workflow0_abs_kwh_year": null,
        "err_workflow0_pct_of_validation": null
      },
      "geometry": {
        "type": "Polygon",
        "coordinates": [
          [
            [
              -9.151989399999998,
              38.77263009999999
            ],
            [
              -9.1520526,
              38.7724753
            ],
            [
              -9.1521965,
              38.772511
            ],
            [
              -9.152133399999999,
              38.7726658
            ],
            [
              -9.151989399999998,
              38.77263009999999
            ]
          ]
        ]
      }
    },
    {
      "type": "Feature",
      "properties": {
        "area_id": "Alta_Lisboa",
        "osm_uid": "cea/45",
        "osmid": "45",
        "element_type": "cea_zone",
        "building": "yes",
        "cea_name": "B1045",
        "intersection_area_m2": 366.5435176578728,
        "is_residential": true,
        "residential_source": "cea",
        "radiation_sum_kwh_year": 833995.7813515625,
        "radiation_sum": 833995.7813515625,
        "radiation_point_count": 604.0,
        "use_type1": "MULTI_RES",
        "use_type2": "NONE",
        "use_type3": "NONE",
        "resi_type": null,
        "comparison_status": "matched",
        "validation_radiation_kwh_year": 833995.7813515625,
        "ucea_radiation_kwh_year": 585547.4799999992,
        "workflow0_radiation_kwh_year": null,
        "validation_area_m2": 366.5435176578728,
        "ucea_roofs_top_m2": 434.11,
        "err_ucea_minus_validation_kwh_year": -248448.3013515633,
        "err_ucea_abs_kwh_year": 248448.3013515633,
        "err_ucea_pct_of_validation": -0.29790114879110213,
        "err_ucea_area_minus_validation_m2": 67.56648234212719,
        "err_ucea_area_pct_of_validation": 0.18433413520408484,
        "err_workflow0_minus_validation_kwh_year": null,
        "err_workflow0_abs_kwh_year": null,
        "err_workflow0_pct_of_validation": null
      },
      "geometry": {
        "type": "Polygon",
        "coordinates": [
          [
            [
              -9.1521965,
              38.772511
            ],
            [
              -9.1520526,
              38.7724753
            ],
            [
              -9.1521245,
              38.7722992
            ],
            [
              -9.1523504,
              38.772355199999986
            ],
            [
              -9.152304699999998,
              38.7724672
            ],
            [
              -9.152222699999998,
              38.77244689999999
            ],
            [
              -9.1521965,
              38.772511
            ]
          ]
        ]
      }
    },
    {
      "type": "Feature",
      "properties": {
        "area_id": "Alta_Lisboa",
        "osm_uid": "cea/46",
        "osmid": "46",
        "element_type": "cea_zone",
        "building": "yes",
        "cea_name": "B1046",
        "intersection_area_m2": 234.33676148704424,
        "is_residential": true,
        "residential_source": "cea",
        "radiation_sum_kwh_year": 419237.2501796875,
        "radiation_sum": 419237.2501796875,
        "radiation_point_count": 386.0,
        "use_type1": "MULTI_RES",
        "use_type2": "NONE",
        "use_type3": "NONE",
        "resi_type": null,
        "comparison_status": "matched",
        "validation_radiation_kwh_year": 419237.2501796875,
        "ucea_radiation_kwh_year": 336600.91000000044,
        "workflow0_radiation_kwh_year": null,
        "validation_area_m2": 234.33676148704424,
        "ucea_roofs_top_m2": 238.15,
        "err_ucea_minus_validation_kwh_year": -82636.34017968707,
        "err_ucea_abs_kwh_year": 82636.34017968707,
        "err_ucea_pct_of_validation": -0.19711115876337004,
        "err_ucea_area_minus_validation_m2": 3.8132385129557633,
        "err_ucea_area_pct_of_validation": 0.01627247252525757,
        "err_workflow0_minus_validation_kwh_year": null,
        "err_workflow0_abs_kwh_year": null,
        "err_workflow0_pct_of_validation": null
      },
      "geometry": {
        "type": "Polygon",
        "coordinates": [
          [
            [
              -9.1523504,
              38.772355199999986
            ],
            [
              -9.152547499999999,
              38.772404099999996
            ],
            [
              -9.1525018,
              38.7725161
            ],
            [
              -9.152304699999998,
              38.7724672
            ],
            [
              -9.1523504,
              38.772355199999986
            ]
          ]
        ]
      }
    },
    {
      "type": "Feature",
      "properties": {
        "area_id": "Alta_Lisboa",
        "osm_uid": "cea/47",
        "osmid": "47",
        "element_type": "cea_zone",
        "building": "yes",
        "cea_name": "B1047",
        "intersection_area_m2": 369.2005635828266,
        "is_residential": true,
        "residential_source": "cea",
        "radiation_sum_kwh_year": 838283.1327421875,
        "radiation_sum": 838283.1327421875,
        "radiation_point_count": 610.0,
        "use_type1": "MULTI_RES",
        "use_type2": "NONE",
        "use_type3": "NONE",
        "resi_type": null,
        "comparison_status": "matched",
        "validation_radiation_kwh_year": 838283.1327421875,
        "ucea_radiation_kwh_year": 622617.0500000038,
        "workflow0_radiation_kwh_year": null,
        "validation_area_m2": 369.2005635828266,
        "ucea_roofs_top_m2": 434.06,
        "err_ucea_minus_validation_kwh_year": -215666.0827421837,
        "err_ucea_abs_kwh_year": 215666.0827421837,
        "err_ucea_pct_of_validation": -0.2572711704656372,
        "err_ucea_area_minus_validation_m2": 64.85943641717341,
        "err_ucea_area_pct_of_validation": 0.17567534509633223,
        "err_workflow0_minus_validation_kwh_year": null,
        "err_workflow0_abs_kwh_year": null,
        "err_workflow0_pct_of_validation": null
      },
      "geometry": {
        "type": "Polygon",
        "coordinates": [
          [
            [
              -9.1527039,
              38.77263649999999
            ],
            [
              -9.1525594,
              38.77260069999999
            ],
            [
              -9.152585399999998,
              38.7725368
            ],
            [
              -9.1525018,
              38.7725161
            ],
            [
              -9.152547499999999,
              38.772404099999996
            ],
            [
              -9.152775699999998,
              38.7724607
            ],
            [
              -9.1527039,
              38.77263649999999
            ]
          ]
        ]
      }
    },
    {
      "type": "Feature",
      "properties": {
        "area_id": "Alta_Lisboa",
        "osm_uid": "cea/48",
        "osmid": "48",
        "element_type": "cea_zone",
        "building": "yes",
        "cea_name": "B1048",
        "intersection_area_m2": 239.06366887064294,
        "is_residential": true,
        "residential_source": "cea",
        "radiation_sum_kwh_year": 585334.7185,
        "radiation_sum": 585334.7185,
        "radiation_point_count": 395.0,
        "use_type1": "MULTI_RES",
        "use_type2": "NONE",
        "use_type3": "NONE",
        "resi_type": null,
        "comparison_status": "matched",
        "validation_radiation_kwh_year": 585334.7185,
        "ucea_radiation_kwh_year": 372499.44000000035,
        "workflow0_radiation_kwh_year": null,
        "validation_area_m2": 239.06366887064294,
        "ucea_roofs_top_m2": 245.35,
        "err_ucea_minus_validation_kwh_year": -212835.2784999996,
        "err_ucea_abs_kwh_year": 212835.2784999996,
        "err_ucea_pct_of_validation": -0.36361294106288283,
        "err_ucea_area_minus_validation_m2": 6.286331129357052,
        "err_ucea_area_pct_of_validation": 0.02629563563152115,
        "err_workflow0_minus_validation_kwh_year": null,
        "err_workflow0_abs_kwh_year": null,
        "err_workflow0_pct_of_validation": null
      },
      "geometry": {
        "type": "Polygon",
        "coordinates": [
          [
            [
              -9.1524958,
              38.77275649999999
            ],
            [
              -9.1525594,
              38.77260069999999
            ],
            [
              -9.1527039,
              38.77263649999999
            ],
            [
              -9.152640299999998,
              38.772792399999986
            ],
            [
              -9.1524958,
              38.77275649999999
            ]
          ]
        ]
      }
    },
    {
      "type": "Feature",
      "properties": {
        "area_id": "Alta_Lisboa",
        "osm_uid": "cea/49",
        "osmid": "49",
        "element_type": "cea_zone",
        "building": "yes",
        "cea_name": "B1049",
        "intersection_area_m2": 371.1067151006221,
        "is_residential": true,
        "residential_source": "cea",
        "radiation_sum_kwh_year": 735606.3704921876,
        "radiation_sum": 735606.3704921876,
        "radiation_point_count": 614.0,
        "use_type1": "MULTI_RES",
        "use_type2": "NONE",
        "use_type3": "NONE",
        "resi_type": null,
        "comparison_status": "matched",
        "validation_radiation_kwh_year": 735606.3704921876,
        "ucea_radiation_kwh_year": 686490.2900000003,
        "workflow0_radiation_kwh_year": null,
        "validation_area_m2": 371.1067151006221,
        "ucea_roofs_top_m2": 433.19,
        "err_ucea_minus_validation_kwh_year": -49116.08049218729,
        "err_ucea_abs_kwh_year": 49116.08049218729,
        "err_ucea_pct_of_validation": -0.06676951486883421,
        "err_ucea_area_minus_validation_m2": 62.08328489937787,
        "err_ucea_area_pct_of_validation": 0.1672922703178372,
        "err_workflow0_minus_validation_kwh_year": null,
        "err_workflow0_abs_kwh_year": null,
        "err_workflow0_pct_of_validation": null
      },
      "geometry": {
        "type": "Polygon",
        "coordinates": [
          [
            [
              -9.1525678,
              38.772970099999995
            ],
            [
              -9.1523414,
              38.77291389999999
            ],
            [
              -9.1523877,
              38.77280059999998
            ],
            [
              -9.1524695,
              38.772820900000006
            ],
            [
              -9.1524958,
              38.77275649999999
            ],
            [
              -9.152640299999998,
              38.772792399999986
            ],
            [
              -9.1525678,
              38.772970099999995
            ]
          ]
        ]
      }
    },
    {
      "type": "Feature",
      "properties": {
        "area_id": "Alta_Lisboa",
        "osm_uid": "cea/50",
        "osmid": "50",
        "element_type": "cea_zone",
        "building": "yes",
        "cea_name": "B1050",
        "intersection_area_m2": 370.7444376004047,
        "is_residential": true,
        "residential_source": "cea",
        "radiation_sum_kwh_year": 841388.059640625,
        "radiation_sum": 841388.059640625,
        "radiation_point_count": 612.0,
        "use_type1": "MULTI_RES",
        "use_type2": "NONE",
        "use_type3": "NONE",
        "resi_type": null,
        "comparison_status": "matched",
        "validation_radiation_kwh_year": 841388.059640625,
        "ucea_radiation_kwh_year": 631194.1300000009,
        "workflow0_radiation_kwh_year": null,
        "validation_area_m2": 370.7444376004047,
        "ucea_roofs_top_m2": 437.5,
        "err_ucea_minus_validation_kwh_year": -210193.9296406241,
        "err_ucea_abs_kwh_year": 210193.9296406241,
        "err_ucea_pct_of_validation": -0.24981805628475695,
        "err_ucea_area_minus_validation_m2": 66.7555623995953,
        "err_ucea_area_pct_of_validation": 0.18005816306149333,
        "err_workflow0_minus_validation_kwh_year": null,
        "err_workflow0_abs_kwh_year": null,
        "err_workflow0_pct_of_validation": null
      },
      "geometry": {
        "type": "Polygon",
        "coordinates": [
          [
            [
              -9.1518443,
              38.772984899999976
            ],
            [
              -9.152071299999998,
              38.77304109999999
            ],
            [
              -9.152025099999998,
              38.77315459999999
            ],
            [
              -9.1519427,
              38.7731342
            ],
            [
              -9.1519168,
              38.7731976
            ],
            [
              -9.151772199999998,
              38.7731618
            ],
            [
              -9.1518443,
              38.772984899999976
            ]
          ]
        ]
      }
    },
    {
      "type": "Feature",
      "properties": {
        "area_id": "Alta_Lisboa",
        "osm_uid": "cea/51",
        "osmid": "51",
        "element_type": "cea_zone",
        "building": "yes",
        "cea_name": "B1051",
        "intersection_area_m2": 237.23200376810422,
        "is_residential": true,
        "residential_source": "cea",
        "radiation_sum_kwh_year": 583179.328375,
        "radiation_sum": 583179.328375,
        "radiation_point_count": 392.0,
        "use_type1": "MULTI_RES",
        "use_type2": "NONE",
        "use_type3": "NONE",
        "resi_type": null,
        "comparison_status": "matched",
        "validation_radiation_kwh_year": 583179.328375,
        "ucea_radiation_kwh_year": 372585.7499999989,
        "workflow0_radiation_kwh_year": null,
        "validation_area_m2": 237.23200376810422,
        "ucea_roofs_top_m2": 243.08,
        "err_ucea_minus_validation_kwh_year": -210593.57837500115,
        "err_ucea_abs_kwh_year": 210593.57837500115,
        "err_ucea_pct_of_validation": -0.3611128998035812,
        "err_ucea_area_minus_validation_m2": 5.847996231895792,
        "err_ucea_area_pct_of_validation": 0.024650958298241432,
        "err_workflow0_minus_validation_kwh_year": null,
        "err_workflow0_abs_kwh_year": null,
        "err_workflow0_pct_of_validation": null
      },
      "geometry": {
        "type": "Polygon",
        "coordinates": [
          [
            [
              -9.1517092,
              38.7733164
            ],
            [
              -9.151772199999998,
              38.7731618
            ],
            [
              -9.1519168,
              38.7731976
            ],
            [
              -9.1518538,
              38.77335219999999
            ],
            [
              -9.1517092,
              38.7733164
            ]
          ]
        ]
      }
    },
    {
      "type": "Feature",
      "properties": {
        "area_id": "Alta_Lisboa",
        "osm_uid": "cea/52",
        "osmid": "52",
        "element_type": "cea_zone",
        "building": "yes",
        "cea_name": "B1052",
        "intersection_area_m2": 372.25901245316396,
        "is_residential": true,
        "residential_source": "cea",
        "radiation_sum_kwh_year": 766199.57140625,
        "radiation_sum": 766199.57140625,
        "radiation_point_count": 611.0,
        "use_type1": "MULTI_RES",
        "use_type2": "NONE",
        "use_type3": "NONE",
        "resi_type": null,
        "comparison_status": "matched",
        "validation_radiation_kwh_year": 766199.57140625,
        "ucea_radiation_kwh_year": 644106.1800000003,
        "workflow0_radiation_kwh_year": null,
        "validation_area_m2": 372.25901245316396,
        "ucea_roofs_top_m2": 435.84,
        "err_ucea_minus_validation_kwh_year": -122093.39140624972,
        "err_ucea_abs_kwh_year": 122093.39140624972,
        "err_ucea_pct_of_validation": -0.15934933398900852,
        "err_ucea_area_minus_validation_m2": 63.58098754683601,
        "err_ucea_area_pct_of_validation": 0.17079771186153753,
        "err_workflow0_minus_validation_kwh_year": null,
        "err_workflow0_abs_kwh_year": null,
        "err_workflow0_pct_of_validation": null
      },
      "geometry": {
        "type": "Polygon",
        "coordinates": [
          [
            [
              -9.151908999999998,
              38.77343789999998
            ],
            [
              -9.151863,
              38.773551
            ],
            [
              -9.151636499999999,
              38.77349499999999
            ],
            [
              -9.1517092,
              38.7733164
            ],
            [
              -9.1518538,
              38.77335219999999
            ],
            [
              -9.1518272,
              38.77341759999999
            ],
            [
              -9.151908999999998,
              38.77343789999998
            ]
          ]
        ]
      }
    },
    {
      "type": "Feature",
      "properties": {
        "area_id": "Alta_Lisboa",
        "osm_uid": "cea/53",
        "osmid": "53",
        "element_type": "cea_zone",
        "building": "yes",
        "cea_name": "B1053",
        "intersection_area_m2": 235.89975493456654,
        "is_residential": true,
        "residential_source": "cea",
        "radiation_sum_kwh_year": 451117.05615625,
        "radiation_sum": 451117.05615625,
        "radiation_point_count": 389.0,
        "use_type1": "MULTI_RES",
        "use_type2": "NONE",
        "use_type3": "NONE",
        "resi_type": null,
        "comparison_status": "matched",
        "validation_radiation_kwh_year": 451117.05615625,
        "ucea_radiation_kwh_year": 374514.00000000093,
        "workflow0_radiation_kwh_year": null,
        "validation_area_m2": 235.89975493456654,
        "ucea_roofs_top_m2": 240.43,
        "err_ucea_minus_validation_kwh_year": -76603.05615624908,
        "err_ucea_abs_kwh_year": 76603.05615624908,
        "err_ucea_pct_of_validation": -0.16980749255846503,
        "err_ucea_area_minus_validation_m2": 4.530245065433462,
        "err_ucea_area_pct_of_validation": 0.019204110944032363,
        "err_workflow0_minus_validation_kwh_year": null,
        "err_workflow0_abs_kwh_year": null,
        "err_workflow0_pct_of_validation": null
      },
      "geometry": {
        "type": "Polygon",
        "coordinates": [
          [
            [
              -9.152059499999998,
              38.773599699999984
            ],
            [
              -9.151863,
              38.773551
            ],
            [
              -9.151908999999998,
              38.77343789999998
            ],
            [
              -9.1521056,
              38.773486599999984
            ],
            [
              -9.152059499999998,
              38.773599699999984
            ]
          ]
        ]
      }
    },
    {
      "type": "Feature",
      "properties": {
        "area_id": "Alta_Lisboa",
        "osm_uid": "cea/54",
        "osmid": "54",
        "element_type": "cea_zone",
        "building": "yes",
        "cea_name": "B1054",
        "intersection_area_m2": 372.87641404951376,
        "is_residential": true,
        "residential_source": "cea",
        "radiation_sum_kwh_year": 754922.39365625,
        "radiation_sum": 754922.39365625,
        "radiation_point_count": 613.0,
        "use_type1": "MULTI_RES",
        "use_type2": "NONE",
        "use_type3": "NONE",
        "resi_type": null,
        "comparison_status": "matched",
        "validation_radiation_kwh_year": 754922.39365625,
        "ucea_radiation_kwh_year": 638569.0499999986,
        "workflow0_radiation_kwh_year": null,
        "validation_area_m2": 372.87641404951376,
        "ucea_roofs_top_m2": 437.96,
        "err_ucea_minus_validation_kwh_year": -116353.34365625132,
        "err_ucea_abs_kwh_year": 116353.34365625132,
        "err_ucea_pct_of_validation": -0.1541262315623296,
        "err_ucea_area_minus_validation_m2": 65.08358595048622,
        "err_ucea_area_pct_of_validation": 0.17454465742057867,
        "err_workflow0_minus_validation_kwh_year": null,
        "err_workflow0_abs_kwh_year": null,
        "err_workflow0_pct_of_validation": null
      },
      "geometry": {
        "type": "Polygon",
        "coordinates": [
          [
            [
              -9.152059499999998,
              38.773599699999984
            ],
            [
              -9.1521056,
              38.773486599999984
            ],
            [
              -9.152188799999998,
              38.7735072
            ],
            [
              -9.1522149,
              38.773443199999996
            ],
            [
              -9.152360099999997,
              38.77347919999999
            ],
            [
              -9.152288,
              38.7736563
            ],
            [
              -9.152059499999998,
              38.773599699999984
            ]
          ]
        ]
      }
    },
    {
      "type": "Feature",
      "properties": {
        "area_id": "Alta_Lisboa",
        "osm_uid": "cea/55",
        "osmid": "55",
        "element_type": "cea_zone",
        "building": "yes",
        "cea_name": "B1055",
        "intersection_area_m2": 238.60140604129373,
        "is_residential": true,
        "residential_source": "cea",
        "radiation_sum_kwh_year": 585779.227875,
        "radiation_sum": 585779.227875,
        "radiation_point_count": 394.0,
        "use_type1": "MULTI_RES",
        "use_type2": "NONE",
        "use_type3": "NONE",
        "resi_type": null,
        "comparison_status": "matched",
        "validation_radiation_kwh_year": 585779.227875,
        "ucea_radiation_kwh_year": 370410.17999999964,
        "workflow0_radiation_kwh_year": null,
        "validation_area_m2": 238.60140604129373,
        "ucea_roofs_top_m2": 243.81,
        "err_ucea_minus_validation_kwh_year": -215369.04787500034,
        "err_ucea_abs_kwh_year": 215369.04787500034,
        "err_ucea_pct_of_validation": -0.3676624872074811,
        "err_ucea_area_minus_validation_m2": 5.208593958706274,
        "err_ucea_area_pct_of_validation": 0.02182968677814432,
        "err_workflow0_minus_validation_kwh_year": null,
        "err_workflow0_abs_kwh_year": null,
        "err_workflow0_pct_of_validation": null
      },
      "geometry": {
        "type": "Polygon",
        "coordinates": [
          [
            [
              -9.1522149,
              38.773443199999996
            ],
            [
              -9.152278,
              38.7732884
            ],
            [
              -9.152423199999998,
              38.77332429999999
            ],
            [
              -9.152360099999997,
              38.77347919999999
            ],
            [
              -9.1522149,
              38.773443199999996
            ]
          ]
        ]
      }
    },
    {
      "type": "Feature",
      "properties": {
        "area_id": "Alta_Lisboa",
        "osm_uid": "cea/56",
        "osmid": "56",
        "element_type": "cea_zone",
        "building": "yes",
        "cea_name": "B1056",
        "intersection_area_m2": 369.61348279181516,
        "is_residential": true,
        "residential_source": "cea",
        "radiation_sum_kwh_year": 855669.69303125,
        "radiation_sum": 855669.69303125,
        "radiation_point_count": 611.0,
        "use_type1": "MULTI_RES",
        "use_type2": "NONE",
        "use_type3": "NONE",
        "resi_type": null,
        "comparison_status": "matched",
        "validation_radiation_kwh_year": 855669.69303125,
        "ucea_radiation_kwh_year": 678837.8199999987,
        "workflow0_radiation_kwh_year": null,
        "validation_area_m2": 369.61348279181516,
        "ucea_roofs_top_m2": 437.15,
        "err_ucea_minus_validation_kwh_year": -176831.87303125137,
        "err_ucea_abs_kwh_year": 176831.87303125137,
        "err_ucea_pct_of_validation": -0.20665903498909277,
        "err_ucea_area_minus_validation_m2": 67.53651720818482,
        "err_ucea_area_pct_of_validation": 0.1827220065081467,
        "err_workflow0_minus_validation_kwh_year": null,
        "err_workflow0_abs_kwh_year": null,
        "err_workflow0_pct_of_validation": null
      },
      "geometry": {
        "type": "Polygon",
        "coordinates": [
          [
            [
              -9.1524952,
              38.7731476
            ],
            [
              -9.152423199999998,
              38.77332429999999
            ],
            [
              -9.152278,
              38.7732884
            ],
            [
              -9.152303899999998,
              38.77322469999999
            ],
            [
              -9.1522228,
              38.7732046
            ],
            [
              -9.1522688,
              38.77309160000001
            ],
            [
              -9.1524952,
              38.7731476
            ]
          ]
        ]
      }
    },
    {
      "type": "Feature",
      "properties": {
        "area_id": "Alta_Lisboa",
        "osm_uid": "cea/57",
        "osmid": "57",
        "element_type": "cea_zone",
        "building": "yes",
        "cea_name": "B1057",
        "intersection_area_m2": 1996.1700056317245,
        "is_residential": true,
        "residential_source": "cea",
        "radiation_sum_kwh_year": 5404929.7555,
        "radiation_sum": 5404929.7555,
        "radiation_point_count": 3289.0,
        "use_type1": "MULTI_RES",
        "use_type2": "NONE",
        "use_type3": "NONE",
        "resi_type": null,
        "comparison_status": "matched",
        "validation_radiation_kwh_year": 5404929.7555,
        "ucea_radiation_kwh_year": 3178125.0499999938,
        "workflow0_radiation_kwh_year": null,
        "validation_area_m2": 1996.1700056317245,
        "ucea_roofs_top_m2": 1984.81,
        "err_ucea_minus_validation_kwh_year": -2226804.705500006,
        "err_ucea_abs_kwh_year": 2226804.705500006,
        "err_ucea_pct_of_validation": -0.41199512412423733,
        "err_ucea_area_minus_validation_m2": -11.360005631724562,
        "err_ucea_area_pct_of_validation": -0.005690900875013138,
        "err_workflow0_minus_validation_kwh_year": null,
        "err_workflow0_abs_kwh_year": null,
        "err_workflow0_pct_of_validation": null
      },
      "geometry": {
        "type": "Polygon",
        "coordinates": [
          [
            [
              -9.1569944,
              38.77607119999998
            ],
            [
              -9.157079499999998,
              38.776320899999995
            ],
            [
              -9.1570876,
              38.77635460000001
            ],
            [
              -9.157083599999998,
              38.7763799
            ],
            [
              -9.157068699999998,
              38.776404199999995
            ],
            [
              -9.157041699999999,
              38.776419999999995
            ],
            [
              -9.157009199999997,
              38.7764295
            ],
            [
              -9.1569619,
              38.77643260000001
            ],
            [
              -9.156455,
              38.7764253
            ],
            [
              -9.1564592,
              38.7762502
            ],
            [
              -9.156463099999998,
              38.77608490000001
            ],
            [
              -9.1567753,
              38.7760769
            ],
            [
              -9.1569944,
              38.77607119999998
            ]
          ]
        ]
      }
    },
    {
      "type": "Feature",
      "properties": {
        "area_id": "Alta_Lisboa",
        "osm_uid": "cea/61",
        "osmid": "61",
        "element_type": "cea_zone",
        "building": "yes",
        "cea_name": "B1061",
        "intersection_area_m2": 124.26560305683645,
        "is_residential": true,
        "residential_source": "cea",
        "radiation_sum_kwh_year": 182856.72184375,
        "radiation_sum": 182856.72184375,
        "radiation_point_count": 203.0,
        "use_type1": "MULTI_RES",
        "use_type2": "NONE",
        "use_type3": "NONE",
        "resi_type": null,
        "comparison_status": "matched",
        "validation_radiation_kwh_year": 182856.72184375,
        "ucea_radiation_kwh_year": 204777.4400000006,
        "workflow0_radiation_kwh_year": null,
        "validation_area_m2": 124.26560305683645,
        "ucea_roofs_top_m2": 126.66,
        "err_ucea_minus_validation_kwh_year": 21920.7181562506,
        "err_ucea_abs_kwh_year": 21920.7181562506,
        "err_ucea_pct_of_validation": 0.11987920342891045,
        "err_ucea_area_minus_validation_m2": 2.3943969431635423,
        "err_ucea_area_pct_of_validation": 0.019268380664184247,
        "err_workflow0_minus_validation_kwh_year": null,
        "err_workflow0_abs_kwh_year": null,
        "err_workflow0_pct_of_validation": null
      },
      "geometry": {
        "type": "Polygon",
        "coordinates": [
          [
            [
              -9.152898599999999,
              38.77472310000001
            ],
            [
              -9.1528555,
              38.774750999999995
            ],
            [
              -9.1527585,
              38.774660299999994
            ],
            [
              -9.152842399999999,
              38.774605799999996
            ],
            [
              -9.1529393,
              38.7746966
            ],
            [
              -9.152898599999999,
              38.77472310000001
            ]
          ]
        ]
      }
    },
    {
      "type": "Feature",
      "properties": {
        "area_id": "Alta_Lisboa",
        "osm_uid": "cea/62",
        "osmid": "62",
        "element_type": "cea_zone",
        "building": "yes",
        "cea_name": "B1062",
        "intersection_area_m2": 123.18186977450087,
        "is_residential": true,
        "residential_source": "cea",
        "radiation_sum_kwh_year": 201118.711375,
        "radiation_sum": 201118.711375,
        "radiation_point_count": 203.0,
        "use_type1": "MULTI_RES",
        "use_type2": "NONE",
        "use_type3": "NONE",
        "resi_type": null,
        "comparison_status": "matched",
        "validation_radiation_kwh_year": 201118.711375,
        "ucea_radiation_kwh_year": 173555.25000000017,
        "workflow0_radiation_kwh_year": null,
        "validation_area_m2": 123.18186977450087,
        "ucea_roofs_top_m2": 125.54,
        "err_ucea_minus_validation_kwh_year": -27563.46137499984,
        "err_ucea_abs_kwh_year": 27563.46137499984,
        "err_ucea_pct_of_validation": -0.13705070595647276,
        "err_ucea_area_minus_validation_m2": 2.3581302254991385,
        "err_ucea_area_pct_of_validation": 0.019143484587593757,
        "err_workflow0_minus_validation_kwh_year": null,
        "err_workflow0_abs_kwh_year": null,
        "err_workflow0_pct_of_validation": null
      },
      "geometry": {
        "type": "Polygon",
        "coordinates": [
          [
            [
              -9.1529393,
              38.7746966
            ],
            [
              -9.1529835,
              38.7746679
            ],
            [
              -9.153078399999998,
              38.77475669999998
            ],
            [
              -9.1529935,
              38.774811899999996
            ],
            [
              -9.152898599999999,
              38.77472310000001
            ],
            [
              -9.1529393,
              38.7746966
            ]
          ]
        ]
      }
    },
    {
      "type": "Feature",
      "properties": {
        "area_id": "Alta_Lisboa",
        "osm_uid": "cea/63",
        "osmid": "63",
        "element_type": "cea_zone",
        "building": "yes",
        "cea_name": "B1063",
        "intersection_area_m2": 123.35449520521844,
        "is_residential": true,
        "residential_source": "cea",
        "radiation_sum_kwh_year": 207750.69015625,
        "radiation_sum": 207750.69015625,
        "radiation_point_count": 204.0,
        "use_type1": "MULTI_RES",
        "use_type2": "NONE",
        "use_type3": "NONE",
        "resi_type": null,
        "comparison_status": "matched",
        "validation_radiation_kwh_year": 207750.69015625,
        "ucea_radiation_kwh_year": 190392.46000000002,
        "workflow0_radiation_kwh_year": null,
        "validation_area_m2": 123.35449520521844,
        "ucea_roofs_top_m2": 125.44,
        "err_ucea_minus_validation_kwh_year": -17358.230156249978,
        "err_ucea_abs_kwh_year": 17358.230156249978,
        "err_ucea_pct_of_validation": -0.08355317685440561,
        "err_ucea_area_minus_validation_m2": 2.0855047947815564,
        "err_ucea_area_pct_of_validation": 0.016906597455666375,
        "err_workflow0_minus_validation_kwh_year": null,
        "err_workflow0_abs_kwh_year": null,
        "err_workflow0_pct_of_validation": null
      },
      "geometry": {
        "type": "Polygon",
        "coordinates": [
          [
            [
              -9.1529935,
              38.774811899999996
            ],
            [
              -9.153078399999998,
              38.77475669999998
            ],
            [
              -9.1531735,
              38.7748456
            ],
            [
              -9.1530886,
              38.7749008
            ],
            [
              -9.1529935,
              38.774811899999996
            ]
          ]
        ]
      }
    },
    {
      "type": "Feature",
      "properties": {
        "area_id": "Alta_Lisboa",
        "osm_uid": "cea/64",
        "osmid": "64",
        "element_type": "cea_zone",
        "building": "yes",
        "cea_name": "B1064",
        "intersection_area_m2": 122.91209748219146,
        "is_residential": true,
        "residential_source": "cea",
        "radiation_sum_kwh_year": 168064.639015625,
        "radiation_sum": 168064.639015625,
        "radiation_point_count": 201.0,
        "use_type1": "MULTI_RES",
        "use_type2": "NONE",
        "use_type3": "NONE",
        "resi_type": null,
        "comparison_status": "matched",
        "validation_radiation_kwh_year": 168064.639015625,
        "ucea_radiation_kwh_year": 194058.06999999995,
        "workflow0_radiation_kwh_year": null,
        "validation_area_m2": 122.91209748219146,
        "ucea_roofs_top_m2": 122.91,
        "err_ucea_minus_validation_kwh_year": 25993.43098437495,
        "err_ucea_abs_kwh_year": 25993.43098437495,
        "err_ucea_pct_of_validation": 0.1546632958403483,
        "err_ucea_area_minus_validation_m2": -0.002097482191459221,
        "err_ucea_area_pct_of_validation": -1.7064896250453476e-05,
        "err_workflow0_minus_validation_kwh_year": null,
        "err_workflow0_abs_kwh_year": null,
        "err_workflow0_pct_of_validation": null
      },
      "geometry": {
        "type": "Polygon",
        "coordinates": [
          [
            [
              -9.153183199999999,
              38.7749894
            ],
            [
              -9.1530886,
              38.7749008
            ],
            [
              -9.1531735,
              38.7748456
            ],
            [
              -9.153268199999998,
              38.774934200000004
            ],
            [
              -9.153183199999999,
              38.7749894
            ]
          ]
        ]
      }
    },
    {
      "type": "Feature",
      "properties": {
        "area_id": "Alta_Lisboa",
        "osm_uid": "cea/65",
        "osmid": "65",
        "element_type": "cea_zone",
        "building": "yes",
        "cea_name": "B1065",
        "intersection_area_m2": 121.72871093484056,
        "is_residential": true,
        "residential_source": "cea",
        "radiation_sum_kwh_year": 184110.0953125,
        "radiation_sum": 184110.0953125,
        "radiation_point_count": 200.0,
        "use_type1": "MULTI_RES",
        "use_type2": "NONE",
        "use_type3": "NONE",
        "resi_type": null,
        "comparison_status": "matched",
        "validation_radiation_kwh_year": 184110.0953125,
        "ucea_radiation_kwh_year": 176013.88000000006,
        "workflow0_radiation_kwh_year": null,
        "validation_area_m2": 121.72871093484056,
        "ucea_roofs_top_m2": 126.67,
        "err_ucea_minus_validation_kwh_year": -8096.215312499931,
        "err_ucea_abs_kwh_year": 8096.215312499931,
        "err_ucea_pct_of_validation": -0.04397485808020352,
        "err_ucea_area_minus_validation_m2": 4.941289065159438,
        "err_ucea_area_pct_of_validation": 0.040592634450917923,
        "err_workflow0_minus_validation_kwh_year": null,
        "err_workflow0_abs_kwh_year": null,
        "err_workflow0_pct_of_validation": null
      },
      "geometry": {
        "type": "Polygon",
        "coordinates": [
          [
            [
              -9.1524374,
              38.77591969999999
            ],
            [
              -9.1523675,
              38.7758556
            ],
            [
              -9.152481999999997,
              38.775779799999995
            ],
            [
              -9.1525518,
              38.77584379999999
            ],
            [
              -9.1524374,
              38.77591969999999
            ]
          ]
        ]
      }
    },
    {
      "type": "Feature",
      "properties": {
        "area_id": "Alta_Lisboa",
        "osm_uid": "cea/66",
        "osmid": "66",
        "element_type": "cea_zone",
        "building": "yes",
        "cea_name": "B1066",
        "intersection_area_m2": 120.87717554136132,
        "is_residential": true,
        "residential_source": "cea",
        "radiation_sum_kwh_year": 233059.40540625,
        "radiation_sum": 233059.40540625,
        "radiation_point_count": 201.0,
        "use_type1": "MULTI_RES",
        "use_type2": "NONE",
        "use_type3": "NONE",
        "resi_type": null,
        "comparison_status": "matched",
        "validation_radiation_kwh_year": 233059.40540625,
        "ucea_radiation_kwh_year": 189485.23000000013,
        "workflow0_radiation_kwh_year": null,
        "validation_area_m2": 120.87717554136132,
        "ucea_roofs_top_m2": 124.2,
        "err_ucea_minus_validation_kwh_year": -43574.17540624988,
        "err_ucea_abs_kwh_year": 43574.17540624988,
        "err_ucea_pct_of_validation": -0.18696595973157557,
        "err_ucea_area_minus_validation_m2": 3.322824458638678,
        "err_ucea_area_pct_of_validation": 0.027489262913011115,
        "err_workflow0_minus_validation_kwh_year": null,
        "err_workflow0_abs_kwh_year": null,
        "err_workflow0_pct_of_validation": null
      },
      "geometry": {
        "type": "Polygon",
        "coordinates": [
          [
            [
              -9.1526655,
              38.775768400000004
            ],
            [
              -9.1525518,
              38.77584379999999
            ],
            [
              -9.152481999999997,
              38.775779799999995
            ],
            [
              -9.1525956,
              38.77570440000001
            ],
            [
              -9.1526655,
              38.775768400000004
            ]
          ]
        ]
      }
    },
    {
      "type": "Feature",
      "properties": {
        "area_id": "Alta_Lisboa",
        "osm_uid": "cea/67",
        "osmid": "67",
        "element_type": "cea_zone",
        "building": "yes",
        "cea_name": "B1067",
        "intersection_area_m2": 120.0414937883839,
        "is_residential": true,
        "residential_source": "cea",
        "radiation_sum_kwh_year": 231558.52409375,
        "radiation_sum": 231558.52409375,
        "radiation_point_count": 197.0,
        "use_type1": "MULTI_RES",
        "use_type2": "NONE",
        "use_type3": "NONE",
        "resi_type": null,
        "comparison_status": "matched",
        "validation_radiation_kwh_year": 231558.52409375,
        "ucea_radiation_kwh_year": 190977.62000000026,
        "workflow0_radiation_kwh_year": null,
        "validation_area_m2": 120.0414937883839,
        "ucea_roofs_top_m2": 122.78,
        "err_ucea_minus_validation_kwh_year": -40580.904093749734,
        "err_ucea_abs_kwh_year": 40580.904093749734,
        "err_ucea_pct_of_validation": -0.17525117787207842,
        "err_ucea_area_minus_validation_m2": 2.738506211616098,
        "err_ucea_area_pct_of_validation": 0.022812996782959862,
        "err_workflow0_minus_validation_kwh_year": null,
        "err_workflow0_abs_kwh_year": null,
        "err_workflow0_pct_of_validation": null
      },
      "geometry": {
        "type": "Polygon",
        "coordinates": [
          [
            [
              -9.1526655,
              38.775768400000004
            ],
            [
              -9.1525956,
              38.77570440000001
            ],
            [
              -9.152708599999999,
              38.77562960000001
            ],
            [
              -9.152778399999999,
              38.77569359999999
            ],
            [
              -9.1526655,
              38.775768400000004
            ]
          ]
        ]
      }
    },
    {
      "type": "Feature",
      "properties": {
        "area_id": "Alta_Lisboa",
        "osm_uid": "cea/68",
        "osmid": "68",
        "element_type": "cea_zone",
        "building": "yes",
        "cea_name": "B1068",
        "intersection_area_m2": 121.04616705044249,
        "is_residential": true,
        "residential_source": "cea",
        "radiation_sum_kwh_year": 235315.61106250001,
        "radiation_sum": 235315.61106250001,
        "radiation_point_count": 199.0,
        "use_type1": "MULTI_RES",
        "use_type2": "NONE",
        "use_type3": "NONE",
        "resi_type": null,
        "comparison_status": "matched",
        "validation_radiation_kwh_year": 235315.61106250001,
        "ucea_radiation_kwh_year": 192112.3999999997,
        "workflow0_radiation_kwh_year": null,
        "validation_area_m2": 121.04616705044249,
        "ucea_roofs_top_m2": 123.5,
        "err_ucea_minus_validation_kwh_year": -43203.21106250031,
        "err_ucea_abs_kwh_year": 43203.21106250031,
        "err_ucea_pct_of_validation": -0.18359687598892666,
        "err_ucea_area_minus_validation_m2": 2.4538329495575084,
        "err_ucea_area_pct_of_validation": 0.02027187650258223,
        "err_workflow0_minus_validation_kwh_year": null,
        "err_workflow0_abs_kwh_year": null,
        "err_workflow0_pct_of_validation": null
      },
      "geometry": {
        "type": "Polygon",
        "coordinates": [
          [
            [
              -9.152892299999998,
              38.77561809999999
            ],
            [
              -9.152778399999999,
              38.77569359999999
            ],
            [
              -9.152708599999999,
              38.77562960000001
            ],
            [
              -9.1528224,
              38.7755541
            ],
            [
              -9.1528599,
              38.775588500000005
            ],
            [
              -9.152892299999998,
              38.77561809999999
            ]
          ]
        ]
      }
    },
    {
      "type": "Feature",
      "properties": {
        "area_id": "Alta_Lisboa",
        "osm_uid": "cea/69",
        "osmid": "69",
        "element_type": "cea_zone",
        "building": "yes",
        "cea_name": "B1069",
        "intersection_area_m2": 125.47070361249024,
        "is_residential": true,
        "residential_source": "cea",
        "radiation_sum_kwh_year": 251390.657828125,
        "radiation_sum": 251390.657828125,
        "radiation_point_count": 208.0,
        "use_type1": "MULTI_RES",
        "use_type2": "NONE",
        "use_type3": "NONE",
        "resi_type": null,
        "comparison_status": "matched",
        "validation_radiation_kwh_year": 251390.657828125,
        "ucea_radiation_kwh_year": 202680.39999999976,
        "workflow0_radiation_kwh_year": null,
        "validation_area_m2": 125.47070361249024,
        "ucea_roofs_top_m2": 127.86,
        "err_ucea_minus_validation_kwh_year": -48710.257828125235,
        "err_ucea_abs_kwh_year": 48710.257828125235,
        "err_ucea_pct_of_validation": -0.19376319807965292,
        "err_ucea_area_minus_validation_m2": 2.3892963875097593,
        "err_ucea_area_pct_of_validation": 0.019042663496085726,
        "err_workflow0_minus_validation_kwh_year": null,
        "err_workflow0_abs_kwh_year": null,
        "err_workflow0_pct_of_validation": null
      },
      "geometry": {
        "type": "Polygon",
        "coordinates": [
          [
            [
              -9.152974299999999,
              38.7755126
            ],
            [
              -9.1528599,
              38.775588500000005
            ],
            [
              -9.1528224,
              38.7755541
            ],
            [
              -9.1527879,
              38.77552239999999
            ],
            [
              -9.152902299999997,
              38.77544659999999
            ],
            [
              -9.1529388,
              38.7754801
            ],
            [
              -9.152974299999999,
              38.7755126
            ]
          ]
        ]
      }
    },
    {
      "type": "Feature",
      "properties": {
        "area_id": "Alta_Lisboa",
        "osm_uid": "cea/70",
        "osmid": "70",
        "element_type": "cea_zone",
        "building": "yes",
        "cea_name": "B1070",
        "intersection_area_m2": 116.75256223313664,
        "is_residential": true,
        "residential_source": "cea",
        "radiation_sum_kwh_year": 250564.03903125,
        "radiation_sum": 250564.03903125,
        "radiation_point_count": 194.0,
        "use_type1": "MULTI_RES",
        "use_type2": "NONE",
        "use_type3": "NONE",
        "resi_type": null,
        "comparison_status": "matched",
        "validation_radiation_kwh_year": 250564.03903125,
        "ucea_radiation_kwh_year": 188375.9599999994,
        "workflow0_radiation_kwh_year": null,
        "validation_area_m2": 116.75256223313664,
        "ucea_roofs_top_m2": 118.99,
        "err_ucea_minus_validation_kwh_year": -62188.079031250585,
        "err_ucea_abs_kwh_year": 62188.079031250585,
        "err_ucea_pct_of_validation": -0.24819235542213852,
        "err_ucea_area_minus_validation_m2": 2.2374377668633514,
        "err_ucea_area_pct_of_validation": 0.01916392860308742,
        "err_workflow0_minus_validation_kwh_year": null,
        "err_workflow0_abs_kwh_year": null,
        "err_workflow0_pct_of_validation": null
      },
      "geometry": {
        "type": "Polygon",
        "coordinates": [
          [
            [
              -9.1530513,
              38.775405500000005
            ],
            [
              -9.1529388,
              38.7754801
            ],
            [
              -9.152902299999997,
              38.77544659999999
            ],
            [
              -9.1528707,
              38.775417600000004
            ],
            [
              -9.1529831,
              38.77534300000001
            ],
            [
              -9.1530201,
              38.775376899999976
            ],
            [
              -9.1530513,
              38.775405500000005
            ]
          ]
        ]
      }
    },
    {
      "type": "Feature",
      "properties": {
        "area_id": "Alta_Lisboa",
        "osm_uid": "cea/71",
        "osmid": "71",
        "element_type": "cea_zone",
        "building": "yes",
        "cea_name": "B1071",
        "intersection_area_m2": 124.10312756987287,
        "is_residential": true,
        "residential_source": "cea",
        "radiation_sum_kwh_year": 262935.11865625,
        "radiation_sum": 262935.11865625,
        "radiation_point_count": 205.0,
        "use_type1": "MULTI_RES",
        "use_type2": "NONE",
        "use_type3": "NONE",
        "resi_type": null,
        "comparison_status": "matched",
        "validation_radiation_kwh_year": 262935.11865625,
        "ucea_radiation_kwh_year": 200884.4200000002,
        "workflow0_radiation_kwh_year": null,
        "validation_area_m2": 124.10312756987287,
        "ucea_roofs_top_m2": 126.54,
        "err_ucea_minus_validation_kwh_year": -62050.69865624982,
        "err_ucea_abs_kwh_year": 62050.69865624982,
        "err_ucea_pct_of_validation": -0.23599243407789972,
        "err_ucea_area_minus_validation_m2": 2.4368724301271385,
        "err_ucea_area_pct_of_validation": 0.01963586637859005,
        "err_workflow0_minus_validation_kwh_year": null,
        "err_workflow0_abs_kwh_year": null,
        "err_workflow0_pct_of_validation": null
      },
      "geometry": {
        "type": "Polygon",
        "coordinates": [
          [
            [
              -9.1531341,
              38.775301399999975
            ],
            [
              -9.1530201,
              38.775376899999976
            ],
            [
              -9.1529831,
              38.77534300000001
            ],
            [
              -9.1529486,
              38.775311399999985
            ],
            [
              -9.1530626,
              38.77523579999999
            ],
            [
              -9.153101200000002,
              38.7752712
            ],
            [
              -9.1531341,
              38.775301399999975
            ]
          ]
        ]
      }
    },
    {
      "type": "Feature",
      "properties": {
        "area_id": "Alta_Lisboa",
        "osm_uid": "cea/72",
        "osmid": "72",
        "element_type": "cea_zone",
        "building": "yes",
        "cea_name": "B1072",
        "intersection_area_m2": 130.9085264508188,
        "is_residential": true,
        "residential_source": "cea",
        "radiation_sum_kwh_year": 281591.344,
        "radiation_sum": 281591.344,
        "radiation_point_count": 217.0,
        "use_type1": "MULTI_RES",
        "use_type2": "NONE",
        "use_type3": "NONE",
        "resi_type": null,
        "comparison_status": "matched",
        "validation_radiation_kwh_year": 281591.344,
        "ucea_radiation_kwh_year": 209388.58000000016,
        "workflow0_radiation_kwh_year": null,
        "validation_area_m2": 130.9085264508188,
        "ucea_roofs_top_m2": 132.99,
        "err_ucea_minus_validation_kwh_year": -72202.76399999982,
        "err_ucea_abs_kwh_year": 72202.76399999982,
        "err_ucea_pct_of_validation": -0.25640974248128817,
        "err_ucea_area_minus_validation_m2": 2.0814735491811973,
        "err_ucea_area_pct_of_validation": 0.015900213726438888,
        "err_workflow0_minus_validation_kwh_year": null,
        "err_workflow0_abs_kwh_year": null,
        "err_workflow0_pct_of_validation": null
      },
      "geometry": {
        "type": "Polygon",
        "coordinates": [
          [
            [
              -9.1532159,
              38.7751952
            ],
            [
              -9.153101200000002,
              38.7752712
            ],
            [
              -9.1530626,
              38.77523579999999
            ],
            [
              -9.1530263,
              38.775202499999985
            ],
            [
              -9.153141,
              38.775126399999984
            ],
            [
              -9.1531831,
              38.775165099999995
            ],
            [
              -9.1532159,
              38.7751952
            ]
          ]
        ]
      }
    },
    {
      "type": "Feature",
      "properties": {
        "area_id": "Alta_Lisboa",
        "osm_uid": "cea/73",
        "osmid": "73",
        "element_type": "cea_zone",
        "building": "yes",
        "cea_name": "B1073",
        "intersection_area_m2": 118.41081365152584,
        "is_residential": true,
        "residential_source": "cea",
        "radiation_sum_kwh_year": 249276.57103125,
        "radiation_sum": 249276.57103125,
        "radiation_point_count": 193.0,
        "use_type1": "MULTI_RES",
        "use_type2": "NONE",
        "use_type3": "NONE",
        "resi_type": null,
        "comparison_status": "matched",
        "validation_radiation_kwh_year": 249276.57103125,
        "ucea_radiation_kwh_year": 191050.91999999943,
        "workflow0_radiation_kwh_year": null,
        "validation_area_m2": 118.41081365152584,
        "ucea_roofs_top_m2": 121.5,
        "err_ucea_minus_validation_kwh_year": -58225.65103125057,
        "err_ucea_abs_kwh_year": 58225.65103125057,
        "err_ucea_pct_of_validation": -0.23357851397896212,
        "err_ucea_area_minus_validation_m2": 3.0891863484741577,
        "err_ucea_area_pct_of_validation": 0.026088718193976793,
        "err_workflow0_minus_validation_kwh_year": null,
        "err_workflow0_abs_kwh_year": null,
        "err_workflow0_pct_of_validation": null
      },
      "geometry": {
        "type": "Polygon",
        "coordinates": [
          [
            [
              -9.1531831,
              38.775165099999995
            ],
            [
              -9.153141,
              38.775126399999984
            ],
            [
              -9.153112000000002,
              38.77509989999999
            ],
            [
              -9.1532214,
              38.7750274
            ],
            [
              -9.1532925,
              38.775092599999994
            ],
            [
              -9.1531831,
              38.775165099999995
            ]
          ]
        ]
      }
    },
    {
      "type": "Feature",
      "properties": {
        "area_id": "Alta_Lisboa",
        "osm_uid": "cea/74",
        "osmid": "74",
        "element_type": "cea_zone",
        "building": "yes",
        "cea_name": "B1074",
        "intersection_area_m2": 112.27774131099156,
        "is_residential": true,
        "residential_source": "cea",
        "radiation_sum_kwh_year": 131818.98642187502,
        "radiation_sum": 131818.98642187502,
        "radiation_point_count": 181.0,
        "use_type1": "MULTI_RES",
        "use_type2": "NONE",
        "use_type3": "NONE",
        "resi_type": null,
        "comparison_status": "matched",
        "validation_radiation_kwh_year": 131818.98642187502,
        "ucea_radiation_kwh_year": 165026.25000000006,
        "workflow0_radiation_kwh_year": null,
        "validation_area_m2": 112.27774131099156,
        "ucea_roofs_top_m2": 114.03,
        "err_ucea_minus_validation_kwh_year": 33207.26357812504,
        "err_ucea_abs_kwh_year": 33207.26357812504,
        "err_ucea_pct_of_validation": 0.25191563430664027,
        "err_ucea_area_minus_validation_m2": 1.7522586890084426,
        "err_ucea_area_pct_of_validation": 0.015606465436056143,
        "err_workflow0_minus_validation_kwh_year": null,
        "err_workflow0_abs_kwh_year": null,
        "err_workflow0_pct_of_validation": null
      },
      "geometry": {
        "type": "Polygon",
        "coordinates": [
          [
            [
              -9.1529176,
              38.77640329999999
            ],
            [
              -9.1529116,
              38.77646339999999
            ],
            [
              -9.1527192,
              38.7764517
            ],
            [
              -9.1527252,
              38.776391499999995
            ],
            [
              -9.1527841,
              38.77639509999999
            ],
            [
              -9.152837099999998,
              38.77639830000001
            ],
            [
              -9.1529176,
              38.77640329999999
            ]
          ]
        ]
      }
    },
    {
      "type": "Feature",
      "properties": {
        "area_id": "Alta_Lisboa",
        "osm_uid": "cea/75",
        "osmid": "75",
        "element_type": "cea_zone",
        "building": "yes",
        "cea_name": "B1075",
        "intersection_area_m2": 57.314386881618,
        "is_residential": true,
        "residential_source": "cea",
        "radiation_sum_kwh_year": 139452.1359375,
        "radiation_sum": 139452.1359375,
        "radiation_point_count": 97.0,
        "use_type1": "MULTI_RES",
        "use_type2": "NONE",
        "use_type3": "NONE",
        "resi_type": null,
        "comparison_status": "matched",
        "validation_radiation_kwh_year": 139452.1359375,
        "ucea_radiation_kwh_year": 91074.68000000017,
        "workflow0_radiation_kwh_year": null,
        "validation_area_m2": 57.314386881618,
        "ucea_roofs_top_m2": 56.91,
        "err_ucea_minus_validation_kwh_year": -48377.45593749982,
        "err_ucea_abs_kwh_year": 48377.45593749982,
        "err_ucea_pct_of_validation": -0.34691082795018463,
        "err_ucea_area_minus_validation_m2": -0.4043868816180023,
        "err_ucea_area_pct_of_validation": -0.007055591163406446,
        "err_workflow0_minus_validation_kwh_year": null,
        "err_workflow0_abs_kwh_year": null,
        "err_workflow0_pct_of_validation": null
      },
      "geometry": {
        "type": "Polygon",
        "coordinates": [
          [
            [
              -9.152841499999997,
              38.7763549
            ],
            [
              -9.152837099999998,
              38.77639830000001
            ],
            [
              -9.1527841,
              38.77639509999999
            ],
            [
              -9.1527932,
              38.776304800000005
            ],
            [
              -9.1528702,
              38.776309499999996
            ],
            [
              -9.152865499999999,
              38.776356299999996
            ],
            [
              -9.152841499999997,
              38.7763549
            ]
          ]
        ]
      }
    },
    {
      "type": "Feature",
      "properties": {
        "area_id": "Alta_Lisboa",
        "osm_uid": "cea/76",
        "osmid": "76",
        "element_type": "cea_zone",
        "building": "yes",
        "cea_name": "B1076",
        "intersection_area_m2": 110.62788457108744,
        "is_residential": true,
        "residential_source": "cea",
        "radiation_sum_kwh_year": 235285.17587500002,
        "radiation_sum": 235285.17587500002,
        "radiation_point_count": 181.0,
        "use_type1": "MULTI_RES",
        "use_type2": "NONE",
        "use_type3": "NONE",
        "resi_type": null,
        "comparison_status": "matched",
        "validation_radiation_kwh_year": 235285.17587500002,
        "ucea_radiation_kwh_year": 179087.48000000045,
        "workflow0_radiation_kwh_year": null,
        "validation_area_m2": 110.62788457108744,
        "ucea_roofs_top_m2": 112.62,
        "err_ucea_minus_validation_kwh_year": -56197.69587499957,
        "err_ucea_abs_kwh_year": 56197.69587499957,
        "err_ucea_pct_of_validation": -0.23884928434614056,
        "err_ucea_area_minus_validation_m2": 1.9921154289125695,
        "err_ucea_area_pct_of_validation": 0.01800735354053049,
        "err_workflow0_minus_validation_kwh_year": null,
        "err_workflow0_abs_kwh_year": null,
        "err_workflow0_pct_of_validation": null
      },
      "geometry": {
        "type": "Polygon",
        "coordinates": [
          [
            [
              -9.1528702,
              38.776309499999996
            ],
            [
              -9.1527932,
              38.776304800000005
            ],
            [
              -9.1528081,
              38.7761567
            ],
            [
              -9.1528851,
              38.77616139999999
            ],
            [
              -9.152880399999999,
              38.7762085
            ],
            [
              -9.152876399999998,
              38.7762482
            ],
            [
              -9.1528702,
              38.776309499999996
            ]
          ]
        ]
      }
    },
    {
      "type": "Feature",
      "properties": {
        "area_id": "Alta_Lisboa",
        "osm_uid": "cea/77",
        "osmid": "77",
        "element_type": "cea_zone",
        "building": "yes",
        "cea_name": "B1077",
        "intersection_area_m2": 58.5967501938149,
        "is_residential": true,
        "residential_source": "cea",
        "radiation_sum_kwh_year": 67786.96169531251,
        "radiation_sum": 67786.96169531251,
        "radiation_point_count": 99.0,
        "use_type1": "MULTI_RES",
        "use_type2": "NONE",
        "use_type3": "NONE",
        "resi_type": null,
        "comparison_status": "matched",
        "validation_radiation_kwh_year": 67786.96169531251,
        "ucea_radiation_kwh_year": 115100.75000000003,
        "workflow0_radiation_kwh_year": null,
        "validation_area_m2": 58.5967501938149,
        "ucea_roofs_top_m2": 72.75,
        "err_ucea_minus_validation_kwh_year": 47313.78830468752,
        "err_ucea_abs_kwh_year": 47313.78830468752,
        "err_ucea_pct_of_validation": 0.6979777101878766,
        "err_ucea_area_minus_validation_m2": 14.153249806185102,
        "err_ucea_area_pct_of_validation": 0.24153642922810126,
        "err_workflow0_minus_validation_kwh_year": null,
        "err_workflow0_abs_kwh_year": null,
        "err_workflow0_pct_of_validation": null
      },
      "geometry": {
        "type": "Polygon",
        "coordinates": [
          [
            [
              -9.1529303,
              38.776274900000004
            ],
            [
              -9.152932599999998,
              38.7762517
            ],
            [
              -9.152876399999998,
              38.7762482
            ],
            [
              -9.152880399999999,
              38.7762085
            ],
            [
              -9.1529971,
              38.77621559999999
            ],
            [
              -9.1529907,
              38.7762786
            ],
            [
              -9.1529303,
              38.776274900000004
            ]
          ]
        ]
      }
    },
    {
      "type": "Feature",
      "properties": {
        "area_id": "Alta_Lisboa",
        "osm_uid": "cea/78",
        "osmid": "78",
        "element_type": "cea_zone",
        "building": "yes",
        "cea_name": "B1078",
        "intersection_area_m2": 119.07112961905189,
        "is_residential": true,
        "residential_source": "cea",
        "radiation_sum_kwh_year": 164543.363234375,
        "radiation_sum": 164543.363234375,
        "radiation_point_count": 196.0,
        "use_type1": "MULTI_RES",
        "use_type2": "NONE",
        "use_type3": "NONE",
        "resi_type": null,
        "comparison_status": "matched",
        "validation_radiation_kwh_year": 164543.363234375,
        "ucea_radiation_kwh_year": 191256.21000000014,
        "workflow0_radiation_kwh_year": null,
        "validation_area_m2": 119.07112961905189,
        "ucea_roofs_top_m2": 122.21,
        "err_ucea_minus_validation_kwh_year": 26712.846765625145,
        "err_ucea_abs_kwh_year": 26712.846765625145,
        "err_ucea_pct_of_validation": 0.16234533098472928,
        "err_ucea_area_minus_validation_m2": 3.1388703809481058,
        "err_ucea_area_pct_of_validation": 0.026361305137445116,
        "err_workflow0_minus_validation_kwh_year": null,
        "err_workflow0_abs_kwh_year": null,
        "err_workflow0_pct_of_validation": null
      },
      "geometry": {
        "type": "Polygon",
        "coordinates": [
          [
            [
              -9.1531856,
              38.77629049999999
            ],
            [
              -9.1529907,
              38.7762786
            ],
            [
              -9.1529971,
              38.77621559999999
            ],
            [
              -9.1530578,
              38.776219299999994
            ],
            [
              -9.153110399999997,
              38.7762225
            ],
            [
              -9.1531919,
              38.77622749999998
            ],
            [
              -9.1531856,
              38.77629049999999
            ]
          ]
        ]
      }
    },
    {
      "type": "Feature",
      "properties": {
        "area_id": "Alta_Lisboa",
        "osm_uid": "cea/79",
        "osmid": "79",
        "element_type": "cea_zone",
        "building": "yes",
        "cea_name": "B1079",
        "intersection_area_m2": 168.56033444445646,
        "is_residential": true,
        "residential_source": "cea",
        "radiation_sum_kwh_year": 342660.32071875,
        "radiation_sum": 342660.32071875,
        "radiation_point_count": 276.0,
        "use_type1": "MULTI_RES",
        "use_type2": "NONE",
        "use_type3": "NONE",
        "resi_type": null,
        "comparison_status": "matched",
        "validation_radiation_kwh_year": 342660.32071875,
        "ucea_radiation_kwh_year": 291839.83,
        "workflow0_radiation_kwh_year": null,
        "validation_area_m2": 168.56033444445646,
        "ucea_roofs_top_m2": 183.59,
        "err_ucea_minus_validation_kwh_year": -50820.49071874999,
        "err_ucea_abs_kwh_year": 50820.49071874999,
        "err_ucea_pct_of_validation": -0.14831157168169062,
        "err_ucea_area_minus_validation_m2": 15.029665555543545,
        "err_ucea_area_pct_of_validation": 0.08916490113215858,
        "err_workflow0_minus_validation_kwh_year": null,
        "err_workflow0_abs_kwh_year": null,
        "err_workflow0_pct_of_validation": null
      },
      "geometry": {
        "type": "Polygon",
        "coordinates": [
          [
            [
              -9.153138999999998,
              38.77618069999999
            ],
            [
              -9.153114799999999,
              38.77617919999999
            ],
            [
              -9.153110399999997,
              38.7762225
            ],
            [
              -9.1530578,
              38.776219299999994
            ],
            [
              -9.1530819,
              38.7759794
            ],
            [
              -9.1531587,
              38.77598409999999
            ],
            [
              -9.153153799999998,
              38.7760331
            ],
            [
              -9.1531499,
              38.7760717
            ],
            [
              -9.153138999999998,
              38.77618069999999
            ]
          ]
        ]
      }
    },
    {
      "type": "Feature",
      "properties": {
        "area_id": "Alta_Lisboa",
        "osm_uid": "cea/80",
        "osmid": "80",
        "element_type": "cea_zone",
        "building": "yes",
        "cea_name": "B1080",
        "intersection_area_m2": 56.743204455406456,
        "is_residential": true,
        "residential_source": "cea",
        "radiation_sum_kwh_year": 57873.2223359375,
        "radiation_sum": 57873.2223359375,
        "radiation_point_count": 93.0,
        "use_type1": "MULTI_RES",
        "use_type2": "NONE",
        "use_type3": "NONE",
        "resi_type": null,
        "comparison_status": "matched",
        "validation_radiation_kwh_year": 57873.2223359375,
        "ucea_radiation_kwh_year": 111952.43999999994,
        "workflow0_radiation_kwh_year": null,
        "validation_area_m2": 56.743204455406456,
        "ucea_roofs_top_m2": 69.39,
        "err_ucea_minus_validation_kwh_year": 54079.217664062446,
        "err_ucea_abs_kwh_year": 54079.217664062446,
        "err_ucea_pct_of_validation": 0.9344428300561538,
        "err_ucea_area_minus_validation_m2": 12.646795544593544,
        "err_ucea_area_pct_of_validation": 0.22287771136599188,
        "err_workflow0_minus_validation_kwh_year": null,
        "err_workflow0_abs_kwh_year": null,
        "err_workflow0_pct_of_validation": null
      },
      "geometry": {
        "type": "Polygon",
        "coordinates": [
          [
            [
              -9.153206,
              38.77609619999999
            ],
            [
              -9.153208099999999,
              38.7760752
            ],
            [
              -9.1531499,
              38.7760717
            ],
            [
              -9.153153799999998,
              38.7760331
            ],
            [
              -9.153272499999998,
              38.7760403
            ],
            [
              -9.1532665,
              38.77609989999999
            ],
            [
              -9.153206,
              38.77609619999999
            ]
          ]
        ]
      }
    },
    {
      "type": "Feature",
      "properties": {
        "area_id": "Alta_Lisboa",
        "osm_uid": "cea/81",
        "osmid": "81",
        "element_type": "cea_zone",
        "building": "yes",
        "cea_name": "B1081",
        "intersection_area_m2": 55.444514960964774,
        "is_residential": true,
        "residential_source": "cea",
        "radiation_sum_kwh_year": 52518.1471171875,
        "radiation_sum": 52518.1471171875,
        "radiation_point_count": 91.0,
        "use_type1": "MULTI_RES",
        "use_type2": "NONE",
        "use_type3": "NONE",
        "resi_type": null,
        "comparison_status": "matched",
        "validation_radiation_kwh_year": 52518.1471171875,
        "ucea_radiation_kwh_year": 89486.03999999959,
        "workflow0_radiation_kwh_year": null,
        "validation_area_m2": 55.444514960964774,
        "ucea_roofs_top_m2": 55.44,
        "err_ucea_minus_validation_kwh_year": 36967.892882812084,
        "err_ucea_abs_kwh_year": 36967.892882812084,
        "err_ucea_pct_of_validation": 0.7039070285614414,
        "err_ucea_area_minus_validation_m2": -0.004514960964776549,
        "err_ucea_area_pct_of_validation": -8.143205812072244e-05,
        "err_workflow0_minus_validation_kwh_year": null,
        "err_workflow0_abs_kwh_year": null,
        "err_workflow0_pct_of_validation": null
      },
      "geometry": {
        "type": "Polygon",
        "coordinates": [
          [
            [
              -9.153477899999999,
              38.77593220000001
            ],
            [
              -9.153480099999998,
              38.77590999999999
            ],
            [
              -9.1534227,
              38.7759065
            ],
            [
              -9.1534265,
              38.77586919999999
            ],
            [
              -9.153543899999999,
              38.77587629999999
            ],
            [
              -9.153537899999998,
              38.77593590000001
            ],
            [
              -9.153477899999999,
              38.77593220000001
            ]
          ]
        ]
      }
    },
    {
      "type": "Feature",
      "properties": {
        "area_id": "Alta_Lisboa",
        "osm_uid": "cea/82",
        "osmid": "82",
        "element_type": "cea_zone",
        "building": "yes",
        "cea_name": "B1082",
        "intersection_area_m2": 168.7324221607141,
        "is_residential": true,
        "residential_source": "cea",
        "radiation_sum_kwh_year": 267729.331890625,
        "radiation_sum": 267729.331890625,
        "radiation_point_count": 276.0,
        "use_type1": "MULTI_RES",
        "use_type2": "NONE",
        "use_type3": "NONE",
        "resi_type": null,
        "comparison_status": "matched",
        "validation_radiation_kwh_year": 267729.331890625,
        "ucea_radiation_kwh_year": 417979.51000000077,
        "workflow0_radiation_kwh_year": null,
        "validation_area_m2": 168.7324221607141,
        "ucea_roofs_top_m2": 261.93,
        "err_ucea_minus_validation_kwh_year": 150250.17810937576,
        "err_ucea_abs_kwh_year": 150250.17810937576,
        "err_ucea_pct_of_validation": 0.5612017818456934,
        "err_ucea_area_minus_validation_m2": 93.19757783928591,
        "err_ucea_area_pct_of_validation": 0.5523394771783526,
        "err_workflow0_minus_validation_kwh_year": null,
        "err_workflow0_abs_kwh_year": null,
        "err_workflow0_pct_of_validation": null
      },
      "geometry": {
        "type": "Polygon",
        "coordinates": [
          [
            [
              -9.1536799,
              38.77588459999998
            ],
            [
              -9.153736,
              38.775888
            ],
            [
              -9.1537301,
              38.77594759999999
            ],
            [
              -9.153537899999998,
              38.77593590000001
            ],
            [
              -9.153543899999999,
              38.77587629999999
            ],
            [
              -9.1536041,
              38.775879999999994
            ],
            [
              -9.153612,
              38.7758015
            ],
            [
              -9.1536878,
              38.77580609999998
            ],
            [
              -9.1536799,
              38.77588459999998
            ]
          ]
        ]
      }
    },
    {
      "type": "Feature",
      "properties": {
        "area_id": "Alta_Lisboa",
        "osm_uid": "cea/83",
        "osmid": "83",
        "element_type": "cea_zone",
        "building": "yes",
        "cea_name": "B1083",
        "intersection_area_m2": 168.60523585324364,
        "is_residential": true,
        "residential_source": "cea",
        "radiation_sum_kwh_year": 283567.41364843753,
        "radiation_sum": 283567.41364843753,
        "radiation_point_count": 278.0,
        "use_type1": "MULTI_RES",
        "use_type2": "NONE",
        "use_type3": "NONE",
        "resi_type": null,
        "comparison_status": "matched",
        "validation_radiation_kwh_year": 283567.41364843753,
        "ucea_radiation_kwh_year": 271831.8100000006,
        "workflow0_radiation_kwh_year": null,
        "validation_area_m2": 168.60523585324364,
        "ucea_roofs_top_m2": 168.61,
        "err_ucea_minus_validation_kwh_year": -11735.603648436954,
        "err_ucea_abs_kwh_year": 11735.603648436954,
        "err_ucea_pct_of_validation": -0.04138558622602022,
        "err_ucea_area_minus_validation_m2": 0.004764146756372156,
        "err_ucea_area_pct_of_validation": 2.8256220705500132e-05,
        "err_workflow0_minus_validation_kwh_year": null,
        "err_workflow0_abs_kwh_year": null,
        "err_workflow0_pct_of_validation": null
      },
      "geometry": {
        "type": "Polygon",
        "coordinates": [
          [
            [
              -9.1534646,
              38.776052099999994
            ],
            [
              -9.1534586,
              38.77611160000001
            ],
            [
              -9.1532665,
              38.77609989999999
            ],
            [
              -9.153272499999998,
              38.7760403
            ],
            [
              -9.1533327,
              38.776043999999985
            ],
            [
              -9.1533406,
              38.77596549999999
            ],
            [
              -9.1534163,
              38.775970099999995
            ],
            [
              -9.1534084,
              38.7760486
            ],
            [
              -9.1534646,
              38.776052099999994
            ]
          ]
        ]
      }
    },
    {
      "type": "Feature",
      "properties": {
        "area_id": "Alta_Lisboa",
        "osm_uid": "cea/84",
        "osmid": "84",
        "element_type": "cea_zone",
        "building": "yes",
        "cea_name": "B1084",
        "intersection_area_m2": 111.8848157134316,
        "is_residential": true,
        "residential_source": "cea",
        "radiation_sum_kwh_year": 235455.580125,
        "radiation_sum": 235455.580125,
        "radiation_point_count": 184.0,
        "use_type1": "MULTI_RES",
        "use_type2": "NONE",
        "use_type3": "NONE",
        "resi_type": null,
        "comparison_status": "matched",
        "validation_radiation_kwh_year": 235455.580125,
        "ucea_radiation_kwh_year": 181107.2699999997,
        "workflow0_radiation_kwh_year": null,
        "validation_area_m2": 111.8848157134316,
        "ucea_roofs_top_m2": 115.11,
        "err_ucea_minus_validation_kwh_year": -54348.31012500031,
        "err_ucea_abs_kwh_year": 54348.31012500031,
        "err_ucea_pct_of_validation": -0.23082192444174637,
        "err_ucea_area_minus_validation_m2": 3.2251842865683926,
        "err_ucea_area_pct_of_validation": 0.02882593376056492,
        "err_workflow0_minus_validation_kwh_year": null,
        "err_workflow0_abs_kwh_year": null,
        "err_workflow0_pct_of_validation": null
      },
      "geometry": {
        "type": "Polygon",
        "coordinates": [
          [
            [
              -9.1534163,
              38.775970099999995
            ],
            [
              -9.1533406,
              38.77596549999999
            ],
            [
              -9.1533559,
              38.77581309999999
            ],
            [
              -9.1534316,
              38.7758178
            ],
            [
              -9.1534265,
              38.77586919999999
            ],
            [
              -9.1534227,
              38.7759065
            ],
            [
              -9.1534163,
              38.775970099999995
            ]
          ]
        ]
      }
    },
    {
      "type": "Feature",
      "properties": {
        "area_id": "Alta_Lisboa",
        "osm_uid": "cea/85",
        "osmid": "85",
        "element_type": "cea_zone",
        "building": "yes",
        "cea_name": "B1085",
        "intersection_area_m2": 109.86903584095278,
        "is_residential": true,
        "residential_source": "cea",
        "radiation_sum_kwh_year": 251359.76537500002,
        "radiation_sum": 251359.76537500002,
        "radiation_point_count": 180.0,
        "use_type1": "MULTI_RES",
        "use_type2": "NONE",
        "use_type3": "NONE",
        "resi_type": null,
        "comparison_status": "matched",
        "validation_radiation_kwh_year": 251359.76537500002,
        "ucea_radiation_kwh_year": 177585.77999999918,
        "workflow0_radiation_kwh_year": null,
        "validation_area_m2": 109.86903584095278,
        "ucea_roofs_top_m2": 110.86,
        "err_ucea_minus_validation_kwh_year": -73773.98537500083,
        "err_ucea_abs_kwh_year": 73773.98537500083,
        "err_ucea_pct_of_validation": -0.29349957923830206,
        "err_ucea_area_minus_validation_m2": 0.9909641590472233,
        "err_ucea_area_pct_of_validation": 0.009019503552226948,
        "err_workflow0_minus_validation_kwh_year": null,
        "err_workflow0_abs_kwh_year": null,
        "err_workflow0_pct_of_validation": null
      },
      "geometry": {
        "type": "Polygon",
        "coordinates": [
          [
            [
              -9.1534316,
              38.7758178
            ],
            [
              -9.1533559,
              38.77581309999999
            ],
            [
              -9.1533709,
              38.77566349999999
            ],
            [
              -9.1534466,
              38.77566809999999
            ],
            [
              -9.1534316,
              38.7758178
            ]
          ]
        ]
      }
    },
    {
      "type": "Feature",
      "properties": {
        "area_id": "Alta_Lisboa",
        "osm_uid": "cea/86",
        "osmid": "86",
        "element_type": "cea_zone",
        "building": "yes",
        "cea_name": "B1086",
        "intersection_area_m2": 451.4562124773123,
        "is_residential": true,
        "residential_source": "cea",
        "radiation_sum_kwh_year": 831375.4134062501,
        "radiation_sum": 831375.4134062501,
        "radiation_point_count": 744.0,
        "use_type1": "MULTI_RES",
        "use_type2": "NONE",
        "use_type3": "NONE",
        "resi_type": null,
        "comparison_status": "matched",
        "validation_radiation_kwh_year": 831375.4134062501,
        "ucea_radiation_kwh_year": 732111.6500000024,
        "workflow0_radiation_kwh_year": null,
        "validation_area_m2": 451.4562124773123,
        "ucea_roofs_top_m2": 453.06,
        "err_ucea_minus_validation_kwh_year": -99263.76340624772,
        "err_ucea_abs_kwh_year": 99263.76340624772,
        "err_ucea_pct_of_validation": -0.11939703989988294,
        "err_ucea_area_minus_validation_m2": 1.6037875226876963,
        "err_ucea_area_pct_of_validation": 0.003552476360635515,
        "err_workflow0_minus_validation_kwh_year": null,
        "err_workflow0_abs_kwh_year": null,
        "err_workflow0_pct_of_validation": null
      },
      "geometry": {
        "type": "Polygon",
        "coordinates": [
          [
            [
              -9.1526971,
              38.7737482
            ],
            [
              -9.152516000000002,
              38.77370399999999
            ],
            [
              -9.1526104,
              38.773469
            ],
            [
              -9.1527919,
              38.7735121
            ],
            [
              -9.1526971,
              38.7737482
            ]
          ]
        ]
      }
    },
    {
      "type": "Feature",
      "properties": {
        "area_id": "Alta_Lisboa",
        "osm_uid": "cea/87",
        "osmid": "87",
        "element_type": "cea_zone",
        "building": "yes",
        "cea_name": "B1087",
        "intersection_area_m2": 509.8186953937832,
        "is_residential": true,
        "residential_source": "cea",
        "radiation_sum_kwh_year": 1115532.40621875,
        "radiation_sum": 1115532.40621875,
        "radiation_point_count": 841.0,
        "use_type1": "MULTI_RES",
        "use_type2": "NONE",
        "use_type3": "NONE",
        "resi_type": null,
        "comparison_status": "matched",
        "validation_radiation_kwh_year": 1115532.40621875,
        "ucea_radiation_kwh_year": 823563.3000000019,
        "workflow0_radiation_kwh_year": null,
        "validation_area_m2": 509.8186953937832,
        "ucea_roofs_top_m2": 509.71,
        "err_ucea_minus_validation_kwh_year": -291969.106218748,
        "err_ucea_abs_kwh_year": 291969.106218748,
        "err_ucea_pct_of_validation": -0.2617307256975325,
        "err_ucea_area_minus_validation_m2": -0.1086953937831936,
        "err_ucea_area_pct_of_validation": -0.00021320401696771327,
        "err_workflow0_minus_validation_kwh_year": null,
        "err_workflow0_abs_kwh_year": null,
        "err_workflow0_pct_of_validation": null
      },
      "geometry": {
        "type": "Polygon",
        "coordinates": [
          [
            [
              -9.1527173,
              38.77320289999999
            ],
            [
              -9.1528595,
              38.77323679999999
            ],
            [
              -9.152898699999998,
              38.77324629999999
            ],
            [
              -9.1527919,
              38.7735121
            ],
            [
              -9.1526104,
              38.773469
            ],
            [
              -9.1527173,
              38.77320289999999
            ]
          ]
        ]
      }
    },
    {
      "type": "Feature",
      "properties": {
        "area_id": "Alta_Lisboa",
        "osm_uid": "cea/88",
        "osmid": "88",
        "element_type": "cea_zone",
        "building": "yes",
        "cea_name": "B1088",
        "intersection_area_m2": 499.23426278892276,
        "is_residential": true,
        "residential_source": "cea",
        "radiation_sum_kwh_year": 1056202.90434375,
        "radiation_sum": 1056202.90434375,
        "radiation_point_count": 824.0,
        "use_type1": "MULTI_RES",
        "use_type2": "NONE",
        "use_type3": "NONE",
        "resi_type": null,
        "comparison_status": "matched",
        "validation_radiation_kwh_year": 1056202.90434375,
        "ucea_radiation_kwh_year": 805074.6499999986,
        "workflow0_radiation_kwh_year": null,
        "validation_area_m2": 499.23426278892276,
        "ucea_roofs_top_m2": 500.08,
        "err_ucea_minus_validation_kwh_year": -251128.25434375147,
        "err_ucea_abs_kwh_year": 251128.25434375147,
        "err_ucea_pct_of_validation": -0.2377651617042133,
        "err_ucea_area_minus_validation_m2": 0.8457372110772212,
        "err_ucea_area_pct_of_validation": 0.0016940688452603274,
        "err_workflow0_minus_validation_kwh_year": null,
        "err_workflow0_abs_kwh_year": null,
        "err_workflow0_pct_of_validation": null
      },
      "geometry": {
        "type": "Polygon",
        "coordinates": [
          [
            [
              -9.1528951,
              38.772771399999996
            ],
            [
              -9.153074799999999,
              38.7728158
            ],
            [
              -9.152967999999998,
              38.77307829999999
            ],
            [
              -9.152926,
              38.77306699999999
            ],
            [
              -9.1527886,
              38.7730342
            ],
            [
              -9.1528951,
              38.772771399999996
            ]
          ]
        ]
      }
    },
    {
      "type": "Feature",
      "properties": {
        "area_id": "Alta_Lisboa",
        "osm_uid": "cea/89",
        "osmid": "89",
        "element_type": "cea_zone",
        "building": "yes",
        "cea_name": "B1089",
        "intersection_area_m2": 471.0500449089885,
        "is_residential": true,
        "residential_source": "cea",
        "radiation_sum_kwh_year": 1043132.6328125,
        "radiation_sum": 1043132.6328125,
        "radiation_point_count": 778.0,
        "use_type1": "MULTI_RES",
        "use_type2": "NONE",
        "use_type3": "NONE",
        "resi_type": null,
        "comparison_status": "matched",
        "validation_radiation_kwh_year": 1043132.6328125,
        "ucea_radiation_kwh_year": 753779.5900000046,
        "workflow0_radiation_kwh_year": null,
        "validation_area_m2": 471.0500449089885,
        "ucea_roofs_top_m2": 471.05,
        "err_ucea_minus_validation_kwh_year": -289353.0428124954,
        "err_ucea_abs_kwh_year": 289353.0428124954,
        "err_ucea_pct_of_validation": -0.27738854457303297,
        "err_ucea_area_minus_validation_m2": -4.490898851372549e-05,
        "err_ucea_area_pct_of_validation": -9.533804104063369e-08,
        "err_workflow0_minus_validation_kwh_year": null,
        "err_workflow0_abs_kwh_year": null,
        "err_workflow0_pct_of_validation": null
      },
      "geometry": {
        "type": "Polygon",
        "coordinates": [
          [
            [
              -9.152995699999998,
              38.772524299999986
            ],
            [
              -9.153175399999999,
              38.7725688
            ],
            [
              -9.153074799999999,
              38.7728158
            ],
            [
              -9.1528951,
              38.772771399999996
            ],
            [
              -9.152995699999998,
              38.772524299999986
            ]
          ]
        ]
      }
    },
    {
      "type": "Feature",
      "properties": {
        "area_id": "Alta_Lisboa",
        "osm_uid": "cea/90",
        "osmid": "90",
        "element_type": "cea_zone",
        "building": "yes",
        "cea_name": "B1090",
        "intersection_area_m2": 798.9184326620731,
        "is_residential": true,
        "residential_source": "cea",
        "radiation_sum_kwh_year": 1450189.6373125,
        "radiation_sum": 1450189.6373125,
        "radiation_point_count": 1169.0,
        "use_type1": "MULTI_RES",
        "use_type2": "NONE",
        "use_type3": "NONE",
        "resi_type": null,
        "comparison_status": "matched",
        "validation_radiation_kwh_year": 1450189.6373125,
        "ucea_radiation_kwh_year": 1284326.3899999992,
        "workflow0_radiation_kwh_year": null,
        "validation_area_m2": 798.9184326620731,
        "ucea_roofs_top_m2": 799.84,
        "err_ucea_minus_validation_kwh_year": -165863.24731250084,
        "err_ucea_abs_kwh_year": 165863.24731250084,
        "err_ucea_pct_of_validation": -0.11437348815971378,
        "err_ucea_area_minus_validation_m2": 0.9215673379269447,
        "err_ucea_area_pct_of_validation": 0.0011535186825721289,
        "err_workflow0_minus_validation_kwh_year": null,
        "err_workflow0_abs_kwh_year": null,
        "err_workflow0_pct_of_validation": null
      },
      "geometry": {
        "type": "Polygon",
        "coordinates": [
          [
            [
              -9.1548939,
              38.77639539999999
            ],
            [
              -9.1548264,
              38.77639689999999
            ],
            [
              -9.1548268,
              38.77640609999999
            ],
            [
              -9.1547796,
              38.776407199999994
            ],
            [
              -9.154785399999998,
              38.7765678
            ],
            [
              -9.1544766,
              38.7765746
            ],
            [
              -9.1544727,
              38.77646719999998
            ],
            [
              -9.1546762,
              38.7764627
            ],
            [
              -9.154673299999999,
              38.77638350000001
            ],
            [
              -9.1545629,
              38.7763859
            ],
            [
              -9.1545605,
              38.77632069999999
            ],
            [
              -9.1547691,
              38.776316099999995
            ],
            [
              -9.154763899999999,
              38.7761732
            ],
            [
              -9.1548856,
              38.7761705
            ],
            [
              -9.1548939,
              38.77639539999999
            ]
          ]
        ]
      }
    },
    {
      "type": "Feature",
      "properties": {
        "area_id": "Alta_Lisboa",
        "osm_uid": "cea/91",
        "osmid": "91",
        "element_type": "cea_zone",
        "building": "yes",
        "cea_name": "B1091",
        "intersection_area_m2": 828.1598578775572,
        "is_residential": true,
        "residential_source": "cea",
        "radiation_sum_kwh_year": 2256728.2558750003,
        "radiation_sum": 2256728.2558750003,
        "radiation_point_count": 1367.0,
        "use_type1": "MULTI_RES",
        "use_type2": "NONE",
        "use_type3": "NONE",
        "resi_type": null,
        "comparison_status": "matched",
        "validation_radiation_kwh_year": 2256728.2558750003,
        "ucea_radiation_kwh_year": 1286999.1100000045,
        "workflow0_radiation_kwh_year": null,
        "validation_area_m2": 828.1598578775572,
        "ucea_roofs_top_m2": 828.16,
        "err_ucea_minus_validation_kwh_year": -969729.1458749957,
        "err_ucea_abs_kwh_year": 969729.1458749957,
        "err_ucea_pct_of_validation": -0.4297057668997028,
        "err_ucea_area_minus_validation_m2": 0.00014212244275313424,
        "err_ucea_area_pct_of_validation": 1.7161232991583483e-07,
        "err_workflow0_minus_validation_kwh_year": null,
        "err_workflow0_abs_kwh_year": null,
        "err_workflow0_pct_of_validation": null
      },
      "geometry": {
        "type": "Polygon",
        "coordinates": [
          [
            [
              -9.1569258,
              38.7758886
            ],
            [
              -9.156396299999999,
              38.77590599999999
            ],
            [
              -9.1563683,
              38.7757399
            ],
            [
              -9.156863899999998,
              38.775722499999986
            ],
            [
              -9.1569258,
              38.7758886
            ]
          ]
        ]
      }
    },
    {
      "type": "Feature",
      "properties": {
        "area_id": "Alta_Lisboa",
        "osm_uid": "cea/95",
        "osmid": "95",
        "element_type": "cea_zone",
        "building": "yes",
        "cea_name": "B1095",
        "intersection_area_m2": 703.5313294888409,
        "is_residential": true,
        "residential_source": "cea",
        "radiation_sum_kwh_year": 1909926.74325,
        "radiation_sum": 1909926.74325,
        "radiation_point_count": 1162.0,
        "use_type1": "MULTI_RES",
        "use_type2": "NONE",
        "use_type3": "NONE",
        "resi_type": null,
        "comparison_status": "matched",
        "validation_radiation_kwh_year": 1909926.74325,
        "ucea_radiation_kwh_year": 1147539.6900000016,
        "workflow0_radiation_kwh_year": null,
        "validation_area_m2": 703.5313294888409,
        "ucea_roofs_top_m2": 712.3,
        "err_ucea_minus_validation_kwh_year": -762387.0532499985,
        "err_ucea_abs_kwh_year": 762387.0532499985,
        "err_ucea_pct_of_validation": -0.399170835187476,
        "err_ucea_area_minus_validation_m2": 8.76867051115903,
        "err_ucea_area_pct_of_validation": 0.012463795347294642,
        "err_workflow0_minus_validation_kwh_year": null,
        "err_workflow0_abs_kwh_year": null,
        "err_workflow0_pct_of_validation": null
      },
      "geometry": {
        "type": "Polygon",
        "coordinates": [
          [
            [
              -9.1563683,
              38.7757399
            ],
            [
              -9.156396299999999,
              38.77590599999999
            ],
            [
              -9.156317899999998,
              38.7759223
            ],
            [
              -9.156256299999999,
              38.7759632
            ],
            [
              -9.1562162,
              38.7760484
            ],
            [
              -9.1560108,
              38.77602709999998
            ],
            [
              -9.156018699999999,
              38.775979199999995
            ],
            [
              -9.1560387,
              38.7759064
            ],
            [
              -9.156126799999997,
              38.7758137
            ],
            [
              -9.1562334,
              38.7757567
            ],
            [
              -9.1563683,
              38.7757399
            ]
          ]
        ]
      }
    },
    {
      "type": "Feature",
      "properties": {
        "area_id": "Alta_Lisboa",
        "osm_uid": "cea/97",
        "osmid": "97",
        "element_type": "cea_zone",
        "building": "yes",
        "cea_name": "B1097",
        "intersection_area_m2": 15.575723734124185,
        "is_residential": true,
        "residential_source": "cea",
        "radiation_sum_kwh_year": 36320.829625,
        "radiation_sum": 36320.829625,
        "radiation_point_count": 26.0,
        "use_type1": "MULTI_RES",
        "use_type2": "NONE",
        "use_type3": "NONE",
        "resi_type": null,
        "comparison_status": "matched",
        "validation_radiation_kwh_year": 36320.829625,
        "ucea_radiation_kwh_year": 24835.66999999998,
        "workflow0_radiation_kwh_year": null,
        "validation_area_m2": 15.575723734124185,
        "ucea_roofs_top_m2": 15.58,
        "err_ucea_minus_validation_kwh_year": -11485.159625000018,
        "err_ucea_abs_kwh_year": 11485.159625000018,
        "err_ucea_pct_of_validation": -0.31621413231967216,
        "err_ucea_area_minus_validation_m2": 0.004276265875814644,
        "err_ucea_area_pct_of_validation": 0.0002745468492385979,
        "err_workflow0_minus_validation_kwh_year": null,
        "err_workflow0_abs_kwh_year": null,
        "err_workflow0_pct_of_validation": null
      },
      "geometry": {
        "type": "Polygon",
        "coordinates": [
          [
            [
              -9.156740400000002,
              38.773836199999984
            ],
            [
              -9.1566952,
              38.77383759999998
            ],
            [
              -9.1566933,
              38.77380200000001
            ],
            [
              -9.1567386,
              38.77380049999999
            ],
            [
              -9.156740400000002,
              38.773836199999984
            ]
          ]
        ]
      }
    },
    {
      "type": "Feature",
      "properties": {
        "area_id": "Alta_Lisboa",
        "osm_uid": "cea/98",
        "osmid": "98",
        "element_type": "cea_zone",
        "building": "yes",
        "cea_name": "B1098",
        "intersection_area_m2": 10.045666343431867,
        "is_residential": true,
        "residential_source": "cea",
        "radiation_sum_kwh_year": 20000.4769375,
        "radiation_sum": 20000.4769375,
        "radiation_point_count": 18.0,
        "use_type1": "MULTI_RES",
        "use_type2": "NONE",
        "use_type3": "NONE",
        "resi_type": null,
        "comparison_status": "matched",
        "validation_radiation_kwh_year": 20000.4769375,
        "ucea_radiation_kwh_year": 15994.41000000001,
        "workflow0_radiation_kwh_year": null,
        "validation_area_m2": 10.045666343431867,
        "ucea_roofs_top_m2": 10.05,
        "err_ucea_minus_validation_kwh_year": -4006.066937499989,
        "err_ucea_abs_kwh_year": 4006.066937499989,
        "err_ucea_pct_of_validation": -0.2002985703800289,
        "err_ucea_area_minus_validation_m2": 0.004333656568134003,
        "err_ucea_area_pct_of_validation": 0.0004313956307106962,
        "err_workflow0_minus_validation_kwh_year": null,
        "err_workflow0_abs_kwh_year": null,
        "err_workflow0_pct_of_validation": null
      },
      "geometry": {
        "type": "Polygon",
        "coordinates": [
          [
            [
              -9.1568925,
              38.773832
            ],
            [
              -9.156844,
              38.7738355
            ],
            [
              -9.1568414,
              38.7738142
            ],
            [
              -9.1568899,
              38.77381069999999
            ],
            [
              -9.1568925,
              38.773832
            ]
          ]
        ]
      }
    },
    {
      "type": "Feature",
      "properties": {
        "area_id": "Alta_Lisboa",
        "osm_uid": "cea/99",
        "osmid": "99",
        "element_type": "cea_zone",
        "building": "yes",
        "cea_name": "B1099",
        "intersection_area_m2": 493.172912851294,
        "is_residential": true,
        "residential_source": "cea",
        "radiation_sum_kwh_year": 975541.649109375,
        "radiation_sum": 975541.649109375,
        "radiation_point_count": 813.0,
        "use_type1": "MULTI_RES",
        "use_type2": "NONE",
        "use_type3": "NONE",
        "resi_type": null,
        "comparison_status": "matched",
        "validation_radiation_kwh_year": 975541.649109375,
        "ucea_radiation_kwh_year": 791806.2500000003,
        "workflow0_radiation_kwh_year": null,
        "validation_area_m2": 493.172912851294,
        "ucea_roofs_top_m2": 493.17,
        "err_ucea_minus_validation_kwh_year": -183735.39910937462,
        "err_ucea_abs_kwh_year": 183735.39910937462,
        "err_ucea_pct_of_validation": -0.18834193217390222,
        "err_ucea_area_minus_validation_m2": -0.0029128512939564644,
        "err_ucea_area_pct_of_validation": -5.9063489053276005e-06,
        "err_workflow0_minus_validation_kwh_year": null,
        "err_workflow0_abs_kwh_year": null,
        "err_workflow0_pct_of_validation": null
      },
      "geometry": {
        "type": "Polygon",
        "coordinates": [
          [
            [
              -9.155730899999998,
              38.77268409999999
            ],
            [
              -9.1556546,
              38.77238379999999
            ],
            [
              -9.1558185,
              38.7723585
            ],
            [
              -9.155894899999998,
              38.772658699999994
            ],
            [
              -9.155730899999998,
              38.77268409999999
            ]
          ]
        ]
      }
    },
    {
      "type": "Feature",
      "properties": {
        "area_id": "Alta_Lisboa",
        "osm_uid": "cea/100",
        "osmid": "100",
        "element_type": "cea_zone",
        "building": "yes",
        "cea_name": "B1100",
        "intersection_area_m2": 68.06694684477773,
        "is_residential": true,
        "residential_source": "cea",
        "radiation_sum_kwh_year": 130285.482875,
        "radiation_sum": 130285.482875,
        "radiation_point_count": 113.0,
        "use_type1": "MULTI_RES",
        "use_type2": "NONE",
        "use_type3": "NONE",
        "resi_type": null,
        "comparison_status": "matched",
        "validation_radiation_kwh_year": 130285.482875,
        "ucea_radiation_kwh_year": 106615.12000000034,
        "workflow0_radiation_kwh_year": null,
        "validation_area_m2": 68.06694684477773,
        "ucea_roofs_top_m2": 66.07,
        "err_ucea_minus_validation_kwh_year": -23670.362874999657,
        "err_ucea_abs_kwh_year": 23670.362874999657,
        "err_ucea_pct_of_validation": -0.18168073950119024,
        "err_ucea_area_minus_validation_m2": -1.9969468447777388,
        "err_ucea_area_pct_of_validation": -0.029337981756867203,
        "err_workflow0_minus_validation_kwh_year": null,
        "err_workflow0_abs_kwh_year": null,
        "err_workflow0_pct_of_validation": null
      },
      "geometry": {
        "type": "Polygon",
        "coordinates": [
          [
            [
              -9.1540693,
              38.7754981
            ],
            [
              -9.154012,
              38.7754698
            ],
            [
              -9.154092,
              38.77537139999999
            ],
            [
              -9.1541341,
              38.775392199999985
            ],
            [
              -9.1541021,
              38.77543159999998
            ],
            [
              -9.1541172,
              38.77543909999999
            ],
            [
              -9.1540693,
              38.7754981
            ]
          ]
        ]
      }
    },
    {
      "type": "Feature",
      "properties": {
        "area_id": "Alta_Lisboa",
        "osm_uid": "cea/101",
        "osmid": "101",
        "element_type": "cea_zone",
        "building": "yes",
        "cea_name": "B1101",
        "intersection_area_m2": 31.893622505005403,
        "is_residential": true,
        "residential_source": "cea",
        "radiation_sum_kwh_year": 42033.007125000004,
        "radiation_sum": 42033.007125000004,
        "radiation_point_count": 50.0,
        "use_type1": "MULTI_RES",
        "use_type2": "NONE",
        "use_type3": "NONE",
        "resi_type": null,
        "comparison_status": "matched",
        "validation_radiation_kwh_year": 42033.007125000004,
        "ucea_radiation_kwh_year": 51635.82999999997,
        "workflow0_radiation_kwh_year": null,
        "validation_area_m2": 31.893622505005403,
        "ucea_roofs_top_m2": 31.91,
        "err_ucea_minus_validation_kwh_year": 9602.822874999969,
        "err_ucea_abs_kwh_year": 9602.822874999969,
        "err_ucea_pct_of_validation": 0.22845909754785282,
        "err_ucea_area_minus_validation_m2": 0.01637749499459673,
        "err_ucea_area_pct_of_validation": 0.0005135037574369747,
        "err_workflow0_minus_validation_kwh_year": null,
        "err_workflow0_abs_kwh_year": null,
        "err_workflow0_pct_of_validation": null
      },
      "geometry": {
        "type": "Polygon",
        "coordinates": [
          [
            [
              -9.1538135,
              38.774492399999986
            ],
            [
              -9.153762100000002,
              38.774490699999994
            ],
            [
              -9.1537204,
              38.77448939999999
            ],
            [
              -9.153722299999998,
              38.77445389999999
            ],
            [
              -9.1538154,
              38.77445689999999
            ],
            [
              -9.1538135,
              38.774492399999986
            ]
          ]
        ]
      }
    }
  ]
}
