{
  "type": "FeatureCollection",
  "name": "EUA_1_Pro_radiation_error_map",
  "features": [
    {
      "type": "Feature",
      "properties": {
        "area_id": "EUA_1_Pro",
        "osm_uid": "cea/2",
        "osmid": "2",
        "element_type": "cea_zone",
        "building": "yes",
        "cea_name": "B1002",
        "intersection_area_m2": 246.44300754602193,
        "is_residential": true,
        "residential_source": "cea",
        "radiation_sum_kwh_year": 39032.900625,
        "radiation_sum": 39032.900625,
        "radiation_point_count": 30.0,
        "use_type1": "MULTI_RES",
        "use_type2": "NONE",
        "use_type3": "NONE",
        "resi_type": null,
        "comparison_status": "matched",
        "validation_radiation_kwh_year": 39032.900625,
        "ucea_radiation_kwh_year": 397218.5700000008,
        "workflow0_radiation_kwh_year": null,
        "validation_area_m2": 246.44300754602193,
        "ucea_roofs_top_m2": 267.1,
        "err_ucea_minus_validation_kwh_year": 358185.6693750008,
        "err_ucea_abs_kwh_year": 358185.6693750008,
        "err_ucea_pct_of_validation": 9.176506578801067,
        "err_ucea_area_minus_validation_m2": 20.65699245397809,
        "err_ucea_area_pct_of_validation": 0.08382056630322736,
        "err_workflow0_minus_validation_kwh_year": null,
        "err_workflow0_abs_kwh_year": null,
        "err_workflow0_pct_of_validation": null
      },
      "geometry": {
        "type": "Polygon",
        "coordinates": [
          [
            [
              -9.147226399999997,
              38.749612600000006
            ],
            [
              -9.1471911,
              38.74954199999999
            ],
            [
              -9.1472071,
              38.749516899999996
            ],
            [
              -9.147417599999999,
              38.74943780000002
            ],
            [
              -9.1474706,
              38.74953279999999
            ],
            [
              -9.147226399999997,
              38.749612600000006
            ]
          ]
        ]
      }
    },
    {
      "type": "Feature",
      "properties": {
        "area_id": "EUA_1_Pro",
        "osm_uid": "cea/3",
        "osmid": "3",
        "element_type": "cea_zone",
        "building": "yes",
        "cea_name": "B1003",
        "intersection_area_m2": 240.5197373075855,
        "is_residential": true,
        "residential_source": "cea",
        "radiation_sum_kwh_year": 425129.8626484375,
        "radiation_sum": 425129.8626484375,
        "radiation_point_count": 397.0,
        "use_type1": "MULTI_RES",
        "use_type2": "NONE",
        "use_type3": "NONE",
        "resi_type": null,
        "comparison_status": "matched",
        "validation_radiation_kwh_year": 425129.8626484375,
        "ucea_radiation_kwh_year": 379023.1300000008,
        "workflow0_radiation_kwh_year": null,
        "validation_area_m2": 240.5197373075855,
        "ucea_roofs_top_m2": 246.41,
        "err_ucea_minus_validation_kwh_year": -46106.73264843668,
        "err_ucea_abs_kwh_year": 46106.73264843668,
        "err_ucea_pct_of_validation": -0.10845329086318453,
        "err_ucea_area_minus_validation_m2": 5.890262692414495,
        "err_ucea_area_pct_of_validation": 0.024489726948611335,
        "err_workflow0_minus_validation_kwh_year": null,
        "err_workflow0_abs_kwh_year": null,
        "err_workflow0_pct_of_validation": null
      },
      "geometry": {
        "type": "Polygon",
        "coordinates": [
          [
            [
              -9.1476331,
              38.7501664
            ],
            [
              -9.1475234,
              38.75020189999999
            ],
            [
              -9.147421999999999,
              38.750018999999995
            ],
            [
              -9.147468,
              38.749989199999995
            ],
            [
              -9.1475248,
              38.7499705
            ],
            [
              -9.1476331,
              38.7501664
            ]
          ]
        ]
      }
    },
    {
      "type": "Feature",
      "properties": {
        "area_id": "EUA_1_Pro",
        "osm_uid": "cea/4",
        "osmid": "4",
        "element_type": "cea_zone",
        "building": "yes",
        "cea_name": "B1004",
        "intersection_area_m2": 234.9731577045585,
        "is_residential": true,
        "residential_source": "cea",
        "radiation_sum_kwh_year": 348378.22080468753,
        "radiation_sum": 348378.22080468753,
        "radiation_point_count": 389.0,
        "use_type1": "MULTI_RES",
        "use_type2": "NONE",
        "use_type3": "NONE",
        "resi_type": null,
        "comparison_status": "matched",
        "validation_radiation_kwh_year": 348378.22080468753,
        "ucea_radiation_kwh_year": 378227.71000000025,
        "workflow0_radiation_kwh_year": null,
        "validation_area_m2": 234.9731577045585,
        "ucea_roofs_top_m2": 243.61,
        "err_ucea_minus_validation_kwh_year": 29849.489195312723,
        "err_ucea_abs_kwh_year": 29849.489195312723,
        "err_ucea_pct_of_validation": 0.08568127228609777,
        "err_ucea_area_minus_validation_m2": 8.636842295441511,
        "err_ucea_area_pct_of_validation": 0.03675671885169527,
        "err_workflow0_minus_validation_kwh_year": null,
        "err_workflow0_abs_kwh_year": null,
        "err_workflow0_pct_of_validation": null
      },
      "geometry": {
        "type": "Polygon",
        "coordinates": [
          [
            [
              -9.1472636,
              38.749845199999996
            ],
            [
              -9.147345,
              38.74981859999999
            ],
            [
              -9.1473792,
              38.7498191
            ],
            [
              -9.147468,
              38.749989199999995
            ],
            [
              -9.147421999999999,
              38.750018999999995
            ],
            [
              -9.147364,
              38.750037999999996
            ],
            [
              -9.1472636,
              38.749845199999996
            ]
          ]
        ]
      }
    },
    {
      "type": "Feature",
      "properties": {
        "area_id": "EUA_1_Pro",
        "osm_uid": "cea/5",
        "osmid": "5",
        "element_type": "cea_zone",
        "building": "yes",
        "cea_name": "B1005",
        "intersection_area_m2": 246.40961092436055,
        "is_residential": true,
        "residential_source": "cea",
        "radiation_sum_kwh_year": 412598.9796875,
        "radiation_sum": 412598.9796875,
        "radiation_point_count": 406.0,
        "use_type1": "MULTI_RES",
        "use_type2": "NONE",
        "use_type3": "NONE",
        "resi_type": null,
        "comparison_status": "matched",
        "validation_radiation_kwh_year": 412598.9796875,
        "ucea_radiation_kwh_year": 355578.07999999926,
        "workflow0_radiation_kwh_year": null,
        "validation_area_m2": 246.40961092436055,
        "ucea_roofs_top_m2": 257.42,
        "err_ucea_minus_validation_kwh_year": -57020.89968750073,
        "err_ucea_abs_kwh_year": 57020.89968750073,
        "err_ucea_pct_of_validation": -0.1381993230586465,
        "err_ucea_area_minus_validation_m2": 11.010389075639466,
        "err_ucea_area_pct_of_validation": 0.04468327771118995,
        "err_workflow0_minus_validation_kwh_year": null,
        "err_workflow0_abs_kwh_year": null,
        "err_workflow0_pct_of_validation": null
      },
      "geometry": {
        "type": "Polygon",
        "coordinates": [
          [
            [
              -9.147561299999998,
              38.7496871
            ],
            [
              -9.1475642,
              38.749692700000004
            ],
            [
              -9.1475938,
              38.7497505
            ],
            [
              -9.1473792,
              38.7498191
            ],
            [
              -9.147345,
              38.74981859999999
            ],
            [
              -9.1473009,
              38.7497368
            ],
            [
              -9.147544800000002,
              38.749662699999995
            ],
            [
              -9.147561299999998,
              38.7496871
            ]
          ]
        ]
      }
    },
    {
      "type": "Feature",
      "properties": {
        "area_id": "EUA_1_Pro",
        "osm_uid": "cea/9",
        "osmid": "9",
        "element_type": "cea_zone",
        "building": "yes",
        "cea_name": "B1009",
        "intersection_area_m2": 53.34289675933517,
        "is_residential": true,
        "residential_source": "cea",
        "radiation_sum_kwh_year": 121597.370625,
        "radiation_sum": 121597.370625,
        "radiation_point_count": 83.0,
        "use_type1": "MULTI_RES",
        "use_type2": "NONE",
        "use_type3": "NONE",
        "resi_type": null,
        "comparison_status": "matched",
        "validation_radiation_kwh_year": 121597.370625,
        "ucea_radiation_kwh_year": 62773.74999999988,
        "workflow0_radiation_kwh_year": null,
        "validation_area_m2": 53.34289675933517,
        "ucea_roofs_top_m2": 66.92,
        "err_ucea_minus_validation_kwh_year": -58823.62062500011,
        "err_ucea_abs_kwh_year": 58823.62062500011,
        "err_ucea_pct_of_validation": -0.4837573404971816,
        "err_ucea_area_minus_validation_m2": 13.577103240664833,
        "err_ucea_area_pct_of_validation": 0.25452504579794494,
        "err_workflow0_minus_validation_kwh_year": null,
        "err_workflow0_abs_kwh_year": null,
        "err_workflow0_pct_of_validation": null
      },
      "geometry": {
        "type": "Polygon",
        "coordinates": [
          [
            [
              -9.1455657,
              38.753609999999995
            ],
            [
              -9.1455356,
              38.753620199999986
            ],
            [
              -9.1455455,
              38.753638
            ],
            [
              -9.1455207,
              38.75364640000001
            ],
            [
              -9.1455075,
              38.75362249999999
            ],
            [
              -9.145486900000002,
              38.75362950000001
            ],
            [
              -9.1454583,
              38.753578000000005
            ],
            [
              -9.1455338,
              38.753552499999984
            ],
            [
              -9.1455657,
              38.753609999999995
            ]
          ]
        ]
      }
    },
    {
      "type": "Feature",
      "properties": {
        "area_id": "EUA_1_Pro",
        "osm_uid": "cea/10",
        "osmid": "10",
        "element_type": "cea_zone",
        "building": "yes",
        "cea_name": "B1010",
        "intersection_area_m2": 318.2366868270671,
        "is_residential": true,
        "residential_source": "cea",
        "radiation_sum_kwh_year": 131202.6918125,
        "radiation_sum": 131202.6918125,
        "radiation_point_count": 292.0,
        "use_type1": "MULTI_RES",
        "use_type2": "NONE",
        "use_type3": "NONE",
        "resi_type": null,
        "comparison_status": "matched",
        "validation_radiation_kwh_year": 131202.6918125,
        "ucea_radiation_kwh_year": 357095.07999999996,
        "workflow0_radiation_kwh_year": null,
        "validation_area_m2": 318.2366868270671,
        "ucea_roofs_top_m2": 309.48,
        "err_ucea_minus_validation_kwh_year": 225892.38818749995,
        "err_ucea_abs_kwh_year": 225892.38818749995,
        "err_ucea_pct_of_validation": 1.7217054396286298,
        "err_ucea_area_minus_validation_m2": -8.756686827067085,
        "err_ucea_area_pct_of_validation": -0.02751627071779299,
        "err_workflow0_minus_validation_kwh_year": null,
        "err_workflow0_abs_kwh_year": null,
        "err_workflow0_pct_of_validation": null
      },
      "geometry": {
        "type": "Polygon",
        "coordinates": [
          [
            [
              -9.1455455,
              38.75379989999998
            ],
            [
              -9.145418,
              38.7538424
            ],
            [
              -9.1454055,
              38.75381970000001
            ],
            [
              -9.145386299999998,
              38.75382609999998
            ],
            [
              -9.145315,
              38.753695699999994
            ],
            [
              -9.1453389,
              38.75368779999999
            ],
            [
              -9.1453127,
              38.753639799999995
            ],
            [
              -9.1454355,
              38.75359890000001
            ],
            [
              -9.1455455,
              38.75379989999998
            ]
          ]
        ]
      }
    },
    {
      "type": "Feature",
      "properties": {
        "area_id": "EUA_1_Pro",
        "osm_uid": "cea/11",
        "osmid": "11",
        "element_type": "cea_zone",
        "building": "yes",
        "cea_name": "B1011",
        "intersection_area_m2": 76.47038252428983,
        "is_residential": true,
        "residential_source": "cea",
        "radiation_sum_kwh_year": 125437.48853125,
        "radiation_sum": 125437.48853125,
        "radiation_point_count": 125.0,
        "use_type1": "MULTI_RES",
        "use_type2": "NONE",
        "use_type3": "NONE",
        "resi_type": null,
        "comparison_status": "matched",
        "validation_radiation_kwh_year": 125437.48853125,
        "ucea_radiation_kwh_year": 139838.16999999995,
        "workflow0_radiation_kwh_year": null,
        "validation_area_m2": 76.47038252428983,
        "ucea_roofs_top_m2": 78.8,
        "err_ucea_minus_validation_kwh_year": 14400.681468749957,
        "err_ucea_abs_kwh_year": 14400.681468749957,
        "err_ucea_pct_of_validation": 0.11480364950994967,
        "err_ucea_area_minus_validation_m2": 2.3296174757101653,
        "err_ucea_area_pct_of_validation": 0.030464310479553208,
        "err_workflow0_minus_validation_kwh_year": null,
        "err_workflow0_abs_kwh_year": null,
        "err_workflow0_pct_of_validation": null
      },
      "geometry": {
        "type": "Polygon",
        "coordinates": [
          [
            [
              -9.147165599999997,
              38.75345540000001
            ],
            [
              -9.147033699999998,
              38.75349949999999
            ],
            [
              -9.1470058,
              38.75344870000001
            ],
            [
              -9.1471377,
              38.7534046
            ],
            [
              -9.147165599999997,
              38.75345540000001
            ]
          ]
        ]
      }
    },
    {
      "type": "Feature",
      "properties": {
        "area_id": "EUA_1_Pro",
        "osm_uid": "cea/12",
        "osmid": "12",
        "element_type": "cea_zone",
        "building": "yes",
        "cea_name": "B1012",
        "intersection_area_m2": 72.43910843544705,
        "is_residential": true,
        "residential_source": "cea",
        "radiation_sum_kwh_year": 137183.54525,
        "radiation_sum": 137183.54525,
        "radiation_point_count": 120.0,
        "use_type1": "MULTI_RES",
        "use_type2": "NONE",
        "use_type3": "NONE",
        "resi_type": null,
        "comparison_status": "matched",
        "validation_radiation_kwh_year": 137183.54525,
        "ucea_radiation_kwh_year": 109647.00999999998,
        "workflow0_radiation_kwh_year": null,
        "validation_area_m2": 72.43910843544705,
        "ucea_roofs_top_m2": 72.46,
        "err_ucea_minus_validation_kwh_year": -27536.535250000015,
        "err_ucea_abs_kwh_year": 27536.535250000015,
        "err_ucea_pct_of_validation": -0.20072768348287032,
        "err_ucea_area_minus_validation_m2": 0.020891564552940167,
        "err_ucea_area_pct_of_validation": 0.00028840173497658863,
        "err_workflow0_minus_validation_kwh_year": null,
        "err_workflow0_abs_kwh_year": null,
        "err_workflow0_pct_of_validation": null
      },
      "geometry": {
        "type": "Polygon",
        "coordinates": [
          [
            [
              -9.1456545,
              38.753780899999995
            ],
            [
              -9.1455702,
              38.75380640000001
            ],
            [
              -9.1455634,
              38.75379259999999
            ],
            [
              -9.1455317,
              38.75372889999999
            ],
            [
              -9.145615999999999,
              38.75370339999999
            ],
            [
              -9.1456545,
              38.753780899999995
            ]
          ]
        ]
      }
    },
    {
      "type": "Feature",
      "properties": {
        "area_id": "EUA_1_Pro",
        "osm_uid": "cea/15",
        "osmid": "15",
        "element_type": "cea_zone",
        "building": "yes",
        "cea_name": "B1015",
        "intersection_area_m2": 252.631561012338,
        "is_residential": true,
        "residential_source": "cea",
        "radiation_sum_kwh_year": 316255.48196875,
        "radiation_sum": 316255.48196875,
        "radiation_point_count": 314.0,
        "use_type1": "MULTI_RES",
        "use_type2": "NONE",
        "use_type3": "NONE",
        "resi_type": null,
        "comparison_status": "matched",
        "validation_radiation_kwh_year": 316255.48196875,
        "ucea_radiation_kwh_year": 409191.89000000106,
        "workflow0_radiation_kwh_year": null,
        "validation_area_m2": 252.631561012338,
        "ucea_roofs_top_m2": 259.37,
        "err_ucea_minus_validation_kwh_year": 92936.40803125105,
        "err_ucea_abs_kwh_year": 92936.40803125105,
        "err_ucea_pct_of_validation": 0.29386497098075387,
        "err_ucea_area_minus_validation_m2": 6.7384389876619935,
        "err_ucea_area_pct_of_validation": 0.02667298955308637,
        "err_workflow0_minus_validation_kwh_year": null,
        "err_workflow0_abs_kwh_year": null,
        "err_workflow0_pct_of_validation": null
      },
      "geometry": {
        "type": "Polygon",
        "coordinates": [
          [
            [
              -9.145334,
              38.75398260000001
            ],
            [
              -9.145622399999999,
              38.75388809999999
            ],
            [
              -9.145665599999997,
              38.7539652
            ],
            [
              -9.1453752,
              38.7540591
            ],
            [
              -9.145334,
              38.75398260000001
            ]
          ]
        ]
      }
    },
    {
      "type": "Feature",
      "properties": {
        "area_id": "EUA_1_Pro",
        "osm_uid": "cea/16",
        "osmid": "16",
        "element_type": "cea_zone",
        "building": "yes",
        "cea_name": "B1016",
        "intersection_area_m2": 213.19270374875006,
        "is_residential": true,
        "residential_source": "cea",
        "radiation_sum_kwh_year": 10033.5645625,
        "radiation_sum": 10033.5645625,
        "radiation_point_count": 188.0,
        "use_type1": "MULTI_RES",
        "use_type2": "NONE",
        "use_type3": "NONE",
        "resi_type": null,
        "comparison_status": "matched",
        "validation_radiation_kwh_year": 10033.5645625,
        "ucea_radiation_kwh_year": 357244.2900000007,
        "workflow0_radiation_kwh_year": null,
        "validation_area_m2": 213.19270374875006,
        "ucea_roofs_top_m2": 225.52,
        "err_ucea_minus_validation_kwh_year": 347210.7254375007,
        "err_ucea_abs_kwh_year": 347210.7254375007,
        "err_ucea_pct_of_validation": 34.60492263489142,
        "err_ucea_area_minus_validation_m2": 12.327296251249948,
        "err_ucea_area_pct_of_validation": 0.05782231771767293,
        "err_workflow0_minus_validation_kwh_year": null,
        "err_workflow0_abs_kwh_year": null,
        "err_workflow0_pct_of_validation": null
      },
      "geometry": {
        "type": "Polygon",
        "coordinates": [
          [
            [
              -9.146120999999999,
              38.7541503
            ],
            [
              -9.146104900000001,
              38.754169100000006
            ],
            [
              -9.1459205,
              38.7542268
            ],
            [
              -9.1458696,
              38.75413409999999
            ],
            [
              -9.1460727,
              38.754070799999994
            ],
            [
              -9.146120999999999,
              38.7541503
            ]
          ]
        ]
      }
    },
    {
      "type": "Feature",
      "properties": {
        "area_id": "EUA_1_Pro",
        "osm_uid": "cea/18",
        "osmid": "18",
        "element_type": "cea_zone",
        "building": "yes",
        "cea_name": "B1018",
        "intersection_area_m2": 248.21305377072636,
        "is_residential": true,
        "residential_source": "cea",
        "radiation_sum_kwh_year": 502013.85620312503,
        "radiation_sum": 502013.85620312503,
        "radiation_point_count": 409.0,
        "use_type1": "MULTI_RES",
        "use_type2": "NONE",
        "use_type3": "NONE",
        "resi_type": null,
        "comparison_status": "matched",
        "validation_radiation_kwh_year": 502013.85620312503,
        "ucea_radiation_kwh_year": 403109.9300000003,
        "workflow0_radiation_kwh_year": null,
        "validation_area_m2": 248.21305377072636,
        "ucea_roofs_top_m2": 254.49,
        "err_ucea_minus_validation_kwh_year": -98903.92620312475,
        "err_ucea_abs_kwh_year": 98903.92620312475,
        "err_ucea_pct_of_validation": -0.19701433532365728,
        "err_ucea_area_minus_validation_m2": 6.276946229273648,
        "err_ucea_area_pct_of_validation": 0.025288541976006,
        "err_workflow0_minus_validation_kwh_year": null,
        "err_workflow0_abs_kwh_year": null,
        "err_workflow0_pct_of_validation": null
      },
      "geometry": {
        "type": "Polygon",
        "coordinates": [
          [
            [
              -9.1459387,
              38.75397909999999
            ],
            [
              -9.145891799999998,
              38.753891999999986
            ],
            [
              -9.1461388,
              38.75380939999999
            ],
            [
              -9.146188,
              38.75389810000001
            ],
            [
              -9.1459387,
              38.75397909999999
            ]
          ]
        ]
      }
    },
    {
      "type": "Feature",
      "properties": {
        "area_id": "EUA_1_Pro",
        "osm_uid": "cea/19",
        "osmid": "19",
        "element_type": "cea_zone",
        "building": "yes",
        "cea_name": "B1019",
        "intersection_area_m2": 226.2261309466292,
        "is_residential": true,
        "residential_source": "cea",
        "radiation_sum_kwh_year": 355871.6259453125,
        "radiation_sum": 355871.6259453125,
        "radiation_point_count": 372.0,
        "use_type1": "MULTI_RES",
        "use_type2": "NONE",
        "use_type3": "NONE",
        "resi_type": null,
        "comparison_status": "matched",
        "validation_radiation_kwh_year": 355871.6259453125,
        "ucea_radiation_kwh_year": 371653.65999999864,
        "workflow0_radiation_kwh_year": null,
        "validation_area_m2": 226.2261309466292,
        "ucea_roofs_top_m2": 232.72,
        "err_ucea_minus_validation_kwh_year": 15782.03405468614,
        "err_ucea_abs_kwh_year": 15782.03405468614,
        "err_ucea_pct_of_validation": 0.04434754811587985,
        "err_ucea_area_minus_validation_m2": 6.493869053370787,
        "err_ucea_area_pct_of_validation": 0.028705212020369155,
        "err_workflow0_minus_validation_kwh_year": null,
        "err_workflow0_abs_kwh_year": null,
        "err_workflow0_pct_of_validation": null
      },
      "geometry": {
        "type": "Polygon",
        "coordinates": [
          [
            [
              -9.145665599999997,
              38.7539652
            ],
            [
              -9.145891799999998,
              38.753891999999986
            ],
            [
              -9.1459387,
              38.75397909999999
            ],
            [
              -9.1457145,
              38.7540548
            ],
            [
              -9.145665599999997,
              38.7539652
            ]
          ]
        ]
      }
    },
    {
      "type": "Feature",
      "properties": {
        "area_id": "EUA_1_Pro",
        "osm_uid": "cea/20",
        "osmid": "20",
        "element_type": "cea_zone",
        "building": "yes",
        "cea_name": "B1020",
        "intersection_area_m2": 231.6097197762818,
        "is_residential": true,
        "residential_source": "cea",
        "radiation_sum_kwh_year": 464894.617875,
        "radiation_sum": 464894.617875,
        "radiation_point_count": 381.0,
        "use_type1": "MULTI_RES",
        "use_type2": "NONE",
        "use_type3": "NONE",
        "resi_type": null,
        "comparison_status": "matched",
        "validation_radiation_kwh_year": 464894.617875,
        "ucea_radiation_kwh_year": 375863.2400000001,
        "workflow0_radiation_kwh_year": null,
        "validation_area_m2": 231.6097197762818,
        "ucea_roofs_top_m2": 235.21,
        "err_ucea_minus_validation_kwh_year": -89031.37787499989,
        "err_ucea_abs_kwh_year": 89031.37787499989,
        "err_ucea_pct_of_validation": -0.19150873004715765,
        "err_ucea_area_minus_validation_m2": 3.600280223718215,
        "err_ucea_area_pct_of_validation": 0.015544599022855453,
        "err_workflow0_minus_validation_kwh_year": null,
        "err_workflow0_abs_kwh_year": null,
        "err_workflow0_pct_of_validation": null
      },
      "geometry": {
        "type": "Polygon",
        "coordinates": [
          [
            [
              -9.146188,
              38.75389810000001
            ],
            [
              -9.1461388,
              38.75380939999999
            ],
            [
              -9.146366899999999,
              38.75373239999998
            ],
            [
              -9.1464161,
              38.75382109999999
            ],
            [
              -9.146188,
              38.75389810000001
            ]
          ]
        ]
      }
    },
    {
      "type": "Feature",
      "properties": {
        "area_id": "EUA_1_Pro",
        "osm_uid": "cea/24",
        "osmid": "24",
        "element_type": "cea_zone",
        "building": "yes",
        "cea_name": "B1024",
        "intersection_area_m2": 149.521593963863,
        "is_residential": true,
        "residential_source": "cea",
        "radiation_sum_kwh_year": 223808.647171875,
        "radiation_sum": 223808.647171875,
        "radiation_point_count": 243.0,
        "use_type1": "MULTI_RES",
        "use_type2": "NONE",
        "use_type3": "NONE",
        "resi_type": null,
        "comparison_status": "matched",
        "validation_radiation_kwh_year": 223808.647171875,
        "ucea_radiation_kwh_year": 246135.73000000053,
        "workflow0_radiation_kwh_year": null,
        "validation_area_m2": 149.521593963863,
        "ucea_roofs_top_m2": 156.14,
        "err_ucea_minus_validation_kwh_year": 22327.082828125538,
        "err_ucea_abs_kwh_year": 22327.082828125538,
        "err_ucea_pct_of_validation": 0.0997596970012483,
        "err_ucea_area_minus_validation_m2": 6.6184060361369745,
        "err_ucea_area_pct_of_validation": 0.044263880959806635,
        "err_workflow0_minus_validation_kwh_year": null,
        "err_workflow0_abs_kwh_year": null,
        "err_workflow0_pct_of_validation": null
      },
      "geometry": {
        "type": "Polygon",
        "coordinates": [
          [
            [
              -9.146796999999998,
              38.75340209999999
            ],
            [
              -9.1465913,
              38.75346609999998
            ],
            [
              -9.1465547,
              38.75340210000001
            ],
            [
              -9.1467605,
              38.75333810000001
            ],
            [
              -9.146796999999998,
              38.75340209999999
            ]
          ]
        ]
      }
    },
    {
      "type": "Feature",
      "properties": {
        "area_id": "EUA_1_Pro",
        "osm_uid": "cea/25",
        "osmid": "25",
        "element_type": "cea_zone",
        "building": "yes",
        "cea_name": "B1025",
        "intersection_area_m2": 129.26577895712103,
        "is_residential": true,
        "residential_source": "cea",
        "radiation_sum_kwh_year": 220908.019171875,
        "radiation_sum": 220908.019171875,
        "radiation_point_count": 213.0,
        "use_type1": "MULTI_RES",
        "use_type2": "NONE",
        "use_type3": "NONE",
        "resi_type": null,
        "comparison_status": "matched",
        "validation_radiation_kwh_year": 220908.019171875,
        "ucea_radiation_kwh_year": 212427.58000000005,
        "workflow0_radiation_kwh_year": null,
        "validation_area_m2": 129.26577895712103,
        "ucea_roofs_top_m2": 133.26,
        "err_ucea_minus_validation_kwh_year": -8480.439171874954,
        "err_ucea_abs_kwh_year": 8480.439171874954,
        "err_ucea_pct_of_validation": -0.03838900554025087,
        "err_ucea_area_minus_validation_m2": 3.994221042878962,
        "err_ucea_area_pct_of_validation": 0.030899291947978684,
        "err_workflow0_minus_validation_kwh_year": null,
        "err_workflow0_abs_kwh_year": null,
        "err_workflow0_pct_of_validation": null
      },
      "geometry": {
        "type": "Polygon",
        "coordinates": [
          [
            [
              -9.146796999999998,
              38.75340209999999
            ],
            [
              -9.1467605,
              38.75333810000001
            ],
            [
              -9.1469329,
              38.7532778
            ],
            [
              -9.1469714,
              38.753342499999995
            ],
            [
              -9.146796999999998,
              38.75340209999999
            ]
          ]
        ]
      }
    },
    {
      "type": "Feature",
      "properties": {
        "area_id": "EUA_1_Pro",
        "osm_uid": "cea/26",
        "osmid": "26",
        "element_type": "cea_zone",
        "building": "yes",
        "cea_name": "B1026",
        "intersection_area_m2": 444.5994526250636,
        "is_residential": true,
        "residential_source": "cea",
        "radiation_sum_kwh_year": 633405.1289375001,
        "radiation_sum": 633405.1289375001,
        "radiation_point_count": 734.0,
        "use_type1": "MULTI_RES",
        "use_type2": "NONE",
        "use_type3": "NONE",
        "resi_type": null,
        "comparison_status": "matched",
        "validation_radiation_kwh_year": 633405.1289375001,
        "ucea_radiation_kwh_year": 692885.5599999994,
        "workflow0_radiation_kwh_year": null,
        "validation_area_m2": 444.5994526250636,
        "ucea_roofs_top_m2": 621.76,
        "err_ucea_minus_validation_kwh_year": 59480.431062499294,
        "err_ucea_abs_kwh_year": 59480.431062499294,
        "err_ucea_pct_of_validation": 0.09390582479537896,
        "err_ucea_area_minus_validation_m2": 177.1605473749364,
        "err_ucea_area_pct_of_validation": 0.39847225705952044,
        "err_workflow0_minus_validation_kwh_year": null,
        "err_workflow0_abs_kwh_year": null,
        "err_workflow0_pct_of_validation": null
      },
      "geometry": {
        "type": "Polygon",
        "coordinates": [
          [
            [
              -9.1509259,
              38.7500192
            ],
            [
              -9.1509445,
              38.7500842
            ],
            [
              -9.1509005,
              38.75009179999999
            ],
            [
              -9.150852399999998,
              38.7501002
            ],
            [
              -9.150833799999997,
              38.75003530000001
            ],
            [
              -9.1507254,
              38.75005419999999
            ],
            [
              -9.150699199999998,
              38.7499641
            ],
            [
              -9.1506867,
              38.74991880000001
            ],
            [
              -9.1506683,
              38.7498525
            ],
            [
              -9.1507761,
              38.7498343
            ],
            [
              -9.150794299999998,
              38.7499
            ],
            [
              -9.1509141,
              38.74987899999999
            ],
            [
              -9.150952999999998,
              38.7500145
            ],
            [
              -9.1509259,
              38.7500192
            ]
          ]
        ]
      }
    },
    {
      "type": "Feature",
      "properties": {
        "area_id": "EUA_1_Pro",
        "osm_uid": "cea/27",
        "osmid": "27",
        "element_type": "cea_zone",
        "building": "yes",
        "cea_name": "B1027",
        "intersection_area_m2": 671.4169586618608,
        "is_residential": true,
        "residential_source": "cea",
        "radiation_sum_kwh_year": 391469.64944921876,
        "radiation_sum": 391469.64944921876,
        "radiation_point_count": 579.0,
        "use_type1": "MULTI_RES",
        "use_type2": "NONE",
        "use_type3": "NONE",
        "resi_type": null,
        "comparison_status": "matched",
        "validation_radiation_kwh_year": 391469.64944921876,
        "ucea_radiation_kwh_year": 1133599.1799999985,
        "workflow0_radiation_kwh_year": null,
        "validation_area_m2": 671.4169586618608,
        "ucea_roofs_top_m2": 853.44,
        "err_ucea_minus_validation_kwh_year": 742129.5305507798,
        "err_ucea_abs_kwh_year": 742129.5305507798,
        "err_ucea_pct_of_validation": 1.8957524078684636,
        "err_ucea_area_minus_validation_m2": 182.02304133813925,
        "err_ucea_area_pct_of_validation": 0.27110283556273673,
        "err_workflow0_minus_validation_kwh_year": null,
        "err_workflow0_abs_kwh_year": null,
        "err_workflow0_pct_of_validation": null
      },
      "geometry": {
        "type": "Polygon",
        "coordinates": [
          [
            [
              -9.1512776,
              38.7495137
            ],
            [
              -9.1512756,
              38.74950969999999
            ],
            [
              -9.1514651,
              38.74947149999999
            ],
            [
              -9.1514744,
              38.74946849999999
            ],
            [
              -9.151491699999998,
              38.74950169999999
            ],
            [
              -9.1515145,
              38.749547099999994
            ],
            [
              -9.1514623,
              38.74956339999999
            ],
            [
              -9.151485999999998,
              38.749605800000005
            ],
            [
              -9.151335800000002,
              38.7496301
            ],
            [
              -9.1511564,
              38.749659599999994
            ],
            [
              -9.151167,
              38.749698599999995
            ],
            [
              -9.1510225,
              38.7497223
            ],
            [
              -9.1509794,
              38.7495627
            ],
            [
              -9.151056,
              38.749550099999986
            ],
            [
              -9.1512776,
              38.7495137
            ]
          ]
        ]
      }
    },
    {
      "type": "Feature",
      "properties": {
        "area_id": "EUA_1_Pro",
        "osm_uid": "cea/30",
        "osmid": "30",
        "element_type": "cea_zone",
        "building": "yes",
        "cea_name": "B1030",
        "intersection_area_m2": 3449.836200016075,
        "is_residential": true,
        "residential_source": "cea",
        "radiation_sum_kwh_year": 7021444.05365625,
        "radiation_sum": 7021444.05365625,
        "radiation_point_count": 5631.0,
        "use_type1": "MULTI_RES",
        "use_type2": "NONE",
        "use_type3": "NONE",
        "resi_type": null,
        "comparison_status": "matched",
        "validation_radiation_kwh_year": 7021444.05365625,
        "ucea_radiation_kwh_year": 5294388.850000011,
        "workflow0_radiation_kwh_year": null,
        "validation_area_m2": 3449.836200016075,
        "ucea_roofs_top_m2": 3449.19,
        "err_ucea_minus_validation_kwh_year": -1727055.2036562394,
        "err_ucea_abs_kwh_year": 1727055.2036562394,
        "err_ucea_pct_of_validation": -0.24596866263670028,
        "err_ucea_area_minus_validation_m2": -0.6462000160749994,
        "err_ucea_area_pct_of_validation": -0.00018731324579178234,
        "err_workflow0_minus_validation_kwh_year": null,
        "err_workflow0_abs_kwh_year": null,
        "err_workflow0_pct_of_validation": null
      },
      "geometry": {
        "type": "Polygon",
        "coordinates": [
          [
            [
              -9.151311499999998,
              38.75297170000001
            ],
            [
              -9.151027299999999,
              38.753062799999995
            ],
            [
              -9.1510201,
              38.7530491
            ],
            [
              -9.1507432,
              38.753137800000005
            ],
            [
              -9.1504253,
              38.75253469999999
            ],
            [
              -9.1508325,
              38.75240429999999
            ],
            [
              -9.1508549,
              38.75244679999999
            ],
            [
              -9.1508054,
              38.75246260000001
            ],
            [
              -9.1508822,
              38.7526084
            ],
            [
              -9.1510857,
              38.75254319999999
            ],
            [
              -9.151311499999998,
              38.75297170000001
            ]
          ]
        ]
      }
    },
    {
      "type": "Feature",
      "properties": {
        "area_id": "EUA_1_Pro",
        "osm_uid": "cea/31",
        "osmid": "31",
        "element_type": "cea_zone",
        "building": "yes",
        "cea_name": "B1031",
        "intersection_area_m2": 958.4355348286732,
        "is_residential": true,
        "residential_source": "cea",
        "radiation_sum_kwh_year": 2208990.58578125,
        "radiation_sum": 2208990.58578125,
        "radiation_point_count": 1577.0,
        "use_type1": "MULTI_RES",
        "use_type2": "NONE",
        "use_type3": "NONE",
        "resi_type": null,
        "comparison_status": "matched",
        "validation_radiation_kwh_year": 2208990.58578125,
        "ucea_radiation_kwh_year": 1555651.1600000085,
        "workflow0_radiation_kwh_year": null,
        "validation_area_m2": 958.4355348286732,
        "ucea_roofs_top_m2": 960.91,
        "err_ucea_minus_validation_kwh_year": -653339.4257812416,
        "err_ucea_abs_kwh_year": 653339.4257812416,
        "err_ucea_pct_of_validation": -0.2957637891200773,
        "err_ucea_area_minus_validation_m2": 2.474465171326756,
        "err_ucea_area_pct_of_validation": 0.002581775280033918,
        "err_workflow0_minus_validation_kwh_year": null,
        "err_workflow0_abs_kwh_year": null,
        "err_workflow0_pct_of_validation": null
      },
      "geometry": {
        "type": "Polygon",
        "coordinates": [
          [
            [
              -9.1492453,
              38.752367899999996
            ],
            [
              -9.149165699999998,
              38.75221139999999
            ],
            [
              -9.149185,
              38.75220239999999
            ],
            [
              -9.1490992,
              38.752023599999994
            ],
            [
              -9.1491173,
              38.7520202
            ],
            [
              -9.1490557,
              38.7518924
            ],
            [
              -9.149110699999998,
              38.75177959999999
            ],
            [
              -9.149220699999999,
              38.75174590000001
            ],
            [
              -9.149242999999998,
              38.7517962
            ],
            [
              -9.149226299999999,
              38.7518013
            ],
            [
              -9.149262,
              38.751878899999994
            ],
            [
              -9.1492523,
              38.75188109999999
            ],
            [
              -9.149303799999998,
              38.7519973
            ],
            [
              -9.1492587,
              38.7520129
            ],
            [
              -9.149356399999999,
              38.75218600000001
            ],
            [
              -9.1493221,
              38.75219469999999
            ],
            [
              -9.149386399999997,
              38.752324299999984
            ],
            [
              -9.1492453,
              38.752367899999996
            ]
          ]
        ]
      }
    },
    {
      "type": "Feature",
      "properties": {
        "area_id": "EUA_1_Pro",
        "osm_uid": "cea/32",
        "osmid": "32",
        "element_type": "cea_zone",
        "building": "yes",
        "cea_name": "B1032",
        "intersection_area_m2": 455.0019764721348,
        "is_residential": true,
        "residential_source": "cea",
        "radiation_sum_kwh_year": 1111281.1632031251,
        "radiation_sum": 1111281.1632031251,
        "radiation_point_count": 750.0,
        "use_type1": "MULTI_RES",
        "use_type2": "NONE",
        "use_type3": "NONE",
        "resi_type": null,
        "comparison_status": "matched",
        "validation_radiation_kwh_year": 1111281.1632031251,
        "ucea_radiation_kwh_year": 727110.9400000009,
        "workflow0_radiation_kwh_year": null,
        "validation_area_m2": 455.0019764721348,
        "ucea_roofs_top_m2": 455.0,
        "err_ucea_minus_validation_kwh_year": -384170.22320312425,
        "err_ucea_abs_kwh_year": 384170.22320312425,
        "err_ucea_pct_of_validation": -0.3457002925306526,
        "err_ucea_area_minus_validation_m2": -0.0019764721347996783,
        "err_ucea_area_pct_of_validation": -4.343875932417452e-06,
        "err_workflow0_minus_validation_kwh_year": null,
        "err_workflow0_abs_kwh_year": null,
        "err_workflow0_pct_of_validation": null
      },
      "geometry": {
        "type": "Polygon",
        "coordinates": [
          [
            [
              -9.1491843,
              38.7516767
            ],
            [
              -9.1487412,
              38.7518092
            ],
            [
              -9.148695599999998,
              38.7517164
            ],
            [
              -9.1491386,
              38.75158379999998
            ],
            [
              -9.1491843,
              38.7516767
            ]
          ]
        ]
      }
    },
    {
      "type": "Feature",
      "properties": {
        "area_id": "EUA_1_Pro",
        "osm_uid": "cea/33",
        "osmid": "33",
        "element_type": "cea_zone",
        "building": "yes",
        "cea_name": "B1033",
        "intersection_area_m2": 371.591097741187,
        "is_residential": true,
        "residential_source": "cea",
        "radiation_sum_kwh_year": 692212.135875,
        "radiation_sum": 692212.135875,
        "radiation_point_count": 612.0,
        "use_type1": "MULTI_RES",
        "use_type2": "NONE",
        "use_type3": "NONE",
        "resi_type": null,
        "comparison_status": "matched",
        "validation_radiation_kwh_year": 692212.135875,
        "ucea_radiation_kwh_year": 636350.6799999978,
        "workflow0_radiation_kwh_year": null,
        "validation_area_m2": 371.591097741187,
        "ucea_roofs_top_m2": 400.0,
        "err_ucea_minus_validation_kwh_year": -55861.4558750022,
        "err_ucea_abs_kwh_year": 55861.4558750022,
        "err_ucea_pct_of_validation": -0.08069990827940307,
        "err_ucea_area_minus_validation_m2": 28.408902258812986,
        "err_ucea_area_pct_of_validation": 0.07645205289228907,
        "err_workflow0_minus_validation_kwh_year": null,
        "err_workflow0_abs_kwh_year": null,
        "err_workflow0_pct_of_validation": null
      },
      "geometry": {
        "type": "Polygon",
        "coordinates": [
          [
            [
              -9.148264399999999,
              38.750342299999986
            ],
            [
              -9.1482525,
              38.7503193
            ],
            [
              -9.1482383,
              38.750323699999996
            ],
            [
              -9.148225299999998,
              38.750298599999994
            ],
            [
              -9.1482139,
              38.75030219999999
            ],
            [
              -9.1481604,
              38.7501985
            ],
            [
              -9.1481741,
              38.750194199999996
            ],
            [
              -9.1481659,
              38.7501782
            ],
            [
              -9.1481738,
              38.7501757
            ],
            [
              -9.148166499999999,
              38.750162599999996
            ],
            [
              -9.1483256,
              38.75011429999999
            ],
            [
              -9.1483295,
              38.75012619999999
            ],
            [
              -9.148334699999998,
              38.750124499999984
            ],
            [
              -9.1483423,
              38.750139299999994
            ],
            [
              -9.1483564,
              38.7501349
            ],
            [
              -9.148410199999999,
              38.75023929999998
            ],
            [
              -9.148398999999998,
              38.7502428
            ],
            [
              -9.1484244,
              38.750291999999995
            ],
            [
              -9.148304,
              38.750329799999996
            ],
            [
              -9.148264399999999,
              38.750342299999986
            ]
          ]
        ]
      }
    },
    {
      "type": "Feature",
      "properties": {
        "area_id": "EUA_1_Pro",
        "osm_uid": "cea/34",
        "osmid": "34",
        "element_type": "cea_zone",
        "building": "yes",
        "cea_name": "B1034",
        "intersection_area_m2": 162.16593239298544,
        "is_residential": true,
        "residential_source": "cea",
        "radiation_sum_kwh_year": 143709.50975,
        "radiation_sum": 143709.50975,
        "radiation_point_count": 267.0,
        "use_type1": "MULTI_RES",
        "use_type2": "NONE",
        "use_type3": "NONE",
        "resi_type": null,
        "comparison_status": "matched",
        "validation_radiation_kwh_year": 143709.50975,
        "ucea_radiation_kwh_year": 257594.68000000052,
        "workflow0_radiation_kwh_year": null,
        "validation_area_m2": 162.16593239298544,
        "ucea_roofs_top_m2": 166.44,
        "err_ucea_minus_validation_kwh_year": 113885.17025000052,
        "err_ucea_abs_kwh_year": 113885.17025000052,
        "err_ucea_pct_of_validation": 0.7924678780695689,
        "err_ucea_area_minus_validation_m2": 4.274067607014558,
        "err_ucea_area_pct_of_validation": 0.026356137469471578,
        "err_workflow0_minus_validation_kwh_year": null,
        "err_workflow0_abs_kwh_year": null,
        "err_workflow0_pct_of_validation": null
      },
      "geometry": {
        "type": "Polygon",
        "coordinates": [
          [
            [
              -9.148799599999998,
              38.751118899999994
            ],
            [
              -9.148727,
              38.75098069999999
            ],
            [
              -9.1488312,
              38.7509474
            ],
            [
              -9.1489038,
              38.75108559999999
            ],
            [
              -9.148799599999998,
              38.751118899999994
            ]
          ]
        ]
      }
    },
    {
      "type": "Feature",
      "properties": {
        "area_id": "EUA_1_Pro",
        "osm_uid": "cea/35",
        "osmid": "35",
        "element_type": "cea_zone",
        "building": "yes",
        "cea_name": "B1035",
        "intersection_area_m2": 572.2327528927275,
        "is_residential": true,
        "residential_source": "cea",
        "radiation_sum_kwh_year": 806045.138046875,
        "radiation_sum": 806045.138046875,
        "radiation_point_count": 945.0,
        "use_type1": "MULTI_RES",
        "use_type2": "NONE",
        "use_type3": "NONE",
        "resi_type": null,
        "comparison_status": "matched",
        "validation_radiation_kwh_year": 806045.138046875,
        "ucea_radiation_kwh_year": 671165.7899999998,
        "workflow0_radiation_kwh_year": null,
        "validation_area_m2": 572.2327528927275,
        "ucea_roofs_top_m2": 685.27,
        "err_ucea_minus_validation_kwh_year": -134879.3480468752,
        "err_ucea_abs_kwh_year": 134879.3480468752,
        "err_ucea_pct_of_validation": -0.1673347331065117,
        "err_ucea_area_minus_validation_m2": 113.03724710727249,
        "err_ucea_area_pct_of_validation": 0.19753718488823166,
        "err_workflow0_minus_validation_kwh_year": null,
        "err_workflow0_abs_kwh_year": null,
        "err_workflow0_pct_of_validation": null
      },
      "geometry": {
        "type": "Polygon",
        "coordinates": [
          [
            [
              -9.148028499999999,
              38.750417399999996
            ],
            [
              -9.148264399999999,
              38.750342299999986
            ],
            [
              -9.148304,
              38.750329799999996
            ],
            [
              -9.1483167,
              38.7503541
            ],
            [
              -9.148283599999997,
              38.750425400000005
            ],
            [
              -9.1482508,
              38.7504369
            ],
            [
              -9.1482435,
              38.75044260000001
            ],
            [
              -9.148243099999998,
              38.7504517
            ],
            [
              -9.148247399999999,
              38.75046
            ],
            [
              -9.1482559,
              38.75046429999999
            ],
            [
              -9.148266999999999,
              38.750465
            ],
            [
              -9.148296699999998,
              38.7504564
            ],
            [
              -9.148318699999999,
              38.750450199999996
            ],
            [
              -9.148345,
              38.7505002
            ],
            [
              -9.1483968,
              38.75051049999999
            ],
            [
              -9.148410399999998,
              38.7505395
            ],
            [
              -9.148134299999999,
              38.75062419999999
            ],
            [
              -9.148082,
              38.7505231
            ],
            [
              -9.148068699999998,
              38.750527199999986
            ],
            [
              -9.1480394,
              38.750473499999984
            ],
            [
              -9.1480546,
              38.75046660000001
            ],
            [
              -9.148028499999999,
              38.750417399999996
            ]
          ]
        ]
      }
    },
    {
      "type": "Feature",
      "properties": {
        "area_id": "EUA_1_Pro",
        "osm_uid": "cea/36",
        "osmid": "36",
        "element_type": "cea_zone",
        "building": "yes",
        "cea_name": "B1036",
        "intersection_area_m2": 429.5209251206026,
        "is_residential": true,
        "residential_source": "cea",
        "radiation_sum_kwh_year": 710850.035921875,
        "radiation_sum": 710850.035921875,
        "radiation_point_count": 707.0,
        "use_type1": "MULTI_RES",
        "use_type2": "NONE",
        "use_type3": "NONE",
        "resi_type": null,
        "comparison_status": "matched",
        "validation_radiation_kwh_year": 710850.035921875,
        "ucea_radiation_kwh_year": 691290.9799999975,
        "workflow0_radiation_kwh_year": null,
        "validation_area_m2": 429.5209251206026,
        "ucea_roofs_top_m2": 429.52,
        "err_ucea_minus_validation_kwh_year": -19559.0559218775,
        "err_ucea_abs_kwh_year": 19559.0559218775,
        "err_ucea_pct_of_validation": -0.02751502417315361,
        "err_ucea_area_minus_validation_m2": -0.0009251206026306136,
        "err_ucea_area_pct_of_validation": -2.153842917829567e-06,
        "err_workflow0_minus_validation_kwh_year": null,
        "err_workflow0_abs_kwh_year": null,
        "err_workflow0_pct_of_validation": null
      },
      "geometry": {
        "type": "Polygon",
        "coordinates": [
          [
            [
              -9.148509200000001,
              38.75076899999999
            ],
            [
              -9.148410399999998,
              38.7505395
            ],
            [
              -9.1485715,
              38.750487
            ],
            [
              -9.148688299999998,
              38.75071160000001
            ],
            [
              -9.148509200000001,
              38.75076899999999
            ]
          ]
        ]
      }
    },
    {
      "type": "Feature",
      "properties": {
        "area_id": "EUA_1_Pro",
        "osm_uid": "cea/37",
        "osmid": "37",
        "element_type": "cea_zone",
        "building": "yes",
        "cea_name": "B1037",
        "intersection_area_m2": 103.49055636195004,
        "is_residential": true,
        "residential_source": "cea",
        "radiation_sum_kwh_year": 130433.14386718751,
        "radiation_sum": 130433.14386718751,
        "radiation_point_count": 169.0,
        "use_type1": "MULTI_RES",
        "use_type2": "NONE",
        "use_type3": "NONE",
        "resi_type": null,
        "comparison_status": "matched",
        "validation_radiation_kwh_year": 130433.14386718751,
        "ucea_radiation_kwh_year": 164510.2199999997,
        "workflow0_radiation_kwh_year": null,
        "validation_area_m2": 103.49055636195004,
        "ucea_roofs_top_m2": 104.33,
        "err_ucea_minus_validation_kwh_year": 34077.0761328122,
        "err_ucea_abs_kwh_year": 34077.0761328122,
        "err_ucea_pct_of_validation": 0.2612608660840906,
        "err_ucea_area_minus_validation_m2": 0.839443638049957,
        "err_ucea_area_pct_of_validation": 0.008111306650184285,
        "err_workflow0_minus_validation_kwh_year": null,
        "err_workflow0_abs_kwh_year": null,
        "err_workflow0_pct_of_validation": null
      },
      "geometry": {
        "type": "Polygon",
        "coordinates": [
          [
            [
              -9.148649199999998,
              38.751804299999996
            ],
            [
              -9.148605,
              38.7517113
            ],
            [
              -9.148683799999999,
              38.75168859999999
            ],
            [
              -9.148695599999998,
              38.7517164
            ],
            [
              -9.1487412,
              38.7518092
            ],
            [
              -9.1486624,
              38.751832099999994
            ],
            [
              -9.148649199999998,
              38.751804299999996
            ]
          ]
        ]
      }
    },
    {
      "type": "Feature",
      "properties": {
        "area_id": "EUA_1_Pro",
        "osm_uid": "cea/38",
        "osmid": "38",
        "element_type": "cea_zone",
        "building": "yes",
        "cea_name": "B1038",
        "intersection_area_m2": 317.2621596071456,
        "is_residential": true,
        "residential_source": "cea",
        "radiation_sum_kwh_year": 683618.7671875,
        "radiation_sum": 683618.7671875,
        "radiation_point_count": 522.0,
        "use_type1": "MULTI_RES",
        "use_type2": "NONE",
        "use_type3": "NONE",
        "resi_type": null,
        "comparison_status": "matched",
        "validation_radiation_kwh_year": 683618.7671875,
        "ucea_radiation_kwh_year": 515025.7399999994,
        "workflow0_radiation_kwh_year": null,
        "validation_area_m2": 317.2621596071456,
        "ucea_roofs_top_m2": 318.05,
        "err_ucea_minus_validation_kwh_year": -168593.02718750061,
        "err_ucea_abs_kwh_year": 168593.02718750061,
        "err_ucea_pct_of_validation": -0.24661848866600766,
        "err_ucea_area_minus_validation_m2": 0.7878403928544344,
        "err_ucea_area_pct_of_validation": 0.002483247273579645,
        "err_workflow0_minus_validation_kwh_year": null,
        "err_workflow0_abs_kwh_year": null,
        "err_workflow0_pct_of_validation": null
      },
      "geometry": {
        "type": "Polygon",
        "coordinates": [
          [
            [
              -9.1493154,
              38.752668199999995
            ],
            [
              -9.1492416,
              38.75252599999998
            ],
            [
              -9.1492853,
              38.75251219999999
            ],
            [
              -9.1494404,
              38.752463199999994
            ],
            [
              -9.1495142,
              38.75260540000001
            ],
            [
              -9.1493154,
              38.752668199999995
            ]
          ]
        ]
      }
    },
    {
      "type": "Feature",
      "properties": {
        "area_id": "EUA_1_Pro",
        "osm_uid": "cea/39",
        "osmid": "39",
        "element_type": "cea_zone",
        "building": "yes",
        "cea_name": "B1039",
        "intersection_area_m2": 335.1360833259603,
        "is_residential": true,
        "residential_source": "cea",
        "radiation_sum_kwh_year": 662205.6793750001,
        "radiation_sum": 662205.6793750001,
        "radiation_point_count": 551.0,
        "use_type1": "MULTI_RES",
        "use_type2": "NONE",
        "use_type3": "NONE",
        "resi_type": null,
        "comparison_status": "matched",
        "validation_radiation_kwh_year": 662205.6793750001,
        "ucea_radiation_kwh_year": 538022.160000001,
        "workflow0_radiation_kwh_year": null,
        "validation_area_m2": 335.1360833259603,
        "ucea_roofs_top_m2": 344.02,
        "err_ucea_minus_validation_kwh_year": -124183.5193749991,
        "err_ucea_abs_kwh_year": 124183.5193749991,
        "err_ucea_pct_of_validation": -0.1875301333751855,
        "err_ucea_area_minus_validation_m2": 8.883916674039654,
        "err_ucea_area_pct_of_validation": 0.026508386043883468,
        "err_workflow0_minus_validation_kwh_year": null,
        "err_workflow0_abs_kwh_year": null,
        "err_workflow0_pct_of_validation": null
      },
      "geometry": {
        "type": "Polygon",
        "coordinates": [
          [
            [
              -9.1497561,
              38.753460200000006
            ],
            [
              -9.1499563,
              38.7533907
            ],
            [
              -9.150039099999999,
              38.7535355
            ],
            [
              -9.1498389,
              38.753605099999994
            ],
            [
              -9.1497561,
              38.753460200000006
            ]
          ]
        ]
      }
    },
    {
      "type": "Feature",
      "properties": {
        "area_id": "EUA_1_Pro",
        "osm_uid": "cea/40",
        "osmid": "40",
        "element_type": "cea_zone",
        "building": "yes",
        "cea_name": "B1040",
        "intersection_area_m2": 453.1329202002057,
        "is_residential": true,
        "residential_source": "cea",
        "radiation_sum_kwh_year": 706778.228703125,
        "radiation_sum": 706778.228703125,
        "radiation_point_count": 745.0,
        "use_type1": "MULTI_RES",
        "use_type2": "NONE",
        "use_type3": "NONE",
        "resi_type": null,
        "comparison_status": "matched",
        "validation_radiation_kwh_year": 706778.228703125,
        "ucea_radiation_kwh_year": 1041709.970000002,
        "workflow0_radiation_kwh_year": null,
        "validation_area_m2": 453.1329202002057,
        "ucea_roofs_top_m2": 647.05,
        "err_ucea_minus_validation_kwh_year": 334931.7412968769,
        "err_ucea_abs_kwh_year": 334931.7412968769,
        "err_ucea_pct_of_validation": 0.47388519863075973,
        "err_ucea_area_minus_validation_m2": 193.91707979979424,
        "err_ucea_area_pct_of_validation": 0.42794745461026473,
        "err_workflow0_minus_validation_kwh_year": null,
        "err_workflow0_abs_kwh_year": null,
        "err_workflow0_pct_of_validation": null
      },
      "geometry": {
        "type": "Polygon",
        "coordinates": [
          [
            [
              -9.148410399999998,
              38.7505395
            ],
            [
              -9.1483968,
              38.75051049999999
            ],
            [
              -9.148345,
              38.7505002
            ],
            [
              -9.148318699999999,
              38.750450199999996
            ],
            [
              -9.148296699999998,
              38.7504564
            ],
            [
              -9.148266999999999,
              38.750465
            ],
            [
              -9.1482559,
              38.75046429999999
            ],
            [
              -9.148247399999999,
              38.75046
            ],
            [
              -9.148243099999998,
              38.7504517
            ],
            [
              -9.1482435,
              38.75044260000001
            ],
            [
              -9.1482508,
              38.7504369
            ],
            [
              -9.148283599999997,
              38.750425400000005
            ],
            [
              -9.1483167,
              38.7503541
            ],
            [
              -9.148304,
              38.750329799999996
            ],
            [
              -9.1484244,
              38.750291999999995
            ],
            [
              -9.1484658,
              38.75027909999999
            ],
            [
              -9.1484814,
              38.75029369999999
            ],
            [
              -9.1484963,
              38.75033080000001
            ],
            [
              -9.148513299999998,
              38.750357399999984
            ],
            [
              -9.148513,
              38.750371899999976
            ],
            [
              -9.14849,
              38.7503782
            ],
            [
              -9.1485186,
              38.7504335
            ],
            [
              -9.1485379,
              38.750425699999994
            ],
            [
              -9.148552800000001,
              38.75042849999999
            ],
            [
              -9.1485696,
              38.75046050000001
            ],
            [
              -9.1485715,
              38.750487
            ],
            [
              -9.148410399999998,
              38.7505395
            ]
          ]
        ]
      }
    },
    {
      "type": "Feature",
      "properties": {
        "area_id": "EUA_1_Pro",
        "osm_uid": "cea/41",
        "osmid": "41",
        "element_type": "cea_zone",
        "building": "yes",
        "cea_name": "B1041",
        "intersection_area_m2": 288.0270704750693,
        "is_residential": true,
        "residential_source": "cea",
        "radiation_sum_kwh_year": 471297.591375,
        "radiation_sum": 471297.591375,
        "radiation_point_count": 476.0,
        "use_type1": "MULTI_RES",
        "use_type2": "NONE",
        "use_type3": "NONE",
        "resi_type": null,
        "comparison_status": "matched",
        "validation_radiation_kwh_year": 471297.591375,
        "ucea_radiation_kwh_year": 308106.0900000005,
        "workflow0_radiation_kwh_year": null,
        "validation_area_m2": 288.0270704750693,
        "ucea_roofs_top_m2": 288.03,
        "err_ucea_minus_validation_kwh_year": -163191.50137499953,
        "err_ucea_abs_kwh_year": 163191.50137499953,
        "err_ucea_pct_of_validation": -0.3462599944525327,
        "err_ucea_area_minus_validation_m2": 0.002929524930664229,
        "err_ucea_area_pct_of_validation": 1.017100554413964e-05,
        "err_workflow0_minus_validation_kwh_year": null,
        "err_workflow0_abs_kwh_year": null,
        "err_workflow0_pct_of_validation": null
      },
      "geometry": {
        "type": "Polygon",
        "coordinates": [
          [
            [
              -9.149566,
              38.753148599999996
            ],
            [
              -9.149742699999997,
              38.753078599999995
            ],
            [
              -9.149835,
              38.75321859999998
            ],
            [
              -9.1496747,
              38.753282999999996
            ],
            [
              -9.149566,
              38.753148599999996
            ]
          ]
        ]
      }
    },
    {
      "type": "Feature",
      "properties": {
        "area_id": "EUA_1_Pro",
        "osm_uid": "cea/42",
        "osmid": "42",
        "element_type": "cea_zone",
        "building": "yes",
        "cea_name": "B1042",
        "intersection_area_m2": 293.13160497324736,
        "is_residential": true,
        "residential_source": "cea",
        "radiation_sum_kwh_year": 540300.466,
        "radiation_sum": 540300.466,
        "radiation_point_count": 482.0,
        "use_type1": "MULTI_RES",
        "use_type2": "NONE",
        "use_type3": "NONE",
        "resi_type": null,
        "comparison_status": "matched",
        "validation_radiation_kwh_year": 540300.466,
        "ucea_radiation_kwh_year": 460147.1200000002,
        "workflow0_radiation_kwh_year": null,
        "validation_area_m2": 293.13160497324736,
        "ucea_roofs_top_m2": 293.33,
        "err_ucea_minus_validation_kwh_year": -80153.34599999979,
        "err_ucea_abs_kwh_year": 80153.34599999979,
        "err_ucea_pct_of_validation": -0.14834957776993624,
        "err_ucea_area_minus_validation_m2": 0.1983950267526211,
        "err_ucea_area_pct_of_validation": 0.0006768121327986029,
        "err_workflow0_minus_validation_kwh_year": null,
        "err_workflow0_abs_kwh_year": null,
        "err_workflow0_pct_of_validation": null
      },
      "geometry": {
        "type": "Polygon",
        "coordinates": [
          [
            [
              -9.149566,
              38.753148599999996
            ],
            [
              -9.149491599999998,
              38.753001299999994
            ],
            [
              -9.149501,
              38.752997699999995
            ],
            [
              -9.149655999999998,
              38.75293400000001
            ],
            [
              -9.149742699999997,
              38.753078599999995
            ],
            [
              -9.149566,
              38.753148599999996
            ]
          ]
        ]
      }
    },
    {
      "type": "Feature",
      "properties": {
        "area_id": "EUA_1_Pro",
        "osm_uid": "cea/43",
        "osmid": "43",
        "element_type": "cea_zone",
        "building": "yes",
        "cea_name": "B1043",
        "intersection_area_m2": 301.58986332378305,
        "is_residential": true,
        "residential_source": "cea",
        "radiation_sum_kwh_year": 503693.04684375,
        "radiation_sum": 503693.04684375,
        "radiation_point_count": 498.0,
        "use_type1": "MULTI_RES",
        "use_type2": "NONE",
        "use_type3": "NONE",
        "resi_type": null,
        "comparison_status": "matched",
        "validation_radiation_kwh_year": 503693.04684375,
        "ucea_radiation_kwh_year": 416189.35999999975,
        "workflow0_radiation_kwh_year": null,
        "validation_area_m2": 301.58986332378305,
        "ucea_roofs_top_m2": 306.68,
        "err_ucea_minus_validation_kwh_year": -87503.68684375024,
        "err_ucea_abs_kwh_year": 87503.68684375024,
        "err_ucea_pct_of_validation": -0.17372423024710654,
        "err_ucea_area_minus_validation_m2": 5.090136676216957,
        "err_ucea_area_pct_of_validation": 0.016877678248596345,
        "err_workflow0_minus_validation_kwh_year": null,
        "err_workflow0_abs_kwh_year": null,
        "err_workflow0_pct_of_validation": null
      },
      "geometry": {
        "type": "Polygon",
        "coordinates": [
          [
            [
              -9.1496441,
              38.7535999
            ],
            [
              -9.1495216,
              38.753348200000005
            ],
            [
              -9.1496303,
              38.753316100000006
            ],
            [
              -9.1497527,
              38.7535677
            ],
            [
              -9.1496441,
              38.7535999
            ]
          ]
        ]
      }
    },
    {
      "type": "Feature",
      "properties": {
        "area_id": "EUA_1_Pro",
        "osm_uid": "cea/44",
        "osmid": "44",
        "element_type": "cea_zone",
        "building": "yes",
        "cea_name": "B1044",
        "intersection_area_m2": 378.399470896239,
        "is_residential": true,
        "residential_source": "cea",
        "radiation_sum_kwh_year": 718593.7662109375,
        "radiation_sum": 718593.7662109375,
        "radiation_point_count": 625.0,
        "use_type1": "MULTI_RES",
        "use_type2": "NONE",
        "use_type3": "NONE",
        "resi_type": null,
        "comparison_status": "matched",
        "validation_radiation_kwh_year": 718593.7662109375,
        "ucea_radiation_kwh_year": 428263.5200000006,
        "workflow0_radiation_kwh_year": null,
        "validation_area_m2": 378.399470896239,
        "ucea_roofs_top_m2": 407.85,
        "err_ucea_minus_validation_kwh_year": -290330.2462109369,
        "err_ucea_abs_kwh_year": 290330.2462109369,
        "err_ucea_pct_of_validation": -0.4040255563888551,
        "err_ucea_area_minus_validation_m2": 29.450529103761028,
        "err_ucea_area_pct_of_validation": 0.0778292026519156,
        "err_workflow0_minus_validation_kwh_year": null,
        "err_workflow0_abs_kwh_year": null,
        "err_workflow0_pct_of_validation": null
      },
      "geometry": {
        "type": "Polygon",
        "coordinates": [
          [
            [
              -9.148079499999998,
              38.75003869999999
            ],
            [
              -9.1480915,
              38.75003499999999
            ],
            [
              -9.148079499999998,
              38.7500108
            ],
            [
              -9.148095,
              38.75000609999999
            ],
            [
              -9.148080799999999,
              38.749977599999994
            ],
            [
              -9.1482258,
              38.74993359999999
            ],
            [
              -9.1482397,
              38.74992939999999
            ],
            [
              -9.148263099999998,
              38.749976100000005
            ],
            [
              -9.148276599999999,
              38.749971999999985
            ],
            [
              -9.1483312,
              38.750081299999984
            ],
            [
              -9.1483195,
              38.7500849
            ],
            [
              -9.148326099999998,
              38.75009829999999
            ],
            [
              -9.148318799999998,
              38.75010049999999
            ],
            [
              -9.1483256,
              38.75011429999999
            ],
            [
              -9.148166499999999,
              38.750162599999996
            ],
            [
              -9.148160099999998,
              38.750149699999994
            ],
            [
              -9.1481508,
              38.75015249999999
            ],
            [
              -9.1481441,
              38.750139
            ],
            [
              -9.1481315,
              38.75014279999999
            ],
            [
              -9.148079499999998,
              38.75003869999999
            ]
          ]
        ]
      }
    },
    {
      "type": "Feature",
      "properties": {
        "area_id": "EUA_1_Pro",
        "osm_uid": "cea/45",
        "osmid": "45",
        "element_type": "cea_zone",
        "building": "yes",
        "cea_name": "B1045",
        "intersection_area_m2": 345.96378225826004,
        "is_residential": true,
        "residential_source": "cea",
        "radiation_sum_kwh_year": 636618.800453125,
        "radiation_sum": 636618.800453125,
        "radiation_point_count": 573.0,
        "use_type1": "MULTI_RES",
        "use_type2": "NONE",
        "use_type3": "NONE",
        "resi_type": null,
        "comparison_status": "matched",
        "validation_radiation_kwh_year": 636618.800453125,
        "ucea_radiation_kwh_year": 589713.7399999982,
        "workflow0_radiation_kwh_year": null,
        "validation_area_m2": 345.96378225826004,
        "ucea_roofs_top_m2": 368.29,
        "err_ucea_minus_validation_kwh_year": -46905.06045312679,
        "err_ucea_abs_kwh_year": 46905.06045312679,
        "err_ucea_pct_of_validation": -0.07367840915119261,
        "err_ucea_area_minus_validation_m2": 22.32621774173998,
        "err_ucea_area_pct_of_validation": 0.06453339594106294,
        "err_workflow0_minus_validation_kwh_year": null,
        "err_workflow0_abs_kwh_year": null,
        "err_workflow0_pct_of_validation": null
      },
      "geometry": {
        "type": "Polygon",
        "coordinates": [
          [
            [
              -9.149501,
              38.752997699999995
            ],
            [
              -9.149376,
              38.75281219999999
            ],
            [
              -9.1493881,
              38.752808299999984
            ],
            [
              -9.1495427,
              38.75275959999999
            ],
            [
              -9.149655999999998,
              38.75293400000001
            ],
            [
              -9.149501,
              38.752997699999995
            ]
          ]
        ]
      }
    },
    {
      "type": "Feature",
      "properties": {
        "area_id": "EUA_1_Pro",
        "osm_uid": "cea/46",
        "osmid": "46",
        "element_type": "cea_zone",
        "building": "yes",
        "cea_name": "B1046",
        "intersection_area_m2": 598.1213934422376,
        "is_residential": true,
        "residential_source": "cea",
        "radiation_sum_kwh_year": 1239025.56890625,
        "radiation_sum": 1239025.56890625,
        "radiation_point_count": 986.0,
        "use_type1": "MULTI_RES",
        "use_type2": "NONE",
        "use_type3": "NONE",
        "resi_type": null,
        "comparison_status": "matched",
        "validation_radiation_kwh_year": 1239025.56890625,
        "ucea_radiation_kwh_year": 967194.1000000008,
        "workflow0_radiation_kwh_year": null,
        "validation_area_m2": 598.1213934422376,
        "ucea_roofs_top_m2": 598.12,
        "err_ucea_minus_validation_kwh_year": -271831.46890624915,
        "err_ucea_abs_kwh_year": 271831.46890624915,
        "err_ucea_pct_of_validation": -0.21939133116212317,
        "err_ucea_area_minus_validation_m2": -0.0013934422375996292,
        "err_ucea_area_pct_of_validation": -2.329698039356618e-06,
        "err_workflow0_minus_validation_kwh_year": null,
        "err_workflow0_abs_kwh_year": null,
        "err_workflow0_pct_of_validation": null
      },
      "geometry": {
        "type": "Polygon",
        "coordinates": [
          [
            [
              -9.148939399999998,
              38.7512554
            ],
            [
              -9.148471099999998,
              38.7514051
            ],
            [
              -9.1484189,
              38.751305599999995
            ],
            [
              -9.1487679,
              38.7511941
            ],
            [
              -9.148739099999998,
              38.7511393
            ],
            [
              -9.1488584,
              38.75110109999999
            ],
            [
              -9.148939399999998,
              38.7512554
            ]
          ]
        ]
      }
    },
    {
      "type": "Feature",
      "properties": {
        "area_id": "EUA_1_Pro",
        "osm_uid": "cea/47",
        "osmid": "47",
        "element_type": "cea_zone",
        "building": "yes",
        "cea_name": "B1047",
        "intersection_area_m2": 406.3775100661791,
        "is_residential": true,
        "residential_source": "cea",
        "radiation_sum_kwh_year": 698557.30709375,
        "radiation_sum": 698557.30709375,
        "radiation_point_count": 670.0,
        "use_type1": "MULTI_RES",
        "use_type2": "NONE",
        "use_type3": "NONE",
        "resi_type": null,
        "comparison_status": "matched",
        "validation_radiation_kwh_year": 698557.30709375,
        "ucea_radiation_kwh_year": 2832273.8399999947,
        "workflow0_radiation_kwh_year": null,
        "validation_area_m2": 406.3775100661791,
        "ucea_roofs_top_m2": 1743.51,
        "err_ucea_minus_validation_kwh_year": 2133716.5329062445,
        "err_ucea_abs_kwh_year": 2133716.5329062445,
        "err_ucea_pct_of_validation": 3.0544616901700934,
        "err_ucea_area_minus_validation_m2": 1337.1324899338208,
        "err_ucea_area_pct_of_validation": 3.290370300551492,
        "err_workflow0_minus_validation_kwh_year": null,
        "err_workflow0_abs_kwh_year": null,
        "err_workflow0_pct_of_validation": null
      },
      "geometry": {
        "type": "Polygon",
        "coordinates": [
          [
            [
              -9.1482258,
              38.74993359999999
            ],
            [
              -9.1481788,
              38.749835899999994
            ],
            [
              -9.148108500000001,
              38.74981260000001
            ],
            [
              -9.148137899999998,
              38.749758599999986
            ],
            [
              -9.148116,
              38.74971149999999
            ],
            [
              -9.1478862,
              38.7496361
            ],
            [
              -9.147828399999998,
              38.74965359999998
            ],
            [
              -9.147757599999998,
              38.749629899999995
            ],
            [
              -9.1475642,
              38.749692700000004
            ],
            [
              -9.147561299999998,
              38.7496871
            ],
            [
              -9.1475902,
              38.749678299999985
            ],
            [
              -9.147916,
              38.7495732
            ],
            [
              -9.1481498,
              38.74965069999999
            ],
            [
              -9.1482847,
              38.74991490000001
            ],
            [
              -9.1482397,
              38.74992939999999
            ],
            [
              -9.1482258,
              38.74993359999999
            ]
          ]
        ]
      }
    },
    {
      "type": "Feature",
      "properties": {
        "area_id": "EUA_1_Pro",
        "osm_uid": "cea/48",
        "osmid": "48",
        "element_type": "cea_zone",
        "building": "yes",
        "cea_name": "B1048",
        "intersection_area_m2": 267.6921900816732,
        "is_residential": true,
        "residential_source": "cea",
        "radiation_sum_kwh_year": 169499.4460546875,
        "radiation_sum": 169499.4460546875,
        "radiation_point_count": 438.0,
        "use_type1": "MULTI_RES",
        "use_type2": "NONE",
        "use_type3": "NONE",
        "resi_type": null,
        "comparison_status": "matched",
        "validation_radiation_kwh_year": 169499.4460546875,
        "ucea_radiation_kwh_year": 0.0,
        "workflow0_radiation_kwh_year": null,
        "validation_area_m2": 267.6921900816732,
        "ucea_roofs_top_m2": 0.0,
        "err_ucea_minus_validation_kwh_year": -169499.4460546875,
        "err_ucea_abs_kwh_year": 169499.4460546875,
        "err_ucea_pct_of_validation": -1.0,
        "err_ucea_area_minus_validation_m2": -267.6921900816732,
        "err_ucea_area_pct_of_validation": -1.0,
        "err_workflow0_minus_validation_kwh_year": null,
        "err_workflow0_abs_kwh_year": null,
        "err_workflow0_pct_of_validation": null
      },
      "geometry": {
        "type": "Polygon",
        "coordinates": [
          [
            [
              -9.1477265,
              38.749845999999984
            ],
            [
              -9.147680599999997,
              38.74986049999998
            ],
            [
              -9.1476532,
              38.749868
            ],
            [
              -9.1475938,
              38.7497505
            ],
            [
              -9.1475642,
              38.749692700000004
            ],
            [
              -9.1476539,
              38.74986209999998
            ],
            [
              -9.147732099999999,
              38.74983969999999
            ],
            [
              -9.1477556,
              38.74987949999999
            ],
            [
              -9.1479809,
              38.749956
            ],
            [
              -9.1480372,
              38.74993859999999
            ],
            [
              -9.1480656,
              38.74994749999999
            ],
            [
              -9.148080799999999,
              38.749977599999994
            ],
            [
              -9.1478335,
              38.75005749999999
            ],
            [
              -9.1477265,
              38.749845999999984
            ]
          ]
        ]
      }
    },
    {
      "type": "Feature",
      "properties": {
        "area_id": "EUA_1_Pro",
        "osm_uid": "cea/49",
        "osmid": "49",
        "element_type": "cea_zone",
        "building": "yes",
        "cea_name": "B1049",
        "intersection_area_m2": 1001.0919698779919,
        "is_residential": true,
        "residential_source": "cea",
        "radiation_sum_kwh_year": 1961718.0701328125,
        "radiation_sum": 1961718.0701328125,
        "radiation_point_count": 1649.0,
        "use_type1": "MULTI_RES",
        "use_type2": "NONE",
        "use_type3": "NONE",
        "resi_type": null,
        "comparison_status": "matched",
        "validation_radiation_kwh_year": 1961718.0701328125,
        "ucea_radiation_kwh_year": 1777035.9499999955,
        "workflow0_radiation_kwh_year": null,
        "validation_area_m2": 1001.0919698779919,
        "ucea_roofs_top_m2": 1099.19,
        "err_ucea_minus_validation_kwh_year": -184682.12013281696,
        "err_ucea_abs_kwh_year": 184682.12013281696,
        "err_ucea_pct_of_validation": -0.0941430488634453,
        "err_ucea_area_minus_validation_m2": 98.09803012200814,
        "err_ucea_area_pct_of_validation": 0.09799102687235003,
        "err_workflow0_minus_validation_kwh_year": null,
        "err_workflow0_abs_kwh_year": null,
        "err_workflow0_pct_of_validation": null
      },
      "geometry": {
        "type": "Polygon",
        "coordinates": [
          [
            [
              -9.1502579,
              38.753922299999985
            ],
            [
              -9.1501368,
              38.7539541
            ],
            [
              -9.150039,
              38.75397809999998
            ],
            [
              -9.1499962,
              38.753898599999985
            ],
            [
              -9.1499576,
              38.75391129999999
            ],
            [
              -9.1499128,
              38.7538306
            ],
            [
              -9.1499203,
              38.7538153
            ],
            [
              -9.149908,
              38.7537934
            ],
            [
              -9.1498876,
              38.7537886
            ],
            [
              -9.1498421,
              38.75370809999999
            ],
            [
              -9.1498724,
              38.7536973
            ],
            [
              -9.1498227,
              38.75361069999998
            ],
            [
              -9.1498389,
              38.753605099999994
            ],
            [
              -9.150039099999999,
              38.7535355
            ],
            [
              -9.1502579,
              38.753922299999985
            ]
          ]
        ]
      }
    },
    {
      "type": "Feature",
      "properties": {
        "area_id": "EUA_1_Pro",
        "osm_uid": "cea/50",
        "osmid": "50",
        "element_type": "cea_zone",
        "building": "yes",
        "cea_name": "B1050",
        "intersection_area_m2": 1079.0614351904087,
        "is_residential": true,
        "residential_source": "cea",
        "radiation_sum_kwh_year": 1926585.82259375,
        "radiation_sum": 1926585.82259375,
        "radiation_point_count": 1780.0,
        "use_type1": "MULTI_RES",
        "use_type2": "NONE",
        "use_type3": "NONE",
        "resi_type": null,
        "comparison_status": "matched",
        "validation_radiation_kwh_year": 1926585.82259375,
        "ucea_radiation_kwh_year": 2150833.3199999984,
        "workflow0_radiation_kwh_year": null,
        "validation_area_m2": 1079.0614351904087,
        "ucea_roofs_top_m2": 1742.15,
        "err_ucea_minus_validation_kwh_year": 224247.49740624847,
        "err_ucea_abs_kwh_year": 224247.49740624847,
        "err_ucea_pct_of_validation": 0.11639631869829994,
        "err_ucea_area_minus_validation_m2": 663.0885648095914,
        "err_ucea_area_pct_of_validation": 0.6145049236168693,
        "err_workflow0_minus_validation_kwh_year": null,
        "err_workflow0_abs_kwh_year": null,
        "err_workflow0_pct_of_validation": null
      },
      "geometry": {
        "type": "Polygon",
        "coordinates": [
          [
            [
              -9.1488187,
              38.750923799999995
            ],
            [
              -9.148533,
              38.751015499999994
            ],
            [
              -9.1485408,
              38.75103039999999
            ],
            [
              -9.1483653,
              38.7510867
            ],
            [
              -9.148188699999999,
              38.75075209999999
            ],
            [
              -9.1483645,
              38.75069570000001
            ],
            [
              -9.148465,
              38.75088619999998
            ],
            [
              -9.1487505,
              38.75079459999999
            ],
            [
              -9.1488187,
              38.750923799999995
            ]
          ]
        ]
      }
    },
    {
      "type": "Feature",
      "properties": {
        "area_id": "EUA_1_Pro",
        "osm_uid": "cea/51",
        "osmid": "51",
        "element_type": "cea_zone",
        "building": "yes",
        "cea_name": "B1051",
        "intersection_area_m2": 269.3035375922859,
        "is_residential": true,
        "residential_source": "cea",
        "radiation_sum_kwh_year": 527758.711875,
        "radiation_sum": 527758.711875,
        "radiation_point_count": 443.0,
        "use_type1": "MULTI_RES",
        "use_type2": "NONE",
        "use_type3": "NONE",
        "resi_type": null,
        "comparison_status": "matched",
        "validation_radiation_kwh_year": 527758.711875,
        "ucea_radiation_kwh_year": 434195.59000000096,
        "workflow0_radiation_kwh_year": null,
        "validation_area_m2": 269.3035375922859,
        "ucea_roofs_top_m2": 274.09,
        "err_ucea_minus_validation_kwh_year": -93563.12187499908,
        "err_ucea_abs_kwh_year": 93563.12187499908,
        "err_ucea_pct_of_validation": -0.1772838984364498,
        "err_ucea_area_minus_validation_m2": 4.786462407714055,
        "err_ucea_area_pct_of_validation": 0.0177734850812118,
        "err_workflow0_minus_validation_kwh_year": null,
        "err_workflow0_abs_kwh_year": null,
        "err_workflow0_pct_of_validation": null
      },
      "geometry": {
        "type": "Polygon",
        "coordinates": [
          [
            [
              -9.146774699999998,
              38.7510531
            ],
            [
              -9.1465584,
              38.75112259999998
            ],
            [
              -9.1465001,
              38.75101219999999
            ],
            [
              -9.1467163,
              38.750942699999996
            ],
            [
              -9.1467556,
              38.75101699999999
            ],
            [
              -9.146774699999998,
              38.7510531
            ]
          ]
        ]
      }
    },
    {
      "type": "Feature",
      "properties": {
        "area_id": "EUA_1_Pro",
        "osm_uid": "cea/53",
        "osmid": "53",
        "element_type": "cea_zone",
        "building": "yes",
        "cea_name": "B1053",
        "intersection_area_m2": 604.5423774288515,
        "is_residential": true,
        "residential_source": "cea",
        "radiation_sum_kwh_year": 1049771.7826875001,
        "radiation_sum": 1049771.7826875001,
        "radiation_point_count": 968.0,
        "use_type1": "MULTI_RES",
        "use_type2": "NONE",
        "use_type3": "NONE",
        "resi_type": null,
        "comparison_status": "matched",
        "validation_radiation_kwh_year": 1049771.7826875001,
        "ucea_radiation_kwh_year": 1033958.6999999973,
        "workflow0_radiation_kwh_year": null,
        "validation_area_m2": 604.5423774288515,
        "ucea_roofs_top_m2": 657.33,
        "err_ucea_minus_validation_kwh_year": -15813.082687502843,
        "err_ucea_abs_kwh_year": 15813.082687502843,
        "err_ucea_pct_of_validation": -0.015063352767036737,
        "err_ucea_area_minus_validation_m2": 52.78762257114852,
        "err_ucea_area_pct_of_validation": 0.08731831636957672,
        "err_workflow0_minus_validation_kwh_year": null,
        "err_workflow0_abs_kwh_year": null,
        "err_workflow0_pct_of_validation": null
      },
      "geometry": {
        "type": "Polygon",
        "coordinates": [
          [
            [
              -9.1454387,
              38.7503098
            ],
            [
              -9.145414899999999,
              38.750265899999995
            ],
            [
              -9.145398999999998,
              38.7502711
            ],
            [
              -9.1453583,
              38.7501961
            ],
            [
              -9.1457772,
              38.75005779999999
            ],
            [
              -9.1458224,
              38.75014099999999
            ],
            [
              -9.145846099999998,
              38.7501847
            ],
            [
              -9.145741699999999,
              38.75021919999999
            ],
            [
              -9.145746199999998,
              38.75022739999999
            ],
            [
              -9.1455484,
              38.7502927
            ],
            [
              -9.145539599999998,
              38.75027649999999
            ],
            [
              -9.1454387,
              38.7503098
            ]
          ]
        ]
      }
    },
    {
      "type": "Feature",
      "properties": {
        "area_id": "EUA_1_Pro",
        "osm_uid": "cea/54",
        "osmid": "54",
        "element_type": "cea_zone",
        "building": "yes",
        "cea_name": "B1054",
        "intersection_area_m2": 328.7338932952323,
        "is_residential": true,
        "residential_source": "cea",
        "radiation_sum_kwh_year": 603713.609765625,
        "radiation_sum": 603713.609765625,
        "radiation_point_count": 541.0,
        "use_type1": "MULTI_RES",
        "use_type2": "NONE",
        "use_type3": "NONE",
        "resi_type": null,
        "comparison_status": "matched",
        "validation_radiation_kwh_year": 603713.609765625,
        "ucea_radiation_kwh_year": 494329.2899999987,
        "workflow0_radiation_kwh_year": null,
        "validation_area_m2": 328.7338932952323,
        "ucea_roofs_top_m2": 336.33,
        "err_ucea_minus_validation_kwh_year": -109384.31976562628,
        "err_ucea_abs_kwh_year": 109384.31976562628,
        "err_ucea_pct_of_validation": -0.1811857774882559,
        "err_ucea_area_minus_validation_m2": 7.596106704767692,
        "err_ucea_area_pct_of_validation": 0.02310716010638341,
        "err_workflow0_minus_validation_kwh_year": null,
        "err_workflow0_abs_kwh_year": null,
        "err_workflow0_pct_of_validation": null
      },
      "geometry": {
        "type": "Polygon",
        "coordinates": [
          [
            [
              -9.1481662,
              38.75155699999999
            ],
            [
              -9.1481161,
              38.751464000000006
            ],
            [
              -9.148427599999998,
              38.751362
            ],
            [
              -9.1484777,
              38.751455099999994
            ],
            [
              -9.1481662,
              38.75155699999999
            ]
          ]
        ]
      }
    },
    {
      "type": "Feature",
      "properties": {
        "area_id": "EUA_1_Pro",
        "osm_uid": "cea/55",
        "osmid": "55",
        "element_type": "cea_zone",
        "building": "yes",
        "cea_name": "B1055",
        "intersection_area_m2": 247.20407091600435,
        "is_residential": true,
        "residential_source": "cea",
        "radiation_sum_kwh_year": 470408.067265625,
        "radiation_sum": 470408.067265625,
        "radiation_point_count": 408.0,
        "use_type1": "MULTI_RES",
        "use_type2": "NONE",
        "use_type3": "NONE",
        "resi_type": null,
        "comparison_status": "matched",
        "validation_radiation_kwh_year": 470408.067265625,
        "ucea_radiation_kwh_year": 404956.4099999993,
        "workflow0_radiation_kwh_year": null,
        "validation_area_m2": 247.20407091600435,
        "ucea_roofs_top_m2": 256.09,
        "err_ucea_minus_validation_kwh_year": -65451.65726562572,
        "err_ucea_abs_kwh_year": 65451.65726562572,
        "err_ucea_pct_of_validation": -0.1391380416710991,
        "err_ucea_area_minus_validation_m2": 8.88592908399562,
        "err_ucea_area_pct_of_validation": 0.035945723106699586,
        "err_workflow0_minus_validation_kwh_year": null,
        "err_workflow0_abs_kwh_year": null,
        "err_workflow0_pct_of_validation": null
      },
      "geometry": {
        "type": "Polygon",
        "coordinates": [
          [
            [
              -9.1477826,
              38.750810099999995
            ],
            [
              -9.1476751,
              38.7506126
            ],
            [
              -9.147737099999999,
              38.7505899
            ],
            [
              -9.147793,
              38.7505888
            ],
            [
              -9.147893699999997,
              38.75077580000001
            ],
            [
              -9.1477826,
              38.750810099999995
            ]
          ]
        ]
      }
    },
    {
      "type": "Feature",
      "properties": {
        "area_id": "EUA_1_Pro",
        "osm_uid": "cea/56",
        "osmid": "56",
        "element_type": "cea_zone",
        "building": "yes",
        "cea_name": "B1056",
        "intersection_area_m2": 240.40067946008026,
        "is_residential": true,
        "residential_source": "cea",
        "radiation_sum_kwh_year": 423540.57104687503,
        "radiation_sum": 423540.57104687503,
        "radiation_point_count": 396.0,
        "use_type1": "MULTI_RES",
        "use_type2": "NONE",
        "use_type3": "NONE",
        "resi_type": null,
        "comparison_status": "matched",
        "validation_radiation_kwh_year": 423540.57104687503,
        "ucea_radiation_kwh_year": 399513.6699999997,
        "workflow0_radiation_kwh_year": null,
        "validation_area_m2": 240.40067946008026,
        "ucea_roofs_top_m2": 254.16,
        "err_ucea_minus_validation_kwh_year": -24026.90104687534,
        "err_ucea_abs_kwh_year": 24026.90104687534,
        "err_ucea_pct_of_validation": -0.05672868832255548,
        "err_ucea_area_minus_validation_m2": 13.759320539919742,
        "err_ucea_area_pct_of_validation": 0.05723494863168449,
        "err_workflow0_minus_validation_kwh_year": null,
        "err_workflow0_abs_kwh_year": null,
        "err_workflow0_pct_of_validation": null
      },
      "geometry": {
        "type": "Polygon",
        "coordinates": [
          [
            [
              -9.147793,
              38.7505888
            ],
            [
              -9.147737099999999,
              38.7505899
            ],
            [
              -9.1476324,
              38.750401899999986
            ],
            [
              -9.147742599999999,
              38.750368699999996
            ],
            [
              -9.1478491,
              38.75056970000001
            ],
            [
              -9.147793,
              38.7505888
            ]
          ]
        ]
      }
    },
    {
      "type": "Feature",
      "properties": {
        "area_id": "EUA_1_Pro",
        "osm_uid": "cea/57",
        "osmid": "57",
        "element_type": "cea_zone",
        "building": "yes",
        "cea_name": "B1057",
        "intersection_area_m2": 236.5356584716793,
        "is_residential": true,
        "residential_source": "cea",
        "radiation_sum_kwh_year": 410367.14925,
        "radiation_sum": 410367.14925,
        "radiation_point_count": 390.0,
        "use_type1": "MULTI_RES",
        "use_type2": "NONE",
        "use_type3": "NONE",
        "resi_type": null,
        "comparison_status": "matched",
        "validation_radiation_kwh_year": 410367.14925,
        "ucea_radiation_kwh_year": 386310.9799999991,
        "workflow0_radiation_kwh_year": null,
        "validation_area_m2": 236.5356584716793,
        "ucea_roofs_top_m2": 240.43,
        "err_ucea_minus_validation_kwh_year": -24056.16925000091,
        "err_ucea_abs_kwh_year": 24056.16925000091,
        "err_ucea_pct_of_validation": -0.05862108917335787,
        "err_ucea_area_minus_validation_m2": 3.8943415283206946,
        "err_ucea_area_pct_of_validation": 0.01646407798926845,
        "err_workflow0_minus_validation_kwh_year": null,
        "err_workflow0_abs_kwh_year": null,
        "err_workflow0_pct_of_validation": null
      },
      "geometry": {
        "type": "Polygon",
        "coordinates": [
          [
            [
              -9.1476826,
              38.751279999999994
            ],
            [
              -9.1477903,
              38.751244499999984
            ],
            [
              -9.147895099999998,
              38.7514378
            ],
            [
              -9.147787499999998,
              38.75147330000001
            ],
            [
              -9.1476826,
              38.751279999999994
            ]
          ]
        ]
      }
    },
    {
      "type": "Feature",
      "properties": {
        "area_id": "EUA_1_Pro",
        "osm_uid": "cea/58",
        "osmid": "58",
        "element_type": "cea_zone",
        "building": "yes",
        "cea_name": "B1058",
        "intersection_area_m2": 268.4983597037415,
        "is_residential": true,
        "residential_source": "cea",
        "radiation_sum_kwh_year": 618517.757453125,
        "radiation_sum": 618517.757453125,
        "radiation_point_count": 443.0,
        "use_type1": "MULTI_RES",
        "use_type2": "NONE",
        "use_type3": "NONE",
        "resi_type": null,
        "comparison_status": "matched",
        "validation_radiation_kwh_year": 618517.757453125,
        "ucea_radiation_kwh_year": 412069.08000000095,
        "workflow0_radiation_kwh_year": null,
        "validation_area_m2": 268.4983597037415,
        "ucea_roofs_top_m2": 274.03,
        "err_ucea_minus_validation_kwh_year": -206448.67745312402,
        "err_ucea_abs_kwh_year": 206448.67745312402,
        "err_ucea_pct_of_validation": -0.3337797095805612,
        "err_ucea_area_minus_validation_m2": 5.531640296258445,
        "err_ucea_area_pct_of_validation": 0.020602138137313028,
        "err_workflow0_minus_validation_kwh_year": null,
        "err_workflow0_abs_kwh_year": null,
        "err_workflow0_pct_of_validation": null
      },
      "geometry": {
        "type": "Polygon",
        "coordinates": [
          [
            [
              -9.147731799999999,
              38.75170399999999
            ],
            [
              -9.147685800000001,
              38.75161249999999
            ],
            [
              -9.1479497,
              38.751531899999996
            ],
            [
              -9.147995599999998,
              38.75162339999998
            ],
            [
              -9.147731799999999,
              38.75170399999999
            ]
          ]
        ]
      }
    },
    {
      "type": "Feature",
      "properties": {
        "area_id": "EUA_1_Pro",
        "osm_uid": "cea/59",
        "osmid": "59",
        "element_type": "cea_zone",
        "building": "yes",
        "cea_name": "B1059",
        "intersection_area_m2": 288.8784527220046,
        "is_residential": true,
        "residential_source": "cea",
        "radiation_sum_kwh_year": 621515.5417734375,
        "radiation_sum": 621515.5417734375,
        "radiation_point_count": 476.0,
        "use_type1": "MULTI_RES",
        "use_type2": "NONE",
        "use_type3": "NONE",
        "resi_type": null,
        "comparison_status": "matched",
        "validation_radiation_kwh_year": 621515.5417734375,
        "ucea_radiation_kwh_year": 464479.5199999992,
        "workflow0_radiation_kwh_year": null,
        "validation_area_m2": 288.8784527220046,
        "ucea_roofs_top_m2": 293.88,
        "err_ucea_minus_validation_kwh_year": -157036.02177343832,
        "err_ucea_abs_kwh_year": 157036.02177343832,
        "err_ucea_pct_of_validation": -0.25266628301096133,
        "err_ucea_area_minus_validation_m2": 5.001547277995371,
        "err_ucea_area_pct_of_validation": 0.01731367372979006,
        "err_workflow0_minus_validation_kwh_year": null,
        "err_workflow0_abs_kwh_year": null,
        "err_workflow0_pct_of_validation": null
      },
      "geometry": {
        "type": "Polygon",
        "coordinates": [
          [
            [
              -9.1467225,
              38.75095170000001
            ],
            [
              -9.147119299999998,
              38.75082939999998
            ],
            [
              -9.147152399999998,
              38.7508947
            ],
            [
              -9.1467556,
              38.75101699999999
            ],
            [
              -9.1467225,
              38.75095170000001
            ]
          ]
        ]
      }
    },
    {
      "type": "Feature",
      "properties": {
        "area_id": "EUA_1_Pro",
        "osm_uid": "cea/60",
        "osmid": "60",
        "element_type": "cea_zone",
        "building": "yes",
        "cea_name": "B1060",
        "intersection_area_m2": 242.67824041891254,
        "is_residential": true,
        "residential_source": "cea",
        "radiation_sum_kwh_year": 552589.7359140625,
        "radiation_sum": 552589.7359140625,
        "radiation_point_count": 399.0,
        "use_type1": "MULTI_RES",
        "use_type2": "NONE",
        "use_type3": "NONE",
        "resi_type": null,
        "comparison_status": "matched",
        "validation_radiation_kwh_year": 552589.7359140625,
        "ucea_radiation_kwh_year": 401815.2300000004,
        "workflow0_radiation_kwh_year": null,
        "validation_area_m2": 242.67824041891254,
        "ucea_roofs_top_m2": 253.68,
        "err_ucea_minus_validation_kwh_year": -150774.5059140621,
        "err_ucea_abs_kwh_year": 150774.5059140621,
        "err_ucea_pct_of_validation": -0.27285071747606654,
        "err_ucea_area_minus_validation_m2": 11.00175958108747,
        "err_ucea_area_pct_of_validation": 0.045334759153091646,
        "err_workflow0_minus_validation_kwh_year": null,
        "err_workflow0_abs_kwh_year": null,
        "err_workflow0_pct_of_validation": null
      },
      "geometry": {
        "type": "Polygon",
        "coordinates": [
          [
            [
              -9.1473032,
              38.751741799999984
            ],
            [
              -9.1473503,
              38.75183139999999
            ],
            [
              -9.147102599999998,
              38.751905100000016
            ],
            [
              -9.1470552,
              38.751820699999996
            ],
            [
              -9.1473032,
              38.751741799999984
            ]
          ]
        ]
      }
    },
    {
      "type": "Feature",
      "properties": {
        "area_id": "EUA_1_Pro",
        "osm_uid": "cea/61",
        "osmid": "61",
        "element_type": "cea_zone",
        "building": "yes",
        "cea_name": "B1061",
        "intersection_area_m2": 306.6488034511967,
        "is_residential": true,
        "residential_source": "cea",
        "radiation_sum_kwh_year": 548681.5640234376,
        "radiation_sum": 548681.5640234376,
        "radiation_point_count": 506.0,
        "use_type1": "MULTI_RES",
        "use_type2": "NONE",
        "use_type3": "NONE",
        "resi_type": null,
        "comparison_status": "matched",
        "validation_radiation_kwh_year": 548681.5640234376,
        "ucea_radiation_kwh_year": 465283.3899999992,
        "workflow0_radiation_kwh_year": null,
        "validation_area_m2": 306.6488034511967,
        "ucea_roofs_top_m2": 310.78,
        "err_ucea_minus_validation_kwh_year": -83398.17402343836,
        "err_ucea_abs_kwh_year": 83398.17402343836,
        "err_ucea_pct_of_validation": -0.15199740521968022,
        "err_ucea_area_minus_validation_m2": 4.131196548803246,
        "err_ucea_area_pct_of_validation": 0.013472077837279828,
        "err_workflow0_minus_validation_kwh_year": null,
        "err_workflow0_abs_kwh_year": null,
        "err_workflow0_pct_of_validation": null
      },
      "geometry": {
        "type": "Polygon",
        "coordinates": [
          [
            [
              -9.1483052,
              38.7517989
            ],
            [
              -9.148605,
              38.7517113
            ],
            [
              -9.148649199999998,
              38.751804299999996
            ],
            [
              -9.1483503,
              38.75189219999999
            ],
            [
              -9.1483052,
              38.7517989
            ]
          ]
        ]
      }
    },
    {
      "type": "Feature",
      "properties": {
        "area_id": "EUA_1_Pro",
        "osm_uid": "cea/62",
        "osmid": "62",
        "element_type": "cea_zone",
        "building": "yes",
        "cea_name": "B1062",
        "intersection_area_m2": 247.83780582819261,
        "is_residential": true,
        "residential_source": "cea",
        "radiation_sum_kwh_year": 545879.710859375,
        "radiation_sum": 545879.710859375,
        "radiation_point_count": 409.0,
        "use_type1": "MULTI_RES",
        "use_type2": "NONE",
        "use_type3": "NONE",
        "resi_type": null,
        "comparison_status": "matched",
        "validation_radiation_kwh_year": 545879.710859375,
        "ucea_radiation_kwh_year": 403280.4900000003,
        "workflow0_radiation_kwh_year": null,
        "validation_area_m2": 247.83780582819261,
        "ucea_roofs_top_m2": 254.44,
        "err_ucea_minus_validation_kwh_year": -142599.22085937468,
        "err_ucea_abs_kwh_year": 142599.22085937468,
        "err_ucea_pct_of_validation": -0.2612282853211042,
        "err_ucea_area_minus_validation_m2": 6.602194171807383,
        "err_ucea_area_pct_of_validation": 0.02663917294516475,
        "err_workflow0_minus_validation_kwh_year": null,
        "err_workflow0_abs_kwh_year": null,
        "err_workflow0_pct_of_validation": null
      },
      "geometry": {
        "type": "Polygon",
        "coordinates": [
          [
            [
              -9.1481312,
              38.7518639
            ],
            [
              -9.1481788,
              38.75195139999999
            ],
            [
              -9.147927,
              38.75203079999999
            ],
            [
              -9.1478785,
              38.751945099999986
            ],
            [
              -9.1481312,
              38.7518639
            ]
          ]
        ]
      }
    },
    {
      "type": "Feature",
      "properties": {
        "area_id": "EUA_1_Pro",
        "osm_uid": "cea/63",
        "osmid": "63",
        "element_type": "cea_zone",
        "building": "yes",
        "cea_name": "B1063",
        "intersection_area_m2": 252.7563713998658,
        "is_residential": true,
        "residential_source": "cea",
        "radiation_sum_kwh_year": 506875.1687421875,
        "radiation_sum": 506875.1687421875,
        "radiation_point_count": 418.0,
        "use_type1": "MULTI_RES",
        "use_type2": "NONE",
        "use_type3": "NONE",
        "resi_type": null,
        "comparison_status": "matched",
        "validation_radiation_kwh_year": 506875.1687421875,
        "ucea_radiation_kwh_year": 416099.4700000006,
        "workflow0_radiation_kwh_year": null,
        "validation_area_m2": 252.7563713998658,
        "ucea_roofs_top_m2": 263.05,
        "err_ucea_minus_validation_kwh_year": -90775.69874218688,
        "err_ucea_abs_kwh_year": 90775.69874218688,
        "err_ucea_pct_of_validation": -0.1790888651488829,
        "err_ucea_area_minus_validation_m2": 10.293628600134213,
        "err_ucea_area_pct_of_validation": 0.04072549603052134,
        "err_workflow0_minus_validation_kwh_year": null,
        "err_workflow0_abs_kwh_year": null,
        "err_workflow0_pct_of_validation": null
      },
      "geometry": {
        "type": "Polygon",
        "coordinates": [
          [
            [
              -9.1474868,
              38.7520849
            ],
            [
              -9.147533,
              38.75217490000001
            ],
            [
              -9.147290699999997,
              38.752253399999994
            ],
            [
              -9.1472399,
              38.75215939999998
            ],
            [
              -9.1474868,
              38.7520849
            ]
          ]
        ]
      }
    },
    {
      "type": "Feature",
      "properties": {
        "area_id": "EUA_1_Pro",
        "osm_uid": "cea/64",
        "osmid": "64",
        "element_type": "cea_zone",
        "building": "yes",
        "cea_name": "B1064",
        "intersection_area_m2": 195.3199402770069,
        "is_residential": true,
        "residential_source": "cea",
        "radiation_sum_kwh_year": 265617.65953125,
        "radiation_sum": 265617.65953125,
        "radiation_point_count": 322.0,
        "use_type1": "MULTI_RES",
        "use_type2": "NONE",
        "use_type3": "NONE",
        "resi_type": null,
        "comparison_status": "matched",
        "validation_radiation_kwh_year": 265617.65953125,
        "ucea_radiation_kwh_year": 314218.17999999947,
        "workflow0_radiation_kwh_year": null,
        "validation_area_m2": 195.3199402770069,
        "ucea_roofs_top_m2": 198.21,
        "err_ucea_minus_validation_kwh_year": 48600.520468749455,
        "err_ucea_abs_kwh_year": 48600.520468749455,
        "err_ucea_pct_of_validation": 0.18297172166382855,
        "err_ucea_area_minus_validation_m2": 2.890059722993101,
        "err_ucea_area_pct_of_validation": 0.014796542119019474,
        "err_workflow0_minus_validation_kwh_year": null,
        "err_workflow0_abs_kwh_year": null,
        "err_workflow0_pct_of_validation": null
      },
      "geometry": {
        "type": "Polygon",
        "coordinates": [
          [
            [
              -9.148769000000001,
              38.75306029999998
            ],
            [
              -9.148652799999999,
              38.753097999999994
            ],
            [
              -9.148573499999998,
              38.752949399999984
            ],
            [
              -9.1486897,
              38.75291169999999
            ],
            [
              -9.148769000000001,
              38.75306029999998
            ]
          ]
        ]
      }
    },
    {
      "type": "Feature",
      "properties": {
        "area_id": "EUA_1_Pro",
        "osm_uid": "cea/65",
        "osmid": "65",
        "element_type": "cea_zone",
        "building": "yes",
        "cea_name": "B1065",
        "intersection_area_m2": 175.40979473472862,
        "is_residential": true,
        "residential_source": "cea",
        "radiation_sum_kwh_year": 282062.75325,
        "radiation_sum": 282062.75325,
        "radiation_point_count": 290.0,
        "use_type1": "MULTI_RES",
        "use_type2": "NONE",
        "use_type3": "NONE",
        "resi_type": null,
        "comparison_status": "matched",
        "validation_radiation_kwh_year": 282062.75325,
        "ucea_radiation_kwh_year": 273336.42999999935,
        "workflow0_radiation_kwh_year": null,
        "validation_area_m2": 175.40979473472862,
        "ucea_roofs_top_m2": 179.66,
        "err_ucea_minus_validation_kwh_year": -8726.323250000656,
        "err_ucea_abs_kwh_year": 8726.323250000656,
        "err_ucea_pct_of_validation": -0.030937524183727565,
        "err_ucea_area_minus_validation_m2": 4.250205265271376,
        "err_ucea_area_pct_of_validation": 0.024230147875715494,
        "err_workflow0_minus_validation_kwh_year": null,
        "err_workflow0_abs_kwh_year": null,
        "err_workflow0_pct_of_validation": null
      },
      "geometry": {
        "type": "Polygon",
        "coordinates": [
          [
            [
              -9.1490043,
              38.752980099999995
            ],
            [
              -9.1489453,
              38.75299939999999
            ],
            [
              -9.1488672,
              38.752854599999985
            ],
            [
              -9.148974000000003,
              38.75281959999998
            ],
            [
              -9.149052,
              38.752964399999996
            ],
            [
              -9.1490043,
              38.752980099999995
            ]
          ]
        ]
      }
    },
    {
      "type": "Feature",
      "properties": {
        "area_id": "EUA_1_Pro",
        "osm_uid": "cea/66",
        "osmid": "66",
        "element_type": "cea_zone",
        "building": "yes",
        "cea_name": "B1066",
        "intersection_area_m2": 186.1016589288956,
        "is_residential": true,
        "residential_source": "cea",
        "radiation_sum_kwh_year": 248116.907546875,
        "radiation_sum": 248116.907546875,
        "radiation_point_count": 305.0,
        "use_type1": "MULTI_RES",
        "use_type2": "NONE",
        "use_type3": "NONE",
        "resi_type": null,
        "comparison_status": "matched",
        "validation_radiation_kwh_year": 248116.907546875,
        "ucea_radiation_kwh_year": 300516.8799999993,
        "workflow0_radiation_kwh_year": null,
        "validation_area_m2": 186.1016589288956,
        "ucea_roofs_top_m2": 188.83,
        "err_ucea_minus_validation_kwh_year": 52399.9724531243,
        "err_ucea_abs_kwh_year": 52399.9724531243,
        "err_ucea_pct_of_validation": 0.21119065593393604,
        "err_ucea_area_minus_validation_m2": 2.72834107110441,
        "err_ucea_area_pct_of_validation": 0.014660487643190945,
        "err_workflow0_minus_validation_kwh_year": null,
        "err_workflow0_abs_kwh_year": null,
        "err_workflow0_pct_of_validation": null
      },
      "geometry": {
        "type": "Polygon",
        "coordinates": [
          [
            [
              -9.1490558,
              38.75359449999999
            ],
            [
              -9.1489429,
              38.75363130000001
            ],
            [
              -9.1488648,
              38.75348579999999
            ],
            [
              -9.1489777,
              38.753448999999996
            ],
            [
              -9.1490558,
              38.75359449999999
            ]
          ]
        ]
      }
    },
    {
      "type": "Feature",
      "properties": {
        "area_id": "EUA_1_Pro",
        "osm_uid": "cea/67",
        "osmid": "67",
        "element_type": "cea_zone",
        "building": "yes",
        "cea_name": "B1067",
        "intersection_area_m2": 227.72009030719065,
        "is_residential": true,
        "residential_source": "cea",
        "radiation_sum_kwh_year": 397622.23562500003,
        "radiation_sum": 397622.23562500003,
        "radiation_point_count": 376.0,
        "use_type1": "MULTI_RES",
        "use_type2": "NONE",
        "use_type3": "NONE",
        "resi_type": null,
        "comparison_status": "matched",
        "validation_radiation_kwh_year": 397622.23562500003,
        "ucea_radiation_kwh_year": 352379.77999999956,
        "workflow0_radiation_kwh_year": null,
        "validation_area_m2": 227.72009030719065,
        "ucea_roofs_top_m2": 228.71,
        "err_ucea_minus_validation_kwh_year": -45242.45562500047,
        "err_ucea_abs_kwh_year": 45242.45562500047,
        "err_ucea_pct_of_validation": -0.11378250905381686,
        "err_ucea_area_minus_validation_m2": 0.9899096928093627,
        "err_ucea_area_pct_of_validation": 0.004347045934655967,
        "err_workflow0_minus_validation_kwh_year": null,
        "err_workflow0_abs_kwh_year": null,
        "err_workflow0_pct_of_validation": null
      },
      "geometry": {
        "type": "Polygon",
        "coordinates": [
          [
            [
              -9.149396199999998,
              38.753599
            ],
            [
              -9.1493468,
              38.7536152
            ],
            [
              -9.1492399,
              38.75341689999999
            ],
            [
              -9.149341099999997,
              38.75338369999999
            ],
            [
              -9.149447999999998,
              38.753581999999994
            ],
            [
              -9.149396199999998,
              38.753599
            ]
          ]
        ]
      }
    },
    {
      "type": "Feature",
      "properties": {
        "area_id": "EUA_1_Pro",
        "osm_uid": "cea/68",
        "osmid": "68",
        "element_type": "cea_zone",
        "building": "yes",
        "cea_name": "B1068",
        "intersection_area_m2": 139.08421515585343,
        "is_residential": true,
        "residential_source": "cea",
        "radiation_sum_kwh_year": 235203.88528125,
        "radiation_sum": 235203.88528125,
        "radiation_point_count": 229.0,
        "use_type1": "MULTI_RES",
        "use_type2": "NONE",
        "use_type3": "NONE",
        "resi_type": null,
        "comparison_status": "matched",
        "validation_radiation_kwh_year": 235203.88528125,
        "ucea_radiation_kwh_year": 223739.49999999936,
        "workflow0_radiation_kwh_year": null,
        "validation_area_m2": 139.08421515585343,
        "ucea_roofs_top_m2": 139.1,
        "err_ucea_minus_validation_kwh_year": -11464.385281250637,
        "err_ucea_abs_kwh_year": 11464.385281250637,
        "err_ucea_pct_of_validation": -0.0487423295220734,
        "err_ucea_area_minus_validation_m2": 0.015784844146566,
        "err_ucea_area_pct_of_validation": 0.00011349126950803151,
        "err_workflow0_minus_validation_kwh_year": null,
        "err_workflow0_abs_kwh_year": null,
        "err_workflow0_pct_of_validation": null
      },
      "geometry": {
        "type": "Polygon",
        "coordinates": [
          [
            [
              -9.148436199999999,
              38.7537741
            ],
            [
              -9.148246,
              38.75383589999999
            ],
            [
              -9.1482347,
              38.753814599999984
            ],
            [
              -9.1482115,
              38.753771199999996
            ],
            [
              -9.1484016,
              38.753709499999985
            ],
            [
              -9.148436199999999,
              38.7537741
            ]
          ]
        ]
      }
    },
    {
      "type": "Feature",
      "properties": {
        "area_id": "EUA_1_Pro",
        "osm_uid": "cea/69",
        "osmid": "69",
        "element_type": "cea_zone",
        "building": "yes",
        "cea_name": "B1069",
        "intersection_area_m2": 152.48178235119937,
        "is_residential": true,
        "residential_source": "cea",
        "radiation_sum_kwh_year": 330125.555953125,
        "radiation_sum": 330125.555953125,
        "radiation_point_count": 253.0,
        "use_type1": "MULTI_RES",
        "use_type2": "NONE",
        "use_type3": "NONE",
        "resi_type": null,
        "comparison_status": "matched",
        "validation_radiation_kwh_year": 330125.555953125,
        "ucea_radiation_kwh_year": 247336.21000000037,
        "workflow0_radiation_kwh_year": null,
        "validation_area_m2": 152.48178235119937,
        "ucea_roofs_top_m2": 155.79,
        "err_ucea_minus_validation_kwh_year": -82789.34595312463,
        "err_ucea_abs_kwh_year": 82789.34595312463,
        "err_ucea_pct_of_validation": -0.25078139047459874,
        "err_ucea_area_minus_validation_m2": 3.308217648800621,
        "err_ucea_area_pct_of_validation": 0.021695822266695846,
        "err_workflow0_minus_validation_kwh_year": null,
        "err_workflow0_abs_kwh_year": null,
        "err_workflow0_pct_of_validation": null
      },
      "geometry": {
        "type": "Polygon",
        "coordinates": [
          [
            [
              -9.1482222,
              38.753375399999996
            ],
            [
              -9.148259100000002,
              38.7534445
            ],
            [
              -9.148064099999997,
              38.753507899999995
            ],
            [
              -9.148038299999998,
              38.7534596
            ],
            [
              -9.1480272,
              38.75343879999998
            ],
            [
              -9.1482222,
              38.753375399999996
            ]
          ]
        ]
      }
    },
    {
      "type": "Feature",
      "properties": {
        "area_id": "EUA_1_Pro",
        "osm_uid": "cea/70",
        "osmid": "70",
        "element_type": "cea_zone",
        "building": "yes",
        "cea_name": "B1070",
        "intersection_area_m2": 144.1802737739858,
        "is_residential": true,
        "residential_source": "cea",
        "radiation_sum_kwh_year": 190906.388875,
        "radiation_sum": 190906.388875,
        "radiation_point_count": 236.0,
        "use_type1": "MULTI_RES",
        "use_type2": "NONE",
        "use_type3": "NONE",
        "resi_type": null,
        "comparison_status": "matched",
        "validation_radiation_kwh_year": 190906.388875,
        "ucea_radiation_kwh_year": 234642.12999999977,
        "workflow0_radiation_kwh_year": null,
        "validation_area_m2": 144.1802737739858,
        "ucea_roofs_top_m2": 145.8,
        "err_ucea_minus_validation_kwh_year": 43735.74112499977,
        "err_ucea_abs_kwh_year": 43735.74112499977,
        "err_ucea_pct_of_validation": 0.22909521982334843,
        "err_ucea_area_minus_validation_m2": 1.6197262260142224,
        "err_ucea_area_pct_of_validation": 0.0112340348899134,
        "err_workflow0_minus_validation_kwh_year": null,
        "err_workflow0_abs_kwh_year": null,
        "err_workflow0_pct_of_validation": null
      },
      "geometry": {
        "type": "Polygon",
        "coordinates": [
          [
            [
              -9.1478148,
              38.75361369999999
            ],
            [
              -9.1477308,
              38.75363979999998
            ],
            [
              -9.147652299999999,
              38.75348609999998
            ],
            [
              -9.147736199999999,
              38.75346
            ],
            [
              -9.1478148,
              38.75361369999999
            ]
          ]
        ]
      }
    },
    {
      "type": "Feature",
      "properties": {
        "area_id": "EUA_1_Pro",
        "osm_uid": "cea/71",
        "osmid": "71",
        "element_type": "cea_zone",
        "building": "yes",
        "cea_name": "B1071",
        "intersection_area_m2": 139.0011435942833,
        "is_residential": true,
        "residential_source": "cea",
        "radiation_sum_kwh_year": 226161.3995,
        "radiation_sum": 226161.3995,
        "radiation_point_count": 231.0,
        "use_type1": "MULTI_RES",
        "use_type2": "NONE",
        "use_type3": "NONE",
        "resi_type": null,
        "comparison_status": "matched",
        "validation_radiation_kwh_year": 226161.3995,
        "ucea_radiation_kwh_year": 221385.82000000027,
        "workflow0_radiation_kwh_year": null,
        "validation_area_m2": 139.0011435942833,
        "ucea_roofs_top_m2": 141.2,
        "err_ucea_minus_validation_kwh_year": -4775.579499999731,
        "err_ucea_abs_kwh_year": 4775.579499999731,
        "err_ucea_pct_of_validation": -0.021115802743340076,
        "err_ucea_area_minus_validation_m2": 2.198856405716697,
        "err_ucea_area_pct_of_validation": 0.015818980685041856,
        "err_workflow0_minus_validation_kwh_year": null,
        "err_workflow0_abs_kwh_year": null,
        "err_workflow0_pct_of_validation": null
      },
      "geometry": {
        "type": "Polygon",
        "coordinates": [
          [
            [
              -9.148145999999999,
              38.753245499999984
            ],
            [
              -9.1479555,
              38.75330959999999
            ],
            [
              -9.1479408,
              38.753282999999996
            ],
            [
              -9.1479202,
              38.75324579999998
            ],
            [
              -9.148110699999998,
              38.753181700000006
            ],
            [
              -9.148145999999999,
              38.753245499999984
            ]
          ]
        ]
      }
    },
    {
      "type": "Feature",
      "properties": {
        "area_id": "EUA_1_Pro",
        "osm_uid": "cea/72",
        "osmid": "72",
        "element_type": "cea_zone",
        "building": "yes",
        "cea_name": "B1072",
        "intersection_area_m2": 133.9051635644298,
        "is_residential": true,
        "residential_source": "cea",
        "radiation_sum_kwh_year": 272462.14696875,
        "radiation_sum": 272462.14696875,
        "radiation_point_count": 220.0,
        "use_type1": "MULTI_RES",
        "use_type2": "NONE",
        "use_type3": "NONE",
        "resi_type": null,
        "comparison_status": "matched",
        "validation_radiation_kwh_year": 272462.14696875,
        "ucea_radiation_kwh_year": 213986.49000000014,
        "workflow0_radiation_kwh_year": null,
        "validation_area_m2": 133.9051635644298,
        "ucea_roofs_top_m2": 133.9,
        "err_ucea_minus_validation_kwh_year": -58475.656968749856,
        "err_ucea_abs_kwh_year": 58475.656968749856,
        "err_ucea_pct_of_validation": -0.21461937968013117,
        "err_ucea_area_minus_validation_m2": -0.005163564429807366,
        "err_ucea_area_pct_of_validation": -3.856135411330023e-05,
        "err_workflow0_minus_validation_kwh_year": null,
        "err_workflow0_abs_kwh_year": null,
        "err_workflow0_pct_of_validation": null
      },
      "geometry": {
        "type": "Polygon",
        "coordinates": [
          [
            [
              -9.1485087,
              38.75390989999999
            ],
            [
              -9.1485424,
              38.753972399999995
            ],
            [
              -9.148353699999998,
              38.7540343
            ],
            [
              -9.148330599999998,
              38.753991400000004
            ],
            [
              -9.14832,
              38.753971699999994
            ],
            [
              -9.1485087,
              38.75390989999999
            ]
          ]
        ]
      }
    },
    {
      "type": "Feature",
      "properties": {
        "area_id": "EUA_1_Pro",
        "osm_uid": "cea/73",
        "osmid": "73",
        "element_type": "cea_zone",
        "building": "yes",
        "cea_name": "B1073",
        "intersection_area_m2": 175.56254732794577,
        "is_residential": true,
        "residential_source": "cea",
        "radiation_sum_kwh_year": 385807.6370625,
        "radiation_sum": 385807.6370625,
        "radiation_point_count": 289.0,
        "use_type1": "MULTI_RES",
        "use_type2": "NONE",
        "use_type3": "NONE",
        "resi_type": null,
        "comparison_status": "matched",
        "validation_radiation_kwh_year": 385807.6370625,
        "ucea_radiation_kwh_year": 273593.05999999976,
        "workflow0_radiation_kwh_year": null,
        "validation_area_m2": 175.56254732794577,
        "ucea_roofs_top_m2": 178.47,
        "err_ucea_minus_validation_kwh_year": -112214.57706250023,
        "err_ucea_abs_kwh_year": 112214.57706250023,
        "err_ucea_pct_of_validation": -0.2908562876486598,
        "err_ucea_area_minus_validation_m2": 2.9074526720542337,
        "err_ucea_area_pct_of_validation": 0.016560779712447418,
        "err_workflow0_minus_validation_kwh_year": null,
        "err_workflow0_abs_kwh_year": null,
        "err_workflow0_pct_of_validation": null
      },
      "geometry": {
        "type": "Polygon",
        "coordinates": [
          [
            [
              -9.146940799999998,
              38.7503328
            ],
            [
              -9.147136599999998,
              38.7502686
            ],
            [
              -9.1471539,
              38.750263
            ],
            [
              -9.147193,
              38.75033559999999
            ],
            [
              -9.14698,
              38.7504054
            ],
            [
              -9.146940799999998,
              38.7503328
            ]
          ]
        ]
      }
    },
    {
      "type": "Feature",
      "properties": {
        "area_id": "EUA_1_Pro",
        "osm_uid": "cea/74",
        "osmid": "74",
        "element_type": "cea_zone",
        "building": "yes",
        "cea_name": "B1074",
        "intersection_area_m2": 209.88418712796846,
        "is_residential": true,
        "residential_source": "cea",
        "radiation_sum_kwh_year": 287875.024734375,
        "radiation_sum": 287875.024734375,
        "radiation_point_count": 346.0,
        "use_type1": "MULTI_RES",
        "use_type2": "NONE",
        "use_type3": "NONE",
        "resi_type": null,
        "comparison_status": "matched",
        "validation_radiation_kwh_year": 287875.024734375,
        "ucea_radiation_kwh_year": 337962.56999999954,
        "workflow0_radiation_kwh_year": null,
        "validation_area_m2": 209.88418712796846,
        "ucea_roofs_top_m2": 212.3,
        "err_ucea_minus_validation_kwh_year": 50087.54526562453,
        "err_ucea_abs_kwh_year": 50087.54526562453,
        "err_ucea_pct_of_validation": 0.1739905895339159,
        "err_ucea_area_minus_validation_m2": 2.4158128720315517,
        "err_ucea_area_pct_of_validation": 0.011510218588114057,
        "err_workflow0_minus_validation_kwh_year": null,
        "err_workflow0_abs_kwh_year": null,
        "err_workflow0_pct_of_validation": null
      },
      "geometry": {
        "type": "Polygon",
        "coordinates": [
          [
            [
              -9.1472401,
              38.750234699999986
            ],
            [
              -9.1471539,
              38.750263
            ],
            [
              -9.147136599999998,
              38.7502686
            ],
            [
              -9.1470403,
              38.750089799999984
            ],
            [
              -9.147143700000003,
              38.7500559
            ],
            [
              -9.1472401,
              38.750234699999986
            ]
          ]
        ]
      }
    },
    {
      "type": "Feature",
      "properties": {
        "area_id": "EUA_1_Pro",
        "osm_uid": "cea/75",
        "osmid": "75",
        "element_type": "cea_zone",
        "building": "yes",
        "cea_name": "B1075",
        "intersection_area_m2": 123.45617746409927,
        "is_residential": true,
        "residential_source": "cea",
        "radiation_sum_kwh_year": 138490.3574375,
        "radiation_sum": 138490.3574375,
        "radiation_point_count": 205.0,
        "use_type1": "MULTI_RES",
        "use_type2": "NONE",
        "use_type3": "NONE",
        "resi_type": null,
        "comparison_status": "matched",
        "validation_radiation_kwh_year": 138490.3574375,
        "ucea_radiation_kwh_year": 199885.79999999967,
        "workflow0_radiation_kwh_year": null,
        "validation_area_m2": 123.45617746409927,
        "ucea_roofs_top_m2": 124.86,
        "err_ucea_minus_validation_kwh_year": 61395.442562499666,
        "err_ucea_abs_kwh_year": 61395.442562499666,
        "err_ucea_pct_of_validation": 0.4433192584560056,
        "err_ucea_area_minus_validation_m2": 1.40382253590073,
        "err_ucea_area_pct_of_validation": 0.011371018969941441,
        "err_workflow0_minus_validation_kwh_year": null,
        "err_workflow0_abs_kwh_year": null,
        "err_workflow0_pct_of_validation": null
      },
      "geometry": {
        "type": "Polygon",
        "coordinates": [
          [
            [
              -9.146673,
              38.750420500000004
            ],
            [
              -9.146597499999999,
              38.750280499999995
            ],
            [
              -9.1466752,
              38.750255
            ],
            [
              -9.146750699999998,
              38.7503951
            ],
            [
              -9.146673,
              38.750420500000004
            ]
          ]
        ]
      }
    },
    {
      "type": "Feature",
      "properties": {
        "area_id": "EUA_1_Pro",
        "osm_uid": "cea/76",
        "osmid": "76",
        "element_type": "cea_zone",
        "building": "yes",
        "cea_name": "B1076",
        "intersection_area_m2": 194.27060199805737,
        "is_residential": true,
        "residential_source": "cea",
        "radiation_sum_kwh_year": 430004.5420625,
        "radiation_sum": 430004.5420625,
        "radiation_point_count": 321.0,
        "use_type1": "MULTI_RES",
        "use_type2": "NONE",
        "use_type3": "NONE",
        "resi_type": null,
        "comparison_status": "matched",
        "validation_radiation_kwh_year": 430004.5420625,
        "ucea_radiation_kwh_year": 314877.59000000055,
        "workflow0_radiation_kwh_year": null,
        "validation_area_m2": 194.27060199805737,
        "ucea_roofs_top_m2": 205.87,
        "err_ucea_minus_validation_kwh_year": -115126.95206249948,
        "err_ucea_abs_kwh_year": 115126.95206249948,
        "err_ucea_pct_of_validation": -0.26773426975979725,
        "err_ucea_area_minus_validation_m2": 11.599398001942632,
        "err_ucea_area_pct_of_validation": 0.05970742810617646,
        "err_workflow0_minus_validation_kwh_year": null,
        "err_workflow0_abs_kwh_year": null,
        "err_workflow0_pct_of_validation": null
      },
      "geometry": {
        "type": "Polygon",
        "coordinates": [
          [
            [
              -9.146454299999998,
              38.74991510000001
            ],
            [
              -9.1462328,
              38.74997919999999
            ],
            [
              -9.146191700000001,
              38.749904399999984
            ],
            [
              -9.1464155,
              38.7498332
            ],
            [
              -9.146454299999998,
              38.74991510000001
            ]
          ]
        ]
      }
    },
    {
      "type": "Feature",
      "properties": {
        "area_id": "EUA_1_Pro",
        "osm_uid": "cea/77",
        "osmid": "77",
        "element_type": "cea_zone",
        "building": "yes",
        "cea_name": "B1077",
        "intersection_area_m2": 295.2224779187909,
        "is_residential": true,
        "residential_source": "cea",
        "radiation_sum_kwh_year": 440592.22465625004,
        "radiation_sum": 440592.22465625004,
        "radiation_point_count": 486.0,
        "use_type1": "MULTI_RES",
        "use_type2": "NONE",
        "use_type3": "NONE",
        "resi_type": null,
        "comparison_status": "matched",
        "validation_radiation_kwh_year": 440592.22465625004,
        "ucea_radiation_kwh_year": 467779.88999999996,
        "workflow0_radiation_kwh_year": null,
        "validation_area_m2": 295.2224779187909,
        "ucea_roofs_top_m2": 298.65,
        "err_ucea_minus_validation_kwh_year": 27187.66534374992,
        "err_ucea_abs_kwh_year": 27187.66534374992,
        "err_ucea_pct_of_validation": 0.06170709291332077,
        "err_ucea_area_minus_validation_m2": 3.4275220812090765,
        "err_ucea_area_pct_of_validation": 0.011609963121276663,
        "err_workflow0_minus_validation_kwh_year": null,
        "err_workflow0_abs_kwh_year": null,
        "err_workflow0_pct_of_validation": null
      },
      "geometry": {
        "type": "Polygon",
        "coordinates": [
          [
            [
              -9.1467501,
              38.749682199999995
            ],
            [
              -9.1468575,
              38.749646999999996
            ],
            [
              -9.146988,
              38.749889299999985
            ],
            [
              -9.1468806,
              38.74992449999999
            ],
            [
              -9.1467501,
              38.749682199999995
            ]
          ]
        ]
      }
    },
    {
      "type": "Feature",
      "properties": {
        "area_id": "EUA_1_Pro",
        "osm_uid": "cea/78",
        "osmid": "78",
        "element_type": "cea_zone",
        "building": "yes",
        "cea_name": "B1078",
        "intersection_area_m2": 325.6568407903509,
        "is_residential": true,
        "residential_source": "cea",
        "radiation_sum_kwh_year": 252812.713296875,
        "radiation_sum": 252812.713296875,
        "radiation_point_count": 286.0,
        "use_type1": "MULTI_RES",
        "use_type2": "NONE",
        "use_type3": "NONE",
        "resi_type": null,
        "comparison_status": "matched",
        "validation_radiation_kwh_year": 252812.713296875,
        "ucea_radiation_kwh_year": 504866.8199999998,
        "workflow0_radiation_kwh_year": null,
        "validation_area_m2": 325.6568407903509,
        "ucea_roofs_top_m2": 344.72,
        "err_ucea_minus_validation_kwh_year": 252054.10670312477,
        "err_ucea_abs_kwh_year": 252054.10670312477,
        "err_ucea_pct_of_validation": 0.9969993336812163,
        "err_ucea_area_minus_validation_m2": 19.063159209649143,
        "err_ucea_area_pct_of_validation": 0.058537567223780486,
        "err_workflow0_minus_validation_kwh_year": null,
        "err_workflow0_abs_kwh_year": null,
        "err_workflow0_pct_of_validation": null
      },
      "geometry": {
        "type": "Polygon",
        "coordinates": [
          [
            [
              -9.146616,
              38.74952209999999
            ],
            [
              -9.146781199999998,
              38.74948109999998
            ],
            [
              -9.1468575,
              38.749646999999996
            ],
            [
              -9.1467501,
              38.749682199999995
            ],
            [
              -9.146684599999999,
              38.749698300000006
            ],
            [
              -9.1466355,
              38.74960789999998
            ],
            [
              -9.146616,
              38.74952209999999
            ]
          ]
        ]
      }
    },
    {
      "type": "Feature",
      "properties": {
        "area_id": "EUA_1_Pro",
        "osm_uid": "cea/79",
        "osmid": "79",
        "element_type": "cea_zone",
        "building": "yes",
        "cea_name": "B1079",
        "intersection_area_m2": 464.8037797366276,
        "is_residential": true,
        "residential_source": "cea",
        "radiation_sum_kwh_year": 947332.06703125,
        "radiation_sum": 947332.06703125,
        "radiation_point_count": 765.0,
        "use_type1": "MULTI_RES",
        "use_type2": "NONE",
        "use_type3": "NONE",
        "resi_type": null,
        "comparison_status": "matched",
        "validation_radiation_kwh_year": 947332.06703125,
        "ucea_radiation_kwh_year": 626018.3399999999,
        "workflow0_radiation_kwh_year": null,
        "validation_area_m2": 464.8037797366276,
        "ucea_roofs_top_m2": 467.76,
        "err_ucea_minus_validation_kwh_year": -321313.72703125014,
        "err_ucea_abs_kwh_year": 321313.72703125014,
        "err_ucea_pct_of_validation": -0.33917750513627537,
        "err_ucea_area_minus_validation_m2": 2.9562202633724155,
        "err_ucea_area_pct_of_validation": 0.006360146780750154,
        "err_workflow0_minus_validation_kwh_year": null,
        "err_workflow0_abs_kwh_year": null,
        "err_workflow0_pct_of_validation": null
      },
      "geometry": {
        "type": "Polygon",
        "coordinates": [
          [
            [
              -9.1458686,
              38.7505287
            ],
            [
              -9.1458384,
              38.750471
            ],
            [
              -9.1457841,
              38.7504883
            ],
            [
              -9.1458008,
              38.7505203
            ],
            [
              -9.145655499999998,
              38.750566600000006
            ],
            [
              -9.145605,
              38.75047039999998
            ],
            [
              -9.145627700000002,
              38.7504632
            ],
            [
              -9.145564999999998,
              38.750343599999994
            ],
            [
              -9.145683199999999,
              38.7503059
            ],
            [
              -9.1457611,
              38.75045449999999
            ],
            [
              -9.1458231,
              38.7504347
            ],
            [
              -9.145789599999999,
              38.750370899999986
            ],
            [
              -9.145818,
              38.7503618
            ],
            [
              -9.145860399999998,
              38.750348300000006
            ],
            [
              -9.1459426,
              38.75050509999999
            ],
            [
              -9.145881899999997,
              38.7505244
            ],
            [
              -9.1458686,
              38.7505287
            ]
          ]
        ]
      }
    },
    {
      "type": "Feature",
      "properties": {
        "area_id": "EUA_1_Pro",
        "osm_uid": "cea/85",
        "osmid": "85",
        "element_type": "cea_zone",
        "building": "yes",
        "cea_name": "B1085",
        "intersection_area_m2": 255.2397724816858,
        "is_residential": true,
        "residential_source": "cea",
        "radiation_sum_kwh_year": 393327.75018750003,
        "radiation_sum": 393327.75018750003,
        "radiation_point_count": 421.0,
        "use_type1": "MULTI_RES",
        "use_type2": "NONE",
        "use_type3": "NONE",
        "resi_type": null,
        "comparison_status": "matched",
        "validation_radiation_kwh_year": 393327.75018750003,
        "ucea_radiation_kwh_year": 410886.53,
        "workflow0_radiation_kwh_year": null,
        "validation_area_m2": 255.2397724816858,
        "ucea_roofs_top_m2": 256.45,
        "err_ucea_minus_validation_kwh_year": 17558.779812499997,
        "err_ucea_abs_kwh_year": 17558.779812499997,
        "err_ucea_pct_of_validation": 0.044641599287438265,
        "err_ucea_area_minus_validation_m2": 1.2102275183141842,
        "err_ucea_area_pct_of_validation": 0.004741531880189329,
        "err_workflow0_minus_validation_kwh_year": null,
        "err_workflow0_abs_kwh_year": null,
        "err_workflow0_pct_of_validation": null
      },
      "geometry": {
        "type": "Polygon",
        "coordinates": [
          [
            [
              -9.147475499999999,
              38.75066429999999
            ],
            [
              -9.1475886,
              38.7508728
            ],
            [
              -9.1474809,
              38.750908299999985
            ],
            [
              -9.147367799999998,
              38.75069979999999
            ],
            [
              -9.147475499999999,
              38.75066429999999
            ]
          ]
        ]
      }
    },
    {
      "type": "Feature",
      "properties": {
        "area_id": "EUA_1_Pro",
        "osm_uid": "cea/86",
        "osmid": "86",
        "element_type": "cea_zone",
        "building": "yes",
        "cea_name": "B1086",
        "intersection_area_m2": 226.51910467834284,
        "is_residential": true,
        "residential_source": "cea",
        "radiation_sum_kwh_year": 349680.19415625,
        "radiation_sum": 349680.19415625,
        "radiation_point_count": 374.0,
        "use_type1": "MULTI_RES",
        "use_type2": "NONE",
        "use_type3": "NONE",
        "resi_type": null,
        "comparison_status": "matched",
        "validation_radiation_kwh_year": 349680.19415625,
        "ucea_radiation_kwh_year": 364726.97000000096,
        "workflow0_radiation_kwh_year": null,
        "validation_area_m2": 226.51910467834284,
        "ucea_roofs_top_m2": 227.48,
        "err_ucea_minus_validation_kwh_year": 15046.775843750976,
        "err_ucea_abs_kwh_year": 15046.775843750976,
        "err_ucea_pct_of_validation": 0.043030106066080265,
        "err_ucea_area_minus_validation_m2": 0.9608953216571479,
        "err_ucea_area_pct_of_validation": 0.004242005649022935,
        "err_workflow0_minus_validation_kwh_year": null,
        "err_workflow0_abs_kwh_year": null,
        "err_workflow0_pct_of_validation": null
      },
      "geometry": {
        "type": "Polygon",
        "coordinates": [
          [
            [
              -9.1475814,
              38.751093399999995
            ],
            [
              -9.1474809,
              38.750908299999985
            ],
            [
              -9.1475886,
              38.7508728
            ],
            [
              -9.147689,
              38.751057899999985
            ],
            [
              -9.1475814,
              38.751093399999995
            ]
          ]
        ]
      }
    },
    {
      "type": "Feature",
      "properties": {
        "area_id": "EUA_1_Pro",
        "osm_uid": "cea/87",
        "osmid": "87",
        "element_type": "cea_zone",
        "building": "yes",
        "cea_name": "B1087",
        "intersection_area_m2": 239.6522685734382,
        "is_residential": true,
        "residential_source": "cea",
        "radiation_sum_kwh_year": 422367.18975,
        "radiation_sum": 422367.18975,
        "radiation_point_count": 396.0,
        "use_type1": "MULTI_RES",
        "use_type2": "NONE",
        "use_type3": "NONE",
        "resi_type": null,
        "comparison_status": "matched",
        "validation_radiation_kwh_year": 422367.18975,
        "ucea_radiation_kwh_year": 381443.21999999916,
        "workflow0_radiation_kwh_year": null,
        "validation_area_m2": 239.6522685734382,
        "ucea_roofs_top_m2": 239.65,
        "err_ucea_minus_validation_kwh_year": -40923.96975000086,
        "err_ucea_abs_kwh_year": 40923.96975000086,
        "err_ucea_pct_of_validation": -0.09689192423830043,
        "err_ucea_area_minus_validation_m2": -0.0022685734381866496,
        "err_ucea_area_pct_of_validation": -9.466104584323915e-06,
        "err_workflow0_minus_validation_kwh_year": null,
        "err_workflow0_abs_kwh_year": null,
        "err_workflow0_pct_of_validation": null
      },
      "geometry": {
        "type": "Polygon",
        "coordinates": [
          [
            [
              -9.147887699999998,
              38.75100319999999
            ],
            [
              -9.1477826,
              38.750810099999995
            ],
            [
              -9.147893699999997,
              38.75077580000001
            ],
            [
              -9.147997,
              38.75096899999999
            ],
            [
              -9.147887699999998,
              38.75100319999999
            ]
          ]
        ]
      }
    },
    {
      "type": "Feature",
      "properties": {
        "area_id": "EUA_1_Pro",
        "osm_uid": "cea/88",
        "osmid": "88",
        "element_type": "cea_zone",
        "building": "yes",
        "cea_name": "B1088",
        "intersection_area_m2": 228.34937117029048,
        "is_residential": true,
        "residential_source": "cea",
        "radiation_sum_kwh_year": 365432.34090625,
        "radiation_sum": 365432.34090625,
        "radiation_point_count": 377.0,
        "use_type1": "MULTI_RES",
        "use_type2": "NONE",
        "use_type3": "NONE",
        "resi_type": null,
        "comparison_status": "matched",
        "validation_radiation_kwh_year": 365432.34090625,
        "ucea_radiation_kwh_year": 360201.9499999986,
        "workflow0_radiation_kwh_year": null,
        "validation_area_m2": 228.34937117029048,
        "ucea_roofs_top_m2": 231.66,
        "err_ucea_minus_validation_kwh_year": -5230.390906251385,
        "err_ucea_abs_kwh_year": 5230.390906251385,
        "err_ucea_pct_of_validation": -0.014312884550065639,
        "err_ucea_area_minus_validation_m2": 3.3106288297095148,
        "err_ucea_area_pct_of_validation": 0.014498086036946555,
        "err_workflow0_minus_validation_kwh_year": null,
        "err_workflow0_abs_kwh_year": null,
        "err_workflow0_pct_of_validation": null
      },
      "geometry": {
        "type": "Polygon",
        "coordinates": [
          [
            [
              -9.1477903,
              38.751244499999984
            ],
            [
              -9.1476826,
              38.751279999999994
            ],
            [
              -9.1475814,
              38.751093399999995
            ],
            [
              -9.147689,
              38.751057899999985
            ],
            [
              -9.1477903,
              38.751244499999984
            ]
          ]
        ]
      }
    },
    {
      "type": "Feature",
      "properties": {
        "area_id": "EUA_1_Pro",
        "osm_uid": "cea/89",
        "osmid": "89",
        "element_type": "cea_zone",
        "building": "yes",
        "cea_name": "B1089",
        "intersection_area_m2": 236.66895341526262,
        "is_residential": true,
        "residential_source": "cea",
        "radiation_sum_kwh_year": 426599.60462500004,
        "radiation_sum": 426599.60462500004,
        "radiation_point_count": 391.0,
        "use_type1": "MULTI_RES",
        "use_type2": "NONE",
        "use_type3": "NONE",
        "resi_type": null,
        "comparison_status": "matched",
        "validation_radiation_kwh_year": 426599.60462500004,
        "ucea_radiation_kwh_year": 383137.95000000164,
        "workflow0_radiation_kwh_year": null,
        "validation_area_m2": 236.66895341526262,
        "ucea_roofs_top_m2": 241.3,
        "err_ucea_minus_validation_kwh_year": -43461.654624998395,
        "err_ucea_abs_kwh_year": 43461.654624998395,
        "err_ucea_pct_of_validation": -0.10187926607012004,
        "err_ucea_area_minus_validation_m2": 4.6310465847373905,
        "err_ucea_area_pct_of_validation": 0.019567613402217958,
        "err_workflow0_minus_validation_kwh_year": null,
        "err_workflow0_abs_kwh_year": null,
        "err_workflow0_pct_of_validation": null
      },
      "geometry": {
        "type": "Polygon",
        "coordinates": [
          [
            [
              -9.1479888,
              38.75119449999999
            ],
            [
              -9.147887699999998,
              38.75100319999999
            ],
            [
              -9.147997,
              38.75096899999999
            ],
            [
              -9.1480997,
              38.751159699999995
            ],
            [
              -9.1479888,
              38.75119449999999
            ]
          ]
        ]
      }
    },
    {
      "type": "Feature",
      "properties": {
        "area_id": "EUA_1_Pro",
        "osm_uid": "cea/90",
        "osmid": "90",
        "element_type": "cea_zone",
        "building": "yes",
        "cea_name": "B1090",
        "intersection_area_m2": 259.5526405094437,
        "is_residential": true,
        "residential_source": "cea",
        "radiation_sum_kwh_year": 433071.24682812503,
        "radiation_sum": 433071.24682812503,
        "radiation_point_count": 429.0,
        "use_type1": "MULTI_RES",
        "use_type2": "NONE",
        "use_type3": "NONE",
        "resi_type": null,
        "comparison_status": "matched",
        "validation_radiation_kwh_year": 433071.24682812503,
        "ucea_radiation_kwh_year": 406738.7900000003,
        "workflow0_radiation_kwh_year": null,
        "validation_area_m2": 259.5526405094437,
        "ucea_roofs_top_m2": 264.06,
        "err_ucea_minus_validation_kwh_year": -26332.456828124705,
        "err_ucea_abs_kwh_year": 26332.456828124705,
        "err_ucea_pct_of_validation": -0.060803983226749264,
        "err_ucea_area_minus_validation_m2": 4.5073594905563255,
        "err_ucea_area_pct_of_validation": 0.017365878003434636,
        "err_workflow0_minus_validation_kwh_year": null,
        "err_workflow0_abs_kwh_year": null,
        "err_workflow0_pct_of_validation": null
      },
      "geometry": {
        "type": "Polygon",
        "coordinates": [
          [
            [
              -9.148106599999998,
              38.751158099999984
            ],
            [
              -9.1482131,
              38.75135389999999
            ],
            [
              -9.1480974,
              38.751391299999995
            ],
            [
              -9.1479888,
              38.75119449999999
            ],
            [
              -9.1480997,
              38.751159699999995
            ],
            [
              -9.148106599999998,
              38.751158099999984
            ]
          ]
        ]
      }
    },
    {
      "type": "Feature",
      "properties": {
        "area_id": "EUA_1_Pro",
        "osm_uid": "cea/91",
        "osmid": "91",
        "element_type": "cea_zone",
        "building": "yes",
        "cea_name": "B1091",
        "intersection_area_m2": 212.50050926076128,
        "is_residential": true,
        "residential_source": "cea",
        "radiation_sum_kwh_year": 359886.41318750003,
        "radiation_sum": 359886.41318750003,
        "radiation_point_count": 350.0,
        "use_type1": "MULTI_RES",
        "use_type2": "NONE",
        "use_type3": "NONE",
        "resi_type": null,
        "comparison_status": "matched",
        "validation_radiation_kwh_year": 359886.41318750003,
        "ucea_radiation_kwh_year": 353245.33000000037,
        "workflow0_radiation_kwh_year": null,
        "validation_area_m2": 212.50050926076128,
        "ucea_roofs_top_m2": 217.42,
        "err_ucea_minus_validation_kwh_year": -6641.083187499666,
        "err_ucea_abs_kwh_year": 6641.083187499666,
        "err_ucea_pct_of_validation": -0.01845327565628235,
        "err_ucea_area_minus_validation_m2": 4.919490739238711,
        "err_ucea_area_pct_of_validation": 0.02315048917460221,
        "err_workflow0_minus_validation_kwh_year": null,
        "err_workflow0_abs_kwh_year": null,
        "err_workflow0_pct_of_validation": null
      },
      "geometry": {
        "type": "Polygon",
        "coordinates": [
          [
            [
              -9.1481067,
              38.75207459999999
            ],
            [
              -9.148222799999997,
              38.75203690000001
            ],
            [
              -9.1483091,
              38.75219869999999
            ],
            [
              -9.148193,
              38.7522364
            ],
            [
              -9.1481067,
              38.75207459999999
            ]
          ]
        ]
      }
    },
    {
      "type": "Feature",
      "properties": {
        "area_id": "EUA_1_Pro",
        "osm_uid": "cea/92",
        "osmid": "92",
        "element_type": "cea_zone",
        "building": "yes",
        "cea_name": "B1092",
        "intersection_area_m2": 198.9995682565251,
        "is_residential": true,
        "residential_source": "cea",
        "radiation_sum_kwh_year": 319953.66703125,
        "radiation_sum": 319953.66703125,
        "radiation_point_count": 329.0,
        "use_type1": "MULTI_RES",
        "use_type2": "NONE",
        "use_type3": "NONE",
        "resi_type": null,
        "comparison_status": "matched",
        "validation_radiation_kwh_year": 319953.66703125,
        "ucea_radiation_kwh_year": 318547.9000000001,
        "workflow0_radiation_kwh_year": null,
        "validation_area_m2": 198.9995682565251,
        "ucea_roofs_top_m2": 203.09,
        "err_ucea_minus_validation_kwh_year": -1405.7670312499395,
        "err_ucea_abs_kwh_year": 1405.7670312499395,
        "err_ucea_pct_of_validation": -0.004393658132734068,
        "err_ucea_area_minus_validation_m2": 4.090431743474909,
        "err_ucea_area_pct_of_validation": 0.020554977979660948,
        "err_workflow0_minus_validation_kwh_year": null,
        "err_workflow0_abs_kwh_year": null,
        "err_workflow0_pct_of_validation": null
      },
      "geometry": {
        "type": "Polygon",
        "coordinates": [
          [
            [
              -9.148391799999999,
              38.75197309999998
            ],
            [
              -9.1484986,
              38.75193809999999
            ],
            [
              -9.1485871,
              38.752102400000005
            ],
            [
              -9.1484804,
              38.75213739999999
            ],
            [
              -9.148391799999999,
              38.75197309999998
            ]
          ]
        ]
      }
    },
    {
      "type": "Feature",
      "properties": {
        "area_id": "EUA_1_Pro",
        "osm_uid": "cea/93",
        "osmid": "93",
        "element_type": "cea_zone",
        "building": "yes",
        "cea_name": "B1093",
        "intersection_area_m2": 231.52243218395148,
        "is_residential": true,
        "residential_source": "cea",
        "radiation_sum_kwh_year": 363787.2785625,
        "radiation_sum": 363787.2785625,
        "radiation_point_count": 381.0,
        "use_type1": "MULTI_RES",
        "use_type2": "NONE",
        "use_type3": "NONE",
        "resi_type": null,
        "comparison_status": "matched",
        "validation_radiation_kwh_year": 363787.2785625,
        "ucea_radiation_kwh_year": 371411.09000000067,
        "workflow0_radiation_kwh_year": null,
        "validation_area_m2": 231.52243218395148,
        "ucea_roofs_top_m2": 233.52,
        "err_ucea_minus_validation_kwh_year": 7623.811437500641,
        "err_ucea_abs_kwh_year": 7623.811437500641,
        "err_ucea_pct_of_validation": 0.020956784051454513,
        "err_ucea_area_minus_validation_m2": 1.9975678160485302,
        "err_ucea_area_pct_of_validation": 0.008627966617340142,
        "err_workflow0_minus_validation_kwh_year": null,
        "err_workflow0_abs_kwh_year": null,
        "err_workflow0_pct_of_validation": null
      },
      "geometry": {
        "type": "Polygon",
        "coordinates": [
          [
            [
              -9.148287,
              38.7524126
            ],
            [
              -9.148193,
              38.7522364
            ],
            [
              -9.1483091,
              38.75219869999999
            ],
            [
              -9.1484032,
              38.75237489999999
            ],
            [
              -9.148287,
              38.7524126
            ]
          ]
        ]
      }
    },
    {
      "type": "Feature",
      "properties": {
        "area_id": "EUA_1_Pro",
        "osm_uid": "cea/94",
        "osmid": "94",
        "element_type": "cea_zone",
        "building": "yes",
        "cea_name": "B1094",
        "intersection_area_m2": 218.78038222249367,
        "is_residential": true,
        "residential_source": "cea",
        "radiation_sum_kwh_year": 355636.7153125,
        "radiation_sum": 355636.7153125,
        "radiation_point_count": 360.0,
        "use_type1": "MULTI_RES",
        "use_type2": "NONE",
        "use_type3": "NONE",
        "resi_type": null,
        "comparison_status": "matched",
        "validation_radiation_kwh_year": 355636.7153125,
        "ucea_radiation_kwh_year": 351583.4700000007,
        "workflow0_radiation_kwh_year": null,
        "validation_area_m2": 218.78038222249367,
        "ucea_roofs_top_m2": 220.53,
        "err_ucea_minus_validation_kwh_year": -4053.24531249929,
        "err_ucea_abs_kwh_year": 4053.24531249929,
        "err_ucea_pct_of_validation": -0.011397150907036356,
        "err_ucea_area_minus_validation_m2": 1.7496177775063302,
        "err_ucea_area_pct_of_validation": 0.007997141972843876,
        "err_workflow0_minus_validation_kwh_year": null,
        "err_workflow0_abs_kwh_year": null,
        "err_workflow0_pct_of_validation": null
      },
      "geometry": {
        "type": "Polygon",
        "coordinates": [
          [
            [
              -9.1485778,
              38.752318
            ],
            [
              -9.1484804,
              38.75213739999999
            ],
            [
              -9.1485871,
              38.752102400000005
            ],
            [
              -9.1486846,
              38.75228299999999
            ],
            [
              -9.1485778,
              38.752318
            ]
          ]
        ]
      }
    },
    {
      "type": "Feature",
      "properties": {
        "area_id": "EUA_1_Pro",
        "osm_uid": "cea/95",
        "osmid": "95",
        "element_type": "cea_zone",
        "building": "yes",
        "cea_name": "B1095",
        "intersection_area_m2": 225.0414054966589,
        "is_residential": true,
        "residential_source": "cea",
        "radiation_sum_kwh_year": 354398.46246875,
        "radiation_sum": 354398.46246875,
        "radiation_point_count": 371.0,
        "use_type1": "MULTI_RES",
        "use_type2": "NONE",
        "use_type3": "NONE",
        "resi_type": null,
        "comparison_status": "matched",
        "validation_radiation_kwh_year": 354398.46246875,
        "ucea_radiation_kwh_year": 361284.3700000002,
        "workflow0_radiation_kwh_year": null,
        "validation_area_m2": 225.0414054966589,
        "ucea_roofs_top_m2": 227.08,
        "err_ucea_minus_validation_kwh_year": 6885.90753125021,
        "err_ucea_abs_kwh_year": 6885.90753125021,
        "err_ucea_pct_of_validation": 0.019429845951595776,
        "err_ucea_area_minus_validation_m2": 2.038594503341102,
        "err_ucea_area_pct_of_validation": 0.009058752982998802,
        "err_workflow0_minus_validation_kwh_year": null,
        "err_workflow0_abs_kwh_year": null,
        "err_workflow0_pct_of_validation": null
      },
      "geometry": {
        "type": "Polygon",
        "coordinates": [
          [
            [
              -9.1483784,
              38.7525838
            ],
            [
              -9.148287,
              38.7524126
            ],
            [
              -9.1484032,
              38.75237489999999
            ],
            [
              -9.1484946,
              38.752546099999996
            ],
            [
              -9.1483784,
              38.7525838
            ]
          ]
        ]
      }
    },
    {
      "type": "Feature",
      "properties": {
        "area_id": "EUA_1_Pro",
        "osm_uid": "cea/96",
        "osmid": "96",
        "element_type": "cea_zone",
        "building": "yes",
        "cea_name": "B1096",
        "intersection_area_m2": 218.95301297106866,
        "is_residential": true,
        "residential_source": "cea",
        "radiation_sum_kwh_year": 393222.601,
        "radiation_sum": 393222.601,
        "radiation_point_count": 361.0,
        "use_type1": "MULTI_RES",
        "use_type2": "NONE",
        "use_type3": "NONE",
        "resi_type": null,
        "comparison_status": "matched",
        "validation_radiation_kwh_year": 393222.601,
        "ucea_radiation_kwh_year": 341172.44000000006,
        "workflow0_radiation_kwh_year": null,
        "validation_area_m2": 218.95301297106866,
        "ucea_roofs_top_m2": 220.64,
        "err_ucea_minus_validation_kwh_year": -52050.160999999964,
        "err_ucea_abs_kwh_year": 52050.160999999964,
        "err_ucea_pct_of_validation": -0.13236818246873852,
        "err_ucea_area_minus_validation_m2": 1.686987028931327,
        "err_ucea_area_pct_of_validation": 0.007704790201513404,
        "err_workflow0_minus_validation_kwh_year": null,
        "err_workflow0_abs_kwh_year": null,
        "err_workflow0_pct_of_validation": null
      },
      "geometry": {
        "type": "Polygon",
        "coordinates": [
          [
            [
              -9.148675199999998,
              38.7524987
            ],
            [
              -9.1485778,
              38.752318
            ],
            [
              -9.1486846,
              38.75228299999999
            ],
            [
              -9.148781999999999,
              38.75246370000001
            ],
            [
              -9.148675199999998,
              38.7524987
            ]
          ]
        ]
      }
    },
    {
      "type": "Feature",
      "properties": {
        "area_id": "EUA_1_Pro",
        "osm_uid": "cea/97",
        "osmid": "97",
        "element_type": "cea_zone",
        "building": "yes",
        "cea_name": "B1097",
        "intersection_area_m2": 228.10057563581836,
        "is_residential": true,
        "residential_source": "cea",
        "radiation_sum_kwh_year": 356291.77190625,
        "radiation_sum": 356291.77190625,
        "radiation_point_count": 375.0,
        "use_type1": "MULTI_RES",
        "use_type2": "NONE",
        "use_type3": "NONE",
        "resi_type": null,
        "comparison_status": "matched",
        "validation_radiation_kwh_year": 356291.77190625,
        "ucea_radiation_kwh_year": 360421.5299999996,
        "workflow0_radiation_kwh_year": null,
        "validation_area_m2": 228.10057563581836,
        "ucea_roofs_top_m2": 229.69,
        "err_ucea_minus_validation_kwh_year": 4129.758093749639,
        "err_ucea_abs_kwh_year": 4129.758093749639,
        "err_ucea_pct_of_validation": 0.011590944330974587,
        "err_ucea_area_minus_validation_m2": 1.5894243641816388,
        "err_ucea_area_pct_of_validation": 0.00696808572162171,
        "err_workflow0_minus_validation_kwh_year": null,
        "err_workflow0_abs_kwh_year": null,
        "err_workflow0_pct_of_validation": null
      },
      "geometry": {
        "type": "Polygon",
        "coordinates": [
          [
            [
              -9.148471099999998,
              38.7527574
            ],
            [
              -9.1483784,
              38.7525838
            ],
            [
              -9.1484946,
              38.752546099999996
            ],
            [
              -9.148587199999998,
              38.75271969999999
            ],
            [
              -9.148471099999998,
              38.7527574
            ]
          ]
        ]
      }
    },
    {
      "type": "Feature",
      "properties": {
        "area_id": "EUA_1_Pro",
        "osm_uid": "cea/98",
        "osmid": "98",
        "element_type": "cea_zone",
        "building": "yes",
        "cea_name": "B1098",
        "intersection_area_m2": 202.0044162388469,
        "is_residential": true,
        "residential_source": "cea",
        "radiation_sum_kwh_year": 321195.216546875,
        "radiation_sum": 321195.216546875,
        "radiation_point_count": 333.0,
        "use_type1": "MULTI_RES",
        "use_type2": "NONE",
        "use_type3": "NONE",
        "resi_type": null,
        "comparison_status": "matched",
        "validation_radiation_kwh_year": 321195.216546875,
        "ucea_radiation_kwh_year": 314817.5599999998,
        "workflow0_radiation_kwh_year": null,
        "validation_area_m2": 202.0044162388469,
        "ucea_roofs_top_m2": 203.71,
        "err_ucea_minus_validation_kwh_year": -6377.656546875194,
        "err_ucea_abs_kwh_year": 6377.656546875194,
        "err_ucea_pct_of_validation": -0.01985601347193302,
        "err_ucea_area_minus_validation_m2": 1.7055837611531217,
        "err_ucea_area_pct_of_validation": 0.008443299373893222,
        "err_workflow0_minus_validation_kwh_year": null,
        "err_workflow0_abs_kwh_year": null,
        "err_workflow0_pct_of_validation": null
      },
      "geometry": {
        "type": "Polygon",
        "coordinates": [
          [
            [
              -9.1487651,
              38.7526654
            ],
            [
              -9.148675199999998,
              38.7524987
            ],
            [
              -9.148781999999999,
              38.75246370000001
            ],
            [
              -9.148871899999998,
              38.752630399999994
            ],
            [
              -9.1487651,
              38.7526654
            ]
          ]
        ]
      }
    },
    {
      "type": "Feature",
      "properties": {
        "area_id": "EUA_1_Pro",
        "osm_uid": "cea/99",
        "osmid": "99",
        "element_type": "cea_zone",
        "building": "yes",
        "cea_name": "B1099",
        "intersection_area_m2": 252.26921306743066,
        "is_residential": true,
        "residential_source": "cea",
        "radiation_sum_kwh_year": 371355.7190625,
        "radiation_sum": 371355.7190625,
        "radiation_point_count": 417.0,
        "use_type1": "MULTI_RES",
        "use_type2": "NONE",
        "use_type3": "NONE",
        "resi_type": null,
        "comparison_status": "matched",
        "validation_radiation_kwh_year": 371355.7190625,
        "ucea_radiation_kwh_year": 400765.020000001,
        "workflow0_radiation_kwh_year": null,
        "validation_area_m2": 252.26921306743066,
        "ucea_roofs_top_m2": 255.56,
        "err_ucea_minus_validation_kwh_year": 29409.300937501015,
        "err_ucea_abs_kwh_year": 29409.300937501015,
        "err_ucea_pct_of_validation": 0.07919442041109744,
        "err_ucea_area_minus_validation_m2": 3.290786932569347,
        "err_ucea_area_pct_of_validation": 0.013044742529441083,
        "err_workflow0_minus_validation_kwh_year": null,
        "err_workflow0_abs_kwh_year": null,
        "err_workflow0_pct_of_validation": null
      },
      "geometry": {
        "type": "Polygon",
        "coordinates": [
          [
            [
              -9.148587199999998,
              38.75271969999999
            ],
            [
              -9.1486897,
              38.75291169999999
            ],
            [
              -9.148573499999998,
              38.752949399999984
            ],
            [
              -9.148471099999998,
              38.7527574
            ],
            [
              -9.148587199999998,
              38.75271969999999
            ]
          ]
        ]
      }
    },
    {
      "type": "Feature",
      "properties": {
        "area_id": "EUA_1_Pro",
        "osm_uid": "cea/100",
        "osmid": "100",
        "element_type": "cea_zone",
        "building": "yes",
        "cea_name": "B1100",
        "intersection_area_m2": 229.29124711328245,
        "is_residential": true,
        "residential_source": "cea",
        "radiation_sum_kwh_year": 366837.972015625,
        "radiation_sum": 366837.972015625,
        "radiation_point_count": 377.0,
        "use_type1": "MULTI_RES",
        "use_type2": "NONE",
        "use_type3": "NONE",
        "resi_type": null,
        "comparison_status": "matched",
        "validation_radiation_kwh_year": 366837.972015625,
        "ucea_radiation_kwh_year": 358641.3100000002,
        "workflow0_radiation_kwh_year": null,
        "validation_area_m2": 229.29124711328245,
        "ucea_roofs_top_m2": 232.73,
        "err_ucea_minus_validation_kwh_year": -8196.66201562481,
        "err_ucea_abs_kwh_year": 8196.66201562481,
        "err_ucea_pct_of_validation": -0.022344093689613147,
        "err_ucea_area_minus_validation_m2": 3.4387528867175376,
        "err_ucea_area_pct_of_validation": 0.014997314245574342,
        "err_workflow0_minus_validation_kwh_year": null,
        "err_workflow0_abs_kwh_year": null,
        "err_workflow0_pct_of_validation": null
      },
      "geometry": {
        "type": "Polygon",
        "coordinates": [
          [
            [
              -9.148871899999998,
              38.752630399999994
            ],
            [
              -9.148974000000003,
              38.75281959999998
            ],
            [
              -9.1488672,
              38.752854599999985
            ],
            [
              -9.1487651,
              38.7526654
            ],
            [
              -9.148871899999998,
              38.752630399999994
            ]
          ]
        ]
      }
    },
    {
      "type": "Feature",
      "properties": {
        "area_id": "EUA_1_Pro",
        "osm_uid": "cea/101",
        "osmid": "101",
        "element_type": "cea_zone",
        "building": "yes",
        "cea_name": "B1101",
        "intersection_area_m2": 182.37776185766984,
        "is_residential": true,
        "residential_source": "cea",
        "radiation_sum_kwh_year": 251883.0195,
        "radiation_sum": 251883.0195,
        "radiation_point_count": 301.0,
        "use_type1": "MULTI_RES",
        "use_type2": "NONE",
        "use_type3": "NONE",
        "resi_type": null,
        "comparison_status": "matched",
        "validation_radiation_kwh_year": 251883.0195,
        "ucea_radiation_kwh_year": 293462.7599999996,
        "workflow0_radiation_kwh_year": null,
        "validation_area_m2": 182.37776185766984,
        "ucea_roofs_top_m2": 186.36,
        "err_ucea_minus_validation_kwh_year": 41579.74049999961,
        "err_ucea_abs_kwh_year": 41579.74049999961,
        "err_ucea_pct_of_validation": 0.16507559970710772,
        "err_ucea_area_minus_validation_m2": 3.982238142330175,
        "err_ucea_area_pct_of_validation": 0.021835108084273833,
        "err_workflow0_minus_validation_kwh_year": null,
        "err_workflow0_abs_kwh_year": null,
        "err_workflow0_pct_of_validation": null
      },
      "geometry": {
        "type": "Polygon",
        "coordinates": [
          [
            [
              -9.148708599999999,
              38.75319469999999
            ],
            [
              -9.1488215,
              38.7531579
            ],
            [
              -9.148898000000003,
              38.753300499999995
            ],
            [
              -9.1487851,
              38.753337299999984
            ],
            [
              -9.148708599999999,
              38.75319469999999
            ]
          ]
        ]
      }
    },
    {
      "type": "Feature",
      "properties": {
        "area_id": "EUA_1_Pro",
        "osm_uid": "cea/102",
        "osmid": "102",
        "element_type": "cea_zone",
        "building": "yes",
        "cea_name": "B1102",
        "intersection_area_m2": 230.8582433570467,
        "is_residential": true,
        "residential_source": "cea",
        "radiation_sum_kwh_year": 362861.1919765625,
        "radiation_sum": 362861.1919765625,
        "radiation_point_count": 381.0,
        "use_type1": "MULTI_RES",
        "use_type2": "NONE",
        "use_type3": "NONE",
        "resi_type": null,
        "comparison_status": "matched",
        "validation_radiation_kwh_year": 362861.1919765625,
        "ucea_radiation_kwh_year": 345198.42999999964,
        "workflow0_radiation_kwh_year": null,
        "validation_area_m2": 230.8582433570467,
        "ucea_roofs_top_m2": 233.03,
        "err_ucea_minus_validation_kwh_year": -17662.761976562848,
        "err_ucea_abs_kwh_year": 17662.761976562848,
        "err_ucea_pct_of_validation": -0.048676359905976664,
        "err_ucea_area_minus_validation_m2": 2.171756642953312,
        "err_ucea_area_pct_of_validation": 0.009407316851122621,
        "err_workflow0_minus_validation_kwh_year": null,
        "err_workflow0_abs_kwh_year": null,
        "err_workflow0_pct_of_validation": null
      },
      "geometry": {
        "type": "Polygon",
        "coordinates": [
          [
            [
              -9.1492139,
              38.753147899999995
            ],
            [
              -9.1491127,
              38.7531811
            ],
            [
              -9.1490043,
              38.752980099999995
            ],
            [
              -9.149052,
              38.752964399999996
            ],
            [
              -9.1491055,
              38.75294689999998
            ],
            [
              -9.1492139,
              38.753147899999995
            ]
          ]
        ]
      }
    },
    {
      "type": "Feature",
      "properties": {
        "area_id": "EUA_1_Pro",
        "osm_uid": "cea/103",
        "osmid": "103",
        "element_type": "cea_zone",
        "building": "yes",
        "cea_name": "B1103",
        "intersection_area_m2": 189.9355324422919,
        "is_residential": true,
        "residential_source": "cea",
        "radiation_sum_kwh_year": 273788.4983125,
        "radiation_sum": 273788.4983125,
        "radiation_point_count": 314.0,
        "use_type1": "MULTI_RES",
        "use_type2": "NONE",
        "use_type3": "NONE",
        "resi_type": null,
        "comparison_status": "matched",
        "validation_radiation_kwh_year": 273788.4983125,
        "ucea_radiation_kwh_year": 307805.5500000001,
        "workflow0_radiation_kwh_year": null,
        "validation_area_m2": 189.9355324422919,
        "ucea_roofs_top_m2": 192.73,
        "err_ucea_minus_validation_kwh_year": 34017.05168750009,
        "err_ucea_abs_kwh_year": 34017.05168750009,
        "err_ucea_pct_of_validation": 0.12424572944869765,
        "err_ucea_area_minus_validation_m2": 2.7944675577080886,
        "err_ucea_area_pct_of_validation": 0.014712716055681321,
        "err_workflow0_minus_validation_kwh_year": null,
        "err_workflow0_abs_kwh_year": null,
        "err_workflow0_pct_of_validation": null
      },
      "geometry": {
        "type": "Polygon",
        "coordinates": [
          [
            [
              -9.148898000000003,
              38.753300499999995
            ],
            [
              -9.1489777,
              38.753448999999996
            ],
            [
              -9.1488648,
              38.75348579999999
            ],
            [
              -9.1487851,
              38.753337299999984
            ],
            [
              -9.148898000000003,
              38.753300499999995
            ]
          ]
        ]
      }
    },
    {
      "type": "Feature",
      "properties": {
        "area_id": "EUA_1_Pro",
        "osm_uid": "cea/104",
        "osmid": "104",
        "element_type": "cea_zone",
        "building": "yes",
        "cea_name": "B1104",
        "intersection_area_m2": 270.8078188346374,
        "is_residential": true,
        "residential_source": "cea",
        "radiation_sum_kwh_year": 394834.450546875,
        "radiation_sum": 394834.450546875,
        "radiation_point_count": 446.0,
        "use_type1": "MULTI_RES",
        "use_type2": "NONE",
        "use_type3": "NONE",
        "resi_type": null,
        "comparison_status": "matched",
        "validation_radiation_kwh_year": 394834.450546875,
        "ucea_radiation_kwh_year": 415794.120000001,
        "workflow0_radiation_kwh_year": null,
        "validation_area_m2": 270.8078188346374,
        "ucea_roofs_top_m2": 273.15,
        "err_ucea_minus_validation_kwh_year": 20959.66945312597,
        "err_ucea_abs_kwh_year": 20959.66945312597,
        "err_ucea_pct_of_validation": 0.05308470277630352,
        "err_ucea_area_minus_validation_m2": 2.3421811653626037,
        "err_ucea_area_pct_of_validation": 0.008648868320869285,
        "err_workflow0_minus_validation_kwh_year": null,
        "err_workflow0_abs_kwh_year": null,
        "err_workflow0_pct_of_validation": null
      },
      "geometry": {
        "type": "Polygon",
        "coordinates": [
          [
            [
              -9.1492139,
              38.753147899999995
            ],
            [
              -9.149341099999997,
              38.75338369999999
            ],
            [
              -9.1492399,
              38.75341689999999
            ],
            [
              -9.1491127,
              38.7531811
            ],
            [
              -9.1492139,
              38.753147899999995
            ]
          ]
        ]
      }
    },
    {
      "type": "Feature",
      "properties": {
        "area_id": "EUA_1_Pro",
        "osm_uid": "cea/105",
        "osmid": "105",
        "element_type": "cea_zone",
        "building": "yes",
        "cea_name": "B1105",
        "intersection_area_m2": 182.02623338301825,
        "is_residential": true,
        "residential_source": "cea",
        "radiation_sum_kwh_year": 266032.46115625,
        "radiation_sum": 266032.46115625,
        "radiation_point_count": 301.0,
        "use_type1": "MULTI_RES",
        "use_type2": "NONE",
        "use_type3": "NONE",
        "resi_type": null,
        "comparison_status": "matched",
        "validation_radiation_kwh_year": 266032.46115625,
        "ucea_radiation_kwh_year": 290476.94999999966,
        "workflow0_radiation_kwh_year": null,
        "validation_area_m2": 182.02623338301825,
        "ucea_roofs_top_m2": 185.01,
        "err_ucea_minus_validation_kwh_year": 24444.488843749685,
        "err_ucea_abs_kwh_year": 24444.488843749685,
        "err_ucea_pct_of_validation": 0.09188536142359184,
        "err_ucea_area_minus_validation_m2": 2.9837666169817396,
        "err_ucea_area_pct_of_validation": 0.016391959343043265,
        "err_workflow0_minus_validation_kwh_year": null,
        "err_workflow0_abs_kwh_year": null,
        "err_workflow0_pct_of_validation": null
      },
      "geometry": {
        "type": "Polygon",
        "coordinates": [
          [
            [
              -9.149006899999998,
              38.7537253
            ],
            [
              -9.1491207,
              38.75368879999999
            ],
            [
              -9.1491955,
              38.753830699999995
            ],
            [
              -9.149081699999998,
              38.7538672
            ],
            [
              -9.149006899999998,
              38.7537253
            ]
          ]
        ]
      }
    },
    {
      "type": "Feature",
      "properties": {
        "area_id": "EUA_1_Pro",
        "osm_uid": "cea/106",
        "osmid": "106",
        "element_type": "cea_zone",
        "building": "yes",
        "cea_name": "B1106",
        "intersection_area_m2": 161.54929316011675,
        "is_residential": true,
        "residential_source": "cea",
        "radiation_sum_kwh_year": 253201.16765625,
        "radiation_sum": 253201.16765625,
        "radiation_point_count": 266.0,
        "use_type1": "MULTI_RES",
        "use_type2": "NONE",
        "use_type3": "NONE",
        "resi_type": null,
        "comparison_status": "matched",
        "validation_radiation_kwh_year": 253201.16765625,
        "ucea_radiation_kwh_year": 247541.03000000052,
        "workflow0_radiation_kwh_year": null,
        "validation_area_m2": 161.54929316011675,
        "ucea_roofs_top_m2": 162.66,
        "err_ucea_minus_validation_kwh_year": -5660.137656249484,
        "err_ucea_abs_kwh_year": 5660.137656249484,
        "err_ucea_pct_of_validation": -0.022354311035144115,
        "err_ucea_area_minus_validation_m2": 1.1107068398832496,
        "err_ucea_area_pct_of_validation": 0.006875343235221661,
        "err_workflow0_minus_validation_kwh_year": null,
        "err_workflow0_abs_kwh_year": null,
        "err_workflow0_pct_of_validation": null
      },
      "geometry": {
        "type": "Polygon",
        "coordinates": [
          [
            [
              -9.1493667,
              38.75377040000001
            ],
            [
              -9.1492926,
              38.753633
            ],
            [
              -9.1493468,
              38.7536152
            ],
            [
              -9.149396199999998,
              38.753599
            ],
            [
              -9.1494703,
              38.75373640000001
            ],
            [
              -9.1493667,
              38.75377040000001
            ]
          ]
        ]
      }
    },
    {
      "type": "Feature",
      "properties": {
        "area_id": "EUA_1_Pro",
        "osm_uid": "cea/107",
        "osmid": "107",
        "element_type": "cea_zone",
        "building": "yes",
        "cea_name": "B1107",
        "intersection_area_m2": 228.00089313279236,
        "is_residential": true,
        "residential_source": "cea",
        "radiation_sum_kwh_year": 367895.84490625,
        "radiation_sum": 367895.84490625,
        "radiation_point_count": 374.0,
        "use_type1": "MULTI_RES",
        "use_type2": "NONE",
        "use_type3": "NONE",
        "resi_type": null,
        "comparison_status": "matched",
        "validation_radiation_kwh_year": 367895.84490625,
        "ucea_radiation_kwh_year": 362763.710000001,
        "workflow0_radiation_kwh_year": null,
        "validation_area_m2": 228.00089313279236,
        "ucea_roofs_top_m2": 230.86,
        "err_ucea_minus_validation_kwh_year": -5132.134906249004,
        "err_ucea_abs_kwh_year": 5132.134906249004,
        "err_ucea_pct_of_validation": -0.013949967028186506,
        "err_ucea_area_minus_validation_m2": 2.8591068672076574,
        "err_ucea_area_pct_of_validation": 0.012539893278148062,
        "err_workflow0_minus_validation_kwh_year": null,
        "err_workflow0_abs_kwh_year": null,
        "err_workflow0_pct_of_validation": null
      },
      "geometry": {
        "type": "Polygon",
        "coordinates": [
          [
            [
              -9.149175499999998,
              38.75404499999999
            ],
            [
              -9.149081699999998,
              38.7538672
            ],
            [
              -9.1491955,
              38.753830699999995
            ],
            [
              -9.1492892,
              38.75400849999998
            ],
            [
              -9.149175499999998,
              38.75404499999999
            ]
          ]
        ]
      }
    },
    {
      "type": "Feature",
      "properties": {
        "area_id": "EUA_1_Pro",
        "osm_uid": "cea/108",
        "osmid": "108",
        "element_type": "cea_zone",
        "building": "yes",
        "cea_name": "B1108",
        "intersection_area_m2": 214.3274098047559,
        "is_residential": true,
        "residential_source": "cea",
        "radiation_sum_kwh_year": 312395.910609375,
        "radiation_sum": 312395.910609375,
        "radiation_point_count": 354.0,
        "use_type1": "MULTI_RES",
        "use_type2": "NONE",
        "use_type3": "NONE",
        "resi_type": null,
        "comparison_status": "matched",
        "validation_radiation_kwh_year": 312395.910609375,
        "ucea_radiation_kwh_year": 316143.46000000014,
        "workflow0_radiation_kwh_year": null,
        "validation_area_m2": 214.3274098047559,
        "ucea_roofs_top_m2": 218.2,
        "err_ucea_minus_validation_kwh_year": 3747.5493906251504,
        "err_ucea_abs_kwh_year": 3747.5493906251504,
        "err_ucea_pct_of_validation": 0.011996153801485412,
        "err_ucea_area_minus_validation_m2": 3.8725901952441006,
        "err_ucea_area_pct_of_validation": 0.01806857181156569,
        "err_workflow0_minus_validation_kwh_year": null,
        "err_workflow0_abs_kwh_year": null,
        "err_workflow0_pct_of_validation": null
      },
      "geometry": {
        "type": "Polygon",
        "coordinates": [
          [
            [
              -9.149465,
              38.75395269999999
            ],
            [
              -9.1493667,
              38.75377040000001
            ],
            [
              -9.1494703,
              38.75373640000001
            ],
            [
              -9.1495686,
              38.75391870000001
            ],
            [
              -9.149465,
              38.75395269999999
            ]
          ]
        ]
      }
    },
    {
      "type": "Feature",
      "properties": {
        "area_id": "EUA_1_Pro",
        "osm_uid": "cea/109",
        "osmid": "109",
        "element_type": "cea_zone",
        "building": "yes",
        "cea_name": "B1109",
        "intersection_area_m2": 217.127566230635,
        "is_residential": true,
        "residential_source": "cea",
        "radiation_sum_kwh_year": 291734.9429765625,
        "radiation_sum": 291734.9429765625,
        "radiation_point_count": 358.0,
        "use_type1": "MULTI_RES",
        "use_type2": "NONE",
        "use_type3": "NONE",
        "resi_type": null,
        "comparison_status": "matched",
        "validation_radiation_kwh_year": 291734.9429765625,
        "ucea_radiation_kwh_year": 349084.0399999998,
        "workflow0_radiation_kwh_year": null,
        "validation_area_m2": 217.127566230635,
        "ucea_roofs_top_m2": 219.83,
        "err_ucea_minus_validation_kwh_year": 57349.09702343732,
        "err_ucea_abs_kwh_year": 57349.09702343732,
        "err_ucea_pct_of_validation": 0.1965794581831929,
        "err_ucea_area_minus_validation_m2": 2.702433769365001,
        "err_ucea_area_pct_of_validation": 0.012446295126315052,
        "err_workflow0_minus_validation_kwh_year": null,
        "err_workflow0_abs_kwh_year": null,
        "err_workflow0_pct_of_validation": null
      },
      "geometry": {
        "type": "Polygon",
        "coordinates": [
          [
            [
              -9.146988,
              38.749889299999985
            ],
            [
              -9.1470441,
              38.749870900000005
            ],
            [
              -9.147143700000003,
              38.7500559
            ],
            [
              -9.1470403,
              38.750089799999984
            ],
            [
              -9.1469406,
              38.7499049
            ],
            [
              -9.146988,
              38.749889299999985
            ]
          ]
        ]
      }
    },
    {
      "type": "Feature",
      "properties": {
        "area_id": "EUA_1_Pro",
        "osm_uid": "cea/110",
        "osmid": "110",
        "element_type": "cea_zone",
        "building": "yes",
        "cea_name": "B1110",
        "intersection_area_m2": 228.00033546864316,
        "is_residential": true,
        "residential_source": "cea",
        "radiation_sum_kwh_year": 71126.692375,
        "radiation_sum": 71126.692375,
        "radiation_point_count": 197.0,
        "use_type1": "MULTI_RES",
        "use_type2": "NONE",
        "use_type3": "NONE",
        "resi_type": null,
        "comparison_status": "matched",
        "validation_radiation_kwh_year": 71126.692375,
        "ucea_radiation_kwh_year": 360909.9899999998,
        "workflow0_radiation_kwh_year": null,
        "validation_area_m2": 228.00033546864316,
        "ucea_roofs_top_m2": 229.56,
        "err_ucea_minus_validation_kwh_year": 289783.29762499983,
        "err_ucea_abs_kwh_year": 289783.29762499983,
        "err_ucea_pct_of_validation": 4.074184921986538,
        "err_ucea_area_minus_validation_m2": 1.5596645313568445,
        "err_ucea_area_pct_of_validation": 0.006840623844482654,
        "err_workflow0_minus_validation_kwh_year": null,
        "err_workflow0_abs_kwh_year": null,
        "err_workflow0_pct_of_validation": null
      },
      "geometry": {
        "type": "Polygon",
        "coordinates": [
          [
            [
              -9.149175499999998,
              38.75404499999999
            ],
            [
              -9.1492892,
              38.75400849999998
            ],
            [
              -9.149383,
              38.75418630000001
            ],
            [
              -9.1492692,
              38.754222799999994
            ],
            [
              -9.149175499999998,
              38.75404499999999
            ]
          ]
        ]
      }
    },
    {
      "type": "Feature",
      "properties": {
        "area_id": "EUA_1_Pro",
        "osm_uid": "cea/111",
        "osmid": "111",
        "element_type": "cea_zone",
        "building": "yes",
        "cea_name": "B1111",
        "intersection_area_m2": 194.3621822900674,
        "is_residential": true,
        "residential_source": "cea",
        "radiation_sum_kwh_year": 230324.84575,
        "radiation_sum": 230324.84575,
        "radiation_point_count": 258.0,
        "use_type1": "MULTI_RES",
        "use_type2": "NONE",
        "use_type3": "NONE",
        "resi_type": null,
        "comparison_status": "matched",
        "validation_radiation_kwh_year": 230324.84575,
        "ucea_radiation_kwh_year": 286643.4799999995,
        "workflow0_radiation_kwh_year": null,
        "validation_area_m2": 194.3621822900674,
        "ucea_roofs_top_m2": 196.69,
        "err_ucea_minus_validation_kwh_year": 56318.63424999951,
        "err_ucea_abs_kwh_year": 56318.63424999951,
        "err_ucea_pct_of_validation": 0.24451827620511715,
        "err_ucea_area_minus_validation_m2": 2.3278177099325887,
        "err_ucea_area_pct_of_validation": 0.011976700829889522,
        "err_workflow0_minus_validation_kwh_year": null,
        "err_workflow0_abs_kwh_year": null,
        "err_workflow0_pct_of_validation": null
      },
      "geometry": {
        "type": "Polygon",
        "coordinates": [
          [
            [
              -9.1495542,
              38.754118
            ],
            [
              -9.149465,
              38.75395269999999
            ],
            [
              -9.1495686,
              38.75391870000001
            ],
            [
              -9.1496578,
              38.754084000000006
            ],
            [
              -9.1495542,
              38.754118
            ]
          ]
        ]
      }
    },
    {
      "type": "Feature",
      "properties": {
        "area_id": "EUA_1_Pro",
        "osm_uid": "cea/113",
        "osmid": "113",
        "element_type": "cea_zone",
        "building": "yes",
        "cea_name": "B1113",
        "intersection_area_m2": 249.443313773792,
        "is_residential": true,
        "residential_source": "cea",
        "radiation_sum_kwh_year": 433524.723625,
        "radiation_sum": 433524.723625,
        "radiation_point_count": 411.0,
        "use_type1": "MULTI_RES",
        "use_type2": "NONE",
        "use_type3": "NONE",
        "resi_type": null,
        "comparison_status": "matched",
        "validation_radiation_kwh_year": 433524.723625,
        "ucea_radiation_kwh_year": 401081.7699999991,
        "workflow0_radiation_kwh_year": null,
        "validation_area_m2": 249.443313773792,
        "ucea_roofs_top_m2": 259.0,
        "err_ucea_minus_validation_kwh_year": -32442.953625000897,
        "err_ucea_abs_kwh_year": 32442.953625000897,
        "err_ucea_pct_of_validation": -0.074835302018586,
        "err_ucea_area_minus_validation_m2": 9.556686226208,
        "err_ucea_area_pct_of_validation": 0.0383120560805029,
        "err_workflow0_minus_validation_kwh_year": null,
        "err_workflow0_abs_kwh_year": null,
        "err_workflow0_pct_of_validation": null
      },
      "geometry": {
        "type": "Polygon",
        "coordinates": [
          [
            [
              -9.1476331,
              38.7501664
            ],
            [
              -9.147742599999999,
              38.750368699999996
            ],
            [
              -9.1476324,
              38.750401899999986
            ],
            [
              -9.1475234,
              38.75020189999999
            ],
            [
              -9.1476331,
              38.7501664
            ]
          ]
        ]
      }
    },
    {
      "type": "Feature",
      "properties": {
        "area_id": "EUA_1_Pro",
        "osm_uid": "cea/114",
        "osmid": "114",
        "element_type": "cea_zone",
        "building": "yes",
        "cea_name": "B1114",
        "intersection_area_m2": 189.8420517087396,
        "is_residential": true,
        "residential_source": "cea",
        "radiation_sum_kwh_year": 257908.26643750002,
        "radiation_sum": 257908.26643750002,
        "radiation_point_count": 313.0,
        "use_type1": "MULTI_RES",
        "use_type2": "NONE",
        "use_type3": "NONE",
        "resi_type": null,
        "comparison_status": "matched",
        "validation_radiation_kwh_year": 257908.26643750002,
        "ucea_radiation_kwh_year": 306836.57999999955,
        "workflow0_radiation_kwh_year": null,
        "validation_area_m2": 189.8420517087396,
        "ucea_roofs_top_m2": 192.99,
        "err_ucea_minus_validation_kwh_year": 48928.313562499534,
        "err_ucea_abs_kwh_year": 48928.313562499534,
        "err_ucea_pct_of_validation": 0.18971207956359373,
        "err_ucea_area_minus_validation_m2": 3.1479482912604055,
        "err_ucea_area_pct_of_validation": 0.01658193357544442,
        "err_workflow0_minus_validation_kwh_year": null,
        "err_workflow0_abs_kwh_year": null,
        "err_workflow0_pct_of_validation": null
      },
      "geometry": {
        "type": "Polygon",
        "coordinates": [
          [
            [
              -9.1472892,
              38.750555199999994
            ],
            [
              -9.1472835,
              38.75054489999999
            ],
            [
              -9.1472951,
              38.75054109999999
            ],
            [
              -9.1473295,
              38.750529599999986
            ],
            [
              -9.1473913,
              38.7505093
            ],
            [
              -9.147475499999999,
              38.75066429999999
            ],
            [
              -9.147367799999998,
              38.75069979999999
            ],
            [
              -9.1472892,
              38.750555199999994
            ]
          ]
        ]
      }
    },
    {
      "type": "Feature",
      "properties": {
        "area_id": "EUA_1_Pro",
        "osm_uid": "cea/115",
        "osmid": "115",
        "element_type": "cea_zone",
        "building": "yes",
        "cea_name": "B1115",
        "intersection_area_m2": 156.63172932768933,
        "is_residential": true,
        "residential_source": "cea",
        "radiation_sum_kwh_year": 295363.976859375,
        "radiation_sum": 295363.976859375,
        "radiation_point_count": 259.0,
        "use_type1": "MULTI_RES",
        "use_type2": "NONE",
        "use_type3": "NONE",
        "resi_type": null,
        "comparison_status": "matched",
        "validation_radiation_kwh_year": 295363.976859375,
        "ucea_radiation_kwh_year": 252720.4300000003,
        "workflow0_radiation_kwh_year": null,
        "validation_area_m2": 156.63172932768933,
        "ucea_roofs_top_m2": 160.22,
        "err_ucea_minus_validation_kwh_year": -42643.54685937471,
        "err_ucea_abs_kwh_year": 42643.54685937471,
        "err_ucea_pct_of_validation": -0.1443762618339799,
        "err_ucea_area_minus_validation_m2": 3.5882706723106708,
        "err_ucea_area_pct_of_validation": 0.022908964152490763,
        "err_workflow0_minus_validation_kwh_year": null,
        "err_workflow0_abs_kwh_year": null,
        "err_workflow0_pct_of_validation": null
      },
      "geometry": {
        "type": "Polygon",
        "coordinates": [
          [
            [
              -9.146750699999998,
              38.7503951
            ],
            [
              -9.146940799999998,
              38.7503328
            ],
            [
              -9.14698,
              38.7504054
            ],
            [
              -9.146789799999999,
              38.7504677
            ],
            [
              -9.146750699999998,
              38.7503951
            ]
          ]
        ]
      }
    },
    {
      "type": "Feature",
      "properties": {
        "area_id": "EUA_1_Pro",
        "osm_uid": "cea/116",
        "osmid": "116",
        "element_type": "cea_zone",
        "building": "yes",
        "cea_name": "B1116",
        "intersection_area_m2": 146.53470417120252,
        "is_residential": true,
        "residential_source": "cea",
        "radiation_sum_kwh_year": 137950.265859375,
        "radiation_sum": 137950.265859375,
        "radiation_point_count": 240.0,
        "use_type1": "MULTI_RES",
        "use_type2": "NONE",
        "use_type3": "NONE",
        "resi_type": null,
        "comparison_status": "matched",
        "validation_radiation_kwh_year": 137950.265859375,
        "ucea_radiation_kwh_year": 234767.92,
        "workflow0_radiation_kwh_year": null,
        "validation_area_m2": 146.53470417120252,
        "ucea_roofs_top_m2": 148.17,
        "err_ucea_minus_validation_kwh_year": 96817.654140625,
        "err_ucea_abs_kwh_year": 96817.654140625,
        "err_ucea_pct_of_validation": 0.7018301381116573,
        "err_ucea_area_minus_validation_m2": 1.6352958287974673,
        "err_ucea_area_pct_of_validation": 0.011159785240272392,
        "err_workflow0_minus_validation_kwh_year": null,
        "err_workflow0_abs_kwh_year": null,
        "err_workflow0_pct_of_validation": null
      },
      "geometry": {
        "type": "Polygon",
        "coordinates": [
          [
            [
              -9.1464316,
              38.7499724
            ],
            [
              -9.146509199999999,
              38.7499469
            ],
            [
              -9.1465988,
              38.750113199999994
            ],
            [
              -9.146521099999998,
              38.75013869999999
            ],
            [
              -9.1464316,
              38.7499724
            ]
          ]
        ]
      }
    },
    {
      "type": "Feature",
      "properties": {
        "area_id": "EUA_1_Pro",
        "osm_uid": "cea/117",
        "osmid": "117",
        "element_type": "cea_zone",
        "building": "yes",
        "cea_name": "B1117",
        "intersection_area_m2": 125.02525170775829,
        "is_residential": true,
        "residential_source": "cea",
        "radiation_sum_kwh_year": 147512.66846875,
        "radiation_sum": 147512.66846875,
        "radiation_point_count": 206.0,
        "use_type1": "MULTI_RES",
        "use_type2": "NONE",
        "use_type3": "NONE",
        "resi_type": null,
        "comparison_status": "matched",
        "validation_radiation_kwh_year": 147512.66846875,
        "ucea_radiation_kwh_year": 201311.6599999999,
        "workflow0_radiation_kwh_year": null,
        "validation_area_m2": 125.02525170775829,
        "ucea_roofs_top_m2": 126.2,
        "err_ucea_minus_validation_kwh_year": 53798.99153124989,
        "err_ucea_abs_kwh_year": 53798.99153124989,
        "err_ucea_pct_of_validation": 0.36470760165691807,
        "err_ucea_area_minus_validation_m2": 1.1747482922417163,
        "err_ucea_area_pct_of_validation": 0.009396088199747401,
        "err_workflow0_minus_validation_kwh_year": null,
        "err_workflow0_abs_kwh_year": null,
        "err_workflow0_pct_of_validation": null
      },
      "geometry": {
        "type": "Polygon",
        "coordinates": [
          [
            [
              -9.146597499999999,
              38.750280499999995
            ],
            [
              -9.146521099999998,
              38.75013869999999
            ],
            [
              -9.1465988,
              38.750113199999994
            ],
            [
              -9.1466752,
              38.750255
            ],
            [
              -9.146597499999999,
              38.750280499999995
            ]
          ]
        ]
      }
    },
    {
      "type": "Feature",
      "properties": {
        "area_id": "EUA_1_Pro",
        "osm_uid": "cea/118",
        "osmid": "118",
        "element_type": "cea_zone",
        "building": "yes",
        "cea_name": "B1118",
        "intersection_area_m2": 143.79446984026313,
        "is_residential": true,
        "residential_source": "cea",
        "radiation_sum_kwh_year": 218112.37403125002,
        "radiation_sum": 218112.37403125002,
        "radiation_point_count": 237.0,
        "use_type1": "MULTI_RES",
        "use_type2": "NONE",
        "use_type3": "NONE",
        "resi_type": null,
        "comparison_status": "matched",
        "validation_radiation_kwh_year": 218112.37403125002,
        "ucea_radiation_kwh_year": 232885.22000000026,
        "workflow0_radiation_kwh_year": null,
        "validation_area_m2": 143.79446984026313,
        "ucea_roofs_top_m2": 144.83,
        "err_ucea_minus_validation_kwh_year": 14772.845968750247,
        "err_ucea_abs_kwh_year": 14772.845968750247,
        "err_ucea_pct_of_validation": 0.06773043498501222,
        "err_ucea_area_minus_validation_m2": 1.0355301597368793,
        "err_ucea_area_pct_of_validation": 0.007201460257040608,
        "err_workflow0_minus_validation_kwh_year": null,
        "err_workflow0_abs_kwh_year": null,
        "err_workflow0_pct_of_validation": null
      },
      "geometry": {
        "type": "Polygon",
        "coordinates": [
          [
            [
              -9.1478584,
              38.753866699999996
            ],
            [
              -9.1479427,
              38.7538394
            ],
            [
              -9.1480231,
              38.75399009999999
            ],
            [
              -9.1479387,
              38.7540175
            ],
            [
              -9.1478584,
              38.753866699999996
            ]
          ]
        ]
      }
    },
    {
      "type": "Feature",
      "properties": {
        "area_id": "EUA_1_Pro",
        "osm_uid": "cea/119",
        "osmid": "119",
        "element_type": "cea_zone",
        "building": "yes",
        "cea_name": "B1119",
        "intersection_area_m2": 139.47900079617625,
        "is_residential": true,
        "residential_source": "cea",
        "radiation_sum_kwh_year": 186360.4886875,
        "radiation_sum": 186360.4886875,
        "radiation_point_count": 230.0,
        "use_type1": "MULTI_RES",
        "use_type2": "NONE",
        "use_type3": "NONE",
        "resi_type": null,
        "comparison_status": "matched",
        "validation_radiation_kwh_year": 186360.4886875,
        "ucea_radiation_kwh_year": 227478.9499999994,
        "workflow0_radiation_kwh_year": null,
        "validation_area_m2": 139.47900079617625,
        "ucea_roofs_top_m2": 141.36,
        "err_ucea_minus_validation_kwh_year": 41118.46131249939,
        "err_ucea_abs_kwh_year": 41118.46131249939,
        "err_ucea_pct_of_validation": 0.2206393726593473,
        "err_ucea_area_minus_validation_m2": 1.8809992038237624,
        "err_ucea_area_pct_of_validation": 0.013485895318195662,
        "err_workflow0_minus_validation_kwh_year": null,
        "err_workflow0_abs_kwh_year": null,
        "err_workflow0_pct_of_validation": null
      },
      "geometry": {
        "type": "Polygon",
        "coordinates": [
          [
            [
              -9.1475763,
              38.753337399999985
            ],
            [
              -9.1476603,
              38.75331129999999
            ],
            [
              -9.147736199999999,
              38.75346
            ],
            [
              -9.147652299999999,
              38.75348609999998
            ],
            [
              -9.1475763,
              38.753337399999985
            ]
          ]
        ]
      }
    },
    {
      "type": "Feature",
      "properties": {
        "area_id": "EUA_1_Pro",
        "osm_uid": "cea/120",
        "osmid": "120",
        "element_type": "cea_zone",
        "building": "yes",
        "cea_name": "B1120",
        "intersection_area_m2": 127.65413573463212,
        "is_residential": true,
        "residential_source": "cea",
        "radiation_sum_kwh_year": 240679.458125,
        "radiation_sum": 240679.458125,
        "radiation_point_count": 210.0,
        "use_type1": "MULTI_RES",
        "use_type2": "NONE",
        "use_type3": "NONE",
        "resi_type": null,
        "comparison_status": "matched",
        "validation_radiation_kwh_year": 240679.458125,
        "ucea_radiation_kwh_year": 203026.89,
        "workflow0_radiation_kwh_year": null,
        "validation_area_m2": 127.65413573463212,
        "ucea_roofs_top_m2": 130.07,
        "err_ucea_minus_validation_kwh_year": -37652.56812499999,
        "err_ucea_abs_kwh_year": 37652.56812499999,
        "err_ucea_pct_of_validation": -0.15644279914177237,
        "err_ucea_area_minus_validation_m2": 2.4158642653678726,
        "err_ucea_area_pct_of_validation": 0.018925076351540854,
        "err_workflow0_minus_validation_kwh_year": null,
        "err_workflow0_abs_kwh_year": null,
        "err_workflow0_pct_of_validation": null
      },
      "geometry": {
        "type": "Polygon",
        "coordinates": [
          [
            [
              -9.1488759,
              38.75378959999999
            ],
            [
              -9.1489096,
              38.75385219999999
            ],
            [
              -9.1487297,
              38.75391110000001
            ],
            [
              -9.148696,
              38.75384859999999
            ],
            [
              -9.1488759,
              38.75378959999999
            ]
          ]
        ]
      }
    },
    {
      "type": "Feature",
      "properties": {
        "area_id": "EUA_1_Pro",
        "osm_uid": "cea/121",
        "osmid": "121",
        "element_type": "cea_zone",
        "building": "yes",
        "cea_name": "B1121",
        "intersection_area_m2": 148.16769408835682,
        "is_residential": true,
        "residential_source": "cea",
        "radiation_sum_kwh_year": 264275.81990625,
        "radiation_sum": 264275.81990625,
        "radiation_point_count": 244.0,
        "use_type1": "MULTI_RES",
        "use_type2": "NONE",
        "use_type3": "NONE",
        "resi_type": null,
        "comparison_status": "matched",
        "validation_radiation_kwh_year": 264275.81990625,
        "ucea_radiation_kwh_year": 236674.7499999998,
        "workflow0_radiation_kwh_year": null,
        "validation_area_m2": 148.16769408835682,
        "ucea_roofs_top_m2": 151.08,
        "err_ucea_minus_validation_kwh_year": -27601.069906250195,
        "err_ucea_abs_kwh_year": 27601.069906250195,
        "err_ucea_pct_of_validation": -0.10444039078581417,
        "err_ucea_area_minus_validation_m2": 2.9123059116431875,
        "err_ucea_area_pct_of_validation": 0.019655471657043486,
        "err_workflow0_minus_validation_kwh_year": null,
        "err_workflow0_abs_kwh_year": null,
        "err_workflow0_pct_of_validation": null
      },
      "geometry": {
        "type": "Polygon",
        "coordinates": [
          [
            [
              -9.1485972,
              38.753253599999994
            ],
            [
              -9.1486341,
              38.7533226
            ],
            [
              -9.1484445,
              38.75338430000001
            ],
            [
              -9.148407599999999,
              38.7533152
            ],
            [
              -9.1485972,
              38.753253599999994
            ]
          ]
        ]
      }
    },
    {
      "type": "Feature",
      "properties": {
        "area_id": "EUA_1_Pro",
        "osm_uid": "cea/122",
        "osmid": "122",
        "element_type": "cea_zone",
        "building": "yes",
        "cea_name": "B1122",
        "intersection_area_m2": 141.79370283079987,
        "is_residential": true,
        "residential_source": "cea",
        "radiation_sum_kwh_year": 77609.471,
        "radiation_sum": 77609.471,
        "radiation_point_count": 196.0,
        "use_type1": "MULTI_RES",
        "use_type2": "NONE",
        "use_type3": "NONE",
        "resi_type": null,
        "comparison_status": "matched",
        "validation_radiation_kwh_year": 77609.471,
        "ucea_radiation_kwh_year": 229836.64999999982,
        "workflow0_radiation_kwh_year": null,
        "validation_area_m2": 141.79370283079987,
        "ucea_roofs_top_m2": 143.18,
        "err_ucea_minus_validation_kwh_year": 152227.17899999983,
        "err_ucea_abs_kwh_year": 152227.17899999983,
        "err_ucea_pct_of_validation": 1.961451057951417,
        "err_ucea_area_minus_validation_m2": 1.3862971692001338,
        "err_ucea_area_pct_of_validation": 0.009776859913549051,
        "err_workflow0_minus_validation_kwh_year": null,
        "err_workflow0_abs_kwh_year": null,
        "err_workflow0_pct_of_validation": null
      },
      "geometry": {
        "type": "Polygon",
        "coordinates": [
          [
            [
              -9.1481023,
              38.75413869999999
            ],
            [
              -9.148018,
              38.7541661
            ],
            [
              -9.1479387,
              38.7540175
            ],
            [
              -9.1480231,
              38.75399009999999
            ],
            [
              -9.1481023,
              38.75413869999999
            ]
          ]
        ]
      }
    },
    {
      "type": "Feature",
      "properties": {
        "area_id": "EUA_1_Pro",
        "osm_uid": "cea/123",
        "osmid": "123",
        "element_type": "cea_zone",
        "building": "yes",
        "cea_name": "B1123",
        "intersection_area_m2": 136.3327818125497,
        "is_residential": true,
        "residential_source": "cea",
        "radiation_sum_kwh_year": 210413.12689062502,
        "radiation_sum": 210413.12689062502,
        "radiation_point_count": 226.0,
        "use_type1": "MULTI_RES",
        "use_type2": "NONE",
        "use_type3": "NONE",
        "resi_type": null,
        "comparison_status": "matched",
        "validation_radiation_kwh_year": 210413.12689062502,
        "ucea_radiation_kwh_year": 222822.99999999974,
        "workflow0_radiation_kwh_year": null,
        "validation_area_m2": 136.3327818125497,
        "ucea_roofs_top_m2": 139.51,
        "err_ucea_minus_validation_kwh_year": 12409.87310937472,
        "err_ucea_abs_kwh_year": 12409.87310937472,
        "err_ucea_pct_of_validation": 0.058978606956520845,
        "err_ucea_area_minus_validation_m2": 3.177218187450279,
        "err_ucea_area_pct_of_validation": 0.02330487315823119,
        "err_workflow0_minus_validation_kwh_year": null,
        "err_workflow0_abs_kwh_year": null,
        "err_workflow0_pct_of_validation": null
      },
      "geometry": {
        "type": "Polygon",
        "coordinates": [
          [
            [
              -9.148034599999999,
              38.75387959999999
            ],
            [
              -9.1480024,
              38.75381939999998
            ],
            [
              -9.1482025,
              38.753754400000005
            ],
            [
              -9.1482115,
              38.753771199999996
            ],
            [
              -9.1482347,
              38.753814599999984
            ],
            [
              -9.148034599999999,
              38.75387959999999
            ]
          ]
        ]
      }
    },
    {
      "type": "Feature",
      "properties": {
        "area_id": "EUA_1_Pro",
        "osm_uid": "cea/124",
        "osmid": "124",
        "element_type": "cea_zone",
        "building": "yes",
        "cea_name": "B1124",
        "intersection_area_m2": 145.95654489301546,
        "is_residential": true,
        "residential_source": "cea",
        "radiation_sum_kwh_year": 250798.94418750002,
        "radiation_sum": 250798.94418750002,
        "radiation_point_count": 241.0,
        "use_type1": "MULTI_RES",
        "use_type2": "NONE",
        "use_type3": "NONE",
        "resi_type": null,
        "comparison_status": "matched",
        "validation_radiation_kwh_year": 250798.94418750002,
        "ucea_radiation_kwh_year": 236971.8999999995,
        "workflow0_radiation_kwh_year": null,
        "validation_area_m2": 145.95654489301546,
        "ucea_roofs_top_m2": 148.93,
        "err_ucea_minus_validation_kwh_year": -13827.04418750052,
        "err_ucea_abs_kwh_year": 13827.04418750052,
        "err_ucea_pct_of_validation": -0.0551319872270406,
        "err_ucea_area_minus_validation_m2": 2.973455106984545,
        "err_ucea_area_pct_of_validation": 0.020372194403231833,
        "err_workflow0_minus_validation_kwh_year": null,
        "err_workflow0_abs_kwh_year": null,
        "err_workflow0_pct_of_validation": null
      },
      "geometry": {
        "type": "Polygon",
        "coordinates": [
          [
            [
              -9.147747899999999,
              38.753348
            ],
            [
              -9.1477113,
              38.753281799999996
            ],
            [
              -9.1479042,
              38.75321689999999
            ],
            [
              -9.1479202,
              38.75324579999998
            ],
            [
              -9.1479408,
              38.753282999999996
            ],
            [
              -9.147747899999999,
              38.753348
            ]
          ]
        ]
      }
    },
    {
      "type": "Feature",
      "properties": {
        "area_id": "EUA_1_Pro",
        "osm_uid": "cea/125",
        "osmid": "125",
        "element_type": "cea_zone",
        "building": "yes",
        "cea_name": "B1125",
        "intersection_area_m2": 145.93768400693355,
        "is_residential": true,
        "residential_source": "cea",
        "radiation_sum_kwh_year": 232032.4514375,
        "radiation_sum": 232032.4514375,
        "radiation_point_count": 198.0,
        "use_type1": "MULTI_RES",
        "use_type2": "NONE",
        "use_type3": "NONE",
        "resi_type": null,
        "comparison_status": "matched",
        "validation_radiation_kwh_year": 232032.4514375,
        "ucea_radiation_kwh_year": 232868.14999999985,
        "workflow0_radiation_kwh_year": null,
        "validation_area_m2": 145.93768400693355,
        "ucea_roofs_top_m2": 148.11,
        "err_ucea_minus_validation_kwh_year": 835.6985624998342,
        "err_ucea_abs_kwh_year": 835.6985624998342,
        "err_ucea_pct_of_validation": 0.003601645189379629,
        "err_ucea_area_minus_validation_m2": 2.172315993066462,
        "err_ucea_area_pct_of_validation": 0.014885230006550294,
        "err_workflow0_minus_validation_kwh_year": null,
        "err_workflow0_abs_kwh_year": null,
        "err_workflow0_pct_of_validation": null
      },
      "geometry": {
        "type": "Polygon",
        "coordinates": [
          [
            [
              -9.1483665,
              38.75405809999999
            ],
            [
              -9.1481736,
              38.7541213
            ],
            [
              -9.1481377,
              38.754054599999996
            ],
            [
              -9.148330599999998,
              38.753991400000004
            ],
            [
              -9.148353699999998,
              38.7540343
            ],
            [
              -9.1483665,
              38.75405809999999
            ]
          ]
        ]
      }
    },
    {
      "type": "Feature",
      "properties": {
        "area_id": "EUA_1_Pro",
        "osm_uid": "cea/126",
        "osmid": "126",
        "element_type": "cea_zone",
        "building": "yes",
        "cea_name": "B1126",
        "intersection_area_m2": 151.7642404553967,
        "is_residential": true,
        "residential_source": "cea",
        "radiation_sum_kwh_year": 237129.74965625,
        "radiation_sum": 237129.74965625,
        "radiation_point_count": 250.0,
        "use_type1": "MULTI_RES",
        "use_type2": "NONE",
        "use_type3": "NONE",
        "resi_type": null,
        "comparison_status": "matched",
        "validation_radiation_kwh_year": 237129.74965625,
        "ucea_radiation_kwh_year": 246106.94999999946,
        "workflow0_radiation_kwh_year": null,
        "validation_area_m2": 151.7642404553967,
        "ucea_roofs_top_m2": 154.86,
        "err_ucea_minus_validation_kwh_year": 8977.200343749457,
        "err_ucea_abs_kwh_year": 8977.200343749457,
        "err_ucea_pct_of_validation": 0.0378577565942825,
        "err_ucea_area_minus_validation_m2": 3.095759544603311,
        "err_ucea_area_pct_of_validation": 0.020398478161350205,
        "err_workflow0_minus_validation_kwh_year": null,
        "err_workflow0_abs_kwh_year": null,
        "err_workflow0_pct_of_validation": null
      },
      "geometry": {
        "type": "Polygon",
        "coordinates": [
          [
            [
              -9.148076,
              38.75353019999999
            ],
            [
              -9.147885899999999,
              38.753591899999996
            ],
            [
              -9.1478482,
              38.75352139999999
            ],
            [
              -9.148038299999998,
              38.7534596
            ],
            [
              -9.148064099999997,
              38.753507899999995
            ],
            [
              -9.148076,
              38.75353019999999
            ]
          ]
        ]
      }
    },
    {
      "type": "Feature",
      "properties": {
        "area_id": "EUA_1_Pro",
        "osm_uid": "cea/127",
        "osmid": "127",
        "element_type": "cea_zone",
        "building": "yes",
        "cea_name": "B1127",
        "intersection_area_m2": 137.8308719755337,
        "is_residential": true,
        "residential_source": "cea",
        "radiation_sum_kwh_year": 255457.77089062502,
        "radiation_sum": 255457.77089062502,
        "radiation_point_count": 227.0,
        "use_type1": "MULTI_RES",
        "use_type2": "NONE",
        "use_type3": "NONE",
        "resi_type": null,
        "comparison_status": "matched",
        "validation_radiation_kwh_year": 255457.77089062502,
        "ucea_radiation_kwh_year": 221592.99000000046,
        "workflow0_radiation_kwh_year": null,
        "validation_area_m2": 137.8308719755337,
        "ucea_roofs_top_m2": 137.83,
        "err_ucea_minus_validation_kwh_year": -33864.78089062456,
        "err_ucea_abs_kwh_year": 33864.78089062456,
        "err_ucea_pct_of_validation": -0.13256508413331403,
        "err_ucea_area_minus_validation_m2": -0.0008719755336983326,
        "err_ucea_area_pct_of_validation": -6.32641672507968e-06,
        "err_workflow0_minus_validation_kwh_year": null,
        "err_workflow0_abs_kwh_year": null,
        "err_workflow0_pct_of_validation": null
      },
      "geometry": {
        "type": "Polygon",
        "coordinates": [
          [
            [
              -9.1486247,
              38.7537129
            ],
            [
              -9.148436199999999,
              38.7537741
            ],
            [
              -9.1484016,
              38.753709499999985
            ],
            [
              -9.1485902,
              38.753648299999995
            ],
            [
              -9.1486247,
              38.7537129
            ]
          ]
        ]
      }
    },
    {
      "type": "Feature",
      "properties": {
        "area_id": "EUA_1_Pro",
        "osm_uid": "cea/128",
        "osmid": "128",
        "element_type": "cea_zone",
        "building": "yes",
        "cea_name": "B1128",
        "intersection_area_m2": 135.82342391539532,
        "is_residential": true,
        "residential_source": "cea",
        "radiation_sum_kwh_year": 260934.712765625,
        "radiation_sum": 260934.712765625,
        "radiation_point_count": 223.0,
        "use_type1": "MULTI_RES",
        "use_type2": "NONE",
        "use_type3": "NONE",
        "resi_type": null,
        "comparison_status": "matched",
        "validation_radiation_kwh_year": 260934.712765625,
        "ucea_radiation_kwh_year": 218597.08000000002,
        "workflow0_radiation_kwh_year": null,
        "validation_area_m2": 135.82342391539532,
        "ucea_roofs_top_m2": 135.82,
        "err_ucea_minus_validation_kwh_year": -42337.63276562499,
        "err_ucea_abs_kwh_year": 42337.63276562499,
        "err_ucea_pct_of_validation": -0.1622537389406415,
        "err_ucea_area_minus_validation_m2": -0.0034239153953308232,
        "err_ucea_area_pct_of_validation": -2.5208578142335644e-05,
        "err_workflow0_minus_validation_kwh_year": null,
        "err_workflow0_abs_kwh_year": null,
        "err_workflow0_pct_of_validation": null
      },
      "geometry": {
        "type": "Polygon",
        "coordinates": [
          [
            [
              -9.1483321,
              38.7531828
            ],
            [
              -9.148145999999999,
              38.753245499999984
            ],
            [
              -9.148110699999998,
              38.753181700000006
            ],
            [
              -9.1482968,
              38.753119
            ],
            [
              -9.1483321,
              38.7531828
            ]
          ]
        ]
      }
    },
    {
      "type": "Feature",
      "properties": {
        "area_id": "EUA_1_Pro",
        "osm_uid": "cea/129",
        "osmid": "129",
        "element_type": "cea_zone",
        "building": "yes",
        "cea_name": "B1129",
        "intersection_area_m2": 132.79032692397885,
        "is_residential": true,
        "residential_source": "cea",
        "radiation_sum_kwh_year": 258813.975453125,
        "radiation_sum": 258813.975453125,
        "radiation_point_count": 220.0,
        "use_type1": "MULTI_RES",
        "use_type2": "NONE",
        "use_type3": "NONE",
        "resi_type": null,
        "comparison_status": "matched",
        "validation_radiation_kwh_year": 258813.975453125,
        "ucea_radiation_kwh_year": 211286.80999999985,
        "workflow0_radiation_kwh_year": null,
        "validation_area_m2": 132.79032692397885,
        "ucea_roofs_top_m2": 132.79,
        "err_ucea_minus_validation_kwh_year": -47527.16545312514,
        "err_ucea_abs_kwh_year": 47527.16545312514,
        "err_ucea_pct_of_validation": -0.18363446320823973,
        "err_ucea_area_minus_validation_m2": -0.0003269239788608047,
        "err_ucea_area_pct_of_validation": -2.4619562767396864e-06,
        "err_workflow0_minus_validation_kwh_year": null,
        "err_workflow0_abs_kwh_year": null,
        "err_workflow0_pct_of_validation": null
      },
      "geometry": {
        "type": "Polygon",
        "coordinates": [
          [
            [
              -9.1487297,
              38.75391110000001
            ],
            [
              -9.1485424,
              38.753972399999995
            ],
            [
              -9.1485087,
              38.75390989999999
            ],
            [
              -9.148696,
              38.75384859999999
            ],
            [
              -9.1487297,
              38.75391110000001
            ]
          ]
        ]
      }
    },
    {
      "type": "Feature",
      "properties": {
        "area_id": "EUA_1_Pro",
        "osm_uid": "cea/130",
        "osmid": "130",
        "element_type": "cea_zone",
        "building": "yes",
        "cea_name": "B1130",
        "intersection_area_m2": 144.94475128156424,
        "is_residential": true,
        "residential_source": "cea",
        "radiation_sum_kwh_year": 267095.011453125,
        "radiation_sum": 267095.011453125,
        "radiation_point_count": 239.0,
        "use_type1": "MULTI_RES",
        "use_type2": "NONE",
        "use_type3": "NONE",
        "resi_type": null,
        "comparison_status": "matched",
        "validation_radiation_kwh_year": 267095.011453125,
        "ucea_radiation_kwh_year": 234839.41000000035,
        "workflow0_radiation_kwh_year": null,
        "validation_area_m2": 144.94475128156424,
        "ucea_roofs_top_m2": 149.86,
        "err_ucea_minus_validation_kwh_year": -32255.601453124633,
        "err_ucea_abs_kwh_year": 32255.601453124633,
        "err_ucea_pct_of_validation": -0.12076452224861366,
        "err_ucea_area_minus_validation_m2": 4.915248718435777,
        "err_ucea_area_pct_of_validation": 0.033911188055975885,
        "err_workflow0_minus_validation_kwh_year": null,
        "err_workflow0_abs_kwh_year": null,
        "err_workflow0_pct_of_validation": null
      },
      "geometry": {
        "type": "Polygon",
        "coordinates": [
          [
            [
              -9.1484445,
              38.75338430000001
            ],
            [
              -9.148259100000002,
              38.7534445
            ],
            [
              -9.1482222,
              38.753375399999996
            ],
            [
              -9.148407599999999,
              38.7533152
            ],
            [
              -9.1484445,
              38.75338430000001
            ]
          ]
        ]
      }
    },
    {
      "type": "Feature",
      "properties": {
        "area_id": "EUA_1_Pro",
        "osm_uid": "cea/131",
        "osmid": "131",
        "element_type": "cea_zone",
        "building": "yes",
        "cea_name": "B1131",
        "intersection_area_m2": 136.6697014858601,
        "is_residential": true,
        "residential_source": "cea",
        "radiation_sum_kwh_year": 248530.954890625,
        "radiation_sum": 248530.954890625,
        "radiation_point_count": 226.0,
        "use_type1": "MULTI_RES",
        "use_type2": "NONE",
        "use_type3": "NONE",
        "resi_type": null,
        "comparison_status": "matched",
        "validation_radiation_kwh_year": 248530.954890625,
        "ucea_radiation_kwh_year": 218589.66999999995,
        "workflow0_radiation_kwh_year": null,
        "validation_area_m2": 136.6697014858601,
        "ucea_roofs_top_m2": 138.8,
        "err_ucea_minus_validation_kwh_year": -29941.284890625044,
        "err_ucea_abs_kwh_year": 29941.284890625044,
        "err_ucea_pct_of_validation": -0.12047306100683428,
        "err_ucea_area_minus_validation_m2": 2.1302985141399233,
        "err_ucea_area_pct_of_validation": 0.015587203974103398,
        "err_workflow0_minus_validation_kwh_year": null,
        "err_workflow0_abs_kwh_year": null,
        "err_workflow0_pct_of_validation": null
      },
      "geometry": {
        "type": "Polygon",
        "coordinates": [
          [
            [
              -9.1487772,
              38.753587599999996
            ],
            [
              -9.1488117,
              38.75365219999999
            ],
            [
              -9.1486247,
              38.7537129
            ],
            [
              -9.1485902,
              38.753648299999995
            ],
            [
              -9.1487772,
              38.753587599999996
            ]
          ]
        ]
      }
    },
    {
      "type": "Feature",
      "properties": {
        "area_id": "EUA_1_Pro",
        "osm_uid": "cea/132",
        "osmid": "132",
        "element_type": "cea_zone",
        "building": "yes",
        "cea_name": "B1132",
        "intersection_area_m2": 142.4767008628159,
        "is_residential": true,
        "residential_source": "cea",
        "radiation_sum_kwh_year": 278611.174203125,
        "radiation_sum": 278611.174203125,
        "radiation_point_count": 235.0,
        "use_type1": "MULTI_RES",
        "use_type2": "NONE",
        "use_type3": "NONE",
        "resi_type": null,
        "comparison_status": "matched",
        "validation_radiation_kwh_year": 278611.174203125,
        "ucea_radiation_kwh_year": 229090.9699999997,
        "workflow0_radiation_kwh_year": null,
        "validation_area_m2": 142.4767008628159,
        "ucea_roofs_top_m2": 144.66,
        "err_ucea_minus_validation_kwh_year": -49520.20420312529,
        "err_ucea_abs_kwh_year": 49520.20420312529,
        "err_ucea_pct_of_validation": -0.1777394763320654,
        "err_ucea_area_minus_validation_m2": 2.1832991371840933,
        "err_ucea_area_pct_of_validation": 0.015323902953692682,
        "err_workflow0_minus_validation_kwh_year": null,
        "err_workflow0_abs_kwh_year": null,
        "err_workflow0_pct_of_validation": null
      },
      "geometry": {
        "type": "Polygon",
        "coordinates": [
          [
            [
              -9.148491999999997,
              38.75305319999999
            ],
            [
              -9.148527299999998,
              38.753117
            ],
            [
              -9.1483321,
              38.7531828
            ],
            [
              -9.1482968,
              38.753119
            ],
            [
              -9.148491999999997,
              38.75305319999999
            ]
          ]
        ]
      }
    },
    {
      "type": "Feature",
      "properties": {
        "area_id": "EUA_1_Pro",
        "osm_uid": "cea/133",
        "osmid": "133",
        "element_type": "cea_zone",
        "building": "yes",
        "cea_name": "B1133",
        "intersection_area_m2": 184.56669512538858,
        "is_residential": true,
        "residential_source": "cea",
        "radiation_sum_kwh_year": 421457.54653125,
        "radiation_sum": 421457.54653125,
        "radiation_point_count": 304.0,
        "use_type1": "MULTI_RES",
        "use_type2": "NONE",
        "use_type3": "NONE",
        "resi_type": null,
        "comparison_status": "matched",
        "validation_radiation_kwh_year": 421457.54653125,
        "ucea_radiation_kwh_year": 303735.64999999985,
        "workflow0_radiation_kwh_year": null,
        "validation_area_m2": 184.56669512538858,
        "ucea_roofs_top_m2": 196.14,
        "err_ucea_minus_validation_kwh_year": -117721.89653125015,
        "err_ucea_abs_kwh_year": 117721.89653125015,
        "err_ucea_pct_of_validation": -0.2793208889012535,
        "err_ucea_area_minus_validation_m2": 11.57330487461141,
        "err_ucea_area_pct_of_validation": 0.06270527229600598,
        "err_workflow0_minus_validation_kwh_year": null,
        "err_workflow0_abs_kwh_year": null,
        "err_workflow0_pct_of_validation": null
      },
      "geometry": {
        "type": "Polygon",
        "coordinates": [
          [
            [
              -9.1473295,
              38.750529599999986
            ],
            [
              -9.1472835,
              38.75054489999999
            ],
            [
              -9.1472892,
              38.750555199999994
            ],
            [
              -9.147115299999998,
              38.7506107
            ],
            [
              -9.147074899999998,
              38.7505364
            ],
            [
              -9.1472926,
              38.75046210000001
            ],
            [
              -9.1473295,
              38.750529599999986
            ]
          ]
        ]
      }
    },
    {
      "type": "Feature",
      "properties": {
        "area_id": "EUA_1_Pro",
        "osm_uid": "cea/134",
        "osmid": "134",
        "element_type": "cea_zone",
        "building": "yes",
        "cea_name": "B1134",
        "intersection_area_m2": 162.02966169247313,
        "is_residential": true,
        "residential_source": "cea",
        "radiation_sum_kwh_year": 315784.341515625,
        "radiation_sum": 315784.341515625,
        "radiation_point_count": 267.0,
        "use_type1": "MULTI_RES",
        "use_type2": "NONE",
        "use_type3": "NONE",
        "resi_type": null,
        "comparison_status": "matched",
        "validation_radiation_kwh_year": 315784.341515625,
        "ucea_radiation_kwh_year": 258556.68000000023,
        "workflow0_radiation_kwh_year": null,
        "validation_area_m2": 162.02966169247313,
        "ucea_roofs_top_m2": 162.03,
        "err_ucea_minus_validation_kwh_year": -57227.661515624786,
        "err_ucea_abs_kwh_year": 57227.661515624786,
        "err_ucea_pct_of_validation": -0.18122387335913284,
        "err_ucea_area_minus_validation_m2": 0.0003383075268743596,
        "err_ucea_area_pct_of_validation": 2.087935772626965e-06,
        "err_workflow0_minus_validation_kwh_year": null,
        "err_workflow0_abs_kwh_year": null,
        "err_workflow0_pct_of_validation": null
      },
      "geometry": {
        "type": "Polygon",
        "coordinates": [
          [
            [
              -9.146883499999998,
              38.75059929999999
            ],
            [
              -9.147074899999998,
              38.7505364
            ],
            [
              -9.147115299999998,
              38.7506107
            ],
            [
              -9.146922699999998,
              38.7506739
            ],
            [
              -9.146883499999998,
              38.75059929999999
            ]
          ]
        ]
      }
    },
    {
      "type": "Feature",
      "properties": {
        "area_id": "EUA_1_Pro",
        "osm_uid": "cea/135",
        "osmid": "135",
        "element_type": "cea_zone",
        "building": "yes",
        "cea_name": "B1135",
        "intersection_area_m2": 148.79339513769824,
        "is_residential": true,
        "residential_source": "cea",
        "radiation_sum_kwh_year": 281285.499546875,
        "radiation_sum": 281285.499546875,
        "radiation_point_count": 244.0,
        "use_type1": "MULTI_RES",
        "use_type2": "NONE",
        "use_type3": "NONE",
        "resi_type": null,
        "comparison_status": "matched",
        "validation_radiation_kwh_year": 281285.499546875,
        "ucea_radiation_kwh_year": 242678.8200000001,
        "workflow0_radiation_kwh_year": null,
        "validation_area_m2": 148.79339513769824,
        "ucea_roofs_top_m2": 154.6,
        "err_ucea_minus_validation_kwh_year": -38606.67954687492,
        "err_ucea_abs_kwh_year": 38606.67954687492,
        "err_ucea_pct_of_validation": -0.13725087005575018,
        "err_ucea_area_minus_validation_m2": 5.806604862301754,
        "err_ucea_area_pct_of_validation": 0.039024614344797585,
        "err_workflow0_minus_validation_kwh_year": null,
        "err_workflow0_abs_kwh_year": null,
        "err_workflow0_pct_of_validation": null
      },
      "geometry": {
        "type": "Polygon",
        "coordinates": [
          [
            [
              -9.146743800000001,
              38.750730499999996
            ],
            [
              -9.146704399999999,
              38.750658
            ],
            [
              -9.146883499999998,
              38.75059929999999
            ],
            [
              -9.146922699999998,
              38.7506739
            ],
            [
              -9.146743800000001,
              38.750730499999996
            ]
          ]
        ]
      }
    },
    {
      "type": "Feature",
      "properties": {
        "area_id": "EUA_1_Pro",
        "osm_uid": "cea/136",
        "osmid": "136",
        "element_type": "cea_zone",
        "building": "yes",
        "cea_name": "B1136",
        "intersection_area_m2": 148.7432783103533,
        "is_residential": true,
        "residential_source": "cea",
        "radiation_sum_kwh_year": 275540.479890625,
        "radiation_sum": 275540.479890625,
        "radiation_point_count": 245.0,
        "use_type1": "MULTI_RES",
        "use_type2": "NONE",
        "use_type3": "NONE",
        "resi_type": null,
        "comparison_status": "matched",
        "validation_radiation_kwh_year": 275540.479890625,
        "ucea_radiation_kwh_year": 236671.58999999994,
        "workflow0_radiation_kwh_year": null,
        "validation_area_m2": 148.7432783103533,
        "ucea_roofs_top_m2": 148.74,
        "err_ucea_minus_validation_kwh_year": -38868.889890625054,
        "err_ucea_abs_kwh_year": 38868.889890625054,
        "err_ucea_pct_of_validation": -0.14106417287962172,
        "err_ucea_area_minus_validation_m2": -0.0032783103532949553,
        "err_ucea_area_pct_of_validation": -2.2040057140967074e-05,
        "err_workflow0_minus_validation_kwh_year": null,
        "err_workflow0_abs_kwh_year": null,
        "err_workflow0_pct_of_validation": null
      },
      "geometry": {
        "type": "Polygon",
        "coordinates": [
          [
            [
              -9.146521999999997,
              38.75071919999999
            ],
            [
              -9.146704399999999,
              38.750658
            ],
            [
              -9.146743800000001,
              38.750730499999996
            ],
            [
              -9.146559200000002,
              38.75078969999999
            ],
            [
              -9.146521999999997,
              38.75071919999999
            ]
          ]
        ]
      }
    },
    {
      "type": "Feature",
      "properties": {
        "area_id": "EUA_1_Pro",
        "osm_uid": "cea/137",
        "osmid": "137",
        "element_type": "cea_zone",
        "building": "yes",
        "cea_name": "B1137",
        "intersection_area_m2": 158.15660949467693,
        "is_residential": true,
        "residential_source": "cea",
        "radiation_sum_kwh_year": 328480.827875,
        "radiation_sum": 328480.827875,
        "radiation_point_count": 261.0,
        "use_type1": "MULTI_RES",
        "use_type2": "NONE",
        "use_type3": "NONE",
        "resi_type": null,
        "comparison_status": "matched",
        "validation_radiation_kwh_year": 328480.827875,
        "ucea_radiation_kwh_year": 263079.6599999997,
        "workflow0_radiation_kwh_year": null,
        "validation_area_m2": 158.15660949467693,
        "ucea_roofs_top_m2": 164.92,
        "err_ucea_minus_validation_kwh_year": -65401.167875000334,
        "err_ucea_abs_kwh_year": 65401.167875000334,
        "err_ucea_pct_of_validation": -0.19910193327900425,
        "err_ucea_area_minus_validation_m2": 6.763390505323059,
        "err_ucea_area_pct_of_validation": 0.04276388149020541,
        "err_workflow0_minus_validation_kwh_year": null,
        "err_workflow0_abs_kwh_year": null,
        "err_workflow0_pct_of_validation": null
      },
      "geometry": {
        "type": "Polygon",
        "coordinates": [
          [
            [
              -9.1463172,
              38.7507848
            ],
            [
              -9.146521999999997,
              38.75071919999999
            ],
            [
              -9.146559200000002,
              38.75078969999999
            ],
            [
              -9.146356299999999,
              38.7508514
            ],
            [
              -9.1463172,
              38.7507848
            ]
          ]
        ]
      }
    },
    {
      "type": "Feature",
      "properties": {
        "area_id": "EUA_1_Pro",
        "osm_uid": "cea/138",
        "osmid": "138",
        "element_type": "cea_zone",
        "building": "yes",
        "cea_name": "B1138",
        "intersection_area_m2": 106.01779832005539,
        "is_residential": true,
        "residential_source": "cea",
        "radiation_sum_kwh_year": 133348.377390625,
        "radiation_sum": 133348.377390625,
        "radiation_point_count": 173.0,
        "use_type1": "MULTI_RES",
        "use_type2": "NONE",
        "use_type3": "NONE",
        "resi_type": null,
        "comparison_status": "matched",
        "validation_radiation_kwh_year": 133348.377390625,
        "ucea_radiation_kwh_year": 175101.71999999948,
        "workflow0_radiation_kwh_year": null,
        "validation_area_m2": 106.01779832005539,
        "ucea_roofs_top_m2": 109.06,
        "err_ucea_minus_validation_kwh_year": 41753.342609374464,
        "err_ucea_abs_kwh_year": 41753.342609374464,
        "err_ucea_pct_of_validation": 0.31311474069957385,
        "err_ucea_area_minus_validation_m2": 3.042201679944611,
        "err_ucea_area_pct_of_validation": 0.028695197675776652,
        "err_workflow0_minus_validation_kwh_year": null,
        "err_workflow0_abs_kwh_year": null,
        "err_workflow0_pct_of_validation": null
      },
      "geometry": {
        "type": "Polygon",
        "coordinates": [
          [
            [
              -9.146498799999998,
              38.7511471
            ],
            [
              -9.1464264,
              38.7511701
            ],
            [
              -9.1463594,
              38.75103949999998
            ],
            [
              -9.1464297,
              38.751014899999994
            ],
            [
              -9.146498799999998,
              38.7511471
            ]
          ]
        ]
      }
    },
    {
      "type": "Feature",
      "properties": {
        "area_id": "EUA_1_Pro",
        "osm_uid": "cea/139",
        "osmid": "139",
        "element_type": "cea_zone",
        "building": "yes",
        "cea_name": "B1139",
        "intersection_area_m2": 159.89690855474794,
        "is_residential": true,
        "residential_source": "cea",
        "radiation_sum_kwh_year": 288808.577375,
        "radiation_sum": 288808.577375,
        "radiation_point_count": 263.0,
        "use_type1": "MULTI_RES",
        "use_type2": "NONE",
        "use_type3": "NONE",
        "resi_type": null,
        "comparison_status": "matched",
        "validation_radiation_kwh_year": 288808.577375,
        "ucea_radiation_kwh_year": 260000.07000000088,
        "workflow0_radiation_kwh_year": null,
        "validation_area_m2": 159.89690855474794,
        "ucea_roofs_top_m2": 161.38,
        "err_ucea_minus_validation_kwh_year": -28808.507374999113,
        "err_ucea_abs_kwh_year": 28808.507374999113,
        "err_ucea_pct_of_validation": -0.09974948679447652,
        "err_ucea_area_minus_validation_m2": 1.4830914452520574,
        "err_ucea_area_pct_of_validation": 0.00927529780692573,
        "err_workflow0_minus_validation_kwh_year": null,
        "err_workflow0_abs_kwh_year": null,
        "err_workflow0_pct_of_validation": null
      },
      "geometry": {
        "type": "Polygon",
        "coordinates": [
          [
            [
              -9.1464297,
              38.751014899999994
            ],
            [
              -9.1463594,
              38.75103949999998
            ],
            [
              -9.1462687,
              38.75088219999999
            ],
            [
              -9.146356299999999,
              38.7508514
            ],
            [
              -9.146447099999998,
              38.751008799999994
            ],
            [
              -9.1464297,
              38.751014899999994
            ]
          ]
        ]
      }
    },
    {
      "type": "Feature",
      "properties": {
        "area_id": "EUA_1_Pro",
        "osm_uid": "cea/140",
        "osmid": "140",
        "element_type": "cea_zone",
        "building": "yes",
        "cea_name": "B1140",
        "intersection_area_m2": 149.37739021202708,
        "is_residential": true,
        "residential_source": "cea",
        "radiation_sum_kwh_year": 334066.73137500003,
        "radiation_sum": 334066.73137500003,
        "radiation_point_count": 247.0,
        "use_type1": "MULTI_RES",
        "use_type2": "NONE",
        "use_type3": "NONE",
        "resi_type": null,
        "comparison_status": "matched",
        "validation_radiation_kwh_year": 334066.73137500003,
        "ucea_radiation_kwh_year": 241763.69000000076,
        "workflow0_radiation_kwh_year": null,
        "validation_area_m2": 149.37739021202708,
        "ucea_roofs_top_m2": 152.25,
        "err_ucea_minus_validation_kwh_year": -92303.04137499927,
        "err_ucea_abs_kwh_year": 92303.04137499927,
        "err_ucea_pct_of_validation": -0.2763012078307981,
        "err_ucea_area_minus_validation_m2": 2.8726097879729195,
        "err_ucea_area_pct_of_validation": 0.019230552789117023,
        "err_workflow0_minus_validation_kwh_year": null,
        "err_workflow0_abs_kwh_year": null,
        "err_workflow0_pct_of_validation": null
      },
      "geometry": {
        "type": "Polygon",
        "coordinates": [
          [
            [
              -9.1471376,
              38.750975499999996
            ],
            [
              -9.1472226,
              38.7509484
            ],
            [
              -9.147304599999998,
              38.751104399999996
            ],
            [
              -9.147254999999998,
              38.7511203
            ],
            [
              -9.1472196,
              38.751131599999994
            ],
            [
              -9.1471376,
              38.750975499999996
            ]
          ]
        ]
      }
    },
    {
      "type": "Feature",
      "properties": {
        "area_id": "EUA_1_Pro",
        "osm_uid": "cea/141",
        "osmid": "141",
        "element_type": "cea_zone",
        "building": "yes",
        "cea_name": "B1141",
        "intersection_area_m2": 161.87688584509854,
        "is_residential": true,
        "residential_source": "cea",
        "radiation_sum_kwh_year": 231869.833609375,
        "radiation_sum": 231869.833609375,
        "radiation_point_count": 266.0,
        "use_type1": "MULTI_RES",
        "use_type2": "NONE",
        "use_type3": "NONE",
        "resi_type": null,
        "comparison_status": "matched",
        "validation_radiation_kwh_year": 231869.833609375,
        "ucea_radiation_kwh_year": 260756.52000000092,
        "workflow0_radiation_kwh_year": null,
        "validation_area_m2": 161.87688584509854,
        "ucea_roofs_top_m2": 163.53,
        "err_ucea_minus_validation_kwh_year": 28886.686390625924,
        "err_ucea_abs_kwh_year": 28886.686390625924,
        "err_ucea_pct_of_validation": 0.12458147720626118,
        "err_ucea_area_minus_validation_m2": 1.6531141549014592,
        "err_ucea_area_pct_of_validation": 0.010212169243750705,
        "err_workflow0_minus_validation_kwh_year": null,
        "err_workflow0_abs_kwh_year": null,
        "err_workflow0_pct_of_validation": null
      },
      "geometry": {
        "type": "Polygon",
        "coordinates": [
          [
            [
              -9.147337199999999,
              38.751268200000005
            ],
            [
              -9.1472421,
              38.7513004
            ],
            [
              -9.147159199999999,
              38.75115109999999
            ],
            [
              -9.1472196,
              38.751131599999994
            ],
            [
              -9.147254999999998,
              38.7511203
            ],
            [
              -9.147337199999999,
              38.751268200000005
            ]
          ]
        ]
      }
    },
    {
      "type": "Feature",
      "properties": {
        "area_id": "EUA_1_Pro",
        "osm_uid": "cea/142",
        "osmid": "142",
        "element_type": "cea_zone",
        "building": "yes",
        "cea_name": "B1142",
        "intersection_area_m2": 368.7150641456625,
        "is_residential": true,
        "residential_source": "cea",
        "radiation_sum_kwh_year": 673306.8891328125,
        "radiation_sum": 673306.8891328125,
        "radiation_point_count": 609.0,
        "use_type1": "MULTI_RES",
        "use_type2": "NONE",
        "use_type3": "NONE",
        "resi_type": null,
        "comparison_status": "matched",
        "validation_radiation_kwh_year": 673306.8891328125,
        "ucea_radiation_kwh_year": 607752.1900000001,
        "workflow0_radiation_kwh_year": null,
        "validation_area_m2": 368.7150641456625,
        "ucea_roofs_top_m2": 384.24,
        "err_ucea_minus_validation_kwh_year": -65554.69913281244,
        "err_ucea_abs_kwh_year": 65554.69913281244,
        "err_ucea_pct_of_validation": -0.09736228782278435,
        "err_ucea_area_minus_validation_m2": 15.524935854337514,
        "err_ucea_area_pct_of_validation": 0.04210551009167426,
        "err_workflow0_minus_validation_kwh_year": null,
        "err_workflow0_abs_kwh_year": null,
        "err_workflow0_pct_of_validation": null
      },
      "geometry": {
        "type": "Polygon",
        "coordinates": [
          [
            [
              -9.1473479,
              38.75126439999999
            ],
            [
              -9.147512100000002,
              38.7515824
            ],
            [
              -9.1474128,
              38.75161549999999
            ],
            [
              -9.1472421,
              38.7513004
            ],
            [
              -9.147337199999999,
              38.751268200000005
            ],
            [
              -9.1473479,
              38.75126439999999
            ]
          ]
        ]
      }
    },
    {
      "type": "Feature",
      "properties": {
        "area_id": "EUA_1_Pro",
        "osm_uid": "cea/143",
        "osmid": "143",
        "element_type": "cea_zone",
        "building": "yes",
        "cea_name": "B1143",
        "intersection_area_m2": 140.62422175360035,
        "is_residential": true,
        "residential_source": "cea",
        "radiation_sum_kwh_year": 226821.81312500002,
        "radiation_sum": 226821.81312500002,
        "radiation_point_count": 232.0,
        "use_type1": "MULTI_RES",
        "use_type2": "NONE",
        "use_type3": "NONE",
        "resi_type": null,
        "comparison_status": "matched",
        "validation_radiation_kwh_year": 226821.81312500002,
        "ucea_radiation_kwh_year": 228071.31000000046,
        "workflow0_radiation_kwh_year": null,
        "validation_area_m2": 140.62422175360035,
        "ucea_roofs_top_m2": 143.92,
        "err_ucea_minus_validation_kwh_year": 1249.4968750004482,
        "err_ucea_abs_kwh_year": 1249.4968750004482,
        "err_ucea_pct_of_validation": 0.005508715664449162,
        "err_ucea_area_minus_validation_m2": 3.2957782463996352,
        "err_ucea_area_pct_of_validation": 0.023436775011451784,
        "err_workflow0_minus_validation_kwh_year": null,
        "err_workflow0_abs_kwh_year": null,
        "err_workflow0_pct_of_validation": null
      },
      "geometry": {
        "type": "Polygon",
        "coordinates": [
          [
            [
              -9.1467867,
              38.75110250000001
            ],
            [
              -9.1468688,
              38.7510745
            ],
            [
              -9.1469525,
              38.75122359999999
            ],
            [
              -9.146907,
              38.75123910000001
            ],
            [
              -9.1468704,
              38.7512516
            ],
            [
              -9.1467867,
              38.75110250000001
            ]
          ]
        ]
      }
    },
    {
      "type": "Feature",
      "properties": {
        "area_id": "EUA_1_Pro",
        "osm_uid": "cea/144",
        "osmid": "144",
        "element_type": "cea_zone",
        "building": "yes",
        "cea_name": "B1144",
        "intersection_area_m2": 118.77514134674254,
        "is_residential": true,
        "residential_source": "cea",
        "radiation_sum_kwh_year": 189986.34928125,
        "radiation_sum": 189986.34928125,
        "radiation_point_count": 196.0,
        "use_type1": "MULTI_RES",
        "use_type2": "NONE",
        "use_type3": "NONE",
        "resi_type": null,
        "comparison_status": "matched",
        "validation_radiation_kwh_year": 189986.34928125,
        "ucea_radiation_kwh_year": 191861.04000000053,
        "workflow0_radiation_kwh_year": null,
        "validation_area_m2": 118.77514134674254,
        "ucea_roofs_top_m2": 123.92,
        "err_ucea_minus_validation_kwh_year": 1874.6907187505276,
        "err_ucea_abs_kwh_year": 1874.6907187505276,
        "err_ucea_pct_of_validation": 0.009867502196040899,
        "err_ucea_area_minus_validation_m2": 5.144858653257458,
        "err_ucea_area_pct_of_validation": 0.04331595479426098,
        "err_workflow0_minus_validation_kwh_year": null,
        "err_workflow0_abs_kwh_year": null,
        "err_workflow0_pct_of_validation": null
      },
      "geometry": {
        "type": "Polygon",
        "coordinates": [
          [
            [
              -9.1465395,
              38.751200499999996
            ],
            [
              -9.1466083,
              38.75132990000001
            ],
            [
              -9.1465287,
              38.751356699999995
            ],
            [
              -9.1464577,
              38.75122689999999
            ],
            [
              -9.1465395,
              38.751200499999996
            ]
          ]
        ]
      }
    },
    {
      "type": "Feature",
      "properties": {
        "area_id": "EUA_1_Pro",
        "osm_uid": "cea/145",
        "osmid": "145",
        "element_type": "cea_zone",
        "building": "yes",
        "cea_name": "B1145",
        "intersection_area_m2": 268.76302286252576,
        "is_residential": true,
        "residential_source": "cea",
        "radiation_sum_kwh_year": 501235.00746875,
        "radiation_sum": 501235.00746875,
        "radiation_point_count": 444.0,
        "use_type1": "MULTI_RES",
        "use_type2": "NONE",
        "use_type3": "NONE",
        "resi_type": null,
        "comparison_status": "matched",
        "validation_radiation_kwh_year": 501235.00746875,
        "ucea_radiation_kwh_year": 436373.21000000066,
        "workflow0_radiation_kwh_year": null,
        "validation_area_m2": 268.76302286252576,
        "ucea_roofs_top_m2": 274.89,
        "err_ucea_minus_validation_kwh_year": -64861.79746874934,
        "err_ucea_abs_kwh_year": 64861.79746874934,
        "err_ucea_pct_of_validation": -0.12940396521045713,
        "err_ucea_area_minus_validation_m2": 6.126977137474228,
        "err_ucea_area_pct_of_validation": 0.022796949789511117,
        "err_workflow0_minus_validation_kwh_year": null,
        "err_workflow0_abs_kwh_year": null,
        "err_workflow0_pct_of_validation": null
      },
      "geometry": {
        "type": "Polygon",
        "coordinates": [
          [
            [
              -9.1474714,
              38.751786599999996
            ],
            [
              -9.1474233,
              38.75169450000001
            ],
            [
              -9.147685800000001,
              38.75161249999999
            ],
            [
              -9.147731799999999,
              38.75170399999999
            ],
            [
              -9.1474714,
              38.751786599999996
            ]
          ]
        ]
      }
    },
    {
      "type": "Feature",
      "properties": {
        "area_id": "EUA_1_Pro",
        "osm_uid": "cea/146",
        "osmid": "146",
        "element_type": "cea_zone",
        "building": "yes",
        "cea_name": "B1146",
        "intersection_area_m2": 259.62690924304076,
        "is_residential": true,
        "residential_source": "cea",
        "radiation_sum_kwh_year": 498627.57865625,
        "radiation_sum": 498627.57865625,
        "radiation_point_count": 427.0,
        "use_type1": "MULTI_RES",
        "use_type2": "NONE",
        "use_type3": "NONE",
        "resi_type": null,
        "comparison_status": "matched",
        "validation_radiation_kwh_year": 498627.57865625,
        "ucea_radiation_kwh_year": 419295.00000000047,
        "workflow0_radiation_kwh_year": null,
        "validation_area_m2": 259.62690924304076,
        "ucea_roofs_top_m2": 264.29,
        "err_ucea_minus_validation_kwh_year": -79332.57865624956,
        "err_ucea_abs_kwh_year": 79332.57865624956,
        "err_ucea_pct_of_validation": -0.15910186690845038,
        "err_ucea_area_minus_validation_m2": 4.663090756959264,
        "err_ucea_area_pct_of_validation": 0.01796073746960517,
        "err_workflow0_minus_validation_kwh_year": null,
        "err_workflow0_abs_kwh_year": null,
        "err_workflow0_pct_of_validation": null
      },
      "geometry": {
        "type": "Polygon",
        "coordinates": [
          [
            [
              -9.1476638,
              38.75212129999999
            ],
            [
              -9.147615399999998,
              38.7520357
            ],
            [
              -9.1478785,
              38.751945099999986
            ],
            [
              -9.147927,
              38.75203079999999
            ],
            [
              -9.1476638,
              38.75212129999999
            ]
          ]
        ]
      }
    },
    {
      "type": "Feature",
      "properties": {
        "area_id": "EUA_1_Pro",
        "osm_uid": "cea/147",
        "osmid": "147",
        "element_type": "cea_zone",
        "building": "yes",
        "cea_name": "B1147",
        "intersection_area_m2": 253.7518753339819,
        "is_residential": true,
        "residential_source": "cea",
        "radiation_sum_kwh_year": 508486.2724296875,
        "radiation_sum": 508486.2724296875,
        "radiation_point_count": 420.0,
        "use_type1": "MULTI_RES",
        "use_type2": "NONE",
        "use_type3": "NONE",
        "resi_type": null,
        "comparison_status": "matched",
        "validation_radiation_kwh_year": 508486.2724296875,
        "ucea_radiation_kwh_year": 412481.62,
        "workflow0_radiation_kwh_year": null,
        "validation_area_m2": 253.7518753339819,
        "ucea_roofs_top_m2": 257.64,
        "err_ucea_minus_validation_kwh_year": -96004.6524296875,
        "err_ucea_abs_kwh_year": 96004.6524296875,
        "err_ucea_pct_of_validation": -0.1888048068061913,
        "err_ucea_area_minus_validation_m2": 3.8881246660180864,
        "err_ucea_area_pct_of_validation": 0.015322545541390122,
        "err_workflow0_minus_validation_kwh_year": null,
        "err_workflow0_abs_kwh_year": null,
        "err_workflow0_pct_of_validation": null
      },
      "geometry": {
        "type": "Polygon",
        "coordinates": [
          [
            [
              -9.146841,
              38.7519945
            ],
            [
              -9.1467936,
              38.751910099999996
            ],
            [
              -9.1470552,
              38.751820699999996
            ],
            [
              -9.147102599999998,
              38.751905100000016
            ],
            [
              -9.146841,
              38.7519945
            ]
          ]
        ]
      }
    },
    {
      "type": "Feature",
      "properties": {
        "area_id": "EUA_1_Pro",
        "osm_uid": "cea/148",
        "osmid": "148",
        "element_type": "cea_zone",
        "building": "yes",
        "cea_name": "B1148",
        "intersection_area_m2": 281.0051166684575,
        "is_residential": true,
        "residential_source": "cea",
        "radiation_sum_kwh_year": 499854.1716875,
        "radiation_sum": 499854.1716875,
        "radiation_point_count": 462.0,
        "use_type1": "MULTI_RES",
        "use_type2": "NONE",
        "use_type3": "NONE",
        "resi_type": null,
        "comparison_status": "matched",
        "validation_radiation_kwh_year": 499854.1716875,
        "ucea_radiation_kwh_year": 448551.2500000007,
        "workflow0_radiation_kwh_year": null,
        "validation_area_m2": 281.0051166684575,
        "ucea_roofs_top_m2": 284.07,
        "err_ucea_minus_validation_kwh_year": -51302.92168749933,
        "err_ucea_abs_kwh_year": 51302.92168749933,
        "err_ucea_pct_of_validation": -0.10263577777955009,
        "err_ucea_area_minus_validation_m2": 3.0648833315424895,
        "err_ucea_area_pct_of_validation": 0.010906859518713237,
        "err_workflow0_minus_validation_kwh_year": null,
        "err_workflow0_abs_kwh_year": null,
        "err_workflow0_pct_of_validation": null
      },
      "geometry": {
        "type": "Polygon",
        "coordinates": [
          [
            [
              -9.1470273,
              38.7523399
            ],
            [
              -9.1469765,
              38.75224600000001
            ],
            [
              -9.1472399,
              38.75215939999998
            ],
            [
              -9.147290699999997,
              38.752253399999994
            ],
            [
              -9.1470273,
              38.7523399
            ]
          ]
        ]
      }
    },
    {
      "type": "Feature",
      "properties": {
        "area_id": "EUA_1_Pro",
        "osm_uid": "cea/149",
        "osmid": "149",
        "element_type": "cea_zone",
        "building": "yes",
        "cea_name": "B1149",
        "intersection_area_m2": 497.24381536944423,
        "is_residential": true,
        "residential_source": "cea",
        "radiation_sum_kwh_year": 613928.2309609376,
        "radiation_sum": 613928.2309609376,
        "radiation_point_count": 636.0,
        "use_type1": "MULTI_RES",
        "use_type2": "NONE",
        "use_type3": "NONE",
        "resi_type": null,
        "comparison_status": "matched",
        "validation_radiation_kwh_year": 613928.2309609376,
        "ucea_radiation_kwh_year": 747819.2500000008,
        "workflow0_radiation_kwh_year": null,
        "validation_area_m2": 497.24381536944423,
        "ucea_roofs_top_m2": 495.25,
        "err_ucea_minus_validation_kwh_year": 133891.01903906325,
        "err_ucea_abs_kwh_year": 133891.01903906325,
        "err_ucea_pct_of_validation": 0.21808904084683203,
        "err_ucea_area_minus_validation_m2": -1.9938153694442349,
        "err_ucea_area_pct_of_validation": -0.004009733872633211,
        "err_workflow0_minus_validation_kwh_year": null,
        "err_workflow0_abs_kwh_year": null,
        "err_workflow0_pct_of_validation": null
      },
      "geometry": {
        "type": "Polygon",
        "coordinates": [
          [
            [
              -9.1457605,
              38.75277929999999
            ],
            [
              -9.145640199999999,
              38.752816900000006
            ],
            [
              -9.1453239,
              38.7529159
            ],
            [
              -9.1452686,
              38.7528178
            ],
            [
              -9.1457029,
              38.75267740000001
            ],
            [
              -9.1457559,
              38.7527637
            ],
            [
              -9.1457605,
              38.75277929999999
            ]
          ]
        ]
      }
    },
    {
      "type": "Feature",
      "properties": {
        "area_id": "EUA_1_Pro",
        "osm_uid": "cea/150",
        "osmid": "150",
        "element_type": "cea_zone",
        "building": "yes",
        "cea_name": "B1150",
        "intersection_area_m2": 301.9795321456743,
        "is_residential": true,
        "residential_source": "cea",
        "radiation_sum_kwh_year": 244706.5998125,
        "radiation_sum": 244706.5998125,
        "radiation_point_count": 214.0,
        "use_type1": "MULTI_RES",
        "use_type2": "NONE",
        "use_type3": "NONE",
        "resi_type": null,
        "comparison_status": "matched",
        "validation_radiation_kwh_year": 244706.5998125,
        "ucea_radiation_kwh_year": 449118.62999999826,
        "workflow0_radiation_kwh_year": null,
        "validation_area_m2": 301.9795321456743,
        "ucea_roofs_top_m2": 312.93,
        "err_ucea_minus_validation_kwh_year": 204412.03018749825,
        "err_ucea_abs_kwh_year": 204412.03018749825,
        "err_ucea_pct_of_validation": 0.8353351742213884,
        "err_ucea_area_minus_validation_m2": 10.950467854325723,
        "err_ucea_area_pct_of_validation": 0.03626228498507389,
        "err_workflow0_minus_validation_kwh_year": null,
        "err_workflow0_abs_kwh_year": null,
        "err_workflow0_pct_of_validation": null
      },
      "geometry": {
        "type": "Polygon",
        "coordinates": [
          [
            [
              -9.146303699999999,
              38.7495538
            ],
            [
              -9.146611699999998,
              38.74950749999999
            ],
            [
              -9.146616,
              38.74952209999999
            ],
            [
              -9.1466355,
              38.74960789999998
            ],
            [
              -9.1463264,
              38.74964949999999
            ],
            [
              -9.146303699999999,
              38.7495538
            ]
          ]
        ]
      }
    },
    {
      "type": "Feature",
      "properties": {
        "area_id": "EUA_1_Pro",
        "osm_uid": "cea/151",
        "osmid": "151",
        "element_type": "cea_zone",
        "building": "yes",
        "cea_name": "B1151",
        "intersection_area_m2": 256.5970877562903,
        "is_residential": true,
        "residential_source": "cea",
        "radiation_sum_kwh_year": 491021.19565625,
        "radiation_sum": 491021.19565625,
        "radiation_point_count": 362.0,
        "use_type1": "MULTI_RES",
        "use_type2": "NONE",
        "use_type3": "NONE",
        "resi_type": null,
        "comparison_status": "matched",
        "validation_radiation_kwh_year": 491021.19565625,
        "ucea_radiation_kwh_year": 367539.10999999946,
        "workflow0_radiation_kwh_year": null,
        "validation_area_m2": 256.5970877562903,
        "ucea_roofs_top_m2": 262.91,
        "err_ucea_minus_validation_kwh_year": -123482.08565625054,
        "err_ucea_abs_kwh_year": 123482.08565625054,
        "err_ucea_pct_of_validation": -0.25148015350175806,
        "err_ucea_area_minus_validation_m2": 6.312912243709718,
        "err_ucea_area_pct_of_validation": 0.024602431379523563,
        "err_workflow0_minus_validation_kwh_year": null,
        "err_workflow0_abs_kwh_year": null,
        "err_workflow0_pct_of_validation": null
      },
      "geometry": {
        "type": "Polygon",
        "coordinates": [
          [
            [
              -9.146303699999999,
              38.7495538
            ],
            [
              -9.1463264,
              38.74964949999999
            ],
            [
              -9.1460601,
              38.74968919999999
            ],
            [
              -9.1460348,
              38.7495931
            ],
            [
              -9.146303699999999,
              38.7495538
            ]
          ]
        ]
      }
    },
    {
      "type": "Feature",
      "properties": {
        "area_id": "EUA_1_Pro",
        "osm_uid": "cea/152",
        "osmid": "152",
        "element_type": "cea_zone",
        "building": "yes",
        "cea_name": "B1152",
        "intersection_area_m2": 229.88885462090192,
        "is_residential": true,
        "residential_source": "cea",
        "radiation_sum_kwh_year": 519652.52596875,
        "radiation_sum": 519652.52596875,
        "radiation_point_count": 378.0,
        "use_type1": "MULTI_RES",
        "use_type2": "NONE",
        "use_type3": "NONE",
        "resi_type": null,
        "comparison_status": "matched",
        "validation_radiation_kwh_year": 519652.52596875,
        "ucea_radiation_kwh_year": 318047.84000000043,
        "workflow0_radiation_kwh_year": null,
        "validation_area_m2": 229.88885462090192,
        "ucea_roofs_top_m2": 236.31,
        "err_ucea_minus_validation_kwh_year": -201604.68596874957,
        "err_ucea_abs_kwh_year": 201604.68596874957,
        "err_ucea_pct_of_validation": -0.38796056190223027,
        "err_ucea_area_minus_validation_m2": 6.421145379098078,
        "err_ucea_area_pct_of_validation": 0.027931521037358964,
        "err_workflow0_minus_validation_kwh_year": null,
        "err_workflow0_abs_kwh_year": null,
        "err_workflow0_pct_of_validation": null
      },
      "geometry": {
        "type": "Polygon",
        "coordinates": [
          [
            [
              -9.1460601,
              38.74968919999999
            ],
            [
              -9.1458212,
              38.74972729999998
            ],
            [
              -9.145795199999998,
              38.7496324
            ],
            [
              -9.1460348,
              38.7495931
            ],
            [
              -9.1460601,
              38.74968919999999
            ]
          ]
        ]
      }
    },
    {
      "type": "Feature",
      "properties": {
        "area_id": "EUA_1_Pro",
        "osm_uid": "cea/153",
        "osmid": "153",
        "element_type": "cea_zone",
        "building": "yes",
        "cea_name": "B1153",
        "intersection_area_m2": 264.4266547880194,
        "is_residential": true,
        "residential_source": "cea",
        "radiation_sum_kwh_year": 601056.187046875,
        "radiation_sum": 601056.187046875,
        "radiation_point_count": 438.0,
        "use_type1": "MULTI_RES",
        "use_type2": "NONE",
        "use_type3": "NONE",
        "resi_type": null,
        "comparison_status": "matched",
        "validation_radiation_kwh_year": 601056.187046875,
        "ucea_radiation_kwh_year": 356656.88999999996,
        "workflow0_radiation_kwh_year": null,
        "validation_area_m2": 264.4266547880194,
        "ucea_roofs_top_m2": 275.53,
        "err_ucea_minus_validation_kwh_year": -244399.29704687506,
        "err_ucea_abs_kwh_year": 244399.29704687506,
        "err_ucea_pct_of_validation": -0.40661639013760775,
        "err_ucea_area_minus_validation_m2": 11.103345211980582,
        "err_ucea_area_pct_of_validation": 0.041990264638342545,
        "err_workflow0_minus_validation_kwh_year": null,
        "err_workflow0_abs_kwh_year": null,
        "err_workflow0_pct_of_validation": null
      },
      "geometry": {
        "type": "Polygon",
        "coordinates": [
          [
            [
              -9.145795199999998,
              38.7496324
            ],
            [
              -9.1458212,
              38.74972729999998
            ],
            [
              -9.1455371,
              38.74977199999999
            ],
            [
              -9.145513,
              38.749681499999994
            ],
            [
              -9.145795199999998,
              38.7496324
            ]
          ]
        ]
      }
    },
    {
      "type": "Feature",
      "properties": {
        "area_id": "EUA_1_Pro",
        "osm_uid": "cea/154",
        "osmid": "154",
        "element_type": "cea_zone",
        "building": "yes",
        "cea_name": "B1154",
        "intersection_area_m2": 244.3589678776096,
        "is_residential": true,
        "residential_source": "cea",
        "radiation_sum_kwh_year": 219421.19428125,
        "radiation_sum": 219421.19428125,
        "radiation_point_count": 265.0,
        "use_type1": "MULTI_RES",
        "use_type2": "NONE",
        "use_type3": "NONE",
        "resi_type": null,
        "comparison_status": "matched",
        "validation_radiation_kwh_year": 219421.19428125,
        "ucea_radiation_kwh_year": 338785.42,
        "workflow0_radiation_kwh_year": null,
        "validation_area_m2": 244.3589678776096,
        "ucea_roofs_top_m2": 247.91,
        "err_ucea_minus_validation_kwh_year": 119364.22571874998,
        "err_ucea_abs_kwh_year": 119364.22571874998,
        "err_ucea_pct_of_validation": 0.5439958802054059,
        "err_ucea_area_minus_validation_m2": 3.55103212239041,
        "err_ucea_area_pct_of_validation": 0.014532031106666775,
        "err_workflow0_minus_validation_kwh_year": null,
        "err_workflow0_abs_kwh_year": null,
        "err_workflow0_pct_of_validation": null
      },
      "geometry": {
        "type": "Polygon",
        "coordinates": [
          [
            [
              -9.145268799999998,
              38.74981549999999
            ],
            [
              -9.1452447,
              38.7497249
            ],
            [
              -9.145513,
              38.749681499999994
            ],
            [
              -9.1455371,
              38.74977199999999
            ],
            [
              -9.145268799999998,
              38.74981549999999
            ]
          ]
        ]
      }
    },
    {
      "type": "Feature",
      "properties": {
        "area_id": "EUA_1_Pro",
        "osm_uid": "cea/156",
        "osmid": "156",
        "element_type": "cea_zone",
        "building": "yes",
        "cea_name": "B1156",
        "intersection_area_m2": 169.59765640637158,
        "is_residential": true,
        "residential_source": "cea",
        "radiation_sum_kwh_year": 304919.26903125003,
        "radiation_sum": 304919.26903125003,
        "radiation_point_count": 279.0,
        "use_type1": "MULTI_RES",
        "use_type2": "NONE",
        "use_type3": "NONE",
        "resi_type": null,
        "comparison_status": "matched",
        "validation_radiation_kwh_year": 304919.26903125003,
        "ucea_radiation_kwh_year": 273410.5900000015,
        "workflow0_radiation_kwh_year": null,
        "validation_area_m2": 169.59765640637158,
        "ucea_roofs_top_m2": 171.26,
        "err_ucea_minus_validation_kwh_year": -31508.679031248554,
        "err_ucea_abs_kwh_year": 31508.679031248554,
        "err_ucea_pct_of_validation": -0.10333449614828819,
        "err_ucea_area_minus_validation_m2": 1.6623435936284068,
        "err_ucea_area_pct_of_validation": 0.009801689650977715,
        "err_workflow0_minus_validation_kwh_year": null,
        "err_workflow0_abs_kwh_year": null,
        "err_workflow0_pct_of_validation": null
      },
      "geometry": {
        "type": "Polygon",
        "coordinates": [
          [
            [
              -9.1470038,
              38.75120599999999
            ],
            [
              -9.1470894,
              38.7513584
            ],
            [
              -9.1469925,
              38.7513915
            ],
            [
              -9.146907,
              38.75123910000001
            ],
            [
              -9.1469525,
              38.75122359999999
            ],
            [
              -9.1470038,
              38.75120599999999
            ]
          ]
        ]
      }
    },
    {
      "type": "Feature",
      "properties": {
        "area_id": "EUA_1_Pro",
        "osm_uid": "cea/157",
        "osmid": "157",
        "element_type": "cea_zone",
        "building": "yes",
        "cea_name": "B1157",
        "intersection_area_m2": 180.09436292188286,
        "is_residential": true,
        "residential_source": "cea",
        "radiation_sum_kwh_year": 337620.8799375,
        "radiation_sum": 337620.8799375,
        "radiation_point_count": 296.0,
        "use_type1": "MULTI_RES",
        "use_type2": "NONE",
        "use_type3": "NONE",
        "resi_type": null,
        "comparison_status": "matched",
        "validation_radiation_kwh_year": 337620.8799375,
        "ucea_radiation_kwh_year": 290345.18999999866,
        "workflow0_radiation_kwh_year": null,
        "validation_area_m2": 180.09436292188286,
        "ucea_roofs_top_m2": 181.44,
        "err_ucea_minus_validation_kwh_year": -47275.68993750133,
        "err_ucea_abs_kwh_year": 47275.68993750133,
        "err_ucea_pct_of_validation": -0.1400259662443062,
        "err_ucea_area_minus_validation_m2": 1.3456370781171358,
        "err_ucea_area_pct_of_validation": 0.007471844516870386,
        "err_workflow0_minus_validation_kwh_year": null,
        "err_workflow0_abs_kwh_year": null,
        "err_workflow0_pct_of_validation": null
      },
      "geometry": {
        "type": "Polygon",
        "coordinates": [
          [
            [
              -9.147180199999998,
              38.751520199999995
            ],
            [
              -9.1470834,
              38.75155329999999
            ],
            [
              -9.1469925,
              38.7513915
            ],
            [
              -9.1470894,
              38.7513584
            ],
            [
              -9.147180199999998,
              38.751520199999995
            ]
          ]
        ]
      }
    },
    {
      "type": "Feature",
      "properties": {
        "area_id": "EUA_1_Pro",
        "osm_uid": "cea/158",
        "osmid": "158",
        "element_type": "cea_zone",
        "building": "yes",
        "cea_name": "B1158",
        "intersection_area_m2": 170.34766711331602,
        "is_residential": true,
        "residential_source": "cea",
        "radiation_sum_kwh_year": 277868.538046875,
        "radiation_sum": 277868.538046875,
        "radiation_point_count": 281.0,
        "use_type1": "MULTI_RES",
        "use_type2": "NONE",
        "use_type3": "NONE",
        "resi_type": null,
        "comparison_status": "matched",
        "validation_radiation_kwh_year": 277868.538046875,
        "ucea_radiation_kwh_year": 275345.85000000003,
        "workflow0_radiation_kwh_year": null,
        "validation_area_m2": 170.34766711331602,
        "ucea_roofs_top_m2": 171.52,
        "err_ucea_minus_validation_kwh_year": -2522.688046874944,
        "err_ucea_abs_kwh_year": 2522.688046874944,
        "err_ucea_pct_of_validation": -0.009078710618362197,
        "err_ucea_area_minus_validation_m2": 1.1723328866839893,
        "err_ucea_area_pct_of_validation": 0.006882001418335528,
        "err_workflow0_minus_validation_kwh_year": null,
        "err_workflow0_abs_kwh_year": null,
        "err_workflow0_pct_of_validation": null
      },
      "geometry": {
        "type": "Polygon",
        "coordinates": [
          [
            [
              -9.147266199999999,
              38.7516733
            ],
            [
              -9.147169399999997,
              38.751706399999996
            ],
            [
              -9.1470834,
              38.75155329999999
            ],
            [
              -9.147180199999998,
              38.751520199999995
            ],
            [
              -9.147266199999999,
              38.7516733
            ]
          ]
        ]
      }
    },
    {
      "type": "Feature",
      "properties": {
        "area_id": "EUA_1_Pro",
        "osm_uid": "cea/159",
        "osmid": "159",
        "element_type": "cea_zone",
        "building": "yes",
        "cea_name": "B1159",
        "intersection_area_m2": 182.5233219353056,
        "is_residential": true,
        "residential_source": "cea",
        "radiation_sum_kwh_year": 328545.49403125,
        "radiation_sum": 328545.49403125,
        "radiation_point_count": 299.0,
        "use_type1": "MULTI_RES",
        "use_type2": "NONE",
        "use_type3": "NONE",
        "resi_type": null,
        "comparison_status": "matched",
        "validation_radiation_kwh_year": 328545.49403125,
        "ucea_radiation_kwh_year": 305117.27999999945,
        "workflow0_radiation_kwh_year": null,
        "validation_area_m2": 182.5233219353056,
        "ucea_roofs_top_m2": 189.24,
        "err_ucea_minus_validation_kwh_year": -23428.214031250565,
        "err_ucea_abs_kwh_year": 23428.214031250565,
        "err_ucea_pct_of_validation": -0.07130888859191647,
        "err_ucea_area_minus_validation_m2": 6.716678064694406,
        "err_ucea_area_pct_of_validation": 0.03679901282464657,
        "err_workflow0_minus_validation_kwh_year": null,
        "err_workflow0_abs_kwh_year": null,
        "err_workflow0_pct_of_validation": null
      },
      "geometry": {
        "type": "Polygon",
        "coordinates": [
          [
            [
              -9.1465287,
              38.751356699999995
            ],
            [
              -9.1466083,
              38.75132990000001
            ],
            [
              -9.1466345,
              38.751321
            ],
            [
              -9.1467172,
              38.7514765
            ],
            [
              -9.1466155,
              38.75150979999999
            ],
            [
              -9.1465287,
              38.751356699999995
            ]
          ]
        ]
      }
    },
    {
      "type": "Feature",
      "properties": {
        "area_id": "EUA_1_Pro",
        "osm_uid": "cea/160",
        "osmid": "160",
        "element_type": "cea_zone",
        "building": "yes",
        "cea_name": "B1160",
        "intersection_area_m2": 185.03040390393028,
        "is_residential": true,
        "residential_source": "cea",
        "radiation_sum_kwh_year": 347731.15218750003,
        "radiation_sum": 347731.15218750003,
        "radiation_point_count": 305.0,
        "use_type1": "MULTI_RES",
        "use_type2": "NONE",
        "use_type3": "NONE",
        "resi_type": null,
        "comparison_status": "matched",
        "validation_radiation_kwh_year": 347731.15218750003,
        "ucea_radiation_kwh_year": 256156.77000000022,
        "workflow0_radiation_kwh_year": null,
        "validation_area_m2": 185.03040390393028,
        "ucea_roofs_top_m2": 187.78,
        "err_ucea_minus_validation_kwh_year": -91574.38218749981,
        "err_ucea_abs_kwh_year": 91574.38218749981,
        "err_ucea_pct_of_validation": -0.2633482263853139,
        "err_ucea_area_minus_validation_m2": 2.749596096069723,
        "err_ucea_area_pct_of_validation": 0.014860239387994538,
        "err_workflow0_minus_validation_kwh_year": null,
        "err_workflow0_abs_kwh_year": null,
        "err_workflow0_pct_of_validation": null
      },
      "geometry": {
        "type": "Polygon",
        "coordinates": [
          [
            [
              -9.1467002,
              38.751669400000004
            ],
            [
              -9.1466155,
              38.75150979999999
            ],
            [
              -9.1467172,
              38.7514765
            ],
            [
              -9.146803299999998,
              38.751636399999995
            ],
            [
              -9.1467002,
              38.751669400000004
            ]
          ]
        ]
      }
    },
    {
      "type": "Feature",
      "properties": {
        "area_id": "EUA_1_Pro",
        "osm_uid": "cea/161",
        "osmid": "161",
        "element_type": "cea_zone",
        "building": "yes",
        "cea_name": "B1161",
        "intersection_area_m2": 186.27467386796042,
        "is_residential": true,
        "residential_source": "cea",
        "radiation_sum_kwh_year": 291271.7575625,
        "radiation_sum": 291271.7575625,
        "radiation_point_count": 306.0,
        "use_type1": "MULTI_RES",
        "use_type2": "NONE",
        "use_type3": "NONE",
        "resi_type": null,
        "comparison_status": "matched",
        "validation_radiation_kwh_year": 291271.7575625,
        "ucea_radiation_kwh_year": 302249.3900000004,
        "workflow0_radiation_kwh_year": null,
        "validation_area_m2": 186.27467386796042,
        "ucea_roofs_top_m2": 187.89,
        "err_ucea_minus_validation_kwh_year": 10977.632437500404,
        "err_ucea_abs_kwh_year": 10977.632437500404,
        "err_ucea_pct_of_validation": 0.03768862635144042,
        "err_ucea_area_minus_validation_m2": 1.61532613203957,
        "err_ucea_area_pct_of_validation": 0.008671743176340672,
        "err_workflow0_minus_validation_kwh_year": null,
        "err_workflow0_abs_kwh_year": null,
        "err_workflow0_pct_of_validation": null
      },
      "geometry": {
        "type": "Polygon",
        "coordinates": [
          [
            [
              -9.146803299999998,
              38.751636399999995
            ],
            [
              -9.146887699999999,
              38.75179669999999
            ],
            [
              -9.1467845,
              38.75182970000001
            ],
            [
              -9.1467002,
              38.751669400000004
            ],
            [
              -9.146803299999998,
              38.751636399999995
            ]
          ]
        ]
      }
    },
    {
      "type": "Feature",
      "properties": {
        "area_id": "EUA_1_Pro",
        "osm_uid": "cea/162",
        "osmid": "162",
        "element_type": "cea_zone",
        "building": "yes",
        "cea_name": "B1162",
        "intersection_area_m2": 117.5404949879979,
        "is_residential": true,
        "residential_source": "cea",
        "radiation_sum_kwh_year": 206681.28246875,
        "radiation_sum": 206681.28246875,
        "radiation_point_count": 194.0,
        "use_type1": "MULTI_RES",
        "use_type2": "NONE",
        "use_type3": "NONE",
        "resi_type": null,
        "comparison_status": "matched",
        "validation_radiation_kwh_year": 206681.28246875,
        "ucea_radiation_kwh_year": 192027.04999999978,
        "workflow0_radiation_kwh_year": null,
        "validation_area_m2": 117.5404949879979,
        "ucea_roofs_top_m2": 121.3,
        "err_ucea_minus_validation_kwh_year": -14654.232468750211,
        "err_ucea_abs_kwh_year": 14654.232468750211,
        "err_ucea_pct_of_validation": -0.07090256211742792,
        "err_ucea_area_minus_validation_m2": 3.7595050120020943,
        "err_ucea_area_pct_of_validation": 0.03198476416477554,
        "err_workflow0_minus_validation_kwh_year": null,
        "err_workflow0_abs_kwh_year": null,
        "err_workflow0_pct_of_validation": null
      },
      "geometry": {
        "type": "Polygon",
        "coordinates": [
          [
            [
              -9.146287900000003,
              38.75143959999998
            ],
            [
              -9.1462162,
              38.751304899999994
            ],
            [
              -9.146292199999998,
              38.75128029999998
            ],
            [
              -9.1463663,
              38.751414
            ],
            [
              -9.146287900000003,
              38.75143959999998
            ]
          ]
        ]
      }
    },
    {
      "type": "Feature",
      "properties": {
        "area_id": "EUA_1_Pro",
        "osm_uid": "cea/163",
        "osmid": "163",
        "element_type": "cea_zone",
        "building": "yes",
        "cea_name": "B1163",
        "intersection_area_m2": 177.91641275282072,
        "is_residential": true,
        "residential_source": "cea",
        "radiation_sum_kwh_year": 316477.310875,
        "radiation_sum": 316477.310875,
        "radiation_point_count": 293.0,
        "use_type1": "MULTI_RES",
        "use_type2": "NONE",
        "use_type3": "NONE",
        "resi_type": null,
        "comparison_status": "matched",
        "validation_radiation_kwh_year": 316477.310875,
        "ucea_radiation_kwh_year": 286745.2899999998,
        "workflow0_radiation_kwh_year": null,
        "validation_area_m2": 177.91641275282072,
        "ucea_roofs_top_m2": 180.88,
        "err_ucea_minus_validation_kwh_year": -29732.02087500022,
        "err_ucea_abs_kwh_year": 29732.02087500022,
        "err_ucea_pct_of_validation": -0.09394676917848169,
        "err_ucea_area_minus_validation_m2": 2.9635872471792766,
        "err_ucea_area_pct_of_validation": 0.016657188627653977,
        "err_workflow0_minus_validation_kwh_year": null,
        "err_workflow0_abs_kwh_year": null,
        "err_workflow0_pct_of_validation": null
      },
      "geometry": {
        "type": "Polygon",
        "coordinates": [
          [
            [
              -9.1464493,
              38.751572
            ],
            [
              -9.146349899999999,
              38.7516035
            ],
            [
              -9.1462654,
              38.75144699999999
            ],
            [
              -9.146287900000003,
              38.75143959999998
            ],
            [
              -9.1463663,
              38.751414
            ],
            [
              -9.1464493,
              38.751572
            ]
          ]
        ]
      }
    },
    {
      "type": "Feature",
      "properties": {
        "area_id": "EUA_1_Pro",
        "osm_uid": "cea/164",
        "osmid": "164",
        "element_type": "cea_zone",
        "building": "yes",
        "cea_name": "B1164",
        "intersection_area_m2": 172.5386587912594,
        "is_residential": true,
        "residential_source": "cea",
        "radiation_sum_kwh_year": 322654.2926875,
        "radiation_sum": 322654.2926875,
        "radiation_point_count": 285.0,
        "use_type1": "MULTI_RES",
        "use_type2": "NONE",
        "use_type3": "NONE",
        "resi_type": null,
        "comparison_status": "matched",
        "validation_radiation_kwh_year": 322654.2926875,
        "ucea_radiation_kwh_year": 278587.61999999924,
        "workflow0_radiation_kwh_year": null,
        "validation_area_m2": 172.5386587912594,
        "ucea_roofs_top_m2": 176.47,
        "err_ucea_minus_validation_kwh_year": -44066.67268750077,
        "err_ucea_abs_kwh_year": 44066.67268750077,
        "err_ucea_pct_of_validation": -0.13657550414238753,
        "err_ucea_area_minus_validation_m2": 3.931341208740605,
        "err_ucea_area_pct_of_validation": 0.022785277434530297,
        "err_workflow0_minus_validation_kwh_year": null,
        "err_workflow0_abs_kwh_year": null,
        "err_workflow0_pct_of_validation": null
      },
      "geometry": {
        "type": "Polygon",
        "coordinates": [
          [
            [
              -9.146530499999999,
              38.75172450000001
            ],
            [
              -9.146431,
              38.75175789999999
            ],
            [
              -9.146349899999999,
              38.7516035
            ],
            [
              -9.1464493,
              38.751572
            ],
            [
              -9.146530499999999,
              38.75172450000001
            ]
          ]
        ]
      }
    },
    {
      "type": "Feature",
      "properties": {
        "area_id": "EUA_1_Pro",
        "osm_uid": "cea/165",
        "osmid": "165",
        "element_type": "cea_zone",
        "building": "yes",
        "cea_name": "B1165",
        "intersection_area_m2": 180.95012060846994,
        "is_residential": true,
        "residential_source": "cea",
        "radiation_sum_kwh_year": 299006.33043750003,
        "radiation_sum": 299006.33043750003,
        "radiation_point_count": 300.0,
        "use_type1": "MULTI_RES",
        "use_type2": "NONE",
        "use_type3": "NONE",
        "resi_type": null,
        "comparison_status": "matched",
        "validation_radiation_kwh_year": 299006.33043750003,
        "ucea_radiation_kwh_year": 291927.91000000044,
        "workflow0_radiation_kwh_year": null,
        "validation_area_m2": 180.95012060846994,
        "ucea_roofs_top_m2": 183.61,
        "err_ucea_minus_validation_kwh_year": -7078.42043749959,
        "err_ucea_abs_kwh_year": 7078.42043749959,
        "err_ucea_pct_of_validation": -0.023673145739565405,
        "err_ucea_area_minus_validation_m2": 2.659879391530069,
        "err_ucea_area_pct_of_validation": 0.014699517096677552,
        "err_workflow0_minus_validation_kwh_year": null,
        "err_workflow0_abs_kwh_year": null,
        "err_workflow0_pct_of_validation": null
      },
      "geometry": {
        "type": "Polygon",
        "coordinates": [
          [
            [
              -9.1466184,
              38.751883599999985
            ],
            [
              -9.1465189,
              38.75191699999999
            ],
            [
              -9.146431,
              38.75175789999999
            ],
            [
              -9.146530499999999,
              38.75172450000001
            ],
            [
              -9.1466184,
              38.751883599999985
            ]
          ]
        ]
      }
    },
    {
      "type": "Feature",
      "properties": {
        "area_id": "EUA_1_Pro",
        "osm_uid": "cea/166",
        "osmid": "166",
        "element_type": "cea_zone",
        "building": "yes",
        "cea_name": "B1166",
        "intersection_area_m2": 136.69953952973822,
        "is_residential": true,
        "residential_source": "cea",
        "radiation_sum_kwh_year": 293293.668890625,
        "radiation_sum": 293293.668890625,
        "radiation_point_count": 225.0,
        "use_type1": "MULTI_RES",
        "use_type2": "NONE",
        "use_type3": "NONE",
        "resi_type": null,
        "comparison_status": "matched",
        "validation_radiation_kwh_year": 293293.668890625,
        "ucea_radiation_kwh_year": 232116.83999999947,
        "workflow0_radiation_kwh_year": null,
        "validation_area_m2": 136.69953952973822,
        "ucea_roofs_top_m2": 143.36,
        "err_ucea_minus_validation_kwh_year": -61176.82889062553,
        "err_ucea_abs_kwh_year": 61176.82889062553,
        "err_ucea_pct_of_validation": -0.2085855760951989,
        "err_ucea_area_minus_validation_m2": 6.660460470261796,
        "err_ucea_area_pct_of_validation": 0.04872335702939841,
        "err_workflow0_minus_validation_kwh_year": null,
        "err_workflow0_abs_kwh_year": null,
        "err_workflow0_pct_of_validation": null
      },
      "geometry": {
        "type": "Polygon",
        "coordinates": [
          [
            [
              -9.1459543,
              38.751374799999994
            ],
            [
              -9.146033999999998,
              38.7515266
            ],
            [
              -9.145990099999999,
              38.7515392
            ],
            [
              -9.1459543,
              38.7515513
            ],
            [
              -9.1458729,
              38.7514037
            ],
            [
              -9.1459543,
              38.751374799999994
            ]
          ]
        ]
      }
    },
    {
      "type": "Feature",
      "properties": {
        "area_id": "EUA_1_Pro",
        "osm_uid": "cea/167",
        "osmid": "167",
        "element_type": "cea_zone",
        "building": "yes",
        "cea_name": "B1167",
        "intersection_area_m2": 177.44237750926212,
        "is_residential": true,
        "residential_source": "cea",
        "radiation_sum_kwh_year": 325524.836359375,
        "radiation_sum": 325524.836359375,
        "radiation_point_count": 292.0,
        "use_type1": "MULTI_RES",
        "use_type2": "NONE",
        "use_type3": "NONE",
        "resi_type": null,
        "comparison_status": "matched",
        "validation_radiation_kwh_year": 325524.836359375,
        "ucea_radiation_kwh_year": 289680.1100000001,
        "workflow0_radiation_kwh_year": null,
        "validation_area_m2": 177.44237750926212,
        "ucea_roofs_top_m2": 180.31,
        "err_ucea_minus_validation_kwh_year": -35844.72635937488,
        "err_ucea_abs_kwh_year": 35844.72635937488,
        "err_ucea_pct_of_validation": -0.11011364527591004,
        "err_ucea_area_minus_validation_m2": 2.8676224907378867,
        "err_ucea_area_pct_of_validation": 0.016160866028681355,
        "err_workflow0_minus_validation_kwh_year": null,
        "err_workflow0_abs_kwh_year": null,
        "err_workflow0_pct_of_validation": null
      },
      "geometry": {
        "type": "Polygon",
        "coordinates": [
          [
            [
              -9.146076599999999,
              38.7516944
            ],
            [
              -9.1459759,
              38.75172799999999
            ],
            [
              -9.1458908,
              38.75157269999999
            ],
            [
              -9.1459543,
              38.7515513
            ],
            [
              -9.145990099999999,
              38.7515392
            ],
            [
              -9.146076599999999,
              38.7516944
            ]
          ]
        ]
      }
    },
    {
      "type": "Feature",
      "properties": {
        "area_id": "EUA_1_Pro",
        "osm_uid": "cea/168",
        "osmid": "168",
        "element_type": "cea_zone",
        "building": "yes",
        "cea_name": "B1168",
        "intersection_area_m2": 180.2927807072308,
        "is_residential": true,
        "residential_source": "cea",
        "radiation_sum_kwh_year": 315260.88571875,
        "radiation_sum": 315260.88571875,
        "radiation_point_count": 298.0,
        "use_type1": "MULTI_RES",
        "use_type2": "NONE",
        "use_type3": "NONE",
        "resi_type": null,
        "comparison_status": "matched",
        "validation_radiation_kwh_year": 315260.88571875,
        "ucea_radiation_kwh_year": 295020.3500000004,
        "workflow0_radiation_kwh_year": null,
        "validation_area_m2": 180.2927807072308,
        "ucea_roofs_top_m2": 183.73,
        "err_ucea_minus_validation_kwh_year": -20240.535718749627,
        "err_ucea_abs_kwh_year": 20240.535718749627,
        "err_ucea_pct_of_validation": -0.06420249588718906,
        "err_ucea_area_minus_validation_m2": 3.4372192927691856,
        "err_ucea_area_pct_of_validation": 0.01906465294553712,
        "err_workflow0_minus_validation_kwh_year": null,
        "err_workflow0_abs_kwh_year": null,
        "err_workflow0_pct_of_validation": null
      },
      "geometry": {
        "type": "Polygon",
        "coordinates": [
          [
            [
              -9.1460621,
              38.7518853
            ],
            [
              -9.1459759,
              38.75172799999999
            ],
            [
              -9.146076599999999,
              38.7516944
            ],
            [
              -9.1461623,
              38.75185299999999
            ],
            [
              -9.1460621,
              38.7518853
            ]
          ]
        ]
      }
    },
    {
      "type": "Feature",
      "properties": {
        "area_id": "EUA_1_Pro",
        "osm_uid": "cea/169",
        "osmid": "169",
        "element_type": "cea_zone",
        "building": "yes",
        "cea_name": "B1169",
        "intersection_area_m2": 177.16366769373008,
        "is_residential": true,
        "residential_source": "cea",
        "radiation_sum_kwh_year": 272393.689078125,
        "radiation_sum": 272393.689078125,
        "radiation_point_count": 291.0,
        "use_type1": "MULTI_RES",
        "use_type2": "NONE",
        "use_type3": "NONE",
        "resi_type": null,
        "comparison_status": "matched",
        "validation_radiation_kwh_year": 272393.689078125,
        "ucea_radiation_kwh_year": 285752.1199999999,
        "workflow0_radiation_kwh_year": null,
        "validation_area_m2": 177.16366769373008,
        "ucea_roofs_top_m2": 178.87,
        "err_ucea_minus_validation_kwh_year": 13358.430921874882,
        "err_ucea_abs_kwh_year": 13358.430921874882,
        "err_ucea_pct_of_validation": 0.04904089726558813,
        "err_ucea_area_minus_validation_m2": 1.7063323062699283,
        "err_ucea_area_pct_of_validation": 0.009631389598570139,
        "err_workflow0_minus_validation_kwh_year": null,
        "err_workflow0_abs_kwh_year": null,
        "err_workflow0_pct_of_validation": null
      },
      "geometry": {
        "type": "Polygon",
        "coordinates": [
          [
            [
              -9.1461623,
              38.75185299999999
            ],
            [
              -9.1462452,
              38.75200980000001
            ],
            [
              -9.146145099999998,
              38.752041999999996
            ],
            [
              -9.1460621,
              38.7518853
            ],
            [
              -9.1461623,
              38.75185299999999
            ]
          ]
        ]
      }
    },
    {
      "type": "Feature",
      "properties": {
        "area_id": "EUA_1_Pro",
        "osm_uid": "cea/170",
        "osmid": "170",
        "element_type": "cea_zone",
        "building": "yes",
        "cea_name": "B1170",
        "intersection_area_m2": 142.77089203090168,
        "is_residential": true,
        "residential_source": "cea",
        "radiation_sum_kwh_year": 215571.840625,
        "radiation_sum": 215571.840625,
        "radiation_point_count": 237.0,
        "use_type1": "MULTI_RES",
        "use_type2": "NONE",
        "use_type3": "NONE",
        "resi_type": null,
        "comparison_status": "matched",
        "validation_radiation_kwh_year": 215571.840625,
        "ucea_radiation_kwh_year": 231604.41999999955,
        "workflow0_radiation_kwh_year": null,
        "validation_area_m2": 142.77089203090168,
        "ucea_roofs_top_m2": 145.44,
        "err_ucea_minus_validation_kwh_year": 16032.579374999536,
        "err_ucea_abs_kwh_year": 16032.579374999536,
        "err_ucea_pct_of_validation": 0.07437232677754585,
        "err_ucea_area_minus_validation_m2": 2.66910796909832,
        "err_ucea_area_pct_of_validation": 0.018695043024040306,
        "err_workflow0_minus_validation_kwh_year": null,
        "err_workflow0_abs_kwh_year": null,
        "err_workflow0_pct_of_validation": null
      },
      "geometry": {
        "type": "Polygon",
        "coordinates": [
          [
            [
              -9.1454677,
              38.75138309999999
            ],
            [
              -9.145655499999998,
              38.75132229999999
            ],
            [
              -9.1456915,
              38.7513896
            ],
            [
              -9.145503299999998,
              38.7514502
            ],
            [
              -9.1454677,
              38.75138309999999
            ]
          ]
        ]
      }
    },
    {
      "type": "Feature",
      "properties": {
        "area_id": "EUA_1_Pro",
        "osm_uid": "cea/171",
        "osmid": "171",
        "element_type": "cea_zone",
        "building": "yes",
        "cea_name": "B1171",
        "intersection_area_m2": 150.53566437004977,
        "is_residential": true,
        "residential_source": "cea",
        "radiation_sum_kwh_year": 239983.787015625,
        "radiation_sum": 239983.787015625,
        "radiation_point_count": 247.0,
        "use_type1": "MULTI_RES",
        "use_type2": "NONE",
        "use_type3": "NONE",
        "resi_type": null,
        "comparison_status": "matched",
        "validation_radiation_kwh_year": 239983.787015625,
        "ucea_radiation_kwh_year": 243726.13999999996,
        "workflow0_radiation_kwh_year": null,
        "validation_area_m2": 150.53566437004977,
        "ucea_roofs_top_m2": 153.14,
        "err_ucea_minus_validation_kwh_year": 3742.352984374942,
        "err_ucea_abs_kwh_year": 3742.352984374942,
        "err_ucea_pct_of_validation": 0.01559419088645052,
        "err_ucea_area_minus_validation_m2": 2.6043356299502136,
        "err_ucea_area_pct_of_validation": 0.017300455947423753,
        "err_workflow0_minus_validation_kwh_year": null,
        "err_workflow0_abs_kwh_year": null,
        "err_workflow0_pct_of_validation": null
      },
      "geometry": {
        "type": "Polygon",
        "coordinates": [
          [
            [
              -9.145853199999998,
              38.751257999999986
            ],
            [
              -9.1458892,
              38.75132519999999
            ],
            [
              -9.1456915,
              38.7513896
            ],
            [
              -9.145655499999998,
              38.75132229999999
            ],
            [
              -9.145853199999998,
              38.751257999999986
            ]
          ]
        ]
      }
    },
    {
      "type": "Feature",
      "properties": {
        "area_id": "EUA_1_Pro",
        "osm_uid": "cea/172",
        "osmid": "172",
        "element_type": "cea_zone",
        "building": "yes",
        "cea_name": "B1172",
        "intersection_area_m2": 136.5281056747924,
        "is_residential": true,
        "residential_source": "cea",
        "radiation_sum_kwh_year": 221363.7965625,
        "radiation_sum": 221363.7965625,
        "radiation_point_count": 224.0,
        "use_type1": "MULTI_RES",
        "use_type2": "NONE",
        "use_type3": "NONE",
        "resi_type": null,
        "comparison_status": "matched",
        "validation_radiation_kwh_year": 221363.7965625,
        "ucea_radiation_kwh_year": 221930.38999999987,
        "workflow0_radiation_kwh_year": null,
        "validation_area_m2": 136.5281056747924,
        "ucea_roofs_top_m2": 138.12,
        "err_ucea_minus_validation_kwh_year": 566.5934374998615,
        "err_ucea_abs_kwh_year": 566.5934374998615,
        "err_ucea_pct_of_validation": 0.002559557824261878,
        "err_ucea_area_minus_validation_m2": 1.5918943252075906,
        "err_ucea_area_pct_of_validation": 0.011659828702226744,
        "err_workflow0_minus_validation_kwh_year": null,
        "err_workflow0_abs_kwh_year": null,
        "err_workflow0_pct_of_validation": null
      },
      "geometry": {
        "type": "Polygon",
        "coordinates": [
          [
            [
              -9.1455831,
              38.7515002
            ],
            [
              -9.145663,
              38.7516471
            ],
            [
              -9.1456232,
              38.75166050000001
            ],
            [
              -9.1455815,
              38.7516743
            ],
            [
              -9.145501499999998,
              38.75152719999999
            ],
            [
              -9.1455831,
              38.7515002
            ]
          ]
        ]
      }
    },
    {
      "type": "Feature",
      "properties": {
        "area_id": "EUA_1_Pro",
        "osm_uid": "cea/173",
        "osmid": "173",
        "element_type": "cea_zone",
        "building": "yes",
        "cea_name": "B1173",
        "intersection_area_m2": 173.1160933427348,
        "is_residential": true,
        "residential_source": "cea",
        "radiation_sum_kwh_year": 322870.4523125,
        "radiation_sum": 322870.4523125,
        "radiation_point_count": 286.0,
        "use_type1": "MULTI_RES",
        "use_type2": "NONE",
        "use_type3": "NONE",
        "resi_type": null,
        "comparison_status": "matched",
        "validation_radiation_kwh_year": 322870.4523125,
        "ucea_radiation_kwh_year": 284308.88000000035,
        "workflow0_radiation_kwh_year": null,
        "validation_area_m2": 173.1160933427348,
        "ucea_roofs_top_m2": 175.85,
        "err_ucea_minus_validation_kwh_year": -38561.57231249963,
        "err_ucea_abs_kwh_year": 38561.57231249963,
        "err_ucea_pct_of_validation": -0.11943357478613942,
        "err_ucea_area_minus_validation_m2": 2.7339066572651802,
        "err_ucea_area_pct_of_validation": 0.01579233105643505,
        "err_workflow0_minus_validation_kwh_year": null,
        "err_workflow0_abs_kwh_year": null,
        "err_workflow0_pct_of_validation": null
      },
      "geometry": {
        "type": "Polygon",
        "coordinates": [
          [
            [
              -9.1458064,
              38.751783899999985
            ],
            [
              -9.1457089,
              38.75181619999999
            ],
            [
              -9.1456232,
              38.75166050000001
            ],
            [
              -9.145663,
              38.7516471
            ],
            [
              -9.1457202,
              38.7516278
            ],
            [
              -9.1458064,
              38.751783899999985
            ]
          ]
        ]
      }
    },
    {
      "type": "Feature",
      "properties": {
        "area_id": "EUA_1_Pro",
        "osm_uid": "cea/174",
        "osmid": "174",
        "element_type": "cea_zone",
        "building": "yes",
        "cea_name": "B1174",
        "intersection_area_m2": 172.97653110219045,
        "is_residential": true,
        "residential_source": "cea",
        "radiation_sum_kwh_year": 332602.18475,
        "radiation_sum": 332602.18475,
        "radiation_point_count": 284.0,
        "use_type1": "MULTI_RES",
        "use_type2": "NONE",
        "use_type3": "NONE",
        "resi_type": null,
        "comparison_status": "matched",
        "validation_radiation_kwh_year": 332602.18475,
        "ucea_radiation_kwh_year": 278866.6500000007,
        "workflow0_radiation_kwh_year": null,
        "validation_area_m2": 172.97653110219045,
        "ucea_roofs_top_m2": 175.2,
        "err_ucea_minus_validation_kwh_year": -53735.53474999929,
        "err_ucea_abs_kwh_year": 53735.53474999929,
        "err_ucea_pct_of_validation": -0.16156097949383447,
        "err_ucea_area_minus_validation_m2": 2.223468897809539,
        "err_ucea_area_pct_of_validation": 0.01285416514969864,
        "err_workflow0_minus_validation_kwh_year": null,
        "err_workflow0_abs_kwh_year": null,
        "err_workflow0_pct_of_validation": null
      },
      "geometry": {
        "type": "Polygon",
        "coordinates": [
          [
            [
              -9.145891499999998,
              38.7519387
            ],
            [
              -9.1457933,
              38.7519716
            ],
            [
              -9.1457089,
              38.75181619999999
            ],
            [
              -9.1458064,
              38.751783899999985
            ],
            [
              -9.145891499999998,
              38.7519387
            ]
          ]
        ]
      }
    },
    {
      "type": "Feature",
      "properties": {
        "area_id": "EUA_1_Pro",
        "osm_uid": "cea/175",
        "osmid": "175",
        "element_type": "cea_zone",
        "building": "yes",
        "cea_name": "B1175",
        "intersection_area_m2": 176.79396282302014,
        "is_residential": true,
        "residential_source": "cea",
        "radiation_sum_kwh_year": 285590.181515625,
        "radiation_sum": 285590.181515625,
        "radiation_point_count": 290.0,
        "use_type1": "MULTI_RES",
        "use_type2": "NONE",
        "use_type3": "NONE",
        "resi_type": null,
        "comparison_status": "matched",
        "validation_radiation_kwh_year": 285590.181515625,
        "ucea_radiation_kwh_year": 282783.01999999967,
        "workflow0_radiation_kwh_year": null,
        "validation_area_m2": 176.79396282302014,
        "ucea_roofs_top_m2": 178.42,
        "err_ucea_minus_validation_kwh_year": -2807.16151562531,
        "err_ucea_abs_kwh_year": 2807.16151562531,
        "err_ucea_pct_of_validation": -0.009829334820713109,
        "err_ucea_area_minus_validation_m2": 1.6260371769798496,
        "err_ucea_area_pct_of_validation": 0.009197356917711022,
        "err_workflow0_minus_validation_kwh_year": null,
        "err_workflow0_abs_kwh_year": null,
        "err_workflow0_pct_of_validation": null
      },
      "geometry": {
        "type": "Polygon",
        "coordinates": [
          [
            [
              -9.145891499999998,
              38.7519387
            ],
            [
              -9.1459784,
              38.75209629999999
            ],
            [
              -9.1458802,
              38.752129199999985
            ],
            [
              -9.1457933,
              38.7519716
            ],
            [
              -9.145891499999998,
              38.7519387
            ]
          ]
        ]
      }
    },
    {
      "type": "Feature",
      "properties": {
        "area_id": "EUA_1_Pro",
        "osm_uid": "cea/176",
        "osmid": "176",
        "element_type": "cea_zone",
        "building": "yes",
        "cea_name": "B1176",
        "intersection_area_m2": 182.368012611976,
        "is_residential": true,
        "residential_source": "cea",
        "radiation_sum_kwh_year": 261988.192890625,
        "radiation_sum": 261988.192890625,
        "radiation_point_count": 230.0,
        "use_type1": "MULTI_RES",
        "use_type2": "NONE",
        "use_type3": "NONE",
        "resi_type": null,
        "comparison_status": "matched",
        "validation_radiation_kwh_year": 261988.192890625,
        "ucea_radiation_kwh_year": 272699.589999999,
        "workflow0_radiation_kwh_year": null,
        "validation_area_m2": 182.368012611976,
        "ucea_roofs_top_m2": 186.99,
        "err_ucea_minus_validation_kwh_year": 10711.397109373967,
        "err_ucea_abs_kwh_year": 10711.397109373967,
        "err_ucea_pct_of_validation": 0.04088503757055101,
        "err_ucea_area_minus_validation_m2": 4.621987388023996,
        "err_ucea_area_pct_of_validation": 0.025344287749947614,
        "err_workflow0_minus_validation_kwh_year": null,
        "err_workflow0_abs_kwh_year": null,
        "err_workflow0_pct_of_validation": null
      },
      "geometry": {
        "type": "Polygon",
        "coordinates": [
          [
            [
              -9.1453894,
              38.7521014
            ],
            [
              -9.145491099999997,
              38.75206969999999
            ],
            [
              -9.1455768,
              38.752228299999985
            ],
            [
              -9.1454767,
              38.7522618
            ],
            [
              -9.1453894,
              38.7521014
            ]
          ]
        ]
      }
    },
    {
      "type": "Feature",
      "properties": {
        "area_id": "EUA_1_Pro",
        "osm_uid": "cea/177",
        "osmid": "177",
        "element_type": "cea_zone",
        "building": "yes",
        "cea_name": "B1177",
        "intersection_area_m2": 178.03078471455825,
        "is_residential": true,
        "residential_source": "cea",
        "radiation_sum_kwh_year": 35866.436375,
        "radiation_sum": 35866.436375,
        "radiation_point_count": 190.0,
        "use_type1": "MULTI_RES",
        "use_type2": "NONE",
        "use_type3": "NONE",
        "resi_type": null,
        "comparison_status": "matched",
        "validation_radiation_kwh_year": 35866.436375,
        "ucea_radiation_kwh_year": 274335.38000000024,
        "workflow0_radiation_kwh_year": null,
        "validation_area_m2": 178.03078471455825,
        "ucea_roofs_top_m2": 185.01,
        "err_ucea_minus_validation_kwh_year": 238468.94362500025,
        "err_ucea_abs_kwh_year": 238468.94362500025,
        "err_ucea_pct_of_validation": 6.648805059183978,
        "err_ucea_area_minus_validation_m2": 6.9792152854417395,
        "err_ucea_area_pct_of_validation": 0.039202294685336085,
        "err_workflow0_minus_validation_kwh_year": null,
        "err_workflow0_abs_kwh_year": null,
        "err_workflow0_pct_of_validation": null
      },
      "geometry": {
        "type": "Polygon",
        "coordinates": [
          [
            [
              -9.145408399999999,
              38.751912299999994
            ],
            [
              -9.145491099999997,
              38.75206969999999
            ],
            [
              -9.1453894,
              38.7521014
            ],
            [
              -9.1453082,
              38.75194650000001
            ],
            [
              -9.145408399999999,
              38.751912299999994
            ]
          ]
        ]
      }
    },
    {
      "type": "Feature",
      "properties": {
        "area_id": "EUA_1_Pro",
        "osm_uid": "cea/179",
        "osmid": "179",
        "element_type": "cea_zone",
        "building": "yes",
        "cea_name": "B1179",
        "intersection_area_m2": 90.6691902210128,
        "is_residential": true,
        "residential_source": "cea",
        "radiation_sum_kwh_year": 140316.55540625,
        "radiation_sum": 140316.55540625,
        "radiation_point_count": 149.0,
        "use_type1": "MULTI_RES",
        "use_type2": "NONE",
        "use_type3": "NONE",
        "resi_type": null,
        "comparison_status": "matched",
        "validation_radiation_kwh_year": 140316.55540625,
        "ucea_radiation_kwh_year": 148860.11000000016,
        "workflow0_radiation_kwh_year": null,
        "validation_area_m2": 90.6691902210128,
        "ucea_roofs_top_m2": 92.52,
        "err_ucea_minus_validation_kwh_year": 8543.55459375016,
        "err_ucea_abs_kwh_year": 8543.55459375016,
        "err_ucea_pct_of_validation": 0.060887716128824036,
        "err_ucea_area_minus_validation_m2": 1.8508097789871982,
        "err_ucea_area_pct_of_validation": 0.020412774995295688,
        "err_workflow0_minus_validation_kwh_year": null,
        "err_workflow0_abs_kwh_year": null,
        "err_workflow0_pct_of_validation": null
      },
      "geometry": {
        "type": "Polygon",
        "coordinates": [
          [
            [
              -9.146199399999999,
              38.7511117
            ],
            [
              -9.146258099999999,
              38.751221199999996
            ],
            [
              -9.146185499999998,
              38.751244899999996
            ],
            [
              -9.146126,
              38.7511341
            ],
            [
              -9.146199399999999,
              38.7511117
            ]
          ]
        ]
      }
    },
    {
      "type": "Feature",
      "properties": {
        "area_id": "EUA_1_Pro",
        "osm_uid": "cea/180",
        "osmid": "180",
        "element_type": "cea_zone",
        "building": "yes",
        "cea_name": "B1180",
        "intersection_area_m2": 185.99539035435222,
        "is_residential": true,
        "residential_source": "cea",
        "radiation_sum_kwh_year": 311076.7354375,
        "radiation_sum": 311076.7354375,
        "radiation_point_count": 307.0,
        "use_type1": "MULTI_RES",
        "use_type2": "NONE",
        "use_type3": "NONE",
        "resi_type": null,
        "comparison_status": "matched",
        "validation_radiation_kwh_year": 311076.7354375,
        "ucea_radiation_kwh_year": 302394.0699999983,
        "workflow0_radiation_kwh_year": null,
        "validation_area_m2": 185.99539035435222,
        "ucea_roofs_top_m2": 187.85,
        "err_ucea_minus_validation_kwh_year": -8682.66543750168,
        "err_ucea_abs_kwh_year": 8682.66543750168,
        "err_ucea_pct_of_validation": -0.027911651526400176,
        "err_ucea_area_minus_validation_m2": 1.8546096456477699,
        "err_ucea_area_pct_of_validation": 0.009971266718569903,
        "err_workflow0_minus_validation_kwh_year": null,
        "err_workflow0_abs_kwh_year": null,
        "err_workflow0_pct_of_validation": null
      },
      "geometry": {
        "type": "Polygon",
        "coordinates": [
          [
            [
              -9.146097099999999,
              38.7511429
            ],
            [
              -9.1460209,
              38.750991199999994
            ],
            [
              -9.146015099999998,
              38.7509795
            ],
            [
              -9.1460256,
              38.750976299999984
            ],
            [
              -9.1461174,
              38.750948199999996
            ],
            [
              -9.146199399999999,
              38.7511117
            ],
            [
              -9.146126,
              38.7511341
            ],
            [
              -9.146097099999999,
              38.7511429
            ]
          ]
        ]
      }
    },
    {
      "type": "Feature",
      "properties": {
        "area_id": "EUA_1_Pro",
        "osm_uid": "cea/181",
        "osmid": "181",
        "element_type": "cea_zone",
        "building": "yes",
        "cea_name": "B1181",
        "intersection_area_m2": 182.2500582624662,
        "is_residential": true,
        "residential_source": "cea",
        "radiation_sum_kwh_year": 305791.469921875,
        "radiation_sum": 305791.469921875,
        "radiation_point_count": 301.0,
        "use_type1": "MULTI_RES",
        "use_type2": "NONE",
        "use_type3": "NONE",
        "resi_type": null,
        "comparison_status": "matched",
        "validation_radiation_kwh_year": 305791.469921875,
        "ucea_radiation_kwh_year": 301290.17000000033,
        "workflow0_radiation_kwh_year": null,
        "validation_area_m2": 182.2500582624662,
        "ucea_roofs_top_m2": 189.22,
        "err_ucea_minus_validation_kwh_year": -4501.299921874655,
        "err_ucea_abs_kwh_year": 4501.299921874655,
        "err_ucea_pct_of_validation": -0.0147201618247385,
        "err_ucea_area_minus_validation_m2": 6.969941737533787,
        "err_ucea_area_pct_of_validation": 0.03824383818575285,
        "err_workflow0_minus_validation_kwh_year": null,
        "err_workflow0_abs_kwh_year": null,
        "err_workflow0_pct_of_validation": null
      },
      "geometry": {
        "type": "Polygon",
        "coordinates": [
          [
            [
              -9.145816099999998,
              38.751040299999985
            ],
            [
              -9.1457809,
              38.750977099999986
            ],
            [
              -9.145990599999998,
              38.750908899999985
            ],
            [
              -9.1460256,
              38.750976299999984
            ],
            [
              -9.146015099999998,
              38.7509795
            ],
            [
              -9.1460209,
              38.750991199999994
            ],
            [
              -9.1458231,
              38.751053799999994
            ],
            [
              -9.145816099999998,
              38.751040299999985
            ]
          ]
        ]
      }
    },
    {
      "type": "Feature",
      "properties": {
        "area_id": "EUA_1_Pro",
        "osm_uid": "cea/182",
        "osmid": "182",
        "element_type": "cea_zone",
        "building": "yes",
        "cea_name": "B1182",
        "intersection_area_m2": 137.66322829736882,
        "is_residential": true,
        "residential_source": "cea",
        "radiation_sum_kwh_year": 242378.68171875,
        "radiation_sum": 242378.68171875,
        "radiation_point_count": 228.0,
        "use_type1": "MULTI_RES",
        "use_type2": "NONE",
        "use_type3": "NONE",
        "resi_type": null,
        "comparison_status": "matched",
        "validation_radiation_kwh_year": 242378.68171875,
        "ucea_radiation_kwh_year": 222164.03999999948,
        "workflow0_radiation_kwh_year": null,
        "validation_area_m2": 137.66322829736882,
        "ucea_roofs_top_m2": 137.66,
        "err_ucea_minus_validation_kwh_year": -20214.64171875053,
        "err_ucea_abs_kwh_year": 20214.64171875053,
        "err_ucea_pct_of_validation": -0.08340107131289326,
        "err_ucea_area_minus_validation_m2": -0.0032282973688211314,
        "err_ucea_area_pct_of_validation": -2.3450687658200403e-05,
        "err_workflow0_minus_validation_kwh_year": null,
        "err_workflow0_abs_kwh_year": null,
        "err_workflow0_pct_of_validation": null
      },
      "geometry": {
        "type": "Polygon",
        "coordinates": [
          [
            [
              -9.1455928,
              38.7510399
            ],
            [
              -9.1457809,
              38.750977099999986
            ],
            [
              -9.145816099999998,
              38.751040299999985
            ],
            [
              -9.1456292,
              38.75110469999999
            ],
            [
              -9.1455928,
              38.7510399
            ]
          ]
        ]
      }
    },
    {
      "type": "Feature",
      "properties": {
        "area_id": "EUA_1_Pro",
        "osm_uid": "cea/183",
        "osmid": "183",
        "element_type": "cea_zone",
        "building": "yes",
        "cea_name": "B1183",
        "intersection_area_m2": 127.47381614836202,
        "is_residential": true,
        "residential_source": "cea",
        "radiation_sum_kwh_year": 191962.20589062502,
        "radiation_sum": 191962.20589062502,
        "radiation_point_count": 206.0,
        "use_type1": "MULTI_RES",
        "use_type2": "NONE",
        "use_type3": "NONE",
        "resi_type": null,
        "comparison_status": "matched",
        "validation_radiation_kwh_year": 191962.20589062502,
        "ucea_radiation_kwh_year": 205555.2499999996,
        "workflow0_radiation_kwh_year": null,
        "validation_area_m2": 127.47381614836202,
        "ucea_roofs_top_m2": 127.47,
        "err_ucea_minus_validation_kwh_year": 13593.044109374576,
        "err_ucea_abs_kwh_year": 13593.044109374576,
        "err_ucea_pct_of_validation": 0.07081104348800582,
        "err_ucea_area_minus_validation_m2": -0.0038161483620200443,
        "err_ucea_area_pct_of_validation": -2.9936723299932995e-05,
        "err_workflow0_minus_validation_kwh_year": null,
        "err_workflow0_abs_kwh_year": null,
        "err_workflow0_pct_of_validation": null
      },
      "geometry": {
        "type": "Polygon",
        "coordinates": [
          [
            [
              -9.1454232,
              38.751096899999986
            ],
            [
              -9.1455928,
              38.7510399
            ],
            [
              -9.1456292,
              38.75110469999999
            ],
            [
              -9.1454594,
              38.7511632
            ],
            [
              -9.1454232,
              38.751096899999986
            ]
          ]
        ]
      }
    },
    {
      "type": "Feature",
      "properties": {
        "area_id": "EUA_1_Pro",
        "osm_uid": "cea/184",
        "osmid": "184",
        "element_type": "cea_zone",
        "building": "yes",
        "cea_name": "B1184",
        "intersection_area_m2": 139.12405902588574,
        "is_residential": true,
        "residential_source": "cea",
        "radiation_sum_kwh_year": 5500.9895,
        "radiation_sum": 5500.9895,
        "radiation_point_count": 97.0,
        "use_type1": "MULTI_RES",
        "use_type2": "NONE",
        "use_type3": "NONE",
        "resi_type": null,
        "comparison_status": "matched",
        "validation_radiation_kwh_year": 5500.9895,
        "ucea_radiation_kwh_year": 224439.74999999965,
        "workflow0_radiation_kwh_year": null,
        "validation_area_m2": 139.12405902588574,
        "ucea_roofs_top_m2": 138.94,
        "err_ucea_minus_validation_kwh_year": 218938.76049999965,
        "err_ucea_abs_kwh_year": 218938.76049999965,
        "err_ucea_pct_of_validation": 39.799887002147464,
        "err_ucea_area_minus_validation_m2": -0.18405902588574463,
        "err_ucea_area_pct_of_validation": -0.0013229848753298534,
        "err_workflow0_minus_validation_kwh_year": null,
        "err_workflow0_abs_kwh_year": null,
        "err_workflow0_pct_of_validation": null
      },
      "geometry": {
        "type": "Polygon",
        "coordinates": [
          [
            [
              -9.145275,
              38.75122449999999
            ],
            [
              -9.1452394,
              38.751158399999994
            ],
            [
              -9.1452397,
              38.75115789999998
            ],
            [
              -9.1454232,
              38.751096899999986
            ],
            [
              -9.1454594,
              38.7511632
            ],
            [
              -9.145275,
              38.75122449999999
            ]
          ]
        ]
      }
    },
    {
      "type": "Feature",
      "properties": {
        "area_id": "EUA_1_Pro",
        "osm_uid": "cea/187",
        "osmid": "187",
        "element_type": "cea_zone",
        "building": "yes",
        "cea_name": "B1187",
        "intersection_area_m2": 260.2555420115263,
        "is_residential": true,
        "residential_source": "cea",
        "radiation_sum_kwh_year": 500135.620671875,
        "radiation_sum": 500135.620671875,
        "radiation_point_count": 430.0,
        "use_type1": "MULTI_RES",
        "use_type2": "NONE",
        "use_type3": "NONE",
        "resi_type": null,
        "comparison_status": "matched",
        "validation_radiation_kwh_year": 500135.620671875,
        "ucea_radiation_kwh_year": 426255.57000000007,
        "workflow0_radiation_kwh_year": null,
        "validation_area_m2": 260.2555420115263,
        "ucea_roofs_top_m2": 265.78,
        "err_ucea_minus_validation_kwh_year": -73880.05067187495,
        "err_ucea_abs_kwh_year": 73880.05067187495,
        "err_ucea_pct_of_validation": -0.14772003356334737,
        "err_ucea_area_minus_validation_m2": 5.524457988473671,
        "err_ucea_area_pct_of_validation": 0.021227052249396486,
        "err_workflow0_minus_validation_kwh_year": null,
        "err_workflow0_abs_kwh_year": null,
        "err_workflow0_pct_of_validation": null
      },
      "geometry": {
        "type": "Polygon",
        "coordinates": [
          [
            [
              -9.1462111,
              38.75222039999999
            ],
            [
              -9.1461635,
              38.75213489999999
            ],
            [
              -9.146429200000002,
              38.7520452
            ],
            [
              -9.1464761,
              38.752131299999995
            ],
            [
              -9.1462111,
              38.75222039999999
            ]
          ]
        ]
      }
    },
    {
      "type": "Feature",
      "properties": {
        "area_id": "EUA_1_Pro",
        "osm_uid": "cea/188",
        "osmid": "188",
        "element_type": "cea_zone",
        "building": "yes",
        "cea_name": "B1188",
        "intersection_area_m2": 253.61051516371649,
        "is_residential": true,
        "residential_source": "cea",
        "radiation_sum_kwh_year": 518407.815421875,
        "radiation_sum": 518407.815421875,
        "radiation_point_count": 420.0,
        "use_type1": "MULTI_RES",
        "use_type2": "NONE",
        "use_type3": "NONE",
        "resi_type": null,
        "comparison_status": "matched",
        "validation_radiation_kwh_year": 518407.815421875,
        "ucea_radiation_kwh_year": 404336.4400000006,
        "workflow0_radiation_kwh_year": null,
        "validation_area_m2": 253.61051516371649,
        "ucea_roofs_top_m2": 257.05,
        "err_ucea_minus_validation_kwh_year": -114071.3754218744,
        "err_ucea_abs_kwh_year": 114071.3754218744,
        "err_ucea_pct_of_validation": -0.22004177411763032,
        "err_ucea_area_minus_validation_m2": 3.439484836283526,
        "err_ucea_area_pct_of_validation": 0.013562075034874603,
        "err_workflow0_minus_validation_kwh_year": null,
        "err_workflow0_abs_kwh_year": null,
        "err_workflow0_pct_of_validation": null
      },
      "geometry": {
        "type": "Polygon",
        "coordinates": [
          [
            [
              -9.1466879,
              38.75195949999999
            ],
            [
              -9.146734899999998,
              38.7520456
            ],
            [
              -9.1464761,
              38.752131299999995
            ],
            [
              -9.146429200000002,
              38.7520452
            ],
            [
              -9.1466879,
              38.75195949999999
            ]
          ]
        ]
      }
    },
    {
      "type": "Feature",
      "properties": {
        "area_id": "EUA_1_Pro",
        "osm_uid": "cea/189",
        "osmid": "189",
        "element_type": "cea_zone",
        "building": "yes",
        "cea_name": "B1189",
        "intersection_area_m2": 231.3998515584731,
        "is_residential": true,
        "residential_source": "cea",
        "radiation_sum_kwh_year": 379772.98478125,
        "radiation_sum": 379772.98478125,
        "radiation_point_count": 380.0,
        "use_type1": "MULTI_RES",
        "use_type2": "NONE",
        "use_type3": "NONE",
        "resi_type": null,
        "comparison_status": "matched",
        "validation_radiation_kwh_year": 379772.98478125,
        "ucea_radiation_kwh_year": 377536.35999999905,
        "workflow0_radiation_kwh_year": null,
        "validation_area_m2": 231.3998515584731,
        "ucea_roofs_top_m2": 237.99,
        "err_ucea_minus_validation_kwh_year": -2236.6247812509537,
        "err_ucea_abs_kwh_year": 2236.6247812509537,
        "err_ucea_pct_of_validation": -0.005889373048847206,
        "err_ucea_area_minus_validation_m2": 6.590148441526907,
        "err_ucea_area_pct_of_validation": 0.028479484308837694,
        "err_workflow0_minus_validation_kwh_year": null,
        "err_workflow0_abs_kwh_year": null,
        "err_workflow0_pct_of_validation": null
      },
      "geometry": {
        "type": "Polygon",
        "coordinates": [
          [
            [
              -9.1463539,
              38.7524744
            ],
            [
              -9.1465991,
              38.75238929999999
            ],
            [
              -9.1466449,
              38.752473
            ],
            [
              -9.1463994,
              38.75255520000001
            ],
            [
              -9.1463539,
              38.7524744
            ]
          ]
        ]
      }
    },
    {
      "type": "Feature",
      "properties": {
        "area_id": "EUA_1_Pro",
        "osm_uid": "cea/190",
        "osmid": "190",
        "element_type": "cea_zone",
        "building": "yes",
        "cea_name": "B1190",
        "intersection_area_m2": 257.7667583610704,
        "is_residential": true,
        "residential_source": "cea",
        "radiation_sum_kwh_year": 476619.50559375,
        "radiation_sum": 476619.50559375,
        "radiation_point_count": 425.0,
        "use_type1": "MULTI_RES",
        "use_type2": "NONE",
        "use_type3": "NONE",
        "resi_type": null,
        "comparison_status": "matched",
        "validation_radiation_kwh_year": 476619.50559375,
        "ucea_radiation_kwh_year": 410644.5699999994,
        "workflow0_radiation_kwh_year": null,
        "validation_area_m2": 257.7667583610704,
        "ucea_roofs_top_m2": 261.15,
        "err_ucea_minus_validation_kwh_year": -65974.93559375056,
        "err_ucea_abs_kwh_year": 65974.93559375056,
        "err_ucea_pct_of_validation": -0.13842265123321404,
        "err_ucea_area_minus_validation_m2": 3.383241638929576,
        "err_ucea_area_pct_of_validation": 0.013125205361780795,
        "err_workflow0_minus_validation_kwh_year": null,
        "err_workflow0_abs_kwh_year": null,
        "err_workflow0_pct_of_validation": null
      },
      "geometry": {
        "type": "Polygon",
        "coordinates": [
          [
            [
              -9.1468693,
              38.752299400000005
            ],
            [
              -9.1469151,
              38.7523831
            ],
            [
              -9.1466449,
              38.752473
            ],
            [
              -9.1465991,
              38.75238929999999
            ],
            [
              -9.1468693,
              38.752299400000005
            ]
          ]
        ]
      }
    },
    {
      "type": "Feature",
      "properties": {
        "area_id": "EUA_1_Pro",
        "osm_uid": "cea/191",
        "osmid": "191",
        "element_type": "cea_zone",
        "building": "yes",
        "cea_name": "B1191",
        "intersection_area_m2": 241.60142415078306,
        "is_residential": true,
        "residential_source": "cea",
        "radiation_sum_kwh_year": 486733.2983359375,
        "radiation_sum": 486733.2983359375,
        "radiation_point_count": 400.0,
        "use_type1": "MULTI_RES",
        "use_type2": "NONE",
        "use_type3": "NONE",
        "resi_type": null,
        "comparison_status": "matched",
        "validation_radiation_kwh_year": 486733.2983359375,
        "ucea_radiation_kwh_year": 373181.4999999996,
        "workflow0_radiation_kwh_year": null,
        "validation_area_m2": 241.60142415078306,
        "ucea_roofs_top_m2": 246.22,
        "err_ucea_minus_validation_kwh_year": -113551.7983359379,
        "err_ucea_abs_kwh_year": 113551.7983359379,
        "err_ucea_pct_of_validation": -0.23329367175854446,
        "err_ucea_area_minus_validation_m2": 4.618575849216938,
        "err_ucea_area_pct_of_validation": 0.0191165092070587,
        "err_workflow0_minus_validation_kwh_year": null,
        "err_workflow0_abs_kwh_year": null,
        "err_workflow0_pct_of_validation": null
      },
      "geometry": {
        "type": "Polygon",
        "coordinates": [
          [
            [
              -9.145529700000003,
              38.75234309999999
            ],
            [
              -9.1457799,
              38.75226219999999
            ],
            [
              -9.145825,
              38.7523473
            ],
            [
              -9.1455758,
              38.752429
            ],
            [
              -9.145529700000003,
              38.75234309999999
            ]
          ]
        ]
      }
    },
    {
      "type": "Feature",
      "properties": {
        "area_id": "EUA_1_Pro",
        "osm_uid": "cea/192",
        "osmid": "192",
        "element_type": "cea_zone",
        "building": "yes",
        "cea_name": "B1192",
        "intersection_area_m2": 258.1596771816526,
        "is_residential": true,
        "residential_source": "cea",
        "radiation_sum_kwh_year": 507628.45707812504,
        "radiation_sum": 507628.45707812504,
        "radiation_point_count": 425.0,
        "use_type1": "MULTI_RES",
        "use_type2": "NONE",
        "use_type3": "NONE",
        "resi_type": null,
        "comparison_status": "matched",
        "validation_radiation_kwh_year": 507628.45707812504,
        "ucea_radiation_kwh_year": 411321.2000000004,
        "workflow0_radiation_kwh_year": null,
        "validation_area_m2": 258.1596771816526,
        "ucea_roofs_top_m2": 265.03,
        "err_ucea_minus_validation_kwh_year": -96307.25707812462,
        "err_ucea_abs_kwh_year": 96307.25707812462,
        "err_ucea_pct_of_validation": -0.18971997281725034,
        "err_ucea_area_minus_validation_m2": 6.870322818347347,
        "err_ucea_area_pct_of_validation": 0.026612687517086887,
        "err_workflow0_minus_validation_kwh_year": null,
        "err_workflow0_abs_kwh_year": null,
        "err_workflow0_pct_of_validation": null
      },
      "geometry": {
        "type": "Polygon",
        "coordinates": [
          [
            [
              -9.1457799,
              38.75226219999999
            ],
            [
              -9.1460487,
              38.7521755
            ],
            [
              -9.1460938,
              38.7522605
            ],
            [
              -9.145825,
              38.7523473
            ],
            [
              -9.1457799,
              38.75226219999999
            ]
          ]
        ]
      }
    },
    {
      "type": "Feature",
      "properties": {
        "area_id": "EUA_1_Pro",
        "osm_uid": "cea/193",
        "osmid": "193",
        "element_type": "cea_zone",
        "building": "yes",
        "cea_name": "B1193",
        "intersection_area_m2": 235.85415400334225,
        "is_residential": true,
        "residential_source": "cea",
        "radiation_sum_kwh_year": 454493.764484375,
        "radiation_sum": 454493.764484375,
        "radiation_point_count": 388.0,
        "use_type1": "MULTI_RES",
        "use_type2": "NONE",
        "use_type3": "NONE",
        "resi_type": null,
        "comparison_status": "matched",
        "validation_radiation_kwh_year": 454493.764484375,
        "ucea_radiation_kwh_year": 372701.9500000005,
        "workflow0_radiation_kwh_year": null,
        "validation_area_m2": 235.85415400334225,
        "ucea_roofs_top_m2": 236.49,
        "err_ucea_minus_validation_kwh_year": -81791.81448437454,
        "err_ucea_abs_kwh_year": 81791.81448437454,
        "err_ucea_pct_of_validation": -0.17996245686047568,
        "err_ucea_area_minus_validation_m2": 0.6358459966577641,
        "err_ucea_area_pct_of_validation": 0.0026959287587902886,
        "err_workflow0_minus_validation_kwh_year": null,
        "err_workflow0_abs_kwh_year": null,
        "err_workflow0_pct_of_validation": null
      },
      "geometry": {
        "type": "Polygon",
        "coordinates": [
          [
            [
              -9.145967099999998,
              38.75259859999999
            ],
            [
              -9.1460109,
              38.75267999999999
            ],
            [
              -9.1457559,
              38.7527637
            ],
            [
              -9.1457119,
              38.75268209999998
            ],
            [
              -9.145967099999998,
              38.75259859999999
            ]
          ]
        ]
      }
    },
    {
      "type": "Feature",
      "properties": {
        "area_id": "EUA_1_Pro",
        "osm_uid": "cea/194",
        "osmid": "194",
        "element_type": "cea_zone",
        "building": "yes",
        "cea_name": "B1194",
        "intersection_area_m2": 245.01354357281775,
        "is_residential": true,
        "residential_source": "cea",
        "radiation_sum_kwh_year": 460683.6483046875,
        "radiation_sum": 460683.6483046875,
        "radiation_point_count": 403.0,
        "use_type1": "MULTI_RES",
        "use_type2": "NONE",
        "use_type3": "NONE",
        "resi_type": null,
        "comparison_status": "matched",
        "validation_radiation_kwh_year": 460683.6483046875,
        "ucea_radiation_kwh_year": 382863.7300000007,
        "workflow0_radiation_kwh_year": null,
        "validation_area_m2": 245.01354357281775,
        "ucea_roofs_top_m2": 247.87,
        "err_ucea_minus_validation_kwh_year": -77819.91830468684,
        "err_ucea_abs_kwh_year": 77819.91830468684,
        "err_ucea_pct_of_validation": -0.1689226839091502,
        "err_ucea_area_minus_validation_m2": 2.856456427182252,
        "err_ucea_area_pct_of_validation": 0.011658361352311597,
        "err_workflow0_minus_validation_kwh_year": null,
        "err_workflow0_abs_kwh_year": null,
        "err_workflow0_pct_of_validation": null
      },
      "geometry": {
        "type": "Polygon",
        "coordinates": [
          [
            [
              -9.145967099999998,
              38.75259859999999
            ],
            [
              -9.1462327,
              38.75251179999999
            ],
            [
              -9.146276499999999,
              38.7525931
            ],
            [
              -9.1460109,
              38.75267999999999
            ],
            [
              -9.145967099999998,
              38.75259859999999
            ]
          ]
        ]
      }
    },
    {
      "type": "Feature",
      "properties": {
        "area_id": "EUA_1_Pro",
        "osm_uid": "cea/195",
        "osmid": "195",
        "element_type": "cea_zone",
        "building": "yes",
        "cea_name": "B1195",
        "intersection_area_m2": 145.95781184339836,
        "is_residential": true,
        "residential_source": "cea",
        "radiation_sum_kwh_year": 223355.429,
        "radiation_sum": 223355.429,
        "radiation_point_count": 239.0,
        "use_type1": "MULTI_RES",
        "use_type2": "NONE",
        "use_type3": "NONE",
        "resi_type": null,
        "comparison_status": "matched",
        "validation_radiation_kwh_year": 223355.429,
        "ucea_radiation_kwh_year": 238655.73,
        "workflow0_radiation_kwh_year": null,
        "validation_area_m2": 145.95781184339836,
        "ucea_roofs_top_m2": 149.14,
        "err_ucea_minus_validation_kwh_year": 15300.301000000007,
        "err_ucea_abs_kwh_year": 15300.301000000007,
        "err_ucea_pct_of_validation": 0.06850203314287923,
        "err_ucea_area_minus_validation_m2": 3.182188156601626,
        "err_ucea_area_pct_of_validation": 0.021802109228767227,
        "err_workflow0_minus_validation_kwh_year": null,
        "err_workflow0_abs_kwh_year": null,
        "err_workflow0_pct_of_validation": null
      },
      "geometry": {
        "type": "Polygon",
        "coordinates": [
          [
            [
              -9.147837800000001,
              38.752982799999984
            ],
            [
              -9.148025899999999,
              38.7529207
            ],
            [
              -9.1480615,
              38.75298999999999
            ],
            [
              -9.1478756,
              38.753051199999994
            ],
            [
              -9.147837800000001,
              38.752982799999984
            ]
          ]
        ]
      }
    },
    {
      "type": "Feature",
      "properties": {
        "area_id": "EUA_1_Pro",
        "osm_uid": "cea/196",
        "osmid": "196",
        "element_type": "cea_zone",
        "building": "yes",
        "cea_name": "B1196",
        "intersection_area_m2": 155.0237211642884,
        "is_residential": true,
        "residential_source": "cea",
        "radiation_sum_kwh_year": 269825.91621875,
        "radiation_sum": 269825.91621875,
        "radiation_point_count": 257.0,
        "use_type1": "MULTI_RES",
        "use_type2": "NONE",
        "use_type3": "NONE",
        "resi_type": null,
        "comparison_status": "matched",
        "validation_radiation_kwh_year": 269825.91621875,
        "ucea_radiation_kwh_year": 251097.70000000062,
        "workflow0_radiation_kwh_year": null,
        "validation_area_m2": 155.0237211642884,
        "ucea_roofs_top_m2": 158.13,
        "err_ucea_minus_validation_kwh_year": -18728.21621874938,
        "err_ucea_abs_kwh_year": 18728.21621874938,
        "err_ucea_pct_of_validation": -0.06940851524271771,
        "err_ucea_area_minus_validation_m2": 3.1062788357116062,
        "err_ucea_area_pct_of_validation": 0.020037442091973053,
        "err_workflow0_minus_validation_kwh_year": null,
        "err_workflow0_abs_kwh_year": null,
        "err_workflow0_pct_of_validation": null
      },
      "geometry": {
        "type": "Polygon",
        "coordinates": [
          [
            [
              -9.148025899999999,
              38.7529207
            ],
            [
              -9.1482257,
              38.752858199999984
            ],
            [
              -9.1482614,
              38.7529275
            ],
            [
              -9.1480615,
              38.75298999999999
            ],
            [
              -9.148025899999999,
              38.7529207
            ]
          ]
        ]
      }
    },
    {
      "type": "Feature",
      "properties": {
        "area_id": "EUA_1_Pro",
        "osm_uid": "cea/197",
        "osmid": "197",
        "element_type": "cea_zone",
        "building": "yes",
        "cea_name": "B1197",
        "intersection_area_m2": 140.4958613046705,
        "is_residential": true,
        "residential_source": "cea",
        "radiation_sum_kwh_year": 206321.36459375,
        "radiation_sum": 206321.36459375,
        "radiation_point_count": 233.0,
        "use_type1": "MULTI_RES",
        "use_type2": "NONE",
        "use_type3": "NONE",
        "resi_type": null,
        "comparison_status": "matched",
        "validation_radiation_kwh_year": 206321.36459375,
        "ucea_radiation_kwh_year": 229818.21999999965,
        "workflow0_radiation_kwh_year": null,
        "validation_area_m2": 140.4958613046705,
        "ucea_roofs_top_m2": 142.73,
        "err_ucea_minus_validation_kwh_year": 23496.85540624964,
        "err_ucea_abs_kwh_year": 23496.85540624964,
        "err_ucea_pct_of_validation": 0.113884742147355,
        "err_ucea_area_minus_validation_m2": 2.2341386953294773,
        "err_ucea_area_pct_of_validation": 0.015901811445425174,
        "err_workflow0_minus_validation_kwh_year": null,
        "err_workflow0_abs_kwh_year": null,
        "err_workflow0_pct_of_validation": null
      },
      "geometry": {
        "type": "Polygon",
        "coordinates": [
          [
            [
              -9.1472315,
              38.75325809999999
            ],
            [
              -9.1471961,
              38.75319249999998
            ],
            [
              -9.1473847,
              38.753130599999984
            ],
            [
              -9.1474201,
              38.7531963
            ],
            [
              -9.1472315,
              38.75325809999999
            ]
          ]
        ]
      }
    },
    {
      "type": "Feature",
      "properties": {
        "area_id": "EUA_1_Pro",
        "osm_uid": "cea/198",
        "osmid": "198",
        "element_type": "cea_zone",
        "building": "yes",
        "cea_name": "B1198",
        "intersection_area_m2": 149.5704646425458,
        "is_residential": true,
        "residential_source": "cea",
        "radiation_sum_kwh_year": 245085.89434375,
        "radiation_sum": 245085.89434375,
        "radiation_point_count": 246.0,
        "use_type1": "MULTI_RES",
        "use_type2": "NONE",
        "use_type3": "NONE",
        "resi_type": null,
        "comparison_status": "matched",
        "validation_radiation_kwh_year": 245085.89434375,
        "ucea_radiation_kwh_year": 247068.38999999993,
        "workflow0_radiation_kwh_year": null,
        "validation_area_m2": 149.5704646425458,
        "ucea_roofs_top_m2": 155.61,
        "err_ucea_minus_validation_kwh_year": 1982.4956562499283,
        "err_ucea_abs_kwh_year": 1982.4956562499283,
        "err_ucea_pct_of_validation": 0.00808898309532796,
        "err_ucea_area_minus_validation_m2": 6.039535357454213,
        "err_ucea_area_pct_of_validation": 0.040379197670395196,
        "err_workflow0_minus_validation_kwh_year": null,
        "err_workflow0_abs_kwh_year": null,
        "err_workflow0_pct_of_validation": null
      },
      "geometry": {
        "type": "Polygon",
        "coordinates": [
          [
            [
              -9.147583499999998,
              38.75306570000001
            ],
            [
              -9.147619,
              38.75313319999999
            ],
            [
              -9.1474201,
              38.7531963
            ],
            [
              -9.1473847,
              38.753130599999984
            ],
            [
              -9.147583499999998,
              38.75306570000001
            ]
          ]
        ]
      }
    },
    {
      "type": "Feature",
      "properties": {
        "area_id": "EUA_1_Pro",
        "osm_uid": "cea/199",
        "osmid": "199",
        "element_type": "cea_zone",
        "building": "yes",
        "cea_name": "B1199",
        "intersection_area_m2": 168.26990672539043,
        "is_residential": true,
        "residential_source": "cea",
        "radiation_sum_kwh_year": 316076.931,
        "radiation_sum": 316076.931,
        "radiation_point_count": 277.0,
        "use_type1": "MULTI_RES",
        "use_type2": "NONE",
        "use_type3": "NONE",
        "resi_type": null,
        "comparison_status": "matched",
        "validation_radiation_kwh_year": 316076.931,
        "ucea_radiation_kwh_year": 274050.2099999998,
        "workflow0_radiation_kwh_year": null,
        "validation_area_m2": 168.26990672539043,
        "ucea_roofs_top_m2": 170.98,
        "err_ucea_minus_validation_kwh_year": -42026.721000000194,
        "err_ucea_abs_kwh_year": 42026.721000000194,
        "err_ucea_pct_of_validation": -0.13296358221094026,
        "err_ucea_area_minus_validation_m2": 2.7100932746095623,
        "err_ucea_area_pct_of_validation": 0.0161056324767109,
        "err_workflow0_minus_validation_kwh_year": null,
        "err_workflow0_abs_kwh_year": null,
        "err_workflow0_pct_of_validation": null
      },
      "geometry": {
        "type": "Polygon",
        "coordinates": [
          [
            [
              -9.147845099999998,
              38.7521824
            ],
            [
              -9.1479291,
              38.75233690000001
            ],
            [
              -9.1478335,
              38.7523685
            ],
            [
              -9.1477492,
              38.75221419999999
            ],
            [
              -9.147845099999998,
              38.7521824
            ]
          ]
        ]
      }
    },
    {
      "type": "Feature",
      "properties": {
        "area_id": "EUA_1_Pro",
        "osm_uid": "cea/200",
        "osmid": "200",
        "element_type": "cea_zone",
        "building": "yes",
        "cea_name": "B1200",
        "intersection_area_m2": 168.17110196732688,
        "is_residential": true,
        "residential_source": "cea",
        "radiation_sum_kwh_year": 301772.49840625003,
        "radiation_sum": 301772.49840625003,
        "radiation_point_count": 276.0,
        "use_type1": "MULTI_RES",
        "use_type2": "NONE",
        "use_type3": "NONE",
        "resi_type": null,
        "comparison_status": "matched",
        "validation_radiation_kwh_year": 301772.49840625003,
        "ucea_radiation_kwh_year": 270831.2500000002,
        "workflow0_radiation_kwh_year": null,
        "validation_area_m2": 168.17110196732688,
        "ucea_roofs_top_m2": 169.22,
        "err_ucea_minus_validation_kwh_year": -30941.248406249855,
        "err_ucea_abs_kwh_year": 30941.248406249855,
        "err_ucea_pct_of_validation": -0.10253170374921425,
        "err_ucea_area_minus_validation_m2": 1.0488980326731223,
        "err_ucea_area_pct_of_validation": 0.006237088420083657,
        "err_workflow0_minus_validation_kwh_year": null,
        "err_workflow0_abs_kwh_year": null,
        "err_workflow0_pct_of_validation": null
      },
      "geometry": {
        "type": "Polygon",
        "coordinates": [
          [
            [
              -9.148013,
              38.75249169999999
            ],
            [
              -9.1479174,
              38.75252319999998
            ],
            [
              -9.1478335,
              38.7523685
            ],
            [
              -9.1479291,
              38.75233690000001
            ],
            [
              -9.148013,
              38.75249169999999
            ]
          ]
        ]
      }
    },
    {
      "type": "Feature",
      "properties": {
        "area_id": "EUA_1_Pro",
        "osm_uid": "cea/201",
        "osmid": "201",
        "element_type": "cea_zone",
        "building": "yes",
        "cea_name": "B1201",
        "intersection_area_m2": 171.08450891748635,
        "is_residential": true,
        "residential_source": "cea",
        "radiation_sum_kwh_year": 309147.537921875,
        "radiation_sum": 309147.537921875,
        "radiation_point_count": 283.0,
        "use_type1": "MULTI_RES",
        "use_type2": "NONE",
        "use_type3": "NONE",
        "resi_type": null,
        "comparison_status": "matched",
        "validation_radiation_kwh_year": 309147.537921875,
        "ucea_radiation_kwh_year": 280389.9399999997,
        "workflow0_radiation_kwh_year": null,
        "validation_area_m2": 171.08450891748635,
        "ucea_roofs_top_m2": 175.16,
        "err_ucea_minus_validation_kwh_year": -28757.597921875305,
        "err_ucea_abs_kwh_year": 28757.597921875305,
        "err_ucea_pct_of_validation": -0.09302224470292456,
        "err_ucea_area_minus_validation_m2": 4.0754910825136506,
        "err_ucea_area_pct_of_validation": 0.023821508494841284,
        "err_workflow0_minus_validation_kwh_year": null,
        "err_workflow0_abs_kwh_year": null,
        "err_workflow0_pct_of_validation": null
      },
      "geometry": {
        "type": "Polygon",
        "coordinates": [
          [
            [
              -9.148061399999998,
              38.752659799999996
            ],
            [
              -9.1480025,
              38.75268160000001
            ],
            [
              -9.1479174,
              38.75252319999998
            ],
            [
              -9.148013,
              38.75249169999999
            ],
            [
              -9.1480979,
              38.752648
            ],
            [
              -9.148061399999998,
              38.752659799999996
            ]
          ]
        ]
      }
    },
    {
      "type": "Feature",
      "properties": {
        "area_id": "EUA_1_Pro",
        "osm_uid": "cea/202",
        "osmid": "202",
        "element_type": "cea_zone",
        "building": "yes",
        "cea_name": "B1202",
        "intersection_area_m2": 144.32549262094253,
        "is_residential": true,
        "residential_source": "cea",
        "radiation_sum_kwh_year": 228865.43795312502,
        "radiation_sum": 228865.43795312502,
        "radiation_point_count": 238.0,
        "use_type1": "MULTI_RES",
        "use_type2": "NONE",
        "use_type3": "NONE",
        "resi_type": null,
        "comparison_status": "matched",
        "validation_radiation_kwh_year": 228865.43795312502,
        "ucea_radiation_kwh_year": 232880.0299999996,
        "workflow0_radiation_kwh_year": null,
        "validation_area_m2": 144.32549262094253,
        "ucea_roofs_top_m2": 146.93,
        "err_ucea_minus_validation_kwh_year": 4014.5920468745753,
        "err_ucea_abs_kwh_year": 4014.5920468745753,
        "err_ucea_pct_of_validation": 0.01754127701753212,
        "err_ucea_area_minus_validation_m2": 2.6045073790574804,
        "err_ucea_area_pct_of_validation": 0.01804606609518373,
        "err_workflow0_minus_validation_kwh_year": null,
        "err_workflow0_abs_kwh_year": null,
        "err_workflow0_pct_of_validation": null
      },
      "geometry": {
        "type": "Polygon",
        "coordinates": [
          [
            [
              -9.1480979,
              38.752648
            ],
            [
              -9.148143399999999,
              38.75263339999999
            ],
            [
              -9.148226,
              38.75278939999998
            ],
            [
              -9.1481441,
              38.75281579999999
            ],
            [
              -9.148061399999998,
              38.752659799999996
            ],
            [
              -9.1480979,
              38.752648
            ]
          ]
        ]
      }
    },
    {
      "type": "Feature",
      "properties": {
        "area_id": "EUA_1_Pro",
        "osm_uid": "cea/203",
        "osmid": "203",
        "element_type": "cea_zone",
        "building": "yes",
        "cea_name": "B1203",
        "intersection_area_m2": 175.91130337677518,
        "is_residential": true,
        "residential_source": "cea",
        "radiation_sum_kwh_year": 334225.99165625003,
        "radiation_sum": 334225.99165625003,
        "radiation_point_count": 290.0,
        "use_type1": "MULTI_RES",
        "use_type2": "NONE",
        "use_type3": "NONE",
        "resi_type": null,
        "comparison_status": "matched",
        "validation_radiation_kwh_year": 334225.99165625003,
        "ucea_radiation_kwh_year": 287875.73999999993,
        "workflow0_radiation_kwh_year": null,
        "validation_area_m2": 175.91130337677518,
        "ucea_roofs_top_m2": 179.27,
        "err_ucea_minus_validation_kwh_year": -46350.2516562501,
        "err_ucea_abs_kwh_year": 46350.2516562501,
        "err_ucea_pct_of_validation": -0.13867937507362124,
        "err_ucea_area_minus_validation_m2": 3.35869662322483,
        "err_ucea_area_pct_of_validation": 0.019093125676131306,
        "err_workflow0_minus_validation_kwh_year": null,
        "err_workflow0_abs_kwh_year": null,
        "err_workflow0_pct_of_validation": null
      },
      "geometry": {
        "type": "Polygon",
        "coordinates": [
          [
            [
              -9.147581,
              38.7522667
            ],
            [
              -9.1476668,
              38.752423699999994
            ],
            [
              -9.147568199999998,
              38.752455399999995
            ],
            [
              -9.1474818,
              38.752300399999996
            ],
            [
              -9.147581,
              38.7522667
            ]
          ]
        ]
      }
    },
    {
      "type": "Feature",
      "properties": {
        "area_id": "EUA_1_Pro",
        "osm_uid": "cea/204",
        "osmid": "204",
        "element_type": "cea_zone",
        "building": "yes",
        "cea_name": "B1204",
        "intersection_area_m2": 176.92465514787213,
        "is_residential": true,
        "residential_source": "cea",
        "radiation_sum_kwh_year": 325582.07303125,
        "radiation_sum": 325582.07303125,
        "radiation_point_count": 291.0,
        "use_type1": "MULTI_RES",
        "use_type2": "NONE",
        "use_type3": "NONE",
        "resi_type": null,
        "comparison_status": "matched",
        "validation_radiation_kwh_year": 325582.07303125,
        "ucea_radiation_kwh_year": 286865.1099999984,
        "workflow0_radiation_kwh_year": null,
        "validation_area_m2": 176.92465514787213,
        "ucea_roofs_top_m2": 178.85,
        "err_ucea_minus_validation_kwh_year": -38716.963031251566,
        "err_ucea_abs_kwh_year": 38716.963031251566,
        "err_ucea_pct_of_validation": -0.11891613893476081,
        "err_ucea_area_minus_validation_m2": 1.9253448521278642,
        "err_ucea_area_pct_of_validation": 0.01088228687244679,
        "err_workflow0_minus_validation_kwh_year": null,
        "err_workflow0_abs_kwh_year": null,
        "err_workflow0_pct_of_validation": null
      },
      "geometry": {
        "type": "Polygon",
        "coordinates": [
          [
            [
              -9.1476522,
              38.75261439999999
            ],
            [
              -9.147568199999998,
              38.752455399999995
            ],
            [
              -9.1476668,
              38.752423699999994
            ],
            [
              -9.1477509,
              38.7525826
            ],
            [
              -9.1476522,
              38.75261439999999
            ]
          ]
        ]
      }
    },
    {
      "type": "Feature",
      "properties": {
        "area_id": "EUA_1_Pro",
        "osm_uid": "cea/205",
        "osmid": "205",
        "element_type": "cea_zone",
        "building": "yes",
        "cea_name": "B1205",
        "intersection_area_m2": 174.74373677595116,
        "is_residential": true,
        "residential_source": "cea",
        "radiation_sum_kwh_year": 338186.60887500003,
        "radiation_sum": 338186.60887500003,
        "radiation_point_count": 289.0,
        "use_type1": "MULTI_RES",
        "use_type2": "NONE",
        "use_type3": "NONE",
        "resi_type": null,
        "comparison_status": "matched",
        "validation_radiation_kwh_year": 338186.60887500003,
        "ucea_radiation_kwh_year": 285095.13999999984,
        "workflow0_radiation_kwh_year": null,
        "validation_area_m2": 174.74373677595116,
        "ucea_roofs_top_m2": 177.67,
        "err_ucea_minus_validation_kwh_year": -53091.468875000195,
        "err_ucea_abs_kwh_year": 53091.468875000195,
        "err_ucea_pct_of_validation": -0.15698867868131283,
        "err_ucea_area_minus_validation_m2": 2.9262632240488244,
        "err_ucea_area_pct_of_validation": 0.01674602637003667,
        "err_workflow0_minus_validation_kwh_year": null,
        "err_workflow0_abs_kwh_year": null,
        "err_workflow0_pct_of_validation": null
      },
      "geometry": {
        "type": "Polygon",
        "coordinates": [
          [
            [
              -9.147776,
              38.7527578
            ],
            [
              -9.147735799999998,
              38.75277079999999
            ],
            [
              -9.1476522,
              38.75261439999999
            ],
            [
              -9.1477509,
              38.7525826
            ],
            [
              -9.1478347,
              38.75273800000001
            ],
            [
              -9.147776,
              38.7527578
            ]
          ]
        ]
      }
    },
    {
      "type": "Feature",
      "properties": {
        "area_id": "EUA_1_Pro",
        "osm_uid": "cea/206",
        "osmid": "206",
        "element_type": "cea_zone",
        "building": "yes",
        "cea_name": "B1206",
        "intersection_area_m2": 144.10569131965207,
        "is_residential": true,
        "residential_source": "cea",
        "radiation_sum_kwh_year": 239001.39446875002,
        "radiation_sum": 239001.39446875002,
        "radiation_point_count": 238.0,
        "use_type1": "MULTI_RES",
        "use_type2": "NONE",
        "use_type3": "NONE",
        "resi_type": null,
        "comparison_status": "matched",
        "validation_radiation_kwh_year": 239001.39446875002,
        "ucea_radiation_kwh_year": 234533.22000000003,
        "workflow0_radiation_kwh_year": null,
        "validation_area_m2": 144.10569131965207,
        "ucea_roofs_top_m2": 145.34,
        "err_ucea_minus_validation_kwh_year": -4468.174468749989,
        "err_ucea_abs_kwh_year": 4468.174468749989,
        "err_ucea_pct_of_validation": -0.018695181585370257,
        "err_ucea_area_minus_validation_m2": 1.2343086803479366,
        "err_ucea_area_pct_of_validation": 0.008565301405133405,
        "err_workflow0_minus_validation_kwh_year": null,
        "err_workflow0_abs_kwh_year": null,
        "err_workflow0_pct_of_validation": null
      },
      "geometry": {
        "type": "Polygon",
        "coordinates": [
          [
            [
              -9.147735799999998,
              38.75277079999999
            ],
            [
              -9.147776,
              38.7527578
            ],
            [
              -9.1478583,
              38.75291279999998
            ],
            [
              -9.147776,
              38.7529394
            ],
            [
              -9.147693699999998,
              38.75278439999998
            ],
            [
              -9.147735799999998,
              38.75277079999999
            ]
          ]
        ]
      }
    },
    {
      "type": "Feature",
      "properties": {
        "area_id": "EUA_1_Pro",
        "osm_uid": "cea/207",
        "osmid": "207",
        "element_type": "cea_zone",
        "building": "yes",
        "cea_name": "B1207",
        "intersection_area_m2": 178.17608781563666,
        "is_residential": true,
        "residential_source": "cea",
        "radiation_sum_kwh_year": 384878.57740625,
        "radiation_sum": 384878.57740625,
        "radiation_point_count": 296.0,
        "use_type1": "MULTI_RES",
        "use_type2": "NONE",
        "use_type3": "NONE",
        "resi_type": null,
        "comparison_status": "matched",
        "validation_radiation_kwh_year": 384878.57740625,
        "ucea_radiation_kwh_year": 287993.51000000094,
        "workflow0_radiation_kwh_year": null,
        "validation_area_m2": 178.17608781563666,
        "ucea_roofs_top_m2": 179.09,
        "err_ucea_minus_validation_kwh_year": -96885.06740624906,
        "err_ucea_abs_kwh_year": 96885.06740624906,
        "err_ucea_pct_of_validation": -0.251728916842218,
        "err_ucea_area_minus_validation_m2": 0.9139121843633404,
        "err_ucea_area_pct_of_validation": 0.005129263952124646,
        "err_workflow0_minus_validation_kwh_year": null,
        "err_workflow0_abs_kwh_year": null,
        "err_workflow0_pct_of_validation": null
      },
      "geometry": {
        "type": "Polygon",
        "coordinates": [
          [
            [
              -9.1471118,
              38.752426799999995
            ],
            [
              -9.1472125,
              38.75239449999999
            ],
            [
              -9.1472951,
              38.7525516
            ],
            [
              -9.1471944,
              38.7525838
            ],
            [
              -9.1471118,
              38.752426799999995
            ]
          ]
        ]
      }
    },
    {
      "type": "Feature",
      "properties": {
        "area_id": "EUA_1_Pro",
        "osm_uid": "cea/208",
        "osmid": "208",
        "element_type": "cea_zone",
        "building": "yes",
        "cea_name": "B1208",
        "intersection_area_m2": 173.87833387032805,
        "is_residential": true,
        "residential_source": "cea",
        "radiation_sum_kwh_year": 345016.89559375,
        "radiation_sum": 345016.89559375,
        "radiation_point_count": 285.0,
        "use_type1": "MULTI_RES",
        "use_type2": "NONE",
        "use_type3": "NONE",
        "resi_type": null,
        "comparison_status": "matched",
        "validation_radiation_kwh_year": 345016.89559375,
        "ucea_radiation_kwh_year": 284874.09000000084,
        "workflow0_radiation_kwh_year": null,
        "validation_area_m2": 173.87833387032805,
        "ucea_roofs_top_m2": 176.94,
        "err_ucea_minus_validation_kwh_year": -60142.80559374916,
        "err_ucea_abs_kwh_year": 60142.80559374916,
        "err_ucea_pct_of_validation": -0.1743184358848502,
        "err_ucea_area_minus_validation_m2": 3.0616661296719485,
        "err_ucea_area_pct_of_validation": 0.017608094473433502,
        "err_workflow0_minus_validation_kwh_year": null,
        "err_workflow0_abs_kwh_year": null,
        "err_workflow0_pct_of_validation": null
      },
      "geometry": {
        "type": "Polygon",
        "coordinates": [
          [
            [
              -9.147278099999998,
              38.75273809999999
            ],
            [
              -9.1471944,
              38.7525838
            ],
            [
              -9.1472951,
              38.7525516
            ],
            [
              -9.1473766,
              38.75270650000001
            ],
            [
              -9.147278099999998,
              38.75273809999999
            ]
          ]
        ]
      }
    },
    {
      "type": "Feature",
      "properties": {
        "area_id": "EUA_1_Pro",
        "osm_uid": "cea/209",
        "osmid": "209",
        "element_type": "cea_zone",
        "building": "yes",
        "cea_name": "B1209",
        "intersection_area_m2": 181.6096663803425,
        "is_residential": true,
        "residential_source": "cea",
        "radiation_sum_kwh_year": 311207.1776875,
        "radiation_sum": 311207.1776875,
        "radiation_point_count": 301.0,
        "use_type1": "MULTI_RES",
        "use_type2": "NONE",
        "use_type3": "NONE",
        "resi_type": null,
        "comparison_status": "matched",
        "validation_radiation_kwh_year": 311207.1776875,
        "ucea_radiation_kwh_year": 303151.43999999884,
        "workflow0_radiation_kwh_year": null,
        "validation_area_m2": 181.6096663803425,
        "ucea_roofs_top_m2": 187.68,
        "err_ucea_minus_validation_kwh_year": -8055.737687501183,
        "err_ucea_abs_kwh_year": 8055.737687501183,
        "err_ucea_pct_of_validation": -0.025885449517460635,
        "err_ucea_area_minus_validation_m2": 6.070333619657504,
        "err_ucea_area_pct_of_validation": 0.03342516805765444,
        "err_workflow0_minus_validation_kwh_year": null,
        "err_workflow0_abs_kwh_year": null,
        "err_workflow0_pct_of_validation": null
      },
      "geometry": {
        "type": "Polygon",
        "coordinates": [
          [
            [
              -9.1474269,
              38.7528694
            ],
            [
              -9.1474349,
              38.752884499999986
            ],
            [
              -9.1474223,
              38.75288859999999
            ],
            [
              -9.147366999999997,
              38.75290639999999
            ],
            [
              -9.147278099999998,
              38.75273809999999
            ],
            [
              -9.1473766,
              38.75270650000001
            ],
            [
              -9.147457399999999,
              38.75285959999999
            ],
            [
              -9.1474269,
              38.7528694
            ]
          ]
        ]
      }
    },
    {
      "type": "Feature",
      "properties": {
        "area_id": "EUA_1_Pro",
        "osm_uid": "cea/210",
        "osmid": "210",
        "element_type": "cea_zone",
        "building": "yes",
        "cea_name": "B1210",
        "intersection_area_m2": 165.9439743132166,
        "is_residential": true,
        "residential_source": "cea",
        "radiation_sum_kwh_year": 316833.8330625,
        "radiation_sum": 316833.8330625,
        "radiation_point_count": 273.0,
        "use_type1": "MULTI_RES",
        "use_type2": "NONE",
        "use_type3": "NONE",
        "resi_type": null,
        "comparison_status": "matched",
        "validation_radiation_kwh_year": 316833.8330625,
        "ucea_radiation_kwh_year": 271358.440000001,
        "workflow0_radiation_kwh_year": null,
        "validation_area_m2": 165.9439743132166,
        "ucea_roofs_top_m2": 170.2,
        "err_ucea_minus_validation_kwh_year": -45475.393062499,
        "err_ucea_abs_kwh_year": 45475.393062499,
        "err_ucea_pct_of_validation": -0.14353073541084968,
        "err_ucea_area_minus_validation_m2": 4.256025686783403,
        "err_ucea_area_pct_of_validation": 0.025647365048339886,
        "err_workflow0_minus_validation_kwh_year": null,
        "err_workflow0_abs_kwh_year": null,
        "err_workflow0_pct_of_validation": null
      },
      "geometry": {
        "type": "Polygon",
        "coordinates": [
          [
            [
              -9.1475076,
              38.7528438
            ],
            [
              -9.147591299999998,
              38.753004099999984
            ],
            [
              -9.147498,
              38.7530337
            ],
            [
              -9.1474223,
              38.75288859999999
            ],
            [
              -9.1474349,
              38.752884499999986
            ],
            [
              -9.1474269,
              38.7528694
            ],
            [
              -9.147457399999999,
              38.75285959999999
            ],
            [
              -9.1475076,
              38.7528438
            ]
          ]
        ]
      }
    },
    {
      "type": "Feature",
      "properties": {
        "area_id": "EUA_1_Pro",
        "osm_uid": "cea/211",
        "osmid": "211",
        "element_type": "cea_zone",
        "building": "yes",
        "cea_name": "B1211",
        "intersection_area_m2": 177.5257085635874,
        "is_residential": true,
        "residential_source": "cea",
        "radiation_sum_kwh_year": 344755.52259375,
        "radiation_sum": 344755.52259375,
        "radiation_point_count": 292.0,
        "use_type1": "MULTI_RES",
        "use_type2": "NONE",
        "use_type3": "NONE",
        "resi_type": null,
        "comparison_status": "matched",
        "validation_radiation_kwh_year": 344755.52259375,
        "ucea_radiation_kwh_year": 289166.9099999999,
        "workflow0_radiation_kwh_year": null,
        "validation_area_m2": 177.5257085635874,
        "ucea_roofs_top_m2": 180.06,
        "err_ucea_minus_validation_kwh_year": -55588.61259375006,
        "err_ucea_abs_kwh_year": 55588.61259375006,
        "err_ucea_pct_of_validation": -0.16124067331984146,
        "err_ucea_area_minus_validation_m2": 2.534291436412616,
        "err_ucea_area_pct_of_validation": 0.014275630594116828,
        "err_workflow0_minus_validation_kwh_year": null,
        "err_workflow0_abs_kwh_year": null,
        "err_workflow0_pct_of_validation": null
      },
      "geometry": {
        "type": "Polygon",
        "coordinates": [
          [
            [
              -9.1469402,
              38.752477899999995
            ],
            [
              -9.1470246,
              38.75263270000001
            ],
            [
              -9.1469228,
              38.7526658
            ],
            [
              -9.1468399,
              38.752511
            ],
            [
              -9.1469402,
              38.752477899999995
            ]
          ]
        ]
      }
    },
    {
      "type": "Feature",
      "properties": {
        "area_id": "EUA_1_Pro",
        "osm_uid": "cea/212",
        "osmid": "212",
        "element_type": "cea_zone",
        "building": "yes",
        "cea_name": "B1212",
        "intersection_area_m2": 182.2451198719885,
        "is_residential": true,
        "residential_source": "cea",
        "radiation_sum_kwh_year": 350334.44559375,
        "radiation_sum": 350334.44559375,
        "radiation_point_count": 300.0,
        "use_type1": "MULTI_RES",
        "use_type2": "NONE",
        "use_type3": "NONE",
        "resi_type": null,
        "comparison_status": "matched",
        "validation_radiation_kwh_year": 350334.44559375,
        "ucea_radiation_kwh_year": 294816.5099999995,
        "workflow0_radiation_kwh_year": null,
        "validation_area_m2": 182.2451198719885,
        "ucea_roofs_top_m2": 183.96,
        "err_ucea_minus_validation_kwh_year": -55517.9355937505,
        "err_ucea_abs_kwh_year": 55517.9355937505,
        "err_ucea_pct_of_validation": -0.1584712445265215,
        "err_ucea_area_minus_validation_m2": 1.7148801280115151,
        "err_ucea_area_pct_of_validation": 0.009409745123579005,
        "err_workflow0_minus_validation_kwh_year": null,
        "err_workflow0_abs_kwh_year": null,
        "err_workflow0_pct_of_validation": null
      },
      "geometry": {
        "type": "Polygon",
        "coordinates": [
          [
            [
              -9.1471078,
              38.75279129999999
            ],
            [
              -9.1470072,
              38.75282399999999
            ],
            [
              -9.1469228,
              38.7526658
            ],
            [
              -9.1470246,
              38.75263270000001
            ],
            [
              -9.147108499999998,
              38.752789899999996
            ],
            [
              -9.1471078,
              38.75279129999999
            ]
          ]
        ]
      }
    },
    {
      "type": "Feature",
      "properties": {
        "area_id": "EUA_1_Pro",
        "osm_uid": "cea/213",
        "osmid": "213",
        "element_type": "cea_zone",
        "building": "yes",
        "cea_name": "B1213",
        "intersection_area_m2": 183.0021981856258,
        "is_residential": true,
        "residential_source": "cea",
        "radiation_sum_kwh_year": 351780.62765625,
        "radiation_sum": 351780.62765625,
        "radiation_point_count": 301.0,
        "use_type1": "MULTI_RES",
        "use_type2": "NONE",
        "use_type3": "NONE",
        "resi_type": null,
        "comparison_status": "matched",
        "validation_radiation_kwh_year": 351780.62765625,
        "ucea_radiation_kwh_year": 299840.71000000107,
        "workflow0_radiation_kwh_year": null,
        "validation_area_m2": 183.0021981856258,
        "ucea_roofs_top_m2": 185.51,
        "err_ucea_minus_validation_kwh_year": -51939.91765624896,
        "err_ucea_abs_kwh_year": 51939.91765624896,
        "err_ucea_pct_of_validation": -0.14764860135221305,
        "err_ucea_area_minus_validation_m2": 2.5078018143742042,
        "err_ucea_area_pct_of_validation": 0.01370367044351265,
        "err_workflow0_minus_validation_kwh_year": null,
        "err_workflow0_abs_kwh_year": null,
        "err_workflow0_pct_of_validation": null
      },
      "geometry": {
        "type": "Polygon",
        "coordinates": [
          [
            [
              -9.147133300000002,
              38.7529721
            ],
            [
              -9.1470925,
              38.75298519999998
            ],
            [
              -9.1470072,
              38.75282399999999
            ],
            [
              -9.1471078,
              38.75279129999999
            ],
            [
              -9.147192799999997,
              38.7529531
            ],
            [
              -9.147133300000002,
              38.7529721
            ]
          ]
        ]
      }
    },
    {
      "type": "Feature",
      "properties": {
        "area_id": "EUA_1_Pro",
        "osm_uid": "cea/214",
        "osmid": "214",
        "element_type": "cea_zone",
        "building": "yes",
        "cea_name": "B1214",
        "intersection_area_m2": 146.18670826648344,
        "is_residential": true,
        "residential_source": "cea",
        "radiation_sum_kwh_year": 235725.24365625,
        "radiation_sum": 235725.24365625,
        "radiation_point_count": 241.0,
        "use_type1": "MULTI_RES",
        "use_type2": "NONE",
        "use_type3": "NONE",
        "resi_type": null,
        "comparison_status": "matched",
        "validation_radiation_kwh_year": 235725.24365625,
        "ucea_radiation_kwh_year": 238599.89000000025,
        "workflow0_radiation_kwh_year": null,
        "validation_area_m2": 146.18670826648344,
        "ucea_roofs_top_m2": 151.74,
        "err_ucea_minus_validation_kwh_year": 2874.646343750239,
        "err_ucea_abs_kwh_year": 2874.646343750239,
        "err_ucea_pct_of_validation": 0.012194902417588489,
        "err_ucea_area_minus_validation_m2": 5.5532917335165735,
        "err_ucea_area_pct_of_validation": 0.03798766522188522,
        "err_workflow0_minus_validation_kwh_year": null,
        "err_workflow0_abs_kwh_year": null,
        "err_workflow0_pct_of_validation": null
      },
      "geometry": {
        "type": "Polygon",
        "coordinates": [
          [
            [
              -9.147133300000002,
              38.7529721
            ],
            [
              -9.147215499999998,
              38.75312439999998
            ],
            [
              -9.147131099999998,
              38.753152099999994
            ],
            [
              -9.1470485,
              38.752998999999996
            ],
            [
              -9.1470925,
              38.75298519999998
            ],
            [
              -9.147133300000002,
              38.7529721
            ]
          ]
        ]
      }
    },
    {
      "type": "Feature",
      "properties": {
        "area_id": "EUA_1_Pro",
        "osm_uid": "cea/215",
        "osmid": "215",
        "element_type": "cea_zone",
        "building": "yes",
        "cea_name": "B1215",
        "intersection_area_m2": 177.7261031522626,
        "is_residential": true,
        "residential_source": "cea",
        "radiation_sum_kwh_year": 405438.363375,
        "radiation_sum": 405438.363375,
        "radiation_point_count": 293.0,
        "use_type1": "MULTI_RES",
        "use_type2": "NONE",
        "use_type3": "NONE",
        "resi_type": null,
        "comparison_status": "matched",
        "validation_radiation_kwh_year": 405438.363375,
        "ucea_radiation_kwh_year": 289897.9600000008,
        "workflow0_radiation_kwh_year": null,
        "validation_area_m2": 177.7261031522626,
        "ucea_roofs_top_m2": 180.51,
        "err_ucea_minus_validation_kwh_year": -115540.40337499924,
        "err_ucea_abs_kwh_year": 115540.40337499924,
        "err_ucea_pct_of_validation": -0.2849764941166484,
        "err_ucea_area_minus_validation_m2": 2.7838968477373953,
        "err_ucea_area_pct_of_validation": 0.015663972811874226,
        "err_workflow0_minus_validation_kwh_year": null,
        "err_workflow0_abs_kwh_year": null,
        "err_workflow0_pct_of_validation": null
      },
      "geometry": {
        "type": "Polygon",
        "coordinates": [
          [
            [
              -9.146466599999998,
              38.75263679999998
            ],
            [
              -9.1465705,
              38.75260409999999
            ],
            [
              -9.1466498,
              38.752756299999994
            ],
            [
              -9.146546699999998,
              38.752789799999995
            ],
            [
              -9.146466599999998,
              38.75263679999998
            ]
          ]
        ]
      }
    },
    {
      "type": "Feature",
      "properties": {
        "area_id": "EUA_1_Pro",
        "osm_uid": "cea/216",
        "osmid": "216",
        "element_type": "cea_zone",
        "building": "yes",
        "cea_name": "B1216",
        "intersection_area_m2": 180.01351654135811,
        "is_residential": true,
        "residential_source": "cea",
        "radiation_sum_kwh_year": 325417.2771328125,
        "radiation_sum": 325417.2771328125,
        "radiation_point_count": 298.0,
        "use_type1": "MULTI_RES",
        "use_type2": "NONE",
        "use_type3": "NONE",
        "resi_type": null,
        "comparison_status": "matched",
        "validation_radiation_kwh_year": 325417.2771328125,
        "ucea_radiation_kwh_year": 305868.45999999903,
        "workflow0_radiation_kwh_year": null,
        "validation_area_m2": 180.01351654135811,
        "ucea_roofs_top_m2": 189.93,
        "err_ucea_minus_validation_kwh_year": -19548.81713281345,
        "err_ucea_abs_kwh_year": 19548.81713281345,
        "err_ucea_pct_of_validation": -0.06007307695846461,
        "err_ucea_area_minus_validation_m2": 9.916483458641892,
        "err_ucea_area_pct_of_validation": 0.05508743815003236,
        "err_workflow0_minus_validation_kwh_year": null,
        "err_workflow0_abs_kwh_year": null,
        "err_workflow0_pct_of_validation": null
      },
      "geometry": {
        "type": "Polygon",
        "coordinates": [
          [
            [
              -9.146637899999998,
              38.7529499
            ],
            [
              -9.146546699999998,
              38.752789799999995
            ],
            [
              -9.1466498,
              38.752756299999994
            ],
            [
              -9.146731599999999,
              38.7529194
            ],
            [
              -9.146637899999998,
              38.7529499
            ]
          ]
        ]
      }
    },
    {
      "type": "Feature",
      "properties": {
        "area_id": "EUA_1_Pro",
        "osm_uid": "cea/217",
        "osmid": "217",
        "element_type": "cea_zone",
        "building": "yes",
        "cea_name": "B1217",
        "intersection_area_m2": 167.1863812934429,
        "is_residential": true,
        "residential_source": "cea",
        "radiation_sum_kwh_year": 264716.94140625,
        "radiation_sum": 264716.94140625,
        "radiation_point_count": 275.0,
        "use_type1": "MULTI_RES",
        "use_type2": "NONE",
        "use_type3": "NONE",
        "resi_type": null,
        "comparison_status": "matched",
        "validation_radiation_kwh_year": 264716.94140625,
        "ucea_radiation_kwh_year": 270546.60999999905,
        "workflow0_radiation_kwh_year": null,
        "validation_area_m2": 167.1863812934429,
        "ucea_roofs_top_m2": 167.83,
        "err_ucea_minus_validation_kwh_year": 5829.668593749055,
        "err_ucea_abs_kwh_year": 5829.668593749055,
        "err_ucea_pct_of_validation": 0.022022272404554972,
        "err_ucea_area_minus_validation_m2": 0.6436187065571062,
        "err_ucea_area_pct_of_validation": 0.0038497077428061364,
        "err_workflow0_minus_validation_kwh_year": null,
        "err_workflow0_abs_kwh_year": null,
        "err_workflow0_pct_of_validation": null
      },
      "geometry": {
        "type": "Polygon",
        "coordinates": [
          [
            [
              -9.146779299999999,
              38.7530889
            ],
            [
              -9.1467223,
              38.753107499999984
            ],
            [
              -9.146637899999998,
              38.7529499
            ],
            [
              -9.146731599999999,
              38.7529194
            ],
            [
              -9.146816,
              38.75307699999998
            ],
            [
              -9.146779299999999,
              38.7530889
            ]
          ]
        ]
      }
    },
    {
      "type": "Feature",
      "properties": {
        "area_id": "EUA_1_Pro",
        "osm_uid": "cea/218",
        "osmid": "218",
        "element_type": "cea_zone",
        "building": "yes",
        "cea_name": "B1218",
        "intersection_area_m2": 144.30366715892978,
        "is_residential": true,
        "residential_source": "cea",
        "radiation_sum_kwh_year": 235424.489703125,
        "radiation_sum": 235424.489703125,
        "radiation_point_count": 238.0,
        "use_type1": "MULTI_RES",
        "use_type2": "NONE",
        "use_type3": "NONE",
        "resi_type": null,
        "comparison_status": "matched",
        "validation_radiation_kwh_year": 235424.489703125,
        "ucea_radiation_kwh_year": 234725.89000000007,
        "workflow0_radiation_kwh_year": null,
        "validation_area_m2": 144.30366715892978,
        "ucea_roofs_top_m2": 145.91,
        "err_ucea_minus_validation_kwh_year": -698.599703124928,
        "err_ucea_abs_kwh_year": 698.599703124928,
        "err_ucea_pct_of_validation": -0.0029674045550905784,
        "err_ucea_area_minus_validation_m2": 1.6063328410702127,
        "err_ucea_area_pct_of_validation": 0.011131614827924418,
        "err_workflow0_minus_validation_kwh_year": null,
        "err_workflow0_abs_kwh_year": null,
        "err_workflow0_pct_of_validation": null
      },
      "geometry": {
        "type": "Polygon",
        "coordinates": [
          [
            [
              -9.1468657,
              38.7530611
            ],
            [
              -9.1469437,
              38.753209199999986
            ],
            [
              -9.1468572,
              38.75323689999998
            ],
            [
              -9.146779299999999,
              38.7530889
            ],
            [
              -9.146816,
              38.75307699999998
            ],
            [
              -9.1468657,
              38.7530611
            ]
          ]
        ]
      }
    },
    {
      "type": "Feature",
      "properties": {
        "area_id": "EUA_1_Pro",
        "osm_uid": "cea/219",
        "osmid": "219",
        "element_type": "cea_zone",
        "building": "yes",
        "cea_name": "B1219",
        "intersection_area_m2": 175.93186067812684,
        "is_residential": true,
        "residential_source": "cea",
        "radiation_sum_kwh_year": 336593.91528125,
        "radiation_sum": 336593.91528125,
        "radiation_point_count": 289.0,
        "use_type1": "MULTI_RES",
        "use_type2": "NONE",
        "use_type3": "NONE",
        "resi_type": null,
        "comparison_status": "matched",
        "validation_radiation_kwh_year": 336593.91528125,
        "ucea_radiation_kwh_year": 287744.9099999992,
        "workflow0_radiation_kwh_year": null,
        "validation_area_m2": 175.93186067812684,
        "ucea_roofs_top_m2": 181.35,
        "err_ucea_minus_validation_kwh_year": -48849.00528125081,
        "err_ucea_abs_kwh_year": 48849.00528125081,
        "err_ucea_pct_of_validation": -0.14512741634213358,
        "err_ucea_area_minus_validation_m2": 5.418139321873156,
        "err_ucea_area_pct_of_validation": 0.030796805655263437,
        "err_workflow0_minus_validation_kwh_year": null,
        "err_workflow0_abs_kwh_year": null,
        "err_workflow0_pct_of_validation": null
      },
      "geometry": {
        "type": "Polygon",
        "coordinates": [
          [
            [
              -9.1461991,
              38.752725399999996
            ],
            [
              -9.1463001,
              38.7526921
            ],
            [
              -9.146382599999999,
              38.752848499999985
            ],
            [
              -9.146283899999998,
              38.752880099999985
            ],
            [
              -9.1461991,
              38.752725399999996
            ]
          ]
        ]
      }
    },
    {
      "type": "Feature",
      "properties": {
        "area_id": "EUA_1_Pro",
        "osm_uid": "cea/220",
        "osmid": "220",
        "element_type": "cea_zone",
        "building": "yes",
        "cea_name": "B1220",
        "intersection_area_m2": 184.8359152582617,
        "is_residential": true,
        "residential_source": "cea",
        "radiation_sum_kwh_year": 342700.03525,
        "radiation_sum": 342700.03525,
        "radiation_point_count": 305.0,
        "use_type1": "MULTI_RES",
        "use_type2": "NONE",
        "use_type3": "NONE",
        "resi_type": null,
        "comparison_status": "matched",
        "validation_radiation_kwh_year": 342700.03525,
        "ucea_radiation_kwh_year": 310570.0700000004,
        "workflow0_radiation_kwh_year": null,
        "validation_area_m2": 184.8359152582617,
        "ucea_roofs_top_m2": 192.62,
        "err_ucea_minus_validation_kwh_year": -32129.9652499996,
        "err_ucea_abs_kwh_year": 32129.9652499996,
        "err_ucea_pct_of_validation": -0.09375536021337366,
        "err_ucea_area_minus_validation_m2": 7.7840847417382975,
        "err_ucea_area_pct_of_validation": 0.04211348606607107,
        "err_workflow0_minus_validation_kwh_year": null,
        "err_workflow0_abs_kwh_year": null,
        "err_workflow0_pct_of_validation": null
      },
      "geometry": {
        "type": "Polygon",
        "coordinates": [
          [
            [
              -9.146465,
              38.753001499999996
            ],
            [
              -9.146558099999998,
              38.7531692
            ],
            [
              -9.146497099999998,
              38.753189799999994
            ],
            [
              -9.146490499999999,
              38.75317810000001
            ],
            [
              -9.1464532,
              38.75319089999999
            ],
            [
              -9.1463657,
              38.7530351
            ],
            [
              -9.146465,
              38.753001499999996
            ]
          ]
        ]
      }
    },
    {
      "type": "Feature",
      "properties": {
        "area_id": "EUA_1_Pro",
        "osm_uid": "cea/221",
        "osmid": "221",
        "element_type": "cea_zone",
        "building": "yes",
        "cea_name": "B1221",
        "intersection_area_m2": 143.1194388419227,
        "is_residential": true,
        "residential_source": "cea",
        "radiation_sum_kwh_year": 217597.0994375,
        "radiation_sum": 217597.0994375,
        "radiation_point_count": 235.0,
        "use_type1": "MULTI_RES",
        "use_type2": "NONE",
        "use_type3": "NONE",
        "resi_type": null,
        "comparison_status": "matched",
        "validation_radiation_kwh_year": 217597.0994375,
        "ucea_radiation_kwh_year": 232939.11000000054,
        "workflow0_radiation_kwh_year": null,
        "validation_area_m2": 143.1194388419227,
        "ucea_roofs_top_m2": 147.77,
        "err_ucea_minus_validation_kwh_year": 15342.010562500538,
        "err_ucea_abs_kwh_year": 15342.010562500538,
        "err_ucea_pct_of_validation": 0.07050650308372881,
        "err_ucea_area_minus_validation_m2": 4.650561158077323,
        "err_ucea_area_pct_of_validation": 0.03249426629749387,
        "err_workflow0_minus_validation_kwh_year": null,
        "err_workflow0_abs_kwh_year": null,
        "err_workflow0_pct_of_validation": null
      },
      "geometry": {
        "type": "Polygon",
        "coordinates": [
          [
            [
              -9.146497099999998,
              38.753189799999994
            ],
            [
              -9.146574499999998,
              38.7533271
            ],
            [
              -9.146491,
              38.75335569999999
            ],
            [
              -9.146407,
              38.75320670000001
            ],
            [
              -9.1464532,
              38.75319089999999
            ],
            [
              -9.146490499999999,
              38.75317810000001
            ],
            [
              -9.146497099999998,
              38.753189799999994
            ]
          ]
        ]
      }
    },
    {
      "type": "Feature",
      "properties": {
        "area_id": "EUA_1_Pro",
        "osm_uid": "cea/222",
        "osmid": "222",
        "element_type": "cea_zone",
        "building": "yes",
        "cea_name": "B1222",
        "intersection_area_m2": 176.161158604652,
        "is_residential": true,
        "residential_source": "cea",
        "radiation_sum_kwh_year": 316010.455828125,
        "radiation_sum": 316010.455828125,
        "radiation_point_count": 289.0,
        "use_type1": "MULTI_RES",
        "use_type2": "NONE",
        "use_type3": "NONE",
        "resi_type": null,
        "comparison_status": "matched",
        "validation_radiation_kwh_year": 316010.455828125,
        "ucea_radiation_kwh_year": 279160.4699999996,
        "workflow0_radiation_kwh_year": null,
        "validation_area_m2": 176.161158604652,
        "ucea_roofs_top_m2": 177.8,
        "err_ucea_minus_validation_kwh_year": -36849.985828125384,
        "err_ucea_abs_kwh_year": 36849.985828125384,
        "err_ucea_pct_of_validation": -0.11661002080313358,
        "err_ucea_area_minus_validation_m2": 1.6388413953480097,
        "err_ucea_area_pct_of_validation": 0.009303080249522902,
        "err_workflow0_minus_validation_kwh_year": null,
        "err_workflow0_abs_kwh_year": null,
        "err_workflow0_pct_of_validation": null
      },
      "geometry": {
        "type": "Polygon",
        "coordinates": [
          [
            [
              -9.1458012,
              38.7528587
            ],
            [
              -9.145901,
              38.75282639999999
            ],
            [
              -9.145984199999997,
              38.75298259999999
            ],
            [
              -9.145884499999998,
              38.75301489999999
            ],
            [
              -9.1458012,
              38.7528587
            ]
          ]
        ]
      }
    },
    {
      "type": "Feature",
      "properties": {
        "area_id": "EUA_1_Pro",
        "osm_uid": "cea/223",
        "osmid": "223",
        "element_type": "cea_zone",
        "building": "yes",
        "cea_name": "B1223",
        "intersection_area_m2": 177.55295425343468,
        "is_residential": true,
        "residential_source": "cea",
        "radiation_sum_kwh_year": 320733.226546875,
        "radiation_sum": 320733.226546875,
        "radiation_point_count": 291.0,
        "use_type1": "MULTI_RES",
        "use_type2": "NONE",
        "use_type3": "NONE",
        "resi_type": null,
        "comparison_status": "matched",
        "validation_radiation_kwh_year": 320733.226546875,
        "ucea_radiation_kwh_year": 286425.3500000005,
        "workflow0_radiation_kwh_year": null,
        "validation_area_m2": 177.55295425343468,
        "ucea_roofs_top_m2": 182.39,
        "err_ucea_minus_validation_kwh_year": -34307.876546874526,
        "err_ucea_abs_kwh_year": 34307.876546874526,
        "err_ucea_pct_of_validation": -0.10696701715704669,
        "err_ucea_area_minus_validation_m2": 4.837045746565309,
        "err_ucea_area_pct_of_validation": 0.027242834493539488,
        "err_workflow0_minus_validation_kwh_year": null,
        "err_workflow0_abs_kwh_year": null,
        "err_workflow0_pct_of_validation": null
      },
      "geometry": {
        "type": "Polygon",
        "coordinates": [
          [
            [
              -9.1459718,
              38.75317479999999
            ],
            [
              -9.145884499999998,
              38.75301489999999
            ],
            [
              -9.145984199999997,
              38.75298259999999
            ],
            [
              -9.1460678,
              38.7531438
            ],
            [
              -9.1459718,
              38.75317479999999
            ]
          ]
        ]
      }
    },
    {
      "type": "Feature",
      "properties": {
        "area_id": "EUA_1_Pro",
        "osm_uid": "cea/224",
        "osmid": "224",
        "element_type": "cea_zone",
        "building": "yes",
        "cea_name": "B1224",
        "intersection_area_m2": 168.40255887046447,
        "is_residential": true,
        "residential_source": "cea",
        "radiation_sum_kwh_year": 246986.392453125,
        "radiation_sum": 246986.392453125,
        "radiation_point_count": 278.0,
        "use_type1": "MULTI_RES",
        "use_type2": "NONE",
        "use_type3": "NONE",
        "resi_type": null,
        "comparison_status": "matched",
        "validation_radiation_kwh_year": 246986.392453125,
        "ucea_radiation_kwh_year": 278000.5100000007,
        "workflow0_radiation_kwh_year": null,
        "validation_area_m2": 168.40255887046447,
        "ucea_roofs_top_m2": 175.28,
        "err_ucea_minus_validation_kwh_year": 31014.1175468757,
        "err_ucea_abs_kwh_year": 31014.1175468757,
        "err_ucea_pct_of_validation": 0.12557014675519745,
        "err_ucea_area_minus_validation_m2": 6.877441129535526,
        "err_ucea_area_pct_of_validation": 0.04083929113467727,
        "err_workflow0_minus_validation_kwh_year": null,
        "err_workflow0_abs_kwh_year": null,
        "err_workflow0_pct_of_validation": null
      },
      "geometry": {
        "type": "Polygon",
        "coordinates": [
          [
            [
              -9.1461077,
              38.75330389999999
            ],
            [
              -9.1461145,
              38.753316600000005
            ],
            [
              -9.146057099999998,
              38.753335199999995
            ],
            [
              -9.1459718,
              38.75317479999999
            ],
            [
              -9.1460678,
              38.7531438
            ],
            [
              -9.1461463,
              38.75329130000001
            ],
            [
              -9.1461077,
              38.75330389999999
            ]
          ]
        ]
      }
    },
    {
      "type": "Feature",
      "properties": {
        "area_id": "EUA_1_Pro",
        "osm_uid": "cea/225",
        "osmid": "225",
        "element_type": "cea_zone",
        "building": "yes",
        "cea_name": "B1225",
        "intersection_area_m2": 153.9299155486634,
        "is_residential": true,
        "residential_source": "cea",
        "radiation_sum_kwh_year": 225654.455921875,
        "radiation_sum": 225654.455921875,
        "radiation_point_count": 252.0,
        "use_type1": "MULTI_RES",
        "use_type2": "NONE",
        "use_type3": "NONE",
        "resi_type": null,
        "comparison_status": "matched",
        "validation_radiation_kwh_year": 225654.455921875,
        "ucea_radiation_kwh_year": 248974.3399999997,
        "workflow0_radiation_kwh_year": null,
        "validation_area_m2": 153.9299155486634,
        "ucea_roofs_top_m2": 155.92,
        "err_ucea_minus_validation_kwh_year": 23319.884078124713,
        "err_ucea_abs_kwh_year": 23319.884078124713,
        "err_ucea_pct_of_validation": 0.1033433352018469,
        "err_ucea_area_minus_validation_m2": 1.9900844513365996,
        "err_ucea_area_pct_of_validation": 0.01292850999263658,
        "err_workflow0_minus_validation_kwh_year": null,
        "err_workflow0_abs_kwh_year": null,
        "err_workflow0_pct_of_validation": null
      },
      "geometry": {
        "type": "Polygon",
        "coordinates": [
          [
            [
              -9.1461463,
              38.75329130000001
            ],
            [
              -9.146194299999998,
              38.753275699999996
            ],
            [
              -9.1462785,
              38.7534325
            ],
            [
              -9.1461919,
              38.75346079999999
            ],
            [
              -9.1461145,
              38.753316600000005
            ],
            [
              -9.1461077,
              38.75330389999999
            ],
            [
              -9.1461463,
              38.75329130000001
            ]
          ]
        ]
      }
    },
    {
      "type": "Feature",
      "properties": {
        "area_id": "EUA_1_Pro",
        "osm_uid": "cea/226",
        "osmid": "226",
        "element_type": "cea_zone",
        "building": "yes",
        "cea_name": "B1226",
        "intersection_area_m2": 175.14886624630083,
        "is_residential": true,
        "residential_source": "cea",
        "radiation_sum_kwh_year": 324558.41025,
        "radiation_sum": 324558.41025,
        "radiation_point_count": 290.0,
        "use_type1": "MULTI_RES",
        "use_type2": "NONE",
        "use_type3": "NONE",
        "resi_type": null,
        "comparison_status": "matched",
        "validation_radiation_kwh_year": 324558.41025,
        "ucea_radiation_kwh_year": 253886.04999999984,
        "workflow0_radiation_kwh_year": null,
        "validation_area_m2": 175.14886624630083,
        "ucea_roofs_top_m2": 178.02,
        "err_ucea_minus_validation_kwh_year": -70672.36025000017,
        "err_ucea_abs_kwh_year": 70672.36025000017,
        "err_ucea_pct_of_validation": -0.21774928030847468,
        "err_ucea_area_minus_validation_m2": 2.8711337536991834,
        "err_ucea_area_pct_of_validation": 0.016392534049644882,
        "err_workflow0_minus_validation_kwh_year": null,
        "err_workflow0_abs_kwh_year": null,
        "err_workflow0_pct_of_validation": null
      },
      "geometry": {
        "type": "Polygon",
        "coordinates": [
          [
            [
              -9.1455323,
              38.75294449999999
            ],
            [
              -9.145633399999998,
              38.75291130000001
            ],
            [
              -9.1457155,
              38.75306449999999
            ],
            [
              -9.145614,
              38.7530969
            ],
            [
              -9.1455323,
              38.75294449999999
            ]
          ]
        ]
      }
    },
    {
      "type": "Feature",
      "properties": {
        "area_id": "EUA_1_Pro",
        "osm_uid": "cea/227",
        "osmid": "227",
        "element_type": "cea_zone",
        "building": "yes",
        "cea_name": "B1227",
        "intersection_area_m2": 179.70313589810428,
        "is_residential": true,
        "residential_source": "cea",
        "radiation_sum_kwh_year": 286782.27421875,
        "radiation_sum": 286782.27421875,
        "radiation_point_count": 296.0,
        "use_type1": "MULTI_RES",
        "use_type2": "NONE",
        "use_type3": "NONE",
        "resi_type": null,
        "comparison_status": "matched",
        "validation_radiation_kwh_year": 286782.27421875,
        "ucea_radiation_kwh_year": 263206.0100000002,
        "workflow0_radiation_kwh_year": null,
        "validation_area_m2": 179.70313589810428,
        "ucea_roofs_top_m2": 180.79,
        "err_ucea_minus_validation_kwh_year": -23576.264218749828,
        "err_ucea_abs_kwh_year": 23576.264218749828,
        "err_ucea_pct_of_validation": -0.08220962848201166,
        "err_ucea_area_minus_validation_m2": 1.0868641018957135,
        "err_ucea_area_pct_of_validation": 0.0060481087125379375,
        "err_workflow0_minus_validation_kwh_year": null,
        "err_workflow0_abs_kwh_year": null,
        "err_workflow0_pct_of_validation": null
      },
      "geometry": {
        "type": "Polygon",
        "coordinates": [
          [
            [
              -9.145696499999998,
              38.7532541
            ],
            [
              -9.145614,
              38.7530969
            ],
            [
              -9.1457155,
              38.75306449999999
            ],
            [
              -9.1457981,
              38.75322160000001
            ],
            [
              -9.145696499999998,
              38.7532541
            ]
          ]
        ]
      }
    },
    {
      "type": "Feature",
      "properties": {
        "area_id": "EUA_1_Pro",
        "osm_uid": "cea/228",
        "osmid": "228",
        "element_type": "cea_zone",
        "building": "yes",
        "cea_name": "B1228",
        "intersection_area_m2": 186.09129056612096,
        "is_residential": true,
        "residential_source": "cea",
        "radiation_sum_kwh_year": 334117.25875,
        "radiation_sum": 334117.25875,
        "radiation_point_count": 307.0,
        "use_type1": "MULTI_RES",
        "use_type2": "NONE",
        "use_type3": "NONE",
        "resi_type": null,
        "comparison_status": "matched",
        "validation_radiation_kwh_year": 334117.25875,
        "ucea_radiation_kwh_year": 277077.7499999996,
        "workflow0_radiation_kwh_year": null,
        "validation_area_m2": 186.09129056612096,
        "ucea_roofs_top_m2": 188.36,
        "err_ucea_minus_validation_kwh_year": -57039.50875000039,
        "err_ucea_abs_kwh_year": 57039.50875000039,
        "err_ucea_pct_of_validation": -0.1707170379746221,
        "err_ucea_area_minus_validation_m2": 2.268709433879053,
        "err_ucea_area_pct_of_validation": 0.012191378903210665,
        "err_workflow0_minus_validation_kwh_year": null,
        "err_workflow0_abs_kwh_year": null,
        "err_workflow0_pct_of_validation": null
      },
      "geometry": {
        "type": "Polygon",
        "coordinates": [
          [
            [
              -9.1458268,
              38.75340229999998
            ],
            [
              -9.1457827,
              38.75341649999999
            ],
            [
              -9.145696499999998,
              38.7532541
            ],
            [
              -9.1457981,
              38.75322160000001
            ],
            [
              -9.145884399999998,
              38.7533844
            ],
            [
              -9.1458268,
              38.75340229999998
            ]
          ]
        ]
      }
    },
    {
      "type": "Feature",
      "properties": {
        "area_id": "EUA_1_Pro",
        "osm_uid": "cea/229",
        "osmid": "229",
        "element_type": "cea_zone",
        "building": "yes",
        "cea_name": "B1229",
        "intersection_area_m2": 147.51831388679537,
        "is_residential": true,
        "residential_source": "cea",
        "radiation_sum_kwh_year": 213402.195578125,
        "radiation_sum": 213402.195578125,
        "radiation_point_count": 243.0,
        "use_type1": "MULTI_RES",
        "use_type2": "NONE",
        "use_type3": "NONE",
        "resi_type": null,
        "comparison_status": "matched",
        "validation_radiation_kwh_year": 213402.195578125,
        "ucea_radiation_kwh_year": 218359.21000000005,
        "workflow0_radiation_kwh_year": null,
        "validation_area_m2": 147.51831388679537,
        "ucea_roofs_top_m2": 149.53,
        "err_ucea_minus_validation_kwh_year": 4957.014421875036,
        "err_ucea_abs_kwh_year": 4957.014421875036,
        "err_ucea_pct_of_validation": 0.023228507131550613,
        "err_ucea_area_minus_validation_m2": 2.0116861132046324,
        "err_ucea_area_pct_of_validation": 0.013636856741383228,
        "err_workflow0_minus_validation_kwh_year": null,
        "err_workflow0_abs_kwh_year": null,
        "err_workflow0_pct_of_validation": null
      },
      "geometry": {
        "type": "Polygon",
        "coordinates": [
          [
            [
              -9.1458268,
              38.75340229999998
            ],
            [
              -9.145908099999998,
              38.7535562
            ],
            [
              -9.1458231,
              38.75358349999999
            ],
            [
              -9.145741799999998,
              38.75342959999999
            ],
            [
              -9.1457827,
              38.75341649999999
            ],
            [
              -9.1458268,
              38.75340229999998
            ]
          ]
        ]
      }
    },
    {
      "type": "Feature",
      "properties": {
        "area_id": "EUA_1_Pro",
        "osm_uid": "cea/230",
        "osmid": "230",
        "element_type": "cea_zone",
        "building": "yes",
        "cea_name": "B1230",
        "intersection_area_m2": 152.28844867323235,
        "is_residential": true,
        "residential_source": "cea",
        "radiation_sum_kwh_year": 245976.491125,
        "radiation_sum": 245976.491125,
        "radiation_point_count": 252.0,
        "use_type1": "MULTI_RES",
        "use_type2": "NONE",
        "use_type3": "NONE",
        "resi_type": null,
        "comparison_status": "matched",
        "validation_radiation_kwh_year": 245976.491125,
        "ucea_radiation_kwh_year": 243357.0199999991,
        "workflow0_radiation_kwh_year": null,
        "validation_area_m2": 152.28844867323235,
        "ucea_roofs_top_m2": 155.14,
        "err_ucea_minus_validation_kwh_year": -2619.471125000913,
        "err_ucea_abs_kwh_year": 2619.471125000913,
        "err_ucea_pct_of_validation": -0.010649274298614796,
        "err_ucea_area_minus_validation_m2": 2.851551326767634,
        "err_ucea_area_pct_of_validation": 0.018724672498872524,
        "err_workflow0_minus_validation_kwh_year": null,
        "err_workflow0_abs_kwh_year": null,
        "err_workflow0_pct_of_validation": null
      },
      "geometry": {
        "type": "Polygon",
        "coordinates": [
          [
            [
              -9.1459194,
              38.7536899
            ],
            [
              -9.1458828,
              38.753623399999995
            ],
            [
              -9.1460835,
              38.753556299999985
            ],
            [
              -9.1461201,
              38.75362269999999
            ],
            [
              -9.1459194,
              38.7536899
            ]
          ]
        ]
      }
    },
    {
      "type": "Feature",
      "properties": {
        "area_id": "EUA_1_Pro",
        "osm_uid": "cea/231",
        "osmid": "231",
        "element_type": "cea_zone",
        "building": "yes",
        "cea_name": "B1231",
        "intersection_area_m2": 137.87260044488872,
        "is_residential": true,
        "residential_source": "cea",
        "radiation_sum_kwh_year": 240221.633828125,
        "radiation_sum": 240221.633828125,
        "radiation_point_count": 226.0,
        "use_type1": "MULTI_RES",
        "use_type2": "NONE",
        "use_type3": "NONE",
        "resi_type": null,
        "comparison_status": "matched",
        "validation_radiation_kwh_year": 240221.633828125,
        "ucea_radiation_kwh_year": 224255.65999999995,
        "workflow0_radiation_kwh_year": null,
        "validation_area_m2": 137.87260044488872,
        "ucea_roofs_top_m2": 142.05,
        "err_ucea_minus_validation_kwh_year": -15965.973828125047,
        "err_ucea_abs_kwh_year": 15965.973828125047,
        "err_ucea_pct_of_validation": -0.06646351360489232,
        "err_ucea_area_minus_validation_m2": 4.177399555111293,
        "err_ucea_area_pct_of_validation": 0.030298982840909778,
        "err_workflow0_minus_validation_kwh_year": null,
        "err_workflow0_abs_kwh_year": null,
        "err_workflow0_pct_of_validation": null
      },
      "geometry": {
        "type": "Polygon",
        "coordinates": [
          [
            [
              -9.1460835,
              38.753556299999985
            ],
            [
              -9.146269999999998,
              38.753498
            ],
            [
              -9.146303699999999,
              38.75356389999999
            ],
            [
              -9.1461201,
              38.75362269999999
            ],
            [
              -9.1460835,
              38.753556299999985
            ]
          ]
        ]
      }
    },
    {
      "type": "Feature",
      "properties": {
        "area_id": "EUA_1_Pro",
        "osm_uid": "cea/232",
        "osmid": "232",
        "element_type": "cea_zone",
        "building": "yes",
        "cea_name": "B1232",
        "intersection_area_m2": 172.8108086976314,
        "is_residential": true,
        "residential_source": "cea",
        "radiation_sum_kwh_year": 319118.34893750004,
        "radiation_sum": 319118.34893750004,
        "radiation_point_count": 284.0,
        "use_type1": "MULTI_RES",
        "use_type2": "NONE",
        "use_type3": "NONE",
        "resi_type": null,
        "comparison_status": "matched",
        "validation_radiation_kwh_year": 319118.34893750004,
        "ucea_radiation_kwh_year": 283507.2900000004,
        "workflow0_radiation_kwh_year": null,
        "validation_area_m2": 172.8108086976314,
        "ucea_roofs_top_m2": 176.16,
        "err_ucea_minus_validation_kwh_year": -35611.05893749965,
        "err_ucea_abs_kwh_year": 35611.05893749965,
        "err_ucea_pct_of_validation": -0.1115920129822248,
        "err_ucea_area_minus_validation_m2": 3.3491913023686095,
        "err_ucea_area_pct_of_validation": 0.01938068184281644,
        "err_workflow0_minus_validation_kwh_year": null,
        "err_workflow0_abs_kwh_year": null,
        "err_workflow0_pct_of_validation": null
      },
      "geometry": {
        "type": "Polygon",
        "coordinates": [
          [
            [
              -9.146382599999999,
              38.752848499999985
            ],
            [
              -9.146465,
              38.753001499999996
            ],
            [
              -9.1463657,
              38.7530351
            ],
            [
              -9.146283899999998,
              38.752880099999985
            ],
            [
              -9.146382599999999,
              38.752848499999985
            ]
          ]
        ]
      }
    },
    {
      "type": "Feature",
      "properties": {
        "area_id": "EUA_1_Pro",
        "osm_uid": "cea/233",
        "osmid": "233",
        "element_type": "cea_zone",
        "building": "yes",
        "cea_name": "B1233",
        "intersection_area_m2": 266.3669436620294,
        "is_residential": true,
        "residential_source": "cea",
        "radiation_sum_kwh_year": 305489.30355468753,
        "radiation_sum": 305489.30355468753,
        "radiation_point_count": 341.0,
        "use_type1": "MULTI_RES",
        "use_type2": "NONE",
        "use_type3": "NONE",
        "resi_type": null,
        "comparison_status": "matched",
        "validation_radiation_kwh_year": 305489.30355468753,
        "ucea_radiation_kwh_year": 312838.3000000006,
        "workflow0_radiation_kwh_year": null,
        "validation_area_m2": 266.3669436620294,
        "ucea_roofs_top_m2": 338.14,
        "err_ucea_minus_validation_kwh_year": 7348.996445313096,
        "err_ucea_abs_kwh_year": 7348.996445313096,
        "err_ucea_pct_of_validation": 0.024056477132913777,
        "err_ucea_area_minus_validation_m2": 71.77305633797056,
        "err_ucea_area_pct_of_validation": 0.2694518146705071,
        "err_workflow0_minus_validation_kwh_year": null,
        "err_workflow0_abs_kwh_year": null,
        "err_workflow0_pct_of_validation": null
      },
      "geometry": {
        "type": "Polygon",
        "coordinates": [
          [
            [
              -9.1503146,
              38.75407219999999
            ],
            [
              -9.1501983,
              38.75410029999998
            ],
            [
              -9.1501844,
              38.75406879999999
            ],
            [
              -9.1500957,
              38.75409039999999
            ],
            [
              -9.150061,
              38.754005400000004
            ],
            [
              -9.1501495,
              38.75398450000001
            ],
            [
              -9.1501368,
              38.7539541
            ],
            [
              -9.1502579,
              38.753922299999985
            ],
            [
              -9.1503146,
              38.75407219999999
            ]
          ]
        ]
      }
    },
    {
      "type": "Feature",
      "properties": {
        "area_id": "EUA_1_Pro",
        "osm_uid": "cea/235",
        "osmid": "235",
        "element_type": "cea_zone",
        "building": "yes",
        "cea_name": "B1235",
        "intersection_area_m2": 28.960387238575073,
        "is_residential": true,
        "residential_source": "cea",
        "radiation_sum_kwh_year": 23245.309406250002,
        "radiation_sum": 23245.309406250002,
        "radiation_point_count": 47.0,
        "use_type1": "MULTI_RES",
        "use_type2": "NONE",
        "use_type3": "NONE",
        "resi_type": null,
        "comparison_status": "matched",
        "validation_radiation_kwh_year": 23245.309406250002,
        "ucea_radiation_kwh_year": 43425.54000000006,
        "workflow0_radiation_kwh_year": null,
        "validation_area_m2": 28.960387238575073,
        "ucea_roofs_top_m2": 28.96,
        "err_ucea_minus_validation_kwh_year": 20180.230593750057,
        "err_ucea_abs_kwh_year": 20180.230593750057,
        "err_ucea_pct_of_validation": 0.8681420514163674,
        "err_ucea_area_minus_validation_m2": -0.0003872385750725016,
        "err_ucea_area_pct_of_validation": -1.3371318963466827e-05,
        "err_workflow0_minus_validation_kwh_year": null,
        "err_workflow0_abs_kwh_year": null,
        "err_workflow0_pct_of_validation": null
      },
      "geometry": {
        "type": "Polygon",
        "coordinates": [
          [
            [
              -9.1495611,
              38.750238100000004
            ],
            [
              -9.1495266,
              38.7501887
            ],
            [
              -9.149573499999999,
              38.7501688
            ],
            [
              -9.149607999999999,
              38.75021819999999
            ],
            [
              -9.1495611,
              38.750238100000004
            ]
          ]
        ]
      }
    },
    {
      "type": "Feature",
      "properties": {
        "area_id": "EUA_1_Pro",
        "osm_uid": "cea/237",
        "osmid": "237",
        "element_type": "cea_zone",
        "building": "yes",
        "cea_name": "B1237",
        "intersection_area_m2": 1336.2589550171244,
        "is_residential": true,
        "residential_source": "cea",
        "radiation_sum_kwh_year": 2469274.6026171874,
        "radiation_sum": 2469274.6026171874,
        "radiation_point_count": 2203.0,
        "use_type1": "MULTI_RES",
        "use_type2": "NONE",
        "use_type3": "NONE",
        "resi_type": null,
        "comparison_status": "matched",
        "validation_radiation_kwh_year": 2469274.6026171874,
        "ucea_radiation_kwh_year": 2560816.7499999925,
        "workflow0_radiation_kwh_year": null,
        "validation_area_m2": 1336.2589550171244,
        "ucea_roofs_top_m2": 1933.9,
        "err_ucea_minus_validation_kwh_year": 91542.14738280512,
        "err_ucea_abs_kwh_year": 91542.14738280512,
        "err_ucea_pct_of_validation": 0.03707248569510231,
        "err_ucea_area_minus_validation_m2": 597.6410449828757,
        "err_ucea_area_pct_of_validation": 0.4472494217823347,
        "err_workflow0_minus_validation_kwh_year": null,
        "err_workflow0_abs_kwh_year": null,
        "err_workflow0_pct_of_validation": null
      },
      "geometry": {
        "type": "Polygon",
        "coordinates": [
          [
            [
              -9.148080799999999,
              38.749977599999994
            ],
            [
              -9.1480656,
              38.74994749999999
            ],
            [
              -9.1480372,
              38.74993859999999
            ],
            [
              -9.1479809,
              38.749956
            ],
            [
              -9.1477556,
              38.74987949999999
            ],
            [
              -9.147732099999999,
              38.74983969999999
            ],
            [
              -9.1476539,
              38.74986209999998
            ],
            [
              -9.1475642,
              38.749692700000004
            ],
            [
              -9.147757599999998,
              38.749629899999995
            ],
            [
              -9.147828399999998,
              38.74965359999998
            ],
            [
              -9.1478862,
              38.7496361
            ],
            [
              -9.148116,
              38.74971149999999
            ],
            [
              -9.148137899999998,
              38.749758599999986
            ],
            [
              -9.148108500000001,
              38.74981260000001
            ],
            [
              -9.1481788,
              38.749835899999994
            ],
            [
              -9.1482258,
              38.74993359999999
            ],
            [
              -9.148080799999999,
              38.749977599999994
            ]
          ]
        ]
      }
    },
    {
      "type": "Feature",
      "properties": {
        "area_id": "EUA_1_Pro",
        "osm_uid": "cea/240",
        "osmid": "240",
        "element_type": "cea_zone",
        "building": "yes",
        "cea_name": "B1240",
        "intersection_area_m2": 316.2027895177017,
        "is_residential": true,
        "residential_source": "cea",
        "radiation_sum_kwh_year": 645009.98459375,
        "radiation_sum": 645009.98459375,
        "radiation_point_count": 520.0,
        "use_type1": "MULTI_RES",
        "use_type2": "NONE",
        "use_type3": "NONE",
        "resi_type": null,
        "comparison_status": "matched",
        "validation_radiation_kwh_year": 645009.98459375,
        "ucea_radiation_kwh_year": 327369.1999999999,
        "workflow0_radiation_kwh_year": null,
        "validation_area_m2": 316.2027895177017,
        "ucea_roofs_top_m2": 320.2,
        "err_ucea_minus_validation_kwh_year": -317640.7845937501,
        "err_ucea_abs_kwh_year": 317640.7845937501,
        "err_ucea_pct_of_validation": -0.49245870944743814,
        "err_ucea_area_minus_validation_m2": 3.9972104822982715,
        "err_ucea_area_pct_of_validation": 0.01264128785326386,
        "err_workflow0_minus_validation_kwh_year": null,
        "err_workflow0_abs_kwh_year": null,
        "err_workflow0_pct_of_validation": null
      },
      "geometry": {
        "type": "Polygon",
        "coordinates": [
          [
            [
              -9.1492853,
              38.75251219999999
            ],
            [
              -9.149220699999999,
              38.7523762
            ],
            [
              -9.1492453,
              38.752367899999996
            ],
            [
              -9.149386399999997,
              38.752324299999984
            ],
            [
              -9.1494294,
              38.752311899999995
            ],
            [
              -9.149497099999998,
              38.75244589999999
            ],
            [
              -9.1494404,
              38.752463199999994
            ],
            [
              -9.1492853,
              38.75251219999999
            ]
          ]
        ]
      }
    },
    {
      "type": "Feature",
      "properties": {
        "area_id": "EUA_1_Pro",
        "osm_uid": "cea/241",
        "osmid": "241",
        "element_type": "cea_zone",
        "building": "yes",
        "cea_name": "B1241",
        "intersection_area_m2": 312.76672402046444,
        "is_residential": true,
        "residential_source": "cea",
        "radiation_sum_kwh_year": 571559.879578125,
        "radiation_sum": 571559.879578125,
        "radiation_point_count": 517.0,
        "use_type1": "MULTI_RES",
        "use_type2": "NONE",
        "use_type3": "NONE",
        "resi_type": null,
        "comparison_status": "matched",
        "validation_radiation_kwh_year": 571559.879578125,
        "ucea_radiation_kwh_year": 321701.14000000164,
        "workflow0_radiation_kwh_year": null,
        "validation_area_m2": 312.76672402046444,
        "ucea_roofs_top_m2": 313.57,
        "err_ucea_minus_validation_kwh_year": -249858.73957812332,
        "err_ucea_abs_kwh_year": 249858.73957812332,
        "err_ucea_pct_of_validation": -0.4371523413479389,
        "err_ucea_area_minus_validation_m2": 0.803275979535556,
        "err_ucea_area_pct_of_validation": 0.0025682910547830443,
        "err_workflow0_minus_validation_kwh_year": null,
        "err_workflow0_abs_kwh_year": null,
        "err_workflow0_pct_of_validation": null
      },
      "geometry": {
        "type": "Polygon",
        "coordinates": [
          [
            [
              -9.1493154,
              38.752668199999995
            ],
            [
              -9.1495142,
              38.75260540000001
            ],
            [
              -9.149587,
              38.75274559999998
            ],
            [
              -9.1495427,
              38.75275959999999
            ],
            [
              -9.1493881,
              38.752808299999984
            ],
            [
              -9.1493154,
              38.752668199999995
            ]
          ]
        ]
      }
    },
    {
      "type": "Feature",
      "properties": {
        "area_id": "EUA_1_Pro",
        "osm_uid": "cea/242",
        "osmid": "242",
        "element_type": "cea_zone",
        "building": "yes",
        "cea_name": "B1242",
        "intersection_area_m2": 368.96447468250454,
        "is_residential": true,
        "residential_source": "cea",
        "radiation_sum_kwh_year": 580934.1225625001,
        "radiation_sum": 580934.1225625001,
        "radiation_point_count": 610.0,
        "use_type1": "MULTI_RES",
        "use_type2": "NONE",
        "use_type3": "NONE",
        "resi_type": null,
        "comparison_status": "matched",
        "validation_radiation_kwh_year": 580934.1225625001,
        "ucea_radiation_kwh_year": 458418.25999999867,
        "workflow0_radiation_kwh_year": null,
        "validation_area_m2": 368.96447468250454,
        "ucea_roofs_top_m2": 368.96,
        "err_ucea_minus_validation_kwh_year": -122515.8625625014,
        "err_ucea_abs_kwh_year": 122515.8625625014,
        "err_ucea_pct_of_validation": -0.21089458822298818,
        "err_ucea_area_minus_validation_m2": -0.004474682504564953,
        "err_ucea_area_pct_of_validation": -1.2127678439544718e-05,
        "err_workflow0_minus_validation_kwh_year": null,
        "err_workflow0_abs_kwh_year": null,
        "err_workflow0_pct_of_validation": null
      },
      "geometry": {
        "type": "Polygon",
        "coordinates": [
          [
            [
              -9.149835,
              38.75321859999998
            ],
            [
              -9.1499563,
              38.7533907
            ],
            [
              -9.1497561,
              38.753460200000006
            ],
            [
              -9.1496747,
              38.753282999999996
            ],
            [
              -9.149835,
              38.75321859999998
            ]
          ]
        ]
      }
    }
  ]
}
