{
  "type": "FeatureCollection",
  "name": "Parque_das_N_radiation_error_map",
  "features": [
    {
      "type": "Feature",
      "properties": {
        "area_id": "Parque_das_N",
        "osm_uid": "cea/0",
        "osmid": "0",
        "element_type": "cea_zone",
        "building": "yes",
        "cea_name": "B1000",
        "intersection_area_m2": 2086.1376191852974,
        "is_residential": true,
        "residential_source": "cea",
        "radiation_sum_kwh_year": 4239866.9084531255,
        "radiation_sum": 4239866.9084531255,
        "radiation_point_count": 3434.0,
        "use_type1": "MULTI_RES",
        "use_type2": "NONE",
        "use_type3": "NONE",
        "resi_type": null,
        "comparison_status": "matched",
        "validation_radiation_kwh_year": 4239866.9084531255,
        "ucea_radiation_kwh_year": 262573.2500000005,
        "workflow0_radiation_kwh_year": null,
        "validation_area_m2": 2086.1376191852974,
        "ucea_roofs_top_m2": 220.03,
        "err_ucea_minus_validation_kwh_year": -3977293.658453125,
        "err_ucea_abs_kwh_year": 3977293.658453125,
        "err_ucea_pct_of_validation": -0.9380704027580437,
        "err_ucea_area_minus_validation_m2": -1866.1076191852974,
        "err_ucea_area_pct_of_validation": -0.8945275719221589,
        "err_workflow0_minus_validation_kwh_year": null,
        "err_workflow0_abs_kwh_year": null,
        "err_workflow0_pct_of_validation": null
      },
      "geometry": {
        "type": "Polygon",
        "coordinates": [
          [
            [
              -9.0964421,
              38.755095
            ],
            [
              -9.0958106,
              38.75480069999999
            ],
            [
              -9.0957689,
              38.7553274
            ],
            [
              -9.095602199999998,
              38.75524819999998
            ],
            [
              -9.0956225,
              38.755
            ],
            [
              -9.095657599999997,
              38.754572499999995
            ],
            [
              -9.096448899999999,
              38.754938299999985
            ],
            [
              -9.0964421,
              38.755095
            ]
          ]
        ]
      }
    },
    {
      "type": "Feature",
      "properties": {
        "area_id": "Parque_das_N",
        "osm_uid": "cea/1",
        "osmid": "1",
        "element_type": "cea_zone",
        "building": "yes",
        "cea_name": "B1001",
        "intersection_area_m2": 317.38858840514365,
        "is_residential": true,
        "residential_source": "cea",
        "radiation_sum_kwh_year": 717856.8379375,
        "radiation_sum": 717856.8379375,
        "radiation_point_count": 524.0,
        "use_type1": "MULTI_RES",
        "use_type2": "NONE",
        "use_type3": "NONE",
        "resi_type": null,
        "comparison_status": "matched",
        "validation_radiation_kwh_year": 717856.8379375,
        "ucea_radiation_kwh_year": 529866.2899999984,
        "workflow0_radiation_kwh_year": null,
        "validation_area_m2": 317.38858840514365,
        "ucea_roofs_top_m2": 359.67,
        "err_ucea_minus_validation_kwh_year": -187990.54793750157,
        "err_ucea_abs_kwh_year": 187990.54793750157,
        "err_ucea_pct_of_validation": -0.2618774914474924,
        "err_ucea_area_minus_validation_m2": 42.281411594856365,
        "err_ucea_area_pct_of_validation": 0.13321654633935523,
        "err_workflow0_minus_validation_kwh_year": null,
        "err_workflow0_abs_kwh_year": null,
        "err_workflow0_pct_of_validation": null
      },
      "geometry": {
        "type": "Polygon",
        "coordinates": [
          [
            [
              -9.095128999999998,
              38.75606970000001
            ],
            [
              -9.095143199999999,
              38.755874199999994
            ],
            [
              -9.095313499999998,
              38.7558829
            ],
            [
              -9.095306000000003,
              38.7559296
            ],
            [
              -9.095299299999999,
              38.7560773
            ],
            [
              -9.095128999999998,
              38.75606970000001
            ]
          ]
        ]
      }
    },
    {
      "type": "Feature",
      "properties": {
        "area_id": "Parque_das_N",
        "osm_uid": "cea/2",
        "osmid": "2",
        "element_type": "cea_zone",
        "building": "yes",
        "cea_name": "B1002",
        "intersection_area_m2": 457.8587219583725,
        "is_residential": true,
        "residential_source": "cea",
        "radiation_sum_kwh_year": 1012617.588,
        "radiation_sum": 1012617.588,
        "radiation_point_count": 755.0,
        "use_type1": "MULTI_RES",
        "use_type2": "NONE",
        "use_type3": "NONE",
        "resi_type": null,
        "comparison_status": "matched",
        "validation_radiation_kwh_year": 1012617.588,
        "ucea_radiation_kwh_year": 392956.43000000046,
        "workflow0_radiation_kwh_year": null,
        "validation_area_m2": 457.8587219583725,
        "ucea_roofs_top_m2": 267.1,
        "err_ucea_minus_validation_kwh_year": -619661.1579999996,
        "err_ucea_abs_kwh_year": 619661.1579999996,
        "err_ucea_pct_of_validation": -0.6119399518073545,
        "err_ucea_area_minus_validation_m2": -190.75872195837246,
        "err_ucea_area_pct_of_validation": -0.41663227718465484,
        "err_workflow0_minus_validation_kwh_year": null,
        "err_workflow0_abs_kwh_year": null,
        "err_workflow0_pct_of_validation": null
      },
      "geometry": {
        "type": "Polygon",
        "coordinates": [
          [
            [
              -9.0977511,
              38.75889529999999
            ],
            [
              -9.097629499999998,
              38.75883780000001
            ],
            [
              -9.0976605,
              38.7587979
            ],
            [
              -9.0977039,
              38.7588184
            ],
            [
              -9.097936699999998,
              38.758519
            ],
            [
              -9.097851399999998,
              38.7584787
            ],
            [
              -9.097881499999998,
              38.75843989999999
            ],
            [
              -9.098045499999998,
              38.758518
            ],
            [
              -9.0977511,
              38.75889529999999
            ]
          ]
        ]
      }
    },
    {
      "type": "Feature",
      "properties": {
        "area_id": "Parque_das_N",
        "osm_uid": "cea/3",
        "osmid": "3",
        "element_type": "cea_zone",
        "building": "yes",
        "cea_name": "B1003",
        "intersection_area_m2": 173.40734779007312,
        "is_residential": true,
        "residential_source": "cea",
        "radiation_sum_kwh_year": 338587.9700625,
        "radiation_sum": 338587.9700625,
        "radiation_point_count": 284.0,
        "use_type1": "MULTI_RES",
        "use_type2": "NONE",
        "use_type3": "NONE",
        "resi_type": null,
        "comparison_status": "matched",
        "validation_radiation_kwh_year": 338587.9700625,
        "ucea_radiation_kwh_year": 378073.6100000013,
        "workflow0_radiation_kwh_year": null,
        "validation_area_m2": 173.40734779007312,
        "ucea_roofs_top_m2": 246.41,
        "err_ucea_minus_validation_kwh_year": 39485.63993750134,
        "err_ucea_abs_kwh_year": 39485.63993750134,
        "err_ucea_pct_of_validation": 0.11661855537930861,
        "err_ucea_area_minus_validation_m2": 73.00265220992688,
        "err_ucea_area_pct_of_validation": 0.42098938217026344,
        "err_workflow0_minus_validation_kwh_year": null,
        "err_workflow0_abs_kwh_year": null,
        "err_workflow0_pct_of_validation": null
      },
      "geometry": {
        "type": "Polygon",
        "coordinates": [
          [
            [
              -9.097584999999999,
              38.7582996
            ],
            [
              -9.097359799999998,
              38.75871039999999
            ],
            [
              -9.0972906,
              38.75867689999999
            ],
            [
              -9.097584999999999,
              38.7582996
            ]
          ]
        ]
      }
    },
    {
      "type": "Feature",
      "properties": {
        "area_id": "Parque_das_N",
        "osm_uid": "cea/5",
        "osmid": "5",
        "element_type": "cea_zone",
        "building": "yes",
        "cea_name": "B1005",
        "intersection_area_m2": 1157.9206054974395,
        "is_residential": true,
        "residential_source": "cea",
        "radiation_sum_kwh_year": 1838773.18921875,
        "radiation_sum": 1838773.18921875,
        "radiation_point_count": 1583.0,
        "use_type1": "MULTI_RES",
        "use_type2": "NONE",
        "use_type3": "NONE",
        "resi_type": "apartments",
        "comparison_status": "matched",
        "validation_radiation_kwh_year": 1838773.18921875,
        "ucea_radiation_kwh_year": 358036.16999999917,
        "workflow0_radiation_kwh_year": null,
        "validation_area_m2": 1157.9206054974395,
        "ucea_roofs_top_m2": 257.42,
        "err_ucea_minus_validation_kwh_year": -1480737.0192187508,
        "err_ucea_abs_kwh_year": 1480737.0192187508,
        "err_ucea_pct_of_validation": -0.8052852999492993,
        "err_ucea_area_minus_validation_m2": -900.5006054974394,
        "err_ucea_area_pct_of_validation": -0.7776876939767272,
        "err_workflow0_minus_validation_kwh_year": null,
        "err_workflow0_abs_kwh_year": null,
        "err_workflow0_pct_of_validation": null
      },
      "geometry": {
        "type": "Polygon",
        "coordinates": [
          [
            [
              -9.095067499999999,
              38.75467019999999
            ],
            [
              -9.0951069,
              38.754526899999995
            ],
            [
              -9.0951566,
              38.754345799999996
            ],
            [
              -9.0952374,
              38.7543819
            ],
            [
              -9.095270799999998,
              38.7543969
            ],
            [
              -9.095254599999999,
              38.7545942
            ],
            [
              -9.095241800000002,
              38.754749499999996
            ],
            [
              -9.0952289,
              38.754906899999995
            ],
            [
              -9.0952152,
              38.755073199999984
            ],
            [
              -9.0949864,
              38.75496549999998
            ],
            [
              -9.0950277,
              38.7548153
            ],
            [
              -9.095067499999999,
              38.75467019999999
            ]
          ]
        ]
      }
    },
    {
      "type": "Feature",
      "properties": {
        "area_id": "Parque_das_N",
        "osm_uid": "cea/6",
        "osmid": "6",
        "element_type": "cea_zone",
        "building": "yes",
        "cea_name": "B1006",
        "intersection_area_m2": 592.1726487766025,
        "is_residential": true,
        "residential_source": "cea",
        "radiation_sum_kwh_year": 1105832.175234375,
        "radiation_sum": 1105832.175234375,
        "radiation_point_count": 973.0,
        "use_type1": "MULTI_RES",
        "use_type2": "NONE",
        "use_type3": "NONE",
        "resi_type": null,
        "comparison_status": "matched",
        "validation_radiation_kwh_year": 1105832.175234375,
        "ucea_radiation_kwh_year": 12913.400000000009,
        "workflow0_radiation_kwh_year": null,
        "validation_area_m2": 592.1726487766025,
        "ucea_roofs_top_m2": 12.16,
        "err_ucea_minus_validation_kwh_year": -1092918.7752343751,
        "err_ucea_abs_kwh_year": 1092918.7752343751,
        "err_ucea_pct_of_validation": -0.988322459511306,
        "err_ucea_area_minus_validation_m2": -580.0126487766025,
        "err_ucea_area_pct_of_validation": -0.9794654480832206,
        "err_workflow0_minus_validation_kwh_year": null,
        "err_workflow0_abs_kwh_year": null,
        "err_workflow0_pct_of_validation": null
      },
      "geometry": {
        "type": "Polygon",
        "coordinates": [
          [
            [
              -9.095433999999997,
              38.756679399999996
            ],
            [
              -9.095442699999998,
              38.7565804
            ],
            [
              -9.0954515,
              38.7564814
            ],
            [
              -9.095675099999998,
              38.7564923
            ],
            [
              -9.095673,
              38.75652039999999
            ],
            [
              -9.0957689,
              38.756525
            ],
            [
              -9.095759399999999,
              38.75669549999999
            ],
            [
              -9.095433999999997,
              38.756679399999996
            ]
          ]
        ]
      }
    },
    {
      "type": "Feature",
      "properties": {
        "area_id": "Parque_das_N",
        "osm_uid": "cea/8",
        "osmid": "8",
        "element_type": "cea_zone",
        "building": "yes",
        "cea_name": "B1008",
        "intersection_area_m2": 71.89467747199302,
        "is_residential": true,
        "residential_source": "cea",
        "radiation_sum_kwh_year": 157879.7836875,
        "radiation_sum": 157879.7836875,
        "radiation_point_count": 118.0,
        "use_type1": "MULTI_RES",
        "use_type2": "NONE",
        "use_type3": "NONE",
        "resi_type": null,
        "comparison_status": "matched",
        "validation_radiation_kwh_year": 157879.7836875,
        "ucea_radiation_kwh_year": 9026840.340000022,
        "workflow0_radiation_kwh_year": null,
        "validation_area_m2": 71.89467747199302,
        "ucea_roofs_top_m2": 5711.94,
        "err_ucea_minus_validation_kwh_year": 8868960.556312522,
        "err_ucea_abs_kwh_year": 8868960.556312522,
        "err_ucea_pct_of_validation": 56.17540352010702,
        "err_ucea_area_minus_validation_m2": 5640.045322528006,
        "err_ucea_area_pct_of_validation": 78.44871860959552,
        "err_workflow0_minus_validation_kwh_year": null,
        "err_workflow0_abs_kwh_year": null,
        "err_workflow0_pct_of_validation": null
      },
      "geometry": {
        "type": "Polygon",
        "coordinates": [
          [
            [
              -9.094098199999998,
              38.754848700000004
            ],
            [
              -9.0941263,
              38.75474269999999
            ],
            [
              -9.0941938,
              38.754753599999994
            ],
            [
              -9.094165699999998,
              38.754859499999995
            ],
            [
              -9.094098199999998,
              38.754848700000004
            ]
          ]
        ]
      }
    },
    {
      "type": "Feature",
      "properties": {
        "area_id": "Parque_das_N",
        "osm_uid": "cea/10",
        "osmid": "10",
        "element_type": "cea_zone",
        "building": "yes",
        "cea_name": "B1010",
        "intersection_area_m2": 2446.3915024270837,
        "is_residential": true,
        "residential_source": "cea",
        "radiation_sum_kwh_year": 3942418.819265625,
        "radiation_sum": 3942418.819265625,
        "radiation_point_count": 4033.0,
        "use_type1": "MULTI_RES",
        "use_type2": "NONE",
        "use_type3": "NONE",
        "resi_type": null,
        "comparison_status": "matched",
        "validation_radiation_kwh_year": 3942418.819265625,
        "ucea_radiation_kwh_year": 382732.75000000006,
        "workflow0_radiation_kwh_year": null,
        "validation_area_m2": 2446.3915024270837,
        "ucea_roofs_top_m2": 309.48,
        "err_ucea_minus_validation_kwh_year": -3559686.069265625,
        "err_ucea_abs_kwh_year": 3559686.069265625,
        "err_ucea_pct_of_validation": -0.9029193072715461,
        "err_ucea_area_minus_validation_m2": -2136.9115024270836,
        "err_ucea_area_pct_of_validation": -0.8734953094412883,
        "err_workflow0_minus_validation_kwh_year": null,
        "err_workflow0_abs_kwh_year": null,
        "err_workflow0_pct_of_validation": null
      },
      "geometry": {
        "type": "Polygon",
        "coordinates": [
          [
            [
              -9.0970245,
              38.7555225
            ],
            [
              -9.0970297,
              38.755448099999995
            ],
            [
              -9.0970342,
              38.7553839
            ],
            [
              -9.097039099999998,
              38.755314299999995
            ],
            [
              -9.0970458,
              38.7552193
            ],
            [
              -9.0971732,
              38.75528069999998
            ],
            [
              -9.097252699999999,
              38.755319
            ],
            [
              -9.097320499999999,
              38.75535159999998
            ],
            [
              -9.09737,
              38.7553755
            ],
            [
              -9.0975355,
              38.7554477
            ],
            [
              -9.097450299999998,
              38.75556339999999
            ],
            [
              -9.097277999999998,
              38.7554856
            ],
            [
              -9.097236999999998,
              38.75553469999999
            ],
            [
              -9.0971771,
              38.75553130000001
            ],
            [
              -9.0971394,
              38.7559947
            ],
            [
              -9.097134,
              38.756074999999996
            ],
            [
              -9.0971282,
              38.756161999999996
            ],
            [
              -9.0973513,
              38.75623769999999
            ],
            [
              -9.097340999999998,
              38.756362999999986
            ],
            [
              -9.0969687,
              38.75634969999999
            ],
            [
              -9.0969862,
              38.75606899999999
            ],
            [
              -9.0969905,
              38.75600779999999
            ],
            [
              -9.0970245,
              38.7555225
            ]
          ]
        ]
      }
    },
    {
      "type": "Feature",
      "properties": {
        "area_id": "Parque_das_N",
        "osm_uid": "cea/11",
        "osmid": "11",
        "element_type": "cea_zone",
        "building": "yes",
        "cea_name": "B1011",
        "intersection_area_m2": 650.8406063949927,
        "is_residential": true,
        "residential_source": "cea",
        "radiation_sum_kwh_year": 1262420.903703125,
        "radiation_sum": 1262420.903703125,
        "radiation_point_count": 1071.0,
        "use_type1": "MULTI_RES",
        "use_type2": "NONE",
        "use_type3": "NONE",
        "resi_type": null,
        "comparison_status": "matched",
        "validation_radiation_kwh_year": 1262420.903703125,
        "ucea_radiation_kwh_year": 140177.55999999953,
        "workflow0_radiation_kwh_year": null,
        "validation_area_m2": 650.8406063949927,
        "ucea_roofs_top_m2": 78.8,
        "err_ucea_minus_validation_kwh_year": -1122243.3437031254,
        "err_ucea_abs_kwh_year": 1122243.3437031254,
        "err_ucea_pct_of_validation": -0.8889613126740776,
        "err_ucea_area_minus_validation_m2": -572.0406063949928,
        "err_ucea_area_pct_of_validation": -0.8789258088297943,
        "err_workflow0_minus_validation_kwh_year": null,
        "err_workflow0_abs_kwh_year": null,
        "err_workflow0_pct_of_validation": null
      },
      "geometry": {
        "type": "Polygon",
        "coordinates": [
          [
            [
              -9.097443699999998,
              38.75701719999999
            ],
            [
              -9.097533299999998,
              38.75690099999999
            ],
            [
              -9.09796,
              38.757101299999995
            ],
            [
              -9.0978704,
              38.7572174
            ],
            [
              -9.097443699999998,
              38.75701719999999
            ]
          ]
        ]
      }
    },
    {
      "type": "Feature",
      "properties": {
        "area_id": "Parque_das_N",
        "osm_uid": "cea/12",
        "osmid": "12",
        "element_type": "cea_zone",
        "building": "yes",
        "cea_name": "B1012",
        "intersection_area_m2": 805.5638516287878,
        "is_residential": true,
        "residential_source": "cea",
        "radiation_sum_kwh_year": 1674260.9289375,
        "radiation_sum": 1674260.9289375,
        "radiation_point_count": 1328.0,
        "use_type1": "MULTI_RES",
        "use_type2": "NONE",
        "use_type3": "NONE",
        "resi_type": null,
        "comparison_status": "matched",
        "validation_radiation_kwh_year": 1674260.9289375,
        "ucea_radiation_kwh_year": 106892.81999999998,
        "workflow0_radiation_kwh_year": null,
        "validation_area_m2": 805.5638516287878,
        "ucea_roofs_top_m2": 72.46,
        "err_ucea_minus_validation_kwh_year": -1567368.1089375,
        "err_ucea_abs_kwh_year": 1567368.1089375,
        "err_ucea_pct_of_validation": -0.9361552204005411,
        "err_ucea_area_minus_validation_m2": -733.1038516287878,
        "err_ucea_area_pct_of_validation": -0.9100505815231263,
        "err_workflow0_minus_validation_kwh_year": null,
        "err_workflow0_abs_kwh_year": null,
        "err_workflow0_pct_of_validation": null
      },
      "geometry": {
        "type": "Polygon",
        "coordinates": [
          [
            [
              -9.098090500000001,
              38.75586650000001
            ],
            [
              -9.097901299999998,
              38.755779399999994
            ],
            [
              -9.097713,
              38.755692599999996
            ],
            [
              -9.097605899999998,
              38.75564330000001
            ],
            [
              -9.0976924,
              38.755529
            ],
            [
              -9.098234299999998,
              38.7557785
            ],
            [
              -9.0981477,
              38.7558929
            ],
            [
              -9.098090500000001,
              38.75586650000001
            ]
          ]
        ]
      }
    },
    {
      "type": "Feature",
      "properties": {
        "area_id": "Parque_das_N",
        "osm_uid": "cea/13",
        "osmid": "13",
        "element_type": "cea_zone",
        "building": "yes",
        "cea_name": "B1013",
        "intersection_area_m2": 571.6546627756618,
        "is_residential": true,
        "residential_source": "cea",
        "radiation_sum_kwh_year": 1122395.656015625,
        "radiation_sum": 1122395.656015625,
        "radiation_point_count": 942.0,
        "use_type1": "MULTI_RES",
        "use_type2": "NONE",
        "use_type3": "NONE",
        "resi_type": null,
        "comparison_status": "matched",
        "validation_radiation_kwh_year": 1122395.656015625,
        "ucea_radiation_kwh_year": 757138.4700000008,
        "workflow0_radiation_kwh_year": null,
        "validation_area_m2": 571.6546627756618,
        "ucea_roofs_top_m2": 566.15,
        "err_ucea_minus_validation_kwh_year": -365257.1860156242,
        "err_ucea_abs_kwh_year": 365257.1860156242,
        "err_ucea_pct_of_validation": -0.32542640739741013,
        "err_ucea_area_minus_validation_m2": -5.504662775661814,
        "err_ucea_area_pct_of_validation": -0.009629349910195774,
        "err_workflow0_minus_validation_kwh_year": null,
        "err_workflow0_abs_kwh_year": null,
        "err_workflow0_pct_of_validation": null
      },
      "geometry": {
        "type": "Polygon",
        "coordinates": [
          [
            [
              -9.096337,
              38.7570084
            ],
            [
              -9.0963326,
              38.757069200000004
            ],
            [
              -9.0961129,
              38.757057499999995
            ],
            [
              -9.0961151,
              38.75703039999999
            ],
            [
              -9.096028,
              38.7570262
            ],
            [
              -9.0960412,
              38.7568528
            ],
            [
              -9.096349,
              38.756869299999984
            ],
            [
              -9.096337,
              38.7570084
            ]
          ]
        ]
      }
    },
    {
      "type": "Feature",
      "properties": {
        "area_id": "Parque_das_N",
        "osm_uid": "cea/14",
        "osmid": "14",
        "element_type": "cea_zone",
        "building": "yes",
        "cea_name": "B1014",
        "intersection_area_m2": 24.63881994407179,
        "is_residential": true,
        "residential_source": "cea",
        "radiation_sum_kwh_year": 34283.7094375,
        "radiation_sum": 34283.7094375,
        "radiation_point_count": 28.0,
        "use_type1": "MULTI_RES",
        "use_type2": "NONE",
        "use_type3": "NONE",
        "resi_type": null,
        "comparison_status": "matched",
        "validation_radiation_kwh_year": 34283.7094375,
        "ucea_radiation_kwh_year": 302921.7800000005,
        "workflow0_radiation_kwh_year": null,
        "validation_area_m2": 24.63881994407179,
        "ucea_roofs_top_m2": 187.95,
        "err_ucea_minus_validation_kwh_year": 268638.0705625005,
        "err_ucea_abs_kwh_year": 268638.0705625005,
        "err_ucea_pct_of_validation": 7.835735250651157,
        "err_ucea_area_minus_validation_m2": 163.3111800559282,
        "err_ucea_area_pct_of_validation": 6.628206238230235,
        "err_workflow0_minus_validation_kwh_year": null,
        "err_workflow0_abs_kwh_year": null,
        "err_workflow0_pct_of_validation": null
      },
      "geometry": {
        "type": "Polygon",
        "coordinates": [
          [
            [
              -9.0995535,
              38.75753259999998
            ],
            [
              -9.0995318,
              38.7575622
            ],
            [
              -9.0994668,
              38.757533099999996
            ],
            [
              -9.0994884,
              38.75750349999999
            ],
            [
              -9.0995535,
              38.75753259999998
            ]
          ]
        ]
      }
    },
    {
      "type": "Feature",
      "properties": {
        "area_id": "Parque_das_N",
        "osm_uid": "cea/16",
        "osmid": "16",
        "element_type": "cea_zone",
        "building": "yes",
        "cea_name": "B1016",
        "intersection_area_m2": 409.68025075107766,
        "is_residential": true,
        "residential_source": "cea",
        "radiation_sum_kwh_year": 813550.1635625,
        "radiation_sum": 813550.1635625,
        "radiation_point_count": 674.0,
        "use_type1": "MULTI_RES",
        "use_type2": "NONE",
        "use_type3": "NONE",
        "resi_type": null,
        "comparison_status": "matched",
        "validation_radiation_kwh_year": 813550.1635625,
        "ucea_radiation_kwh_year": 358443.99999999977,
        "workflow0_radiation_kwh_year": null,
        "validation_area_m2": 409.68025075107766,
        "ucea_roofs_top_m2": 225.52,
        "err_ucea_minus_validation_kwh_year": -455106.16356250027,
        "err_ucea_abs_kwh_year": 455106.16356250027,
        "err_ucea_pct_of_validation": -0.5594076234581659,
        "err_ucea_area_minus_validation_m2": -184.16025075107765,
        "err_ucea_area_pct_of_validation": -0.4495219147455895,
        "err_workflow0_minus_validation_kwh_year": null,
        "err_workflow0_abs_kwh_year": null,
        "err_workflow0_pct_of_validation": null
      },
      "geometry": {
        "type": "Polygon",
        "coordinates": [
          [
            [
              -9.0961739,
              38.75632069999999
            ],
            [
              -9.0961909,
              38.756126699999996
            ],
            [
              -9.096407799999998,
              38.75613559999999
            ],
            [
              -9.096392099999997,
              38.75633079999999
            ],
            [
              -9.0961739,
              38.75632069999999
            ]
          ]
        ]
      }
    },
    {
      "type": "Feature",
      "properties": {
        "area_id": "Parque_das_N",
        "osm_uid": "cea/17",
        "osmid": "17",
        "element_type": "cea_zone",
        "building": "yes",
        "cea_name": "B1017",
        "intersection_area_m2": 416.6206047340967,
        "is_residential": true,
        "residential_source": "cea",
        "radiation_sum_kwh_year": 847260.07865625,
        "radiation_sum": 847260.07865625,
        "radiation_point_count": 687.0,
        "use_type1": "MULTI_RES",
        "use_type2": "NONE",
        "use_type3": "NONE",
        "resi_type": null,
        "comparison_status": "matched",
        "validation_radiation_kwh_year": 847260.07865625,
        "ucea_radiation_kwh_year": 385365.2799999999,
        "workflow0_radiation_kwh_year": null,
        "validation_area_m2": 416.6206047340967,
        "ucea_roofs_top_m2": 241.68,
        "err_ucea_minus_validation_kwh_year": -461894.7986562501,
        "err_ucea_abs_kwh_year": 461894.7986562501,
        "err_ucea_pct_of_validation": -0.5451629438139146,
        "err_ucea_area_minus_validation_m2": -174.94060473409667,
        "err_ucea_area_pct_of_validation": -0.4199038711629505,
        "err_workflow0_minus_validation_kwh_year": null,
        "err_workflow0_abs_kwh_year": null,
        "err_workflow0_pct_of_validation": null
      },
      "geometry": {
        "type": "Polygon",
        "coordinates": [
          [
            [
              -9.0961739,
              38.75632069999999
            ],
            [
              -9.096392099999997,
              38.75633079999999
            ],
            [
              -9.096376399999999,
              38.75652669999998
            ],
            [
              -9.096156599999999,
              38.756518
            ],
            [
              -9.0961739,
              38.75632069999999
            ]
          ]
        ]
      }
    },
    {
      "type": "Feature",
      "properties": {
        "area_id": "Parque_das_N",
        "osm_uid": "cea/18",
        "osmid": "18",
        "element_type": "cea_zone",
        "building": "yes",
        "cea_name": "B1018",
        "intersection_area_m2": 492.15347532973334,
        "is_residential": true,
        "residential_source": "cea",
        "radiation_sum_kwh_year": 780805.409265625,
        "radiation_sum": 780805.409265625,
        "radiation_point_count": 810.0,
        "use_type1": "MULTI_RES",
        "use_type2": "NONE",
        "use_type3": "NONE",
        "resi_type": null,
        "comparison_status": "matched",
        "validation_radiation_kwh_year": 780805.409265625,
        "ucea_radiation_kwh_year": 405440.7900000001,
        "workflow0_radiation_kwh_year": null,
        "validation_area_m2": 492.15347532973334,
        "ucea_roofs_top_m2": 254.49,
        "err_ucea_minus_validation_kwh_year": -375364.61926562496,
        "err_ucea_abs_kwh_year": 375364.61926562496,
        "err_ucea_pct_of_validation": -0.4807402904888538,
        "err_ucea_area_minus_validation_m2": -237.66347532973333,
        "err_ucea_area_pct_of_validation": -0.48290520588217606,
        "err_workflow0_minus_validation_kwh_year": null,
        "err_workflow0_abs_kwh_year": null,
        "err_workflow0_pct_of_validation": null
      },
      "geometry": {
        "type": "Polygon",
        "coordinates": [
          [
            [
              -9.0961024,
              38.755923
            ],
            [
              -9.096093399999999,
              38.7560928
            ],
            [
              -9.096059,
              38.75609109999999
            ],
            [
              -9.0957936,
              38.7560777
            ],
            [
              -9.095802999999998,
              38.7559077
            ],
            [
              -9.096068799999998,
              38.7559213
            ],
            [
              -9.0961024,
              38.755923
            ]
          ]
        ]
      }
    },
    {
      "type": "Feature",
      "properties": {
        "area_id": "Parque_das_N",
        "osm_uid": "cea/19",
        "osmid": "19",
        "element_type": "cea_zone",
        "building": "yes",
        "cea_name": "B1019",
        "intersection_area_m2": 581.6384538291405,
        "is_residential": true,
        "residential_source": "cea",
        "radiation_sum_kwh_year": 1129257.0272968751,
        "radiation_sum": 1129257.0272968751,
        "radiation_point_count": 961.0,
        "use_type1": "MULTI_RES",
        "use_type2": "NONE",
        "use_type3": "NONE",
        "resi_type": null,
        "comparison_status": "matched",
        "validation_radiation_kwh_year": 1129257.0272968751,
        "ucea_radiation_kwh_year": 372656.61000000045,
        "workflow0_radiation_kwh_year": null,
        "validation_area_m2": 581.6384538291405,
        "ucea_roofs_top_m2": 232.72,
        "err_ucea_minus_validation_kwh_year": -756600.4172968747,
        "err_ucea_abs_kwh_year": 756600.4172968747,
        "err_ucea_pct_of_validation": -0.6699984140085132,
        "err_ucea_area_minus_validation_m2": -348.9184538291405,
        "err_ucea_area_pct_of_validation": -0.5998889026887435,
        "err_workflow0_minus_validation_kwh_year": null,
        "err_workflow0_abs_kwh_year": null,
        "err_workflow0_pct_of_validation": null
      },
      "geometry": {
        "type": "Polygon",
        "coordinates": [
          [
            [
              -9.096407799999998,
              38.75613559999999
            ],
            [
              -9.0961909,
              38.756126699999996
            ],
            [
              -9.0961934,
              38.75609789999999
            ],
            [
              -9.096093399999999,
              38.7560928
            ],
            [
              -9.0961024,
              38.755923
            ],
            [
              -9.0964235,
              38.755939299999994
            ],
            [
              -9.096407799999998,
              38.75613559999999
            ]
          ]
        ]
      }
    },
    {
      "type": "Feature",
      "properties": {
        "area_id": "Parque_das_N",
        "osm_uid": "cea/20",
        "osmid": "20",
        "element_type": "cea_zone",
        "building": "yes",
        "cea_name": "B1020",
        "intersection_area_m2": 557.0443490654947,
        "is_residential": true,
        "residential_source": "cea",
        "radiation_sum_kwh_year": 1047068.906953125,
        "radiation_sum": 1047068.906953125,
        "radiation_point_count": 918.0,
        "use_type1": "MULTI_RES",
        "use_type2": "NONE",
        "use_type3": "NONE",
        "resi_type": null,
        "comparison_status": "matched",
        "validation_radiation_kwh_year": 1047068.906953125,
        "ucea_radiation_kwh_year": 371894.9500000002,
        "workflow0_radiation_kwh_year": null,
        "validation_area_m2": 557.0443490654947,
        "ucea_roofs_top_m2": 235.21,
        "err_ucea_minus_validation_kwh_year": -675173.9569531248,
        "err_ucea_abs_kwh_year": 675173.9569531248,
        "err_ucea_pct_of_validation": -0.6448228502151013,
        "err_ucea_area_minus_validation_m2": -321.8343490654946,
        "err_ucea_area_pct_of_validation": -0.5777535479992004,
        "err_workflow0_minus_validation_kwh_year": null,
        "err_workflow0_abs_kwh_year": null,
        "err_workflow0_pct_of_validation": null
      },
      "geometry": {
        "type": "Polygon",
        "coordinates": [
          [
            [
              -9.0957936,
              38.7560777
            ],
            [
              -9.095706399999997,
              38.75607329999999
            ],
            [
              -9.095704199999998,
              38.756101699999995
            ],
            [
              -9.0954858,
              38.7560904
            ],
            [
              -9.0955033,
              38.755892499999995
            ],
            [
              -9.095802999999998,
              38.7559077
            ],
            [
              -9.0957936,
              38.7560777
            ]
          ]
        ]
      }
    },
    {
      "type": "Feature",
      "properties": {
        "area_id": "Parque_das_N",
        "osm_uid": "cea/21",
        "osmid": "21",
        "element_type": "cea_zone",
        "building": "yes",
        "cea_name": "B1021",
        "intersection_area_m2": 414.4378835680445,
        "is_residential": true,
        "residential_source": "cea",
        "radiation_sum_kwh_year": 828231.84578125,
        "radiation_sum": 828231.84578125,
        "radiation_point_count": 683.0,
        "use_type1": "MULTI_RES",
        "use_type2": "NONE",
        "use_type3": "NONE",
        "resi_type": null,
        "comparison_status": "matched",
        "validation_radiation_kwh_year": 828231.84578125,
        "ucea_radiation_kwh_year": 376918.8800000001,
        "workflow0_radiation_kwh_year": null,
        "validation_area_m2": 414.4378835680445,
        "ucea_roofs_top_m2": 233.98,
        "err_ucea_minus_validation_kwh_year": -451312.9657812499,
        "err_ucea_abs_kwh_year": 451312.9657812499,
        "err_ucea_pct_of_validation": -0.5449113893411547,
        "err_ucea_area_minus_validation_m2": -180.45788356804454,
        "err_ucea_area_pct_of_validation": -0.43542805984437966,
        "err_workflow0_minus_validation_kwh_year": null,
        "err_workflow0_abs_kwh_year": null,
        "err_workflow0_pct_of_validation": null
      },
      "geometry": {
        "type": "Polygon",
        "coordinates": [
          [
            [
              -9.0954694,
              38.7562861
            ],
            [
              -9.0954858,
              38.7560904
            ],
            [
              -9.095704199999998,
              38.756101699999995
            ],
            [
              -9.0956897,
              38.75629639999999
            ],
            [
              -9.0954694,
              38.7562861
            ]
          ]
        ]
      }
    },
    {
      "type": "Feature",
      "properties": {
        "area_id": "Parque_das_N",
        "osm_uid": "cea/22",
        "osmid": "22",
        "element_type": "cea_zone",
        "building": "yes",
        "cea_name": "B1022",
        "intersection_area_m2": 420.2380554409821,
        "is_residential": true,
        "residential_source": "cea",
        "radiation_sum_kwh_year": 829411.782296875,
        "radiation_sum": 829411.782296875,
        "radiation_point_count": 695.0,
        "use_type1": "MULTI_RES",
        "use_type2": "NONE",
        "use_type3": "NONE",
        "resi_type": null,
        "comparison_status": "matched",
        "validation_radiation_kwh_year": 829411.782296875,
        "ucea_radiation_kwh_year": 11110599.509999996,
        "workflow0_radiation_kwh_year": null,
        "validation_area_m2": 420.2380554409821,
        "ucea_roofs_top_m2": 6865.57,
        "err_ucea_minus_validation_kwh_year": 10281187.72770312,
        "err_ucea_abs_kwh_year": 10281187.72770312,
        "err_ucea_pct_of_validation": 12.395757990357472,
        "err_ucea_area_minus_validation_m2": 6445.331944559018,
        "err_ucea_area_pct_of_validation": 15.337335258215791,
        "err_workflow0_minus_validation_kwh_year": null,
        "err_workflow0_abs_kwh_year": null,
        "err_workflow0_pct_of_validation": null
      },
      "geometry": {
        "type": "Polygon",
        "coordinates": [
          [
            [
              -9.0954515,
              38.7564814
            ],
            [
              -9.0954694,
              38.7562861
            ],
            [
              -9.0956897,
              38.75629639999999
            ],
            [
              -9.095675099999998,
              38.7564923
            ],
            [
              -9.0954515,
              38.7564814
            ]
          ]
        ]
      }
    },
    {
      "type": "Feature",
      "properties": {
        "area_id": "Parque_das_N",
        "osm_uid": "cea/23",
        "osmid": "23",
        "element_type": "cea_zone",
        "building": "yes",
        "cea_name": "B1023",
        "intersection_area_m2": 496.75605895245985,
        "is_residential": true,
        "residential_source": "cea",
        "radiation_sum_kwh_year": 860069.9233437501,
        "radiation_sum": 860069.9233437501,
        "radiation_point_count": 819.0,
        "use_type1": "MULTI_RES",
        "use_type2": "NONE",
        "use_type3": "NONE",
        "resi_type": null,
        "comparison_status": "matched",
        "validation_radiation_kwh_year": 860069.9233437501,
        "ucea_radiation_kwh_year": 2845250.9700000035,
        "workflow0_radiation_kwh_year": null,
        "validation_area_m2": 496.75605895245985,
        "ucea_roofs_top_m2": 1771.22,
        "err_ucea_minus_validation_kwh_year": 1985181.0466562533,
        "err_ucea_abs_kwh_year": 1985181.0466562533,
        "err_ucea_pct_of_validation": 2.3081623863073077,
        "err_ucea_area_minus_validation_m2": 1274.4639410475402,
        "err_ucea_area_pct_of_validation": 2.565573017337888,
        "err_workflow0_minus_validation_kwh_year": null,
        "err_workflow0_abs_kwh_year": null,
        "err_workflow0_pct_of_validation": null
      },
      "geometry": {
        "type": "Polygon",
        "coordinates": [
          [
            [
              -9.096069599999998,
              38.75653950000001
            ],
            [
              -9.096060599999998,
              38.7567104
            ],
            [
              -9.0957888,
              38.756697
            ],
            [
              -9.095759399999999,
              38.75669549999999
            ],
            [
              -9.0957689,
              38.756525
            ],
            [
              -9.095798899999998,
              38.75652639999999
            ],
            [
              -9.096069599999998,
              38.75653950000001
            ]
          ]
        ]
      }
    },
    {
      "type": "Feature",
      "properties": {
        "area_id": "Parque_das_N",
        "osm_uid": "cea/24",
        "osmid": "24",
        "element_type": "cea_zone",
        "building": "yes",
        "cea_name": "B1024",
        "intersection_area_m2": 556.3023464295042,
        "is_residential": true,
        "residential_source": "cea",
        "radiation_sum_kwh_year": 1006371.988578125,
        "radiation_sum": 1006371.988578125,
        "radiation_point_count": 917.0,
        "use_type1": "MULTI_RES",
        "use_type2": "NONE",
        "use_type3": "NONE",
        "resi_type": null,
        "comparison_status": "matched",
        "validation_radiation_kwh_year": 1006371.988578125,
        "ucea_radiation_kwh_year": 246922.4099999993,
        "workflow0_radiation_kwh_year": null,
        "validation_area_m2": 556.3023464295042,
        "ucea_roofs_top_m2": 156.14,
        "err_ucea_minus_validation_kwh_year": -759449.5785781257,
        "err_ucea_abs_kwh_year": 759449.5785781257,
        "err_ucea_pct_of_validation": -0.7546410146521774,
        "err_ucea_area_minus_validation_m2": -400.16234642950417,
        "err_ucea_area_pct_of_validation": -0.7193252895621457,
        "err_workflow0_minus_validation_kwh_year": null,
        "err_workflow0_abs_kwh_year": null,
        "err_workflow0_pct_of_validation": null
      },
      "geometry": {
        "type": "Polygon",
        "coordinates": [
          [
            [
              -9.0963605,
              38.756725199999984
            ],
            [
              -9.096060599999998,
              38.7567104
            ],
            [
              -9.096069599999998,
              38.75653950000001
            ],
            [
              -9.096154299999998,
              38.75654350000001
            ],
            [
              -9.096156599999999,
              38.756518
            ],
            [
              -9.096376399999999,
              38.75652669999998
            ],
            [
              -9.0963605,
              38.756725199999984
            ]
          ]
        ]
      }
    },
    {
      "type": "Feature",
      "properties": {
        "area_id": "Parque_das_N",
        "osm_uid": "cea/26",
        "osmid": "26",
        "element_type": "cea_zone",
        "building": "yes",
        "cea_name": "B1026",
        "intersection_area_m2": 1012.6652982500777,
        "is_residential": true,
        "residential_source": "cea",
        "radiation_sum_kwh_year": 1850980.63565625,
        "radiation_sum": 1850980.63565625,
        "radiation_point_count": 1669.0,
        "use_type1": "MULTI_RES",
        "use_type2": "NONE",
        "use_type3": "NONE",
        "resi_type": null,
        "comparison_status": "matched",
        "validation_radiation_kwh_year": 1850980.63565625,
        "ucea_radiation_kwh_year": 724327.7000000011,
        "workflow0_radiation_kwh_year": null,
        "validation_area_m2": 1012.6652982500777,
        "ucea_roofs_top_m2": 621.76,
        "err_ucea_minus_validation_kwh_year": -1126652.9356562488,
        "err_ucea_abs_kwh_year": 1126652.9356562488,
        "err_ucea_pct_of_validation": -0.6086789423687317,
        "err_ucea_area_minus_validation_m2": -390.90529825007775,
        "err_ucea_area_pct_of_validation": -0.3860162868477633,
        "err_workflow0_minus_validation_kwh_year": null,
        "err_workflow0_abs_kwh_year": null,
        "err_workflow0_pct_of_validation": null
      },
      "geometry": {
        "type": "Polygon",
        "coordinates": [
          [
            [
              -9.0975659,
              38.756439199999996
            ],
            [
              -9.0976022,
              38.756455900000006
            ],
            [
              -9.0979641,
              38.7566228
            ],
            [
              -9.0982293,
              38.756744999999995
            ],
            [
              -9.0981403,
              38.7568624
            ],
            [
              -9.0980258,
              38.756809499999996
            ],
            [
              -9.097835399999997,
              38.756721799999994
            ],
            [
              -9.097738299999998,
              38.75667700000001
            ],
            [
              -9.0975123,
              38.75657280000001
            ],
            [
              -9.097477,
              38.756556499999995
            ],
            [
              -9.0975659,
              38.756439199999996
            ]
          ]
        ]
      }
    },
    {
      "type": "Feature",
      "properties": {
        "area_id": "Parque_das_N",
        "osm_uid": "cea/27",
        "osmid": "27",
        "element_type": "cea_zone",
        "building": "yes",
        "cea_name": "B1027",
        "intersection_area_m2": 420.61353951416396,
        "is_residential": true,
        "residential_source": "cea",
        "radiation_sum_kwh_year": 828023.127,
        "radiation_sum": 828023.127,
        "radiation_point_count": 691.0,
        "use_type1": "MULTI_RES",
        "use_type2": "NONE",
        "use_type3": "NONE",
        "resi_type": null,
        "comparison_status": "matched",
        "validation_radiation_kwh_year": 828023.127,
        "ucea_radiation_kwh_year": 1171245.5200000003,
        "workflow0_radiation_kwh_year": null,
        "validation_area_m2": 420.61353951416396,
        "ucea_roofs_top_m2": 853.44,
        "err_ucea_minus_validation_kwh_year": 343222.3930000003,
        "err_ucea_abs_kwh_year": 343222.3930000003,
        "err_ucea_pct_of_validation": 0.4145082206139881,
        "err_ucea_area_minus_validation_m2": 432.8264604858361,
        "err_ucea_area_pct_of_validation": 1.029035967281935,
        "err_workflow0_minus_validation_kwh_year": null,
        "err_workflow0_abs_kwh_year": null,
        "err_workflow0_pct_of_validation": null
      },
      "geometry": {
        "type": "Polygon",
        "coordinates": [
          [
            [
              -9.0953912,
              38.75721889999999
            ],
            [
              -9.0956124,
              38.75722869999999
            ],
            [
              -9.0955969,
              38.75742569999999
            ],
            [
              -9.0953762,
              38.75741539999998
            ],
            [
              -9.0953912,
              38.75721889999999
            ]
          ]
        ]
      }
    },
    {
      "type": "Feature",
      "properties": {
        "area_id": "Parque_das_N",
        "osm_uid": "cea/28",
        "osmid": "28",
        "element_type": "cea_zone",
        "building": "yes",
        "cea_name": "B1028",
        "intersection_area_m2": 980.7331346049459,
        "is_residential": true,
        "residential_source": "cea",
        "radiation_sum_kwh_year": 1786657.832828125,
        "radiation_sum": 1786657.832828125,
        "radiation_point_count": 1613.0,
        "use_type1": "MULTI_RES",
        "use_type2": "NONE",
        "use_type3": "NONE",
        "resi_type": null,
        "comparison_status": "matched",
        "validation_radiation_kwh_year": 1786657.832828125,
        "ucea_radiation_kwh_year": 874679.7900000011,
        "workflow0_radiation_kwh_year": null,
        "validation_area_m2": 980.7331346049459,
        "ucea_roofs_top_m2": 600.35,
        "err_ucea_minus_validation_kwh_year": -911978.0428281239,
        "err_ucea_abs_kwh_year": 911978.0428281239,
        "err_ucea_pct_of_validation": -0.51043799549718,
        "err_ucea_area_minus_validation_m2": -380.3831346049459,
        "err_ucea_area_pct_of_validation": -0.3878559020626645,
        "err_workflow0_minus_validation_kwh_year": null,
        "err_workflow0_abs_kwh_year": null,
        "err_workflow0_pct_of_validation": null
      },
      "geometry": {
        "type": "Polygon",
        "coordinates": [
          [
            [
              -9.097252199999998,
              38.7574407
            ],
            [
              -9.097229999999998,
              38.75771059999999
            ],
            [
              -9.0968535,
              38.75770039999999
            ],
            [
              -9.0968765,
              38.75743059999999
            ],
            [
              -9.097252199999998,
              38.7574407
            ]
          ]
        ]
      }
    },
    {
      "type": "Feature",
      "properties": {
        "area_id": "Parque_das_N",
        "osm_uid": "cea/29",
        "osmid": "29",
        "element_type": "cea_zone",
        "building": "yes",
        "cea_name": "B1029",
        "intersection_area_m2": 506.5063953571126,
        "is_residential": true,
        "residential_source": "cea",
        "radiation_sum_kwh_year": 937617.882046875,
        "radiation_sum": 937617.882046875,
        "radiation_point_count": 835.0,
        "use_type1": "MULTI_RES",
        "use_type2": "NONE",
        "use_type3": "NONE",
        "resi_type": null,
        "comparison_status": "matched",
        "validation_radiation_kwh_year": 937617.882046875,
        "ucea_radiation_kwh_year": 663732.5999999992,
        "workflow0_radiation_kwh_year": null,
        "validation_area_m2": 506.5063953571126,
        "ucea_roofs_top_m2": 404.31,
        "err_ucea_minus_validation_kwh_year": -273885.2820468758,
        "err_ucea_abs_kwh_year": 273885.2820468758,
        "err_ucea_pct_of_validation": -0.2921075709957324,
        "err_ucea_area_minus_validation_m2": -102.19639535711258,
        "err_ucea_area_pct_of_validation": -0.20176723590046472,
        "err_workflow0_minus_validation_kwh_year": null,
        "err_workflow0_abs_kwh_year": null,
        "err_workflow0_pct_of_validation": null
      },
      "geometry": {
        "type": "Polygon",
        "coordinates": [
          [
            [
              -9.095989300000001,
              38.7574719
            ],
            [
              -9.095976099999998,
              38.757642199999985
            ],
            [
              -9.0956874,
              38.75762790000001
            ],
            [
              -9.0956673,
              38.7576269
            ],
            [
              -9.0956825,
              38.75745719999998
            ],
            [
              -9.0957026,
              38.757458199999995
            ],
            [
              -9.095989300000001,
              38.7574719
            ]
          ]
        ]
      }
    },
    {
      "type": "Feature",
      "properties": {
        "area_id": "Parque_das_N",
        "osm_uid": "cea/30",
        "osmid": "30",
        "element_type": "cea_zone",
        "building": "yes",
        "cea_name": "B1030",
        "intersection_area_m2": 423.5351589801596,
        "is_residential": true,
        "residential_source": "cea",
        "radiation_sum_kwh_year": 863692.24209375,
        "radiation_sum": 863692.24209375,
        "radiation_point_count": 700.0,
        "use_type1": "MULTI_RES",
        "use_type2": "NONE",
        "use_type3": "NONE",
        "resi_type": null,
        "comparison_status": "matched",
        "validation_radiation_kwh_year": 863692.24209375,
        "ucea_radiation_kwh_year": 5447097.800000002,
        "workflow0_radiation_kwh_year": null,
        "validation_area_m2": 423.5351589801596,
        "ucea_roofs_top_m2": 3449.19,
        "err_ucea_minus_validation_kwh_year": 4583405.557906251,
        "err_ucea_abs_kwh_year": 4583405.557906251,
        "err_ucea_pct_of_validation": 5.306757817802354,
        "err_ucea_area_minus_validation_m2": 3025.65484101984,
        "err_ucea_area_pct_of_validation": 7.14381032333983,
        "err_workflow0_minus_validation_kwh_year": null,
        "err_workflow0_abs_kwh_year": null,
        "err_workflow0_pct_of_validation": null
      },
      "geometry": {
        "type": "Polygon",
        "coordinates": [
          [
            [
              -9.0953912,
              38.75721889999999
            ],
            [
              -9.095406399999998,
              38.757020100000005
            ],
            [
              -9.0956278,
              38.757031999999995
            ],
            [
              -9.0956124,
              38.75722869999999
            ],
            [
              -9.0953912,
              38.75721889999999
            ]
          ]
        ]
      }
    },
    {
      "type": "Feature",
      "properties": {
        "area_id": "Parque_das_N",
        "osm_uid": "cea/31",
        "osmid": "31",
        "element_type": "cea_zone",
        "building": "yes",
        "cea_name": "B1031",
        "intersection_area_m2": 807.9318201276974,
        "is_residential": true,
        "residential_source": "cea",
        "radiation_sum_kwh_year": 1576648.66178125,
        "radiation_sum": 1576648.66178125,
        "radiation_point_count": 1330.0,
        "use_type1": "MULTI_RES",
        "use_type2": "NONE",
        "use_type3": "NONE",
        "resi_type": null,
        "comparison_status": "matched",
        "validation_radiation_kwh_year": 1576648.66178125,
        "ucea_radiation_kwh_year": 1555059.7200000025,
        "workflow0_radiation_kwh_year": null,
        "validation_area_m2": 807.9318201276974,
        "ucea_roofs_top_m2": 960.91,
        "err_ucea_minus_validation_kwh_year": -21588.9417812475,
        "err_ucea_abs_kwh_year": 21588.9417812475,
        "err_ucea_pct_of_validation": -0.013692931281758719,
        "err_ucea_area_minus_validation_m2": 152.97817987230258,
        "err_ucea_area_pct_of_validation": 0.18934540769556973,
        "err_workflow0_minus_validation_kwh_year": null,
        "err_workflow0_abs_kwh_year": null,
        "err_workflow0_pct_of_validation": null
      },
      "geometry": {
        "type": "Polygon",
        "coordinates": [
          [
            [
              -9.0985826,
              38.75609319999999
            ],
            [
              -9.098205099999998,
              38.755919299999995
            ],
            [
              -9.0981477,
              38.7558929
            ],
            [
              -9.098234299999998,
              38.7557785
            ],
            [
              -9.098777599999998,
              38.7560288
            ],
            [
              -9.098690999999999,
              38.7561431
            ],
            [
              -9.0985826,
              38.75609319999999
            ]
          ]
        ]
      }
    },
    {
      "type": "Feature",
      "properties": {
        "area_id": "Parque_das_N",
        "osm_uid": "cea/32",
        "osmid": "32",
        "element_type": "cea_zone",
        "building": "yes",
        "cea_name": "B1032",
        "intersection_area_m2": 415.17745252435157,
        "is_residential": true,
        "residential_source": "cea",
        "radiation_sum_kwh_year": 860360.608,
        "radiation_sum": 860360.608,
        "radiation_point_count": 685.0,
        "use_type1": "MULTI_RES",
        "use_type2": "NONE",
        "use_type3": "NONE",
        "resi_type": null,
        "comparison_status": "matched",
        "validation_radiation_kwh_year": 860360.608,
        "ucea_radiation_kwh_year": 733946.2300000006,
        "workflow0_radiation_kwh_year": null,
        "validation_area_m2": 415.17745252435157,
        "ucea_roofs_top_m2": 455.0,
        "err_ucea_minus_validation_kwh_year": -126414.37799999944,
        "err_ucea_abs_kwh_year": 126414.37799999944,
        "err_ucea_pct_of_validation": -0.1469318525564102,
        "err_ucea_area_minus_validation_m2": 39.822547475648435,
        "err_ucea_area_pct_of_validation": 0.09591693198539655,
        "err_workflow0_minus_validation_kwh_year": null,
        "err_workflow0_abs_kwh_year": null,
        "err_workflow0_pct_of_validation": null
      },
      "geometry": {
        "type": "Polygon",
        "coordinates": [
          [
            [
              -9.0960975,
              38.7572537
            ],
            [
              -9.0963166,
              38.7572649
            ],
            [
              -9.0963006,
              38.75746029999999
            ],
            [
              -9.0960821,
              38.75745039999999
            ],
            [
              -9.0960975,
              38.7572537
            ]
          ]
        ]
      }
    },
    {
      "type": "Feature",
      "properties": {
        "area_id": "Parque_das_N",
        "osm_uid": "cea/33",
        "osmid": "33",
        "element_type": "cea_zone",
        "building": "yes",
        "cea_name": "B1033",
        "intersection_area_m2": 520.210147478884,
        "is_residential": true,
        "residential_source": "cea",
        "radiation_sum_kwh_year": 830956.67346875,
        "radiation_sum": 830956.67346875,
        "radiation_point_count": 856.0,
        "use_type1": "MULTI_RES",
        "use_type2": "NONE",
        "use_type3": "NONE",
        "resi_type": null,
        "comparison_status": "matched",
        "validation_radiation_kwh_year": 830956.67346875,
        "ucea_radiation_kwh_year": 643510.9699999975,
        "workflow0_radiation_kwh_year": null,
        "validation_area_m2": 520.210147478884,
        "ucea_roofs_top_m2": 400.0,
        "err_ucea_minus_validation_kwh_year": -187445.70346875244,
        "err_ucea_abs_kwh_year": 187445.70346875244,
        "err_ucea_pct_of_validation": -0.2255781913228738,
        "err_ucea_area_minus_validation_m2": -120.21014747888398,
        "err_ucea_area_pct_of_validation": -0.23107997424014776,
        "err_workflow0_minus_validation_kwh_year": null,
        "err_workflow0_abs_kwh_year": null,
        "err_workflow0_pct_of_validation": null
      },
      "geometry": {
        "type": "Polygon",
        "coordinates": [
          [
            [
              -9.0957348,
              38.756836299999996
            ],
            [
              -9.0960174,
              38.7568515
            ],
            [
              -9.0960412,
              38.7568528
            ],
            [
              -9.096028,
              38.7570262
            ],
            [
              -9.0960036,
              38.75702499999999
            ],
            [
              -9.095717799999997,
              38.75701140000001
            ],
            [
              -9.0957348,
              38.756836299999996
            ]
          ]
        ]
      }
    },
    {
      "type": "Feature",
      "properties": {
        "area_id": "Parque_das_N",
        "osm_uid": "cea/34",
        "osmid": "34",
        "element_type": "cea_zone",
        "building": "yes",
        "cea_name": "B1034",
        "intersection_area_m2": 975.1479056310145,
        "is_residential": true,
        "residential_source": "cea",
        "radiation_sum_kwh_year": 1641443.121640625,
        "radiation_sum": 1641443.121640625,
        "radiation_point_count": 1612.0,
        "use_type1": "MULTI_RES",
        "use_type2": "NONE",
        "use_type3": "NONE",
        "resi_type": null,
        "comparison_status": "matched",
        "validation_radiation_kwh_year": 1641443.121640625,
        "ucea_radiation_kwh_year": 193700.74000000046,
        "workflow0_radiation_kwh_year": null,
        "validation_area_m2": 975.1479056310145,
        "ucea_roofs_top_m2": 124.59,
        "err_ucea_minus_validation_kwh_year": -1447742.3816406245,
        "err_ucea_abs_kwh_year": 1447742.3816406245,
        "err_ucea_pct_of_validation": -0.8819936326478396,
        "err_ucea_area_minus_validation_m2": -850.5579056310145,
        "err_ucea_area_pct_of_validation": -0.8722347663564141,
        "err_workflow0_minus_validation_kwh_year": null,
        "err_workflow0_abs_kwh_year": null,
        "err_workflow0_pct_of_validation": null
      },
      "geometry": {
        "type": "Polygon",
        "coordinates": [
          [
            [
              -9.097340999999998,
              38.756362999999986
            ],
            [
              -9.0973184,
              38.75663649999999
            ],
            [
              -9.096945899999998,
              38.756617399999996
            ],
            [
              -9.0969687,
              38.75634969999999
            ],
            [
              -9.097340999999998,
              38.756362999999986
            ]
          ]
        ]
      }
    },
    {
      "type": "Feature",
      "properties": {
        "area_id": "Parque_das_N",
        "osm_uid": "cea/35",
        "osmid": "35",
        "element_type": "cea_zone",
        "building": "yes",
        "cea_name": "B1035",
        "intersection_area_m2": 416.2374099559156,
        "is_residential": true,
        "residential_source": "cea",
        "radiation_sum_kwh_year": 849382.3451875,
        "radiation_sum": 849382.3451875,
        "radiation_point_count": 685.0,
        "use_type1": "MULTI_RES",
        "use_type2": "NONE",
        "use_type3": "NONE",
        "resi_type": null,
        "comparison_status": "matched",
        "validation_radiation_kwh_year": 849382.3451875,
        "ucea_radiation_kwh_year": 730617.720000001,
        "workflow0_radiation_kwh_year": null,
        "validation_area_m2": 416.2374099559156,
        "ucea_roofs_top_m2": 685.27,
        "err_ucea_minus_validation_kwh_year": -118764.62518749898,
        "err_ucea_abs_kwh_year": 118764.62518749898,
        "err_ucea_pct_of_validation": -0.13982469244905468,
        "err_ucea_area_minus_validation_m2": 269.0325900440844,
        "err_ucea_area_pct_of_validation": 0.6463440901974141,
        "err_workflow0_minus_validation_kwh_year": null,
        "err_workflow0_abs_kwh_year": null,
        "err_workflow0_pct_of_validation": null
      },
      "geometry": {
        "type": "Polygon",
        "coordinates": [
          [
            [
              -9.0961129,
              38.757057499999995
            ],
            [
              -9.0963326,
              38.757069200000004
            ],
            [
              -9.0963166,
              38.7572649
            ],
            [
              -9.0960975,
              38.7572537
            ],
            [
              -9.0961129,
              38.757057499999995
            ]
          ]
        ]
      }
    },
    {
      "type": "Feature",
      "properties": {
        "area_id": "Parque_das_N",
        "osm_uid": "cea/36",
        "osmid": "36",
        "element_type": "cea_zone",
        "building": "yes",
        "cea_name": "B1036",
        "intersection_area_m2": 971.3429261127552,
        "is_residential": true,
        "residential_source": "cea",
        "radiation_sum_kwh_year": 1645191.70203125,
        "radiation_sum": 1645191.70203125,
        "radiation_point_count": 1596.0,
        "use_type1": "MULTI_RES",
        "use_type2": "NONE",
        "use_type3": "NONE",
        "resi_type": null,
        "comparison_status": "matched",
        "validation_radiation_kwh_year": 1645191.70203125,
        "ucea_radiation_kwh_year": 667239.4899999981,
        "workflow0_radiation_kwh_year": null,
        "validation_area_m2": 971.3429261127552,
        "ucea_roofs_top_m2": 429.52,
        "err_ucea_minus_validation_kwh_year": -977952.212031252,
        "err_ucea_abs_kwh_year": 977952.212031252,
        "err_ucea_pct_of_validation": -0.5944305522716987,
        "err_ucea_area_minus_validation_m2": -541.8229261127552,
        "err_ucea_area_pct_of_validation": -0.5578080732837493,
        "err_workflow0_minus_validation_kwh_year": null,
        "err_workflow0_abs_kwh_year": null,
        "err_workflow0_pct_of_validation": null
      },
      "geometry": {
        "type": "Polygon",
        "coordinates": [
          [
            [
              -9.096945899999998,
              38.756617399999996
            ],
            [
              -9.0973184,
              38.75663649999999
            ],
            [
              -9.097296499999999,
              38.75690269999999
            ],
            [
              -9.096922699999999,
              38.75688919999998
            ],
            [
              -9.096945899999998,
              38.756617399999996
            ]
          ]
        ]
      }
    },
    {
      "type": "Feature",
      "properties": {
        "area_id": "Parque_das_N",
        "osm_uid": "cea/37",
        "osmid": "37",
        "element_type": "cea_zone",
        "building": "yes",
        "cea_name": "B1037",
        "intersection_area_m2": 848.666899301239,
        "is_residential": true,
        "residential_source": "cea",
        "radiation_sum_kwh_year": 1425071.0368984374,
        "radiation_sum": 1425071.0368984374,
        "radiation_point_count": 1401.0,
        "use_type1": "MULTI_RES",
        "use_type2": "NONE",
        "use_type3": "NONE",
        "resi_type": null,
        "comparison_status": "matched",
        "validation_radiation_kwh_year": 1425071.0368984374,
        "ucea_radiation_kwh_year": 155502.77000000022,
        "workflow0_radiation_kwh_year": null,
        "validation_area_m2": 848.666899301239,
        "ucea_roofs_top_m2": 104.33,
        "err_ucea_minus_validation_kwh_year": -1269568.2668984372,
        "err_ucea_abs_kwh_year": 1269568.2668984372,
        "err_ucea_pct_of_validation": -0.8908806887701257,
        "err_ucea_area_minus_validation_m2": -744.336899301239,
        "err_ucea_area_pct_of_validation": -0.8770660195585553,
        "err_workflow0_minus_validation_kwh_year": null,
        "err_workflow0_abs_kwh_year": null,
        "err_workflow0_pct_of_validation": null
      },
      "geometry": {
        "type": "Polygon",
        "coordinates": [
          [
            [
              -9.097296499999999,
              38.75690269999999
            ],
            [
              -9.0972797,
              38.757107100000006
            ],
            [
              -9.0970747,
              38.75710329999998
            ],
            [
              -9.097069399999999,
              38.757165400000005
            ],
            [
              -9.0968999,
              38.7571566
            ],
            [
              -9.096922699999999,
              38.75688919999998
            ],
            [
              -9.097296499999999,
              38.75690269999999
            ]
          ]
        ]
      }
    },
    {
      "type": "Feature",
      "properties": {
        "area_id": "Parque_das_N",
        "osm_uid": "cea/38",
        "osmid": "38",
        "element_type": "cea_zone",
        "building": "yes",
        "cea_name": "B1038",
        "intersection_area_m2": 582.7574311384342,
        "is_residential": true,
        "residential_source": "cea",
        "radiation_sum_kwh_year": 1101983.3663281251,
        "radiation_sum": 1101983.3663281251,
        "radiation_point_count": 958.0,
        "use_type1": "MULTI_RES",
        "use_type2": "NONE",
        "use_type3": "NONE",
        "resi_type": null,
        "comparison_status": "matched",
        "validation_radiation_kwh_year": 1101983.3663281251,
        "ucea_radiation_kwh_year": 514432.05000000016,
        "workflow0_radiation_kwh_year": null,
        "validation_area_m2": 582.7574311384342,
        "ucea_roofs_top_m2": 318.05,
        "err_ucea_minus_validation_kwh_year": -587551.316328125,
        "err_ucea_abs_kwh_year": 587551.316328125,
        "err_ucea_pct_of_validation": -0.5331762114394533,
        "err_ucea_area_minus_validation_m2": -264.7074311384342,
        "err_ucea_area_pct_of_validation": -0.4542326137674817,
        "err_workflow0_minus_validation_kwh_year": null,
        "err_workflow0_abs_kwh_year": null,
        "err_workflow0_pct_of_validation": null
      },
      "geometry": {
        "type": "Polygon",
        "coordinates": [
          [
            [
              -9.0957348,
              38.756836299999996
            ],
            [
              -9.095717799999997,
              38.75701140000001
            ],
            [
              -9.095629799999998,
              38.75700719999999
            ],
            [
              -9.0956278,
              38.757031999999995
            ],
            [
              -9.095406399999998,
              38.757020100000005
            ],
            [
              -9.0954217,
              38.75681949999999
            ],
            [
              -9.0957348,
              38.756836299999996
            ]
          ]
        ]
      }
    },
    {
      "type": "Feature",
      "properties": {
        "area_id": "Parque_das_N",
        "osm_uid": "cea/39",
        "osmid": "39",
        "element_type": "cea_zone",
        "building": "yes",
        "cea_name": "B1039",
        "intersection_area_m2": 915.7346697502414,
        "is_residential": true,
        "residential_source": "cea",
        "radiation_sum_kwh_year": 1653027.548734375,
        "radiation_sum": 1653027.548734375,
        "radiation_point_count": 1506.0,
        "use_type1": "MULTI_RES",
        "use_type2": "NONE",
        "use_type3": "NONE",
        "resi_type": null,
        "comparison_status": "matched",
        "validation_radiation_kwh_year": 1653027.548734375,
        "ucea_radiation_kwh_year": 538110.56,
        "workflow0_radiation_kwh_year": null,
        "validation_area_m2": 915.7346697502414,
        "ucea_roofs_top_m2": 344.02,
        "err_ucea_minus_validation_kwh_year": -1114916.988734375,
        "err_ucea_abs_kwh_year": 1114916.988734375,
        "err_ucea_pct_of_validation": -0.6744696962782022,
        "err_ucea_area_minus_validation_m2": -571.7146697502415,
        "err_ucea_area_pct_of_validation": -0.6243234952611018,
        "err_workflow0_minus_validation_kwh_year": null,
        "err_workflow0_abs_kwh_year": null,
        "err_workflow0_pct_of_validation": null
      },
      "geometry": {
        "type": "Polygon",
        "coordinates": [
          [
            [
              -9.0970664,
              38.757200499999996
            ],
            [
              -9.097271799999998,
              38.75720249999999
            ],
            [
              -9.097252199999998,
              38.7574407
            ],
            [
              -9.0968765,
              38.75743059999999
            ],
            [
              -9.0968999,
              38.7571566
            ],
            [
              -9.097069399999999,
              38.757165400000005
            ],
            [
              -9.0970664,
              38.757200499999996
            ]
          ]
        ]
      }
    },
    {
      "type": "Feature",
      "properties": {
        "area_id": "Parque_das_N",
        "osm_uid": "cea/40",
        "osmid": "40",
        "element_type": "cea_zone",
        "building": "yes",
        "cea_name": "B1040",
        "intersection_area_m2": 926.6499844537896,
        "is_residential": true,
        "residential_source": "cea",
        "radiation_sum_kwh_year": 1646203.441109375,
        "radiation_sum": 1646203.441109375,
        "radiation_point_count": 1525.0,
        "use_type1": "MULTI_RES",
        "use_type2": "NONE",
        "use_type3": "NONE",
        "resi_type": null,
        "comparison_status": "matched",
        "validation_radiation_kwh_year": 1646203.441109375,
        "ucea_radiation_kwh_year": 1015793.7499999972,
        "workflow0_radiation_kwh_year": null,
        "validation_area_m2": 926.6499844537896,
        "ucea_roofs_top_m2": 647.05,
        "err_ucea_minus_validation_kwh_year": -630409.6911093779,
        "err_ucea_abs_kwh_year": 630409.6911093779,
        "err_ucea_pct_of_validation": -0.38294762079014083,
        "err_ucea_area_minus_validation_m2": -279.5999844537896,
        "err_ucea_area_pct_of_validation": -0.30173203382569397,
        "err_workflow0_minus_validation_kwh_year": null,
        "err_workflow0_abs_kwh_year": null,
        "err_workflow0_pct_of_validation": null
      },
      "geometry": {
        "type": "Polygon",
        "coordinates": [
          [
            [
              -9.0972103,
              38.757948899999995
            ],
            [
              -9.0970064,
              38.75794749999999
            ],
            [
              -9.097003799999998,
              38.7579783
            ],
            [
              -9.096830599999999,
              38.75796929999999
            ],
            [
              -9.0968535,
              38.75770039999999
            ],
            [
              -9.097229999999998,
              38.75771059999999
            ],
            [
              -9.0972103,
              38.757948899999995
            ]
          ]
        ]
      }
    },
    {
      "type": "Feature",
      "properties": {
        "area_id": "Parque_das_N",
        "osm_uid": "cea/41",
        "osmid": "41",
        "element_type": "cea_zone",
        "building": "yes",
        "cea_name": "B1041",
        "intersection_area_m2": 1340.173490089277,
        "is_residential": true,
        "residential_source": "cea",
        "radiation_sum_kwh_year": 2409332.32975,
        "radiation_sum": 2409332.32975,
        "radiation_point_count": 2207.0,
        "use_type1": "MULTI_RES",
        "use_type2": "NONE",
        "use_type3": "NONE",
        "resi_type": null,
        "comparison_status": "matched",
        "validation_radiation_kwh_year": 2409332.32975,
        "ucea_radiation_kwh_year": 267549.8800000001,
        "workflow0_radiation_kwh_year": null,
        "validation_area_m2": 1340.173490089277,
        "ucea_roofs_top_m2": 288.03,
        "err_ucea_minus_validation_kwh_year": -2141782.4497499997,
        "err_ucea_abs_kwh_year": 2141782.4497499997,
        "err_ucea_pct_of_validation": -0.8889526875573192,
        "err_ucea_area_minus_validation_m2": -1052.143490089277,
        "err_ucea_area_pct_of_validation": -0.7850800645364112,
        "err_workflow0_minus_validation_kwh_year": null,
        "err_workflow0_abs_kwh_year": null,
        "err_workflow0_pct_of_validation": null
      },
      "geometry": {
        "type": "Polygon",
        "coordinates": [
          [
            [
              -9.097000199999998,
              38.7580391
            ],
            [
              -9.0971967,
              38.7580493
            ],
            [
              -9.0971917,
              38.758111099999994
            ],
            [
              -9.096952,
              38.758431
            ],
            [
              -9.0967805,
              38.7586592
            ],
            [
              -9.096810199999998,
              38.75824999999999
            ],
            [
              -9.096830599999999,
              38.75796929999999
            ],
            [
              -9.097003799999998,
              38.7579783
            ],
            [
              -9.097000199999998,
              38.7580391
            ]
          ]
        ]
      }
    },
    {
      "type": "Feature",
      "properties": {
        "area_id": "Parque_das_N",
        "osm_uid": "cea/42",
        "osmid": "42",
        "element_type": "cea_zone",
        "building": "yes",
        "cea_name": "B1042",
        "intersection_area_m2": 561.931070420978,
        "is_residential": true,
        "residential_source": "cea",
        "radiation_sum_kwh_year": 1027926.34371875,
        "radiation_sum": 1027926.34371875,
        "radiation_point_count": 926.0,
        "use_type1": "MULTI_RES",
        "use_type2": "NONE",
        "use_type3": "NONE",
        "resi_type": null,
        "comparison_status": "matched",
        "validation_radiation_kwh_year": 1027926.34371875,
        "ucea_radiation_kwh_year": 383757.88999999984,
        "workflow0_radiation_kwh_year": null,
        "validation_area_m2": 561.931070420978,
        "ucea_roofs_top_m2": 293.33,
        "err_ucea_minus_validation_kwh_year": -644168.4537187503,
        "err_ucea_abs_kwh_year": 644168.4537187503,
        "err_ucea_pct_of_validation": -0.6266679102593372,
        "err_ucea_area_minus_validation_m2": -268.60107042097803,
        "err_ucea_area_pct_of_validation": -0.4779964742290403,
        "err_workflow0_minus_validation_kwh_year": null,
        "err_workflow0_abs_kwh_year": null,
        "err_workflow0_pct_of_validation": null
      },
      "geometry": {
        "type": "Polygon",
        "coordinates": [
          [
            [
              -9.0953762,
              38.75741539999998
            ],
            [
              -9.0955969,
              38.75742569999999
            ],
            [
              -9.0955947,
              38.757453
            ],
            [
              -9.0956825,
              38.75745719999998
            ],
            [
              -9.0956673,
              38.7576269
            ],
            [
              -9.0953612,
              38.7576116
            ],
            [
              -9.0953762,
              38.75741539999998
            ]
          ]
        ]
      }
    },
    {
      "type": "Feature",
      "properties": {
        "area_id": "Parque_das_N",
        "osm_uid": "cea/43",
        "osmid": "43",
        "element_type": "cea_zone",
        "building": "yes",
        "cea_name": "B1043",
        "intersection_area_m2": 1192.0635500020255,
        "is_residential": true,
        "residential_source": "cea",
        "radiation_sum_kwh_year": 1485456.167265625,
        "radiation_sum": 1485456.167265625,
        "radiation_point_count": 1964.0,
        "use_type1": "MULTI_RES",
        "use_type2": "NONE",
        "use_type3": "NONE",
        "resi_type": null,
        "comparison_status": "matched",
        "validation_radiation_kwh_year": 1485456.167265625,
        "ucea_radiation_kwh_year": 421381.4200000004,
        "workflow0_radiation_kwh_year": null,
        "validation_area_m2": 1192.0635500020255,
        "ucea_roofs_top_m2": 306.68,
        "err_ucea_minus_validation_kwh_year": -1064074.7472656246,
        "err_ucea_abs_kwh_year": 1064074.7472656246,
        "err_ucea_pct_of_validation": -0.7163286071404824,
        "err_ucea_area_minus_validation_m2": -885.3835500020255,
        "err_ucea_area_pct_of_validation": -0.7427318367385036,
        "err_workflow0_minus_validation_kwh_year": null,
        "err_workflow0_abs_kwh_year": null,
        "err_workflow0_pct_of_validation": null
      },
      "geometry": {
        "type": "Polygon",
        "coordinates": [
          [
            [
              -9.097401399999999,
              38.755629699999986
            ],
            [
              -9.097363299999998,
              38.7560923
            ],
            [
              -9.0971394,
              38.7559947
            ],
            [
              -9.0971771,
              38.75553130000001
            ],
            [
              -9.097236999999998,
              38.75553469999999
            ],
            [
              -9.097277999999998,
              38.7554856
            ],
            [
              -9.097450299999998,
              38.75556339999999
            ],
            [
              -9.097401399999999,
              38.755629699999986
            ]
          ]
        ]
      }
    },
    {
      "type": "Feature",
      "properties": {
        "area_id": "Parque_das_N",
        "osm_uid": "cea/44",
        "osmid": "44",
        "element_type": "cea_zone",
        "building": "yes",
        "cea_name": "B1044",
        "intersection_area_m2": 564.574883908608,
        "is_residential": true,
        "residential_source": "cea",
        "radiation_sum_kwh_year": 1129771.295484375,
        "radiation_sum": 1129771.295484375,
        "radiation_point_count": 933.0,
        "use_type1": "MULTI_RES",
        "use_type2": "NONE",
        "use_type3": "NONE",
        "resi_type": null,
        "comparison_status": "matched",
        "validation_radiation_kwh_year": 1129771.295484375,
        "ucea_radiation_kwh_year": 546548.0000000028,
        "workflow0_radiation_kwh_year": null,
        "validation_area_m2": 564.574883908608,
        "ucea_roofs_top_m2": 407.85,
        "err_ucea_minus_validation_kwh_year": -583223.2954843722,
        "err_ucea_abs_kwh_year": 583223.2954843722,
        "err_ucea_pct_of_validation": -0.5162312919574777,
        "err_ucea_area_minus_validation_m2": -156.72488390860792,
        "err_ucea_area_pct_of_validation": -0.2775980447865233,
        "err_workflow0_minus_validation_kwh_year": null,
        "err_workflow0_abs_kwh_year": null,
        "err_workflow0_pct_of_validation": null
      },
      "geometry": {
        "type": "Polygon",
        "coordinates": [
          [
            [
              -9.096079999999999,
              38.7574762
            ],
            [
              -9.0960821,
              38.75745039999999
            ],
            [
              -9.0963006,
              38.75746029999999
            ],
            [
              -9.0962937,
              38.75754059999999
            ],
            [
              -9.0962844,
              38.75765749999998
            ],
            [
              -9.095976099999998,
              38.757642199999985
            ],
            [
              -9.095989300000001,
              38.7574719
            ],
            [
              -9.096079999999999,
              38.7574762
            ]
          ]
        ]
      }
    },
    {
      "type": "Feature",
      "properties": {
        "area_id": "Parque_das_N",
        "osm_uid": "cea/45",
        "osmid": "45",
        "element_type": "cea_zone",
        "building": "yes",
        "cea_name": "B1045",
        "intersection_area_m2": 1446.2088015009726,
        "is_residential": true,
        "residential_source": "cea",
        "radiation_sum_kwh_year": 3470600.236375,
        "radiation_sum": 3470600.236375,
        "radiation_point_count": 2383.0,
        "use_type1": "MULTI_RES",
        "use_type2": "NONE",
        "use_type3": "NONE",
        "resi_type": null,
        "comparison_status": "matched",
        "validation_radiation_kwh_year": 3470600.236375,
        "ucea_radiation_kwh_year": 561154.1399999997,
        "workflow0_radiation_kwh_year": null,
        "validation_area_m2": 1446.2088015009726,
        "ucea_roofs_top_m2": 368.29,
        "err_ucea_minus_validation_kwh_year": -2909446.096375,
        "err_ucea_abs_kwh_year": 2909446.096375,
        "err_ucea_pct_of_validation": -0.8383120780899507,
        "err_ucea_area_minus_validation_m2": -1077.9188015009727,
        "err_ucea_area_pct_of_validation": -0.7453410602827448,
        "err_workflow0_minus_validation_kwh_year": null,
        "err_workflow0_abs_kwh_year": null,
        "err_workflow0_pct_of_validation": null
      },
      "geometry": {
        "type": "Polygon",
        "coordinates": [
          [
            [
              -9.097877899999999,
              38.758278700000005
            ],
            [
              -9.097688,
              38.7581927
            ],
            [
              -9.098127999999999,
              38.75760189999999
            ],
            [
              -9.098317800000002,
              38.75768789999998
            ],
            [
              -9.097877899999999,
              38.758278700000005
            ]
          ]
        ]
      }
    },
    {
      "type": "Feature",
      "properties": {
        "area_id": "Parque_das_N",
        "osm_uid": "cea/46",
        "osmid": "46",
        "element_type": "cea_zone",
        "building": "yes",
        "cea_name": "B1046",
        "intersection_area_m2": 749.2890596748746,
        "is_residential": true,
        "residential_source": "cea",
        "radiation_sum_kwh_year": 463437.548796875,
        "radiation_sum": 463437.548796875,
        "radiation_point_count": 734.0,
        "use_type1": "MULTI_RES",
        "use_type2": "NONE",
        "use_type3": "NONE",
        "resi_type": null,
        "comparison_status": "matched",
        "validation_radiation_kwh_year": 463437.548796875,
        "ucea_radiation_kwh_year": 958702.0500000027,
        "workflow0_radiation_kwh_year": null,
        "validation_area_m2": 749.2890596748746,
        "ucea_roofs_top_m2": 598.12,
        "err_ucea_minus_validation_kwh_year": 495264.50120312773,
        "err_ucea_abs_kwh_year": 495264.50120312773,
        "err_ucea_pct_of_validation": 1.0686758172463116,
        "err_ucea_area_minus_validation_m2": -151.16905967487457,
        "err_ucea_area_pct_of_validation": -0.2017499891703592,
        "err_workflow0_minus_validation_kwh_year": null,
        "err_workflow0_abs_kwh_year": null,
        "err_workflow0_pct_of_validation": null
      },
      "geometry": {
        "type": "Polygon",
        "coordinates": [
          [
            [
              -9.0993152,
              38.7560381
            ],
            [
              -9.0995984,
              38.7556366
            ],
            [
              -9.0996378,
              38.7556535
            ],
            [
              -9.099619899999999,
              38.75567899999999
            ],
            [
              -9.099736399999998,
              38.755728999999995
            ],
            [
              -9.099471099999999,
              38.7561051
            ],
            [
              -9.0993152,
              38.7560381
            ]
          ]
        ]
      }
    },
    {
      "type": "Feature",
      "properties": {
        "area_id": "Parque_das_N",
        "osm_uid": "cea/48",
        "osmid": "48",
        "element_type": "cea_zone",
        "building": "yes",
        "cea_name": "B1048",
        "intersection_area_m2": 661.2837092583125,
        "is_residential": true,
        "residential_source": "cea",
        "radiation_sum_kwh_year": 1302321.129578125,
        "radiation_sum": 1302321.129578125,
        "radiation_point_count": 1092.0,
        "use_type1": "MULTI_RES",
        "use_type2": "NONE",
        "use_type3": "NONE",
        "resi_type": null,
        "comparison_status": "matched",
        "validation_radiation_kwh_year": 1302321.129578125,
        "ucea_radiation_kwh_year": 0.0,
        "workflow0_radiation_kwh_year": null,
        "validation_area_m2": 661.2837092583125,
        "ucea_roofs_top_m2": 0.0,
        "err_ucea_minus_validation_kwh_year": -1302321.129578125,
        "err_ucea_abs_kwh_year": 1302321.129578125,
        "err_ucea_pct_of_validation": -1.0,
        "err_ucea_area_minus_validation_m2": -661.2837092583125,
        "err_ucea_area_pct_of_validation": -1.0,
        "err_workflow0_minus_validation_kwh_year": null,
        "err_workflow0_abs_kwh_year": null,
        "err_workflow0_pct_of_validation": null
      },
      "geometry": {
        "type": "Polygon",
        "coordinates": [
          [
            [
              -9.0942221,
              38.7571197
            ],
            [
              -9.0942116,
              38.75715859999999
            ],
            [
              -9.094034799999998,
              38.757129
            ],
            [
              -9.0939066,
              38.7571076
            ],
            [
              -9.093965,
              38.756892400000005
            ],
            [
              -9.0940922,
              38.756913699999984
            ],
            [
              -9.094269999999998,
              38.7569435
            ],
            [
              -9.0942585,
              38.75698559999998
            ],
            [
              -9.0942221,
              38.7571197
            ]
          ]
        ]
      }
    },
    {
      "type": "Feature",
      "properties": {
        "area_id": "Parque_das_N",
        "osm_uid": "cea/49",
        "osmid": "49",
        "element_type": "cea_zone",
        "building": "yes",
        "cea_name": "B1049",
        "intersection_area_m2": 668.0009762556838,
        "is_residential": true,
        "residential_source": "cea",
        "radiation_sum_kwh_year": 1238378.2769531251,
        "radiation_sum": 1238378.2769531251,
        "radiation_point_count": 1100.0,
        "use_type1": "MULTI_RES",
        "use_type2": "NONE",
        "use_type3": "NONE",
        "resi_type": null,
        "comparison_status": "matched",
        "validation_radiation_kwh_year": 1238378.2769531251,
        "ucea_radiation_kwh_year": 1772686.9299999957,
        "workflow0_radiation_kwh_year": null,
        "validation_area_m2": 668.0009762556838,
        "ucea_roofs_top_m2": 1099.19,
        "err_ucea_minus_validation_kwh_year": 534308.6530468706,
        "err_ucea_abs_kwh_year": 534308.6530468706,
        "err_ucea_pct_of_validation": 0.4314583540349805,
        "err_ucea_area_minus_validation_m2": 431.1890237443163,
        "err_ucea_area_pct_of_validation": 0.6454916071548892,
        "err_workflow0_minus_validation_kwh_year": null,
        "err_workflow0_abs_kwh_year": null,
        "err_workflow0_pct_of_validation": null
      },
      "geometry": {
        "type": "Polygon",
        "coordinates": [
          [
            [
              -9.0941635,
              38.7573356
            ],
            [
              -9.094152599999997,
              38.7573759
            ],
            [
              -9.0939755,
              38.75734629999999
            ],
            [
              -9.0938476,
              38.757324899999986
            ],
            [
              -9.0939066,
              38.7571076
            ],
            [
              -9.094034799999998,
              38.757129
            ],
            [
              -9.0942116,
              38.75715859999999
            ],
            [
              -9.094200999999998,
              38.757197399999995
            ],
            [
              -9.0941635,
              38.7573356
            ]
          ]
        ]
      }
    },
    {
      "type": "Feature",
      "properties": {
        "area_id": "Parque_das_N",
        "osm_uid": "cea/50",
        "osmid": "50",
        "element_type": "cea_zone",
        "building": "yes",
        "cea_name": "B1050",
        "intersection_area_m2": 537.8260788409601,
        "is_residential": true,
        "residential_source": "cea",
        "radiation_sum_kwh_year": 1043742.5883125,
        "radiation_sum": 1043742.5883125,
        "radiation_point_count": 886.0,
        "use_type1": "MULTI_RES",
        "use_type2": "NONE",
        "use_type3": "NONE",
        "resi_type": null,
        "comparison_status": "matched",
        "validation_radiation_kwh_year": 1043742.5883125,
        "ucea_radiation_kwh_year": 2299358.479999998,
        "workflow0_radiation_kwh_year": null,
        "validation_area_m2": 537.8260788409601,
        "ucea_roofs_top_m2": 1742.15,
        "err_ucea_minus_validation_kwh_year": 1255615.891687498,
        "err_ucea_abs_kwh_year": 1255615.891687498,
        "err_ucea_pct_of_validation": 1.2029938279298826,
        "err_ucea_area_minus_validation_m2": 1204.3239211590399,
        "err_ucea_area_pct_of_validation": 2.2392441879248643,
        "err_workflow0_minus_validation_kwh_year": null,
        "err_workflow0_abs_kwh_year": null,
        "err_workflow0_pct_of_validation": null
      },
      "geometry": {
        "type": "Polygon",
        "coordinates": [
          [
            [
              -9.094141599999999,
              38.75741630000001
            ],
            [
              -9.0941051,
              38.75755059999999
            ],
            [
              -9.093953,
              38.75752539999999
            ],
            [
              -9.0939273,
              38.75752120000001
            ],
            [
              -9.0938,
              38.757500199999996
            ],
            [
              -9.0938476,
              38.757324899999986
            ],
            [
              -9.0939755,
              38.75734629999999
            ],
            [
              -9.094152599999997,
              38.7573759
            ],
            [
              -9.094141599999999,
              38.75741630000001
            ]
          ]
        ]
      }
    },
    {
      "type": "Feature",
      "properties": {
        "area_id": "Parque_das_N",
        "osm_uid": "cea/51",
        "osmid": "51",
        "element_type": "cea_zone",
        "building": "yes",
        "cea_name": "B1051",
        "intersection_area_m2": 3082.1730532670817,
        "is_residential": true,
        "residential_source": "cea",
        "radiation_sum_kwh_year": 4141487.9577343753,
        "radiation_sum": 4141487.9577343753,
        "radiation_point_count": 4116.0,
        "use_type1": "MULTI_RES",
        "use_type2": "NONE",
        "use_type3": "NONE",
        "resi_type": null,
        "comparison_status": "matched",
        "validation_radiation_kwh_year": 4141487.9577343753,
        "ucea_radiation_kwh_year": 434748.8300000002,
        "workflow0_radiation_kwh_year": null,
        "validation_area_m2": 3082.1730532670817,
        "ucea_roofs_top_m2": 274.09,
        "err_ucea_minus_validation_kwh_year": -3706739.127734375,
        "err_ucea_abs_kwh_year": 3706739.127734375,
        "err_ucea_pct_of_validation": -0.8950259340515306,
        "err_ucea_area_minus_validation_m2": -2808.0830532670816,
        "err_ucea_area_pct_of_validation": -0.9110724818940757,
        "err_workflow0_minus_validation_kwh_year": null,
        "err_workflow0_abs_kwh_year": null,
        "err_workflow0_pct_of_validation": null
      },
      "geometry": {
        "type": "Polygon",
        "coordinates": [
          [
            [
              -9.094034,
              38.7583042
            ],
            [
              -9.094019899999997,
              38.75846389999999
            ],
            [
              -9.0940185,
              38.75848020000001
            ],
            [
              -9.0938391,
              38.7584705
            ],
            [
              -9.093763899999999,
              38.758466699999985
            ],
            [
              -9.0935426,
              38.75845499999998
            ],
            [
              -9.093753199999998,
              38.7576761
            ],
            [
              -9.0938845,
              38.7576828
            ],
            [
              -9.0939043,
              38.75768379999999
            ],
            [
              -9.0939433,
              38.7576857
            ],
            [
              -9.094085599999998,
              38.75769249999999
            ],
            [
              -9.0940709,
              38.757867
            ],
            [
              -9.094052899999998,
              38.75808519999999
            ],
            [
              -9.094034,
              38.7583042
            ]
          ]
        ]
      }
    },
    {
      "type": "Feature",
      "properties": {
        "area_id": "Parque_das_N",
        "osm_uid": "cea/55",
        "osmid": "55",
        "element_type": "cea_zone",
        "building": "yes",
        "cea_name": "B1055",
        "intersection_area_m2": 200.60839360905481,
        "is_residential": true,
        "residential_source": "cea",
        "radiation_sum_kwh_year": 462415.1030625,
        "radiation_sum": 462415.1030625,
        "radiation_point_count": 331.0,
        "use_type1": "MULTI_RES",
        "use_type2": "NONE",
        "use_type3": "NONE",
        "resi_type": null,
        "comparison_status": "matched",
        "validation_radiation_kwh_year": 462415.1030625,
        "ucea_radiation_kwh_year": 390416.27999999985,
        "workflow0_radiation_kwh_year": null,
        "validation_area_m2": 200.60839360905481,
        "ucea_roofs_top_m2": 256.09,
        "err_ucea_minus_validation_kwh_year": -71998.82306250016,
        "err_ucea_abs_kwh_year": 71998.82306250016,
        "err_ucea_pct_of_validation": -0.15570171169943123,
        "err_ucea_area_minus_validation_m2": 55.48160639094516,
        "err_ucea_area_pct_of_validation": 0.2765667248154511,
        "err_workflow0_minus_validation_kwh_year": null,
        "err_workflow0_abs_kwh_year": null,
        "err_workflow0_pct_of_validation": null
      },
      "geometry": {
        "type": "Polygon",
        "coordinates": [
          [
            [
              -9.096161199999997,
              38.7554397
            ],
            [
              -9.0961115,
              38.75534830000001
            ],
            [
              -9.0960993,
              38.7553258
            ],
            [
              -9.0962542,
              38.755274599999986
            ],
            [
              -9.0962666,
              38.7552975
            ],
            [
              -9.0963161,
              38.755388399999994
            ],
            [
              -9.096270628984431,
              38.75540345915491
            ],
            [
              -9.096270628984433,
              38.75540345915491
            ],
            [
              -9.096161199999997,
              38.7554397
            ]
          ]
        ]
      }
    },
    {
      "type": "Feature",
      "properties": {
        "area_id": "Parque_das_N",
        "osm_uid": "cea/56",
        "osmid": "56",
        "element_type": "cea_zone",
        "building": "yes",
        "cea_name": "B1056",
        "intersection_area_m2": 270.47176397782215,
        "is_residential": true,
        "residential_source": "cea",
        "radiation_sum_kwh_year": 311736.1996875,
        "radiation_sum": 311736.1996875,
        "radiation_point_count": 213.0,
        "use_type1": "MULTI_RES",
        "use_type2": "NONE",
        "use_type3": "NONE",
        "resi_type": null,
        "comparison_status": "matched",
        "validation_radiation_kwh_year": 311736.1996875,
        "ucea_radiation_kwh_year": 391679.34000000136,
        "workflow0_radiation_kwh_year": null,
        "validation_area_m2": 270.47176397782215,
        "ucea_roofs_top_m2": 254.16,
        "err_ucea_minus_validation_kwh_year": 79943.14031250135,
        "err_ucea_abs_kwh_year": 79943.14031250135,
        "err_ucea_pct_of_validation": 0.25644484148020136,
        "err_ucea_area_minus_validation_m2": -16.311763977822153,
        "err_ucea_area_pct_of_validation": -0.06030856507136052,
        "err_workflow0_minus_validation_kwh_year": null,
        "err_workflow0_abs_kwh_year": null,
        "err_workflow0_pct_of_validation": null
      },
      "geometry": {
        "type": "Polygon",
        "coordinates": [
          [
            [
              -9.095270799999998,
              38.7543969
            ],
            [
              -9.0954349,
              38.75447039999998
            ],
            [
              -9.095424399999999,
              38.75460259999999
            ],
            [
              -9.095254599999999,
              38.7545942
            ],
            [
              -9.095270799999998,
              38.7543969
            ]
          ]
        ]
      }
    },
    {
      "type": "Feature",
      "properties": {
        "area_id": "Parque_das_N",
        "osm_uid": "cea/57",
        "osmid": "57",
        "element_type": "cea_zone",
        "building": "yes",
        "cea_name": "B1057",
        "intersection_area_m2": 380.9013108891045,
        "is_residential": true,
        "residential_source": "cea",
        "radiation_sum_kwh_year": 590956.14515625,
        "radiation_sum": 590956.14515625,
        "radiation_point_count": 627.0,
        "use_type1": "MULTI_RES",
        "use_type2": "NONE",
        "use_type3": "NONE",
        "resi_type": null,
        "comparison_status": "matched",
        "validation_radiation_kwh_year": 590956.14515625,
        "ucea_radiation_kwh_year": 385890.8799999998,
        "workflow0_radiation_kwh_year": null,
        "validation_area_m2": 380.9013108891045,
        "ucea_roofs_top_m2": 240.43,
        "err_ucea_minus_validation_kwh_year": -205065.2651562502,
        "err_ucea_abs_kwh_year": 205065.2651562502,
        "err_ucea_pct_of_validation": -0.34700589347798483,
        "err_ucea_area_minus_validation_m2": -140.47131088910447,
        "err_ucea_area_pct_of_validation": -0.36878663021981894,
        "err_workflow0_minus_validation_kwh_year": null,
        "err_workflow0_abs_kwh_year": null,
        "err_workflow0_pct_of_validation": null
      },
      "geometry": {
        "type": "Polygon",
        "coordinates": [
          [
            [
              -9.0948629,
              38.758766
            ],
            [
              -9.0948486,
              38.7589378
            ],
            [
              -9.0946425,
              38.758927399999976
            ],
            [
              -9.0946196,
              38.75892629999999
            ],
            [
              -9.094633799999999,
              38.758754499999995
            ],
            [
              -9.0946554,
              38.75875560000001
            ],
            [
              -9.0948629,
              38.758766
            ]
          ]
        ]
      }
    },
    {
      "type": "Feature",
      "properties": {
        "area_id": "Parque_das_N",
        "osm_uid": "cea/58",
        "osmid": "58",
        "element_type": "cea_zone",
        "building": "yes",
        "cea_name": "B1058",
        "intersection_area_m2": 383.5495057428938,
        "is_residential": true,
        "residential_source": "cea",
        "radiation_sum_kwh_year": 594149.438640625,
        "radiation_sum": 594149.438640625,
        "radiation_point_count": 632.0,
        "use_type1": "MULTI_RES",
        "use_type2": "NONE",
        "use_type3": "NONE",
        "resi_type": null,
        "comparison_status": "matched",
        "validation_radiation_kwh_year": 594149.438640625,
        "ucea_radiation_kwh_year": 414842.45000000007,
        "workflow0_radiation_kwh_year": null,
        "validation_area_m2": 383.5495057428938,
        "ucea_roofs_top_m2": 274.03,
        "err_ucea_minus_validation_kwh_year": -179306.9886406249,
        "err_ucea_abs_kwh_year": 179306.9886406249,
        "err_ucea_pct_of_validation": -0.3017876934309112,
        "err_ucea_area_minus_validation_m2": -109.51950574289384,
        "err_ucea_area_pct_of_validation": -0.285542033304844,
        "err_workflow0_minus_validation_kwh_year": null,
        "err_workflow0_abs_kwh_year": null,
        "err_workflow0_pct_of_validation": null
      },
      "geometry": {
        "type": "Polygon",
        "coordinates": [
          [
            [
              -9.094403199999999,
              38.7587429
            ],
            [
              -9.094633799999999,
              38.758754499999995
            ],
            [
              -9.0946196,
              38.75892629999999
            ],
            [
              -9.094389,
              38.758914699999984
            ],
            [
              -9.094403199999999,
              38.7587429
            ]
          ]
        ]
      }
    },
    {
      "type": "Feature",
      "properties": {
        "area_id": "Parque_das_N",
        "osm_uid": "cea/59",
        "osmid": "59",
        "element_type": "cea_zone",
        "building": "yes",
        "cea_name": "B1059",
        "intersection_area_m2": 478.8321604742648,
        "is_residential": true,
        "residential_source": "cea",
        "radiation_sum_kwh_year": 916899.3571875,
        "radiation_sum": 916899.3571875,
        "radiation_point_count": 791.0,
        "use_type1": "MULTI_RES",
        "use_type2": "NONE",
        "use_type3": "NONE",
        "resi_type": null,
        "comparison_status": "matched",
        "validation_radiation_kwh_year": 916899.3571875,
        "ucea_radiation_kwh_year": 464970.0599999988,
        "workflow0_radiation_kwh_year": null,
        "validation_area_m2": 478.8321604742648,
        "ucea_roofs_top_m2": 293.88,
        "err_ucea_minus_validation_kwh_year": -451929.2971875012,
        "err_ucea_abs_kwh_year": 451929.2971875012,
        "err_ucea_pct_of_validation": -0.49288866181971225,
        "err_ucea_area_minus_validation_m2": -184.95216047426482,
        "err_ucea_area_pct_of_validation": -0.38625676331154707,
        "err_workflow0_minus_validation_kwh_year": null,
        "err_workflow0_abs_kwh_year": null,
        "err_workflow0_pct_of_validation": null
      },
      "geometry": {
        "type": "Polygon",
        "coordinates": [
          [
            [
              -9.0950829,
              38.758777099999996
            ],
            [
              -9.095064199999998,
              38.75900190000001
            ],
            [
              -9.094844199999999,
              38.7589908
            ],
            [
              -9.0948486,
              38.7589378
            ],
            [
              -9.0948629,
              38.758766
            ],
            [
              -9.0950829,
              38.758777099999996
            ]
          ]
        ]
      }
    },
    {
      "type": "Feature",
      "properties": {
        "area_id": "Parque_das_N",
        "osm_uid": "cea/61",
        "osmid": "61",
        "element_type": "cea_zone",
        "building": "yes",
        "cea_name": "B1061",
        "intersection_area_m2": 476.6001076778493,
        "is_residential": true,
        "residential_source": "cea",
        "radiation_sum_kwh_year": 882695.367203125,
        "radiation_sum": 882695.367203125,
        "radiation_point_count": 785.0,
        "use_type1": "MULTI_RES",
        "use_type2": "NONE",
        "use_type3": "NONE",
        "resi_type": null,
        "comparison_status": "matched",
        "validation_radiation_kwh_year": 882695.367203125,
        "ucea_radiation_kwh_year": 477903.4899999987,
        "workflow0_radiation_kwh_year": null,
        "validation_area_m2": 476.6001076778493,
        "ucea_roofs_top_m2": 310.78,
        "err_ucea_minus_validation_kwh_year": -404791.8772031263,
        "err_ucea_abs_kwh_year": 404791.8772031263,
        "err_ucea_pct_of_validation": -0.4585861580827534,
        "err_ucea_area_minus_validation_m2": -165.8201076778493,
        "err_ucea_area_pct_of_validation": -0.3479229337269326,
        "err_workflow0_minus_validation_kwh_year": null,
        "err_workflow0_abs_kwh_year": null,
        "err_workflow0_pct_of_validation": null
      },
      "geometry": {
        "type": "Polygon",
        "coordinates": [
          [
            [
              -9.0941653,
              38.758956299999994
            ],
            [
              -9.0941823,
              38.7587518
            ],
            [
              -9.0941839,
              38.75873179999999
            ],
            [
              -9.0942919,
              38.7587373
            ],
            [
              -9.094403199999999,
              38.7587429
            ],
            [
              -9.094389,
              38.758914699999984
            ],
            [
              -9.094384599999998,
              38.7589674
            ],
            [
              -9.0941653,
              38.758956299999994
            ]
          ]
        ]
      }
    },
    {
      "type": "Feature",
      "properties": {
        "area_id": "Parque_das_N",
        "osm_uid": "cea/62",
        "osmid": "62",
        "element_type": "cea_zone",
        "building": "yes",
        "cea_name": "B1062",
        "intersection_area_m2": 421.02818805052823,
        "is_residential": true,
        "residential_source": "cea",
        "radiation_sum_kwh_year": 295413.16521875,
        "radiation_sum": 295413.16521875,
        "radiation_point_count": 422.0,
        "use_type1": "MULTI_RES",
        "use_type2": "NONE",
        "use_type3": "NONE",
        "resi_type": null,
        "comparison_status": "matched",
        "validation_radiation_kwh_year": 295413.16521875,
        "ucea_radiation_kwh_year": 402566.3899999989,
        "workflow0_radiation_kwh_year": null,
        "validation_area_m2": 421.02818805052823,
        "ucea_roofs_top_m2": 254.44,
        "err_ucea_minus_validation_kwh_year": 107153.2247812489,
        "err_ucea_abs_kwh_year": 107153.2247812489,
        "err_ucea_pct_of_validation": 0.3627232547401981,
        "err_ucea_area_minus_validation_m2": -166.58818805052823,
        "err_ucea_area_pct_of_validation": -0.39566991659602546,
        "err_workflow0_minus_validation_kwh_year": null,
        "err_workflow0_abs_kwh_year": null,
        "err_workflow0_pct_of_validation": null
      },
      "geometry": {
        "type": "Polygon",
        "coordinates": [
          [
            [
              -9.0943682,
              38.7591657
            ],
            [
              -9.0941489,
              38.7591546
            ],
            [
              -9.0941653,
              38.758956299999994
            ],
            [
              -9.094384599999998,
              38.7589674
            ],
            [
              -9.0943682,
              38.7591657
            ]
          ]
        ]
      }
    },
    {
      "type": "Feature",
      "properties": {
        "area_id": "Parque_das_N",
        "osm_uid": "cea/63",
        "osmid": "63",
        "element_type": "cea_zone",
        "building": "yes",
        "cea_name": "B1063",
        "intersection_area_m2": 833.4319521827224,
        "is_residential": true,
        "residential_source": "cea",
        "radiation_sum_kwh_year": 601206.8826875,
        "radiation_sum": 601206.8826875,
        "radiation_point_count": 720.0,
        "use_type1": "MULTI_RES",
        "use_type2": "NONE",
        "use_type3": "NONE",
        "resi_type": null,
        "comparison_status": "matched",
        "validation_radiation_kwh_year": 601206.8826875,
        "ucea_radiation_kwh_year": 417696.0199999991,
        "workflow0_radiation_kwh_year": null,
        "validation_area_m2": 833.4319521827224,
        "ucea_roofs_top_m2": 263.05,
        "err_ucea_minus_validation_kwh_year": -183510.8626875009,
        "err_ucea_abs_kwh_year": 183510.8626875009,
        "err_ucea_pct_of_validation": -0.30523746146613495,
        "err_ucea_area_minus_validation_m2": -570.3819521827224,
        "err_ucea_area_pct_of_validation": -0.6843773516109104,
        "err_workflow0_minus_validation_kwh_year": null,
        "err_workflow0_abs_kwh_year": null,
        "err_workflow0_pct_of_validation": null
      },
      "geometry": {
        "type": "Polygon",
        "coordinates": [
          [
            [
              -9.0936667,
              38.7591921
            ],
            [
              -9.0936895,
              38.7588957
            ],
            [
              -9.0939801,
              38.758909300000006
            ],
            [
              -9.0939573,
              38.75920569999998
            ],
            [
              -9.0936667,
              38.7591921
            ]
          ]
        ]
      }
    },
    {
      "type": "Feature",
      "properties": {
        "area_id": "Parque_das_N",
        "osm_uid": "cea/64",
        "osmid": "64",
        "element_type": "cea_zone",
        "building": "yes",
        "cea_name": "B1064",
        "intersection_area_m2": 547.5220391328118,
        "is_residential": true,
        "residential_source": "cea",
        "radiation_sum_kwh_year": 798423.884734375,
        "radiation_sum": 798423.884734375,
        "radiation_point_count": 729.0,
        "use_type1": "MULTI_RES",
        "use_type2": "NONE",
        "use_type3": "NONE",
        "resi_type": null,
        "comparison_status": "matched",
        "validation_radiation_kwh_year": 798423.884734375,
        "ucea_radiation_kwh_year": 316606.69,
        "workflow0_radiation_kwh_year": null,
        "validation_area_m2": 547.5220391328118,
        "ucea_roofs_top_m2": 198.21,
        "err_ucea_minus_validation_kwh_year": -481817.19473437505,
        "err_ucea_abs_kwh_year": 481817.19473437505,
        "err_ucea_pct_of_validation": -0.6034603973485453,
        "err_ucea_area_minus_validation_m2": -349.3120391328117,
        "err_ucea_area_pct_of_validation": -0.6379871752488113,
        "err_workflow0_minus_validation_kwh_year": null,
        "err_workflow0_abs_kwh_year": null,
        "err_workflow0_pct_of_validation": null
      },
      "geometry": {
        "type": "Polygon",
        "coordinates": [
          [
            [
              -9.093795299999998,
              38.75870519999999
            ],
            [
              -9.093952099999997,
              38.7587126
            ],
            [
              -9.093995099999999,
              38.75871459999999
            ],
            [
              -9.093992999999998,
              38.758741900000004
            ],
            [
              -9.0939801,
              38.758909300000006
            ],
            [
              -9.0936895,
              38.7588957
            ],
            [
              -9.0937045,
              38.75870099999999
            ],
            [
              -9.093795299999998,
              38.75870519999999
            ]
          ]
        ]
      }
    },
    {
      "type": "Feature",
      "properties": {
        "area_id": "Parque_das_N",
        "osm_uid": "cea/65",
        "osmid": "65",
        "element_type": "cea_zone",
        "building": "yes",
        "cea_name": "B1065",
        "intersection_area_m2": 424.7281674150228,
        "is_residential": true,
        "residential_source": "cea",
        "radiation_sum_kwh_year": 861334.29671875,
        "radiation_sum": 861334.29671875,
        "radiation_point_count": 700.0,
        "use_type1": "MULTI_RES",
        "use_type2": "NONE",
        "use_type3": "NONE",
        "resi_type": null,
        "comparison_status": "matched",
        "validation_radiation_kwh_year": 861334.29671875,
        "ucea_radiation_kwh_year": 276813.5200000001,
        "workflow0_radiation_kwh_year": null,
        "validation_area_m2": 424.7281674150228,
        "ucea_roofs_top_m2": 179.66,
        "err_ucea_minus_validation_kwh_year": -584520.7767187499,
        "err_ucea_abs_kwh_year": 584520.7767187499,
        "err_ucea_pct_of_validation": -0.6786224337582745,
        "err_ucea_area_minus_validation_m2": -245.06816741502283,
        "err_ucea_area_pct_of_validation": -0.5770000348847941,
        "err_workflow0_minus_validation_kwh_year": null,
        "err_workflow0_abs_kwh_year": null,
        "err_workflow0_pct_of_validation": null
      },
      "geometry": {
        "type": "Polygon",
        "coordinates": [
          [
            [
              -9.095120099999999,
              38.75833779999999
            ],
            [
              -9.094897899999998,
              38.7583271
            ],
            [
              -9.094913599999998,
              38.75812960000001
            ],
            [
              -9.095135799999998,
              38.7581403
            ],
            [
              -9.095120099999999,
              38.75833779999999
            ]
          ]
        ]
      }
    },
    {
      "type": "Feature",
      "properties": {
        "area_id": "Parque_das_N",
        "osm_uid": "cea/66",
        "osmid": "66",
        "element_type": "cea_zone",
        "building": "yes",
        "cea_name": "B1066",
        "intersection_area_m2": 421.07699765526115,
        "is_residential": true,
        "residential_source": "cea",
        "radiation_sum_kwh_year": 883037.54109375,
        "radiation_sum": 883037.54109375,
        "radiation_point_count": 696.0,
        "use_type1": "MULTI_RES",
        "use_type2": "NONE",
        "use_type3": "NONE",
        "resi_type": null,
        "comparison_status": "matched",
        "validation_radiation_kwh_year": 883037.54109375,
        "ucea_radiation_kwh_year": 298595.5200000002,
        "workflow0_radiation_kwh_year": null,
        "validation_area_m2": 421.07699765526115,
        "ucea_roofs_top_m2": 188.83,
        "err_ucea_minus_validation_kwh_year": -584442.0210937499,
        "err_ucea_abs_kwh_year": 584442.0210937499,
        "err_ucea_pct_of_validation": -0.6618541046056173,
        "err_ucea_area_minus_validation_m2": -232.24699765526114,
        "err_ucea_area_pct_of_validation": -0.5515547012743818,
        "err_workflow0_minus_validation_kwh_year": null,
        "err_workflow0_abs_kwh_year": null,
        "err_workflow0_pct_of_validation": null
      },
      "geometry": {
        "type": "Polygon",
        "coordinates": [
          [
            [
              -9.095151499999998,
              38.757944599999995
            ],
            [
              -9.095135799999998,
              38.7581403
            ],
            [
              -9.094913599999998,
              38.75812960000001
            ],
            [
              -9.0949292,
              38.757933799999996
            ],
            [
              -9.095151499999998,
              38.757944599999995
            ]
          ]
        ]
      }
    },
    {
      "type": "Feature",
      "properties": {
        "area_id": "Parque_das_N",
        "osm_uid": "cea/67",
        "osmid": "67",
        "element_type": "cea_zone",
        "building": "yes",
        "cea_name": "B1067",
        "intersection_area_m2": 430.5376276640027,
        "is_residential": true,
        "residential_source": "cea",
        "radiation_sum_kwh_year": 862173.63434375,
        "radiation_sum": 862173.63434375,
        "radiation_point_count": 709.0,
        "use_type1": "MULTI_RES",
        "use_type2": "NONE",
        "use_type3": "NONE",
        "resi_type": null,
        "comparison_status": "matched",
        "validation_radiation_kwh_year": 862173.63434375,
        "ucea_radiation_kwh_year": 357295.4100000015,
        "workflow0_radiation_kwh_year": null,
        "validation_area_m2": 430.5376276640027,
        "ucea_roofs_top_m2": 228.71,
        "err_ucea_minus_validation_kwh_year": -504878.2243437485,
        "err_ucea_abs_kwh_year": 504878.2243437485,
        "err_ucea_pct_of_validation": -0.5855876406242002,
        "err_ucea_area_minus_validation_m2": -201.82762766400268,
        "err_ucea_area_pct_of_validation": -0.4687804612086348,
        "err_workflow0_minus_validation_kwh_year": null,
        "err_workflow0_abs_kwh_year": null,
        "err_workflow0_pct_of_validation": null
      },
      "geometry": {
        "type": "Polygon",
        "coordinates": [
          [
            [
              -9.095151499999998,
              38.757944599999995
            ],
            [
              -9.0949292,
              38.757933799999996
            ],
            [
              -9.0949452,
              38.7577337
            ],
            [
              -9.0951674,
              38.75774439999999
            ],
            [
              -9.095151499999998,
              38.757944599999995
            ]
          ]
        ]
      }
    },
    {
      "type": "Feature",
      "properties": {
        "area_id": "Parque_das_N",
        "osm_uid": "cea/68",
        "osmid": "68",
        "element_type": "cea_zone",
        "building": "yes",
        "cea_name": "B1068",
        "intersection_area_m2": 403.147408746524,
        "is_residential": true,
        "residential_source": "cea",
        "radiation_sum_kwh_year": 747636.72646875,
        "radiation_sum": 747636.72646875,
        "radiation_point_count": 668.0,
        "use_type1": "MULTI_RES",
        "use_type2": "NONE",
        "use_type3": "NONE",
        "resi_type": null,
        "comparison_status": "matched",
        "validation_radiation_kwh_year": 747636.72646875,
        "ucea_radiation_kwh_year": 224258.59999999995,
        "workflow0_radiation_kwh_year": null,
        "validation_area_m2": 403.147408746524,
        "ucea_roofs_top_m2": 139.1,
        "err_ucea_minus_validation_kwh_year": -523378.12646875007,
        "err_ucea_abs_kwh_year": 523378.12646875007,
        "err_ucea_pct_of_validation": -0.7000433605512909,
        "err_ucea_area_minus_validation_m2": -264.04740874652396,
        "err_ucea_area_pct_of_validation": -0.6549649161022931,
        "err_workflow0_minus_validation_kwh_year": null,
        "err_workflow0_abs_kwh_year": null,
        "err_workflow0_pct_of_validation": null
      },
      "geometry": {
        "type": "Polygon",
        "coordinates": [
          [
            [
              -9.0944843,
              38.7577178
            ],
            [
              -9.094469199999999,
              38.757907599999996
            ],
            [
              -9.0942498,
              38.757897
            ],
            [
              -9.0942649,
              38.75770709999999
            ],
            [
              -9.0944843,
              38.7577178
            ]
          ]
        ]
      }
    },
    {
      "type": "Feature",
      "properties": {
        "area_id": "Parque_das_N",
        "osm_uid": "cea/69",
        "osmid": "69",
        "element_type": "cea_zone",
        "building": "yes",
        "cea_name": "B1069",
        "intersection_area_m2": 422.26646456898106,
        "is_residential": true,
        "residential_source": "cea",
        "radiation_sum_kwh_year": 835212.1876875,
        "radiation_sum": 835212.1876875,
        "radiation_point_count": 701.0,
        "use_type1": "MULTI_RES",
        "use_type2": "NONE",
        "use_type3": "NONE",
        "resi_type": null,
        "comparison_status": "matched",
        "validation_radiation_kwh_year": 835212.1876875,
        "ucea_radiation_kwh_year": 250551.2599999993,
        "workflow0_radiation_kwh_year": null,
        "validation_area_m2": 422.26646456898106,
        "ucea_roofs_top_m2": 155.79,
        "err_ucea_minus_validation_kwh_year": -584660.9276875007,
        "err_ucea_abs_kwh_year": 584660.9276875007,
        "err_ucea_pct_of_validation": -0.7000148421041185,
        "err_ucea_area_minus_validation_m2": -266.4764645689811,
        "err_ucea_area_pct_of_validation": -0.6310623431604518,
        "err_workflow0_minus_validation_kwh_year": null,
        "err_workflow0_abs_kwh_year": null,
        "err_workflow0_pct_of_validation": null
      },
      "geometry": {
        "type": "Polygon",
        "coordinates": [
          [
            [
              -9.094469199999999,
              38.757907599999996
            ],
            [
              -9.0944533,
              38.7581065
            ],
            [
              -9.094233900000003,
              38.75809580000001
            ],
            [
              -9.0942498,
              38.757897
            ],
            [
              -9.094469199999999,
              38.757907599999996
            ]
          ]
        ]
      }
    },
    {
      "type": "Feature",
      "properties": {
        "area_id": "Parque_das_N",
        "osm_uid": "cea/70",
        "osmid": "70",
        "element_type": "cea_zone",
        "building": "yes",
        "cea_name": "B1070",
        "intersection_area_m2": 415.5787534659986,
        "is_residential": true,
        "residential_source": "cea",
        "radiation_sum_kwh_year": 788877.054125,
        "radiation_sum": 788877.054125,
        "radiation_point_count": 682.0,
        "use_type1": "MULTI_RES",
        "use_type2": "NONE",
        "use_type3": "NONE",
        "resi_type": null,
        "comparison_status": "matched",
        "validation_radiation_kwh_year": 788877.054125,
        "ucea_radiation_kwh_year": 241344.8600000001,
        "workflow0_radiation_kwh_year": null,
        "validation_area_m2": 415.5787534659986,
        "ucea_roofs_top_m2": 145.8,
        "err_ucea_minus_validation_kwh_year": -547532.1941249999,
        "err_ucea_abs_kwh_year": 547532.1941249999,
        "err_ucea_pct_of_validation": -0.6940653061994648,
        "err_ucea_area_minus_validation_m2": -269.7787534659986,
        "err_ucea_area_pct_of_validation": -0.6491639700441786,
        "err_workflow0_minus_validation_kwh_year": null,
        "err_workflow0_abs_kwh_year": null,
        "err_workflow0_pct_of_validation": null
      },
      "geometry": {
        "type": "Polygon",
        "coordinates": [
          [
            [
              -9.094233900000003,
              38.75809580000001
            ],
            [
              -9.0944533,
              38.7581065
            ],
            [
              -9.0944377,
              38.7583022
            ],
            [
              -9.094218299999998,
              38.75829149999999
            ],
            [
              -9.094233900000003,
              38.75809580000001
            ]
          ]
        ]
      }
    },
    {
      "type": "Feature",
      "properties": {
        "area_id": "Parque_das_N",
        "osm_uid": "cea/71",
        "osmid": "71",
        "element_type": "cea_zone",
        "building": "yes",
        "cea_name": "B1071",
        "intersection_area_m2": 554.9502515955646,
        "is_residential": true,
        "residential_source": "cea",
        "radiation_sum_kwh_year": 954414.8536875,
        "radiation_sum": 954414.8536875,
        "radiation_point_count": 916.0,
        "use_type1": "MULTI_RES",
        "use_type2": "NONE",
        "use_type3": "NONE",
        "resi_type": null,
        "comparison_status": "matched",
        "validation_radiation_kwh_year": 954414.8536875,
        "ucea_radiation_kwh_year": 224570.2699999999,
        "workflow0_radiation_kwh_year": null,
        "validation_area_m2": 554.9502515955646,
        "ucea_roofs_top_m2": 141.2,
        "err_ucea_minus_validation_kwh_year": -729844.5836875001,
        "err_ucea_abs_kwh_year": 729844.5836875001,
        "err_ucea_pct_of_validation": -0.7647037143938562,
        "err_ucea_area_minus_validation_m2": -413.75025159556463,
        "err_ucea_area_pct_of_validation": -0.7455627786562328,
        "err_workflow0_minus_validation_kwh_year": null,
        "err_workflow0_abs_kwh_year": null,
        "err_workflow0_pct_of_validation": null
      },
      "geometry": {
        "type": "Polygon",
        "coordinates": [
          [
            [
              -9.094435499999998,
              38.75832979999999
            ],
            [
              -9.0945132,
              38.75833359999999
            ],
            [
              -9.0944995,
              38.75850609999999
            ],
            [
              -9.094312599999999,
              38.75849709999999
            ],
            [
              -9.094202299999997,
              38.75849169999999
            ],
            [
              -9.0942039,
              38.75847190000001
            ],
            [
              -9.094218299999998,
              38.75829149999999
            ],
            [
              -9.0944377,
              38.7583022
            ],
            [
              -9.094435499999998,
              38.75832979999999
            ]
          ]
        ]
      }
    },
    {
      "type": "Feature",
      "properties": {
        "area_id": "Parque_das_N",
        "osm_uid": "cea/72",
        "osmid": "72",
        "element_type": "cea_zone",
        "building": "yes",
        "cea_name": "B1072",
        "intersection_area_m2": 502.2675372880626,
        "is_residential": true,
        "residential_source": "cea",
        "radiation_sum_kwh_year": 914996.564171875,
        "radiation_sum": 914996.564171875,
        "radiation_point_count": 828.0,
        "use_type1": "MULTI_RES",
        "use_type2": "NONE",
        "use_type3": "NONE",
        "resi_type": null,
        "comparison_status": "matched",
        "validation_radiation_kwh_year": 914996.564171875,
        "ucea_radiation_kwh_year": 215585.0400000001,
        "workflow0_radiation_kwh_year": null,
        "validation_area_m2": 502.2675372880626,
        "ucea_roofs_top_m2": 133.9,
        "err_ucea_minus_validation_kwh_year": -699411.5241718749,
        "err_ucea_abs_kwh_year": 699411.5241718749,
        "err_ucea_pct_of_validation": -0.7643870496987962,
        "err_ucea_area_minus_validation_m2": -368.36753728806264,
        "err_ucea_area_pct_of_validation": -0.7334090100208784,
        "err_workflow0_minus_validation_kwh_year": null,
        "err_workflow0_abs_kwh_year": null,
        "err_workflow0_pct_of_validation": null
      },
      "geometry": {
        "type": "Polygon",
        "coordinates": [
          [
            [
              -9.0948141,
              38.7583482
            ],
            [
              -9.0948003,
              38.75852069999999
            ],
            [
              -9.094778599999998,
              38.75851959999999
            ],
            [
              -9.0944995,
              38.75850609999999
            ],
            [
              -9.0945132,
              38.75833359999999
            ],
            [
              -9.094789999999998,
              38.758346999999986
            ],
            [
              -9.0948141,
              38.7583482
            ]
          ]
        ]
      }
    },
    {
      "type": "Feature",
      "properties": {
        "area_id": "Parque_das_N",
        "osm_uid": "cea/73",
        "osmid": "73",
        "element_type": "cea_zone",
        "building": "yes",
        "cea_name": "B1073",
        "intersection_area_m2": 561.4971059414933,
        "is_residential": true,
        "residential_source": "cea",
        "radiation_sum_kwh_year": 1007470.938125,
        "radiation_sum": 1007470.938125,
        "radiation_point_count": 921.0,
        "use_type1": "MULTI_RES",
        "use_type2": "NONE",
        "use_type3": "NONE",
        "resi_type": null,
        "comparison_status": "matched",
        "validation_radiation_kwh_year": 1007470.938125,
        "ucea_radiation_kwh_year": 275905.1600000007,
        "workflow0_radiation_kwh_year": null,
        "validation_area_m2": 561.4971059414933,
        "ucea_roofs_top_m2": 178.47,
        "err_ucea_minus_validation_kwh_year": -731565.7781249993,
        "err_ucea_abs_kwh_year": 731565.7781249993,
        "err_ucea_pct_of_validation": -0.7261408249517483,
        "err_ucea_area_minus_validation_m2": -383.02710594149323,
        "err_ucea_area_pct_of_validation": -0.6821533038879167,
        "err_workflow0_minus_validation_kwh_year": null,
        "err_workflow0_abs_kwh_year": null,
        "err_workflow0_pct_of_validation": null
      },
      "geometry": {
        "type": "Polygon",
        "coordinates": [
          [
            [
              -9.094895900000001,
              38.75835209999999
            ],
            [
              -9.094897899999998,
              38.7583271
            ],
            [
              -9.095120099999999,
              38.75833779999999
            ],
            [
              -9.0951043,
              38.75853540000001
            ],
            [
              -9.0948003,
              38.75852069999999
            ],
            [
              -9.0948141,
              38.7583482
            ],
            [
              -9.094895900000001,
              38.75835209999999
            ]
          ]
        ]
      }
    },
    {
      "type": "Feature",
      "properties": {
        "area_id": "Parque_das_N",
        "osm_uid": "cea/74",
        "osmid": "74",
        "element_type": "cea_zone",
        "building": "yes",
        "cea_name": "B1074",
        "intersection_area_m2": 522.177919064468,
        "is_residential": true,
        "residential_source": "cea",
        "radiation_sum_kwh_year": 1074446.3061875,
        "radiation_sum": 1074446.3061875,
        "radiation_point_count": 859.0,
        "use_type1": "MULTI_RES",
        "use_type2": "NONE",
        "use_type3": "NONE",
        "resi_type": null,
        "comparison_status": "matched",
        "validation_radiation_kwh_year": 1074446.3061875,
        "ucea_radiation_kwh_year": 339009.2100000004,
        "workflow0_radiation_kwh_year": null,
        "validation_area_m2": 522.177919064468,
        "ucea_roofs_top_m2": 212.3,
        "err_ucea_minus_validation_kwh_year": -735437.0961874996,
        "err_ucea_abs_kwh_year": 735437.0961874996,
        "err_ucea_pct_of_validation": -0.6844800823943263,
        "err_ucea_area_minus_validation_m2": -309.877919064468,
        "err_ucea_area_pct_of_validation": -0.5934335937062297,
        "err_workflow0_minus_validation_kwh_year": null,
        "err_workflow0_abs_kwh_year": null,
        "err_workflow0_pct_of_validation": null
      },
      "geometry": {
        "type": "Polygon",
        "coordinates": [
          [
            [
              -9.0957316,
              38.75833709999999
            ],
            [
              -9.095783400000002,
              38.7582805
            ],
            [
              -9.095845899999999,
              38.75822819999999
            ],
            [
              -9.095912,
              38.7581795
            ],
            [
              -9.0959851,
              38.75813719999999
            ],
            [
              -9.096104999999998,
              38.7582803
            ],
            [
              -9.096054199999998,
              38.75830979999999
            ],
            [
              -9.0959941,
              38.7583525
            ],
            [
              -9.0959488,
              38.75839129999999
            ],
            [
              -9.0959119,
              38.7584308
            ],
            [
              -9.0957316,
              38.75833709999999
            ]
          ]
        ]
      }
    },
    {
      "type": "Feature",
      "properties": {
        "area_id": "Parque_das_N",
        "osm_uid": "cea/75",
        "osmid": "75",
        "element_type": "cea_zone",
        "building": "yes",
        "cea_name": "B1075",
        "intersection_area_m2": 503.49704152016596,
        "is_residential": true,
        "residential_source": "cea",
        "radiation_sum_kwh_year": 914065.0963125001,
        "radiation_sum": 914065.0963125001,
        "radiation_point_count": 830.0,
        "use_type1": "MULTI_RES",
        "use_type2": "NONE",
        "use_type3": "NONE",
        "resi_type": null,
        "comparison_status": "matched",
        "validation_radiation_kwh_year": 914065.0963125001,
        "ucea_radiation_kwh_year": 199861.0700000008,
        "workflow0_radiation_kwh_year": null,
        "validation_area_m2": 503.49704152016596,
        "ucea_roofs_top_m2": 124.86,
        "err_ucea_minus_validation_kwh_year": -714204.0263124993,
        "err_ucea_abs_kwh_year": 714204.0263124993,
        "err_ucea_pct_of_validation": -0.7813491940494439,
        "err_ucea_area_minus_validation_m2": -378.63704152016595,
        "err_ucea_area_pct_of_validation": -0.7520144316577893,
        "err_workflow0_minus_validation_kwh_year": null,
        "err_workflow0_abs_kwh_year": null,
        "err_workflow0_pct_of_validation": null
      },
      "geometry": {
        "type": "Polygon",
        "coordinates": [
          [
            [
              -9.095841599999998,
              38.7585381
            ],
            [
              -9.095831099999998,
              38.758571299999986
            ],
            [
              -9.0955845,
              38.75855969999999
            ],
            [
              -9.0955964,
              38.758422599999996
            ],
            [
              -9.095599300000002,
              38.7583894
            ],
            [
              -9.0956882,
              38.75839179999999
            ],
            [
              -9.0957316,
              38.75833709999999
            ],
            [
              -9.0959119,
              38.7584308
            ],
            [
              -9.0958785,
              38.7584735
            ],
            [
              -9.095858199999999,
              38.758507400000006
            ],
            [
              -9.095841599999998,
              38.7585381
            ]
          ]
        ]
      }
    },
    {
      "type": "Feature",
      "properties": {
        "area_id": "Parque_das_N",
        "osm_uid": "cea/76",
        "osmid": "76",
        "element_type": "cea_zone",
        "building": "yes",
        "cea_name": "B1076",
        "intersection_area_m2": 543.8202652513874,
        "is_residential": true,
        "residential_source": "cea",
        "radiation_sum_kwh_year": 900827.694109375,
        "radiation_sum": 900827.694109375,
        "radiation_point_count": 896.0,
        "use_type1": "MULTI_RES",
        "use_type2": "NONE",
        "use_type3": "NONE",
        "resi_type": null,
        "comparison_status": "matched",
        "validation_radiation_kwh_year": 900827.694109375,
        "ucea_radiation_kwh_year": 314135.5299999992,
        "workflow0_radiation_kwh_year": null,
        "validation_area_m2": 543.8202652513874,
        "ucea_roofs_top_m2": 205.87,
        "err_ucea_minus_validation_kwh_year": -586692.1641093758,
        "err_ucea_abs_kwh_year": 586692.1641093758,
        "err_ucea_pct_of_validation": -0.6512812249732433,
        "err_ucea_area_minus_validation_m2": -337.95026525138735,
        "err_ucea_area_pct_of_validation": -0.6214374249094337,
        "err_workflow0_minus_validation_kwh_year": null,
        "err_workflow0_abs_kwh_year": null,
        "err_workflow0_pct_of_validation": null
      },
      "geometry": {
        "type": "Polygon",
        "coordinates": [
          [
            [
              -9.0955633,
              38.7585587
            ],
            [
              -9.0952865,
              38.75854599999998
            ],
            [
              -9.095301699999998,
              38.758345
            ],
            [
              -9.0955217,
              38.758355099999996
            ],
            [
              -9.095519299999998,
              38.7583861
            ],
            [
              -9.0955562,
              38.7583878
            ],
            [
              -9.095554,
              38.75842190000001
            ],
            [
              -9.0955752,
              38.7584223
            ],
            [
              -9.0955964,
              38.758422599999996
            ],
            [
              -9.0955845,
              38.75855969999999
            ],
            [
              -9.0955633,
              38.7585587
            ]
          ]
        ]
      }
    },
    {
      "type": "Feature",
      "properties": {
        "area_id": "Parque_das_N",
        "osm_uid": "cea/77",
        "osmid": "77",
        "element_type": "cea_zone",
        "building": "yes",
        "cea_name": "B1077",
        "intersection_area_m2": 417.83850911564235,
        "is_residential": true,
        "residential_source": "cea",
        "radiation_sum_kwh_year": 797656.71959375,
        "radiation_sum": 797656.71959375,
        "radiation_point_count": 692.0,
        "use_type1": "MULTI_RES",
        "use_type2": "NONE",
        "use_type3": "NONE",
        "resi_type": null,
        "comparison_status": "matched",
        "validation_radiation_kwh_year": 797656.71959375,
        "ucea_radiation_kwh_year": 468194.6100000003,
        "workflow0_radiation_kwh_year": null,
        "validation_area_m2": 417.83850911564235,
        "ucea_roofs_top_m2": 298.65,
        "err_ucea_minus_validation_kwh_year": -329462.1095937497,
        "err_ucea_abs_kwh_year": 329462.1095937497,
        "err_ucea_pct_of_validation": -0.4130374652413712,
        "err_ucea_area_minus_validation_m2": -119.18850911564238,
        "err_ucea_area_pct_of_validation": -0.28525017803625985,
        "err_workflow0_minus_validation_kwh_year": null,
        "err_workflow0_abs_kwh_year": null,
        "err_workflow0_pct_of_validation": null
      },
      "geometry": {
        "type": "Polygon",
        "coordinates": [
          [
            [
              -9.0953166,
              38.75814859999998
            ],
            [
              -9.0955365,
              38.75815879999998
            ],
            [
              -9.0955217,
              38.758355099999996
            ],
            [
              -9.095301699999998,
              38.758345
            ],
            [
              -9.0953166,
              38.75814859999998
            ]
          ]
        ]
      }
    },
    {
      "type": "Feature",
      "properties": {
        "area_id": "Parque_das_N",
        "osm_uid": "cea/78",
        "osmid": "78",
        "element_type": "cea_zone",
        "building": "yes",
        "cea_name": "B1078",
        "intersection_area_m2": 408.3820549768782,
        "is_residential": true,
        "residential_source": "cea",
        "radiation_sum_kwh_year": 779276.694125,
        "radiation_sum": 779276.694125,
        "radiation_point_count": 669.0,
        "use_type1": "MULTI_RES",
        "use_type2": "NONE",
        "use_type3": "NONE",
        "resi_type": null,
        "comparison_status": "matched",
        "validation_radiation_kwh_year": 779276.694125,
        "ucea_radiation_kwh_year": 509784.03000000014,
        "workflow0_radiation_kwh_year": null,
        "validation_area_m2": 408.3820549768782,
        "ucea_roofs_top_m2": 344.72,
        "err_ucea_minus_validation_kwh_year": -269492.6641249999,
        "err_ucea_abs_kwh_year": 269492.6641249999,
        "err_ucea_pct_of_validation": -0.3458241035009984,
        "err_ucea_area_minus_validation_m2": -63.66205497687815,
        "err_ucea_area_pct_of_validation": -0.15588847306349585,
        "err_workflow0_minus_validation_kwh_year": null,
        "err_workflow0_abs_kwh_year": null,
        "err_workflow0_pct_of_validation": null
      },
      "geometry": {
        "type": "Polygon",
        "coordinates": [
          [
            [
              -9.0953166,
              38.75814859999998
            ],
            [
              -9.0953311,
              38.757956699999994
            ],
            [
              -9.095550999999999,
              38.75796679999999
            ],
            [
              -9.0955365,
              38.75815879999998
            ],
            [
              -9.0953166,
              38.75814859999998
            ]
          ]
        ]
      }
    },
    {
      "type": "Feature",
      "properties": {
        "area_id": "Parque_das_N",
        "osm_uid": "cea/79",
        "osmid": "79",
        "element_type": "cea_zone",
        "building": "yes",
        "cea_name": "B1079",
        "intersection_area_m2": 572.1687453080498,
        "is_residential": true,
        "residential_source": "cea",
        "radiation_sum_kwh_year": 1082819.3081484374,
        "radiation_sum": 1082819.3081484374,
        "radiation_point_count": 942.0,
        "use_type1": "MULTI_RES",
        "use_type2": "NONE",
        "use_type3": "NONE",
        "resi_type": null,
        "comparison_status": "matched",
        "validation_radiation_kwh_year": 1082819.3081484374,
        "ucea_radiation_kwh_year": 631060.2999999995,
        "workflow0_radiation_kwh_year": null,
        "validation_area_m2": 572.1687453080498,
        "ucea_roofs_top_m2": 467.76,
        "err_ucea_minus_validation_kwh_year": -451759.00814843795,
        "err_ucea_abs_kwh_year": 451759.00814843795,
        "err_ucea_pct_of_validation": -0.4172062732432445,
        "err_ucea_area_minus_validation_m2": -104.40874530804979,
        "err_ucea_area_pct_of_validation": -0.18247893853733166,
        "err_workflow0_minus_validation_kwh_year": null,
        "err_workflow0_abs_kwh_year": null,
        "err_workflow0_pct_of_validation": null
      },
      "geometry": {
        "type": "Polygon",
        "coordinates": [
          [
            [
              -9.095550999999999,
              38.75796679999999
            ],
            [
              -9.0953311,
              38.757956699999994
            ],
            [
              -9.0953461,
              38.75775819999999
            ],
            [
              -9.095657199999998,
              38.757772499999994
            ],
            [
              -9.0956443,
              38.757942399999976
            ],
            [
              -9.095553199999998,
              38.7579382
            ],
            [
              -9.095550999999999,
              38.75796679999999
            ]
          ]
        ]
      }
    },
    {
      "type": "Feature",
      "properties": {
        "area_id": "Parque_das_N",
        "osm_uid": "cea/80",
        "osmid": "80",
        "element_type": "cea_zone",
        "building": "yes",
        "cea_name": "B1080",
        "intersection_area_m2": 484.8865697640431,
        "is_residential": true,
        "residential_source": "cea",
        "radiation_sum_kwh_year": 866271.0208671875,
        "radiation_sum": 866271.0208671875,
        "radiation_point_count": 804.0,
        "use_type1": "MULTI_RES",
        "use_type2": "NONE",
        "use_type3": "NONE",
        "resi_type": null,
        "comparison_status": "matched",
        "validation_radiation_kwh_year": 866271.0208671875,
        "ucea_radiation_kwh_year": 69647.36000000002,
        "workflow0_radiation_kwh_year": null,
        "validation_area_m2": 484.8865697640431,
        "ucea_roofs_top_m2": 43.62,
        "err_ucea_minus_validation_kwh_year": -796623.6608671875,
        "err_ucea_abs_kwh_year": 796623.6608671875,
        "err_ucea_pct_of_validation": -0.9196009582194278,
        "err_ucea_area_minus_validation_m2": -441.2665697640431,
        "err_ucea_area_pct_of_validation": -0.9100408163063239,
        "err_workflow0_minus_validation_kwh_year": null,
        "err_workflow0_abs_kwh_year": null,
        "err_workflow0_pct_of_validation": null
      },
      "geometry": {
        "type": "Polygon",
        "coordinates": [
          [
            [
              -9.0959666,
              38.75778669999999
            ],
            [
              -9.095956199999998,
              38.757923199999986
            ],
            [
              -9.0959139,
              38.75792129999999
            ],
            [
              -9.095882799999998,
              38.75791989999998
            ],
            [
              -9.0958803,
              38.75795329999998
            ],
            [
              -9.0956443,
              38.757942399999976
            ],
            [
              -9.095657199999998,
              38.757772499999994
            ],
            [
              -9.095926499999997,
              38.757784900000004
            ],
            [
              -9.0959666,
              38.75778669999999
            ]
          ]
        ]
      }
    },
    {
      "type": "Feature",
      "properties": {
        "area_id": "Parque_das_N",
        "osm_uid": "cea/81",
        "osmid": "81",
        "element_type": "cea_zone",
        "building": "yes",
        "cea_name": "B1081",
        "intersection_area_m2": 529.4538768638705,
        "is_residential": true,
        "residential_source": "cea",
        "radiation_sum_kwh_year": 1106601.177140625,
        "radiation_sum": 1106601.177140625,
        "radiation_point_count": 872.0,
        "use_type1": "MULTI_RES",
        "use_type2": "NONE",
        "use_type3": "NONE",
        "resi_type": null,
        "comparison_status": "matched",
        "validation_radiation_kwh_year": 1106601.177140625,
        "ucea_radiation_kwh_year": 691377.8300000001,
        "workflow0_radiation_kwh_year": null,
        "validation_area_m2": 529.4538768638705,
        "ucea_roofs_top_m2": 428.06,
        "err_ucea_minus_validation_kwh_year": -415223.3471406249,
        "err_ucea_abs_kwh_year": 415223.3471406249,
        "err_ucea_pct_of_validation": -0.37522402444350467,
        "err_ucea_area_minus_validation_m2": -101.3938768638705,
        "err_ucea_area_pct_of_validation": -0.19150653398641596,
        "err_workflow0_minus_validation_kwh_year": null,
        "err_workflow0_abs_kwh_year": null,
        "err_workflow0_pct_of_validation": null
      },
      "geometry": {
        "type": "Polygon",
        "coordinates": [
          [
            [
              -9.0960385,
              38.757992699999996
            ],
            [
              -9.096255499999998,
              38.75800259999999
            ],
            [
              -9.0962402,
              38.7581967
            ],
            [
              -9.096238,
              38.758227
            ],
            [
              -9.0961713,
              38.758248999999985
            ],
            [
              -9.096104999999998,
              38.7582803
            ],
            [
              -9.0959851,
              38.75813719999999
            ],
            [
              -9.0960277,
              38.75811809999999
            ],
            [
              -9.0960385,
              38.757992699999996
            ]
          ]
        ]
      }
    },
    {
      "type": "Feature",
      "properties": {
        "area_id": "Parque_das_N",
        "osm_uid": "cea/82",
        "osmid": "82",
        "element_type": "cea_zone",
        "building": "yes",
        "cea_name": "B1082",
        "intersection_area_m2": 568.3817161559095,
        "is_residential": true,
        "residential_source": "cea",
        "radiation_sum_kwh_year": 1118867.48859375,
        "radiation_sum": 1118867.48859375,
        "radiation_point_count": 935.0,
        "use_type1": "MULTI_RES",
        "use_type2": "NONE",
        "use_type3": "NONE",
        "resi_type": null,
        "comparison_status": "matched",
        "validation_radiation_kwh_year": 1118867.48859375,
        "ucea_radiation_kwh_year": 311374.73000000016,
        "workflow0_radiation_kwh_year": null,
        "validation_area_m2": 568.3817161559095,
        "ucea_roofs_top_m2": 196.28,
        "err_ucea_minus_validation_kwh_year": -807492.7585937497,
        "err_ucea_abs_kwh_year": 807492.7585937497,
        "err_ucea_pct_of_validation": -0.7217054448589333,
        "err_ucea_area_minus_validation_m2": -372.10171615590957,
        "err_ucea_area_pct_of_validation": -0.6546686946098746,
        "err_workflow0_minus_validation_kwh_year": null,
        "err_workflow0_abs_kwh_year": null,
        "err_workflow0_pct_of_validation": null
      },
      "geometry": {
        "type": "Polygon",
        "coordinates": [
          [
            [
              -9.0960385,
              38.757992699999996
            ],
            [
              -9.096040799999999,
              38.75796179999998
            ],
            [
              -9.0959536,
              38.7579578
            ],
            [
              -9.095956199999998,
              38.757923199999986
            ],
            [
              -9.0959666,
              38.75778669999999
            ],
            [
              -9.096270799999997,
              38.7578007
            ],
            [
              -9.096255499999998,
              38.75800259999999
            ],
            [
              -9.0960385,
              38.757992699999996
            ]
          ]
        ]
      }
    },
    {
      "type": "Feature",
      "properties": {
        "area_id": "Parque_das_N",
        "osm_uid": "cea/84",
        "osmid": "84",
        "element_type": "cea_zone",
        "building": "yes",
        "cea_name": "B1084",
        "intersection_area_m2": 636.8208421163408,
        "is_residential": true,
        "residential_source": "cea",
        "radiation_sum_kwh_year": 1147541.35578125,
        "radiation_sum": 1147541.35578125,
        "radiation_point_count": 1031.0,
        "use_type1": "MULTI_RES",
        "use_type2": "NONE",
        "use_type3": "NONE",
        "resi_type": null,
        "comparison_status": "matched",
        "validation_radiation_kwh_year": 1147541.35578125,
        "ucea_radiation_kwh_year": 478066.7699999998,
        "workflow0_radiation_kwh_year": null,
        "validation_area_m2": 636.8208421163408,
        "ucea_roofs_top_m2": 298.15,
        "err_ucea_minus_validation_kwh_year": -669474.5857812501,
        "err_ucea_abs_kwh_year": 669474.5857812501,
        "err_ucea_pct_of_validation": -0.58339909268496,
        "err_ucea_area_minus_validation_m2": -338.67084211634085,
        "err_ucea_area_pct_of_validation": -0.5318149465567729,
        "err_workflow0_minus_validation_kwh_year": null,
        "err_workflow0_abs_kwh_year": null,
        "err_workflow0_pct_of_validation": null
      },
      "geometry": {
        "type": "Polygon",
        "coordinates": [
          [
            [
              -9.0955212,
              38.7589719
            ],
            [
              -9.0955028,
              38.75897109999999
            ],
            [
              -9.0955159,
              38.7587999
            ],
            [
              -9.095538699999999,
              38.7588009
            ],
            [
              -9.0958101,
              38.758813600000025
            ],
            [
              -9.0958455,
              38.7588983
            ],
            [
              -9.0958884,
              38.758972000000014
            ],
            [
              -9.0956967,
              38.75905589999999
            ],
            [
              -9.095647399999999,
              38.758977800000004
            ],
            [
              -9.0955212,
              38.7589719
            ]
          ]
        ]
      }
    },
    {
      "type": "Feature",
      "properties": {
        "area_id": "Parque_das_N",
        "osm_uid": "cea/85",
        "osmid": "85",
        "element_type": "cea_zone",
        "building": "yes",
        "cea_name": "B1085",
        "intersection_area_m2": 586.0828110417038,
        "is_residential": true,
        "residential_source": "cea",
        "radiation_sum_kwh_year": 985565.46865625,
        "radiation_sum": 985565.46865625,
        "radiation_point_count": 914.0,
        "use_type1": "MULTI_RES",
        "use_type2": "NONE",
        "use_type3": "NONE",
        "resi_type": null,
        "comparison_status": "matched",
        "validation_radiation_kwh_year": 985565.46865625,
        "ucea_radiation_kwh_year": 409333.34,
        "workflow0_radiation_kwh_year": null,
        "validation_area_m2": 586.0828110417038,
        "ucea_roofs_top_m2": 256.45,
        "err_ucea_minus_validation_kwh_year": -576232.12865625,
        "err_ucea_abs_kwh_year": 576232.12865625,
        "err_ucea_pct_of_validation": -0.5846715890339608,
        "err_ucea_area_minus_validation_m2": -329.63281104170386,
        "err_ucea_area_pct_of_validation": -0.5624338486498425,
        "err_workflow0_minus_validation_kwh_year": null,
        "err_workflow0_abs_kwh_year": null,
        "err_workflow0_pct_of_validation": null
      },
      "geometry": {
        "type": "Polygon",
        "coordinates": [
          [
            [
              -9.0954696,
              38.7589699
            ],
            [
              -9.095463199999998,
              38.759049499999996
            ],
            [
              -9.0952447,
              38.75903889999999
            ],
            [
              -9.0952649,
              38.758787399999996
            ],
            [
              -9.0955159,
              38.7587999
            ],
            [
              -9.0955028,
              38.75897109999999
            ],
            [
              -9.0954696,
              38.7589699
            ]
          ]
        ]
      }
    },
    {
      "type": "Feature",
      "properties": {
        "area_id": "Parque_das_N",
        "osm_uid": "cea/87",
        "osmid": "87",
        "element_type": "cea_zone",
        "building": "yes",
        "cea_name": "B1087",
        "intersection_area_m2": 539.7236454080258,
        "is_residential": true,
        "residential_source": "cea",
        "radiation_sum_kwh_year": 1034180.4150781251,
        "radiation_sum": 1034180.4150781251,
        "radiation_point_count": 889.0,
        "use_type1": "MULTI_RES",
        "use_type2": "NONE",
        "use_type3": "NONE",
        "resi_type": null,
        "comparison_status": "matched",
        "validation_radiation_kwh_year": 1034180.4150781251,
        "ucea_radiation_kwh_year": 380131.23000000016,
        "workflow0_radiation_kwh_year": null,
        "validation_area_m2": 539.7236454080258,
        "ucea_roofs_top_m2": 239.65,
        "err_ucea_minus_validation_kwh_year": -654049.185078125,
        "err_ucea_abs_kwh_year": 654049.185078125,
        "err_ucea_pct_of_validation": -0.6324323836945956,
        "err_ucea_area_minus_validation_m2": -300.07364540802587,
        "err_ucea_area_pct_of_validation": -0.5559764667734227,
        "err_workflow0_minus_validation_kwh_year": null,
        "err_workflow0_abs_kwh_year": null,
        "err_workflow0_pct_of_validation": null
      },
      "geometry": {
        "type": "Polygon",
        "coordinates": [
          [
            [
              -9.0941392,
              38.756738099999986
            ],
            [
              -9.0941587,
              38.756741299999995
            ],
            [
              -9.094317799999999,
              38.756767599999996
            ],
            [
              -9.0942814,
              38.75690139999999
            ],
            [
              -9.094269999999998,
              38.7569435
            ],
            [
              -9.0940922,
              38.756913699999984
            ],
            [
              -9.093965,
              38.756892400000005
            ],
            [
              -9.094012599999997,
              38.7567172
            ],
            [
              -9.0941392,
              38.756738099999986
            ]
          ]
        ]
      }
    },
    {
      "type": "Feature",
      "properties": {
        "area_id": "Parque_das_N",
        "osm_uid": "cea/88",
        "osmid": "88",
        "element_type": "cea_zone",
        "building": "yes",
        "cea_name": "B1088",
        "intersection_area_m2": 655.0664754054972,
        "is_residential": true,
        "residential_source": "cea",
        "radiation_sum_kwh_year": 1279145.500671875,
        "radiation_sum": 1279145.500671875,
        "radiation_point_count": 1077.0,
        "use_type1": "MULTI_RES",
        "use_type2": "NONE",
        "use_type3": "NONE",
        "resi_type": null,
        "comparison_status": "matched",
        "validation_radiation_kwh_year": 1279145.500671875,
        "ucea_radiation_kwh_year": 370162.7600000012,
        "workflow0_radiation_kwh_year": null,
        "validation_area_m2": 655.0664754054972,
        "ucea_roofs_top_m2": 231.66,
        "err_ucea_minus_validation_kwh_year": -908982.7406718738,
        "err_ucea_abs_kwh_year": 908982.7406718738,
        "err_ucea_pct_of_validation": -0.7106171582469921,
        "err_ucea_area_minus_validation_m2": -423.4064754054972,
        "err_ucea_area_pct_of_validation": -0.6463565016716837,
        "err_workflow0_minus_validation_kwh_year": null,
        "err_workflow0_abs_kwh_year": null,
        "err_workflow0_pct_of_validation": null
      },
      "geometry": {
        "type": "Polygon",
        "coordinates": [
          [
            [
              -9.094676399999999,
              38.75696
            ],
            [
              -9.0946458,
              38.75707289999999
            ],
            [
              -9.094430000000001,
              38.75703739999999
            ],
            [
              -9.0945005,
              38.7567773
            ],
            [
              -9.0946228,
              38.756784399999994
            ],
            [
              -9.0947451,
              38.756791500000006
            ],
            [
              -9.0947325,
              38.75696229999999
            ],
            [
              -9.094676399999999,
              38.75696
            ]
          ]
        ]
      }
    },
    {
      "type": "Feature",
      "properties": {
        "area_id": "Parque_das_N",
        "osm_uid": "cea/89",
        "osmid": "89",
        "element_type": "cea_zone",
        "building": "yes",
        "cea_name": "B1089",
        "intersection_area_m2": 532.6925618518884,
        "is_residential": true,
        "residential_source": "cea",
        "radiation_sum_kwh_year": 938324.80140625,
        "radiation_sum": 938324.80140625,
        "radiation_point_count": 880.0,
        "use_type1": "MULTI_RES",
        "use_type2": "NONE",
        "use_type3": "NONE",
        "resi_type": null,
        "comparison_status": "matched",
        "validation_radiation_kwh_year": 938324.80140625,
        "ucea_radiation_kwh_year": 385580.6600000005,
        "workflow0_radiation_kwh_year": null,
        "validation_area_m2": 532.6925618518884,
        "ucea_roofs_top_m2": 241.3,
        "err_ucea_minus_validation_kwh_year": -552744.1414062495,
        "err_ucea_abs_kwh_year": 552744.1414062495,
        "err_ucea_pct_of_validation": -0.5890754891886713,
        "err_ucea_area_minus_validation_m2": -291.3925618518884,
        "err_ucea_area_pct_of_validation": -0.5470182666693741,
        "err_workflow0_minus_validation_kwh_year": null,
        "err_workflow0_abs_kwh_year": null,
        "err_workflow0_pct_of_validation": null
      },
      "geometry": {
        "type": "Polygon",
        "coordinates": [
          [
            [
              -9.0945114,
              38.7575671
            ],
            [
              -9.0942896,
              38.75755560000001
            ],
            [
              -9.0943594,
              38.75729819999999
            ],
            [
              -9.0945751,
              38.75733369999999
            ],
            [
              -9.0945114,
              38.7575671
            ]
          ]
        ]
      }
    },
    {
      "type": "Feature",
      "properties": {
        "area_id": "Parque_das_N",
        "osm_uid": "cea/90",
        "osmid": "90",
        "element_type": "cea_zone",
        "building": "yes",
        "cea_name": "B1090",
        "intersection_area_m2": 566.6886236448399,
        "is_residential": true,
        "residential_source": "cea",
        "radiation_sum_kwh_year": 1105329.5579687501,
        "radiation_sum": 1105329.5579687501,
        "radiation_point_count": 935.0,
        "use_type1": "MULTI_RES",
        "use_type2": "NONE",
        "use_type3": "NONE",
        "resi_type": null,
        "comparison_status": "matched",
        "validation_radiation_kwh_year": 1105329.5579687501,
        "ucea_radiation_kwh_year": 409653.37000000046,
        "workflow0_radiation_kwh_year": null,
        "validation_area_m2": 566.6886236448399,
        "ucea_roofs_top_m2": 264.06,
        "err_ucea_minus_validation_kwh_year": -695676.1879687497,
        "err_ucea_abs_kwh_year": 695676.1879687497,
        "err_ucea_pct_of_validation": -0.6293835019188168,
        "err_ucea_area_minus_validation_m2": -302.62862364483993,
        "err_ucea_area_pct_of_validation": -0.5340298199360113,
        "err_workflow0_minus_validation_kwh_year": null,
        "err_workflow0_abs_kwh_year": null,
        "err_workflow0_pct_of_validation": null
      },
      "geometry": {
        "type": "Polygon",
        "coordinates": [
          [
            [
              -9.0946458,
              38.75707289999999
            ],
            [
              -9.0945751,
              38.75733369999999
            ],
            [
              -9.0943594,
              38.75729819999999
            ],
            [
              -9.094430000000001,
              38.75703739999999
            ],
            [
              -9.0946458,
              38.75707289999999
            ]
          ]
        ]
      }
    },
    {
      "type": "Feature",
      "properties": {
        "area_id": "Parque_das_N",
        "osm_uid": "cea/91",
        "osmid": "91",
        "element_type": "cea_zone",
        "building": "yes",
        "cea_name": "B1091",
        "intersection_area_m2": 408.4280476633804,
        "is_residential": true,
        "residential_source": "cea",
        "radiation_sum_kwh_year": 602893.9293125,
        "radiation_sum": 602893.9293125,
        "radiation_point_count": 672.0,
        "use_type1": "MULTI_RES",
        "use_type2": "NONE",
        "use_type3": "NONE",
        "resi_type": null,
        "comparison_status": "matched",
        "validation_radiation_kwh_year": 602893.9293125,
        "ucea_radiation_kwh_year": 252514.20000000007,
        "workflow0_radiation_kwh_year": null,
        "validation_area_m2": 408.4280476633804,
        "ucea_roofs_top_m2": 162.41,
        "err_ucea_minus_validation_kwh_year": -350379.7293125,
        "err_ucea_abs_kwh_year": 350379.7293125,
        "err_ucea_pct_of_validation": -0.5811631404417185,
        "err_ucea_area_minus_validation_m2": -246.01804766338043,
        "err_ucea_area_pct_of_validation": -0.6023534599811431,
        "err_workflow0_minus_validation_kwh_year": null,
        "err_workflow0_abs_kwh_year": null,
        "err_workflow0_pct_of_validation": null
      },
      "geometry": {
        "type": "Polygon",
        "coordinates": [
          [
            [
              -9.0947561,
              38.7569634
            ],
            [
              -9.0947325,
              38.75696229999999
            ],
            [
              -9.0947451,
              38.756791500000006
            ],
            [
              -9.094768599999998,
              38.7567926
            ],
            [
              -9.0949923,
              38.756802599999986
            ],
            [
              -9.0949797,
              38.75697340000001
            ],
            [
              -9.0947561,
              38.7569634
            ]
          ]
        ]
      }
    },
    {
      "type": "Feature",
      "properties": {
        "area_id": "Parque_das_N",
        "osm_uid": "cea/92",
        "osmid": "92",
        "element_type": "cea_zone",
        "building": "yes",
        "cea_name": "B1092",
        "intersection_area_m2": 467.8739990054354,
        "is_residential": true,
        "residential_source": "cea",
        "radiation_sum_kwh_year": 896377.4495546875,
        "radiation_sum": 896377.4495546875,
        "radiation_point_count": 775.0,
        "use_type1": "MULTI_RES",
        "use_type2": "NONE",
        "use_type3": "NONE",
        "resi_type": null,
        "comparison_status": "matched",
        "validation_radiation_kwh_year": 896377.4495546875,
        "ucea_radiation_kwh_year": 315732.82999999996,
        "workflow0_radiation_kwh_year": null,
        "validation_area_m2": 467.8739990054354,
        "ucea_roofs_top_m2": 203.09,
        "err_ucea_minus_validation_kwh_year": -580644.6195546875,
        "err_ucea_abs_kwh_year": 580644.6195546875,
        "err_ucea_pct_of_validation": -0.6477679908649495,
        "err_ucea_area_minus_validation_m2": -264.78399900543536,
        "err_ucea_area_pct_of_validation": -0.5659301426629594,
        "err_workflow0_minus_validation_kwh_year": null,
        "err_workflow0_abs_kwh_year": null,
        "err_workflow0_pct_of_validation": null
      },
      "geometry": {
        "type": "Polygon",
        "coordinates": [
          [
            [
              -9.095225599999997,
              38.7570119
            ],
            [
              -9.0950055,
              38.757002
            ],
            [
              -9.0950076,
              38.75697470000001
            ],
            [
              -9.0949797,
              38.75697340000001
            ],
            [
              -9.0949923,
              38.756802599999986
            ],
            [
              -9.0951163,
              38.75680819999999
            ],
            [
              -9.095240299999999,
              38.756813799999996
            ],
            [
              -9.095225599999997,
              38.7570119
            ]
          ]
        ]
      }
    },
    {
      "type": "Feature",
      "properties": {
        "area_id": "Parque_das_N",
        "osm_uid": "cea/93",
        "osmid": "93",
        "element_type": "cea_zone",
        "building": "yes",
        "cea_name": "B1093",
        "intersection_area_m2": 418.8026111540315,
        "is_residential": true,
        "residential_source": "cea",
        "radiation_sum_kwh_year": 814962.6116875,
        "radiation_sum": 814962.6116875,
        "radiation_point_count": 687.0,
        "use_type1": "MULTI_RES",
        "use_type2": "NONE",
        "use_type3": "NONE",
        "resi_type": null,
        "comparison_status": "matched",
        "validation_radiation_kwh_year": 814962.6116875,
        "ucea_radiation_kwh_year": 372952.24999999854,
        "workflow0_radiation_kwh_year": null,
        "validation_area_m2": 418.8026111540315,
        "ucea_roofs_top_m2": 233.52,
        "err_ucea_minus_validation_kwh_year": -442010.3616875015,
        "err_ucea_abs_kwh_year": 442010.3616875015,
        "err_ucea_pct_of_validation": -0.5423688833678566,
        "err_ucea_area_minus_validation_m2": -185.2826111540315,
        "err_ucea_area_pct_of_validation": -0.4424103532771107,
        "err_workflow0_minus_validation_kwh_year": null,
        "err_workflow0_abs_kwh_year": null,
        "err_workflow0_pct_of_validation": null
      },
      "geometry": {
        "type": "Polygon",
        "coordinates": [
          [
            [
              -9.0950055,
              38.757002
            ],
            [
              -9.095225599999997,
              38.7570119
            ],
            [
              -9.095211099999998,
              38.757208599999984
            ],
            [
              -9.094990999999998,
              38.7571987
            ],
            [
              -9.0950055,
              38.757002
            ]
          ]
        ]
      }
    },
    {
      "type": "Feature",
      "properties": {
        "area_id": "Parque_das_N",
        "osm_uid": "cea/94",
        "osmid": "94",
        "element_type": "cea_zone",
        "building": "yes",
        "cea_name": "B1094",
        "intersection_area_m2": 418.16484588034723,
        "is_residential": true,
        "residential_source": "cea",
        "radiation_sum_kwh_year": 802747.24925,
        "radiation_sum": 802747.24925,
        "radiation_point_count": 691.0,
        "use_type1": "MULTI_RES",
        "use_type2": "NONE",
        "use_type3": "NONE",
        "resi_type": null,
        "comparison_status": "matched",
        "validation_radiation_kwh_year": 802747.24925,
        "ucea_radiation_kwh_year": 347862.41000000125,
        "workflow0_radiation_kwh_year": null,
        "validation_area_m2": 418.16484588034723,
        "ucea_roofs_top_m2": 220.53,
        "err_ucea_minus_validation_kwh_year": -454884.83924999874,
        "err_ucea_abs_kwh_year": 454884.83924999874,
        "err_ucea_pct_of_validation": -0.5666601033824704,
        "err_ucea_area_minus_validation_m2": -197.63484588034723,
        "err_ucea_area_pct_of_validation": -0.47262424813418685,
        "err_workflow0_minus_validation_kwh_year": null,
        "err_workflow0_abs_kwh_year": null,
        "err_workflow0_pct_of_validation": null
      },
      "geometry": {
        "type": "Polygon",
        "coordinates": [
          [
            [
              -9.0949765,
              38.75739509999998
            ],
            [
              -9.094990999999998,
              38.7571987
            ],
            [
              -9.095211099999998,
              38.757208599999984
            ],
            [
              -9.0951966,
              38.75740499999999
            ],
            [
              -9.0949765,
              38.75739509999998
            ]
          ]
        ]
      }
    },
    {
      "type": "Feature",
      "properties": {
        "area_id": "Parque_das_N",
        "osm_uid": "cea/95",
        "osmid": "95",
        "element_type": "cea_zone",
        "building": "yes",
        "cea_name": "B1095",
        "intersection_area_m2": 418.0626711411169,
        "is_residential": true,
        "residential_source": "cea",
        "radiation_sum_kwh_year": 738075.384125,
        "radiation_sum": 738075.384125,
        "radiation_point_count": 690.0,
        "use_type1": "MULTI_RES",
        "use_type2": "NONE",
        "use_type3": "NONE",
        "resi_type": null,
        "comparison_status": "matched",
        "validation_radiation_kwh_year": 738075.384125,
        "ucea_radiation_kwh_year": 361662.77000000107,
        "workflow0_radiation_kwh_year": null,
        "validation_area_m2": 418.0626711411169,
        "ucea_roofs_top_m2": 227.08,
        "err_ucea_minus_validation_kwh_year": -376412.6141249989,
        "err_ucea_abs_kwh_year": 376412.6141249989,
        "err_ucea_pct_of_validation": -0.5099920986678644,
        "err_ucea_area_minus_validation_m2": -190.98267114111687,
        "err_ucea_area_pct_of_validation": -0.4568278498049656,
        "err_workflow0_minus_validation_kwh_year": null,
        "err_workflow0_abs_kwh_year": null,
        "err_workflow0_pct_of_validation": null
      },
      "geometry": {
        "type": "Polygon",
        "coordinates": [
          [
            [
              -9.0951821,
              38.75760210000001
            ],
            [
              -9.0949621,
              38.7575907
            ],
            [
              -9.0949765,
              38.75739509999998
            ],
            [
              -9.0951966,
              38.75740499999999
            ],
            [
              -9.0951821,
              38.75760210000001
            ]
          ]
        ]
      }
    },
    {
      "type": "Feature",
      "properties": {
        "area_id": "Parque_das_N",
        "osm_uid": "cea/96",
        "osmid": "96",
        "element_type": "cea_zone",
        "building": "yes",
        "cea_name": "B1096",
        "intersection_area_m2": 600.2749023865714,
        "is_residential": true,
        "residential_source": "cea",
        "radiation_sum_kwh_year": 1024528.9321875001,
        "radiation_sum": 1024528.9321875001,
        "radiation_point_count": 989.0,
        "use_type1": "MULTI_RES",
        "use_type2": "NONE",
        "use_type3": "NONE",
        "resi_type": null,
        "comparison_status": "matched",
        "validation_radiation_kwh_year": 1024528.9321875001,
        "ucea_radiation_kwh_year": 346377.85000000027,
        "workflow0_radiation_kwh_year": null,
        "validation_area_m2": 600.2749023865714,
        "ucea_roofs_top_m2": 220.64,
        "err_ucea_minus_validation_kwh_year": -678151.0821874999,
        "err_ucea_abs_kwh_year": 678151.0821874999,
        "err_ucea_pct_of_validation": -0.6619150137025029,
        "err_ucea_area_minus_validation_m2": -379.6349023865714,
        "err_ucea_area_pct_of_validation": -0.6324350741255714,
        "err_workflow0_minus_validation_kwh_year": null,
        "err_workflow0_abs_kwh_year": null,
        "err_workflow0_pct_of_validation": null
      },
      "geometry": {
        "type": "Polygon",
        "coordinates": [
          [
            [
              -9.0945461,
              38.75659319999999
            ],
            [
              -9.094559099999998,
              38.75654779999999
            ],
            [
              -9.0945722,
              38.756502499999996
            ],
            [
              -9.0950096,
              38.756521899999996
            ],
            [
              -9.0949996,
              38.756659199999994
            ],
            [
              -9.0948441,
              38.7566523
            ],
            [
              -9.094533,
              38.7566385
            ],
            [
              -9.0945461,
              38.75659319999999
            ]
          ]
        ]
      }
    },
    {
      "type": "Feature",
      "properties": {
        "area_id": "Parque_das_N",
        "osm_uid": "cea/97",
        "osmid": "97",
        "element_type": "cea_zone",
        "building": "yes",
        "cea_name": "B1097",
        "intersection_area_m2": 436.4137385861103,
        "is_residential": true,
        "residential_source": "cea",
        "radiation_sum_kwh_year": 856076.749796875,
        "radiation_sum": 856076.749796875,
        "radiation_point_count": 721.0,
        "use_type1": "MULTI_RES",
        "use_type2": "NONE",
        "use_type3": "NONE",
        "resi_type": null,
        "comparison_status": "matched",
        "validation_radiation_kwh_year": 856076.749796875,
        "ucea_radiation_kwh_year": 366481.59999999957,
        "workflow0_radiation_kwh_year": null,
        "validation_area_m2": 436.4137385861103,
        "ucea_roofs_top_m2": 229.69,
        "err_ucea_minus_validation_kwh_year": -489595.1497968755,
        "err_ucea_abs_kwh_year": 489595.1497968755,
        "err_ucea_pct_of_validation": -0.5719056730755084,
        "err_ucea_area_minus_validation_m2": -206.7237385861103,
        "err_ucea_area_pct_of_validation": -0.47368751326631514,
        "err_workflow0_minus_validation_kwh_year": null,
        "err_workflow0_abs_kwh_year": null,
        "err_workflow0_pct_of_validation": null
      },
      "geometry": {
        "type": "Polygon",
        "coordinates": [
          [
            [
              -9.095099899999997,
              38.75646760000001
            ],
            [
              -9.0952703,
              38.75647509999998
            ],
            [
              -9.095255999999997,
              38.756670599999985
            ],
            [
              -9.0949996,
              38.756659199999994
            ],
            [
              -9.0950096,
              38.756521899999996
            ],
            [
              -9.0950957,
              38.75652569999998
            ],
            [
              -9.095099899999997,
              38.75646760000001
            ]
          ]
        ]
      }
    },
    {
      "type": "Feature",
      "properties": {
        "area_id": "Parque_das_N",
        "osm_uid": "cea/98",
        "osmid": "98",
        "element_type": "cea_zone",
        "building": "yes",
        "cea_name": "B1098",
        "intersection_area_m2": 326.85595931335115,
        "is_residential": true,
        "residential_source": "cea",
        "radiation_sum_kwh_year": 733366.158,
        "radiation_sum": 733366.158,
        "radiation_point_count": 540.0,
        "use_type1": "MULTI_RES",
        "use_type2": "NONE",
        "use_type3": "NONE",
        "resi_type": null,
        "comparison_status": "matched",
        "validation_radiation_kwh_year": 733366.158,
        "ucea_radiation_kwh_year": 317808.0999999999,
        "workflow0_radiation_kwh_year": null,
        "validation_area_m2": 326.85595931335115,
        "ucea_roofs_top_m2": 203.71,
        "err_ucea_minus_validation_kwh_year": -415558.05800000014,
        "err_ucea_abs_kwh_year": 415558.05800000014,
        "err_ucea_pct_of_validation": -0.5666447155583093,
        "err_ucea_area_minus_validation_m2": -123.14595931335114,
        "err_ucea_area_pct_of_validation": -0.3767591068923827,
        "err_workflow0_minus_validation_kwh_year": null,
        "err_workflow0_abs_kwh_year": null,
        "err_workflow0_pct_of_validation": null
      },
      "geometry": {
        "type": "Polygon",
        "coordinates": [
          [
            [
              -9.095284799999998,
              38.75627570000001
            ],
            [
              -9.0951145,
              38.75626809999999
            ],
            [
              -9.095128999999998,
              38.75606970000001
            ],
            [
              -9.095299299999999,
              38.7560773
            ],
            [
              -9.095290299999998,
              38.75620079999999
            ],
            [
              -9.095284799999998,
              38.75627570000001
            ]
          ]
        ]
      }
    },
    {
      "type": "Feature",
      "properties": {
        "area_id": "Parque_das_N",
        "osm_uid": "cea/99",
        "osmid": "99",
        "element_type": "cea_zone",
        "building": "yes",
        "cea_name": "B1099",
        "intersection_area_m2": 328.6471187967857,
        "is_residential": true,
        "residential_source": "cea",
        "radiation_sum_kwh_year": 742124.1928125,
        "radiation_sum": 742124.1928125,
        "radiation_point_count": 540.0,
        "use_type1": "MULTI_RES",
        "use_type2": "NONE",
        "use_type3": "NONE",
        "resi_type": null,
        "comparison_status": "matched",
        "validation_radiation_kwh_year": 742124.1928125,
        "ucea_radiation_kwh_year": 405331.1199999989,
        "workflow0_radiation_kwh_year": null,
        "validation_area_m2": 328.6471187967857,
        "ucea_roofs_top_m2": 255.56,
        "err_ucea_minus_validation_kwh_year": -336793.07281250117,
        "err_ucea_abs_kwh_year": 336793.07281250117,
        "err_ucea_pct_of_validation": -0.4538230609840703,
        "err_ucea_area_minus_validation_m2": -73.08711879678572,
        "err_ucea_area_pct_of_validation": -0.2223878276017326,
        "err_workflow0_minus_validation_kwh_year": null,
        "err_workflow0_abs_kwh_year": null,
        "err_workflow0_pct_of_validation": null
      },
      "geometry": {
        "type": "Polygon",
        "coordinates": [
          [
            [
              -9.0952703,
              38.75647509999998
            ],
            [
              -9.095099899999997,
              38.75646760000001
            ],
            [
              -9.0951145,
              38.75626809999999
            ],
            [
              -9.095284799999998,
              38.75627570000001
            ],
            [
              -9.0952703,
              38.75647509999998
            ]
          ]
        ]
      }
    },
    {
      "type": "Feature",
      "properties": {
        "area_id": "Parque_das_N",
        "osm_uid": "cea/100",
        "osmid": "100",
        "element_type": "cea_zone",
        "building": "yes",
        "cea_name": "B1100",
        "intersection_area_m2": 540.7049837582017,
        "is_residential": true,
        "residential_source": "cea",
        "radiation_sum_kwh_year": 1080045.022046875,
        "radiation_sum": 1080045.022046875,
        "radiation_point_count": 893.0,
        "use_type1": "MULTI_RES",
        "use_type2": "NONE",
        "use_type3": "NONE",
        "resi_type": null,
        "comparison_status": "matched",
        "validation_radiation_kwh_year": 1080045.022046875,
        "ucea_radiation_kwh_year": 360334.3600000002,
        "workflow0_radiation_kwh_year": null,
        "validation_area_m2": 540.7049837582017,
        "ucea_roofs_top_m2": 232.73,
        "err_ucea_minus_validation_kwh_year": -719710.6620468748,
        "err_ucea_abs_kwh_year": 719710.6620468748,
        "err_ucea_pct_of_validation": -0.6663709820937804,
        "err_ucea_area_minus_validation_m2": -307.9749837582017,
        "err_ucea_area_pct_of_validation": -0.5695804422174982,
        "err_workflow0_minus_validation_kwh_year": null,
        "err_workflow0_abs_kwh_year": null,
        "err_workflow0_pct_of_validation": null
      },
      "geometry": {
        "type": "Polygon",
        "coordinates": [
          [
            [
              -9.094259899999999,
              38.7557952
            ],
            [
              -9.0943881,
              38.7558146
            ],
            [
              -9.0944119,
              38.75581819999999
            ],
            [
              -9.0945652,
              38.7558413
            ],
            [
              -9.094517399999999,
              38.756020199999995
            ],
            [
              -9.0943406,
              38.7559906
            ],
            [
              -9.094213100000001,
              38.7559693
            ],
            [
              -9.094259899999999,
              38.7557952
            ]
          ]
        ]
      }
    },
    {
      "type": "Feature",
      "properties": {
        "area_id": "Parque_das_N",
        "osm_uid": "cea/101",
        "osmid": "101",
        "element_type": "cea_zone",
        "building": "yes",
        "cea_name": "B1101",
        "intersection_area_m2": 538.9661339121445,
        "is_residential": true,
        "residential_source": "cea",
        "radiation_sum_kwh_year": 970893.220375,
        "radiation_sum": 970893.220375,
        "radiation_point_count": 889.0,
        "use_type1": "MULTI_RES",
        "use_type2": "NONE",
        "use_type3": "NONE",
        "resi_type": null,
        "comparison_status": "matched",
        "validation_radiation_kwh_year": 970893.220375,
        "ucea_radiation_kwh_year": 292771.60999999894,
        "workflow0_radiation_kwh_year": null,
        "validation_area_m2": 538.9661339121445,
        "ucea_roofs_top_m2": 186.36,
        "err_ucea_minus_validation_kwh_year": -678121.6103750011,
        "err_ucea_abs_kwh_year": 678121.6103750011,
        "err_ucea_pct_of_validation": -0.6984512777966272,
        "err_ucea_area_minus_validation_m2": -352.6061339121445,
        "err_ucea_area_pct_of_validation": -0.6542268831488806,
        "err_workflow0_minus_validation_kwh_year": null,
        "err_workflow0_abs_kwh_year": null,
        "err_workflow0_pct_of_validation": null
      },
      "geometry": {
        "type": "Polygon",
        "coordinates": [
          [
            [
              -9.0942243,
              38.75642220000001
            ],
            [
              -9.0944021,
              38.756451799999994
            ],
            [
              -9.0943548,
              38.7566289
            ],
            [
              -9.0941998,
              38.756601299999986
            ],
            [
              -9.0941772,
              38.756597199999995
            ],
            [
              -9.0940504,
              38.756574599999986
            ],
            [
              -9.094097099999999,
              38.75640099999999
            ],
            [
              -9.0942243,
              38.75642220000001
            ]
          ]
        ]
      }
    },
    {
      "type": "Feature",
      "properties": {
        "area_id": "Parque_das_N",
        "osm_uid": "cea/102",
        "osmid": "102",
        "element_type": "cea_zone",
        "building": "yes",
        "cea_name": "B1102",
        "intersection_area_m2": 661.3811329401626,
        "is_residential": true,
        "residential_source": "cea",
        "radiation_sum_kwh_year": 1305121.11371875,
        "radiation_sum": 1305121.11371875,
        "radiation_point_count": 1091.0,
        "use_type1": "MULTI_RES",
        "use_type2": "NONE",
        "use_type3": "NONE",
        "resi_type": null,
        "comparison_status": "matched",
        "validation_radiation_kwh_year": 1305121.11371875,
        "ucea_radiation_kwh_year": 352710.8199999992,
        "workflow0_radiation_kwh_year": null,
        "validation_area_m2": 661.3811329401626,
        "ucea_roofs_top_m2": 233.03,
        "err_ucea_minus_validation_kwh_year": -952410.2937187508,
        "err_ucea_abs_kwh_year": 952410.2937187508,
        "err_ucea_pct_of_validation": -0.7297485909219553,
        "err_ucea_area_minus_validation_m2": -428.35113294016264,
        "err_ucea_area_pct_of_validation": -0.6476615548979033,
        "err_workflow0_minus_validation_kwh_year": null,
        "err_workflow0_abs_kwh_year": null,
        "err_workflow0_pct_of_validation": null
      },
      "geometry": {
        "type": "Polygon",
        "coordinates": [
          [
            [
              -9.0942824,
              38.756206799999994
            ],
            [
              -9.0944596,
              38.7562368
            ],
            [
              -9.0944021,
              38.756451799999994
            ],
            [
              -9.094097099999999,
              38.75640099999999
            ],
            [
              -9.094155,
              38.7561853
            ],
            [
              -9.0942824,
              38.756206799999994
            ]
          ]
        ]
      }
    },
    {
      "type": "Feature",
      "properties": {
        "area_id": "Parque_das_N",
        "osm_uid": "cea/103",
        "osmid": "103",
        "element_type": "cea_zone",
        "building": "yes",
        "cea_name": "B1103",
        "intersection_area_m2": 663.5178109633939,
        "is_residential": true,
        "residential_source": "cea",
        "radiation_sum_kwh_year": 1292349.7375390625,
        "radiation_sum": 1292349.7375390625,
        "radiation_point_count": 1093.0,
        "use_type1": "MULTI_RES",
        "use_type2": "NONE",
        "use_type3": "NONE",
        "resi_type": null,
        "comparison_status": "matched",
        "validation_radiation_kwh_year": 1292349.7375390625,
        "ucea_radiation_kwh_year": 304114.68,
        "workflow0_radiation_kwh_year": null,
        "validation_area_m2": 663.5178109633939,
        "ucea_roofs_top_m2": 192.73,
        "err_ucea_minus_validation_kwh_year": -988235.0575390626,
        "err_ucea_abs_kwh_year": 988235.0575390626,
        "err_ucea_pct_of_validation": -0.7646808203953323,
        "err_ucea_area_minus_validation_m2": -470.7878109633939,
        "err_ucea_area_pct_of_validation": -0.7095330421949549,
        "err_workflow0_minus_validation_kwh_year": null,
        "err_workflow0_abs_kwh_year": null,
        "err_workflow0_pct_of_validation": null
      },
      "geometry": {
        "type": "Polygon",
        "coordinates": [
          [
            [
              -9.0944596,
              38.7562368
            ],
            [
              -9.0942824,
              38.756206799999994
            ],
            [
              -9.094155,
              38.7561853
            ],
            [
              -9.094213100000001,
              38.7559693
            ],
            [
              -9.0943406,
              38.7559906
            ],
            [
              -9.094517399999999,
              38.756020199999995
            ],
            [
              -9.0944596,
              38.7562368
            ]
          ]
        ]
      }
    },
    {
      "type": "Feature",
      "properties": {
        "area_id": "Parque_das_N",
        "osm_uid": "cea/104",
        "osmid": "104",
        "element_type": "cea_zone",
        "building": "yes",
        "cea_name": "B1104",
        "intersection_area_m2": 253.48233594908274,
        "is_residential": true,
        "residential_source": "cea",
        "radiation_sum_kwh_year": 604371.1319375,
        "radiation_sum": 604371.1319375,
        "radiation_point_count": 415.0,
        "use_type1": "MULTI_RES",
        "use_type2": "NONE",
        "use_type3": "NONE",
        "resi_type": null,
        "comparison_status": "matched",
        "validation_radiation_kwh_year": 604371.1319375,
        "ucea_radiation_kwh_year": 417315.11000000004,
        "workflow0_radiation_kwh_year": null,
        "validation_area_m2": 253.48233594908274,
        "ucea_roofs_top_m2": 273.15,
        "err_ucea_minus_validation_kwh_year": -187056.02193749993,
        "err_ucea_abs_kwh_year": 187056.02193749993,
        "err_ucea_pct_of_validation": -0.3095052229543684,
        "err_ucea_area_minus_validation_m2": 19.66766405091724,
        "err_ucea_area_pct_of_validation": 0.07758988008879603,
        "err_workflow0_minus_validation_kwh_year": null,
        "err_workflow0_abs_kwh_year": null,
        "err_workflow0_pct_of_validation": null
      },
      "geometry": {
        "type": "Polygon",
        "coordinates": [
          [
            [
              -9.095254599999999,
              38.7545942
            ],
            [
              -9.095424399999999,
              38.75460259999999
            ],
            [
              -9.0954124,
              38.75475519999999
            ],
            [
              -9.095241800000002,
              38.754749499999996
            ],
            [
              -9.095254599999999,
              38.7545942
            ]
          ]
        ]
      }
    },
    {
      "type": "Feature",
      "properties": {
        "area_id": "Parque_das_N",
        "osm_uid": "cea/105",
        "osmid": "105",
        "element_type": "cea_zone",
        "building": "yes",
        "cea_name": "B1105",
        "intersection_area_m2": 262.4320424935401,
        "is_residential": true,
        "residential_source": "cea",
        "radiation_sum_kwh_year": 628658.226,
        "radiation_sum": 628658.226,
        "radiation_point_count": 433.0,
        "use_type1": "MULTI_RES",
        "use_type2": "NONE",
        "use_type3": "NONE",
        "resi_type": null,
        "comparison_status": "matched",
        "validation_radiation_kwh_year": 628658.226,
        "ucea_radiation_kwh_year": 290115.65999999986,
        "workflow0_radiation_kwh_year": null,
        "validation_area_m2": 262.4320424935401,
        "ucea_roofs_top_m2": 185.01,
        "err_ucea_minus_validation_kwh_year": -338542.56600000017,
        "err_ucea_abs_kwh_year": 338542.56600000017,
        "err_ucea_pct_of_validation": -0.5385160839365206,
        "err_ucea_area_minus_validation_m2": -77.42204249354012,
        "err_ucea_area_pct_of_validation": -0.295017490082012,
        "err_workflow0_minus_validation_kwh_year": null,
        "err_workflow0_abs_kwh_year": null,
        "err_workflow0_pct_of_validation": null
      },
      "geometry": {
        "type": "Polygon",
        "coordinates": [
          [
            [
              -9.0953996,
              38.7549157
            ],
            [
              -9.0952289,
              38.754906899999995
            ],
            [
              -9.095241800000002,
              38.754749499999996
            ],
            [
              -9.0954124,
              38.75475519999999
            ],
            [
              -9.0953996,
              38.7549157
            ]
          ]
        ]
      }
    },
    {
      "type": "Feature",
      "properties": {
        "area_id": "Parque_das_N",
        "osm_uid": "cea/106",
        "osmid": "106",
        "element_type": "cea_zone",
        "building": "yes",
        "cea_name": "B1106",
        "intersection_area_m2": 332.66600041071945,
        "is_residential": true,
        "residential_source": "cea",
        "radiation_sum_kwh_year": 673942.927484375,
        "radiation_sum": 673942.927484375,
        "radiation_point_count": 548.0,
        "use_type1": "MULTI_RES",
        "use_type2": "NONE",
        "use_type3": "NONE",
        "resi_type": null,
        "comparison_status": "matched",
        "validation_radiation_kwh_year": 673942.927484375,
        "ucea_radiation_kwh_year": 250511.03000000003,
        "workflow0_radiation_kwh_year": null,
        "validation_area_m2": 332.66600041071945,
        "ucea_roofs_top_m2": 162.66,
        "err_ucea_minus_validation_kwh_year": -423431.89748437493,
        "err_ucea_abs_kwh_year": 423431.89748437493,
        "err_ucea_pct_of_validation": -0.6282904385760351,
        "err_ucea_area_minus_validation_m2": -170.00600041071945,
        "err_ucea_area_pct_of_validation": -0.5110411048944735,
        "err_workflow0_minus_validation_kwh_year": null,
        "err_workflow0_abs_kwh_year": null,
        "err_workflow0_pct_of_validation": null
      },
      "geometry": {
        "type": "Polygon",
        "coordinates": [
          [
            [
              -9.095380999999998,
              38.755151199999986
            ],
            [
              -9.0952152,
              38.755073199999984
            ],
            [
              -9.0952289,
              38.754906899999995
            ],
            [
              -9.0953996,
              38.7549157
            ],
            [
              -9.095380999999998,
              38.755151199999986
            ]
          ]
        ]
      }
    },
    {
      "type": "Feature",
      "properties": {
        "area_id": "Parque_das_N",
        "osm_uid": "cea/107",
        "osmid": "107",
        "element_type": "cea_zone",
        "building": "yes",
        "cea_name": "B1107",
        "intersection_area_m2": 281.9855952032221,
        "is_residential": true,
        "residential_source": "cea",
        "radiation_sum_kwh_year": 592909.906375,
        "radiation_sum": 592909.906375,
        "radiation_point_count": 465.0,
        "use_type1": "MULTI_RES",
        "use_type2": "NONE",
        "use_type3": "NONE",
        "resi_type": null,
        "comparison_status": "matched",
        "validation_radiation_kwh_year": 592909.906375,
        "ucea_radiation_kwh_year": 361999.98000000074,
        "workflow0_radiation_kwh_year": null,
        "validation_area_m2": 281.9855952032221,
        "ucea_roofs_top_m2": 230.86,
        "err_ucea_minus_validation_kwh_year": -230909.92637499928,
        "err_ucea_abs_kwh_year": 230909.92637499928,
        "err_ucea_pct_of_validation": -0.38945196208098903,
        "err_ucea_area_minus_validation_m2": -51.125595203222076,
        "err_ucea_area_pct_of_validation": -0.18130569813815048,
        "err_workflow0_minus_validation_kwh_year": null,
        "err_workflow0_abs_kwh_year": null,
        "err_workflow0_pct_of_validation": null
      },
      "geometry": {
        "type": "Polygon",
        "coordinates": [
          [
            [
              -9.0946822,
              38.7553931
            ],
            [
              -9.0946582,
              38.755484899999985
            ],
            [
              -9.0944608,
              38.755453
            ],
            [
              -9.0943545,
              38.75543589999999
            ],
            [
              -9.0943668,
              38.75538900000001
            ],
            [
              -9.0943789,
              38.75534279999998
            ],
            [
              -9.094486,
              38.75536060000002
            ],
            [
              -9.0946822,
              38.7553931
            ]
          ]
        ]
      }
    },
    {
      "type": "Feature",
      "properties": {
        "area_id": "Parque_das_N",
        "osm_uid": "cea/108",
        "osmid": "108",
        "element_type": "cea_zone",
        "building": "yes",
        "cea_name": "B1108",
        "intersection_area_m2": 662.3635152790995,
        "is_residential": true,
        "residential_source": "cea",
        "radiation_sum_kwh_year": 1300392.36396875,
        "radiation_sum": 1300392.36396875,
        "radiation_point_count": 1092.0,
        "use_type1": "MULTI_RES",
        "use_type2": "NONE",
        "use_type3": "NONE",
        "resi_type": null,
        "comparison_status": "matched",
        "validation_radiation_kwh_year": 1300392.36396875,
        "ucea_radiation_kwh_year": 321673.55999999936,
        "workflow0_radiation_kwh_year": null,
        "validation_area_m2": 662.3635152790995,
        "ucea_roofs_top_m2": 218.2,
        "err_ucea_minus_validation_kwh_year": -978718.8039687506,
        "err_ucea_abs_kwh_year": 978718.8039687506,
        "err_ucea_pct_of_validation": -0.7526334597826587,
        "err_ucea_area_minus_validation_m2": -444.1635152790995,
        "err_ucea_area_pct_of_validation": -0.6705736427706812,
        "err_workflow0_minus_validation_kwh_year": null,
        "err_workflow0_abs_kwh_year": null,
        "err_workflow0_pct_of_validation": null
      },
      "geometry": {
        "type": "Polygon",
        "coordinates": [
          [
            [
              -9.0946013,
              38.7557016
            ],
            [
              -9.0944017,
              38.75566979999999
            ],
            [
              -9.094297499999998,
              38.75565319999999
            ],
            [
              -9.094326199999998,
              38.755543700000004
            ],
            [
              -9.0943545,
              38.75543589999999
            ],
            [
              -9.0944608,
              38.755453
            ],
            [
              -9.0946582,
              38.755484899999985
            ],
            [
              -9.0946013,
              38.7557016
            ]
          ]
        ]
      }
    },
    {
      "type": "Feature",
      "properties": {
        "area_id": "Parque_das_N",
        "osm_uid": "cea/109",
        "osmid": "109",
        "element_type": "cea_zone",
        "building": "yes",
        "cea_name": "B1109",
        "intersection_area_m2": 665.0019753683464,
        "is_residential": true,
        "residential_source": "cea",
        "radiation_sum_kwh_year": 1424909.3127265626,
        "radiation_sum": 1424909.3127265626,
        "radiation_point_count": 1095.0,
        "use_type1": "MULTI_RES",
        "use_type2": "NONE",
        "use_type3": "NONE",
        "resi_type": null,
        "comparison_status": "matched",
        "validation_radiation_kwh_year": 1424909.3127265626,
        "ucea_radiation_kwh_year": 348653.2400000004,
        "workflow0_radiation_kwh_year": null,
        "validation_area_m2": 665.0019753683464,
        "ucea_roofs_top_m2": 219.83,
        "err_ucea_minus_validation_kwh_year": -1076256.0727265622,
        "err_ucea_abs_kwh_year": 1076256.0727265622,
        "err_ucea_pct_of_validation": -0.7553154878798196,
        "err_ucea_area_minus_validation_m2": -445.17197536834635,
        "err_ucea_area_pct_of_validation": -0.6694295533810473,
        "err_workflow0_minus_validation_kwh_year": null,
        "err_workflow0_abs_kwh_year": null,
        "err_workflow0_pct_of_validation": null
      },
      "geometry": {
        "type": "Polygon",
        "coordinates": [
          [
            [
              -9.0943789,
              38.75534279999998
            ],
            [
              -9.0944075,
              38.7552337
            ],
            [
              -9.0944358,
              38.75512579999999
            ],
            [
              -9.0945452,
              38.7551433
            ],
            [
              -9.094629399999999,
              38.7551567
            ],
            [
              -9.0947396,
              38.7551743
            ],
            [
              -9.0946822,
              38.7553931
            ],
            [
              -9.094486,
              38.75536060000002
            ],
            [
              -9.0943789,
              38.75534279999998
            ]
          ]
        ]
      }
    },
    {
      "type": "Feature",
      "properties": {
        "area_id": "Parque_das_N",
        "osm_uid": "cea/110",
        "osmid": "110",
        "element_type": "cea_zone",
        "building": "yes",
        "cea_name": "B1110",
        "intersection_area_m2": 1360.3640523183815,
        "is_residential": true,
        "residential_source": "cea",
        "radiation_sum_kwh_year": 2111365.97046875,
        "radiation_sum": 2111365.97046875,
        "radiation_point_count": 2243.0,
        "use_type1": "MULTI_RES",
        "use_type2": "NONE",
        "use_type3": "NONE",
        "resi_type": null,
        "comparison_status": "matched",
        "validation_radiation_kwh_year": 2111365.97046875,
        "ucea_radiation_kwh_year": 359053.5800000015,
        "workflow0_radiation_kwh_year": null,
        "validation_area_m2": 1360.3640523183815,
        "ucea_roofs_top_m2": 229.56,
        "err_ucea_minus_validation_kwh_year": -1752312.3904687488,
        "err_ucea_abs_kwh_year": 1752312.3904687488,
        "err_ucea_pct_of_validation": -0.8299425182455286,
        "err_ucea_area_minus_validation_m2": -1130.8040523183815,
        "err_ucea_area_pct_of_validation": -0.831251054003687,
        "err_workflow0_minus_validation_kwh_year": null,
        "err_workflow0_abs_kwh_year": null,
        "err_workflow0_pct_of_validation": null
      },
      "geometry": {
        "type": "Polygon",
        "coordinates": [
          [
            [
              -9.098201999999999,
              38.75616819999999
            ],
            [
              -9.0985508,
              38.7563273
            ],
            [
              -9.0985079,
              38.7563844
            ],
            [
              -9.098419,
              38.756503
            ],
            [
              -9.0983757,
              38.756560699999994
            ],
            [
              -9.097925299999998,
              38.756355299999996
            ],
            [
              -9.097969299999999,
              38.7562967
            ],
            [
              -9.0980582,
              38.756178199999994
            ],
            [
              -9.0981005,
              38.756121799999995
            ],
            [
              -9.098201999999999,
              38.75616819999999
            ]
          ]
        ]
      }
    },
    {
      "type": "Feature",
      "properties": {
        "area_id": "Parque_das_N",
        "osm_uid": "cea/111",
        "osmid": "111",
        "element_type": "cea_zone",
        "building": "yes",
        "cea_name": "B1111",
        "intersection_area_m2": 1277.2367195850304,
        "is_residential": true,
        "residential_source": "cea",
        "radiation_sum_kwh_year": 1975390.3879609376,
        "radiation_sum": 1975390.3879609376,
        "radiation_point_count": 2107.0,
        "use_type1": "MULTI_RES",
        "use_type2": "NONE",
        "use_type3": "NONE",
        "resi_type": null,
        "comparison_status": "matched",
        "validation_radiation_kwh_year": 1975390.3879609376,
        "ucea_radiation_kwh_year": 285911.1800000001,
        "workflow0_radiation_kwh_year": null,
        "validation_area_m2": 1277.2367195850304,
        "ucea_roofs_top_m2": 196.69,
        "err_ucea_minus_validation_kwh_year": -1689479.2079609374,
        "err_ucea_abs_kwh_year": 1689479.2079609374,
        "err_ucea_pct_of_validation": -0.8552634548884653,
        "err_ucea_area_minus_validation_m2": -1080.5467195850304,
        "err_ucea_area_pct_of_validation": -0.8460034878546994,
        "err_workflow0_minus_validation_kwh_year": null,
        "err_workflow0_abs_kwh_year": null,
        "err_workflow0_pct_of_validation": null
      },
      "geometry": {
        "type": "Polygon",
        "coordinates": [
          [
            [
              -9.097925299999998,
              38.756355299999996
            ],
            [
              -9.0975519,
              38.756185
            ],
            [
              -9.0975765,
              38.75615229999999
            ],
            [
              -9.097533399999998,
              38.7561326
            ],
            [
              -9.097553299999998,
              38.7561059
            ],
            [
              -9.0975187,
              38.75609009999998
            ],
            [
              -9.0976076,
              38.7559715
            ],
            [
              -9.0976433,
              38.75598779999999
            ],
            [
              -9.0976654,
              38.7559582
            ],
            [
              -9.0977119,
              38.7559794
            ],
            [
              -9.0977313,
              38.75595349999999
            ],
            [
              -9.0978799,
              38.7560212
            ],
            [
              -9.098074099999998,
              38.75610979999998
            ],
            [
              -9.0981005,
              38.756121799999995
            ],
            [
              -9.0980582,
              38.756178199999994
            ],
            [
              -9.097969299999999,
              38.7562967
            ],
            [
              -9.097925299999998,
              38.756355299999996
            ]
          ]
        ]
      }
    },
    {
      "type": "Feature",
      "properties": {
        "area_id": "Parque_das_N",
        "osm_uid": "cea/112",
        "osmid": "112",
        "element_type": "cea_zone",
        "building": "yes",
        "cea_name": "B1112",
        "intersection_area_m2": 1416.3996547676618,
        "is_residential": true,
        "residential_source": "cea",
        "radiation_sum_kwh_year": 3613509.9726875,
        "radiation_sum": 3613509.9726875,
        "radiation_point_count": 2336.0,
        "use_type1": "MULTI_RES",
        "use_type2": "NONE",
        "use_type3": "NONE",
        "resi_type": null,
        "comparison_status": "matched",
        "validation_radiation_kwh_year": 3613509.9726875,
        "ucea_radiation_kwh_year": 338689.58000000054,
        "workflow0_radiation_kwh_year": null,
        "validation_area_m2": 1416.3996547676618,
        "ucea_roofs_top_m2": 224.42,
        "err_ucea_minus_validation_kwh_year": -3274820.3926874995,
        "err_ucea_abs_kwh_year": 3274820.3926874995,
        "err_ucea_pct_of_validation": -0.9062713033698632,
        "err_ucea_area_minus_validation_m2": -1191.9796547676617,
        "err_ucea_area_pct_of_validation": -0.84155601899182,
        "err_workflow0_minus_validation_kwh_year": null,
        "err_workflow0_abs_kwh_year": null,
        "err_workflow0_pct_of_validation": null
      },
      "geometry": {
        "type": "Polygon",
        "coordinates": [
          [
            [
              -9.0985041,
              38.757771399999996
            ],
            [
              -9.0980613,
              38.7583649
            ],
            [
              -9.097877899999999,
              38.758278700000005
            ],
            [
              -9.098317800000002,
              38.75768789999998
            ],
            [
              -9.0985041,
              38.757771399999996
            ]
          ]
        ]
      }
    },
    {
      "type": "Feature",
      "properties": {
        "area_id": "Parque_das_N",
        "osm_uid": "cea/115",
        "osmid": "115",
        "element_type": "cea_zone",
        "building": "yes",
        "cea_name": "B1115",
        "intersection_area_m2": 149.74192203995818,
        "is_residential": true,
        "residential_source": "cea",
        "radiation_sum_kwh_year": 302355.461,
        "radiation_sum": 302355.461,
        "radiation_point_count": 247.0,
        "use_type1": "MULTI_RES",
        "use_type2": "NONE",
        "use_type3": "NONE",
        "resi_type": null,
        "comparison_status": "matched",
        "validation_radiation_kwh_year": 302355.461,
        "ucea_radiation_kwh_year": 253059.88999999987,
        "workflow0_radiation_kwh_year": null,
        "validation_area_m2": 149.74192203995818,
        "ucea_roofs_top_m2": 160.22,
        "err_ucea_minus_validation_kwh_year": -49295.57100000014,
        "err_ucea_abs_kwh_year": 49295.57100000014,
        "err_ucea_pct_of_validation": -0.1630384674943911,
        "err_ucea_area_minus_validation_m2": 10.478077960041816,
        "err_ucea_area_pct_of_validation": 0.06997424513654749,
        "err_workflow0_minus_validation_kwh_year": null,
        "err_workflow0_abs_kwh_year": null,
        "err_workflow0_pct_of_validation": null
      },
      "geometry": {
        "type": "Polygon",
        "coordinates": [
          [
            [
              -9.0990494,
              38.7582783
            ],
            [
              -9.0990163,
              38.7583221
            ],
            [
              -9.0987533,
              38.758200899999984
            ],
            [
              -9.098786399999998,
              38.75815709999999
            ],
            [
              -9.0990494,
              38.7582783
            ]
          ]
        ]
      }
    },
    {
      "type": "Feature",
      "properties": {
        "area_id": "Parque_das_N",
        "osm_uid": "cea/116",
        "osmid": "116",
        "element_type": "cea_zone",
        "building": "yes",
        "cea_name": "B1116",
        "intersection_area_m2": 1494.5023477378677,
        "is_residential": true,
        "residential_source": "cea",
        "radiation_sum_kwh_year": 3656724.5230625,
        "radiation_sum": 3656724.5230625,
        "radiation_point_count": 2462.0,
        "use_type1": "MULTI_RES",
        "use_type2": "NONE",
        "use_type3": "NONE",
        "resi_type": null,
        "comparison_status": "matched",
        "validation_radiation_kwh_year": 3656724.5230625,
        "ucea_radiation_kwh_year": 233414.60999999993,
        "workflow0_radiation_kwh_year": null,
        "validation_area_m2": 1494.5023477378677,
        "ucea_roofs_top_m2": 148.17,
        "err_ucea_minus_validation_kwh_year": -3423309.9130625003,
        "err_ucea_abs_kwh_year": 3423309.9130625003,
        "err_ucea_pct_of_validation": -0.9361683909936657,
        "err_ucea_area_minus_validation_m2": -1346.3323477378676,
        "err_ucea_area_pct_of_validation": -0.9008566294832019,
        "err_workflow0_minus_validation_kwh_year": null,
        "err_workflow0_abs_kwh_year": null,
        "err_workflow0_pct_of_validation": null
      },
      "geometry": {
        "type": "Polygon",
        "coordinates": [
          [
            [
              -9.0976605,
              38.7587979
            ],
            [
              -9.097629499999998,
              38.75883780000001
            ],
            [
              -9.097359799999998,
              38.75871039999999
            ],
            [
              -9.0976536,
              38.758332200000005
            ],
            [
              -9.097881499999998,
              38.75843989999999
            ],
            [
              -9.097851399999998,
              38.7584787
            ],
            [
              -9.097936699999998,
              38.758519
            ],
            [
              -9.0977039,
              38.7588184
            ],
            [
              -9.0976605,
              38.7587979
            ]
          ]
        ]
      }
    },
    {
      "type": "Feature",
      "properties": {
        "area_id": "Parque_das_N",
        "osm_uid": "cea/117",
        "osmid": "117",
        "element_type": "cea_zone",
        "building": "yes",
        "cea_name": "B1117",
        "intersection_area_m2": 171.2427252209369,
        "is_residential": true,
        "residential_source": "cea",
        "radiation_sum_kwh_year": 369027.93806250003,
        "radiation_sum": 369027.93806250003,
        "radiation_point_count": 284.0,
        "use_type1": "MULTI_RES",
        "use_type2": "NONE",
        "use_type3": "NONE",
        "resi_type": null,
        "comparison_status": "matched",
        "validation_radiation_kwh_year": 369027.93806250003,
        "ucea_radiation_kwh_year": 200392.7799999999,
        "workflow0_radiation_kwh_year": null,
        "validation_area_m2": 171.2427252209369,
        "ucea_roofs_top_m2": 126.2,
        "err_ucea_minus_validation_kwh_year": -168635.15806250012,
        "err_ucea_abs_kwh_year": 168635.15806250012,
        "err_ucea_pct_of_validation": -0.45697124978634923,
        "err_ucea_area_minus_validation_m2": -45.0427252209369,
        "err_ucea_area_pct_of_validation": -0.2630343867911638,
        "err_workflow0_minus_validation_kwh_year": null,
        "err_workflow0_abs_kwh_year": null,
        "err_workflow0_pct_of_validation": null
      },
      "geometry": {
        "type": "Polygon",
        "coordinates": [
          [
            [
              -9.097359799999998,
              38.75871039999999
            ],
            [
              -9.097584999999999,
              38.7582996
            ],
            [
              -9.0976536,
              38.758332200000005
            ],
            [
              -9.097359799999998,
              38.75871039999999
            ]
          ]
        ]
      }
    },
    {
      "type": "Feature",
      "properties": {
        "area_id": "Parque_das_N",
        "osm_uid": "cea/126",
        "osmid": "126",
        "element_type": "cea_zone",
        "building": "yes",
        "cea_name": "B1126",
        "intersection_area_m2": 778.4170689689646,
        "is_residential": true,
        "residential_source": "cea",
        "radiation_sum_kwh_year": 1800325.9511250001,
        "radiation_sum": 1800325.9511250001,
        "radiation_point_count": 1282.0,
        "use_type1": "MULTI_RES",
        "use_type2": "NONE",
        "use_type3": "NONE",
        "resi_type": null,
        "comparison_status": "matched",
        "validation_radiation_kwh_year": 1800325.9511250001,
        "ucea_radiation_kwh_year": 246733.1099999998,
        "workflow0_radiation_kwh_year": null,
        "validation_area_m2": 778.4170689689646,
        "ucea_roofs_top_m2": 154.86,
        "err_ucea_minus_validation_kwh_year": -1553592.8411250003,
        "err_ucea_abs_kwh_year": 1553592.8411250003,
        "err_ucea_pct_of_validation": -0.8629508673994175,
        "err_ucea_area_minus_validation_m2": -623.5570689689646,
        "err_ucea_area_pct_of_validation": -0.8010578054189942,
        "err_workflow0_minus_validation_kwh_year": null,
        "err_workflow0_abs_kwh_year": null,
        "err_workflow0_pct_of_validation": null
      },
      "geometry": {
        "type": "Polygon",
        "coordinates": [
          [
            [
              -9.0986693,
              38.756874299999986
            ],
            [
              -9.0989021,
              38.756979
            ],
            [
              -9.098813899999998,
              38.7571602
            ],
            [
              -9.098628599999998,
              38.75722129999998
            ],
            [
              -9.0985054,
              38.757086399999984
            ],
            [
              -9.0986693,
              38.756874299999986
            ]
          ]
        ]
      }
    },
    {
      "type": "Feature",
      "properties": {
        "area_id": "Parque_das_N",
        "osm_uid": "cea/127",
        "osmid": "127",
        "element_type": "cea_zone",
        "building": "yes",
        "cea_name": "B1127",
        "intersection_area_m2": 888.5644195370478,
        "is_residential": true,
        "residential_source": "cea",
        "radiation_sum_kwh_year": 2365196.26625,
        "radiation_sum": 2365196.26625,
        "radiation_point_count": 1463.0,
        "use_type1": "MULTI_RES",
        "use_type2": "NONE",
        "use_type3": "NONE",
        "resi_type": null,
        "comparison_status": "matched",
        "validation_radiation_kwh_year": 2365196.26625,
        "ucea_radiation_kwh_year": 221503.77999999968,
        "workflow0_radiation_kwh_year": null,
        "validation_area_m2": 888.5644195370478,
        "ucea_roofs_top_m2": 137.83,
        "err_ucea_minus_validation_kwh_year": -2143692.48625,
        "err_ucea_abs_kwh_year": 2143692.48625,
        "err_ucea_pct_of_validation": -0.906348668327981,
        "err_ucea_area_minus_validation_m2": -750.7344195370478,
        "err_ucea_area_pct_of_validation": -0.8448846285429581,
        "err_workflow0_minus_validation_kwh_year": null,
        "err_workflow0_abs_kwh_year": null,
        "err_workflow0_pct_of_validation": null
      },
      "geometry": {
        "type": "Polygon",
        "coordinates": [
          [
            [
              -9.099412300000001,
              38.7572606
            ],
            [
              -9.0992543,
              38.757466099999995
            ],
            [
              -9.0990951,
              38.7574914
            ],
            [
              -9.0989834,
              38.757371
            ],
            [
              -9.099092,
              38.7572809
            ],
            [
              -9.099122099999999,
              38.7571579
            ],
            [
              -9.0992239,
              38.7571291
            ],
            [
              -9.0992475,
              38.75713989999999
            ],
            [
              -9.0993877,
              38.757204300000005
            ],
            [
              -9.099412300000001,
              38.7572606
            ]
          ]
        ]
      }
    },
    {
      "type": "Feature",
      "properties": {
        "area_id": "Parque_das_N",
        "osm_uid": "cea/128",
        "osmid": "128",
        "element_type": "cea_zone",
        "building": "yes",
        "cea_name": "B1128",
        "intersection_area_m2": 721.1970964187728,
        "is_residential": true,
        "residential_source": "cea",
        "radiation_sum_kwh_year": 1864002.42025,
        "radiation_sum": 1864002.42025,
        "radiation_point_count": 1189.0,
        "use_type1": "MULTI_RES",
        "use_type2": "NONE",
        "use_type3": "NONE",
        "resi_type": null,
        "comparison_status": "matched",
        "validation_radiation_kwh_year": 1864002.42025,
        "ucea_radiation_kwh_year": 219331.01999999973,
        "workflow0_radiation_kwh_year": null,
        "validation_area_m2": 721.1970964187728,
        "ucea_roofs_top_m2": 135.82,
        "err_ucea_minus_validation_kwh_year": -1644671.4002500002,
        "err_ucea_abs_kwh_year": 1644671.4002500002,
        "err_ucea_pct_of_validation": -0.8823332965573172,
        "err_ucea_area_minus_validation_m2": -585.3770964187729,
        "err_ucea_area_pct_of_validation": -0.8116742279268215,
        "err_workflow0_minus_validation_kwh_year": null,
        "err_workflow0_abs_kwh_year": null,
        "err_workflow0_pct_of_validation": null
      },
      "geometry": {
        "type": "Polygon",
        "coordinates": [
          [
            [
              -9.0989941,
              38.7578151
            ],
            [
              -9.0989247,
              38.75778269999999
            ],
            [
              -9.0986107,
              38.75763750000001
            ],
            [
              -9.0986873,
              38.757580999999995
            ],
            [
              -9.0987714,
              38.75752949999998
            ],
            [
              -9.0988872,
              38.757592
            ],
            [
              -9.0989533,
              38.757578499999994
            ],
            [
              -9.099033799999999,
              38.757562499999985
            ],
            [
              -9.0991138,
              38.757655699999994
            ],
            [
              -9.0990226,
              38.75777709999999
            ],
            [
              -9.0989941,
              38.7578151
            ]
          ]
        ]
      }
    },
    {
      "type": "Feature",
      "properties": {
        "area_id": "Parque_das_N",
        "osm_uid": "cea/129",
        "osmid": "129",
        "element_type": "cea_zone",
        "building": "yes",
        "cea_name": "B1129",
        "intersection_area_m2": 569.6727723235837,
        "is_residential": true,
        "residential_source": "cea",
        "radiation_sum_kwh_year": 1312018.2699375001,
        "radiation_sum": 1312018.2699375001,
        "radiation_point_count": 941.0,
        "use_type1": "MULTI_RES",
        "use_type2": "NONE",
        "use_type3": "NONE",
        "resi_type": null,
        "comparison_status": "matched",
        "validation_radiation_kwh_year": 1312018.2699375001,
        "ucea_radiation_kwh_year": 213120.91999999975,
        "workflow0_radiation_kwh_year": null,
        "validation_area_m2": 569.6727723235837,
        "ucea_roofs_top_m2": 132.79,
        "err_ucea_minus_validation_kwh_year": -1098897.3499375004,
        "err_ucea_abs_kwh_year": 1098897.3499375004,
        "err_ucea_pct_of_validation": -0.8375625363737107,
        "err_ucea_area_minus_validation_m2": -436.8827723235837,
        "err_ucea_area_pct_of_validation": -0.7669012695509818,
        "err_workflow0_minus_validation_kwh_year": null,
        "err_workflow0_abs_kwh_year": null,
        "err_workflow0_pct_of_validation": null
      },
      "geometry": {
        "type": "Polygon",
        "coordinates": [
          [
            [
              -9.098267,
              38.757480400000006
            ],
            [
              -9.0982479,
              38.75743229999999
            ],
            [
              -9.098301199999998,
              38.75736160000001
            ],
            [
              -9.0983626,
              38.7573243
            ],
            [
              -9.098615,
              38.75744329999999
            ],
            [
              -9.098617999999998,
              38.757554099999986
            ],
            [
              -9.098489699999998,
              38.75758069999999
            ],
            [
              -9.098267,
              38.757480400000006
            ]
          ]
        ]
      }
    }
  ]
}
