{
  "type": "FeatureCollection",
  "name": "Alameda_Arro_radiation_error_map",
  "features": [
    {
      "type": "Feature",
      "properties": {
        "area_id": "Alameda_Arro",
        "osm_uid": "cea/2",
        "osmid": "2",
        "element_type": "cea_zone",
        "building": "yes",
        "cea_name": "B1002",
        "intersection_area_m2": 228.82797568766074,
        "is_residential": true,
        "residential_source": "cea",
        "radiation_sum_kwh_year": 499972.20075,
        "radiation_sum": 499972.20075,
        "radiation_point_count": 377.0,
        "use_type1": "MULTI_RES",
        "use_type2": "NONE",
        "use_type3": "NONE",
        "resi_type": null,
        "comparison_status": "matched",
        "validation_radiation_kwh_year": 499972.20075,
        "ucea_radiation_kwh_year": 404406.8599999996,
        "workflow0_radiation_kwh_year": 397277.19000000024,
        "validation_area_m2": 228.82797568766074,
        "ucea_roofs_top_m2": 234.14,
        "err_ucea_minus_validation_kwh_year": 95565.34075000044,
        "err_ucea_abs_kwh_year": 95565.34075000044,
        "err_ucea_pct_of_validation": 19.1141308670051,
        "err_ucea_area_minus_validation_m2": 5.312024312339247,
        "err_ucea_area_pct_of_validation": 2.321405106336258,
        "err_workflow0_minus_validation_kwh_year": 102695.01074999978,
        "err_workflow0_abs_kwh_year": 102695.01074999978,
        "err_workflow0_pct_of_validation": 20.540144151204547
      },
      "geometry": {
        "type": "Polygon",
        "coordinates": [
          [
            [
              -9.1383223,
              38.7280233
            ],
            [
              -9.1382395,
              38.7280158
            ],
            [
              -9.1382374,
              38.72803009999999
            ],
            [
              -9.1381561,
              38.72802269999998
            ],
            [
              -9.1381795,
              38.72786499999999
            ],
            [
              -9.1382555,
              38.72787180000001
            ],
            [
              -9.1382533,
              38.7278866
            ],
            [
              -9.1383415,
              38.7278946
            ],
            [
              -9.1383223,
              38.7280233
            ]
          ]
        ]
      }
    },
    {
      "type": "Feature",
      "properties": {
        "area_id": "Alameda_Arro",
        "osm_uid": "cea/3",
        "osmid": "3",
        "element_type": "cea_zone",
        "building": "yes",
        "cea_name": "B1003",
        "intersection_area_m2": 211.57024381517928,
        "is_residential": true,
        "residential_source": "cea",
        "radiation_sum_kwh_year": 362266.2803125,
        "radiation_sum": 362266.2803125,
        "radiation_point_count": 349.0,
        "use_type1": "MULTI_RES",
        "use_type2": "NONE",
        "use_type3": "NONE",
        "resi_type": null,
        "comparison_status": "matched",
        "validation_radiation_kwh_year": 362266.2803125,
        "ucea_radiation_kwh_year": 347084.81000000006,
        "workflow0_radiation_kwh_year": 348371.5700000003,
        "validation_area_m2": 211.57024381517928,
        "ucea_roofs_top_m2": 214.23,
        "err_ucea_minus_validation_kwh_year": 15181.470312499965,
        "err_ucea_abs_kwh_year": 15181.470312499965,
        "err_ucea_pct_of_validation": 4.1906937348416875,
        "err_ucea_area_minus_validation_m2": 2.659756184820708,
        "err_ucea_area_pct_of_validation": 1.2571504087050078,
        "err_workflow0_minus_validation_kwh_year": 13894.710312499723,
        "err_workflow0_abs_kwh_year": 13894.710312499723,
        "err_workflow0_pct_of_validation": 3.835496447672081
      },
      "geometry": {
        "type": "Polygon",
        "coordinates": [
          [
            [
              -9.1388444,
              38.72968550000001
            ],
            [
              -9.1385447,
              38.7296696
            ],
            [
              -9.1385511,
              38.72959670000001
            ],
            [
              -9.1388508,
              38.72961269999999
            ],
            [
              -9.1388444,
              38.72968550000001
            ]
          ]
        ]
      }
    },
    {
      "type": "Feature",
      "properties": {
        "area_id": "Alameda_Arro",
        "osm_uid": "cea/4",
        "osmid": "4",
        "element_type": "cea_zone",
        "building": "yes",
        "cea_name": "B1004",
        "intersection_area_m2": 143.135464016951,
        "is_residential": true,
        "residential_source": "cea",
        "radiation_sum_kwh_year": 166529.7870625,
        "radiation_sum": 166529.7870625,
        "radiation_point_count": 234.0,
        "use_type1": "MULTI_RES",
        "use_type2": "NONE",
        "use_type3": "NONE",
        "resi_type": null,
        "comparison_status": "matched",
        "validation_radiation_kwh_year": 166529.7870625,
        "ucea_radiation_kwh_year": 122941.78999999995,
        "workflow0_radiation_kwh_year": 120520.32999999983,
        "validation_area_m2": 143.135464016951,
        "ucea_roofs_top_m2": 145.74,
        "err_ucea_minus_validation_kwh_year": 43587.99706250004,
        "err_ucea_abs_kwh_year": 43587.99706250004,
        "err_ucea_pct_of_validation": 26.174294600005172,
        "err_ucea_area_minus_validation_m2": 2.6045359830490042,
        "err_ucea_area_pct_of_validation": 1.819630097220741,
        "err_workflow0_minus_validation_kwh_year": 46009.457062500165,
        "err_workflow0_abs_kwh_year": 46009.457062500165,
        "err_workflow0_pct_of_validation": 27.628364795321836
      },
      "geometry": {
        "type": "Polygon",
        "coordinates": [
          [
            [
              -9.1386733,
              38.72928249999999
            ],
            [
              -9.1386751,
              38.72926960000001
            ],
            [
              -9.1387519,
              38.7292759
            ],
            [
              -9.138745,
              38.729327100000006
            ],
            [
              -9.1386679,
              38.72932080000001
            ],
            [
              -9.1386645,
              38.7293463
            ],
            [
              -9.1385461,
              38.729336599999996
            ],
            [
              -9.1385499,
              38.72930769999999
            ],
            [
              -9.1384445,
              38.7292991
            ],
            [
              -9.1384486,
              38.729269
            ],
            [
              -9.1385535,
              38.7292776
            ],
            [
              -9.1385541,
              38.729272699999996
            ],
            [
              -9.1386733,
              38.72928249999999
            ]
          ]
        ]
      }
    },
    {
      "type": "Feature",
      "properties": {
        "area_id": "Alameda_Arro",
        "osm_uid": "cea/5",
        "osmid": "5",
        "element_type": "cea_zone",
        "building": "yes",
        "cea_name": "B1005",
        "intersection_area_m2": 919.062494461037,
        "is_residential": true,
        "residential_source": "cea",
        "radiation_sum_kwh_year": 2022555.6528750001,
        "radiation_sum": 2022555.6528750001,
        "radiation_point_count": 1514.0,
        "use_type1": "MULTI_RES",
        "use_type2": "NONE",
        "use_type3": "NONE",
        "resi_type": null,
        "comparison_status": "matched",
        "validation_radiation_kwh_year": 2022555.6528750001,
        "ucea_radiation_kwh_year": 1569239.3200000017,
        "workflow0_radiation_kwh_year": 1569574.4700000053,
        "validation_area_m2": 919.062494461037,
        "ucea_roofs_top_m2": 920.99,
        "err_ucea_minus_validation_kwh_year": 453316.33287499845,
        "err_ucea_abs_kwh_year": 453316.33287499845,
        "err_ucea_pct_of_validation": 22.41304619878436,
        "err_ucea_area_minus_validation_m2": 1.9275055389630324,
        "err_ucea_area_pct_of_validation": 0.2097251874143089,
        "err_workflow0_minus_validation_kwh_year": 452981.1828749948,
        "err_workflow0_abs_kwh_year": 452981.1828749948,
        "err_workflow0_pct_of_validation": 22.396475579354078
      },
      "geometry": {
        "type": "Polygon",
        "coordinates": [
          [
            [
              -9.1382154,
              38.728046199999994
            ],
            [
              -9.1383139,
              38.72805439999999
            ],
            [
              -9.1383325,
              38.728100699999985
            ],
            [
              -9.138224,
              38.7288055
            ],
            [
              -9.1382086,
              38.728804700000005
            ],
            [
              -9.1381948,
              38.728829999999995
            ],
            [
              -9.1380984,
              38.7288214
            ],
            [
              -9.1382154,
              38.728046199999994
            ]
          ]
        ]
      }
    },
    {
      "type": "Feature",
      "properties": {
        "area_id": "Alameda_Arro",
        "osm_uid": "cea/6",
        "osmid": "6",
        "element_type": "cea_zone",
        "building": "yes",
        "cea_name": "B1006",
        "intersection_area_m2": 186.20062575811772,
        "is_residential": true,
        "residential_source": "cea",
        "radiation_sum_kwh_year": 363419.51990625,
        "radiation_sum": 363419.51990625,
        "radiation_point_count": 306.0,
        "use_type1": "MULTI_RES",
        "use_type2": "NONE",
        "use_type3": "NONE",
        "resi_type": null,
        "comparison_status": "matched",
        "validation_radiation_kwh_year": 363419.51990625,
        "ucea_radiation_kwh_year": 299091.8100000006,
        "workflow0_radiation_kwh_year": 320189.84000000084,
        "validation_area_m2": 186.20062575811772,
        "ucea_roofs_top_m2": 189.4,
        "err_ucea_minus_validation_kwh_year": 64327.70990624942,
        "err_ucea_abs_kwh_year": 64327.70990624942,
        "err_ucea_pct_of_validation": 17.70067549559358,
        "err_ucea_area_minus_validation_m2": 3.199374241882282,
        "err_ucea_area_pct_of_validation": 1.7182403275262892,
        "err_workflow0_minus_validation_kwh_year": 43229.67990624916,
        "err_workflow0_abs_kwh_year": 43229.67990624916,
        "err_workflow0_pct_of_validation": 11.895255355959131
      },
      "geometry": {
        "type": "Polygon",
        "coordinates": [
          [
            [
              -9.1381188,
              38.729563199999994
            ],
            [
              -9.1380663,
              38.72959149999999
            ],
            [
              -9.1378878,
              38.7295803
            ],
            [
              -9.1378971,
              38.7294902
            ],
            [
              -9.1381056,
              38.7295033
            ],
            [
              -9.1381188,
              38.729563199999994
            ]
          ]
        ]
      }
    },
    {
      "type": "Feature",
      "properties": {
        "area_id": "Alameda_Arro",
        "osm_uid": "cea/7",
        "osmid": "7",
        "element_type": "cea_zone",
        "building": "yes",
        "cea_name": "B1007",
        "intersection_area_m2": 346.93647452678607,
        "is_residential": true,
        "residential_source": "cea",
        "radiation_sum_kwh_year": 755905.93853125,
        "radiation_sum": 755905.93853125,
        "radiation_point_count": 571.0,
        "use_type1": "MULTI_RES",
        "use_type2": "NONE",
        "use_type3": "NONE",
        "resi_type": null,
        "comparison_status": "matched",
        "validation_radiation_kwh_year": 755905.93853125,
        "ucea_radiation_kwh_year": 583651.0799999997,
        "workflow0_radiation_kwh_year": 577955.74,
        "validation_area_m2": 346.93647452678607,
        "ucea_roofs_top_m2": 352.09,
        "err_ucea_minus_validation_kwh_year": 172254.85853125027,
        "err_ucea_abs_kwh_year": 172254.85853125027,
        "err_ucea_pct_of_validation": 22.78786946242903,
        "err_ucea_area_minus_validation_m2": 5.153525473213904,
        "err_ucea_area_pct_of_validation": 1.4854377823038647,
        "err_workflow0_minus_validation_kwh_year": 177950.19853125,
        "err_workflow0_abs_kwh_year": 177950.19853125,
        "err_workflow0_pct_of_validation": 23.541315057930763
      },
      "geometry": {
        "type": "Polygon",
        "coordinates": [
          [
            [
              -9.1389523,
              38.72988529999999
            ],
            [
              -9.1389161,
              38.729883099999995
            ],
            [
              -9.1389136,
              38.7299086
            ],
            [
              -9.1388593,
              38.72990539999999
            ],
            [
              -9.1388618,
              38.7298802
            ],
            [
              -9.1387042,
              38.729870700000006
            ],
            [
              -9.1387195,
              38.7297158
            ],
            [
              -9.138932,
              38.72972849999999
            ],
            [
              -9.138922,
              38.72982999999999
            ],
            [
              -9.1389552,
              38.72985619999999
            ],
            [
              -9.1389523,
              38.72988529999999
            ]
          ]
        ]
      }
    },
    {
      "type": "Feature",
      "properties": {
        "area_id": "Alameda_Arro",
        "osm_uid": "cea/8",
        "osmid": "8",
        "element_type": "cea_zone",
        "building": "yes",
        "cea_name": "B1008",
        "intersection_area_m2": 271.66106752683845,
        "is_residential": true,
        "residential_source": "cea",
        "radiation_sum_kwh_year": 546808.78428125,
        "radiation_sum": 546808.78428125,
        "radiation_point_count": 449.0,
        "use_type1": "MULTI_RES",
        "use_type2": "NONE",
        "use_type3": "NONE",
        "resi_type": null,
        "comparison_status": "matched",
        "validation_radiation_kwh_year": 546808.78428125,
        "ucea_radiation_kwh_year": 480375.43999999977,
        "workflow0_radiation_kwh_year": 469128.2599999989,
        "validation_area_m2": 271.66106752683845,
        "ucea_roofs_top_m2": 274.46,
        "err_ucea_minus_validation_kwh_year": 66433.3442812502,
        "err_ucea_abs_kwh_year": 66433.3442812502,
        "err_ucea_pct_of_validation": 12.149282562929777,
        "err_ucea_area_minus_validation_m2": 2.7989324731615284,
        "err_ucea_area_pct_of_validation": 1.0303031268494192,
        "err_workflow0_minus_validation_kwh_year": 77680.52428125107,
        "err_workflow0_abs_kwh_year": 77680.52428125107,
        "err_workflow0_pct_of_validation": 14.206158809858522
      },
      "geometry": {
        "type": "Polygon",
        "coordinates": [
          [
            [
              -9.1380352,
              38.7294541
            ],
            [
              -9.1379221,
              38.7294456
            ],
            [
              -9.1379452,
              38.7292587
            ],
            [
              -9.1381307,
              38.7292726
            ],
            [
              -9.1380352,
              38.7294541
            ]
          ]
        ]
      }
    },
    {
      "type": "Feature",
      "properties": {
        "area_id": "Alameda_Arro",
        "osm_uid": "cea/11",
        "osmid": "11",
        "element_type": "cea_zone",
        "building": "yes",
        "cea_name": "B1011",
        "intersection_area_m2": 143.66316275396886,
        "is_residential": true,
        "residential_source": "cea",
        "radiation_sum_kwh_year": 210873.37375,
        "radiation_sum": 210873.37375,
        "radiation_point_count": 237.0,
        "use_type1": "MULTI_RES",
        "use_type2": "NONE",
        "use_type3": "NONE",
        "resi_type": null,
        "comparison_status": "matched",
        "validation_radiation_kwh_year": 210873.37375,
        "ucea_radiation_kwh_year": 222458.27999999977,
        "workflow0_radiation_kwh_year": 222925.46999999977,
        "validation_area_m2": 143.66316275396886,
        "ucea_roofs_top_m2": 143.66,
        "err_ucea_minus_validation_kwh_year": 11584.906249999767,
        "err_ucea_abs_kwh_year": 11584.906249999767,
        "err_ucea_pct_of_validation": 5.493773843507717,
        "err_ucea_area_minus_validation_m2": 0.0031627539688656725,
        "err_ucea_area_pct_of_validation": 0.0022015065715085672,
        "err_workflow0_minus_validation_kwh_year": 12052.09624999977,
        "err_workflow0_abs_kwh_year": 12052.09624999977,
        "err_workflow0_pct_of_validation": 5.715323862693106
      },
      "geometry": {
        "type": "Polygon",
        "coordinates": [
          [
            [
              -9.1387082,
              38.7282006
            ],
            [
              -9.1385059,
              38.7282656
            ],
            [
              -9.1384727,
              38.7282027
            ],
            [
              -9.138675000000001,
              38.72813759999999
            ],
            [
              -9.1387082,
              38.7282006
            ]
          ]
        ]
      }
    },
    {
      "type": "Feature",
      "properties": {
        "area_id": "Alameda_Arro",
        "osm_uid": "cea/13",
        "osmid": "13",
        "element_type": "cea_zone",
        "building": "yes",
        "cea_name": "B1013",
        "intersection_area_m2": 119.65119648130567,
        "is_residential": true,
        "residential_source": "cea",
        "radiation_sum_kwh_year": 231779.42934375,
        "radiation_sum": 231779.42934375,
        "radiation_point_count": 198.0,
        "use_type1": "MULTI_RES",
        "use_type2": "NONE",
        "use_type3": "NONE",
        "resi_type": null,
        "comparison_status": "matched",
        "validation_radiation_kwh_year": 231779.42934375,
        "ucea_radiation_kwh_year": 186469.52999999956,
        "workflow0_radiation_kwh_year": 207393.43999999986,
        "validation_area_m2": 119.65119648130567,
        "ucea_roofs_top_m2": 124.2,
        "err_ucea_minus_validation_kwh_year": 45309.89934375044,
        "err_ucea_abs_kwh_year": 45309.89934375044,
        "err_ucea_pct_of_validation": 19.548714686216496,
        "err_ucea_area_minus_validation_m2": 4.548803518694328,
        "err_ucea_area_pct_of_validation": 3.8017200433135945,
        "err_workflow0_minus_validation_kwh_year": 24385.989343750145,
        "err_workflow0_abs_kwh_year": 24385.989343750145,
        "err_workflow0_pct_of_validation": 10.521205187533491
      },
      "geometry": {
        "type": "Polygon",
        "coordinates": [
          [
            [
              -9.1381455,
              38.7276907
            ],
            [
              -9.1381569,
              38.72757370000001
            ],
            [
              -9.1382619,
              38.7275786
            ],
            [
              -9.1382505,
              38.727696699999996
            ],
            [
              -9.1381455,
              38.7276907
            ]
          ]
        ]
      }
    },
    {
      "type": "Feature",
      "properties": {
        "area_id": "Alameda_Arro",
        "osm_uid": "cea/14",
        "osmid": "14",
        "element_type": "cea_zone",
        "building": "yes",
        "cea_name": "B1014",
        "intersection_area_m2": 518.2413480986182,
        "is_residential": true,
        "residential_source": "cea",
        "radiation_sum_kwh_year": 1193833.6218437501,
        "radiation_sum": 1193833.6218437501,
        "radiation_point_count": 853.0,
        "use_type1": "MULTI_RES",
        "use_type2": "NONE",
        "use_type3": "NONE",
        "resi_type": null,
        "comparison_status": "matched",
        "validation_radiation_kwh_year": 1193833.6218437501,
        "ucea_radiation_kwh_year": 888091.4900000016,
        "workflow0_radiation_kwh_year": 888403.0100000026,
        "validation_area_m2": 518.2413480986182,
        "ucea_roofs_top_m2": 518.24,
        "err_ucea_minus_validation_kwh_year": 305742.1318437485,
        "err_ucea_abs_kwh_year": 305742.1318437485,
        "err_ucea_pct_of_validation": 25.610112351465027,
        "err_ucea_area_minus_validation_m2": 0.001348098618223048,
        "err_ucea_area_pct_of_validation": 0.0002601294981901971,
        "err_workflow0_minus_validation_kwh_year": 305430.61184374755,
        "err_workflow0_abs_kwh_year": 305430.61184374755,
        "err_workflow0_pct_of_validation": 25.58401826311795
      },
      "geometry": {
        "type": "Polygon",
        "coordinates": [
          [
            [
              -9.1381236,
              38.7292363
            ],
            [
              -9.1378875,
              38.72921749999999
            ],
            [
              -9.1379144,
              38.72899569999999
            ],
            [
              -9.1381558,
              38.7290124
            ],
            [
              -9.1381236,
              38.7292363
            ]
          ]
        ]
      }
    },
    {
      "type": "Feature",
      "properties": {
        "area_id": "Alameda_Arro",
        "osm_uid": "cea/19",
        "osmid": "19",
        "element_type": "cea_zone",
        "building": "yes",
        "cea_name": "B1019",
        "intersection_area_m2": 172.08860920435208,
        "is_residential": true,
        "residential_source": "cea",
        "radiation_sum_kwh_year": 317941.0444375,
        "radiation_sum": 317941.0444375,
        "radiation_point_count": 282.0,
        "use_type1": "MULTI_RES",
        "use_type2": "NONE",
        "use_type3": "NONE",
        "resi_type": null,
        "comparison_status": "matched",
        "validation_radiation_kwh_year": 317941.0444375,
        "ucea_radiation_kwh_year": 297426.03999999946,
        "workflow0_radiation_kwh_year": 298383.5399999996,
        "validation_area_m2": 172.08860920435208,
        "ucea_roofs_top_m2": 172.02,
        "err_ucea_minus_validation_kwh_year": 20515.004437500553,
        "err_ucea_abs_kwh_year": 20515.004437500553,
        "err_ucea_pct_of_validation": 6.452455509100945,
        "err_ucea_area_minus_validation_m2": 0.06860920435207163,
        "err_ucea_area_pct_of_validation": 0.03986853323371302,
        "err_workflow0_minus_validation_kwh_year": 19557.504437500436,
        "err_workflow0_abs_kwh_year": 19557.504437500436,
        "err_workflow0_pct_of_validation": 6.1512990473128415
      },
      "geometry": {
        "type": "Polygon",
        "coordinates": [
          [
            [
              -9.134982,
              38.7272168
            ],
            [
              -9.135064,
              38.72722180000002
            ],
            [
              -9.1351277,
              38.7273723
            ],
            [
              -9.1349673,
              38.727363499999996
            ],
            [
              -9.134982,
              38.7272168
            ]
          ]
        ]
      }
    },
    {
      "type": "Feature",
      "properties": {
        "area_id": "Alameda_Arro",
        "osm_uid": "cea/20",
        "osmid": "20",
        "element_type": "cea_zone",
        "building": "yes",
        "cea_name": "B1020",
        "intersection_area_m2": 284.98291374885184,
        "is_residential": true,
        "residential_source": "cea",
        "radiation_sum_kwh_year": 590183.331515625,
        "radiation_sum": 590183.331515625,
        "radiation_point_count": 469.0,
        "use_type1": "MULTI_RES",
        "use_type2": "NONE",
        "use_type3": "NONE",
        "resi_type": null,
        "comparison_status": "matched",
        "validation_radiation_kwh_year": 590183.331515625,
        "ucea_radiation_kwh_year": 461402.3800000011,
        "workflow0_radiation_kwh_year": 427784.18999999895,
        "validation_area_m2": 284.98291374885184,
        "ucea_roofs_top_m2": 294.35,
        "err_ucea_minus_validation_kwh_year": 128780.95151562389,
        "err_ucea_abs_kwh_year": 128780.95151562389,
        "err_ucea_pct_of_validation": 21.820499603895442,
        "err_ucea_area_minus_validation_m2": 9.36708625114818,
        "err_ucea_area_pct_of_validation": 3.286893985301573,
        "err_workflow0_minus_validation_kwh_year": 162399.14151562605,
        "err_workflow0_abs_kwh_year": 162399.14151562605,
        "err_workflow0_pct_of_validation": 27.516727912083798
      },
      "geometry": {
        "type": "Polygon",
        "coordinates": [
          [
            [
              -9.1352068,
              38.72787410000001
            ],
            [
              -9.1351983,
              38.7279576
            ],
            [
              -9.1351622,
              38.7279547
            ],
            [
              -9.1350184,
              38.7279433
            ],
            [
              -9.1349531,
              38.727938099999996
            ],
            [
              -9.1349359,
              38.727935
            ],
            [
              -9.134922,
              38.7279266
            ],
            [
              -9.134914,
              38.72791409999999
            ],
            [
              -9.1349136,
              38.72790019999999
            ],
            [
              -9.134915800000002,
              38.727878
            ],
            [
              -9.134918,
              38.72785579999999
            ],
            [
              -9.1349203,
              38.727833499999996
            ],
            [
              -9.1349225,
              38.7278113
            ],
            [
              -9.135057100000001,
              38.72781950000001
            ],
            [
              -9.1350529,
              38.72786189999999
            ],
            [
              -9.1352068,
              38.72787410000001
            ]
          ]
        ]
      }
    },
    {
      "type": "Feature",
      "properties": {
        "area_id": "Alameda_Arro",
        "osm_uid": "cea/22",
        "osmid": "22",
        "element_type": "cea_zone",
        "building": "yes",
        "cea_name": "B1022",
        "intersection_area_m2": 131.4391126564271,
        "is_residential": true,
        "residential_source": "cea",
        "radiation_sum_kwh_year": 233009.47190625,
        "radiation_sum": 233009.47190625,
        "radiation_point_count": 217.0,
        "use_type1": "MULTI_RES",
        "use_type2": "NONE",
        "use_type3": "NONE",
        "resi_type": null,
        "comparison_status": "matched",
        "validation_radiation_kwh_year": 233009.47190625,
        "ucea_radiation_kwh_year": 134400.78000000023,
        "workflow0_radiation_kwh_year": 167390.54999999978,
        "validation_area_m2": 131.4391126564271,
        "ucea_roofs_top_m2": 107.75,
        "err_ucea_minus_validation_kwh_year": 98608.69190624976,
        "err_ucea_abs_kwh_year": 98608.69190624976,
        "err_ucea_pct_of_validation": 42.31960662351288,
        "err_ucea_area_minus_validation_m2": 23.689112656427113,
        "err_ucea_area_pct_of_validation": 18.022879322343602,
        "err_workflow0_minus_validation_kwh_year": 65618.92190625021,
        "err_workflow0_abs_kwh_year": 65618.92190625021,
        "err_workflow0_pct_of_validation": 28.16148260816264
      },
      "geometry": {
        "type": "Polygon",
        "coordinates": [
          [
            [
              -9.1350208,
              38.7277458
            ],
            [
              -9.1350195,
              38.72775920000001
            ],
            [
              -9.1350476,
              38.72776090000001
            ],
            [
              -9.135049,
              38.72774749999999
            ],
            [
              -9.1350709,
              38.72774879999999
            ],
            [
              -9.1351254,
              38.7277521
            ],
            [
              -9.1351183,
              38.7278233
            ],
            [
              -9.135057100000001,
              38.72781950000001
            ],
            [
              -9.1349225,
              38.7278113
            ],
            [
              -9.1349235,
              38.7278012
            ],
            [
              -9.1349296,
              38.72774019999999
            ],
            [
              -9.1350208,
              38.7277458
            ]
          ]
        ]
      }
    },
    {
      "type": "Feature",
      "properties": {
        "area_id": "Alameda_Arro",
        "osm_uid": "cea/23",
        "osmid": "23",
        "element_type": "cea_zone",
        "building": "yes",
        "cea_name": "B1023",
        "intersection_area_m2": 148.5350072515089,
        "is_residential": true,
        "residential_source": "cea",
        "radiation_sum_kwh_year": 291682.1401875,
        "radiation_sum": 291682.1401875,
        "radiation_point_count": 243.0,
        "use_type1": "MULTI_RES",
        "use_type2": "NONE",
        "use_type3": "NONE",
        "resi_type": null,
        "comparison_status": "matched",
        "validation_radiation_kwh_year": 291682.1401875,
        "ucea_radiation_kwh_year": 214596.6299999999,
        "workflow0_radiation_kwh_year": 218857.3399999998,
        "validation_area_m2": 148.5350072515089,
        "ucea_roofs_top_m2": 151.56,
        "err_ucea_minus_validation_kwh_year": 77085.5101875001,
        "err_ucea_abs_kwh_year": 77085.5101875001,
        "err_ucea_pct_of_validation": 26.427915722898828,
        "err_ucea_area_minus_validation_m2": 3.0249927484911154,
        "err_ucea_area_pct_of_validation": 2.036552058982975,
        "err_workflow0_minus_validation_kwh_year": 72824.8001875002,
        "err_workflow0_abs_kwh_year": 72824.8001875002,
        "err_workflow0_pct_of_validation": 24.967178360898867
      },
      "geometry": {
        "type": "Polygon",
        "coordinates": [
          [
            [
              -9.1350817,
              38.727640499999985
            ],
            [
              -9.1350709,
              38.72774879999999
            ],
            [
              -9.135049,
              38.72774749999999
            ],
            [
              -9.1350208,
              38.7277458
            ],
            [
              -9.1349296,
              38.72774019999999
            ],
            [
              -9.1349404,
              38.72763189999999
            ],
            [
              -9.1350817,
              38.727640499999985
            ]
          ]
        ]
      }
    },
    {
      "type": "Feature",
      "properties": {
        "area_id": "Alameda_Arro",
        "osm_uid": "cea/25",
        "osmid": "25",
        "element_type": "cea_zone",
        "building": "yes",
        "cea_name": "B1025",
        "intersection_area_m2": 134.99019209770475,
        "is_residential": true,
        "residential_source": "cea",
        "radiation_sum_kwh_year": 289659.98178125,
        "radiation_sum": 289659.98178125,
        "radiation_point_count": 222.0,
        "use_type1": "MULTI_RES",
        "use_type2": "NONE",
        "use_type3": "NONE",
        "resi_type": null,
        "comparison_status": "matched",
        "validation_radiation_kwh_year": 289659.98178125,
        "ucea_radiation_kwh_year": 143673.73000000045,
        "workflow0_radiation_kwh_year": 148530.40999999898,
        "validation_area_m2": 134.99019209770475,
        "ucea_roofs_top_m2": 134.97,
        "err_ucea_minus_validation_kwh_year": 145986.25178124954,
        "err_ucea_abs_kwh_year": 145986.25178124954,
        "err_ucea_pct_of_validation": 50.39917867960709,
        "err_ucea_area_minus_validation_m2": 0.020192097704750722,
        "err_ucea_area_pct_of_validation": 0.014958196140750621,
        "err_workflow0_minus_validation_kwh_year": 141129.571781251,
        "err_workflow0_abs_kwh_year": 141129.571781251,
        "err_workflow0_pct_of_validation": 48.72249556648507
      },
      "geometry": {
        "type": "Polygon",
        "coordinates": [
          [
            [
              -9.1337658,
              38.73137199999999
            ],
            [
              -9.133773,
              38.73132019999999
            ],
            [
              -9.1337868,
              38.7312219
            ],
            [
              -9.1338789,
              38.73122970000001
            ],
            [
              -9.133861,
              38.731357599999996
            ],
            [
              -9.1338579,
              38.7313799
            ],
            [
              -9.1337658,
              38.73137199999999
            ]
          ]
        ]
      }
    },
    {
      "type": "Feature",
      "properties": {
        "area_id": "Alameda_Arro",
        "osm_uid": "cea/28",
        "osmid": "28",
        "element_type": "cea_zone",
        "building": "yes",
        "cea_name": "B1028",
        "intersection_area_m2": 156.87934794844753,
        "is_residential": true,
        "residential_source": "cea",
        "radiation_sum_kwh_year": 323700.692375,
        "radiation_sum": 323700.692375,
        "radiation_point_count": 257.0,
        "use_type1": "MULTI_RES",
        "use_type2": "NONE",
        "use_type3": "NONE",
        "resi_type": null,
        "comparison_status": "matched",
        "validation_radiation_kwh_year": 323700.692375,
        "ucea_radiation_kwh_year": 256860.24000000043,
        "workflow0_radiation_kwh_year": 260510.74000000174,
        "validation_area_m2": 156.87934794844753,
        "ucea_roofs_top_m2": 158.57,
        "err_ucea_minus_validation_kwh_year": 66840.45237499956,
        "err_ucea_abs_kwh_year": 66840.45237499956,
        "err_ucea_pct_of_validation": 20.648844426185654,
        "err_ucea_area_minus_validation_m2": 1.690652051552462,
        "err_ucea_area_pct_of_validation": 1.077676618153736,
        "err_workflow0_minus_validation_kwh_year": 63189.95237499825,
        "err_workflow0_abs_kwh_year": 63189.95237499825,
        "err_workflow0_pct_of_validation": 19.521105102176953
      },
      "geometry": {
        "type": "Polygon",
        "coordinates": [
          [
            [
              -9.1349505,
              38.7275312
            ],
            [
              -9.1351271,
              38.727542
            ],
            [
              -9.1351216,
              38.7275969
            ],
            [
              -9.1350863,
              38.72759479999999
            ],
            [
              -9.1350817,
              38.727640499999985
            ],
            [
              -9.1349404,
              38.72763189999999
            ],
            [
              -9.1349505,
              38.7275312
            ]
          ]
        ]
      }
    },
    {
      "type": "Feature",
      "properties": {
        "area_id": "Alameda_Arro",
        "osm_uid": "cea/29",
        "osmid": "29",
        "element_type": "cea_zone",
        "building": "yes",
        "cea_name": "B1029",
        "intersection_area_m2": 154.7115162226735,
        "is_residential": true,
        "residential_source": "cea",
        "radiation_sum_kwh_year": 341352.884109375,
        "radiation_sum": 341352.884109375,
        "radiation_point_count": 257.0,
        "use_type1": "MULTI_RES",
        "use_type2": "NONE",
        "use_type3": "NONE",
        "resi_type": null,
        "comparison_status": "matched",
        "validation_radiation_kwh_year": 341352.884109375,
        "ucea_radiation_kwh_year": 135825.64999999997,
        "workflow0_radiation_kwh_year": 132136.41999999993,
        "validation_area_m2": 154.7115162226735,
        "ucea_roofs_top_m2": 160.25,
        "err_ucea_minus_validation_kwh_year": 205527.23410937504,
        "err_ucea_abs_kwh_year": 205527.23410937504,
        "err_ucea_pct_of_validation": 60.20960820226168,
        "err_ucea_area_minus_validation_m2": 5.5384837773264906,
        "err_ucea_area_pct_of_validation": 3.5798781581036607,
        "err_workflow0_minus_validation_kwh_year": 209216.46410937508,
        "err_workflow0_abs_kwh_year": 209216.46410937508,
        "err_workflow0_pct_of_validation": 61.29037540000357
      },
      "geometry": {
        "type": "Polygon",
        "coordinates": [
          [
            [
              -9.1341241,
              38.73146239999999
            ],
            [
              -9.1341229,
              38.7314756
            ],
            [
              -9.134048,
              38.73147109999999
            ],
            [
              -9.1340553,
              38.731396700000005
            ],
            [
              -9.1340876,
              38.7313987
            ],
            [
              -9.1341937,
              38.731405
            ],
            [
              -9.1342287,
              38.73140709999999
            ],
            [
              -9.1342728,
              38.7314175
            ],
            [
              -9.1342651,
              38.73149449999999
            ],
            [
              -9.134178800000003,
              38.73148320000001
            ],
            [
              -9.1341805,
              38.73146579999999
            ],
            [
              -9.1341241,
              38.73146239999999
            ]
          ]
        ]
      }
    },
    {
      "type": "Feature",
      "properties": {
        "area_id": "Alameda_Arro",
        "osm_uid": "cea/31",
        "osmid": "31",
        "element_type": "cea_zone",
        "building": "yes",
        "cea_name": "B1031",
        "intersection_area_m2": 247.729673914031,
        "is_residential": true,
        "residential_source": "cea",
        "radiation_sum_kwh_year": 575822.981046875,
        "radiation_sum": 575822.981046875,
        "radiation_point_count": 411.0,
        "use_type1": "MULTI_RES",
        "use_type2": "NONE",
        "use_type3": "NONE",
        "resi_type": null,
        "comparison_status": "matched",
        "validation_radiation_kwh_year": 575822.981046875,
        "ucea_radiation_kwh_year": 347470.3499999997,
        "workflow0_radiation_kwh_year": 392055.3200000006,
        "validation_area_m2": 247.729673914031,
        "ucea_roofs_top_m2": 225.04,
        "err_ucea_minus_validation_kwh_year": 228352.63104687532,
        "err_ucea_abs_kwh_year": 228352.63104687532,
        "err_ucea_pct_of_validation": 39.65674149227577,
        "err_ucea_area_minus_validation_m2": 22.689673914031005,
        "err_ucea_area_pct_of_validation": 9.159045646628892,
        "err_workflow0_minus_validation_kwh_year": 183767.66104687442,
        "err_workflow0_abs_kwh_year": 183767.66104687442,
        "err_workflow0_pct_of_validation": 31.91391575111775
      },
      "geometry": {
        "type": "Polygon",
        "coordinates": [
          [
            [
              -9.1341937,
              38.731405
            ],
            [
              -9.1340876,
              38.7313987
            ],
            [
              -9.1340929,
              38.7313486
            ],
            [
              -9.1341206,
              38.73135039999999
            ],
            [
              -9.134126,
              38.7312985
            ],
            [
              -9.1340978,
              38.731296699999994
            ],
            [
              -9.1341027,
              38.731248799999996
            ],
            [
              -9.1342577,
              38.73126200000001
            ],
            [
              -9.1342704,
              38.7312638
            ],
            [
              -9.1342807,
              38.7312699
            ],
            [
              -9.1342862,
              38.731278999999994
            ],
            [
              -9.1342857,
              38.731289100000005
            ],
            [
              -9.134283,
              38.7313159
            ],
            [
              -9.1342728,
              38.7314175
            ],
            [
              -9.1342287,
              38.73140709999999
            ],
            [
              -9.1342307,
              38.7313933
            ],
            [
              -9.1341958,
              38.73139029999999
            ],
            [
              -9.1341937,
              38.731405
            ]
          ]
        ]
      }
    },
    {
      "type": "Feature",
      "properties": {
        "area_id": "Alameda_Arro",
        "osm_uid": "cea/35",
        "osmid": "35",
        "element_type": "cea_zone",
        "building": "yes",
        "cea_name": "B1035",
        "intersection_area_m2": 345.79193844262903,
        "is_residential": true,
        "residential_source": "cea",
        "radiation_sum_kwh_year": 730580.7658906251,
        "radiation_sum": 730580.7658906251,
        "radiation_point_count": 567.0,
        "use_type1": "MULTI_RES",
        "use_type2": "NONE",
        "use_type3": "NONE",
        "resi_type": null,
        "comparison_status": "matched",
        "validation_radiation_kwh_year": 730580.7658906251,
        "ucea_radiation_kwh_year": 373088.8299999991,
        "workflow0_radiation_kwh_year": 383685.88999999815,
        "validation_area_m2": 345.79193844262903,
        "ucea_roofs_top_m2": 354.36,
        "err_ucea_minus_validation_kwh_year": 357491.935890626,
        "err_ucea_abs_kwh_year": 357491.935890626,
        "err_ucea_pct_of_validation": 48.932568797485416,
        "err_ucea_area_minus_validation_m2": 8.568061557370982,
        "err_ucea_area_pct_of_validation": 2.4778083595469718,
        "err_workflow0_minus_validation_kwh_year": 346894.8758906269,
        "err_workflow0_abs_kwh_year": 346894.8758906269,
        "err_workflow0_pct_of_validation": 47.48207071503446
      },
      "geometry": {
        "type": "Polygon",
        "coordinates": [
          [
            [
              -9.1343256,
              38.730890499999994
            ],
            [
              -9.1343091,
              38.731054699999994
            ],
            [
              -9.1343049,
              38.73105449999999
            ],
            [
              -9.1342924,
              38.7310537
            ],
            [
              -9.134289,
              38.731083899999994
            ],
            [
              -9.1340853,
              38.73106659999999
            ],
            [
              -9.1341,
              38.73093719999999
            ],
            [
              -9.1342039,
              38.7309426
            ],
            [
              -9.1342102,
              38.73088299999999
            ],
            [
              -9.1343105,
              38.730889499999996
            ],
            [
              -9.1343256,
              38.730890499999994
            ]
          ]
        ]
      }
    },
    {
      "type": "Feature",
      "properties": {
        "area_id": "Alameda_Arro",
        "osm_uid": "cea/37",
        "osmid": "37",
        "element_type": "cea_zone",
        "building": "yes",
        "cea_name": "B1037",
        "intersection_area_m2": 157.89871030801982,
        "is_residential": true,
        "residential_source": "cea",
        "radiation_sum_kwh_year": 310117.3271875,
        "radiation_sum": 310117.3271875,
        "radiation_point_count": 259.0,
        "use_type1": "MULTI_RES",
        "use_type2": "NONE",
        "use_type3": "NONE",
        "resi_type": null,
        "comparison_status": "matched",
        "validation_radiation_kwh_year": 310117.3271875,
        "ucea_radiation_kwh_year": 266534.0100000004,
        "workflow0_radiation_kwh_year": 269758.4799999996,
        "validation_area_m2": 157.89871030801982,
        "ucea_roofs_top_m2": 161.04,
        "err_ucea_minus_validation_kwh_year": 43583.317187499604,
        "err_ucea_abs_kwh_year": 43583.317187499604,
        "err_ucea_pct_of_validation": 14.05381556160153,
        "err_ucea_area_minus_validation_m2": 3.1412896919801767,
        "err_ucea_area_pct_of_validation": 1.989433406930511,
        "err_workflow0_minus_validation_kwh_year": 40358.84718750045,
        "err_workflow0_abs_kwh_year": 40358.84718750045,
        "err_workflow0_pct_of_validation": 13.014057470932311
      },
      "geometry": {
        "type": "Polygon",
        "coordinates": [
          [
            [
              -9.1342651,
              38.73149449999999
            ],
            [
              -9.1342574,
              38.731571300000006
            ],
            [
              -9.1340701,
              38.7315504
            ],
            [
              -9.1340404,
              38.731548599999996
            ],
            [
              -9.134048,
              38.73147109999999
            ],
            [
              -9.1341229,
              38.7314756
            ],
            [
              -9.1341213,
              38.7314916
            ],
            [
              -9.1341776,
              38.7314949
            ],
            [
              -9.134178800000003,
              38.73148320000001
            ],
            [
              -9.1342651,
              38.73149449999999
            ]
          ]
        ]
      }
    },
    {
      "type": "Feature",
      "properties": {
        "area_id": "Alameda_Arro",
        "osm_uid": "cea/38",
        "osmid": "38",
        "element_type": "cea_zone",
        "building": "yes",
        "cea_name": "B1038",
        "intersection_area_m2": 99.42317092578847,
        "is_residential": true,
        "residential_source": "cea",
        "radiation_sum_kwh_year": 232497.461890625,
        "radiation_sum": 232497.461890625,
        "radiation_point_count": 167.0,
        "use_type1": "MULTI_RES",
        "use_type2": "NONE",
        "use_type3": "NONE",
        "resi_type": null,
        "comparison_status": "matched",
        "validation_radiation_kwh_year": 232497.461890625,
        "ucea_radiation_kwh_year": 167372.25000000026,
        "workflow0_radiation_kwh_year": 172368.12000000043,
        "validation_area_m2": 99.42317092578847,
        "ucea_roofs_top_m2": 97.42,
        "err_ucea_minus_validation_kwh_year": 65125.21189062475,
        "err_ucea_abs_kwh_year": 65125.21189062475,
        "err_ucea_pct_of_validation": 28.011149610425402,
        "err_ucea_area_minus_validation_m2": 2.003170925788467,
        "err_ucea_area_pct_of_validation": 2.0147928366554266,
        "err_workflow0_minus_validation_kwh_year": 60129.34189062458,
        "err_workflow0_abs_kwh_year": 60129.34189062458,
        "err_workflow0_pct_of_validation": 25.862364862680327
      },
      "geometry": {
        "type": "Polygon",
        "coordinates": [
          [
            [
              -9.1340757,
              38.731246500000005
            ],
            [
              -9.1340667,
              38.73134760000001
            ],
            [
              -9.1340157,
              38.73134459999999
            ],
            [
              -9.1340142,
              38.731361
            ],
            [
              -9.1339713,
              38.73135950000001
            ],
            [
              -9.1339833,
              38.731238600000005
            ],
            [
              -9.1340757,
              38.731246500000005
            ]
          ]
        ]
      }
    },
    {
      "type": "Feature",
      "properties": {
        "area_id": "Alameda_Arro",
        "osm_uid": "cea/41",
        "osmid": "41",
        "element_type": "cea_zone",
        "building": "yes",
        "cea_name": "B1041",
        "intersection_area_m2": 131.1727434679773,
        "is_residential": true,
        "residential_source": "cea",
        "radiation_sum_kwh_year": 285429.29975,
        "radiation_sum": 285429.29975,
        "radiation_point_count": 216.0,
        "use_type1": "MULTI_RES",
        "use_type2": "NONE",
        "use_type3": "NONE",
        "resi_type": null,
        "comparison_status": "matched",
        "validation_radiation_kwh_year": 285429.29975,
        "ucea_radiation_kwh_year": 199021.67000000068,
        "workflow0_radiation_kwh_year": 193443.3300000004,
        "validation_area_m2": 131.1727434679773,
        "ucea_roofs_top_m2": 132.55,
        "err_ucea_minus_validation_kwh_year": 86407.62974999932,
        "err_ucea_abs_kwh_year": 86407.62974999932,
        "err_ucea_pct_of_validation": 30.272866109289232,
        "err_ucea_area_minus_validation_m2": 1.3772565320226988,
        "err_ucea_area_pct_of_validation": 1.0499563366675508,
        "err_workflow0_minus_validation_kwh_year": 91985.96974999961,
        "err_workflow0_abs_kwh_year": 91985.96974999961,
        "err_workflow0_pct_of_validation": 32.22723449574648
      },
      "geometry": {
        "type": "Polygon",
        "coordinates": [
          [
            [
              -9.1339713,
              38.73135950000001
            ],
            [
              -9.1339386,
              38.73135680000001
            ],
            [
              -9.1339376,
              38.7313641
            ],
            [
              -9.133861,
              38.731357599999996
            ],
            [
              -9.1338789,
              38.73122970000001
            ],
            [
              -9.1339833,
              38.731238600000005
            ],
            [
              -9.1339713,
              38.73135950000001
            ]
          ]
        ]
      }
    },
    {
      "type": "Feature",
      "properties": {
        "area_id": "Alameda_Arro",
        "osm_uid": "cea/43",
        "osmid": "43",
        "element_type": "cea_zone",
        "building": "yes",
        "cea_name": "B1043",
        "intersection_area_m2": 260.76109020433927,
        "is_residential": true,
        "residential_source": "cea",
        "radiation_sum_kwh_year": 637025.2220000001,
        "radiation_sum": 637025.2220000001,
        "radiation_point_count": 429.0,
        "use_type1": "MULTI_RES",
        "use_type2": "NONE",
        "use_type3": "NONE",
        "resi_type": null,
        "comparison_status": "matched",
        "validation_radiation_kwh_year": 637025.2220000001,
        "ucea_radiation_kwh_year": 455442.4000000006,
        "workflow0_radiation_kwh_year": 426081.32999999926,
        "validation_area_m2": 260.76109020433927,
        "ucea_roofs_top_m2": 271.39,
        "err_ucea_minus_validation_kwh_year": 181582.82199999946,
        "err_ucea_abs_kwh_year": 181582.82199999946,
        "err_ucea_pct_of_validation": 28.504808872387073,
        "err_ucea_area_minus_validation_m2": 10.628909795660718,
        "err_ucea_area_pct_of_validation": 4.076110353477823,
        "err_workflow0_minus_validation_kwh_year": 210943.8920000008,
        "err_workflow0_abs_kwh_year": 210943.8920000008,
        "err_workflow0_pct_of_validation": 33.1138995309672
      },
      "geometry": {
        "type": "Polygon",
        "coordinates": [
          [
            [
              -9.1346788,
              38.731297799999986
            ],
            [
              -9.1347131,
              38.7313007
            ],
            [
              -9.1347475,
              38.7313037
            ],
            [
              -9.1347818,
              38.7313066
            ],
            [
              -9.134778,
              38.73134660000001
            ],
            [
              -9.1347618,
              38.731345700000006
            ],
            [
              -9.1347525,
              38.73144109999999
            ],
            [
              -9.1347423,
              38.7314405
            ],
            [
              -9.1346968,
              38.73143780000001
            ],
            [
              -9.1345603,
              38.731429699999985
            ],
            [
              -9.1345676,
              38.731357
            ],
            [
              -9.1345725,
              38.7313078
            ],
            [
              -9.1346101,
              38.731291899999995
            ],
            [
              -9.134644400000003,
              38.73129479999999
            ],
            [
              -9.1346788,
              38.731297799999986
            ]
          ]
        ]
      }
    },
    {
      "type": "Feature",
      "properties": {
        "area_id": "Alameda_Arro",
        "osm_uid": "cea/44",
        "osmid": "44",
        "element_type": "cea_zone",
        "building": "yes",
        "cea_name": "B1044",
        "intersection_area_m2": 184.8200170295945,
        "is_residential": true,
        "residential_source": "cea",
        "radiation_sum_kwh_year": 352882.09679296875,
        "radiation_sum": 352882.09679296875,
        "radiation_point_count": 305.0,
        "use_type1": "MULTI_RES",
        "use_type2": "NONE",
        "use_type3": "NONE",
        "resi_type": null,
        "comparison_status": "matched",
        "validation_radiation_kwh_year": 352882.09679296875,
        "ucea_radiation_kwh_year": 323321.82999999885,
        "workflow0_radiation_kwh_year": 315694.97999999876,
        "validation_area_m2": 184.8200170295945,
        "ucea_roofs_top_m2": 188.51,
        "err_ucea_minus_validation_kwh_year": 29560.266792969895,
        "err_ucea_abs_kwh_year": 29560.266792969895,
        "err_ucea_pct_of_validation": 8.37681113936265,
        "err_ucea_area_minus_validation_m2": 3.689982970405481,
        "err_ucea_area_pct_of_validation": 1.9965277731873696,
        "err_workflow0_minus_validation_kwh_year": 37187.11679296999,
        "err_workflow0_abs_kwh_year": 37187.11679296999,
        "err_workflow0_pct_of_validation": 10.538113758371589
      },
      "geometry": {
        "type": "Polygon",
        "coordinates": [
          [
            [
              -9.1357704,
              38.7313908
            ],
            [
              -9.135761500000001,
              38.731465700000015
            ],
            [
              -9.1357341,
              38.7314637
            ],
            [
              -9.1357301,
              38.7314969
            ],
            [
              -9.135752,
              38.7314986
            ],
            [
              -9.1357446,
              38.73156010000001
            ],
            [
              -9.1356312,
              38.7315518
            ],
            [
              -9.1356385,
              38.73149209999999
            ],
            [
              -9.1356518,
              38.731380699999995
            ],
            [
              -9.1357704,
              38.7313908
            ]
          ]
        ]
      }
    },
    {
      "type": "Feature",
      "properties": {
        "area_id": "Alameda_Arro",
        "osm_uid": "cea/45",
        "osmid": "45",
        "element_type": "cea_zone",
        "building": "yes",
        "cea_name": "B1045",
        "intersection_area_m2": 290.4725865419589,
        "is_residential": true,
        "residential_source": "cea",
        "radiation_sum_kwh_year": 681216.5027578125,
        "radiation_sum": 681216.5027578125,
        "radiation_point_count": 478.0,
        "use_type1": "MULTI_RES",
        "use_type2": "NONE",
        "use_type3": "NONE",
        "resi_type": null,
        "comparison_status": "matched",
        "validation_radiation_kwh_year": 681216.5027578125,
        "ucea_radiation_kwh_year": 498330.12000000017,
        "workflow0_radiation_kwh_year": 484384.6799999991,
        "validation_area_m2": 290.4725865419589,
        "ucea_roofs_top_m2": 306.48,
        "err_ucea_minus_validation_kwh_year": 182886.38275781233,
        "err_ucea_abs_kwh_year": 182886.38275781233,
        "err_ucea_pct_of_validation": 26.847027636209873,
        "err_ucea_area_minus_validation_m2": 16.00741345804113,
        "err_ucea_area_pct_of_validation": 5.510817268027752,
        "err_workflow0_minus_validation_kwh_year": 196831.82275781338,
        "err_workflow0_abs_kwh_year": 196831.82275781338,
        "err_workflow0_pct_of_validation": 28.89416535873199
      },
      "geometry": {
        "type": "Polygon",
        "coordinates": [
          [
            [
              -9.1354792,
              38.731501
            ],
            [
              -9.1353907,
              38.7314947
            ],
            [
              -9.1353947,
              38.7314347
            ],
            [
              -9.1353998,
              38.73135919999999
            ],
            [
              -9.1355175,
              38.731369199999996
            ],
            [
              -9.1356518,
              38.731380699999995
            ],
            [
              -9.1356385,
              38.73149209999999
            ],
            [
              -9.1354832,
              38.7314789
            ],
            [
              -9.1354792,
              38.731501
            ]
          ]
        ]
      }
    },
    {
      "type": "Feature",
      "properties": {
        "area_id": "Alameda_Arro",
        "osm_uid": "cea/46",
        "osmid": "46",
        "element_type": "cea_zone",
        "building": "yes",
        "cea_name": "B1046",
        "intersection_area_m2": 204.15460348864548,
        "is_residential": true,
        "residential_source": "cea",
        "radiation_sum_kwh_year": 495092.97334375,
        "radiation_sum": 495092.97334375,
        "radiation_point_count": 335.0,
        "use_type1": "MULTI_RES",
        "use_type2": "NONE",
        "use_type3": "NONE",
        "resi_type": null,
        "comparison_status": "matched",
        "validation_radiation_kwh_year": 495092.97334375,
        "ucea_radiation_kwh_year": 331443.5700000003,
        "workflow0_radiation_kwh_year": 332659.7399999998,
        "validation_area_m2": 204.15460348864548,
        "ucea_roofs_top_m2": 199.73,
        "err_ucea_minus_validation_kwh_year": 163649.4033437497,
        "err_ucea_abs_kwh_year": 163649.4033437497,
        "err_ucea_pct_of_validation": 33.05427710647908,
        "err_ucea_area_minus_validation_m2": 4.424603488645488,
        "err_ucea_area_pct_of_validation": 2.167280782816917,
        "err_workflow0_minus_validation_kwh_year": 162433.23334375018,
        "err_workflow0_abs_kwh_year": 162433.23334375018,
        "err_workflow0_pct_of_validation": 32.80863233560184
      },
      "geometry": {
        "type": "Polygon",
        "coordinates": [
          [
            [
              -9.1350486,
              38.73147229999999
            ],
            [
              -9.1350542,
              38.7314143
            ],
            [
              -9.1350886,
              38.7314163
            ],
            [
              -9.1350908,
              38.7313937
            ],
            [
              -9.1350265,
              38.73138990000001
            ],
            [
              -9.1350322,
              38.7313279
            ],
            [
              -9.1350607,
              38.7313303
            ],
            [
              -9.1350892,
              38.731332699999996
            ],
            [
              -9.1351177,
              38.7313352
            ],
            [
              -9.1351462,
              38.731337599999996
            ],
            [
              -9.1351747,
              38.73134
            ],
            [
              -9.1351901,
              38.7313554
            ],
            [
              -9.1352055,
              38.73137079999999
            ],
            [
              -9.1352037,
              38.7313883
            ],
            [
              -9.1351982,
              38.73144320000001
            ],
            [
              -9.1351944,
              38.7314809
            ],
            [
              -9.1350486,
              38.73147229999999
            ]
          ]
        ]
      }
    },
    {
      "type": "Feature",
      "properties": {
        "area_id": "Alameda_Arro",
        "osm_uid": "cea/47",
        "osmid": "47",
        "element_type": "cea_zone",
        "building": "yes",
        "cea_name": "B1047",
        "intersection_area_m2": 117.53455889350776,
        "is_residential": true,
        "residential_source": "cea",
        "radiation_sum_kwh_year": 289109.371,
        "radiation_sum": 289109.371,
        "radiation_point_count": 193.0,
        "use_type1": "MULTI_RES",
        "use_type2": "NONE",
        "use_type3": "NONE",
        "resi_type": null,
        "comparison_status": "matched",
        "validation_radiation_kwh_year": 289109.371,
        "ucea_radiation_kwh_year": 155258.6500000005,
        "workflow0_radiation_kwh_year": 162148.58999999994,
        "validation_area_m2": 117.53455889350776,
        "ucea_roofs_top_m2": 117.61,
        "err_ucea_minus_validation_kwh_year": 133850.7209999995,
        "err_ucea_abs_kwh_year": 133850.7209999995,
        "err_ucea_pct_of_validation": 46.297607212462,
        "err_ucea_area_minus_validation_m2": 0.07544110649223512,
        "err_ucea_area_pct_of_validation": 0.06418631864742741,
        "err_workflow0_minus_validation_kwh_year": 126960.78100000005,
        "err_workflow0_abs_kwh_year": 126960.78100000005,
        "err_workflow0_pct_of_validation": 43.91444682711445
      },
      "geometry": {
        "type": "Polygon",
        "coordinates": [
          [
            [
              -9.1348814,
              38.731314999999995
            ],
            [
              -9.1348702,
              38.7314314
            ],
            [
              -9.1348699,
              38.73143509999999
            ],
            [
              -9.1347699,
              38.7314292
            ],
            [
              -9.134778,
              38.73134660000001
            ],
            [
              -9.1347818,
              38.7313066
            ],
            [
              -9.1348067,
              38.73130869999999
            ],
            [
              -9.1348316,
              38.73131080000001
            ],
            [
              -9.1348565,
              38.73131289999999
            ],
            [
              -9.1348814,
              38.731314999999995
            ]
          ]
        ]
      }
    },
    {
      "type": "Feature",
      "properties": {
        "area_id": "Alameda_Arro",
        "osm_uid": "cea/50",
        "osmid": "50",
        "element_type": "cea_zone",
        "building": "yes",
        "cea_name": "B1050",
        "intersection_area_m2": 217.8965606186308,
        "is_residential": true,
        "residential_source": "cea",
        "radiation_sum_kwh_year": 464766.57478125003,
        "radiation_sum": 464766.57478125003,
        "radiation_point_count": 359.0,
        "use_type1": "MULTI_RES",
        "use_type2": "NONE",
        "use_type3": "NONE",
        "resi_type": null,
        "comparison_status": "matched",
        "validation_radiation_kwh_year": 464766.57478125003,
        "ucea_radiation_kwh_year": 375398.07000000164,
        "workflow0_radiation_kwh_year": 385705.11000000103,
        "validation_area_m2": 217.8965606186308,
        "ucea_roofs_top_m2": 209.39,
        "err_ucea_minus_validation_kwh_year": 89368.5047812484,
        "err_ucea_abs_kwh_year": 89368.5047812484,
        "err_ucea_pct_of_validation": 19.22868588889189,
        "err_ucea_area_minus_validation_m2": 8.5065606186308,
        "err_ucea_area_pct_of_validation": 3.903944419535489,
        "err_workflow0_minus_validation_kwh_year": 79061.464781249,
        "err_workflow0_abs_kwh_year": 79061.464781249,
        "err_workflow0_pct_of_validation": 17.011004893899816
      },
      "geometry": {
        "type": "Polygon",
        "coordinates": [
          [
            [
              -9.1361725,
              38.7315134
            ],
            [
              -9.136182800000002,
              38.7314259
            ],
            [
              -9.1362785,
              38.7314341
            ],
            [
              -9.1363423,
              38.7314395
            ],
            [
              -9.1363454,
              38.7314838
            ],
            [
              -9.1363467,
              38.73150150000001
            ],
            [
              -9.1363543,
              38.7316072
            ],
            [
              -9.1362651,
              38.7316077
            ],
            [
              -9.1362624,
              38.7315449
            ],
            [
              -9.1362275,
              38.73151980000001
            ],
            [
              -9.1361725,
              38.7315134
            ]
          ]
        ]
      }
    },
    {
      "type": "Feature",
      "properties": {
        "area_id": "Alameda_Arro",
        "osm_uid": "cea/52",
        "osmid": "52",
        "element_type": "cea_zone",
        "building": "yes",
        "cea_name": "B1052",
        "intersection_area_m2": 252.95043827607796,
        "is_residential": true,
        "residential_source": "cea",
        "radiation_sum_kwh_year": 526511.1299921875,
        "radiation_sum": 526511.1299921875,
        "radiation_point_count": 419.0,
        "use_type1": "MULTI_RES",
        "use_type2": "NONE",
        "use_type3": "NONE",
        "resi_type": null,
        "comparison_status": "matched",
        "validation_radiation_kwh_year": 526511.1299921875,
        "ucea_radiation_kwh_year": 433249.1700000004,
        "workflow0_radiation_kwh_year": 435435.4,
        "validation_area_m2": 252.95043827607796,
        "ucea_roofs_top_m2": 258.97,
        "err_ucea_minus_validation_kwh_year": 93261.9599921871,
        "err_ucea_abs_kwh_year": 93261.9599921871,
        "err_ucea_pct_of_validation": 17.713198198406737,
        "err_ucea_area_minus_validation_m2": 6.019561723922067,
        "err_ucea_area_pct_of_validation": 2.3797395904695486,
        "err_workflow0_minus_validation_kwh_year": 91075.72999218747,
        "err_workflow0_abs_kwh_year": 91075.72999218747,
        "err_workflow0_pct_of_validation": 17.29796860961683
      },
      "geometry": {
        "type": "Polygon",
        "coordinates": [
          [
            [
              -9.136109,
              38.7315874
            ],
            [
              -9.1360119,
              38.7315803
            ],
            [
              -9.1360214,
              38.731501900000005
            ],
            [
              -9.1359646,
              38.7314977
            ],
            [
              -9.1359751,
              38.73140819999999
            ],
            [
              -9.1360796,
              38.73141710000001
            ],
            [
              -9.136182800000002,
              38.7314259
            ],
            [
              -9.1361725,
              38.7315134
            ],
            [
              -9.1361185,
              38.731509399999986
            ],
            [
              -9.136109,
              38.7315874
            ]
          ]
        ]
      }
    },
    {
      "type": "Feature",
      "properties": {
        "area_id": "Alameda_Arro",
        "osm_uid": "cea/53",
        "osmid": "53",
        "element_type": "cea_zone",
        "building": "yes",
        "cea_name": "B1053",
        "intersection_area_m2": 179.87500210371073,
        "is_residential": true,
        "residential_source": "cea",
        "radiation_sum_kwh_year": 435206.894875,
        "radiation_sum": 435206.894875,
        "radiation_point_count": 294.0,
        "use_type1": "MULTI_RES",
        "use_type2": "NONE",
        "use_type3": "NONE",
        "resi_type": null,
        "comparison_status": "matched",
        "validation_radiation_kwh_year": 435206.894875,
        "ucea_radiation_kwh_year": 308999.3600000006,
        "workflow0_radiation_kwh_year": 305474.4399999999,
        "validation_area_m2": 179.87500210371073,
        "ucea_roofs_top_m2": 184.01,
        "err_ucea_minus_validation_kwh_year": 126207.53487499937,
        "err_ucea_abs_kwh_year": 126207.53487499937,
        "err_ucea_pct_of_validation": 28.999433685729787,
        "err_ucea_area_minus_validation_m2": 4.1349978962892635,
        "err_ucea_area_pct_of_validation": 2.29881742761851,
        "err_workflow0_minus_validation_kwh_year": 129732.45487500011,
        "err_workflow0_abs_kwh_year": 129732.45487500011,
        "err_workflow0_pct_of_validation": 29.809374897946373
      },
      "geometry": {
        "type": "Polygon",
        "coordinates": [
          [
            [
              -9.1348814,
              38.731314999999995
            ],
            [
              -9.1349191,
              38.73131819999999
            ],
            [
              -9.1349568,
              38.73132149999999
            ],
            [
              -9.1349945,
              38.73132470000001
            ],
            [
              -9.1350322,
              38.7313279
            ],
            [
              -9.1350265,
              38.73138990000001
            ],
            [
              -9.1350214,
              38.7314422
            ],
            [
              -9.1349696,
              38.731439099999996
            ],
            [
              -9.1349674,
              38.7314613
            ],
            [
              -9.1349202,
              38.7314585
            ],
            [
              -9.1349226,
              38.73143449999999
            ],
            [
              -9.1348702,
              38.7314314
            ],
            [
              -9.1348814,
              38.731314999999995
            ]
          ]
        ]
      }
    },
    {
      "type": "Feature",
      "properties": {
        "area_id": "Alameda_Arro",
        "osm_uid": "cea/55",
        "osmid": "55",
        "element_type": "cea_zone",
        "building": "yes",
        "cea_name": "B1055",
        "intersection_area_m2": 253.280548634445,
        "is_residential": true,
        "residential_source": "cea",
        "radiation_sum_kwh_year": 502390.748484375,
        "radiation_sum": 502390.748484375,
        "radiation_point_count": 417.0,
        "use_type1": "MULTI_RES",
        "use_type2": "NONE",
        "use_type3": "NONE",
        "resi_type": null,
        "comparison_status": "matched",
        "validation_radiation_kwh_year": 502390.748484375,
        "ucea_radiation_kwh_year": 458274.9699999997,
        "workflow0_radiation_kwh_year": 401359.8099999984,
        "validation_area_m2": 253.280548634445,
        "ucea_roofs_top_m2": 294.41,
        "err_ucea_minus_validation_kwh_year": 44115.77848437533,
        "err_ucea_abs_kwh_year": 44115.77848437533,
        "err_ucea_pct_of_validation": 8.781168565994681,
        "err_ucea_area_minus_validation_m2": 41.12945136555501,
        "err_ucea_area_pct_of_validation": 16.238693254299747,
        "err_workflow0_minus_validation_kwh_year": 101030.93848437659,
        "err_workflow0_abs_kwh_year": 101030.93848437659,
        "err_workflow0_pct_of_validation": 20.110031641539827
      },
      "geometry": {
        "type": "Polygon",
        "coordinates": [
          [
            [
              -9.1359075,
              38.731493499999985
            ],
            [
              -9.1358979,
              38.731572700000015
            ],
            [
              -9.1358038,
              38.731565800000006
            ],
            [
              -9.1358134,
              38.7314864
            ],
            [
              -9.1357595,
              38.7314824
            ],
            [
              -9.135761500000001,
              38.731465700000015
            ],
            [
              -9.1357704,
              38.7313908
            ],
            [
              -9.1359751,
              38.73140819999999
            ],
            [
              -9.1359646,
              38.7314977
            ],
            [
              -9.1359075,
              38.731493499999985
            ]
          ]
        ]
      }
    },
    {
      "type": "Feature",
      "properties": {
        "area_id": "Alameda_Arro",
        "osm_uid": "cea/57",
        "osmid": "57",
        "element_type": "cea_zone",
        "building": "yes",
        "cea_name": "B1057",
        "intersection_area_m2": 408.5236670976583,
        "is_residential": true,
        "residential_source": "cea",
        "radiation_sum_kwh_year": 766509.7235625,
        "radiation_sum": 766509.7235625,
        "radiation_point_count": 670.0,
        "use_type1": "MULTI_RES",
        "use_type2": "NONE",
        "use_type3": "NONE",
        "resi_type": null,
        "comparison_status": "matched",
        "validation_radiation_kwh_year": 766509.7235625,
        "ucea_radiation_kwh_year": 713878.0199999996,
        "workflow0_radiation_kwh_year": 706933.3500000015,
        "validation_area_m2": 408.5236670976583,
        "ucea_roofs_top_m2": 422.71,
        "err_ucea_minus_validation_kwh_year": 52631.70356250042,
        "err_ucea_abs_kwh_year": 52631.70356250042,
        "err_ucea_pct_of_validation": 6.866410424369381,
        "err_ucea_area_minus_validation_m2": 14.18633290234169,
        "err_ucea_area_pct_of_validation": 3.472585322443613,
        "err_workflow0_minus_validation_kwh_year": 59576.373562498484,
        "err_workflow0_abs_kwh_year": 59576.373562498484,
        "err_workflow0_pct_of_validation": 7.7724224143701575
      },
      "geometry": {
        "type": "Polygon",
        "coordinates": [
          [
            [
              -9.1345064,
              38.729084
            ],
            [
              -9.134313,
              38.729074
            ],
            [
              -9.1343156,
              38.7290433
            ],
            [
              -9.134277,
              38.729041299999984
            ],
            [
              -9.1342902,
              38.7288862
            ],
            [
              -9.1343176,
              38.7288876
            ],
            [
              -9.1345249,
              38.728898399999984
            ],
            [
              -9.1345064,
              38.729084
            ]
          ]
        ]
      }
    },
    {
      "type": "Feature",
      "properties": {
        "area_id": "Alameda_Arro",
        "osm_uid": "cea/58",
        "osmid": "58",
        "element_type": "cea_zone",
        "building": "yes",
        "cea_name": "B1058",
        "intersection_area_m2": 164.2568757637142,
        "is_residential": true,
        "residential_source": "cea",
        "radiation_sum_kwh_year": 352502.289734375,
        "radiation_sum": 352502.289734375,
        "radiation_point_count": 272.0,
        "use_type1": "MULTI_RES",
        "use_type2": "NONE",
        "use_type3": "NONE",
        "resi_type": null,
        "comparison_status": "matched",
        "validation_radiation_kwh_year": 352502.289734375,
        "ucea_radiation_kwh_year": 326594.0799999989,
        "workflow0_radiation_kwh_year": 277128.65000000026,
        "validation_area_m2": 164.2568757637142,
        "ucea_roofs_top_m2": 194.54,
        "err_ucea_minus_validation_kwh_year": 25908.209734376112,
        "err_ucea_abs_kwh_year": 25908.209734376112,
        "err_ucea_pct_of_validation": 7.349798991064431,
        "err_ucea_area_minus_validation_m2": 30.2831242362858,
        "err_ucea_area_pct_of_validation": 18.43644236838432,
        "err_workflow0_minus_validation_kwh_year": 75373.63973437477,
        "err_workflow0_abs_kwh_year": 75373.63973437477,
        "err_workflow0_pct_of_validation": 21.38245393843311
      },
      "geometry": {
        "type": "Polygon",
        "coordinates": [
          [
            [
              -9.136148,
              38.727871900000004
            ],
            [
              -9.1360171,
              38.727871900000004
            ],
            [
              -9.1359552,
              38.7278719
            ],
            [
              -9.1359559,
              38.727855699999985
            ],
            [
              -9.1360037,
              38.7278567
            ],
            [
              -9.1360062,
              38.72779040000001
            ],
            [
              -9.1359584,
              38.7277893
            ],
            [
              -9.1359592,
              38.72776579999999
            ],
            [
              -9.1360122,
              38.72776699999999
            ],
            [
              -9.1361547,
              38.7277698
            ],
            [
              -9.1361525,
              38.72780339999999
            ],
            [
              -9.136150300000002,
              38.72783710000001
            ],
            [
              -9.136148,
              38.727871900000004
            ]
          ]
        ]
      }
    },
    {
      "type": "Feature",
      "properties": {
        "area_id": "Alameda_Arro",
        "osm_uid": "cea/59",
        "osmid": "59",
        "element_type": "cea_zone",
        "building": "yes",
        "cea_name": "B1059",
        "intersection_area_m2": 84.37798490932815,
        "is_residential": true,
        "residential_source": "cea",
        "radiation_sum_kwh_year": 116248.07921875,
        "radiation_sum": 116248.07921875,
        "radiation_point_count": 136.0,
        "use_type1": "MULTI_RES",
        "use_type2": "NONE",
        "use_type3": "NONE",
        "resi_type": null,
        "comparison_status": "matched",
        "validation_radiation_kwh_year": 116248.07921875,
        "ucea_radiation_kwh_year": 96251.1800000001,
        "workflow0_radiation_kwh_year": 107426.37000000008,
        "validation_area_m2": 84.37798490932815,
        "ucea_roofs_top_m2": 85.96,
        "err_ucea_minus_validation_kwh_year": 19996.89921874991,
        "err_ucea_abs_kwh_year": 19996.89921874991,
        "err_ucea_pct_of_validation": 17.201917961259998,
        "err_ucea_area_minus_validation_m2": 1.5820150906718453,
        "err_ucea_area_pct_of_validation": 1.874914519909269,
        "err_workflow0_minus_validation_kwh_year": 8821.709218749922,
        "err_workflow0_abs_kwh_year": 8821.709218749922,
        "err_workflow0_pct_of_validation": 7.588692456715485
      },
      "geometry": {
        "type": "Polygon",
        "coordinates": [
          [
            [
              -9.1359584,
              38.7277893
            ],
            [
              -9.1359559,
              38.727855699999985
            ],
            [
              -9.1359552,
              38.7278719
            ],
            [
              -9.1358834,
              38.72787189999999
            ],
            [
              -9.1358686,
              38.7277625
            ],
            [
              -9.1359592,
              38.72776579999999
            ],
            [
              -9.1359584,
              38.7277893
            ]
          ]
        ]
      }
    },
    {
      "type": "Feature",
      "properties": {
        "area_id": "Alameda_Arro",
        "osm_uid": "cea/60",
        "osmid": "60",
        "element_type": "cea_zone",
        "building": "yes",
        "cea_name": "B1060",
        "intersection_area_m2": 84.48446033762653,
        "is_residential": true,
        "residential_source": "cea",
        "radiation_sum_kwh_year": 144381.05659375,
        "radiation_sum": 144381.05659375,
        "radiation_point_count": 134.0,
        "use_type1": "MULTI_RES",
        "use_type2": "NONE",
        "use_type3": "NONE",
        "resi_type": null,
        "comparison_status": "matched",
        "validation_radiation_kwh_year": 144381.05659375,
        "ucea_radiation_kwh_year": 163141.0299999996,
        "workflow0_radiation_kwh_year": 122900.87000000011,
        "validation_area_m2": 84.48446033762653,
        "ucea_roofs_top_m2": 87.54,
        "err_ucea_minus_validation_kwh_year": 18759.9734062496,
        "err_ucea_abs_kwh_year": 18759.9734062496,
        "err_ucea_pct_of_validation": 12.99337589628201,
        "err_ucea_area_minus_validation_m2": 3.0555396623734765,
        "err_ucea_area_pct_of_validation": 3.6166883828843517,
        "err_workflow0_minus_validation_kwh_year": 21480.18659374988,
        "err_workflow0_abs_kwh_year": 21480.18659374988,
        "err_workflow0_pct_of_validation": 14.87742720583451
      },
      "geometry": {
        "type": "Polygon",
        "coordinates": [
          [
            [
              -9.135847,
              38.727588
            ],
            [
              -9.1358472,
              38.72757489999998
            ],
            [
              -9.1359949,
              38.727573
            ],
            [
              -9.1359944,
              38.7276359
            ],
            [
              -9.1359505,
              38.72763569999999
            ],
            [
              -9.1358506,
              38.72763019999999
            ],
            [
              -9.1358495,
              38.727622499999995
            ],
            [
              -9.135847,
              38.727588
            ]
          ]
        ]
      }
    },
    {
      "type": "Feature",
      "properties": {
        "area_id": "Alameda_Arro",
        "osm_uid": "cea/61",
        "osmid": "61",
        "element_type": "cea_zone",
        "building": "yes",
        "cea_name": "B1061",
        "intersection_area_m2": 295.1513335634166,
        "is_residential": true,
        "residential_source": "cea",
        "radiation_sum_kwh_year": 711156.774375,
        "radiation_sum": 711156.774375,
        "radiation_point_count": 486.0,
        "use_type1": "MULTI_RES",
        "use_type2": "NONE",
        "use_type3": "NONE",
        "resi_type": null,
        "comparison_status": "matched",
        "validation_radiation_kwh_year": 711156.774375,
        "ucea_radiation_kwh_year": 476659.38000000024,
        "workflow0_radiation_kwh_year": 477821.9599999996,
        "validation_area_m2": 295.1513335634166,
        "ucea_roofs_top_m2": 278.2,
        "err_ucea_minus_validation_kwh_year": 234497.3943749998,
        "err_ucea_abs_kwh_year": 234497.3943749998,
        "err_ucea_pct_of_validation": 32.97407868765474,
        "err_ucea_area_minus_validation_m2": 16.951333563416597,
        "err_ucea_area_pct_of_validation": 5.74326849848856,
        "err_workflow0_minus_validation_kwh_year": 233334.81437500042,
        "err_workflow0_abs_kwh_year": 233334.81437500042,
        "err_workflow0_pct_of_validation": 32.81060137268138
      },
      "geometry": {
        "type": "Polygon",
        "coordinates": [
          [
            [
              -9.1342616,
              38.729487899999995
            ],
            [
              -9.134275,
              38.729349899999995
            ],
            [
              -9.1343969,
              38.7293593
            ],
            [
              -9.1344023,
              38.7293257
            ],
            [
              -9.1344818,
              38.729329799999995
            ],
            [
              -9.1344786,
              38.7293613
            ],
            [
              -9.1344756,
              38.72939079999999
            ],
            [
              -9.1344688,
              38.7294595
            ],
            [
              -9.134464,
              38.72948280000001
            ],
            [
              -9.1344452,
              38.7294974
            ],
            [
              -9.1344238,
              38.7294995
            ],
            [
              -9.1342616,
              38.729487899999995
            ]
          ]
        ]
      }
    },
    {
      "type": "Feature",
      "properties": {
        "area_id": "Alameda_Arro",
        "osm_uid": "cea/62",
        "osmid": "62",
        "element_type": "cea_zone",
        "building": "yes",
        "cea_name": "B1062",
        "intersection_area_m2": 274.0881290378034,
        "is_residential": true,
        "residential_source": "cea",
        "radiation_sum_kwh_year": 621744.256671875,
        "radiation_sum": 621744.256671875,
        "radiation_point_count": 442.0,
        "use_type1": "MULTI_RES",
        "use_type2": "NONE",
        "use_type3": "NONE",
        "resi_type": null,
        "comparison_status": "matched",
        "validation_radiation_kwh_year": 621744.256671875,
        "ucea_radiation_kwh_year": 436603.60999999766,
        "workflow0_radiation_kwh_year": 437989.61999999936,
        "validation_area_m2": 274.0881290378034,
        "ucea_roofs_top_m2": 282.67,
        "err_ucea_minus_validation_kwh_year": 185140.64667187736,
        "err_ucea_abs_kwh_year": 185140.64667187736,
        "err_ucea_pct_of_validation": 29.777620731539006,
        "err_ucea_area_minus_validation_m2": 8.581870962196604,
        "err_ucea_area_pct_of_validation": 3.1310626229321135,
        "err_workflow0_minus_validation_kwh_year": 183754.63667187566,
        "err_workflow0_abs_kwh_year": 183754.63667187566,
        "err_workflow0_pct_of_validation": 29.554697884222197
      },
      "geometry": {
        "type": "Polygon",
        "coordinates": [
          [
            [
              -9.1360195,
              38.727573
            ],
            [
              -9.1361675,
              38.7275727
            ],
            [
              -9.1361547,
              38.7277698
            ],
            [
              -9.1360122,
              38.72776699999999
            ],
            [
              -9.1360195,
              38.727573
            ]
          ]
        ]
      }
    },
    {
      "type": "Feature",
      "properties": {
        "area_id": "Alameda_Arro",
        "osm_uid": "cea/63",
        "osmid": "63",
        "element_type": "cea_zone",
        "building": "yes",
        "cea_name": "B1063",
        "intersection_area_m2": 486.59951436299536,
        "is_residential": true,
        "residential_source": "cea",
        "radiation_sum_kwh_year": 1008312.02315625,
        "radiation_sum": 1008312.02315625,
        "radiation_point_count": 803.0,
        "use_type1": "MULTI_RES",
        "use_type2": "NONE",
        "use_type3": "NONE",
        "resi_type": null,
        "comparison_status": "matched",
        "validation_radiation_kwh_year": 1008312.02315625,
        "ucea_radiation_kwh_year": 573348.1600000003,
        "workflow0_radiation_kwh_year": 622165.3400000005,
        "validation_area_m2": 486.59951436299536,
        "ucea_roofs_top_m2": 441.33,
        "err_ucea_minus_validation_kwh_year": 434963.86315624975,
        "err_ucea_abs_kwh_year": 434963.86315624975,
        "err_ucea_pct_of_validation": 43.13782372590502,
        "err_ucea_area_minus_validation_m2": 45.26951436299538,
        "err_ucea_area_pct_of_validation": 9.303238705911461,
        "err_workflow0_minus_validation_kwh_year": 386146.68315624946,
        "err_workflow0_abs_kwh_year": 386146.68315624946,
        "err_workflow0_pct_of_validation": 38.29634818273028
      },
      "geometry": {
        "type": "Polygon",
        "coordinates": [
          [
            [
              -9.1342973,
              38.72925789999999
            ],
            [
              -9.1342559,
              38.7292557
            ],
            [
              -9.1342595,
              38.72921269999999
            ],
            [
              -9.134304,
              38.729214999999996
            ],
            [
              -9.1343067,
              38.729183799999994
            ],
            [
              -9.1342622,
              38.729181499999996
            ],
            [
              -9.1342651,
              38.72914759999999
            ],
            [
              -9.1343065,
              38.7291497
            ],
            [
              -9.134313,
              38.729074
            ],
            [
              -9.1345064,
              38.729084
            ],
            [
              -9.1344818,
              38.729329799999995
            ],
            [
              -9.1344023,
              38.7293257
            ],
            [
              -9.134292,
              38.72932
            ],
            [
              -9.1342973,
              38.72925789999999
            ]
          ]
        ]
      }
    },
    {
      "type": "Feature",
      "properties": {
        "area_id": "Alameda_Arro",
        "osm_uid": "cea/65",
        "osmid": "65",
        "element_type": "cea_zone",
        "building": "yes",
        "cea_name": "B1065",
        "intersection_area_m2": 186.95722320470534,
        "is_residential": true,
        "residential_source": "cea",
        "radiation_sum_kwh_year": 381443.84753125,
        "radiation_sum": 381443.84753125,
        "radiation_point_count": 311.0,
        "use_type1": "MULTI_RES",
        "use_type2": "NONE",
        "use_type3": "NONE",
        "resi_type": null,
        "comparison_status": "matched",
        "validation_radiation_kwh_year": 381443.84753125,
        "ucea_radiation_kwh_year": 319279.47000000085,
        "workflow0_radiation_kwh_year": 319431.13999999996,
        "validation_area_m2": 186.95722320470534,
        "ucea_roofs_top_m2": 188.45,
        "err_ucea_minus_validation_kwh_year": 62164.377531249134,
        "err_ucea_abs_kwh_year": 62164.377531249134,
        "err_ucea_pct_of_validation": 16.29712418579678,
        "err_ucea_area_minus_validation_m2": 1.4927767952946454,
        "err_ucea_area_pct_of_validation": 0.7984590109472032,
        "err_workflow0_minus_validation_kwh_year": 62012.707531250024,
        "err_workflow0_abs_kwh_year": 62012.707531250024,
        "err_workflow0_pct_of_validation": 16.257362107844617
      },
      "geometry": {
        "type": "Polygon",
        "coordinates": [
          [
            [
              -9.1341354,
              38.7293416
            ],
            [
              -9.134275,
              38.729349899999995
            ],
            [
              -9.1342616,
              38.729487899999995
            ],
            [
              -9.1341219,
              38.72947959999999
            ],
            [
              -9.1341354,
              38.7293416
            ]
          ]
        ]
      }
    },
    {
      "type": "Feature",
      "properties": {
        "area_id": "Alameda_Arro",
        "osm_uid": "cea/66",
        "osmid": "66",
        "element_type": "cea_zone",
        "building": "yes",
        "cea_name": "B1066",
        "intersection_area_m2": 119.97111853486577,
        "is_residential": true,
        "residential_source": "cea",
        "radiation_sum_kwh_year": 214294.95803125002,
        "radiation_sum": 214294.95803125002,
        "radiation_point_count": 200.0,
        "use_type1": "MULTI_RES",
        "use_type2": "NONE",
        "use_type3": "NONE",
        "resi_type": null,
        "comparison_status": "matched",
        "validation_radiation_kwh_year": 214294.95803125002,
        "ucea_radiation_kwh_year": 199508.98000000045,
        "workflow0_radiation_kwh_year": 203216.0700000005,
        "validation_area_m2": 119.97111853486577,
        "ucea_roofs_top_m2": 122.27,
        "err_ucea_minus_validation_kwh_year": 14785.978031249571,
        "err_ucea_abs_kwh_year": 14785.978031249571,
        "err_ucea_pct_of_validation": 6.899825440173621,
        "err_ucea_area_minus_validation_m2": 2.2988814651342295,
        "err_ucea_area_pct_of_validation": 1.9161957421161602,
        "err_workflow0_minus_validation_kwh_year": 11078.888031249517,
        "err_workflow0_abs_kwh_year": 11078.888031249517,
        "err_workflow0_pct_of_validation": 5.16992473039609
      },
      "geometry": {
        "type": "Polygon",
        "coordinates": [
          [
            [
              -9.1358506,
              38.72763019999999
            ],
            [
              -9.1359505,
              38.72763569999999
            ],
            [
              -9.1359592,
              38.72776579999999
            ],
            [
              -9.1358686,
              38.7277625
            ],
            [
              -9.1358506,
              38.72763019999999
            ]
          ]
        ]
      }
    },
    {
      "type": "Feature",
      "properties": {
        "area_id": "Alameda_Arro",
        "osm_uid": "cea/67",
        "osmid": "67",
        "element_type": "cea_zone",
        "building": "yes",
        "cea_name": "B1067",
        "intersection_area_m2": 313.12477729948273,
        "is_residential": true,
        "residential_source": "cea",
        "radiation_sum_kwh_year": 559256.7230625,
        "radiation_sum": 559256.7230625,
        "radiation_point_count": 519.0,
        "use_type1": "MULTI_RES",
        "use_type2": "NONE",
        "use_type3": "NONE",
        "resi_type": null,
        "comparison_status": "matched",
        "validation_radiation_kwh_year": 559256.7230625,
        "ucea_radiation_kwh_year": 344181.13999999856,
        "workflow0_radiation_kwh_year": 318070.98000000056,
        "validation_area_m2": 313.12477729948273,
        "ucea_roofs_top_m2": 336.95,
        "err_ucea_minus_validation_kwh_year": 215075.58306250145,
        "err_ucea_abs_kwh_year": 215075.58306250145,
        "err_ucea_pct_of_validation": 38.457397862781804,
        "err_ucea_area_minus_validation_m2": 23.82522270051726,
        "err_ucea_area_pct_of_validation": 7.608858968618136,
        "err_workflow0_minus_validation_kwh_year": 241185.74306249944,
        "err_workflow0_abs_kwh_year": 241185.74306249944,
        "err_workflow0_pct_of_validation": 43.12612314104369
      },
      "geometry": {
        "type": "Polygon",
        "coordinates": [
          [
            [
              -9.13614,
              38.7279963
            ],
            [
              -9.1361383,
              38.72800860000001
            ],
            [
              -9.136129400000002,
              38.728018799999994
            ],
            [
              -9.1361154,
              38.7280247
            ],
            [
              -9.1360995,
              38.7280247
            ],
            [
              -9.1359231,
              38.72801069999999
            ],
            [
              -9.1359132,
              38.7280071
            ],
            [
              -9.1359053,
              38.7280011
            ],
            [
              -9.1359004,
              38.727993500000004
            ],
            [
              -9.1358991,
              38.727985
            ],
            [
              -9.135887,
              38.7278975
            ],
            [
              -9.1360168,
              38.72790429999999
            ],
            [
              -9.1360171,
              38.727871900000004
            ],
            [
              -9.136148,
              38.727871900000004
            ],
            [
              -9.136144,
              38.727933500000006
            ],
            [
              -9.13614,
              38.7279963
            ]
          ]
        ]
      }
    },
    {
      "type": "Feature",
      "properties": {
        "area_id": "Alameda_Arro",
        "osm_uid": "cea/81",
        "osmid": "81",
        "element_type": "cea_zone",
        "building": "yes",
        "cea_name": "B1081",
        "intersection_area_m2": 291.6685157527722,
        "is_residential": true,
        "residential_source": "cea",
        "radiation_sum_kwh_year": 645786.303375,
        "radiation_sum": 645786.303375,
        "radiation_point_count": 473.0,
        "use_type1": "MULTI_RES",
        "use_type2": "NONE",
        "use_type3": "NONE",
        "resi_type": null,
        "comparison_status": "matched",
        "validation_radiation_kwh_year": 645786.303375,
        "ucea_radiation_kwh_year": 480991.8700000014,
        "workflow0_radiation_kwh_year": 472769.40000000066,
        "validation_area_m2": 291.6685157527722,
        "ucea_roofs_top_m2": 298.75,
        "err_ucea_minus_validation_kwh_year": 164794.43337499863,
        "err_ucea_abs_kwh_year": 164794.43337499863,
        "err_ucea_pct_of_validation": 25.51841569165405,
        "err_ucea_area_minus_validation_m2": 7.08148424722782,
        "err_ucea_area_pct_of_validation": 2.4279220638371264,
        "err_workflow0_minus_validation_kwh_year": 173016.90337499935,
        "err_workflow0_abs_kwh_year": 173016.90337499935,
        "err_workflow0_pct_of_validation": 26.79166505557344
      },
      "geometry": {
        "type": "Polygon",
        "coordinates": [
          [
            [
              -9.1380448,
              38.730590100000015
            ],
            [
              -9.1381199,
              38.730589
            ],
            [
              -9.1381629,
              38.7305883
            ],
            [
              -9.138186400000002,
              38.7305898
            ],
            [
              -9.1381705,
              38.7306942
            ],
            [
              -9.1378973,
              38.7307006
            ],
            [
              -9.1378946,
              38.7305925
            ],
            [
              -9.1379697,
              38.73059130000001
            ],
            [
              -9.1380448,
              38.730590100000015
            ]
          ]
        ]
      }
    },
    {
      "type": "Feature",
      "properties": {
        "area_id": "Alameda_Arro",
        "osm_uid": "cea/82",
        "osmid": "82",
        "element_type": "cea_zone",
        "building": "yes",
        "cea_name": "B1082",
        "intersection_area_m2": 125.7993891690262,
        "is_residential": true,
        "residential_source": "cea",
        "radiation_sum_kwh_year": 188116.9694375,
        "radiation_sum": 188116.9694375,
        "radiation_point_count": 208.0,
        "use_type1": "MULTI_RES",
        "use_type2": "NONE",
        "use_type3": "NONE",
        "resi_type": null,
        "comparison_status": "matched",
        "validation_radiation_kwh_year": 188116.9694375,
        "ucea_radiation_kwh_year": 186742.5300000001,
        "workflow0_radiation_kwh_year": 187601.58000000005,
        "validation_area_m2": 125.7993891690262,
        "ucea_roofs_top_m2": 119.79,
        "err_ucea_minus_validation_kwh_year": 1374.4394374999101,
        "err_ucea_abs_kwh_year": 1374.4394374999101,
        "err_ucea_pct_of_validation": 0.7306302252315169,
        "err_ucea_area_minus_validation_m2": 6.009389169026193,
        "err_ucea_area_pct_of_validation": 4.776962120978088,
        "err_workflow0_minus_validation_kwh_year": 515.3894374999509,
        "err_workflow0_abs_kwh_year": 515.3894374999509,
        "err_workflow0_pct_of_validation": 0.27397285797291343
      },
      "geometry": {
        "type": "Polygon",
        "coordinates": [
          [
            [
              -9.1387419,
              38.73092259999999
            ],
            [
              -9.1386155,
              38.73090779999999
            ],
            [
              -9.1386217,
              38.73086199999999
            ],
            [
              -9.1386269,
              38.73082409999999
            ],
            [
              -9.1386895,
              38.730816299999994
            ],
            [
              -9.1387744,
              38.73082790000001
            ],
            [
              -9.1387476,
              38.7309015
            ],
            [
              -9.1387419,
              38.73092259999999
            ]
          ]
        ]
      }
    },
    {
      "type": "Feature",
      "properties": {
        "area_id": "Alameda_Arro",
        "osm_uid": "cea/84",
        "osmid": "84",
        "element_type": "cea_zone",
        "building": "yes",
        "cea_name": "B1084",
        "intersection_area_m2": 194.92490828908836,
        "is_residential": true,
        "residential_source": "cea",
        "radiation_sum_kwh_year": 342876.61225,
        "radiation_sum": 342876.61225,
        "radiation_point_count": 322.0,
        "use_type1": "MULTI_RES",
        "use_type2": "NONE",
        "use_type3": "NONE",
        "resi_type": null,
        "comparison_status": "matched",
        "validation_radiation_kwh_year": 342876.61225,
        "ucea_radiation_kwh_year": 313072.19,
        "workflow0_radiation_kwh_year": 313621.31000000035,
        "validation_area_m2": 194.92490828908836,
        "ucea_roofs_top_m2": 181.89,
        "err_ucea_minus_validation_kwh_year": 29804.422250000003,
        "err_ucea_abs_kwh_year": 29804.422250000003,
        "err_ucea_pct_of_validation": 8.69246288174034,
        "err_ucea_area_minus_validation_m2": 13.034908289088378,
        "err_ucea_area_pct_of_validation": 6.687143476685198,
        "err_workflow0_minus_validation_kwh_year": 29255.30224999966,
        "err_workflow0_abs_kwh_year": 29255.30224999966,
        "err_workflow0_pct_of_validation": 8.532311976026199
      },
      "geometry": {
        "type": "Polygon",
        "coordinates": [
          [
            [
              -9.1381159,
              38.7311515
            ],
            [
              -9.1381876,
              38.7311589
            ],
            [
              -9.1382577,
              38.73116329999999
            ],
            [
              -9.1382148,
              38.7312717
            ],
            [
              -9.1380197,
              38.731255399999995
            ],
            [
              -9.138022,
              38.73122269999999
            ],
            [
              -9.1381159,
              38.7311515
            ]
          ]
        ]
      }
    },
    {
      "type": "Feature",
      "properties": {
        "area_id": "Alameda_Arro",
        "osm_uid": "cea/85",
        "osmid": "85",
        "element_type": "cea_zone",
        "building": "yes",
        "cea_name": "B1085",
        "intersection_area_m2": 158.6379665624147,
        "is_residential": true,
        "residential_source": "cea",
        "radiation_sum_kwh_year": 212324.97259375002,
        "radiation_sum": 212324.97259375002,
        "radiation_point_count": 258.0,
        "use_type1": "MULTI_RES",
        "use_type2": "NONE",
        "use_type3": "NONE",
        "resi_type": null,
        "comparison_status": "matched",
        "validation_radiation_kwh_year": 212324.97259375002,
        "ucea_radiation_kwh_year": 257107.2699999999,
        "workflow0_radiation_kwh_year": 259098.93000000063,
        "validation_area_m2": 158.6379665624147,
        "ucea_roofs_top_m2": 159.27,
        "err_ucea_minus_validation_kwh_year": 44782.29740624988,
        "err_ucea_abs_kwh_year": 44782.29740624988,
        "err_ucea_pct_of_validation": 21.091394412626947,
        "err_ucea_area_minus_validation_m2": 0.6320334375853065,
        "err_ucea_area_pct_of_validation": 0.3984124678858882,
        "err_workflow0_minus_validation_kwh_year": 46773.957406250614,
        "err_workflow0_abs_kwh_year": 46773.957406250614,
        "err_workflow0_pct_of_validation": 22.0294187889736
      },
      "geometry": {
        "type": "Polygon",
        "coordinates": [
          [
            [
              -9.1380057,
              38.730996399999995
            ],
            [
              -9.1380006,
              38.73090259999999
            ],
            [
              -9.1381764,
              38.730896
            ],
            [
              -9.1381801,
              38.73099049999999
            ],
            [
              -9.1380958,
              38.73099260000001
            ],
            [
              -9.1380057,
              38.730996399999995
            ]
          ]
        ]
      }
    },
    {
      "type": "Feature",
      "properties": {
        "area_id": "Alameda_Arro",
        "osm_uid": "cea/87",
        "osmid": "87",
        "element_type": "cea_zone",
        "building": "yes",
        "cea_name": "B1087",
        "intersection_area_m2": 18.414450611213994,
        "is_residential": true,
        "residential_source": "cea",
        "radiation_sum_kwh_year": 29849.91125,
        "radiation_sum": 29849.91125,
        "radiation_point_count": 30.0,
        "use_type1": "MULTI_RES",
        "use_type2": "NONE",
        "use_type3": "NONE",
        "resi_type": null,
        "comparison_status": "matched",
        "validation_radiation_kwh_year": 29849.91125,
        "ucea_radiation_kwh_year": 27600.390000000018,
        "workflow0_radiation_kwh_year": 28033.82999999993,
        "validation_area_m2": 18.414450611213994,
        "ucea_roofs_top_m2": 18.41,
        "err_ucea_minus_validation_kwh_year": 2249.5212499999834,
        "err_ucea_abs_kwh_year": 2249.5212499999834,
        "err_ucea_pct_of_validation": 7.536106995962956,
        "err_ucea_area_minus_validation_m2": 0.004450611213993483,
        "err_ucea_area_pct_of_validation": 0.024169122978250347,
        "err_workflow0_minus_validation_kwh_year": 1816.081250000072,
        "err_workflow0_abs_kwh_year": 1816.081250000072,
        "err_workflow0_pct_of_validation": 6.084042377178163
      },
      "geometry": {
        "type": "Polygon",
        "coordinates": [
          [
            [
              -9.1386155,
              38.73090779999999
            ],
            [
              -9.1385735,
              38.73090289999999
            ],
            [
              -9.1385813,
              38.73085759999999
            ],
            [
              -9.1386217,
              38.73086199999999
            ],
            [
              -9.1386155,
              38.73090779999999
            ]
          ]
        ]
      }
    },
    {
      "type": "Feature",
      "properties": {
        "area_id": "Alameda_Arro",
        "osm_uid": "cea/88",
        "osmid": "88",
        "element_type": "cea_zone",
        "building": "yes",
        "cea_name": "B1088",
        "intersection_area_m2": 124.4623683294854,
        "is_residential": true,
        "residential_source": "cea",
        "radiation_sum_kwh_year": 260439.890625,
        "radiation_sum": 260439.890625,
        "radiation_point_count": 207.0,
        "use_type1": "MULTI_RES",
        "use_type2": "NONE",
        "use_type3": "NONE",
        "resi_type": null,
        "comparison_status": "matched",
        "validation_radiation_kwh_year": 260439.890625,
        "ucea_radiation_kwh_year": 216886.74999999895,
        "workflow0_radiation_kwh_year": 219395.56999999945,
        "validation_area_m2": 124.4623683294854,
        "ucea_roofs_top_m2": 127.59,
        "err_ucea_minus_validation_kwh_year": 43553.14062500105,
        "err_ucea_abs_kwh_year": 43553.14062500105,
        "err_ucea_pct_of_validation": 16.722914650471875,
        "err_ucea_area_minus_validation_m2": 3.127631670514603,
        "err_ucea_area_pct_of_validation": 2.512913511524158,
        "err_workflow0_minus_validation_kwh_year": 41044.320625000546,
        "err_workflow0_abs_kwh_year": 41044.320625000546,
        "err_workflow0_pct_of_validation": 15.759613677652437
      },
      "geometry": {
        "type": "Polygon",
        "coordinates": [
          [
            [
              -9.1382046,
              38.7309893
            ],
            [
              -9.1382856,
              38.7309854
            ],
            [
              -9.1382617,
              38.7311236
            ],
            [
              -9.1382577,
              38.73116329999999
            ],
            [
              -9.1381876,
              38.7311589
            ],
            [
              -9.1381985,
              38.731053700000004
            ],
            [
              -9.1382046,
              38.7309893
            ]
          ]
        ]
      }
    },
    {
      "type": "Feature",
      "properties": {
        "area_id": "Alameda_Arro",
        "osm_uid": "cea/89",
        "osmid": "89",
        "element_type": "cea_zone",
        "building": "yes",
        "cea_name": "B1089",
        "intersection_area_m2": 212.12763204301575,
        "is_residential": true,
        "residential_source": "cea",
        "radiation_sum_kwh_year": 476878.85709375003,
        "radiation_sum": 476878.85709375003,
        "radiation_point_count": 351.0,
        "use_type1": "MULTI_RES",
        "use_type2": "NONE",
        "use_type3": "NONE",
        "resi_type": null,
        "comparison_status": "matched",
        "validation_radiation_kwh_year": 476878.85709375003,
        "ucea_radiation_kwh_year": 317118.57000000135,
        "workflow0_radiation_kwh_year": 332441.56,
        "validation_area_m2": 212.12763204301575,
        "ucea_roofs_top_m2": 212.17,
        "err_ucea_minus_validation_kwh_year": 159760.2870937487,
        "err_ucea_abs_kwh_year": 159760.2870937487,
        "err_ucea_pct_of_validation": 33.501230913733146,
        "err_ucea_area_minus_validation_m2": 0.042367956984236343,
        "err_ucea_area_pct_of_validation": 0.019972860949885523,
        "err_workflow0_minus_validation_kwh_year": 144437.29709375004,
        "err_workflow0_abs_kwh_year": 144437.29709375004,
        "err_workflow0_pct_of_validation": 30.288047990635697
      },
      "geometry": {
        "type": "Polygon",
        "coordinates": [
          [
            [
              -9.1383976,
              38.7311338
            ],
            [
              -9.1382617,
              38.7311236
            ],
            [
              -9.1382856,
              38.7309854
            ],
            [
              -9.1382876,
              38.7309601
            ],
            [
              -9.1384212,
              38.7309726
            ],
            [
              -9.1383976,
              38.7311338
            ]
          ]
        ]
      }
    },
    {
      "type": "Feature",
      "properties": {
        "area_id": "Alameda_Arro",
        "osm_uid": "cea/90",
        "osmid": "90",
        "element_type": "cea_zone",
        "building": "yes",
        "cea_name": "B1090",
        "intersection_area_m2": 378.9292142933658,
        "is_residential": true,
        "residential_source": "cea",
        "radiation_sum_kwh_year": 915358.379875,
        "radiation_sum": 915358.379875,
        "radiation_point_count": 623.0,
        "use_type1": "MULTI_RES",
        "use_type2": "NONE",
        "use_type3": "NONE",
        "resi_type": null,
        "comparison_status": "matched",
        "validation_radiation_kwh_year": 915358.379875,
        "ucea_radiation_kwh_year": 652633.3799999986,
        "workflow0_radiation_kwh_year": 651479.2299999994,
        "validation_area_m2": 378.9292142933658,
        "ucea_roofs_top_m2": 385.54,
        "err_ucea_minus_validation_kwh_year": 262724.9998750014,
        "err_ucea_abs_kwh_year": 262724.9998750014,
        "err_ucea_pct_of_validation": 28.701873020584433,
        "err_ucea_area_minus_validation_m2": 6.6107857066342035,
        "err_ucea_area_pct_of_validation": 1.744596472711168,
        "err_workflow0_minus_validation_kwh_year": 263879.1498750006,
        "err_workflow0_abs_kwh_year": 263879.1498750006,
        "err_workflow0_pct_of_validation": 28.827960247770445
      },
      "geometry": {
        "type": "Polygon",
        "coordinates": [
          [
            [
              -9.1382876,
              38.7309601
            ],
            [
              -9.1382856,
              38.7309854
            ],
            [
              -9.1382046,
              38.7309893
            ],
            [
              -9.1381801,
              38.73099049999999
            ],
            [
              -9.1381764,
              38.730896
            ],
            [
              -9.138177,
              38.7308555
            ],
            [
              -9.1382766,
              38.730866299999995
            ],
            [
              -9.1385692,
              38.7308973
            ],
            [
              -9.1385612,
              38.73098829999999
            ],
            [
              -9.1384212,
              38.7309726
            ],
            [
              -9.1382876,
              38.7309601
            ]
          ]
        ]
      }
    },
    {
      "type": "Feature",
      "properties": {
        "area_id": "Alameda_Arro",
        "osm_uid": "cea/91",
        "osmid": "91",
        "element_type": "cea_zone",
        "building": "yes",
        "cea_name": "B1091",
        "intersection_area_m2": 326.6367427237462,
        "is_residential": true,
        "residential_source": "cea",
        "radiation_sum_kwh_year": 541344.5404375,
        "radiation_sum": 541344.5404375,
        "radiation_point_count": 539.0,
        "use_type1": "MULTI_RES",
        "use_type2": "NONE",
        "use_type3": "NONE",
        "resi_type": null,
        "comparison_status": "matched",
        "validation_radiation_kwh_year": 541344.5404375,
        "ucea_radiation_kwh_year": 370367.18000000046,
        "workflow0_radiation_kwh_year": 362913.89999999944,
        "validation_area_m2": 326.6367427237462,
        "ucea_roofs_top_m2": 331.09,
        "err_ucea_minus_validation_kwh_year": 170977.36043749953,
        "err_ucea_abs_kwh_year": 170977.36043749953,
        "err_ucea_pct_of_validation": 31.583833892426487,
        "err_ucea_area_minus_validation_m2": 4.453257276253794,
        "err_ucea_area_pct_of_validation": 1.3633669130787736,
        "err_workflow0_minus_validation_kwh_year": 178430.64043750055,
        "err_workflow0_abs_kwh_year": 178430.64043750055,
        "err_workflow0_pct_of_validation": 32.96064282707973
      },
      "geometry": {
        "type": "Polygon",
        "coordinates": [
          [
            [
              -9.1381306,
              38.731410999999994
            ],
            [
              -9.1381048,
              38.7314087
            ],
            [
              -9.1380791,
              38.73140649999999
            ],
            [
              -9.1380533,
              38.731404299999994
            ],
            [
              -9.1380276,
              38.73140209999999
            ],
            [
              -9.1380019,
              38.73139990000001
            ],
            [
              -9.1379761,
              38.731397699999995
            ],
            [
              -9.1379633,
              38.7313966
            ],
            [
              -9.1379831,
              38.73125230000001
            ],
            [
              -9.1379939,
              38.731253300000006
            ],
            [
              -9.1380197,
              38.731255399999995
            ],
            [
              -9.1382148,
              38.7312717
            ],
            [
              -9.1381949,
              38.7314165
            ],
            [
              -9.138182,
              38.731415399999996
            ],
            [
              -9.1381563,
              38.7314132
            ],
            [
              -9.1381306,
              38.731410999999994
            ]
          ]
        ]
      }
    },
    {
      "type": "Feature",
      "properties": {
        "area_id": "Alameda_Arro",
        "osm_uid": "cea/92",
        "osmid": "92",
        "element_type": "cea_zone",
        "building": "yes",
        "cea_name": "B1092",
        "intersection_area_m2": 303.16324870023516,
        "is_residential": true,
        "residential_source": "cea",
        "radiation_sum_kwh_year": 697275.12609375,
        "radiation_sum": 697275.12609375,
        "radiation_point_count": 497.0,
        "use_type1": "MULTI_RES",
        "use_type2": "NONE",
        "use_type3": "NONE",
        "resi_type": null,
        "comparison_status": "matched",
        "validation_radiation_kwh_year": 697275.12609375,
        "ucea_radiation_kwh_year": 456670.38000000094,
        "workflow0_radiation_kwh_year": 485482.72999999963,
        "validation_area_m2": 303.16324870023516,
        "ucea_roofs_top_m2": 311.7,
        "err_ucea_minus_validation_kwh_year": 240604.74609374907,
        "err_ucea_abs_kwh_year": 240604.74609374907,
        "err_ucea_pct_of_validation": 34.5064289675234,
        "err_ucea_area_minus_validation_m2": 8.53675129976483,
        "err_ucea_area_pct_of_validation": 2.815892538546414,
        "err_workflow0_minus_validation_kwh_year": 211792.39609375037,
        "err_workflow0_abs_kwh_year": 211792.39609375037,
        "err_workflow0_pct_of_validation": 30.374293900349812
      },
      "geometry": {
        "type": "Polygon",
        "coordinates": [
          [
            [
              -9.138779,
              38.7313176
            ],
            [
              -9.1387725,
              38.7313651
            ],
            [
              -9.1387903,
              38.73136659999999
            ],
            [
              -9.1387767,
              38.73146599999999
            ],
            [
              -9.1386543,
              38.7314555
            ],
            [
              -9.1386899,
              38.731196099999984
            ],
            [
              -9.1388137,
              38.7312065
            ],
            [
              -9.1387982,
              38.731319199999994
            ],
            [
              -9.138779,
              38.7313176
            ]
          ]
        ]
      }
    },
    {
      "type": "Feature",
      "properties": {
        "area_id": "Alameda_Arro",
        "osm_uid": "cea/93",
        "osmid": "93",
        "element_type": "cea_zone",
        "building": "yes",
        "cea_name": "B1093",
        "intersection_area_m2": 216.2351754587039,
        "is_residential": true,
        "residential_source": "cea",
        "radiation_sum_kwh_year": 418525.01684375,
        "radiation_sum": 418525.01684375,
        "radiation_point_count": 355.0,
        "use_type1": "MULTI_RES",
        "use_type2": "NONE",
        "use_type3": "NONE",
        "resi_type": null,
        "comparison_status": "matched",
        "validation_radiation_kwh_year": 418525.01684375,
        "ucea_radiation_kwh_year": 343069.769999999,
        "workflow0_radiation_kwh_year": 373261.37999999966,
        "validation_area_m2": 216.2351754587039,
        "ucea_roofs_top_m2": 222.2,
        "err_ucea_minus_validation_kwh_year": 75455.246843751,
        "err_ucea_abs_kwh_year": 75455.246843751,
        "err_ucea_pct_of_validation": 18.028849843382496,
        "err_ucea_area_minus_validation_m2": 5.964824541296082,
        "err_ucea_area_pct_of_validation": 2.758489468072335,
        "err_workflow0_minus_validation_kwh_year": 45263.63684375037,
        "err_workflow0_abs_kwh_year": 45263.63684375037,
        "err_workflow0_pct_of_validation": 10.815037338771285
      },
      "geometry": {
        "type": "Polygon",
        "coordinates": [
          [
            [
              -9.1383976,
              38.7311338
            ],
            [
              -9.1384212,
              38.7309726
            ],
            [
              -9.1385612,
              38.73098829999999
            ],
            [
              -9.1385317,
              38.73114840000001
            ],
            [
              -9.1383976,
              38.7311338
            ]
          ]
        ]
      }
    },
    {
      "type": "Feature",
      "properties": {
        "area_id": "Alameda_Arro",
        "osm_uid": "cea/94",
        "osmid": "94",
        "element_type": "cea_zone",
        "building": "yes",
        "cea_name": "B1094",
        "intersection_area_m2": 235.90553680838465,
        "is_residential": true,
        "residential_source": "cea",
        "radiation_sum_kwh_year": 620845.3313750001,
        "radiation_sum": 620845.3313750001,
        "radiation_point_count": 388.0,
        "use_type1": "MULTI_RES",
        "use_type2": "NONE",
        "use_type3": "NONE",
        "resi_type": null,
        "comparison_status": "matched",
        "validation_radiation_kwh_year": 620845.3313750001,
        "ucea_radiation_kwh_year": 447172.8900000006,
        "workflow0_radiation_kwh_year": 408599.16000000003,
        "validation_area_m2": 235.90553680838465,
        "ucea_roofs_top_m2": 239.87,
        "err_ucea_minus_validation_kwh_year": 173672.44137499947,
        "err_ucea_abs_kwh_year": 173672.44137499947,
        "err_ucea_pct_of_validation": 27.973543908329507,
        "err_ucea_area_minus_validation_m2": 3.9644631916153514,
        "err_ucea_area_pct_of_validation": 1.6805299465419095,
        "err_workflow0_minus_validation_kwh_year": 212246.17137500003,
        "err_workflow0_abs_kwh_year": 212246.17137500003,
        "err_workflow0_pct_of_validation": 34.18664209086242
      },
      "geometry": {
        "type": "Polygon",
        "coordinates": [
          [
            [
              -9.1386059,
              38.730651099999996
            ],
            [
              -9.1385862,
              38.7307392
            ],
            [
              -9.1385802,
              38.7307658
            ],
            [
              -9.1383749,
              38.73073770000001
            ],
            [
              -9.1384011,
              38.7306212
            ],
            [
              -9.1386059,
              38.730651099999996
            ]
          ]
        ]
      }
    },
    {
      "type": "Feature",
      "properties": {
        "area_id": "Alameda_Arro",
        "osm_uid": "cea/96",
        "osmid": "96",
        "element_type": "cea_zone",
        "building": "yes",
        "cea_name": "B1096",
        "intersection_area_m2": 160.92042077437847,
        "is_residential": true,
        "residential_source": "cea",
        "radiation_sum_kwh_year": 324382.460703125,
        "radiation_sum": 324382.460703125,
        "radiation_point_count": 265.0,
        "use_type1": "MULTI_RES",
        "use_type2": "NONE",
        "use_type3": "NONE",
        "resi_type": null,
        "comparison_status": "matched",
        "validation_radiation_kwh_year": 324382.460703125,
        "ucea_radiation_kwh_year": 275004.0299999999,
        "workflow0_radiation_kwh_year": 259922.0800000001,
        "validation_area_m2": 160.92042077437847,
        "ucea_roofs_top_m2": 173.83,
        "err_ucea_minus_validation_kwh_year": 49378.43070312508,
        "err_ucea_abs_kwh_year": 49378.43070312508,
        "err_ucea_pct_of_validation": 15.222287480060842,
        "err_ucea_area_minus_validation_m2": 12.909579225621542,
        "err_ucea_area_pct_of_validation": 8.022337478051753,
        "err_workflow0_minus_validation_kwh_year": 64460.38070312489,
        "err_workflow0_abs_kwh_year": 64460.38070312489,
        "err_workflow0_pct_of_validation": 19.871721967766643
      },
      "geometry": {
        "type": "Polygon",
        "coordinates": [
          [
            [
              -9.1387419,
              38.73092259999999
            ],
            [
              -9.1387073,
              38.73105009999999
            ],
            [
              -9.1386644,
              38.73104380000001
            ],
            [
              -9.1386698,
              38.7310061
            ],
            [
              -9.1385612,
              38.73098829999999
            ],
            [
              -9.1385692,
              38.7308973
            ],
            [
              -9.1385735,
              38.73090289999999
            ],
            [
              -9.1386155,
              38.73090779999999
            ],
            [
              -9.1387419,
              38.73092259999999
            ]
          ]
        ]
      }
    },
    {
      "type": "Feature",
      "properties": {
        "area_id": "Alameda_Arro",
        "osm_uid": "cea/97",
        "osmid": "97",
        "element_type": "cea_zone",
        "building": "yes",
        "cea_name": "B1097",
        "intersection_area_m2": 71.45011137215809,
        "is_residential": true,
        "residential_source": "cea",
        "radiation_sum_kwh_year": 128889.32,
        "radiation_sum": 128889.32,
        "radiation_point_count": 116.0,
        "use_type1": "MULTI_RES",
        "use_type2": "NONE",
        "use_type3": "NONE",
        "resi_type": null,
        "comparison_status": "matched",
        "validation_radiation_kwh_year": 128889.32,
        "ucea_radiation_kwh_year": 118411.70000000007,
        "workflow0_radiation_kwh_year": 118662.4400000001,
        "validation_area_m2": 71.45011137215809,
        "ucea_roofs_top_m2": 71.47,
        "err_ucea_minus_validation_kwh_year": 10477.619999999937,
        "err_ucea_abs_kwh_year": 10477.619999999937,
        "err_ucea_pct_of_validation": 8.129160740393337,
        "err_ucea_area_minus_validation_m2": 0.019888627841908146,
        "err_ucea_area_pct_of_validation": 0.027835684871525802,
        "err_workflow0_minus_validation_kwh_year": 10226.879999999903,
        "err_workflow0_abs_kwh_year": 10226.879999999903,
        "err_workflow0_pct_of_validation": 7.934621735920325
      },
      "geometry": {
        "type": "Polygon",
        "coordinates": [
          [
            [
              -9.1380649,
              38.7310417
            ],
            [
              -9.1380703,
              38.73099570000001
            ],
            [
              -9.1381801,
              38.73099049999999
            ],
            [
              -9.1382046,
              38.7309893
            ],
            [
              -9.1381985,
              38.731053700000004
            ],
            [
              -9.1380649,
              38.7310417
            ]
          ]
        ]
      }
    },
    {
      "type": "Feature",
      "properties": {
        "area_id": "Alameda_Arro",
        "osm_uid": "cea/98",
        "osmid": "98",
        "element_type": "cea_zone",
        "building": "yes",
        "cea_name": "B1098",
        "intersection_area_m2": 183.43780740480054,
        "is_residential": true,
        "residential_source": "cea",
        "radiation_sum_kwh_year": 462850.25056250003,
        "radiation_sum": 462850.25056250003,
        "radiation_point_count": 302.0,
        "use_type1": "MULTI_RES",
        "use_type2": "NONE",
        "use_type3": "NONE",
        "resi_type": null,
        "comparison_status": "matched",
        "validation_radiation_kwh_year": 462850.25056250003,
        "ucea_radiation_kwh_year": 328124.9500000003,
        "workflow0_radiation_kwh_year": 318186.7399999994,
        "validation_area_m2": 183.43780740480054,
        "ucea_roofs_top_m2": 186.56,
        "err_ucea_minus_validation_kwh_year": 134725.30056249973,
        "err_ucea_abs_kwh_year": 134725.30056249973,
        "err_ucea_pct_of_validation": 29.107751459304303,
        "err_ucea_area_minus_validation_m2": 3.122192595199465,
        "err_ucea_area_pct_of_validation": 1.7020442183489366,
        "err_workflow0_minus_validation_kwh_year": 144663.51056250063,
        "err_workflow0_abs_kwh_year": 144663.51056250063,
        "err_workflow0_pct_of_validation": 31.25492756819115
      },
      "geometry": {
        "type": "Polygon",
        "coordinates": [
          [
            [
              -9.1391116,
              38.730868999999984
            ],
            [
              -9.1391436,
              38.73072959999999
            ],
            [
              -9.139276,
              38.730748999999996
            ],
            [
              -9.1392478,
              38.73087159999999
            ],
            [
              -9.1392441,
              38.7308876
            ],
            [
              -9.1391116,
              38.730868999999984
            ]
          ]
        ]
      }
    },
    {
      "type": "Feature",
      "properties": {
        "area_id": "Alameda_Arro",
        "osm_uid": "cea/99",
        "osmid": "99",
        "element_type": "cea_zone",
        "building": "yes",
        "cea_name": "B1099",
        "intersection_area_m2": 195.28121407933423,
        "is_residential": true,
        "residential_source": "cea",
        "radiation_sum_kwh_year": 488501.7929375,
        "radiation_sum": 488501.7929375,
        "radiation_point_count": 322.0,
        "use_type1": "MULTI_RES",
        "use_type2": "NONE",
        "use_type3": "NONE",
        "resi_type": null,
        "comparison_status": "matched",
        "validation_radiation_kwh_year": 488501.7929375,
        "ucea_radiation_kwh_year": 335381.77000000066,
        "workflow0_radiation_kwh_year": 330287.8800000012,
        "validation_area_m2": 195.28121407933423,
        "ucea_roofs_top_m2": 201.38,
        "err_ucea_minus_validation_kwh_year": 153120.02293749934,
        "err_ucea_abs_kwh_year": 153120.02293749934,
        "err_ucea_pct_of_validation": 31.344823120657377,
        "err_ucea_area_minus_validation_m2": 6.098785920665762,
        "err_ucea_area_pct_of_validation": 3.123078658343496,
        "err_workflow0_minus_validation_kwh_year": 158213.91293749877,
        "err_workflow0_abs_kwh_year": 158213.91293749877,
        "err_workflow0_pct_of_validation": 32.38758080827372
      },
      "geometry": {
        "type": "Polygon",
        "coordinates": [
          [
            [
              -9.138945600000001,
              38.7307007
            ],
            [
              -9.1389035,
              38.730845699999996
            ],
            [
              -9.1387744,
              38.73082790000001
            ],
            [
              -9.1388075,
              38.7306805
            ],
            [
              -9.138945600000001,
              38.7307007
            ]
          ]
        ]
      }
    },
    {
      "type": "Feature",
      "properties": {
        "area_id": "Alameda_Arro",
        "osm_uid": "cea/100",
        "osmid": "100",
        "element_type": "cea_zone",
        "building": "yes",
        "cea_name": "B1100",
        "intersection_area_m2": 186.67874171940826,
        "is_residential": true,
        "residential_source": "cea",
        "radiation_sum_kwh_year": 411820.31146875,
        "radiation_sum": 411820.31146875,
        "radiation_point_count": 308.0,
        "use_type1": "MULTI_RES",
        "use_type2": "NONE",
        "use_type3": "NONE",
        "resi_type": null,
        "comparison_status": "matched",
        "validation_radiation_kwh_year": 411820.31146875,
        "ucea_radiation_kwh_year": 309998.25999999995,
        "workflow0_radiation_kwh_year": 324004.4600000001,
        "validation_area_m2": 186.67874171940826,
        "ucea_roofs_top_m2": 189.2,
        "err_ucea_minus_validation_kwh_year": 101822.05146875005,
        "err_ucea_abs_kwh_year": 101822.05146875005,
        "err_ucea_pct_of_validation": 24.72487359975118,
        "err_ucea_area_minus_validation_m2": 2.5212582805917236,
        "err_ucea_area_pct_of_validation": 1.3505867124288626,
        "err_workflow0_minus_validation_kwh_year": 87815.85146874993,
        "err_workflow0_abs_kwh_year": 87815.85146874993,
        "err_workflow0_pct_of_validation": 21.323827170048077
      },
      "geometry": {
        "type": "Polygon",
        "coordinates": [
          [
            [
              -9.1392713,
              38.731367000000006
            ],
            [
              -9.1392521,
              38.73150640000001
            ],
            [
              -9.1391148,
              38.73149469999999
            ],
            [
              -9.1391339,
              38.731355499999985
            ],
            [
              -9.1392713,
              38.731367000000006
            ]
          ]
        ]
      }
    },
    {
      "type": "Feature",
      "properties": {
        "area_id": "Alameda_Arro",
        "osm_uid": "cea/101",
        "osmid": "101",
        "element_type": "cea_zone",
        "building": "yes",
        "cea_name": "B1101",
        "intersection_area_m2": 426.85231784658396,
        "is_residential": true,
        "residential_source": "cea",
        "radiation_sum_kwh_year": 820456.265671875,
        "radiation_sum": 820456.265671875,
        "radiation_point_count": 703.0,
        "use_type1": "MULTI_RES",
        "use_type2": "NONE",
        "use_type3": "NONE",
        "resi_type": null,
        "comparison_status": "matched",
        "validation_radiation_kwh_year": 820456.265671875,
        "ucea_radiation_kwh_year": 679394.2700000026,
        "workflow0_radiation_kwh_year": 736043.739999999,
        "validation_area_m2": 426.85231784658396,
        "ucea_roofs_top_m2": 393.09,
        "err_ucea_minus_validation_kwh_year": 141061.9956718724,
        "err_ucea_abs_kwh_year": 141061.9956718724,
        "err_ucea_pct_of_validation": 17.19311577885948,
        "err_ucea_area_minus_validation_m2": 33.76231784658398,
        "err_ucea_area_pct_of_validation": 7.909601619808606,
        "err_workflow0_minus_validation_kwh_year": 84412.52567187604,
        "err_workflow0_abs_kwh_year": 84412.52567187604,
        "err_workflow0_pct_of_validation": 10.288485712611418
      },
      "geometry": {
        "type": "Polygon",
        "coordinates": [
          [
            [
              -9.1389219,
              38.7309308
            ],
            [
              -9.1390641,
              38.730943399999994
            ],
            [
              -9.1390831,
              38.7308915
            ],
            [
              -9.1392134,
              38.7309098
            ],
            [
              -9.1391767,
              38.731081499999995
            ],
            [
              -9.1391098,
              38.73107829999999
            ],
            [
              -9.1388897,
              38.731062600000016
            ],
            [
              -9.1389219,
              38.7309308
            ]
          ]
        ]
      }
    },
    {
      "type": "Feature",
      "properties": {
        "area_id": "Alameda_Arro",
        "osm_uid": "cea/102",
        "osmid": "102",
        "element_type": "cea_zone",
        "building": "yes",
        "cea_name": "B1102",
        "intersection_area_m2": 680.1360070014335,
        "is_residential": true,
        "residential_source": "cea",
        "radiation_sum_kwh_year": 1435196.522671875,
        "radiation_sum": 1435196.522671875,
        "radiation_point_count": 1123.0,
        "use_type1": "MULTI_RES",
        "use_type2": "NONE",
        "use_type3": "NONE",
        "resi_type": null,
        "comparison_status": "matched",
        "validation_radiation_kwh_year": 1435196.522671875,
        "ucea_radiation_kwh_year": 1127866.4799999986,
        "workflow0_radiation_kwh_year": 1174604.509999998,
        "validation_area_m2": 680.1360070014335,
        "ucea_roofs_top_m2": 661.03,
        "err_ucea_minus_validation_kwh_year": 307330.0426718765,
        "err_ucea_abs_kwh_year": 307330.0426718765,
        "err_ucea_pct_of_validation": 21.41379510171378,
        "err_ucea_area_minus_validation_m2": 19.106007001433568,
        "err_ucea_area_pct_of_validation": 2.809145054041125,
        "err_workflow0_minus_validation_kwh_year": 260592.01267187716,
        "err_workflow0_abs_kwh_year": 260592.01267187716,
        "err_workflow0_pct_of_validation": 18.157235511324853
      },
      "geometry": {
        "type": "Polygon",
        "coordinates": [
          [
            [
              -9.1387767,
              38.73146599999999
            ],
            [
              -9.1387903,
              38.73136659999999
            ],
            [
              -9.1388247,
              38.7313695
            ],
            [
              -9.1388312,
              38.73132189999999
            ],
            [
              -9.1387982,
              38.731319199999994
            ],
            [
              -9.1388137,
              38.7312065
            ],
            [
              -9.138836800000002,
              38.73120839999999
            ],
            [
              -9.1389647,
              38.73121909999998
            ],
            [
              -9.1390875,
              38.73122929999999
            ],
            [
              -9.1390709,
              38.731350299999995
            ],
            [
              -9.1390518,
              38.7314894
            ],
            [
              -9.1387767,
              38.73146599999999
            ]
          ]
        ]
      }
    },
    {
      "type": "Feature",
      "properties": {
        "area_id": "Alameda_Arro",
        "osm_uid": "cea/103",
        "osmid": "103",
        "element_type": "cea_zone",
        "building": "yes",
        "cea_name": "B1103",
        "intersection_area_m2": 206.60775321291862,
        "is_residential": true,
        "residential_source": "cea",
        "radiation_sum_kwh_year": 457650.686125,
        "radiation_sum": 457650.686125,
        "radiation_point_count": 334.0,
        "use_type1": "MULTI_RES",
        "use_type2": "NONE",
        "use_type3": "NONE",
        "resi_type": null,
        "comparison_status": "matched",
        "validation_radiation_kwh_year": 457650.686125,
        "ucea_radiation_kwh_year": 364495.730000002,
        "workflow0_radiation_kwh_year": 361094.31000000046,
        "validation_area_m2": 206.60775321291862,
        "ucea_roofs_top_m2": 212.72,
        "err_ucea_minus_validation_kwh_year": 93154.95612499799,
        "err_ucea_abs_kwh_year": 93154.95612499799,
        "err_ucea_pct_of_validation": 20.355034734844512,
        "err_ucea_area_minus_validation_m2": 6.112246787081375,
        "err_ucea_area_pct_of_validation": 2.9583820994280057,
        "err_workflow0_minus_validation_kwh_year": 96556.37612499954,
        "err_workflow0_abs_kwh_year": 96556.37612499954,
        "err_workflow0_pct_of_validation": 21.09826971801517
      },
      "geometry": {
        "type": "Polygon",
        "coordinates": [
          [
            [
              -9.1379644,
              38.73090570000001
            ],
            [
              -9.1378995,
              38.7309084
            ],
            [
              -9.1377272,
              38.730916
            ],
            [
              -9.1377248,
              38.7308259
            ],
            [
              -9.1378973,
              38.7308199
            ],
            [
              -9.1379671,
              38.7308157
            ],
            [
              -9.1379644,
              38.73090570000001
            ]
          ]
        ]
      }
    },
    {
      "type": "Feature",
      "properties": {
        "area_id": "Alameda_Arro",
        "osm_uid": "cea/104",
        "osmid": "104",
        "element_type": "cea_zone",
        "building": "yes",
        "cea_name": "B1104",
        "intersection_area_m2": 235.9844528489344,
        "is_residential": true,
        "residential_source": "cea",
        "radiation_sum_kwh_year": 543959.496046875,
        "radiation_sum": 543959.496046875,
        "radiation_point_count": 390.0,
        "use_type1": "MULTI_RES",
        "use_type2": "NONE",
        "use_type3": "NONE",
        "resi_type": null,
        "comparison_status": "matched",
        "validation_radiation_kwh_year": 543959.496046875,
        "ucea_radiation_kwh_year": 283241.1600000002,
        "workflow0_radiation_kwh_year": 302365.29000000004,
        "validation_area_m2": 235.9844528489344,
        "ucea_roofs_top_m2": 235.97,
        "err_ucea_minus_validation_kwh_year": 260718.3360468748,
        "err_ucea_abs_kwh_year": 260718.3360468748,
        "err_ucea_pct_of_validation": 47.9297333609574,
        "err_ucea_area_minus_validation_m2": 0.014452848934411122,
        "err_ucea_area_pct_of_validation": 0.00612449199933655,
        "err_workflow0_minus_validation_kwh_year": 241594.20604687498,
        "err_workflow0_abs_kwh_year": 241594.20604687498,
        "err_workflow0_pct_of_validation": 44.41400652118699
      },
      "geometry": {
        "type": "Polygon",
        "coordinates": [
          [
            [
              -9.1385221,
              38.73127679999999
            ],
            [
              -9.1385175,
              38.7313104
            ],
            [
              -9.1384994,
              38.731442300000005
            ],
            [
              -9.1383617,
              38.731430599999996
            ],
            [
              -9.1383802,
              38.73129599999999
            ],
            [
              -9.1384615,
              38.731278599999996
            ],
            [
              -9.1384691,
              38.73122359999999
            ],
            [
              -9.1385287,
              38.7312286
            ],
            [
              -9.1385221,
              38.73127679999999
            ]
          ]
        ]
      }
    },
    {
      "type": "Feature",
      "properties": {
        "area_id": "Alameda_Arro",
        "osm_uid": "cea/105",
        "osmid": "105",
        "element_type": "cea_zone",
        "building": "yes",
        "cea_name": "B1105",
        "intersection_area_m2": 205.51320067902316,
        "is_residential": true,
        "residential_source": "cea",
        "radiation_sum_kwh_year": 503149.2394375,
        "radiation_sum": 503149.2394375,
        "radiation_point_count": 348.0,
        "use_type1": "MULTI_RES",
        "use_type2": "NONE",
        "use_type3": "NONE",
        "resi_type": null,
        "comparison_status": "matched",
        "validation_radiation_kwh_year": 503149.2394375,
        "ucea_radiation_kwh_year": 355056.8399999993,
        "workflow0_radiation_kwh_year": 354590.8099999994,
        "validation_area_m2": 205.51320067902316,
        "ucea_roofs_top_m2": 213.76,
        "err_ucea_minus_validation_kwh_year": 148092.3994375007,
        "err_ucea_abs_kwh_year": 148092.3994375007,
        "err_ucea_pct_of_validation": 29.433096153153652,
        "err_ucea_area_minus_validation_m2": 8.246799320976834,
        "err_ucea_area_pct_of_validation": 4.01278326342498,
        "err_workflow0_minus_validation_kwh_year": 148558.4294375006,
        "err_workflow0_abs_kwh_year": 148558.4294375006,
        "err_workflow0_pct_of_validation": 29.52571877154833
      },
      "geometry": {
        "type": "Polygon",
        "coordinates": [
          [
            [
              -9.1378946,
              38.7305925
            ],
            [
              -9.1378973,
              38.7307006
            ],
            [
              -9.137894800000002,
              38.73071120000001
            ],
            [
              -9.137722,
              38.7307192
            ],
            [
              -9.1377187,
              38.730595300000004
            ],
            [
              -9.1378946,
              38.7305925
            ]
          ]
        ]
      }
    },
    {
      "type": "Feature",
      "properties": {
        "area_id": "Alameda_Arro",
        "osm_uid": "cea/106",
        "osmid": "106",
        "element_type": "cea_zone",
        "building": "yes",
        "cea_name": "B1106",
        "intersection_area_m2": 179.5233960556924,
        "is_residential": true,
        "residential_source": "cea",
        "radiation_sum_kwh_year": 455698.4545,
        "radiation_sum": 455698.4545,
        "radiation_point_count": 306.0,
        "use_type1": "MULTI_RES",
        "use_type2": "NONE",
        "use_type3": "NONE",
        "resi_type": null,
        "comparison_status": "matched",
        "validation_radiation_kwh_year": 455698.4545,
        "ucea_radiation_kwh_year": 254763.1299999996,
        "workflow0_radiation_kwh_year": 283091.0699999997,
        "validation_area_m2": 179.5233960556924,
        "ucea_roofs_top_m2": 183.11,
        "err_ucea_minus_validation_kwh_year": 200935.3245000004,
        "err_ucea_abs_kwh_year": 200935.3245000004,
        "err_ucea_pct_of_validation": 44.093922749961926,
        "err_ucea_area_minus_validation_m2": 3.586603944307626,
        "err_ucea_area_pct_of_validation": 1.9978476472197402,
        "err_workflow0_minus_validation_kwh_year": 172607.38450000028,
        "err_workflow0_abs_kwh_year": 172607.38450000028,
        "err_workflow0_pct_of_validation": 37.877544414625675
      },
      "geometry": {
        "type": "Polygon",
        "coordinates": [
          [
            [
              -9.137722,
              38.7307192
            ],
            [
              -9.137894800000002,
              38.73071120000001
            ],
            [
              -9.1378973,
              38.7308199
            ],
            [
              -9.1377248,
              38.7308259
            ],
            [
              -9.137722,
              38.7307192
            ]
          ]
        ]
      }
    },
    {
      "type": "Feature",
      "properties": {
        "area_id": "Alameda_Arro",
        "osm_uid": "cea/107",
        "osmid": "107",
        "element_type": "cea_zone",
        "building": "yes",
        "cea_name": "B1107",
        "intersection_area_m2": 235.8192979351827,
        "is_residential": true,
        "residential_source": "cea",
        "radiation_sum_kwh_year": 500344.60003125,
        "radiation_sum": 500344.60003125,
        "radiation_point_count": 390.0,
        "use_type1": "MULTI_RES",
        "use_type2": "NONE",
        "use_type3": "NONE",
        "resi_type": null,
        "comparison_status": "matched",
        "validation_radiation_kwh_year": 500344.60003125,
        "ucea_radiation_kwh_year": 409255.45000000054,
        "workflow0_radiation_kwh_year": 409225.0800000006,
        "validation_area_m2": 235.8192979351827,
        "ucea_roofs_top_m2": 235.8,
        "err_ucea_minus_validation_kwh_year": 91089.15003124945,
        "err_ucea_abs_kwh_year": 91089.15003124945,
        "err_ucea_pct_of_validation": 18.205282924120755,
        "err_ucea_area_minus_validation_m2": 0.019297935182692072,
        "err_ucea_area_pct_of_validation": 0.008183357066899717,
        "err_workflow0_minus_validation_kwh_year": 91119.52003124938,
        "err_workflow0_abs_kwh_year": 91119.52003124938,
        "err_workflow0_pct_of_validation": 18.211352740802706
      },
      "geometry": {
        "type": "Polygon",
        "coordinates": [
          [
            [
              -9.1383617,
              38.731430599999996
            ],
            [
              -9.1381949,
              38.7314165
            ],
            [
              -9.1382148,
              38.7312717
            ],
            [
              -9.138381600000002,
              38.7312856
            ],
            [
              -9.1383802,
              38.73129599999999
            ],
            [
              -9.1383617,
              38.731430599999996
            ]
          ]
        ]
      }
    },
    {
      "type": "Feature",
      "properties": {
        "area_id": "Alameda_Arro",
        "osm_uid": "cea/108",
        "osmid": "108",
        "element_type": "cea_zone",
        "building": "yes",
        "cea_name": "B1108",
        "intersection_area_m2": 222.58684105680788,
        "is_residential": true,
        "residential_source": "cea",
        "radiation_sum_kwh_year": 509752.6673671875,
        "radiation_sum": 509752.6673671875,
        "radiation_point_count": 366.0,
        "use_type1": "MULTI_RES",
        "use_type2": "NONE",
        "use_type3": "NONE",
        "resi_type": null,
        "comparison_status": "matched",
        "validation_radiation_kwh_year": 509752.6673671875,
        "ucea_radiation_kwh_year": 387978.23000000016,
        "workflow0_radiation_kwh_year": 383094.72000000026,
        "validation_area_m2": 222.58684105680788,
        "ucea_roofs_top_m2": 224.82,
        "err_ucea_minus_validation_kwh_year": 121774.43736718735,
        "err_ucea_abs_kwh_year": 121774.43736718735,
        "err_ucea_pct_of_validation": 23.88892597583412,
        "err_ucea_area_minus_validation_m2": 2.233158943192109,
        "err_ucea_area_pct_of_validation": 1.0032753655110138,
        "err_workflow0_minus_validation_kwh_year": 126657.94736718724,
        "err_workflow0_abs_kwh_year": 126657.94736718724,
        "err_workflow0_pct_of_validation": 24.846941561161536
      },
      "geometry": {
        "type": "Polygon",
        "coordinates": [
          [
            [
              -9.1389778,
              38.7307054
            ],
            [
              -9.1391436,
              38.73072959999999
            ],
            [
              -9.1391116,
              38.730868999999984
            ],
            [
              -9.1389579,
              38.7308475
            ],
            [
              -9.1389778,
              38.7307054
            ]
          ]
        ]
      }
    },
    {
      "type": "Feature",
      "properties": {
        "area_id": "Alameda_Arro",
        "osm_uid": "cea/109",
        "osmid": "109",
        "element_type": "cea_zone",
        "building": "yes",
        "cea_name": "B1109",
        "intersection_area_m2": 173.76689166593505,
        "is_residential": true,
        "residential_source": "cea",
        "radiation_sum_kwh_year": 415427.783375,
        "radiation_sum": 415427.783375,
        "radiation_point_count": 283.0,
        "use_type1": "MULTI_RES",
        "use_type2": "NONE",
        "use_type3": "NONE",
        "resi_type": null,
        "comparison_status": "matched",
        "validation_radiation_kwh_year": 415427.783375,
        "ucea_radiation_kwh_year": 286203.5599999999,
        "workflow0_radiation_kwh_year": 286829.4800000007,
        "validation_area_m2": 173.76689166593505,
        "ucea_roofs_top_m2": 179.88,
        "err_ucea_minus_validation_kwh_year": 129224.22337500012,
        "err_ucea_abs_kwh_year": 129224.22337500012,
        "err_ucea_pct_of_validation": 31.106302598531666,
        "err_ucea_area_minus_validation_m2": 6.113108334064947,
        "err_ucea_area_pct_of_validation": 3.5179937187443806,
        "err_workflow0_minus_validation_kwh_year": 128598.30337499932,
        "err_workflow0_abs_kwh_year": 128598.30337499932,
        "err_workflow0_pct_of_validation": 30.955633812030257
      },
      "geometry": {
        "type": "Polygon",
        "coordinates": [
          [
            [
              -9.1379024,
              38.7310022
            ],
            [
              -9.1379027,
              38.73101239999999
            ],
            [
              -9.13773,
              38.7310206
            ],
            [
              -9.1377272,
              38.730916
            ],
            [
              -9.1378995,
              38.7309084
            ],
            [
              -9.1379024,
              38.7310022
            ]
          ]
        ]
      }
    },
    {
      "type": "Feature",
      "properties": {
        "area_id": "Alameda_Arro",
        "osm_uid": "cea/110",
        "osmid": "110",
        "element_type": "cea_zone",
        "building": "yes",
        "cea_name": "B1110",
        "intersection_area_m2": 248.47534480815455,
        "is_residential": true,
        "residential_source": "cea",
        "radiation_sum_kwh_year": 583681.253,
        "radiation_sum": 583681.253,
        "radiation_point_count": 409.0,
        "use_type1": "MULTI_RES",
        "use_type2": "NONE",
        "use_type3": "NONE",
        "resi_type": null,
        "comparison_status": "matched",
        "validation_radiation_kwh_year": 583681.253,
        "ucea_radiation_kwh_year": 368914.0599999991,
        "workflow0_radiation_kwh_year": 399487.9299999993,
        "validation_area_m2": 248.47534480815455,
        "ucea_roofs_top_m2": 251.1,
        "err_ucea_minus_validation_kwh_year": 214767.1930000009,
        "err_ucea_abs_kwh_year": 214767.1930000009,
        "err_ucea_pct_of_validation": 36.795287135939745,
        "err_ucea_area_minus_validation_m2": 2.6246551918454486,
        "err_ucea_area_pct_of_validation": 1.0563040747048444,
        "err_workflow0_minus_validation_kwh_year": 184193.32300000073,
        "err_workflow0_abs_kwh_year": 184193.32300000073,
        "err_workflow0_pct_of_validation": 31.5571764646004
      },
      "geometry": {
        "type": "Polygon",
        "coordinates": [
          [
            [
              -9.1387419,
              38.73092259999999
            ],
            [
              -9.1387476,
              38.7309015
            ],
            [
              -9.1389219,
              38.7309308
            ],
            [
              -9.1388897,
              38.731062600000016
            ],
            [
              -9.1387961,
              38.73105619999999
            ],
            [
              -9.1387073,
              38.73105009999999
            ],
            [
              -9.1387419,
              38.73092259999999
            ]
          ]
        ]
      }
    },
    {
      "type": "Feature",
      "properties": {
        "area_id": "Alameda_Arro",
        "osm_uid": "cea/111",
        "osmid": "111",
        "element_type": "cea_zone",
        "building": "yes",
        "cea_name": "B1111",
        "intersection_area_m2": 226.6547046600015,
        "is_residential": true,
        "residential_source": "cea",
        "radiation_sum_kwh_year": 528861.9624375,
        "radiation_sum": 528861.9624375,
        "radiation_point_count": 374.0,
        "use_type1": "MULTI_RES",
        "use_type2": "NONE",
        "use_type3": "NONE",
        "resi_type": null,
        "comparison_status": "matched",
        "validation_radiation_kwh_year": 528861.9624375,
        "ucea_radiation_kwh_year": 382049.58000000013,
        "workflow0_radiation_kwh_year": 337403.15999999974,
        "validation_area_m2": 226.6547046600015,
        "ucea_roofs_top_m2": 253.46,
        "err_ucea_minus_validation_kwh_year": 146812.38243749988,
        "err_ucea_abs_kwh_year": 146812.38243749988,
        "err_ucea_pct_of_validation": 27.760057040375617,
        "err_ucea_area_minus_validation_m2": 26.80529533999851,
        "err_ucea_area_pct_of_validation": 11.826489717126497,
        "err_workflow0_minus_validation_kwh_year": 191458.80243750027,
        "err_workflow0_abs_kwh_year": 191458.80243750027,
        "err_workflow0_pct_of_validation": 36.202036833028345
      },
      "geometry": {
        "type": "Polygon",
        "coordinates": [
          [
            [
              -9.1387744,
              38.73082790000001
            ],
            [
              -9.1386895,
              38.730816299999994
            ],
            [
              -9.1387033,
              38.7307553
            ],
            [
              -9.1385862,
              38.7307392
            ],
            [
              -9.1386059,
              38.730651099999996
            ],
            [
              -9.1388075,
              38.7306805
            ],
            [
              -9.1387744,
              38.73082790000001
            ]
          ]
        ]
      }
    },
    {
      "type": "Feature",
      "properties": {
        "area_id": "Alameda_Arro",
        "osm_uid": "cea/113",
        "osmid": "113",
        "element_type": "cea_zone",
        "building": "yes",
        "cea_name": "B1113",
        "intersection_area_m2": 103.12994316471251,
        "is_residential": true,
        "residential_source": "cea",
        "radiation_sum_kwh_year": 215870.45606250002,
        "radiation_sum": 215870.45606250002,
        "radiation_point_count": 174.0,
        "use_type1": "MULTI_RES",
        "use_type2": "NONE",
        "use_type3": "NONE",
        "resi_type": null,
        "comparison_status": "matched",
        "validation_radiation_kwh_year": 215870.45606250002,
        "ucea_radiation_kwh_year": 178041.2199999993,
        "workflow0_radiation_kwh_year": 178306.1399999995,
        "validation_area_m2": 103.12994316471251,
        "ucea_roofs_top_m2": 102.97,
        "err_ucea_minus_validation_kwh_year": 37829.23606250071,
        "err_ucea_abs_kwh_year": 37829.23606250071,
        "err_ucea_pct_of_validation": 17.524045092834836,
        "err_ucea_area_minus_validation_m2": 0.1599431647125158,
        "err_ucea_area_pct_of_validation": 0.1550889681545396,
        "err_workflow0_minus_validation_kwh_year": 37564.316062500526,
        "err_workflow0_abs_kwh_year": 37564.316062500526,
        "err_workflow0_pct_of_validation": 17.401323343489253
      },
      "geometry": {
        "type": "Polygon",
        "coordinates": [
          [
            [
              -9.1366662,
              38.7312145
            ],
            [
              -9.1367087,
              38.73121369999999
            ],
            [
              -9.1368136,
              38.731211999999985
            ],
            [
              -9.1368146,
              38.7312508
            ],
            [
              -9.1368152,
              38.7312734
            ],
            [
              -9.1368155,
              38.73128499999999
            ],
            [
              -9.1368103,
              38.7312852
            ],
            [
              -9.1366685,
              38.7312865
            ],
            [
              -9.1366662,
              38.7312145
            ]
          ]
        ]
      }
    },
    {
      "type": "Feature",
      "properties": {
        "area_id": "Alameda_Arro",
        "osm_uid": "cea/114",
        "osmid": "114",
        "element_type": "cea_zone",
        "building": "yes",
        "cea_name": "B1114",
        "intersection_area_m2": 262.12159468197603,
        "is_residential": true,
        "residential_source": "cea",
        "radiation_sum_kwh_year": 582781.03746875,
        "radiation_sum": 582781.03746875,
        "radiation_point_count": 427.0,
        "use_type1": "MULTI_RES",
        "use_type2": "NONE",
        "use_type3": "NONE",
        "resi_type": null,
        "comparison_status": "matched",
        "validation_radiation_kwh_year": 582781.03746875,
        "ucea_radiation_kwh_year": 445569.61000000045,
        "workflow0_radiation_kwh_year": 460752.6499999991,
        "validation_area_m2": 262.12159468197603,
        "ucea_roofs_top_m2": 258.85,
        "err_ucea_minus_validation_kwh_year": 137211.42746874958,
        "err_ucea_abs_kwh_year": 137211.42746874958,
        "err_ucea_pct_of_validation": 23.544250524127108,
        "err_ucea_area_minus_validation_m2": 3.271594681976012,
        "err_ucea_area_pct_of_validation": 1.2481210050417004,
        "err_workflow0_minus_validation_kwh_year": 122028.38746875094,
        "err_workflow0_abs_kwh_year": 122028.38746875094,
        "err_workflow0_pct_of_validation": 20.938977012493197
      },
      "geometry": {
        "type": "Polygon",
        "coordinates": [
          [
            [
              -9.1366215,
              38.73113320000001
            ],
            [
              -9.1366218,
              38.73116509999999
            ],
            [
              -9.136649100000001,
              38.73116659999999
            ],
            [
              -9.136647,
              38.73117919999999
            ],
            [
              -9.1366658,
              38.73117910000001
            ],
            [
              -9.1366662,
              38.7312145
            ],
            [
              -9.1366685,
              38.7312865
            ],
            [
              -9.1366479,
              38.731284699999996
            ],
            [
              -9.1365895,
              38.73127980000001
            ],
            [
              -9.1364685,
              38.7312695
            ],
            [
              -9.1364679,
              38.7311776
            ],
            [
              -9.1364587,
              38.7311341
            ],
            [
              -9.1366215,
              38.73113320000001
            ]
          ]
        ]
      }
    },
    {
      "type": "Feature",
      "properties": {
        "area_id": "Alameda_Arro",
        "osm_uid": "cea/115",
        "osmid": "115",
        "element_type": "cea_zone",
        "building": "yes",
        "cea_name": "B1115",
        "intersection_area_m2": 249.39868916685177,
        "is_residential": true,
        "residential_source": "cea",
        "radiation_sum_kwh_year": 519281.59962500003,
        "radiation_sum": 519281.59962500003,
        "radiation_point_count": 410.0,
        "use_type1": "MULTI_RES",
        "use_type2": "NONE",
        "use_type3": "NONE",
        "resi_type": null,
        "comparison_status": "matched",
        "validation_radiation_kwh_year": 519281.59962500003,
        "ucea_radiation_kwh_year": 366363.0199999996,
        "workflow0_radiation_kwh_year": 371106.5799999998,
        "validation_area_m2": 249.39868916685177,
        "ucea_roofs_top_m2": 248.61,
        "err_ucea_minus_validation_kwh_year": 152918.57962500042,
        "err_ucea_abs_kwh_year": 152918.57962500042,
        "err_ucea_pct_of_validation": 29.44810286662011,
        "err_ucea_area_minus_validation_m2": 0.7886891668517535,
        "err_ucea_area_pct_of_validation": 0.31623629197349457,
        "err_workflow0_minus_validation_kwh_year": 148175.01962500025,
        "err_workflow0_abs_kwh_year": 148175.01962500025,
        "err_workflow0_pct_of_validation": 28.53461777424909
      },
      "geometry": {
        "type": "Polygon",
        "coordinates": [
          [
            [
              -9.1360258,
              38.73113270000001
            ],
            [
              -9.1360306,
              38.73108580000001
            ],
            [
              -9.1361215,
              38.73109389999998
            ],
            [
              -9.1361425,
              38.731146299999985
            ],
            [
              -9.1361565,
              38.73114669999998
            ],
            [
              -9.136245,
              38.73114879999999
            ],
            [
              -9.1362245,
              38.731248699999995
            ],
            [
              -9.1360167,
              38.731230999999994
            ],
            [
              -9.1360253,
              38.7311517
            ],
            [
              -9.1360258,
              38.73113270000001
            ]
          ]
        ]
      }
    },
    {
      "type": "Feature",
      "properties": {
        "area_id": "Alameda_Arro",
        "osm_uid": "cea/116",
        "osmid": "116",
        "element_type": "cea_zone",
        "building": "yes",
        "cea_name": "B1116",
        "intersection_area_m2": 91.54043066749344,
        "is_residential": true,
        "residential_source": "cea",
        "radiation_sum_kwh_year": 162695.490203125,
        "radiation_sum": 162695.490203125,
        "radiation_point_count": 157.0,
        "use_type1": "MULTI_RES",
        "use_type2": "NONE",
        "use_type3": "NONE",
        "resi_type": null,
        "comparison_status": "matched",
        "validation_radiation_kwh_year": 162695.490203125,
        "ucea_radiation_kwh_year": 60060.40999999989,
        "workflow0_radiation_kwh_year": 131890.57000000033,
        "validation_area_m2": 91.54043066749344,
        "ucea_roofs_top_m2": 48.22,
        "err_ucea_minus_validation_kwh_year": 102635.08020312511,
        "err_ucea_abs_kwh_year": 102635.08020312511,
        "err_ucea_pct_of_validation": 63.084158064237315,
        "err_ucea_area_minus_validation_m2": 43.32043066749344,
        "err_ucea_area_pct_of_validation": 47.32382221889282,
        "err_workflow0_minus_validation_kwh_year": 30804.920203124668,
        "err_workflow0_abs_kwh_year": 30804.920203124668,
        "err_workflow0_pct_of_validation": 18.93409593877789
      },
      "geometry": {
        "type": "Polygon",
        "coordinates": [
          [
            [
              -9.1364206,
              38.7310198
            ],
            [
              -9.1364159,
              38.7310088
            ],
            [
              -9.1364113,
              38.730997800000004
            ],
            [
              -9.1366071,
              38.730993700000006
            ],
            [
              -9.1366254,
              38.73099390000001
            ],
            [
              -9.1366178,
              38.7310438
            ],
            [
              -9.1364298,
              38.731041700000006
            ],
            [
              -9.1364252,
              38.7310307
            ],
            [
              -9.1364206,
              38.7310198
            ]
          ]
        ]
      }
    },
    {
      "type": "Feature",
      "properties": {
        "area_id": "Alameda_Arro",
        "osm_uid": "cea/117",
        "osmid": "117",
        "element_type": "cea_zone",
        "building": "yes",
        "cea_name": "B1117",
        "intersection_area_m2": 308.1765165420218,
        "is_residential": true,
        "residential_source": "cea",
        "radiation_sum_kwh_year": 801419.04025,
        "radiation_sum": 801419.04025,
        "radiation_point_count": 508.0,
        "use_type1": "MULTI_RES",
        "use_type2": "NONE",
        "use_type3": "NONE",
        "resi_type": null,
        "comparison_status": "matched",
        "validation_radiation_kwh_year": 801419.04025,
        "ucea_radiation_kwh_year": 444835.0599999995,
        "workflow0_radiation_kwh_year": 523798.10999999894,
        "validation_area_m2": 308.1765165420218,
        "ucea_roofs_top_m2": 313.82,
        "err_ucea_minus_validation_kwh_year": 356583.9802500005,
        "err_ucea_abs_kwh_year": 356583.9802500005,
        "err_ucea_pct_of_validation": 44.49407392901038,
        "err_ucea_area_minus_validation_m2": 5.6434834579782205,
        "err_ucea_area_pct_of_validation": 1.831250324100765,
        "err_workflow0_minus_validation_kwh_year": 277620.930250001,
        "err_workflow0_abs_kwh_year": 277620.930250001,
        "err_workflow0_pct_of_validation": 34.64116976349827
      },
      "geometry": {
        "type": "Polygon",
        "coordinates": [
          [
            [
              -9.1337693,
              38.729468199999985
            ],
            [
              -9.1336969,
              38.7294285
            ],
            [
              -9.1336862,
              38.72930710000001
            ],
            [
              -9.133882,
              38.729282
            ],
            [
              -9.133949,
              38.729365699999995
            ],
            [
              -9.1337693,
              38.729468199999985
            ]
          ]
        ]
      }
    },
    {
      "type": "Feature",
      "properties": {
        "area_id": "Alameda_Arro",
        "osm_uid": "cea/118",
        "osmid": "118",
        "element_type": "cea_zone",
        "building": "yes",
        "cea_name": "B1118",
        "intersection_area_m2": 424.9548474771858,
        "is_residential": true,
        "residential_source": "cea",
        "radiation_sum_kwh_year": 922433.9583281251,
        "radiation_sum": 922433.9583281251,
        "radiation_point_count": 701.0,
        "use_type1": "MULTI_RES",
        "use_type2": "NONE",
        "use_type3": "NONE",
        "resi_type": null,
        "comparison_status": "matched",
        "validation_radiation_kwh_year": 922433.9583281251,
        "ucea_radiation_kwh_year": 746126.8800000002,
        "workflow0_radiation_kwh_year": 747017.2099999983,
        "validation_area_m2": 424.9548474771858,
        "ucea_roofs_top_m2": 431.57,
        "err_ucea_minus_validation_kwh_year": 176307.07832812483,
        "err_ucea_abs_kwh_year": 176307.07832812483,
        "err_ucea_pct_of_validation": 19.113246724749207,
        "err_ucea_area_minus_validation_m2": 6.615152522814185,
        "err_ucea_area_pct_of_validation": 1.5566718586894874,
        "err_workflow0_minus_validation_kwh_year": 175416.74832812673,
        "err_workflow0_abs_kwh_year": 175416.74832812673,
        "err_workflow0_pct_of_validation": 19.016727077791305
      },
      "geometry": {
        "type": "Polygon",
        "coordinates": [
          [
            [
              -9.135729,
              38.7312065
            ],
            [
              -9.135446600000002,
              38.731182499999996
            ],
            [
              -9.1354488,
              38.731161099999994
            ],
            [
              -9.1354086,
              38.7311594
            ],
            [
              -9.1354215,
              38.7310309
            ],
            [
              -9.1355774,
              38.7310406
            ],
            [
              -9.1355746,
              38.73106739999999
            ],
            [
              -9.1357425,
              38.73107799999998
            ],
            [
              -9.1357402,
              38.7310997
            ],
            [
              -9.1357368,
              38.73113309999999
            ],
            [
              -9.135729,
              38.7312065
            ]
          ]
        ]
      }
    },
    {
      "type": "Feature",
      "properties": {
        "area_id": "Alameda_Arro",
        "osm_uid": "cea/119",
        "osmid": "119",
        "element_type": "cea_zone",
        "building": "yes",
        "cea_name": "B1119",
        "intersection_area_m2": 69.7380351062604,
        "is_residential": true,
        "residential_source": "cea",
        "radiation_sum_kwh_year": 107687.44271875,
        "radiation_sum": 107687.44271875,
        "radiation_point_count": 110.0,
        "use_type1": "MULTI_RES",
        "use_type2": "NONE",
        "use_type3": "NONE",
        "resi_type": null,
        "comparison_status": "matched",
        "validation_radiation_kwh_year": 107687.44271875,
        "ucea_radiation_kwh_year": 59252.640000000094,
        "workflow0_radiation_kwh_year": 51811.68999999995,
        "validation_area_m2": 69.7380351062604,
        "ucea_roofs_top_m2": 71.35,
        "err_ucea_minus_validation_kwh_year": 48434.8027187499,
        "err_ucea_abs_kwh_year": 48434.8027187499,
        "err_ucea_pct_of_validation": 44.977205787352844,
        "err_ucea_area_minus_validation_m2": 1.6119648937395965,
        "err_ucea_area_pct_of_validation": 2.3114572862333054,
        "err_workflow0_minus_validation_kwh_year": 55875.752718750045,
        "err_workflow0_abs_kwh_year": 55875.752718750045,
        "err_workflow0_pct_of_validation": 51.886971505751276
      },
      "geometry": {
        "type": "Polygon",
        "coordinates": [
          [
            [
              -9.1363738,
              38.73090779999999
            ],
            [
              -9.136355,
              38.73085759999999
            ],
            [
              -9.1365146,
              38.730858999999995
            ],
            [
              -9.1365163,
              38.73090440000001
            ],
            [
              -9.1363738,
              38.73090779999999
            ]
          ]
        ]
      }
    },
    {
      "type": "Feature",
      "properties": {
        "area_id": "Alameda_Arro",
        "osm_uid": "cea/120",
        "osmid": "120",
        "element_type": "cea_zone",
        "building": "yes",
        "cea_name": "B1120",
        "intersection_area_m2": 89.17034419509923,
        "is_residential": true,
        "residential_source": "cea",
        "radiation_sum_kwh_year": 116286.00165625001,
        "radiation_sum": 116286.00165625001,
        "radiation_point_count": 145.0,
        "use_type1": "MULTI_RES",
        "use_type2": "NONE",
        "use_type3": "NONE",
        "resi_type": null,
        "comparison_status": "matched",
        "validation_radiation_kwh_year": 116286.00165625001,
        "ucea_radiation_kwh_year": 125206.6200000003,
        "workflow0_radiation_kwh_year": 109654.70000000022,
        "validation_area_m2": 89.17034419509923,
        "ucea_roofs_top_m2": 91.44,
        "err_ucea_minus_validation_kwh_year": 8920.618343750291,
        "err_ucea_abs_kwh_year": 8920.618343750291,
        "err_ucea_pct_of_validation": 7.6712744583998145,
        "err_ucea_area_minus_validation_m2": 2.269655804900765,
        "err_ucea_area_pct_of_validation": 2.5453034025918946,
        "err_workflow0_minus_validation_kwh_year": 6631.301656249794,
        "err_workflow0_abs_kwh_year": 6631.301656249794,
        "err_workflow0_pct_of_validation": 5.7025794694123295
      },
      "geometry": {
        "type": "Polygon",
        "coordinates": [
          [
            [
              -9.1366071,
              38.730993700000006
            ],
            [
              -9.1364113,
              38.730997800000004
            ],
            [
              -9.1363925,
              38.730953799999995
            ],
            [
              -9.1365486,
              38.73094919999999
            ],
            [
              -9.1366044,
              38.7309475
            ],
            [
              -9.1366071,
              38.730993700000006
            ]
          ]
        ]
      }
    },
    {
      "type": "Feature",
      "properties": {
        "area_id": "Alameda_Arro",
        "osm_uid": "cea/121",
        "osmid": "121",
        "element_type": "cea_zone",
        "building": "yes",
        "cea_name": "B1121",
        "intersection_area_m2": 141.073568978494,
        "is_residential": true,
        "residential_source": "cea",
        "radiation_sum_kwh_year": 260658.61357812502,
        "radiation_sum": 260658.61357812502,
        "radiation_point_count": 234.0,
        "use_type1": "MULTI_RES",
        "use_type2": "NONE",
        "use_type3": "NONE",
        "resi_type": null,
        "comparison_status": "matched",
        "validation_radiation_kwh_year": 260658.61357812502,
        "ucea_radiation_kwh_year": 210087.7400000007,
        "workflow0_radiation_kwh_year": 205223.65999999983,
        "validation_area_m2": 141.073568978494,
        "ucea_roofs_top_m2": 142.81,
        "err_ucea_minus_validation_kwh_year": 50570.87357812433,
        "err_ucea_abs_kwh_year": 50570.87357812433,
        "err_ucea_pct_of_validation": 19.401190271031325,
        "err_ucea_area_minus_validation_m2": 1.7364310215060073,
        "err_ucea_area_pct_of_validation": 1.230869137344018,
        "err_workflow0_minus_validation_kwh_year": 55434.95357812519,
        "err_workflow0_abs_kwh_year": 55434.95357812519,
        "err_workflow0_pct_of_validation": 21.267263267135476
      },
      "geometry": {
        "type": "Polygon",
        "coordinates": [
          [
            [
              -9.1360515,
              38.73070409999998
            ],
            [
              -9.136118300000001,
              38.7306941
            ],
            [
              -9.1361509,
              38.7307887
            ],
            [
              -9.136009,
              38.7308178
            ],
            [
              -9.1359795,
              38.7307153
            ],
            [
              -9.1360515,
              38.73070409999998
            ]
          ]
        ]
      }
    },
    {
      "type": "Feature",
      "properties": {
        "area_id": "Alameda_Arro",
        "osm_uid": "cea/123",
        "osmid": "123",
        "element_type": "cea_zone",
        "building": "yes",
        "cea_name": "B1123",
        "intersection_area_m2": 201.53114081621717,
        "is_residential": true,
        "residential_source": "cea",
        "radiation_sum_kwh_year": 482382.7254375,
        "radiation_sum": 482382.7254375,
        "radiation_point_count": 328.0,
        "use_type1": "MULTI_RES",
        "use_type2": "NONE",
        "use_type3": "NONE",
        "resi_type": null,
        "comparison_status": "matched",
        "validation_radiation_kwh_year": 482382.7254375,
        "ucea_radiation_kwh_year": 351627.3200000005,
        "workflow0_radiation_kwh_year": 345967.48000000103,
        "validation_area_m2": 201.53114081621717,
        "ucea_roofs_top_m2": 211.73,
        "err_ucea_minus_validation_kwh_year": 130755.40543749952,
        "err_ucea_abs_kwh_year": 130755.40543749952,
        "err_ucea_pct_of_validation": 27.10615420958744,
        "err_ucea_area_minus_validation_m2": 10.198859183782815,
        "err_ucea_area_pct_of_validation": 5.060686473800835,
        "err_workflow0_minus_validation_kwh_year": 136415.24543749896,
        "err_workflow0_abs_kwh_year": 136415.24543749896,
        "err_workflow0_pct_of_validation": 28.279463223683294
      },
      "geometry": {
        "type": "Polygon",
        "coordinates": [
          [
            [
              -9.135803700000002,
              38.73020819999999
            ],
            [
              -9.1359982,
              38.73020639999999
            ],
            [
              -9.1359896,
              38.7303208
            ],
            [
              -9.1357971,
              38.7303094
            ],
            [
              -9.1357997,
              38.73026990000001
            ],
            [
              -9.135803700000002,
              38.73020819999999
            ]
          ]
        ]
      }
    },
    {
      "type": "Feature",
      "properties": {
        "area_id": "Alameda_Arro",
        "osm_uid": "cea/124",
        "osmid": "124",
        "element_type": "cea_zone",
        "building": "yes",
        "cea_name": "B1124",
        "intersection_area_m2": 163.31402902391076,
        "is_residential": true,
        "residential_source": "cea",
        "radiation_sum_kwh_year": 406899.307703125,
        "radiation_sum": 406899.307703125,
        "radiation_point_count": 266.0,
        "use_type1": "MULTI_RES",
        "use_type2": "NONE",
        "use_type3": "NONE",
        "resi_type": null,
        "comparison_status": "matched",
        "validation_radiation_kwh_year": 406899.307703125,
        "ucea_radiation_kwh_year": 220425.69999999992,
        "workflow0_radiation_kwh_year": 268389.0499999998,
        "validation_area_m2": 163.31402902391076,
        "ucea_roofs_top_m2": 132.37,
        "err_ucea_minus_validation_kwh_year": 186473.60770312508,
        "err_ucea_abs_kwh_year": 186473.60770312508,
        "err_ucea_pct_of_validation": 45.82794911982913,
        "err_ucea_area_minus_validation_m2": 30.94402902391076,
        "err_ucea_area_pct_of_validation": 18.94756329805583,
        "err_workflow0_minus_validation_kwh_year": 138510.2577031252,
        "err_workflow0_abs_kwh_year": 138510.2577031252,
        "err_workflow0_pct_of_validation": 34.04042599261012
      },
      "geometry": {
        "type": "Polygon",
        "coordinates": [
          [
            [
              -9.1355099,
              38.72827199999999
            ],
            [
              -9.135376,
              38.7282641
            ],
            [
              -9.1353829,
              38.728189
            ],
            [
              -9.135479400000001,
              38.7281932
            ],
            [
              -9.135479400000001,
              38.7281493
            ],
            [
              -9.13544,
              38.728148299999994
            ],
            [
              -9.1354476,
              38.7280835
            ],
            [
              -9.1355031,
              38.7280879
            ],
            [
              -9.1355261,
              38.72810990000001
            ],
            [
              -9.1355099,
              38.72827199999999
            ]
          ]
        ]
      }
    },
    {
      "type": "Feature",
      "properties": {
        "area_id": "Alameda_Arro",
        "osm_uid": "cea/125",
        "osmid": "125",
        "element_type": "cea_zone",
        "building": "yes",
        "cea_name": "B1125",
        "intersection_area_m2": 447.3788461316992,
        "is_residential": true,
        "residential_source": "cea",
        "radiation_sum_kwh_year": 1097021.3245,
        "radiation_sum": 1097021.3245,
        "radiation_point_count": 744.0,
        "use_type1": "MULTI_RES",
        "use_type2": "NONE",
        "use_type3": "NONE",
        "resi_type": null,
        "comparison_status": "matched",
        "validation_radiation_kwh_year": 1097021.3245,
        "ucea_radiation_kwh_year": 792839.1499999993,
        "workflow0_radiation_kwh_year": 770747.8599999987,
        "validation_area_m2": 447.3788461316992,
        "ucea_roofs_top_m2": 460.29,
        "err_ucea_minus_validation_kwh_year": 304182.1745000008,
        "err_ucea_abs_kwh_year": 304182.1745000008,
        "err_ucea_pct_of_validation": 27.728009265329533,
        "err_ucea_area_minus_validation_m2": 12.9111538683008,
        "err_ucea_area_pct_of_validation": 2.88595537762642,
        "err_workflow0_minus_validation_kwh_year": 326273.4645000014,
        "err_workflow0_abs_kwh_year": 326273.4645000014,
        "err_workflow0_pct_of_validation": 29.741761369015336
      },
      "geometry": {
        "type": "Polygon",
        "coordinates": [
          [
            [
              -9.1377815,
              38.7276143
            ],
            [
              -9.1377834,
              38.727731500000004
            ],
            [
              -9.1376437,
              38.727733300000004
            ],
            [
              -9.137639,
              38.72755449999998
            ],
            [
              -9.1376384,
              38.72753329999999
            ],
            [
              -9.1376379,
              38.727512999999995
            ],
            [
              -9.1376707,
              38.7274962
            ],
            [
              -9.1377046,
              38.7274939
            ],
            [
              -9.1379178,
              38.727539300000004
            ],
            [
              -9.1379082,
              38.7276412
            ],
            [
              -9.1377815,
              38.7276143
            ]
          ]
        ]
      }
    },
    {
      "type": "Feature",
      "properties": {
        "area_id": "Alameda_Arro",
        "osm_uid": "cea/126",
        "osmid": "126",
        "element_type": "cea_zone",
        "building": "yes",
        "cea_name": "B1126",
        "intersection_area_m2": 105.05188457542758,
        "is_residential": true,
        "residential_source": "cea",
        "radiation_sum_kwh_year": 247763.14125000002,
        "radiation_sum": 247763.14125000002,
        "radiation_point_count": 173.0,
        "use_type1": "MULTI_RES",
        "use_type2": "NONE",
        "use_type3": "NONE",
        "resi_type": null,
        "comparison_status": "matched",
        "validation_radiation_kwh_year": 247763.14125000002,
        "ucea_radiation_kwh_year": 181546.5899999998,
        "workflow0_radiation_kwh_year": 181295.49999999898,
        "validation_area_m2": 105.05188457542758,
        "ucea_roofs_top_m2": 108.03,
        "err_ucea_minus_validation_kwh_year": 66216.55125000022,
        "err_ucea_abs_kwh_year": 66216.55125000022,
        "err_ucea_pct_of_validation": 26.725747387576853,
        "err_ucea_area_minus_validation_m2": 2.9781154245724224,
        "err_ucea_area_pct_of_validation": 2.8348995704442848,
        "err_workflow0_minus_validation_kwh_year": 66467.64125000103,
        "err_workflow0_abs_kwh_year": 66467.64125000103,
        "err_workflow0_pct_of_validation": 26.82709014531476
      },
      "geometry": {
        "type": "Polygon",
        "coordinates": [
          [
            [
              -9.1356536,
              38.73028790000001
            ],
            [
              -9.1356473,
              38.730357000000005
            ],
            [
              -9.1354901,
              38.7303482
            ],
            [
              -9.135497,
              38.73027919999999
            ],
            [
              -9.1356536,
              38.73028790000001
            ]
          ]
        ]
      }
    },
    {
      "type": "Feature",
      "properties": {
        "area_id": "Alameda_Arro",
        "osm_uid": "cea/127",
        "osmid": "127",
        "element_type": "cea_zone",
        "building": "yes",
        "cea_name": "B1127",
        "intersection_area_m2": 118.40357289235229,
        "is_residential": true,
        "residential_source": "cea",
        "radiation_sum_kwh_year": 257253.60871875,
        "radiation_sum": 257253.60871875,
        "radiation_point_count": 193.0,
        "use_type1": "MULTI_RES",
        "use_type2": "NONE",
        "use_type3": "NONE",
        "resi_type": null,
        "comparison_status": "matched",
        "validation_radiation_kwh_year": 257253.60871875,
        "ucea_radiation_kwh_year": 204793.1200000001,
        "workflow0_radiation_kwh_year": 203192.47999999954,
        "validation_area_m2": 118.40357289235229,
        "ucea_roofs_top_m2": 122.92,
        "err_ucea_minus_validation_kwh_year": 52460.4887187499,
        "err_ucea_abs_kwh_year": 52460.4887187499,
        "err_ucea_pct_of_validation": 20.392518099174207,
        "err_ucea_area_minus_validation_m2": 4.516427107647715,
        "err_ucea_area_pct_of_validation": 3.814434815876601,
        "err_workflow0_minus_validation_kwh_year": 54061.128718750464,
        "err_workflow0_abs_kwh_year": 54061.128718750464,
        "err_workflow0_pct_of_validation": 21.014721227041896
      },
      "geometry": {
        "type": "Polygon",
        "coordinates": [
          [
            [
              -9.1356506,
              38.730632099999994
            ],
            [
              -9.1356447,
              38.730697
            ],
            [
              -9.1354561,
              38.73068649999999
            ],
            [
              -9.1354626,
              38.73062169999999
            ],
            [
              -9.1356506,
              38.730632099999994
            ]
          ]
        ]
      }
    },
    {
      "type": "Feature",
      "properties": {
        "area_id": "Alameda_Arro",
        "osm_uid": "cea/128",
        "osmid": "128",
        "element_type": "cea_zone",
        "building": "yes",
        "cea_name": "B1128",
        "intersection_area_m2": 501.9755707785969,
        "is_residential": true,
        "residential_source": "cea",
        "radiation_sum_kwh_year": 1135273.0889375,
        "radiation_sum": 1135273.0889375,
        "radiation_point_count": 828.0,
        "use_type1": "MULTI_RES",
        "use_type2": "NONE",
        "use_type3": "NONE",
        "resi_type": null,
        "comparison_status": "matched",
        "validation_radiation_kwh_year": 1135273.0889375,
        "ucea_radiation_kwh_year": 855146.740000001,
        "workflow0_radiation_kwh_year": 870906.7900000006,
        "validation_area_m2": 501.9755707785969,
        "ucea_roofs_top_m2": 494.18,
        "err_ucea_minus_validation_kwh_year": 280126.348937499,
        "err_ucea_abs_kwh_year": 280126.348937499,
        "err_ucea_pct_of_validation": 24.6747986600888,
        "err_ucea_area_minus_validation_m2": 7.795570778596868,
        "err_ucea_area_pct_of_validation": 1.552978119334658,
        "err_workflow0_minus_validation_kwh_year": 264366.2989374994,
        "err_workflow0_abs_kwh_year": 264366.2989374994,
        "err_workflow0_pct_of_validation": 23.286582013929294
      },
      "geometry": {
        "type": "Polygon",
        "coordinates": [
          [
            [
              -9.136118300000001,
              38.7306941
            ],
            [
              -9.1360515,
              38.73070409999998
            ],
            [
              -9.1360492,
              38.73068809999999
            ],
            [
              -9.1359688,
              38.7307048
            ],
            [
              -9.1359607,
              38.73067759999999
            ],
            [
              -9.1359178,
              38.73067759999999
            ],
            [
              -9.1359151,
              38.730704800000005
            ],
            [
              -9.135873,
              38.730708699999994
            ],
            [
              -9.1358054,
              38.730704899999985
            ],
            [
              -9.1358293,
              38.7305102
            ],
            [
              -9.1360504,
              38.7304971
            ],
            [
              -9.136118300000001,
              38.7306941
            ]
          ]
        ]
      }
    },
    {
      "type": "Feature",
      "properties": {
        "area_id": "Alameda_Arro",
        "osm_uid": "cea/129",
        "osmid": "129",
        "element_type": "cea_zone",
        "building": "yes",
        "cea_name": "B1129",
        "intersection_area_m2": 124.2620236728443,
        "is_residential": true,
        "residential_source": "cea",
        "radiation_sum_kwh_year": 286119.304375,
        "radiation_sum": 286119.304375,
        "radiation_point_count": 206.0,
        "use_type1": "MULTI_RES",
        "use_type2": "NONE",
        "use_type3": "NONE",
        "resi_type": null,
        "comparison_status": "matched",
        "validation_radiation_kwh_year": 286119.304375,
        "ucea_radiation_kwh_year": 214183.22999999928,
        "workflow0_radiation_kwh_year": 214944.31999999934,
        "validation_area_m2": 124.2620236728443,
        "ucea_roofs_top_m2": 126.17,
        "err_ucea_minus_validation_kwh_year": 71936.07437500072,
        "err_ucea_abs_kwh_year": 71936.07437500072,
        "err_ucea_pct_of_validation": 25.14198562454153,
        "err_ucea_area_minus_validation_m2": 1.9079763271557084,
        "err_ucea_area_pct_of_validation": 1.5354460443836064,
        "err_workflow0_minus_validation_kwh_year": 71174.98437500067,
        "err_workflow0_abs_kwh_year": 71174.98437500067,
        "err_workflow0_pct_of_validation": 24.875981203182203
      },
      "geometry": {
        "type": "Polygon",
        "coordinates": [
          [
            [
              -9.1339022,
              38.7296162
            ],
            [
              -9.1337663,
              38.7296878
            ],
            [
              -9.1337559,
              38.72957180000001
            ],
            [
              -9.1338326,
              38.72953179999999
            ],
            [
              -9.1339022,
              38.7296162
            ]
          ]
        ]
      }
    },
    {
      "type": "Feature",
      "properties": {
        "area_id": "Alameda_Arro",
        "osm_uid": "cea/130",
        "osmid": "130",
        "element_type": "cea_zone",
        "building": "yes",
        "cea_name": "B1130",
        "intersection_area_m2": 180.64658738792795,
        "is_residential": true,
        "residential_source": "cea",
        "radiation_sum_kwh_year": 396012.66712500004,
        "radiation_sum": 396012.66712500004,
        "radiation_point_count": 298.0,
        "use_type1": "MULTI_RES",
        "use_type2": "NONE",
        "use_type3": "NONE",
        "resi_type": null,
        "comparison_status": "matched",
        "validation_radiation_kwh_year": 396012.66712500004,
        "ucea_radiation_kwh_year": 284646.11999999965,
        "workflow0_radiation_kwh_year": 274831.32000000065,
        "validation_area_m2": 180.64658738792795,
        "ucea_roofs_top_m2": 189.85,
        "err_ucea_minus_validation_kwh_year": 111366.54712500039,
        "err_ucea_abs_kwh_year": 111366.54712500039,
        "err_ucea_pct_of_validation": 28.121965878896475,
        "err_ucea_area_minus_validation_m2": 9.203412612072043,
        "err_ucea_area_pct_of_validation": 5.094706047398645,
        "err_workflow0_minus_validation_kwh_year": 121181.34712499939,
        "err_workflow0_abs_kwh_year": 121181.34712499939,
        "err_workflow0_pct_of_validation": 30.600371448913506
      },
      "geometry": {
        "type": "Polygon",
        "coordinates": [
          [
            [
              -9.1362305,
              38.731019499999995
            ],
            [
              -9.1361216,
              38.7310396
            ],
            [
              -9.1361163,
              38.7310145
            ],
            [
              -9.1360868,
              38.73101869999999
            ],
            [
              -9.1360519,
              38.73090359999999
            ],
            [
              -9.1361838,
              38.73088430000001
            ],
            [
              -9.1362305,
              38.731019499999995
            ]
          ]
        ]
      }
    },
    {
      "type": "Feature",
      "properties": {
        "area_id": "Alameda_Arro",
        "osm_uid": "cea/132",
        "osmid": "132",
        "element_type": "cea_zone",
        "building": "yes",
        "cea_name": "B1132",
        "intersection_area_m2": 168.8178209127675,
        "is_residential": true,
        "residential_source": "cea",
        "radiation_sum_kwh_year": 321179.6078359375,
        "radiation_sum": 321179.6078359375,
        "radiation_point_count": 272.0,
        "use_type1": "MULTI_RES",
        "use_type2": "NONE",
        "use_type3": "NONE",
        "resi_type": null,
        "comparison_status": "matched",
        "validation_radiation_kwh_year": 321179.6078359375,
        "ucea_radiation_kwh_year": 288614.82999999996,
        "workflow0_radiation_kwh_year": 288223.10000000114,
        "validation_area_m2": 168.8178209127675,
        "ucea_roofs_top_m2": 172.73,
        "err_ucea_minus_validation_kwh_year": 32564.777835937566,
        "err_ucea_abs_kwh_year": 32564.777835937566,
        "err_ucea_pct_of_validation": 10.139117503553354,
        "err_ucea_area_minus_validation_m2": 3.912179087232488,
        "err_ucea_area_pct_of_validation": 2.317396982190649,
        "err_workflow0_minus_validation_kwh_year": 32956.50783593638,
        "err_workflow0_abs_kwh_year": 32956.50783593638,
        "err_workflow0_pct_of_validation": 10.261083528307616
      },
      "geometry": {
        "type": "Polygon",
        "coordinates": [
          [
            [
              -9.136016,
              38.729987599999994
            ],
            [
              -9.135877,
              38.72997699999999
            ],
            [
              -9.1358802,
              38.729853199999994
            ],
            [
              -9.1360251,
              38.7298658
            ],
            [
              -9.136016,
              38.729987599999994
            ]
          ]
        ]
      }
    },
    {
      "type": "Feature",
      "properties": {
        "area_id": "Alameda_Arro",
        "osm_uid": "cea/133",
        "osmid": "133",
        "element_type": "cea_zone",
        "building": "yes",
        "cea_name": "B1133",
        "intersection_area_m2": 193.54003630017436,
        "is_residential": true,
        "residential_source": "cea",
        "radiation_sum_kwh_year": 438666.33440625,
        "radiation_sum": 438666.33440625,
        "radiation_point_count": 317.0,
        "use_type1": "MULTI_RES",
        "use_type2": "NONE",
        "use_type3": "NONE",
        "resi_type": null,
        "comparison_status": "matched",
        "validation_radiation_kwh_year": 438666.33440625,
        "ucea_radiation_kwh_year": 267928.4300000002,
        "workflow0_radiation_kwh_year": 331233.69000000006,
        "validation_area_m2": 193.54003630017436,
        "ucea_roofs_top_m2": 162.36,
        "err_ucea_minus_validation_kwh_year": 170737.90440624976,
        "err_ucea_abs_kwh_year": 170737.90440624976,
        "err_ucea_pct_of_validation": 38.922044163099365,
        "err_ucea_area_minus_validation_m2": 31.18003630017435,
        "err_ucea_area_pct_of_validation": 16.11038051672943,
        "err_workflow0_minus_validation_kwh_year": 107432.64440624992,
        "err_workflow0_abs_kwh_year": 107432.64440624992,
        "err_workflow0_pct_of_validation": 24.490742958805743
      },
      "geometry": {
        "type": "Polygon",
        "coordinates": [
          [
            [
              -9.1360184,
              38.7304043
            ],
            [
              -9.135789,
              38.730416099999985
            ],
            [
              -9.1357956,
              38.7303285
            ],
            [
              -9.1357971,
              38.7303094
            ],
            [
              -9.1359896,
              38.7303208
            ],
            [
              -9.1360184,
              38.7304043
            ]
          ]
        ]
      }
    },
    {
      "type": "Feature",
      "properties": {
        "area_id": "Alameda_Arro",
        "osm_uid": "cea/134",
        "osmid": "134",
        "element_type": "cea_zone",
        "building": "yes",
        "cea_name": "B1134",
        "intersection_area_m2": 77.78683534127558,
        "is_residential": true,
        "residential_source": "cea",
        "radiation_sum_kwh_year": 122791.11428125,
        "radiation_sum": 122791.11428125,
        "radiation_point_count": 123.0,
        "use_type1": "MULTI_RES",
        "use_type2": "NONE",
        "use_type3": "NONE",
        "resi_type": null,
        "comparison_status": "matched",
        "validation_radiation_kwh_year": 122791.11428125,
        "ucea_radiation_kwh_year": 118854.26000000024,
        "workflow0_radiation_kwh_year": 118589.61000000058,
        "validation_area_m2": 77.78683534127558,
        "ucea_roofs_top_m2": 79.15,
        "err_ucea_minus_validation_kwh_year": 3936.8542812497617,
        "err_ucea_abs_kwh_year": 3936.8542812497617,
        "err_ucea_pct_of_validation": 3.206139389070527,
        "err_ucea_area_minus_validation_m2": 1.363164658724429,
        "err_ucea_area_pct_of_validation": 1.752436196618351,
        "err_workflow0_minus_validation_kwh_year": 4201.504281249421,
        "err_workflow0_abs_kwh_year": 4201.504281249421,
        "err_workflow0_pct_of_validation": 3.4216680138808577
      },
      "geometry": {
        "type": "Polygon",
        "coordinates": [
          [
            [
              -9.136442600000002,
              38.73108979999999
            ],
            [
              -9.1364383,
              38.731073800000004
            ],
            [
              -9.1364341,
              38.73105769999999
            ],
            [
              -9.1364298,
              38.731041700000006
            ],
            [
              -9.1366178,
              38.7310438
            ],
            [
              -9.1366182,
              38.7310843
            ],
            [
              -9.136442600000002,
              38.73108979999999
            ]
          ]
        ]
      }
    },
    {
      "type": "Feature",
      "properties": {
        "area_id": "Alameda_Arro",
        "osm_uid": "cea/135",
        "osmid": "135",
        "element_type": "cea_zone",
        "building": "yes",
        "cea_name": "B1135",
        "intersection_area_m2": 123.63433270842623,
        "is_residential": true,
        "residential_source": "cea",
        "radiation_sum_kwh_year": 290097.6358125,
        "radiation_sum": 290097.6358125,
        "radiation_point_count": 202.0,
        "use_type1": "MULTI_RES",
        "use_type2": "NONE",
        "use_type3": "NONE",
        "resi_type": null,
        "comparison_status": "matched",
        "validation_radiation_kwh_year": 290097.6358125,
        "ucea_radiation_kwh_year": 213627.9100000007,
        "workflow0_radiation_kwh_year": 213329.21000000054,
        "validation_area_m2": 123.63433270842623,
        "ucea_roofs_top_m2": 126.35,
        "err_ucea_minus_validation_kwh_year": 76469.72581249932,
        "err_ucea_abs_kwh_year": 76469.72581249932,
        "err_ucea_pct_of_validation": 26.3599962124215,
        "err_ucea_area_minus_validation_m2": 2.715667291573766,
        "err_ucea_area_pct_of_validation": 2.1965316850767302,
        "err_workflow0_minus_validation_kwh_year": 76768.42581249948,
        "err_workflow0_abs_kwh_year": 76768.42581249948,
        "err_workflow0_pct_of_validation": 26.4629615465455
      },
      "geometry": {
        "type": "Polygon",
        "coordinates": [
          [
            [
              -9.1356611,
              38.7302063
            ],
            [
              -9.1356536,
              38.73028790000001
            ],
            [
              -9.135497,
              38.73027919999999
            ],
            [
              -9.1355052,
              38.7301976
            ],
            [
              -9.1356611,
              38.7302063
            ]
          ]
        ]
      }
    },
    {
      "type": "Feature",
      "properties": {
        "area_id": "Alameda_Arro",
        "osm_uid": "cea/136",
        "osmid": "136",
        "element_type": "cea_zone",
        "building": "yes",
        "cea_name": "B1136",
        "intersection_area_m2": 121.79062277403958,
        "is_residential": true,
        "residential_source": "cea",
        "radiation_sum_kwh_year": 269866.5649375,
        "radiation_sum": 269866.5649375,
        "radiation_point_count": 201.0,
        "use_type1": "MULTI_RES",
        "use_type2": "NONE",
        "use_type3": "NONE",
        "resi_type": null,
        "comparison_status": "matched",
        "validation_radiation_kwh_year": 269866.5649375,
        "ucea_radiation_kwh_year": 199249.0100000008,
        "workflow0_radiation_kwh_year": 210455.07999999952,
        "validation_area_m2": 121.79062277403958,
        "ucea_roofs_top_m2": 122.86,
        "err_ucea_minus_validation_kwh_year": 70617.5549374992,
        "err_ucea_abs_kwh_year": 70617.5549374992,
        "err_ucea_pct_of_validation": 26.16758209889911,
        "err_ucea_area_minus_validation_m2": 1.069377225960423,
        "err_ucea_area_pct_of_validation": 0.8780456176371302,
        "err_workflow0_minus_validation_kwh_year": 59411.48493750047,
        "err_workflow0_abs_kwh_year": 59411.48493750047,
        "err_workflow0_pct_of_validation": 22.015133646237327
      },
      "geometry": {
        "type": "Polygon",
        "coordinates": [
          [
            [
              -9.1380532,
              38.7275688
            ],
            [
              -9.1380467,
              38.7276491
            ],
            [
              -9.1379082,
              38.7276412
            ],
            [
              -9.1379178,
              38.727539300000004
            ],
            [
              -9.1380532,
              38.7275688
            ]
          ]
        ]
      }
    },
    {
      "type": "Feature",
      "properties": {
        "area_id": "Alameda_Arro",
        "osm_uid": "cea/137",
        "osmid": "137",
        "element_type": "cea_zone",
        "building": "yes",
        "cea_name": "B1137",
        "intersection_area_m2": 123.12770617765561,
        "is_residential": true,
        "residential_source": "cea",
        "radiation_sum_kwh_year": 287693.20687500003,
        "radiation_sum": 287693.20687500003,
        "radiation_point_count": 205.0,
        "use_type1": "MULTI_RES",
        "use_type2": "NONE",
        "use_type3": "NONE",
        "resi_type": null,
        "comparison_status": "matched",
        "validation_radiation_kwh_year": 287693.20687500003,
        "ucea_radiation_kwh_year": 211404.61999999924,
        "workflow0_radiation_kwh_year": 210928.51000000007,
        "validation_area_m2": 123.12770617765561,
        "ucea_roofs_top_m2": 126.56,
        "err_ucea_minus_validation_kwh_year": 76288.5868750008,
        "err_ucea_abs_kwh_year": 76288.5868750008,
        "err_ucea_pct_of_validation": 26.517340365338367,
        "err_ucea_area_minus_validation_m2": 3.4322938223443913,
        "err_ucea_area_pct_of_validation": 2.7875885362406443,
        "err_workflow0_minus_validation_kwh_year": 76764.69687499997,
        "err_workflow0_abs_kwh_year": 76764.69687499997,
        "err_workflow0_pct_of_validation": 26.682832628840448
      },
      "geometry": {
        "type": "Polygon",
        "coordinates": [
          [
            [
              -9.1356568,
              38.7305645
            ],
            [
              -9.1356506,
              38.730632099999994
            ],
            [
              -9.1354626,
              38.73062169999999
            ],
            [
              -9.1354694,
              38.73055399999999
            ],
            [
              -9.1356568,
              38.7305645
            ]
          ]
        ]
      }
    },
    {
      "type": "Feature",
      "properties": {
        "area_id": "Alameda_Arro",
        "osm_uid": "cea/138",
        "osmid": "138",
        "element_type": "cea_zone",
        "building": "yes",
        "cea_name": "B1138",
        "intersection_area_m2": 129.1414904064885,
        "is_residential": true,
        "residential_source": "cea",
        "radiation_sum_kwh_year": 284573.39125,
        "radiation_sum": 284573.39125,
        "radiation_point_count": 211.0,
        "use_type1": "MULTI_RES",
        "use_type2": "NONE",
        "use_type3": "NONE",
        "resi_type": null,
        "comparison_status": "matched",
        "validation_radiation_kwh_year": 284573.39125,
        "ucea_radiation_kwh_year": 210045.98999999923,
        "workflow0_radiation_kwh_year": 191194.41000000088,
        "validation_area_m2": 129.1414904064885,
        "ucea_roofs_top_m2": 129.07,
        "err_ucea_minus_validation_kwh_year": 74527.40125000075,
        "err_ucea_abs_kwh_year": 74527.40125000075,
        "err_ucea_pct_of_validation": 26.189167203102215,
        "err_ucea_area_minus_validation_m2": 0.07149040648849336,
        "err_ucea_area_pct_of_validation": 0.05535820150709787,
        "err_workflow0_minus_validation_kwh_year": 93378.98124999911,
        "err_workflow0_abs_kwh_year": 93378.98124999911,
        "err_workflow0_pct_of_validation": 32.81367271895246
      },
      "geometry": {
        "type": "Polygon",
        "coordinates": [
          [
            [
              -9.1381268,
              38.72768959999999
            ],
            [
              -9.1381253,
              38.7277058
            ],
            [
              -9.1380418,
              38.727701
            ],
            [
              -9.1380467,
              38.7276491
            ],
            [
              -9.1380532,
              38.7275688
            ],
            [
              -9.1381569,
              38.72757370000001
            ],
            [
              -9.1381455,
              38.7276907
            ],
            [
              -9.1381268,
              38.72768959999999
            ]
          ]
        ]
      }
    },
    {
      "type": "Feature",
      "properties": {
        "area_id": "Alameda_Arro",
        "osm_uid": "cea/139",
        "osmid": "139",
        "element_type": "cea_zone",
        "building": "yes",
        "cea_name": "B1139",
        "intersection_area_m2": 179.2154842543212,
        "is_residential": true,
        "residential_source": "cea",
        "radiation_sum_kwh_year": 375739.7878125,
        "radiation_sum": 375739.7878125,
        "radiation_point_count": 300.0,
        "use_type1": "MULTI_RES",
        "use_type2": "NONE",
        "use_type3": "NONE",
        "resi_type": null,
        "comparison_status": "matched",
        "validation_radiation_kwh_year": 375739.7878125,
        "ucea_radiation_kwh_year": 280526.0,
        "workflow0_radiation_kwh_year": 305429.9400000002,
        "validation_area_m2": 179.2154842543212,
        "ucea_roofs_top_m2": 182.43,
        "err_ucea_minus_validation_kwh_year": 95213.78781250003,
        "err_ucea_abs_kwh_year": 95213.78781250003,
        "err_ucea_pct_of_validation": 25.340352792239607,
        "err_ucea_area_minus_validation_m2": 3.2145157456787956,
        "err_ucea_area_pct_of_validation": 1.7936596042767927,
        "err_workflow0_minus_validation_kwh_year": 70309.84781249985,
        "err_workflow0_abs_kwh_year": 70309.84781249985,
        "err_workflow0_pct_of_validation": 18.71237757966307
      },
      "geometry": {
        "type": "Polygon",
        "coordinates": [
          [
            [
              -9.1360036,
              38.73010219999999
            ],
            [
              -9.1358105,
              38.73010430000001
            ],
            [
              -9.1358143,
              38.7299998
            ],
            [
              -9.1360074,
              38.7300145
            ],
            [
              -9.1360036,
              38.73010219999999
            ]
          ]
        ]
      }
    },
    {
      "type": "Feature",
      "properties": {
        "area_id": "Alameda_Arro",
        "osm_uid": "cea/140",
        "osmid": "140",
        "element_type": "cea_zone",
        "building": "yes",
        "cea_name": "B1140",
        "intersection_area_m2": 92.37894705501523,
        "is_residential": true,
        "residential_source": "cea",
        "radiation_sum_kwh_year": 201204.6310625,
        "radiation_sum": 201204.6310625,
        "radiation_point_count": 153.0,
        "use_type1": "MULTI_RES",
        "use_type2": "NONE",
        "use_type3": "NONE",
        "resi_type": null,
        "comparison_status": "matched",
        "validation_radiation_kwh_year": 201204.6310625,
        "ucea_radiation_kwh_year": 128730.7599999996,
        "workflow0_radiation_kwh_year": 127593.23999999986,
        "validation_area_m2": 92.37894705501523,
        "ucea_roofs_top_m2": 94.49,
        "err_ucea_minus_validation_kwh_year": 72473.8710625004,
        "err_ucea_abs_kwh_year": 72473.8710625004,
        "err_ucea_pct_of_validation": 36.01998158779353,
        "err_ucea_area_minus_validation_m2": 2.1110529449847633,
        "err_ucea_area_pct_of_validation": 2.285210009730409,
        "err_workflow0_minus_validation_kwh_year": 73611.39106250014,
        "err_workflow0_abs_kwh_year": 73611.39106250014,
        "err_workflow0_pct_of_validation": 36.58533636814468
      },
      "geometry": {
        "type": "Polygon",
        "coordinates": [
          [
            [
              -9.1352355,
              38.7280667
            ],
            [
              -9.1353367,
              38.728074699999986
            ],
            [
              -9.1353256,
              38.7281681
            ],
            [
              -9.1352243,
              38.728160800000005
            ],
            [
              -9.1352355,
              38.7280667
            ]
          ]
        ]
      }
    },
    {
      "type": "Feature",
      "properties": {
        "area_id": "Alameda_Arro",
        "osm_uid": "cea/141",
        "osmid": "141",
        "element_type": "cea_zone",
        "building": "yes",
        "cea_name": "B1141",
        "intersection_area_m2": 235.10205889188,
        "is_residential": true,
        "residential_source": "cea",
        "radiation_sum_kwh_year": 532485.7410625,
        "radiation_sum": 532485.7410625,
        "radiation_point_count": 386.0,
        "use_type1": "MULTI_RES",
        "use_type2": "NONE",
        "use_type3": "NONE",
        "resi_type": null,
        "comparison_status": "matched",
        "validation_radiation_kwh_year": 532485.7410625,
        "ucea_radiation_kwh_year": 406873.57999999996,
        "workflow0_radiation_kwh_year": 404270.08999999985,
        "validation_area_m2": 235.10205889188,
        "ucea_roofs_top_m2": 244.63,
        "err_ucea_minus_validation_kwh_year": 125612.16106250009,
        "err_ucea_abs_kwh_year": 125612.16106250009,
        "err_ucea_pct_of_validation": 23.58976989916364,
        "err_ucea_area_minus_validation_m2": 9.52794110811999,
        "err_ucea_area_pct_of_validation": 4.052682972249831,
        "err_workflow0_minus_validation_kwh_year": 128215.6510625002,
        "err_workflow0_abs_kwh_year": 128215.6510625002,
        "err_workflow0_pct_of_validation": 24.078701301308836
      },
      "geometry": {
        "type": "Polygon",
        "coordinates": [
          [
            [
              -9.1354824,
              38.7304243
            ],
            [
              -9.1356403,
              38.730433100000006
            ],
            [
              -9.1356687,
              38.730434699999996
            ],
            [
              -9.1356568,
              38.7305645
            ],
            [
              -9.1354694,
              38.73055399999999
            ],
            [
              -9.1354824,
              38.7304243
            ]
          ]
        ]
      }
    },
    {
      "type": "Feature",
      "properties": {
        "area_id": "Alameda_Arro",
        "osm_uid": "cea/142",
        "osmid": "142",
        "element_type": "cea_zone",
        "building": "yes",
        "cea_name": "B1142",
        "intersection_area_m2": 197.63386885071958,
        "is_residential": true,
        "residential_source": "cea",
        "radiation_sum_kwh_year": 433255.69673437503,
        "radiation_sum": 433255.69673437503,
        "radiation_point_count": 338.0,
        "use_type1": "MULTI_RES",
        "use_type2": "NONE",
        "use_type3": "NONE",
        "resi_type": null,
        "comparison_status": "matched",
        "validation_radiation_kwh_year": 433255.69673437503,
        "ucea_radiation_kwh_year": 322468.8399999994,
        "workflow0_radiation_kwh_year": 315638.8300000001,
        "validation_area_m2": 197.63386885071958,
        "ucea_roofs_top_m2": 201.06,
        "err_ucea_minus_validation_kwh_year": 110786.85673437564,
        "err_ucea_abs_kwh_year": 110786.85673437564,
        "err_ucea_pct_of_validation": 25.57077900404343,
        "err_ucea_area_minus_validation_m2": 3.4261311492804225,
        "err_ucea_area_pct_of_validation": 1.7335749025225584,
        "err_workflow0_minus_validation_kwh_year": 117616.86673437495,
        "err_workflow0_abs_kwh_year": 117616.86673437495,
        "err_workflow0_pct_of_validation": 27.147217594806317
      },
      "geometry": {
        "type": "Polygon",
        "coordinates": [
          [
            [
              -9.1368013,
              38.7307437
            ],
            [
              -9.1368016,
              38.730755499999994
            ],
            [
              -9.1368019,
              38.730767900000004
            ],
            [
              -9.136804,
              38.73084559999999
            ],
            [
              -9.1368052,
              38.73089299999999
            ],
            [
              -9.1366682,
              38.7308953
            ],
            [
              -9.1366639,
              38.73074600000002
            ],
            [
              -9.1366909,
              38.7307456
            ],
            [
              -9.1368013,
              38.7307437
            ]
          ]
        ]
      }
    },
    {
      "type": "Feature",
      "properties": {
        "area_id": "Alameda_Arro",
        "osm_uid": "cea/143",
        "osmid": "143",
        "element_type": "cea_zone",
        "building": "yes",
        "cea_name": "B1143",
        "intersection_area_m2": 76.52304707760267,
        "is_residential": true,
        "residential_source": "cea",
        "radiation_sum_kwh_year": 110174.1414375,
        "radiation_sum": 110174.1414375,
        "radiation_point_count": 131.0,
        "use_type1": "MULTI_RES",
        "use_type2": "NONE",
        "use_type3": "NONE",
        "resi_type": null,
        "comparison_status": "matched",
        "validation_radiation_kwh_year": 110174.1414375,
        "ucea_radiation_kwh_year": 81835.57000000004,
        "workflow0_radiation_kwh_year": 81866.91999999985,
        "validation_area_m2": 76.52304707760267,
        "ucea_roofs_top_m2": 76.35,
        "err_ucea_minus_validation_kwh_year": 28338.571437499966,
        "err_ucea_abs_kwh_year": 28338.571437499966,
        "err_ucea_pct_of_validation": 25.721617675211,
        "err_ucea_area_minus_validation_m2": 0.1730470776026749,
        "err_ucea_area_pct_of_validation": 0.22613720207349608,
        "err_workflow0_minus_validation_kwh_year": 28307.22143750015,
        "err_workflow0_abs_kwh_year": 28307.22143750015,
        "err_workflow0_pct_of_validation": 25.693162722360196
      },
      "geometry": {
        "type": "Polygon",
        "coordinates": [
          [
            [
              -9.136442600000002,
              38.73108979999999
            ],
            [
              -9.1366182,
              38.7310843
            ],
            [
              -9.1366215,
              38.73113320000001
            ],
            [
              -9.1364587,
              38.7311341
            ],
            [
              -9.136453700000002,
              38.73112260000001
            ],
            [
              -9.13645,
              38.7311117
            ],
            [
              -9.1364463,
              38.73110069999999
            ],
            [
              -9.136442600000002,
              38.73108979999999
            ]
          ]
        ]
      }
    },
    {
      "type": "Feature",
      "properties": {
        "area_id": "Alameda_Arro",
        "osm_uid": "cea/144",
        "osmid": "144",
        "element_type": "cea_zone",
        "building": "yes",
        "cea_name": "B1144",
        "intersection_area_m2": 90.47997126679904,
        "is_residential": true,
        "residential_source": "cea",
        "radiation_sum_kwh_year": 221111.62325,
        "radiation_sum": 221111.62325,
        "radiation_point_count": 155.0,
        "use_type1": "MULTI_RES",
        "use_type2": "NONE",
        "use_type3": "NONE",
        "resi_type": null,
        "comparison_status": "matched",
        "validation_radiation_kwh_year": 221111.62325,
        "ucea_radiation_kwh_year": 115308.22999999979,
        "workflow0_radiation_kwh_year": 114648.99999999985,
        "validation_area_m2": 90.47997126679904,
        "ucea_roofs_top_m2": 91.14,
        "err_ucea_minus_validation_kwh_year": 105803.39325000021,
        "err_ucea_abs_kwh_year": 105803.39325000021,
        "err_ucea_pct_of_validation": 47.850670034823786,
        "err_ucea_area_minus_validation_m2": 0.66002873320096,
        "err_ucea_area_pct_of_validation": 0.729474958888667,
        "err_workflow0_minus_validation_kwh_year": 106462.62325000015,
        "err_workflow0_abs_kwh_year": 106462.62325000015,
        "err_workflow0_pct_of_validation": 48.14881356536744
      },
      "geometry": {
        "type": "Polygon",
        "coordinates": [
          [
            [
              -9.1368136,
              38.731211999999985
            ],
            [
              -9.1367087,
              38.73121369999999
            ],
            [
              -9.1367061,
              38.73112449999999
            ],
            [
              -9.136811200000002,
              38.7311226
            ],
            [
              -9.1368136,
              38.731211999999985
            ]
          ]
        ]
      }
    },
    {
      "type": "Feature",
      "properties": {
        "area_id": "Alameda_Arro",
        "osm_uid": "cea/145",
        "osmid": "145",
        "element_type": "cea_zone",
        "building": "yes",
        "cea_name": "B1145",
        "intersection_area_m2": 169.78396216718528,
        "is_residential": true,
        "residential_source": "cea",
        "radiation_sum_kwh_year": 328632.6868125,
        "radiation_sum": 328632.6868125,
        "radiation_point_count": 285.0,
        "use_type1": "MULTI_RES",
        "use_type2": "NONE",
        "use_type3": "NONE",
        "resi_type": null,
        "comparison_status": "matched",
        "validation_radiation_kwh_year": 328632.6868125,
        "ucea_radiation_kwh_year": 255223.12999999942,
        "workflow0_radiation_kwh_year": 271613.6599999996,
        "validation_area_m2": 169.78396216718528,
        "ucea_roofs_top_m2": 176.41,
        "err_ucea_minus_validation_kwh_year": 73409.55681250058,
        "err_ucea_abs_kwh_year": 73409.55681250058,
        "err_ucea_pct_of_validation": 22.33787439847214,
        "err_ucea_area_minus_validation_m2": 6.626037832814717,
        "err_ucea_area_pct_of_validation": 3.9026288161953104,
        "err_workflow0_minus_validation_kwh_year": 57019.02681250038,
        "err_workflow0_abs_kwh_year": 57019.02681250038,
        "err_workflow0_pct_of_validation": 17.350382083274738
      },
      "geometry": {
        "type": "Polygon",
        "coordinates": [
          [
            [
              -9.1363058,
              38.73071600000001
            ],
            [
              -9.1362942,
              38.73068739999999
            ],
            [
              -9.1362826,
              38.7306588
            ],
            [
              -9.1365052,
              38.73066299999999
            ],
            [
              -9.1365106,
              38.73074720000001
            ],
            [
              -9.1363174,
              38.7307446
            ],
            [
              -9.1363058,
              38.73071600000001
            ]
          ]
        ]
      }
    },
    {
      "type": "Feature",
      "properties": {
        "area_id": "Alameda_Arro",
        "osm_uid": "cea/146",
        "osmid": "146",
        "element_type": "cea_zone",
        "building": "yes",
        "cea_name": "B1146",
        "intersection_area_m2": 117.91542114903876,
        "is_residential": true,
        "residential_source": "cea",
        "radiation_sum_kwh_year": 264544.27725,
        "radiation_sum": 264544.27725,
        "radiation_point_count": 196.0,
        "use_type1": "MULTI_RES",
        "use_type2": "NONE",
        "use_type3": "NONE",
        "resi_type": null,
        "comparison_status": "matched",
        "validation_radiation_kwh_year": 264544.27725,
        "ucea_radiation_kwh_year": 203088.56999999963,
        "workflow0_radiation_kwh_year": 203633.30000000037,
        "validation_area_m2": 117.91542114903876,
        "ucea_roofs_top_m2": 120.43,
        "err_ucea_minus_validation_kwh_year": 61455.707250000356,
        "err_ucea_abs_kwh_year": 61455.707250000356,
        "err_ucea_pct_of_validation": 23.23078309946709,
        "err_ucea_area_minus_validation_m2": 2.514578850961243,
        "err_ucea_area_pct_of_validation": 2.1325275578526326,
        "err_workflow0_minus_validation_kwh_year": 60910.97724999962,
        "err_workflow0_abs_kwh_year": 60910.97724999962,
        "err_workflow0_pct_of_validation": 23.024870499253872
      },
      "geometry": {
        "type": "Polygon",
        "coordinates": [
          [
            [
              -9.1356682,
              38.7301281
            ],
            [
              -9.1356611,
              38.7302063
            ],
            [
              -9.1355052,
              38.7301976
            ],
            [
              -9.1355131,
              38.7301194
            ],
            [
              -9.1356682,
              38.7301281
            ]
          ]
        ]
      }
    },
    {
      "type": "Feature",
      "properties": {
        "area_id": "Alameda_Arro",
        "osm_uid": "cea/147",
        "osmid": "147",
        "element_type": "cea_zone",
        "building": "yes",
        "cea_name": "B1147",
        "intersection_area_m2": 839.2179546523089,
        "is_residential": true,
        "residential_source": "cea",
        "radiation_sum_kwh_year": 1780644.3116484375,
        "radiation_sum": 1780644.3116484375,
        "radiation_point_count": 1376.0,
        "use_type1": "MULTI_RES",
        "use_type2": "NONE",
        "use_type3": "NONE",
        "resi_type": null,
        "comparison_status": "matched",
        "validation_radiation_kwh_year": 1780644.3116484375,
        "ucea_radiation_kwh_year": 1417307.089999996,
        "workflow0_radiation_kwh_year": 1417446.680000002,
        "validation_area_m2": 839.2179546523089,
        "ucea_roofs_top_m2": 838.55,
        "err_ucea_minus_validation_kwh_year": 363337.2216484416,
        "err_ucea_abs_kwh_year": 363337.2216484416,
        "err_ucea_pct_of_validation": 20.404817473742465,
        "err_ucea_area_minus_validation_m2": 0.6679546523089357,
        "err_ucea_area_pct_of_validation": 0.0795925121246568,
        "err_workflow0_minus_validation_kwh_year": 363197.6316484355,
        "err_workflow0_abs_kwh_year": 363197.6316484355,
        "err_workflow0_pct_of_validation": 20.39697817652331
      },
      "geometry": {
        "type": "Polygon",
        "coordinates": [
          [
            [
              -9.1356823,
              38.7306981
            ],
            [
              -9.1358054,
              38.730704899999985
            ],
            [
              -9.135873,
              38.730708699999994
            ],
            [
              -9.1358657,
              38.730788600000004
            ],
            [
              -9.1358974,
              38.7307904
            ],
            [
              -9.1358897,
              38.73087429999999
            ],
            [
              -9.1358505,
              38.7308721
            ],
            [
              -9.1358459,
              38.7309218
            ],
            [
              -9.1356724,
              38.73091209999999
            ],
            [
              -9.1356753,
              38.7308795
            ],
            [
              -9.1355896,
              38.7308725
            ],
            [
              -9.1355882,
              38.73090359999999
            ],
            [
              -9.135435,
              38.7308963
            ],
            [
              -9.1354561,
              38.73068649999999
            ],
            [
              -9.1356447,
              38.730697
            ],
            [
              -9.135641500000002,
              38.73073230000001
            ],
            [
              -9.135679,
              38.730734399999996
            ],
            [
              -9.1356823,
              38.7306981
            ]
          ]
        ]
      }
    },
    {
      "type": "Feature",
      "properties": {
        "area_id": "Alameda_Arro",
        "osm_uid": "cea/148",
        "osmid": "148",
        "element_type": "cea_zone",
        "building": "yes",
        "cea_name": "B1148",
        "intersection_area_m2": 279.89362638914304,
        "is_residential": true,
        "residential_source": "cea",
        "radiation_sum_kwh_year": 517946.7170625,
        "radiation_sum": 517946.7170625,
        "radiation_point_count": 447.0,
        "use_type1": "MULTI_RES",
        "use_type2": "NONE",
        "use_type3": "NONE",
        "resi_type": null,
        "comparison_status": "matched",
        "validation_radiation_kwh_year": 517946.7170625,
        "ucea_radiation_kwh_year": 475344.9400000018,
        "workflow0_radiation_kwh_year": 473757.40000000055,
        "validation_area_m2": 279.89362638914304,
        "ucea_roofs_top_m2": 277.89,
        "err_ucea_minus_validation_kwh_year": 42601.77706249821,
        "err_ucea_abs_kwh_year": 42601.77706249821,
        "err_ucea_pct_of_validation": 8.225127345938462,
        "err_ucea_area_minus_validation_m2": 2.003626389143051,
        "err_ucea_area_pct_of_validation": 0.715852809866188,
        "err_workflow0_minus_validation_kwh_year": 44189.31706249947,
        "err_workflow0_abs_kwh_year": 44189.31706249947,
        "err_workflow0_pct_of_validation": 8.531633777527583
      },
      "geometry": {
        "type": "Polygon",
        "coordinates": [
          [
            [
              -9.136811200000002,
              38.7311226
            ],
            [
              -9.1367061,
              38.73112449999999
            ],
            [
              -9.1367044,
              38.7310656
            ],
            [
              -9.1366787,
              38.73106610000001
            ],
            [
              -9.1366776,
              38.731027399999995
            ],
            [
              -9.1366471,
              38.73102790000001
            ],
            [
              -9.1366465,
              38.731006799999996
            ],
            [
              -9.1366755,
              38.7310062
            ],
            [
              -9.1366744,
              38.73096789999999
            ],
            [
              -9.1366983,
              38.73096749999999
            ],
            [
              -9.1366976,
              38.730942200000015
            ],
            [
              -9.1366695,
              38.73094270000001
            ],
            [
              -9.1366682,
              38.7308953
            ],
            [
              -9.1368052,
              38.73089299999999
            ],
            [
              -9.1368059,
              38.7309199
            ],
            [
              -9.1368067,
              38.7309491
            ],
            [
              -9.1368075,
              38.73097820000001
            ],
            [
              -9.1368082,
              38.731007399999996
            ],
            [
              -9.136809,
              38.7310365
            ],
            [
              -9.1368097,
              38.73106549999999
            ],
            [
              -9.1368105,
              38.731094699999986
            ],
            [
              -9.136811200000002,
              38.7311226
            ]
          ]
        ]
      }
    },
    {
      "type": "Feature",
      "properties": {
        "area_id": "Alameda_Arro",
        "osm_uid": "cea/149",
        "osmid": "149",
        "element_type": "cea_zone",
        "building": "yes",
        "cea_name": "B1149",
        "intersection_area_m2": 144.72140666415112,
        "is_residential": true,
        "residential_source": "cea",
        "radiation_sum_kwh_year": 337313.6644921875,
        "radiation_sum": 337313.6644921875,
        "radiation_point_count": 243.0,
        "use_type1": "MULTI_RES",
        "use_type2": "NONE",
        "use_type3": "NONE",
        "resi_type": null,
        "comparison_status": "matched",
        "validation_radiation_kwh_year": 337313.6644921875,
        "ucea_radiation_kwh_year": 109752.08999999982,
        "workflow0_radiation_kwh_year": 226566.3000000001,
        "validation_area_m2": 144.72140666415112,
        "ucea_roofs_top_m2": 67.13,
        "err_ucea_minus_validation_kwh_year": 227561.57449218768,
        "err_ucea_abs_kwh_year": 227561.57449218768,
        "err_ucea_pct_of_validation": 67.46289831892008,
        "err_ucea_area_minus_validation_m2": 77.59140666415112,
        "err_ucea_area_pct_of_validation": 53.61432593328382,
        "err_workflow0_minus_validation_kwh_year": 110747.3644921874,
        "err_workflow0_abs_kwh_year": 110747.3644921874,
        "err_workflow0_pct_of_validation": 32.83216073055125
      },
      "geometry": {
        "type": "Polygon",
        "coordinates": [
          [
            [
              -9.135849,
              38.729759900000005
            ],
            [
              -9.1360134,
              38.729771199999995
            ],
            [
              -9.1360331,
              38.729794600000005
            ],
            [
              -9.1360251,
              38.7298658
            ],
            [
              -9.1358802,
              38.729853199999994
            ],
            [
              -9.1358829,
              38.7298072
            ],
            [
              -9.1358454,
              38.729800899999994
            ],
            [
              -9.135849,
              38.729759900000005
            ]
          ]
        ]
      }
    },
    {
      "type": "Feature",
      "properties": {
        "area_id": "Alameda_Arro",
        "osm_uid": "cea/150",
        "osmid": "150",
        "element_type": "cea_zone",
        "building": "yes",
        "cea_name": "B1150",
        "intersection_area_m2": 133.3868581506033,
        "is_residential": true,
        "residential_source": "cea",
        "radiation_sum_kwh_year": 274665.1129375,
        "radiation_sum": 274665.1129375,
        "radiation_point_count": 223.0,
        "use_type1": "MULTI_RES",
        "use_type2": "NONE",
        "use_type3": "NONE",
        "resi_type": null,
        "comparison_status": "matched",
        "validation_radiation_kwh_year": 274665.1129375,
        "ucea_radiation_kwh_year": 221628.22000000018,
        "workflow0_radiation_kwh_year": 218637.69999999998,
        "validation_area_m2": 133.3868581506033,
        "ucea_roofs_top_m2": 137.84,
        "err_ucea_minus_validation_kwh_year": 53036.892937499826,
        "err_ucea_abs_kwh_year": 53036.892937499826,
        "err_ucea_pct_of_validation": 19.309657630078547,
        "err_ucea_area_minus_validation_m2": 4.453141849396701,
        "err_ucea_area_pct_of_validation": 3.3385161860314496,
        "err_workflow0_minus_validation_kwh_year": 56027.41293750002,
        "err_workflow0_abs_kwh_year": 56027.41293750002,
        "err_workflow0_pct_of_validation": 20.398445342510264
      },
      "geometry": {
        "type": "Polygon",
        "coordinates": [
          [
            [
              -9.1361565,
              38.73114669999998
            ],
            [
              -9.1361216,
              38.7310396
            ],
            [
              -9.1362305,
              38.731019499999995
            ],
            [
              -9.136275,
              38.7311486
            ],
            [
              -9.136245,
              38.73114879999999
            ],
            [
              -9.1361565,
              38.73114669999998
            ]
          ]
        ]
      }
    },
    {
      "type": "Feature",
      "properties": {
        "area_id": "Alameda_Arro",
        "osm_uid": "cea/151",
        "osmid": "151",
        "element_type": "cea_zone",
        "building": "yes",
        "cea_name": "B1151",
        "intersection_area_m2": 233.58354042154716,
        "is_residential": true,
        "residential_source": "cea",
        "radiation_sum_kwh_year": 224022.9088203125,
        "radiation_sum": 224022.9088203125,
        "radiation_point_count": 385.0,
        "use_type1": "MULTI_RES",
        "use_type2": "NONE",
        "use_type3": "NONE",
        "resi_type": null,
        "comparison_status": "matched",
        "validation_radiation_kwh_year": 224022.9088203125,
        "ucea_radiation_kwh_year": 398471.78000000113,
        "workflow0_radiation_kwh_year": 394811.24999999953,
        "validation_area_m2": 233.58354042154716,
        "ucea_roofs_top_m2": 233.59,
        "err_ucea_minus_validation_kwh_year": 174448.87117968863,
        "err_ucea_abs_kwh_year": 174448.87117968863,
        "err_ucea_pct_of_validation": 77.87099636297155,
        "err_ucea_area_minus_validation_m2": 0.006459578452847836,
        "err_ucea_area_pct_of_validation": 0.002765425355395446,
        "err_workflow0_minus_validation_kwh_year": 170788.34117968704,
        "err_workflow0_abs_kwh_year": 170788.34117968704,
        "err_workflow0_pct_of_validation": 76.23699829586418
      },
      "geometry": {
        "type": "Polygon",
        "coordinates": [
          [
            [
              -9.1360868,
              38.73101869999999
            ],
            [
              -9.1360009,
              38.731039599999995
            ],
            [
              -9.1358454,
              38.73102080000001
            ],
            [
              -9.135858800000001,
              38.73093709999999
            ],
            [
              -9.1360306,
              38.7309073
            ],
            [
              -9.1360519,
              38.73090359999999
            ],
            [
              -9.1360868,
              38.73101869999999
            ]
          ]
        ]
      }
    },
    {
      "type": "Feature",
      "properties": {
        "area_id": "Alameda_Arro",
        "osm_uid": "cea/152",
        "osmid": "152",
        "element_type": "cea_zone",
        "building": "yes",
        "cea_name": "B1152",
        "intersection_area_m2": 163.78863525903387,
        "is_residential": true,
        "residential_source": "cea",
        "radiation_sum_kwh_year": 355955.27721875,
        "radiation_sum": 355955.27721875,
        "radiation_point_count": 269.0,
        "use_type1": "MULTI_RES",
        "use_type2": "NONE",
        "use_type3": "NONE",
        "resi_type": null,
        "comparison_status": "matched",
        "validation_radiation_kwh_year": 355955.27721875,
        "ucea_radiation_kwh_year": 306758.3199999992,
        "workflow0_radiation_kwh_year": 241241.14999999895,
        "validation_area_m2": 163.78863525903387,
        "ucea_roofs_top_m2": 164.43,
        "err_ucea_minus_validation_kwh_year": 49196.95721875079,
        "err_ucea_abs_kwh_year": 49196.95721875079,
        "err_ucea_pct_of_validation": 13.821106292664155,
        "err_ucea_area_minus_validation_m2": 0.6413647409661394,
        "err_ucea_area_pct_of_validation": 0.3915807344946813,
        "err_workflow0_minus_validation_kwh_year": 114714.12721875103,
        "err_workflow0_abs_kwh_year": 114714.12721875103,
        "err_workflow0_pct_of_validation": 32.22711800062855
      },
      "geometry": {
        "type": "Polygon",
        "coordinates": [
          [
            [
              -9.1349012,
              38.728063500000005
            ],
            [
              -9.1349133,
              38.7280521
            ],
            [
              -9.1349301,
              38.72804519999999
            ],
            [
              -9.134948900000001,
              38.728043899999996
            ],
            [
              -9.135047,
              38.7280517
            ],
            [
              -9.1350851,
              38.7280549
            ],
            [
              -9.1350791,
              38.7281172
            ],
            [
              -9.1350764,
              38.72813829999999
            ],
            [
              -9.1350048,
              38.728132
            ],
            [
              -9.1350059,
              38.7281215
            ],
            [
              -9.1349809,
              38.7281192
            ],
            [
              -9.1349783,
              38.72815289999999
            ],
            [
              -9.1348888,
              38.728148
            ],
            [
              -9.1348958,
              38.7280777
            ],
            [
              -9.1349012,
              38.728063500000005
            ]
          ]
        ]
      }
    },
    {
      "type": "Feature",
      "properties": {
        "area_id": "Alameda_Arro",
        "osm_uid": "cea/154",
        "osmid": "154",
        "element_type": "cea_zone",
        "building": "yes",
        "cea_name": "B1154",
        "intersection_area_m2": 91.18372160661121,
        "is_residential": true,
        "residential_source": "cea",
        "radiation_sum_kwh_year": 204771.09528125002,
        "radiation_sum": 204771.09528125002,
        "radiation_point_count": 149.0,
        "use_type1": "MULTI_RES",
        "use_type2": "NONE",
        "use_type3": "NONE",
        "resi_type": null,
        "comparison_status": "matched",
        "validation_radiation_kwh_year": 204771.09528125002,
        "ucea_radiation_kwh_year": 158337.03999999975,
        "workflow0_radiation_kwh_year": 159898.14000000004,
        "validation_area_m2": 91.18372160661121,
        "ucea_roofs_top_m2": 93.07,
        "err_ucea_minus_validation_kwh_year": 46434.05528125027,
        "err_ucea_abs_kwh_year": 46434.05528125027,
        "err_ucea_pct_of_validation": 22.676078973682195,
        "err_ucea_area_minus_validation_m2": 1.8862783933887783,
        "err_ucea_area_pct_of_validation": 2.0686569490184255,
        "err_workflow0_minus_validation_kwh_year": 44872.955281249975,
        "err_workflow0_abs_kwh_year": 44872.955281249975,
        "err_workflow0_pct_of_validation": 21.91371551713275
      },
      "geometry": {
        "type": "Polygon",
        "coordinates": [
          [
            [
              -9.1354476,
              38.7280835
            ],
            [
              -9.13544,
              38.728148299999994
            ],
            [
              -9.1354392,
              38.728161799999995
            ],
            [
              -9.1353663,
              38.728158500000006
            ],
            [
              -9.1353648,
              38.728171
            ],
            [
              -9.1353256,
              38.7281681
            ],
            [
              -9.1353367,
              38.728074699999986
            ],
            [
              -9.1354476,
              38.7280835
            ]
          ]
        ]
      }
    },
    {
      "type": "Feature",
      "properties": {
        "area_id": "Alameda_Arro",
        "osm_uid": "cea/155",
        "osmid": "155",
        "element_type": "cea_zone",
        "building": "yes",
        "cea_name": "B1155",
        "intersection_area_m2": 73.35509259867462,
        "is_residential": true,
        "residential_source": "cea",
        "radiation_sum_kwh_year": 113170.169234375,
        "radiation_sum": 113170.169234375,
        "radiation_point_count": 125.0,
        "use_type1": "MULTI_RES",
        "use_type2": "NONE",
        "use_type3": "NONE",
        "resi_type": null,
        "comparison_status": "matched",
        "validation_radiation_kwh_year": 113170.169234375,
        "ucea_radiation_kwh_year": 108517.97000000012,
        "workflow0_radiation_kwh_year": 112325.94999999998,
        "validation_area_m2": 73.35509259867462,
        "ucea_roofs_top_m2": 74.59,
        "err_ucea_minus_validation_kwh_year": 4652.199234374886,
        "err_ucea_abs_kwh_year": 4652.199234374886,
        "err_ucea_pct_of_validation": 4.110799927090502,
        "err_ucea_area_minus_validation_m2": 1.234907401325387,
        "err_ucea_area_pct_of_validation": 1.6834651250207804,
        "err_workflow0_minus_validation_kwh_year": 844.2192343750212,
        "err_workflow0_abs_kwh_year": 844.2192343750212,
        "err_workflow0_pct_of_validation": 0.7459732896808224
      },
      "geometry": {
        "type": "Polygon",
        "coordinates": [
          [
            [
              -9.1363925,
              38.730953799999995
            ],
            [
              -9.1363863,
              38.7309385
            ],
            [
              -9.13638,
              38.7309231
            ],
            [
              -9.1363738,
              38.73090779999999
            ],
            [
              -9.1365163,
              38.73090440000001
            ],
            [
              -9.1365481,
              38.730903599999984
            ],
            [
              -9.1365486,
              38.73094919999999
            ],
            [
              -9.1363925,
              38.730953799999995
            ]
          ]
        ]
      }
    },
    {
      "type": "Feature",
      "properties": {
        "area_id": "Alameda_Arro",
        "osm_uid": "cea/156",
        "osmid": "156",
        "element_type": "cea_zone",
        "building": "yes",
        "cea_name": "B1156",
        "intersection_area_m2": 138.18625203033554,
        "is_residential": true,
        "residential_source": "cea",
        "radiation_sum_kwh_year": 277038.51446875,
        "radiation_sum": 277038.51446875,
        "radiation_point_count": 226.0,
        "use_type1": "MULTI_RES",
        "use_type2": "NONE",
        "use_type3": "NONE",
        "resi_type": null,
        "comparison_status": "matched",
        "validation_radiation_kwh_year": 277038.51446875,
        "ucea_radiation_kwh_year": 237960.26999999917,
        "workflow0_radiation_kwh_year": 232277.15000000058,
        "validation_area_m2": 138.18625203033554,
        "ucea_roofs_top_m2": 142.63,
        "err_ucea_minus_validation_kwh_year": 39078.24446875081,
        "err_ucea_abs_kwh_year": 39078.24446875081,
        "err_ucea_pct_of_validation": 14.105708205838235,
        "err_ucea_area_minus_validation_m2": 4.443747969664457,
        "err_ucea_area_pct_of_validation": 3.2157670566887777,
        "err_workflow0_minus_validation_kwh_year": 44761.36446874941,
        "err_workflow0_abs_kwh_year": 44761.36446874941,
        "err_workflow0_pct_of_validation": 16.157090848752187
      },
      "geometry": {
        "type": "Polygon",
        "coordinates": [
          [
            [
              -9.1361838,
              38.73088430000001
            ],
            [
              -9.1360519,
              38.73090359999999
            ],
            [
              -9.1360306,
              38.7309073
            ],
            [
              -9.136009,
              38.7308178
            ],
            [
              -9.1361509,
              38.7307887
            ],
            [
              -9.1361838,
              38.73088430000001
            ]
          ]
        ]
      }
    },
    {
      "type": "Feature",
      "properties": {
        "area_id": "Alameda_Arro",
        "osm_uid": "cea/157",
        "osmid": "157",
        "element_type": "cea_zone",
        "building": "yes",
        "cea_name": "B1157",
        "intersection_area_m2": 203.42534330925858,
        "is_residential": true,
        "residential_source": "cea",
        "radiation_sum_kwh_year": 508064.92865625,
        "radiation_sum": 508064.92865625,
        "radiation_point_count": 333.0,
        "use_type1": "MULTI_RES",
        "use_type2": "NONE",
        "use_type3": "NONE",
        "resi_type": null,
        "comparison_status": "matched",
        "validation_radiation_kwh_year": 508064.92865625,
        "ucea_radiation_kwh_year": 344562.97000000015,
        "workflow0_radiation_kwh_year": 343081.3599999994,
        "validation_area_m2": 203.42534330925858,
        "ucea_roofs_top_m2": 203.37,
        "err_ucea_minus_validation_kwh_year": 163501.95865624986,
        "err_ucea_abs_kwh_year": 163501.95865624986,
        "err_ucea_pct_of_validation": 32.18131176436174,
        "err_ucea_area_minus_validation_m2": 0.05534330925857489,
        "err_ucea_area_pct_of_validation": 0.027205710143223844,
        "err_workflow0_minus_validation_kwh_year": 164983.5686562506,
        "err_workflow0_abs_kwh_year": 164983.5686562506,
        "err_workflow0_pct_of_validation": 32.4729300037705
      },
      "geometry": {
        "type": "Polygon",
        "coordinates": [
          [
            [
              -9.1355882,
              38.73090359999999
            ],
            [
              -9.1355774,
              38.7310406
            ],
            [
              -9.1354215,
              38.7310309
            ],
            [
              -9.135435,
              38.7308963
            ],
            [
              -9.1355882,
              38.73090359999999
            ]
          ]
        ]
      }
    },
    {
      "type": "Feature",
      "properties": {
        "area_id": "Alameda_Arro",
        "osm_uid": "cea/158",
        "osmid": "158",
        "element_type": "cea_zone",
        "building": "yes",
        "cea_name": "B1158",
        "intersection_area_m2": 139.15370311763175,
        "is_residential": true,
        "residential_source": "cea",
        "radiation_sum_kwh_year": 313033.51687500003,
        "radiation_sum": 313033.51687500003,
        "radiation_point_count": 227.0,
        "use_type1": "MULTI_RES",
        "use_type2": "NONE",
        "use_type3": "NONE",
        "resi_type": null,
        "comparison_status": "matched",
        "validation_radiation_kwh_year": 313033.51687500003,
        "ucea_radiation_kwh_year": 236836.1500000002,
        "workflow0_radiation_kwh_year": 234854.6199999996,
        "validation_area_m2": 139.15370311763175,
        "ucea_roofs_top_m2": 143.2,
        "err_ucea_minus_validation_kwh_year": 76197.36687499983,
        "err_ucea_abs_kwh_year": 76197.36687499983,
        "err_ucea_pct_of_validation": 24.341600105852827,
        "err_ucea_area_minus_validation_m2": 4.046296882368239,
        "err_ucea_area_pct_of_validation": 2.9077895821053032,
        "err_workflow0_minus_validation_kwh_year": 78178.89687500044,
        "err_workflow0_abs_kwh_year": 78178.89687500044,
        "err_workflow0_pct_of_validation": 24.97460899888835
      },
      "geometry": {
        "type": "Polygon",
        "coordinates": [
          [
            [
              -9.135694,
              38.7299561
            ],
            [
              -9.135686,
              38.730043599999995
            ],
            [
              -9.1355216,
              38.7300344
            ],
            [
              -9.1355304,
              38.72994690000001
            ],
            [
              -9.135694,
              38.7299561
            ]
          ]
        ]
      }
    },
    {
      "type": "Feature",
      "properties": {
        "area_id": "Alameda_Arro",
        "osm_uid": "cea/159",
        "osmid": "159",
        "element_type": "cea_zone",
        "building": "yes",
        "cea_name": "B1159",
        "intersection_area_m2": 106.10968311892368,
        "is_residential": true,
        "residential_source": "cea",
        "radiation_sum_kwh_year": 112564.29078125,
        "radiation_sum": 112564.29078125,
        "radiation_point_count": 176.0,
        "use_type1": "MULTI_RES",
        "use_type2": "NONE",
        "use_type3": "NONE",
        "resi_type": null,
        "comparison_status": "matched",
        "validation_radiation_kwh_year": 112564.29078125,
        "ucea_radiation_kwh_year": 167887.2300000003,
        "workflow0_radiation_kwh_year": 169806.69000000038,
        "validation_area_m2": 106.10968311892368,
        "ucea_roofs_top_m2": 106.11,
        "err_ucea_minus_validation_kwh_year": 55322.939218750296,
        "err_ucea_abs_kwh_year": 55322.939218750296,
        "err_ucea_pct_of_validation": 49.14785926760844,
        "err_ucea_area_minus_validation_m2": 0.0003168810763156671,
        "err_ucea_area_pct_of_validation": 0.0002986353997123136,
        "err_workflow0_minus_validation_kwh_year": 57242.399218750375,
        "err_workflow0_abs_kwh_year": 57242.399218750375,
        "err_workflow0_pct_of_validation": 50.8530714505113
      },
      "geometry": {
        "type": "Polygon",
        "coordinates": [
          [
            [
              -9.1357956,
              38.7303285
            ],
            [
              -9.135789,
              38.730416099999985
            ],
            [
              -9.1356657,
              38.7304203
            ],
            [
              -9.1356737,
              38.730328199999995
            ],
            [
              -9.1357956,
              38.7303285
            ]
          ]
        ]
      }
    },
    {
      "type": "Feature",
      "properties": {
        "area_id": "Alameda_Arro",
        "osm_uid": "cea/160",
        "osmid": "160",
        "element_type": "cea_zone",
        "building": "yes",
        "cea_name": "B1160",
        "intersection_area_m2": 166.4143847615014,
        "is_residential": true,
        "residential_source": "cea",
        "radiation_sum_kwh_year": 420304.6356875,
        "radiation_sum": 420304.6356875,
        "radiation_point_count": 280.0,
        "use_type1": "MULTI_RES",
        "use_type2": "NONE",
        "use_type3": "NONE",
        "resi_type": null,
        "comparison_status": "matched",
        "validation_radiation_kwh_year": 420304.6356875,
        "ucea_radiation_kwh_year": 287843.5899999999,
        "workflow0_radiation_kwh_year": 279447.8800000004,
        "validation_area_m2": 166.4143847615014,
        "ucea_roofs_top_m2": 170.12,
        "err_ucea_minus_validation_kwh_year": 132461.0456875001,
        "err_ucea_abs_kwh_year": 132461.0456875001,
        "err_ucea_pct_of_validation": 31.515485302899677,
        "err_ucea_area_minus_validation_m2": 3.705615238498609,
        "err_ucea_area_pct_of_validation": 2.2267397399625954,
        "err_workflow0_minus_validation_kwh_year": 140856.7556874996,
        "err_workflow0_abs_kwh_year": 140856.7556874996,
        "err_workflow0_pct_of_validation": 33.51301501995037
      },
      "geometry": {
        "type": "Polygon",
        "coordinates": [
          [
            [
              -9.1379236,
              38.7272431
            ],
            [
              -9.1379254,
              38.7273352
            ],
            [
              -9.137924,
              38.7273538
            ],
            [
              -9.1378972,
              38.7273538
            ],
            [
              -9.137806,
              38.7273308
            ],
            [
              -9.1377981,
              38.7272046
            ],
            [
              -9.1379228,
              38.72720189999999
            ],
            [
              -9.1379236,
              38.7272431
            ]
          ]
        ]
      }
    },
    {
      "type": "Feature",
      "properties": {
        "area_id": "Alameda_Arro",
        "osm_uid": "cea/162",
        "osmid": "162",
        "element_type": "cea_zone",
        "building": "yes",
        "cea_name": "B1162",
        "intersection_area_m2": 304.4908286610533,
        "is_residential": true,
        "residential_source": "cea",
        "radiation_sum_kwh_year": 299084.0383203125,
        "radiation_sum": 299084.0383203125,
        "radiation_point_count": 505.0,
        "use_type1": "MULTI_RES",
        "use_type2": "NONE",
        "use_type3": "NONE",
        "resi_type": null,
        "comparison_status": "matched",
        "validation_radiation_kwh_year": 299084.0383203125,
        "ucea_radiation_kwh_year": 481530.2000000003,
        "workflow0_radiation_kwh_year": 482761.03999999986,
        "validation_area_m2": 304.4908286610533,
        "ucea_roofs_top_m2": 305.66,
        "err_ucea_minus_validation_kwh_year": 182446.1616796878,
        "err_ucea_abs_kwh_year": 182446.1616796878,
        "err_ucea_pct_of_validation": 61.00163776854314,
        "err_ucea_area_minus_validation_m2": 1.1691713389467395,
        "err_ucea_area_pct_of_validation": 0.38397588002501487,
        "err_workflow0_minus_validation_kwh_year": 183677.00167968735,
        "err_workflow0_abs_kwh_year": 183677.00167968735,
        "err_workflow0_pct_of_validation": 61.413174274105955
      },
      "geometry": {
        "type": "Polygon",
        "coordinates": [
          [
            [
              -9.1355774,
              38.7310406
            ],
            [
              -9.1355882,
              38.73090359999999
            ],
            [
              -9.1356724,
              38.73091209999999
            ],
            [
              -9.1358459,
              38.7309218
            ],
            [
              -9.135858800000001,
              38.7309224
            ],
            [
              -9.135858800000001,
              38.73093709999999
            ],
            [
              -9.1358454,
              38.73102080000001
            ],
            [
              -9.135728700000001,
              38.731013400000016
            ],
            [
              -9.1357268,
              38.7310441
            ],
            [
              -9.1355774,
              38.7310406
            ]
          ]
        ]
      }
    },
    {
      "type": "Feature",
      "properties": {
        "area_id": "Alameda_Arro",
        "osm_uid": "cea/164",
        "osmid": "164",
        "element_type": "cea_zone",
        "building": "yes",
        "cea_name": "B1164",
        "intersection_area_m2": 153.68631814167676,
        "is_residential": true,
        "residential_source": "cea",
        "radiation_sum_kwh_year": 271416.03528125,
        "radiation_sum": 271416.03528125,
        "radiation_point_count": 252.0,
        "use_type1": "MULTI_RES",
        "use_type2": "NONE",
        "use_type3": "NONE",
        "resi_type": null,
        "comparison_status": "matched",
        "validation_radiation_kwh_year": 271416.03528125,
        "ucea_radiation_kwh_year": 252866.18000000066,
        "workflow0_radiation_kwh_year": 249967.2100000005,
        "validation_area_m2": 153.68631814167676,
        "ucea_roofs_top_m2": 155.8,
        "err_ucea_minus_validation_kwh_year": 18549.855281249358,
        "err_ucea_abs_kwh_year": 18549.855281249358,
        "err_ucea_pct_of_validation": 6.834472864518635,
        "err_ucea_area_minus_validation_m2": 2.113681858323247,
        "err_ucea_area_pct_of_validation": 1.375322074132022,
        "err_workflow0_minus_validation_kwh_year": 21448.825281249534,
        "err_workflow0_abs_kwh_year": 21448.825281249534,
        "err_workflow0_pct_of_validation": 7.902563774105524
      },
      "geometry": {
        "type": "Polygon",
        "coordinates": [
          [
            [
              -9.136355,
              38.73085759999999
            ],
            [
              -9.1363496,
              38.7308419
            ],
            [
              -9.1363443,
              38.7308262
            ],
            [
              -9.1363389,
              38.7308105
            ],
            [
              -9.1363335,
              38.73079479999999
            ],
            [
              -9.1365991,
              38.7307979
            ],
            [
              -9.1366018,
              38.7308597
            ],
            [
              -9.1365146,
              38.730858999999995
            ],
            [
              -9.136355,
              38.73085759999999
            ]
          ]
        ]
      }
    },
    {
      "type": "Feature",
      "properties": {
        "area_id": "Alameda_Arro",
        "osm_uid": "cea/165",
        "osmid": "165",
        "element_type": "cea_zone",
        "building": "yes",
        "cea_name": "B1165",
        "intersection_area_m2": 146.52929278760962,
        "is_residential": true,
        "residential_source": "cea",
        "radiation_sum_kwh_year": 320732.66725,
        "radiation_sum": 320732.66725,
        "radiation_point_count": 241.0,
        "use_type1": "MULTI_RES",
        "use_type2": "NONE",
        "use_type3": "NONE",
        "resi_type": null,
        "comparison_status": "matched",
        "validation_radiation_kwh_year": 320732.66725,
        "ucea_radiation_kwh_year": 254230.50999999986,
        "workflow0_radiation_kwh_year": 244124.68999999925,
        "validation_area_m2": 146.52929278760962,
        "ucea_roofs_top_m2": 149.89,
        "err_ucea_minus_validation_kwh_year": 66502.15725000013,
        "err_ucea_abs_kwh_year": 66502.15725000013,
        "err_ucea_pct_of_validation": 20.73445084973649,
        "err_ucea_area_minus_validation_m2": 3.3607072123903663,
        "err_ucea_area_pct_of_validation": 2.2935395022083562,
        "err_workflow0_minus_validation_kwh_year": 76607.97725000075,
        "err_workflow0_abs_kwh_year": 76607.97725000075,
        "err_workflow0_pct_of_validation": 23.885305449814844
      },
      "geometry": {
        "type": "Polygon",
        "coordinates": [
          [
            [
              -9.1357127,
              38.72975050000001
            ],
            [
              -9.135849,
              38.729759900000005
            ],
            [
              -9.1358454,
              38.729800899999994
            ],
            [
              -9.1358406,
              38.729852400000006
            ],
            [
              -9.1357987,
              38.72984999999999
            ],
            [
              -9.1357956,
              38.7298831
            ],
            [
              -9.1357344,
              38.7298796
            ],
            [
              -9.1357365,
              38.7298572
            ],
            [
              -9.1357033,
              38.7298553
            ],
            [
              -9.1357038,
              38.7298494
            ],
            [
              -9.1357127,
              38.72975050000001
            ]
          ]
        ]
      }
    },
    {
      "type": "Feature",
      "properties": {
        "area_id": "Alameda_Arro",
        "osm_uid": "cea/166",
        "osmid": "166",
        "element_type": "cea_zone",
        "building": "yes",
        "cea_name": "B1166",
        "intersection_area_m2": 130.4846985104629,
        "is_residential": true,
        "residential_source": "cea",
        "radiation_sum_kwh_year": 235574.356125,
        "radiation_sum": 235574.356125,
        "radiation_point_count": 224.0,
        "use_type1": "MULTI_RES",
        "use_type2": "NONE",
        "use_type3": "NONE",
        "resi_type": null,
        "comparison_status": "matched",
        "validation_radiation_kwh_year": 235574.356125,
        "ucea_radiation_kwh_year": 218088.42000000033,
        "workflow0_radiation_kwh_year": 179609.22000000055,
        "validation_area_m2": 130.4846985104629,
        "ucea_roofs_top_m2": 148.83,
        "err_ucea_minus_validation_kwh_year": 17485.93612499966,
        "err_ucea_abs_kwh_year": 17485.93612499966,
        "err_ucea_pct_of_validation": 7.4226823380221,
        "err_ucea_area_minus_validation_m2": 18.34530148953712,
        "err_ucea_area_pct_of_validation": 14.059350788986272,
        "err_workflow0_minus_validation_kwh_year": 55965.13612499944,
        "err_workflow0_abs_kwh_year": 55965.13612499944,
        "err_workflow0_pct_of_validation": 23.756888077963513
      },
      "geometry": {
        "type": "Polygon",
        "coordinates": [
          [
            [
              -9.1363214,
              38.730757199999985
            ],
            [
              -9.1363174,
              38.7307446
            ],
            [
              -9.1365106,
              38.73074720000001
            ],
            [
              -9.1365106,
              38.73077179999999
            ],
            [
              -9.1365857,
              38.7307718
            ],
            [
              -9.1365857,
              38.7307482
            ],
            [
              -9.1366339,
              38.73074879999999
            ],
            [
              -9.1366339,
              38.73079829999999
            ],
            [
              -9.1365991,
              38.7307979
            ],
            [
              -9.1363335,
              38.73079479999999
            ],
            [
              -9.1363295,
              38.73078229999999
            ],
            [
              -9.1363255,
              38.7307697
            ],
            [
              -9.1363214,
              38.730757199999985
            ]
          ]
        ]
      }
    },
    {
      "type": "Feature",
      "properties": {
        "area_id": "Alameda_Arro",
        "osm_uid": "cea/167",
        "osmid": "167",
        "element_type": "cea_zone",
        "building": "yes",
        "cea_name": "B1167",
        "intersection_area_m2": 145.49714537809334,
        "is_residential": true,
        "residential_source": "cea",
        "radiation_sum_kwh_year": 310862.16740625,
        "radiation_sum": 310862.16740625,
        "radiation_point_count": 243.0,
        "use_type1": "MULTI_RES",
        "use_type2": "NONE",
        "use_type3": "NONE",
        "resi_type": null,
        "comparison_status": "matched",
        "validation_radiation_kwh_year": 310862.16740625,
        "ucea_radiation_kwh_year": 204527.51999999987,
        "workflow0_radiation_kwh_year": 206152.05000000045,
        "validation_area_m2": 145.49714537809334,
        "ucea_roofs_top_m2": 140.16,
        "err_ucea_minus_validation_kwh_year": 106334.64740625015,
        "err_ucea_abs_kwh_year": 106334.64740625015,
        "err_ucea_pct_of_validation": 34.20636492805726,
        "err_ucea_area_minus_validation_m2": 5.337145378093339,
        "err_ucea_area_pct_of_validation": 3.6682131214492695,
        "err_workflow0_minus_validation_kwh_year": 104710.11740624957,
        "err_workflow0_abs_kwh_year": 104710.11740624957,
        "err_workflow0_pct_of_validation": 33.683776408021124
      },
      "geometry": {
        "type": "Polygon",
        "coordinates": [
          [
            [
              -9.1357127,
              38.72975050000001
            ],
            [
              -9.1357038,
              38.7298494
            ],
            [
              -9.1356593,
              38.7298469
            ],
            [
              -9.1356613,
              38.72982450000001
            ],
            [
              -9.13561,
              38.72982160000001
            ],
            [
              -9.135608,
              38.7298441
            ],
            [
              -9.1355411,
              38.72984029999999
            ],
            [
              -9.1355501,
              38.7297506
            ],
            [
              -9.1355612,
              38.72974
            ],
            [
              -9.1357127,
              38.72975050000001
            ]
          ]
        ]
      }
    },
    {
      "type": "Feature",
      "properties": {
        "area_id": "Alameda_Arro",
        "osm_uid": "cea/168",
        "osmid": "168",
        "element_type": "cea_zone",
        "building": "yes",
        "cea_name": "B1168",
        "intersection_area_m2": 182.6915522241436,
        "is_residential": true,
        "residential_source": "cea",
        "radiation_sum_kwh_year": 178464.82328125,
        "radiation_sum": 178464.82328125,
        "radiation_point_count": 309.0,
        "use_type1": "MULTI_RES",
        "use_type2": "NONE",
        "use_type3": "NONE",
        "resi_type": null,
        "comparison_status": "matched",
        "validation_radiation_kwh_year": 178464.82328125,
        "ucea_radiation_kwh_year": 287767.60999999946,
        "workflow0_radiation_kwh_year": 286983.1700000004,
        "validation_area_m2": 182.6915522241436,
        "ucea_roofs_top_m2": 182.71,
        "err_ucea_minus_validation_kwh_year": 109302.78671874947,
        "err_ucea_abs_kwh_year": 109302.78671874947,
        "err_ucea_pct_of_validation": 61.24612386301739,
        "err_ucea_area_minus_validation_m2": 0.01844777585640145,
        "err_ucea_area_pct_of_validation": 0.010097771698697891,
        "err_workflow0_minus_validation_kwh_year": 108518.3467187504,
        "err_workflow0_abs_kwh_year": 108518.3467187504,
        "err_workflow0_pct_of_validation": 60.806575056941
      },
      "geometry": {
        "type": "Polygon",
        "coordinates": [
          [
            [
              -9.1356818,
              38.7302696
            ],
            [
              -9.1356978,
              38.7301064
            ],
            [
              -9.1358105,
              38.73010430000001
            ],
            [
              -9.135803700000002,
              38.73020819999999
            ],
            [
              -9.1357997,
              38.73026990000001
            ],
            [
              -9.1356818,
              38.7302696
            ]
          ]
        ]
      }
    },
    {
      "type": "Feature",
      "properties": {
        "area_id": "Alameda_Arro",
        "osm_uid": "cea/169",
        "osmid": "169",
        "element_type": "cea_zone",
        "building": "yes",
        "cea_name": "B1169",
        "intersection_area_m2": 168.7239524407819,
        "is_residential": true,
        "residential_source": "cea",
        "radiation_sum_kwh_year": 374273.8301875,
        "radiation_sum": 374273.8301875,
        "radiation_point_count": 278.0,
        "use_type1": "MULTI_RES",
        "use_type2": "NONE",
        "use_type3": "NONE",
        "resi_type": null,
        "comparison_status": "matched",
        "validation_radiation_kwh_year": 374273.8301875,
        "ucea_radiation_kwh_year": 285992.7000000017,
        "workflow0_radiation_kwh_year": 282306.97,
        "validation_area_m2": 168.7239524407819,
        "ucea_roofs_top_m2": 171.86,
        "err_ucea_minus_validation_kwh_year": 88281.13018749829,
        "err_ucea_abs_kwh_year": 88281.13018749829,
        "err_ucea_pct_of_validation": 23.587310430780608,
        "err_ucea_area_minus_validation_m2": 3.1360475592181274,
        "err_ucea_area_pct_of_validation": 1.858685452688649,
        "err_workflow0_minus_validation_kwh_year": 91966.86018750002,
        "err_workflow0_abs_kwh_year": 91966.86018750002,
        "err_workflow0_pct_of_validation": 24.572078721461068
      },
      "geometry": {
        "type": "Polygon",
        "coordinates": [
          [
            [
              -9.1356593,
              38.7298469
            ],
            [
              -9.1357038,
              38.7298494
            ],
            [
              -9.1357033,
              38.7298553
            ],
            [
              -9.135694,
              38.7299561
            ],
            [
              -9.1355304,
              38.72994690000001
            ],
            [
              -9.1355411,
              38.72984029999999
            ],
            [
              -9.135608,
              38.7298441
            ],
            [
              -9.1356593,
              38.7298469
            ]
          ]
        ]
      }
    },
    {
      "type": "Feature",
      "properties": {
        "area_id": "Alameda_Arro",
        "osm_uid": "cea/171",
        "osmid": "171",
        "element_type": "cea_zone",
        "building": "yes",
        "cea_name": "B1171",
        "intersection_area_m2": 474.59222119471497,
        "is_residential": true,
        "residential_source": "cea",
        "radiation_sum_kwh_year": 920445.998578125,
        "radiation_sum": 920445.998578125,
        "radiation_point_count": 776.0,
        "use_type1": "MULTI_RES",
        "use_type2": "NONE",
        "use_type3": "NONE",
        "resi_type": null,
        "comparison_status": "matched",
        "validation_radiation_kwh_year": 920445.998578125,
        "ucea_radiation_kwh_year": 789257.3999999992,
        "workflow0_radiation_kwh_year": 777009.990000002,
        "validation_area_m2": 474.59222119471497,
        "ucea_roofs_top_m2": 472.94,
        "err_ucea_minus_validation_kwh_year": 131188.59857812582,
        "err_ucea_abs_kwh_year": 131188.59857812582,
        "err_ucea_pct_of_validation": 14.25272083107338,
        "err_ucea_area_minus_validation_m2": 1.6522211947149685,
        "err_ucea_area_pct_of_validation": 0.3481349084390276,
        "err_workflow0_minus_validation_kwh_year": 143436.00857812306,
        "err_workflow0_abs_kwh_year": 143436.00857812306,
        "err_workflow0_pct_of_validation": 15.583316001123187
      },
      "geometry": {
        "type": "Polygon",
        "coordinates": [
          [
            [
              -9.1358729,
              38.7284325
            ],
            [
              -9.1358702,
              38.7284635
            ],
            [
              -9.1359464,
              38.72846750000001
            ],
            [
              -9.1359409,
              38.7285322
            ],
            [
              -9.135866,
              38.7285283
            ],
            [
              -9.1358676,
              38.72850979999999
            ],
            [
              -9.1358317,
              38.7285079
            ],
            [
              -9.1358296,
              38.7285319
            ],
            [
              -9.1356695,
              38.72852340000001
            ],
            [
              -9.135696300000001,
              38.7282561
            ],
            [
              -9.1358471,
              38.7282641
            ],
            [
              -9.1358328,
              38.72843050000001
            ],
            [
              -9.1358729,
              38.7284325
            ]
          ]
        ]
      }
    },
    {
      "type": "Feature",
      "properties": {
        "area_id": "Alameda_Arro",
        "osm_uid": "cea/173",
        "osmid": "173",
        "element_type": "cea_zone",
        "building": "yes",
        "cea_name": "B1173",
        "intersection_area_m2": 67.83199682325245,
        "is_residential": true,
        "residential_source": "cea",
        "radiation_sum_kwh_year": 66204.1665625,
        "radiation_sum": 66204.1665625,
        "radiation_point_count": 109.0,
        "use_type1": "MULTI_RES",
        "use_type2": "NONE",
        "use_type3": "NONE",
        "resi_type": null,
        "comparison_status": "matched",
        "validation_radiation_kwh_year": 66204.1665625,
        "ucea_radiation_kwh_year": 106600.12000000026,
        "workflow0_radiation_kwh_year": 106430.35000000033,
        "validation_area_m2": 67.83199682325245,
        "ucea_roofs_top_m2": 67.79,
        "err_ucea_minus_validation_kwh_year": 40395.953437500255,
        "err_ucea_abs_kwh_year": 40395.953437500255,
        "err_ucea_pct_of_validation": 61.01723733560558,
        "err_ucea_area_minus_validation_m2": 0.0419968232524468,
        "err_ucea_area_pct_of_validation": 0.06191299861314197,
        "err_workflow0_minus_validation_kwh_year": 40226.18343750032,
        "err_workflow0_abs_kwh_year": 40226.18343750032,
        "err_workflow0_pct_of_validation": 60.760803324251235
      },
      "geometry": {
        "type": "Polygon",
        "coordinates": [
          [
            [
              -9.1357956,
              38.7303285
            ],
            [
              -9.1356737,
              38.730328199999995
            ],
            [
              -9.1356818,
              38.7302696
            ],
            [
              -9.1357997,
              38.73026990000001
            ],
            [
              -9.1357971,
              38.7303094
            ],
            [
              -9.1357956,
              38.7303285
            ]
          ]
        ]
      }
    },
    {
      "type": "Feature",
      "properties": {
        "area_id": "Alameda_Arro",
        "osm_uid": "cea/174",
        "osmid": "174",
        "element_type": "cea_zone",
        "building": "yes",
        "cea_name": "B1174",
        "intersection_area_m2": 116.26462529334793,
        "is_residential": true,
        "residential_source": "cea",
        "radiation_sum_kwh_year": 274560.8025625,
        "radiation_sum": 274560.8025625,
        "radiation_point_count": 191.0,
        "use_type1": "MULTI_RES",
        "use_type2": "NONE",
        "use_type3": "NONE",
        "resi_type": null,
        "comparison_status": "matched",
        "validation_radiation_kwh_year": 274560.8025625,
        "ucea_radiation_kwh_year": 197102.75999999934,
        "workflow0_radiation_kwh_year": 194087.24000000072,
        "validation_area_m2": 116.26462529334793,
        "ucea_roofs_top_m2": 119.61,
        "err_ucea_minus_validation_kwh_year": 77458.04256250066,
        "err_ucea_abs_kwh_year": 77458.04256250066,
        "err_ucea_pct_of_validation": 28.2116171862764,
        "err_ucea_area_minus_validation_m2": 3.3453747066520663,
        "err_ucea_area_pct_of_validation": 2.877379682952861,
        "err_workflow0_minus_validation_kwh_year": 80473.56256249928,
        "err_workflow0_abs_kwh_year": 80473.56256249928,
        "err_workflow0_pct_of_validation": 29.30992399914062
      },
      "geometry": {
        "type": "Polygon",
        "coordinates": [
          [
            [
              -9.1356403,
              38.730433100000006
            ],
            [
              -9.1354824,
              38.7304243
            ],
            [
              -9.1354901,
              38.7303482
            ],
            [
              -9.1356473,
              38.730357000000005
            ],
            [
              -9.1356403,
              38.730433100000006
            ]
          ]
        ]
      }
    },
    {
      "type": "Feature",
      "properties": {
        "area_id": "Alameda_Arro",
        "osm_uid": "cea/175",
        "osmid": "175",
        "element_type": "cea_zone",
        "building": "yes",
        "cea_name": "B1175",
        "intersection_area_m2": 135.8780333921999,
        "is_residential": true,
        "residential_source": "cea",
        "radiation_sum_kwh_year": 312130.8735,
        "radiation_sum": 312130.8735,
        "radiation_point_count": 224.0,
        "use_type1": "MULTI_RES",
        "use_type2": "NONE",
        "use_type3": "NONE",
        "resi_type": null,
        "comparison_status": "matched",
        "validation_radiation_kwh_year": 312130.8735,
        "ucea_radiation_kwh_year": 227391.05999999985,
        "workflow0_radiation_kwh_year": 225619.30000000016,
        "validation_area_m2": 135.8780333921999,
        "ucea_roofs_top_m2": 141.09,
        "err_ucea_minus_validation_kwh_year": 84739.81350000013,
        "err_ucea_abs_kwh_year": 84739.81350000013,
        "err_ucea_pct_of_validation": 27.148808623059885,
        "err_ucea_area_minus_validation_m2": 5.211966607800093,
        "err_ucea_area_pct_of_validation": 3.8357683561376055,
        "err_workflow0_minus_validation_kwh_year": 86511.57349999982,
        "err_workflow0_abs_kwh_year": 86511.57349999982,
        "err_workflow0_pct_of_validation": 27.716442314700995
      },
      "geometry": {
        "type": "Polygon",
        "coordinates": [
          [
            [
              -9.135686,
              38.730043599999995
            ],
            [
              -9.1356783,
              38.7301286
            ],
            [
              -9.1356682,
              38.7301281
            ],
            [
              -9.1355131,
              38.7301194
            ],
            [
              -9.1355216,
              38.7300344
            ],
            [
              -9.135686,
              38.730043599999995
            ]
          ]
        ]
      }
    },
    {
      "type": "Feature",
      "properties": {
        "area_id": "Alameda_Arro",
        "osm_uid": "cea/176",
        "osmid": "176",
        "element_type": "cea_zone",
        "building": "yes",
        "cea_name": "B1176",
        "intersection_area_m2": 351.850919497199,
        "is_residential": true,
        "residential_source": "cea",
        "radiation_sum_kwh_year": 875240.2639375001,
        "radiation_sum": 875240.2639375001,
        "radiation_point_count": 590.0,
        "use_type1": "MULTI_RES",
        "use_type2": "NONE",
        "use_type3": "NONE",
        "resi_type": null,
        "comparison_status": "matched",
        "validation_radiation_kwh_year": 875240.2639375001,
        "ucea_radiation_kwh_year": 607135.1200000012,
        "workflow0_radiation_kwh_year": 591651.9199999992,
        "validation_area_m2": 351.850919497199,
        "ucea_roofs_top_m2": 354.86,
        "err_ucea_minus_validation_kwh_year": 268105.1439374989,
        "err_ucea_abs_kwh_year": 268105.1439374989,
        "err_ucea_pct_of_validation": 30.63217667013592,
        "err_ucea_area_minus_validation_m2": 3.009080502800998,
        "err_ucea_area_pct_of_validation": 0.8552146196181684,
        "err_workflow0_minus_validation_kwh_year": 283588.34393750085,
        "err_workflow0_abs_kwh_year": 283588.34393750085,
        "err_workflow0_pct_of_validation": 32.40119949026381
      },
      "geometry": {
        "type": "Polygon",
        "coordinates": [
          [
            [
              -9.1372162,
              38.7272778
            ],
            [
              -9.1372687,
              38.72730909999999
            ],
            [
              -9.1374043,
              38.72739279999999
            ],
            [
              -9.1374056,
              38.727441600000006
            ],
            [
              -9.1374086,
              38.7275564
            ],
            [
              -9.1372902,
              38.7275583
            ],
            [
              -9.1372865,
              38.727457099999995
            ],
            [
              -9.1371844,
              38.72738939999999
            ],
            [
              -9.137185,
              38.7273535
            ],
            [
              -9.1371873,
              38.7273158
            ],
            [
              -9.1372162,
              38.7272778
            ]
          ]
        ]
      }
    },
    {
      "type": "Feature",
      "properties": {
        "area_id": "Alameda_Arro",
        "osm_uid": "cea/177",
        "osmid": "177",
        "element_type": "cea_zone",
        "building": "yes",
        "cea_name": "B1177",
        "intersection_area_m2": 313.9204265712541,
        "is_residential": true,
        "residential_source": "cea",
        "radiation_sum_kwh_year": 569260.056640625,
        "radiation_sum": 569260.056640625,
        "radiation_point_count": 516.0,
        "use_type1": "MULTI_RES",
        "use_type2": "NONE",
        "use_type3": "NONE",
        "resi_type": null,
        "comparison_status": "matched",
        "validation_radiation_kwh_year": 569260.056640625,
        "ucea_radiation_kwh_year": 522511.69000000076,
        "workflow0_radiation_kwh_year": 523293.3799999985,
        "validation_area_m2": 313.9204265712541,
        "ucea_roofs_top_m2": 317.78,
        "err_ucea_minus_validation_kwh_year": 46748.36664062424,
        "err_ucea_abs_kwh_year": 46748.36664062424,
        "err_ucea_pct_of_validation": 8.212128375298352,
        "err_ucea_area_minus_validation_m2": 3.8595734287458754,
        "err_ucea_area_pct_of_validation": 1.2294750841483786,
        "err_workflow0_minus_validation_kwh_year": 45966.67664062651,
        "err_workflow0_abs_kwh_year": 45966.67664062651,
        "err_workflow0_pct_of_validation": 8.074811521449389
      },
      "geometry": {
        "type": "Polygon",
        "coordinates": [
          [
            [
              -9.1363098,
              38.7297955
            ],
            [
              -9.1363836,
              38.729798300000006
            ],
            [
              -9.1363731,
              38.72996790000001
            ],
            [
              -9.136299,
              38.729965099999994
            ],
            [
              -9.1361816,
              38.7299607
            ],
            [
              -9.1361922,
              38.72979109999999
            ],
            [
              -9.1363098,
              38.7297955
            ]
          ]
        ]
      }
    },
    {
      "type": "Feature",
      "properties": {
        "area_id": "Alameda_Arro",
        "osm_uid": "cea/178",
        "osmid": "178",
        "element_type": "cea_zone",
        "building": "yes",
        "cea_name": "B1178",
        "intersection_area_m2": 64.13669449865385,
        "is_residential": true,
        "residential_source": "cea",
        "radiation_sum_kwh_year": 85229.96284375,
        "radiation_sum": 85229.96284375,
        "radiation_point_count": 107.0,
        "use_type1": "MULTI_RES",
        "use_type2": "NONE",
        "use_type3": "NONE",
        "resi_type": null,
        "comparison_status": "matched",
        "validation_radiation_kwh_year": 85229.96284375,
        "ucea_radiation_kwh_year": 96872.23000000017,
        "workflow0_radiation_kwh_year": 102135.67000000004,
        "validation_area_m2": 64.13669449865385,
        "ucea_roofs_top_m2": 64.14,
        "err_ucea_minus_validation_kwh_year": 11642.267156250164,
        "err_ucea_abs_kwh_year": 11642.267156250164,
        "err_ucea_pct_of_validation": 13.659828970703233,
        "err_ucea_area_minus_validation_m2": 0.003305501346147821,
        "err_ucea_area_pct_of_validation": 0.005153838020475469,
        "err_workflow0_minus_validation_kwh_year": 16905.707156250035,
        "err_workflow0_abs_kwh_year": 16905.707156250035,
        "err_workflow0_pct_of_validation": 19.83540364465822
      },
      "geometry": {
        "type": "Polygon",
        "coordinates": [
          [
            [
              -9.1353885,
              38.7294854
            ],
            [
              -9.1353233,
              38.729481699999994
            ],
            [
              -9.135333,
              38.729380500000005
            ],
            [
              -9.1353986,
              38.729384399999994
            ],
            [
              -9.1353885,
              38.7294854
            ]
          ]
        ]
      }
    },
    {
      "type": "Feature",
      "properties": {
        "area_id": "Alameda_Arro",
        "osm_uid": "cea/179",
        "osmid": "179",
        "element_type": "cea_zone",
        "building": "yes",
        "cea_name": "B1179",
        "intersection_area_m2": 61.357424468885185,
        "is_residential": true,
        "residential_source": "cea",
        "radiation_sum_kwh_year": 117671.85889062501,
        "radiation_sum": 117671.85889062501,
        "radiation_point_count": 101.0,
        "use_type1": "MULTI_RES",
        "use_type2": "NONE",
        "use_type3": "NONE",
        "resi_type": null,
        "comparison_status": "matched",
        "validation_radiation_kwh_year": 117671.85889062501,
        "ucea_radiation_kwh_year": 94168.18999999977,
        "workflow0_radiation_kwh_year": 90696.23,
        "validation_area_m2": 61.357424468885185,
        "ucea_roofs_top_m2": 62.73,
        "err_ucea_minus_validation_kwh_year": 23503.66889062524,
        "err_ucea_abs_kwh_year": 23503.66889062524,
        "err_ucea_pct_of_validation": 19.97390804582402,
        "err_ucea_area_minus_validation_m2": 1.372575531114812,
        "err_ucea_area_pct_of_validation": 2.237016209523031,
        "err_workflow0_minus_validation_kwh_year": 26975.628890625012,
        "err_workflow0_abs_kwh_year": 26975.628890625012,
        "err_workflow0_pct_of_validation": 22.924452069460916
      },
      "geometry": {
        "type": "Polygon",
        "coordinates": [
          [
            [
              -9.135381000000002,
              38.7295605
            ],
            [
              -9.1353794,
              38.7295702
            ],
            [
              -9.1353722,
              38.7295782
            ],
            [
              -9.1353609,
              38.7295825
            ],
            [
              -9.1353484,
              38.7295822
            ],
            [
              -9.1353132,
              38.7295798
            ],
            [
              -9.1353233,
              38.729481699999994
            ],
            [
              -9.1353885,
              38.7294854
            ],
            [
              -9.135381000000002,
              38.7295605
            ]
          ]
        ]
      }
    },
    {
      "type": "Feature",
      "properties": {
        "area_id": "Alameda_Arro",
        "osm_uid": "cea/181",
        "osmid": "181",
        "element_type": "cea_zone",
        "building": "yes",
        "cea_name": "B1181",
        "intersection_area_m2": 178.57179845568305,
        "is_residential": true,
        "residential_source": "cea",
        "radiation_sum_kwh_year": 389059.687625,
        "radiation_sum": 389059.687625,
        "radiation_point_count": 296.0,
        "use_type1": "MULTI_RES",
        "use_type2": "NONE",
        "use_type3": "NONE",
        "resi_type": null,
        "comparison_status": "matched",
        "validation_radiation_kwh_year": 389059.687625,
        "ucea_radiation_kwh_year": 295548.370000001,
        "workflow0_radiation_kwh_year": 274299.729999999,
        "validation_area_m2": 178.57179845568305,
        "ucea_roofs_top_m2": 191.26,
        "err_ucea_minus_validation_kwh_year": 93511.31762499904,
        "err_ucea_abs_kwh_year": 93511.31762499904,
        "err_ucea_pct_of_validation": 24.035211202639704,
        "err_ucea_area_minus_validation_m2": 12.68820154431694,
        "err_ucea_area_pct_of_validation": 7.105378147079493,
        "err_workflow0_minus_validation_kwh_year": 114759.95762500103,
        "err_workflow0_abs_kwh_year": 114759.95762500103,
        "err_workflow0_pct_of_validation": 29.496748513203414
      },
      "geometry": {
        "type": "Polygon",
        "coordinates": [
          [
            [
              -9.1340633,
              38.7277446
            ],
            [
              -9.1341566,
              38.7277306
            ],
            [
              -9.1341609,
              38.72774809999999
            ],
            [
              -9.1342104,
              38.72774069999999
            ],
            [
              -9.1342356,
              38.7278428
            ],
            [
              -9.1341861,
              38.7278503
            ],
            [
              -9.1341905,
              38.7278678
            ],
            [
              -9.1340972,
              38.7278818
            ],
            [
              -9.1340633,
              38.7277446
            ]
          ]
        ]
      }
    },
    {
      "type": "Feature",
      "properties": {
        "area_id": "Alameda_Arro",
        "osm_uid": "cea/184",
        "osmid": "184",
        "element_type": "cea_zone",
        "building": "yes",
        "cea_name": "B1184",
        "intersection_area_m2": 91.3848294495492,
        "is_residential": true,
        "residential_source": "cea",
        "radiation_sum_kwh_year": 172934.2471015625,
        "radiation_sum": 172934.2471015625,
        "radiation_point_count": 150.0,
        "use_type1": "MULTI_RES",
        "use_type2": "NONE",
        "use_type3": "NONE",
        "resi_type": null,
        "comparison_status": "matched",
        "validation_radiation_kwh_year": 172934.2471015625,
        "ucea_radiation_kwh_year": 123461.87999999958,
        "workflow0_radiation_kwh_year": 123745.60999999978,
        "validation_area_m2": 91.3848294495492,
        "ucea_roofs_top_m2": 83.65,
        "err_ucea_minus_validation_kwh_year": 49472.36710156292,
        "err_ucea_abs_kwh_year": 49472.36710156292,
        "err_ucea_pct_of_validation": 28.607617016719832,
        "err_ucea_area_minus_validation_m2": 7.734829449549196,
        "err_ucea_area_pct_of_validation": 8.464019133306323,
        "err_workflow0_minus_validation_kwh_year": 49188.63710156272,
        "err_workflow0_abs_kwh_year": 49188.63710156272,
        "err_workflow0_pct_of_validation": 28.443548878247775
      },
      "geometry": {
        "type": "Polygon",
        "coordinates": [
          [
            [
              -9.1339357,
              38.72802039999999
            ],
            [
              -9.1338944,
              38.72802759999999
            ],
            [
              -9.1338774,
              38.72796279999999
            ],
            [
              -9.133913,
              38.727957100000005
            ],
            [
              -9.1339811,
              38.7279462
            ],
            [
              -9.1340106,
              38.72806550000001
            ],
            [
              -9.1339659,
              38.72806
            ],
            [
              -9.1339357,
              38.72802039999999
            ]
          ]
        ]
      }
    },
    {
      "type": "Feature",
      "properties": {
        "area_id": "Alameda_Arro",
        "osm_uid": "cea/186",
        "osmid": "186",
        "element_type": "cea_zone",
        "building": "yes",
        "cea_name": "B1186",
        "intersection_area_m2": 216.20752695526082,
        "is_residential": true,
        "residential_source": "cea",
        "radiation_sum_kwh_year": 459254.71523437503,
        "radiation_sum": 459254.71523437503,
        "radiation_point_count": 357.0,
        "use_type1": "MULTI_RES",
        "use_type2": "NONE",
        "use_type3": "NONE",
        "resi_type": null,
        "comparison_status": "matched",
        "validation_radiation_kwh_year": 459254.71523437503,
        "ucea_radiation_kwh_year": 369795.6500000003,
        "workflow0_radiation_kwh_year": 379472.7600000004,
        "validation_area_m2": 216.20752695526082,
        "ucea_roofs_top_m2": 224.29,
        "err_ucea_minus_validation_kwh_year": 89459.06523437472,
        "err_ucea_abs_kwh_year": 89459.06523437472,
        "err_ucea_pct_of_validation": 19.47918274257029,
        "err_ucea_area_minus_validation_m2": 8.082473044739174,
        "err_ucea_area_pct_of_validation": 3.7382940171234913,
        "err_workflow0_minus_validation_kwh_year": 79781.95523437462,
        "err_workflow0_abs_kwh_year": 79781.95523437462,
        "err_workflow0_pct_of_validation": 17.372049232779
      },
      "geometry": {
        "type": "Polygon",
        "coordinates": [
          [
            [
              -9.1346191,
              38.7279581
            ],
            [
              -9.1346065,
              38.72808379999999
            ],
            [
              -9.1344713,
              38.7280756
            ],
            [
              -9.1344736,
              38.7280532
            ],
            [
              -9.1344449,
              38.7280514
            ],
            [
              -9.1344471,
              38.728029
            ],
            [
              -9.1344184,
              38.728027299999994
            ],
            [
              -9.134422,
              38.72799119999999
            ],
            [
              -9.1344265,
              38.72794639999999
            ],
            [
              -9.1346191,
              38.7279581
            ]
          ]
        ]
      }
    },
    {
      "type": "Feature",
      "properties": {
        "area_id": "Alameda_Arro",
        "osm_uid": "cea/189",
        "osmid": "189",
        "element_type": "cea_zone",
        "building": "yes",
        "cea_name": "B1189",
        "intersection_area_m2": 478.6172217400176,
        "is_residential": true,
        "residential_source": "cea",
        "radiation_sum_kwh_year": 1082543.1962968751,
        "radiation_sum": 1082543.1962968751,
        "radiation_point_count": 788.0,
        "use_type1": "MULTI_RES",
        "use_type2": "NONE",
        "use_type3": "NONE",
        "resi_type": null,
        "comparison_status": "matched",
        "validation_radiation_kwh_year": 1082543.1962968751,
        "ucea_radiation_kwh_year": 805229.0600000015,
        "workflow0_radiation_kwh_year": 833856.5899999979,
        "validation_area_m2": 478.6172217400176,
        "ucea_roofs_top_m2": 477.62,
        "err_ucea_minus_validation_kwh_year": 277314.1362968737,
        "err_ucea_abs_kwh_year": 277314.1362968737,
        "err_ucea_pct_of_validation": 25.616911846612673,
        "err_ucea_area_minus_validation_m2": 0.9972217400176078,
        "err_ucea_area_pct_of_validation": 0.20835475505712026,
        "err_workflow0_minus_validation_kwh_year": 248686.60629687726,
        "err_workflow0_abs_kwh_year": 248686.60629687726,
        "err_workflow0_pct_of_validation": 22.972441852442977
      },
      "geometry": {
        "type": "Polygon",
        "coordinates": [
          [
            [
              -9.1340761,
              38.7287513
            ],
            [
              -9.1340799,
              38.728717399999994
            ],
            [
              -9.1341402,
              38.728721499999985
            ],
            [
              -9.1341296,
              38.72881579999999
            ],
            [
              -9.1340994,
              38.7288138
            ],
            [
              -9.1340852,
              38.72894000000001
            ],
            [
              -9.1341271,
              38.72894289999999
            ],
            [
              -9.1341192,
              38.7290125
            ],
            [
              -9.1340773,
              38.72900959999998
            ],
            [
              -9.1339116,
              38.72899820000001
            ],
            [
              -9.1339195,
              38.728928599999996
            ],
            [
              -9.1339405,
              38.728742000000004
            ],
            [
              -9.1340761,
              38.7287513
            ]
          ]
        ]
      }
    },
    {
      "type": "Feature",
      "properties": {
        "area_id": "Alameda_Arro",
        "osm_uid": "cea/191",
        "osmid": "191",
        "element_type": "cea_zone",
        "building": "yes",
        "cea_name": "B1191",
        "intersection_area_m2": 171.6588139125795,
        "is_residential": true,
        "residential_source": "cea",
        "radiation_sum_kwh_year": 398912.91340625,
        "radiation_sum": 398912.91340625,
        "radiation_point_count": 284.0,
        "use_type1": "MULTI_RES",
        "use_type2": "NONE",
        "use_type3": "NONE",
        "resi_type": null,
        "comparison_status": "matched",
        "validation_radiation_kwh_year": 398912.91340625,
        "ucea_radiation_kwh_year": 248105.30999999982,
        "workflow0_radiation_kwh_year": 245677.63000000088,
        "validation_area_m2": 171.6588139125795,
        "ucea_roofs_top_m2": 174.02,
        "err_ucea_minus_validation_kwh_year": 150807.6034062502,
        "err_ucea_abs_kwh_year": 150807.6034062502,
        "err_ucea_pct_of_validation": 37.804643153446584,
        "err_ucea_area_minus_validation_m2": 2.3611860874205206,
        "err_ucea_area_pct_of_validation": 1.3755111279185464,
        "err_workflow0_minus_validation_kwh_year": 153235.28340624913,
        "err_workflow0_abs_kwh_year": 153235.28340624913,
        "err_workflow0_pct_of_validation": 38.41321708485166
      },
      "geometry": {
        "type": "Polygon",
        "coordinates": [
          [
            [
              -9.1341139,
              38.7292011
            ],
            [
              -9.1340039,
              38.729193599999995
            ],
            [
              -9.134022,
              38.729033
            ],
            [
              -9.134132,
              38.729040600000005
            ],
            [
              -9.1341139,
              38.7292011
            ]
          ]
        ]
      }
    },
    {
      "type": "Feature",
      "properties": {
        "area_id": "Alameda_Arro",
        "osm_uid": "cea/193",
        "osmid": "193",
        "element_type": "cea_zone",
        "building": "yes",
        "cea_name": "B1193",
        "intersection_area_m2": 268.9733406740293,
        "is_residential": true,
        "residential_source": "cea",
        "radiation_sum_kwh_year": 688658.95940625,
        "radiation_sum": 688658.95940625,
        "radiation_point_count": 446.0,
        "use_type1": "MULTI_RES",
        "use_type2": "NONE",
        "use_type3": "NONE",
        "resi_type": null,
        "comparison_status": "matched",
        "validation_radiation_kwh_year": 688658.95940625,
        "ucea_radiation_kwh_year": 468879.29000000027,
        "workflow0_radiation_kwh_year": 462264.70999999833,
        "validation_area_m2": 268.9733406740293,
        "ucea_roofs_top_m2": 276.89,
        "err_ucea_minus_validation_kwh_year": 219779.66940624977,
        "err_ucea_abs_kwh_year": 219779.66940624977,
        "err_ucea_pct_of_validation": 31.914152339750295,
        "err_ucea_area_minus_validation_m2": 7.91665932597067,
        "err_ucea_area_pct_of_validation": 2.9432877273755267,
        "err_workflow0_minus_validation_kwh_year": 226394.2494062517,
        "err_workflow0_abs_kwh_year": 226394.2494062517,
        "err_workflow0_pct_of_validation": 32.874653892754836
      },
      "geometry": {
        "type": "Polygon",
        "coordinates": [
          [
            [
              -9.1339095,
              38.7282815
            ],
            [
              -9.1340696,
              38.7282879
            ],
            [
              -9.1340768,
              38.72858840000001
            ],
            [
              -9.1340021,
              38.7285951
            ],
            [
              -9.1339943,
              38.7283641
            ],
            [
              -9.1339611,
              38.728362499999996
            ],
            [
              -9.1339095,
              38.7282815
            ]
          ]
        ]
      }
    },
    {
      "type": "Feature",
      "properties": {
        "area_id": "Alameda_Arro",
        "osm_uid": "cea/195",
        "osmid": "195",
        "element_type": "cea_zone",
        "building": "yes",
        "cea_name": "B1195",
        "intersection_area_m2": 283.5756171271572,
        "is_residential": true,
        "residential_source": "cea",
        "radiation_sum_kwh_year": 655251.2262734375,
        "radiation_sum": 655251.2262734375,
        "radiation_point_count": 468.0,
        "use_type1": "MULTI_RES",
        "use_type2": "NONE",
        "use_type3": "NONE",
        "resi_type": null,
        "comparison_status": "matched",
        "validation_radiation_kwh_year": 655251.2262734375,
        "ucea_radiation_kwh_year": 484873.7400000001,
        "workflow0_radiation_kwh_year": 441600.12999999896,
        "validation_area_m2": 283.5756171271572,
        "ucea_roofs_top_m2": 306.68,
        "err_ucea_minus_validation_kwh_year": 170377.4862734374,
        "err_ucea_abs_kwh_year": 170377.4862734374,
        "err_ucea_pct_of_validation": 26.001856912563575,
        "err_ucea_area_minus_validation_m2": 23.10438287284279,
        "err_ucea_area_pct_of_validation": 8.147520970564488,
        "err_workflow0_minus_validation_kwh_year": 213651.09627343854,
        "err_workflow0_abs_kwh_year": 213651.09627343854,
        "err_workflow0_pct_of_validation": 32.60598190537099
      },
      "geometry": {
        "type": "Polygon",
        "coordinates": [
          [
            [
              -9.1339095,
              38.7282815
            ],
            [
              -9.1339611,
              38.728362499999996
            ],
            [
              -9.1339103,
              38.7283668
            ],
            [
              -9.1339181,
              38.7284174
            ],
            [
              -9.1337827,
              38.7284301
            ],
            [
              -9.1337747,
              38.728378
            ],
            [
              -9.1337142,
              38.728382999999994
            ],
            [
              -9.1336616,
              38.7282894
            ],
            [
              -9.1339095,
              38.7282815
            ]
          ]
        ]
      }
    },
    {
      "type": "Feature",
      "properties": {
        "area_id": "Alameda_Arro",
        "osm_uid": "cea/197",
        "osmid": "197",
        "element_type": "cea_zone",
        "building": "yes",
        "cea_name": "B1197",
        "intersection_area_m2": 600.1100618152049,
        "is_residential": true,
        "residential_source": "cea",
        "radiation_sum_kwh_year": 1223705.9696015625,
        "radiation_sum": 1223705.9696015625,
        "radiation_point_count": 992.0,
        "use_type1": "MULTI_RES",
        "use_type2": "NONE",
        "use_type3": "NONE",
        "resi_type": null,
        "comparison_status": "matched",
        "validation_radiation_kwh_year": 1223705.9696015625,
        "ucea_radiation_kwh_year": 1034613.38,
        "workflow0_radiation_kwh_year": 1038910.1499999998,
        "validation_area_m2": 600.1100618152049,
        "ucea_roofs_top_m2": 600.11,
        "err_ucea_minus_validation_kwh_year": 189092.58960156247,
        "err_ucea_abs_kwh_year": 189092.58960156247,
        "err_ucea_pct_of_validation": 15.452452982895135,
        "err_ucea_area_minus_validation_m2": 6.181520484460634e-05,
        "err_ucea_area_pct_of_validation": 1.0300644628025157e-05,
        "err_workflow0_minus_validation_kwh_year": 184795.8196015627,
        "err_workflow0_abs_kwh_year": 184795.8196015627,
        "err_workflow0_pct_of_validation": 15.101325334036906
      },
      "geometry": {
        "type": "Polygon",
        "coordinates": [
          [
            [
              -9.1343507,
              38.7284876
            ],
            [
              -9.1342754,
              38.728483699999984
            ],
            [
              -9.1342868,
              38.72834949999999
            ],
            [
              -9.1343543,
              38.728352999999984
            ],
            [
              -9.1343586,
              38.7283025
            ],
            [
              -9.1345834,
              38.72831419999999
            ],
            [
              -9.1345595,
              38.728553100000006
            ],
            [
              -9.1343461,
              38.728541899999996
            ],
            [
              -9.1343507,
              38.7284876
            ]
          ]
        ]
      }
    },
    {
      "type": "Feature",
      "properties": {
        "area_id": "Alameda_Arro",
        "osm_uid": "cea/199",
        "osmid": "199",
        "element_type": "cea_zone",
        "building": "yes",
        "cea_name": "B1199",
        "intersection_area_m2": 311.8290413910273,
        "is_residential": true,
        "residential_source": "cea",
        "radiation_sum_kwh_year": 543565.508890625,
        "radiation_sum": 543565.508890625,
        "radiation_point_count": 513.0,
        "use_type1": "MULTI_RES",
        "use_type2": "NONE",
        "use_type3": "NONE",
        "resi_type": null,
        "comparison_status": "matched",
        "validation_radiation_kwh_year": 543565.508890625,
        "ucea_radiation_kwh_year": 388878.4299999999,
        "workflow0_radiation_kwh_year": 433052.64000000164,
        "validation_area_m2": 311.8290413910273,
        "ucea_roofs_top_m2": 269.01,
        "err_ucea_minus_validation_kwh_year": 154687.0788906251,
        "err_ucea_abs_kwh_year": 154687.0788906251,
        "err_ucea_pct_of_validation": 28.457853995616723,
        "err_ucea_area_minus_validation_m2": 42.819041391027326,
        "err_ucea_area_pct_of_validation": 13.731575866063453,
        "err_workflow0_minus_validation_kwh_year": 110512.86889062333,
        "err_workflow0_abs_kwh_year": 110512.86889062333,
        "err_workflow0_pct_of_validation": 20.331103994470055
      },
      "geometry": {
        "type": "Polygon",
        "coordinates": [
          [
            [
              -9.1341809,
              38.730720700000006
            ],
            [
              -9.1341782,
              38.73075
            ],
            [
              -9.1340862,
              38.73074470000001
            ],
            [
              -9.1340985,
              38.73061429999999
            ],
            [
              -9.1341876,
              38.7306194
            ],
            [
              -9.1341846,
              38.73065029999998
            ],
            [
              -9.134222800000002,
              38.73065249999999
            ],
            [
              -9.1342265,
              38.73061349999999
            ],
            [
              -9.1343526,
              38.730620699999996
            ],
            [
              -9.1343386,
              38.730760499999995
            ],
            [
              -9.1342071,
              38.730753099999994
            ],
            [
              -9.13421,
              38.7307224
            ],
            [
              -9.1341809,
              38.730720700000006
            ]
          ]
        ]
      }
    },
    {
      "type": "Feature",
      "properties": {
        "area_id": "Alameda_Arro",
        "osm_uid": "cea/201",
        "osmid": "201",
        "element_type": "cea_zone",
        "building": "yes",
        "cea_name": "B1201",
        "intersection_area_m2": 248.192595164993,
        "is_residential": true,
        "residential_source": "cea",
        "radiation_sum_kwh_year": 538859.1323046875,
        "radiation_sum": 538859.1323046875,
        "radiation_point_count": 405.0,
        "use_type1": "MULTI_RES",
        "use_type2": "NONE",
        "use_type3": "NONE",
        "resi_type": null,
        "comparison_status": "matched",
        "validation_radiation_kwh_year": 538859.1323046875,
        "ucea_radiation_kwh_year": 356211.1599999996,
        "workflow0_radiation_kwh_year": 426905.99000000075,
        "validation_area_m2": 248.192595164993,
        "ucea_roofs_top_m2": 212.95,
        "err_ucea_minus_validation_kwh_year": 182647.9723046879,
        "err_ucea_abs_kwh_year": 182647.9723046879,
        "err_ucea_pct_of_validation": 33.895309804532204,
        "err_ucea_area_minus_validation_m2": 35.24259516499302,
        "err_ucea_area_pct_of_validation": 14.199696466191714,
        "err_workflow0_minus_validation_kwh_year": 111953.14230468677,
        "err_workflow0_abs_kwh_year": 111953.14230468677,
        "err_workflow0_pct_of_validation": 20.775957127397263
      },
      "geometry": {
        "type": "Polygon",
        "coordinates": [
          [
            [
              -9.1346968,
              38.73143780000001
            ],
            [
              -9.1346955,
              38.73145099999999
            ],
            [
              -9.134741,
              38.7314537
            ],
            [
              -9.1347423,
              38.7314405
            ],
            [
              -9.1347525,
              38.73144109999999
            ],
            [
              -9.1348798,
              38.73144859999999
            ],
            [
              -9.1348763,
              38.73148400000001
            ],
            [
              -9.1348192,
              38.731480600000005
            ],
            [
              -9.134817,
              38.73150319999999
            ],
            [
              -9.1348727,
              38.7315065
            ],
            [
              -9.1348697,
              38.73153659999999
            ],
            [
              -9.1347868,
              38.7315317
            ],
            [
              -9.1347317,
              38.731528399999995
            ],
            [
              -9.1347333,
              38.731511999999995
            ],
            [
              -9.1346945,
              38.731509700000004
            ],
            [
              -9.1346929,
              38.7315262
            ],
            [
              -9.134602600000001,
              38.7315209
            ],
            [
              -9.1345515,
              38.7315179
            ],
            [
              -9.1345603,
              38.731429699999985
            ],
            [
              -9.1346968,
              38.73143780000001
            ]
          ]
        ]
      }
    },
    {
      "type": "Feature",
      "properties": {
        "area_id": "Alameda_Arro",
        "osm_uid": "cea/202",
        "osmid": "202",
        "element_type": "cea_zone",
        "building": "yes",
        "cea_name": "B1202",
        "intersection_area_m2": 162.39403707286633,
        "is_residential": true,
        "residential_source": "cea",
        "radiation_sum_kwh_year": 391266.00715625,
        "radiation_sum": 391266.00715625,
        "radiation_point_count": 267.0,
        "use_type1": "MULTI_RES",
        "use_type2": "NONE",
        "use_type3": "NONE",
        "resi_type": null,
        "comparison_status": "matched",
        "validation_radiation_kwh_year": 391266.00715625,
        "ucea_radiation_kwh_year": 275175.8499999998,
        "workflow0_radiation_kwh_year": 220626.5899999991,
        "validation_area_m2": 162.39403707286633,
        "ucea_roofs_top_m2": 165.28,
        "err_ucea_minus_validation_kwh_year": 116090.1571562502,
        "err_ucea_abs_kwh_year": 116090.1571562502,
        "err_ucea_pct_of_validation": 29.670391762372095,
        "err_ucea_area_minus_validation_m2": 2.8859629271336757,
        "err_ucea_area_pct_of_validation": 1.777136019987447,
        "err_workflow0_minus_validation_kwh_year": 170639.41715625091,
        "err_workflow0_abs_kwh_year": 170639.41715625091,
        "err_workflow0_pct_of_validation": 43.612124241630575
      },
      "geometry": {
        "type": "Polygon",
        "coordinates": [
          [
            [
              -9.1339945,
              38.729676
            ],
            [
              -9.1340165,
              38.7296644
            ],
            [
              -9.134027500000002,
              38.7296587
            ],
            [
              -9.134049500000001,
              38.72964710000001
            ],
            [
              -9.134071800000001,
              38.7296414
            ],
            [
              -9.1340953,
              38.7296401
            ],
            [
              -9.1341263,
              38.729641799999996
            ],
            [
              -9.1341413,
              38.7296427
            ],
            [
              -9.1341313,
              38.72975319999999
            ],
            [
              -9.134103500000002,
              38.729752399999995
            ],
            [
              -9.1340408,
              38.7297853
            ],
            [
              -9.1339615,
              38.729693399999995
            ],
            [
              -9.1339725,
              38.72968759999999
            ],
            [
              -9.1339945,
              38.729676
            ]
          ]
        ]
      }
    },
    {
      "type": "Feature",
      "properties": {
        "area_id": "Alameda_Arro",
        "osm_uid": "cea/203",
        "osmid": "203",
        "element_type": "cea_zone",
        "building": "yes",
        "cea_name": "B1203",
        "intersection_area_m2": 385.71222023833826,
        "is_residential": true,
        "residential_source": "cea",
        "radiation_sum_kwh_year": 801381.65446875,
        "radiation_sum": 801381.65446875,
        "radiation_point_count": 635.0,
        "use_type1": "MULTI_RES",
        "use_type2": "NONE",
        "use_type3": "NONE",
        "resi_type": null,
        "comparison_status": "matched",
        "validation_radiation_kwh_year": 801381.65446875,
        "ucea_radiation_kwh_year": 567895.0,
        "workflow0_radiation_kwh_year": 549703.7199999999,
        "validation_area_m2": 385.71222023833826,
        "ucea_roofs_top_m2": 397.93,
        "err_ucea_minus_validation_kwh_year": 233486.65446875,
        "err_ucea_abs_kwh_year": 233486.65446875,
        "err_ucea_pct_of_validation": 29.13551279427933,
        "err_ucea_area_minus_validation_m2": 12.217779761661745,
        "err_ucea_area_pct_of_validation": 3.1675894930454023,
        "err_workflow0_minus_validation_kwh_year": 251677.93446875014,
        "err_workflow0_abs_kwh_year": 251677.93446875014,
        "err_workflow0_pct_of_validation": 31.405502367731625
      },
      "geometry": {
        "type": "Polygon",
        "coordinates": [
          [
            [
              -9.134437,
              38.7276611
            ],
            [
              -9.1344559,
              38.7274722
            ],
            [
              -9.134666400000002,
              38.7274851
            ],
            [
              -9.1346475,
              38.7276739
            ],
            [
              -9.1344496,
              38.7276618
            ],
            [
              -9.134437,
              38.7276611
            ]
          ]
        ]
      }
    },
    {
      "type": "Feature",
      "properties": {
        "area_id": "Alameda_Arro",
        "osm_uid": "cea/204",
        "osmid": "204",
        "element_type": "cea_zone",
        "building": "yes",
        "cea_name": "B1204",
        "intersection_area_m2": 360.27826341885685,
        "is_residential": true,
        "residential_source": "cea",
        "radiation_sum_kwh_year": 815987.7805625,
        "radiation_sum": 815987.7805625,
        "radiation_point_count": 588.0,
        "use_type1": "MULTI_RES",
        "use_type2": "NONE",
        "use_type3": "NONE",
        "resi_type": null,
        "comparison_status": "matched",
        "validation_radiation_kwh_year": 815987.7805625,
        "ucea_radiation_kwh_year": 583204.5999999997,
        "workflow0_radiation_kwh_year": 553191.2300000008,
        "validation_area_m2": 360.27826341885685,
        "ucea_roofs_top_m2": 369.29,
        "err_ucea_minus_validation_kwh_year": 232783.18056250026,
        "err_ucea_abs_kwh_year": 232783.18056250026,
        "err_ucea_pct_of_validation": 28.52777775692076,
        "err_ucea_area_minus_validation_m2": 9.011736581143168,
        "err_ucea_area_pct_of_validation": 2.5013267510580257,
        "err_workflow0_minus_validation_kwh_year": 262796.5505624992,
        "err_workflow0_abs_kwh_year": 262796.5505624992,
        "err_workflow0_pct_of_validation": 32.205941905323726
      },
      "geometry": {
        "type": "Polygon",
        "coordinates": [
          [
            [
              -9.1370207,
              38.73032650000001
            ],
            [
              -9.137142,
              38.7303247
            ],
            [
              -9.1371834,
              38.73032419999999
            ],
            [
              -9.1371839,
              38.730352
            ],
            [
              -9.13722,
              38.7303746
            ],
            [
              -9.1372547,
              38.73037409999999
            ],
            [
              -9.1372572,
              38.7305056
            ],
            [
              -9.1372018,
              38.7305069
            ],
            [
              -9.1371928,
              38.73049519999999
            ],
            [
              -9.1371071,
              38.7304972
            ],
            [
              -9.1370834,
              38.730508
            ],
            [
              -9.1370402,
              38.730494000000014
            ],
            [
              -9.1370242,
              38.7304616
            ],
            [
              -9.1370236,
              38.7304371
            ],
            [
              -9.1370211,
              38.7303405
            ],
            [
              -9.1370207,
              38.73032650000001
            ]
          ]
        ]
      }
    },
    {
      "type": "Feature",
      "properties": {
        "area_id": "Alameda_Arro",
        "osm_uid": "cea/205",
        "osmid": "205",
        "element_type": "cea_zone",
        "building": "yes",
        "cea_name": "B1205",
        "intersection_area_m2": 347.7039791299005,
        "is_residential": true,
        "residential_source": "cea",
        "radiation_sum_kwh_year": 830357.1674375,
        "radiation_sum": 830357.1674375,
        "radiation_point_count": 578.0,
        "use_type1": "MULTI_RES",
        "use_type2": "NONE",
        "use_type3": "NONE",
        "resi_type": null,
        "comparison_status": "matched",
        "validation_radiation_kwh_year": 830357.1674375,
        "ucea_radiation_kwh_year": 520640.30000000144,
        "workflow0_radiation_kwh_year": 554634.8799999998,
        "validation_area_m2": 347.7039791299005,
        "ucea_roofs_top_m2": 345.2,
        "err_ucea_minus_validation_kwh_year": 309716.8674374985,
        "err_ucea_abs_kwh_year": 309716.8674374985,
        "err_ucea_pct_of_validation": 37.299234544249366,
        "err_ucea_area_minus_validation_m2": 2.5039791299005287,
        "err_ucea_area_pct_of_validation": 0.7201468145882375,
        "err_workflow0_minus_validation_kwh_year": 275722.2874375002,
        "err_workflow0_abs_kwh_year": 275722.2874375002,
        "err_workflow0_pct_of_validation": 33.20526374070872
      },
      "geometry": {
        "type": "Polygon",
        "coordinates": [
          [
            [
              -9.1374023,
              38.73048969999999
            ],
            [
              -9.1373172,
              38.7304922
            ],
            [
              -9.1373053,
              38.7305045
            ],
            [
              -9.1372572,
              38.7305056
            ],
            [
              -9.1372547,
              38.73037409999999
            ],
            [
              -9.1373014,
              38.730373400000005
            ],
            [
              -9.1373326,
              38.730349199999985
            ],
            [
              -9.1373325,
              38.73032419999999
            ],
            [
              -9.1373465,
              38.7303234
            ],
            [
              -9.1373718,
              38.73032320000001
            ],
            [
              -9.1374812,
              38.73032150000001
            ],
            [
              -9.1374828,
              38.73038210000001
            ],
            [
              -9.137484,
              38.73042769999999
            ],
            [
              -9.137485,
              38.730465200000005
            ],
            [
              -9.1374856,
              38.730490100000004
            ],
            [
              -9.1374466,
              38.73050409999999
            ],
            [
              -9.1374023,
              38.73048969999999
            ]
          ]
        ]
      }
    },
    {
      "type": "Feature",
      "properties": {
        "area_id": "Alameda_Arro",
        "osm_uid": "cea/206",
        "osmid": "206",
        "element_type": "cea_zone",
        "building": "yes",
        "cea_name": "B1206",
        "intersection_area_m2": 147.4792266044081,
        "is_residential": true,
        "residential_source": "cea",
        "radiation_sum_kwh_year": 330672.086625,
        "radiation_sum": 330672.086625,
        "radiation_point_count": 250.0,
        "use_type1": "MULTI_RES",
        "use_type2": "NONE",
        "use_type3": "NONE",
        "resi_type": null,
        "comparison_status": "matched",
        "validation_radiation_kwh_year": 330672.086625,
        "ucea_radiation_kwh_year": 246403.63999999952,
        "workflow0_radiation_kwh_year": 248731.12000000008,
        "validation_area_m2": 147.4792266044081,
        "ucea_roofs_top_m2": 147.48,
        "err_ucea_minus_validation_kwh_year": 84268.44662500048,
        "err_ucea_abs_kwh_year": 84268.44662500048,
        "err_ucea_pct_of_validation": 25.483991553410267,
        "err_ucea_area_minus_validation_m2": 0.0007733955918922675,
        "err_ucea_area_pct_of_validation": 0.0005244098505932571,
        "err_workflow0_minus_validation_kwh_year": 81940.96662499991,
        "err_workflow0_abs_kwh_year": 81940.96662499991,
        "err_workflow0_pct_of_validation": 24.780128090438247
      },
      "geometry": {
        "type": "Polygon",
        "coordinates": [
          [
            [
              -9.1372735,
              38.729144899999994
            ],
            [
              -9.1372714,
              38.7290584
            ],
            [
              -9.137448,
              38.7290558
            ],
            [
              -9.1374503,
              38.72914229999999
            ],
            [
              -9.1372735,
              38.729144899999994
            ]
          ]
        ]
      }
    },
    {
      "type": "Feature",
      "properties": {
        "area_id": "Alameda_Arro",
        "osm_uid": "cea/207",
        "osmid": "207",
        "element_type": "cea_zone",
        "building": "yes",
        "cea_name": "B1207",
        "intersection_area_m2": 190.48406851493044,
        "is_residential": true,
        "residential_source": "cea",
        "radiation_sum_kwh_year": 415614.58034375,
        "radiation_sum": 415614.58034375,
        "radiation_point_count": 301.0,
        "use_type1": "MULTI_RES",
        "use_type2": "NONE",
        "use_type3": "NONE",
        "resi_type": null,
        "comparison_status": "matched",
        "validation_radiation_kwh_year": 415614.58034375,
        "ucea_radiation_kwh_year": 320497.47999999963,
        "workflow0_radiation_kwh_year": 326783.0199999998,
        "validation_area_m2": 190.48406851493044,
        "ucea_roofs_top_m2": 194.31,
        "err_ucea_minus_validation_kwh_year": 95117.10034375038,
        "err_ucea_abs_kwh_year": 95117.10034375038,
        "err_ucea_pct_of_validation": 22.885891121788877,
        "err_ucea_area_minus_validation_m2": 3.8259314850695603,
        "err_ucea_area_pct_of_validation": 2.0085309574168813,
        "err_workflow0_minus_validation_kwh_year": 88831.56034375023,
        "err_workflow0_abs_kwh_year": 88831.56034375023,
        "err_workflow0_pct_of_validation": 21.373542831504775
      },
      "geometry": {
        "type": "Polygon",
        "coordinates": [
          [
            [
              -9.1374812,
              38.73032150000001
            ],
            [
              -9.1373718,
              38.73032320000001
            ],
            [
              -9.1373674,
              38.7301425
            ],
            [
              -9.1374765,
              38.7301408
            ],
            [
              -9.1374812,
              38.73032150000001
            ]
          ]
        ]
      }
    },
    {
      "type": "Feature",
      "properties": {
        "area_id": "Alameda_Arro",
        "osm_uid": "cea/208",
        "osmid": "208",
        "element_type": "cea_zone",
        "building": "yes",
        "cea_name": "B1208",
        "intersection_area_m2": 130.74181994739706,
        "is_residential": true,
        "residential_source": "cea",
        "radiation_sum_kwh_year": 332734.18200000003,
        "radiation_sum": 332734.18200000003,
        "radiation_point_count": 213.0,
        "use_type1": "MULTI_RES",
        "use_type2": "NONE",
        "use_type3": "NONE",
        "resi_type": null,
        "comparison_status": "matched",
        "validation_radiation_kwh_year": 332734.18200000003,
        "ucea_radiation_kwh_year": 233820.66000000044,
        "workflow0_radiation_kwh_year": 224783.70999999982,
        "validation_area_m2": 130.74181994739706,
        "ucea_roofs_top_m2": 136.29,
        "err_ucea_minus_validation_kwh_year": 98913.52199999959,
        "err_ucea_abs_kwh_year": 98913.52199999959,
        "err_ucea_pct_of_validation": 29.727490396523066,
        "err_ucea_area_minus_validation_m2": 5.54818005260293,
        "err_ucea_area_pct_of_validation": 4.243615436006013,
        "err_workflow0_minus_validation_kwh_year": 107950.47200000021,
        "err_workflow0_abs_kwh_year": 107950.47200000021,
        "err_workflow0_pct_of_validation": 32.443457221957495
      },
      "geometry": {
        "type": "Polygon",
        "coordinates": [
          [
            [
              -9.1374277,
              38.72828489999999
            ],
            [
              -9.1374302,
              38.72837679999999
            ],
            [
              -9.1372828,
              38.7283793
            ],
            [
              -9.1372804,
              38.72828729999999
            ],
            [
              -9.1374277,
              38.72828489999999
            ]
          ]
        ]
      }
    },
    {
      "type": "Feature",
      "properties": {
        "area_id": "Alameda_Arro",
        "osm_uid": "cea/209",
        "osmid": "209",
        "element_type": "cea_zone",
        "building": "yes",
        "cea_name": "B1209",
        "intersection_area_m2": 128.6445894747109,
        "is_residential": true,
        "residential_source": "cea",
        "radiation_sum_kwh_year": 280929.28915625,
        "radiation_sum": 280929.28915625,
        "radiation_point_count": 219.0,
        "use_type1": "MULTI_RES",
        "use_type2": "NONE",
        "use_type3": "NONE",
        "resi_type": null,
        "comparison_status": "matched",
        "validation_radiation_kwh_year": 280929.28915625,
        "ucea_radiation_kwh_year": 223122.83000000066,
        "workflow0_radiation_kwh_year": 223374.19000000056,
        "validation_area_m2": 128.6445894747109,
        "ucea_roofs_top_m2": 129.72,
        "err_ucea_minus_validation_kwh_year": 57806.45915624936,
        "err_ucea_abs_kwh_year": 57806.45915624936,
        "err_ucea_pct_of_validation": 20.576871614158392,
        "err_ucea_area_minus_validation_m2": 1.0754105252891009,
        "err_ucea_area_pct_of_validation": 0.8359547258693738,
        "err_workflow0_minus_validation_kwh_year": 57555.09915624946,
        "err_workflow0_abs_kwh_year": 57555.09915624946,
        "err_workflow0_pct_of_validation": 20.48739714150556
      },
      "geometry": {
        "type": "Polygon",
        "coordinates": [
          [
            [
              -9.1369469,
              38.7275159
            ],
            [
              -9.1369463,
              38.7274934
            ],
            [
              -9.1369457,
              38.7274709
            ],
            [
              -9.1369451,
              38.727448399999986
            ],
            [
              -9.1370636,
              38.72744639999999
            ],
            [
              -9.1370666,
              38.7275589
            ],
            [
              -9.1369481,
              38.7275609
            ],
            [
              -9.1369475,
              38.7275384
            ],
            [
              -9.1369469,
              38.7275159
            ]
          ]
        ]
      }
    },
    {
      "type": "Feature",
      "properties": {
        "area_id": "Alameda_Arro",
        "osm_uid": "cea/210",
        "osmid": "210",
        "element_type": "cea_zone",
        "building": "yes",
        "cea_name": "B1210",
        "intersection_area_m2": 189.85556273436006,
        "is_residential": true,
        "residential_source": "cea",
        "radiation_sum_kwh_year": 380056.87912500004,
        "radiation_sum": 380056.87912500004,
        "radiation_point_count": 314.0,
        "use_type1": "MULTI_RES",
        "use_type2": "NONE",
        "use_type3": "NONE",
        "resi_type": null,
        "comparison_status": "matched",
        "validation_radiation_kwh_year": 380056.87912500004,
        "ucea_radiation_kwh_year": 334378.9599999991,
        "workflow0_radiation_kwh_year": 327685.2600000013,
        "validation_area_m2": 189.85556273436006,
        "ucea_roofs_top_m2": 200.0,
        "err_ucea_minus_validation_kwh_year": 45677.919125000946,
        "err_ucea_abs_kwh_year": 45677.919125000946,
        "err_ucea_pct_of_validation": 12.018706050042988,
        "err_ucea_area_minus_validation_m2": 10.144437265639937,
        "err_ucea_area_pct_of_validation": 5.343239418185347,
        "err_workflow0_minus_validation_kwh_year": 52371.619124998746,
        "err_workflow0_abs_kwh_year": 52371.619124998746,
        "err_workflow0_pct_of_validation": 13.779942424821579
      },
      "geometry": {
        "type": "Polygon",
        "coordinates": [
          [
            [
              -9.1374598,
              38.72950459999999
            ],
            [
              -9.1373026,
              38.729507
            ],
            [
              -9.1372813,
              38.72950730000001
            ],
            [
              -9.1372786,
              38.729397
            ],
            [
              -9.1373084,
              38.7293965
            ],
            [
              -9.1374569,
              38.729394400000004
            ],
            [
              -9.1374598,
              38.72950459999999
            ]
          ]
        ]
      }
    },
    {
      "type": "Feature",
      "properties": {
        "area_id": "Alameda_Arro",
        "osm_uid": "cea/211",
        "osmid": "211",
        "element_type": "cea_zone",
        "building": "yes",
        "cea_name": "B1211",
        "intersection_area_m2": 206.92558015058563,
        "is_residential": true,
        "residential_source": "cea",
        "radiation_sum_kwh_year": 499655.84065625,
        "radiation_sum": 499655.84065625,
        "radiation_point_count": 349.0,
        "use_type1": "MULTI_RES",
        "use_type2": "NONE",
        "use_type3": "NONE",
        "resi_type": null,
        "comparison_status": "matched",
        "validation_radiation_kwh_year": 499655.84065625,
        "ucea_radiation_kwh_year": 312407.45000000024,
        "workflow0_radiation_kwh_year": 337506.80000000034,
        "validation_area_m2": 206.92558015058563,
        "ucea_roofs_top_m2": 206.93,
        "err_ucea_minus_validation_kwh_year": 187248.39065624977,
        "err_ucea_abs_kwh_year": 187248.39065624977,
        "err_ucea_pct_of_validation": 37.47547319977627,
        "err_ucea_area_minus_validation_m2": 0.004419849414375676,
        "err_ucea_area_pct_of_validation": 0.002135960866297548,
        "err_workflow0_minus_validation_kwh_year": 162149.04065624968,
        "err_workflow0_abs_kwh_year": 162149.04065624968,
        "err_workflow0_pct_of_validation": 32.452145549481116
      },
      "geometry": {
        "type": "Polygon",
        "coordinates": [
          [
            [
              -9.1372449,
              38.72785629999999
            ],
            [
              -9.1372415,
              38.7277313
            ],
            [
              -9.1374131,
              38.72772849999999
            ],
            [
              -9.1374164,
              38.72785349999998
            ],
            [
              -9.1372449,
              38.72785629999999
            ]
          ]
        ]
      }
    },
    {
      "type": "Feature",
      "properties": {
        "area_id": "Alameda_Arro",
        "osm_uid": "cea/212",
        "osmid": "212",
        "element_type": "cea_zone",
        "building": "yes",
        "cea_name": "B1212",
        "intersection_area_m2": 112.80482551788286,
        "is_residential": true,
        "residential_source": "cea",
        "radiation_sum_kwh_year": 186463.26659375,
        "radiation_sum": 186463.26659375,
        "radiation_point_count": 184.0,
        "use_type1": "MULTI_RES",
        "use_type2": "NONE",
        "use_type3": "NONE",
        "resi_type": null,
        "comparison_status": "matched",
        "validation_radiation_kwh_year": 186463.26659375,
        "ucea_radiation_kwh_year": 183007.6299999997,
        "workflow0_radiation_kwh_year": 184389.16999999946,
        "validation_area_m2": 112.80482551788286,
        "ucea_roofs_top_m2": 112.79,
        "err_ucea_minus_validation_kwh_year": 3455.6365937502997,
        "err_ucea_abs_kwh_year": 3455.6365937502997,
        "err_ucea_pct_of_validation": 1.853253274425971,
        "err_ucea_area_minus_validation_m2": 0.01482551788285491,
        "err_ucea_area_pct_of_validation": 0.013142627378564257,
        "err_workflow0_minus_validation_kwh_year": 2074.0965937505534,
        "err_workflow0_abs_kwh_year": 2074.0965937505534,
        "err_workflow0_pct_of_validation": 1.1123352237893671
      },
      "geometry": {
        "type": "Polygon",
        "coordinates": [
          [
            [
              -9.1365939,
              38.728508299999994
            ],
            [
              -9.1365928,
              38.7284294
            ],
            [
              -9.1367405,
              38.7284265
            ],
            [
              -9.136741,
              38.7284458
            ],
            [
              -9.1367422,
              38.72849179999999
            ],
            [
              -9.1367425,
              38.7285054
            ],
            [
              -9.1365939,
              38.728508299999994
            ]
          ]
        ]
      }
    },
    {
      "type": "Feature",
      "properties": {
        "area_id": "Alameda_Arro",
        "osm_uid": "cea/213",
        "osmid": "213",
        "element_type": "cea_zone",
        "building": "yes",
        "cea_name": "B1213",
        "intersection_area_m2": 147.54722444519106,
        "is_residential": true,
        "residential_source": "cea",
        "radiation_sum_kwh_year": 293987.87890625,
        "radiation_sum": 293987.87890625,
        "radiation_point_count": 243.0,
        "use_type1": "MULTI_RES",
        "use_type2": "NONE",
        "use_type3": "NONE",
        "resi_type": null,
        "comparison_status": "matched",
        "validation_radiation_kwh_year": 293987.87890625,
        "ucea_radiation_kwh_year": 172089.09000000014,
        "workflow0_radiation_kwh_year": 169413.91000000053,
        "validation_area_m2": 147.54722444519106,
        "ucea_roofs_top_m2": 151.25,
        "err_ucea_minus_validation_kwh_year": 121898.78890624986,
        "err_ucea_abs_kwh_year": 121898.78890624986,
        "err_ucea_pct_of_validation": 41.46388257902369,
        "err_ucea_area_minus_validation_m2": 3.7027755548089374,
        "err_ucea_area_pct_of_validation": 2.5095528355292083,
        "err_workflow0_minus_validation_kwh_year": 124573.96890624947,
        "err_workflow0_abs_kwh_year": 124573.96890624947,
        "err_workflow0_pct_of_validation": 42.37384526522433
      },
      "geometry": {
        "type": "Polygon",
        "coordinates": [
          [
            [
              -9.1364663,
              38.72722890000001
            ],
            [
              -9.136458,
              38.727362
            ],
            [
              -9.1363433,
              38.72735759999999
            ],
            [
              -9.1363516,
              38.7272246
            ],
            [
              -9.1364663,
              38.72722890000001
            ]
          ]
        ]
      }
    },
    {
      "type": "Feature",
      "properties": {
        "area_id": "Alameda_Arro",
        "osm_uid": "cea/214",
        "osmid": "214",
        "element_type": "cea_zone",
        "building": "yes",
        "cea_name": "B1214",
        "intersection_area_m2": 91.12902158703534,
        "is_residential": true,
        "residential_source": "cea",
        "radiation_sum_kwh_year": 149428.48009375,
        "radiation_sum": 149428.48009375,
        "radiation_point_count": 150.0,
        "use_type1": "MULTI_RES",
        "use_type2": "NONE",
        "use_type3": "NONE",
        "resi_type": null,
        "comparison_status": "matched",
        "validation_radiation_kwh_year": 149428.48009375,
        "ucea_radiation_kwh_year": 135920.93999999965,
        "workflow0_radiation_kwh_year": 137472.2799999996,
        "validation_area_m2": 91.12902158703534,
        "ucea_roofs_top_m2": 93.01,
        "err_ucea_minus_validation_kwh_year": 13507.540093750344,
        "err_ucea_abs_kwh_year": 13507.540093750344,
        "err_ucea_pct_of_validation": 9.039468303014154,
        "err_ucea_area_minus_validation_m2": 1.8809784129646658,
        "err_ucea_area_pct_of_validation": 2.0640827479621127,
        "err_workflow0_minus_validation_kwh_year": 11956.200093750405,
        "err_workflow0_abs_kwh_year": 11956.200093750405,
        "err_workflow0_pct_of_validation": 8.001286024089383
      },
      "geometry": {
        "type": "Polygon",
        "coordinates": [
          [
            [
              -9.1363214,
              38.7277116
            ],
            [
              -9.1364349,
              38.7277159
            ],
            [
              -9.1364298,
              38.727798899999996
            ],
            [
              -9.1363163,
              38.7277947
            ],
            [
              -9.1363214,
              38.7277116
            ]
          ]
        ]
      }
    },
    {
      "type": "Feature",
      "properties": {
        "area_id": "Alameda_Arro",
        "osm_uid": "cea/215",
        "osmid": "215",
        "element_type": "cea_zone",
        "building": "yes",
        "cea_name": "B1215",
        "intersection_area_m2": 168.2918093917029,
        "is_residential": true,
        "residential_source": "cea",
        "radiation_sum_kwh_year": 392217.165625,
        "radiation_sum": 392217.165625,
        "radiation_point_count": 285.0,
        "use_type1": "MULTI_RES",
        "use_type2": "NONE",
        "use_type3": "NONE",
        "resi_type": null,
        "comparison_status": "matched",
        "validation_radiation_kwh_year": 392217.165625,
        "ucea_radiation_kwh_year": 227246.6200000001,
        "workflow0_radiation_kwh_year": 227824.90000000084,
        "validation_area_m2": 168.2918093917029,
        "ucea_roofs_top_m2": 168.22,
        "err_ucea_minus_validation_kwh_year": 164970.5456249999,
        "err_ucea_abs_kwh_year": 164970.5456249999,
        "err_ucea_pct_of_validation": 42.061021312547226,
        "err_ucea_area_minus_validation_m2": 0.07180939170291367,
        "err_ucea_area_pct_of_validation": 0.042669570172470916,
        "err_workflow0_minus_validation_kwh_year": 164392.26562499919,
        "err_workflow0_abs_kwh_year": 164392.26562499919,
        "err_workflow0_pct_of_validation": 41.91358258454581
      },
      "geometry": {
        "type": "Polygon",
        "coordinates": [
          [
            [
              -9.136955,
              38.7278251
            ],
            [
              -9.1369543,
              38.72779569999999
            ],
            [
              -9.1370729,
              38.72779370000001
            ],
            [
              -9.1370769,
              38.72794059999999
            ],
            [
              -9.1369581,
              38.72794259999999
            ],
            [
              -9.1369573,
              38.7279132
            ],
            [
              -9.1369566,
              38.7278838
            ],
            [
              -9.1369558,
              38.7278545
            ],
            [
              -9.136955,
              38.7278251
            ]
          ]
        ]
      }
    },
    {
      "type": "Feature",
      "properties": {
        "area_id": "Alameda_Arro",
        "osm_uid": "cea/216",
        "osmid": "216",
        "element_type": "cea_zone",
        "building": "yes",
        "cea_name": "B1216",
        "intersection_area_m2": 170.9048311603509,
        "is_residential": true,
        "residential_source": "cea",
        "radiation_sum_kwh_year": 389645.43450000003,
        "radiation_sum": 389645.43450000003,
        "radiation_point_count": 287.0,
        "use_type1": "MULTI_RES",
        "use_type2": "NONE",
        "use_type3": "NONE",
        "resi_type": null,
        "comparison_status": "matched",
        "validation_radiation_kwh_year": 389645.43450000003,
        "ucea_radiation_kwh_year": 280174.989999999,
        "workflow0_radiation_kwh_year": 266040.13000000047,
        "validation_area_m2": 170.9048311603509,
        "ucea_roofs_top_m2": 173.58,
        "err_ucea_minus_validation_kwh_year": 109470.44450000103,
        "err_ucea_abs_kwh_year": 109470.44450000103,
        "err_ucea_pct_of_validation": 28.094886993986073,
        "err_ucea_area_minus_validation_m2": 2.6751688396491033,
        "err_ucea_area_pct_of_validation": 1.5652973771930034,
        "err_workflow0_minus_validation_kwh_year": 123605.30449999956,
        "err_workflow0_abs_kwh_year": 123605.30449999956,
        "err_workflow0_pct_of_validation": 31.722508094727736
      },
      "geometry": {
        "type": "Polygon",
        "coordinates": [
          [
            [
              -9.137,
              38.72953749999999
            ],
            [
              -9.1369995,
              38.729520099999995
            ],
            [
              -9.1371389,
              38.7295181
            ],
            [
              -9.1371416,
              38.7296518
            ],
            [
              -9.1370027,
              38.7296413
            ],
            [
              -9.137002,
              38.729615900000006
            ],
            [
              -9.1370014,
              38.72958980000001
            ],
            [
              -9.1370007,
              38.729563599999985
            ],
            [
              -9.137,
              38.72953749999999
            ]
          ]
        ]
      }
    },
    {
      "type": "Feature",
      "properties": {
        "area_id": "Alameda_Arro",
        "osm_uid": "cea/217",
        "osmid": "217",
        "element_type": "cea_zone",
        "building": "yes",
        "cea_name": "B1217",
        "intersection_area_m2": 228.5655601558859,
        "is_residential": true,
        "residential_source": "cea",
        "radiation_sum_kwh_year": 482744.32800000004,
        "radiation_sum": 482744.32800000004,
        "radiation_point_count": 372.0,
        "use_type1": "MULTI_RES",
        "use_type2": "NONE",
        "use_type3": "NONE",
        "resi_type": null,
        "comparison_status": "matched",
        "validation_radiation_kwh_year": 482744.32800000004,
        "ucea_radiation_kwh_year": 401111.9500000003,
        "workflow0_radiation_kwh_year": 366426.98999999935,
        "validation_area_m2": 228.5655601558859,
        "ucea_roofs_top_m2": 234.15,
        "err_ucea_minus_validation_kwh_year": 81632.37799999974,
        "err_ucea_abs_kwh_year": 81632.37799999974,
        "err_ucea_pct_of_validation": 16.910064658491383,
        "err_ucea_area_minus_validation_m2": 5.584439844114115,
        "err_ucea_area_pct_of_validation": 2.4432551607098745,
        "err_workflow0_minus_validation_kwh_year": 116317.33800000069,
        "err_workflow0_abs_kwh_year": 116317.33800000069,
        "err_workflow0_pct_of_validation": 24.095019092591116
      },
      "geometry": {
        "type": "Polygon",
        "coordinates": [
          [
            [
              -9.137138,
              38.730144800000005
            ],
            [
              -9.1371389,
              38.7301836
            ],
            [
              -9.1371563,
              38.7301834
            ],
            [
              -9.1371587,
              38.73028589999999
            ],
            [
              -9.1371411,
              38.7302862
            ],
            [
              -9.137142,
              38.7303247
            ],
            [
              -9.1370207,
              38.73032650000001
            ],
            [
              -9.1370196,
              38.73028539999999
            ],
            [
              -9.1370187,
              38.730249699999995
            ],
            [
              -9.137017700000001,
              38.73021409999999
            ],
            [
              -9.137016,
              38.7301465
            ],
            [
              -9.137138,
              38.730144800000005
            ]
          ]
        ]
      }
    },
    {
      "type": "Feature",
      "properties": {
        "area_id": "Alameda_Arro",
        "osm_uid": "cea/218",
        "osmid": "218",
        "element_type": "cea_zone",
        "building": "yes",
        "cea_name": "B1218",
        "intersection_area_m2": 190.31847869975837,
        "is_residential": true,
        "residential_source": "cea",
        "radiation_sum_kwh_year": 481264.0623125,
        "radiation_sum": 481264.0623125,
        "radiation_point_count": 326.0,
        "use_type1": "MULTI_RES",
        "use_type2": "NONE",
        "use_type3": "NONE",
        "resi_type": null,
        "comparison_status": "matched",
        "validation_radiation_kwh_year": 481264.0623125,
        "ucea_radiation_kwh_year": 174402.24000000054,
        "workflow0_radiation_kwh_year": 162836.08999999973,
        "validation_area_m2": 190.31847869975837,
        "ucea_roofs_top_m2": 198.49,
        "err_ucea_minus_validation_kwh_year": 306861.8223124995,
        "err_ucea_abs_kwh_year": 306861.8223124995,
        "err_ucea_pct_of_validation": 63.76163240571336,
        "err_ucea_area_minus_validation_m2": 8.171521300241636,
        "err_ucea_area_pct_of_validation": 4.293603729952477,
        "err_workflow0_minus_validation_kwh_year": 318427.9723125003,
        "err_workflow0_abs_kwh_year": 318427.9723125003,
        "err_workflow0_pct_of_validation": 66.16491802492722
      },
      "geometry": {
        "type": "Polygon",
        "coordinates": [
          [
            [
              -9.1372804,
              38.72828729999999
            ],
            [
              -9.137276800000002,
              38.7281535
            ],
            [
              -9.1374242,
              38.728151
            ],
            [
              -9.1374277,
              38.72828489999999
            ],
            [
              -9.1372804,
              38.72828729999999
            ]
          ]
        ]
      }
    },
    {
      "type": "Feature",
      "properties": {
        "area_id": "Alameda_Arro",
        "osm_uid": "cea/219",
        "osmid": "219",
        "element_type": "cea_zone",
        "building": "yes",
        "cea_name": "B1219",
        "intersection_area_m2": 214.02887064054454,
        "is_residential": true,
        "residential_source": "cea",
        "radiation_sum_kwh_year": 410826.913953125,
        "radiation_sum": 410826.913953125,
        "radiation_point_count": 349.0,
        "use_type1": "MULTI_RES",
        "use_type2": "NONE",
        "use_type3": "NONE",
        "resi_type": null,
        "comparison_status": "matched",
        "validation_radiation_kwh_year": 410826.913953125,
        "ucea_radiation_kwh_year": 326558.68000000046,
        "workflow0_radiation_kwh_year": 334633.5600000001,
        "validation_area_m2": 214.02887064054454,
        "ucea_roofs_top_m2": 221.26,
        "err_ucea_minus_validation_kwh_year": 84268.23395312455,
        "err_ucea_abs_kwh_year": 84268.23395312455,
        "err_ucea_pct_of_validation": 20.511858179461797,
        "err_ucea_area_minus_validation_m2": 7.231129359455451,
        "err_ucea_area_pct_of_validation": 3.3785766087603806,
        "err_workflow0_minus_validation_kwh_year": 76193.3539531249,
        "err_workflow0_abs_kwh_year": 76193.3539531249,
        "err_workflow0_pct_of_validation": 18.546339435253866
      },
      "geometry": {
        "type": "Polygon",
        "coordinates": [
          [
            [
              -9.1364298,
              38.727798899999996
            ],
            [
              -9.1364177,
              38.727994
            ],
            [
              -9.1363042,
              38.7279897
            ],
            [
              -9.1363163,
              38.7277947
            ],
            [
              -9.1364298,
              38.727798899999996
            ]
          ]
        ]
      }
    },
    {
      "type": "Feature",
      "properties": {
        "area_id": "Alameda_Arro",
        "osm_uid": "cea/220",
        "osmid": "220",
        "element_type": "cea_zone",
        "building": "yes",
        "cea_name": "B1220",
        "intersection_area_m2": 146.90989672407088,
        "is_residential": true,
        "residential_source": "cea",
        "radiation_sum_kwh_year": 319629.559,
        "radiation_sum": 319629.559,
        "radiation_point_count": 237.0,
        "use_type1": "MULTI_RES",
        "use_type2": "NONE",
        "use_type3": "NONE",
        "resi_type": null,
        "comparison_status": "matched",
        "validation_radiation_kwh_year": 319629.559,
        "ucea_radiation_kwh_year": 252985.6000000006,
        "workflow0_radiation_kwh_year": 253323.95000000115,
        "validation_area_m2": 146.90989672407088,
        "ucea_roofs_top_m2": 151.23,
        "err_ucea_minus_validation_kwh_year": 66643.95899999942,
        "err_ucea_abs_kwh_year": 66643.95899999942,
        "err_ucea_pct_of_validation": 20.850374167052372,
        "err_ucea_area_minus_validation_m2": 4.320103275929114,
        "err_ucea_area_pct_of_validation": 2.940648228786941,
        "err_workflow0_minus_validation_kwh_year": 66305.60899999886,
        "err_workflow0_abs_kwh_year": 66305.60899999886,
        "err_workflow0_pct_of_validation": 20.74451724910676
      },
      "geometry": {
        "type": "Polygon",
        "coordinates": [
          [
            [
              -9.1369995,
              38.729520099999995
            ],
            [
              -9.1369979,
              38.7294573
            ],
            [
              -9.1369967,
              38.729411
            ],
            [
              -9.137136300000002,
              38.729408899999996
            ],
            [
              -9.1371389,
              38.7295181
            ],
            [
              -9.1369995,
              38.729520099999995
            ]
          ]
        ]
      }
    },
    {
      "type": "Feature",
      "properties": {
        "area_id": "Alameda_Arro",
        "osm_uid": "cea/221",
        "osmid": "221",
        "element_type": "cea_zone",
        "building": "yes",
        "cea_name": "B1221",
        "intersection_area_m2": 115.00216046341227,
        "is_residential": true,
        "residential_source": "cea",
        "radiation_sum_kwh_year": 237917.69121875,
        "radiation_sum": 237917.69121875,
        "radiation_point_count": 188.0,
        "use_type1": "MULTI_RES",
        "use_type2": "NONE",
        "use_type3": "NONE",
        "resi_type": null,
        "comparison_status": "matched",
        "validation_radiation_kwh_year": 237917.69121875,
        "ucea_radiation_kwh_year": 202540.06999999905,
        "workflow0_radiation_kwh_year": 201600.78999999963,
        "validation_area_m2": 115.00216046341227,
        "ucea_roofs_top_m2": 118.34,
        "err_ucea_minus_validation_kwh_year": 35377.62121875095,
        "err_ucea_abs_kwh_year": 35377.62121875095,
        "err_ucea_pct_of_validation": 14.869689192731578,
        "err_ucea_area_minus_validation_m2": 3.3378395365877367,
        "err_ucea_area_pct_of_validation": 2.9024146356360534,
        "err_workflow0_minus_validation_kwh_year": 36316.90121875037,
        "err_workflow0_abs_kwh_year": 36316.90121875037,
        "err_workflow0_pct_of_validation": 15.264481187890864
      },
      "geometry": {
        "type": "Polygon",
        "coordinates": [
          [
            [
              -9.1370149,
              38.73010539999999
            ],
            [
              -9.1370136,
              38.730056
            ],
            [
              -9.1371376,
              38.7300542
            ],
            [
              -9.1371384,
              38.73008730000001
            ],
            [
              -9.137169,
              38.7300869
            ],
            [
              -9.1371696,
              38.730111699999995
            ],
            [
              -9.1371372,
              38.73011219999999
            ],
            [
              -9.137138,
              38.730144800000005
            ],
            [
              -9.137016,
              38.7301465
            ],
            [
              -9.1370149,
              38.73010539999999
            ]
          ]
        ]
      }
    },
    {
      "type": "Feature",
      "properties": {
        "area_id": "Alameda_Arro",
        "osm_uid": "cea/223",
        "osmid": "223",
        "element_type": "cea_zone",
        "building": "yes",
        "cea_name": "B1223",
        "intersection_area_m2": 212.27143782606828,
        "is_residential": true,
        "residential_source": "cea",
        "radiation_sum_kwh_year": 462313.985125,
        "radiation_sum": 462313.985125,
        "radiation_point_count": 347.0,
        "use_type1": "MULTI_RES",
        "use_type2": "NONE",
        "use_type3": "NONE",
        "resi_type": null,
        "comparison_status": "matched",
        "validation_radiation_kwh_year": 462313.985125,
        "ucea_radiation_kwh_year": 333043.2499999996,
        "workflow0_radiation_kwh_year": 333813.0800000006,
        "validation_area_m2": 212.27143782606828,
        "ucea_roofs_top_m2": 215.63,
        "err_ucea_minus_validation_kwh_year": 129270.73512500041,
        "err_ucea_abs_kwh_year": 129270.73512500041,
        "err_ucea_pct_of_validation": 27.961675243297762,
        "err_ucea_area_minus_validation_m2": 3.358562173931716,
        "err_ucea_area_pct_of_validation": 1.5822016415998779,
        "err_workflow0_minus_validation_kwh_year": 128500.90512499941,
        "err_workflow0_abs_kwh_year": 128500.90512499941,
        "err_workflow0_pct_of_validation": 27.79515854149544
      },
      "geometry": {
        "type": "Polygon",
        "coordinates": [
          [
            [
              -9.1363813,
              38.72858089999999
            ],
            [
              -9.1362678,
              38.7285767
            ],
            [
              -9.1362798,
              38.72838320000001
            ],
            [
              -9.1363933,
              38.7283875
            ],
            [
              -9.1363813,
              38.72858089999999
            ]
          ]
        ]
      }
    },
    {
      "type": "Feature",
      "properties": {
        "area_id": "Alameda_Arro",
        "osm_uid": "cea/224",
        "osmid": "224",
        "element_type": "cea_zone",
        "building": "yes",
        "cea_name": "B1224",
        "intersection_area_m2": 124.28354259331996,
        "is_residential": true,
        "residential_source": "cea",
        "radiation_sum_kwh_year": 307115.1605625,
        "radiation_sum": 307115.1605625,
        "radiation_point_count": 208.0,
        "use_type1": "MULTI_RES",
        "use_type2": "NONE",
        "use_type3": "NONE",
        "resi_type": null,
        "comparison_status": "matched",
        "validation_radiation_kwh_year": 307115.1605625,
        "ucea_radiation_kwh_year": 209270.93999999948,
        "workflow0_radiation_kwh_year": 209786.52000000005,
        "validation_area_m2": 124.28354259331996,
        "ucea_roofs_top_m2": 124.27,
        "err_ucea_minus_validation_kwh_year": 97844.22056250053,
        "err_ucea_abs_kwh_year": 97844.22056250053,
        "err_ucea_pct_of_validation": 31.85913075189545,
        "err_ucea_area_minus_validation_m2": 0.013542593319968432,
        "err_ucea_area_pct_of_validation": 0.010896529852132108,
        "err_workflow0_minus_validation_kwh_year": 97328.64056249996,
        "err_workflow0_abs_kwh_year": 97328.64056249996,
        "err_workflow0_pct_of_validation": 31.691252357661753
      },
      "geometry": {
        "type": "Polygon",
        "coordinates": [
          [
            [
              -9.136961,
              38.728050999999994
            ],
            [
              -9.1369601,
              38.728018299999995
            ],
            [
              -9.1369589,
              38.727973
            ],
            [
              -9.1369581,
              38.72794259999999
            ],
            [
              -9.1370769,
              38.72794059999999
            ],
            [
              -9.1370798,
              38.728049000000006
            ],
            [
              -9.136961,
              38.728050999999994
            ]
          ]
        ]
      }
    },
    {
      "type": "Feature",
      "properties": {
        "area_id": "Alameda_Arro",
        "osm_uid": "cea/225",
        "osmid": "225",
        "element_type": "cea_zone",
        "building": "yes",
        "cea_name": "B1225",
        "intersection_area_m2": 145.69093374439612,
        "is_residential": true,
        "residential_source": "cea",
        "radiation_sum_kwh_year": 342029.5011875,
        "radiation_sum": 342029.5011875,
        "radiation_point_count": 235.0,
        "use_type1": "MULTI_RES",
        "use_type2": "NONE",
        "use_type3": "NONE",
        "resi_type": null,
        "comparison_status": "matched",
        "validation_radiation_kwh_year": 342029.5011875,
        "ucea_radiation_kwh_year": 200602.8899999999,
        "workflow0_radiation_kwh_year": 196941.67000000022,
        "validation_area_m2": 145.69093374439612,
        "ucea_roofs_top_m2": 148.41,
        "err_ucea_minus_validation_kwh_year": 141426.61118750012,
        "err_ucea_abs_kwh_year": 141426.61118750012,
        "err_ucea_pct_of_validation": 41.34924347065906,
        "err_ucea_area_minus_validation_m2": 2.7190662556038774,
        "err_ucea_area_pct_of_validation": 1.8663249563451052,
        "err_workflow0_minus_validation_kwh_year": 145087.8311874998,
        "err_workflow0_abs_kwh_year": 145087.8311874998,
        "err_workflow0_pct_of_validation": 42.419683297424946
      },
      "geometry": {
        "type": "Polygon",
        "coordinates": [
          [
            [
              -9.1369533,
              38.7277593
            ],
            [
              -9.1369528,
              38.7277411
            ],
            [
              -9.1369524,
              38.72772299999999
            ],
            [
              -9.1369519,
              38.72770479999999
            ],
            [
              -9.1369514,
              38.7276866
            ],
            [
              -9.1369509,
              38.7276684
            ],
            [
              -9.1370695,
              38.7276664
            ],
            [
              -9.1370729,
              38.72779370000001
            ],
            [
              -9.1369543,
              38.72779569999999
            ],
            [
              -9.1369538,
              38.7277775
            ],
            [
              -9.1369533,
              38.7277593
            ]
          ]
        ]
      }
    },
    {
      "type": "Feature",
      "properties": {
        "area_id": "Alameda_Arro",
        "osm_uid": "cea/226",
        "osmid": "226",
        "element_type": "cea_zone",
        "building": "yes",
        "cea_name": "B1226",
        "intersection_area_m2": 210.58578629039178,
        "is_residential": true,
        "residential_source": "cea",
        "radiation_sum_kwh_year": 374153.525796875,
        "radiation_sum": 374153.525796875,
        "radiation_point_count": 353.0,
        "use_type1": "MULTI_RES",
        "use_type2": "NONE",
        "use_type3": "NONE",
        "resi_type": null,
        "comparison_status": "matched",
        "validation_radiation_kwh_year": 374153.525796875,
        "ucea_radiation_kwh_year": 316968.9299999997,
        "workflow0_radiation_kwh_year": 300870.36000000103,
        "validation_area_m2": 210.58578629039178,
        "ucea_roofs_top_m2": 218.49,
        "err_ucea_minus_validation_kwh_year": 57184.59579687531,
        "err_ucea_abs_kwh_year": 57184.59579687531,
        "err_ucea_pct_of_validation": 15.283724956241725,
        "err_ucea_area_minus_validation_m2": 7.9042137096082286,
        "err_ucea_area_pct_of_validation": 3.753441221673216,
        "err_workflow0_minus_validation_kwh_year": 73283.16579687397,
        "err_workflow0_abs_kwh_year": 73283.16579687397,
        "err_workflow0_pct_of_validation": 19.586389207690864
      },
      "geometry": {
        "type": "Polygon",
        "coordinates": [
          [
            [
              -9.1369945,
              38.7293271
            ],
            [
              -9.1369929,
              38.72926919999998
            ],
            [
              -9.137147100000002,
              38.729267
            ],
            [
              -9.1371505,
              38.7294087
            ],
            [
              -9.137136300000002,
              38.729408899999996
            ],
            [
              -9.1369967,
              38.729411
            ],
            [
              -9.1369955,
              38.7293651
            ],
            [
              -9.1369945,
              38.7293271
            ]
          ]
        ]
      }
    },
    {
      "type": "Feature",
      "properties": {
        "area_id": "Alameda_Arro",
        "osm_uid": "cea/227",
        "osmid": "227",
        "element_type": "cea_zone",
        "building": "yes",
        "cea_name": "B1227",
        "intersection_area_m2": 114.96796713187248,
        "is_residential": true,
        "residential_source": "cea",
        "radiation_sum_kwh_year": 252504.18134375,
        "radiation_sum": 252504.18134375,
        "radiation_point_count": 191.0,
        "use_type1": "MULTI_RES",
        "use_type2": "NONE",
        "use_type3": "NONE",
        "resi_type": null,
        "comparison_status": "matched",
        "validation_radiation_kwh_year": 252504.18134375,
        "ucea_radiation_kwh_year": 204169.54999999955,
        "workflow0_radiation_kwh_year": 201542.6700000002,
        "validation_area_m2": 114.96796713187248,
        "ucea_roofs_top_m2": 117.02,
        "err_ucea_minus_validation_kwh_year": 48334.63134375046,
        "err_ucea_abs_kwh_year": 48334.63134375046,
        "err_ucea_pct_of_validation": 19.142111265852446,
        "err_ucea_area_minus_validation_m2": 2.0520328681275117,
        "err_ucea_area_pct_of_validation": 1.7848735776755578,
        "err_workflow0_minus_validation_kwh_year": 50961.51134374982,
        "err_workflow0_abs_kwh_year": 50961.51134374982,
        "err_workflow0_pct_of_validation": 20.182442553049317
      },
      "geometry": {
        "type": "Polygon",
        "coordinates": [
          [
            [
              -9.137012,
              38.72999409999999
            ],
            [
              -9.1370115,
              38.72997569999999
            ],
            [
              -9.1370112,
              38.729965299999996
            ],
            [
              -9.1371362,
              38.72996349999999
            ],
            [
              -9.137137000000001,
              38.72999930000001
            ],
            [
              -9.1371661,
              38.72999879999999
            ],
            [
              -9.1371666,
              38.73002
            ],
            [
              -9.1371368,
              38.73002050000001
            ],
            [
              -9.1371376,
              38.7300542
            ],
            [
              -9.1370136,
              38.730056
            ],
            [
              -9.1370124,
              38.73001239999999
            ],
            [
              -9.137012,
              38.72999409999999
            ]
          ]
        ]
      }
    },
    {
      "type": "Feature",
      "properties": {
        "area_id": "Alameda_Arro",
        "osm_uid": "cea/228",
        "osmid": "228",
        "element_type": "cea_zone",
        "building": "yes",
        "cea_name": "B1228",
        "intersection_area_m2": 157.98336786174738,
        "is_residential": true,
        "residential_source": "cea",
        "radiation_sum_kwh_year": 339458.588125,
        "radiation_sum": 339458.588125,
        "radiation_point_count": 258.0,
        "use_type1": "MULTI_RES",
        "use_type2": "NONE",
        "use_type3": "NONE",
        "resi_type": null,
        "comparison_status": "matched",
        "validation_radiation_kwh_year": 339458.588125,
        "ucea_radiation_kwh_year": 197517.5899999998,
        "workflow0_radiation_kwh_year": 208944.61000000045,
        "validation_area_m2": 157.98336786174738,
        "ucea_roofs_top_m2": 155.56,
        "err_ucea_minus_validation_kwh_year": 141940.99812500022,
        "err_ucea_abs_kwh_year": 141940.99812500022,
        "err_ucea_pct_of_validation": 41.81393639471946,
        "err_ucea_area_minus_validation_m2": 2.42336786174738,
        "err_ucea_area_pct_of_validation": 1.533938600339303,
        "err_workflow0_minus_validation_kwh_year": 130513.97812499956,
        "err_workflow0_abs_kwh_year": 130513.97812499956,
        "err_workflow0_pct_of_validation": 38.44768778598111
      },
      "geometry": {
        "type": "Polygon",
        "coordinates": [
          [
            [
              -9.1365965,
              38.72867790000001
            ],
            [
              -9.136747,
              38.728674999999996
            ],
            [
              -9.1367477,
              38.72870089999999
            ],
            [
              -9.1367484,
              38.72872850000002
            ],
            [
              -9.1367491,
              38.728756
            ],
            [
              -9.1367498,
              38.72878349999999
            ],
            [
              -9.136604,
              38.728786899999996
            ],
            [
              -9.1365983,
              38.728770100000006
            ],
            [
              -9.136598,
              38.72875739999999
            ],
            [
              -9.1365965,
              38.72867790000001
            ]
          ]
        ]
      }
    },
    {
      "type": "Feature",
      "properties": {
        "area_id": "Alameda_Arro",
        "osm_uid": "cea/229",
        "osmid": "229",
        "element_type": "cea_zone",
        "building": "yes",
        "cea_name": "B1229",
        "intersection_area_m2": 221.54920920084092,
        "is_residential": true,
        "residential_source": "cea",
        "radiation_sum_kwh_year": 423718.988625,
        "radiation_sum": 423718.988625,
        "radiation_point_count": 367.0,
        "use_type1": "MULTI_RES",
        "use_type2": "NONE",
        "use_type3": "NONE",
        "resi_type": null,
        "comparison_status": "matched",
        "validation_radiation_kwh_year": 423718.988625,
        "ucea_radiation_kwh_year": 341788.4699999994,
        "workflow0_radiation_kwh_year": 341651.3099999996,
        "validation_area_m2": 221.54920920084092,
        "ucea_roofs_top_m2": 225.43,
        "err_ucea_minus_validation_kwh_year": 81930.51862500061,
        "err_ucea_abs_kwh_year": 81930.51862500061,
        "err_ucea_pct_of_validation": 19.336050737511506,
        "err_ucea_area_minus_validation_m2": 3.8807907991590866,
        "err_ucea_area_pct_of_validation": 1.7516608671985985,
        "err_workflow0_minus_validation_kwh_year": 82067.67862500041,
        "err_workflow0_abs_kwh_year": 82067.67862500041,
        "err_workflow0_pct_of_validation": 19.36842124808147
      },
      "geometry": {
        "type": "Polygon",
        "coordinates": [
          [
            [
              -9.1363933,
              38.7283875
            ],
            [
              -9.1362798,
              38.72838320000001
            ],
            [
              -9.1362923,
              38.72818130000001
            ],
            [
              -9.1364058,
              38.7281856
            ],
            [
              -9.1363933,
              38.7283875
            ]
          ]
        ]
      }
    },
    {
      "type": "Feature",
      "properties": {
        "area_id": "Alameda_Arro",
        "osm_uid": "cea/230",
        "osmid": "230",
        "element_type": "cea_zone",
        "building": "yes",
        "cea_name": "B1230",
        "intersection_area_m2": 148.3728262383337,
        "is_residential": true,
        "residential_source": "cea",
        "radiation_sum_kwh_year": 306821.411625,
        "radiation_sum": 306821.411625,
        "radiation_point_count": 245.0,
        "use_type1": "MULTI_RES",
        "use_type2": "NONE",
        "use_type3": "NONE",
        "resi_type": null,
        "comparison_status": "matched",
        "validation_radiation_kwh_year": 306821.411625,
        "ucea_radiation_kwh_year": 246731.32999999975,
        "workflow0_radiation_kwh_year": 246260.03999999975,
        "validation_area_m2": 148.3728262383337,
        "ucea_roofs_top_m2": 151.25,
        "err_ucea_minus_validation_kwh_year": 60090.08162500025,
        "err_ucea_abs_kwh_year": 60090.08162500025,
        "err_ucea_pct_of_validation": 19.584709328709728,
        "err_ucea_area_minus_validation_m2": 2.877173761666313,
        "err_ucea_area_pct_of_validation": 1.939151416476129,
        "err_workflow0_minus_validation_kwh_year": 60561.37162500026,
        "err_workflow0_abs_kwh_year": 60561.37162500026,
        "err_workflow0_pct_of_validation": 19.738313341384053
      },
      "geometry": {
        "type": "Polygon",
        "coordinates": [
          [
            [
              -9.1369871,
              38.72903920000001
            ],
            [
              -9.1369863,
              38.7290174
            ],
            [
              -9.1369857,
              38.728995299999994
            ],
            [
              -9.1369852,
              38.7289733
            ],
            [
              -9.136984600000002,
              38.72895119999999
            ],
            [
              -9.136984,
              38.7289292
            ],
            [
              -9.1369836,
              38.728913000000006
            ],
            [
              -9.1371055,
              38.7289111
            ],
            [
              -9.1371086,
              38.7290374
            ],
            [
              -9.1369871,
              38.72903920000001
            ]
          ]
        ]
      }
    },
    {
      "type": "Feature",
      "properties": {
        "area_id": "Alameda_Arro",
        "osm_uid": "cea/231",
        "osmid": "231",
        "element_type": "cea_zone",
        "building": "yes",
        "cea_name": "B1231",
        "intersection_area_m2": 96.66729640178592,
        "is_residential": true,
        "residential_source": "cea",
        "radiation_sum_kwh_year": 173753.520125,
        "radiation_sum": 173753.520125,
        "radiation_point_count": 156.0,
        "use_type1": "MULTI_RES",
        "use_type2": "NONE",
        "use_type3": "NONE",
        "resi_type": null,
        "comparison_status": "matched",
        "validation_radiation_kwh_year": 173753.520125,
        "ucea_radiation_kwh_year": 165014.50999999998,
        "workflow0_radiation_kwh_year": 164362.1100000001,
        "validation_area_m2": 96.66729640178592,
        "ucea_roofs_top_m2": 98.41,
        "err_ucea_minus_validation_kwh_year": 8739.01012500003,
        "err_ucea_abs_kwh_year": 8739.01012500003,
        "err_ucea_pct_of_validation": 5.029544217989425,
        "err_ucea_area_minus_validation_m2": 1.742703598214078,
        "err_ucea_area_pct_of_validation": 1.802785081493064,
        "err_workflow0_minus_validation_kwh_year": 9391.410124999908,
        "err_workflow0_abs_kwh_year": 9391.410124999908,
        "err_workflow0_pct_of_validation": 5.4050186253744
      },
      "geometry": {
        "type": "Polygon",
        "coordinates": [
          [
            [
              -9.1369443,
              38.727414599999996
            ],
            [
              -9.1369438,
              38.72739760000001
            ],
            [
              -9.1369434,
              38.7273807
            ],
            [
              -9.1369429,
              38.727363800000006
            ],
            [
              -9.1370613,
              38.7273618
            ],
            [
              -9.1370636,
              38.72744639999999
            ],
            [
              -9.1369451,
              38.727448399999986
            ],
            [
              -9.1369447,
              38.7274315
            ],
            [
              -9.1369443,
              38.727414599999996
            ]
          ]
        ]
      }
    },
    {
      "type": "Feature",
      "properties": {
        "area_id": "Alameda_Arro",
        "osm_uid": "cea/232",
        "osmid": "232",
        "element_type": "cea_zone",
        "building": "yes",
        "cea_name": "B1232",
        "intersection_area_m2": 69.12557208437084,
        "is_residential": true,
        "residential_source": "cea",
        "radiation_sum_kwh_year": 118208.1405625,
        "radiation_sum": 118208.1405625,
        "radiation_point_count": 110.0,
        "use_type1": "MULTI_RES",
        "use_type2": "NONE",
        "use_type3": "NONE",
        "resi_type": null,
        "comparison_status": "matched",
        "validation_radiation_kwh_year": 118208.1405625,
        "ucea_radiation_kwh_year": 116076.13999999974,
        "workflow0_radiation_kwh_year": 116434.67000000057,
        "validation_area_m2": 69.12557208437084,
        "ucea_roofs_top_m2": 70.9,
        "err_ucea_minus_validation_kwh_year": 2132.000562500267,
        "err_ucea_abs_kwh_year": 2132.000562500267,
        "err_ucea_pct_of_validation": 1.8035987643110059,
        "err_ucea_area_minus_validation_m2": 1.7744279156291611,
        "err_ucea_area_pct_of_validation": 2.5669630820029856,
        "err_workflow0_minus_validation_kwh_year": 1773.4705624994385,
        "err_workflow0_abs_kwh_year": 1773.4705624994385,
        "err_workflow0_pct_of_validation": 1.5002947800889856
      },
      "geometry": {
        "type": "Polygon",
        "coordinates": [
          [
            [
              -9.1363584,
              38.730356
            ],
            [
              -9.1363598,
              38.7303982
            ],
            [
              -9.1361994,
              38.73040029999999
            ],
            [
              -9.136195,
              38.7303836
            ],
            [
              -9.1361907,
              38.730367399999984
            ],
            [
              -9.1361877,
              38.73035600000001
            ],
            [
              -9.1363584,
              38.730356
            ]
          ]
        ]
      }
    },
    {
      "type": "Feature",
      "properties": {
        "area_id": "Alameda_Arro",
        "osm_uid": "cea/233",
        "osmid": "233",
        "element_type": "cea_zone",
        "building": "yes",
        "cea_name": "B1233",
        "intersection_area_m2": 149.08298032366338,
        "is_residential": true,
        "residential_source": "cea",
        "radiation_sum_kwh_year": 229787.872421875,
        "radiation_sum": 229787.872421875,
        "radiation_point_count": 231.0,
        "use_type1": "MULTI_RES",
        "use_type2": "NONE",
        "use_type3": "NONE",
        "resi_type": null,
        "comparison_status": "matched",
        "validation_radiation_kwh_year": 229787.872421875,
        "ucea_radiation_kwh_year": 173596.23999999993,
        "workflow0_radiation_kwh_year": 185977.87999999995,
        "validation_area_m2": 149.08298032366338,
        "ucea_roofs_top_m2": 152.13,
        "err_ucea_minus_validation_kwh_year": 56191.63242187508,
        "err_ucea_abs_kwh_year": 56191.63242187508,
        "err_ucea_pct_of_validation": 24.45369802576484,
        "err_ucea_area_minus_validation_m2": 3.0470196763366175,
        "err_ucea_area_pct_of_validation": 2.0438414027687477,
        "err_workflow0_minus_validation_kwh_year": 43809.99242187507,
        "err_workflow0_abs_kwh_year": 43809.99242187507,
        "err_workflow0_pct_of_validation": 19.06540669885436
      },
      "geometry": {
        "type": "Polygon",
        "coordinates": [
          [
            [
              -9.1371362,
              38.72996349999999
            ],
            [
              -9.1370112,
              38.729965299999996
            ],
            [
              -9.1370089,
              38.72987669999999
            ],
            [
              -9.1371834,
              38.7298742
            ],
            [
              -9.1371855,
              38.729962799999996
            ],
            [
              -9.1371362,
              38.72996349999999
            ]
          ]
        ]
      }
    },
    {
      "type": "Feature",
      "properties": {
        "area_id": "Alameda_Arro",
        "osm_uid": "cea/234",
        "osmid": "234",
        "element_type": "cea_zone",
        "building": "yes",
        "cea_name": "B1234",
        "intersection_area_m2": 125.30312122084305,
        "is_residential": true,
        "residential_source": "cea",
        "radiation_sum_kwh_year": 218126.66109375,
        "radiation_sum": 218126.66109375,
        "radiation_point_count": 202.0,
        "use_type1": "MULTI_RES",
        "use_type2": "NONE",
        "use_type3": "NONE",
        "resi_type": null,
        "comparison_status": "matched",
        "validation_radiation_kwh_year": 218126.66109375,
        "ucea_radiation_kwh_year": 191247.64000000045,
        "workflow0_radiation_kwh_year": 153420.0400000001,
        "validation_area_m2": 125.30312122084305,
        "ucea_roofs_top_m2": 130.55,
        "err_ucea_minus_validation_kwh_year": 26879.021093749558,
        "err_ucea_abs_kwh_year": 26879.021093749558,
        "err_ucea_pct_of_validation": 12.322666545653057,
        "err_ucea_area_minus_validation_m2": 5.246878779156958,
        "err_ucea_area_pct_of_validation": 4.187348829012398,
        "err_workflow0_minus_validation_kwh_year": 64706.62109374991,
        "err_workflow0_abs_kwh_year": 64706.62109374991,
        "err_workflow0_pct_of_validation": 29.664700669460693
      },
      "geometry": {
        "type": "Polygon",
        "coordinates": [
          [
            [
              -9.1367444,
              38.7285751
            ],
            [
              -9.1367448,
              38.7285925
            ],
            [
              -9.1365953,
              38.7285954
            ],
            [
              -9.1365939,
              38.728508299999994
            ],
            [
              -9.1367425,
              38.7285054
            ],
            [
              -9.136743,
              38.72852290000001
            ],
            [
              -9.1367435,
              38.72854029999999
            ],
            [
              -9.1367439,
              38.7285577
            ],
            [
              -9.1367444,
              38.7285751
            ]
          ]
        ]
      }
    },
    {
      "type": "Feature",
      "properties": {
        "area_id": "Alameda_Arro",
        "osm_uid": "cea/235",
        "osmid": "235",
        "element_type": "cea_zone",
        "building": "yes",
        "cea_name": "B1235",
        "intersection_area_m2": 63.56367193086091,
        "is_residential": true,
        "residential_source": "cea",
        "radiation_sum_kwh_year": 117858.6625,
        "radiation_sum": 117858.6625,
        "radiation_point_count": 101.0,
        "use_type1": "MULTI_RES",
        "use_type2": "NONE",
        "use_type3": "NONE",
        "resi_type": null,
        "comparison_status": "matched",
        "validation_radiation_kwh_year": 117858.6625,
        "ucea_radiation_kwh_year": 87080.93000000004,
        "workflow0_radiation_kwh_year": 85821.60999999975,
        "validation_area_m2": 63.56367193086091,
        "ucea_roofs_top_m2": 63.57,
        "err_ucea_minus_validation_kwh_year": 30777.73249999997,
        "err_ucea_abs_kwh_year": 30777.73249999997,
        "err_ucea_pct_of_validation": 26.114102983308474,
        "err_ucea_area_minus_validation_m2": 0.0063280691390872335,
        "err_ucea_area_pct_of_validation": 0.009955480775198705,
        "err_workflow0_minus_validation_kwh_year": 32037.052500000253,
        "err_workflow0_abs_kwh_year": 32037.052500000253,
        "err_workflow0_pct_of_validation": 27.182603145526326
      },
      "geometry": {
        "type": "Polygon",
        "coordinates": [
          [
            [
              -9.1361994,
              38.73040029999999
            ],
            [
              -9.1363598,
              38.7303982
            ],
            [
              -9.1363611,
              38.7304395
            ],
            [
              -9.1362108,
              38.7304436
            ],
            [
              -9.1362076,
              38.7304314
            ],
            [
              -9.1362022,
              38.73041079999999
            ],
            [
              -9.1361994,
              38.73040029999999
            ]
          ]
        ]
      }
    },
    {
      "type": "Feature",
      "properties": {
        "area_id": "Alameda_Arro",
        "osm_uid": "cea/236",
        "osmid": "236",
        "element_type": "cea_zone",
        "building": "yes",
        "cea_name": "B1236",
        "intersection_area_m2": 257.99478592510843,
        "is_residential": true,
        "residential_source": "cea",
        "radiation_sum_kwh_year": 525011.410890625,
        "radiation_sum": 525011.410890625,
        "radiation_point_count": 424.0,
        "use_type1": "MULTI_RES",
        "use_type2": "NONE",
        "use_type3": "NONE",
        "resi_type": null,
        "comparison_status": "matched",
        "validation_radiation_kwh_year": 525011.410890625,
        "ucea_radiation_kwh_year": 419379.79000000056,
        "workflow0_radiation_kwh_year": 424629.4799999991,
        "validation_area_m2": 257.99478592510843,
        "ucea_roofs_top_m2": 257.81,
        "err_ucea_minus_validation_kwh_year": 105631.62089062441,
        "err_ucea_abs_kwh_year": 105631.62089062441,
        "err_ucea_pct_of_validation": 20.119871435066873,
        "err_ucea_area_minus_validation_m2": 0.18478592510842873,
        "err_ucea_area_pct_of_validation": 0.07162389908223532,
        "err_workflow0_minus_validation_kwh_year": 100381.93089062587,
        "err_workflow0_abs_kwh_year": 100381.93089062587,
        "err_workflow0_pct_of_validation": 19.119952215960183
      },
      "geometry": {
        "type": "Polygon",
        "coordinates": [
          [
            [
              -9.1369908,
              38.7291861
            ],
            [
              -9.1369898,
              38.7291494
            ],
            [
              -9.1369888,
              38.7291127
            ],
            [
              -9.1369879,
              38.7290761
            ],
            [
              -9.1369871,
              38.72903920000001
            ],
            [
              -9.1371086,
              38.7290374
            ],
            [
              -9.1371141,
              38.7292574
            ],
            [
              -9.1369927,
              38.729259199999994
            ],
            [
              -9.1369917,
              38.72922269999999
            ],
            [
              -9.1369908,
              38.7291861
            ]
          ]
        ]
      }
    },
    {
      "type": "Feature",
      "properties": {
        "area_id": "Alameda_Arro",
        "osm_uid": "cea/237",
        "osmid": "237",
        "element_type": "cea_zone",
        "building": "yes",
        "cea_name": "B1237",
        "intersection_area_m2": 155.1915422238095,
        "is_residential": true,
        "residential_source": "cea",
        "radiation_sum_kwh_year": 284839.721375,
        "radiation_sum": 284839.721375,
        "radiation_point_count": 251.0,
        "use_type1": "MULTI_RES",
        "use_type2": "NONE",
        "use_type3": "NONE",
        "resi_type": null,
        "comparison_status": "matched",
        "validation_radiation_kwh_year": 284839.721375,
        "ucea_radiation_kwh_year": 251800.7300000003,
        "workflow0_radiation_kwh_year": 268903.48000000033,
        "validation_area_m2": 155.1915422238095,
        "ucea_roofs_top_m2": 162.51,
        "err_ucea_minus_validation_kwh_year": 33038.99137499972,
        "err_ucea_abs_kwh_year": 33038.99137499972,
        "err_ucea_pct_of_validation": 11.599151696789823,
        "err_ucea_area_minus_validation_m2": 7.318457776190485,
        "err_ucea_area_pct_of_validation": 4.715758134316475,
        "err_workflow0_minus_validation_kwh_year": 15936.241374999692,
        "err_workflow0_abs_kwh_year": 15936.241374999692,
        "err_workflow0_pct_of_validation": 5.594810056010114
      },
      "geometry": {
        "type": "Polygon",
        "coordinates": [
          [
            [
              -9.1370081,
              38.72984769999999
            ],
            [
              -9.1370068,
              38.72979839999999
            ],
            [
              -9.137006500000002,
              38.7297846
            ],
            [
              -9.1371812,
              38.7297821
            ],
            [
              -9.1371834,
              38.7298742
            ],
            [
              -9.1370089,
              38.72987669999999
            ],
            [
              -9.1370081,
              38.72984769999999
            ]
          ]
        ]
      }
    },
    {
      "type": "Feature",
      "properties": {
        "area_id": "Alameda_Arro",
        "osm_uid": "cea/238",
        "osmid": "238",
        "element_type": "cea_zone",
        "building": "yes",
        "cea_name": "B1238",
        "intersection_area_m2": 97.53821266742432,
        "is_residential": true,
        "residential_source": "cea",
        "radiation_sum_kwh_year": 196456.393875,
        "radiation_sum": 196456.393875,
        "radiation_point_count": 152.0,
        "use_type1": "MULTI_RES",
        "use_type2": "NONE",
        "use_type3": "NONE",
        "resi_type": null,
        "comparison_status": "matched",
        "validation_radiation_kwh_year": 196456.393875,
        "ucea_radiation_kwh_year": 133219.3800000004,
        "workflow0_radiation_kwh_year": 140073.15999999983,
        "validation_area_m2": 97.53821266742432,
        "ucea_roofs_top_m2": 97.54,
        "err_ucea_minus_validation_kwh_year": 63237.0138749996,
        "err_ucea_abs_kwh_year": 63237.0138749996,
        "err_ucea_pct_of_validation": 32.18882960624617,
        "err_ucea_area_minus_validation_m2": 0.0017873325756880831,
        "err_ucea_area_pct_of_validation": 0.0018324434360739667,
        "err_workflow0_minus_validation_kwh_year": 56383.23387500018,
        "err_workflow0_abs_kwh_year": 56383.23387500018,
        "err_workflow0_pct_of_validation": 28.700126660614227
      },
      "geometry": {
        "type": "Polygon",
        "coordinates": [
          [
            [
              -9.1367393,
              38.72838079999999
            ],
            [
              -9.1367399,
              38.72840360000001
            ],
            [
              -9.1367405,
              38.7284265
            ],
            [
              -9.1365928,
              38.7284294
            ],
            [
              -9.1365917,
              38.72836079999999
            ],
            [
              -9.1367387,
              38.7283579
            ],
            [
              -9.1367393,
              38.72838079999999
            ]
          ]
        ]
      }
    },
    {
      "type": "Feature",
      "properties": {
        "area_id": "Alameda_Arro",
        "osm_uid": "cea/239",
        "osmid": "239",
        "element_type": "cea_zone",
        "building": "yes",
        "cea_name": "B1239",
        "intersection_area_m2": 181.97799032196627,
        "is_residential": true,
        "residential_source": "cea",
        "radiation_sum_kwh_year": 357010.82328125,
        "radiation_sum": 357010.82328125,
        "radiation_point_count": 294.0,
        "use_type1": "MULTI_RES",
        "use_type2": "NONE",
        "use_type3": "NONE",
        "resi_type": null,
        "comparison_status": "matched",
        "validation_radiation_kwh_year": 357010.82328125,
        "ucea_radiation_kwh_year": 287174.6000000005,
        "workflow0_radiation_kwh_year": 291920.95,
        "validation_area_m2": 181.97799032196627,
        "ucea_roofs_top_m2": 185.41,
        "err_ucea_minus_validation_kwh_year": 69836.22328124952,
        "err_ucea_abs_kwh_year": 69836.22328124952,
        "err_ucea_pct_of_validation": 19.561374257338173,
        "err_ucea_area_minus_validation_m2": 3.4320096780337224,
        "err_ucea_area_pct_of_validation": 1.8859476752994178,
        "err_workflow0_minus_validation_kwh_year": 65089.87328125001,
        "err_workflow0_abs_kwh_year": 65089.87328125001,
        "err_workflow0_pct_of_validation": 18.23190475936153
      },
      "geometry": {
        "type": "Polygon",
        "coordinates": [
          [
            [
              -9.136778100000003,
              38.72986100000001
            ],
            [
              -9.136778800000002,
              38.72988569999998
            ],
            [
              -9.1367794,
              38.729910499999995
            ],
            [
              -9.1367801,
              38.72993529999999
            ],
            [
              -9.1367807,
              38.72996
            ],
            [
              -9.1367814,
              38.72998499999999
            ],
            [
              -9.136654,
              38.72998659999999
            ],
            [
              -9.136651,
              38.72983800000001
            ],
            [
              -9.1367775,
              38.729836399999996
            ],
            [
              -9.136778100000003,
              38.72986100000001
            ]
          ]
        ]
      }
    },
    {
      "type": "Feature",
      "properties": {
        "area_id": "Alameda_Arro",
        "osm_uid": "cea/240",
        "osmid": "240",
        "element_type": "cea_zone",
        "building": "yes",
        "cea_name": "B1240",
        "intersection_area_m2": 99.85035418981275,
        "is_residential": true,
        "residential_source": "cea",
        "radiation_sum_kwh_year": 224160.23928125002,
        "radiation_sum": 224160.23928125002,
        "radiation_point_count": 166.0,
        "use_type1": "MULTI_RES",
        "use_type2": "NONE",
        "use_type3": "NONE",
        "resi_type": null,
        "comparison_status": "matched",
        "validation_radiation_kwh_year": 224160.23928125002,
        "ucea_radiation_kwh_year": 152459.78999999998,
        "workflow0_radiation_kwh_year": 151907.6499999999,
        "validation_area_m2": 99.85035418981275,
        "ucea_roofs_top_m2": 101.71,
        "err_ucea_minus_validation_kwh_year": 71700.44928125004,
        "err_ucea_abs_kwh_year": 71700.44928125004,
        "err_ucea_pct_of_validation": 31.98624765531621,
        "err_ucea_area_minus_validation_m2": 1.8596458101872457,
        "err_ucea_area_pct_of_validation": 1.8624328629341773,
        "err_workflow0_minus_validation_kwh_year": 72252.58928125011,
        "err_workflow0_abs_kwh_year": 72252.58928125011,
        "err_workflow0_pct_of_validation": 32.23256252443415
      },
      "geometry": {
        "type": "Polygon",
        "coordinates": [
          [
            [
              -9.1362694,
              38.7306191
            ],
            [
              -9.1362645,
              38.730604400000004
            ],
            [
              -9.136259500000001,
              38.7305897
            ],
            [
              -9.1362546,
              38.730574999999995
            ],
            [
              -9.13649,
              38.7305794
            ],
            [
              -9.1364983,
              38.730625
            ],
            [
              -9.1362694,
              38.7306191
            ]
          ]
        ]
      }
    },
    {
      "type": "Feature",
      "properties": {
        "area_id": "Alameda_Arro",
        "osm_uid": "cea/241",
        "osmid": "241",
        "element_type": "cea_zone",
        "building": "yes",
        "cea_name": "B1241",
        "intersection_area_m2": 82.20874795379898,
        "is_residential": true,
        "residential_source": "cea",
        "radiation_sum_kwh_year": 178144.43075,
        "radiation_sum": 178144.43075,
        "radiation_point_count": 130.0,
        "use_type1": "MULTI_RES",
        "use_type2": "NONE",
        "use_type3": "NONE",
        "resi_type": null,
        "comparison_status": "matched",
        "validation_radiation_kwh_year": 178144.43075,
        "ucea_radiation_kwh_year": 127898.43000000007,
        "workflow0_radiation_kwh_year": 129037.36999999984,
        "validation_area_m2": 82.20874795379898,
        "ucea_roofs_top_m2": 82.22,
        "err_ucea_minus_validation_kwh_year": 50246.000749999934,
        "err_ucea_abs_kwh_year": 50246.000749999934,
        "err_ucea_pct_of_validation": 28.205204360563453,
        "err_ucea_area_minus_validation_m2": 0.011252046201022381,
        "err_ucea_area_pct_of_validation": 0.013687164056246169,
        "err_workflow0_minus_validation_kwh_year": 49107.060750000164,
        "err_workflow0_abs_kwh_year": 49107.060750000164,
        "err_workflow0_pct_of_validation": 27.565869190103864
      },
      "geometry": {
        "type": "Polygon",
        "coordinates": [
          [
            [
              -9.1362394,
              38.73052920000001
            ],
            [
              -9.136236,
              38.7305189
            ],
            [
              -9.1362325,
              38.7305085
            ],
            [
              -9.1362291,
              38.7304982
            ],
            [
              -9.1362256,
              38.7304878
            ],
            [
              -9.1364304,
              38.7304866
            ],
            [
              -9.136432100000002,
              38.730531
            ],
            [
              -9.1362394,
              38.73052920000001
            ]
          ]
        ]
      }
    },
    {
      "type": "Feature",
      "properties": {
        "area_id": "Alameda_Arro",
        "osm_uid": "cea/242",
        "osmid": "242",
        "element_type": "cea_zone",
        "building": "yes",
        "cea_name": "B1242",
        "intersection_area_m2": 242.69880243869417,
        "is_residential": true,
        "residential_source": "cea",
        "radiation_sum_kwh_year": 540230.61353125,
        "radiation_sum": 540230.61353125,
        "radiation_point_count": 407.0,
        "use_type1": "MULTI_RES",
        "use_type2": "NONE",
        "use_type3": "NONE",
        "resi_type": null,
        "comparison_status": "matched",
        "validation_radiation_kwh_year": 540230.61353125,
        "ucea_radiation_kwh_year": 427805.2699999985,
        "workflow0_radiation_kwh_year": 401132.23,
        "validation_area_m2": 242.69880243869417,
        "ucea_roofs_top_m2": 251.85,
        "err_ucea_minus_validation_kwh_year": 112425.34353125154,
        "err_ucea_abs_kwh_year": 112425.34353125154,
        "err_ucea_pct_of_validation": 20.810620634098555,
        "err_ucea_area_minus_validation_m2": 9.151197561305821,
        "err_ucea_area_pct_of_validation": 3.770598564703432,
        "err_workflow0_minus_validation_kwh_year": 139098.38353125006,
        "err_workflow0_abs_kwh_year": 139098.38353125006,
        "err_workflow0_pct_of_validation": 25.747963933777296
      },
      "geometry": {
        "type": "Polygon",
        "coordinates": [
          [
            [
              -9.1370054,
              38.72974429999999
            ],
            [
              -9.1370045,
              38.72971019999999
            ],
            [
              -9.1370036,
              38.7296761
            ],
            [
              -9.1370027,
              38.7296413
            ],
            [
              -9.1371416,
              38.7296518
            ],
            [
              -9.1371426,
              38.7296724
            ],
            [
              -9.137204,
              38.7296716
            ],
            [
              -9.137206,
              38.72975639999999
            ],
            [
              -9.1371806,
              38.72975679999999
            ],
            [
              -9.1371812,
              38.7297821
            ],
            [
              -9.137006500000002,
              38.7297846
            ],
            [
              -9.1370054,
              38.72974429999999
            ]
          ]
        ]
      }
    },
    {
      "type": "Feature",
      "properties": {
        "area_id": "Alameda_Arro",
        "osm_uid": "cea/243",
        "osmid": "243",
        "element_type": "cea_zone",
        "building": "yes",
        "cea_name": "B1243",
        "intersection_area_m2": 205.96981455588923,
        "is_residential": true,
        "residential_source": "cea",
        "radiation_sum_kwh_year": 436012.85596875,
        "radiation_sum": 436012.85596875,
        "radiation_point_count": 317.0,
        "use_type1": "MULTI_RES",
        "use_type2": "NONE",
        "use_type3": "NONE",
        "resi_type": null,
        "comparison_status": "matched",
        "validation_radiation_kwh_year": 436012.85596875,
        "ucea_radiation_kwh_year": 325844.8200000007,
        "workflow0_radiation_kwh_year": 338327.3900000003,
        "validation_area_m2": 205.96981455588923,
        "ucea_roofs_top_m2": 205.94,
        "err_ucea_minus_validation_kwh_year": 110168.03596874932,
        "err_ucea_abs_kwh_year": 110168.03596874932,
        "err_ucea_pct_of_validation": 25.267153126476916,
        "err_ucea_area_minus_validation_m2": 0.029814555889231542,
        "err_ucea_area_pct_of_validation": 0.0144752064536823,
        "err_workflow0_minus_validation_kwh_year": 97685.46596874972,
        "err_workflow0_abs_kwh_year": 97685.46596874972,
        "err_workflow0_pct_of_validation": 22.40426277149751
      },
      "geometry": {
        "type": "Polygon",
        "coordinates": [
          [
            [
              -9.136721,
              38.727684499999995
            ],
            [
              -9.1367216,
              38.727705799999995
            ],
            [
              -9.136722,
              38.7277239
            ],
            [
              -9.1365285,
              38.727726
            ],
            [
              -9.1365266,
              38.7276153
            ],
            [
              -9.1367191,
              38.727613399999996
            ],
            [
              -9.1367199,
              38.72764190000001
            ],
            [
              -9.1367204,
              38.7276631
            ],
            [
              -9.136721,
              38.727684499999995
            ]
          ]
        ]
      }
    },
    {
      "type": "Feature",
      "properties": {
        "area_id": "Alameda_Arro",
        "osm_uid": "cea/244",
        "osmid": "244",
        "element_type": "cea_zone",
        "building": "yes",
        "cea_name": "B1244",
        "intersection_area_m2": 119.4205588409628,
        "is_residential": true,
        "residential_source": "cea",
        "radiation_sum_kwh_year": 288807.600375,
        "radiation_sum": 288807.600375,
        "radiation_point_count": 204.0,
        "use_type1": "MULTI_RES",
        "use_type2": "NONE",
        "use_type3": "NONE",
        "resi_type": null,
        "comparison_status": "matched",
        "validation_radiation_kwh_year": 288807.600375,
        "ucea_radiation_kwh_year": 192410.9200000011,
        "workflow0_radiation_kwh_year": 194874.86999999947,
        "validation_area_m2": 119.4205588409628,
        "ucea_roofs_top_m2": 123.22,
        "err_ucea_minus_validation_kwh_year": 96396.68037499889,
        "err_ucea_abs_kwh_year": 96396.68037499889,
        "err_ucea_pct_of_validation": 33.377473532494776,
        "err_ucea_area_minus_validation_m2": 3.799441159037201,
        "err_ucea_area_pct_of_validation": 3.181563707214828,
        "err_workflow0_minus_validation_kwh_year": 93932.73037500051,
        "err_workflow0_abs_kwh_year": 93932.73037500051,
        "err_workflow0_pct_of_validation": 32.524327702260706
      },
      "geometry": {
        "type": "Polygon",
        "coordinates": [
          [
            [
              -9.1365953,
              38.7285954
            ],
            [
              -9.1367448,
              38.7285925
            ],
            [
              -9.1367456,
              38.7286214
            ],
            [
              -9.136747,
              38.728674999999996
            ],
            [
              -9.1365965,
              38.72867790000001
            ],
            [
              -9.1365953,
              38.7285954
            ]
          ]
        ]
      }
    },
    {
      "type": "Feature",
      "properties": {
        "area_id": "Alameda_Arro",
        "osm_uid": "cea/245",
        "osmid": "245",
        "element_type": "cea_zone",
        "building": "yes",
        "cea_name": "B1245",
        "intersection_area_m2": 84.10328290673212,
        "is_residential": true,
        "residential_source": "cea",
        "radiation_sum_kwh_year": 181548.0815625,
        "radiation_sum": 181548.0815625,
        "radiation_point_count": 136.0,
        "use_type1": "MULTI_RES",
        "use_type2": "NONE",
        "use_type3": "NONE",
        "resi_type": null,
        "comparison_status": "matched",
        "validation_radiation_kwh_year": 181548.0815625,
        "ucea_radiation_kwh_year": 108073.3299999996,
        "workflow0_radiation_kwh_year": 111084.22000000032,
        "validation_area_m2": 84.10328290673212,
        "ucea_roofs_top_m2": 73.54,
        "err_ucea_minus_validation_kwh_year": 73474.75156250042,
        "err_ucea_abs_kwh_year": 73474.75156250042,
        "err_ucea_pct_of_validation": 40.47123546012569,
        "err_ucea_area_minus_validation_m2": 10.563282906732113,
        "err_ucea_area_pct_of_validation": 12.559893670793398,
        "err_workflow0_minus_validation_kwh_year": 70463.86156249969,
        "err_workflow0_abs_kwh_year": 70463.86156249969,
        "err_workflow0_pct_of_validation": 38.81278224261582
      },
      "geometry": {
        "type": "Polygon",
        "coordinates": [
          [
            [
              -9.1362793,
              38.73064889999999
            ],
            [
              -9.136276,
              38.730639
            ],
            [
              -9.1362727,
              38.730629
            ],
            [
              -9.1362694,
              38.7306191
            ],
            [
              -9.1364983,
              38.730625
            ],
            [
              -9.1365052,
              38.73066299999999
            ],
            [
              -9.1362826,
              38.7306588
            ],
            [
              -9.1362793,
              38.73064889999999
            ]
          ]
        ]
      }
    },
    {
      "type": "Feature",
      "properties": {
        "area_id": "Alameda_Arro",
        "osm_uid": "cea/246",
        "osmid": "246",
        "element_type": "cea_zone",
        "building": "yes",
        "cea_name": "B1246",
        "intersection_area_m2": 65.56260396539024,
        "is_residential": true,
        "residential_source": "cea",
        "radiation_sum_kwh_year": 149356.08025,
        "radiation_sum": 149356.08025,
        "radiation_point_count": 102.0,
        "use_type1": "MULTI_RES",
        "use_type2": "NONE",
        "use_type3": "NONE",
        "resi_type": null,
        "comparison_status": "matched",
        "validation_radiation_kwh_year": 149356.08025,
        "ucea_radiation_kwh_year": 103959.68000000002,
        "workflow0_radiation_kwh_year": 104433.79000000021,
        "validation_area_m2": 65.56260396539024,
        "ucea_roofs_top_m2": 66.98,
        "err_ucea_minus_validation_kwh_year": 45396.40024999998,
        "err_ucea_abs_kwh_year": 45396.40024999998,
        "err_ucea_pct_of_validation": 30.39474534549455,
        "err_ucea_area_minus_validation_m2": 1.4173960346097658,
        "err_ucea_area_pct_of_validation": 2.1618971012164088,
        "err_workflow0_minus_validation_kwh_year": 44922.29024999979,
        "err_workflow0_abs_kwh_year": 44922.29024999979,
        "err_workflow0_pct_of_validation": 30.077309323334216
      },
      "geometry": {
        "type": "Polygon",
        "coordinates": [
          [
            [
              -9.1362429,
              38.728979599999995
            ],
            [
              -9.1362466,
              38.72891979999999
            ],
            [
              -9.1363601,
              38.72892409999999
            ],
            [
              -9.1363564,
              38.7289838
            ],
            [
              -9.1362429,
              38.728979599999995
            ]
          ]
        ]
      }
    },
    {
      "type": "Feature",
      "properties": {
        "area_id": "Alameda_Arro",
        "osm_uid": "cea/247",
        "osmid": "247",
        "element_type": "cea_zone",
        "building": "yes",
        "cea_name": "B1247",
        "intersection_area_m2": 157.9325754598365,
        "is_residential": true,
        "residential_source": "cea",
        "radiation_sum_kwh_year": 328243.9529375,
        "radiation_sum": 328243.9529375,
        "radiation_point_count": 265.0,
        "use_type1": "MULTI_RES",
        "use_type2": "NONE",
        "use_type3": "NONE",
        "resi_type": null,
        "comparison_status": "matched",
        "validation_radiation_kwh_year": 328243.9529375,
        "ucea_radiation_kwh_year": 242366.07000000044,
        "workflow0_radiation_kwh_year": 240985.22000000076,
        "validation_area_m2": 157.9325754598365,
        "ucea_roofs_top_m2": 160.55,
        "err_ucea_minus_validation_kwh_year": 85877.88293749958,
        "err_ucea_abs_kwh_year": 85877.88293749958,
        "err_ucea_pct_of_validation": 26.16282254980379,
        "err_ucea_area_minus_validation_m2": 2.617424540163512,
        "err_ucea_area_pct_of_validation": 1.657305044600595,
        "err_workflow0_minus_validation_kwh_year": 87258.73293749927,
        "err_workflow0_abs_kwh_year": 87258.73293749927,
        "err_workflow0_pct_of_validation": 26.583500520454052
      },
      "geometry": {
        "type": "Polygon",
        "coordinates": [
          [
            [
              -9.1366043,
              38.73032990000001
            ],
            [
              -9.1367904,
              38.73032729999999
            ],
            [
              -9.1367925,
              38.730408999999995
            ],
            [
              -9.1366293,
              38.730433600000005
            ],
            [
              -9.1366043,
              38.73032990000001
            ]
          ]
        ]
      }
    },
    {
      "type": "Feature",
      "properties": {
        "area_id": "Alameda_Arro",
        "osm_uid": "cea/248",
        "osmid": "248",
        "element_type": "cea_zone",
        "building": "yes",
        "cea_name": "B1248",
        "intersection_area_m2": 91.25196721677779,
        "is_residential": true,
        "residential_source": "cea",
        "radiation_sum_kwh_year": 113608.850125,
        "radiation_sum": 113608.850125,
        "radiation_point_count": 143.0,
        "use_type1": "MULTI_RES",
        "use_type2": "NONE",
        "use_type3": "NONE",
        "resi_type": null,
        "comparison_status": "matched",
        "validation_radiation_kwh_year": 113608.850125,
        "ucea_radiation_kwh_year": 61927.61000000014,
        "workflow0_radiation_kwh_year": 63985.06000000004,
        "validation_area_m2": 91.25196721677779,
        "ucea_roofs_top_m2": 91.25,
        "err_ucea_minus_validation_kwh_year": 51681.24012499986,
        "err_ucea_abs_kwh_year": 51681.24012499986,
        "err_ucea_pct_of_validation": 45.49050542113289,
        "err_ucea_area_minus_validation_m2": 0.001967216777785552,
        "err_ucea_area_pct_of_validation": 0.0021558075269897913,
        "err_workflow0_minus_validation_kwh_year": 49623.790124999956,
        "err_workflow0_abs_kwh_year": 49623.790124999956,
        "err_workflow0_pct_of_validation": 43.67951094514254
      },
      "geometry": {
        "type": "Polygon",
        "coordinates": [
          [
            [
              -9.1369712,
              38.728439699999996
            ],
            [
              -9.1369691,
              38.72836049999999
            ],
            [
              -9.1370885,
              38.7283585
            ],
            [
              -9.1370906,
              38.72843769999999
            ],
            [
              -9.1369712,
              38.728439699999996
            ]
          ]
        ]
      }
    },
    {
      "type": "Feature",
      "properties": {
        "area_id": "Alameda_Arro",
        "osm_uid": "cea/249",
        "osmid": "249",
        "element_type": "cea_zone",
        "building": "yes",
        "cea_name": "B1249",
        "intersection_area_m2": 240.36369785568323,
        "is_residential": true,
        "residential_source": "cea",
        "radiation_sum_kwh_year": 527183.76625,
        "radiation_sum": 527183.76625,
        "radiation_point_count": 397.0,
        "use_type1": "MULTI_RES",
        "use_type2": "NONE",
        "use_type3": "NONE",
        "resi_type": null,
        "comparison_status": "matched",
        "validation_radiation_kwh_year": 527183.76625,
        "ucea_radiation_kwh_year": 370651.66,
        "workflow0_radiation_kwh_year": 371355.92999999976,
        "validation_area_m2": 240.36369785568323,
        "ucea_roofs_top_m2": 246.14,
        "err_ucea_minus_validation_kwh_year": 156532.10625,
        "err_ucea_abs_kwh_year": 156532.10625,
        "err_ucea_pct_of_validation": 29.692133231539923,
        "err_ucea_area_minus_validation_m2": 5.776302144316759,
        "err_ucea_area_pct_of_validation": 2.4031508068181364,
        "err_workflow0_minus_validation_kwh_year": 155827.83625000023,
        "err_workflow0_abs_kwh_year": 155827.83625000023,
        "err_workflow0_pct_of_validation": 29.558542243902075
      },
      "geometry": {
        "type": "Polygon",
        "coordinates": [
          [
            [
              -9.1362678,
              38.7285767
            ],
            [
              -9.1363813,
              38.72858089999999
            ],
            [
              -9.136367700000001,
              38.728800099999994
            ],
            [
              -9.1362543,
              38.72879580000001
            ],
            [
              -9.1362678,
              38.7285767
            ]
          ]
        ]
      }
    },
    {
      "type": "Feature",
      "properties": {
        "area_id": "Alameda_Arro",
        "osm_uid": "cea/250",
        "osmid": "250",
        "element_type": "cea_zone",
        "building": "yes",
        "cea_name": "B1250",
        "intersection_area_m2": 222.59726119937847,
        "is_residential": true,
        "residential_source": "cea",
        "radiation_sum_kwh_year": 581480.8183125,
        "radiation_sum": 581480.8183125,
        "radiation_point_count": 383.0,
        "use_type1": "MULTI_RES",
        "use_type2": "NONE",
        "use_type3": "NONE",
        "resi_type": null,
        "comparison_status": "matched",
        "validation_radiation_kwh_year": 581480.8183125,
        "ucea_radiation_kwh_year": 334840.0699999992,
        "workflow0_radiation_kwh_year": 380917.5299999994,
        "validation_area_m2": 222.59726119937847,
        "ucea_roofs_top_m2": 229.1,
        "err_ucea_minus_validation_kwh_year": 246640.74831250083,
        "err_ucea_abs_kwh_year": 246640.74831250083,
        "err_ucea_pct_of_validation": 42.41597324366956,
        "err_ucea_area_minus_validation_m2": 6.502738800621529,
        "err_ucea_area_pct_of_validation": 2.9213022503439885,
        "err_workflow0_minus_validation_kwh_year": 200563.28831250063,
        "err_workflow0_abs_kwh_year": 200563.28831250063,
        "err_workflow0_pct_of_validation": 34.49181503433768
      },
      "geometry": {
        "type": "Polygon",
        "coordinates": [
          [
            [
              -9.1365266,
              38.7276153
            ],
            [
              -9.1365252,
              38.727536400000005
            ],
            [
              -9.1364925,
              38.7275368
            ],
            [
              -9.1364919,
              38.7275015
            ],
            [
              -9.1365421,
              38.727501
            ],
            [
              -9.1367161,
              38.7274992
            ],
            [
              -9.1367191,
              38.727613399999996
            ],
            [
              -9.1365266,
              38.7276153
            ]
          ]
        ]
      }
    },
    {
      "type": "Feature",
      "properties": {
        "area_id": "Alameda_Arro",
        "osm_uid": "cea/251",
        "osmid": "251",
        "element_type": "cea_zone",
        "building": "yes",
        "cea_name": "B1251",
        "intersection_area_m2": 204.01394452020568,
        "is_residential": true,
        "residential_source": "cea",
        "radiation_sum_kwh_year": 409655.479703125,
        "radiation_sum": 409655.479703125,
        "radiation_point_count": 334.0,
        "use_type1": "MULTI_RES",
        "use_type2": "NONE",
        "use_type3": "NONE",
        "resi_type": null,
        "comparison_status": "matched",
        "validation_radiation_kwh_year": 409655.479703125,
        "ucea_radiation_kwh_year": 248515.97000000015,
        "workflow0_radiation_kwh_year": 250270.97999999992,
        "validation_area_m2": 204.01394452020568,
        "ucea_roofs_top_m2": 206.35,
        "err_ucea_minus_validation_kwh_year": 161139.50970312487,
        "err_ucea_abs_kwh_year": 161139.50970312487,
        "err_ucea_pct_of_validation": 39.33537269412379,
        "err_ucea_area_minus_validation_m2": 2.336055479794311,
        "err_ucea_area_pct_of_validation": 1.1450469649455488,
        "err_workflow0_minus_validation_kwh_year": 159384.4997031251,
        "err_workflow0_abs_kwh_year": 159384.4997031251,
        "err_workflow0_pct_of_validation": 38.90696148349587
      },
      "geometry": {
        "type": "Polygon",
        "coordinates": [
          [
            [
              -9.137283,
              38.72978139999999
            ],
            [
              -9.137467,
              38.7297787
            ],
            [
              -9.13747,
              38.7298935
            ],
            [
              -9.1372858,
              38.72989629999999
            ],
            [
              -9.137283,
              38.72978139999999
            ]
          ]
        ]
      }
    },
    {
      "type": "Feature",
      "properties": {
        "area_id": "Alameda_Arro",
        "osm_uid": "cea/252",
        "osmid": "252",
        "element_type": "cea_zone",
        "building": "yes",
        "cea_name": "B1252",
        "intersection_area_m2": 136.00586276416064,
        "is_residential": true,
        "residential_source": "cea",
        "radiation_sum_kwh_year": 321261.5138125,
        "radiation_sum": 321261.5138125,
        "radiation_point_count": 227.0,
        "use_type1": "MULTI_RES",
        "use_type2": "NONE",
        "use_type3": "NONE",
        "resi_type": null,
        "comparison_status": "matched",
        "validation_radiation_kwh_year": 321261.5138125,
        "ucea_radiation_kwh_year": 216180.75999999983,
        "workflow0_radiation_kwh_year": 217291.68999999904,
        "validation_area_m2": 136.00586276416064,
        "ucea_roofs_top_m2": 138.09,
        "err_ucea_minus_validation_kwh_year": 105080.75381250016,
        "err_ucea_abs_kwh_year": 105080.75381250016,
        "err_ucea_pct_of_validation": 32.7087899715959,
        "err_ucea_area_minus_validation_m2": 2.084137235839364,
        "err_ucea_area_pct_of_validation": 1.532387790850853,
        "err_workflow0_minus_validation_kwh_year": 103969.82381250095,
        "err_workflow0_abs_kwh_year": 103969.82381250095,
        "err_workflow0_pct_of_validation": 32.3629875793904
      },
      "geometry": {
        "type": "Polygon",
        "coordinates": [
          [
            [
              -9.1362466,
              38.72891979999999
            ],
            [
              -9.1362543,
              38.72879580000001
            ],
            [
              -9.136367700000001,
              38.728800099999994
            ],
            [
              -9.1363601,
              38.72892409999999
            ],
            [
              -9.1362466,
              38.72891979999999
            ]
          ]
        ]
      }
    },
    {
      "type": "Feature",
      "properties": {
        "area_id": "Alameda_Arro",
        "osm_uid": "cea/253",
        "osmid": "253",
        "element_type": "cea_zone",
        "building": "yes",
        "cea_name": "B1253",
        "intersection_area_m2": 165.61162929885379,
        "is_residential": true,
        "residential_source": "cea",
        "radiation_sum_kwh_year": 306360.470484375,
        "radiation_sum": 306360.470484375,
        "radiation_point_count": 275.0,
        "use_type1": "MULTI_RES",
        "use_type2": "NONE",
        "use_type3": "NONE",
        "resi_type": null,
        "comparison_status": "matched",
        "validation_radiation_kwh_year": 306360.470484375,
        "ucea_radiation_kwh_year": 252889.63000000038,
        "workflow0_radiation_kwh_year": 266063.62,
        "validation_area_m2": 165.61162929885379,
        "ucea_roofs_top_m2": 167.83,
        "err_ucea_minus_validation_kwh_year": 53470.84048437464,
        "err_ucea_abs_kwh_year": 53470.84048437464,
        "err_ucea_pct_of_validation": 17.453570429577255,
        "err_ucea_area_minus_validation_m2": 2.2183707011462275,
        "err_ucea_area_pct_of_validation": 1.3395017671996186,
        "err_workflow0_minus_validation_kwh_year": 40296.85048437503,
        "err_workflow0_abs_kwh_year": 40296.85048437503,
        "err_workflow0_pct_of_validation": 13.153410562617035
      },
      "geometry": {
        "type": "Polygon",
        "coordinates": [
          [
            [
              -9.1374626,
              38.72961380000002
            ],
            [
              -9.1373053,
              38.729616099999994
            ],
            [
              -9.1373026,
              38.729507
            ],
            [
              -9.1374598,
              38.72950459999999
            ],
            [
              -9.1374626,
              38.72961380000002
            ]
          ]
        ]
      }
    },
    {
      "type": "Feature",
      "properties": {
        "area_id": "Alameda_Arro",
        "osm_uid": "cea/254",
        "osmid": "254",
        "element_type": "cea_zone",
        "building": "yes",
        "cea_name": "B1254",
        "intersection_area_m2": 106.37305617337178,
        "is_residential": true,
        "residential_source": "cea",
        "radiation_sum_kwh_year": 201633.39800000002,
        "radiation_sum": 201633.39800000002,
        "radiation_point_count": 165.0,
        "use_type1": "MULTI_RES",
        "use_type2": "NONE",
        "use_type3": "NONE",
        "resi_type": null,
        "comparison_status": "matched",
        "validation_radiation_kwh_year": 201633.39800000002,
        "ucea_radiation_kwh_year": 184247.04999999973,
        "workflow0_radiation_kwh_year": 183065.50000000044,
        "validation_area_m2": 106.37305617337178,
        "ucea_roofs_top_m2": 109.1,
        "err_ucea_minus_validation_kwh_year": 17386.34800000029,
        "err_ucea_abs_kwh_year": 17386.34800000029,
        "err_ucea_pct_of_validation": 8.622752070071392,
        "err_ucea_area_minus_validation_m2": 2.726943826628215,
        "err_ucea_area_pct_of_validation": 2.5635663059108826,
        "err_workflow0_minus_validation_kwh_year": 18567.89799999958,
        "err_workflow0_abs_kwh_year": 18567.89799999958,
        "err_workflow0_pct_of_validation": 9.20874130187479
      },
      "geometry": {
        "type": "Polygon",
        "coordinates": [
          [
            [
              -9.1367875,
              38.730219600000005
            ],
            [
              -9.1366567,
              38.73020799999999
            ],
            [
              -9.1366569,
              38.73012939999999
            ],
            [
              -9.1367851,
              38.73012779999999
            ],
            [
              -9.1367868,
              38.73019219999998
            ],
            [
              -9.1367875,
              38.730219600000005
            ]
          ]
        ]
      }
    },
    {
      "type": "Feature",
      "properties": {
        "area_id": "Alameda_Arro",
        "osm_uid": "cea/255",
        "osmid": "255",
        "element_type": "cea_zone",
        "building": "yes",
        "cea_name": "B1255",
        "intersection_area_m2": 210.24893079581256,
        "is_residential": true,
        "residential_source": "cea",
        "radiation_sum_kwh_year": 445134.034,
        "radiation_sum": 445134.034,
        "radiation_point_count": 348.0,
        "use_type1": "MULTI_RES",
        "use_type2": "NONE",
        "use_type3": "NONE",
        "resi_type": null,
        "comparison_status": "matched",
        "validation_radiation_kwh_year": 445134.034,
        "ucea_radiation_kwh_year": 261067.99999999994,
        "workflow0_radiation_kwh_year": 260639.53000000003,
        "validation_area_m2": 210.24893079581256,
        "ucea_roofs_top_m2": 215.43,
        "err_ucea_minus_validation_kwh_year": 184066.03400000004,
        "err_ucea_abs_kwh_year": 184066.03400000004,
        "err_ucea_pct_of_validation": 41.35069887736332,
        "err_ucea_area_minus_validation_m2": 5.181069204187452,
        "err_ucea_area_pct_of_validation": 2.4642547215705704,
        "err_workflow0_minus_validation_kwh_year": 184494.50399999996,
        "err_workflow0_abs_kwh_year": 184494.50399999996,
        "err_workflow0_pct_of_validation": 41.4469552781938
      },
      "geometry": {
        "type": "Polygon",
        "coordinates": [
          [
            [
              -9.1364177,
              38.727994
            ],
            [
              -9.1364058,
              38.7281856
            ],
            [
              -9.1362923,
              38.72818130000001
            ],
            [
              -9.1363042,
              38.7279897
            ],
            [
              -9.1364177,
              38.727994
            ]
          ]
        ]
      }
    },
    {
      "type": "Feature",
      "properties": {
        "area_id": "Alameda_Arro",
        "osm_uid": "cea/256",
        "osmid": "256",
        "element_type": "cea_zone",
        "building": "yes",
        "cea_name": "B1256",
        "intersection_area_m2": 130.71936428690498,
        "is_residential": true,
        "residential_source": "cea",
        "radiation_sum_kwh_year": 245533.55975000001,
        "radiation_sum": 245533.55975000001,
        "radiation_point_count": 220.0,
        "use_type1": "MULTI_RES",
        "use_type2": "NONE",
        "use_type3": "NONE",
        "resi_type": null,
        "comparison_status": "matched",
        "validation_radiation_kwh_year": 245533.55975000001,
        "ucea_radiation_kwh_year": 205246.97000000055,
        "workflow0_radiation_kwh_year": 216726.53000000093,
        "validation_area_m2": 130.71936428690498,
        "ucea_roofs_top_m2": 130.87,
        "err_ucea_minus_validation_kwh_year": 40286.58974999946,
        "err_ucea_abs_kwh_year": 40286.58974999946,
        "err_ucea_pct_of_validation": 16.40777325552519,
        "err_ucea_area_minus_validation_m2": 0.15063571309502777,
        "err_ucea_area_pct_of_validation": 0.11523595904613648,
        "err_workflow0_minus_validation_kwh_year": 28807.029749999085,
        "err_workflow0_abs_kwh_year": 28807.029749999085,
        "err_workflow0_pct_of_validation": 11.732420520978938
      },
      "geometry": {
        "type": "Polygon",
        "coordinates": [
          [
            [
              -9.1367554,
              38.72899550000001
            ],
            [
              -9.1367567,
              38.729046399999994
            ],
            [
              -9.1367573,
              38.729067799999996
            ],
            [
              -9.1365717,
              38.7290319
            ],
            [
              -9.1365492,
              38.729027699999996
            ],
            [
              -9.1365671,
              38.728965900000006
            ],
            [
              -9.1367554,
              38.72899550000001
            ]
          ]
        ]
      }
    },
    {
      "type": "Feature",
      "properties": {
        "area_id": "Alameda_Arro",
        "osm_uid": "cea/257",
        "osmid": "257",
        "element_type": "cea_zone",
        "building": "yes",
        "cea_name": "B1257",
        "intersection_area_m2": 164.31980222336261,
        "is_residential": true,
        "residential_source": "cea",
        "radiation_sum_kwh_year": 344238.11509375,
        "radiation_sum": 344238.11509375,
        "radiation_point_count": 266.0,
        "use_type1": "MULTI_RES",
        "use_type2": "NONE",
        "use_type3": "NONE",
        "resi_type": null,
        "comparison_status": "matched",
        "validation_radiation_kwh_year": 344238.11509375,
        "ucea_radiation_kwh_year": 285074.69999999925,
        "workflow0_radiation_kwh_year": 283791.5999999994,
        "validation_area_m2": 164.31980222336261,
        "ucea_roofs_top_m2": 166.91,
        "err_ucea_minus_validation_kwh_year": 59163.41509375075,
        "err_ucea_abs_kwh_year": 59163.41509375075,
        "err_ucea_pct_of_validation": 17.186770581066583,
        "err_ucea_area_minus_validation_m2": 2.590197776637382,
        "err_ucea_area_pct_of_validation": 1.5763150524709633,
        "err_workflow0_minus_validation_kwh_year": 60446.51509375061,
        "err_workflow0_abs_kwh_year": 60446.51509375061,
        "err_workflow0_pct_of_validation": 17.559506760978103
      },
      "geometry": {
        "type": "Polygon",
        "coordinates": [
          [
            [
              -9.1374189,
              38.7279495
            ],
            [
              -9.1374215,
              38.72804889999998
            ],
            [
              -9.1372501,
              38.7280517
            ],
            [
              -9.1372475,
              38.7279524
            ],
            [
              -9.1374189,
              38.7279495
            ]
          ]
        ]
      }
    },
    {
      "type": "Feature",
      "properties": {
        "area_id": "Alameda_Arro",
        "osm_uid": "cea/258",
        "osmid": "258",
        "element_type": "cea_zone",
        "building": "yes",
        "cea_name": "B1258",
        "intersection_area_m2": 135.3479336390224,
        "is_residential": true,
        "residential_source": "cea",
        "radiation_sum_kwh_year": 316450.116,
        "radiation_sum": 316450.116,
        "radiation_point_count": 223.0,
        "use_type1": "MULTI_RES",
        "use_type2": "NONE",
        "use_type3": "NONE",
        "resi_type": null,
        "comparison_status": "matched",
        "validation_radiation_kwh_year": 316450.116,
        "ucea_radiation_kwh_year": 226143.66000000123,
        "workflow0_radiation_kwh_year": 221680.8199999994,
        "validation_area_m2": 135.3479336390224,
        "ucea_roofs_top_m2": 139.32,
        "err_ucea_minus_validation_kwh_year": 90306.45599999875,
        "err_ucea_abs_kwh_year": 90306.45599999875,
        "err_ucea_pct_of_validation": 28.537343307530584,
        "err_ucea_area_minus_validation_m2": 3.972066360977607,
        "err_ucea_area_pct_of_validation": 2.934707796552879,
        "err_workflow0_minus_validation_kwh_year": 94769.29600000058,
        "err_workflow0_abs_kwh_year": 94769.29600000058,
        "err_workflow0_pct_of_validation": 29.947625615659625
      },
      "geometry": {
        "type": "Polygon",
        "coordinates": [
          [
            [
              -9.1366067,
              38.72736169999999
            ],
            [
              -9.1366044,
              38.7272283
            ],
            [
              -9.136709,
              38.72722720000001
            ],
            [
              -9.1367097,
              38.7272553
            ],
            [
              -9.1367104,
              38.72728219999999
            ],
            [
              -9.1367111,
              38.727309
            ],
            [
              -9.1367118,
              38.727335800000006
            ],
            [
              -9.1367125,
              38.72736059999998
            ],
            [
              -9.1366067,
              38.72736169999999
            ]
          ]
        ]
      }
    },
    {
      "type": "Feature",
      "properties": {
        "area_id": "Alameda_Arro",
        "osm_uid": "cea/259",
        "osmid": "259",
        "element_type": "cea_zone",
        "building": "yes",
        "cea_name": "B1259",
        "intersection_area_m2": 191.48479695305667,
        "is_residential": true,
        "residential_source": "cea",
        "radiation_sum_kwh_year": 456898.3604375,
        "radiation_sum": 456898.3604375,
        "radiation_point_count": 320.0,
        "use_type1": "MULTI_RES",
        "use_type2": "NONE",
        "use_type3": "NONE",
        "resi_type": null,
        "comparison_status": "matched",
        "validation_radiation_kwh_year": 456898.3604375,
        "ucea_radiation_kwh_year": 330304.3499999985,
        "workflow0_radiation_kwh_year": 329019.66000000003,
        "validation_area_m2": 191.48479695305667,
        "ucea_roofs_top_m2": 197.08,
        "err_ucea_minus_validation_kwh_year": 126594.01043750148,
        "err_ucea_abs_kwh_year": 126594.01043750148,
        "err_ucea_pct_of_validation": 27.70725863762834,
        "err_ucea_area_minus_validation_m2": 5.59520304694334,
        "err_ucea_area_pct_of_validation": 2.922009024202077,
        "err_workflow0_minus_validation_kwh_year": 127878.70043749997,
        "err_workflow0_abs_kwh_year": 127878.70043749997,
        "err_workflow0_pct_of_validation": 27.988434958499425
      },
      "geometry": {
        "type": "Polygon",
        "coordinates": [
          [
            [
              -9.1374765,
              38.7301408
            ],
            [
              -9.1373674,
              38.7301425
            ],
            [
              -9.1373629,
              38.72996030000001
            ],
            [
              -9.137471700000003,
              38.7299587
            ],
            [
              -9.1374765,
              38.7301408
            ]
          ]
        ]
      }
    },
    {
      "type": "Feature",
      "properties": {
        "area_id": "Alameda_Arro",
        "osm_uid": "cea/260",
        "osmid": "260",
        "element_type": "cea_zone",
        "building": "yes",
        "cea_name": "B1260",
        "intersection_area_m2": 109.39633562142757,
        "is_residential": true,
        "residential_source": "cea",
        "radiation_sum_kwh_year": 191960.28029687502,
        "radiation_sum": 191960.28029687502,
        "radiation_point_count": 178.0,
        "use_type1": "MULTI_RES",
        "use_type2": "NONE",
        "use_type3": "NONE",
        "resi_type": null,
        "comparison_status": "matched",
        "validation_radiation_kwh_year": 191960.28029687502,
        "ucea_radiation_kwh_year": 179377.4400000006,
        "workflow0_radiation_kwh_year": 180977.77000000025,
        "validation_area_m2": 109.39633562142757,
        "ucea_roofs_top_m2": 109.4,
        "err_ucea_minus_validation_kwh_year": 12582.840296874405,
        "err_ucea_abs_kwh_year": 12582.840296874405,
        "err_ucea_pct_of_validation": 6.554918693291388,
        "err_ucea_area_minus_validation_m2": 0.003664378572437954,
        "err_ucea_area_pct_of_validation": 0.0033496355719982713,
        "err_workflow0_minus_validation_kwh_year": 10982.510296874767,
        "err_workflow0_abs_kwh_year": 10982.510296874767,
        "err_workflow0_pct_of_validation": 5.721241019178463
      },
      "geometry": {
        "type": "Polygon",
        "coordinates": [
          [
            [
              -9.1367523,
              38.728875699999996
            ],
            [
              -9.1366049,
              38.728849700000005
            ],
            [
              -9.136604,
              38.728786899999996
            ],
            [
              -9.1367498,
              38.72878349999999
            ],
            [
              -9.1367508,
              38.72882069999999
            ],
            [
              -9.1367513,
              38.728839
            ],
            [
              -9.1367518,
              38.7288574
            ],
            [
              -9.1367523,
              38.728875699999996
            ]
          ]
        ]
      }
    },
    {
      "type": "Feature",
      "properties": {
        "area_id": "Alameda_Arro",
        "osm_uid": "cea/261",
        "osmid": "261",
        "element_type": "cea_zone",
        "building": "yes",
        "cea_name": "B1261",
        "intersection_area_m2": 122.9783891800405,
        "is_residential": true,
        "residential_source": "cea",
        "radiation_sum_kwh_year": 291608.6739375,
        "radiation_sum": 291608.6739375,
        "radiation_point_count": 195.0,
        "use_type1": "MULTI_RES",
        "use_type2": "NONE",
        "use_type3": "NONE",
        "resi_type": null,
        "comparison_status": "matched",
        "validation_radiation_kwh_year": 291608.6739375,
        "ucea_radiation_kwh_year": 212955.0499999995,
        "workflow0_radiation_kwh_year": 211486.92000000013,
        "validation_area_m2": 122.9783891800405,
        "ucea_roofs_top_m2": 122.98,
        "err_ucea_minus_validation_kwh_year": 78653.6239375005,
        "err_ucea_abs_kwh_year": 78653.6239375005,
        "err_ucea_pct_of_validation": 26.972319744630845,
        "err_ucea_area_minus_validation_m2": 0.001610819959509513,
        "err_ucea_area_pct_of_validation": 0.001309839859059522,
        "err_workflow0_minus_validation_kwh_year": 80121.75393749986,
        "err_workflow0_abs_kwh_year": 80121.75393749986,
        "err_workflow0_pct_of_validation": 27.475778705633502
      },
      "geometry": {
        "type": "Polygon",
        "coordinates": [
          [
            [
              -9.1369509,
              38.7276684
            ],
            [
              -9.13695,
              38.72763260000001
            ],
            [
              -9.136949,
              38.72759670000001
            ],
            [
              -9.1369481,
              38.7275609
            ],
            [
              -9.1370666,
              38.7275589
            ],
            [
              -9.1370695,
              38.7276664
            ],
            [
              -9.1369509,
              38.7276684
            ]
          ]
        ]
      }
    },
    {
      "type": "Feature",
      "properties": {
        "area_id": "Alameda_Arro",
        "osm_uid": "cea/262",
        "osmid": "262",
        "element_type": "cea_zone",
        "building": "yes",
        "cea_name": "B1262",
        "intersection_area_m2": 154.6631107822222,
        "is_residential": true,
        "residential_source": "cea",
        "radiation_sum_kwh_year": 310911.37003125,
        "radiation_sum": 310911.37003125,
        "radiation_point_count": 258.0,
        "use_type1": "MULTI_RES",
        "use_type2": "NONE",
        "use_type3": "NONE",
        "resi_type": null,
        "comparison_status": "matched",
        "validation_radiation_kwh_year": 310911.37003125,
        "ucea_radiation_kwh_year": 207413.06999999992,
        "workflow0_radiation_kwh_year": 216261.57999999996,
        "validation_area_m2": 154.6631107822222,
        "ucea_roofs_top_m2": 156.68,
        "err_ucea_minus_validation_kwh_year": 103498.30003125008,
        "err_ucea_abs_kwh_year": 103498.30003125008,
        "err_ucea_pct_of_validation": 33.288682887617576,
        "err_ucea_area_minus_validation_m2": 2.016889217777816,
        "err_ucea_area_pct_of_validation": 1.3040531821565096,
        "err_workflow0_minus_validation_kwh_year": 94649.79003125004,
        "err_workflow0_abs_kwh_year": 94649.79003125004,
        "err_workflow0_pct_of_validation": 30.4426917618795
      },
      "geometry": {
        "type": "Polygon",
        "coordinates": [
          [
            [
              -9.1373058,
              38.7292885
            ],
            [
              -9.137454,
              38.72928629999999
            ],
            [
              -9.1374569,
              38.729394400000004
            ],
            [
              -9.1373084,
              38.7293965
            ],
            [
              -9.1373058,
              38.7292885
            ]
          ]
        ]
      }
    },
    {
      "type": "Feature",
      "properties": {
        "area_id": "Alameda_Arro",
        "osm_uid": "cea/263",
        "osmid": "263",
        "element_type": "cea_zone",
        "building": "yes",
        "cea_name": "B1263",
        "intersection_area_m2": 158.90930707712647,
        "is_residential": true,
        "residential_source": "cea",
        "radiation_sum_kwh_year": 212758.109859375,
        "radiation_sum": 212758.109859375,
        "radiation_point_count": 266.0,
        "use_type1": "MULTI_RES",
        "use_type2": "NONE",
        "use_type3": "NONE",
        "resi_type": null,
        "comparison_status": "matched",
        "validation_radiation_kwh_year": 212758.109859375,
        "ucea_radiation_kwh_year": 275295.4599999994,
        "workflow0_radiation_kwh_year": 273471.6800000007,
        "validation_area_m2": 158.90930707712647,
        "ucea_roofs_top_m2": 161.59,
        "err_ucea_minus_validation_kwh_year": 62537.35014062439,
        "err_ucea_abs_kwh_year": 62537.35014062439,
        "err_ucea_pct_of_validation": 29.393638711097402,
        "err_ucea_area_minus_validation_m2": 2.680692922873533,
        "err_ucea_area_pct_of_validation": 1.6869326109215623,
        "err_workflow0_minus_validation_kwh_year": 60713.5701406257,
        "err_workflow0_abs_kwh_year": 60713.5701406257,
        "err_workflow0_pct_of_validation": 28.53643049412079
      },
      "geometry": {
        "type": "Polygon",
        "coordinates": [
          [
            [
              -9.1374164,
              38.72785349999998
            ],
            [
              -9.1374189,
              38.7279495
            ],
            [
              -9.1372475,
              38.7279524
            ],
            [
              -9.1372449,
              38.72785629999999
            ],
            [
              -9.1374164,
              38.72785349999998
            ]
          ]
        ]
      }
    },
    {
      "type": "Feature",
      "properties": {
        "area_id": "Alameda_Arro",
        "osm_uid": "cea/264",
        "osmid": "264",
        "element_type": "cea_zone",
        "building": "yes",
        "cea_name": "B1264",
        "intersection_area_m2": 114.7672344312897,
        "is_residential": true,
        "residential_source": "cea",
        "radiation_sum_kwh_year": 219901.1335625,
        "radiation_sum": 219901.1335625,
        "radiation_point_count": 185.0,
        "use_type1": "MULTI_RES",
        "use_type2": "NONE",
        "use_type3": "NONE",
        "resi_type": null,
        "comparison_status": "matched",
        "validation_radiation_kwh_year": 219901.1335625,
        "ucea_radiation_kwh_year": 200197.47999999995,
        "workflow0_radiation_kwh_year": 199210.97000000047,
        "validation_area_m2": 114.7672344312897,
        "ucea_roofs_top_m2": 116.18,
        "err_ucea_minus_validation_kwh_year": 19703.653562500054,
        "err_ucea_abs_kwh_year": 19703.653562500054,
        "err_ucea_pct_of_validation": 8.960232829768431,
        "err_ucea_area_minus_validation_m2": 1.412765568710313,
        "err_ucea_area_pct_of_validation": 1.2309833688256429,
        "err_workflow0_minus_validation_kwh_year": 20690.16356249954,
        "err_workflow0_abs_kwh_year": 20690.16356249954,
        "err_workflow0_pct_of_validation": 9.408848070634892
      },
      "geometry": {
        "type": "Polygon",
        "coordinates": [
          [
            [
              -9.1366878,
              38.73063799999999
            ],
            [
              -9.1367985,
              38.7306361
            ],
            [
              -9.1367989,
              38.73065059999999
            ],
            [
              -9.1368007,
              38.7307229
            ],
            [
              -9.1368013,
              38.7307437
            ],
            [
              -9.1366909,
              38.7307456
            ],
            [
              -9.1366878,
              38.73063799999999
            ]
          ]
        ]
      }
    },
    {
      "type": "Feature",
      "properties": {
        "area_id": "Alameda_Arro",
        "osm_uid": "cea/265",
        "osmid": "265",
        "element_type": "cea_zone",
        "building": "yes",
        "cea_name": "B1265",
        "intersection_area_m2": 238.84533072938018,
        "is_residential": true,
        "residential_source": "cea",
        "radiation_sum_kwh_year": 501028.086375,
        "radiation_sum": 501028.086375,
        "radiation_point_count": 387.0,
        "use_type1": "MULTI_RES",
        "use_type2": "NONE",
        "use_type3": "NONE",
        "resi_type": null,
        "comparison_status": "matched",
        "validation_radiation_kwh_year": 501028.086375,
        "ucea_radiation_kwh_year": 417802.5100000008,
        "workflow0_radiation_kwh_year": 415744.5300000005,
        "validation_area_m2": 238.84533072938018,
        "ucea_roofs_top_m2": 248.63,
        "err_ucea_minus_validation_kwh_year": 83225.57637499919,
        "err_ucea_abs_kwh_year": 83225.57637499919,
        "err_ucea_pct_of_validation": 16.61096027113899,
        "err_ucea_area_minus_validation_m2": 9.784669270619816,
        "err_ucea_area_pct_of_validation": 4.096655036437022,
        "err_workflow0_minus_validation_kwh_year": 85283.55637499952,
        "err_workflow0_abs_kwh_year": 85283.55637499952,
        "err_workflow0_pct_of_validation": 17.021711695253767
      },
      "geometry": {
        "type": "Polygon",
        "coordinates": [
          [
            [
              -9.1374503,
              38.72914229999999
            ],
            [
              -9.137454,
              38.72928629999999
            ],
            [
              -9.1373058,
              38.7292885
            ],
            [
              -9.1373052,
              38.729263599999996
            ],
            [
              -9.137276500000002,
              38.729264099999995
            ],
            [
              -9.1372735,
              38.729144899999994
            ],
            [
              -9.1374503,
              38.72914229999999
            ]
          ]
        ]
      }
    },
    {
      "type": "Feature",
      "properties": {
        "area_id": "Alameda_Arro",
        "osm_uid": "cea/266",
        "osmid": "266",
        "element_type": "cea_zone",
        "building": "yes",
        "cea_name": "B1266",
        "intersection_area_m2": 94.7479286547467,
        "is_residential": true,
        "residential_source": "cea",
        "radiation_sum_kwh_year": 189326.51959375,
        "radiation_sum": 189326.51959375,
        "radiation_point_count": 164.0,
        "use_type1": "MULTI_RES",
        "use_type2": "NONE",
        "use_type3": "NONE",
        "resi_type": null,
        "comparison_status": "matched",
        "validation_radiation_kwh_year": 189326.51959375,
        "ucea_radiation_kwh_year": 126401.82999999994,
        "workflow0_radiation_kwh_year": 126556.42999999993,
        "validation_area_m2": 94.7479286547467,
        "ucea_roofs_top_m2": 80.18,
        "err_ucea_minus_validation_kwh_year": 62924.68959375007,
        "err_ucea_abs_kwh_year": 62924.68959375007,
        "err_ucea_pct_of_validation": 33.236067365930346,
        "err_ucea_area_minus_validation_m2": 14.567928654746694,
        "err_ucea_area_pct_of_validation": 15.375458716180459,
        "err_workflow0_minus_validation_kwh_year": 62770.089593750075,
        "err_workflow0_abs_kwh_year": 62770.089593750075,
        "err_workflow0_pct_of_validation": 33.15440949764453
      },
      "geometry": {
        "type": "Polygon",
        "coordinates": [
          [
            [
              -9.136215200000002,
              38.730456600000004
            ],
            [
              -9.1362108,
              38.7304436
            ],
            [
              -9.1363611,
              38.7304395
            ],
            [
              -9.1364283,
              38.73043880000001
            ],
            [
              -9.1364304,
              38.7304866
            ],
            [
              -9.1362256,
              38.7304878
            ],
            [
              -9.136221,
              38.7304742
            ],
            [
              -9.136215200000002,
              38.730456600000004
            ]
          ]
        ]
      }
    },
    {
      "type": "Feature",
      "properties": {
        "area_id": "Alameda_Arro",
        "osm_uid": "cea/267",
        "osmid": "267",
        "element_type": "cea_zone",
        "building": "yes",
        "cea_name": "B1267",
        "intersection_area_m2": 203.34649703652957,
        "is_residential": true,
        "residential_source": "cea",
        "radiation_sum_kwh_year": 407608.81871875003,
        "radiation_sum": 407608.81871875003,
        "radiation_point_count": 335.0,
        "use_type1": "MULTI_RES",
        "use_type2": "NONE",
        "use_type3": "NONE",
        "resi_type": null,
        "comparison_status": "matched",
        "validation_radiation_kwh_year": 407608.81871875003,
        "ucea_radiation_kwh_year": 354300.2400000006,
        "workflow0_radiation_kwh_year": 350720.70999999857,
        "validation_area_m2": 203.34649703652957,
        "ucea_roofs_top_m2": 210.04,
        "err_ucea_minus_validation_kwh_year": 53308.57871874946,
        "err_ucea_abs_kwh_year": 53308.57871874946,
        "err_ucea_pct_of_validation": 13.07836736366893,
        "err_ucea_area_minus_validation_m2": 6.693502963470422,
        "err_ucea_area_pct_of_validation": 3.2916736019642316,
        "err_workflow0_minus_validation_kwh_year": 56888.108718751464,
        "err_workflow0_abs_kwh_year": 56888.108718751464,
        "err_workflow0_pct_of_validation": 13.956545125193731
      },
      "geometry": {
        "type": "Polygon",
        "coordinates": [
          [
            [
              -9.1374642,
              38.729673899999995
            ],
            [
              -9.137467,
              38.7297787
            ],
            [
              -9.137283,
              38.72978139999999
            ],
            [
              -9.137276,
              38.7296604
            ],
            [
              -9.1373087,
              38.72966169999999
            ],
            [
              -9.1374642,
              38.729673899999995
            ]
          ]
        ]
      }
    },
    {
      "type": "Feature",
      "properties": {
        "area_id": "Alameda_Arro",
        "osm_uid": "cea/268",
        "osmid": "268",
        "element_type": "cea_zone",
        "building": "yes",
        "cea_name": "B1268",
        "intersection_area_m2": 168.89439007986164,
        "is_residential": true,
        "residential_source": "cea",
        "radiation_sum_kwh_year": 341973.285625,
        "radiation_sum": 341973.285625,
        "radiation_point_count": 274.0,
        "use_type1": "MULTI_RES",
        "use_type2": "NONE",
        "use_type3": "NONE",
        "resi_type": null,
        "comparison_status": "matched",
        "validation_radiation_kwh_year": 341973.285625,
        "ucea_radiation_kwh_year": 293632.07000000007,
        "workflow0_radiation_kwh_year": 289652.9099999994,
        "validation_area_m2": 168.89439007986164,
        "ucea_roofs_top_m2": 174.84,
        "err_ucea_minus_validation_kwh_year": 48341.21562499995,
        "err_ucea_abs_kwh_year": 48341.21562499995,
        "err_ucea_pct_of_validation": 14.13596256112526,
        "err_ucea_area_minus_validation_m2": 5.9456099201383665,
        "err_ucea_area_pct_of_validation": 3.5203122598252006,
        "err_workflow0_minus_validation_kwh_year": 52320.375625000626,
        "err_workflow0_abs_kwh_year": 52320.375625000626,
        "err_workflow0_pct_of_validation": 15.299550527573647
      },
      "geometry": {
        "type": "Polygon",
        "coordinates": [
          [
            [
              -9.137276800000002,
              38.7281535
            ],
            [
              -9.1372529,
              38.728153799999994
            ],
            [
              -9.1372501,
              38.7280517
            ],
            [
              -9.1374215,
              38.72804889999998
            ],
            [
              -9.1374242,
              38.728151
            ],
            [
              -9.137276800000002,
              38.7281535
            ]
          ]
        ]
      }
    },
    {
      "type": "Feature",
      "properties": {
        "area_id": "Alameda_Arro",
        "osm_uid": "cea/269",
        "osmid": "269",
        "element_type": "cea_zone",
        "building": "yes",
        "cea_name": "B1269",
        "intersection_area_m2": 124.2503101509625,
        "is_residential": true,
        "residential_source": "cea",
        "radiation_sum_kwh_year": 315273.780625,
        "radiation_sum": 315273.780625,
        "radiation_point_count": 215.0,
        "use_type1": "MULTI_RES",
        "use_type2": "NONE",
        "use_type3": "NONE",
        "resi_type": null,
        "comparison_status": "matched",
        "validation_radiation_kwh_year": 315273.780625,
        "ucea_radiation_kwh_year": 212538.29000000068,
        "workflow0_radiation_kwh_year": 210501.48000000065,
        "validation_area_m2": 124.2503101509625,
        "ucea_roofs_top_m2": 129.38,
        "err_ucea_minus_validation_kwh_year": 102735.49062499934,
        "err_ucea_abs_kwh_year": 102735.49062499934,
        "err_ucea_pct_of_validation": 32.58611941067097,
        "err_ucea_area_minus_validation_m2": 5.12968984903749,
        "err_ucea_area_pct_of_validation": 4.128512711803282,
        "err_workflow0_minus_validation_kwh_year": 104772.30062499936,
        "err_workflow0_abs_kwh_year": 104772.30062499936,
        "err_workflow0_pct_of_validation": 33.23216425333509
      },
      "geometry": {
        "type": "Polygon",
        "coordinates": [
          [
            [
              -9.1369651,
              38.7282081
            ],
            [
              -9.1369646,
              38.72818949999999
            ],
            [
              -9.1371424,
              38.72818649999999
            ],
            [
              -9.1371431,
              38.728211800000004
            ],
            [
              -9.1371444,
              38.72825889999999
            ],
            [
              -9.1369665,
              38.7282619
            ],
            [
              -9.1369651,
              38.7282081
            ]
          ]
        ]
      }
    },
    {
      "type": "Feature",
      "properties": {
        "area_id": "Alameda_Arro",
        "osm_uid": "cea/270",
        "osmid": "270",
        "element_type": "cea_zone",
        "building": "yes",
        "cea_name": "B1270",
        "intersection_area_m2": 176.07376558938964,
        "is_residential": true,
        "residential_source": "cea",
        "radiation_sum_kwh_year": 349106.015625,
        "radiation_sum": 349106.015625,
        "radiation_point_count": 309.0,
        "use_type1": "MULTI_RES",
        "use_type2": "NONE",
        "use_type3": "NONE",
        "resi_type": null,
        "comparison_status": "matched",
        "validation_radiation_kwh_year": 349106.015625,
        "ucea_radiation_kwh_year": 252805.96999999927,
        "workflow0_radiation_kwh_year": 258691.96999999933,
        "validation_area_m2": 176.07376558938964,
        "ucea_roofs_top_m2": 177.73,
        "err_ucea_minus_validation_kwh_year": 96300.04562500073,
        "err_ucea_abs_kwh_year": 96300.04562500073,
        "err_ucea_pct_of_validation": 27.584756868940225,
        "err_ucea_area_minus_validation_m2": 1.6562344106103524,
        "err_ucea_area_pct_of_validation": 0.9406480318440799,
        "err_workflow0_minus_validation_kwh_year": 90414.04562500067,
        "err_workflow0_abs_kwh_year": 90414.04562500067,
        "err_workflow0_pct_of_validation": 25.89873607967871
      },
      "geometry": {
        "type": "Polygon",
        "coordinates": [
          [
            [
              -9.136654,
              38.72998659999999
            ],
            [
              -9.1367814,
              38.72998499999999
            ],
            [
              -9.1367851,
              38.73012779999999
            ],
            [
              -9.1366569,
              38.73012939999999
            ],
            [
              -9.136654,
              38.72998659999999
            ]
          ]
        ]
      }
    },
    {
      "type": "Feature",
      "properties": {
        "area_id": "Alameda_Arro",
        "osm_uid": "cea/271",
        "osmid": "271",
        "element_type": "cea_zone",
        "building": "yes",
        "cea_name": "B1271",
        "intersection_area_m2": 237.52585684573702,
        "is_residential": true,
        "residential_source": "cea",
        "radiation_sum_kwh_year": 471313.259453125,
        "radiation_sum": 471313.259453125,
        "radiation_point_count": 386.0,
        "use_type1": "MULTI_RES",
        "use_type2": "NONE",
        "use_type3": "NONE",
        "resi_type": null,
        "comparison_status": "matched",
        "validation_radiation_kwh_year": 471313.259453125,
        "ucea_radiation_kwh_year": 378102.7099999994,
        "workflow0_radiation_kwh_year": 377503.16000000073,
        "validation_area_m2": 237.52585684573702,
        "ucea_roofs_top_m2": 237.47,
        "err_ucea_minus_validation_kwh_year": 93210.54945312563,
        "err_ucea_abs_kwh_year": 93210.54945312563,
        "err_ucea_pct_of_validation": 19.776772153891837,
        "err_ucea_area_minus_validation_m2": 0.05585684573702565,
        "err_ucea_area_pct_of_validation": 0.023516111668340306,
        "err_workflow0_minus_validation_kwh_year": 93810.09945312428,
        "err_workflow0_abs_kwh_year": 93810.09945312428,
        "err_workflow0_pct_of_validation": 19.90398054193811
      },
      "geometry": {
        "type": "Polygon",
        "coordinates": [
          [
            [
              -9.136961,
              38.728050999999994
            ],
            [
              -9.1370798,
              38.728049000000006
            ],
            [
              -9.1371387,
              38.7280481
            ],
            [
              -9.1371424,
              38.72818649999999
            ],
            [
              -9.1369646,
              38.72818949999999
            ],
            [
              -9.1369637,
              38.728154899999986
            ],
            [
              -9.1369628,
              38.72812030000001
            ],
            [
              -9.1369619,
              38.728085599999986
            ],
            [
              -9.136961,
              38.728050999999994
            ]
          ]
        ]
      }
    },
    {
      "type": "Feature",
      "properties": {
        "area_id": "Alameda_Arro",
        "osm_uid": "cea/272",
        "osmid": "272",
        "element_type": "cea_zone",
        "building": "yes",
        "cea_name": "B1272",
        "intersection_area_m2": 206.61897936890034,
        "is_residential": true,
        "residential_source": "cea",
        "radiation_sum_kwh_year": 421709.448859375,
        "radiation_sum": 421709.448859375,
        "radiation_point_count": 334.0,
        "use_type1": "MULTI_RES",
        "use_type2": "NONE",
        "use_type3": "NONE",
        "resi_type": null,
        "comparison_status": "matched",
        "validation_radiation_kwh_year": 421709.448859375,
        "ucea_radiation_kwh_year": 277324.29000000126,
        "workflow0_radiation_kwh_year": 242961.4699999999,
        "validation_area_m2": 206.61897936890034,
        "ucea_roofs_top_m2": 210.4,
        "err_ucea_minus_validation_kwh_year": 144385.15885937377,
        "err_ucea_abs_kwh_year": 144385.15885937377,
        "err_ucea_pct_of_validation": 34.238065864993466,
        "err_ucea_area_minus_validation_m2": 3.781020631099665,
        "err_ucea_area_pct_of_validation": 1.8299483632377156,
        "err_workflow0_minus_validation_kwh_year": 178747.97885937511,
        "err_workflow0_abs_kwh_year": 178747.97885937511,
        "err_workflow0_pct_of_validation": 42.3865244999481
      },
      "geometry": {
        "type": "Polygon",
        "coordinates": [
          [
            [
              -9.1365773,
              38.729154699999995
            ],
            [
              -9.1365717,
              38.7290319
            ],
            [
              -9.1367573,
              38.729067799999996
            ],
            [
              -9.1367602,
              38.7291789
            ],
            [
              -9.1366316,
              38.7291619
            ],
            [
              -9.1365773,
              38.729154699999995
            ]
          ]
        ]
      }
    },
    {
      "type": "Feature",
      "properties": {
        "area_id": "Alameda_Arro",
        "osm_uid": "cea/273",
        "osmid": "273",
        "element_type": "cea_zone",
        "building": "yes",
        "cea_name": "B1273",
        "intersection_area_m2": 120.598981587919,
        "is_residential": true,
        "residential_source": "cea",
        "radiation_sum_kwh_year": 253235.5516875,
        "radiation_sum": 253235.5516875,
        "radiation_point_count": 192.0,
        "use_type1": "MULTI_RES",
        "use_type2": "NONE",
        "use_type3": "NONE",
        "resi_type": null,
        "comparison_status": "matched",
        "validation_radiation_kwh_year": 253235.5516875,
        "ucea_radiation_kwh_year": 211004.38000000044,
        "workflow0_radiation_kwh_year": 209004.86999999982,
        "validation_area_m2": 120.598981587919,
        "ucea_roofs_top_m2": 121.77,
        "err_ucea_minus_validation_kwh_year": 42231.17168749956,
        "err_ucea_abs_kwh_year": 42231.17168749956,
        "err_ucea_pct_of_validation": 16.67663620138694,
        "err_ucea_area_minus_validation_m2": 1.171018412080997,
        "err_ucea_area_pct_of_validation": 0.9710019078621339,
        "err_workflow0_minus_validation_kwh_year": 44230.68168750018,
        "err_workflow0_abs_kwh_year": 44230.68168750018,
        "err_workflow0_pct_of_validation": 17.46622122871678
      },
      "geometry": {
        "type": "Polygon",
        "coordinates": [
          [
            [
              -9.1367961,
              38.73054729999999
            ],
            [
              -9.1367969,
              38.73057649999999
            ],
            [
              -9.1367977,
              38.73060559999999
            ],
            [
              -9.1367985,
              38.7306361
            ],
            [
              -9.1366878,
              38.73063799999999
            ],
            [
              -9.1366851,
              38.7305337
            ],
            [
              -9.1367953,
              38.73051449999999
            ],
            [
              -9.1367961,
              38.73054729999999
            ]
          ]
        ]
      }
    },
    {
      "type": "Feature",
      "properties": {
        "area_id": "Alameda_Arro",
        "osm_uid": "cea/274",
        "osmid": "274",
        "element_type": "cea_zone",
        "building": "yes",
        "cea_name": "B1274",
        "intersection_area_m2": 231.80903405862514,
        "is_residential": true,
        "residential_source": "cea",
        "radiation_sum_kwh_year": 556658.805,
        "radiation_sum": 556658.805,
        "radiation_point_count": 373.0,
        "use_type1": "MULTI_RES",
        "use_type2": "NONE",
        "use_type3": "NONE",
        "resi_type": null,
        "comparison_status": "matched",
        "validation_radiation_kwh_year": 556658.805,
        "ucea_radiation_kwh_year": 351164.29999999935,
        "workflow0_radiation_kwh_year": 336825.7799999991,
        "validation_area_m2": 231.80903405862514,
        "ucea_roofs_top_m2": 242.29,
        "err_ucea_minus_validation_kwh_year": 205494.5050000007,
        "err_ucea_abs_kwh_year": 205494.5050000007,
        "err_ucea_pct_of_validation": 36.91570189031694,
        "err_ucea_area_minus_validation_m2": 10.480965941374848,
        "err_ucea_area_pct_of_validation": 4.52137941212601,
        "err_workflow0_minus_validation_kwh_year": 219833.02500000095,
        "err_workflow0_abs_kwh_year": 219833.02500000095,
        "err_workflow0_pct_of_validation": 39.491520303896195
      },
      "geometry": {
        "type": "Polygon",
        "coordinates": [
          [
            [
              -9.1367125,
              38.72736059999998
            ],
            [
              -9.136713,
              38.72737999999999
            ],
            [
              -9.136713500000003,
              38.7273975
            ],
            [
              -9.136713900000002,
              38.7274149
            ],
            [
              -9.1367144,
              38.72743239999999
            ],
            [
              -9.1367148,
              38.7274498
            ],
            [
              -9.1367153,
              38.72746719999999
            ],
            [
              -9.1367157,
              38.7274847
            ],
            [
              -9.1367161,
              38.7274992
            ],
            [
              -9.1365421,
              38.727501
            ],
            [
              -9.1365398,
              38.72736239999999
            ],
            [
              -9.1366067,
              38.72736169999999
            ],
            [
              -9.1367125,
              38.72736059999998
            ]
          ]
        ]
      }
    },
    {
      "type": "Feature",
      "properties": {
        "area_id": "Alameda_Arro",
        "osm_uid": "cea/275",
        "osmid": "275",
        "element_type": "cea_zone",
        "building": "yes",
        "cea_name": "B1275",
        "intersection_area_m2": 115.8289012656605,
        "is_residential": true,
        "residential_source": "cea",
        "radiation_sum_kwh_year": 249679.544296875,
        "radiation_sum": 249679.544296875,
        "radiation_point_count": 188.0,
        "use_type1": "MULTI_RES",
        "use_type2": "NONE",
        "use_type3": "NONE",
        "resi_type": null,
        "comparison_status": "matched",
        "validation_radiation_kwh_year": 249679.544296875,
        "ucea_radiation_kwh_year": 182343.38000000073,
        "workflow0_radiation_kwh_year": 182778.7399999998,
        "validation_area_m2": 115.8289012656605,
        "ucea_roofs_top_m2": 115.82,
        "err_ucea_minus_validation_kwh_year": 67336.16429687428,
        "err_ucea_abs_kwh_year": 67336.16429687428,
        "err_ucea_pct_of_validation": 26.96903524335576,
        "err_ucea_area_minus_validation_m2": 0.008901265660512081,
        "err_ucea_area_pct_of_validation": 0.007684839934807373,
        "err_workflow0_minus_validation_kwh_year": 66900.80429687523,
        "err_workflow0_abs_kwh_year": 66900.80429687523,
        "err_workflow0_pct_of_validation": 26.79466773510631
      },
      "geometry": {
        "type": "Polygon",
        "coordinates": [
          [
            [
              -9.1372874,
              38.72996140000001
            ],
            [
              -9.1372858,
              38.72989629999999
            ],
            [
              -9.13747,
              38.7298935
            ],
            [
              -9.137471700000003,
              38.7299587
            ],
            [
              -9.1373629,
              38.72996030000001
            ],
            [
              -9.1372874,
              38.72996140000001
            ]
          ]
        ]
      }
    },
    {
      "type": "Feature",
      "properties": {
        "area_id": "Alameda_Arro",
        "osm_uid": "cea/276",
        "osmid": "276",
        "element_type": "cea_zone",
        "building": "yes",
        "cea_name": "B1276",
        "intersection_area_m2": 169.3275950517997,
        "is_residential": true,
        "residential_source": "cea",
        "radiation_sum_kwh_year": 311859.1768125,
        "radiation_sum": 311859.1768125,
        "radiation_point_count": 272.0,
        "use_type1": "MULTI_RES",
        "use_type2": "NONE",
        "use_type3": "NONE",
        "resi_type": null,
        "comparison_status": "matched",
        "validation_radiation_kwh_year": 311859.1768125,
        "ucea_radiation_kwh_year": 276799.8000000006,
        "workflow0_radiation_kwh_year": 274355.48999999947,
        "validation_area_m2": 169.3275950517997,
        "ucea_roofs_top_m2": 173.83,
        "err_ucea_minus_validation_kwh_year": 35059.376812499366,
        "err_ucea_abs_kwh_year": 35059.376812499366,
        "err_ucea_pct_of_validation": 11.2420539202469,
        "err_ucea_area_minus_validation_m2": 4.502404948200308,
        "err_ucea_area_pct_of_validation": 2.6589906664787617,
        "err_workflow0_minus_validation_kwh_year": 37503.68681250053,
        "err_workflow0_abs_kwh_year": 37503.68681250053,
        "err_workflow0_pct_of_validation": 12.025840379566247
      },
      "geometry": {
        "type": "Polygon",
        "coordinates": [
          [
            [
              -9.1369684,
              38.7283359
            ],
            [
              -9.1369678,
              38.72831119999999
            ],
            [
              -9.1369671,
              38.72828659999999
            ],
            [
              -9.1369665,
              38.7282619
            ],
            [
              -9.1371444,
              38.72825889999999
            ],
            [
              -9.137147,
              38.72835760000001
            ],
            [
              -9.1370885,
              38.7283585
            ],
            [
              -9.1369691,
              38.72836049999999
            ],
            [
              -9.1369684,
              38.7283359
            ]
          ]
        ]
      }
    },
    {
      "type": "Feature",
      "properties": {
        "area_id": "Alameda_Arro",
        "osm_uid": "cea/277",
        "osmid": "277",
        "element_type": "cea_zone",
        "building": "yes",
        "cea_name": "B1277",
        "intersection_area_m2": 152.21016695320387,
        "is_residential": true,
        "residential_source": "cea",
        "radiation_sum_kwh_year": 341319.4343125,
        "radiation_sum": 341319.4343125,
        "radiation_point_count": 250.0,
        "use_type1": "MULTI_RES",
        "use_type2": "NONE",
        "use_type3": "NONE",
        "resi_type": null,
        "comparison_status": "matched",
        "validation_radiation_kwh_year": 341319.4343125,
        "ucea_radiation_kwh_year": 221413.1800000006,
        "workflow0_radiation_kwh_year": 221175.89000000112,
        "validation_area_m2": 152.21016695320387,
        "ucea_roofs_top_m2": 156.5,
        "err_ucea_minus_validation_kwh_year": 119906.2543124994,
        "err_ucea_abs_kwh_year": 119906.2543124994,
        "err_ucea_pct_of_validation": 35.13021593804632,
        "err_ucea_area_minus_validation_m2": 4.289833046796133,
        "err_ucea_area_pct_of_validation": 2.818361698607832,
        "err_workflow0_minus_validation_kwh_year": 120143.54431249888,
        "err_workflow0_abs_kwh_year": 120143.54431249888,
        "err_workflow0_pct_of_validation": 35.19973732362972
      },
      "geometry": {
        "type": "Polygon",
        "coordinates": [
          [
            [
              -9.137448,
              38.7290558
            ],
            [
              -9.1372714,
              38.7290584
            ],
            [
              -9.1372692,
              38.728969
            ],
            [
              -9.1373336,
              38.7289681
            ],
            [
              -9.1374456,
              38.728966400000004
            ],
            [
              -9.137448,
              38.7290558
            ]
          ]
        ]
      }
    },
    {
      "type": "Feature",
      "properties": {
        "area_id": "Alameda_Arro",
        "osm_uid": "cea/278",
        "osmid": "278",
        "element_type": "cea_zone",
        "building": "yes",
        "cea_name": "B1278",
        "intersection_area_m2": 174.9761184749166,
        "is_residential": true,
        "residential_source": "cea",
        "radiation_sum_kwh_year": 314476.98757812503,
        "radiation_sum": 314476.98757812503,
        "radiation_point_count": 288.0,
        "use_type1": "MULTI_RES",
        "use_type2": "NONE",
        "use_type3": "NONE",
        "resi_type": null,
        "comparison_status": "matched",
        "validation_radiation_kwh_year": 314476.98757812503,
        "ucea_radiation_kwh_year": 287314.6499999996,
        "workflow0_radiation_kwh_year": 292303.33,
        "validation_area_m2": 174.9761184749166,
        "ucea_roofs_top_m2": 175.86,
        "err_ucea_minus_validation_kwh_year": 27162.337578125414,
        "err_ucea_abs_kwh_year": 27162.337578125414,
        "err_ucea_pct_of_validation": 8.637305319956843,
        "err_ucea_area_minus_validation_m2": 0.8838815250834102,
        "err_ucea_area_pct_of_validation": 0.5051440921122716,
        "err_workflow0_minus_validation_kwh_year": 22173.657578125014,
        "err_workflow0_abs_kwh_year": 22173.657578125014,
        "err_workflow0_pct_of_validation": 7.050963489853593
      },
      "geometry": {
        "type": "Polygon",
        "coordinates": [
          [
            [
              -9.1364499,
              38.727493499999994
            ],
            [
              -9.1364045,
              38.72749180000001
            ],
            [
              -9.1364018,
              38.7275352
            ],
            [
              -9.1363325,
              38.727532599999996
            ],
            [
              -9.1363433,
              38.72735759999999
            ],
            [
              -9.136458,
              38.727362
            ],
            [
              -9.1364499,
              38.727493499999994
            ]
          ]
        ]
      }
    },
    {
      "type": "Feature",
      "properties": {
        "area_id": "Alameda_Arro",
        "osm_uid": "cea/279",
        "osmid": "279",
        "element_type": "cea_zone",
        "building": "yes",
        "cea_name": "B1279",
        "intersection_area_m2": 303.7709108319125,
        "is_residential": true,
        "residential_source": "cea",
        "radiation_sum_kwh_year": 693881.45184375,
        "radiation_sum": 693881.45184375,
        "radiation_point_count": 493.0,
        "use_type1": "MULTI_RES",
        "use_type2": "NONE",
        "use_type3": "NONE",
        "resi_type": null,
        "comparison_status": "matched",
        "validation_radiation_kwh_year": 693881.45184375,
        "ucea_radiation_kwh_year": 526450.669999999,
        "workflow0_radiation_kwh_year": 513822.3700000006,
        "validation_area_m2": 303.7709108319125,
        "ucea_roofs_top_m2": 320.96,
        "err_ucea_minus_validation_kwh_year": 167430.78184375097,
        "err_ucea_abs_kwh_year": 167430.78184375097,
        "err_ucea_pct_of_validation": 24.129594673392923,
        "err_ucea_area_minus_validation_m2": 17.18908916808749,
        "err_ucea_area_pct_of_validation": 5.658569848249505,
        "err_workflow0_minus_validation_kwh_year": 180059.0818437494,
        "err_workflow0_abs_kwh_year": 180059.0818437494,
        "err_workflow0_pct_of_validation": 25.949545324392897
      },
      "geometry": {
        "type": "Polygon",
        "coordinates": [
          [
            [
              -9.1363589,
              38.73016999999999
            ],
            [
              -9.136357,
              38.7303126
            ],
            [
              -9.136177,
              38.7303152
            ],
            [
              -9.1361714,
              38.7301255
            ],
            [
              -9.1362938,
              38.730130200000005
            ],
            [
              -9.1362933,
              38.73016919999999
            ],
            [
              -9.1363589,
              38.73016999999999
            ]
          ]
        ]
      }
    },
    {
      "type": "Feature",
      "properties": {
        "area_id": "Alameda_Arro",
        "osm_uid": "cea/280",
        "osmid": "280",
        "element_type": "cea_zone",
        "building": "yes",
        "cea_name": "B1280",
        "intersection_area_m2": 183.93060275383533,
        "is_residential": true,
        "residential_source": "cea",
        "radiation_sum_kwh_year": 336385.045328125,
        "radiation_sum": 336385.045328125,
        "radiation_point_count": 303.0,
        "use_type1": "MULTI_RES",
        "use_type2": "NONE",
        "use_type3": "NONE",
        "resi_type": null,
        "comparison_status": "matched",
        "validation_radiation_kwh_year": 336385.045328125,
        "ucea_radiation_kwh_year": 274985.66000000056,
        "workflow0_radiation_kwh_year": 268943.8599999993,
        "validation_area_m2": 183.93060275383533,
        "ucea_roofs_top_m2": 198.29,
        "err_ucea_minus_validation_kwh_year": 61399.38532812445,
        "err_ucea_abs_kwh_year": 61399.38532812445,
        "err_ucea_pct_of_validation": 18.25270956032922,
        "err_ucea_area_minus_validation_m2": 14.359397246164662,
        "err_ucea_area_pct_of_validation": 7.806964709066196,
        "err_workflow0_minus_validation_kwh_year": 67441.18532812572,
        "err_workflow0_abs_kwh_year": 67441.18532812572,
        "err_workflow0_pct_of_validation": 20.04880605270088
      },
      "geometry": {
        "type": "Polygon",
        "coordinates": [
          [
            [
              -9.1364442,
              38.727566199999984
            ],
            [
              -9.1364349,
              38.7277159
            ],
            [
              -9.1363214,
              38.7277116
            ],
            [
              -9.1363325,
              38.727532599999996
            ],
            [
              -9.1364018,
              38.7275352
            ],
            [
              -9.1364,
              38.7275645
            ],
            [
              -9.1364442,
              38.727566199999984
            ]
          ]
        ]
      }
    },
    {
      "type": "Feature",
      "properties": {
        "area_id": "Alameda_Arro",
        "osm_uid": "cea/281",
        "osmid": "281",
        "element_type": "cea_zone",
        "building": "yes",
        "cea_name": "B1281",
        "intersection_area_m2": 97.54234060293847,
        "is_residential": true,
        "residential_source": "cea",
        "radiation_sum_kwh_year": 201742.998375,
        "radiation_sum": 201742.998375,
        "radiation_point_count": 155.0,
        "use_type1": "MULTI_RES",
        "use_type2": "NONE",
        "use_type3": "NONE",
        "resi_type": null,
        "comparison_status": "matched",
        "validation_radiation_kwh_year": 201742.998375,
        "ucea_radiation_kwh_year": 149287.63999999984,
        "workflow0_radiation_kwh_year": 129466.71999999988,
        "validation_area_m2": 97.54234060293847,
        "ucea_roofs_top_m2": 100.66,
        "err_ucea_minus_validation_kwh_year": 52455.358375000156,
        "err_ucea_abs_kwh_year": 52455.358375000156,
        "err_ucea_pct_of_validation": 26.00107998667498,
        "err_ucea_area_minus_validation_m2": 3.11765939706153,
        "err_ucea_area_pct_of_validation": 3.1962113865531028,
        "err_workflow0_minus_validation_kwh_year": 72276.27837500011,
        "err_workflow0_abs_kwh_year": 72276.27837500011,
        "err_workflow0_pct_of_validation": 35.82591661528343
      },
      "geometry": {
        "type": "Polygon",
        "coordinates": [
          [
            [
              -9.136484,
              38.7305516
            ],
            [
              -9.13649,
              38.7305794
            ],
            [
              -9.1362546,
              38.730574999999995
            ],
            [
              -9.1362495,
              38.73055969999999
            ],
            [
              -9.1362445,
              38.73054450000001
            ],
            [
              -9.1362394,
              38.73052920000001
            ],
            [
              -9.136432100000002,
              38.730531
            ],
            [
              -9.136433,
              38.7305512
            ],
            [
              -9.136484,
              38.7305516
            ]
          ]
        ]
      }
    },
    {
      "type": "Feature",
      "properties": {
        "area_id": "Alameda_Arro",
        "osm_uid": "cea/282",
        "osmid": "282",
        "element_type": "cea_zone",
        "building": "yes",
        "cea_name": "B1282",
        "intersection_area_m2": 230.0780277883612,
        "is_residential": true,
        "residential_source": "cea",
        "radiation_sum_kwh_year": 427796.0973125,
        "radiation_sum": 427796.0973125,
        "radiation_point_count": 379.0,
        "use_type1": "MULTI_RES",
        "use_type2": "NONE",
        "use_type3": "NONE",
        "resi_type": null,
        "comparison_status": "matched",
        "validation_radiation_kwh_year": 427796.0973125,
        "ucea_radiation_kwh_year": 304796.9900000014,
        "workflow0_radiation_kwh_year": 300354.9299999995,
        "validation_area_m2": 230.0780277883612,
        "ucea_roofs_top_m2": 235.56,
        "err_ucea_minus_validation_kwh_year": 122999.10731249861,
        "err_ucea_abs_kwh_year": 122999.10731249861,
        "err_ucea_pct_of_validation": 28.75180678019351,
        "err_ucea_area_minus_validation_m2": 5.481972211638805,
        "err_ucea_area_pct_of_validation": 2.3826578593073795,
        "err_workflow0_minus_validation_kwh_year": 127441.16731250047,
        "err_workflow0_abs_kwh_year": 127441.16731250047,
        "err_workflow0_pct_of_validation": 29.790165948944182
      },
      "geometry": {
        "type": "Polygon",
        "coordinates": [
          [
            [
              -9.1367904,
              38.73032729999999
            ],
            [
              -9.1366043,
              38.73032990000001
            ],
            [
              -9.1366025,
              38.730311
            ],
            [
              -9.1365844,
              38.7303118
            ],
            [
              -9.136584200000001,
              38.73020040000001
            ],
            [
              -9.1366567,
              38.73020799999999
            ],
            [
              -9.1367875,
              38.730219600000005
            ],
            [
              -9.1367904,
              38.73032729999999
            ]
          ]
        ]
      }
    },
    {
      "type": "Feature",
      "properties": {
        "area_id": "Alameda_Arro",
        "osm_uid": "cea/283",
        "osmid": "283",
        "element_type": "cea_zone",
        "building": "yes",
        "cea_name": "B1283",
        "intersection_area_m2": 121.13586590012937,
        "is_residential": true,
        "residential_source": "cea",
        "radiation_sum_kwh_year": 297421.046625,
        "radiation_sum": 297421.046625,
        "radiation_point_count": 189.0,
        "use_type1": "MULTI_RES",
        "use_type2": "NONE",
        "use_type3": "NONE",
        "resi_type": null,
        "comparison_status": "matched",
        "validation_radiation_kwh_year": 297421.046625,
        "ucea_radiation_kwh_year": 193583.90999999997,
        "workflow0_radiation_kwh_year": 185917.15999999992,
        "validation_area_m2": 121.13586590012937,
        "ucea_roofs_top_m2": 125.39,
        "err_ucea_minus_validation_kwh_year": 103837.13662500004,
        "err_ucea_abs_kwh_year": 103837.13662500004,
        "err_ucea_pct_of_validation": 34.912504613677164,
        "err_ucea_area_minus_validation_m2": 4.254134099870626,
        "err_ucea_area_pct_of_validation": 3.5118699720014823,
        "err_workflow0_minus_validation_kwh_year": 111503.8866250001,
        "err_workflow0_abs_kwh_year": 111503.8866250001,
        "err_workflow0_pct_of_validation": 37.49024754310293
      },
      "geometry": {
        "type": "Polygon",
        "coordinates": [
          [
            [
              -9.1372194,
              38.7276662
            ],
            [
              -9.1372398,
              38.727665900000005
            ],
            [
              -9.1374114,
              38.727663099999994
            ],
            [
              -9.1374131,
              38.72772849999999
            ],
            [
              -9.1372415,
              38.7277313
            ],
            [
              -9.1372212,
              38.72773159999999
            ],
            [
              -9.1372194,
              38.7276662
            ]
          ]
        ]
      }
    },
    {
      "type": "Feature",
      "properties": {
        "area_id": "Alameda_Arro",
        "osm_uid": "cea/284",
        "osmid": "284",
        "element_type": "cea_zone",
        "building": "yes",
        "cea_name": "B1284",
        "intersection_area_m2": 168.20513465066105,
        "is_residential": true,
        "residential_source": "cea",
        "radiation_sum_kwh_year": 386187.326625,
        "radiation_sum": 386187.326625,
        "radiation_point_count": 273.0,
        "use_type1": "MULTI_RES",
        "use_type2": "NONE",
        "use_type3": "NONE",
        "resi_type": null,
        "comparison_status": "matched",
        "validation_radiation_kwh_year": 386187.326625,
        "ucea_radiation_kwh_year": 245421.78999999986,
        "workflow0_radiation_kwh_year": 230017.0500000003,
        "validation_area_m2": 168.20513465066105,
        "ucea_roofs_top_m2": 173.42,
        "err_ucea_minus_validation_kwh_year": 140765.53662500012,
        "err_ucea_abs_kwh_year": 140765.53662500012,
        "err_ucea_pct_of_validation": 36.450066307247795,
        "err_ucea_area_minus_validation_m2": 5.214865349338936,
        "err_ucea_area_pct_of_validation": 3.100300927298976,
        "err_workflow0_minus_validation_kwh_year": 156170.27662499968,
        "err_workflow0_abs_kwh_year": 156170.27662499968,
        "err_workflow0_pct_of_validation": 40.43899575623462
      },
      "geometry": {
        "type": "Polygon",
        "coordinates": [
          [
            [
              -9.1372906,
              38.72757489999999
            ],
            [
              -9.1372902,
              38.7275583
            ],
            [
              -9.1374086,
              38.7275564
            ],
            [
              -9.1374114,
              38.727663099999994
            ],
            [
              -9.1372398,
              38.727665900000005
            ],
            [
              -9.1372374,
              38.72757579999999
            ],
            [
              -9.1372906,
              38.72757489999999
            ]
          ]
        ]
      }
    },
    {
      "type": "Feature",
      "properties": {
        "area_id": "Alameda_Arro",
        "osm_uid": "cea/285",
        "osmid": "285",
        "element_type": "cea_zone",
        "building": "yes",
        "cea_name": "B1285",
        "intersection_area_m2": 187.57328712383227,
        "is_residential": true,
        "residential_source": "cea",
        "radiation_sum_kwh_year": 423142.4485,
        "radiation_sum": 423142.4485,
        "radiation_point_count": 311.0,
        "use_type1": "MULTI_RES",
        "use_type2": "NONE",
        "use_type3": "NONE",
        "resi_type": null,
        "comparison_status": "matched",
        "validation_radiation_kwh_year": 423142.4485,
        "ucea_radiation_kwh_year": 320978.6699999985,
        "workflow0_radiation_kwh_year": 311332.08999999985,
        "validation_area_m2": 187.57328712383227,
        "ucea_roofs_top_m2": 193.36,
        "err_ucea_minus_validation_kwh_year": 102163.77850000147,
        "err_ucea_abs_kwh_year": 102163.77850000147,
        "err_ucea_pct_of_validation": 24.14406280016633,
        "err_ucea_area_minus_validation_m2": 5.786712876167741,
        "err_ucea_area_pct_of_validation": 3.085041033773356,
        "err_workflow0_minus_validation_kwh_year": 111810.35850000015,
        "err_workflow0_abs_kwh_year": 111810.35850000015,
        "err_workflow0_pct_of_validation": 26.423810444061402
      },
      "geometry": {
        "type": "Polygon",
        "coordinates": [
          [
            [
              -9.1367953,
              38.73051449999999
            ],
            [
              -9.1366851,
              38.7305337
            ],
            [
              -9.136631,
              38.7305427
            ],
            [
              -9.1365965,
              38.7304395
            ],
            [
              -9.1366293,
              38.730433600000005
            ],
            [
              -9.1367925,
              38.730408999999995
            ],
            [
              -9.1367953,
              38.73051449999999
            ]
          ]
        ]
      }
    },
    {
      "type": "Feature",
      "properties": {
        "area_id": "Alameda_Arro",
        "osm_uid": "cea/286",
        "osmid": "286",
        "element_type": "cea_zone",
        "building": "yes",
        "cea_name": "B1286",
        "intersection_area_m2": 218.7664317272587,
        "is_residential": true,
        "residential_source": "cea",
        "radiation_sum_kwh_year": 486659.338890625,
        "radiation_sum": 486659.338890625,
        "radiation_point_count": 371.0,
        "use_type1": "MULTI_RES",
        "use_type2": "NONE",
        "use_type3": "NONE",
        "resi_type": null,
        "comparison_status": "matched",
        "validation_radiation_kwh_year": 486659.338890625,
        "ucea_radiation_kwh_year": 104454.81999999995,
        "workflow0_radiation_kwh_year": 284362.4199999995,
        "validation_area_m2": 218.7664317272587,
        "ucea_roofs_top_m2": 83.55,
        "err_ucea_minus_validation_kwh_year": 382204.51889062504,
        "err_ucea_abs_kwh_year": 382204.51889062504,
        "err_ucea_pct_of_validation": 78.53635764226527,
        "err_ucea_area_minus_validation_m2": 135.21643172725868,
        "err_ucea_area_pct_of_validation": 61.80858309004017,
        "err_workflow0_minus_validation_kwh_year": 202296.91889062547,
        "err_workflow0_abs_kwh_year": 202296.91889062547,
        "err_workflow0_pct_of_validation": 41.56848594579031
      },
      "geometry": {
        "type": "Polygon",
        "coordinates": [
          [
            [
              -9.1369722,
              38.728477700000006
            ],
            [
              -9.1369717,
              38.7284587
            ],
            [
              -9.1369712,
              38.728439699999996
            ],
            [
              -9.1370906,
              38.72843769999999
            ],
            [
              -9.1370916,
              38.7284759
            ],
            [
              -9.1372024,
              38.7284741
            ],
            [
              -9.1372045,
              38.728554200000005
            ],
            [
              -9.137075,
              38.7285562
            ],
            [
              -9.1370017,
              38.7285574
            ],
            [
              -9.1369896,
              38.7285483
            ],
            [
              -9.136973700000002,
              38.728534599999996
            ],
            [
              -9.1369727,
              38.72849659999999
            ],
            [
              -9.1369722,
              38.728477700000006
            ]
          ]
        ]
      }
    },
    {
      "type": "Feature",
      "properties": {
        "area_id": "Alameda_Arro",
        "osm_uid": "cea/287",
        "osmid": "287",
        "element_type": "cea_zone",
        "building": "yes",
        "cea_name": "B1287",
        "intersection_area_m2": 339.24787443953954,
        "is_residential": true,
        "residential_source": "cea",
        "radiation_sum_kwh_year": 770010.46425,
        "radiation_sum": 770010.46425,
        "radiation_point_count": 556.0,
        "use_type1": "MULTI_RES",
        "use_type2": "NONE",
        "use_type3": "NONE",
        "resi_type": null,
        "comparison_status": "matched",
        "validation_radiation_kwh_year": 770010.46425,
        "ucea_radiation_kwh_year": 505488.669999999,
        "workflow0_radiation_kwh_year": 511405.40999999945,
        "validation_area_m2": 339.24787443953954,
        "ucea_roofs_top_m2": 326.94,
        "err_ucea_minus_validation_kwh_year": 264521.79425000097,
        "err_ucea_abs_kwh_year": 264521.79425000097,
        "err_ucea_pct_of_validation": 34.353012917512565,
        "err_ucea_area_minus_validation_m2": 12.307874439539546,
        "err_ucea_area_pct_of_validation": 3.6279886675408024,
        "err_workflow0_minus_validation_kwh_year": 258605.0542500005,
        "err_workflow0_abs_kwh_year": 258605.0542500005,
        "err_workflow0_pct_of_validation": 33.5846155677748
      },
      "geometry": {
        "type": "Polygon",
        "coordinates": [
          [
            [
              -9.1373317,
              38.7288926
            ],
            [
              -9.1373155,
              38.7288929
            ],
            [
              -9.1373142,
              38.7288402
            ],
            [
              -9.1372813,
              38.728818
            ],
            [
              -9.1372522,
              38.728818399999994
            ],
            [
              -9.137244700000002,
              38.728730999999996
            ],
            [
              -9.1373297,
              38.72872960000001
            ],
            [
              -9.1374224,
              38.72872809999999
            ],
            [
              -9.1374398,
              38.728744799999994
            ],
            [
              -9.1374426,
              38.72885079999999
            ],
            [
              -9.1374456,
              38.728966400000004
            ],
            [
              -9.1373336,
              38.7289681
            ],
            [
              -9.1373317,
              38.7288926
            ]
          ]
        ]
      }
    },
    {
      "type": "Feature",
      "properties": {
        "area_id": "Alameda_Arro",
        "osm_uid": "cea/288",
        "osmid": "288",
        "element_type": "cea_zone",
        "building": "yes",
        "cea_name": "B1288",
        "intersection_area_m2": 350.9276070881628,
        "is_residential": true,
        "residential_source": "cea",
        "radiation_sum_kwh_year": 756810.565625,
        "radiation_sum": 756810.565625,
        "radiation_point_count": 579.0,
        "use_type1": "MULTI_RES",
        "use_type2": "NONE",
        "use_type3": "NONE",
        "resi_type": null,
        "comparison_status": "matched",
        "validation_radiation_kwh_year": 756810.565625,
        "ucea_radiation_kwh_year": 558460.9599999995,
        "workflow0_radiation_kwh_year": 503634.9000000003,
        "validation_area_m2": 350.9276070881628,
        "ucea_roofs_top_m2": 369.21,
        "err_ucea_minus_validation_kwh_year": 198349.60562500055,
        "err_ucea_abs_kwh_year": 198349.60562500055,
        "err_ucea_pct_of_validation": 26.208620047633275,
        "err_ucea_area_minus_validation_m2": 18.282392911837178,
        "err_ucea_area_pct_of_validation": 5.209733444323784,
        "err_workflow0_minus_validation_kwh_year": 253175.66562499973,
        "err_workflow0_abs_kwh_year": 253175.66562499973,
        "err_workflow0_pct_of_validation": 33.452977154979145
      },
      "geometry": {
        "type": "Polygon",
        "coordinates": [
          [
            [
              -9.1369836,
              38.728913000000006
            ],
            [
              -9.1369827,
              38.7288808
            ],
            [
              -9.1369821,
              38.7288544
            ],
            [
              -9.1369814,
              38.728828099999994
            ],
            [
              -9.1369807,
              38.7288017
            ],
            [
              -9.13698,
              38.7287754
            ],
            [
              -9.1369793,
              38.72874900000001
            ],
            [
              -9.1369973,
              38.72873489999999
            ],
            [
              -9.1370778,
              38.72873359999999
            ],
            [
              -9.137244700000002,
              38.728730999999996
            ],
            [
              -9.1372522,
              38.728818399999994
            ],
            [
              -9.1371525,
              38.728818999999994
            ],
            [
              -9.1371377,
              38.7288331
            ],
            [
              -9.1371739,
              38.7288597
            ],
            [
              -9.1371567,
              38.728873899999996
            ],
            [
              -9.1371218,
              38.728848199999995
            ],
            [
              -9.1371056,
              38.7288637
            ],
            [
              -9.1371055,
              38.7289111
            ],
            [
              -9.1369836,
              38.728913000000006
            ]
          ]
        ]
      }
    },
    {
      "type": "Feature",
      "properties": {
        "area_id": "Alameda_Arro",
        "osm_uid": "cea/289",
        "osmid": "289",
        "element_type": "cea_zone",
        "building": "yes",
        "cea_name": "B1289",
        "intersection_area_m2": 165.03411338384126,
        "is_residential": true,
        "residential_source": "cea",
        "radiation_sum_kwh_year": 388743.04387500003,
        "radiation_sum": 388743.04387500003,
        "radiation_point_count": 267.0,
        "use_type1": "MULTI_RES",
        "use_type2": "NONE",
        "use_type3": "NONE",
        "resi_type": null,
        "comparison_status": "matched",
        "validation_radiation_kwh_year": 388743.04387500003,
        "ucea_radiation_kwh_year": 282503.2999999996,
        "workflow0_radiation_kwh_year": 281165.13999999996,
        "validation_area_m2": 165.03411338384126,
        "ucea_roofs_top_m2": 170.43,
        "err_ucea_minus_validation_kwh_year": 106239.74387500045,
        "err_ucea_abs_kwh_year": 106239.74387500045,
        "err_ucea_pct_of_validation": 27.329040493175167,
        "err_ucea_area_minus_validation_m2": 5.395886616158748,
        "err_ucea_area_pct_of_validation": 3.269558338892538,
        "err_workflow0_minus_validation_kwh_year": 107577.90387500008,
        "err_workflow0_abs_kwh_year": 107577.90387500008,
        "err_workflow0_pct_of_validation": 27.673267874496467
      },
      "geometry": {
        "type": "Polygon",
        "coordinates": [
          [
            [
              -9.1365127,
              38.7279805
            ],
            [
              -9.1365874,
              38.7279792
            ],
            [
              -9.1365876,
              38.7279863
            ],
            [
              -9.136635,
              38.7279855
            ],
            [
              -9.1366335,
              38.72792700000001
            ],
            [
              -9.1367299,
              38.72792539999999
            ],
            [
              -9.1367328,
              38.728033999999994
            ],
            [
              -9.136525,
              38.728037300000004
            ],
            [
              -9.1365142,
              38.728037500000006
            ],
            [
              -9.1365127,
              38.7279805
            ]
          ]
        ]
      }
    },
    {
      "type": "Feature",
      "properties": {
        "area_id": "Alameda_Arro",
        "osm_uid": "cea/291",
        "osmid": "291",
        "element_type": "cea_zone",
        "building": "yes",
        "cea_name": "B1291",
        "intersection_area_m2": 258.55085545087564,
        "is_residential": true,
        "residential_source": "cea",
        "radiation_sum_kwh_year": 600926.60425,
        "radiation_sum": 600926.60425,
        "radiation_point_count": 430.0,
        "use_type1": "MULTI_RES",
        "use_type2": "NONE",
        "use_type3": "NONE",
        "resi_type": null,
        "comparison_status": "matched",
        "validation_radiation_kwh_year": 600926.60425,
        "ucea_radiation_kwh_year": 479107.8900000004,
        "workflow0_radiation_kwh_year": 442008.2199999989,
        "validation_area_m2": 258.55085545087564,
        "ucea_roofs_top_m2": 289.21,
        "err_ucea_minus_validation_kwh_year": 121818.71424999955,
        "err_ucea_abs_kwh_year": 121818.71424999955,
        "err_ucea_pct_of_validation": 20.27181246236188,
        "err_ucea_area_minus_validation_m2": 30.659144549124335,
        "err_ucea_area_pct_of_validation": 11.85807120833508,
        "err_workflow0_minus_validation_kwh_year": 158918.38425000105,
        "err_workflow0_abs_kwh_year": 158918.38425000105,
        "err_workflow0_pct_of_validation": 26.445556433358902
      },
      "geometry": {
        "type": "Polygon",
        "coordinates": [
          [
            [
              -9.1367645,
              38.7293429
            ],
            [
              -9.1367652,
              38.7293667
            ],
            [
              -9.1367658,
              38.7293904
            ],
            [
              -9.1367664,
              38.729413999999984
            ],
            [
              -9.136767,
              38.729437700000005
            ],
            [
              -9.136767600000002,
              38.729461300000004
            ],
            [
              -9.1367683,
              38.729485000000004
            ],
            [
              -9.1367689,
              38.7295085
            ],
            [
              -9.1366403,
              38.72951160000001
            ],
            [
              -9.1366395,
              38.72946859999999
            ],
            [
              -9.1365666,
              38.7294695
            ],
            [
              -9.1365651,
              38.7293949
            ],
            [
              -9.1366348,
              38.729394
            ],
            [
              -9.1366338,
              38.7293461
            ],
            [
              -9.1367645,
              38.7293429
            ]
          ]
        ]
      }
    },
    {
      "type": "Feature",
      "properties": {
        "area_id": "Alameda_Arro",
        "osm_uid": "cea/292",
        "osmid": "292",
        "element_type": "cea_zone",
        "building": "yes",
        "cea_name": "B1292",
        "intersection_area_m2": 226.84493685131693,
        "is_residential": true,
        "residential_source": "cea",
        "radiation_sum_kwh_year": 506947.1045,
        "radiation_sum": 506947.1045,
        "radiation_point_count": 367.0,
        "use_type1": "MULTI_RES",
        "use_type2": "NONE",
        "use_type3": "NONE",
        "resi_type": null,
        "comparison_status": "matched",
        "validation_radiation_kwh_year": 506947.1045,
        "ucea_radiation_kwh_year": 327237.7800000004,
        "workflow0_radiation_kwh_year": 368928.42999999964,
        "validation_area_m2": 226.84493685131693,
        "ucea_roofs_top_m2": 226.13,
        "err_ucea_minus_validation_kwh_year": 179709.32449999964,
        "err_ucea_abs_kwh_year": 179709.32449999964,
        "err_ucea_pct_of_validation": 35.44932457543993,
        "err_ucea_area_minus_validation_m2": 0.714936851316935,
        "err_ucea_area_pct_of_validation": 0.31516544351418896,
        "err_workflow0_minus_validation_kwh_year": 138018.67450000037,
        "err_workflow0_abs_kwh_year": 138018.67450000037,
        "err_workflow0_pct_of_validation": 27.22545868688365
      },
      "geometry": {
        "type": "Polygon",
        "coordinates": [
          [
            [
              -9.1363931,
              38.7291526
            ],
            [
              -9.1363881,
              38.72923359999999
            ],
            [
              -9.1363434,
              38.72923189999999
            ],
            [
              -9.1363405,
              38.72927860000001
            ],
            [
              -9.1362244,
              38.7292742
            ],
            [
              -9.1362254,
              38.729258300000005
            ],
            [
              -9.1362293,
              38.7291963
            ],
            [
              -9.1362342,
              38.72911789999999
            ],
            [
              -9.1362352,
              38.7291027
            ],
            [
              -9.1363498,
              38.729107000000006
            ],
            [
              -9.1363471,
              38.72915089999999
            ],
            [
              -9.1363931,
              38.7291526
            ]
          ]
        ]
      }
    },
    {
      "type": "Feature",
      "properties": {
        "area_id": "Alameda_Arro",
        "osm_uid": "cea/293",
        "osmid": "293",
        "element_type": "cea_zone",
        "building": "yes",
        "cea_name": "B1293",
        "intersection_area_m2": 251.11486038350992,
        "is_residential": true,
        "residential_source": "cea",
        "radiation_sum_kwh_year": 584231.3141406251,
        "radiation_sum": 584231.3141406251,
        "radiation_point_count": 414.0,
        "use_type1": "MULTI_RES",
        "use_type2": "NONE",
        "use_type3": "NONE",
        "resi_type": null,
        "comparison_status": "matched",
        "validation_radiation_kwh_year": 584231.3141406251,
        "ucea_radiation_kwh_year": 433575.3499999991,
        "workflow0_radiation_kwh_year": 428976.2099999994,
        "validation_area_m2": 251.11486038350992,
        "ucea_roofs_top_m2": 251.12,
        "err_ucea_minus_validation_kwh_year": 150655.96414062596,
        "err_ucea_abs_kwh_year": 150655.96414062596,
        "err_ucea_pct_of_validation": 25.78704025172518,
        "err_ucea_area_minus_validation_m2": 0.005139616490083654,
        "err_ucea_area_pct_of_validation": 0.0020467193706634012,
        "err_workflow0_minus_validation_kwh_year": 155255.10414062568,
        "err_workflow0_abs_kwh_year": 155255.10414062568,
        "err_workflow0_pct_of_validation": 26.574252420721088
      },
      "geometry": {
        "type": "Polygon",
        "coordinates": [
          [
            [
              -9.1367689,
              38.7295085
            ],
            [
              -9.1367695,
              38.7295318
            ],
            [
              -9.1367701,
              38.7295549
            ],
            [
              -9.1367707,
              38.729578100000005
            ],
            [
              -9.1367713,
              38.7296012
            ],
            [
              -9.1367719,
              38.7296244
            ],
            [
              -9.1367725,
              38.7296475
            ],
            [
              -9.1367731,
              38.729670500000005
            ],
            [
              -9.1366469,
              38.7296736
            ],
            [
              -9.136646,
              38.7296284
            ],
            [
              -9.1365701,
              38.7296294
            ],
            [
              -9.1365686,
              38.7295569
            ],
            [
              -9.1366412,
              38.729556
            ],
            [
              -9.1366403,
              38.72951160000001
            ],
            [
              -9.1367689,
              38.7295085
            ]
          ]
        ]
      }
    },
    {
      "type": "Feature",
      "properties": {
        "area_id": "Alameda_Arro",
        "osm_uid": "cea/294",
        "osmid": "294",
        "element_type": "cea_zone",
        "building": "yes",
        "cea_name": "B1294",
        "intersection_area_m2": 254.81578930012637,
        "is_residential": true,
        "residential_source": "cea",
        "radiation_sum_kwh_year": 569064.397875,
        "radiation_sum": 569064.397875,
        "radiation_point_count": 422.0,
        "use_type1": "MULTI_RES",
        "use_type2": "NONE",
        "use_type3": "NONE",
        "resi_type": null,
        "comparison_status": "matched",
        "validation_radiation_kwh_year": 569064.397875,
        "ucea_radiation_kwh_year": 474136.2899999994,
        "workflow0_radiation_kwh_year": 435406.57000000135,
        "validation_area_m2": 254.81578930012637,
        "ucea_roofs_top_m2": 284.82,
        "err_ucea_minus_validation_kwh_year": 94928.10787500063,
        "err_ucea_abs_kwh_year": 94928.10787500063,
        "err_ucea_pct_of_validation": 16.681435041355797,
        "err_ucea_area_minus_validation_m2": 30.004210699873624,
        "err_ucea_area_pct_of_validation": 11.774863238374195,
        "err_workflow0_minus_validation_kwh_year": 133657.82787499868,
        "err_workflow0_abs_kwh_year": 133657.82787499868,
        "err_workflow0_pct_of_validation": 23.48729394671388
      },
      "geometry": {
        "type": "Polygon",
        "coordinates": [
          [
            [
              -9.136774,
              38.7297044
            ],
            [
              -9.1367749,
              38.72973729999999
            ],
            [
              -9.1367766,
              38.72980319999999
            ],
            [
              -9.1367772,
              38.7298241
            ],
            [
              -9.1367775,
              38.729836399999996
            ],
            [
              -9.136651,
              38.72983800000001
            ],
            [
              -9.1366501,
              38.72979189999999
            ],
            [
              -9.1365737,
              38.7297929
            ],
            [
              -9.1365722,
              38.72971999999999
            ],
            [
              -9.1366478,
              38.729718999999996
            ],
            [
              -9.1366469,
              38.7296736
            ],
            [
              -9.1367731,
              38.729670500000005
            ],
            [
              -9.136774,
              38.7297044
            ]
          ]
        ]
      }
    },
    {
      "type": "Feature",
      "properties": {
        "area_id": "Alameda_Arro",
        "osm_uid": "cea/295",
        "osmid": "295",
        "element_type": "cea_zone",
        "building": "yes",
        "cea_name": "B1295",
        "intersection_area_m2": 226.5652623555645,
        "is_residential": true,
        "residential_source": "cea",
        "radiation_sum_kwh_year": 502470.644875,
        "radiation_sum": 502470.644875,
        "radiation_point_count": 379.0,
        "use_type1": "MULTI_RES",
        "use_type2": "NONE",
        "use_type3": "NONE",
        "resi_type": null,
        "comparison_status": "matched",
        "validation_radiation_kwh_year": 502470.644875,
        "ucea_radiation_kwh_year": 371761.3600000009,
        "workflow0_radiation_kwh_year": 364225.0200000008,
        "validation_area_m2": 226.5652623555645,
        "ucea_roofs_top_m2": 237.8,
        "err_ucea_minus_validation_kwh_year": 130709.28487499908,
        "err_ucea_abs_kwh_year": 130709.28487499908,
        "err_ucea_pct_of_validation": 26.01331763520548,
        "err_ucea_area_minus_validation_m2": 11.234737644435512,
        "err_ucea_area_pct_of_validation": 4.958720294377724,
        "err_workflow0_minus_validation_kwh_year": 138245.62487499922,
        "err_workflow0_abs_kwh_year": 138245.62487499922,
        "err_workflow0_pct_of_validation": 27.513174408306117
      },
      "geometry": {
        "type": "Polygon",
        "coordinates": [
          [
            [
              -9.136377,
              38.729405400000005
            ],
            [
              -9.1363333,
              38.72940369999999
            ],
            [
              -9.1363304,
              38.729449300000006
            ],
            [
              -9.1362138,
              38.72944489999999
            ],
            [
              -9.1362244,
              38.7292742
            ],
            [
              -9.1363405,
              38.72927860000001
            ],
            [
              -9.1363378,
              38.7293226
            ],
            [
              -9.1363821,
              38.7293243
            ],
            [
              -9.136377,
              38.729405400000005
            ]
          ]
        ]
      }
    },
    {
      "type": "Feature",
      "properties": {
        "area_id": "Alameda_Arro",
        "osm_uid": "cea/296",
        "osmid": "296",
        "element_type": "cea_zone",
        "building": "yes",
        "cea_name": "B1296",
        "intersection_area_m2": 225.38680235346737,
        "is_residential": true,
        "residential_source": "cea",
        "radiation_sum_kwh_year": 478814.23637500004,
        "radiation_sum": 478814.23637500004,
        "radiation_point_count": 367.0,
        "use_type1": "MULTI_RES",
        "use_type2": "NONE",
        "use_type3": "NONE",
        "resi_type": null,
        "comparison_status": "matched",
        "validation_radiation_kwh_year": 478814.23637500004,
        "ucea_radiation_kwh_year": 371409.39999999997,
        "workflow0_radiation_kwh_year": 380320.2999999982,
        "validation_area_m2": 225.38680235346737,
        "ucea_roofs_top_m2": 224.87,
        "err_ucea_minus_validation_kwh_year": 107404.83637500007,
        "err_ucea_abs_kwh_year": 107404.83637500007,
        "err_ucea_pct_of_validation": 22.43142083412955,
        "err_ucea_area_minus_validation_m2": 0.5168023534673694,
        "err_ucea_area_pct_of_validation": 0.2292957476085417,
        "err_workflow0_minus_validation_kwh_year": 98493.93637500185,
        "err_workflow0_abs_kwh_year": 98493.93637500185,
        "err_workflow0_pct_of_validation": 20.570385943550537
      },
      "geometry": {
        "type": "Polygon",
        "coordinates": [
          [
            [
              -9.1363304,
              38.729449300000006
            ],
            [
              -9.1363274,
              38.729497099999996
            ],
            [
              -9.1363695,
              38.72949869999999
            ],
            [
              -9.1363646,
              38.7295766
            ],
            [
              -9.1363231,
              38.72957499999999
            ],
            [
              -9.1363202,
              38.729621
            ],
            [
              -9.1362031,
              38.7296165
            ],
            [
              -9.1362138,
              38.72944489999999
            ],
            [
              -9.1363304,
              38.729449300000006
            ]
          ]
        ]
      }
    },
    {
      "type": "Feature",
      "properties": {
        "area_id": "Alameda_Arro",
        "osm_uid": "cea/297",
        "osmid": "297",
        "element_type": "cea_zone",
        "building": "yes",
        "cea_name": "B1297",
        "intersection_area_m2": 218.3874961310132,
        "is_residential": true,
        "residential_source": "cea",
        "radiation_sum_kwh_year": 485375.53190625,
        "radiation_sum": 485375.53190625,
        "radiation_point_count": 359.0,
        "use_type1": "MULTI_RES",
        "use_type2": "NONE",
        "use_type3": "NONE",
        "resi_type": null,
        "comparison_status": "matched",
        "validation_radiation_kwh_year": 485375.53190625,
        "ucea_radiation_kwh_year": 369751.8599999992,
        "workflow0_radiation_kwh_year": 361223.91000000056,
        "validation_area_m2": 218.3874961310132,
        "ucea_roofs_top_m2": 221.94,
        "err_ucea_minus_validation_kwh_year": 115623.67190625082,
        "err_ucea_abs_kwh_year": 115623.67190625082,
        "err_ucea_pct_of_validation": 23.821487550506248,
        "err_ucea_area_minus_validation_m2": 3.552503868986804,
        "err_ucea_area_pct_of_validation": 1.6266974675398154,
        "err_workflow0_minus_validation_kwh_year": 124151.62190624943,
        "err_workflow0_abs_kwh_year": 124151.62190624943,
        "err_workflow0_pct_of_validation": 25.57846734025918
      },
      "geometry": {
        "type": "Polygon",
        "coordinates": [
          [
            [
              -9.1362966,
              38.730004
            ],
            [
              -9.1363333,
              38.7300054
            ],
            [
              -9.1363281,
              38.7300877
            ],
            [
              -9.1362965,
              38.73008649999999
            ],
            [
              -9.1362938,
              38.730130200000005
            ],
            [
              -9.1361714,
              38.7301255
            ],
            [
              -9.1361816,
              38.7299607
            ],
            [
              -9.136299,
              38.729965099999994
            ],
            [
              -9.1362966,
              38.730004
            ]
          ]
        ]
      }
    },
    {
      "type": "Feature",
      "properties": {
        "area_id": "Alameda_Arro",
        "osm_uid": "cea/298",
        "osmid": "298",
        "element_type": "cea_zone",
        "building": "yes",
        "cea_name": "B1298",
        "intersection_area_m2": 381.04104579078347,
        "is_residential": true,
        "residential_source": "cea",
        "radiation_sum_kwh_year": 853806.4676875001,
        "radiation_sum": 853806.4676875001,
        "radiation_point_count": 632.0,
        "use_type1": "MULTI_RES",
        "use_type2": "NONE",
        "use_type3": "NONE",
        "resi_type": null,
        "comparison_status": "matched",
        "validation_radiation_kwh_year": 853806.4676875001,
        "ucea_radiation_kwh_year": 566115.8000000007,
        "workflow0_radiation_kwh_year": 626236.719999998,
        "validation_area_m2": 381.04104579078347,
        "ucea_roofs_top_m2": 371.46,
        "err_ucea_minus_validation_kwh_year": 287690.6676874993,
        "err_ucea_abs_kwh_year": 287690.6676874993,
        "err_ucea_pct_of_validation": 33.695067743712194,
        "err_ucea_area_minus_validation_m2": 9.581045790783492,
        "err_ucea_area_pct_of_validation": 2.5144392964017093,
        "err_workflow0_minus_validation_kwh_year": 227569.74768750207,
        "err_workflow0_abs_kwh_year": 227569.74768750207,
        "err_workflow0_pct_of_validation": 26.653551630250057
      },
      "geometry": {
        "type": "Polygon",
        "coordinates": [
          [
            [
              -9.1367299,
              38.72792539999999
            ],
            [
              -9.1366335,
              38.72792700000001
            ],
            [
              -9.1366351,
              38.7278904
            ],
            [
              -9.1366041,
              38.7278909
            ],
            [
              -9.1366066,
              38.7279266
            ],
            [
              -9.1365352,
              38.7279268
            ],
            [
              -9.1365342,
              38.7278561
            ],
            [
              -9.1365099,
              38.72785629999999
            ],
            [
              -9.1365088,
              38.727787799999994
            ],
            [
              -9.1365326,
              38.7277868
            ],
            [
              -9.1365285,
              38.727726
            ],
            [
              -9.136722,
              38.7277239
            ],
            [
              -9.1367261,
              38.72782949999999
            ],
            [
              -9.1367299,
              38.72792539999999
            ]
          ]
        ]
      }
    },
    {
      "type": "Feature",
      "properties": {
        "area_id": "Alameda_Arro",
        "osm_uid": "cea/299",
        "osmid": "299",
        "element_type": "cea_zone",
        "building": "yes",
        "cea_name": "B1299",
        "intersection_area_m2": 191.09670087674453,
        "is_residential": true,
        "residential_source": "cea",
        "radiation_sum_kwh_year": 427043.5773125,
        "radiation_sum": 427043.5773125,
        "radiation_point_count": 316.0,
        "use_type1": "MULTI_RES",
        "use_type2": "NONE",
        "use_type3": "NONE",
        "resi_type": null,
        "comparison_status": "matched",
        "validation_radiation_kwh_year": 427043.5773125,
        "ucea_radiation_kwh_year": 326246.8099999987,
        "workflow0_radiation_kwh_year": 299355.72999999847,
        "validation_area_m2": 191.09670087674453,
        "ucea_roofs_top_m2": 208.29,
        "err_ucea_minus_validation_kwh_year": 100796.76731250127,
        "err_ucea_abs_kwh_year": 100796.76731250127,
        "err_ucea_pct_of_validation": 23.603391472795916,
        "err_ucea_area_minus_validation_m2": 17.193299123255457,
        "err_ucea_area_pct_of_validation": 8.997172135559243,
        "err_workflow0_minus_validation_kwh_year": 127687.84731250152,
        "err_workflow0_abs_kwh_year": 127687.84731250152,
        "err_workflow0_pct_of_validation": 29.900425646505553
      },
      "geometry": {
        "type": "Polygon",
        "coordinates": [
          [
            [
              -9.1364385,
              38.7290211
            ],
            [
              -9.1364342,
              38.72908960000001
            ],
            [
              -9.1363511,
              38.729086399999986
            ],
            [
              -9.1363498,
              38.729107000000006
            ],
            [
              -9.1362352,
              38.7291027
            ],
            [
              -9.1362429,
              38.728979599999995
            ],
            [
              -9.1363564,
              38.7289838
            ],
            [
              -9.1363543,
              38.7290179
            ],
            [
              -9.1364385,
              38.7290211
            ]
          ]
        ]
      }
    },
    {
      "type": "Feature",
      "properties": {
        "area_id": "Alameda_Arro",
        "osm_uid": "cea/300",
        "osmid": "300",
        "element_type": "cea_zone",
        "building": "yes",
        "cea_name": "B1300",
        "intersection_area_m2": 231.000891997673,
        "is_residential": true,
        "residential_source": "cea",
        "radiation_sum_kwh_year": 491449.4275625,
        "radiation_sum": 491449.4275625,
        "radiation_point_count": 378.0,
        "use_type1": "MULTI_RES",
        "use_type2": "NONE",
        "use_type3": "NONE",
        "resi_type": null,
        "comparison_status": "matched",
        "validation_radiation_kwh_year": 491449.4275625,
        "ucea_radiation_kwh_year": 347621.8699999995,
        "workflow0_radiation_kwh_year": 343958.93999999965,
        "validation_area_m2": 231.000891997673,
        "ucea_roofs_top_m2": 239.22,
        "err_ucea_minus_validation_kwh_year": 143827.55756250053,
        "err_ucea_abs_kwh_year": 143827.55756250053,
        "err_ucea_pct_of_validation": 29.26599350738063,
        "err_ucea_area_minus_validation_m2": 8.219108002327005,
        "err_ucea_area_pct_of_validation": 3.5580416730208126,
        "err_workflow0_minus_validation_kwh_year": 147490.48756250035,
        "err_workflow0_abs_kwh_year": 147490.48756250035,
        "err_workflow0_pct_of_validation": 30.011325538423435
      },
      "geometry": {
        "type": "Polygon",
        "coordinates": [
          [
            [
              -9.1363542,
              38.729749
            ],
            [
              -9.136312800000002,
              38.729747499999995
            ],
            [
              -9.1363098,
              38.7297955
            ],
            [
              -9.1361922,
              38.72979109999999
            ],
            [
              -9.1362031,
              38.7296165
            ],
            [
              -9.1363202,
              38.729621
            ],
            [
              -9.1363175,
              38.72966559999999
            ],
            [
              -9.1363593,
              38.7296672
            ],
            [
              -9.1363542,
              38.729749
            ]
          ]
        ]
      }
    },
    {
      "type": "Feature",
      "properties": {
        "area_id": "Alameda_Arro",
        "osm_uid": "cea/301",
        "osmid": "301",
        "element_type": "cea_zone",
        "building": "yes",
        "cea_name": "B1301",
        "intersection_area_m2": 271.79254101395026,
        "is_residential": true,
        "residential_source": "cea",
        "radiation_sum_kwh_year": 625717.51228125,
        "radiation_sum": 625717.51228125,
        "radiation_point_count": 454.0,
        "use_type1": "MULTI_RES",
        "use_type2": "NONE",
        "use_type3": "NONE",
        "resi_type": null,
        "comparison_status": "matched",
        "validation_radiation_kwh_year": 625717.51228125,
        "ucea_radiation_kwh_year": 496231.4399999997,
        "workflow0_radiation_kwh_year": 460310.5000000004,
        "validation_area_m2": 271.79254101395026,
        "ucea_roofs_top_m2": 300.19,
        "err_ucea_minus_validation_kwh_year": 129486.07228125026,
        "err_ucea_abs_kwh_year": 129486.07228125026,
        "err_ucea_pct_of_validation": 20.694014429797253,
        "err_ucea_area_minus_validation_m2": 28.39745898604974,
        "err_ucea_area_pct_of_validation": 10.448211301204248,
        "err_workflow0_minus_validation_kwh_year": 165407.01228124957,
        "err_workflow0_abs_kwh_year": 165407.01228124957,
        "err_workflow0_pct_of_validation": 26.434774324631938
      },
      "geometry": {
        "type": "Polygon",
        "coordinates": [
          [
            [
              -9.1366328,
              38.72930549999999
            ],
            [
              -9.1365632,
              38.7293064
            ],
            [
              -9.1365615,
              38.7292284
            ],
            [
              -9.1366289,
              38.7292275
            ],
            [
              -9.1366316,
              38.7291619
            ],
            [
              -9.1367602,
              38.7291789
            ],
            [
              -9.1367624,
              38.7292625
            ],
            [
              -9.1367627,
              38.729271700000005
            ],
            [
              -9.1367633,
              38.7292955
            ],
            [
              -9.1367639,
              38.7293192
            ],
            [
              -9.1367645,
              38.7293429
            ],
            [
              -9.1366338,
              38.7293461
            ],
            [
              -9.1366328,
              38.72930549999999
            ]
          ]
        ]
      }
    },
    {
      "type": "Feature",
      "properties": {
        "area_id": "Alameda_Arro",
        "osm_uid": "cea/302",
        "osmid": "302",
        "element_type": "cea_zone",
        "building": "yes",
        "cea_name": "B1302",
        "intersection_area_m2": 337.0582757252402,
        "is_residential": true,
        "residential_source": "cea",
        "radiation_sum_kwh_year": 701599.42221875,
        "radiation_sum": 701599.42221875,
        "radiation_point_count": 546.0,
        "use_type1": "MULTI_RES",
        "use_type2": "NONE",
        "use_type3": "NONE",
        "resi_type": null,
        "comparison_status": "matched",
        "validation_radiation_kwh_year": 701599.42221875,
        "ucea_radiation_kwh_year": 552645.5900000007,
        "workflow0_radiation_kwh_year": 571300.7900000005,
        "validation_area_m2": 337.0582757252402,
        "ucea_roofs_top_m2": 351.9,
        "err_ucea_minus_validation_kwh_year": 148953.83221874933,
        "err_ucea_abs_kwh_year": 148953.83221874933,
        "err_ucea_pct_of_validation": 21.230609305192296,
        "err_ucea_area_minus_validation_m2": 14.84172427475977,
        "err_ucea_area_pct_of_validation": 4.403311042526752,
        "err_workflow0_minus_validation_kwh_year": 130298.6322187495,
        "err_workflow0_abs_kwh_year": 130298.6322187495,
        "err_workflow0_pct_of_validation": 18.571656146279437
      },
      "geometry": {
        "type": "Polygon",
        "coordinates": [
          [
            [
              -9.1374302,
              38.72837679999999
            ],
            [
              -9.1374325,
              38.72846609999999
            ],
            [
              -9.1374347,
              38.72855049999999
            ],
            [
              -9.1372868,
              38.7285528
            ],
            [
              -9.1372045,
              38.728554200000005
            ],
            [
              -9.1372024,
              38.7284741
            ],
            [
              -9.1372109,
              38.72845579999999
            ],
            [
              -9.1372613,
              38.72845499999999
            ],
            [
              -9.1372598,
              38.72839999999999
            ],
            [
              -9.1372834,
              38.728399599999996
            ],
            [
              -9.1372828,
              38.7283793
            ],
            [
              -9.1374302,
              38.72837679999999
            ]
          ]
        ]
      }
    },
    {
      "type": "Feature",
      "properties": {
        "area_id": "Alameda_Arro",
        "osm_uid": "cea/303",
        "osmid": "303",
        "element_type": "cea_zone",
        "building": "yes",
        "cea_name": "B1303",
        "intersection_area_m2": 183.84794849854575,
        "is_residential": true,
        "residential_source": "cea",
        "radiation_sum_kwh_year": 455807.67075,
        "radiation_sum": 455807.67075,
        "radiation_point_count": 312.0,
        "use_type1": "MULTI_RES",
        "use_type2": "NONE",
        "use_type3": "NONE",
        "resi_type": null,
        "comparison_status": "matched",
        "validation_radiation_kwh_year": 455807.67075,
        "ucea_radiation_kwh_year": 280897.55000000016,
        "workflow0_radiation_kwh_year": 317513.42000000004,
        "validation_area_m2": 183.84794849854575,
        "ucea_roofs_top_m2": 188.24,
        "err_ucea_minus_validation_kwh_year": 174910.12074999983,
        "err_ucea_abs_kwh_year": 174910.12074999983,
        "err_ucea_pct_of_validation": 38.37366766166908,
        "err_ucea_area_minus_validation_m2": 4.392051501454262,
        "err_ucea_area_pct_of_validation": 2.3889586679228043,
        "err_workflow0_minus_validation_kwh_year": 138294.25074999995,
        "err_workflow0_abs_kwh_year": 138294.25074999995,
        "err_workflow0_pct_of_validation": 30.340483415394555
      },
      "geometry": {
        "type": "Polygon",
        "coordinates": [
          [
            [
              -9.1378353,
              38.7280077
            ],
            [
              -9.1378372,
              38.7281112
            ],
            [
              -9.1378048,
              38.72811159999999
            ],
            [
              -9.1376536,
              38.72811329999999
            ],
            [
              -9.1376509,
              38.728009699999994
            ],
            [
              -9.1378353,
              38.7280077
            ]
          ]
        ]
      }
    },
    {
      "type": "Feature",
      "properties": {
        "area_id": "Alameda_Arro",
        "osm_uid": "cea/304",
        "osmid": "304",
        "element_type": "cea_zone",
        "building": "yes",
        "cea_name": "B1304",
        "intersection_area_m2": 104.30236244572964,
        "is_residential": true,
        "residential_source": "cea",
        "radiation_sum_kwh_year": 234725.67559375,
        "radiation_sum": 234725.67559375,
        "radiation_point_count": 161.0,
        "use_type1": "MULTI_RES",
        "use_type2": "NONE",
        "use_type3": "NONE",
        "resi_type": null,
        "comparison_status": "matched",
        "validation_radiation_kwh_year": 234725.67559375,
        "ucea_radiation_kwh_year": 167108.76000000004,
        "workflow0_radiation_kwh_year": 176764.10999999984,
        "validation_area_m2": 104.30236244572964,
        "ucea_roofs_top_m2": 104.3,
        "err_ucea_minus_validation_kwh_year": 67616.91559374996,
        "err_ucea_abs_kwh_year": 67616.91559374996,
        "err_ucea_pct_of_validation": 28.806782821142036,
        "err_ucea_area_minus_validation_m2": 0.0023624457296449464,
        "err_ucea_area_pct_of_validation": 0.00226499733491096,
        "err_workflow0_minus_validation_kwh_year": 57961.56559375016,
        "err_workflow0_abs_kwh_year": 57961.56559375016,
        "err_workflow0_pct_of_validation": 24.69332144731656
      },
      "geometry": {
        "type": "Polygon",
        "coordinates": [
          [
            [
              -9.1379292,
              38.73037239999999
            ],
            [
              -9.1380261,
              38.73036859999999
            ],
            [
              -9.1380282,
              38.7304826
            ],
            [
              -9.1379336,
              38.730484100000005
            ],
            [
              -9.1379292,
              38.73037239999999
            ]
          ]
        ]
      }
    },
    {
      "type": "Feature",
      "properties": {
        "area_id": "Alameda_Arro",
        "osm_uid": "cea/305",
        "osmid": "305",
        "element_type": "cea_zone",
        "building": "yes",
        "cea_name": "B1305",
        "intersection_area_m2": 183.60409134379327,
        "is_residential": true,
        "residential_source": "cea",
        "radiation_sum_kwh_year": 353629.90307812503,
        "radiation_sum": 353629.90307812503,
        "radiation_point_count": 307.0,
        "use_type1": "MULTI_RES",
        "use_type2": "NONE",
        "use_type3": "NONE",
        "resi_type": null,
        "comparison_status": "matched",
        "validation_radiation_kwh_year": 353629.90307812503,
        "ucea_radiation_kwh_year": 219132.81999999934,
        "workflow0_radiation_kwh_year": 216843.0100000001,
        "validation_area_m2": 183.60409134379327,
        "ucea_roofs_top_m2": 189.0,
        "err_ucea_minus_validation_kwh_year": 134497.0830781257,
        "err_ucea_abs_kwh_year": 134497.0830781257,
        "err_ucea_pct_of_validation": 38.03328901413978,
        "err_ucea_area_minus_validation_m2": 5.395908656206728,
        "err_ucea_area_pct_of_validation": 2.9388825797476636,
        "err_workflow0_minus_validation_kwh_year": 136786.89307812494,
        "err_workflow0_abs_kwh_year": 136786.89307812494,
        "err_workflow0_pct_of_validation": 38.680804956674024
      },
      "geometry": {
        "type": "Polygon",
        "coordinates": [
          [
            [
              -9.1377119,
              38.73033089999999
            ],
            [
              -9.1377087,
              38.730211399999995
            ],
            [
              -9.1378677,
              38.73020929999999
            ],
            [
              -9.1378715,
              38.7303287
            ],
            [
              -9.1377119,
              38.73033089999999
            ]
          ]
        ]
      }
    },
    {
      "type": "Feature",
      "properties": {
        "area_id": "Alameda_Arro",
        "osm_uid": "cea/306",
        "osmid": "306",
        "element_type": "cea_zone",
        "building": "yes",
        "cea_name": "B1306",
        "intersection_area_m2": 160.31723404706466,
        "is_residential": true,
        "residential_source": "cea",
        "radiation_sum_kwh_year": 394394.48575,
        "radiation_sum": 394394.48575,
        "radiation_point_count": 268.0,
        "use_type1": "MULTI_RES",
        "use_type2": "NONE",
        "use_type3": "NONE",
        "resi_type": null,
        "comparison_status": "matched",
        "validation_radiation_kwh_year": 394394.48575,
        "ucea_radiation_kwh_year": 272560.6799999994,
        "workflow0_radiation_kwh_year": 277607.290000001,
        "validation_area_m2": 160.31723404706466,
        "ucea_roofs_top_m2": 162.99,
        "err_ucea_minus_validation_kwh_year": 121833.80575000058,
        "err_ucea_abs_kwh_year": 121833.80575000058,
        "err_ucea_pct_of_validation": 30.891356282103033,
        "err_ucea_area_minus_validation_m2": 2.6727659529353502,
        "err_ucea_area_pct_of_validation": 1.6671731949608741,
        "err_workflow0_minus_validation_kwh_year": 116787.19574999897,
        "err_workflow0_abs_kwh_year": 116787.19574999897,
        "err_workflow0_pct_of_validation": 29.61177196174806
      },
      "geometry": {
        "type": "Polygon",
        "coordinates": [
          [
            [
              -9.1381648,
              38.73038989999999
            ],
            [
              -9.1381863,
              38.7304807
            ],
            [
              -9.1381661,
              38.7304804
            ],
            [
              -9.1380282,
              38.7304826
            ],
            [
              -9.1380261,
              38.73036859999999
            ],
            [
              -9.1381643,
              38.730366999999994
            ],
            [
              -9.1381648,
              38.73038989999999
            ]
          ]
        ]
      }
    },
    {
      "type": "Feature",
      "properties": {
        "area_id": "Alameda_Arro",
        "osm_uid": "cea/307",
        "osmid": "307",
        "element_type": "cea_zone",
        "building": "yes",
        "cea_name": "B1307",
        "intersection_area_m2": 300.3216196751228,
        "is_residential": true,
        "residential_source": "cea",
        "radiation_sum_kwh_year": 666048.25915625,
        "radiation_sum": 666048.25915625,
        "radiation_point_count": 504.0,
        "use_type1": "MULTI_RES",
        "use_type2": "NONE",
        "use_type3": "NONE",
        "resi_type": null,
        "comparison_status": "matched",
        "validation_radiation_kwh_year": 666048.25915625,
        "ucea_radiation_kwh_year": 478946.0799999992,
        "workflow0_radiation_kwh_year": 446241.5799999993,
        "validation_area_m2": 300.3216196751228,
        "ucea_roofs_top_m2": 303.18,
        "err_ucea_minus_validation_kwh_year": 187102.17915625084,
        "err_ucea_abs_kwh_year": 187102.17915625084,
        "err_ucea_pct_of_validation": 28.09138475840653,
        "err_ucea_area_minus_validation_m2": 2.858380324877203,
        "err_ucea_area_pct_of_validation": 0.9517730784647793,
        "err_workflow0_minus_validation_kwh_year": 219806.67915625073,
        "err_workflow0_abs_kwh_year": 219806.67915625073,
        "err_workflow0_pct_of_validation": 33.00161454287139
      },
      "geometry": {
        "type": "Polygon",
        "coordinates": [
          [
            [
              -9.1379336,
              38.730484100000005
            ],
            [
              -9.1377578,
              38.7304868
            ],
            [
              -9.1377415,
              38.730485
            ],
            [
              -9.1377275,
              38.730478299999994
            ],
            [
              -9.1377182,
              38.7304677
            ],
            [
              -9.1377151,
              38.7304551
            ],
            [
              -9.1377119,
              38.73033089999999
            ],
            [
              -9.1378715,
              38.7303287
            ],
            [
              -9.1378755,
              38.7303736
            ],
            [
              -9.1379292,
              38.73037239999999
            ],
            [
              -9.1379336,
              38.730484100000005
            ]
          ]
        ]
      }
    },
    {
      "type": "Feature",
      "properties": {
        "area_id": "Alameda_Arro",
        "osm_uid": "cea/308",
        "osmid": "308",
        "element_type": "cea_zone",
        "building": "yes",
        "cea_name": "B1308",
        "intersection_area_m2": 886.6499341363852,
        "is_residential": true,
        "residential_source": "cea",
        "radiation_sum_kwh_year": 1989341.805296875,
        "radiation_sum": 1989341.805296875,
        "radiation_point_count": 1463.0,
        "use_type1": "MULTI_RES",
        "use_type2": "NONE",
        "use_type3": "NONE",
        "resi_type": null,
        "comparison_status": "matched",
        "validation_radiation_kwh_year": 1989341.805296875,
        "ucea_radiation_kwh_year": 1539199.8299999991,
        "workflow0_radiation_kwh_year": 1538740.3299999959,
        "validation_area_m2": 886.6499341363852,
        "ucea_roofs_top_m2": 886.71,
        "err_ucea_minus_validation_kwh_year": 450141.9752968759,
        "err_ucea_abs_kwh_year": 450141.9752968759,
        "err_ucea_pct_of_validation": 22.627683895161493,
        "err_ucea_area_minus_validation_m2": 0.06006586361479549,
        "err_ucea_area_pct_of_validation": 0.006774473363413808,
        "err_workflow0_minus_validation_kwh_year": 450601.4752968792,
        "err_workflow0_abs_kwh_year": 450601.4752968792,
        "err_workflow0_pct_of_validation": 22.65078198714246
      },
      "geometry": {
        "type": "Polygon",
        "coordinates": [
          [
            [
              -9.1377025,
              38.72997329999999
            ],
            [
              -9.137696,
              38.7297258
            ],
            [
              -9.1378576,
              38.7297649
            ],
            [
              -9.1378586,
              38.7298159
            ],
            [
              -9.1379579,
              38.7298145
            ],
            [
              -9.1379599,
              38.729902100000004
            ],
            [
              -9.1378606,
              38.7299035
            ],
            [
              -9.1378622,
              38.7299718
            ],
            [
              -9.1378639,
              38.73004519999999
            ],
            [
              -9.1379632,
              38.73004379999999
            ],
            [
              -9.1379652,
              38.73013389999999
            ],
            [
              -9.137866,
              38.73013519999999
            ],
            [
              -9.1378677,
              38.73020929999999
            ],
            [
              -9.1377087,
              38.730211399999995
            ],
            [
              -9.1377025,
              38.72997329999999
            ]
          ]
        ]
      }
    },
    {
      "type": "Feature",
      "properties": {
        "area_id": "Alameda_Arro",
        "osm_uid": "cea/309",
        "osmid": "309",
        "element_type": "cea_zone",
        "building": "yes",
        "cea_name": "B1309",
        "intersection_area_m2": 97.998299351422,
        "is_residential": true,
        "residential_source": "cea",
        "radiation_sum_kwh_year": 198041.116125,
        "radiation_sum": 198041.116125,
        "radiation_point_count": 176.0,
        "use_type1": "MULTI_RES",
        "use_type2": "NONE",
        "use_type3": "NONE",
        "resi_type": null,
        "comparison_status": "matched",
        "validation_radiation_kwh_year": 198041.116125,
        "ucea_radiation_kwh_year": 197046.90000000055,
        "workflow0_radiation_kwh_year": 168435.0399999998,
        "validation_area_m2": 97.998299351422,
        "ucea_roofs_top_m2": 101.8,
        "err_ucea_minus_validation_kwh_year": 994.2161249994533,
        "err_ucea_abs_kwh_year": 994.2161249994533,
        "err_ucea_pct_of_validation": 0.5020251069338156,
        "err_ucea_area_minus_validation_m2": 3.8017006485779916,
        "err_ucea_area_pct_of_validation": 3.8793536966851736,
        "err_workflow0_minus_validation_kwh_year": 29606.076125000196,
        "err_workflow0_abs_kwh_year": 29606.076125000196,
        "err_workflow0_pct_of_validation": 14.949459336672982
      },
      "geometry": {
        "type": "Polygon",
        "coordinates": [
          [
            [
              -9.138079000000001,
              38.7280763
            ],
            [
              -9.1379411,
              38.72807710000001
            ],
            [
              -9.1379405,
              38.7280034
            ],
            [
              -9.138078300000002,
              38.728002599999996
            ],
            [
              -9.138079000000001,
              38.7280763
            ]
          ]
        ]
      }
    },
    {
      "type": "Feature",
      "properties": {
        "area_id": "Alameda_Arro",
        "osm_uid": "cea/310",
        "osmid": "310",
        "element_type": "cea_zone",
        "building": "yes",
        "cea_name": "B1310",
        "intersection_area_m2": 165.23265887857073,
        "is_residential": true,
        "residential_source": "cea",
        "radiation_sum_kwh_year": 264668.7624375,
        "radiation_sum": 264668.7624375,
        "radiation_point_count": 260.0,
        "use_type1": "MULTI_RES",
        "use_type2": "NONE",
        "use_type3": "NONE",
        "resi_type": null,
        "comparison_status": "matched",
        "validation_radiation_kwh_year": 264668.7624375,
        "ucea_radiation_kwh_year": 285861.7600000007,
        "workflow0_radiation_kwh_year": 286552.61999999976,
        "validation_area_m2": 165.23265887857073,
        "ucea_roofs_top_m2": 168.08,
        "err_ucea_minus_validation_kwh_year": 21192.997562500706,
        "err_ucea_abs_kwh_year": 21192.997562500706,
        "err_ucea_pct_of_validation": 8.007366402941228,
        "err_ucea_area_minus_validation_m2": 2.847341121429281,
        "err_ucea_area_pct_of_validation": 1.7232314366627655,
        "err_workflow0_minus_validation_kwh_year": 21883.85756249976,
        "err_workflow0_abs_kwh_year": 21883.85756249976,
        "err_workflow0_pct_of_validation": 8.268394562681912
      },
      "geometry": {
        "type": "Polygon",
        "coordinates": [
          [
            [
              -9.1380713,
              38.72796039999999
            ],
            [
              -9.1378924,
              38.72796149999999
            ],
            [
              -9.1378915,
              38.7278657
            ],
            [
              -9.1380704,
              38.7278647
            ],
            [
              -9.1380713,
              38.72796039999999
            ]
          ]
        ]
      }
    },
    {
      "type": "Feature",
      "properties": {
        "area_id": "Alameda_Arro",
        "osm_uid": "cea/311",
        "osmid": "311",
        "element_type": "cea_zone",
        "building": "yes",
        "cea_name": "B1311",
        "intersection_area_m2": 202.85723717886634,
        "is_residential": true,
        "residential_source": "cea",
        "radiation_sum_kwh_year": 329251.79825,
        "radiation_sum": 329251.79825,
        "radiation_point_count": 330.0,
        "use_type1": "MULTI_RES",
        "use_type2": "NONE",
        "use_type3": "NONE",
        "resi_type": null,
        "comparison_status": "matched",
        "validation_radiation_kwh_year": 329251.79825,
        "ucea_radiation_kwh_year": 357283.2000000004,
        "workflow0_radiation_kwh_year": 345460.7999999995,
        "validation_area_m2": 202.85723717886634,
        "ucea_roofs_top_m2": 209.07,
        "err_ucea_minus_validation_kwh_year": 28031.401750000427,
        "err_ucea_abs_kwh_year": 28031.401750000427,
        "err_ucea_pct_of_validation": 8.513667016851418,
        "err_ucea_area_minus_validation_m2": 6.212762821133651,
        "err_ucea_area_pct_of_validation": 3.0626281356950753,
        "err_workflow0_minus_validation_kwh_year": 16209.00174999953,
        "err_workflow0_abs_kwh_year": 16209.00174999953,
        "err_workflow0_pct_of_validation": 4.922980477601547
      },
      "geometry": {
        "type": "Polygon",
        "coordinates": [
          [
            [
              -9.1377862,
              38.7278663
            ],
            [
              -9.1378466,
              38.7278655
            ],
            [
              -9.1378487,
              38.7279712
            ],
            [
              -9.13765,
              38.7279736
            ],
            [
              -9.1376472,
              38.727868
            ],
            [
              -9.1377862,
              38.7278663
            ]
          ]
        ]
      }
    },
    {
      "type": "Feature",
      "properties": {
        "area_id": "Alameda_Arro",
        "osm_uid": "cea/312",
        "osmid": "312",
        "element_type": "cea_zone",
        "building": "yes",
        "cea_name": "B1312",
        "intersection_area_m2": 138.82949782658915,
        "is_residential": true,
        "residential_source": "cea",
        "radiation_sum_kwh_year": 310829.1630625,
        "radiation_sum": 310829.1630625,
        "radiation_point_count": 223.0,
        "use_type1": "MULTI_RES",
        "use_type2": "NONE",
        "use_type3": "NONE",
        "resi_type": null,
        "comparison_status": "matched",
        "validation_radiation_kwh_year": 310829.1630625,
        "ucea_radiation_kwh_year": 106700.6799999998,
        "workflow0_radiation_kwh_year": 239828.47000000058,
        "validation_area_m2": 138.82949782658915,
        "ucea_roofs_top_m2": 71.01,
        "err_ucea_minus_validation_kwh_year": 204128.4830625002,
        "err_ucea_abs_kwh_year": 204128.4830625002,
        "err_ucea_pct_of_validation": 65.67224292961694,
        "err_ucea_area_minus_validation_m2": 67.81949782658914,
        "err_ucea_area_pct_of_validation": 48.85092785634214,
        "err_workflow0_minus_validation_kwh_year": 71000.69306249943,
        "err_workflow0_abs_kwh_year": 71000.69306249943,
        "err_workflow0_pct_of_validation": 22.842352488084575
      },
      "geometry": {
        "type": "Polygon",
        "coordinates": [
          [
            [
              -9.136525,
              38.728037300000004
            ],
            [
              -9.1367328,
              38.728033999999994
            ],
            [
              -9.136732,
              38.728104
            ],
            [
              -9.1365287,
              38.7281073
            ],
            [
              -9.136525,
              38.728037300000004
            ]
          ]
        ]
      }
    },
    {
      "type": "Feature",
      "properties": {
        "area_id": "Alameda_Arro",
        "osm_uid": "cea/314",
        "osmid": "314",
        "element_type": "cea_zone",
        "building": "yes",
        "cea_name": "B1314",
        "intersection_area_m2": 213.45631452308226,
        "is_residential": true,
        "residential_source": "cea",
        "radiation_sum_kwh_year": 324839.766328125,
        "radiation_sum": 324839.766328125,
        "radiation_point_count": 356.0,
        "use_type1": "MULTI_RES",
        "use_type2": "NONE",
        "use_type3": "NONE",
        "resi_type": null,
        "comparison_status": "matched",
        "validation_radiation_kwh_year": 324839.766328125,
        "ucea_radiation_kwh_year": 340395.87000000034,
        "workflow0_radiation_kwh_year": 300533.06000000046,
        "validation_area_m2": 213.45631452308226,
        "ucea_roofs_top_m2": 219.91,
        "err_ucea_minus_validation_kwh_year": 15556.103671875317,
        "err_ucea_abs_kwh_year": 15556.103671875317,
        "err_ucea_pct_of_validation": 4.7888544705336,
        "err_ucea_area_minus_validation_m2": 6.453685476917741,
        "err_ucea_area_pct_of_validation": 3.0234221420607668,
        "err_workflow0_minus_validation_kwh_year": 24306.706328124565,
        "err_workflow0_abs_kwh_year": 24306.706328124565,
        "err_workflow0_pct_of_validation": 7.482675721288394
      },
      "geometry": {
        "type": "Polygon",
        "coordinates": [
          [
            [
              -9.1366049,
              38.728849700000005
            ],
            [
              -9.1367523,
              38.728875699999996
            ],
            [
              -9.1367528,
              38.728896099999986
            ],
            [
              -9.1367554,
              38.72899550000001
            ],
            [
              -9.1365671,
              38.728965900000006
            ],
            [
              -9.1365746,
              38.728845299999996
            ],
            [
              -9.1366049,
              38.728849700000005
            ]
          ]
        ]
      }
    },
    {
      "type": "Feature",
      "properties": {
        "area_id": "Alameda_Arro",
        "osm_uid": "cea/315",
        "osmid": "315",
        "element_type": "cea_zone",
        "building": "yes",
        "cea_name": "B1315",
        "intersection_area_m2": 151.11470398749574,
        "is_residential": true,
        "residential_source": "cea",
        "radiation_sum_kwh_year": 229544.03334375,
        "radiation_sum": 229544.03334375,
        "radiation_point_count": 244.0,
        "use_type1": "MULTI_RES",
        "use_type2": "NONE",
        "use_type3": "NONE",
        "resi_type": null,
        "comparison_status": "matched",
        "validation_radiation_kwh_year": 229544.03334375,
        "ucea_radiation_kwh_year": 97921.41000000013,
        "workflow0_radiation_kwh_year": 97572.91000000006,
        "validation_area_m2": 151.11470398749574,
        "ucea_roofs_top_m2": 135.22,
        "err_ucea_minus_validation_kwh_year": 131622.62334374984,
        "err_ucea_abs_kwh_year": 131622.62334374984,
        "err_ucea_pct_of_validation": 57.34090380238309,
        "err_ucea_area_minus_validation_m2": 15.894703987495745,
        "err_ucea_area_pct_of_validation": 10.518304022096341,
        "err_workflow0_minus_validation_kwh_year": 131971.12334374993,
        "err_workflow0_abs_kwh_year": 131971.12334374993,
        "err_workflow0_pct_of_validation": 57.49272652455256
      },
      "geometry": {
        "type": "Polygon",
        "coordinates": [
          [
            [
              -9.1367336,
              38.72816499999999
            ],
            [
              -9.136734,
              38.7281807
            ],
            [
              -9.1365891,
              38.72818339999999
            ],
            [
              -9.136529800000002,
              38.72818389999998
            ],
            [
              -9.1365287,
              38.7281073
            ],
            [
              -9.136732,
              38.728104
            ],
            [
              -9.1367324,
              38.728118900000005
            ],
            [
              -9.1367328,
              38.72813419999999
            ],
            [
              -9.1367332,
              38.7281496
            ],
            [
              -9.1367336,
              38.72816499999999
            ]
          ]
        ]
      }
    },
    {
      "type": "Feature",
      "properties": {
        "area_id": "Alameda_Arro",
        "osm_uid": "cea/318",
        "osmid": "318",
        "element_type": "cea_zone",
        "building": "yes",
        "cea_name": "B1318",
        "intersection_area_m2": 829.8339367188288,
        "is_residential": true,
        "residential_source": "cea",
        "radiation_sum_kwh_year": 1761948.936234375,
        "radiation_sum": 1761948.936234375,
        "radiation_point_count": 1364.0,
        "use_type1": "SINGLE_RES",
        "use_type2": "NONE",
        "use_type3": "NONE",
        "resi_type": null,
        "comparison_status": "matched",
        "validation_radiation_kwh_year": 1761948.936234375,
        "ucea_radiation_kwh_year": 1402843.3400000003,
        "workflow0_radiation_kwh_year": 1407817.1000000006,
        "validation_area_m2": 829.8339367188288,
        "ucea_roofs_top_m2": 829.83,
        "err_ucea_minus_validation_kwh_year": 359105.5962343747,
        "err_ucea_abs_kwh_year": 359105.5962343747,
        "err_ucea_pct_of_validation": 20.381157980767174,
        "err_ucea_area_minus_validation_m2": 0.003936718828754238,
        "err_ucea_area_pct_of_validation": 0.0004743983891909821,
        "err_workflow0_minus_validation_kwh_year": 354131.83623437444,
        "err_workflow0_abs_kwh_year": 354131.83623437444,
        "err_workflow0_pct_of_validation": 20.09887057176711
      },
      "geometry": {
        "type": "Polygon",
        "coordinates": [
          [
            [
              -9.1388821,
              38.72998410000002
            ],
            [
              -9.1388618,
              38.730033799999994
            ],
            [
              -9.1387536,
              38.730006899999985
            ],
            [
              -9.138614,
              38.73034840000001
            ],
            [
              -9.1385425,
              38.7303306
            ],
            [
              -9.1385246,
              38.73037450000001
            ],
            [
              -9.1383681,
              38.73033559999999
            ],
            [
              -9.1383849,
              38.730294400000005
            ],
            [
              -9.1383148,
              38.73027699999999
            ],
            [
              -9.1383433,
              38.73020739999999
            ],
            [
              -9.1384835,
              38.73024229999999
            ],
            [
              -9.1385353,
              38.7301156
            ],
            [
              -9.1386058,
              38.7301331
            ],
            [
              -9.1386483,
              38.7300291
            ],
            [
              -9.1385577,
              38.730006599999996
            ],
            [
              -9.138596,
              38.72991300000001
            ],
            [
              -9.1388821,
              38.72998410000002
            ]
          ]
        ]
      }
    },
    {
      "type": "Feature",
      "properties": {
        "area_id": "Alameda_Arro",
        "osm_uid": "cea/326",
        "osmid": "326",
        "element_type": "cea_zone",
        "building": "yes",
        "cea_name": "B1326",
        "intersection_area_m2": 253.54691436654088,
        "is_residential": true,
        "residential_source": "cea",
        "radiation_sum_kwh_year": 542302.699,
        "radiation_sum": 542302.699,
        "radiation_point_count": 416.0,
        "use_type1": "MULTI_RES",
        "use_type2": "NONE",
        "use_type3": "NONE",
        "resi_type": null,
        "comparison_status": "matched",
        "validation_radiation_kwh_year": 542302.699,
        "ucea_radiation_kwh_year": 395650.7199999995,
        "workflow0_radiation_kwh_year": 441930.10000000056,
        "validation_area_m2": 253.54691436654088,
        "ucea_roofs_top_m2": 257.52,
        "err_ucea_minus_validation_kwh_year": 146651.97900000052,
        "err_ucea_abs_kwh_year": 146651.97900000052,
        "err_ucea_pct_of_validation": 27.042457887527593,
        "err_ucea_area_minus_validation_m2": 3.9730856334591067,
        "err_ucea_area_pct_of_validation": 1.5670021634400184,
        "err_workflow0_minus_validation_kwh_year": 100372.59899999946,
        "err_workflow0_abs_kwh_year": 100372.59899999946,
        "err_workflow0_pct_of_validation": 18.508592928835757
      },
      "geometry": {
        "type": "Polygon",
        "coordinates": [
          [
            [
              -9.1390216,
              38.730599799999986
            ],
            [
              -9.1390413,
              38.7305109
            ],
            [
              -9.1390548,
              38.7304495
            ],
            [
              -9.1392256,
              38.73047239999999
            ],
            [
              -9.1392151,
              38.7305202
            ],
            [
              -9.1392106,
              38.73054049999999
            ],
            [
              -9.1391942,
              38.7305383
            ],
            [
              -9.1391901,
              38.730557100000006
            ],
            [
              -9.1392064,
              38.730559299999996
            ],
            [
              -9.1391919,
              38.7306247
            ],
            [
              -9.1390216,
              38.730599799999986
            ]
          ]
        ]
      }
    },
    {
      "type": "Feature",
      "properties": {
        "area_id": "Alameda_Arro",
        "osm_uid": "cea/328",
        "osmid": "328",
        "element_type": "cea_zone",
        "building": "yes",
        "cea_name": "B1328",
        "intersection_area_m2": 135.72657573337074,
        "is_residential": true,
        "residential_source": "cea",
        "radiation_sum_kwh_year": 291490.3258125,
        "radiation_sum": 291490.3258125,
        "radiation_point_count": 223.0,
        "use_type1": "MULTI_RES",
        "use_type2": "NONE",
        "use_type3": "NONE",
        "resi_type": null,
        "comparison_status": "matched",
        "validation_radiation_kwh_year": 291490.3258125,
        "ucea_radiation_kwh_year": 232254.13,
        "workflow0_radiation_kwh_year": 229999.02000000083,
        "validation_area_m2": 135.72657573337074,
        "ucea_roofs_top_m2": 142.97,
        "err_ucea_minus_validation_kwh_year": 59236.195812500024,
        "err_ucea_abs_kwh_year": 59236.195812500024,
        "err_ucea_pct_of_validation": 20.321839377476792,
        "err_ucea_area_minus_validation_m2": 7.243424266629262,
        "err_ucea_area_pct_of_validation": 5.336776697924414,
        "err_workflow0_minus_validation_kwh_year": 61491.305812499195,
        "err_workflow0_abs_kwh_year": 61491.305812499195,
        "err_workflow0_pct_of_validation": 21.0954876945224
      },
      "geometry": {
        "type": "Polygon",
        "coordinates": [
          [
            [
              -9.1361856,
              38.727294
            ],
            [
              -9.1361797,
              38.727385100000006
            ],
            [
              -9.1360265,
              38.7273856
            ],
            [
              -9.13603,
              38.7272944
            ],
            [
              -9.1361856,
              38.727294
            ]
          ]
        ]
      }
    },
    {
      "type": "Feature",
      "properties": {
        "area_id": "Alameda_Arro",
        "osm_uid": "cea/329",
        "osmid": "329",
        "element_type": "cea_zone",
        "building": "yes",
        "cea_name": "B1329",
        "intersection_area_m2": 117.40339840943727,
        "is_residential": true,
        "residential_source": "cea",
        "radiation_sum_kwh_year": 257592.175625,
        "radiation_sum": 257592.175625,
        "radiation_point_count": 184.0,
        "use_type1": "MULTI_RES",
        "use_type2": "NONE",
        "use_type3": "NONE",
        "resi_type": null,
        "comparison_status": "matched",
        "validation_radiation_kwh_year": 257592.175625,
        "ucea_radiation_kwh_year": 144774.12999999977,
        "workflow0_radiation_kwh_year": 158984.49000000017,
        "validation_area_m2": 117.40339840943727,
        "ucea_roofs_top_m2": 117.4,
        "err_ucea_minus_validation_kwh_year": 112818.04562500023,
        "err_ucea_abs_kwh_year": 112818.04562500023,
        "err_ucea_pct_of_validation": 43.79715546532732,
        "err_ucea_area_minus_validation_m2": 0.0033984094372669915,
        "err_ucea_area_pct_of_validation": 0.002894643156252806,
        "err_workflow0_minus_validation_kwh_year": 98607.68562499984,
        "err_workflow0_abs_kwh_year": 98607.68562499984,
        "err_workflow0_pct_of_validation": 38.28054380368753
      },
      "geometry": {
        "type": "Polygon",
        "coordinates": [
          [
            [
              -9.1360265,
              38.7273856
            ],
            [
              -9.1361797,
              38.727385100000006
            ],
            [
              -9.1361745,
              38.7274657
            ],
            [
              -9.1360236,
              38.72746510000001
            ],
            [
              -9.1360265,
              38.7273856
            ]
          ]
        ]
      }
    },
    {
      "type": "Feature",
      "properties": {
        "area_id": "Alameda_Arro",
        "osm_uid": "cea/330",
        "osmid": "330",
        "element_type": "cea_zone",
        "building": "yes",
        "cea_name": "B1330",
        "intersection_area_m2": 60.84514795323105,
        "is_residential": true,
        "residential_source": "cea",
        "radiation_sum_kwh_year": 110359.53859375,
        "radiation_sum": 110359.53859375,
        "radiation_point_count": 108.0,
        "use_type1": "MULTI_RES",
        "use_type2": "NONE",
        "use_type3": "NONE",
        "resi_type": null,
        "comparison_status": "matched",
        "validation_radiation_kwh_year": 110359.53859375,
        "ucea_radiation_kwh_year": 92243.59000000014,
        "workflow0_radiation_kwh_year": 99071.42000000016,
        "validation_area_m2": 60.84514795323105,
        "ucea_roofs_top_m2": 63.08,
        "err_ucea_minus_validation_kwh_year": 18115.948593749854,
        "err_ucea_abs_kwh_year": 18115.948593749854,
        "err_ucea_pct_of_validation": 16.4153899378262,
        "err_ucea_area_minus_validation_m2": 2.2348520467689497,
        "err_ucea_area_pct_of_validation": 3.673016044741613,
        "err_workflow0_minus_validation_kwh_year": 11288.118593749838,
        "err_workflow0_abs_kwh_year": 11288.118593749838,
        "err_workflow0_pct_of_validation": 10.228493828071441
      },
      "geometry": {
        "type": "Polygon",
        "coordinates": [
          [
            [
              -9.1361745,
              38.7274657
            ],
            [
              -9.1361715,
              38.727511199999995
            ],
            [
              -9.1360221,
              38.727503500000005
            ],
            [
              -9.1360236,
              38.72746510000001
            ],
            [
              -9.1361745,
              38.7274657
            ]
          ]
        ]
      }
    },
    {
      "type": "Feature",
      "properties": {
        "area_id": "Alameda_Arro",
        "osm_uid": "cea/331",
        "osmid": "331",
        "element_type": "cea_zone",
        "building": "yes",
        "cea_name": "B1331",
        "intersection_area_m2": 279.1869714810557,
        "is_residential": true,
        "residential_source": "cea",
        "radiation_sum_kwh_year": 685196.27834375,
        "radiation_sum": 685196.27834375,
        "radiation_point_count": 460.0,
        "use_type1": "MULTI_RES",
        "use_type2": "NONE",
        "use_type3": "NONE",
        "resi_type": null,
        "comparison_status": "matched",
        "validation_radiation_kwh_year": 685196.27834375,
        "ucea_radiation_kwh_year": 469169.80999999965,
        "workflow0_radiation_kwh_year": 464291.3500000006,
        "validation_area_m2": 279.1869714810557,
        "ucea_roofs_top_m2": 284.28,
        "err_ucea_minus_validation_kwh_year": 216026.4683437504,
        "err_ucea_abs_kwh_year": 216026.4683437504,
        "err_ucea_pct_of_validation": 31.52767683822328,
        "err_ucea_area_minus_validation_m2": 5.093028518944266,
        "err_ucea_area_pct_of_validation": 1.8242357413479282,
        "err_workflow0_minus_validation_kwh_year": 220904.92834374943,
        "err_workflow0_abs_kwh_year": 220904.92834374943,
        "err_workflow0_pct_of_validation": 32.23965677071667
      },
      "geometry": {
        "type": "Polygon",
        "coordinates": [
          [
            [
              -9.1361044,
              38.728543099999996
            ],
            [
              -9.1359929,
              38.7285368
            ],
            [
              -9.1360156,
              38.728272000000004
            ],
            [
              -9.1361217,
              38.728278100000004
            ],
            [
              -9.1361044,
              38.728543099999996
            ]
          ]
        ]
      }
    },
    {
      "type": "Feature",
      "properties": {
        "area_id": "Alameda_Arro",
        "osm_uid": "cea/332",
        "osmid": "332",
        "element_type": "cea_zone",
        "building": "yes",
        "cea_name": "B1332",
        "intersection_area_m2": 201.3975737114784,
        "is_residential": true,
        "residential_source": "cea",
        "radiation_sum_kwh_year": 481770.954625,
        "radiation_sum": 481770.954625,
        "radiation_point_count": 332.0,
        "use_type1": "MULTI_RES",
        "use_type2": "NONE",
        "use_type3": "NONE",
        "resi_type": null,
        "comparison_status": "matched",
        "validation_radiation_kwh_year": 481770.954625,
        "ucea_radiation_kwh_year": 316692.0799999998,
        "workflow0_radiation_kwh_year": 315435.41999999963,
        "validation_area_m2": 201.3975737114784,
        "ucea_roofs_top_m2": 208.38,
        "err_ucea_minus_validation_kwh_year": 165078.87462500023,
        "err_ucea_abs_kwh_year": 165078.87462500023,
        "err_ucea_pct_of_validation": 34.265011836069284,
        "err_ucea_area_minus_validation_m2": 6.982426288521594,
        "err_ucea_area_pct_of_validation": 3.466986299708158,
        "err_workflow0_minus_validation_kwh_year": 166335.53462500038,
        "err_workflow0_abs_kwh_year": 166335.53462500038,
        "err_workflow0_pct_of_validation": 34.52585362985868
      },
      "geometry": {
        "type": "Polygon",
        "coordinates": [
          [
            [
              -9.1361044,
              38.728543099999996
            ],
            [
              -9.1360961,
              38.728670699999995
            ],
            [
              -9.1359798,
              38.72866440000001
            ],
            [
              -9.1359319,
              38.728661900000006
            ],
            [
              -9.1359429,
              38.728534200000006
            ],
            [
              -9.1359929,
              38.7285368
            ],
            [
              -9.1361044,
              38.728543099999996
            ]
          ]
        ]
      }
    },
    {
      "type": "Feature",
      "properties": {
        "area_id": "Alameda_Arro",
        "osm_uid": "cea/333",
        "osmid": "333",
        "element_type": "cea_zone",
        "building": "yes",
        "cea_name": "B1333",
        "intersection_area_m2": 176.03387378689158,
        "is_residential": true,
        "residential_source": "cea",
        "radiation_sum_kwh_year": 418296.956375,
        "radiation_sum": 418296.956375,
        "radiation_point_count": 290.0,
        "use_type1": "MULTI_RES",
        "use_type2": "NONE",
        "use_type3": "NONE",
        "resi_type": null,
        "comparison_status": "matched",
        "validation_radiation_kwh_year": 418296.956375,
        "ucea_radiation_kwh_year": 297694.82000000036,
        "workflow0_radiation_kwh_year": 299725.55999999994,
        "validation_area_m2": 176.03387378689158,
        "ucea_roofs_top_m2": 179.5,
        "err_ucea_minus_validation_kwh_year": 120602.13637499965,
        "err_ucea_abs_kwh_year": 120602.13637499965,
        "err_ucea_pct_of_validation": 28.83170306094237,
        "err_ucea_area_minus_validation_m2": 3.4661262131084243,
        "err_ucea_area_pct_of_validation": 1.969010928717363,
        "err_workflow0_minus_validation_kwh_year": 118571.39637500007,
        "err_workflow0_abs_kwh_year": 118571.39637500007,
        "err_workflow0_pct_of_validation": 28.34622498871393
      },
      "geometry": {
        "type": "Polygon",
        "coordinates": [
          [
            [
              -9.135966500000002,
              38.728818399999994
            ],
            [
              -9.1359798,
              38.72866440000001
            ],
            [
              -9.1360961,
              38.728670699999995
            ],
            [
              -9.1360861,
              38.7288249
            ],
            [
              -9.135966500000002,
              38.728818399999994
            ]
          ]
        ]
      }
    },
    {
      "type": "Feature",
      "properties": {
        "area_id": "Alameda_Arro",
        "osm_uid": "cea/334",
        "osmid": "334",
        "element_type": "cea_zone",
        "building": "yes",
        "cea_name": "B1334",
        "intersection_area_m2": 127.41092657653769,
        "is_residential": true,
        "residential_source": "cea",
        "radiation_sum_kwh_year": 303438.5634375,
        "radiation_sum": 303438.5634375,
        "radiation_point_count": 211.0,
        "use_type1": "MULTI_RES",
        "use_type2": "NONE",
        "use_type3": "NONE",
        "resi_type": null,
        "comparison_status": "matched",
        "validation_radiation_kwh_year": 303438.5634375,
        "ucea_radiation_kwh_year": 210248.08000000013,
        "workflow0_radiation_kwh_year": 206898.62000000064,
        "validation_area_m2": 127.41092657653769,
        "ucea_roofs_top_m2": 132.7,
        "err_ucea_minus_validation_kwh_year": 93190.48343749985,
        "err_ucea_abs_kwh_year": 93190.48343749985,
        "err_ucea_pct_of_validation": 30.71148320167108,
        "err_ucea_area_minus_validation_m2": 5.289073423462298,
        "err_ucea_area_pct_of_validation": 4.151192967178581,
        "err_workflow0_minus_validation_kwh_year": 96539.94343749934,
        "err_workflow0_abs_kwh_year": 96539.94343749934,
        "err_workflow0_pct_of_validation": 31.815317850126828
      },
      "geometry": {
        "type": "Polygon",
        "coordinates": [
          [
            [
              -9.1359572,
              38.728927399999996
            ],
            [
              -9.135966500000002,
              38.728818399999994
            ],
            [
              -9.1360861,
              38.7288249
            ],
            [
              -9.136079,
              38.728933899999994
            ],
            [
              -9.1359572,
              38.728927399999996
            ]
          ]
        ]
      }
    },
    {
      "type": "Feature",
      "properties": {
        "area_id": "Alameda_Arro",
        "osm_uid": "cea/335",
        "osmid": "335",
        "element_type": "cea_zone",
        "building": "yes",
        "cea_name": "B1335",
        "intersection_area_m2": 307.4367720353565,
        "is_residential": true,
        "residential_source": "cea",
        "radiation_sum_kwh_year": 664286.45759375,
        "radiation_sum": 664286.45759375,
        "radiation_point_count": 508.0,
        "use_type1": "MULTI_RES",
        "use_type2": "NONE",
        "use_type3": "NONE",
        "resi_type": null,
        "comparison_status": "matched",
        "validation_radiation_kwh_year": 664286.45759375,
        "ucea_radiation_kwh_year": 526231.6100000003,
        "workflow0_radiation_kwh_year": 526279.1900000003,
        "validation_area_m2": 307.4367720353565,
        "ucea_roofs_top_m2": 315.7,
        "err_ucea_minus_validation_kwh_year": 138054.84759374964,
        "err_ucea_abs_kwh_year": 138054.84759374964,
        "err_ucea_pct_of_validation": 20.782426920733382,
        "err_ucea_area_minus_validation_m2": 8.263227964643477,
        "err_ucea_area_pct_of_validation": 2.6877812663519545,
        "err_workflow0_minus_validation_kwh_year": 138007.26759374968,
        "err_workflow0_abs_kwh_year": 138007.26759374968,
        "err_workflow0_pct_of_validation": 20.775264348102848
      },
      "geometry": {
        "type": "Polygon",
        "coordinates": [
          [
            [
              -9.1359353,
              38.72918240000001
            ],
            [
              -9.1359572,
              38.728927399999996
            ],
            [
              -9.136079,
              38.728933899999994
            ],
            [
              -9.1360624,
              38.72918909999999
            ],
            [
              -9.1359353,
              38.72918240000001
            ]
          ]
        ]
      }
    },
    {
      "type": "Feature",
      "properties": {
        "area_id": "Alameda_Arro",
        "osm_uid": "cea/336",
        "osmid": "336",
        "element_type": "cea_zone",
        "building": "yes",
        "cea_name": "B1336",
        "intersection_area_m2": 308.78039243220104,
        "is_residential": true,
        "residential_source": "cea",
        "radiation_sum_kwh_year": 736097.74815625,
        "radiation_sum": 736097.74815625,
        "radiation_point_count": 507.0,
        "use_type1": "MULTI_RES",
        "use_type2": "NONE",
        "use_type3": "NONE",
        "resi_type": null,
        "comparison_status": "matched",
        "validation_radiation_kwh_year": 736097.74815625,
        "ucea_radiation_kwh_year": 517219.36000000004,
        "workflow0_radiation_kwh_year": 523864.030000001,
        "validation_area_m2": 308.78039243220104,
        "ucea_roofs_top_m2": 314.41,
        "err_ucea_minus_validation_kwh_year": 218878.38815624994,
        "err_ucea_abs_kwh_year": 218878.38815624994,
        "err_ucea_pct_of_validation": 29.734962334077004,
        "err_ucea_area_minus_validation_m2": 5.629607567798985,
        "err_ucea_area_pct_of_validation": 1.823175209881592,
        "err_workflow0_minus_validation_kwh_year": 212233.71815624897,
        "err_workflow0_abs_kwh_year": 212233.71815624897,
        "err_workflow0_pct_of_validation": 28.83227379622394
      },
      "geometry": {
        "type": "Polygon",
        "coordinates": [
          [
            [
              -9.1359328,
              38.729211299999996
            ],
            [
              -9.1359353,
              38.72918240000001
            ],
            [
              -9.1360624,
              38.72918909999999
            ],
            [
              -9.1360488,
              38.72939850000001
            ],
            [
              -9.135918,
              38.729391500000006
            ],
            [
              -9.135890500000002,
              38.729390099999996
            ],
            [
              -9.135906,
              38.7292099
            ],
            [
              -9.1359328,
              38.729211299999996
            ]
          ]
        ]
      }
    },
    {
      "type": "Feature",
      "properties": {
        "area_id": "Alameda_Arro",
        "osm_uid": "cea/337",
        "osmid": "337",
        "element_type": "cea_zone",
        "building": "yes",
        "cea_name": "B1337",
        "intersection_area_m2": 133.54661992368383,
        "is_residential": true,
        "residential_source": "cea",
        "radiation_sum_kwh_year": 219381.469,
        "radiation_sum": 219381.469,
        "radiation_point_count": 219.0,
        "use_type1": "MULTI_RES",
        "use_type2": "NONE",
        "use_type3": "NONE",
        "resi_type": null,
        "comparison_status": "matched",
        "validation_radiation_kwh_year": 219381.469,
        "ucea_radiation_kwh_year": 225117.38999999975,
        "workflow0_radiation_kwh_year": 226486.68000000025,
        "validation_area_m2": 133.54661992368383,
        "ucea_roofs_top_m2": 138.52,
        "err_ucea_minus_validation_kwh_year": 5735.92099999974,
        "err_ucea_abs_kwh_year": 5735.92099999974,
        "err_ucea_pct_of_validation": 2.6145877435070597,
        "err_ucea_area_minus_validation_m2": 4.973380076316175,
        "err_ucea_area_pct_of_validation": 3.7240778382547224,
        "err_workflow0_minus_validation_kwh_year": 7105.211000000243,
        "err_workflow0_abs_kwh_year": 7105.211000000243,
        "err_workflow0_pct_of_validation": 3.2387471158743324
      },
      "geometry": {
        "type": "Polygon",
        "coordinates": [
          [
            [
              -9.135909,
              38.729496
            ],
            [
              -9.135918,
              38.729391500000006
            ],
            [
              -9.1360488,
              38.72939850000001
            ],
            [
              -9.136042,
              38.7295031
            ],
            [
              -9.135909,
              38.729496
            ]
          ]
        ]
      }
    },
    {
      "type": "Feature",
      "properties": {
        "area_id": "Alameda_Arro",
        "osm_uid": "cea/338",
        "osmid": "338",
        "element_type": "cea_zone",
        "building": "yes",
        "cea_name": "B1338",
        "intersection_area_m2": 240.58815797997158,
        "is_residential": true,
        "residential_source": "cea",
        "radiation_sum_kwh_year": 448519.8256875,
        "radiation_sum": 448519.8256875,
        "radiation_point_count": 400.0,
        "use_type1": "MULTI_RES",
        "use_type2": "NONE",
        "use_type3": "NONE",
        "resi_type": null,
        "comparison_status": "matched",
        "validation_radiation_kwh_year": 448519.8256875,
        "ucea_radiation_kwh_year": 359504.89000000013,
        "workflow0_radiation_kwh_year": 346521.3699999999,
        "validation_area_m2": 240.58815797997158,
        "ucea_roofs_top_m2": 240.62,
        "err_ucea_minus_validation_kwh_year": 89014.93568749988,
        "err_ucea_abs_kwh_year": 89014.93568749988,
        "err_ucea_pct_of_validation": 19.846377036077733,
        "err_ucea_area_minus_validation_m2": 0.03184202002842085,
        "err_ucea_area_pct_of_validation": 0.01323507370261824,
        "err_workflow0_minus_validation_kwh_year": 101998.45568750013,
        "err_workflow0_abs_kwh_year": 101998.45568750013,
        "err_workflow0_pct_of_validation": 22.74112532955592
      },
      "geometry": {
        "type": "Polygon",
        "coordinates": [
          [
            [
              -9.1360254,
              38.72962149999999
            ],
            [
              -9.1360146,
              38.72962619999999
            ],
            [
              -9.1360022,
              38.72962700000001
            ],
            [
              -9.1358183,
              38.7296144
            ],
            [
              -9.1358557,
              38.729493299999994
            ],
            [
              -9.135909,
              38.729496
            ],
            [
              -9.136042,
              38.7295031
            ],
            [
              -9.1360354,
              38.7296043
            ],
            [
              -9.1360328,
              38.72961380000001
            ],
            [
              -9.1360254,
              38.72962149999999
            ]
          ]
        ]
      }
    },
    {
      "type": "Feature",
      "properties": {
        "area_id": "Alameda_Arro",
        "osm_uid": "cea/339",
        "osmid": "339",
        "element_type": "cea_zone",
        "building": "yes",
        "cea_name": "B1339",
        "intersection_area_m2": 194.3788260624814,
        "is_residential": true,
        "residential_source": "cea",
        "radiation_sum_kwh_year": 473696.862375,
        "radiation_sum": 473696.862375,
        "radiation_point_count": 322.0,
        "use_type1": "MULTI_RES",
        "use_type2": "NONE",
        "use_type3": "NONE",
        "resi_type": null,
        "comparison_status": "matched",
        "validation_radiation_kwh_year": 473696.862375,
        "ucea_radiation_kwh_year": 331571.4400000006,
        "workflow0_radiation_kwh_year": 333918.10000000027,
        "validation_area_m2": 194.3788260624814,
        "ucea_roofs_top_m2": 194.38,
        "err_ucea_minus_validation_kwh_year": 142125.42237499944,
        "err_ucea_abs_kwh_year": 142125.42237499944,
        "err_ucea_pct_of_validation": 30.00345445870538,
        "err_ucea_area_minus_validation_m2": 0.001173937518586854,
        "err_ucea_area_pct_of_validation": 0.0006039431055157735,
        "err_workflow0_minus_validation_kwh_year": 139778.76237499976,
        "err_workflow0_abs_kwh_year": 139778.76237499976,
        "err_workflow0_pct_of_validation": 29.50806169037795
      },
      "geometry": {
        "type": "Polygon",
        "coordinates": [
          [
            [
              -9.1358105,
              38.73010430000001
            ],
            [
              -9.1360036,
              38.73010219999999
            ],
            [
              -9.1359982,
              38.73020639999999
            ],
            [
              -9.135803700000002,
              38.73020819999999
            ],
            [
              -9.1358105,
              38.73010430000001
            ]
          ]
        ]
      }
    },
    {
      "type": "Feature",
      "properties": {
        "area_id": "Alameda_Arro",
        "osm_uid": "cea/340",
        "osmid": "340",
        "element_type": "cea_zone",
        "building": "yes",
        "cea_name": "B1340",
        "intersection_area_m2": 505.35944414543894,
        "is_residential": true,
        "residential_source": "cea",
        "radiation_sum_kwh_year": 1178990.4677812501,
        "radiation_sum": 1178990.4677812501,
        "radiation_point_count": 832.0,
        "use_type1": "MULTI_RES",
        "use_type2": "NONE",
        "use_type3": "NONE",
        "resi_type": null,
        "comparison_status": "matched",
        "validation_radiation_kwh_year": 1178990.4677812501,
        "ucea_radiation_kwh_year": 837453.779999999,
        "workflow0_radiation_kwh_year": 840789.7000000019,
        "validation_area_m2": 505.35944414543894,
        "ucea_roofs_top_m2": 502.45,
        "err_ucea_minus_validation_kwh_year": 341536.68778125115,
        "err_ucea_abs_kwh_year": 341536.68778125115,
        "err_ucea_pct_of_validation": 28.96857074883661,
        "err_ucea_area_minus_validation_m2": 2.909444145438954,
        "err_ucea_area_pct_of_validation": 0.575717774575048,
        "err_workflow0_minus_validation_kwh_year": 338200.7677812482,
        "err_workflow0_abs_kwh_year": 338200.7677812482,
        "err_workflow0_pct_of_validation": 28.685623592675046
      },
      "geometry": {
        "type": "Polygon",
        "coordinates": [
          [
            [
              -9.13606,
              38.7281323
            ],
            [
              -9.1361308,
              38.7281369
            ],
            [
              -9.136128400000002,
              38.7281741
            ],
            [
              -9.1361217,
              38.728278100000004
            ],
            [
              -9.1360156,
              38.728272000000004
            ],
            [
              -9.1360192,
              38.728230200000006
            ],
            [
              -9.1358508,
              38.728221399999995
            ],
            [
              -9.1358471,
              38.7282641
            ],
            [
              -9.135696300000001,
              38.7282561
            ],
            [
              -9.1357101,
              38.7281181
            ],
            [
              -9.13606,
              38.7281323
            ]
          ]
        ]
      }
    },
    {
      "type": "Feature",
      "properties": {
        "area_id": "Alameda_Arro",
        "osm_uid": "cea/341",
        "osmid": "341",
        "element_type": "cea_zone",
        "building": "yes",
        "cea_name": "B1341",
        "intersection_area_m2": 124.19022913420072,
        "is_residential": true,
        "residential_source": "cea",
        "radiation_sum_kwh_year": 214657.74176562502,
        "radiation_sum": 214657.74176562502,
        "radiation_point_count": 201.0,
        "use_type1": "MULTI_RES",
        "use_type2": "NONE",
        "use_type3": "NONE",
        "resi_type": null,
        "comparison_status": "matched",
        "validation_radiation_kwh_year": 214657.74176562502,
        "ucea_radiation_kwh_year": 192891.94999999998,
        "workflow0_radiation_kwh_year": 211340.16000000035,
        "validation_area_m2": 124.19022913420072,
        "ucea_roofs_top_m2": 126.12,
        "err_ucea_minus_validation_kwh_year": 21765.791765625036,
        "err_ucea_abs_kwh_year": 21765.791765625036,
        "err_ucea_pct_of_validation": 10.139765557298237,
        "err_ucea_area_minus_validation_m2": 1.9297708657992843,
        "err_ucea_area_pct_of_validation": 1.553883006137272,
        "err_workflow0_minus_validation_kwh_year": 3317.5817656246654,
        "err_workflow0_abs_kwh_year": 3317.5817656246654,
        "err_workflow0_pct_of_validation": 1.5455216002630743
      },
      "geometry": {
        "type": "Polygon",
        "coordinates": [
          [
            [
              -9.135868900000002,
              38.727216999999996
            ],
            [
              -9.1360331,
              38.7272163
            ],
            [
              -9.13603,
              38.7272944
            ],
            [
              -9.135864,
              38.7272949
            ],
            [
              -9.135868900000002,
              38.727216999999996
            ]
          ]
        ]
      }
    },
    {
      "type": "Feature",
      "properties": {
        "area_id": "Alameda_Arro",
        "osm_uid": "cea/342",
        "osmid": "342",
        "element_type": "cea_zone",
        "building": "yes",
        "cea_name": "B1342",
        "intersection_area_m2": 173.9257330348313,
        "is_residential": true,
        "residential_source": "cea",
        "radiation_sum_kwh_year": 396849.3425,
        "radiation_sum": 396849.3425,
        "radiation_point_count": 287.0,
        "use_type1": "MULTI_RES",
        "use_type2": "NONE",
        "use_type3": "NONE",
        "resi_type": null,
        "comparison_status": "matched",
        "validation_radiation_kwh_year": 396849.3425,
        "ucea_radiation_kwh_year": 296331.97000000026,
        "workflow0_radiation_kwh_year": 296050.2499999999,
        "validation_area_m2": 173.9257330348313,
        "ucea_roofs_top_m2": 177.51,
        "err_ucea_minus_validation_kwh_year": 100517.37249999976,
        "err_ucea_abs_kwh_year": 100517.37249999976,
        "err_ucea_pct_of_validation": 25.328849448704773,
        "err_ucea_area_minus_validation_m2": 3.5842669651686947,
        "err_ucea_area_pct_of_validation": 2.0608031385734566,
        "err_workflow0_minus_validation_kwh_year": 100799.09250000014,
        "err_workflow0_abs_kwh_year": 100799.09250000014,
        "err_workflow0_pct_of_validation": 25.399838604999108
      },
      "geometry": {
        "type": "Polygon",
        "coordinates": [
          [
            [
              -9.1358051,
              38.728815999999995
            ],
            [
              -9.1357958,
              38.7289266
            ],
            [
              -9.135630300000003,
              38.7289176
            ],
            [
              -9.135641100000003,
              38.728810200000005
            ],
            [
              -9.1358051,
              38.728815999999995
            ]
          ]
        ]
      }
    },
    {
      "type": "Feature",
      "properties": {
        "area_id": "Alameda_Arro",
        "osm_uid": "cea/343",
        "osmid": "343",
        "element_type": "cea_zone",
        "building": "yes",
        "cea_name": "B1343",
        "intersection_area_m2": 77.6793831407311,
        "is_residential": true,
        "residential_source": "cea",
        "radiation_sum_kwh_year": 119199.60853125,
        "radiation_sum": 119199.60853125,
        "radiation_point_count": 131.0,
        "use_type1": "MULTI_RES",
        "use_type2": "NONE",
        "use_type3": "NONE",
        "resi_type": null,
        "comparison_status": "matched",
        "validation_radiation_kwh_year": 119199.60853125,
        "ucea_radiation_kwh_year": 125608.91000000003,
        "workflow0_radiation_kwh_year": 128618.78999999988,
        "validation_area_m2": 77.6793831407311,
        "ucea_roofs_top_m2": 77.68,
        "err_ucea_minus_validation_kwh_year": 6409.301468750025,
        "err_ucea_abs_kwh_year": 6409.301468750025,
        "err_ucea_pct_of_validation": 5.37694842099228,
        "err_ucea_area_minus_validation_m2": 0.0006168592689022034,
        "err_ucea_area_pct_of_validation": 0.000794109381358815,
        "err_workflow0_minus_validation_kwh_year": 9419.18146874987,
        "err_workflow0_abs_kwh_year": 9419.18146874987,
        "err_workflow0_pct_of_validation": 7.902023827771622
      },
      "geometry": {
        "type": "Polygon",
        "coordinates": [
          [
            [
              -9.1359254,
              38.727383200000006
            ],
            [
              -9.1360265,
              38.7273856
            ],
            [
              -9.1360236,
              38.72746510000001
            ],
            [
              -9.1359224,
              38.72746279999999
            ],
            [
              -9.1359254,
              38.727383200000006
            ]
          ]
        ]
      }
    },
    {
      "type": "Feature",
      "properties": {
        "area_id": "Alameda_Arro",
        "osm_uid": "cea/344",
        "osmid": "344",
        "element_type": "cea_zone",
        "building": "yes",
        "cea_name": "B1344",
        "intersection_area_m2": 209.41346976697122,
        "is_residential": true,
        "residential_source": "cea",
        "radiation_sum_kwh_year": 416664.775,
        "radiation_sum": 416664.775,
        "radiation_point_count": 344.0,
        "use_type1": "MULTI_RES",
        "use_type2": "NONE",
        "use_type3": "NONE",
        "resi_type": null,
        "comparison_status": "matched",
        "validation_radiation_kwh_year": 416664.775,
        "ucea_radiation_kwh_year": 359496.04000000196,
        "workflow0_radiation_kwh_year": 359415.3800000017,
        "validation_area_m2": 209.41346976697122,
        "ucea_roofs_top_m2": 213.69,
        "err_ucea_minus_validation_kwh_year": 57168.734999998065,
        "err_ucea_abs_kwh_year": 57168.734999998065,
        "err_ucea_pct_of_validation": 13.720558691335993,
        "err_ucea_area_minus_validation_m2": 4.2765302330287795,
        "err_ucea_area_pct_of_validation": 2.0421466860692243,
        "err_workflow0_minus_validation_kwh_year": 57249.39499999833,
        "err_workflow0_abs_kwh_year": 57249.39499999833,
        "err_workflow0_pct_of_validation": 13.739917179223593
      },
      "geometry": {
        "type": "Polygon",
        "coordinates": [
          [
            [
              -9.1356695,
              38.72852340000001
            ],
            [
              -9.1358296,
              38.7285319
            ],
            [
              -9.1358181,
              38.72866609999999
            ],
            [
              -9.1356561,
              38.7286575
            ],
            [
              -9.1356695,
              38.72852340000001
            ]
          ]
        ]
      }
    },
    {
      "type": "Feature",
      "properties": {
        "area_id": "Alameda_Arro",
        "osm_uid": "cea/345",
        "osmid": "345",
        "element_type": "cea_zone",
        "building": "yes",
        "cea_name": "B1345",
        "intersection_area_m2": 238.84481936397202,
        "is_residential": true,
        "residential_source": "cea",
        "radiation_sum_kwh_year": 527965.39625,
        "radiation_sum": 527965.39625,
        "radiation_point_count": 392.0,
        "use_type1": "MULTI_RES",
        "use_type2": "NONE",
        "use_type3": "NONE",
        "resi_type": null,
        "comparison_status": "matched",
        "validation_radiation_kwh_year": 527965.39625,
        "ucea_radiation_kwh_year": 383661.4399999989,
        "workflow0_radiation_kwh_year": 384068.3200000011,
        "validation_area_m2": 238.84481936397202,
        "ucea_roofs_top_m2": 241.16,
        "err_ucea_minus_validation_kwh_year": 144303.9562500011,
        "err_ucea_abs_kwh_year": 144303.9562500011,
        "err_ucea_pct_of_validation": 27.332086018317547,
        "err_ucea_area_minus_validation_m2": 2.315180636027975,
        "err_ucea_area_pct_of_validation": 0.9693242006224577,
        "err_workflow0_minus_validation_kwh_year": 143897.07624999888,
        "err_workflow0_abs_kwh_year": 143897.07624999888,
        "err_workflow0_pct_of_validation": 27.25502036157334
      },
      "geometry": {
        "type": "Polygon",
        "coordinates": [
          [
            [
              -9.135641100000003,
              38.728810200000005
            ],
            [
              -9.1356561,
              38.7286575
            ],
            [
              -9.1358181,
              38.72866609999999
            ],
            [
              -9.1358051,
              38.728815999999995
            ],
            [
              -9.135641100000003,
              38.728810200000005
            ]
          ]
        ]
      }
    },
    {
      "type": "Feature",
      "properties": {
        "area_id": "Alameda_Arro",
        "osm_uid": "cea/346",
        "osmid": "346",
        "element_type": "cea_zone",
        "building": "yes",
        "cea_name": "B1346",
        "intersection_area_m2": 153.13257710101183,
        "is_residential": true,
        "residential_source": "cea",
        "radiation_sum_kwh_year": 319798.284296875,
        "radiation_sum": 319798.284296875,
        "radiation_point_count": 254.0,
        "use_type1": "MULTI_RES",
        "use_type2": "NONE",
        "use_type3": "NONE",
        "resi_type": null,
        "comparison_status": "matched",
        "validation_radiation_kwh_year": 319798.284296875,
        "ucea_radiation_kwh_year": 268744.44999999995,
        "workflow0_radiation_kwh_year": 264598.1699999996,
        "validation_area_m2": 153.13257710101183,
        "ucea_roofs_top_m2": 156.12,
        "err_ucea_minus_validation_kwh_year": 51053.83429687505,
        "err_ucea_abs_kwh_year": 51053.83429687505,
        "err_ucea_pct_of_validation": 15.964386553581624,
        "err_ucea_area_minus_validation_m2": 2.9874228989881715,
        "err_ucea_area_pct_of_validation": 1.9508735211956618,
        "err_workflow0_minus_validation_kwh_year": 55200.11429687543,
        "err_workflow0_abs_kwh_year": 55200.11429687543,
        "err_workflow0_pct_of_validation": 17.26091633613396
      },
      "geometry": {
        "type": "Polygon",
        "coordinates": [
          [
            [
              -9.1356942,
              38.729482999999995
            ],
            [
              -9.1355742,
              38.7294765
            ],
            [
              -9.1355843,
              38.72937579999999
            ],
            [
              -9.1357404,
              38.7293843
            ],
            [
              -9.1357318,
              38.729485000000004
            ],
            [
              -9.1356942,
              38.729482999999995
            ]
          ]
        ]
      }
    },
    {
      "type": "Feature",
      "properties": {
        "area_id": "Alameda_Arro",
        "osm_uid": "cea/347",
        "osmid": "347",
        "element_type": "cea_zone",
        "building": "yes",
        "cea_name": "B1347",
        "intersection_area_m2": 490.65472615641903,
        "is_residential": true,
        "residential_source": "cea",
        "radiation_sum_kwh_year": 1147142.14775,
        "radiation_sum": 1147142.14775,
        "radiation_point_count": 812.0,
        "use_type1": "MULTI_RES",
        "use_type2": "NONE",
        "use_type3": "NONE",
        "resi_type": null,
        "comparison_status": "matched",
        "validation_radiation_kwh_year": 1147142.14775,
        "ucea_radiation_kwh_year": 840886.020000002,
        "workflow0_radiation_kwh_year": 840850.9999999999,
        "validation_area_m2": 490.65472615641903,
        "ucea_roofs_top_m2": 502.05,
        "err_ucea_minus_validation_kwh_year": 306256.127749998,
        "err_ucea_abs_kwh_year": 306256.127749998,
        "err_ucea_pct_of_validation": 26.697312826547915,
        "err_ucea_area_minus_validation_m2": 11.39527384358098,
        "err_ucea_area_pct_of_validation": 2.3224628717727276,
        "err_workflow0_minus_validation_kwh_year": 306291.1477500001,
        "err_workflow0_abs_kwh_year": 306291.1477500001,
        "err_workflow0_pct_of_validation": 26.70036563042848
      },
      "geometry": {
        "type": "Polygon",
        "coordinates": [
          [
            [
              -9.135630300000003,
              38.7289176
            ],
            [
              -9.1357958,
              38.7289266
            ],
            [
              -9.1358173,
              38.7289277
            ],
            [
              -9.1357941,
              38.72919569999999
            ],
            [
              -9.1357688,
              38.729194400000004
            ],
            [
              -9.1356033,
              38.72918549999999
            ],
            [
              -9.135630300000003,
              38.7289176
            ]
          ]
        ]
      }
    },
    {
      "type": "Feature",
      "properties": {
        "area_id": "Alameda_Arro",
        "osm_uid": "cea/348",
        "osmid": "348",
        "element_type": "cea_zone",
        "building": "yes",
        "cea_name": "B1348",
        "intersection_area_m2": 305.1325636547706,
        "is_residential": true,
        "residential_source": "cea",
        "radiation_sum_kwh_year": 658961.1357187501,
        "radiation_sum": 658961.1357187501,
        "radiation_point_count": 503.0,
        "use_type1": "MULTI_RES",
        "use_type2": "NONE",
        "use_type3": "NONE",
        "resi_type": null,
        "comparison_status": "matched",
        "validation_radiation_kwh_year": 658961.1357187501,
        "ucea_radiation_kwh_year": 527293.5999999987,
        "workflow0_radiation_kwh_year": 512953.9699999989,
        "validation_area_m2": 305.1325636547706,
        "ucea_roofs_top_m2": 312.91,
        "err_ucea_minus_validation_kwh_year": 131667.53571875137,
        "err_ucea_abs_kwh_year": 131667.53571875137,
        "err_ucea_pct_of_validation": 19.98107757525599,
        "err_ucea_area_minus_validation_m2": 7.777436345229432,
        "err_ucea_area_pct_of_validation": 2.5488713010745343,
        "err_workflow0_minus_validation_kwh_year": 146007.16571875114,
        "err_workflow0_abs_kwh_year": 146007.16571875114,
        "err_workflow0_pct_of_validation": 22.157174043275926
      },
      "geometry": {
        "type": "Polygon",
        "coordinates": [
          [
            [
              -9.1357688,
              38.729194400000004
            ],
            [
              -9.1357545,
              38.7293609
            ],
            [
              -9.1357425,
              38.7293602
            ],
            [
              -9.1357404,
              38.7293843
            ],
            [
              -9.1355843,
              38.72937579999999
            ],
            [
              -9.1356033,
              38.72918549999999
            ],
            [
              -9.1357688,
              38.729194400000004
            ]
          ]
        ]
      }
    },
    {
      "type": "Feature",
      "properties": {
        "area_id": "Alameda_Arro",
        "osm_uid": "cea/349",
        "osmid": "349",
        "element_type": "cea_zone",
        "building": "yes",
        "cea_name": "B1349",
        "intersection_area_m2": 71.2682309859089,
        "is_residential": true,
        "residential_source": "cea",
        "radiation_sum_kwh_year": 63661.33178125,
        "radiation_sum": 63661.33178125,
        "radiation_point_count": 117.0,
        "use_type1": "MULTI_RES",
        "use_type2": "NONE",
        "use_type3": "NONE",
        "resi_type": null,
        "comparison_status": "matched",
        "validation_radiation_kwh_year": 63661.33178125,
        "ucea_radiation_kwh_year": 76830.09999999987,
        "workflow0_radiation_kwh_year": 98413.94999999959,
        "validation_area_m2": 71.2682309859089,
        "ucea_roofs_top_m2": 73.14,
        "err_ucea_minus_validation_kwh_year": 13168.768218749872,
        "err_ucea_abs_kwh_year": 13168.768218749872,
        "err_ucea_pct_of_validation": 20.685662474042733,
        "err_ucea_area_minus_validation_m2": 1.8717690140911003,
        "err_ucea_area_pct_of_validation": 2.6263722112889054,
        "err_workflow0_minus_validation_kwh_year": 34752.61821874959,
        "err_workflow0_abs_kwh_year": 34752.61821874959,
        "err_workflow0_pct_of_validation": 54.58983851950327
      },
      "geometry": {
        "type": "Polygon",
        "coordinates": [
          [
            [
              -9.136357,
              38.7303126
            ],
            [
              -9.1363584,
              38.730356
            ],
            [
              -9.1361877,
              38.73035600000001
            ],
            [
              -9.136185,
              38.73034549999999
            ],
            [
              -9.1361808,
              38.7303296
            ],
            [
              -9.136177,
              38.7303152
            ],
            [
              -9.136357,
              38.7303126
            ]
          ]
        ]
      }
    },
    {
      "type": "Feature",
      "properties": {
        "area_id": "Alameda_Arro",
        "osm_uid": "cea/351",
        "osmid": "351",
        "element_type": "cea_zone",
        "building": "yes",
        "cea_name": "B1351",
        "intersection_area_m2": 94.06354857619725,
        "is_residential": true,
        "residential_source": "cea",
        "radiation_sum_kwh_year": 206503.58203125,
        "radiation_sum": 206503.58203125,
        "radiation_point_count": 164.0,
        "use_type1": "MULTI_RES",
        "use_type2": "NONE",
        "use_type3": "NONE",
        "resi_type": null,
        "comparison_status": "matched",
        "validation_radiation_kwh_year": 206503.58203125,
        "ucea_radiation_kwh_year": 142373.3100000005,
        "workflow0_radiation_kwh_year": 154186.0099999998,
        "validation_area_m2": 94.06354857619725,
        "ucea_roofs_top_m2": 94.06,
        "err_ucea_minus_validation_kwh_year": 64130.27203124951,
        "err_ucea_abs_kwh_year": 64130.27203124951,
        "err_ucea_pct_of_validation": 31.055283109590192,
        "err_ucea_area_minus_validation_m2": 0.003548576197246689,
        "err_ucea_area_pct_of_validation": 0.0037725306465257627,
        "err_workflow0_minus_validation_kwh_year": 52317.572031250194,
        "err_workflow0_abs_kwh_year": 52317.572031250194,
        "err_workflow0_pct_of_validation": 25.33494650147668
      },
      "geometry": {
        "type": "Polygon",
        "coordinates": [
          [
            [
              -9.1361675,
              38.7275727
            ],
            [
              -9.1360195,
              38.727573
            ],
            [
              -9.1360221,
              38.727503500000005
            ],
            [
              -9.1361715,
              38.727511199999995
            ],
            [
              -9.1361702,
              38.7275317
            ],
            [
              -9.1361688,
              38.7275522
            ],
            [
              -9.1361675,
              38.7275727
            ]
          ]
        ]
      }
    },
    {
      "type": "Feature",
      "properties": {
        "area_id": "Alameda_Arro",
        "osm_uid": "cea/353",
        "osmid": "353",
        "element_type": "cea_zone",
        "building": "yes",
        "cea_name": "B1353",
        "intersection_area_m2": 118.10070826111692,
        "is_residential": true,
        "residential_source": "cea",
        "radiation_sum_kwh_year": 235156.508375,
        "radiation_sum": 235156.508375,
        "radiation_point_count": 195.0,
        "use_type1": "MULTI_RES",
        "use_type2": "NONE",
        "use_type3": "NONE",
        "resi_type": null,
        "comparison_status": "matched",
        "validation_radiation_kwh_year": 235156.508375,
        "ucea_radiation_kwh_year": 177782.83999999965,
        "workflow0_radiation_kwh_year": 187488.46000000014,
        "validation_area_m2": 118.10070826111692,
        "ucea_roofs_top_m2": 118.1,
        "err_ucea_minus_validation_kwh_year": 57373.66837500036,
        "err_ucea_abs_kwh_year": 57373.66837500036,
        "err_ucea_pct_of_validation": 24.39807801683616,
        "err_ucea_area_minus_validation_m2": 0.0007082611169266784,
        "err_ucea_area_pct_of_validation": 0.0005997094575933749,
        "err_workflow0_minus_validation_kwh_year": 47668.04837499987,
        "err_workflow0_abs_kwh_year": 47668.04837499987,
        "err_workflow0_pct_of_validation": 20.270775707804123
      },
      "geometry": {
        "type": "Polygon",
        "coordinates": [
          [
            [
              -9.13603,
              38.7272944
            ],
            [
              -9.1360331,
              38.7272163
            ],
            [
              -9.1361907,
              38.7272157
            ],
            [
              -9.136189,
              38.727241799999994
            ],
            [
              -9.1361873,
              38.7272679
            ],
            [
              -9.1361856,
              38.727294
            ],
            [
              -9.13603,
              38.7272944
            ]
          ]
        ]
      }
    },
    {
      "type": "Feature",
      "properties": {
        "area_id": "Alameda_Arro",
        "osm_uid": "cea/354",
        "osmid": "354",
        "element_type": "cea_zone",
        "building": "yes",
        "cea_name": "B1354",
        "intersection_area_m2": 279.90247960383266,
        "is_residential": true,
        "residential_source": "cea",
        "radiation_sum_kwh_year": 553368.807125,
        "radiation_sum": 553368.807125,
        "radiation_point_count": 460.0,
        "use_type1": "MULTI_RES",
        "use_type2": "NONE",
        "use_type3": "NONE",
        "resi_type": null,
        "comparison_status": "matched",
        "validation_radiation_kwh_year": 553368.807125,
        "ucea_radiation_kwh_year": 457667.99999999965,
        "workflow0_radiation_kwh_year": 443413.5199999993,
        "validation_area_m2": 279.90247960383266,
        "ucea_roofs_top_m2": 270.73,
        "err_ucea_minus_validation_kwh_year": 95700.8071250004,
        "err_ucea_abs_kwh_year": 95700.8071250004,
        "err_ucea_pct_of_validation": 17.29421786931019,
        "err_ucea_area_minus_validation_m2": 9.172479603832642,
        "err_ucea_area_pct_of_validation": 3.2770269190952335,
        "err_workflow0_minus_validation_kwh_year": 109955.28712500073,
        "err_workflow0_abs_kwh_year": 109955.28712500073,
        "err_workflow0_pct_of_validation": 19.870163570705753
      },
      "geometry": {
        "type": "Polygon",
        "coordinates": [
          [
            [
              -9.1355953,
              38.729599199999996
            ],
            [
              -9.1355826,
              38.72959670000001
            ],
            [
              -9.1355723,
              38.72959039999999
            ],
            [
              -9.135566,
              38.72958149999999
            ],
            [
              -9.1355647,
              38.7295713
            ],
            [
              -9.1355742,
              38.7294765
            ],
            [
              -9.1356942,
              38.729482999999995
            ],
            [
              -9.1356911,
              38.729518
            ],
            [
              -9.1358,
              38.729523699999994
            ],
            [
              -9.1358029,
              38.729490500000004
            ],
            [
              -9.1358557,
              38.729493299999994
            ],
            [
              -9.1358183,
              38.7296144
            ],
            [
              -9.1355953,
              38.729599199999996
            ]
          ]
        ]
      }
    },
    {
      "type": "Feature",
      "properties": {
        "area_id": "Alameda_Arro",
        "osm_uid": "cea/355",
        "osmid": "355",
        "element_type": "cea_zone",
        "building": "yes",
        "cea_name": "B1355",
        "intersection_area_m2": 159.11297402005636,
        "is_residential": true,
        "residential_source": "cea",
        "radiation_sum_kwh_year": 333557.27534375,
        "radiation_sum": 333557.27534375,
        "radiation_point_count": 255.0,
        "use_type1": "MULTI_RES",
        "use_type2": "NONE",
        "use_type3": "NONE",
        "resi_type": null,
        "comparison_status": "matched",
        "validation_radiation_kwh_year": 333557.27534375,
        "ucea_radiation_kwh_year": 272652.5500000001,
        "workflow0_radiation_kwh_year": 273747.0200000002,
        "validation_area_m2": 159.11297402005636,
        "ucea_roofs_top_m2": 162.22,
        "err_ucea_minus_validation_kwh_year": 60904.72534374992,
        "err_ucea_abs_kwh_year": 60904.72534374992,
        "err_ucea_pct_of_validation": 18.25915063042294,
        "err_ucea_area_minus_validation_m2": 3.107025979943643,
        "err_ucea_area_pct_of_validation": 1.952716929011709,
        "err_workflow0_minus_validation_kwh_year": 59810.25534374983,
        "err_workflow0_abs_kwh_year": 59810.25534374983,
        "err_workflow0_pct_of_validation": 17.931030070356556
      },
      "geometry": {
        "type": "Polygon",
        "coordinates": [
          [
            [
              -9.1378048,
              38.72811159999999
            ],
            [
              -9.1378068,
              38.728221
            ],
            [
              -9.1376565,
              38.728222699999996
            ],
            [
              -9.1376536,
              38.72811329999999
            ],
            [
              -9.1378048,
              38.72811159999999
            ]
          ]
        ]
      }
    },
    {
      "type": "Feature",
      "properties": {
        "area_id": "Alameda_Arro",
        "osm_uid": "cea/356",
        "osmid": "356",
        "element_type": "cea_zone",
        "building": "yes",
        "cea_name": "B1356",
        "intersection_area_m2": 311.5144007656233,
        "is_residential": true,
        "residential_source": "cea",
        "radiation_sum_kwh_year": 729901.907625,
        "radiation_sum": 729901.907625,
        "radiation_point_count": 509.0,
        "use_type1": "MULTI_RES",
        "use_type2": "NONE",
        "use_type3": "NONE",
        "resi_type": null,
        "comparison_status": "matched",
        "validation_radiation_kwh_year": 729901.907625,
        "ucea_radiation_kwh_year": 426095.62999999995,
        "workflow0_radiation_kwh_year": 424081.9199999987,
        "validation_area_m2": 311.5144007656233,
        "ucea_roofs_top_m2": 319.92,
        "err_ucea_minus_validation_kwh_year": 303806.27762500005,
        "err_ucea_abs_kwh_year": 303806.27762500005,
        "err_ucea_pct_of_validation": 41.622891302414004,
        "err_ucea_area_minus_validation_m2": 8.405599234376723,
        "err_ucea_area_pct_of_validation": 2.6983019769609027,
        "err_workflow0_minus_validation_kwh_year": 305819.9876250013,
        "err_workflow0_abs_kwh_year": 305819.9876250013,
        "err_workflow0_pct_of_validation": 41.89877905924336
      },
      "geometry": {
        "type": "Polygon",
        "coordinates": [
          [
            [
              -9.1378068,
              38.728221
            ],
            [
              -9.1378108,
              38.728437099999994
            ],
            [
              -9.1376622,
              38.72843869999999
            ],
            [
              -9.1376565,
              38.728222699999996
            ],
            [
              -9.1378068,
              38.728221
            ]
          ]
        ]
      }
    },
    {
      "type": "Feature",
      "properties": {
        "area_id": "Alameda_Arro",
        "osm_uid": "cea/357",
        "osmid": "357",
        "element_type": "cea_zone",
        "building": "yes",
        "cea_name": "B1357",
        "intersection_area_m2": 158.45809150912112,
        "is_residential": true,
        "residential_source": "cea",
        "radiation_sum_kwh_year": 302040.79918750003,
        "radiation_sum": 302040.79918750003,
        "radiation_point_count": 266.0,
        "use_type1": "MULTI_RES",
        "use_type2": "NONE",
        "use_type3": "NONE",
        "resi_type": null,
        "comparison_status": "matched",
        "validation_radiation_kwh_year": 302040.79918750003,
        "ucea_radiation_kwh_year": 237223.01999999976,
        "workflow0_radiation_kwh_year": 240047.61999999895,
        "validation_area_m2": 158.45809150912112,
        "ucea_roofs_top_m2": 162.69,
        "err_ucea_minus_validation_kwh_year": 64817.77918750027,
        "err_ucea_abs_kwh_year": 64817.77918750027,
        "err_ucea_pct_of_validation": 21.459941624397196,
        "err_ucea_area_minus_validation_m2": 4.2319084908788795,
        "err_ucea_area_pct_of_validation": 2.6706799574417968,
        "err_workflow0_minus_validation_kwh_year": 61993.17918750108,
        "err_workflow0_abs_kwh_year": 61993.17918750108,
        "err_workflow0_pct_of_validation": 20.524769949710382
      },
      "geometry": {
        "type": "Polygon",
        "coordinates": [
          [
            [
              -9.1378108,
              38.728437099999994
            ],
            [
              -9.1378349,
              38.72843689999999
            ],
            [
              -9.1378366,
              38.72853219999999
            ],
            [
              -9.1376647,
              38.728534
            ],
            [
              -9.1376622,
              38.72843869999999
            ],
            [
              -9.1378108,
              38.728437099999994
            ]
          ]
        ]
      }
    },
    {
      "type": "Feature",
      "properties": {
        "area_id": "Alameda_Arro",
        "osm_uid": "cea/358",
        "osmid": "358",
        "element_type": "cea_zone",
        "building": "yes",
        "cea_name": "B1358",
        "intersection_area_m2": 181.17017602672067,
        "is_residential": true,
        "residential_source": "cea",
        "radiation_sum_kwh_year": 422554.4975625,
        "radiation_sum": 422554.4975625,
        "radiation_point_count": 303.0,
        "use_type1": "MULTI_RES",
        "use_type2": "NONE",
        "use_type3": "NONE",
        "resi_type": null,
        "comparison_status": "matched",
        "validation_radiation_kwh_year": 422554.4975625,
        "ucea_radiation_kwh_year": 234852.7300000005,
        "workflow0_radiation_kwh_year": 227017.53000000038,
        "validation_area_m2": 181.17017602672067,
        "ucea_roofs_top_m2": 188.56,
        "err_ucea_minus_validation_kwh_year": 187701.7675624995,
        "err_ucea_abs_kwh_year": 187701.7675624995,
        "err_ucea_pct_of_validation": 44.420724106654795,
        "err_ucea_area_minus_validation_m2": 7.389823973279334,
        "err_ucea_area_pct_of_validation": 4.078940659741598,
        "err_workflow0_minus_validation_kwh_year": 195536.96756249963,
        "err_workflow0_abs_kwh_year": 195536.96756249963,
        "err_workflow0_pct_of_validation": 46.27497013768686
      },
      "geometry": {
        "type": "Polygon",
        "coordinates": [
          [
            [
              -9.1376472,
              38.727868
            ],
            [
              -9.1376437,
              38.727733300000004
            ],
            [
              -9.1377834,
              38.727731500000004
            ],
            [
              -9.1377862,
              38.7278663
            ],
            [
              -9.1376472,
              38.727868
            ]
          ]
        ]
      }
    },
    {
      "type": "Feature",
      "properties": {
        "area_id": "Alameda_Arro",
        "osm_uid": "cea/359",
        "osmid": "359",
        "element_type": "cea_zone",
        "building": "yes",
        "cea_name": "B1359",
        "intersection_area_m2": 285.8326052273292,
        "is_residential": true,
        "residential_source": "cea",
        "radiation_sum_kwh_year": 683913.820421875,
        "radiation_sum": 683913.820421875,
        "radiation_point_count": 465.0,
        "use_type1": "MULTI_RES",
        "use_type2": "NONE",
        "use_type3": "NONE",
        "resi_type": null,
        "comparison_status": "matched",
        "validation_radiation_kwh_year": 683913.820421875,
        "ucea_radiation_kwh_year": 364620.65999999817,
        "workflow0_radiation_kwh_year": 366381.00000000006,
        "validation_area_m2": 285.8326052273292,
        "ucea_roofs_top_m2": 292.04,
        "err_ucea_minus_validation_kwh_year": 319293.1604218768,
        "err_ucea_abs_kwh_year": 319293.1604218768,
        "err_ucea_pct_of_validation": 46.686168766836666,
        "err_ucea_area_minus_validation_m2": 6.207394772670796,
        "err_ucea_area_pct_of_validation": 2.171688834356008,
        "err_workflow0_minus_validation_kwh_year": 317532.82042187493,
        "err_workflow0_abs_kwh_year": 317532.82042187493,
        "err_workflow0_pct_of_validation": 46.42877668797562
      },
      "geometry": {
        "type": "Polygon",
        "coordinates": [
          [
            [
              -9.1376647,
              38.728534
            ],
            [
              -9.1378366,
              38.72853219999999
            ],
            [
              -9.1378398,
              38.7287052
            ],
            [
              -9.1378125,
              38.72870549999999
            ],
            [
              -9.1376692,
              38.728707
            ],
            [
              -9.1376647,
              38.728534
            ]
          ]
        ]
      }
    },
    {
      "type": "Feature",
      "properties": {
        "area_id": "Alameda_Arro",
        "osm_uid": "cea/360",
        "osmid": "360",
        "element_type": "cea_zone",
        "building": "yes",
        "cea_name": "B1360",
        "intersection_area_m2": 96.3669503545701,
        "is_residential": true,
        "residential_source": "cea",
        "radiation_sum_kwh_year": 86187.455703125,
        "radiation_sum": 86187.455703125,
        "radiation_point_count": 160.0,
        "use_type1": "MULTI_RES",
        "use_type2": "NONE",
        "use_type3": "NONE",
        "resi_type": null,
        "comparison_status": "matched",
        "validation_radiation_kwh_year": 86187.455703125,
        "ucea_radiation_kwh_year": 149095.7500000002,
        "workflow0_radiation_kwh_year": 150501.4800000005,
        "validation_area_m2": 96.3669503545701,
        "ucea_roofs_top_m2": 96.25,
        "err_ucea_minus_validation_kwh_year": 62908.2942968752,
        "err_ucea_abs_kwh_year": 62908.2942968752,
        "err_ucea_pct_of_validation": 72.99008165824561,
        "err_ucea_area_minus_validation_m2": 0.1169503545700934,
        "err_ucea_area_pct_of_validation": 0.1213594018901597,
        "err_workflow0_minus_validation_kwh_year": 64314.024296875505,
        "err_workflow0_abs_kwh_year": 64314.024296875505,
        "err_workflow0_pct_of_validation": 74.62109627462131
      },
      "geometry": {
        "type": "Polygon",
        "coordinates": [
          [
            [
              -9.1376711,
              38.7287769
            ],
            [
              -9.1376692,
              38.728707
            ],
            [
              -9.1378125,
              38.72870549999999
            ],
            [
              -9.1378138,
              38.7287753
            ],
            [
              -9.1376711,
              38.7287769
            ]
          ]
        ]
      }
    },
    {
      "type": "Feature",
      "properties": {
        "area_id": "Alameda_Arro",
        "osm_uid": "cea/362",
        "osmid": "362",
        "element_type": "cea_zone",
        "building": "yes",
        "cea_name": "B1362",
        "intersection_area_m2": 148.14866566988576,
        "is_residential": true,
        "residential_source": "cea",
        "radiation_sum_kwh_year": 365306.8945625,
        "radiation_sum": 365306.8945625,
        "radiation_point_count": 243.0,
        "use_type1": "MULTI_RES",
        "use_type2": "NONE",
        "use_type3": "NONE",
        "resi_type": null,
        "comparison_status": "matched",
        "validation_radiation_kwh_year": 365306.8945625,
        "ucea_radiation_kwh_year": 246102.4100000002,
        "workflow0_radiation_kwh_year": 246729.28000000044,
        "validation_area_m2": 148.14866566988576,
        "ucea_roofs_top_m2": 148.01,
        "err_ucea_minus_validation_kwh_year": 119204.4845624998,
        "err_ucea_abs_kwh_year": 119204.4845624998,
        "err_ucea_pct_of_validation": 32.631326245638434,
        "err_ucea_area_minus_validation_m2": 0.13866566988576778,
        "err_ucea_area_pct_of_validation": 0.09359900020615199,
        "err_workflow0_minus_validation_kwh_year": 118577.61456249957,
        "err_workflow0_abs_kwh_year": 118577.61456249957,
        "err_workflow0_pct_of_validation": 32.45972532341906
      },
      "geometry": {
        "type": "Polygon",
        "coordinates": [
          [
            [
              -9.1376753,
              38.72893849999999
            ],
            [
              -9.1376726,
              38.7288347
            ],
            [
              -9.1378173,
              38.7288331
            ],
            [
              -9.1378265,
              38.72893680000001
            ],
            [
              -9.1376753,
              38.72893849999999
            ]
          ]
        ]
      }
    },
    {
      "type": "Feature",
      "properties": {
        "area_id": "Alameda_Arro",
        "osm_uid": "cea/363",
        "osmid": "363",
        "element_type": "cea_zone",
        "building": "yes",
        "cea_name": "B1363",
        "intersection_area_m2": 217.34130073643846,
        "is_residential": true,
        "residential_source": "cea",
        "radiation_sum_kwh_year": 442346.55350000004,
        "radiation_sum": 442346.55350000004,
        "radiation_point_count": 357.0,
        "use_type1": "MULTI_RES",
        "use_type2": "NONE",
        "use_type3": "NONE",
        "resi_type": null,
        "comparison_status": "matched",
        "validation_radiation_kwh_year": 442346.55350000004,
        "ucea_radiation_kwh_year": 359451.3400000003,
        "workflow0_radiation_kwh_year": 354815.6699999994,
        "validation_area_m2": 217.34130073643846,
        "ucea_roofs_top_m2": 222.42,
        "err_ucea_minus_validation_kwh_year": 82895.21349999972,
        "err_ucea_abs_kwh_year": 82895.21349999972,
        "err_ucea_pct_of_validation": 18.73988004294459,
        "err_ucea_area_minus_validation_m2": 5.078699263561532,
        "err_ucea_area_pct_of_validation": 2.3367391500616246,
        "err_workflow0_minus_validation_kwh_year": 87530.88350000064,
        "err_workflow0_abs_kwh_year": 87530.88350000064,
        "err_workflow0_pct_of_validation": 19.787852489733623
      },
      "geometry": {
        "type": "Polygon",
        "coordinates": [
          [
            [
              -9.1378285,
              38.72904359999999
            ],
            [
              -9.1378064,
              38.7290439
            ],
            [
              -9.137807300000002,
              38.729093999999996
            ],
            [
              -9.1376794,
              38.72909539999999
            ],
            [
              -9.1376753,
              38.72893849999999
            ],
            [
              -9.1378265,
              38.72893680000001
            ],
            [
              -9.1378285,
              38.72904359999999
            ]
          ]
        ]
      }
    },
    {
      "type": "Feature",
      "properties": {
        "area_id": "Alameda_Arro",
        "osm_uid": "cea/364",
        "osmid": "364",
        "element_type": "cea_zone",
        "building": "yes",
        "cea_name": "B1364",
        "intersection_area_m2": 79.60558017183584,
        "is_residential": true,
        "residential_source": "cea",
        "radiation_sum_kwh_year": 175111.157875,
        "radiation_sum": 175111.157875,
        "radiation_point_count": 130.0,
        "use_type1": "MULTI_RES",
        "use_type2": "NONE",
        "use_type3": "NONE",
        "resi_type": null,
        "comparison_status": "matched",
        "validation_radiation_kwh_year": 175111.157875,
        "ucea_radiation_kwh_year": 123565.29000000049,
        "workflow0_radiation_kwh_year": 134116.54000000024,
        "validation_area_m2": 79.60558017183584,
        "ucea_roofs_top_m2": 79.61,
        "err_ucea_minus_validation_kwh_year": 51545.867874999516,
        "err_ucea_abs_kwh_year": 51545.867874999516,
        "err_ucea_pct_of_validation": 29.43608419961144,
        "err_ucea_area_minus_validation_m2": 0.004419828164159867,
        "err_ucea_area_pct_of_validation": 0.00555215872382221,
        "err_workflow0_minus_validation_kwh_year": 40994.61787499976,
        "err_workflow0_abs_kwh_year": 40994.61787499976,
        "err_workflow0_pct_of_validation": 23.410625783345594
      },
      "geometry": {
        "type": "Polygon",
        "coordinates": [
          [
            [
              -9.1373053,
              38.729616099999994
            ],
            [
              -9.1374626,
              38.72961380000002
            ],
            [
              -9.1374642,
              38.729673899999995
            ],
            [
              -9.1373087,
              38.72966169999999
            ],
            [
              -9.1373053,
              38.729616099999994
            ]
          ]
        ]
      }
    },
    {
      "type": "Feature",
      "properties": {
        "area_id": "Alameda_Arro",
        "osm_uid": "cea/365",
        "osmid": "365",
        "element_type": "cea_zone",
        "building": "yes",
        "cea_name": "B1365",
        "intersection_area_m2": 26.31226553294655,
        "is_residential": true,
        "residential_source": "cea",
        "radiation_sum_kwh_year": 31376.645296875,
        "radiation_sum": 31376.645296875,
        "radiation_point_count": 42.0,
        "use_type1": "MULTI_RES",
        "use_type2": "NONE",
        "use_type3": "NONE",
        "resi_type": null,
        "comparison_status": "matched",
        "validation_radiation_kwh_year": 31376.645296875,
        "ucea_radiation_kwh_year": 45623.80999999986,
        "workflow0_radiation_kwh_year": 45625.79999999991,
        "validation_area_m2": 26.31226553294655,
        "ucea_roofs_top_m2": 26.31,
        "err_ucea_minus_validation_kwh_year": 14247.164703124858,
        "err_ucea_abs_kwh_year": 14247.164703124858,
        "err_ucea_pct_of_validation": 45.40690876390097,
        "err_ucea_area_minus_validation_m2": 0.0022655329465521845,
        "err_ucea_area_pct_of_validation": 0.008610178183689381,
        "err_workflow0_minus_validation_kwh_year": 14249.154703124907,
        "err_workflow0_abs_kwh_year": 14249.154703124907,
        "err_workflow0_pct_of_validation": 45.4132510607948
      },
      "geometry": {
        "type": "Polygon",
        "coordinates": [
          [
            [
              -9.1374654,
              38.73074550000001
            ],
            [
              -9.1374145,
              38.7307675
            ],
            [
              -9.1373854,
              38.73072650000001
            ],
            [
              -9.1374364,
              38.730704499999995
            ],
            [
              -9.1374654,
              38.73074550000001
            ]
          ]
        ]
      }
    },
    {
      "type": "Feature",
      "properties": {
        "area_id": "Alameda_Arro",
        "osm_uid": "cea/367",
        "osmid": "367",
        "element_type": "cea_zone",
        "building": "yes",
        "cea_name": "B1367",
        "intersection_area_m2": 177.65262736680234,
        "is_residential": true,
        "residential_source": "cea",
        "radiation_sum_kwh_year": 351823.41034375003,
        "radiation_sum": 351823.41034375003,
        "radiation_point_count": 295.0,
        "use_type1": "MULTI_RES",
        "use_type2": "NONE",
        "use_type3": "NONE",
        "resi_type": null,
        "comparison_status": "matched",
        "validation_radiation_kwh_year": 351823.41034375003,
        "ucea_radiation_kwh_year": 155354.5599999998,
        "workflow0_radiation_kwh_year": 214372.86000000057,
        "validation_area_m2": 177.65262736680234,
        "ucea_roofs_top_m2": 135.61,
        "err_ucea_minus_validation_kwh_year": 196468.85034375024,
        "err_ucea_abs_kwh_year": 196468.85034375024,
        "err_ucea_pct_of_validation": 55.84302936288117,
        "err_ucea_area_minus_validation_m2": 42.04262736680232,
        "err_ucea_area_pct_of_validation": 23.665637818007728,
        "err_workflow0_minus_validation_kwh_year": 137450.55034374946,
        "err_workflow0_abs_kwh_year": 137450.55034374946,
        "err_workflow0_pct_of_validation": 39.068051273067084
      },
      "geometry": {
        "type": "Polygon",
        "coordinates": [
          [
            [
              -9.1344366,
              38.727208
            ],
            [
              -9.134479,
              38.7272106
            ],
            [
              -9.1346925,
              38.72722360000001
            ],
            [
              -9.1346854,
              38.7272951
            ],
            [
              -9.1344295,
              38.7272796
            ],
            [
              -9.1344366,
              38.727208
            ]
          ]
        ]
      }
    },
    {
      "type": "Feature",
      "properties": {
        "area_id": "Alameda_Arro",
        "osm_uid": "cea/368",
        "osmid": "368",
        "element_type": "cea_zone",
        "building": "yes",
        "cea_name": "B1368",
        "intersection_area_m2": 160.10752065449435,
        "is_residential": true,
        "residential_source": "cea",
        "radiation_sum_kwh_year": 326003.0550625,
        "radiation_sum": 326003.0550625,
        "radiation_point_count": 265.0,
        "use_type1": "MULTI_RES",
        "use_type2": "NONE",
        "use_type3": "NONE",
        "resi_type": null,
        "comparison_status": "matched",
        "validation_radiation_kwh_year": 326003.0550625,
        "ucea_radiation_kwh_year": 170608.60999999943,
        "workflow0_radiation_kwh_year": 163784.92000000074,
        "validation_area_m2": 160.10752065449435,
        "ucea_roofs_top_m2": 159.85,
        "err_ucea_minus_validation_kwh_year": 155394.44506250057,
        "err_ucea_abs_kwh_year": 155394.44506250057,
        "err_ucea_pct_of_validation": 47.66656098750638,
        "err_ucea_area_minus_validation_m2": 0.2575206544943569,
        "err_ucea_area_pct_of_validation": 0.1608423223604069,
        "err_workflow0_minus_validation_kwh_year": 162218.13506249926,
        "err_workflow0_abs_kwh_year": 162218.13506249926,
        "err_workflow0_pct_of_validation": 49.759697813690565
      },
      "geometry": {
        "type": "Polygon",
        "coordinates": [
          [
            [
              -9.1344295,
              38.7272796
            ],
            [
              -9.1346854,
              38.7272951
            ],
            [
              -9.1346789,
              38.727359599999986
            ],
            [
              -9.1344685,
              38.72734679999999
            ],
            [
              -9.134423,
              38.7273441
            ],
            [
              -9.1344295,
              38.7272796
            ]
          ]
        ]
      }
    },
    {
      "type": "Feature",
      "properties": {
        "area_id": "Alameda_Arro",
        "osm_uid": "cea/371",
        "osmid": "371",
        "element_type": "cea_zone",
        "building": "yes",
        "cea_name": "B1371",
        "intersection_area_m2": 171.31127323640126,
        "is_residential": true,
        "residential_source": "cea",
        "radiation_sum_kwh_year": 355835.259890625,
        "radiation_sum": 355835.259890625,
        "radiation_point_count": 281.0,
        "use_type1": "MULTI_RES",
        "use_type2": "NONE",
        "use_type3": "NONE",
        "resi_type": null,
        "comparison_status": "matched",
        "validation_radiation_kwh_year": 355835.259890625,
        "ucea_radiation_kwh_year": 298454.8199999997,
        "workflow0_radiation_kwh_year": 272937.91000000056,
        "validation_area_m2": 171.31127323640126,
        "ucea_roofs_top_m2": 182.56,
        "err_ucea_minus_validation_kwh_year": 57380.439890625305,
        "err_ucea_abs_kwh_year": 57380.439890625305,
        "err_ucea_pct_of_validation": 16.1255632475159,
        "err_ucea_area_minus_validation_m2": 11.24872676359874,
        "err_ucea_area_pct_of_validation": 6.5662501661966175,
        "err_workflow0_minus_validation_kwh_year": 82897.34989062446,
        "err_workflow0_abs_kwh_year": 82897.34989062446,
        "err_workflow0_pct_of_validation": 23.2965529936817
      },
      "geometry": {
        "type": "Polygon",
        "coordinates": [
          [
            [
              -9.1339616,
              38.72733289999999
            ],
            [
              -9.1340549,
              38.72731890000001
            ],
            [
              -9.13406,
              38.7273397
            ],
            [
              -9.1341053,
              38.727332899999986
            ],
            [
              -9.1341289,
              38.72742850000001
            ],
            [
              -9.1340836,
              38.72743530000001
            ],
            [
              -9.1340888,
              38.72745609999999
            ],
            [
              -9.1339955,
              38.72747009999999
            ],
            [
              -9.1339616,
              38.72733289999999
            ]
          ]
        ]
      }
    },
    {
      "type": "Feature",
      "properties": {
        "area_id": "Alameda_Arro",
        "osm_uid": "cea/372",
        "osmid": "372",
        "element_type": "cea_zone",
        "building": "yes",
        "cea_name": "B1372",
        "intersection_area_m2": 170.59549506842632,
        "is_residential": true,
        "residential_source": "cea",
        "radiation_sum_kwh_year": 369431.320625,
        "radiation_sum": 369431.320625,
        "radiation_point_count": 282.0,
        "use_type1": "MULTI_RES",
        "use_type2": "NONE",
        "use_type3": "NONE",
        "resi_type": null,
        "comparison_status": "matched",
        "validation_radiation_kwh_year": 369431.320625,
        "ucea_radiation_kwh_year": 268119.65,
        "workflow0_radiation_kwh_year": 247963.1,
        "validation_area_m2": 170.59549506842632,
        "ucea_roofs_top_m2": 184.65,
        "err_ucea_minus_validation_kwh_year": 101311.67062499997,
        "err_ucea_abs_kwh_year": 101311.67062499997,
        "err_ucea_pct_of_validation": 27.423682013101097,
        "err_ucea_area_minus_validation_m2": 14.054504931573689,
        "err_ucea_area_pct_of_validation": 8.238497110334823,
        "err_workflow0_minus_validation_kwh_year": 121468.22062499999,
        "err_workflow0_abs_kwh_year": 121468.22062499999,
        "err_workflow0_pct_of_validation": 32.87978410154865
      },
      "geometry": {
        "type": "Polygon",
        "coordinates": [
          [
            [
              -9.1340888,
              38.72745609999999
            ],
            [
              -9.1340945,
              38.7274792
            ],
            [
              -9.1341411,
              38.7274721
            ],
            [
              -9.1341636,
              38.727563299999986
            ],
            [
              -9.134117,
              38.7275703
            ],
            [
              -9.1341227,
              38.727593299999995
            ],
            [
              -9.1340294,
              38.72760739999999
            ],
            [
              -9.1339955,
              38.72747009999999
            ],
            [
              -9.1340888,
              38.72745609999999
            ]
          ]
        ]
      }
    },
    {
      "type": "Feature",
      "properties": {
        "area_id": "Alameda_Arro",
        "osm_uid": "cea/373",
        "osmid": "373",
        "element_type": "cea_zone",
        "building": "yes",
        "cea_name": "B1373",
        "intersection_area_m2": 168.29496525977117,
        "is_residential": true,
        "residential_source": "cea",
        "radiation_sum_kwh_year": 356545.637234375,
        "radiation_sum": 356545.637234375,
        "radiation_point_count": 276.0,
        "use_type1": "MULTI_RES",
        "use_type2": "NONE",
        "use_type3": "NONE",
        "resi_type": null,
        "comparison_status": "matched",
        "validation_radiation_kwh_year": 356545.637234375,
        "ucea_radiation_kwh_year": 275050.14999999973,
        "workflow0_radiation_kwh_year": 252667.35000000044,
        "validation_area_m2": 168.29496525977117,
        "ucea_roofs_top_m2": 177.49,
        "err_ucea_minus_validation_kwh_year": 81495.48723437526,
        "err_ucea_abs_kwh_year": 81495.48723437526,
        "err_ucea_pct_of_validation": 22.856958190966242,
        "err_ucea_area_minus_validation_m2": 9.195034740228834,
        "err_ucea_area_pct_of_validation": 5.463642198705034,
        "err_workflow0_minus_validation_kwh_year": 103878.28723437455,
        "err_workflow0_abs_kwh_year": 103878.28723437455,
        "err_workflow0_pct_of_validation": 29.134639829035475
      },
      "geometry": {
        "type": "Polygon",
        "coordinates": [
          [
            [
              -9.1340294,
              38.72760739999999
            ],
            [
              -9.1341227,
              38.727593299999995
            ],
            [
              -9.1341286,
              38.7276175
            ],
            [
              -9.1341739,
              38.7276107
            ],
            [
              -9.1341958,
              38.727699599999994
            ],
            [
              -9.1341506,
              38.727706399999995
            ],
            [
              -9.1341566,
              38.7277306
            ],
            [
              -9.1340633,
              38.7277446
            ],
            [
              -9.1340294,
              38.72760739999999
            ]
          ]
        ]
      }
    },
    {
      "type": "Feature",
      "properties": {
        "area_id": "Alameda_Arro",
        "osm_uid": "cea/374",
        "osmid": "374",
        "element_type": "cea_zone",
        "building": "yes",
        "cea_name": "B1374",
        "intersection_area_m2": 166.45531432846514,
        "is_residential": true,
        "residential_source": "cea",
        "radiation_sum_kwh_year": 261521.484875,
        "radiation_sum": 261521.484875,
        "radiation_point_count": 276.0,
        "use_type1": "MULTI_RES",
        "use_type2": "NONE",
        "use_type3": "NONE",
        "resi_type": null,
        "comparison_status": "matched",
        "validation_radiation_kwh_year": 261521.484875,
        "ucea_radiation_kwh_year": 263494.87999999936,
        "workflow0_radiation_kwh_year": 270709.7500000005,
        "validation_area_m2": 166.45531432846514,
        "ucea_roofs_top_m2": 167.94,
        "err_ucea_minus_validation_kwh_year": 1973.3951249993697,
        "err_ucea_abs_kwh_year": 1973.3951249993697,
        "err_ucea_pct_of_validation": 0.7545824106736767,
        "err_ucea_area_minus_validation_m2": 1.4846856715348622,
        "err_ucea_area_pct_of_validation": 0.8919424877028211,
        "err_workflow0_minus_validation_kwh_year": 9188.26512500053,
        "err_workflow0_abs_kwh_year": 9188.26512500053,
        "err_workflow0_pct_of_validation": 3.5133882515970973
      },
      "geometry": {
        "type": "Polygon",
        "coordinates": [
          [
            [
              -9.1342689,
              38.72817500000001
            ],
            [
              -9.1342559,
              38.728153799999994
            ],
            [
              -9.1342603,
              38.7281095
            ],
            [
              -9.1342679,
              38.72810990000001
            ],
            [
              -9.1342692,
              38.7280963
            ],
            [
              -9.1344318,
              38.7281062
            ],
            [
              -9.1344213,
              38.7282109
            ],
            [
              -9.1342662,
              38.728201399999996
            ],
            [
              -9.1342689,
              38.72817500000001
            ]
          ]
        ]
      }
    },
    {
      "type": "Feature",
      "properties": {
        "area_id": "Alameda_Arro",
        "osm_uid": "cea/375",
        "osmid": "375",
        "element_type": "cea_zone",
        "building": "yes",
        "cea_name": "B1375",
        "intersection_area_m2": 122.2512754731411,
        "is_residential": true,
        "residential_source": "cea",
        "radiation_sum_kwh_year": 269254.82459375,
        "radiation_sum": 269254.82459375,
        "radiation_point_count": 201.0,
        "use_type1": "MULTI_RES",
        "use_type2": "NONE",
        "use_type3": "NONE",
        "resi_type": null,
        "comparison_status": "matched",
        "validation_radiation_kwh_year": 269254.82459375,
        "ucea_radiation_kwh_year": 173239.50000000032,
        "workflow0_radiation_kwh_year": 176892.31000000017,
        "validation_area_m2": 122.2512754731411,
        "ucea_roofs_top_m2": 125.06,
        "err_ucea_minus_validation_kwh_year": 96015.32459374968,
        "err_ucea_abs_kwh_year": 96015.32459374968,
        "err_ucea_pct_of_validation": 35.65964871330235,
        "err_ucea_area_minus_validation_m2": 2.808724526858896,
        "err_ucea_area_pct_of_validation": 2.297501204783732,
        "err_workflow0_minus_validation_kwh_year": 92362.51459374983,
        "err_workflow0_abs_kwh_year": 92362.51459374983,
        "err_workflow0_pct_of_validation": 34.30301192675222
      },
      "geometry": {
        "type": "Polygon",
        "coordinates": [
          [
            [
              -9.1341295,
              38.7280128
            ],
            [
              -9.1340972,
              38.7278818
            ],
            [
              -9.1341905,
              38.7278678
            ],
            [
              -9.134222800000002,
              38.727998799999995
            ],
            [
              -9.1341295,
              38.7280128
            ]
          ]
        ]
      }
    },
    {
      "type": "Feature",
      "properties": {
        "area_id": "Alameda_Arro",
        "osm_uid": "cea/377",
        "osmid": "377",
        "element_type": "cea_zone",
        "building": "yes",
        "cea_name": "B1377",
        "intersection_area_m2": 283.38277162246663,
        "is_residential": true,
        "residential_source": "cea",
        "radiation_sum_kwh_year": 453346.2114609375,
        "radiation_sum": 453346.2114609375,
        "radiation_point_count": 467.0,
        "use_type1": "MULTI_RES",
        "use_type2": "NONE",
        "use_type3": "NONE",
        "resi_type": null,
        "comparison_status": "matched",
        "validation_radiation_kwh_year": 453346.2114609375,
        "ucea_radiation_kwh_year": 465389.29000000044,
        "workflow0_radiation_kwh_year": 489495.95000000054,
        "validation_area_m2": 283.38277162246663,
        "ucea_roofs_top_m2": 288.98,
        "err_ucea_minus_validation_kwh_year": 12043.078539062932,
        "err_ucea_abs_kwh_year": 12043.078539062932,
        "err_ucea_pct_of_validation": 2.6564859779578462,
        "err_ucea_area_minus_validation_m2": 5.5972283775333835,
        "err_ucea_area_pct_of_validation": 1.9751477288076726,
        "err_workflow0_minus_validation_kwh_year": 36149.73853906302,
        "err_workflow0_abs_kwh_year": 36149.73853906302,
        "err_workflow0_pct_of_validation": 7.973980508752494
      },
      "geometry": {
        "type": "Polygon",
        "coordinates": [
          [
            [
              -9.1344166,
              38.727804400000004
            ],
            [
              -9.1344207,
              38.727763499999995
            ],
            [
              -9.134439300000002,
              38.727764699999994
            ],
            [
              -9.1344496,
              38.7276618
            ],
            [
              -9.1346475,
              38.7276739
            ],
            [
              -9.1346331,
              38.7278176
            ],
            [
              -9.1344166,
              38.727804400000004
            ]
          ]
        ]
      }
    },
    {
      "type": "Feature",
      "properties": {
        "area_id": "Alameda_Arro",
        "osm_uid": "cea/378",
        "osmid": "378",
        "element_type": "cea_zone",
        "building": "yes",
        "cea_name": "B1378",
        "intersection_area_m2": 233.18023797324156,
        "is_residential": true,
        "residential_source": "cea",
        "radiation_sum_kwh_year": 380640.8711875,
        "radiation_sum": 380640.8711875,
        "radiation_point_count": 385.0,
        "use_type1": "MULTI_RES",
        "use_type2": "NONE",
        "use_type3": "NONE",
        "resi_type": null,
        "comparison_status": "matched",
        "validation_radiation_kwh_year": 380640.8711875,
        "ucea_radiation_kwh_year": 395820.1500000012,
        "workflow0_radiation_kwh_year": 393028.94,
        "validation_area_m2": 233.18023797324156,
        "ucea_roofs_top_m2": 239.59,
        "err_ucea_minus_validation_kwh_year": 15179.278812501172,
        "err_ucea_abs_kwh_year": 15179.278812501172,
        "err_ucea_pct_of_validation": 3.987821582360767,
        "err_ucea_area_minus_validation_m2": 6.409762026758443,
        "err_ucea_area_pct_of_validation": 2.7488444485994528,
        "err_workflow0_minus_validation_kwh_year": 12388.068812499987,
        "err_workflow0_abs_kwh_year": 12388.068812499987,
        "err_workflow0_pct_of_validation": 3.254529334659321
      },
      "geometry": {
        "type": "Polygon",
        "coordinates": [
          [
            [
              -9.1346315,
              38.72783419999998
            ],
            [
              -9.1346207,
              38.7279421
            ],
            [
              -9.134398,
              38.7279286
            ],
            [
              -9.1344088,
              38.7278207
            ],
            [
              -9.1346315,
              38.72783419999998
            ]
          ]
        ]
      }
    },
    {
      "type": "Feature",
      "properties": {
        "area_id": "Alameda_Arro",
        "osm_uid": "cea/379",
        "osmid": "379",
        "element_type": "cea_zone",
        "building": "yes",
        "cea_name": "B1379",
        "intersection_area_m2": 223.2092633703301,
        "is_residential": true,
        "residential_source": "cea",
        "radiation_sum_kwh_year": 467194.8820625,
        "radiation_sum": 467194.8820625,
        "radiation_point_count": 367.0,
        "use_type1": "MULTI_RES",
        "use_type2": "NONE",
        "use_type3": "NONE",
        "resi_type": null,
        "comparison_status": "matched",
        "validation_radiation_kwh_year": 467194.8820625,
        "ucea_radiation_kwh_year": 339499.909999999,
        "workflow0_radiation_kwh_year": 358746.60000000097,
        "validation_area_m2": 223.2092633703301,
        "ucea_roofs_top_m2": 217.21,
        "err_ucea_minus_validation_kwh_year": 127694.97206250101,
        "err_ucea_abs_kwh_year": 127694.97206250101,
        "err_ucea_pct_of_validation": 27.33227117103101,
        "err_ucea_area_minus_validation_m2": 5.999263370330084,
        "err_ucea_area_pct_of_validation": 2.687730464114569,
        "err_workflow0_minus_validation_kwh_year": 108448.28206249903,
        "err_workflow0_abs_kwh_year": 108448.28206249903,
        "err_workflow0_pct_of_validation": 23.21264342274861
      },
      "geometry": {
        "type": "Polygon",
        "coordinates": [
          [
            [
              -9.1344491,
              38.7281072
            ],
            [
              -9.1344524,
              38.72807439999998
            ],
            [
              -9.1344713,
              38.7280756
            ],
            [
              -9.1346065,
              38.72808379999999
            ],
            [
              -9.1345927,
              38.728221299999994
            ],
            [
              -9.1344213,
              38.7282109
            ],
            [
              -9.1344318,
              38.7281062
            ],
            [
              -9.1344491,
              38.7281072
            ]
          ]
        ]
      }
    },
    {
      "type": "Feature",
      "properties": {
        "area_id": "Alameda_Arro",
        "osm_uid": "cea/380",
        "osmid": "380",
        "element_type": "cea_zone",
        "building": "yes",
        "cea_name": "B1380",
        "intersection_area_m2": 171.8238820562788,
        "is_residential": true,
        "residential_source": "cea",
        "radiation_sum_kwh_year": 377147.9005,
        "radiation_sum": 377147.9005,
        "radiation_point_count": 283.0,
        "use_type1": "MULTI_RES",
        "use_type2": "NONE",
        "use_type3": "NONE",
        "resi_type": null,
        "comparison_status": "matched",
        "validation_radiation_kwh_year": 377147.9005,
        "ucea_radiation_kwh_year": 241210.19999999963,
        "workflow0_radiation_kwh_year": 258214.29999999964,
        "validation_area_m2": 171.8238820562788,
        "ucea_roofs_top_m2": 167.19,
        "err_ucea_minus_validation_kwh_year": 135937.70050000036,
        "err_ucea_abs_kwh_year": 135937.70050000036,
        "err_ucea_pct_of_validation": 36.043605259311356,
        "err_ucea_area_minus_validation_m2": 4.633882056278793,
        "err_ucea_area_pct_of_validation": 2.6968789209180026,
        "err_workflow0_minus_validation_kwh_year": 118933.60050000035,
        "err_workflow0_abs_kwh_year": 118933.60050000035,
        "err_workflow0_pct_of_validation": 31.535002671982355
      },
      "geometry": {
        "type": "Polygon",
        "coordinates": [
          [
            [
              -9.1342139,
              38.7281982
            ],
            [
              -9.1341982,
              38.7281937
            ],
            [
              -9.1341845,
              38.72818620000001
            ],
            [
              -9.1341739,
              38.72817609999999
            ],
            [
              -9.1341669,
              38.72816419999999
            ],
            [
              -9.1341484,
              38.728089199999985
            ],
            [
              -9.1341295,
              38.7280128
            ],
            [
              -9.134222800000002,
              38.727998799999995
            ],
            [
              -9.1342351,
              38.728094399999996
            ],
            [
              -9.1342603,
              38.7281095
            ],
            [
              -9.1342559,
              38.728153799999994
            ],
            [
              -9.1342689,
              38.72817500000001
            ],
            [
              -9.1342662,
              38.728201399999996
            ],
            [
              -9.1342401,
              38.7281998
            ],
            [
              -9.1342139,
              38.7281982
            ]
          ]
        ]
      }
    },
    {
      "type": "Feature",
      "properties": {
        "area_id": "Alameda_Arro",
        "osm_uid": "cea/383",
        "osmid": "383",
        "element_type": "cea_zone",
        "building": "yes",
        "cea_name": "B1383",
        "intersection_area_m2": 247.9227078323285,
        "is_residential": true,
        "residential_source": "cea",
        "radiation_sum_kwh_year": 453891.721625,
        "radiation_sum": 453891.721625,
        "radiation_point_count": 413.0,
        "use_type1": "MULTI_RES",
        "use_type2": "NONE",
        "use_type3": "NONE",
        "resi_type": null,
        "comparison_status": "matched",
        "validation_radiation_kwh_year": 453891.721625,
        "ucea_radiation_kwh_year": 419597.05000000086,
        "workflow0_radiation_kwh_year": 423315.8500000018,
        "validation_area_m2": 247.9227078323285,
        "ucea_roofs_top_m2": 254.09,
        "err_ucea_minus_validation_kwh_year": 34294.671624999144,
        "err_ucea_abs_kwh_year": 34294.671624999144,
        "err_ucea_pct_of_validation": 7.555694451138943,
        "err_ucea_area_minus_validation_m2": 6.167292167671491,
        "err_ucea_area_pct_of_validation": 2.487586644077179,
        "err_workflow0_minus_validation_kwh_year": 30575.871624998224,
        "err_workflow0_abs_kwh_year": 30575.871624998224,
        "err_workflow0_pct_of_validation": 6.736380103063358
      },
      "geometry": {
        "type": "Polygon",
        "coordinates": [
          [
            [
              -9.1350694,
              38.7273905
            ],
            [
              -9.1350689,
              38.727395599999994
            ],
            [
              -9.1351254,
              38.727399
            ],
            [
              -9.135125,
              38.72740269999999
            ],
            [
              -9.1351409,
              38.727403599999995
            ],
            [
              -9.1351271,
              38.727542
            ],
            [
              -9.1349505,
              38.7275312
            ],
            [
              -9.1349652,
              38.7273841
            ],
            [
              -9.1350694,
              38.7273905
            ]
          ]
        ]
      }
    },
    {
      "type": "Feature",
      "properties": {
        "area_id": "Alameda_Arro",
        "osm_uid": "cea/384",
        "osmid": "384",
        "element_type": "cea_zone",
        "building": "yes",
        "cea_name": "B1384",
        "intersection_area_m2": 383.5886902219737,
        "is_residential": true,
        "residential_source": "cea",
        "radiation_sum_kwh_year": 949488.51484375,
        "radiation_sum": 949488.51484375,
        "radiation_point_count": 632.0,
        "use_type1": "MULTI_RES",
        "use_type2": "NONE",
        "use_type3": "NONE",
        "resi_type": null,
        "comparison_status": "matched",
        "validation_radiation_kwh_year": 949488.51484375,
        "ucea_radiation_kwh_year": 666334.0000000008,
        "workflow0_radiation_kwh_year": 642741.7899999992,
        "validation_area_m2": 383.5886902219737,
        "ucea_roofs_top_m2": 391.14,
        "err_ucea_minus_validation_kwh_year": 283154.51484374923,
        "err_ucea_abs_kwh_year": 283154.51484374923,
        "err_ucea_pct_of_validation": 29.82179462069067,
        "err_ucea_area_minus_validation_m2": 7.55130977802628,
        "err_ucea_area_pct_of_validation": 1.968595521848289,
        "err_workflow0_minus_validation_kwh_year": 306746.7248437508,
        "err_workflow0_abs_kwh_year": 306746.7248437508,
        "err_workflow0_pct_of_validation": 32.306522938218976
      },
      "geometry": {
        "type": "Polygon",
        "coordinates": [
          [
            [
              -9.1384994,
              38.731442300000005
            ],
            [
              -9.1385175,
              38.7313104
            ],
            [
              -9.1385428,
              38.7313125
            ],
            [
              -9.1385474,
              38.7312789
            ],
            [
              -9.1385221,
              38.73127679999999
            ],
            [
              -9.1385287,
              38.7312286
            ],
            [
              -9.1385349,
              38.731183200000004
            ],
            [
              -9.1386899,
              38.731196099999984
            ],
            [
              -9.1386543,
              38.7314555
            ],
            [
              -9.1384994,
              38.731442300000005
            ]
          ]
        ]
      }
    },
    {
      "type": "Feature",
      "properties": {
        "area_id": "Alameda_Arro",
        "osm_uid": "cea/386",
        "osmid": "386",
        "element_type": "cea_zone",
        "building": "yes",
        "cea_name": "B1386",
        "intersection_area_m2": 85.51948730586177,
        "is_residential": true,
        "residential_source": "cea",
        "radiation_sum_kwh_year": 190216.391203125,
        "radiation_sum": 190216.391203125,
        "radiation_point_count": 141.0,
        "use_type1": "MULTI_RES",
        "use_type2": "NONE",
        "use_type3": "NONE",
        "resi_type": null,
        "comparison_status": "matched",
        "validation_radiation_kwh_year": 190216.391203125,
        "ucea_radiation_kwh_year": 138153.3800000003,
        "workflow0_radiation_kwh_year": 144543.5299999999,
        "validation_area_m2": 85.51948730586177,
        "ucea_roofs_top_m2": 86.62,
        "err_ucea_minus_validation_kwh_year": 52063.01120312471,
        "err_ucea_abs_kwh_year": 52063.01120312471,
        "err_ucea_pct_of_validation": 27.3704126515199,
        "err_ucea_area_minus_validation_m2": 1.1005126941382315,
        "err_ucea_area_pct_of_validation": 1.2868560474435853,
        "err_workflow0_minus_validation_kwh_year": 45672.861203125096,
        "err_workflow0_abs_kwh_year": 45672.861203125096,
        "err_workflow0_pct_of_validation": 24.01100184597275
      },
      "geometry": {
        "type": "Polygon",
        "coordinates": [
          [
            [
              -9.1390709,
              38.731350299999995
            ],
            [
              -9.1391339,
              38.731355499999985
            ],
            [
              -9.1391148,
              38.73149469999999
            ],
            [
              -9.1390518,
              38.7314894
            ],
            [
              -9.1390709,
              38.731350299999995
            ]
          ]
        ]
      }
    },
    {
      "type": "Feature",
      "properties": {
        "area_id": "Alameda_Arro",
        "osm_uid": "cea/388",
        "osmid": "388",
        "element_type": "cea_zone",
        "building": "yes",
        "cea_name": "B1388",
        "intersection_area_m2": 143.25787784309063,
        "is_residential": true,
        "residential_source": "cea",
        "radiation_sum_kwh_year": 197291.74740625,
        "radiation_sum": 197291.74740625,
        "radiation_point_count": 235.0,
        "use_type1": "MULTI_RES",
        "use_type2": "NONE",
        "use_type3": "NONE",
        "resi_type": null,
        "comparison_status": "matched",
        "validation_radiation_kwh_year": 197291.74740625,
        "ucea_radiation_kwh_year": 203562.3600000005,
        "workflow0_radiation_kwh_year": 202273.87999999957,
        "validation_area_m2": 143.25787784309063,
        "ucea_roofs_top_m2": 143.25,
        "err_ucea_minus_validation_kwh_year": 6270.6125937504985,
        "err_ucea_abs_kwh_year": 6270.6125937504985,
        "err_ucea_pct_of_validation": 3.1783451037302997,
        "err_ucea_area_minus_validation_m2": 0.007877843090625447,
        "err_ucea_area_pct_of_validation": 0.0054990644907179165,
        "err_workflow0_minus_validation_kwh_year": 4982.132593749557,
        "err_workflow0_abs_kwh_year": 4982.132593749557,
        "err_workflow0_pct_of_validation": 2.525261527280551
      },
      "geometry": {
        "type": "Polygon",
        "coordinates": [
          [
            [
              -9.1381764,
              38.730896
            ],
            [
              -9.1380006,
              38.73090259999999
            ],
            [
              -9.1379986,
              38.7308167
            ],
            [
              -9.1381736,
              38.7308136
            ],
            [
              -9.138177,
              38.7308555
            ],
            [
              -9.1381764,
              38.730896
            ]
          ]
        ]
      }
    },
    {
      "type": "Feature",
      "properties": {
        "area_id": "Alameda_Arro",
        "osm_uid": "cea/397",
        "osmid": "397",
        "element_type": "cea_zone",
        "building": "yes",
        "cea_name": "B1397",
        "intersection_area_m2": 147.26915965950357,
        "is_residential": true,
        "residential_source": "cea",
        "radiation_sum_kwh_year": 339732.17134375003,
        "radiation_sum": 339732.17134375003,
        "radiation_point_count": 241.0,
        "use_type1": "MULTI_RES",
        "use_type2": "NONE",
        "use_type3": "NONE",
        "resi_type": null,
        "comparison_status": "matched",
        "validation_radiation_kwh_year": 339732.17134375003,
        "ucea_radiation_kwh_year": 225807.44000000012,
        "workflow0_radiation_kwh_year": 252408.6899999997,
        "validation_area_m2": 147.26915965950357,
        "ucea_roofs_top_m2": 149.68,
        "err_ucea_minus_validation_kwh_year": 113924.73134374991,
        "err_ucea_abs_kwh_year": 113924.73134374991,
        "err_ucea_pct_of_validation": 33.533689462832136,
        "err_ucea_area_minus_validation_m2": 2.410840340496435,
        "err_ucea_area_pct_of_validation": 1.6370300109476168,
        "err_workflow0_minus_validation_kwh_year": 87323.48134375032,
        "err_workflow0_abs_kwh_year": 87323.48134375032,
        "err_workflow0_pct_of_validation": 25.703624416362413
      },
      "geometry": {
        "type": "Polygon",
        "coordinates": [
          [
            [
              -9.1353768,
              38.7315939
            ],
            [
              -9.1353844,
              38.7315195
            ],
            [
              -9.1355883,
              38.731532099999995
            ],
            [
              -9.1355808,
              38.7316065
            ],
            [
              -9.1353768,
              38.7315939
            ]
          ]
        ]
      }
    },
    {
      "type": "Feature",
      "properties": {
        "area_id": "Alameda_Arro",
        "osm_uid": "cea/401",
        "osmid": "401",
        "element_type": "cea_zone",
        "building": "yes",
        "cea_name": "B1401",
        "intersection_area_m2": 58.49895579410199,
        "is_residential": true,
        "residential_source": "cea",
        "radiation_sum_kwh_year": 107506.6770625,
        "radiation_sum": 107506.6770625,
        "radiation_point_count": 97.0,
        "use_type1": "MULTI_RES",
        "use_type2": "NONE",
        "use_type3": "NONE",
        "resi_type": null,
        "comparison_status": "matched",
        "validation_radiation_kwh_year": 107506.6770625,
        "ucea_radiation_kwh_year": 98933.39,
        "workflow0_radiation_kwh_year": 93010.5499999999,
        "validation_area_m2": 58.49895579410199,
        "ucea_roofs_top_m2": 60.09,
        "err_ucea_minus_validation_kwh_year": 8573.287062500007,
        "err_ucea_abs_kwh_year": 8573.287062500007,
        "err_ucea_pct_of_validation": 7.974655432346632,
        "err_ucea_area_minus_validation_m2": 1.5910442058980152,
        "err_ucea_area_pct_of_validation": 2.7197822325205134,
        "err_workflow0_minus_validation_kwh_year": 14496.127062500105,
        "err_workflow0_abs_kwh_year": 14496.127062500105,
        "err_workflow0_pct_of_validation": 13.483931843668321
      },
      "geometry": {
        "type": "Polygon",
        "coordinates": [
          [
            [
              -9.136312,
              38.73125619999999
            ],
            [
              -9.1362245,
              38.731248699999995
            ],
            [
              -9.136245,
              38.73114879999999
            ],
            [
              -9.136275,
              38.7311486
            ],
            [
              -9.136312,
              38.73125619999999
            ]
          ]
        ]
      }
    },
    {
      "type": "Feature",
      "properties": {
        "area_id": "Alameda_Arro",
        "osm_uid": "cea/402",
        "osmid": "402",
        "element_type": "cea_zone",
        "building": "yes",
        "cea_name": "B1402",
        "intersection_area_m2": 248.73806019621236,
        "is_residential": true,
        "residential_source": "cea",
        "radiation_sum_kwh_year": 542563.8498125001,
        "radiation_sum": 542563.8498125001,
        "radiation_point_count": 412.0,
        "use_type1": "MULTI_RES",
        "use_type2": "NONE",
        "use_type3": "NONE",
        "resi_type": null,
        "comparison_status": "matched",
        "validation_radiation_kwh_year": 542563.8498125001,
        "ucea_radiation_kwh_year": 377336.9600000018,
        "workflow0_radiation_kwh_year": 427414.0199999993,
        "validation_area_m2": 248.73806019621236,
        "ucea_roofs_top_m2": 237.92,
        "err_ucea_minus_validation_kwh_year": 165226.88981249824,
        "err_ucea_abs_kwh_year": 165226.88981249824,
        "err_ucea_pct_of_validation": 30.452985371140663,
        "err_ucea_area_minus_validation_m2": 10.818060196212372,
        "err_ucea_area_pct_of_validation": 4.3491776801984985,
        "err_workflow0_minus_validation_kwh_year": 115149.82981250074,
        "err_workflow0_abs_kwh_year": 115149.82981250074,
        "err_workflow0_pct_of_validation": 21.223277196277337
      },
      "geometry": {
        "type": "Polygon",
        "coordinates": [
          [
            [
              -9.1360167,
              38.731230999999994
            ],
            [
              -9.1358527,
              38.731216999999994
            ],
            [
              -9.1358611,
              38.73113839999999
            ],
            [
              -9.1358867,
              38.731139999999996
            ],
            [
              -9.135889,
              38.731118099999996
            ],
            [
              -9.1358634,
              38.7311165
            ],
            [
              -9.1358695,
              38.7310575
            ],
            [
              -9.1360325,
              38.731067800000005
            ],
            [
              -9.1360306,
              38.73108580000001
            ],
            [
              -9.1360258,
              38.73113270000001
            ],
            [
              -9.1360138,
              38.731132
            ],
            [
              -9.1360119,
              38.7311508
            ],
            [
              -9.1360253,
              38.7311517
            ],
            [
              -9.1360167,
              38.731230999999994
            ]
          ]
        ]
      }
    },
    {
      "type": "Feature",
      "properties": {
        "area_id": "Alameda_Arro",
        "osm_uid": "cea/404",
        "osmid": "404",
        "element_type": "cea_zone",
        "building": "yes",
        "cea_name": "B1404",
        "intersection_area_m2": 246.23774437305468,
        "is_residential": true,
        "residential_source": "cea",
        "radiation_sum_kwh_year": 637501.95821875,
        "radiation_sum": 637501.95821875,
        "radiation_point_count": 405.0,
        "use_type1": "MULTI_RES",
        "use_type2": "NONE",
        "use_type3": "NONE",
        "resi_type": null,
        "comparison_status": "matched",
        "validation_radiation_kwh_year": 637501.95821875,
        "ucea_radiation_kwh_year": 377142.6699999998,
        "workflow0_radiation_kwh_year": 388690.6200000005,
        "validation_area_m2": 246.23774437305468,
        "ucea_roofs_top_m2": 246.81,
        "err_ucea_minus_validation_kwh_year": 260359.28821875015,
        "err_ucea_abs_kwh_year": 260359.28821875015,
        "err_ucea_pct_of_validation": 40.84054721121523,
        "err_ucea_area_minus_validation_m2": 0.5722556269453207,
        "err_ucea_area_pct_of_validation": 0.23239963816365333,
        "err_workflow0_minus_validation_kwh_year": 248811.33821874944,
        "err_workflow0_abs_kwh_year": 248811.33821874944,
        "err_workflow0_pct_of_validation": 39.02910963818142
      },
      "geometry": {
        "type": "Polygon",
        "coordinates": [
          [
            [
              -9.1381671,
              38.73070909999999
            ],
            [
              -9.1381705,
              38.7306942
            ],
            [
              -9.138186400000002,
              38.7305898
            ],
            [
              -9.1384011,
              38.7306212
            ],
            [
              -9.1383749,
              38.73073770000001
            ],
            [
              -9.1381671,
              38.73070909999999
            ]
          ]
        ]
      }
    },
    {
      "type": "Feature",
      "properties": {
        "area_id": "Alameda_Arro",
        "osm_uid": "cea/406",
        "osmid": "406",
        "element_type": "cea_zone",
        "building": "yes",
        "cea_name": "B1406",
        "intersection_area_m2": 136.95597266906242,
        "is_residential": true,
        "residential_source": "cea",
        "radiation_sum_kwh_year": 320212.0958125,
        "radiation_sum": 320212.0958125,
        "radiation_point_count": 226.0,
        "use_type1": "MULTI_RES",
        "use_type2": "NONE",
        "use_type3": "NONE",
        "resi_type": null,
        "comparison_status": "matched",
        "validation_radiation_kwh_year": 320212.0958125,
        "ucea_radiation_kwh_year": 217866.9199999997,
        "workflow0_radiation_kwh_year": 208007.32999999952,
        "validation_area_m2": 136.95597266906242,
        "ucea_roofs_top_m2": 140.97,
        "err_ucea_minus_validation_kwh_year": 102345.1758125003,
        "err_ucea_abs_kwh_year": 102345.1758125003,
        "err_ucea_pct_of_validation": 31.961683256471503,
        "err_ucea_area_minus_validation_m2": 4.01402733093758,
        "err_ucea_area_pct_of_validation": 2.930888848956586,
        "err_workflow0_minus_validation_kwh_year": 112204.76581250047,
        "err_workflow0_abs_kwh_year": 112204.76581250047,
        "err_workflow0_pct_of_validation": 35.0407643183479
      },
      "geometry": {
        "type": "Polygon",
        "coordinates": [
          [
            [
              -9.1389063,
              38.730475999999996
            ],
            [
              -9.1390035,
              38.730489
            ],
            [
              -9.1389999,
              38.730505300000004
            ],
            [
              -9.1390413,
              38.7305109
            ],
            [
              -9.1390216,
              38.730599799999986
            ],
            [
              -9.1388835,
              38.7305796
            ],
            [
              -9.1389063,
              38.730475999999996
            ]
          ]
        ]
      }
    },
    {
      "type": "Feature",
      "properties": {
        "area_id": "Alameda_Arro",
        "osm_uid": "cea/407",
        "osmid": "407",
        "element_type": "cea_zone",
        "building": "yes",
        "cea_name": "B1407",
        "intersection_area_m2": 144.35921849628525,
        "is_residential": true,
        "residential_source": "cea",
        "radiation_sum_kwh_year": 335168.34284375,
        "radiation_sum": 335168.34284375,
        "radiation_point_count": 236.0,
        "use_type1": "MULTI_RES",
        "use_type2": "NONE",
        "use_type3": "NONE",
        "resi_type": null,
        "comparison_status": "matched",
        "validation_radiation_kwh_year": 335168.34284375,
        "ucea_radiation_kwh_year": 230868.9399999997,
        "workflow0_radiation_kwh_year": 231536.71000000008,
        "validation_area_m2": 144.35921849628525,
        "ucea_roofs_top_m2": 148.34,
        "err_ucea_minus_validation_kwh_year": 104299.40284375031,
        "err_ucea_abs_kwh_year": 104299.40284375031,
        "err_ucea_pct_of_validation": 31.118512553667095,
        "err_ucea_area_minus_validation_m2": 3.980781503714752,
        "err_ucea_area_pct_of_validation": 2.757552683632177,
        "err_workflow0_minus_validation_kwh_year": 103631.63284374995,
        "err_workflow0_abs_kwh_year": 103631.63284374995,
        "err_workflow0_pct_of_validation": 30.919278343677377
      },
      "geometry": {
        "type": "Polygon",
        "coordinates": [
          [
            [
              -9.1388396,
              38.7304803
            ],
            [
              -9.1388425,
              38.73046740000001
            ],
            [
              -9.1389063,
              38.730475999999996
            ],
            [
              -9.1388835,
              38.7305796
            ],
            [
              -9.1387313,
              38.7305574
            ],
            [
              -9.1387508,
              38.73046840000001
            ],
            [
              -9.1388396,
              38.7304803
            ]
          ]
        ]
      }
    },
    {
      "type": "Feature",
      "properties": {
        "area_id": "Alameda_Arro",
        "osm_uid": "cea/408",
        "osmid": "408",
        "element_type": "cea_zone",
        "building": "yes",
        "cea_name": "B1408",
        "intersection_area_m2": 124.38564940354141,
        "is_residential": true,
        "residential_source": "cea",
        "radiation_sum_kwh_year": 271463.596875,
        "radiation_sum": 271463.596875,
        "radiation_point_count": 205.0,
        "use_type1": "MULTI_RES",
        "use_type2": "NONE",
        "use_type3": "NONE",
        "resi_type": null,
        "comparison_status": "matched",
        "validation_radiation_kwh_year": 271463.596875,
        "ucea_radiation_kwh_year": 213734.4300000002,
        "workflow0_radiation_kwh_year": 213922.43000000107,
        "validation_area_m2": 124.38564940354141,
        "ucea_roofs_top_m2": 127.23,
        "err_ucea_minus_validation_kwh_year": 57729.16687499979,
        "err_ucea_abs_kwh_year": 57729.16687499979,
        "err_ucea_pct_of_validation": 21.265896252594843,
        "err_ucea_area_minus_validation_m2": 2.8443505964585967,
        "err_ucea_area_pct_of_validation": 2.286719255877129,
        "err_workflow0_minus_validation_kwh_year": 57541.16687499892,
        "err_workflow0_abs_kwh_year": 57541.16687499892,
        "err_workflow0_pct_of_validation": 21.196642031341952
      },
      "geometry": {
        "type": "Polygon",
        "coordinates": [
          [
            [
              -9.1386088,
              38.7304493
            ],
            [
              -9.1387508,
              38.73046840000001
            ],
            [
              -9.1387313,
              38.7305574
            ],
            [
              -9.1385896,
              38.73053670000001
            ],
            [
              -9.1386088,
              38.7304493
            ]
          ]
        ]
      }
    },
    {
      "type": "Feature",
      "properties": {
        "area_id": "Alameda_Arro",
        "osm_uid": "cea/409",
        "osmid": "409",
        "element_type": "cea_zone",
        "building": "yes",
        "cea_name": "B1409",
        "intersection_area_m2": 118.08467242421823,
        "is_residential": true,
        "residential_source": "cea",
        "radiation_sum_kwh_year": 276819.94275,
        "radiation_sum": 276819.94275,
        "radiation_point_count": 196.0,
        "use_type1": "MULTI_RES",
        "use_type2": "NONE",
        "use_type3": "NONE",
        "resi_type": null,
        "comparison_status": "matched",
        "validation_radiation_kwh_year": 276819.94275,
        "ucea_radiation_kwh_year": 201934.55999999997,
        "workflow0_radiation_kwh_year": 201555.63000000024,
        "validation_area_m2": 118.08467242421823,
        "ucea_roofs_top_m2": 120.9,
        "err_ucea_minus_validation_kwh_year": 74885.38275000002,
        "err_ucea_abs_kwh_year": 74885.38275000002,
        "err_ucea_pct_of_validation": 27.052018725988276,
        "err_ucea_area_minus_validation_m2": 2.8153275757817795,
        "err_ucea_area_pct_of_validation": 2.384160042099061,
        "err_workflow0_minus_validation_kwh_year": 75264.31274999975,
        "err_workflow0_abs_kwh_year": 75264.31274999975,
        "err_workflow0_pct_of_validation": 27.18890553993504
      },
      "geometry": {
        "type": "Polygon",
        "coordinates": [
          [
            [
              -9.1384715,
              38.730430899999995
            ],
            [
              -9.1386088,
              38.7304493
            ],
            [
              -9.1385896,
              38.73053670000001
            ],
            [
              -9.1384526,
              38.73051670000001
            ],
            [
              -9.1384715,
              38.730430899999995
            ]
          ]
        ]
      }
    },
    {
      "type": "Feature",
      "properties": {
        "area_id": "Alameda_Arro",
        "osm_uid": "cea/410",
        "osmid": "410",
        "element_type": "cea_zone",
        "building": "yes",
        "cea_name": "B1410",
        "intersection_area_m2": 122.26190805663205,
        "is_residential": true,
        "residential_source": "cea",
        "radiation_sum_kwh_year": 279221.386375,
        "radiation_sum": 279221.386375,
        "radiation_point_count": 201.0,
        "use_type1": "MULTI_RES",
        "use_type2": "NONE",
        "use_type3": "NONE",
        "resi_type": null,
        "comparison_status": "matched",
        "validation_radiation_kwh_year": 279221.386375,
        "ucea_radiation_kwh_year": 186895.41,
        "workflow0_radiation_kwh_year": 187738.56999999995,
        "validation_area_m2": 122.26190805663205,
        "ucea_roofs_top_m2": 125.41,
        "err_ucea_minus_validation_kwh_year": 92325.976375,
        "err_ucea_abs_kwh_year": 92325.976375,
        "err_ucea_pct_of_validation": 33.06551033702137,
        "err_ucea_area_minus_validation_m2": 3.1480919433679446,
        "err_ucea_area_pct_of_validation": 2.574875522071633,
        "err_workflow0_minus_validation_kwh_year": 91482.81637500005,
        "err_workflow0_abs_kwh_year": 91482.81637500005,
        "err_workflow0_pct_of_validation": 32.763542063406554
      },
      "geometry": {
        "type": "Polygon",
        "coordinates": [
          [
            [
              -9.1384715,
              38.730430899999995
            ],
            [
              -9.1384526,
              38.73051670000001
            ],
            [
              -9.1383081,
              38.7304955
            ],
            [
              -9.1383265,
              38.7304114
            ],
            [
              -9.1384715,
              38.730430899999995
            ]
          ]
        ]
      }
    },
    {
      "type": "Feature",
      "properties": {
        "area_id": "Alameda_Arro",
        "osm_uid": "cea/411",
        "osmid": "411",
        "element_type": "cea_zone",
        "building": "yes",
        "cea_name": "B1411",
        "intersection_area_m2": 117.98947299359695,
        "is_residential": true,
        "residential_source": "cea",
        "radiation_sum_kwh_year": 261996.1173125,
        "radiation_sum": 261996.1173125,
        "radiation_point_count": 193.0,
        "use_type1": "MULTI_RES",
        "use_type2": "NONE",
        "use_type3": "NONE",
        "resi_type": null,
        "comparison_status": "matched",
        "validation_radiation_kwh_year": 261996.1173125,
        "ucea_radiation_kwh_year": 199583.66999999975,
        "workflow0_radiation_kwh_year": 200974.91999999966,
        "validation_area_m2": 117.98947299359695,
        "ucea_roofs_top_m2": 120.46,
        "err_ucea_minus_validation_kwh_year": 62412.44731250024,
        "err_ucea_abs_kwh_year": 62412.44731250024,
        "err_ucea_pct_of_validation": 23.821897802423084,
        "err_ucea_area_minus_validation_m2": 2.470527006403046,
        "err_ucea_area_pct_of_validation": 2.0938537512894193,
        "err_workflow0_minus_validation_kwh_year": 61021.19731250033,
        "err_workflow0_abs_kwh_year": 61021.19731250033,
        "err_workflow0_pct_of_validation": 23.290878482644203
      },
      "geometry": {
        "type": "Polygon",
        "coordinates": [
          [
            [
              -9.1382267,
              38.7304836
            ],
            [
              -9.1381963,
              38.73048080000001
            ],
            [
              -9.1381863,
              38.7304807
            ],
            [
              -9.1381648,
              38.73038989999999
            ],
            [
              -9.1383265,
              38.7304114
            ],
            [
              -9.1383081,
              38.7304955
            ],
            [
              -9.1382267,
              38.7304836
            ]
          ]
        ]
      }
    },
    {
      "type": "Feature",
      "properties": {
        "area_id": "Alameda_Arro",
        "osm_uid": "cea/412",
        "osmid": "412",
        "element_type": "cea_zone",
        "building": "yes",
        "cea_name": "B1412",
        "intersection_area_m2": 194.52713533202058,
        "is_residential": true,
        "residential_source": "cea",
        "radiation_sum_kwh_year": 450045.948625,
        "radiation_sum": 450045.948625,
        "radiation_point_count": 319.0,
        "use_type1": "MULTI_RES",
        "use_type2": "NONE",
        "use_type3": "NONE",
        "resi_type": null,
        "comparison_status": "matched",
        "validation_radiation_kwh_year": 450045.948625,
        "ucea_radiation_kwh_year": 288767.1500000005,
        "workflow0_radiation_kwh_year": 319624.7899999993,
        "validation_area_m2": 194.52713533202058,
        "ucea_roofs_top_m2": 197.01,
        "err_ucea_minus_validation_kwh_year": 161278.79862499953,
        "err_ucea_abs_kwh_year": 161278.79862499953,
        "err_ucea_pct_of_validation": 35.83607387595546,
        "err_ucea_area_minus_validation_m2": 2.4828646679794133,
        "err_ucea_area_pct_of_validation": 1.2763590353302836,
        "err_workflow0_minus_validation_kwh_year": 130421.15862500074,
        "err_workflow0_abs_kwh_year": 130421.15862500074,
        "err_workflow0_pct_of_validation": 28.979520651939904
      },
      "geometry": {
        "type": "Polygon",
        "coordinates": [
          [
            [
              -9.1337441,
              38.7304233
            ],
            [
              -9.1337551,
              38.730317799999995
            ],
            [
              -9.1339447,
              38.730329
            ],
            [
              -9.1339346,
              38.730434499999994
            ],
            [
              -9.1337441,
              38.7304233
            ]
          ]
        ]
      }
    },
    {
      "type": "Feature",
      "properties": {
        "area_id": "Alameda_Arro",
        "osm_uid": "cea/413",
        "osmid": "413",
        "element_type": "cea_zone",
        "building": "yes",
        "cea_name": "B1413",
        "intersection_area_m2": 114.60310361058671,
        "is_residential": true,
        "residential_source": "cea",
        "radiation_sum_kwh_year": 257904.871703125,
        "radiation_sum": 257904.871703125,
        "radiation_point_count": 191.0,
        "use_type1": "MULTI_RES",
        "use_type2": "NONE",
        "use_type3": "NONE",
        "resi_type": null,
        "comparison_status": "matched",
        "validation_radiation_kwh_year": 257904.871703125,
        "ucea_radiation_kwh_year": 186246.82999999975,
        "workflow0_radiation_kwh_year": 186620.5099999998,
        "validation_area_m2": 114.60310361058671,
        "ucea_roofs_top_m2": 116.33,
        "err_ucea_minus_validation_kwh_year": 71658.04170312526,
        "err_ucea_abs_kwh_year": 71658.04170312526,
        "err_ucea_pct_of_validation": 27.784679378065807,
        "err_ucea_area_minus_validation_m2": 1.7268963894132838,
        "err_ucea_area_pct_of_validation": 1.5068495834817497,
        "err_workflow0_minus_validation_kwh_year": 71284.3617031252,
        "err_workflow0_abs_kwh_year": 71284.3617031252,
        "err_workflow0_pct_of_validation": 27.639788745511108
      },
      "geometry": {
        "type": "Polygon",
        "coordinates": [
          [
            [
              -9.1340073,
              38.730933199999996
            ],
            [
              -9.1341,
              38.73093719999999
            ],
            [
              -9.1340853,
              38.73106659999999
            ],
            [
              -9.1339929,
              38.731058700000006
            ],
            [
              -9.1340073,
              38.730933199999996
            ]
          ]
        ]
      }
    },
    {
      "type": "Feature",
      "properties": {
        "area_id": "Alameda_Arro",
        "osm_uid": "cea/414",
        "osmid": "414",
        "element_type": "cea_zone",
        "building": "yes",
        "cea_name": "B1414",
        "intersection_area_m2": 168.14319055035057,
        "is_residential": true,
        "residential_source": "cea",
        "radiation_sum_kwh_year": 410594.0243125,
        "radiation_sum": 410594.0243125,
        "radiation_point_count": 275.0,
        "use_type1": "MULTI_RES",
        "use_type2": "NONE",
        "use_type3": "NONE",
        "resi_type": null,
        "comparison_status": "matched",
        "validation_radiation_kwh_year": 410594.0243125,
        "ucea_radiation_kwh_year": 275646.1499999997,
        "workflow0_radiation_kwh_year": 274058.19000000047,
        "validation_area_m2": 168.14319055035057,
        "ucea_roofs_top_m2": 173.74,
        "err_ucea_minus_validation_kwh_year": 134947.87431250035,
        "err_ucea_abs_kwh_year": 134947.87431250035,
        "err_ucea_pct_of_validation": 32.86649739690136,
        "err_ucea_area_minus_validation_m2": 5.596809449649442,
        "err_ucea_area_pct_of_validation": 3.328597150637197,
        "err_workflow0_minus_validation_kwh_year": 136535.83431249956,
        "err_workflow0_abs_kwh_year": 136535.83431249956,
        "err_workflow0_pct_of_validation": 33.253244379558524
      },
      "geometry": {
        "type": "Polygon",
        "coordinates": [
          [
            [
              -9.1339062,
              38.730729
            ],
            [
              -9.1339042,
              38.73081789999999
            ],
            [
              -9.1337044,
              38.73080579999999
            ],
            [
              -9.1337135,
              38.73071769999999
            ],
            [
              -9.1339062,
              38.730729
            ]
          ]
        ]
      }
    },
    {
      "type": "Feature",
      "properties": {
        "area_id": "Alameda_Arro",
        "osm_uid": "cea/415",
        "osmid": "415",
        "element_type": "cea_zone",
        "building": "yes",
        "cea_name": "B1415",
        "intersection_area_m2": 183.34811344104196,
        "is_residential": true,
        "residential_source": "cea",
        "radiation_sum_kwh_year": 404224.6613125,
        "radiation_sum": 404224.6613125,
        "radiation_point_count": 305.0,
        "use_type1": "MULTI_RES",
        "use_type2": "NONE",
        "use_type3": "NONE",
        "resi_type": null,
        "comparison_status": "matched",
        "validation_radiation_kwh_year": 404224.6613125,
        "ucea_radiation_kwh_year": 212691.38999999996,
        "workflow0_radiation_kwh_year": 203299.89999999988,
        "validation_area_m2": 183.34811344104196,
        "ucea_roofs_top_m2": 192.67,
        "err_ucea_minus_validation_kwh_year": 191533.27131250006,
        "err_ucea_abs_kwh_year": 191533.27131250006,
        "err_ucea_pct_of_validation": 47.382876316996544,
        "err_ucea_area_minus_validation_m2": 9.321886558958028,
        "err_ucea_area_pct_of_validation": 5.0842555093732145,
        "err_workflow0_minus_validation_kwh_year": 200924.76131250014,
        "err_workflow0_abs_kwh_year": 200924.76131250014,
        "err_workflow0_pct_of_validation": 49.70621056620002
      },
      "geometry": {
        "type": "Polygon",
        "coordinates": [
          [
            [
              -9.1337135,
              38.73071769999999
            ],
            [
              -9.1337238,
              38.730619399999995
            ],
            [
              -9.1339156,
              38.730630700000006
            ],
            [
              -9.1339062,
              38.730729
            ],
            [
              -9.1337135,
              38.73071769999999
            ]
          ]
        ]
      }
    },
    {
      "type": "Feature",
      "properties": {
        "area_id": "Alameda_Arro",
        "osm_uid": "cea/416",
        "osmid": "416",
        "element_type": "cea_zone",
        "building": "yes",
        "cea_name": "B1416",
        "intersection_area_m2": 363.76654419908334,
        "is_residential": true,
        "residential_source": "cea",
        "radiation_sum_kwh_year": 866664.42975,
        "radiation_sum": 866664.42975,
        "radiation_point_count": 600.0,
        "use_type1": "MULTI_RES",
        "use_type2": "NONE",
        "use_type3": "NONE",
        "resi_type": null,
        "comparison_status": "matched",
        "validation_radiation_kwh_year": 866664.42975,
        "ucea_radiation_kwh_year": 610102.6899999978,
        "workflow0_radiation_kwh_year": 608490.2599999971,
        "validation_area_m2": 363.76654419908334,
        "ucea_roofs_top_m2": 371.39,
        "err_ucea_minus_validation_kwh_year": 256561.73975000216,
        "err_ucea_abs_kwh_year": 256561.73975000216,
        "err_ucea_pct_of_validation": 29.60335407142653,
        "err_ucea_area_minus_validation_m2": 7.623455800916645,
        "err_ucea_area_pct_of_validation": 2.0957000918546416,
        "err_workflow0_minus_validation_kwh_year": 258174.1697500029,
        "err_workflow0_abs_kwh_year": 258174.1697500029,
        "err_workflow0_pct_of_validation": 29.789404167017263
      },
      "geometry": {
        "type": "Polygon",
        "coordinates": [
          [
            [
              -9.1337238,
              38.730619399999995
            ],
            [
              -9.1337441,
              38.7304233
            ],
            [
              -9.1339346,
              38.730434499999994
            ],
            [
              -9.1339156,
              38.730630700000006
            ],
            [
              -9.1337238,
              38.730619399999995
            ]
          ]
        ]
      }
    },
    {
      "type": "Feature",
      "properties": {
        "area_id": "Alameda_Arro",
        "osm_uid": "cea/417",
        "osmid": "417",
        "element_type": "cea_zone",
        "building": "yes",
        "cea_name": "B1417",
        "intersection_area_m2": 138.54548999547106,
        "is_residential": true,
        "residential_source": "cea",
        "radiation_sum_kwh_year": 312141.526890625,
        "radiation_sum": 312141.526890625,
        "radiation_point_count": 228.0,
        "use_type1": "MULTI_RES",
        "use_type2": "NONE",
        "use_type3": "NONE",
        "resi_type": null,
        "comparison_status": "matched",
        "validation_radiation_kwh_year": 312141.526890625,
        "ucea_radiation_kwh_year": 196299.46000000014,
        "workflow0_radiation_kwh_year": 213192.6900000008,
        "validation_area_m2": 138.54548999547106,
        "ucea_roofs_top_m2": 132.85,
        "err_ucea_minus_validation_kwh_year": 115842.06689062488,
        "err_ucea_abs_kwh_year": 115842.06689062488,
        "err_ucea_pct_of_validation": 37.11203313592304,
        "err_ucea_area_minus_validation_m2": 5.695489995471064,
        "err_ucea_area_pct_of_validation": 4.110916923861791,
        "err_workflow0_minus_validation_kwh_year": 98948.83689062422,
        "err_workflow0_abs_kwh_year": 98948.83689062422,
        "err_workflow0_pct_of_validation": 31.69999130724317
      },
      "geometry": {
        "type": "Polygon",
        "coordinates": [
          [
            [
              -9.1339042,
              38.73081789999999
            ],
            [
              -9.1338983,
              38.730877899999996
            ],
            [
              -9.1338331,
              38.730873800000005
            ],
            [
              -9.1338314,
              38.73089089999999
            ],
            [
              -9.1336964,
              38.7308827
            ],
            [
              -9.1337044,
              38.73080579999999
            ],
            [
              -9.1339042,
              38.73081789999999
            ]
          ]
        ]
      }
    },
    {
      "type": "Feature",
      "properties": {
        "area_id": "Alameda_Arro",
        "osm_uid": "cea/418",
        "osmid": "418",
        "element_type": "cea_zone",
        "building": "yes",
        "cea_name": "B1418",
        "intersection_area_m2": 168.33020963693775,
        "is_residential": true,
        "residential_source": "cea",
        "radiation_sum_kwh_year": 396508.8811875,
        "radiation_sum": 396508.8811875,
        "radiation_point_count": 278.0,
        "use_type1": "MULTI_RES",
        "use_type2": "NONE",
        "use_type3": "NONE",
        "resi_type": null,
        "comparison_status": "matched",
        "validation_radiation_kwh_year": 396508.8811875,
        "ucea_radiation_kwh_year": 271573.10999999923,
        "workflow0_radiation_kwh_year": 259680.6199999996,
        "validation_area_m2": 168.33020963693775,
        "ucea_roofs_top_m2": 175.07,
        "err_ucea_minus_validation_kwh_year": 124935.7711875008,
        "err_ucea_abs_kwh_year": 124935.7711875008,
        "err_ucea_pct_of_validation": 31.50894648647769,
        "err_ucea_area_minus_validation_m2": 6.739790363062241,
        "err_ucea_area_pct_of_validation": 4.0039101582531895,
        "err_workflow0_minus_validation_kwh_year": 136828.26118750044,
        "err_workflow0_abs_kwh_year": 136828.26118750044,
        "err_workflow0_pct_of_validation": 34.50824626619081
      },
      "geometry": {
        "type": "Polygon",
        "coordinates": [
          [
            [
              -9.1339536,
              38.730237299999985
            ],
            [
              -9.1339447,
              38.730329
            ],
            [
              -9.1337551,
              38.730317799999995
            ],
            [
              -9.1337646,
              38.73022619999999
            ],
            [
              -9.1339077,
              38.73023460000001
            ],
            [
              -9.1339536,
              38.730237299999985
            ]
          ]
        ]
      }
    },
    {
      "type": "Feature",
      "properties": {
        "area_id": "Alameda_Arro",
        "osm_uid": "cea/419",
        "osmid": "419",
        "element_type": "cea_zone",
        "building": "yes",
        "cea_name": "B1419",
        "intersection_area_m2": 146.34042801514084,
        "is_residential": true,
        "residential_source": "cea",
        "radiation_sum_kwh_year": 332735.59893750004,
        "radiation_sum": 332735.59893750004,
        "radiation_point_count": 241.0,
        "use_type1": "MULTI_RES",
        "use_type2": "NONE",
        "use_type3": "NONE",
        "resi_type": null,
        "comparison_status": "matched",
        "validation_radiation_kwh_year": 332735.59893750004,
        "ucea_radiation_kwh_year": 233634.0300000002,
        "workflow0_radiation_kwh_year": 231015.06,
        "validation_area_m2": 146.34042801514084,
        "ucea_roofs_top_m2": 149.28,
        "err_ucea_minus_validation_kwh_year": 99101.56893749983,
        "err_ucea_abs_kwh_year": 99101.56893749983,
        "err_ucea_pct_of_validation": 29.783879228418463,
        "err_ucea_area_minus_validation_m2": 2.939571984859157,
        "err_ucea_area_pct_of_validation": 2.008721735155113,
        "err_workflow0_minus_validation_kwh_year": 101720.53893750004,
        "err_workflow0_abs_kwh_year": 101720.53893750004,
        "err_workflow0_pct_of_validation": 30.570981663013125
      },
      "geometry": {
        "type": "Polygon",
        "coordinates": [
          [
            [
              -9.1339179,
              38.73012889999999
            ],
            [
              -9.1339077,
              38.73023460000001
            ],
            [
              -9.1337646,
              38.73022619999999
            ],
            [
              -9.1337756,
              38.73012049999999
            ],
            [
              -9.1339179,
              38.73012889999999
            ]
          ]
        ]
      }
    },
    {
      "type": "Feature",
      "properties": {
        "area_id": "Alameda_Arro",
        "osm_uid": "cea/420",
        "osmid": "420",
        "element_type": "cea_zone",
        "building": "yes",
        "cea_name": "B1420",
        "intersection_area_m2": 149.10784249546649,
        "is_residential": true,
        "residential_source": "cea",
        "radiation_sum_kwh_year": 344880.4425625,
        "radiation_sum": 344880.4425625,
        "radiation_point_count": 245.0,
        "use_type1": "MULTI_RES",
        "use_type2": "NONE",
        "use_type3": "NONE",
        "resi_type": null,
        "comparison_status": "matched",
        "validation_radiation_kwh_year": 344880.4425625,
        "ucea_radiation_kwh_year": 239948.1599999998,
        "workflow0_radiation_kwh_year": 240015.97000000012,
        "validation_area_m2": 149.10784249546649,
        "ucea_roofs_top_m2": 152.18,
        "err_ucea_minus_validation_kwh_year": 104932.28256250022,
        "err_ucea_abs_kwh_year": 104932.28256250022,
        "err_ucea_pct_of_validation": 30.425698187708672,
        "err_ucea_area_minus_validation_m2": 3.0721575045335214,
        "err_ucea_area_pct_of_validation": 2.060359437248868,
        "err_workflow0_minus_validation_kwh_year": 104864.4725624999,
        "err_workflow0_abs_kwh_year": 104864.4725624999,
        "err_workflow0_pct_of_validation": 30.406036301549953
      },
      "geometry": {
        "type": "Polygon",
        "coordinates": [
          [
            [
              -9.1337869,
              38.7300122
            ],
            [
              -9.1339284,
              38.730020599999996
            ],
            [
              -9.1339179,
              38.73012889999999
            ],
            [
              -9.1337756,
              38.73012049999999
            ],
            [
              -9.1337869,
              38.7300122
            ]
          ]
        ]
      }
    },
    {
      "type": "Feature",
      "properties": {
        "area_id": "Alameda_Arro",
        "osm_uid": "cea/421",
        "osmid": "421",
        "element_type": "cea_zone",
        "building": "yes",
        "cea_name": "B1421",
        "intersection_area_m2": 123.66048856933362,
        "is_residential": true,
        "residential_source": "cea",
        "radiation_sum_kwh_year": 282831.33640625,
        "radiation_sum": 282831.33640625,
        "radiation_point_count": 204.0,
        "use_type1": "MULTI_RES",
        "use_type2": "NONE",
        "use_type3": "NONE",
        "resi_type": null,
        "comparison_status": "matched",
        "validation_radiation_kwh_year": 282831.33640625,
        "ucea_radiation_kwh_year": 200252.64999999988,
        "workflow0_radiation_kwh_year": 199023.7600000001,
        "validation_area_m2": 123.66048856933362,
        "ucea_roofs_top_m2": 125.54,
        "err_ucea_minus_validation_kwh_year": 82578.68640625014,
        "err_ucea_abs_kwh_year": 82578.68640625014,
        "err_ucea_pct_of_validation": 29.197148892878232,
        "err_ucea_area_minus_validation_m2": 1.8795114306663834,
        "err_ucea_area_pct_of_validation": 1.5198964943540427,
        "err_workflow0_minus_validation_kwh_year": 83807.57640624992,
        "err_workflow0_abs_kwh_year": 83807.57640624992,
        "err_workflow0_pct_of_validation": 29.63164459466803
      },
      "geometry": {
        "type": "Polygon",
        "coordinates": [
          [
            [
              -9.1339284,
              38.730020599999996
            ],
            [
              -9.1337869,
              38.7300122
            ],
            [
              -9.1337963,
              38.72992200000001
            ],
            [
              -9.1339371,
              38.72993019999999
            ],
            [
              -9.1339284,
              38.730020599999996
            ]
          ]
        ]
      }
    },
    {
      "type": "Feature",
      "properties": {
        "area_id": "Alameda_Arro",
        "osm_uid": "cea/422",
        "osmid": "422",
        "element_type": "cea_zone",
        "building": "yes",
        "cea_name": "B1422",
        "intersection_area_m2": 119.29739561842777,
        "is_residential": true,
        "residential_source": "cea",
        "radiation_sum_kwh_year": 277242.175375,
        "radiation_sum": 277242.175375,
        "radiation_point_count": 197.0,
        "use_type1": "MULTI_RES",
        "use_type2": "NONE",
        "use_type3": "NONE",
        "resi_type": null,
        "comparison_status": "matched",
        "validation_radiation_kwh_year": 277242.175375,
        "ucea_radiation_kwh_year": 196612.5099999999,
        "workflow0_radiation_kwh_year": 196967.0700000003,
        "validation_area_m2": 119.29739561842777,
        "ucea_roofs_top_m2": 119.3,
        "err_ucea_minus_validation_kwh_year": 80629.6653750001,
        "err_ucea_abs_kwh_year": 80629.6653750001,
        "err_ucea_pct_of_validation": 29.082755993362035,
        "err_ucea_area_minus_validation_m2": 0.002604381572226089,
        "err_ucea_area_pct_of_validation": 0.002183100107697399,
        "err_workflow0_minus_validation_kwh_year": 80275.1053749997,
        "err_workflow0_abs_kwh_year": 80275.1053749997,
        "err_workflow0_pct_of_validation": 28.954867803363232
      },
      "geometry": {
        "type": "Polygon",
        "coordinates": [
          [
            [
              -9.1339455,
              38.7298427
            ],
            [
              -9.1339371,
              38.72993019999999
            ],
            [
              -9.1337963,
              38.72992200000001
            ],
            [
              -9.1338054,
              38.7298344
            ],
            [
              -9.1339455,
              38.7298427
            ]
          ]
        ]
      }
    },
    {
      "type": "Feature",
      "properties": {
        "area_id": "Alameda_Arro",
        "osm_uid": "cea/424",
        "osmid": "424",
        "element_type": "cea_zone",
        "building": "yes",
        "cea_name": "B1424",
        "intersection_area_m2": 81.53799891107603,
        "is_residential": true,
        "residential_source": "cea",
        "radiation_sum_kwh_year": 184024.77550000002,
        "radiation_sum": 184024.77550000002,
        "radiation_point_count": 133.0,
        "use_type1": "MULTI_RES",
        "use_type2": "NONE",
        "use_type3": "NONE",
        "resi_type": null,
        "comparison_status": "matched",
        "validation_radiation_kwh_year": 184024.77550000002,
        "ucea_radiation_kwh_year": 109269.35000000031,
        "workflow0_radiation_kwh_year": 109965.97000000015,
        "validation_area_m2": 81.53799891107603,
        "ucea_roofs_top_m2": 74.31,
        "err_ucea_minus_validation_kwh_year": 74755.4254999997,
        "err_ucea_abs_kwh_year": 74755.4254999997,
        "err_ucea_pct_of_validation": 40.62247884660493,
        "err_ucea_area_minus_validation_m2": 7.227998911076028,
        "err_ucea_area_pct_of_validation": 8.864577261650439,
        "err_workflow0_minus_validation_kwh_year": 74058.80549999987,
        "err_workflow0_abs_kwh_year": 74058.80549999987,
        "err_workflow0_pct_of_validation": 40.24393199164634
      },
      "geometry": {
        "type": "Polygon",
        "coordinates": [
          [
            [
              -9.1339459,
              38.72983519999999
            ],
            [
              -9.1339455,
              38.7298427
            ],
            [
              -9.1338054,
              38.7298344
            ],
            [
              -9.1338102,
              38.7297852
            ],
            [
              -9.1338302,
              38.7297625
            ],
            [
              -9.133854,
              38.72975
            ],
            [
              -9.1338666,
              38.7297434
            ],
            [
              -9.1339459,
              38.72983519999999
            ]
          ]
        ]
      }
    },
    {
      "type": "Feature",
      "properties": {
        "area_id": "Alameda_Arro",
        "osm_uid": "cea/425",
        "osmid": "425",
        "element_type": "cea_zone",
        "building": "yes",
        "cea_name": "B1425",
        "intersection_area_m2": 74.09307074319139,
        "is_residential": true,
        "residential_source": "cea",
        "radiation_sum_kwh_year": 164209.41912500001,
        "radiation_sum": 164209.41912500001,
        "radiation_point_count": 122.0,
        "use_type1": "MULTI_RES",
        "use_type2": "NONE",
        "use_type3": "NONE",
        "resi_type": null,
        "comparison_status": "matched",
        "validation_radiation_kwh_year": 164209.41912500001,
        "ucea_radiation_kwh_year": 108791.48999999998,
        "workflow0_radiation_kwh_year": 109133.7699999997,
        "validation_area_m2": 74.09307074319139,
        "ucea_roofs_top_m2": 74.86,
        "err_ucea_minus_validation_kwh_year": 55417.92912500004,
        "err_ucea_abs_kwh_year": 55417.92912500004,
        "err_ucea_pct_of_validation": 33.74832541293787,
        "err_ucea_area_minus_validation_m2": 0.7669292568086092,
        "err_ucea_area_pct_of_validation": 1.0350890428968818,
        "err_workflow0_minus_validation_kwh_year": 55075.64912500032,
        "err_workflow0_abs_kwh_year": 55075.64912500032,
        "err_workflow0_pct_of_validation": 33.53988426393218
      },
      "geometry": {
        "type": "Polygon",
        "coordinates": [
          [
            [
              -9.1341313,
              38.72975319999999
            ],
            [
              -9.1341413,
              38.7296427
            ],
            [
              -9.1341643,
              38.7296439
            ],
            [
              -9.1341874,
              38.72964520000001
            ],
            [
              -9.1341989,
              38.72964579999999
            ],
            [
              -9.1342104,
              38.72964640000001
            ],
            [
              -9.1342005,
              38.72975699999999
            ],
            [
              -9.1341313,
              38.72975319999999
            ]
          ]
        ]
      }
    },
    {
      "type": "Feature",
      "properties": {
        "area_id": "Alameda_Arro",
        "osm_uid": "cea/426",
        "osmid": "426",
        "element_type": "cea_zone",
        "building": "yes",
        "cea_name": "B1426",
        "intersection_area_m2": 79.68936037691662,
        "is_residential": true,
        "residential_source": "cea",
        "radiation_sum_kwh_year": 164521.70478125,
        "radiation_sum": 164521.70478125,
        "radiation_point_count": 130.0,
        "use_type1": "MULTI_RES",
        "use_type2": "NONE",
        "use_type3": "NONE",
        "resi_type": null,
        "comparison_status": "matched",
        "validation_radiation_kwh_year": 164521.70478125,
        "ucea_radiation_kwh_year": 110022.49999999975,
        "workflow0_radiation_kwh_year": 116069.17000000019,
        "validation_area_m2": 79.68936037691662,
        "ucea_roofs_top_m2": 80.44,
        "err_ucea_minus_validation_kwh_year": 54499.20478125026,
        "err_ucea_abs_kwh_year": 54499.20478125026,
        "err_ucea_pct_of_validation": 33.125844917370046,
        "err_ucea_area_minus_validation_m2": 0.750639623083373,
        "err_ucea_area_pct_of_validation": 0.9419571440064016,
        "err_workflow0_minus_validation_kwh_year": 48452.53478124982,
        "err_workflow0_abs_kwh_year": 48452.53478124982,
        "err_workflow0_pct_of_validation": 29.450542617263103
      },
      "geometry": {
        "type": "Polygon",
        "coordinates": [
          [
            [
              -9.1342696,
              38.729760699999986
            ],
            [
              -9.1342689,
              38.729769100000006
            ],
            [
              -9.1341997,
              38.729765300000004
            ],
            [
              -9.1342005,
              38.72975699999999
            ],
            [
              -9.1342104,
              38.72964640000001
            ],
            [
              -9.1342796,
              38.7296502
            ],
            [
              -9.1342696,
              38.729760699999986
            ]
          ]
        ]
      }
    },
    {
      "type": "Feature",
      "properties": {
        "area_id": "Alameda_Arro",
        "osm_uid": "cea/428",
        "osmid": "428",
        "element_type": "cea_zone",
        "building": "yes",
        "cea_name": "B1428",
        "intersection_area_m2": 204.09259333280266,
        "is_residential": true,
        "residential_source": "cea",
        "radiation_sum_kwh_year": 449285.976625,
        "radiation_sum": 449285.976625,
        "radiation_point_count": 338.0,
        "use_type1": "MULTI_RES",
        "use_type2": "NONE",
        "use_type3": "NONE",
        "resi_type": null,
        "comparison_status": "matched",
        "validation_radiation_kwh_year": 449285.976625,
        "ucea_radiation_kwh_year": 356210.6400000002,
        "workflow0_radiation_kwh_year": 353564.63000000006,
        "validation_area_m2": 204.09259333280266,
        "ucea_roofs_top_m2": 206.9,
        "err_ucea_minus_validation_kwh_year": 93075.33662499982,
        "err_ucea_abs_kwh_year": 93075.33662499982,
        "err_ucea_pct_of_validation": 20.716279044401574,
        "err_ucea_area_minus_validation_m2": 2.807406667197341,
        "err_ucea_area_pct_of_validation": 1.3755553895184507,
        "err_workflow0_minus_validation_kwh_year": 95721.34662499995,
        "err_workflow0_abs_kwh_year": 95721.34662499995,
        "err_workflow0_pct_of_validation": 21.30521574344496
      },
      "geometry": {
        "type": "Polygon",
        "coordinates": [
          [
            [
              -9.1344326,
              38.729821099999995
            ],
            [
              -9.1344211,
              38.72993559999999
            ],
            [
              -9.1343972,
              38.729934199999995
            ],
            [
              -9.1343751,
              38.729933
            ],
            [
              -9.1342683,
              38.7299269
            ],
            [
              -9.1342813,
              38.7297895
            ],
            [
              -9.134388,
              38.7297956
            ],
            [
              -9.1344349,
              38.7297983
            ],
            [
              -9.1344326,
              38.729821099999995
            ]
          ]
        ]
      }
    },
    {
      "type": "Feature",
      "properties": {
        "area_id": "Alameda_Arro",
        "osm_uid": "cea/429",
        "osmid": "429",
        "element_type": "cea_zone",
        "building": "yes",
        "cea_name": "B1429",
        "intersection_area_m2": 200.4710750702871,
        "is_residential": true,
        "residential_source": "cea",
        "radiation_sum_kwh_year": 424399.08340625,
        "radiation_sum": 424399.08340625,
        "radiation_point_count": 330.0,
        "use_type1": "MULTI_RES",
        "use_type2": "NONE",
        "use_type3": "NONE",
        "resi_type": null,
        "comparison_status": "matched",
        "validation_radiation_kwh_year": 424399.08340625,
        "ucea_radiation_kwh_year": 336737.80000000005,
        "workflow0_radiation_kwh_year": 327840.6800000003,
        "validation_area_m2": 200.4710750702871,
        "ucea_roofs_top_m2": 211.02,
        "err_ucea_minus_validation_kwh_year": 87661.28340624995,
        "err_ucea_abs_kwh_year": 87661.28340624995,
        "err_ucea_pct_of_validation": 20.655389427959115,
        "err_ucea_area_minus_validation_m2": 10.54892492971291,
        "err_ucea_area_pct_of_validation": 5.262068318840688,
        "err_workflow0_minus_validation_kwh_year": 96558.40340624971,
        "err_workflow0_abs_kwh_year": 96558.40340624971,
        "err_workflow0_pct_of_validation": 22.751793578644598
      },
      "geometry": {
        "type": "Polygon",
        "coordinates": [
          [
            [
              -9.1343623,
              38.7300686
            ],
            [
              -9.1342555,
              38.73006250000001
            ],
            [
              -9.1342683,
              38.7299269
            ],
            [
              -9.1343751,
              38.729933
            ],
            [
              -9.1343972,
              38.729934199999995
            ],
            [
              -9.1344211,
              38.72993559999999
            ],
            [
              -9.1344076,
              38.73007119999999
            ],
            [
              -9.134384,
              38.7300698
            ],
            [
              -9.1343623,
              38.7300686
            ]
          ]
        ]
      }
    },
    {
      "type": "Feature",
      "properties": {
        "area_id": "Alameda_Arro",
        "osm_uid": "cea/430",
        "osmid": "430",
        "element_type": "cea_zone",
        "building": "yes",
        "cea_name": "B1430",
        "intersection_area_m2": 199.93312730629728,
        "is_residential": true,
        "residential_source": "cea",
        "radiation_sum_kwh_year": 448401.56171875,
        "radiation_sum": 448401.56171875,
        "radiation_point_count": 327.0,
        "use_type1": "MULTI_RES",
        "use_type2": "NONE",
        "use_type3": "NONE",
        "resi_type": null,
        "comparison_status": "matched",
        "validation_radiation_kwh_year": 448401.56171875,
        "ucea_radiation_kwh_year": 351475.4100000006,
        "workflow0_radiation_kwh_year": 319868.4199999999,
        "validation_area_m2": 199.93312730629728,
        "ucea_roofs_top_m2": 210.38,
        "err_ucea_minus_validation_kwh_year": 96926.15171874937,
        "err_ucea_abs_kwh_year": 96926.15171874937,
        "err_ucea_pct_of_validation": 21.615926435944075,
        "err_ucea_area_minus_validation_m2": 10.446872693702716,
        "err_ucea_area_pct_of_validation": 5.225183457315766,
        "err_workflow0_minus_validation_kwh_year": 128533.14171875006,
        "err_workflow0_abs_kwh_year": 128533.14171875006,
        "err_workflow0_pct_of_validation": 28.664739976835683
      },
      "geometry": {
        "type": "Polygon",
        "coordinates": [
          [
            [
              -9.1343708,
              38.7302058
            ],
            [
              -9.1343495,
              38.7302045
            ],
            [
              -9.1342427,
              38.7301984
            ],
            [
              -9.1342555,
              38.73006250000001
            ],
            [
              -9.1343623,
              38.7300686
            ],
            [
              -9.134384,
              38.7300698
            ],
            [
              -9.1344076,
              38.73007119999999
            ],
            [
              -9.134394,
              38.73020699999999
            ],
            [
              -9.1343708,
              38.7302058
            ]
          ]
        ]
      }
    },
    {
      "type": "Feature",
      "properties": {
        "area_id": "Alameda_Arro",
        "osm_uid": "cea/431",
        "osmid": "431",
        "element_type": "cea_zone",
        "building": "yes",
        "cea_name": "B1431",
        "intersection_area_m2": 164.07287858995608,
        "is_residential": true,
        "residential_source": "cea",
        "radiation_sum_kwh_year": 324074.962140625,
        "radiation_sum": 324074.962140625,
        "radiation_point_count": 272.0,
        "use_type1": "MULTI_RES",
        "use_type2": "NONE",
        "use_type3": "NONE",
        "resi_type": null,
        "comparison_status": "matched",
        "validation_radiation_kwh_year": 324074.962140625,
        "ucea_radiation_kwh_year": 285215.85,
        "workflow0_radiation_kwh_year": 282913.13,
        "validation_area_m2": 164.07287858995608,
        "ucea_roofs_top_m2": 168.88,
        "err_ucea_minus_validation_kwh_year": 38859.11214062502,
        "err_ucea_abs_kwh_year": 38859.11214062502,
        "err_ucea_pct_of_validation": 11.990778887683087,
        "err_ucea_area_minus_validation_m2": 4.807121410043919,
        "err_ucea_area_pct_of_validation": 2.9298696112095843,
        "err_workflow0_minus_validation_kwh_year": 41161.83214062499,
        "err_workflow0_abs_kwh_year": 41161.83214062499,
        "err_workflow0_pct_of_validation": 12.701330540544426
      },
      "geometry": {
        "type": "Polygon",
        "coordinates": [
          [
            [
              -9.1342391,
              38.7304797
            ],
            [
              -9.1343659,
              38.730486899999995
            ],
            [
              -9.1343644,
              38.730502
            ],
            [
              -9.1343539,
              38.73060739999999
            ],
            [
              -9.1343526,
              38.730620699999996
            ],
            [
              -9.1342265,
              38.73061349999999
            ],
            [
              -9.1342391,
              38.7304797
            ]
          ]
        ]
      }
    },
    {
      "type": "Feature",
      "properties": {
        "area_id": "Alameda_Arro",
        "osm_uid": "cea/432",
        "osmid": "432",
        "element_type": "cea_zone",
        "building": "yes",
        "cea_name": "B1432",
        "intersection_area_m2": 167.68236339295603,
        "is_residential": true,
        "residential_source": "cea",
        "radiation_sum_kwh_year": 345173.63365625,
        "radiation_sum": 345173.63365625,
        "radiation_point_count": 279.0,
        "use_type1": "MULTI_RES",
        "use_type2": "NONE",
        "use_type3": "NONE",
        "resi_type": null,
        "comparison_status": "matched",
        "validation_radiation_kwh_year": 345173.63365625,
        "ucea_radiation_kwh_year": 261415.84000000023,
        "workflow0_radiation_kwh_year": 268108.53000000067,
        "validation_area_m2": 167.68236339295603,
        "ucea_roofs_top_m2": 171.47,
        "err_ucea_minus_validation_kwh_year": 83757.79365624979,
        "err_ucea_abs_kwh_year": 83757.79365624979,
        "err_ucea_pct_of_validation": 24.265408910016035,
        "err_ucea_area_minus_validation_m2": 3.7876366070439644,
        "err_ucea_area_pct_of_validation": 2.2588163301156543,
        "err_workflow0_minus_validation_kwh_year": 77065.10365624935,
        "err_workflow0_abs_kwh_year": 77065.10365624935,
        "err_workflow0_pct_of_validation": 22.32647460350248
      },
      "geometry": {
        "type": "Polygon",
        "coordinates": [
          [
            [
              -9.1343839,
              38.7303078
            ],
            [
              -9.1343825,
              38.730321599999996
            ],
            [
              -9.1343387,
              38.7303191
            ],
            [
              -9.134232,
              38.730313
            ],
            [
              -9.1342427,
              38.7301984
            ],
            [
              -9.1343495,
              38.7302045
            ],
            [
              -9.1343708,
              38.7302058
            ],
            [
              -9.134394,
              38.73020699999999
            ],
            [
              -9.1343839,
              38.7303078
            ]
          ]
        ]
      }
    },
    {
      "type": "Feature",
      "properties": {
        "area_id": "Alameda_Arro",
        "osm_uid": "cea/433",
        "osmid": "433",
        "element_type": "cea_zone",
        "building": "yes",
        "cea_name": "B1433",
        "intersection_area_m2": 302.46650026468495,
        "is_residential": true,
        "residential_source": "cea",
        "radiation_sum_kwh_year": 559767.00175,
        "radiation_sum": 559767.00175,
        "radiation_point_count": 497.0,
        "use_type1": "MULTI_RES",
        "use_type2": "NONE",
        "use_type3": "NONE",
        "resi_type": null,
        "comparison_status": "matched",
        "validation_radiation_kwh_year": 559767.00175,
        "ucea_radiation_kwh_year": 462414.0900000004,
        "workflow0_radiation_kwh_year": 451386.12,
        "validation_area_m2": 302.46650026468495,
        "ucea_roofs_top_m2": 311.08,
        "err_ucea_minus_validation_kwh_year": 97352.91174999968,
        "err_ucea_abs_kwh_year": 97352.91174999968,
        "err_ucea_pct_of_validation": 17.391684655516528,
        "err_ucea_area_minus_validation_m2": 8.613499735315031,
        "err_ucea_area_pct_of_validation": 2.8477532975643443,
        "err_workflow0_minus_validation_kwh_year": 108380.88175000006,
        "err_workflow0_abs_kwh_year": 108380.88175000006,
        "err_workflow0_pct_of_validation": 19.361784708846503
      },
      "geometry": {
        "type": "Polygon",
        "coordinates": [
          [
            [
              -9.1343387,
              38.7303191
            ],
            [
              -9.1343825,
              38.730321599999996
            ],
            [
              -9.1343659,
              38.730486899999995
            ],
            [
              -9.1342391,
              38.7304797
            ],
            [
              -9.1341778,
              38.73047619999999
            ],
            [
              -9.1341934,
              38.730310800000005
            ],
            [
              -9.134232,
              38.730313
            ],
            [
              -9.1343387,
              38.7303191
            ]
          ]
        ]
      }
    },
    {
      "type": "Feature",
      "properties": {
        "area_id": "Alameda_Arro",
        "osm_uid": "cea/434",
        "osmid": "434",
        "element_type": "cea_zone",
        "building": "yes",
        "cea_name": "B1434",
        "intersection_area_m2": 165.62159326337152,
        "is_residential": true,
        "residential_source": "cea",
        "radiation_sum_kwh_year": 368729.1069375,
        "radiation_sum": 368729.1069375,
        "radiation_point_count": 273.0,
        "use_type1": "MULTI_RES",
        "use_type2": "NONE",
        "use_type3": "NONE",
        "resi_type": null,
        "comparison_status": "matched",
        "validation_radiation_kwh_year": 368729.1069375,
        "ucea_radiation_kwh_year": 287078.4300000001,
        "workflow0_radiation_kwh_year": 285213.57000000053,
        "validation_area_m2": 165.62159326337152,
        "ucea_roofs_top_m2": 169.12,
        "err_ucea_minus_validation_kwh_year": 81650.6769374999,
        "err_ucea_abs_kwh_year": 81650.6769374999,
        "err_ucea_pct_of_validation": 22.143811107198484,
        "err_ucea_area_minus_validation_m2": 3.498406736628482,
        "err_ucea_area_pct_of_validation": 2.1122890244542654,
        "err_workflow0_minus_validation_kwh_year": 83515.53693749948,
        "err_workflow0_abs_kwh_year": 83515.53693749948,
        "err_workflow0_pct_of_validation": 22.649564508520196
      },
      "geometry": {
        "type": "Polygon",
        "coordinates": [
          [
            [
              -9.1342071,
              38.730753099999994
            ],
            [
              -9.1343386,
              38.730760499999995
            ],
            [
              -9.1343374,
              38.73077210000001
            ],
            [
              -9.1343256,
              38.730890499999994
            ],
            [
              -9.1343105,
              38.730889499999996
            ],
            [
              -9.1342102,
              38.73088299999999
            ],
            [
              -9.1341933,
              38.730881999999994
            ],
            [
              -9.1342071,
              38.730753099999994
            ]
          ]
        ]
      }
    },
    {
      "type": "Feature",
      "properties": {
        "area_id": "Alameda_Arro",
        "osm_uid": "cea/439",
        "osmid": "439",
        "element_type": "cea_zone",
        "building": "yes",
        "cea_name": "B1439",
        "intersection_area_m2": 128.4834232656348,
        "is_residential": true,
        "residential_source": "cea",
        "radiation_sum_kwh_year": 148695.471140625,
        "radiation_sum": 148695.471140625,
        "radiation_point_count": 212.0,
        "use_type1": "MULTI_RES",
        "use_type2": "NONE",
        "use_type3": "NONE",
        "resi_type": null,
        "comparison_status": "matched",
        "validation_radiation_kwh_year": 148695.471140625,
        "ucea_radiation_kwh_year": 224708.72999999995,
        "workflow0_radiation_kwh_year": 222636.89000000048,
        "validation_area_m2": 128.4834232656348,
        "ucea_roofs_top_m2": 133.99,
        "err_ucea_minus_validation_kwh_year": 76013.25885937494,
        "err_ucea_abs_kwh_year": 76013.25885937494,
        "err_ucea_pct_of_validation": 51.12009012533226,
        "err_ucea_area_minus_validation_m2": 5.506576734365211,
        "err_ucea_area_pct_of_validation": 4.285826602689878,
        "err_workflow0_minus_validation_kwh_year": 73941.41885937547,
        "err_workflow0_abs_kwh_year": 73941.41885937547,
        "err_workflow0_pct_of_validation": 49.726745738911724
      },
      "geometry": {
        "type": "Polygon",
        "coordinates": [
          [
            [
              -9.1350151,
              38.7295592
            ],
            [
              -9.1348716,
              38.729549399999996
            ],
            [
              -9.1348804,
              38.7294579
            ],
            [
              -9.1350241,
              38.72946629999999
            ],
            [
              -9.1350151,
              38.7295592
            ]
          ]
        ]
      }
    },
    {
      "type": "Feature",
      "properties": {
        "area_id": "Alameda_Arro",
        "osm_uid": "cea/440",
        "osmid": "440",
        "element_type": "cea_zone",
        "building": "yes",
        "cea_name": "B1440",
        "intersection_area_m2": 175.14814910908035,
        "is_residential": true,
        "residential_source": "cea",
        "radiation_sum_kwh_year": 335074.067046875,
        "radiation_sum": 335074.067046875,
        "radiation_point_count": 289.0,
        "use_type1": "MULTI_RES",
        "use_type2": "NONE",
        "use_type3": "NONE",
        "resi_type": null,
        "comparison_status": "matched",
        "validation_radiation_kwh_year": 335074.067046875,
        "ucea_radiation_kwh_year": 241309.5400000001,
        "workflow0_radiation_kwh_year": 239350.40999999933,
        "validation_area_m2": 175.14814910908035,
        "ucea_roofs_top_m2": 179.39,
        "err_ucea_minus_validation_kwh_year": 93764.52704687492,
        "err_ucea_abs_kwh_year": 93764.52704687492,
        "err_ucea_pct_of_validation": 27.983224089304944,
        "err_ucea_area_minus_validation_m2": 4.241850890919636,
        "err_ucea_area_pct_of_validation": 2.421864525829421,
        "err_workflow0_minus_validation_kwh_year": 95723.65704687568,
        "err_workflow0_abs_kwh_year": 95723.65704687568,
        "err_workflow0_pct_of_validation": 28.567909743216408
      },
      "geometry": {
        "type": "Polygon",
        "coordinates": [
          [
            [
              -9.1350151,
              38.7295592
            ],
            [
              -9.1350241,
              38.72946629999999
            ],
            [
              -9.1352162,
              38.7294774
            ],
            [
              -9.135207,
              38.72957250000001
            ],
            [
              -9.1350151,
              38.7295592
            ]
          ]
        ]
      }
    },
    {
      "type": "Feature",
      "properties": {
        "area_id": "Alameda_Arro",
        "osm_uid": "cea/441",
        "osmid": "441",
        "element_type": "cea_zone",
        "building": "yes",
        "cea_name": "B1441",
        "intersection_area_m2": 194.93697909867802,
        "is_residential": true,
        "residential_source": "cea",
        "radiation_sum_kwh_year": 455802.742,
        "radiation_sum": 455802.742,
        "radiation_point_count": 320.0,
        "use_type1": "MULTI_RES",
        "use_type2": "NONE",
        "use_type3": "NONE",
        "resi_type": null,
        "comparison_status": "matched",
        "validation_radiation_kwh_year": 455802.742,
        "ucea_radiation_kwh_year": 339036.39999999915,
        "workflow0_radiation_kwh_year": 337276.06000000035,
        "validation_area_m2": 194.93697909867802,
        "ucea_roofs_top_m2": 202.58,
        "err_ucea_minus_validation_kwh_year": 116766.34200000088,
        "err_ucea_abs_kwh_year": 116766.34200000088,
        "err_ucea_pct_of_validation": 25.61773575289305,
        "err_ucea_area_minus_validation_m2": 7.643020901321989,
        "err_ucea_area_pct_of_validation": 3.9207650270670587,
        "err_workflow0_minus_validation_kwh_year": 118526.68199999968,
        "err_workflow0_abs_kwh_year": 118526.68199999968,
        "err_workflow0_pct_of_validation": 26.00394229308951
      },
      "geometry": {
        "type": "Polygon",
        "coordinates": [
          [
            [
              -9.1353615,
              38.72841449999999
            ],
            [
              -9.135376,
              38.7282641
            ],
            [
              -9.1355099,
              38.72827199999999
            ],
            [
              -9.1354948,
              38.7284224
            ],
            [
              -9.1353615,
              38.72841449999999
            ]
          ]
        ]
      }
    },
    {
      "type": "Feature",
      "properties": {
        "area_id": "Alameda_Arro",
        "osm_uid": "cea/442",
        "osmid": "442",
        "element_type": "cea_zone",
        "building": "yes",
        "cea_name": "B1442",
        "intersection_area_m2": 174.64098048648782,
        "is_residential": true,
        "residential_source": "cea",
        "radiation_sum_kwh_year": 420938.26125,
        "radiation_sum": 420938.26125,
        "radiation_point_count": 290.0,
        "use_type1": "MULTI_RES",
        "use_type2": "NONE",
        "use_type3": "NONE",
        "resi_type": null,
        "comparison_status": "matched",
        "validation_radiation_kwh_year": 420938.26125,
        "ucea_radiation_kwh_year": 245700.70999999932,
        "workflow0_radiation_kwh_year": 251165.00999999928,
        "validation_area_m2": 174.64098048648782,
        "ucea_roofs_top_m2": 179.55,
        "err_ucea_minus_validation_kwh_year": 175237.55125000066,
        "err_ucea_abs_kwh_year": 175237.55125000066,
        "err_ucea_pct_of_validation": 41.63022642076366,
        "err_ucea_area_minus_validation_m2": 4.909019513512192,
        "err_ucea_area_pct_of_validation": 2.8109207242408996,
        "err_workflow0_minus_validation_kwh_year": 169773.2512500007,
        "err_workflow0_abs_kwh_year": 169773.2512500007,
        "err_workflow0_pct_of_validation": 40.33210256198841
      },
      "geometry": {
        "type": "Polygon",
        "coordinates": [
          [
            [
              -9.1353484,
              38.72854980000002
            ],
            [
              -9.1353615,
              38.72841449999999
            ],
            [
              -9.1354948,
              38.7284224
            ],
            [
              -9.1354813,
              38.728557599999995
            ],
            [
              -9.1353484,
              38.72854980000002
            ]
          ]
        ]
      }
    },
    {
      "type": "Feature",
      "properties": {
        "area_id": "Alameda_Arro",
        "osm_uid": "cea/443",
        "osmid": "443",
        "element_type": "cea_zone",
        "building": "yes",
        "cea_name": "B1443",
        "intersection_area_m2": 177.20067588874886,
        "is_residential": true,
        "residential_source": "cea",
        "radiation_sum_kwh_year": 411195.91653125,
        "radiation_sum": 411195.91653125,
        "radiation_point_count": 290.0,
        "use_type1": "MULTI_RES",
        "use_type2": "NONE",
        "use_type3": "NONE",
        "resi_type": null,
        "comparison_status": "matched",
        "validation_radiation_kwh_year": 411195.91653125,
        "ucea_radiation_kwh_year": 279524.2399999993,
        "workflow0_radiation_kwh_year": 280009.8899999992,
        "validation_area_m2": 177.20067588874886,
        "ucea_roofs_top_m2": 180.72,
        "err_ucea_minus_validation_kwh_year": 131671.6765312507,
        "err_ucea_abs_kwh_year": 131671.6765312507,
        "err_ucea_pct_of_validation": 32.02164010819985,
        "err_ucea_area_minus_validation_m2": 3.5193241112511373,
        "err_ucea_area_pct_of_validation": 1.9860669794852583,
        "err_workflow0_minus_validation_kwh_year": 131186.0265312508,
        "err_workflow0_abs_kwh_year": 131186.0265312508,
        "err_workflow0_pct_of_validation": 31.903533390580485
      },
      "geometry": {
        "type": "Polygon",
        "coordinates": [
          [
            [
              -9.1353484,
              38.72854980000002
            ],
            [
              -9.1354813,
              38.728557599999995
            ],
            [
              -9.1354675,
              38.7286953
            ],
            [
              -9.1353351,
              38.7286875
            ],
            [
              -9.1353484,
              38.72854980000002
            ]
          ]
        ]
      }
    },
    {
      "type": "Feature",
      "properties": {
        "area_id": "Alameda_Arro",
        "osm_uid": "cea/444",
        "osmid": "444",
        "element_type": "cea_zone",
        "building": "yes",
        "cea_name": "B1444",
        "intersection_area_m2": 203.44939450042824,
        "is_residential": true,
        "residential_source": "cea",
        "radiation_sum_kwh_year": 451631.813625,
        "radiation_sum": 451631.813625,
        "radiation_point_count": 333.0,
        "use_type1": "MULTI_RES",
        "use_type2": "NONE",
        "use_type3": "NONE",
        "resi_type": null,
        "comparison_status": "matched",
        "validation_radiation_kwh_year": 451631.813625,
        "ucea_radiation_kwh_year": 328928.5599999999,
        "workflow0_radiation_kwh_year": 343015.7000000003,
        "validation_area_m2": 203.44939450042824,
        "ucea_roofs_top_m2": 205.51,
        "err_ucea_minus_validation_kwh_year": 122703.25362500013,
        "err_ucea_abs_kwh_year": 122703.25362500013,
        "err_ucea_pct_of_validation": 27.168868517062307,
        "err_ucea_area_minus_validation_m2": 2.06060549957175,
        "err_ucea_area_pct_of_validation": 1.0128344223543082,
        "err_workflow0_minus_validation_kwh_year": 108616.1136249997,
        "err_workflow0_abs_kwh_year": 108616.1136249997,
        "err_workflow0_pct_of_validation": 24.049703840213986
      },
      "geometry": {
        "type": "Polygon",
        "coordinates": [
          [
            [
              -9.1353104,
              38.72896519999999
            ],
            [
              -9.1352818,
              38.72896359999999
            ],
            [
              -9.1352946,
              38.728830900000005
            ],
            [
              -9.135453,
              38.7288403
            ],
            [
              -9.1354398,
              38.7289728
            ],
            [
              -9.1353104,
              38.72896519999999
            ]
          ]
        ]
      }
    },
    {
      "type": "Feature",
      "properties": {
        "area_id": "Alameda_Arro",
        "osm_uid": "cea/445",
        "osmid": "445",
        "element_type": "cea_zone",
        "building": "yes",
        "cea_name": "B1445",
        "intersection_area_m2": 223.13156343708508,
        "is_residential": true,
        "residential_source": "cea",
        "radiation_sum_kwh_year": 472473.93521875003,
        "radiation_sum": 472473.93521875003,
        "radiation_point_count": 371.0,
        "use_type1": "MULTI_RES",
        "use_type2": "NONE",
        "use_type3": "NONE",
        "resi_type": null,
        "comparison_status": "matched",
        "validation_radiation_kwh_year": 472473.93521875003,
        "ucea_radiation_kwh_year": 371710.44999999966,
        "workflow0_radiation_kwh_year": 378517.6499999986,
        "validation_area_m2": 223.13156343708508,
        "ucea_roofs_top_m2": 224.21,
        "err_ucea_minus_validation_kwh_year": 100763.48521875037,
        "err_ucea_abs_kwh_year": 100763.48521875037,
        "err_ucea_pct_of_validation": 21.326781798470645,
        "err_ucea_area_minus_validation_m2": 1.0784365629149306,
        "err_ucea_area_pct_of_validation": 0.48331869606561073,
        "err_workflow0_minus_validation_kwh_year": 93956.2852187514,
        "err_workflow0_abs_kwh_year": 93956.2852187514,
        "err_workflow0_pct_of_validation": 19.886025072526113
      },
      "geometry": {
        "type": "Polygon",
        "coordinates": [
          [
            [
              -9.1352946,
              38.728830900000005
            ],
            [
              -9.1353086,
              38.728685999999996
            ],
            [
              -9.1353351,
              38.7286875
            ],
            [
              -9.1354675,
              38.7286953
            ],
            [
              -9.135453,
              38.7288403
            ],
            [
              -9.1352946,
              38.728830900000005
            ]
          ]
        ]
      }
    },
    {
      "type": "Feature",
      "properties": {
        "area_id": "Alameda_Arro",
        "osm_uid": "cea/446",
        "osmid": "446",
        "element_type": "cea_zone",
        "building": "yes",
        "cea_name": "B1446",
        "intersection_area_m2": 173.8485440684861,
        "is_residential": true,
        "residential_source": "cea",
        "radiation_sum_kwh_year": 385223.41896875,
        "radiation_sum": 385223.41896875,
        "radiation_point_count": 289.0,
        "use_type1": "MULTI_RES",
        "use_type2": "NONE",
        "use_type3": "NONE",
        "resi_type": null,
        "comparison_status": "matched",
        "validation_radiation_kwh_year": 385223.41896875,
        "ucea_radiation_kwh_year": 283939.7899999989,
        "workflow0_radiation_kwh_year": 290334.58000000124,
        "validation_area_m2": 173.8485440684861,
        "ucea_roofs_top_m2": 178.21,
        "err_ucea_minus_validation_kwh_year": 101283.62896875112,
        "err_ucea_abs_kwh_year": 101283.62896875112,
        "err_ucea_pct_of_validation": 26.29217850770579,
        "err_ucea_area_minus_validation_m2": 4.361455931513916,
        "err_ucea_area_pct_of_validation": 2.508767591286677,
        "err_workflow0_minus_validation_kwh_year": 94888.83896874875,
        "err_workflow0_abs_kwh_year": 94888.83896874875,
        "err_workflow0_pct_of_validation": 24.632157417315874
      },
      "geometry": {
        "type": "Polygon",
        "coordinates": [
          [
            [
              -9.1352969,
              38.7291039
            ],
            [
              -9.1353104,
              38.72896519999999
            ],
            [
              -9.1354398,
              38.7289728
            ],
            [
              -9.1354259,
              38.7291115
            ],
            [
              -9.1352969,
              38.7291039
            ]
          ]
        ]
      }
    },
    {
      "type": "Feature",
      "properties": {
        "area_id": "Alameda_Arro",
        "osm_uid": "cea/447",
        "osmid": "447",
        "element_type": "cea_zone",
        "building": "yes",
        "cea_name": "B1447",
        "intersection_area_m2": 152.93970444824646,
        "is_residential": true,
        "residential_source": "cea",
        "radiation_sum_kwh_year": 381004.38762500003,
        "radiation_sum": 381004.38762500003,
        "radiation_point_count": 250.0,
        "use_type1": "MULTI_RES",
        "use_type2": "NONE",
        "use_type3": "NONE",
        "resi_type": null,
        "comparison_status": "matched",
        "validation_radiation_kwh_year": 381004.38762500003,
        "ucea_radiation_kwh_year": 245598.77000000034,
        "workflow0_radiation_kwh_year": 248106.00000000015,
        "validation_area_m2": 152.93970444824646,
        "ucea_roofs_top_m2": 155.34,
        "err_ucea_minus_validation_kwh_year": 135405.6176249997,
        "err_ucea_abs_kwh_year": 135405.6176249997,
        "err_ucea_pct_of_validation": 35.539122913794735,
        "err_ucea_area_minus_validation_m2": 2.400295551753544,
        "err_ucea_area_pct_of_validation": 1.5694391200852518,
        "err_workflow0_minus_validation_kwh_year": 132898.3876249999,
        "err_workflow0_abs_kwh_year": 132898.3876249999,
        "err_workflow0_pct_of_validation": 34.88106487524335
      },
      "geometry": {
        "type": "Polygon",
        "coordinates": [
          [
            [
              -9.1352969,
              38.7291039
            ],
            [
              -9.1354259,
              38.7291115
            ],
            [
              -9.1354136,
              38.7292339
            ],
            [
              -9.1352851,
              38.7292264
            ],
            [
              -9.1352969,
              38.7291039
            ]
          ]
        ]
      }
    },
    {
      "type": "Feature",
      "properties": {
        "area_id": "Alameda_Arro",
        "osm_uid": "cea/448",
        "osmid": "448",
        "element_type": "cea_zone",
        "building": "yes",
        "cea_name": "B1448",
        "intersection_area_m2": 187.21980157999585,
        "is_residential": true,
        "residential_source": "cea",
        "radiation_sum_kwh_year": 476840.825375,
        "radiation_sum": 476840.825375,
        "radiation_point_count": 310.0,
        "use_type1": "MULTI_RES",
        "use_type2": "NONE",
        "use_type3": "NONE",
        "resi_type": null,
        "comparison_status": "matched",
        "validation_radiation_kwh_year": 476840.825375,
        "ucea_radiation_kwh_year": 316925.76000000106,
        "workflow0_radiation_kwh_year": 316769.53000000014,
        "validation_area_m2": 187.21980157999585,
        "ucea_roofs_top_m2": 191.32,
        "err_ucea_minus_validation_kwh_year": 159915.06537499896,
        "err_ucea_abs_kwh_year": 159915.06537499896,
        "err_ucea_pct_of_validation": 33.53636200282088,
        "err_ucea_area_minus_validation_m2": 4.100198420004148,
        "err_ucea_area_pct_of_validation": 2.1900452758744122,
        "err_workflow0_minus_validation_kwh_year": 160071.29537499987,
        "err_workflow0_abs_kwh_year": 160071.29537499987,
        "err_workflow0_pct_of_validation": 33.56912555654513
      },
      "geometry": {
        "type": "Polygon",
        "coordinates": [
          [
            [
              -9.1354136,
              38.7292339
            ],
            [
              -9.1354099,
              38.729271000000004
            ],
            [
              -9.1354021,
              38.7293487
            ],
            [
              -9.1353986,
              38.729384399999994
            ],
            [
              -9.135333,
              38.729380500000005
            ],
            [
              -9.1352705,
              38.72937679999999
            ],
            [
              -9.1352851,
              38.7292264
            ],
            [
              -9.1354136,
              38.7292339
            ]
          ]
        ]
      }
    },
    {
      "type": "Feature",
      "properties": {
        "area_id": "Alameda_Arro",
        "osm_uid": "cea/449",
        "osmid": "449",
        "element_type": "cea_zone",
        "building": "yes",
        "cea_name": "B1449",
        "intersection_area_m2": 113.57280615709988,
        "is_residential": true,
        "residential_source": "cea",
        "radiation_sum_kwh_year": 273857.536484375,
        "radiation_sum": 273857.536484375,
        "radiation_point_count": 189.0,
        "use_type1": "MULTI_RES",
        "use_type2": "NONE",
        "use_type3": "NONE",
        "resi_type": null,
        "comparison_status": "matched",
        "validation_radiation_kwh_year": 273857.536484375,
        "ucea_radiation_kwh_year": 197159.44,
        "workflow0_radiation_kwh_year": 189979.1899999993,
        "validation_area_m2": 113.57280615709988,
        "ucea_roofs_top_m2": 117.8,
        "err_ucea_minus_validation_kwh_year": 76698.09648437501,
        "err_ucea_abs_kwh_year": 76698.09648437501,
        "err_ucea_pct_of_validation": 28.006567746493634,
        "err_ucea_area_minus_validation_m2": 4.227193842900121,
        "err_ucea_area_pct_of_validation": 3.7220123248983072,
        "err_workflow0_minus_validation_kwh_year": 83878.34648437571,
        "err_workflow0_abs_kwh_year": 83878.34648437571,
        "err_workflow0_pct_of_validation": 30.628460169896183
      },
      "geometry": {
        "type": "Polygon",
        "coordinates": [
          [
            [
              -9.1352243,
              38.728160800000005
            ],
            [
              -9.1351516,
              38.72815619999999
            ],
            [
              -9.1351555,
              38.7281232
            ],
            [
              -9.1350791,
              38.7281172
            ],
            [
              -9.1350851,
              38.7280549
            ],
            [
              -9.1352355,
              38.7280667
            ],
            [
              -9.1352243,
              38.728160800000005
            ]
          ]
        ]
      }
    },
    {
      "type": "Feature",
      "properties": {
        "area_id": "Alameda_Arro",
        "osm_uid": "cea/450",
        "osmid": "450",
        "element_type": "cea_zone",
        "building": "yes",
        "cea_name": "B1450",
        "intersection_area_m2": 194.51884202267266,
        "is_residential": true,
        "residential_source": "cea",
        "radiation_sum_kwh_year": 430044.46809375,
        "radiation_sum": 430044.46809375,
        "radiation_point_count": 320.0,
        "use_type1": "MULTI_RES",
        "use_type2": "NONE",
        "use_type3": "NONE",
        "resi_type": null,
        "comparison_status": "matched",
        "validation_radiation_kwh_year": 430044.46809375,
        "ucea_radiation_kwh_year": 339308.7600000013,
        "workflow0_radiation_kwh_year": 331915.31999999925,
        "validation_area_m2": 194.51884202267266,
        "ucea_roofs_top_m2": 196.46,
        "err_ucea_minus_validation_kwh_year": 90735.70809374872,
        "err_ucea_abs_kwh_year": 90735.70809374872,
        "err_ucea_pct_of_validation": 21.099145513009663,
        "err_ucea_area_minus_validation_m2": 1.9411579773273502,
        "err_ucea_area_pct_of_validation": 0.9979279935776573,
        "err_workflow0_minus_validation_kwh_year": 98129.14809375076,
        "err_workflow0_abs_kwh_year": 98129.14809375076,
        "err_workflow0_pct_of_validation": 22.81837237175169
      },
      "geometry": {
        "type": "Polygon",
        "coordinates": [
          [
            [
              -9.1349855,
              38.728959399999994
            ],
            [
              -9.1349747,
              38.7290726
            ],
            [
              -9.1347973,
              38.72906230000001
            ],
            [
              -9.1348086,
              38.7289491
            ],
            [
              -9.1349855,
              38.728959399999994
            ]
          ]
        ]
      }
    },
    {
      "type": "Feature",
      "properties": {
        "area_id": "Alameda_Arro",
        "osm_uid": "cea/451",
        "osmid": "451",
        "element_type": "cea_zone",
        "building": "yes",
        "cea_name": "B1451",
        "intersection_area_m2": 186.77731999316757,
        "is_residential": true,
        "residential_source": "cea",
        "radiation_sum_kwh_year": 273315.72278125,
        "radiation_sum": 273315.72278125,
        "radiation_point_count": 308.0,
        "use_type1": "MULTI_RES",
        "use_type2": "NONE",
        "use_type3": "NONE",
        "resi_type": null,
        "comparison_status": "matched",
        "validation_radiation_kwh_year": 273315.72278125,
        "ucea_radiation_kwh_year": 197555.77999999994,
        "workflow0_radiation_kwh_year": 204753.59000000005,
        "validation_area_m2": 186.77731999316757,
        "ucea_roofs_top_m2": 189.28,
        "err_ucea_minus_validation_kwh_year": 75759.94278125008,
        "err_ucea_abs_kwh_year": 75759.94278125008,
        "err_ucea_pct_of_validation": 27.7188381298814,
        "err_ucea_area_minus_validation_m2": 2.502680006832435,
        "err_ucea_area_pct_of_validation": 1.3399271426123818,
        "err_workflow0_minus_validation_kwh_year": 68562.13278124997,
        "err_workflow0_abs_kwh_year": 68562.13278124997,
        "err_workflow0_pct_of_validation": 25.085323333602766
      },
      "geometry": {
        "type": "Polygon",
        "coordinates": [
          [
            [
              -9.1348086,
              38.7289491
            ],
            [
              -9.1348195,
              38.7288401
            ],
            [
              -9.1349959,
              38.7288504
            ],
            [
              -9.1349855,
              38.728959399999994
            ],
            [
              -9.1348086,
              38.7289491
            ]
          ]
        ]
      }
    },
    {
      "type": "Feature",
      "properties": {
        "area_id": "Alameda_Arro",
        "osm_uid": "cea/452",
        "osmid": "452",
        "element_type": "cea_zone",
        "building": "yes",
        "cea_name": "B1452",
        "intersection_area_m2": 214.15964616585674,
        "is_residential": true,
        "residential_source": "cea",
        "radiation_sum_kwh_year": 519655.203625,
        "radiation_sum": 519655.203625,
        "radiation_point_count": 351.0,
        "use_type1": "MULTI_RES",
        "use_type2": "NONE",
        "use_type3": "NONE",
        "resi_type": null,
        "comparison_status": "matched",
        "validation_radiation_kwh_year": 519655.203625,
        "ucea_radiation_kwh_year": 360523.4599999988,
        "workflow0_radiation_kwh_year": 388572.8199999993,
        "validation_area_m2": 214.15964616585674,
        "ucea_roofs_top_m2": 213.23,
        "err_ucea_minus_validation_kwh_year": 159131.74362500123,
        "err_ucea_abs_kwh_year": 159131.74362500123,
        "err_ucea_pct_of_validation": 30.62256329099243,
        "err_ucea_area_minus_validation_m2": 0.9296461658567523,
        "err_ucea_area_pct_of_validation": 0.43409026046708366,
        "err_workflow0_minus_validation_kwh_year": 131082.38362500072,
        "err_workflow0_abs_kwh_year": 131082.38362500072,
        "err_workflow0_pct_of_validation": 25.22487655479998
      },
      "geometry": {
        "type": "Polygon",
        "coordinates": [
          [
            [
              -9.1348888,
              38.728148
            ],
            [
              -9.1349783,
              38.72815289999999
            ],
            [
              -9.1349763,
              38.72817900000001
            ],
            [
              -9.1350124,
              38.728181
            ],
            [
              -9.1350099,
              38.7282064
            ],
            [
              -9.1350374,
              38.72820790000001
            ],
            [
              -9.135035100000001,
              38.728231099999995
            ],
            [
              -9.1350208,
              38.72823029999999
            ],
            [
              -9.1350119,
              38.72832340000001
            ],
            [
              -9.134872,
              38.7283152
            ],
            [
              -9.1348888,
              38.728148
            ]
          ]
        ]
      }
    },
    {
      "type": "Feature",
      "properties": {
        "area_id": "Alameda_Arro",
        "osm_uid": "cea/453",
        "osmid": "453",
        "element_type": "cea_zone",
        "building": "yes",
        "cea_name": "B1453",
        "intersection_area_m2": 181.61946516166822,
        "is_residential": true,
        "residential_source": "cea",
        "radiation_sum_kwh_year": 409052.2773125,
        "radiation_sum": 409052.2773125,
        "radiation_point_count": 297.0,
        "use_type1": "MULTI_RES",
        "use_type2": "NONE",
        "use_type3": "NONE",
        "resi_type": null,
        "comparison_status": "matched",
        "validation_radiation_kwh_year": 409052.2773125,
        "ucea_radiation_kwh_year": 310091.72999999835,
        "workflow0_radiation_kwh_year": 310154.99999999977,
        "validation_area_m2": 181.61946516166822,
        "ucea_roofs_top_m2": 181.62,
        "err_ucea_minus_validation_kwh_year": 98960.54731250164,
        "err_ucea_abs_kwh_year": 98960.54731250164,
        "err_ucea_pct_of_validation": 24.192640599064465,
        "err_ucea_area_minus_validation_m2": 0.0005348383317880234,
        "err_ucea_area_pct_of_validation": 0.0002944829351369018,
        "err_workflow0_minus_validation_kwh_year": 98897.27731250023,
        "err_workflow0_abs_kwh_year": 98897.27731250023,
        "err_workflow0_pct_of_validation": 24.177173138421757
      },
      "geometry": {
        "type": "Polygon",
        "coordinates": [
          [
            [
              -9.1349992,
              38.7284569
            ],
            [
              -9.1348587,
              38.7284488
            ],
            [
              -9.134872,
              38.7283152
            ],
            [
              -9.1350119,
              38.72832340000001
            ],
            [
              -9.1349992,
              38.7284569
            ]
          ]
        ]
      }
    },
    {
      "type": "Feature",
      "properties": {
        "area_id": "Alameda_Arro",
        "osm_uid": "cea/454",
        "osmid": "454",
        "element_type": "cea_zone",
        "building": "yes",
        "cea_name": "B1454",
        "intersection_area_m2": 186.59173497371503,
        "is_residential": true,
        "residential_source": "cea",
        "radiation_sum_kwh_year": 382657.8345,
        "radiation_sum": 382657.8345,
        "radiation_point_count": 306.0,
        "use_type1": "MULTI_RES",
        "use_type2": "NONE",
        "use_type3": "NONE",
        "resi_type": null,
        "comparison_status": "matched",
        "validation_radiation_kwh_year": 382657.8345,
        "ucea_radiation_kwh_year": 329789.2999999996,
        "workflow0_radiation_kwh_year": 317041.97000000026,
        "validation_area_m2": 186.59173497371503,
        "ucea_roofs_top_m2": 197.93,
        "err_ucea_minus_validation_kwh_year": 52868.534500000416,
        "err_ucea_abs_kwh_year": 52868.534500000416,
        "err_ucea_pct_of_validation": 13.81613800461739,
        "err_ucea_area_minus_validation_m2": 11.338265026284972,
        "err_ucea_area_pct_of_validation": 6.076509781037291,
        "err_workflow0_minus_validation_kwh_year": 65615.86449999973,
        "err_workflow0_abs_kwh_year": 65615.86449999973,
        "err_workflow0_pct_of_validation": 17.147398689938424
      },
      "geometry": {
        "type": "Polygon",
        "coordinates": [
          [
            [
              -9.1348195,
              38.7288401
            ],
            [
              -9.1348304,
              38.72873090000001
            ],
            [
              -9.1350063,
              38.728741199999995
            ],
            [
              -9.1349959,
              38.7288504
            ],
            [
              -9.1348195,
              38.7288401
            ]
          ]
        ]
      }
    },
    {
      "type": "Feature",
      "properties": {
        "area_id": "Alameda_Arro",
        "osm_uid": "cea/455",
        "osmid": "455",
        "element_type": "cea_zone",
        "building": "yes",
        "cea_name": "B1455",
        "intersection_area_m2": 157.41617375095527,
        "is_residential": true,
        "residential_source": "cea",
        "radiation_sum_kwh_year": 354096.5815625,
        "radiation_sum": 354096.5815625,
        "radiation_point_count": 261.0,
        "use_type1": "MULTI_RES",
        "use_type2": "NONE",
        "use_type3": "NONE",
        "resi_type": null,
        "comparison_status": "matched",
        "validation_radiation_kwh_year": 354096.5815625,
        "ucea_radiation_kwh_year": 253990.2000000006,
        "workflow0_radiation_kwh_year": 247921.73999999967,
        "validation_area_m2": 157.41617375095527,
        "ucea_roofs_top_m2": 158.97,
        "err_ucea_minus_validation_kwh_year": 100106.38156249939,
        "err_ucea_abs_kwh_year": 100106.38156249939,
        "err_ucea_pct_of_validation": 28.270925723362307,
        "err_ucea_area_minus_validation_m2": 1.5538262490447323,
        "err_ucea_area_pct_of_validation": 0.9870817032454411,
        "err_workflow0_minus_validation_kwh_year": 106174.84156250031,
        "err_workflow0_abs_kwh_year": 106174.84156250031,
        "err_workflow0_pct_of_validation": 29.984712389481196
      },
      "geometry": {
        "type": "Polygon",
        "coordinates": [
          [
            [
              -9.1348587,
              38.7284488
            ],
            [
              -9.1349992,
              38.7284569
            ],
            [
              -9.1350137,
              38.728457799999994
            ],
            [
              -9.1350037,
              38.72856229999999
            ],
            [
              -9.1348482,
              38.7285533
            ],
            [
              -9.1348587,
              38.7284488
            ]
          ]
        ]
      }
    },
    {
      "type": "Feature",
      "properties": {
        "area_id": "Alameda_Arro",
        "osm_uid": "cea/456",
        "osmid": "456",
        "element_type": "cea_zone",
        "building": "yes",
        "cea_name": "B1456",
        "intersection_area_m2": 300.51913956461357,
        "is_residential": true,
        "residential_source": "cea",
        "radiation_sum_kwh_year": 692827.181390625,
        "radiation_sum": 692827.181390625,
        "radiation_point_count": 493.0,
        "use_type1": "MULTI_RES",
        "use_type2": "NONE",
        "use_type3": "NONE",
        "resi_type": null,
        "comparison_status": "matched",
        "validation_radiation_kwh_year": 692827.181390625,
        "ucea_radiation_kwh_year": 374943.69999999966,
        "workflow0_radiation_kwh_year": 380585.499999999,
        "validation_area_m2": 300.51913956461357,
        "ucea_roofs_top_m2": 300.52,
        "err_ucea_minus_validation_kwh_year": 317883.4813906253,
        "err_ucea_abs_kwh_year": 317883.4813906253,
        "err_ucea_pct_of_validation": 45.882074192380514,
        "err_ucea_area_minus_validation_m2": 0.0008604353864143377,
        "err_ucea_area_pct_of_validation": 0.00028631633501311106,
        "err_workflow0_minus_validation_kwh_year": 312241.68139062595,
        "err_workflow0_abs_kwh_year": 312241.68139062595,
        "err_workflow0_pct_of_validation": 45.067758566270804
      },
      "geometry": {
        "type": "Polygon",
        "coordinates": [
          [
            [
              -9.1347973,
              38.72906230000001
            ],
            [
              -9.1349747,
              38.7290726
            ],
            [
              -9.1349581,
              38.7292468
            ],
            [
              -9.1347798,
              38.72923649999999
            ],
            [
              -9.1347973,
              38.72906230000001
            ]
          ]
        ]
      }
    },
    {
      "type": "Feature",
      "properties": {
        "area_id": "Alameda_Arro",
        "osm_uid": "cea/457",
        "osmid": "457",
        "element_type": "cea_zone",
        "building": "yes",
        "cea_name": "B1457",
        "intersection_area_m2": 297.2668971080723,
        "is_residential": true,
        "residential_source": "cea",
        "radiation_sum_kwh_year": 691857.72325,
        "radiation_sum": 691857.72325,
        "radiation_point_count": 490.0,
        "use_type1": "MULTI_RES",
        "use_type2": "NONE",
        "use_type3": "NONE",
        "resi_type": null,
        "comparison_status": "matched",
        "validation_radiation_kwh_year": 691857.72325,
        "ucea_radiation_kwh_year": 496903.26000000024,
        "workflow0_radiation_kwh_year": 474477.98000000214,
        "validation_area_m2": 297.2668971080723,
        "ucea_roofs_top_m2": 306.8,
        "err_ucea_minus_validation_kwh_year": 194954.4632499998,
        "err_ucea_abs_kwh_year": 194954.4632499998,
        "err_ucea_pct_of_validation": 28.178403839188448,
        "err_ucea_area_minus_validation_m2": 9.533102891927683,
        "err_ucea_area_pct_of_validation": 3.2069170784468115,
        "err_workflow0_minus_validation_kwh_year": 217379.7432499979,
        "err_workflow0_abs_kwh_year": 217379.7432499979,
        "err_workflow0_pct_of_validation": 31.41971765941371
      },
      "geometry": {
        "type": "Polygon",
        "coordinates": [
          [
            [
              -9.1350011,
              38.72858999999999
            ],
            [
              -9.1350207,
              38.7285911
            ],
            [
              -9.1350063,
              38.728741199999995
            ],
            [
              -9.1348304,
              38.72873090000001
            ],
            [
              -9.1348482,
              38.7285533
            ],
            [
              -9.1350037,
              38.72856229999999
            ],
            [
              -9.1350011,
              38.72858999999999
            ]
          ]
        ]
      }
    },
    {
      "type": "Feature",
      "properties": {
        "area_id": "Alameda_Arro",
        "osm_uid": "cea/458",
        "osmid": "458",
        "element_type": "cea_zone",
        "building": "yes",
        "cea_name": "B1458",
        "intersection_area_m2": 350.67878369622065,
        "is_residential": true,
        "residential_source": "cea",
        "radiation_sum_kwh_year": 754393.9979375,
        "radiation_sum": 754393.9979375,
        "radiation_point_count": 578.0,
        "use_type1": "MULTI_RES",
        "use_type2": "NONE",
        "use_type3": "NONE",
        "resi_type": null,
        "comparison_status": "matched",
        "validation_radiation_kwh_year": 754393.9979375,
        "ucea_radiation_kwh_year": 587731.2600000013,
        "workflow0_radiation_kwh_year": 580315.9100000014,
        "validation_area_m2": 350.67878369622065,
        "ucea_roofs_top_m2": 350.51,
        "err_ucea_minus_validation_kwh_year": 166662.73793749872,
        "err_ucea_abs_kwh_year": 166662.73793749872,
        "err_ucea_pct_of_validation": 22.092267222850623,
        "err_ucea_area_minus_validation_m2": 0.16878369622065748,
        "err_ucea_area_pct_of_validation": 0.048130569646000654,
        "err_workflow0_minus_validation_kwh_year": 174078.08793749858,
        "err_workflow0_abs_kwh_year": 174078.08793749858,
        "err_workflow0_pct_of_validation": 23.075221755929263
      },
      "geometry": {
        "type": "Polygon",
        "coordinates": [
          [
            [
              -9.1349541,
              38.7292888
            ],
            [
              -9.134968,
              38.7292896
            ],
            [
              -9.1349563,
              38.7294115
            ],
            [
              -9.1349017,
              38.72940830000001
            ],
            [
              -9.1348981,
              38.72944589999999
            ],
            [
              -9.1348816,
              38.7294449
            ],
            [
              -9.1347597,
              38.72943779999999
            ],
            [
              -9.1347798,
              38.72923649999999
            ],
            [
              -9.1349581,
              38.7292468
            ],
            [
              -9.1349541,
              38.7292888
            ]
          ]
        ]
      }
    },
    {
      "type": "Feature",
      "properties": {
        "area_id": "Alameda_Arro",
        "osm_uid": "cea/459",
        "osmid": "459",
        "element_type": "cea_zone",
        "building": "yes",
        "cea_name": "B1459",
        "intersection_area_m2": 99.90888127867188,
        "is_residential": true,
        "residential_source": "cea",
        "radiation_sum_kwh_year": 177809.062703125,
        "radiation_sum": 177809.062703125,
        "radiation_point_count": 165.0,
        "use_type1": "MULTI_RES",
        "use_type2": "NONE",
        "use_type3": "NONE",
        "resi_type": null,
        "comparison_status": "matched",
        "validation_radiation_kwh_year": 177809.062703125,
        "ucea_radiation_kwh_year": 129782.8299999999,
        "workflow0_radiation_kwh_year": 141429.10000000012,
        "validation_area_m2": 99.90888127867188,
        "ucea_roofs_top_m2": 99.91,
        "err_ucea_minus_validation_kwh_year": 48026.232703125104,
        "err_ucea_abs_kwh_year": 48026.232703125104,
        "err_ucea_pct_of_validation": 27.010002737212023,
        "err_ucea_area_minus_validation_m2": 0.0011187213281118602,
        "err_ucea_area_pct_of_validation": 0.0011197416223603337,
        "err_workflow0_minus_validation_kwh_year": 36379.96270312488,
        "err_workflow0_abs_kwh_year": 36379.96270312488,
        "err_workflow0_pct_of_validation": 20.46012849404976
      },
      "geometry": {
        "type": "Polygon",
        "coordinates": [
          [
            [
              -9.1353233,
              38.729481699999994
            ],
            [
              -9.1353132,
              38.7295798
            ],
            [
              -9.135207,
              38.72957250000001
            ],
            [
              -9.1352162,
              38.7294774
            ],
            [
              -9.1353233,
              38.729481699999994
            ]
          ]
        ]
      }
    },
    {
      "type": "Feature",
      "properties": {
        "area_id": "Alameda_Arro",
        "osm_uid": "cea/460",
        "osmid": "460",
        "element_type": "cea_zone",
        "building": "yes",
        "cea_name": "B1460",
        "intersection_area_m2": 122.9793886673646,
        "is_residential": true,
        "residential_source": "cea",
        "radiation_sum_kwh_year": 232246.49387500001,
        "radiation_sum": 232246.49387500001,
        "radiation_point_count": 204.0,
        "use_type1": "MULTI_RES",
        "use_type2": "NONE",
        "use_type3": "NONE",
        "resi_type": null,
        "comparison_status": "matched",
        "validation_radiation_kwh_year": 232246.49387500001,
        "ucea_radiation_kwh_year": 180752.2699999996,
        "workflow0_radiation_kwh_year": 180139.65000000043,
        "validation_area_m2": 122.9793886673646,
        "ucea_roofs_top_m2": 122.96,
        "err_ucea_minus_validation_kwh_year": 51494.2238750004,
        "err_ucea_abs_kwh_year": 51494.2238750004,
        "err_ucea_pct_of_validation": 22.172228745341442,
        "err_ucea_area_minus_validation_m2": 0.01938866736460909,
        "err_ucea_area_pct_of_validation": 0.01576578610018275,
        "err_workflow0_minus_validation_kwh_year": 52106.843874999584,
        "err_workflow0_abs_kwh_year": 52106.843874999584,
        "err_workflow0_pct_of_validation": 22.436008830791902
      },
      "geometry": {
        "type": "Polygon",
        "coordinates": [
          [
            [
              -9.1347597,
              38.72943779999999
            ],
            [
              -9.1348816,
              38.7294449
            ],
            [
              -9.1348804,
              38.7294579
            ],
            [
              -9.1348716,
              38.729549399999996
            ],
            [
              -9.1347494,
              38.7295409
            ],
            [
              -9.1347597,
              38.72943779999999
            ]
          ]
        ]
      }
    },
    {
      "type": "Feature",
      "properties": {
        "area_id": "Alameda_Arro",
        "osm_uid": "cea/461",
        "osmid": "461",
        "element_type": "cea_zone",
        "building": "yes",
        "cea_name": "B1461",
        "intersection_area_m2": 365.1369643233647,
        "is_residential": true,
        "residential_source": "cea",
        "radiation_sum_kwh_year": 715157.6333125,
        "radiation_sum": 715157.6333125,
        "radiation_point_count": 600.0,
        "use_type1": "MULTI_RES",
        "use_type2": "NONE",
        "use_type3": "NONE",
        "resi_type": null,
        "comparison_status": "matched",
        "validation_radiation_kwh_year": 715157.6333125,
        "ucea_radiation_kwh_year": 634031.5000000008,
        "workflow0_radiation_kwh_year": 602353.8399999987,
        "validation_area_m2": 365.1369643233647,
        "ucea_roofs_top_m2": 375.58,
        "err_ucea_minus_validation_kwh_year": 81126.13331249915,
        "err_ucea_abs_kwh_year": 81126.13331249915,
        "err_ucea_pct_of_validation": 11.3438114247254,
        "err_ucea_area_minus_validation_m2": 10.443035676635304,
        "err_ucea_area_pct_of_validation": 2.8600324527502425,
        "err_workflow0_minus_validation_kwh_year": 112803.79331250128,
        "err_workflow0_abs_kwh_year": 112803.79331250128,
        "err_workflow0_pct_of_validation": 15.773276835487513
      },
      "geometry": {
        "type": "Polygon",
        "coordinates": [
          [
            [
              -9.1343325,
              38.7287123
            ],
            [
              -9.134336,
              38.72867089999999
            ],
            [
              -9.1343154,
              38.72866990000001
            ],
            [
              -9.1343223,
              38.728589299999996
            ],
            [
              -9.134342,
              38.72859029999999
            ],
            [
              -9.1343461,
              38.728541899999996
            ],
            [
              -9.1345595,
              38.728553100000006
            ],
            [
              -9.1345425,
              38.72872329999999
            ],
            [
              -9.1343325,
              38.7287123
            ]
          ]
        ]
      }
    },
    {
      "type": "Feature",
      "properties": {
        "area_id": "Alameda_Arro",
        "osm_uid": "cea/462",
        "osmid": "462",
        "element_type": "cea_zone",
        "building": "yes",
        "cea_name": "B1462",
        "intersection_area_m2": 354.29834629955883,
        "is_residential": true,
        "residential_source": "cea",
        "radiation_sum_kwh_year": 742835.50303125,
        "radiation_sum": 742835.50303125,
        "radiation_point_count": 586.0,
        "use_type1": "MULTI_RES",
        "use_type2": "NONE",
        "use_type3": "NONE",
        "resi_type": null,
        "comparison_status": "matched",
        "validation_radiation_kwh_year": 742835.50303125,
        "ucea_radiation_kwh_year": 611770.4199999997,
        "workflow0_radiation_kwh_year": 603275.7900000002,
        "validation_area_m2": 354.29834629955883,
        "ucea_roofs_top_m2": 366.49,
        "err_ucea_minus_validation_kwh_year": 131065.08303125028,
        "err_ucea_abs_kwh_year": 131065.08303125028,
        "err_ucea_pct_of_validation": 17.64389053786738,
        "err_ucea_area_minus_validation_m2": 12.19165370044118,
        "err_ucea_area_pct_of_validation": 3.4410698858111948,
        "err_workflow0_minus_validation_kwh_year": 139559.71303124982,
        "err_workflow0_abs_kwh_year": 139559.71303124982,
        "err_workflow0_pct_of_validation": 18.787431734449388
      },
      "geometry": {
        "type": "Polygon",
        "coordinates": [
          [
            [
              -9.1343176,
              38.7288876
            ],
            [
              -9.1343325,
              38.7287123
            ],
            [
              -9.1345425,
              38.72872329999999
            ],
            [
              -9.1345249,
              38.728898399999984
            ],
            [
              -9.1343176,
              38.7288876
            ]
          ]
        ]
      }
    },
    {
      "type": "Feature",
      "properties": {
        "area_id": "Alameda_Arro",
        "osm_uid": "cea/463",
        "osmid": "463",
        "element_type": "cea_zone",
        "building": "yes",
        "cea_name": "B1463",
        "intersection_area_m2": 538.3111508947702,
        "is_residential": true,
        "residential_source": "cea",
        "radiation_sum_kwh_year": 973665.652796875,
        "radiation_sum": 973665.652796875,
        "radiation_point_count": 888.0,
        "use_type1": "MULTI_RES",
        "use_type2": "NONE",
        "use_type3": "NONE",
        "resi_type": null,
        "comparison_status": "matched",
        "validation_radiation_kwh_year": 973665.652796875,
        "ucea_radiation_kwh_year": 904415.3800000014,
        "workflow0_radiation_kwh_year": 935666.9300000041,
        "validation_area_m2": 538.3111508947702,
        "ucea_roofs_top_m2": 552.93,
        "err_ucea_minus_validation_kwh_year": 69250.27279687359,
        "err_ucea_abs_kwh_year": 69250.27279687359,
        "err_ucea_pct_of_validation": 7.112325735014964,
        "err_ucea_area_minus_validation_m2": 14.618849105229742,
        "err_ucea_area_pct_of_validation": 2.715687587175294,
        "err_workflow0_minus_validation_kwh_year": 37998.72279687086,
        "err_workflow0_abs_kwh_year": 37998.72279687086,
        "err_workflow0_pct_of_validation": 3.90264591214846
      },
      "geometry": {
        "type": "Polygon",
        "coordinates": [
          [
            [
              -9.1382725,
              38.72982869999999
            ],
            [
              -9.1382743,
              38.72980510000001
            ],
            [
              -9.1382169,
              38.7298025
            ],
            [
              -9.1382174,
              38.7297954
            ],
            [
              -9.1381552,
              38.729792499999995
            ],
            [
              -9.1381562,
              38.7297789
            ],
            [
              -9.1380689,
              38.729774799999994
            ],
            [
              -9.1380746,
              38.7297001
            ],
            [
              -9.1381104,
              38.72970180000001
            ],
            [
              -9.1381139,
              38.7296559
            ],
            [
              -9.138265,
              38.72966290000001
            ],
            [
              -9.1382657,
              38.72965369999999
            ],
            [
              -9.1383135,
              38.72965589999998
            ],
            [
              -9.1383105,
              38.729693999999995
            ],
            [
              -9.1384963,
              38.72970269999998
            ],
            [
              -9.1384934,
              38.72974
            ],
            [
              -9.1384859,
              38.7298387
            ],
            [
              -9.1382725,
              38.72982869999999
            ]
          ]
        ]
      }
    },
    {
      "type": "Feature",
      "properties": {
        "area_id": "Alameda_Arro",
        "osm_uid": "cea/464",
        "osmid": "464",
        "element_type": "cea_zone",
        "building": "yes",
        "cea_name": "B1464",
        "intersection_area_m2": 205.86734227888743,
        "is_residential": true,
        "residential_source": "cea",
        "radiation_sum_kwh_year": 407483.3214375,
        "radiation_sum": 407483.3214375,
        "radiation_point_count": 340.0,
        "use_type1": "MULTI_RES",
        "use_type2": "NONE",
        "use_type3": "NONE",
        "resi_type": null,
        "comparison_status": "matched",
        "validation_radiation_kwh_year": 407483.3214375,
        "ucea_radiation_kwh_year": 223902.58999999973,
        "workflow0_radiation_kwh_year": 236102.51999999973,
        "validation_area_m2": 205.86734227888743,
        "ucea_roofs_top_m2": 211.03,
        "err_ucea_minus_validation_kwh_year": 183580.73143750028,
        "err_ucea_abs_kwh_year": 183580.73143750028,
        "err_ucea_pct_of_validation": 45.052330188600855,
        "err_ucea_area_minus_validation_m2": 5.162657721112566,
        "err_ucea_area_pct_of_validation": 2.507759445458202,
        "err_workflow0_minus_validation_kwh_year": 171380.80143750028,
        "err_workflow0_abs_kwh_year": 171380.80143750028,
        "err_workflow0_pct_of_validation": 42.05835979566264
      },
      "geometry": {
        "type": "Polygon",
        "coordinates": [
          [
            [
              -9.1386549,
              38.729857800000005
            ],
            [
              -9.1384844,
              38.7298484
            ],
            [
              -9.1384859,
              38.7298387
            ],
            [
              -9.1384934,
              38.72974
            ],
            [
              -9.138522,
              38.72974119999999
            ],
            [
              -9.1385235,
              38.72971849999999
            ],
            [
              -9.1386372,
              38.729723199999995
            ],
            [
              -9.1386353,
              38.7297506
            ],
            [
              -9.1386673,
              38.7297519
            ],
            [
              -9.1386641,
              38.7298001
            ],
            [
              -9.1386587,
              38.7297998
            ],
            [
              -9.1386549,
              38.729857800000005
            ]
          ]
        ]
      }
    }
  ]
}
