{
  "type": "FeatureCollection",
  "name": "Alta_Lisboa_radiation_error_map",
  "features": [
    {
      "type": "Feature",
      "properties": {
        "area_id": "Alta_Lisboa",
        "osm_uid": "cea/3",
        "osmid": "3",
        "element_type": "cea_zone",
        "building": "yes",
        "cea_name": "B1003",
        "intersection_area_m2": 316.63596337502787,
        "is_residential": true,
        "residential_source": "cea",
        "radiation_sum_kwh_year": 722452.69621875,
        "radiation_sum": 722452.69621875,
        "radiation_point_count": 522.0,
        "use_type1": "MULTI_RES",
        "use_type2": "NONE",
        "use_type3": "NONE",
        "resi_type": null,
        "comparison_status": "matched",
        "validation_radiation_kwh_year": 722452.69621875,
        "ucea_radiation_kwh_year": 518469.0,
        "workflow0_radiation_kwh_year": 506833.9000000004,
        "validation_area_m2": 316.63596337502787,
        "ucea_roofs_top_m2": 320.23,
        "err_ucea_minus_validation_kwh_year": 203983.69621874997,
        "err_ucea_abs_kwh_year": 203983.69621874997,
        "err_ucea_pct_of_validation": 28.234886143602427,
        "err_ucea_area_minus_validation_m2": 3.594036624972148,
        "err_ucea_area_pct_of_validation": 1.1350689879517328,
        "err_workflow0_minus_validation_kwh_year": 215618.7962187496,
        "err_workflow0_abs_kwh_year": 215618.7962187496,
        "err_workflow0_pct_of_validation": 29.84538605050244,
        "err_oven_minus_cea_kwh_year": 11635.099999999627,
        "err_oven_vs_cea_ratio": 0.022956436023714315,
        "err_oven_vs_cea_pct_of_cea": 2.2956436023714315,
        "err_oven_vs_cea_abs_pct_of_cea": 2.2956436023714315
      },
      "geometry": {
        "type": "Polygon",
        "coordinates": [
          [
            [
              -9.152926,
              38.773067
            ],
            [
              -9.1528595,
              38.7732368
            ],
            [
              -9.1527173,
              38.773202899999994
            ],
            [
              -9.1526826,
              38.773194600000004
            ],
            [
              -9.1527491,
              38.7730248
            ],
            [
              -9.1527886,
              38.7730342
            ],
            [
              -9.152926,
              38.773067
            ]
          ]
        ]
      }
    },
    {
      "type": "Feature",
      "properties": {
        "area_id": "Alta_Lisboa",
        "osm_uid": "cea/5",
        "osmid": "5",
        "element_type": "cea_zone",
        "building": "yes",
        "cea_name": "B1005",
        "intersection_area_m2": 3044.282509224441,
        "is_residential": true,
        "residential_source": "cea",
        "radiation_sum_kwh_year": 6461016.0353125,
        "radiation_sum": 6461016.0353125,
        "radiation_point_count": 5021.0,
        "use_type1": "MULTI_RES",
        "use_type2": "NONE",
        "use_type3": "NONE",
        "resi_type": null,
        "comparison_status": "matched",
        "validation_radiation_kwh_year": 6461016.0353125,
        "ucea_radiation_kwh_year": 5279842.170000022,
        "workflow0_radiation_kwh_year": 5278975.140000027,
        "validation_area_m2": 3044.282509224441,
        "ucea_roofs_top_m2": 3044.94,
        "err_ucea_minus_validation_kwh_year": 1181173.8653124776,
        "err_ucea_abs_kwh_year": 1181173.8653124776,
        "err_ucea_pct_of_validation": 18.281549819050213,
        "err_ucea_area_minus_validation_m2": 0.6574907755589265,
        "err_ucea_area_pct_of_validation": 0.02159756111880787,
        "err_workflow0_minus_validation_kwh_year": 1182040.8953124732,
        "err_workflow0_abs_kwh_year": 1182040.8953124732,
        "err_workflow0_pct_of_validation": 18.29496922546024,
        "err_oven_minus_cea_kwh_year": 867.0299999956042,
        "err_oven_vs_cea_ratio": 0.00016424210703814751,
        "err_oven_vs_cea_pct_of_cea": 0.01642421070381475,
        "err_oven_vs_cea_abs_pct_of_cea": 0.01642421070381475
      },
      "geometry": {
        "type": "Polygon",
        "coordinates": [
          [
            [
              -9.1536836,
              38.77406589999999
            ],
            [
              -9.1534986,
              38.774066499999996
            ],
            [
              -9.1536458,
              38.77371200000001
            ],
            [
              -9.1536734,
              38.77364469999999
            ],
            [
              -9.1535574,
              38.773617099999996
            ],
            [
              -9.1533414,
              38.77356600000002
            ],
            [
              -9.153109,
              38.7741079
            ],
            [
              -9.1528976,
              38.7741128
            ],
            [
              -9.1532079,
              38.7733496
            ],
            [
              -9.1534004,
              38.7733996
            ],
            [
              -9.153385,
              38.7734356
            ],
            [
              -9.1536099,
              38.773490800000005
            ],
            [
              -9.1537326,
              38.773521
            ],
            [
              -9.153736,
              38.77351029999999
            ],
            [
              -9.1537436,
              38.7734866
            ],
            [
              -9.1539103,
              38.773526700000005
            ],
            [
              -9.1538872,
              38.77357729999999
            ],
            [
              -9.1539419,
              38.773590299999995
            ],
            [
              -9.1539058,
              38.77368469999999
            ],
            [
              -9.1538523,
              38.7736729
            ],
            [
              -9.1536836,
              38.77406589999999
            ]
          ]
        ]
      }
    },
    {
      "type": "Feature",
      "properties": {
        "area_id": "Alta_Lisboa",
        "osm_uid": "cea/6",
        "osmid": "6",
        "element_type": "cea_zone",
        "building": "yes",
        "cea_name": "B1006",
        "intersection_area_m2": 1104.2171986477667,
        "is_residential": true,
        "residential_source": "cea",
        "radiation_sum_kwh_year": 2151885.359375,
        "radiation_sum": 2151885.359375,
        "radiation_point_count": 1818.0,
        "use_type1": "MULTI_RES",
        "use_type2": "NONE",
        "use_type3": "NONE",
        "resi_type": null,
        "comparison_status": "matched",
        "validation_radiation_kwh_year": 2151885.359375,
        "ucea_radiation_kwh_year": 1636518.369999998,
        "workflow0_radiation_kwh_year": 1637562.1700000037,
        "validation_area_m2": 1104.2171986477667,
        "ucea_roofs_top_m2": 1069.06,
        "err_ucea_minus_validation_kwh_year": 515366.989375002,
        "err_ucea_abs_kwh_year": 515366.989375002,
        "err_ucea_pct_of_validation": 23.94955600816424,
        "err_ucea_area_minus_validation_m2": 35.15719864776679,
        "err_ucea_area_pct_of_validation": 3.1839024687190687,
        "err_workflow0_minus_validation_kwh_year": 514323.18937499635,
        "err_workflow0_abs_kwh_year": 514323.18937499635,
        "err_workflow0_pct_of_validation": 23.901049706680375,
        "err_oven_minus_cea_kwh_year": -1043.8000000056345,
        "err_oven_vs_cea_ratio": -0.0006374109143017344,
        "err_oven_vs_cea_pct_of_cea": -0.06374109143017344,
        "err_oven_vs_cea_abs_pct_of_cea": 0.06374109143017344
      },
      "geometry": {
        "type": "Polygon",
        "coordinates": [
          [
            [
              -9.154024,
              38.7732561
            ],
            [
              -9.1540034,
              38.77330619999999
            ],
            [
              -9.1538336,
              38.7732639
            ],
            [
              -9.1538556,
              38.773210199999994
            ],
            [
              -9.1538036,
              38.7731972
            ],
            [
              -9.1538001,
              38.7732059
            ],
            [
              -9.1537746,
              38.77319949999998
            ],
            [
              -9.15377,
              38.77321059999999
            ],
            [
              -9.1537306,
              38.7732007
            ],
            [
              -9.153596,
              38.7731672
            ],
            [
              -9.1536007,
              38.77315579999999
            ],
            [
              -9.1535655,
              38.773147099999996
            ],
            [
              -9.1535698,
              38.7731365
            ],
            [
              -9.1535115,
              38.77312200000001
            ],
            [
              -9.1535017,
              38.7731457
            ],
            [
              -9.1533386,
              38.773105099999995
            ],
            [
              -9.1534069,
              38.77293850000001
            ],
            [
              -9.1535732,
              38.772979899999996
            ],
            [
              -9.1535525,
              38.7730305
            ],
            [
              -9.1536085,
              38.77304439999999
            ],
            [
              -9.1536106,
              38.7730392
            ],
            [
              -9.1536248,
              38.77304279999999
            ],
            [
              -9.1537802,
              38.77308150000001
            ],
            [
              -9.1538443,
              38.7730975
            ],
            [
              -9.1538413,
              38.773104700000005
            ],
            [
              -9.1538889,
              38.7731166
            ],
            [
              -9.1539107,
              38.77306349999999
            ],
            [
              -9.1539184,
              38.77306539999999
            ],
            [
              -9.1540801,
              38.773105699999995
            ],
            [
              -9.1540576,
              38.77316049999999
            ],
            [
              -9.1541184,
              38.77317570000001
            ],
            [
              -9.1540798,
              38.77327
            ],
            [
              -9.154024,
              38.7732561
            ]
          ]
        ]
      }
    },
    {
      "type": "Feature",
      "properties": {
        "area_id": "Alta_Lisboa",
        "osm_uid": "cea/15",
        "osmid": "15",
        "element_type": "cea_zone",
        "building": "yes",
        "cea_name": "B1015",
        "intersection_area_m2": 183.52575815737313,
        "is_residential": true,
        "residential_source": "cea",
        "radiation_sum_kwh_year": 382455.332625,
        "radiation_sum": 382455.332625,
        "radiation_point_count": 301.0,
        "use_type1": "SINGLE_RES",
        "use_type2": "NONE",
        "use_type3": "NONE",
        "resi_type": null,
        "comparison_status": "matched",
        "validation_radiation_kwh_year": 382455.332625,
        "ucea_radiation_kwh_year": 316170.53999999934,
        "workflow0_radiation_kwh_year": 320501.34999999945,
        "validation_area_m2": 183.52575815737313,
        "ucea_roofs_top_m2": 186.33,
        "err_ucea_minus_validation_kwh_year": 66284.79262500064,
        "err_ucea_abs_kwh_year": 66284.79262500064,
        "err_ucea_pct_of_validation": 17.331381463569063,
        "err_ucea_area_minus_validation_m2": 2.8042418426268796,
        "err_ucea_area_pct_of_validation": 1.527982704325485,
        "err_workflow0_minus_validation_kwh_year": 61953.98262500053,
        "err_workflow0_abs_kwh_year": 61953.98262500053,
        "err_workflow0_pct_of_validation": 16.19901131977334,
        "err_oven_minus_cea_kwh_year": -4330.810000000114,
        "err_oven_vs_cea_ratio": -0.013512610789315307,
        "err_oven_vs_cea_pct_of_cea": -1.3512610789315307,
        "err_oven_vs_cea_abs_pct_of_cea": 1.3512610789315307
      },
      "geometry": {
        "type": "Polygon",
        "coordinates": [
          [
            [
              -9.1568671,
              38.7746997
            ],
            [
              -9.1567634,
              38.7747028
            ],
            [
              -9.1567411,
              38.77461400000001
            ],
            [
              -9.1567672,
              38.7746137
            ],
            [
              -9.1567657,
              38.7745821
            ],
            [
              -9.1567083,
              38.7745806
            ],
            [
              -9.1566975,
              38.7745185
            ],
            [
              -9.1567573,
              38.774516700000014
            ],
            [
              -9.1567679,
              38.7745677
            ],
            [
              -9.1568694,
              38.774564999999996
            ],
            [
              -9.1568776,
              38.774643299999994
            ],
            [
              -9.1568613,
              38.7746442
            ],
            [
              -9.1568671,
              38.7746997
            ]
          ]
        ]
      }
    },
    {
      "type": "Feature",
      "properties": {
        "area_id": "Alta_Lisboa",
        "osm_uid": "cea/16",
        "osmid": "16",
        "element_type": "cea_zone",
        "building": "yes",
        "cea_name": "B1016",
        "intersection_area_m2": 515.4783622463749,
        "is_residential": true,
        "residential_source": "cea",
        "radiation_sum_kwh_year": 1041488.901328125,
        "radiation_sum": 1041488.901328125,
        "radiation_point_count": 850.0,
        "use_type1": "SINGLE_RES",
        "use_type2": "NONE",
        "use_type3": "NONE",
        "resi_type": null,
        "comparison_status": "matched",
        "validation_radiation_kwh_year": 1041488.901328125,
        "ucea_radiation_kwh_year": 880874.4600000061,
        "workflow0_radiation_kwh_year": 881577.9700000011,
        "validation_area_m2": 515.4783622463749,
        "ucea_roofs_top_m2": 515.67,
        "err_ucea_minus_validation_kwh_year": 160614.4413281189,
        "err_ucea_abs_kwh_year": 160614.4413281189,
        "err_ucea_pct_of_validation": 15.421618139502066,
        "err_ucea_area_minus_validation_m2": 0.1916377536250593,
        "err_ucea_area_pct_of_validation": 0.0371766824100883,
        "err_workflow0_minus_validation_kwh_year": 159910.9313281239,
        "err_workflow0_abs_kwh_year": 159910.9313281239,
        "err_workflow0_pct_of_validation": 15.354069652033992,
        "err_oven_minus_cea_kwh_year": -703.5099999950035,
        "err_oven_vs_cea_ratio": -0.0007980122279995297,
        "err_oven_vs_cea_pct_of_cea": -0.07980122279995297,
        "err_oven_vs_cea_abs_pct_of_cea": 0.07980122279995297
      },
      "geometry": {
        "type": "Polygon",
        "coordinates": [
          [
            [
              -9.1564939,
              38.77437989999999
            ],
            [
              -9.1560747,
              38.7744733
            ],
            [
              -9.1560637,
              38.7744426
            ],
            [
              -9.1560302,
              38.7743527
            ],
            [
              -9.1564521,
              38.7742647
            ],
            [
              -9.1564939,
              38.77437989999999
            ]
          ]
        ]
      }
    },
    {
      "type": "Feature",
      "properties": {
        "area_id": "Alta_Lisboa",
        "osm_uid": "cea/17",
        "osmid": "17",
        "element_type": "cea_zone",
        "building": "yes",
        "cea_name": "B1017",
        "intersection_area_m2": 170.520331279709,
        "is_residential": true,
        "residential_source": "cea",
        "radiation_sum_kwh_year": 365252.92209375004,
        "radiation_sum": 365252.92209375004,
        "radiation_point_count": 282.0,
        "use_type1": "SINGLE_RES",
        "use_type2": "NONE",
        "use_type3": "NONE",
        "resi_type": null,
        "comparison_status": "matched",
        "validation_radiation_kwh_year": 365252.92209375004,
        "ucea_radiation_kwh_year": 295641.5800000002,
        "workflow0_radiation_kwh_year": 295903.55000000034,
        "validation_area_m2": 170.520331279709,
        "ucea_roofs_top_m2": 174.33,
        "err_ucea_minus_validation_kwh_year": 69611.34209374984,
        "err_ucea_abs_kwh_year": 69611.34209374984,
        "err_ucea_pct_of_validation": 19.05839430242329,
        "err_ucea_area_minus_validation_m2": 3.8096687202910005,
        "err_ucea_area_pct_of_validation": 2.2341433960985566,
        "err_workflow0_minus_validation_kwh_year": 69349.3720937497,
        "err_workflow0_abs_kwh_year": 69349.3720937497,
        "err_workflow0_pct_of_validation": 18.98667139915439,
        "err_oven_minus_cea_kwh_year": -261.9700000001467,
        "err_oven_vs_cea_ratio": -0.0008853222612575834,
        "err_oven_vs_cea_pct_of_cea": -0.08853222612575834,
        "err_oven_vs_cea_abs_pct_of_cea": 0.08853222612575834
      },
      "geometry": {
        "type": "Polygon",
        "coordinates": [
          [
            [
              -9.1559517,
              38.77430180000001
            ],
            [
              -9.1558605,
              38.7743603
            ],
            [
              -9.1557921,
              38.774292300000006
            ],
            [
              -9.1557652,
              38.77430910000001
            ],
            [
              -9.1557398,
              38.774272499999995
            ],
            [
              -9.155754500000002,
              38.7742003
            ],
            [
              -9.1558766,
              38.774235899999994
            ],
            [
              -9.1559517,
              38.77430180000001
            ]
          ]
        ]
      }
    },
    {
      "type": "Feature",
      "properties": {
        "area_id": "Alta_Lisboa",
        "osm_uid": "cea/20",
        "osmid": "20",
        "element_type": "cea_zone",
        "building": "yes",
        "cea_name": "B1020",
        "intersection_area_m2": 4380.109525835609,
        "is_residential": true,
        "residential_source": "cea",
        "radiation_sum_kwh_year": 10438925.579078125,
        "radiation_sum": 10438925.579078125,
        "radiation_point_count": 7217.0,
        "use_type1": "MULTI_RES",
        "use_type2": "NONE",
        "use_type3": "NONE",
        "resi_type": null,
        "comparison_status": "matched",
        "validation_radiation_kwh_year": 10438925.579078125,
        "ucea_radiation_kwh_year": 7527267.299999986,
        "workflow0_radiation_kwh_year": 7528021.740000001,
        "validation_area_m2": 4380.109525835609,
        "ucea_roofs_top_m2": 4380.24,
        "err_ucea_minus_validation_kwh_year": 2911658.279078139,
        "err_ucea_abs_kwh_year": 2911658.279078139,
        "err_ucea_pct_of_validation": 27.89231762427481,
        "err_ucea_area_minus_validation_m2": 0.13047416439076187,
        "err_ucea_area_pct_of_validation": 0.002978787713438989,
        "err_workflow0_minus_validation_kwh_year": 2910903.8390781237,
        "err_workflow0_abs_kwh_year": 2910903.8390781237,
        "err_workflow0_pct_of_validation": 27.88509044371585,
        "err_oven_minus_cea_kwh_year": -754.4400000153109,
        "err_oven_vs_cea_ratio": -0.000100217563932714,
        "err_oven_vs_cea_pct_of_cea": -0.0100217563932714,
        "err_oven_vs_cea_abs_pct_of_cea": 0.0100217563932714
      },
      "geometry": {
        "type": "Polygon",
        "coordinates": [
          [
            [
              -9.1565503,
              38.77455880000001
            ],
            [
              -9.156729700000001,
              38.7750866
            ],
            [
              -9.155996,
              38.7752324
            ],
            [
              -9.1559889,
              38.77521310000001
            ],
            [
              -9.1559004,
              38.77497209999999
            ],
            [
              -9.1557244,
              38.774493199999995
            ],
            [
              -9.1558851,
              38.7744606
            ],
            [
              -9.155954,
              38.77467330000001
            ],
            [
              -9.1565503,
              38.77455880000001
            ]
          ]
        ]
      }
    },
    {
      "type": "Feature",
      "properties": {
        "area_id": "Alta_Lisboa",
        "osm_uid": "cea/22",
        "osmid": "22",
        "element_type": "cea_zone",
        "building": "yes",
        "cea_name": "B1022",
        "intersection_area_m2": 417.3871285856169,
        "is_residential": true,
        "residential_source": "cea",
        "radiation_sum_kwh_year": 1014674.485625,
        "radiation_sum": 1014674.485625,
        "radiation_point_count": 687.0,
        "use_type1": "MULTI_RES",
        "use_type2": "NONE",
        "use_type3": "NONE",
        "resi_type": null,
        "comparison_status": "matched",
        "validation_radiation_kwh_year": 1014674.485625,
        "ucea_radiation_kwh_year": 583640.0799999958,
        "workflow0_radiation_kwh_year": 581515.3199999998,
        "validation_area_m2": 417.3871285856169,
        "ucea_roofs_top_m2": 417.39,
        "err_ucea_minus_validation_kwh_year": 431034.4056250042,
        "err_ucea_abs_kwh_year": 431034.4056250042,
        "err_ucea_pct_of_validation": 42.480067423741694,
        "err_ucea_area_minus_validation_m2": 0.0028714143830939065,
        "err_ucea_area_pct_of_validation": 0.0006879499118298529,
        "err_workflow0_minus_validation_kwh_year": 433159.16562500014,
        "err_workflow0_abs_kwh_year": 433159.16562500014,
        "err_workflow0_pct_of_validation": 42.68947054071148,
        "err_oven_minus_cea_kwh_year": 2124.759999995935,
        "err_oven_vs_cea_ratio": 0.0036538332300444557,
        "err_oven_vs_cea_pct_of_cea": 0.3653833230044456,
        "err_oven_vs_cea_abs_pct_of_cea": 0.3653833230044456
      },
      "geometry": {
        "type": "Polygon",
        "coordinates": [
          [
            [
              -9.1552867,
              38.7763418
            ],
            [
              -9.1552833,
              38.77624329999999
            ],
            [
              -9.1555915,
              38.77623679999999
            ],
            [
              -9.1555938,
              38.7763914
            ],
            [
              -9.1553622,
              38.77639630000001
            ],
            [
              -9.1553603,
              38.7763402
            ],
            [
              -9.1552867,
              38.7763418
            ]
          ]
        ]
      }
    },
    {
      "type": "Feature",
      "properties": {
        "area_id": "Alta_Lisboa",
        "osm_uid": "cea/26",
        "osmid": "26",
        "element_type": "cea_zone",
        "building": "yes",
        "cea_name": "B1026",
        "intersection_area_m2": 1667.5706794638463,
        "is_residential": true,
        "residential_source": "cea",
        "radiation_sum_kwh_year": 3759624.0890078126,
        "radiation_sum": 3759624.0890078126,
        "radiation_point_count": 2750.0,
        "use_type1": "MULTI_RES",
        "use_type2": "NONE",
        "use_type3": "NONE",
        "resi_type": null,
        "comparison_status": "matched",
        "validation_radiation_kwh_year": 3759624.0890078126,
        "ucea_radiation_kwh_year": 2790138.3700000043,
        "workflow0_radiation_kwh_year": 2790202.2500000084,
        "validation_area_m2": 1667.5706794638463,
        "ucea_roofs_top_m2": 1610.04,
        "err_ucea_minus_validation_kwh_year": 969485.7190078082,
        "err_ucea_abs_kwh_year": 969485.7190078082,
        "err_ucea_pct_of_validation": 25.786772721303137,
        "err_ucea_area_minus_validation_m2": 57.530679463846354,
        "err_ucea_area_pct_of_validation": 3.449969477896043,
        "err_workflow0_minus_validation_kwh_year": 969421.8390078042,
        "err_workflow0_abs_kwh_year": 969421.8390078042,
        "err_workflow0_pct_of_validation": 25.785073615262434,
        "err_oven_minus_cea_kwh_year": -63.88000000407919,
        "err_oven_vs_cea_ratio": -2.2894397710445185e-05,
        "err_oven_vs_cea_pct_of_cea": -0.0022894397710445185,
        "err_oven_vs_cea_abs_pct_of_cea": 0.0022894397710445185
      },
      "geometry": {
        "type": "Polygon",
        "coordinates": [
          [
            [
              -9.1540133,
              38.776060099999995
            ],
            [
              -9.1538738,
              38.7760484
            ],
            [
              -9.1539168,
              38.775697099999995
            ],
            [
              -9.1545262,
              38.775733900000006
            ],
            [
              -9.1545583,
              38.775749000000005
            ],
            [
              -9.1545734,
              38.7757741
            ],
            [
              -9.1545648,
              38.7757975
            ],
            [
              -9.1545369,
              38.77588450000001
            ],
            [
              -9.1545176,
              38.7759062
            ],
            [
              -9.1545176,
              38.775932999999995
            ],
            [
              -9.1545176,
              38.775973099999995
            ],
            [
              -9.1545047,
              38.7760116
            ],
            [
              -9.1544811,
              38.7760417
            ],
            [
              -9.1544596,
              38.776173899999996
            ],
            [
              -9.1544317,
              38.776192300000005
            ],
            [
              -9.15417,
              38.7761521
            ],
            [
              -9.1541936,
              38.776039999999995
            ],
            [
              -9.1543502,
              38.7760618
            ],
            [
              -9.1544038,
              38.7758544
            ],
            [
              -9.1543845,
              38.7758393
            ],
            [
              -9.1540884,
              38.7758209
            ],
            [
              -9.1540476,
              38.775836
            ],
            [
              -9.1540133,
              38.776060099999995
            ]
          ]
        ]
      }
    },
    {
      "type": "Feature",
      "properties": {
        "area_id": "Alta_Lisboa",
        "osm_uid": "cea/31",
        "osmid": "31",
        "element_type": "cea_zone",
        "building": "yes",
        "cea_name": "B1031",
        "intersection_area_m2": 741.4124896180284,
        "is_residential": true,
        "residential_source": "cea",
        "radiation_sum_kwh_year": 1449804.290203125,
        "radiation_sum": 1449804.290203125,
        "radiation_point_count": 1215.0,
        "use_type1": "MULTI_RES",
        "use_type2": "NONE",
        "use_type3": "NONE",
        "resi_type": null,
        "comparison_status": "matched",
        "validation_radiation_kwh_year": 1449804.290203125,
        "ucea_radiation_kwh_year": 1286705.5500000021,
        "workflow0_radiation_kwh_year": 1286280.1700000032,
        "validation_area_m2": 741.4124896180284,
        "ucea_roofs_top_m2": 741.41,
        "err_ucea_minus_validation_kwh_year": 163098.74020312284,
        "err_ucea_abs_kwh_year": 163098.74020312284,
        "err_ucea_pct_of_validation": 11.249707378109074,
        "err_ucea_area_minus_validation_m2": 0.0024896180284486036,
        "err_ucea_area_pct_of_validation": 0.00033579391543987086,
        "err_workflow0_minus_validation_kwh_year": 163524.1202031218,
        "err_workflow0_abs_kwh_year": 163524.1202031218,
        "err_workflow0_pct_of_validation": 11.27904788998874,
        "err_oven_minus_cea_kwh_year": 425.3799999989569,
        "err_oven_vs_cea_ratio": 0.0003307055569386224,
        "err_oven_vs_cea_pct_of_cea": 0.03307055569386224,
        "err_oven_vs_cea_abs_pct_of_cea": 0.03307055569386224
      },
      "geometry": {
        "type": "Polygon",
        "coordinates": [
          [
            [
              -9.1525333,
              38.7741455
            ],
            [
              -9.152412,
              38.7741549
            ],
            [
              -9.1524054,
              38.7741022
            ],
            [
              -9.1523403,
              38.77410720000001
            ],
            [
              -9.1523469,
              38.7741598
            ],
            [
              -9.1521221,
              38.774177200000004
            ],
            [
              -9.1521155,
              38.77412379999999
            ],
            [
              -9.1520516,
              38.774128700000006
            ],
            [
              -9.1520582,
              38.7741821
            ],
            [
              -9.1519469,
              38.7741907
            ],
            [
              -9.1519355,
              38.774098800000004
            ],
            [
              -9.1519999,
              38.77409400000001
            ],
            [
              -9.1519883,
              38.7740007
            ],
            [
              -9.1521448,
              38.773988899999985
            ],
            [
              -9.1521563,
              38.774081900000006
            ],
            [
              -9.1522876,
              38.7740719
            ],
            [
              -9.152276,
              38.773978899999996
            ],
            [
              -9.1524339,
              38.77396679999999
            ],
            [
              -9.1524456,
              38.774059900000005
            ],
            [
              -9.152522,
              38.7740539
            ],
            [
              -9.1525333,
              38.7741455
            ]
          ]
        ]
      }
    },
    {
      "type": "Feature",
      "properties": {
        "area_id": "Alta_Lisboa",
        "osm_uid": "cea/33",
        "osmid": "33",
        "element_type": "cea_zone",
        "building": "yes",
        "cea_name": "B1033",
        "intersection_area_m2": 378.38995699688985,
        "is_residential": true,
        "residential_source": "cea",
        "radiation_sum_kwh_year": 951905.74384375,
        "radiation_sum": 951905.74384375,
        "radiation_point_count": 622.0,
        "use_type1": "MULTI_RES",
        "use_type2": "NONE",
        "use_type3": "NONE",
        "resi_type": null,
        "comparison_status": "matched",
        "validation_radiation_kwh_year": 951905.74384375,
        "ucea_radiation_kwh_year": 604449.2500000014,
        "workflow0_radiation_kwh_year": 620533.6100000007,
        "validation_area_m2": 378.38995699688985,
        "ucea_roofs_top_m2": 378.39,
        "err_ucea_minus_validation_kwh_year": 347456.4938437486,
        "err_ucea_abs_kwh_year": 347456.4938437486,
        "err_ucea_pct_of_validation": 36.50114479199756,
        "err_ucea_area_minus_validation_m2": 4.3003110135941824e-05,
        "err_ucea_area_pct_of_validation": 1.1364759909918878e-05,
        "err_workflow0_minus_validation_kwh_year": 331372.1338437493,
        "err_workflow0_abs_kwh_year": 331372.1338437493,
        "err_workflow0_pct_of_validation": 34.81144388368584,
        "err_oven_minus_cea_kwh_year": -16084.359999999288,
        "err_oven_vs_cea_ratio": -0.025920207609704284,
        "err_oven_vs_cea_pct_of_cea": -2.592020760970428,
        "err_oven_vs_cea_abs_pct_of_cea": 2.592020760970428
      },
      "geometry": {
        "type": "Polygon",
        "coordinates": [
          [
            [
              -9.1545083,
              38.77367459999999
            ],
            [
              -9.1544797,
              38.773667499999995
            ],
            [
              -9.1543437,
              38.77363369999998
            ],
            [
              -9.1544321,
              38.773417499999994
            ],
            [
              -9.1545974,
              38.77345940000001
            ],
            [
              -9.1545083,
              38.77367459999999
            ]
          ]
        ]
      }
    },
    {
      "type": "Feature",
      "properties": {
        "area_id": "Alta_Lisboa",
        "osm_uid": "cea/34",
        "osmid": "34",
        "element_type": "cea_zone",
        "building": "yes",
        "cea_name": "B1034",
        "intersection_area_m2": 694.9341439901845,
        "is_residential": true,
        "residential_source": "cea",
        "radiation_sum_kwh_year": 1432575.848921875,
        "radiation_sum": 1432575.848921875,
        "radiation_point_count": 1148.0,
        "use_type1": "MULTI_RES",
        "use_type2": "NONE",
        "use_type3": "NONE",
        "resi_type": null,
        "comparison_status": "matched",
        "validation_radiation_kwh_year": 1432575.848921875,
        "ucea_radiation_kwh_year": 1076775.0300000021,
        "workflow0_radiation_kwh_year": 1076818.63,
        "validation_area_m2": 694.9341439901845,
        "ucea_roofs_top_m2": 677.84,
        "err_ucea_minus_validation_kwh_year": 355800.8189218729,
        "err_ucea_abs_kwh_year": 355800.8189218729,
        "err_ucea_pct_of_validation": 24.836438446846685,
        "err_ucea_area_minus_validation_m2": 17.09414399018442,
        "err_ucea_area_pct_of_validation": 2.459822148330917,
        "err_workflow0_minus_validation_kwh_year": 355757.2189218751,
        "err_workflow0_abs_kwh_year": 355757.2189218751,
        "err_workflow0_pct_of_validation": 24.83339497797692,
        "err_oven_minus_cea_kwh_year": -43.599999997764826,
        "err_oven_vs_cea_ratio": -4.048964122933574e-05,
        "err_oven_vs_cea_pct_of_cea": -0.004048964122933574,
        "err_oven_vs_cea_abs_pct_of_cea": 0.004048964122933574
      },
      "geometry": {
        "type": "Polygon",
        "coordinates": [
          [
            [
              -9.1544797,
              38.773667499999995
            ],
            [
              -9.1543305,
              38.7740025
            ],
            [
              -9.1541354,
              38.7740175
            ],
            [
              -9.1541869,
              38.773897099999985
            ],
            [
              -9.1541779,
              38.77389480000001
            ],
            [
              -9.1542526,
              38.7737146
            ],
            [
              -9.1542616,
              38.7737169
            ],
            [
              -9.1543014,
              38.77362359999999
            ],
            [
              -9.1543437,
              38.77363369999998
            ],
            [
              -9.1544797,
              38.773667499999995
            ]
          ]
        ]
      }
    },
    {
      "type": "Feature",
      "properties": {
        "area_id": "Alta_Lisboa",
        "osm_uid": "cea/35",
        "osmid": "35",
        "element_type": "cea_zone",
        "building": "yes",
        "cea_name": "B1035",
        "intersection_area_m2": 735.2452728248661,
        "is_residential": true,
        "residential_source": "cea",
        "radiation_sum_kwh_year": 1445044.5366953125,
        "radiation_sum": 1445044.5366953125,
        "radiation_point_count": 1215.0,
        "use_type1": "MULTI_RES",
        "use_type2": "NONE",
        "use_type3": "NONE",
        "resi_type": null,
        "comparison_status": "matched",
        "validation_radiation_kwh_year": 1445044.5366953125,
        "ucea_radiation_kwh_year": 1269531.9600000018,
        "workflow0_radiation_kwh_year": 1271310.7799999965,
        "validation_area_m2": 735.2452728248661,
        "ucea_roofs_top_m2": 735.19,
        "err_ucea_minus_validation_kwh_year": 175512.57669531065,
        "err_ucea_abs_kwh_year": 175512.57669531065,
        "err_ucea_pct_of_validation": 12.145824729851732,
        "err_ucea_area_minus_validation_m2": 0.05527282486605145,
        "err_ucea_area_pct_of_validation": 0.007517603568356069,
        "err_workflow0_minus_validation_kwh_year": 173733.75669531594,
        "err_workflow0_abs_kwh_year": 173733.75669531594,
        "err_workflow0_pct_of_validation": 12.022726793779622,
        "err_oven_minus_cea_kwh_year": -1778.81999999471,
        "err_oven_vs_cea_ratio": -0.0013992015390561817,
        "err_oven_vs_cea_pct_of_cea": -0.13992015390561818,
        "err_oven_vs_cea_abs_pct_of_cea": 0.13992015390561818
      },
      "geometry": {
        "type": "Polygon",
        "coordinates": [
          [
            [
              -9.1543865,
              38.773405900000014
            ],
            [
              -9.1544071,
              38.7733565
            ],
            [
              -9.1543511,
              38.773342299999996
            ],
            [
              -9.1543936,
              38.7732408
            ],
            [
              -9.1545127,
              38.773271099999995
            ],
            [
              -9.1545603,
              38.77315729999999
            ],
            [
              -9.1546188,
              38.7731721
            ],
            [
              -9.1546282,
              38.7731494
            ],
            [
              -9.1546907,
              38.773165299999995
            ],
            [
              -9.1546766,
              38.77319909999999
            ],
            [
              -9.154697,
              38.773204299999996
            ],
            [
              -9.1546743,
              38.77325870000001
            ],
            [
              -9.154772,
              38.77328349999999
            ],
            [
              -9.1547087,
              38.7734353
            ],
            [
              -9.1546171,
              38.773412
            ],
            [
              -9.1545974,
              38.77345940000001
            ],
            [
              -9.1544321,
              38.773417499999994
            ],
            [
              -9.1543865,
              38.773405900000014
            ]
          ]
        ]
      }
    },
    {
      "type": "Feature",
      "properties": {
        "area_id": "Alta_Lisboa",
        "osm_uid": "cea/37",
        "osmid": "37",
        "element_type": "cea_zone",
        "building": "yes",
        "cea_name": "B1037",
        "intersection_area_m2": 483.60073633411224,
        "is_residential": true,
        "residential_source": "cea",
        "radiation_sum_kwh_year": 1096379.78125,
        "radiation_sum": 1096379.78125,
        "radiation_point_count": 799.0,
        "use_type1": "MULTI_RES",
        "use_type2": "NONE",
        "use_type3": "NONE",
        "resi_type": null,
        "comparison_status": "matched",
        "validation_radiation_kwh_year": 1096379.78125,
        "ucea_radiation_kwh_year": 748999.5700000013,
        "workflow0_radiation_kwh_year": 751955.3599999994,
        "validation_area_m2": 483.60073633411224,
        "ucea_roofs_top_m2": 474.2,
        "err_ucea_minus_validation_kwh_year": 347380.21124999865,
        "err_ucea_abs_kwh_year": 347380.21124999865,
        "err_ucea_pct_of_validation": 31.68429564196678,
        "err_ucea_area_minus_validation_m2": 9.400736334112253,
        "err_ucea_area_pct_of_validation": 1.9439044707362543,
        "err_workflow0_minus_validation_kwh_year": 344424.4212500006,
        "err_workflow0_abs_kwh_year": 344424.4212500006,
        "err_workflow0_pct_of_validation": 31.414700192420263,
        "err_oven_minus_cea_kwh_year": -2955.789999998058,
        "err_oven_vs_cea_ratio": -0.003930805147792364,
        "err_oven_vs_cea_pct_of_cea": -0.39308051477923645,
        "err_oven_vs_cea_abs_pct_of_cea": 0.39308051477923645
      },
      "geometry": {
        "type": "Polygon",
        "coordinates": [
          [
            [
              -9.1541247,
              38.772833199999994
            ],
            [
              -9.1541856,
              38.77284839999999
            ],
            [
              -9.1540801,
              38.773105699999995
            ],
            [
              -9.1539184,
              38.77306539999999
            ],
            [
              -9.1539525,
              38.772982199999994
            ],
            [
              -9.1539446,
              38.77298029999999
            ],
            [
              -9.1539921,
              38.77286459999999
            ],
            [
              -9.1539995,
              38.77286639999999
            ],
            [
              -9.1540355,
              38.7727786
            ],
            [
              -9.1541222,
              38.77280019999999
            ],
            [
              -9.1541367,
              38.77280379999999
            ],
            [
              -9.1541247,
              38.772833199999994
            ]
          ]
        ]
      }
    },
    {
      "type": "Feature",
      "properties": {
        "area_id": "Alta_Lisboa",
        "osm_uid": "cea/38",
        "osmid": "38",
        "element_type": "cea_zone",
        "building": "yes",
        "cea_name": "B1038",
        "intersection_area_m2": 503.4881674734263,
        "is_residential": true,
        "residential_source": "cea",
        "radiation_sum_kwh_year": 1165644.1205625,
        "radiation_sum": 1165644.1205625,
        "radiation_point_count": 829.0,
        "use_type1": "MULTI_RES",
        "use_type2": "NONE",
        "use_type3": "NONE",
        "resi_type": null,
        "comparison_status": "matched",
        "validation_radiation_kwh_year": 1165644.1205625,
        "ucea_radiation_kwh_year": 874399.0099999972,
        "workflow0_radiation_kwh_year": 853052.6100000005,
        "validation_area_m2": 503.4881674734263,
        "ucea_roofs_top_m2": 503.36,
        "err_ucea_minus_validation_kwh_year": 291245.1105625029,
        "err_ucea_abs_kwh_year": 291245.1105625029,
        "err_ucea_pct_of_validation": 24.985765846093567,
        "err_ucea_area_minus_validation_m2": 0.12816747342628787,
        "err_ucea_area_pct_of_validation": 0.025455905760298218,
        "err_workflow0_minus_validation_kwh_year": 312591.51056249964,
        "err_workflow0_abs_kwh_year": 312591.51056249964,
        "err_workflow0_pct_of_validation": 26.81706234761032,
        "err_oven_minus_cea_kwh_year": 21346.399999996764,
        "err_oven_vs_cea_ratio": 0.02502354456191952,
        "err_oven_vs_cea_pct_of_cea": 2.502354456191952,
        "err_oven_vs_cea_abs_pct_of_cea": 2.502354456191952
      },
      "geometry": {
        "type": "Polygon",
        "coordinates": [
          [
            [
              -9.1542816,
              38.77258599999999
            ],
            [
              -9.1543395,
              38.7726004
            ],
            [
              -9.1543323,
              38.77261789999999
            ],
            [
              -9.1543479,
              38.7726218
            ],
            [
              -9.154335400000003,
              38.772652199999996
            ],
            [
              -9.154345,
              38.77265460000001
            ],
            [
              -9.1543342,
              38.772680900000005
            ],
            [
              -9.1544041,
              38.7726984
            ],
            [
              -9.1543934,
              38.7727246
            ],
            [
              -9.1544154,
              38.77273009999999
            ],
            [
              -9.154403,
              38.772760299999995
            ],
            [
              -9.154411100000003,
              38.7727623
            ],
            [
              -9.1543965,
              38.77279789999999
            ],
            [
              -9.1543736,
              38.77279219999999
            ],
            [
              -9.1543544,
              38.772839000000005
            ],
            [
              -9.1543151,
              38.7728292
            ],
            [
              -9.1543051,
              38.7728536
            ],
            [
              -9.1542138,
              38.772830799999994
            ],
            [
              -9.1542111,
              38.7728373
            ],
            [
              -9.1541921,
              38.772832599999994
            ],
            [
              -9.1541856,
              38.77284839999999
            ],
            [
              -9.1541247,
              38.772833199999994
            ],
            [
              -9.1541367,
              38.77280379999999
            ],
            [
              -9.1541222,
              38.77280019999999
            ],
            [
              -9.1542001,
              38.7726101
            ],
            [
              -9.1542167,
              38.77261419999999
            ],
            [
              -9.1542294,
              38.77258309999999
            ],
            [
              -9.1542779,
              38.77259509999999
            ],
            [
              -9.1542816,
              38.77258599999999
            ]
          ]
        ]
      }
    },
    {
      "type": "Feature",
      "properties": {
        "area_id": "Alta_Lisboa",
        "osm_uid": "cea/39",
        "osmid": "39",
        "element_type": "cea_zone",
        "building": "yes",
        "cea_name": "B1039",
        "intersection_area_m2": 554.508292101786,
        "is_residential": true,
        "residential_source": "cea",
        "radiation_sum_kwh_year": 1269227.792875,
        "radiation_sum": 1269227.792875,
        "radiation_point_count": 912.0,
        "use_type1": "MULTI_RES",
        "use_type2": "NONE",
        "use_type3": "NONE",
        "resi_type": null,
        "comparison_status": "matched",
        "validation_radiation_kwh_year": 1269227.792875,
        "ucea_radiation_kwh_year": 971190.2700000006,
        "workflow0_radiation_kwh_year": 971713.6699999991,
        "validation_area_m2": 554.508292101786,
        "ucea_roofs_top_m2": 559.37,
        "err_ucea_minus_validation_kwh_year": 298037.52287499944,
        "err_ucea_abs_kwh_year": 298037.52287499944,
        "err_ucea_pct_of_validation": 23.48179929151234,
        "err_ucea_area_minus_validation_m2": 4.861707898214036,
        "err_ucea_area_pct_of_validation": 0.8767601796875595,
        "err_workflow0_minus_validation_kwh_year": 297514.12287500093,
        "err_workflow0_abs_kwh_year": 297514.12287500093,
        "err_workflow0_pct_of_validation": 23.440561619052225,
        "err_oven_minus_cea_kwh_year": -523.3999999985099,
        "err_oven_vs_cea_ratio": -0.0005386360366819893,
        "err_oven_vs_cea_pct_of_cea": -0.05386360366819892,
        "err_oven_vs_cea_abs_pct_of_cea": 0.05386360366819892
      },
      "geometry": {
        "type": "Polygon",
        "coordinates": [
          [
            [
              -9.1538287,
              38.772357000000014
            ],
            [
              -9.1537646,
              38.772341
            ],
            [
              -9.1537767,
              38.7723115
            ],
            [
              -9.1537587,
              38.772307
            ],
            [
              -9.1538359,
              38.7721188
            ],
            [
              -9.1538542,
              38.7721234
            ],
            [
              -9.1538675,
              38.77209119999999
            ],
            [
              -9.153916,
              38.77210329999999
            ],
            [
              -9.1539198,
              38.772093999999996
            ],
            [
              -9.1539793,
              38.7721088
            ],
            [
              -9.153973,
              38.772124
            ],
            [
              -9.153986,
              38.7721273
            ],
            [
              -9.1539729,
              38.7721593
            ],
            [
              -9.1539862,
              38.77216260000001
            ],
            [
              -9.1539756,
              38.7721885
            ],
            [
              -9.1540461,
              38.772206
            ],
            [
              -9.1540403,
              38.7722201
            ],
            [
              -9.1540943,
              38.7722335
            ],
            [
              -9.1540558,
              38.772327399999995
            ],
            [
              -9.1540097,
              38.7723159
            ],
            [
              -9.1539956,
              38.7723504
            ],
            [
              -9.1539535,
              38.772339900000006
            ],
            [
              -9.1539424,
              38.772366999999996
            ],
            [
              -9.1538355,
              38.7723404
            ],
            [
              -9.1538287,
              38.772357000000014
            ]
          ]
        ]
      }
    },
    {
      "type": "Feature",
      "properties": {
        "area_id": "Alta_Lisboa",
        "osm_uid": "cea/40",
        "osmid": "40",
        "element_type": "cea_zone",
        "building": "yes",
        "cea_name": "B1040",
        "intersection_area_m2": 409.8525790272137,
        "is_residential": true,
        "residential_source": "cea",
        "radiation_sum_kwh_year": 934826.555390625,
        "radiation_sum": 934826.555390625,
        "radiation_point_count": 675.0,
        "use_type1": "MULTI_RES",
        "use_type2": "NONE",
        "use_type3": "NONE",
        "resi_type": null,
        "comparison_status": "matched",
        "validation_radiation_kwh_year": 934826.555390625,
        "ucea_radiation_kwh_year": 670144.4500000004,
        "workflow0_radiation_kwh_year": 669498.8300000005,
        "validation_area_m2": 409.8525790272137,
        "ucea_roofs_top_m2": 430.84,
        "err_ucea_minus_validation_kwh_year": 264682.1053906246,
        "err_ucea_abs_kwh_year": 264682.1053906246,
        "err_ucea_pct_of_validation": 28.313498783742297,
        "err_ucea_area_minus_validation_m2": 20.987420972786254,
        "err_ucea_area_pct_of_validation": 5.120724388900994,
        "err_workflow0_minus_validation_kwh_year": 265327.7253906245,
        "err_workflow0_abs_kwh_year": 265327.7253906245,
        "err_workflow0_pct_of_validation": 28.382561862478873,
        "err_oven_minus_cea_kwh_year": 645.6199999998789,
        "err_oven_vs_cea_ratio": 0.0009643332759817943,
        "err_oven_vs_cea_pct_of_cea": 0.09643332759817944,
        "err_oven_vs_cea_abs_pct_of_cea": 0.09643332759817944
      },
      "geometry": {
        "type": "Polygon",
        "coordinates": [
          [
            [
              -9.1535263,
              38.772647199999994
            ],
            [
              -9.1535381,
              38.772650099999986
            ],
            [
              -9.1536087,
              38.7724781
            ],
            [
              -9.1535975,
              38.7724753
            ],
            [
              -9.1536128,
              38.77243789999999
            ],
            [
              -9.1537786,
              38.7724792
            ],
            [
              -9.1536784,
              38.7727234
            ],
            [
              -9.1535121,
              38.772682
            ],
            [
              -9.1535263,
              38.772647199999994
            ]
          ]
        ]
      }
    },
    {
      "type": "Feature",
      "properties": {
        "area_id": "Alta_Lisboa",
        "osm_uid": "cea/41",
        "osmid": "41",
        "element_type": "cea_zone",
        "building": "yes",
        "cea_name": "B1041",
        "intersection_area_m2": 247.22561700996837,
        "is_residential": true,
        "residential_source": "cea",
        "radiation_sum_kwh_year": 516489.6829375,
        "radiation_sum": 516489.6829375,
        "radiation_point_count": 407.0,
        "use_type1": "MULTI_RES",
        "use_type2": "NONE",
        "use_type3": "NONE",
        "resi_type": null,
        "comparison_status": "matched",
        "validation_radiation_kwh_year": 516489.6829375,
        "ucea_radiation_kwh_year": 397324.46000000014,
        "workflow0_radiation_kwh_year": 397802.26999999984,
        "validation_area_m2": 247.22561700996837,
        "ucea_roofs_top_m2": 247.22,
        "err_ucea_minus_validation_kwh_year": 119165.22293749987,
        "err_ucea_abs_kwh_year": 119165.22293749987,
        "err_ucea_pct_of_validation": 23.072140039614297,
        "err_ucea_area_minus_validation_m2": 0.0056170099683754415,
        "err_ucea_area_pct_of_validation": 0.0022720177772471524,
        "err_workflow0_minus_validation_kwh_year": 118687.41293750016,
        "err_workflow0_abs_kwh_year": 118687.41293750016,
        "err_workflow0_pct_of_validation": 22.979628995195714,
        "err_oven_minus_cea_kwh_year": -477.80999999970663,
        "err_oven_vs_cea_ratio": -0.0012011243676405034,
        "err_oven_vs_cea_pct_of_cea": -0.12011243676405034,
        "err_oven_vs_cea_abs_pct_of_cea": 0.12011243676405034
      },
      "geometry": {
        "type": "Polygon",
        "coordinates": [
          [
            [
              -9.153675,
              38.77228610000001
            ],
            [
              -9.1537587,
              38.772307
            ],
            [
              -9.1537767,
              38.7723115
            ],
            [
              -9.1537646,
              38.772341
            ],
            [
              -9.1538287,
              38.772357000000014
            ],
            [
              -9.1537786,
              38.7724792
            ],
            [
              -9.1536128,
              38.77243789999999
            ],
            [
              -9.153675,
              38.77228610000001
            ]
          ]
        ]
      }
    },
    {
      "type": "Feature",
      "properties": {
        "area_id": "Alta_Lisboa",
        "osm_uid": "cea/42",
        "osmid": "42",
        "element_type": "cea_zone",
        "building": "yes",
        "cea_name": "B1042",
        "intersection_area_m2": 453.16461369242427,
        "is_residential": true,
        "residential_source": "cea",
        "radiation_sum_kwh_year": 1100404.8786875,
        "radiation_sum": 1100404.8786875,
        "radiation_point_count": 748.0,
        "use_type1": "MULTI_RES",
        "use_type2": "NONE",
        "use_type3": "NONE",
        "resi_type": null,
        "comparison_status": "matched",
        "validation_radiation_kwh_year": 1100404.8786875,
        "ucea_radiation_kwh_year": 772873.0300000012,
        "workflow0_radiation_kwh_year": 774688.4900000008,
        "validation_area_m2": 453.16461369242427,
        "ucea_roofs_top_m2": 453.16,
        "err_ucea_minus_validation_kwh_year": 327531.84868749883,
        "err_ucea_abs_kwh_year": 327531.84868749883,
        "err_ucea_pct_of_validation": 29.764667081280127,
        "err_ucea_area_minus_validation_m2": 0.004613692424243254,
        "err_ucea_area_pct_of_validation": 0.0010181051840412894,
        "err_workflow0_minus_validation_kwh_year": 325716.3886874992,
        "err_workflow0_abs_kwh_year": 325716.3886874992,
        "err_workflow0_pct_of_validation": 29.599685987942465,
        "err_oven_minus_cea_kwh_year": -1815.4599999996135,
        "err_oven_vs_cea_ratio": -0.0023434709866408518,
        "err_oven_vs_cea_pct_of_cea": -0.23434709866408518,
        "err_oven_vs_cea_abs_pct_of_cea": 0.23434709866408518
      },
      "geometry": {
        "type": "Polygon",
        "coordinates": [
          [
            [
              -9.1535732,
              38.772979899999996
            ],
            [
              -9.1534069,
              38.77293850000001
            ],
            [
              -9.1535121,
              38.772682
            ],
            [
              -9.1536784,
              38.7727234
            ],
            [
              -9.1535732,
              38.772979899999996
            ]
          ]
        ]
      }
    },
    {
      "type": "Feature",
      "properties": {
        "area_id": "Alta_Lisboa",
        "osm_uid": "cea/43",
        "osmid": "43",
        "element_type": "cea_zone",
        "building": "yes",
        "cea_name": "B1043",
        "intersection_area_m2": 370.47287369398555,
        "is_residential": true,
        "residential_source": "cea",
        "radiation_sum_kwh_year": 806421.4786093751,
        "radiation_sum": 806421.4786093751,
        "radiation_point_count": 608.0,
        "use_type1": "MULTI_RES",
        "use_type2": "NONE",
        "use_type3": "NONE",
        "resi_type": null,
        "comparison_status": "matched",
        "validation_radiation_kwh_year": 806421.4786093751,
        "ucea_radiation_kwh_year": 585609.9900000008,
        "workflow0_radiation_kwh_year": 583783.6399999957,
        "validation_area_m2": 370.47287369398555,
        "ucea_roofs_top_m2": 378.92,
        "err_ucea_minus_validation_kwh_year": 220811.48860937427,
        "err_ucea_abs_kwh_year": 220811.48860937427,
        "err_ucea_pct_of_validation": 27.38164774457028,
        "err_ucea_area_minus_validation_m2": 8.447126306014468,
        "err_ucea_area_pct_of_validation": 2.280093066406768,
        "err_workflow0_minus_validation_kwh_year": 222637.83860937937,
        "err_workflow0_abs_kwh_year": 222637.83860937937,
        "err_workflow0_pct_of_validation": 27.60812360718676,
        "err_oven_minus_cea_kwh_year": 1826.350000005099,
        "err_oven_vs_cea_ratio": 0.003128470677946906,
        "err_oven_vs_cea_pct_of_cea": 0.3128470677946906,
        "err_oven_vs_cea_abs_pct_of_cea": 0.3128470677946906
      },
      "geometry": {
        "type": "Polygon",
        "coordinates": [
          [
            [
              -9.152107,
              38.7727303
            ],
            [
              -9.1521894,
              38.772750699999996
            ],
            [
              -9.1521432,
              38.77286389999999
            ],
            [
              -9.1519169,
              38.77280780000001
            ],
            [
              -9.1519894,
              38.77263009999999
            ],
            [
              -9.1521334,
              38.7726658
            ],
            [
              -9.152107,
              38.7727303
            ]
          ]
        ]
      }
    },
    {
      "type": "Feature",
      "properties": {
        "area_id": "Alta_Lisboa",
        "osm_uid": "cea/44",
        "osmid": "44",
        "element_type": "cea_zone",
        "building": "yes",
        "cea_name": "B1044",
        "intersection_area_m2": 236.53398952913864,
        "is_residential": true,
        "residential_source": "cea",
        "radiation_sum_kwh_year": 559592.7028125001,
        "radiation_sum": 559592.7028125001,
        "radiation_point_count": 391.0,
        "use_type1": "MULTI_RES",
        "use_type2": "NONE",
        "use_type3": "NONE",
        "resi_type": null,
        "comparison_status": "matched",
        "validation_radiation_kwh_year": 559592.7028125001,
        "ucea_radiation_kwh_year": 367147.78999999986,
        "workflow0_radiation_kwh_year": 365063.8899999982,
        "validation_area_m2": 236.53398952913864,
        "ucea_roofs_top_m2": 240.08,
        "err_ucea_minus_validation_kwh_year": 192444.9128125002,
        "err_ucea_abs_kwh_year": 192444.9128125002,
        "err_ucea_pct_of_validation": 34.390175541117046,
        "err_ucea_area_minus_validation_m2": 3.5460104708613756,
        "err_ucea_area_pct_of_validation": 1.499154721027754,
        "err_workflow0_minus_validation_kwh_year": 194528.81281250186,
        "err_workflow0_abs_kwh_year": 194528.81281250186,
        "err_workflow0_pct_of_validation": 34.76257139072839,
        "err_oven_minus_cea_kwh_year": 2083.900000001653,
        "err_oven_vs_cea_ratio": 0.005708315878630623,
        "err_oven_vs_cea_pct_of_cea": 0.5708315878630623,
        "err_oven_vs_cea_abs_pct_of_cea": 0.5708315878630623
      },
      "geometry": {
        "type": "Polygon",
        "coordinates": [
          [
            [
              -9.1519894,
              38.77263009999999
            ],
            [
              -9.1520526,
              38.77247530000001
            ],
            [
              -9.1521965,
              38.772511
            ],
            [
              -9.1521334,
              38.7726658
            ],
            [
              -9.1519894,
              38.77263009999999
            ]
          ]
        ]
      }
    },
    {
      "type": "Feature",
      "properties": {
        "area_id": "Alta_Lisboa",
        "osm_uid": "cea/45",
        "osmid": "45",
        "element_type": "cea_zone",
        "building": "yes",
        "cea_name": "B1045",
        "intersection_area_m2": 366.5435176578728,
        "is_residential": true,
        "residential_source": "cea",
        "radiation_sum_kwh_year": 890316.30021875,
        "radiation_sum": 890316.30021875,
        "radiation_point_count": 602.0,
        "use_type1": "MULTI_RES",
        "use_type2": "NONE",
        "use_type3": "NONE",
        "resi_type": null,
        "comparison_status": "matched",
        "validation_radiation_kwh_year": 890316.30021875,
        "ucea_radiation_kwh_year": 552144.8299999984,
        "workflow0_radiation_kwh_year": 559612.5899999994,
        "validation_area_m2": 366.5435176578728,
        "ucea_roofs_top_m2": 353.95,
        "err_ucea_minus_validation_kwh_year": 338171.4702187516,
        "err_ucea_abs_kwh_year": 338171.4702187516,
        "err_ucea_pct_of_validation": 37.983295390151014,
        "err_ucea_area_minus_validation_m2": 12.593517657872837,
        "err_ucea_area_pct_of_validation": 3.435749658960678,
        "err_workflow0_minus_validation_kwh_year": 330703.71021875064,
        "err_workflow0_abs_kwh_year": 330703.71021875064,
        "err_workflow0_pct_of_validation": 37.14451932841138,
        "err_oven_minus_cea_kwh_year": -7467.760000000941,
        "err_oven_vs_cea_ratio": -0.013344517499152313,
        "err_oven_vs_cea_pct_of_cea": -1.3344517499152313,
        "err_oven_vs_cea_abs_pct_of_cea": 1.3344517499152313
      },
      "geometry": {
        "type": "Polygon",
        "coordinates": [
          [
            [
              -9.1521965,
              38.772511
            ],
            [
              -9.1520526,
              38.77247530000001
            ],
            [
              -9.1521245,
              38.77229919999999
            ],
            [
              -9.1523504,
              38.772355199999986
            ],
            [
              -9.1523047,
              38.7724672
            ],
            [
              -9.1522227,
              38.7724469
            ],
            [
              -9.1521965,
              38.772511
            ]
          ]
        ]
      }
    },
    {
      "type": "Feature",
      "properties": {
        "area_id": "Alta_Lisboa",
        "osm_uid": "cea/46",
        "osmid": "46",
        "element_type": "cea_zone",
        "building": "yes",
        "cea_name": "B1046",
        "intersection_area_m2": 234.33676148704424,
        "is_residential": true,
        "residential_source": "cea",
        "radiation_sum_kwh_year": 533411.51046875,
        "radiation_sum": 533411.51046875,
        "radiation_point_count": 387.0,
        "use_type1": "MULTI_RES",
        "use_type2": "NONE",
        "use_type3": "NONE",
        "resi_type": null,
        "comparison_status": "matched",
        "validation_radiation_kwh_year": 533411.51046875,
        "ucea_radiation_kwh_year": 341837.6299999988,
        "workflow0_radiation_kwh_year": 360824.8199999993,
        "validation_area_m2": 234.33676148704424,
        "ucea_roofs_top_m2": 237.42,
        "err_ucea_minus_validation_kwh_year": 191573.88046875125,
        "err_ucea_abs_kwh_year": 191573.88046875125,
        "err_ucea_pct_of_validation": 35.914838114460714,
        "err_ucea_area_minus_validation_m2": 3.083238512955745,
        "err_ucea_area_pct_of_validation": 1.3157297614724475,
        "err_workflow0_minus_validation_kwh_year": 172586.69046875072,
        "err_workflow0_abs_kwh_year": 172586.69046875072,
        "err_workflow0_pct_of_validation": 32.35526175974069,
        "err_oven_minus_cea_kwh_year": -18987.190000000526,
        "err_oven_vs_cea_ratio": -0.052621629520941945,
        "err_oven_vs_cea_pct_of_cea": -5.262162952094195,
        "err_oven_vs_cea_abs_pct_of_cea": 5.262162952094195
      },
      "geometry": {
        "type": "Polygon",
        "coordinates": [
          [
            [
              -9.1523504,
              38.772355199999986
            ],
            [
              -9.1525475,
              38.7724041
            ],
            [
              -9.1525018,
              38.772516100000004
            ],
            [
              -9.1523047,
              38.7724672
            ],
            [
              -9.1523504,
              38.772355199999986
            ]
          ]
        ]
      }
    },
    {
      "type": "Feature",
      "properties": {
        "area_id": "Alta_Lisboa",
        "osm_uid": "cea/47",
        "osmid": "47",
        "element_type": "cea_zone",
        "building": "yes",
        "cea_name": "B1047",
        "intersection_area_m2": 369.2005635828266,
        "is_residential": true,
        "residential_source": "cea",
        "radiation_sum_kwh_year": 895263.256078125,
        "radiation_sum": 895263.256078125,
        "radiation_point_count": 610.0,
        "use_type1": "MULTI_RES",
        "use_type2": "NONE",
        "use_type3": "NONE",
        "resi_type": null,
        "comparison_status": "matched",
        "validation_radiation_kwh_year": 895263.256078125,
        "ucea_radiation_kwh_year": 599196.269999998,
        "workflow0_radiation_kwh_year": 579893.3600000005,
        "validation_area_m2": 369.2005635828266,
        "ucea_roofs_top_m2": 365.93,
        "err_ucea_minus_validation_kwh_year": 296066.98607812694,
        "err_ucea_abs_kwh_year": 296066.98607812694,
        "err_ucea_pct_of_validation": 33.070382825171,
        "err_ucea_area_minus_validation_m2": 3.2705635828265827,
        "err_ucea_area_pct_of_validation": 0.8858501057225129,
        "err_workflow0_minus_validation_kwh_year": 315369.8960781245,
        "err_workflow0_abs_kwh_year": 315369.8960781245,
        "err_workflow0_pct_of_validation": 35.226498344147814,
        "err_oven_minus_cea_kwh_year": 19302.909999997588,
        "err_oven_vs_cea_ratio": 0.03328699952694332,
        "err_oven_vs_cea_pct_of_cea": 3.328699952694332,
        "err_oven_vs_cea_abs_pct_of_cea": 3.328699952694332
      },
      "geometry": {
        "type": "Polygon",
        "coordinates": [
          [
            [
              -9.1527039,
              38.77263649999999
            ],
            [
              -9.1525594,
              38.7726007
            ],
            [
              -9.1525854,
              38.772536800000005
            ],
            [
              -9.1525018,
              38.772516100000004
            ],
            [
              -9.1525475,
              38.7724041
            ],
            [
              -9.1527757,
              38.7724607
            ],
            [
              -9.1527039,
              38.77263649999999
            ]
          ]
        ]
      }
    },
    {
      "type": "Feature",
      "properties": {
        "area_id": "Alta_Lisboa",
        "osm_uid": "cea/48",
        "osmid": "48",
        "element_type": "cea_zone",
        "building": "yes",
        "cea_name": "B1048",
        "intersection_area_m2": 239.06366887064294,
        "is_residential": true,
        "residential_source": "cea",
        "radiation_sum_kwh_year": 588706.8608437501,
        "radiation_sum": 588706.8608437501,
        "radiation_point_count": 395.0,
        "use_type1": "MULTI_RES",
        "use_type2": "NONE",
        "use_type3": "NONE",
        "resi_type": null,
        "comparison_status": "matched",
        "validation_radiation_kwh_year": 588706.8608437501,
        "ucea_radiation_kwh_year": 383320.7799999999,
        "workflow0_radiation_kwh_year": 385178.6000000005,
        "validation_area_m2": 239.06366887064294,
        "ucea_roofs_top_m2": 244.86,
        "err_ucea_minus_validation_kwh_year": 205386.08084375015,
        "err_ucea_abs_kwh_year": 205386.08084375015,
        "err_ucea_pct_of_validation": 34.88766557763323,
        "err_ucea_area_minus_validation_m2": 5.796331129357071,
        "err_ucea_area_pct_of_validation": 2.424597245051676,
        "err_workflow0_minus_validation_kwh_year": 203528.26084374957,
        "err_workflow0_abs_kwh_year": 203528.26084374957,
        "err_workflow0_pct_of_validation": 34.57208916370493,
        "err_oven_minus_cea_kwh_year": -1857.820000000589,
        "err_oven_vs_cea_ratio": -0.00482326899781189,
        "err_oven_vs_cea_pct_of_cea": -0.482326899781189,
        "err_oven_vs_cea_abs_pct_of_cea": 0.482326899781189
      },
      "geometry": {
        "type": "Polygon",
        "coordinates": [
          [
            [
              -9.1524958,
              38.77275649999999
            ],
            [
              -9.1525594,
              38.7726007
            ],
            [
              -9.1527039,
              38.77263649999999
            ],
            [
              -9.1526403,
              38.77279239999999
            ],
            [
              -9.1524958,
              38.77275649999999
            ]
          ]
        ]
      }
    },
    {
      "type": "Feature",
      "properties": {
        "area_id": "Alta_Lisboa",
        "osm_uid": "cea/49",
        "osmid": "49",
        "element_type": "cea_zone",
        "building": "yes",
        "cea_name": "B1049",
        "intersection_area_m2": 371.1067151006221,
        "is_residential": true,
        "residential_source": "cea",
        "radiation_sum_kwh_year": 850291.7773125,
        "radiation_sum": 850291.7773125,
        "radiation_point_count": 609.0,
        "use_type1": "MULTI_RES",
        "use_type2": "NONE",
        "use_type3": "NONE",
        "resi_type": null,
        "comparison_status": "matched",
        "validation_radiation_kwh_year": 850291.7773125,
        "ucea_radiation_kwh_year": 622913.0799999997,
        "workflow0_radiation_kwh_year": 610245.8899999986,
        "validation_area_m2": 371.1067151006221,
        "ucea_roofs_top_m2": 375.56,
        "err_ucea_minus_validation_kwh_year": 227378.69731250033,
        "err_ucea_abs_kwh_year": 227378.69731250033,
        "err_ucea_pct_of_validation": 26.741255575959062,
        "err_ucea_area_minus_validation_m2": 4.453284899377877,
        "err_ucea_area_pct_of_validation": 1.2000011635926369,
        "err_workflow0_minus_validation_kwh_year": 240045.88731250144,
        "err_workflow0_abs_kwh_year": 240045.88731250144,
        "err_workflow0_pct_of_validation": 28.2310018416513,
        "err_oven_minus_cea_kwh_year": 12667.190000001108,
        "err_oven_vs_cea_ratio": 0.020757517924456872,
        "err_oven_vs_cea_pct_of_cea": 2.075751792445687,
        "err_oven_vs_cea_abs_pct_of_cea": 2.075751792445687
      },
      "geometry": {
        "type": "Polygon",
        "coordinates": [
          [
            [
              -9.1525678,
              38.772970099999995
            ],
            [
              -9.1523414,
              38.77291389999999
            ],
            [
              -9.1523877,
              38.77280059999999
            ],
            [
              -9.1524695,
              38.772820900000006
            ],
            [
              -9.1524958,
              38.77275649999999
            ],
            [
              -9.1526403,
              38.77279239999999
            ],
            [
              -9.1525678,
              38.772970099999995
            ]
          ]
        ]
      }
    },
    {
      "type": "Feature",
      "properties": {
        "area_id": "Alta_Lisboa",
        "osm_uid": "cea/50",
        "osmid": "50",
        "element_type": "cea_zone",
        "building": "yes",
        "cea_name": "B1050",
        "intersection_area_m2": 370.7444376004047,
        "is_residential": true,
        "residential_source": "cea",
        "radiation_sum_kwh_year": 893793.9065,
        "radiation_sum": 893793.9065,
        "radiation_point_count": 612.0,
        "use_type1": "MULTI_RES",
        "use_type2": "NONE",
        "use_type3": "NONE",
        "resi_type": null,
        "comparison_status": "matched",
        "validation_radiation_kwh_year": 893793.9065,
        "ucea_radiation_kwh_year": 615661.1600000015,
        "workflow0_radiation_kwh_year": 594120.3699999994,
        "validation_area_m2": 370.7444376004047,
        "ucea_roofs_top_m2": 361.5,
        "err_ucea_minus_validation_kwh_year": 278132.7464999985,
        "err_ucea_abs_kwh_year": 278132.7464999985,
        "err_ucea_pct_of_validation": 31.11821914171872,
        "err_ucea_area_minus_validation_m2": 9.244437600404694,
        "err_ucea_area_pct_of_validation": 2.493479783604609,
        "err_workflow0_minus_validation_kwh_year": 299673.5365000006,
        "err_workflow0_abs_kwh_year": 299673.5365000006,
        "err_workflow0_pct_of_validation": 33.528259067405116,
        "err_oven_minus_cea_kwh_year": 21540.790000002133,
        "err_oven_vs_cea_ratio": 0.03625660907738638,
        "err_oven_vs_cea_pct_of_cea": 3.625660907738638,
        "err_oven_vs_cea_abs_pct_of_cea": 3.625660907738638
      },
      "geometry": {
        "type": "Polygon",
        "coordinates": [
          [
            [
              -9.151844300000002,
              38.77298489999998
            ],
            [
              -9.1520713,
              38.77304109999999
            ],
            [
              -9.1520251,
              38.7731546
            ],
            [
              -9.151942700000001,
              38.7731342
            ],
            [
              -9.1519168,
              38.7731976
            ],
            [
              -9.1517722,
              38.7731618
            ],
            [
              -9.151844300000002,
              38.77298489999998
            ]
          ]
        ]
      }
    },
    {
      "type": "Feature",
      "properties": {
        "area_id": "Alta_Lisboa",
        "osm_uid": "cea/51",
        "osmid": "51",
        "element_type": "cea_zone",
        "building": "yes",
        "cea_name": "B1051",
        "intersection_area_m2": 237.23200376810422,
        "is_residential": true,
        "residential_source": "cea",
        "radiation_sum_kwh_year": 584574.7331875,
        "radiation_sum": 584574.7331875,
        "radiation_point_count": 392.0,
        "use_type1": "MULTI_RES",
        "use_type2": "NONE",
        "use_type3": "NONE",
        "resi_type": null,
        "comparison_status": "matched",
        "validation_radiation_kwh_year": 584574.7331875,
        "ucea_radiation_kwh_year": 390146.7200000012,
        "workflow0_radiation_kwh_year": 368737.5500000007,
        "validation_area_m2": 237.23200376810422,
        "ucea_roofs_top_m2": 242.29,
        "err_ucea_minus_validation_kwh_year": 194428.01318749884,
        "err_ucea_abs_kwh_year": 194428.01318749884,
        "err_ucea_pct_of_validation": 33.2597360353474,
        "err_ucea_area_minus_validation_m2": 5.057996231895771,
        "err_ucea_area_pct_of_validation": 2.132088483660069,
        "err_workflow0_minus_validation_kwh_year": 215837.18318749935,
        "err_workflow0_abs_kwh_year": 215837.18318749935,
        "err_workflow0_pct_of_validation": 36.92208556647802,
        "err_oven_minus_cea_kwh_year": 21409.170000000508,
        "err_oven_vs_cea_ratio": 0.0580607263892719,
        "err_oven_vs_cea_pct_of_cea": 5.80607263892719,
        "err_oven_vs_cea_abs_pct_of_cea": 5.80607263892719
      },
      "geometry": {
        "type": "Polygon",
        "coordinates": [
          [
            [
              -9.1517092,
              38.7733164
            ],
            [
              -9.1517722,
              38.7731618
            ],
            [
              -9.1519168,
              38.7731976
            ],
            [
              -9.1518538,
              38.77335219999999
            ],
            [
              -9.1517092,
              38.7733164
            ]
          ]
        ]
      }
    },
    {
      "type": "Feature",
      "properties": {
        "area_id": "Alta_Lisboa",
        "osm_uid": "cea/52",
        "osmid": "52",
        "element_type": "cea_zone",
        "building": "yes",
        "cea_name": "B1052",
        "intersection_area_m2": 372.25901245316396,
        "is_residential": true,
        "residential_source": "cea",
        "radiation_sum_kwh_year": 897705.558875,
        "radiation_sum": 897705.558875,
        "radiation_point_count": 613.0,
        "use_type1": "MULTI_RES",
        "use_type2": "NONE",
        "use_type3": "NONE",
        "resi_type": null,
        "comparison_status": "matched",
        "validation_radiation_kwh_year": 897705.558875,
        "ucea_radiation_kwh_year": 585491.27,
        "workflow0_radiation_kwh_year": 588211.7799999994,
        "validation_area_m2": 372.25901245316396,
        "ucea_roofs_top_m2": 377.37,
        "err_ucea_minus_validation_kwh_year": 312214.28887499997,
        "err_ucea_abs_kwh_year": 312214.28887499997,
        "err_ucea_pct_of_validation": 34.779141756264195,
        "err_ucea_area_minus_validation_m2": 5.110987546836043,
        "err_ucea_area_pct_of_validation": 1.3729654288703315,
        "err_workflow0_minus_validation_kwh_year": 309493.77887500054,
        "err_workflow0_abs_kwh_year": 309493.77887500054,
        "err_workflow0_pct_of_validation": 34.47609027428287,
        "err_oven_minus_cea_kwh_year": -2720.5099999994272,
        "err_oven_vs_cea_ratio": -0.004625051881822955,
        "err_oven_vs_cea_pct_of_cea": -0.46250518818229547,
        "err_oven_vs_cea_abs_pct_of_cea": 0.46250518818229547
      },
      "geometry": {
        "type": "Polygon",
        "coordinates": [
          [
            [
              -9.151909,
              38.77343789999999
            ],
            [
              -9.151863,
              38.773551
            ],
            [
              -9.1516365,
              38.773495
            ],
            [
              -9.1517092,
              38.7733164
            ],
            [
              -9.1518538,
              38.77335219999999
            ],
            [
              -9.1518272,
              38.773417599999995
            ],
            [
              -9.151909,
              38.77343789999999
            ]
          ]
        ]
      }
    },
    {
      "type": "Feature",
      "properties": {
        "area_id": "Alta_Lisboa",
        "osm_uid": "cea/53",
        "osmid": "53",
        "element_type": "cea_zone",
        "building": "yes",
        "cea_name": "B1053",
        "intersection_area_m2": 235.89975493456654,
        "is_residential": true,
        "residential_source": "cea",
        "radiation_sum_kwh_year": 572696.5886875,
        "radiation_sum": 572696.5886875,
        "radiation_point_count": 389.0,
        "use_type1": "MULTI_RES",
        "use_type2": "NONE",
        "use_type3": "NONE",
        "resi_type": null,
        "comparison_status": "matched",
        "validation_radiation_kwh_year": 572696.5886875,
        "ucea_radiation_kwh_year": 399103.7399999988,
        "workflow0_radiation_kwh_year": 403003.79000000004,
        "validation_area_m2": 235.89975493456654,
        "ucea_roofs_top_m2": 239.82,
        "err_ucea_minus_validation_kwh_year": 173592.84868750116,
        "err_ucea_abs_kwh_year": 173592.84868750116,
        "err_ucea_pct_of_validation": 30.311486416452983,
        "err_ucea_area_minus_validation_m2": 3.9202450654334484,
        "err_ucea_area_pct_of_validation": 1.661826679947522,
        "err_workflow0_minus_validation_kwh_year": 169692.79868749995,
        "err_workflow0_abs_kwh_year": 169692.79868749995,
        "err_workflow0_pct_of_validation": 29.63048882068603,
        "err_oven_minus_cea_kwh_year": -3900.0500000012107,
        "err_oven_vs_cea_ratio": -0.009677452413043585,
        "err_oven_vs_cea_pct_of_cea": -0.9677452413043585,
        "err_oven_vs_cea_abs_pct_of_cea": 0.9677452413043585
      },
      "geometry": {
        "type": "Polygon",
        "coordinates": [
          [
            [
              -9.1520595,
              38.77359969999999
            ],
            [
              -9.151863,
              38.773551
            ],
            [
              -9.151909,
              38.77343789999999
            ],
            [
              -9.1521056,
              38.773486599999984
            ],
            [
              -9.1520595,
              38.77359969999999
            ]
          ]
        ]
      }
    },
    {
      "type": "Feature",
      "properties": {
        "area_id": "Alta_Lisboa",
        "osm_uid": "cea/54",
        "osmid": "54",
        "element_type": "cea_zone",
        "building": "yes",
        "cea_name": "B1054",
        "intersection_area_m2": 372.87641404951376,
        "is_residential": true,
        "residential_source": "cea",
        "radiation_sum_kwh_year": 858762.7599375,
        "radiation_sum": 858762.7599375,
        "radiation_point_count": 613.0,
        "use_type1": "MULTI_RES",
        "use_type2": "NONE",
        "use_type3": "NONE",
        "resi_type": null,
        "comparison_status": "matched",
        "validation_radiation_kwh_year": 858762.7599375,
        "ucea_radiation_kwh_year": 580241.9800000004,
        "workflow0_radiation_kwh_year": 631138.9999999993,
        "validation_area_m2": 372.87641404951376,
        "ucea_roofs_top_m2": 379.2,
        "err_ucea_minus_validation_kwh_year": 278520.77993749955,
        "err_ucea_abs_kwh_year": 278520.77993749955,
        "err_ucea_pct_of_validation": 32.43279668505538,
        "err_ucea_area_minus_validation_m2": 6.323585950486233,
        "err_ucea_area_pct_of_validation": 1.695893253695186,
        "err_workflow0_minus_validation_kwh_year": 227623.7599375007,
        "err_workflow0_abs_kwh_year": 227623.7599375007,
        "err_workflow0_pct_of_validation": 26.506011969367066,
        "err_oven_minus_cea_kwh_year": -50897.019999998854,
        "err_oven_vs_cea_ratio": -0.08064312298875352,
        "err_oven_vs_cea_pct_of_cea": -8.064312298875352,
        "err_oven_vs_cea_abs_pct_of_cea": 8.064312298875352
      },
      "geometry": {
        "type": "Polygon",
        "coordinates": [
          [
            [
              -9.1520595,
              38.77359969999999
            ],
            [
              -9.1521056,
              38.773486599999984
            ],
            [
              -9.1521888,
              38.7735072
            ],
            [
              -9.1522149,
              38.7734432
            ],
            [
              -9.1523601,
              38.77347919999999
            ],
            [
              -9.152288,
              38.773656300000006
            ],
            [
              -9.1520595,
              38.77359969999999
            ]
          ]
        ]
      }
    },
    {
      "type": "Feature",
      "properties": {
        "area_id": "Alta_Lisboa",
        "osm_uid": "cea/55",
        "osmid": "55",
        "element_type": "cea_zone",
        "building": "yes",
        "cea_name": "B1055",
        "intersection_area_m2": 238.60140604129373,
        "is_residential": true,
        "residential_source": "cea",
        "radiation_sum_kwh_year": 586904.6228125,
        "radiation_sum": 586904.6228125,
        "radiation_point_count": 393.0,
        "use_type1": "MULTI_RES",
        "use_type2": "NONE",
        "use_type3": "NONE",
        "resi_type": null,
        "comparison_status": "matched",
        "validation_radiation_kwh_year": 586904.6228125,
        "ucea_radiation_kwh_year": 399727.50000000006,
        "workflow0_radiation_kwh_year": 400855.539999999,
        "validation_area_m2": 238.60140604129373,
        "ucea_roofs_top_m2": 243.5,
        "err_ucea_minus_validation_kwh_year": 187177.12281249993,
        "err_ucea_abs_kwh_year": 187177.12281249993,
        "err_ucea_pct_of_validation": 31.892255664221942,
        "err_ucea_area_minus_validation_m2": 4.898593958706272,
        "err_ucea_area_pct_of_validation": 2.0530448835068866,
        "err_workflow0_minus_validation_kwh_year": 186049.082812501,
        "err_workflow0_abs_kwh_year": 186049.082812501,
        "err_workflow0_pct_of_validation": 31.700054077089558,
        "err_oven_minus_cea_kwh_year": -1128.0399999989313,
        "err_oven_vs_cea_ratio": -0.002814081102630973,
        "err_oven_vs_cea_pct_of_cea": -0.2814081102630973,
        "err_oven_vs_cea_abs_pct_of_cea": 0.2814081102630973
      },
      "geometry": {
        "type": "Polygon",
        "coordinates": [
          [
            [
              -9.1522149,
              38.7734432
            ],
            [
              -9.152278,
              38.773288400000006
            ],
            [
              -9.1524232,
              38.7733243
            ],
            [
              -9.1523601,
              38.77347919999999
            ],
            [
              -9.1522149,
              38.7734432
            ]
          ]
        ]
      }
    },
    {
      "type": "Feature",
      "properties": {
        "area_id": "Alta_Lisboa",
        "osm_uid": "cea/56",
        "osmid": "56",
        "element_type": "cea_zone",
        "building": "yes",
        "cea_name": "B1056",
        "intersection_area_m2": 369.61348279181516,
        "is_residential": true,
        "residential_source": "cea",
        "radiation_sum_kwh_year": 898239.93771875,
        "radiation_sum": 898239.93771875,
        "radiation_point_count": 610.0,
        "use_type1": "MULTI_RES",
        "use_type2": "NONE",
        "use_type3": "NONE",
        "resi_type": null,
        "comparison_status": "matched",
        "validation_radiation_kwh_year": 898239.93771875,
        "ucea_radiation_kwh_year": 633009.3300000009,
        "workflow0_radiation_kwh_year": 625139.3299999986,
        "validation_area_m2": 369.61348279181516,
        "ucea_roofs_top_m2": 379.34,
        "err_ucea_minus_validation_kwh_year": 265230.6077187491,
        "err_ucea_abs_kwh_year": 265230.6077187491,
        "err_ucea_pct_of_validation": 29.527812846125762,
        "err_ucea_area_minus_validation_m2": 9.726517208184816,
        "err_ucea_area_pct_of_validation": 2.6315374468261155,
        "err_workflow0_minus_validation_kwh_year": 273100.6077187514,
        "err_workflow0_abs_kwh_year": 273100.6077187514,
        "err_workflow0_pct_of_validation": 30.403970726612535,
        "err_oven_minus_cea_kwh_year": 7870.000000002328,
        "err_oven_vs_cea_ratio": 0.012589193516271559,
        "err_oven_vs_cea_pct_of_cea": 1.258919351627156,
        "err_oven_vs_cea_abs_pct_of_cea": 1.258919351627156
      },
      "geometry": {
        "type": "Polygon",
        "coordinates": [
          [
            [
              -9.1524952,
              38.77314760000001
            ],
            [
              -9.1524232,
              38.7733243
            ],
            [
              -9.152278,
              38.773288400000006
            ],
            [
              -9.1523039,
              38.7732247
            ],
            [
              -9.1522228,
              38.7732046
            ],
            [
              -9.1522688,
              38.77309160000001
            ],
            [
              -9.1524952,
              38.77314760000001
            ]
          ]
        ]
      }
    },
    {
      "type": "Feature",
      "properties": {
        "area_id": "Alta_Lisboa",
        "osm_uid": "cea/57",
        "osmid": "57",
        "element_type": "cea_zone",
        "building": "yes",
        "cea_name": "B1057",
        "intersection_area_m2": 1996.1700056317245,
        "is_residential": true,
        "residential_source": "cea",
        "radiation_sum_kwh_year": 5424386.1137500005,
        "radiation_sum": 5424386.1137500005,
        "radiation_point_count": 3293.0,
        "use_type1": "MULTI_RES",
        "use_type2": "NONE",
        "use_type3": "NONE",
        "resi_type": null,
        "comparison_status": "matched",
        "validation_radiation_kwh_year": 5424386.1137500005,
        "ucea_radiation_kwh_year": 3200045.879999998,
        "workflow0_radiation_kwh_year": 3201373.469999997,
        "validation_area_m2": 1996.1700056317245,
        "ucea_roofs_top_m2": 1984.81,
        "err_ucea_minus_validation_kwh_year": 2224340.2337500025,
        "err_ucea_abs_kwh_year": 2224340.2337500025,
        "err_ucea_pct_of_validation": 41.00630351721526,
        "err_ucea_area_minus_validation_m2": 11.360005631724562,
        "err_ucea_area_pct_of_validation": 0.5690900875013138,
        "err_workflow0_minus_validation_kwh_year": 2223012.6437500035,
        "err_workflow0_abs_kwh_year": 2223012.6437500035,
        "err_workflow0_pct_of_validation": 40.98182904264506,
        "err_oven_minus_cea_kwh_year": -1327.5899999989197,
        "err_oven_vs_cea_ratio": -0.0004146938844966817,
        "err_oven_vs_cea_pct_of_cea": -0.04146938844966817,
        "err_oven_vs_cea_abs_pct_of_cea": 0.04146938844966817
      },
      "geometry": {
        "type": "Polygon",
        "coordinates": [
          [
            [
              -9.1569944,
              38.77607119999999
            ],
            [
              -9.1570795,
              38.7763209
            ],
            [
              -9.1570876,
              38.776354600000005
            ],
            [
              -9.1570836,
              38.7763799
            ],
            [
              -9.1570687,
              38.77640420000001
            ],
            [
              -9.1570417,
              38.776419999999995
            ],
            [
              -9.1570092,
              38.776429500000006
            ],
            [
              -9.1569619,
              38.77643260000001
            ],
            [
              -9.156455,
              38.7764253
            ],
            [
              -9.1564592,
              38.7762502
            ],
            [
              -9.1564631,
              38.77608490000001
            ],
            [
              -9.1567753,
              38.77607690000001
            ],
            [
              -9.1569944,
              38.77607119999999
            ]
          ]
        ]
      }
    },
    {
      "type": "Feature",
      "properties": {
        "area_id": "Alta_Lisboa",
        "osm_uid": "cea/61",
        "osmid": "61",
        "element_type": "cea_zone",
        "building": "yes",
        "cea_name": "B1061",
        "intersection_area_m2": 124.26560305683645,
        "is_residential": true,
        "residential_source": "cea",
        "radiation_sum_kwh_year": 264982.38575,
        "radiation_sum": 264982.38575,
        "radiation_point_count": 206.0,
        "use_type1": "MULTI_RES",
        "use_type2": "NONE",
        "use_type3": "NONE",
        "resi_type": null,
        "comparison_status": "matched",
        "validation_radiation_kwh_year": 264982.38575,
        "ucea_radiation_kwh_year": 225095.98000000042,
        "workflow0_radiation_kwh_year": 209885.7900000009,
        "validation_area_m2": 124.26560305683645,
        "ucea_roofs_top_m2": 126.23,
        "err_ucea_minus_validation_kwh_year": 39886.4057499996,
        "err_ucea_abs_kwh_year": 39886.4057499996,
        "err_ucea_pct_of_validation": 15.052474388856465,
        "err_ucea_area_minus_validation_m2": 1.9643969431635497,
        "err_ucea_area_pct_of_validation": 1.5808050617716605,
        "err_workflow0_minus_validation_kwh_year": 55096.595749999105,
        "err_workflow0_abs_kwh_year": 55096.595749999105,
        "err_workflow0_pct_of_validation": 20.792550264824197,
        "err_oven_minus_cea_kwh_year": 15210.189999999508,
        "err_oven_vs_cea_ratio": 0.07246888891334398,
        "err_oven_vs_cea_pct_of_cea": 7.246888891334398,
        "err_oven_vs_cea_abs_pct_of_cea": 7.246888891334398
      },
      "geometry": {
        "type": "Polygon",
        "coordinates": [
          [
            [
              -9.1528986,
              38.77472310000001
            ],
            [
              -9.1528555,
              38.774751
            ],
            [
              -9.1527585,
              38.774660299999994
            ],
            [
              -9.1528424,
              38.7746058
            ],
            [
              -9.1529393,
              38.774696600000006
            ],
            [
              -9.1528986,
              38.77472310000001
            ]
          ]
        ]
      }
    },
    {
      "type": "Feature",
      "properties": {
        "area_id": "Alta_Lisboa",
        "osm_uid": "cea/62",
        "osmid": "62",
        "element_type": "cea_zone",
        "building": "yes",
        "cea_name": "B1062",
        "intersection_area_m2": 123.18186977450087,
        "is_residential": true,
        "residential_source": "cea",
        "radiation_sum_kwh_year": 277058.5811875,
        "radiation_sum": 277058.5811875,
        "radiation_point_count": 202.0,
        "use_type1": "MULTI_RES",
        "use_type2": "NONE",
        "use_type3": "NONE",
        "resi_type": null,
        "comparison_status": "matched",
        "validation_radiation_kwh_year": 277058.5811875,
        "ucea_radiation_kwh_year": 187695.16000000018,
        "workflow0_radiation_kwh_year": 186577.86000000045,
        "validation_area_m2": 123.18186977450087,
        "ucea_roofs_top_m2": 118.92,
        "err_ucea_minus_validation_kwh_year": 89363.4211874998,
        "err_ucea_abs_kwh_year": 89363.4211874998,
        "err_ucea_pct_of_validation": 32.254341592481815,
        "err_ucea_area_minus_validation_m2": 4.261869774500866,
        "err_ucea_area_pct_of_validation": 3.459819032056201,
        "err_workflow0_minus_validation_kwh_year": 90480.72118749953,
        "err_workflow0_abs_kwh_year": 90480.72118749953,
        "err_workflow0_pct_of_validation": 32.6576137074298,
        "err_oven_minus_cea_kwh_year": 1117.2999999997264,
        "err_oven_vs_cea_ratio": 0.005988384688299693,
        "err_oven_vs_cea_pct_of_cea": 0.5988384688299693,
        "err_oven_vs_cea_abs_pct_of_cea": 0.5988384688299693
      },
      "geometry": {
        "type": "Polygon",
        "coordinates": [
          [
            [
              -9.1529393,
              38.774696600000006
            ],
            [
              -9.1529835,
              38.7746679
            ],
            [
              -9.1530784,
              38.77475669999998
            ],
            [
              -9.152993500000001,
              38.7748119
            ],
            [
              -9.1528986,
              38.77472310000001
            ],
            [
              -9.1529393,
              38.774696600000006
            ]
          ]
        ]
      }
    },
    {
      "type": "Feature",
      "properties": {
        "area_id": "Alta_Lisboa",
        "osm_uid": "cea/63",
        "osmid": "63",
        "element_type": "cea_zone",
        "building": "yes",
        "cea_name": "B1063",
        "intersection_area_m2": 123.35449520521844,
        "is_residential": true,
        "residential_source": "cea",
        "radiation_sum_kwh_year": 279505.0353125,
        "radiation_sum": 279505.0353125,
        "radiation_point_count": 203.0,
        "use_type1": "MULTI_RES",
        "use_type2": "NONE",
        "use_type3": "NONE",
        "resi_type": null,
        "comparison_status": "matched",
        "validation_radiation_kwh_year": 279505.0353125,
        "ucea_radiation_kwh_year": 194853.31999999986,
        "workflow0_radiation_kwh_year": 204550.3600000006,
        "validation_area_m2": 123.35449520521844,
        "ucea_roofs_top_m2": 125.03,
        "err_ucea_minus_validation_kwh_year": 84651.71531250016,
        "err_ucea_abs_kwh_year": 84651.71531250016,
        "err_ucea_pct_of_validation": 30.28629348943767,
        "err_ucea_area_minus_validation_m2": 1.6755047947815598,
        "err_ucea_area_pct_of_validation": 1.3582843430181524,
        "err_workflow0_minus_validation_kwh_year": 74954.67531249943,
        "err_workflow0_abs_kwh_year": 74954.67531249943,
        "err_workflow0_pct_of_validation": 26.816932020096353,
        "err_oven_minus_cea_kwh_year": -9697.040000000736,
        "err_oven_vs_cea_ratio": -0.04740661419515814,
        "err_oven_vs_cea_pct_of_cea": -4.740661419515814,
        "err_oven_vs_cea_abs_pct_of_cea": 4.740661419515814
      },
      "geometry": {
        "type": "Polygon",
        "coordinates": [
          [
            [
              -9.152993500000001,
              38.7748119
            ],
            [
              -9.1530784,
              38.77475669999998
            ],
            [
              -9.1531735,
              38.77484559999999
            ],
            [
              -9.1530886,
              38.774900800000005
            ],
            [
              -9.152993500000001,
              38.7748119
            ]
          ]
        ]
      }
    },
    {
      "type": "Feature",
      "properties": {
        "area_id": "Alta_Lisboa",
        "osm_uid": "cea/64",
        "osmid": "64",
        "element_type": "cea_zone",
        "building": "yes",
        "cea_name": "B1064",
        "intersection_area_m2": 122.91209748219146,
        "is_residential": true,
        "residential_source": "cea",
        "radiation_sum_kwh_year": 247551.24514062502,
        "radiation_sum": 247551.24514062502,
        "radiation_point_count": 202.0,
        "use_type1": "MULTI_RES",
        "use_type2": "NONE",
        "use_type3": "NONE",
        "resi_type": null,
        "comparison_status": "matched",
        "validation_radiation_kwh_year": 247551.24514062502,
        "ucea_radiation_kwh_year": 205361.2900000006,
        "workflow0_radiation_kwh_year": 205060.4400000001,
        "validation_area_m2": 122.91209748219146,
        "ucea_roofs_top_m2": 122.91,
        "err_ucea_minus_validation_kwh_year": 42189.95514062443,
        "err_ucea_abs_kwh_year": 42189.95514062443,
        "err_ucea_pct_of_validation": 17.042917767049737,
        "err_ucea_area_minus_validation_m2": 0.002097482191459221,
        "err_ucea_area_pct_of_validation": 0.0017064896250453476,
        "err_workflow0_minus_validation_kwh_year": 42490.80514062493,
        "err_workflow0_abs_kwh_year": 42490.80514062493,
        "err_workflow0_pct_of_validation": 17.164448159607286,
        "err_oven_minus_cea_kwh_year": 300.8500000005006,
        "err_oven_vs_cea_ratio": 0.0014671284232126902,
        "err_oven_vs_cea_pct_of_cea": 0.14671284232126902,
        "err_oven_vs_cea_abs_pct_of_cea": 0.14671284232126902
      },
      "geometry": {
        "type": "Polygon",
        "coordinates": [
          [
            [
              -9.1531832,
              38.7749894
            ],
            [
              -9.1530886,
              38.774900800000005
            ],
            [
              -9.1531735,
              38.77484559999999
            ],
            [
              -9.1532682,
              38.774934200000004
            ],
            [
              -9.1531832,
              38.7749894
            ]
          ]
        ]
      }
    },
    {
      "type": "Feature",
      "properties": {
        "area_id": "Alta_Lisboa",
        "osm_uid": "cea/65",
        "osmid": "65",
        "element_type": "cea_zone",
        "building": "yes",
        "cea_name": "B1065",
        "intersection_area_m2": 121.72871093484056,
        "is_residential": true,
        "residential_source": "cea",
        "radiation_sum_kwh_year": 235608.508375,
        "radiation_sum": 235608.508375,
        "radiation_point_count": 201.0,
        "use_type1": "MULTI_RES",
        "use_type2": "NONE",
        "use_type3": "NONE",
        "resi_type": null,
        "comparison_status": "matched",
        "validation_radiation_kwh_year": 235608.508375,
        "ucea_radiation_kwh_year": 183193.42000000013,
        "workflow0_radiation_kwh_year": 180226.14000000025,
        "validation_area_m2": 121.72871093484056,
        "ucea_roofs_top_m2": 126.3,
        "err_ucea_minus_validation_kwh_year": 52415.088374999876,
        "err_ucea_abs_kwh_year": 52415.088374999876,
        "err_ucea_pct_of_validation": 22.24668741231314,
        "err_ucea_area_minus_validation_m2": 4.571289065159434,
        "err_ucea_area_pct_of_validation": 3.7553088585702445,
        "err_workflow0_minus_validation_kwh_year": 55382.36837499976,
        "err_workflow0_abs_kwh_year": 55382.36837499976,
        "err_workflow0_pct_of_validation": 23.506098636663786,
        "err_oven_minus_cea_kwh_year": 2967.2799999998824,
        "err_oven_vs_cea_ratio": 0.01646420436014375,
        "err_oven_vs_cea_pct_of_cea": 1.646420436014375,
        "err_oven_vs_cea_abs_pct_of_cea": 1.646420436014375
      },
      "geometry": {
        "type": "Polygon",
        "coordinates": [
          [
            [
              -9.1524374,
              38.77591969999999
            ],
            [
              -9.1523675,
              38.7758556
            ],
            [
              -9.152482,
              38.775779799999995
            ],
            [
              -9.1525518,
              38.77584379999999
            ],
            [
              -9.1524374,
              38.77591969999999
            ]
          ]
        ]
      }
    },
    {
      "type": "Feature",
      "properties": {
        "area_id": "Alta_Lisboa",
        "osm_uid": "cea/66",
        "osmid": "66",
        "element_type": "cea_zone",
        "building": "yes",
        "cea_name": "B1066",
        "intersection_area_m2": 120.87717554136132,
        "is_residential": true,
        "residential_source": "cea",
        "radiation_sum_kwh_year": 269707.395125,
        "radiation_sum": 269707.395125,
        "radiation_point_count": 198.0,
        "use_type1": "MULTI_RES",
        "use_type2": "NONE",
        "use_type3": "NONE",
        "resi_type": null,
        "comparison_status": "matched",
        "validation_radiation_kwh_year": 269707.395125,
        "ucea_radiation_kwh_year": 201729.69000000035,
        "workflow0_radiation_kwh_year": 195452.50999999986,
        "validation_area_m2": 120.87717554136132,
        "ucea_roofs_top_m2": 123.73,
        "err_ucea_minus_validation_kwh_year": 67977.70512499963,
        "err_ucea_abs_kwh_year": 67977.70512499963,
        "err_ucea_pct_of_validation": 25.20424220978232,
        "err_ucea_area_minus_validation_m2": 2.852824458638679,
        "err_ucea_area_pct_of_validation": 2.360101852034514,
        "err_workflow0_minus_validation_kwh_year": 74254.88512500012,
        "err_workflow0_abs_kwh_year": 74254.88512500012,
        "err_workflow0_pct_of_validation": 27.531645949339122,
        "err_oven_minus_cea_kwh_year": 6277.180000000488,
        "err_oven_vs_cea_ratio": 0.0321161391071442,
        "err_oven_vs_cea_pct_of_cea": 3.2116139107144197,
        "err_oven_vs_cea_abs_pct_of_cea": 3.2116139107144197
      },
      "geometry": {
        "type": "Polygon",
        "coordinates": [
          [
            [
              -9.1526655,
              38.7757684
            ],
            [
              -9.1525518,
              38.77584379999999
            ],
            [
              -9.152482,
              38.775779799999995
            ],
            [
              -9.1525956,
              38.77570440000001
            ],
            [
              -9.1526655,
              38.7757684
            ]
          ]
        ]
      }
    },
    {
      "type": "Feature",
      "properties": {
        "area_id": "Alta_Lisboa",
        "osm_uid": "cea/67",
        "osmid": "67",
        "element_type": "cea_zone",
        "building": "yes",
        "cea_name": "B1067",
        "intersection_area_m2": 120.0414937883839,
        "is_residential": true,
        "residential_source": "cea",
        "radiation_sum_kwh_year": 270018.56453125,
        "radiation_sum": 270018.56453125,
        "radiation_point_count": 197.0,
        "use_type1": "MULTI_RES",
        "use_type2": "NONE",
        "use_type3": "NONE",
        "resi_type": null,
        "comparison_status": "matched",
        "validation_radiation_kwh_year": 270018.56453125,
        "ucea_radiation_kwh_year": 205258.13999999987,
        "workflow0_radiation_kwh_year": 201231.05999999953,
        "validation_area_m2": 120.0414937883839,
        "ucea_roofs_top_m2": 122.33,
        "err_ucea_minus_validation_kwh_year": 64760.424531250115,
        "err_ucea_abs_kwh_year": 64760.424531250115,
        "err_ucea_pct_of_validation": 23.983693359630173,
        "err_ucea_area_minus_validation_m2": 2.2885062116160952,
        "err_ucea_area_pct_of_validation": 1.9064293015633467,
        "err_workflow0_minus_validation_kwh_year": 68787.50453125045,
        "err_workflow0_abs_kwh_year": 68787.50453125045,
        "err_workflow0_pct_of_validation": 25.475101925182443,
        "err_oven_minus_cea_kwh_year": 4027.0800000003364,
        "err_oven_vs_cea_ratio": 0.02001221878968558,
        "err_oven_vs_cea_pct_of_cea": 2.001221878968558,
        "err_oven_vs_cea_abs_pct_of_cea": 2.001221878968558
      },
      "geometry": {
        "type": "Polygon",
        "coordinates": [
          [
            [
              -9.1526655,
              38.7757684
            ],
            [
              -9.1525956,
              38.77570440000001
            ],
            [
              -9.1527086,
              38.7756296
            ],
            [
              -9.1527784,
              38.7756936
            ],
            [
              -9.1526655,
              38.7757684
            ]
          ]
        ]
      }
    },
    {
      "type": "Feature",
      "properties": {
        "area_id": "Alta_Lisboa",
        "osm_uid": "cea/68",
        "osmid": "68",
        "element_type": "cea_zone",
        "building": "yes",
        "cea_name": "B1068",
        "intersection_area_m2": 121.04616705044249,
        "is_residential": true,
        "residential_source": "cea",
        "radiation_sum_kwh_year": 276318.81809375,
        "radiation_sum": 276318.81809375,
        "radiation_point_count": 202.0,
        "use_type1": "MULTI_RES",
        "use_type2": "NONE",
        "use_type3": "NONE",
        "resi_type": null,
        "comparison_status": "matched",
        "validation_radiation_kwh_year": 276318.81809375,
        "ucea_radiation_kwh_year": 206609.0600000001,
        "workflow0_radiation_kwh_year": 196982.4899999998,
        "validation_area_m2": 121.04616705044249,
        "ucea_roofs_top_m2": 123.11,
        "err_ucea_minus_validation_kwh_year": 69709.75809374987,
        "err_ucea_abs_kwh_year": 69709.75809374987,
        "err_ucea_pct_of_validation": 25.228016888121825,
        "err_ucea_area_minus_validation_m2": 2.063832949557508,
        "err_ucea_area_pct_of_validation": 1.70499653136267,
        "err_workflow0_minus_validation_kwh_year": 79336.3280937502,
        "err_workflow0_abs_kwh_year": 79336.3280937502,
        "err_workflow0_pct_of_validation": 28.71188022628007,
        "err_oven_minus_cea_kwh_year": 9626.570000000327,
        "err_oven_vs_cea_ratio": 0.048870181303933856,
        "err_oven_vs_cea_pct_of_cea": 4.887018130393385,
        "err_oven_vs_cea_abs_pct_of_cea": 4.887018130393385
      },
      "geometry": {
        "type": "Polygon",
        "coordinates": [
          [
            [
              -9.1528923,
              38.775618099999996
            ],
            [
              -9.1527784,
              38.7756936
            ],
            [
              -9.1527086,
              38.7756296
            ],
            [
              -9.1528224,
              38.7755541
            ],
            [
              -9.1528599,
              38.7755885
            ],
            [
              -9.1528923,
              38.775618099999996
            ]
          ]
        ]
      }
    },
    {
      "type": "Feature",
      "properties": {
        "area_id": "Alta_Lisboa",
        "osm_uid": "cea/69",
        "osmid": "69",
        "element_type": "cea_zone",
        "building": "yes",
        "cea_name": "B1069",
        "intersection_area_m2": 125.47070361249024,
        "is_residential": true,
        "residential_source": "cea",
        "radiation_sum_kwh_year": 275909.47353125,
        "radiation_sum": 275909.47353125,
        "radiation_point_count": 206.0,
        "use_type1": "MULTI_RES",
        "use_type2": "NONE",
        "use_type3": "NONE",
        "resi_type": null,
        "comparison_status": "matched",
        "validation_radiation_kwh_year": 275909.47353125,
        "ucea_radiation_kwh_year": 216368.73999999883,
        "workflow0_radiation_kwh_year": 212705.16999999955,
        "validation_area_m2": 125.47070361249024,
        "ucea_roofs_top_m2": 127.39,
        "err_ucea_minus_validation_kwh_year": 59540.7335312512,
        "err_ucea_abs_kwh_year": 59540.7335312512,
        "err_ucea_pct_of_validation": 21.579807597475448,
        "err_ucea_area_minus_validation_m2": 1.9192963875097604,
        "err_ucea_area_pct_of_validation": 1.5296769144113576,
        "err_workflow0_minus_validation_kwh_year": 63204.30353125048,
        "err_workflow0_abs_kwh_year": 63204.30353125048,
        "err_workflow0_pct_of_validation": 22.907623548523006,
        "err_oven_minus_cea_kwh_year": 3663.5699999992794,
        "err_oven_vs_cea_ratio": 0.017223699828261285,
        "err_oven_vs_cea_pct_of_cea": 1.7223699828261285,
        "err_oven_vs_cea_abs_pct_of_cea": 1.7223699828261285
      },
      "geometry": {
        "type": "Polygon",
        "coordinates": [
          [
            [
              -9.1529743,
              38.7755126
            ],
            [
              -9.1528599,
              38.7755885
            ],
            [
              -9.1528224,
              38.7755541
            ],
            [
              -9.1527879,
              38.77552239999999
            ],
            [
              -9.1529023,
              38.775446599999995
            ],
            [
              -9.1529388,
              38.7754801
            ],
            [
              -9.1529743,
              38.7755126
            ]
          ]
        ]
      }
    },
    {
      "type": "Feature",
      "properties": {
        "area_id": "Alta_Lisboa",
        "osm_uid": "cea/70",
        "osmid": "70",
        "element_type": "cea_zone",
        "building": "yes",
        "cea_name": "B1070",
        "intersection_area_m2": 116.75256223313664,
        "is_residential": true,
        "residential_source": "cea",
        "radiation_sum_kwh_year": 279143.835625,
        "radiation_sum": 279143.835625,
        "radiation_point_count": 193.0,
        "use_type1": "MULTI_RES",
        "use_type2": "NONE",
        "use_type3": "NONE",
        "resi_type": null,
        "comparison_status": "matched",
        "validation_radiation_kwh_year": 279143.835625,
        "ucea_radiation_kwh_year": 201636.1499999996,
        "workflow0_radiation_kwh_year": 191503.72000000023,
        "validation_area_m2": 116.75256223313664,
        "ucea_roofs_top_m2": 118.52,
        "err_ucea_minus_validation_kwh_year": 77507.68562500042,
        "err_ucea_abs_kwh_year": 77507.68562500042,
        "err_ucea_pct_of_validation": 27.76621788959142,
        "err_ucea_area_minus_validation_m2": 1.7674377668633525,
        "err_ucea_area_pct_of_validation": 1.513832101889169,
        "err_workflow0_minus_validation_kwh_year": 87640.11562499977,
        "err_workflow0_abs_kwh_year": 87640.11562499977,
        "err_workflow0_pct_of_validation": 31.3960419110723,
        "err_oven_minus_cea_kwh_year": 10132.429999999353,
        "err_oven_vs_cea_ratio": 0.05290983381419087,
        "err_oven_vs_cea_pct_of_cea": 5.290983381419087,
        "err_oven_vs_cea_abs_pct_of_cea": 5.290983381419087
      },
      "geometry": {
        "type": "Polygon",
        "coordinates": [
          [
            [
              -9.1530513,
              38.775405500000005
            ],
            [
              -9.1529388,
              38.7754801
            ],
            [
              -9.1529023,
              38.775446599999995
            ],
            [
              -9.1528707,
              38.775417600000004
            ],
            [
              -9.1529831,
              38.77534300000001
            ],
            [
              -9.1530201,
              38.77537689999999
            ],
            [
              -9.1530513,
              38.775405500000005
            ]
          ]
        ]
      }
    },
    {
      "type": "Feature",
      "properties": {
        "area_id": "Alta_Lisboa",
        "osm_uid": "cea/71",
        "osmid": "71",
        "element_type": "cea_zone",
        "building": "yes",
        "cea_name": "B1071",
        "intersection_area_m2": 124.10312756987287,
        "is_residential": true,
        "residential_source": "cea",
        "radiation_sum_kwh_year": 291034.884875,
        "radiation_sum": 291034.884875,
        "radiation_point_count": 205.0,
        "use_type1": "MULTI_RES",
        "use_type2": "NONE",
        "use_type3": "NONE",
        "resi_type": null,
        "comparison_status": "matched",
        "validation_radiation_kwh_year": 291034.884875,
        "ucea_radiation_kwh_year": 214090.04999999984,
        "workflow0_radiation_kwh_year": 204540.21000000063,
        "validation_area_m2": 124.10312756987287,
        "ucea_roofs_top_m2": 126.07,
        "err_ucea_minus_validation_kwh_year": 76944.83487500015,
        "err_ucea_abs_kwh_year": 76944.83487500015,
        "err_ucea_pct_of_validation": 26.43835460070297,
        "err_ucea_area_minus_validation_m2": 1.9668724301271254,
        "err_ucea_area_pct_of_validation": 1.584869349098178,
        "err_workflow0_minus_validation_kwh_year": 86494.67487499936,
        "err_workflow0_abs_kwh_year": 86494.67487499936,
        "err_workflow0_pct_of_validation": 29.719693194906505,
        "err_oven_minus_cea_kwh_year": 9549.83999999921,
        "err_oven_vs_cea_ratio": 0.04668930378041159,
        "err_oven_vs_cea_pct_of_cea": 4.668930378041159,
        "err_oven_vs_cea_abs_pct_of_cea": 4.668930378041159
      },
      "geometry": {
        "type": "Polygon",
        "coordinates": [
          [
            [
              -9.1531341,
              38.77530139999998
            ],
            [
              -9.1530201,
              38.77537689999999
            ],
            [
              -9.1529831,
              38.77534300000001
            ],
            [
              -9.1529486,
              38.77531139999999
            ],
            [
              -9.1530626,
              38.77523579999999
            ],
            [
              -9.153101200000002,
              38.7752712
            ],
            [
              -9.1531341,
              38.77530139999998
            ]
          ]
        ]
      }
    },
    {
      "type": "Feature",
      "properties": {
        "area_id": "Alta_Lisboa",
        "osm_uid": "cea/72",
        "osmid": "72",
        "element_type": "cea_zone",
        "building": "yes",
        "cea_name": "B1072",
        "intersection_area_m2": 130.9085264508188,
        "is_residential": true,
        "residential_source": "cea",
        "radiation_sum_kwh_year": 292941.29778125003,
        "radiation_sum": 292941.29778125003,
        "radiation_point_count": 214.0,
        "use_type1": "MULTI_RES",
        "use_type2": "NONE",
        "use_type3": "NONE",
        "resi_type": null,
        "comparison_status": "matched",
        "validation_radiation_kwh_year": 292941.29778125003,
        "ucea_radiation_kwh_year": 224158.8599999998,
        "workflow0_radiation_kwh_year": 222105.34000000014,
        "validation_area_m2": 130.9085264508188,
        "ucea_roofs_top_m2": 132.74,
        "err_ucea_minus_validation_kwh_year": 68782.43778125022,
        "err_ucea_abs_kwh_year": 68782.43778125022,
        "err_ucea_pct_of_validation": 23.479938916844898,
        "err_ucea_area_minus_validation_m2": 1.8314735491811973,
        "err_ucea_area_pct_of_validation": 1.3990483269775906,
        "err_workflow0_minus_validation_kwh_year": 70835.95778124989,
        "err_workflow0_abs_kwh_year": 70835.95778124989,
        "err_workflow0_pct_of_validation": 24.18093942976442,
        "err_oven_minus_cea_kwh_year": 2053.5199999996694,
        "err_oven_vs_cea_ratio": 0.009245702962385633,
        "err_oven_vs_cea_pct_of_cea": 0.9245702962385632,
        "err_oven_vs_cea_abs_pct_of_cea": 0.9245702962385632
      },
      "geometry": {
        "type": "Polygon",
        "coordinates": [
          [
            [
              -9.1532159,
              38.7751952
            ],
            [
              -9.153101200000002,
              38.7752712
            ],
            [
              -9.1530626,
              38.77523579999999
            ],
            [
              -9.1530263,
              38.77520249999999
            ],
            [
              -9.153141,
              38.77512639999999
            ],
            [
              -9.1531831,
              38.775165099999995
            ],
            [
              -9.1532159,
              38.7751952
            ]
          ]
        ]
      }
    },
    {
      "type": "Feature",
      "properties": {
        "area_id": "Alta_Lisboa",
        "osm_uid": "cea/73",
        "osmid": "73",
        "element_type": "cea_zone",
        "building": "yes",
        "cea_name": "B1073",
        "intersection_area_m2": 118.41081365152584,
        "is_residential": true,
        "residential_source": "cea",
        "radiation_sum_kwh_year": 281187.1920625,
        "radiation_sum": 281187.1920625,
        "radiation_point_count": 195.0,
        "use_type1": "MULTI_RES",
        "use_type2": "NONE",
        "use_type3": "NONE",
        "resi_type": null,
        "comparison_status": "matched",
        "validation_radiation_kwh_year": 281187.1920625,
        "ucea_radiation_kwh_year": 204871.91999999934,
        "workflow0_radiation_kwh_year": 194845.4799999999,
        "validation_area_m2": 118.41081365152584,
        "ucea_roofs_top_m2": 121.1,
        "err_ucea_minus_validation_kwh_year": 76315.27206250065,
        "err_ucea_abs_kwh_year": 76315.27206250065,
        "err_ucea_pct_of_validation": 27.140379866782094,
        "err_ucea_area_minus_validation_m2": 2.689186348474152,
        "err_ucea_area_pct_of_validation": 2.2710648339840196,
        "err_workflow0_minus_validation_kwh_year": 86341.7120625001,
        "err_workflow0_abs_kwh_year": 86341.7120625001,
        "err_workflow0_pct_of_validation": 30.706132604826742,
        "err_oven_minus_cea_kwh_year": 10026.43999999945,
        "err_oven_vs_cea_ratio": 0.05145841720320869,
        "err_oven_vs_cea_pct_of_cea": 5.1458417203208695,
        "err_oven_vs_cea_abs_pct_of_cea": 5.1458417203208695
      },
      "geometry": {
        "type": "Polygon",
        "coordinates": [
          [
            [
              -9.1531831,
              38.775165099999995
            ],
            [
              -9.153141,
              38.77512639999999
            ],
            [
              -9.153112000000002,
              38.775099899999994
            ],
            [
              -9.1532214,
              38.7750274
            ],
            [
              -9.1532925,
              38.7750926
            ],
            [
              -9.1531831,
              38.775165099999995
            ]
          ]
        ]
      }
    },
    {
      "type": "Feature",
      "properties": {
        "area_id": "Alta_Lisboa",
        "osm_uid": "cea/74",
        "osmid": "74",
        "element_type": "cea_zone",
        "building": "yes",
        "cea_name": "B1074",
        "intersection_area_m2": 112.27774131099156,
        "is_residential": true,
        "residential_source": "cea",
        "radiation_sum_kwh_year": 215944.514375,
        "radiation_sum": 215944.514375,
        "radiation_point_count": 185.0,
        "use_type1": "MULTI_RES",
        "use_type2": "NONE",
        "use_type3": "NONE",
        "resi_type": null,
        "comparison_status": "matched",
        "validation_radiation_kwh_year": 215944.514375,
        "ucea_radiation_kwh_year": 176128.15000000055,
        "workflow0_radiation_kwh_year": 193873.80000000002,
        "validation_area_m2": 112.27774131099156,
        "ucea_roofs_top_m2": 113.84,
        "err_ucea_minus_validation_kwh_year": 39816.36437499945,
        "err_ucea_abs_kwh_year": 39816.36437499945,
        "err_ucea_pct_of_validation": 18.438238401303426,
        "err_ucea_area_minus_validation_m2": 1.562258689008445,
        "err_ucea_area_pct_of_validation": 1.3914233317904356,
        "err_workflow0_minus_validation_kwh_year": 22070.71437499998,
        "err_workflow0_abs_kwh_year": 22070.71437499998,
        "err_workflow0_pct_of_validation": 10.220548754793986,
        "err_oven_minus_cea_kwh_year": -17745.64999999947,
        "err_oven_vs_cea_ratio": -0.09153196563950089,
        "err_oven_vs_cea_pct_of_cea": -9.15319656395009,
        "err_oven_vs_cea_abs_pct_of_cea": 9.15319656395009
      },
      "geometry": {
        "type": "Polygon",
        "coordinates": [
          [
            [
              -9.1529176,
              38.776403300000005
            ],
            [
              -9.1529116,
              38.77646339999999
            ],
            [
              -9.1527192,
              38.77645170000001
            ],
            [
              -9.1527252,
              38.776391499999995
            ],
            [
              -9.1527841,
              38.776395099999995
            ],
            [
              -9.1528371,
              38.776398300000004
            ],
            [
              -9.1529176,
              38.776403300000005
            ]
          ]
        ]
      }
    },
    {
      "type": "Feature",
      "properties": {
        "area_id": "Alta_Lisboa",
        "osm_uid": "cea/75",
        "osmid": "75",
        "element_type": "cea_zone",
        "building": "yes",
        "cea_name": "B1075",
        "intersection_area_m2": 57.314386881618,
        "is_residential": true,
        "residential_source": "cea",
        "radiation_sum_kwh_year": 135464.283875,
        "radiation_sum": 135464.283875,
        "radiation_point_count": 97.0,
        "use_type1": "MULTI_RES",
        "use_type2": "NONE",
        "use_type3": "NONE",
        "resi_type": null,
        "comparison_status": "matched",
        "validation_radiation_kwh_year": 135464.283875,
        "ucea_radiation_kwh_year": 98216.92000000023,
        "workflow0_radiation_kwh_year": 98310.66000000006,
        "validation_area_m2": 57.314386881618,
        "ucea_roofs_top_m2": 56.91,
        "err_ucea_minus_validation_kwh_year": 37247.36387499976,
        "err_ucea_abs_kwh_year": 37247.36387499976,
        "err_ucea_pct_of_validation": 27.496077054059402,
        "err_ucea_area_minus_validation_m2": 0.4043868816180023,
        "err_ucea_area_pct_of_validation": 0.7055591163406446,
        "err_workflow0_minus_validation_kwh_year": 37153.62387499993,
        "err_workflow0_abs_kwh_year": 37153.62387499993,
        "err_workflow0_pct_of_validation": 27.42687800223676,
        "err_oven_minus_cea_kwh_year": -93.73999999983062,
        "err_oven_vs_cea_ratio": -0.000953507991908818,
        "err_oven_vs_cea_pct_of_cea": -0.0953507991908818,
        "err_oven_vs_cea_abs_pct_of_cea": 0.0953507991908818
      },
      "geometry": {
        "type": "Polygon",
        "coordinates": [
          [
            [
              -9.1528415,
              38.7763549
            ],
            [
              -9.1528371,
              38.776398300000004
            ],
            [
              -9.1527841,
              38.776395099999995
            ],
            [
              -9.1527932,
              38.776304800000005
            ],
            [
              -9.1528702,
              38.776309499999996
            ],
            [
              -9.1528655,
              38.776356299999996
            ],
            [
              -9.1528415,
              38.7763549
            ]
          ]
        ]
      }
    },
    {
      "type": "Feature",
      "properties": {
        "area_id": "Alta_Lisboa",
        "osm_uid": "cea/76",
        "osmid": "76",
        "element_type": "cea_zone",
        "building": "yes",
        "cea_name": "B1076",
        "intersection_area_m2": 110.62788457108744,
        "is_residential": true,
        "residential_source": "cea",
        "radiation_sum_kwh_year": 253369.3274375,
        "radiation_sum": 253369.3274375,
        "radiation_point_count": 182.0,
        "use_type1": "MULTI_RES",
        "use_type2": "NONE",
        "use_type3": "NONE",
        "resi_type": null,
        "comparison_status": "matched",
        "validation_radiation_kwh_year": 253369.3274375,
        "ucea_radiation_kwh_year": 191814.4800000007,
        "workflow0_radiation_kwh_year": 191308.27999999974,
        "validation_area_m2": 110.62788457108744,
        "ucea_roofs_top_m2": 112.31,
        "err_ucea_minus_validation_kwh_year": 61554.847437499295,
        "err_ucea_abs_kwh_year": 61554.847437499295,
        "err_ucea_pct_of_validation": 24.294514280811423,
        "err_ucea_area_minus_validation_m2": 1.6821154289125673,
        "err_ucea_area_pct_of_validation": 1.5205166721159447,
        "err_workflow0_minus_validation_kwh_year": 62061.04743750027,
        "err_workflow0_abs_kwh_year": 62061.04743750027,
        "err_workflow0_pct_of_validation": 24.49430168409363,
        "err_oven_minus_cea_kwh_year": 506.20000000097207,
        "err_oven_vs_cea_ratio": 0.002645991067406872,
        "err_oven_vs_cea_pct_of_cea": 0.2645991067406872,
        "err_oven_vs_cea_abs_pct_of_cea": 0.2645991067406872
      },
      "geometry": {
        "type": "Polygon",
        "coordinates": [
          [
            [
              -9.1528702,
              38.776309499999996
            ],
            [
              -9.1527932,
              38.776304800000005
            ],
            [
              -9.1528081,
              38.776156699999994
            ],
            [
              -9.1528851,
              38.77616139999999
            ],
            [
              -9.1528804,
              38.77620850000001
            ],
            [
              -9.1528764,
              38.7762482
            ],
            [
              -9.1528702,
              38.776309499999996
            ]
          ]
        ]
      }
    },
    {
      "type": "Feature",
      "properties": {
        "area_id": "Alta_Lisboa",
        "osm_uid": "cea/77",
        "osmid": "77",
        "element_type": "cea_zone",
        "building": "yes",
        "cea_name": "B1077",
        "intersection_area_m2": 58.5967501938149,
        "is_residential": true,
        "residential_source": "cea",
        "radiation_sum_kwh_year": 119194.47425,
        "radiation_sum": 119194.47425,
        "radiation_point_count": 100.0,
        "use_type1": "MULTI_RES",
        "use_type2": "NONE",
        "use_type3": "NONE",
        "resi_type": null,
        "comparison_status": "matched",
        "validation_radiation_kwh_year": 119194.47425,
        "ucea_radiation_kwh_year": 103521.44999999987,
        "workflow0_radiation_kwh_year": 100198.83000000006,
        "validation_area_m2": 58.5967501938149,
        "ucea_roofs_top_m2": 59.74,
        "err_ucea_minus_validation_kwh_year": 15673.024250000133,
        "err_ucea_abs_kwh_year": 15673.024250000133,
        "err_ucea_pct_of_validation": 13.149119830108344,
        "err_ucea_area_minus_validation_m2": 1.1432498061851035,
        "err_ucea_area_pct_of_validation": 1.9510464358581063,
        "err_workflow0_minus_validation_kwh_year": 18995.64424999994,
        "err_workflow0_abs_kwh_year": 18995.64424999994,
        "err_workflow0_pct_of_validation": 15.936681938928002,
        "err_oven_minus_cea_kwh_year": 3322.619999999806,
        "err_oven_vs_cea_ratio": 0.033160267440246596,
        "err_oven_vs_cea_pct_of_cea": 3.3160267440246596,
        "err_oven_vs_cea_abs_pct_of_cea": 3.3160267440246596
      },
      "geometry": {
        "type": "Polygon",
        "coordinates": [
          [
            [
              -9.1529303,
              38.776274900000004
            ],
            [
              -9.1529326,
              38.77625170000001
            ],
            [
              -9.1528764,
              38.7762482
            ],
            [
              -9.1528804,
              38.77620850000001
            ],
            [
              -9.1529971,
              38.7762156
            ],
            [
              -9.1529907,
              38.776278600000005
            ],
            [
              -9.1529303,
              38.776274900000004
            ]
          ]
        ]
      }
    },
    {
      "type": "Feature",
      "properties": {
        "area_id": "Alta_Lisboa",
        "osm_uid": "cea/78",
        "osmid": "78",
        "element_type": "cea_zone",
        "building": "yes",
        "cea_name": "B1078",
        "intersection_area_m2": 119.07112961905189,
        "is_residential": true,
        "residential_source": "cea",
        "radiation_sum_kwh_year": 267140.7060625,
        "radiation_sum": 267140.7060625,
        "radiation_point_count": 198.0,
        "use_type1": "MULTI_RES",
        "use_type2": "NONE",
        "use_type3": "NONE",
        "resi_type": null,
        "comparison_status": "matched",
        "validation_radiation_kwh_year": 267140.7060625,
        "ucea_radiation_kwh_year": 205241.84999999934,
        "workflow0_radiation_kwh_year": 201652.92000000027,
        "validation_area_m2": 119.07112961905189,
        "ucea_roofs_top_m2": 122.07,
        "err_ucea_minus_validation_kwh_year": 61898.85606250068,
        "err_ucea_abs_kwh_year": 61898.85606250068,
        "err_ucea_pct_of_validation": 23.170881358687012,
        "err_ucea_area_minus_validation_m2": 2.998870380948105,
        "err_ucea_area_pct_of_validation": 2.5185537338416863,
        "err_workflow0_minus_validation_kwh_year": 65487.78606249974,
        "err_workflow0_abs_kwh_year": 65487.78606249974,
        "err_workflow0_pct_of_validation": 24.514341909083026,
        "err_oven_minus_cea_kwh_year": 3588.9299999990617,
        "err_oven_vs_cea_ratio": 0.017797560283278103,
        "err_oven_vs_cea_pct_of_cea": 1.7797560283278102,
        "err_oven_vs_cea_abs_pct_of_cea": 1.7797560283278102
      },
      "geometry": {
        "type": "Polygon",
        "coordinates": [
          [
            [
              -9.1531856,
              38.77629049999999
            ],
            [
              -9.1529907,
              38.776278600000005
            ],
            [
              -9.1529971,
              38.7762156
            ],
            [
              -9.1530578,
              38.776219299999994
            ],
            [
              -9.1531104,
              38.776222499999996
            ],
            [
              -9.1531919,
              38.77622749999998
            ],
            [
              -9.1531856,
              38.77629049999999
            ]
          ]
        ]
      }
    },
    {
      "type": "Feature",
      "properties": {
        "area_id": "Alta_Lisboa",
        "osm_uid": "cea/79",
        "osmid": "79",
        "element_type": "cea_zone",
        "building": "yes",
        "cea_name": "B1079",
        "intersection_area_m2": 168.56033444445646,
        "is_residential": true,
        "residential_source": "cea",
        "radiation_sum_kwh_year": 361110.8783125,
        "radiation_sum": 361110.8783125,
        "radiation_point_count": 276.0,
        "use_type1": "MULTI_RES",
        "use_type2": "NONE",
        "use_type3": "NONE",
        "resi_type": null,
        "comparison_status": "matched",
        "validation_radiation_kwh_year": 361110.8783125,
        "ucea_radiation_kwh_year": 293516.919999999,
        "workflow0_radiation_kwh_year": 260009.5299999995,
        "validation_area_m2": 168.56033444445646,
        "ucea_roofs_top_m2": 173.03,
        "err_ucea_minus_validation_kwh_year": 67593.95831250102,
        "err_ucea_abs_kwh_year": 67593.95831250102,
        "err_ucea_pct_of_validation": 18.718338984517164,
        "err_ucea_area_minus_validation_m2": 4.469665555543543,
        "err_ucea_area_pct_of_validation": 2.651671029411949,
        "err_workflow0_minus_validation_kwh_year": 101101.34831250052,
        "err_workflow0_abs_kwh_year": 101101.34831250052,
        "err_workflow0_pct_of_validation": 27.997314504884258,
        "err_oven_minus_cea_kwh_year": 33507.38999999949,
        "err_oven_vs_cea_ratio": 0.12886985334729675,
        "err_oven_vs_cea_pct_of_cea": 12.886985334729676,
        "err_oven_vs_cea_abs_pct_of_cea": 12.886985334729676
      },
      "geometry": {
        "type": "Polygon",
        "coordinates": [
          [
            [
              -9.153139,
              38.7761807
            ],
            [
              -9.1531148,
              38.776179199999994
            ],
            [
              -9.1531104,
              38.776222499999996
            ],
            [
              -9.1530578,
              38.776219299999994
            ],
            [
              -9.1530819,
              38.7759794
            ],
            [
              -9.1531587,
              38.775984099999995
            ],
            [
              -9.1531538,
              38.7760331
            ],
            [
              -9.1531499,
              38.77607170000001
            ],
            [
              -9.153139,
              38.7761807
            ]
          ]
        ]
      }
    },
    {
      "type": "Feature",
      "properties": {
        "area_id": "Alta_Lisboa",
        "osm_uid": "cea/80",
        "osmid": "80",
        "element_type": "cea_zone",
        "building": "yes",
        "cea_name": "B1080",
        "intersection_area_m2": 56.743204455406456,
        "is_residential": true,
        "residential_source": "cea",
        "radiation_sum_kwh_year": 111803.671671875,
        "radiation_sum": 111803.671671875,
        "radiation_point_count": 93.0,
        "use_type1": "MULTI_RES",
        "use_type2": "NONE",
        "use_type3": "NONE",
        "resi_type": null,
        "comparison_status": "matched",
        "validation_radiation_kwh_year": 111803.671671875,
        "ucea_radiation_kwh_year": 100718.25,
        "workflow0_radiation_kwh_year": 97126.8999999999,
        "validation_area_m2": 56.743204455406456,
        "ucea_roofs_top_m2": 57.36,
        "err_ucea_minus_validation_kwh_year": 11085.421671874996,
        "err_ucea_abs_kwh_year": 11085.421671874996,
        "err_ucea_pct_of_validation": 9.91507837453572,
        "err_ucea_area_minus_validation_m2": 0.6167955445935434,
        "err_ucea_area_pct_of_validation": 1.0869945582263913,
        "err_workflow0_minus_validation_kwh_year": 14676.771671875089,
        "err_workflow0_abs_kwh_year": 14676.771671875089,
        "err_workflow0_pct_of_validation": 13.127271629279717,
        "err_oven_minus_cea_kwh_year": 3591.350000000093,
        "err_oven_vs_cea_ratio": 0.036975853239422825,
        "err_oven_vs_cea_pct_of_cea": 3.6975853239422825,
        "err_oven_vs_cea_abs_pct_of_cea": 3.6975853239422825
      },
      "geometry": {
        "type": "Polygon",
        "coordinates": [
          [
            [
              -9.153206,
              38.7760962
            ],
            [
              -9.1532081,
              38.77607520000001
            ],
            [
              -9.1531499,
              38.77607170000001
            ],
            [
              -9.1531538,
              38.7760331
            ],
            [
              -9.1532725,
              38.776040300000005
            ],
            [
              -9.1532665,
              38.7760999
            ],
            [
              -9.153206,
              38.7760962
            ]
          ]
        ]
      }
    },
    {
      "type": "Feature",
      "properties": {
        "area_id": "Alta_Lisboa",
        "osm_uid": "cea/81",
        "osmid": "81",
        "element_type": "cea_zone",
        "building": "yes",
        "cea_name": "B1081",
        "intersection_area_m2": 55.444514960964774,
        "is_residential": true,
        "residential_source": "cea",
        "radiation_sum_kwh_year": 103219.02082812501,
        "radiation_sum": 103219.02082812501,
        "radiation_point_count": 91.0,
        "use_type1": "MULTI_RES",
        "use_type2": "NONE",
        "use_type3": "NONE",
        "resi_type": null,
        "comparison_status": "matched",
        "validation_radiation_kwh_year": 103219.02082812501,
        "ucea_radiation_kwh_year": 95509.22000000013,
        "workflow0_radiation_kwh_year": 96042.63999999984,
        "validation_area_m2": 55.444514960964774,
        "ucea_roofs_top_m2": 55.44,
        "err_ucea_minus_validation_kwh_year": 7709.800828124877,
        "err_ucea_abs_kwh_year": 7709.800828124877,
        "err_ucea_pct_of_validation": 7.46936055609638,
        "err_ucea_area_minus_validation_m2": 0.004514960964776549,
        "err_ucea_area_pct_of_validation": 0.008143205812072245,
        "err_workflow0_minus_validation_kwh_year": 7176.3808281251695,
        "err_workflow0_abs_kwh_year": 7176.3808281251695,
        "err_workflow0_pct_of_validation": 6.952575959885252,
        "err_oven_minus_cea_kwh_year": -533.4199999997072,
        "err_oven_vs_cea_ratio": -0.005553991435467706,
        "err_oven_vs_cea_pct_of_cea": -0.5553991435467706,
        "err_oven_vs_cea_abs_pct_of_cea": 0.5553991435467706
      },
      "geometry": {
        "type": "Polygon",
        "coordinates": [
          [
            [
              -9.1534779,
              38.77593220000001
            ],
            [
              -9.1534801,
              38.775909999999996
            ],
            [
              -9.1534227,
              38.7759065
            ],
            [
              -9.1534265,
              38.775869199999995
            ],
            [
              -9.1535439,
              38.77587629999999
            ],
            [
              -9.1535379,
              38.77593590000001
            ],
            [
              -9.1534779,
              38.77593220000001
            ]
          ]
        ]
      }
    },
    {
      "type": "Feature",
      "properties": {
        "area_id": "Alta_Lisboa",
        "osm_uid": "cea/82",
        "osmid": "82",
        "element_type": "cea_zone",
        "building": "yes",
        "cea_name": "B1082",
        "intersection_area_m2": 168.7324221607141,
        "is_residential": true,
        "residential_source": "cea",
        "radiation_sum_kwh_year": 380573.5991171875,
        "radiation_sum": 380573.5991171875,
        "radiation_point_count": 281.0,
        "use_type1": "MULTI_RES",
        "use_type2": "NONE",
        "use_type3": "NONE",
        "resi_type": null,
        "comparison_status": "matched",
        "validation_radiation_kwh_year": 380573.5991171875,
        "ucea_radiation_kwh_year": 280203.1399999998,
        "workflow0_radiation_kwh_year": 288563.15000000043,
        "validation_area_m2": 168.7324221607141,
        "ucea_roofs_top_m2": 171.66,
        "err_ucea_minus_validation_kwh_year": 100370.45911718771,
        "err_ucea_abs_kwh_year": 100370.45911718771,
        "err_ucea_pct_of_validation": 26.373468719326826,
        "err_ucea_area_minus_validation_m2": 2.9275778392859024,
        "err_ucea_area_pct_of_validation": 1.735041672368957,
        "err_workflow0_minus_validation_kwh_year": 92010.44911718706,
        "err_workflow0_abs_kwh_year": 92010.44911718706,
        "err_workflow0_pct_of_validation": 24.176781923555055,
        "err_oven_minus_cea_kwh_year": -8360.01000000065,
        "err_oven_vs_cea_ratio": -0.028971162811331375,
        "err_oven_vs_cea_pct_of_cea": -2.8971162811331377,
        "err_oven_vs_cea_abs_pct_of_cea": 2.8971162811331377
      },
      "geometry": {
        "type": "Polygon",
        "coordinates": [
          [
            [
              -9.1536799,
              38.77588459999999
            ],
            [
              -9.153736,
              38.775888
            ],
            [
              -9.1537301,
              38.775947599999995
            ],
            [
              -9.1535379,
              38.77593590000001
            ],
            [
              -9.1535439,
              38.77587629999999
            ],
            [
              -9.1536041,
              38.77588
            ],
            [
              -9.153612,
              38.7758015
            ],
            [
              -9.1536878,
              38.77580609999999
            ],
            [
              -9.1536799,
              38.77588459999999
            ]
          ]
        ]
      }
    },
    {
      "type": "Feature",
      "properties": {
        "area_id": "Alta_Lisboa",
        "osm_uid": "cea/83",
        "osmid": "83",
        "element_type": "cea_zone",
        "building": "yes",
        "cea_name": "B1083",
        "intersection_area_m2": 168.60523585324364,
        "is_residential": true,
        "residential_source": "cea",
        "radiation_sum_kwh_year": 376216.25653125,
        "radiation_sum": 376216.25653125,
        "radiation_point_count": 278.0,
        "use_type1": "MULTI_RES",
        "use_type2": "NONE",
        "use_type3": "NONE",
        "resi_type": null,
        "comparison_status": "matched",
        "validation_radiation_kwh_year": 376216.25653125,
        "ucea_radiation_kwh_year": 292049.4700000001,
        "workflow0_radiation_kwh_year": 291761.80999999976,
        "validation_area_m2": 168.60523585324364,
        "ucea_roofs_top_m2": 168.61,
        "err_ucea_minus_validation_kwh_year": 84166.78653124993,
        "err_ucea_abs_kwh_year": 84166.78653124993,
        "err_ucea_pct_of_validation": 22.37191643638044,
        "err_ucea_area_minus_validation_m2": 0.004764146756372156,
        "err_ucea_area_pct_of_validation": 0.002825622070550013,
        "err_workflow0_minus_validation_kwh_year": 84454.44653125026,
        "err_workflow0_abs_kwh_year": 84454.44653125026,
        "err_workflow0_pct_of_validation": 22.448377778761706,
        "err_oven_minus_cea_kwh_year": 287.66000000032363,
        "err_oven_vs_cea_ratio": 0.0009859412374783522,
        "err_oven_vs_cea_pct_of_cea": 0.09859412374783523,
        "err_oven_vs_cea_abs_pct_of_cea": 0.09859412374783523
      },
      "geometry": {
        "type": "Polygon",
        "coordinates": [
          [
            [
              -9.1534646,
              38.7760521
            ],
            [
              -9.1534586,
              38.77611160000001
            ],
            [
              -9.1532665,
              38.7760999
            ],
            [
              -9.1532725,
              38.776040300000005
            ],
            [
              -9.1533327,
              38.77604399999999
            ],
            [
              -9.1533406,
              38.7759655
            ],
            [
              -9.1534163,
              38.7759701
            ],
            [
              -9.1534084,
              38.7760486
            ],
            [
              -9.1534646,
              38.7760521
            ]
          ]
        ]
      }
    },
    {
      "type": "Feature",
      "properties": {
        "area_id": "Alta_Lisboa",
        "osm_uid": "cea/84",
        "osmid": "84",
        "element_type": "cea_zone",
        "building": "yes",
        "cea_name": "B1084",
        "intersection_area_m2": 111.8848157134316,
        "is_residential": true,
        "residential_source": "cea",
        "radiation_sum_kwh_year": 259544.44775,
        "radiation_sum": 259544.44775,
        "radiation_point_count": 187.0,
        "use_type1": "MULTI_RES",
        "use_type2": "NONE",
        "use_type3": "NONE",
        "resi_type": null,
        "comparison_status": "matched",
        "validation_radiation_kwh_year": 259544.44775,
        "ucea_radiation_kwh_year": 194907.94999999987,
        "workflow0_radiation_kwh_year": 193358.7100000005,
        "validation_area_m2": 111.8848157134316,
        "ucea_roofs_top_m2": 114.97,
        "err_ucea_minus_validation_kwh_year": 64636.497750000126,
        "err_ucea_abs_kwh_year": 64636.497750000126,
        "err_ucea_pct_of_validation": 24.903826034552544,
        "err_ucea_area_minus_validation_m2": 3.085184286568392,
        "err_ucea_area_pct_of_validation": 2.757464689820301,
        "err_workflow0_minus_validation_kwh_year": 66185.7377499995,
        "err_workflow0_abs_kwh_year": 66185.7377499995,
        "err_workflow0_pct_of_validation": 25.500733428808054,
        "err_oven_minus_cea_kwh_year": 1549.2399999993795,
        "err_oven_vs_cea_ratio": 0.008012258666803143,
        "err_oven_vs_cea_pct_of_cea": 0.8012258666803144,
        "err_oven_vs_cea_abs_pct_of_cea": 0.8012258666803144
      },
      "geometry": {
        "type": "Polygon",
        "coordinates": [
          [
            [
              -9.1534163,
              38.7759701
            ],
            [
              -9.1533406,
              38.7759655
            ],
            [
              -9.1533559,
              38.7758131
            ],
            [
              -9.1534316,
              38.77581779999999
            ],
            [
              -9.1534265,
              38.775869199999995
            ],
            [
              -9.1534227,
              38.7759065
            ],
            [
              -9.1534163,
              38.7759701
            ]
          ]
        ]
      }
    },
    {
      "type": "Feature",
      "properties": {
        "area_id": "Alta_Lisboa",
        "osm_uid": "cea/85",
        "osmid": "85",
        "element_type": "cea_zone",
        "building": "yes",
        "cea_name": "B1085",
        "intersection_area_m2": 109.86903584095278,
        "is_residential": true,
        "residential_source": "cea",
        "radiation_sum_kwh_year": 272527.6270625,
        "radiation_sum": 272527.6270625,
        "radiation_point_count": 179.0,
        "use_type1": "MULTI_RES",
        "use_type2": "NONE",
        "use_type3": "NONE",
        "resi_type": null,
        "comparison_status": "matched",
        "validation_radiation_kwh_year": 272527.6270625,
        "ucea_radiation_kwh_year": 189193.36999999956,
        "workflow0_radiation_kwh_year": 189924.7399999998,
        "validation_area_m2": 109.86903584095278,
        "ucea_roofs_top_m2": 110.54,
        "err_ucea_minus_validation_kwh_year": 83334.25706250043,
        "err_ucea_abs_kwh_year": 83334.25706250043,
        "err_ucea_pct_of_validation": 30.57827859903136,
        "err_ucea_area_minus_validation_m2": 0.6709641590472302,
        "err_ucea_area_pct_of_validation": 0.6106944999667812,
        "err_workflow0_minus_validation_kwh_year": 82602.8870625002,
        "err_workflow0_abs_kwh_year": 82602.8870625002,
        "err_workflow0_pct_of_validation": 30.309913146367546,
        "err_oven_minus_cea_kwh_year": -731.3700000002282,
        "err_oven_vs_cea_ratio": -0.0038508411279132406,
        "err_oven_vs_cea_pct_of_cea": -0.38508411279132404,
        "err_oven_vs_cea_abs_pct_of_cea": 0.38508411279132404
      },
      "geometry": {
        "type": "Polygon",
        "coordinates": [
          [
            [
              -9.1534316,
              38.77581779999999
            ],
            [
              -9.1533559,
              38.7758131
            ],
            [
              -9.1533709,
              38.7756635
            ],
            [
              -9.1534466,
              38.77566809999999
            ],
            [
              -9.1534316,
              38.77581779999999
            ]
          ]
        ]
      }
    },
    {
      "type": "Feature",
      "properties": {
        "area_id": "Alta_Lisboa",
        "osm_uid": "cea/86",
        "osmid": "86",
        "element_type": "cea_zone",
        "building": "yes",
        "cea_name": "B1086",
        "intersection_area_m2": 451.4562124773123,
        "is_residential": true,
        "residential_source": "cea",
        "radiation_sum_kwh_year": 910426.1154375001,
        "radiation_sum": 910426.1154375001,
        "radiation_point_count": 744.0,
        "use_type1": "MULTI_RES",
        "use_type2": "NONE",
        "use_type3": "NONE",
        "resi_type": null,
        "comparison_status": "matched",
        "validation_radiation_kwh_year": 910426.1154375001,
        "ucea_radiation_kwh_year": 778456.869999998,
        "workflow0_radiation_kwh_year": 781735.4600000015,
        "validation_area_m2": 451.4562124773123,
        "ucea_roofs_top_m2": 451.37,
        "err_ucea_minus_validation_kwh_year": 131969.24543750205,
        "err_ucea_abs_kwh_year": 131969.24543750205,
        "err_ucea_pct_of_validation": 14.4953273197886,
        "err_ucea_area_minus_validation_m2": 0.08621247731230142,
        "err_ucea_area_pct_of_validation": 0.01909653138655922,
        "err_workflow0_minus_validation_kwh_year": 128690.65543749859,
        "err_workflow0_abs_kwh_year": 128690.65543749859,
        "err_workflow0_pct_of_validation": 14.135211331856077,
        "err_oven_minus_cea_kwh_year": -3278.59000000346,
        "err_oven_vs_cea_ratio": -0.004193989102149023,
        "err_oven_vs_cea_pct_of_cea": -0.41939891021490233,
        "err_oven_vs_cea_abs_pct_of_cea": 0.41939891021490233
      },
      "geometry": {
        "type": "Polygon",
        "coordinates": [
          [
            [
              -9.1526971,
              38.7737482
            ],
            [
              -9.152516000000002,
              38.77370399999999
            ],
            [
              -9.1526104,
              38.773469
            ],
            [
              -9.1527919,
              38.7735121
            ],
            [
              -9.1526971,
              38.7737482
            ]
          ]
        ]
      }
    },
    {
      "type": "Feature",
      "properties": {
        "area_id": "Alta_Lisboa",
        "osm_uid": "cea/87",
        "osmid": "87",
        "element_type": "cea_zone",
        "building": "yes",
        "cea_name": "B1087",
        "intersection_area_m2": 509.8186953937832,
        "is_residential": true,
        "residential_source": "cea",
        "radiation_sum_kwh_year": 1083195.76996875,
        "radiation_sum": 1083195.76996875,
        "radiation_point_count": 840.0,
        "use_type1": "MULTI_RES",
        "use_type2": "NONE",
        "use_type3": "NONE",
        "resi_type": null,
        "comparison_status": "matched",
        "validation_radiation_kwh_year": 1083195.76996875,
        "ucea_radiation_kwh_year": 880417.4399999998,
        "workflow0_radiation_kwh_year": 878073.610000002,
        "validation_area_m2": 509.8186953937832,
        "ucea_roofs_top_m2": 509.71,
        "err_ucea_minus_validation_kwh_year": 202778.32996875013,
        "err_ucea_abs_kwh_year": 202778.32996875013,
        "err_ucea_pct_of_validation": 18.720376832213834,
        "err_ucea_area_minus_validation_m2": 0.1086953937831936,
        "err_ucea_area_pct_of_validation": 0.021320401696771327,
        "err_workflow0_minus_validation_kwh_year": 205122.159968748,
        "err_workflow0_abs_kwh_year": 205122.159968748,
        "err_workflow0_pct_of_validation": 18.936757847075576,
        "err_oven_minus_cea_kwh_year": 2343.8299999978626,
        "err_oven_vs_cea_ratio": 0.002669286462211132,
        "err_oven_vs_cea_pct_of_cea": 0.26692864622111323,
        "err_oven_vs_cea_abs_pct_of_cea": 0.26692864622111323
      },
      "geometry": {
        "type": "Polygon",
        "coordinates": [
          [
            [
              -9.1527173,
              38.773202899999994
            ],
            [
              -9.1528595,
              38.7732368
            ],
            [
              -9.1528987,
              38.7732463
            ],
            [
              -9.1527919,
              38.7735121
            ],
            [
              -9.1526104,
              38.773469
            ],
            [
              -9.1527173,
              38.773202899999994
            ]
          ]
        ]
      }
    },
    {
      "type": "Feature",
      "properties": {
        "area_id": "Alta_Lisboa",
        "osm_uid": "cea/88",
        "osmid": "88",
        "element_type": "cea_zone",
        "building": "yes",
        "cea_name": "B1088",
        "intersection_area_m2": 499.23426278892276,
        "is_residential": true,
        "residential_source": "cea",
        "radiation_sum_kwh_year": 1062625.4551796876,
        "radiation_sum": 1062625.4551796876,
        "radiation_point_count": 823.0,
        "use_type1": "MULTI_RES",
        "use_type2": "NONE",
        "use_type3": "NONE",
        "resi_type": null,
        "comparison_status": "matched",
        "validation_radiation_kwh_year": 1062625.4551796876,
        "ucea_radiation_kwh_year": 851145.6300000016,
        "workflow0_radiation_kwh_year": 857294.1500000005,
        "validation_area_m2": 499.23426278892276,
        "ucea_roofs_top_m2": 500.08,
        "err_ucea_minus_validation_kwh_year": 211479.82517968595,
        "err_ucea_abs_kwh_year": 211479.82517968595,
        "err_ucea_pct_of_validation": 19.901633651710817,
        "err_ucea_area_minus_validation_m2": 0.8457372110772212,
        "err_ucea_area_pct_of_validation": 0.16940688452603275,
        "err_workflow0_minus_validation_kwh_year": 205331.3051796871,
        "err_workflow0_abs_kwh_year": 205331.3051796871,
        "err_workflow0_pct_of_validation": 19.323017736759002,
        "err_oven_minus_cea_kwh_year": -6148.5199999988545,
        "err_oven_vs_cea_ratio": -0.007172007414256648,
        "err_oven_vs_cea_pct_of_cea": -0.7172007414256648,
        "err_oven_vs_cea_abs_pct_of_cea": 0.7172007414256648
      },
      "geometry": {
        "type": "Polygon",
        "coordinates": [
          [
            [
              -9.152895100000002,
              38.772771399999996
            ],
            [
              -9.1530748,
              38.772815800000004
            ],
            [
              -9.152968,
              38.773078299999995
            ],
            [
              -9.152926,
              38.773067
            ],
            [
              -9.1527886,
              38.7730342
            ],
            [
              -9.152895100000002,
              38.772771399999996
            ]
          ]
        ]
      }
    },
    {
      "type": "Feature",
      "properties": {
        "area_id": "Alta_Lisboa",
        "osm_uid": "cea/89",
        "osmid": "89",
        "element_type": "cea_zone",
        "building": "yes",
        "cea_name": "B1089",
        "intersection_area_m2": 471.0500449089885,
        "is_residential": true,
        "residential_source": "cea",
        "radiation_sum_kwh_year": 1044686.848125,
        "radiation_sum": 1044686.848125,
        "radiation_point_count": 777.0,
        "use_type1": "MULTI_RES",
        "use_type2": "NONE",
        "use_type3": "NONE",
        "resi_type": null,
        "comparison_status": "matched",
        "validation_radiation_kwh_year": 1044686.848125,
        "ucea_radiation_kwh_year": 804524.8799999984,
        "workflow0_radiation_kwh_year": 804516.7299999979,
        "validation_area_m2": 471.0500449089885,
        "ucea_roofs_top_m2": 471.05,
        "err_ucea_minus_validation_kwh_year": 240161.96812500164,
        "err_ucea_abs_kwh_year": 240161.96812500164,
        "err_ucea_pct_of_validation": 22.98889552941567,
        "err_ucea_area_minus_validation_m2": 4.490898851372549e-05,
        "err_ucea_area_pct_of_validation": 9.533804104063369e-06,
        "err_workflow0_minus_validation_kwh_year": 240170.11812500213,
        "err_workflow0_abs_kwh_year": 240170.11812500213,
        "err_workflow0_pct_of_validation": 22.989675667503477,
        "err_oven_minus_cea_kwh_year": 8.150000000488944,
        "err_oven_vs_cea_ratio": 1.013030518394436e-05,
        "err_oven_vs_cea_pct_of_cea": 0.0010130305183944362,
        "err_oven_vs_cea_abs_pct_of_cea": 0.0010130305183944362
      },
      "geometry": {
        "type": "Polygon",
        "coordinates": [
          [
            [
              -9.1529957,
              38.772524299999986
            ],
            [
              -9.1531754,
              38.7725688
            ],
            [
              -9.1530748,
              38.772815800000004
            ],
            [
              -9.152895100000002,
              38.772771399999996
            ],
            [
              -9.1529957,
              38.772524299999986
            ]
          ]
        ]
      }
    },
    {
      "type": "Feature",
      "properties": {
        "area_id": "Alta_Lisboa",
        "osm_uid": "cea/91",
        "osmid": "91",
        "element_type": "cea_zone",
        "building": "yes",
        "cea_name": "B1091",
        "intersection_area_m2": 828.1598578775572,
        "is_residential": true,
        "residential_source": "cea",
        "radiation_sum_kwh_year": 2267763.24325,
        "radiation_sum": 2267763.24325,
        "radiation_point_count": 1361.0,
        "use_type1": "MULTI_RES",
        "use_type2": "NONE",
        "use_type3": "NONE",
        "resi_type": null,
        "comparison_status": "matched",
        "validation_radiation_kwh_year": 2267763.24325,
        "ucea_radiation_kwh_year": 1365289.2900000021,
        "workflow0_radiation_kwh_year": 1365390.45,
        "validation_area_m2": 828.1598578775572,
        "ucea_roofs_top_m2": 828.16,
        "err_ucea_minus_validation_kwh_year": 902473.9532499977,
        "err_ucea_abs_kwh_year": 902473.9532499977,
        "err_ucea_pct_of_validation": 39.795774798635286,
        "err_ucea_area_minus_validation_m2": 0.00014212244275313424,
        "err_ucea_area_pct_of_validation": 1.7161232991583482e-05,
        "err_workflow0_minus_validation_kwh_year": 902372.7932499999,
        "err_workflow0_abs_kwh_year": 902372.7932499999,
        "err_workflow0_pct_of_validation": 39.791314015513464,
        "err_oven_minus_cea_kwh_year": -101.1599999978207,
        "err_oven_vs_cea_ratio": -7.408869748416705e-05,
        "err_oven_vs_cea_pct_of_cea": -0.007408869748416705,
        "err_oven_vs_cea_abs_pct_of_cea": 0.007408869748416705
      },
      "geometry": {
        "type": "Polygon",
        "coordinates": [
          [
            [
              -9.1569258,
              38.7758886
            ],
            [
              -9.1563963,
              38.775906
            ],
            [
              -9.1563683,
              38.7757399
            ],
            [
              -9.1568639,
              38.77572249999999
            ],
            [
              -9.1569258,
              38.7758886
            ]
          ]
        ]
      }
    },
    {
      "type": "Feature",
      "properties": {
        "area_id": "Alta_Lisboa",
        "osm_uid": "cea/95",
        "osmid": "95",
        "element_type": "cea_zone",
        "building": "yes",
        "cea_name": "B1095",
        "intersection_area_m2": 703.5313294888409,
        "is_residential": true,
        "residential_source": "cea",
        "radiation_sum_kwh_year": 1913829.6795,
        "radiation_sum": 1913829.6795,
        "radiation_point_count": 1162.0,
        "use_type1": "MULTI_RES",
        "use_type2": "NONE",
        "use_type3": "NONE",
        "resi_type": null,
        "comparison_status": "matched",
        "validation_radiation_kwh_year": 1913829.6795,
        "ucea_radiation_kwh_year": 1230754.1199999969,
        "workflow0_radiation_kwh_year": 1232496.5000000007,
        "validation_area_m2": 703.5313294888409,
        "ucea_roofs_top_m2": 712.3,
        "err_ucea_minus_validation_kwh_year": 683075.5595000032,
        "err_ucea_abs_kwh_year": 683075.5595000032,
        "err_ucea_pct_of_validation": 35.691554312108956,
        "err_ucea_area_minus_validation_m2": 8.76867051115903,
        "err_ucea_area_pct_of_validation": 1.2463795347294642,
        "err_workflow0_minus_validation_kwh_year": 681333.1794999994,
        "err_workflow0_abs_kwh_year": 681333.1794999994,
        "err_workflow0_pct_of_validation": 35.60051277279815,
        "err_oven_minus_cea_kwh_year": -1742.3800000038464,
        "err_oven_vs_cea_ratio": -0.0014136997549314301,
        "err_oven_vs_cea_pct_of_cea": -0.141369975493143,
        "err_oven_vs_cea_abs_pct_of_cea": 0.141369975493143
      },
      "geometry": {
        "type": "Polygon",
        "coordinates": [
          [
            [
              -9.1563683,
              38.7757399
            ],
            [
              -9.1563963,
              38.775906
            ],
            [
              -9.1563179,
              38.775922300000005
            ],
            [
              -9.1562563,
              38.7759632
            ],
            [
              -9.1562162,
              38.77604840000001
            ],
            [
              -9.1560108,
              38.77602709999999
            ],
            [
              -9.1560187,
              38.7759792
            ],
            [
              -9.1560387,
              38.7759064
            ],
            [
              -9.1561268,
              38.77581370000001
            ],
            [
              -9.1562334,
              38.7757567
            ],
            [
              -9.1563683,
              38.7757399
            ]
          ]
        ]
      }
    },
    {
      "type": "Feature",
      "properties": {
        "area_id": "Alta_Lisboa",
        "osm_uid": "cea/97",
        "osmid": "97",
        "element_type": "cea_zone",
        "building": "yes",
        "cea_name": "B1097",
        "intersection_area_m2": 15.575723734124185,
        "is_residential": true,
        "residential_source": "cea",
        "radiation_sum_kwh_year": 34614.4205,
        "radiation_sum": 34614.4205,
        "radiation_point_count": 26.0,
        "use_type1": "MULTI_RES",
        "use_type2": "NONE",
        "use_type3": "NONE",
        "resi_type": null,
        "comparison_status": "matched",
        "validation_radiation_kwh_year": 34614.4205,
        "ucea_radiation_kwh_year": 26684.019999999968,
        "workflow0_radiation_kwh_year": 26640.179999999957,
        "validation_area_m2": 15.575723734124185,
        "ucea_roofs_top_m2": 15.58,
        "err_ucea_minus_validation_kwh_year": 7930.4005000000325,
        "err_ucea_abs_kwh_year": 7930.4005000000325,
        "err_ucea_pct_of_validation": 22.91068400235108,
        "err_ucea_area_minus_validation_m2": 0.004276265875814644,
        "err_ucea_area_pct_of_validation": 0.027454684923859794,
        "err_workflow0_minus_validation_kwh_year": 7974.2405000000435,
        "err_workflow0_abs_kwh_year": 7974.2405000000435,
        "err_workflow0_pct_of_validation": 23.03733641879125,
        "err_oven_minus_cea_kwh_year": 43.84000000001106,
        "err_oven_vs_cea_ratio": 0.0016456345264938574,
        "err_oven_vs_cea_pct_of_cea": 0.16456345264938574,
        "err_oven_vs_cea_abs_pct_of_cea": 0.16456345264938574
      },
      "geometry": {
        "type": "Polygon",
        "coordinates": [
          [
            [
              -9.156740400000002,
              38.77383619999999
            ],
            [
              -9.1566952,
              38.773837599999986
            ],
            [
              -9.1566933,
              38.77380200000001
            ],
            [
              -9.1567386,
              38.7738005
            ],
            [
              -9.156740400000002,
              38.77383619999999
            ]
          ]
        ]
      }
    },
    {
      "type": "Feature",
      "properties": {
        "area_id": "Alta_Lisboa",
        "osm_uid": "cea/98",
        "osmid": "98",
        "element_type": "cea_zone",
        "building": "yes",
        "cea_name": "B1098",
        "intersection_area_m2": 10.045666343431867,
        "is_residential": true,
        "residential_source": "cea",
        "radiation_sum_kwh_year": 20633.5035,
        "radiation_sum": 20633.5035,
        "radiation_point_count": 15.0,
        "use_type1": "MULTI_RES",
        "use_type2": "NONE",
        "use_type3": "NONE",
        "resi_type": null,
        "comparison_status": "matched",
        "validation_radiation_kwh_year": 20633.5035,
        "ucea_radiation_kwh_year": 17186.86000000001,
        "workflow0_radiation_kwh_year": 17232.639999999934,
        "validation_area_m2": 10.045666343431867,
        "ucea_roofs_top_m2": 10.05,
        "err_ucea_minus_validation_kwh_year": 3446.6434999999874,
        "err_ucea_abs_kwh_year": 3446.6434999999874,
        "err_ucea_pct_of_validation": 16.704111834424957,
        "err_ucea_area_minus_validation_m2": 0.004333656568134003,
        "err_ucea_area_pct_of_validation": 0.04313956307106962,
        "err_workflow0_minus_validation_kwh_year": 3400.863500000065,
        "err_workflow0_abs_kwh_year": 3400.863500000065,
        "err_workflow0_pct_of_validation": 16.482239673936448,
        "err_oven_minus_cea_kwh_year": -45.77999999992244,
        "err_oven_vs_cea_ratio": -0.0026565865705964154,
        "err_oven_vs_cea_pct_of_cea": -0.26565865705964153,
        "err_oven_vs_cea_abs_pct_of_cea": 0.26565865705964153
      },
      "geometry": {
        "type": "Polygon",
        "coordinates": [
          [
            [
              -9.156892500000001,
              38.773832
            ],
            [
              -9.156844,
              38.7738355
            ],
            [
              -9.1568414,
              38.7738142
            ],
            [
              -9.1568899,
              38.77381069999999
            ],
            [
              -9.156892500000001,
              38.773832
            ]
          ]
        ]
      }
    },
    {
      "type": "Feature",
      "properties": {
        "area_id": "Alta_Lisboa",
        "osm_uid": "cea/99",
        "osmid": "99",
        "element_type": "cea_zone",
        "building": "yes",
        "cea_name": "B1099",
        "intersection_area_m2": 493.172912851294,
        "is_residential": true,
        "residential_source": "cea",
        "radiation_sum_kwh_year": 1060573.5794375,
        "radiation_sum": 1060573.5794375,
        "radiation_point_count": 812.0,
        "use_type1": "MULTI_RES",
        "use_type2": "NONE",
        "use_type3": "NONE",
        "resi_type": null,
        "comparison_status": "matched",
        "validation_radiation_kwh_year": 1060573.5794375,
        "ucea_radiation_kwh_year": 848962.6199999995,
        "workflow0_radiation_kwh_year": 849413.7800000021,
        "validation_area_m2": 493.172912851294,
        "ucea_roofs_top_m2": 493.17,
        "err_ucea_minus_validation_kwh_year": 211610.95943750057,
        "err_ucea_abs_kwh_year": 211610.95943750057,
        "err_ucea_pct_of_validation": 19.952501508639635,
        "err_ucea_area_minus_validation_m2": 0.0029128512939564644,
        "err_ucea_area_pct_of_validation": 0.0005906348905327601,
        "err_workflow0_minus_validation_kwh_year": 211159.79943749798,
        "err_workflow0_abs_kwh_year": 211159.79943749798,
        "err_workflow0_pct_of_validation": 19.90996226301352,
        "err_oven_minus_cea_kwh_year": -451.16000000259373,
        "err_oven_vs_cea_ratio": -0.0005311427841476655,
        "err_oven_vs_cea_pct_of_cea": -0.05311427841476655,
        "err_oven_vs_cea_abs_pct_of_cea": 0.05311427841476655
      },
      "geometry": {
        "type": "Polygon",
        "coordinates": [
          [
            [
              -9.1557309,
              38.7726841
            ],
            [
              -9.1556546,
              38.77238379999999
            ],
            [
              -9.1558185,
              38.7723585
            ],
            [
              -9.1558949,
              38.7726587
            ],
            [
              -9.1557309,
              38.7726841
            ]
          ]
        ]
      }
    },
    {
      "type": "Feature",
      "properties": {
        "area_id": "Alta_Lisboa",
        "osm_uid": "cea/100",
        "osmid": "100",
        "element_type": "cea_zone",
        "building": "yes",
        "cea_name": "B1100",
        "intersection_area_m2": 68.06694684477773,
        "is_residential": true,
        "residential_source": "cea",
        "radiation_sum_kwh_year": 129415.845,
        "radiation_sum": 129415.845,
        "radiation_point_count": 111.0,
        "use_type1": "MULTI_RES",
        "use_type2": "NONE",
        "use_type3": "NONE",
        "resi_type": null,
        "comparison_status": "matched",
        "validation_radiation_kwh_year": 129415.845,
        "ucea_radiation_kwh_year": 114531.87000000014,
        "workflow0_radiation_kwh_year": 114381.82999999978,
        "validation_area_m2": 68.06694684477773,
        "ucea_roofs_top_m2": 66.07,
        "err_ucea_minus_validation_kwh_year": 14883.97499999986,
        "err_ucea_abs_kwh_year": 14883.97499999986,
        "err_ucea_pct_of_validation": 11.50089079123183,
        "err_ucea_area_minus_validation_m2": 1.9969468447777388,
        "err_ucea_area_pct_of_validation": 2.93379817568672,
        "err_workflow0_minus_validation_kwh_year": 15034.015000000218,
        "err_workflow0_abs_kwh_year": 15034.015000000218,
        "err_workflow0_pct_of_validation": 11.61682713581186,
        "err_oven_minus_cea_kwh_year": 150.0400000003574,
        "err_oven_vs_cea_ratio": 0.0013117468045436734,
        "err_oven_vs_cea_pct_of_cea": 0.13117468045436734,
        "err_oven_vs_cea_abs_pct_of_cea": 0.13117468045436734
      },
      "geometry": {
        "type": "Polygon",
        "coordinates": [
          [
            [
              -9.1540693,
              38.7754981
            ],
            [
              -9.154012,
              38.7754698
            ],
            [
              -9.154092,
              38.7753714
            ],
            [
              -9.1541341,
              38.77539219999999
            ],
            [
              -9.1541021,
              38.77543159999999
            ],
            [
              -9.1541172,
              38.7754391
            ],
            [
              -9.1540693,
              38.7754981
            ]
          ]
        ]
      }
    },
    {
      "type": "Feature",
      "properties": {
        "area_id": "Alta_Lisboa",
        "osm_uid": "cea/101",
        "osmid": "101",
        "element_type": "cea_zone",
        "building": "yes",
        "cea_name": "B1101",
        "intersection_area_m2": 31.893622505005403,
        "is_residential": true,
        "residential_source": "cea",
        "radiation_sum_kwh_year": 66440.65612500001,
        "radiation_sum": 66440.65612500001,
        "radiation_point_count": 52.0,
        "use_type1": "MULTI_RES",
        "use_type2": "NONE",
        "use_type3": "NONE",
        "resi_type": null,
        "comparison_status": "matched",
        "validation_radiation_kwh_year": 66440.65612500001,
        "ucea_radiation_kwh_year": 55380.380000000114,
        "workflow0_radiation_kwh_year": 55433.85999999997,
        "validation_area_m2": 31.893622505005403,
        "ucea_roofs_top_m2": 31.91,
        "err_ucea_minus_validation_kwh_year": 11060.276124999895,
        "err_ucea_abs_kwh_year": 11060.276124999895,
        "err_ucea_pct_of_validation": 16.64684964006275,
        "err_ucea_area_minus_validation_m2": 0.01637749499459673,
        "err_ucea_area_pct_of_validation": 0.05135037574369747,
        "err_workflow0_minus_validation_kwh_year": 11006.796125000037,
        "err_workflow0_abs_kwh_year": 11006.796125000037,
        "err_workflow0_pct_of_validation": 16.566356756459612,
        "err_oven_minus_cea_kwh_year": -53.47999999985768,
        "err_oven_vs_cea_ratio": -0.0009647533114211731,
        "err_oven_vs_cea_pct_of_cea": -0.0964753311421173,
        "err_oven_vs_cea_abs_pct_of_cea": 0.0964753311421173
      },
      "geometry": {
        "type": "Polygon",
        "coordinates": [
          [
            [
              -9.1538135,
              38.774492399999986
            ],
            [
              -9.153762100000002,
              38.774490699999994
            ],
            [
              -9.1537204,
              38.7744894
            ],
            [
              -9.1537223,
              38.7744539
            ],
            [
              -9.1538154,
              38.7744569
            ],
            [
              -9.1538135,
              38.774492399999986
            ]
          ]
        ]
      }
    }
  ]
}
