area_id,building_name,status,validation_area_m2,ucea_roofs_top_m2,workflow0_roofs_top_m2,validation_radiation_kwh_year,ucea_radiation_kwh_year,workflow0_radiation_kwh_year,error_cea,error_cea_oven,workflow0_source_column,workflow0_timesteps,validation_point_count,residential_source,use_type1,use_type2,use_type3,resi_type,ucea_source_column,ucea_timesteps,ucea_oven_confidence_face_count,ucea_oven_confidence_mean,ucea_oven_confidence_area_weighted_mean,ucea_oven_confidence_min,ucea_oven_confidence_max
Baixa_Alfama,B1000,matched,560.8979956,591.23,566.13,1349236.147,1037777.76,920945.26,-0.317432118,-0.23084053,roofs_top_kW,8760,927,cea,MULTI_RES,NONE,NONE,,roofs_top_kW,8760,3,0.773441017,0.827662179,0.555888772,0.966495216
Baixa_Alfama,B1001,matched,644.1343109,673.21,673.21,1240980.91,1018995.76,1023593.26,-0.175174049,-0.178878779,roofs_top_kW,8760,1063,cea,MULTI_RES,NONE,NONE,,roofs_top_kW,8760,,,,,
Baixa_Alfama,B1002,matched,413.5983376,410.62,410.62,966909.2375,656203.82,679505.11,-0.297240027,-0.321338762,roofs_top_kW,8760,692,cea,MULTI_RES,NONE,NONE,,roofs_top_kW,8760,,,,,
Baixa_Alfama,B1003,matched,479.1823127,557.17,557.17,1009089.134,964419.28,963782.68,-0.044898367,-0.044267501,roofs_top_kW,8760,787,cea,MULTI_RES,NONE,NONE,,roofs_top_kW,8760,,,,,
Baixa_Alfama,B1005,matched,618.0543245,650.7,650.7,1266829.752,1102863.66,1108762.69,-0.124773721,-0.129430251,roofs_top_kW,8760,1017,cea,MULTI_RES,NONE,NONE,,roofs_top_kW,8760,,,,,
Baixa_Alfama,B1007,matched,1090.96151,1125.46,1125.46,2131688.994,1930177.01,1932284.32,-0.093543042,-0.094531606,roofs_top_kW,8760,1801,cea,SINGLE_RES,NONE,NONE,,roofs_top_kW,8760,,,,,
Baixa_Alfama,B1008,matched,8.598325912,4.64,4.64,10423.04247,8026.52,8057.11,-0.226990581,-0.229925425,roofs_top_kW,8760,14,cea,MULTI_RES,NONE,NONE,,roofs_top_kW,8760,,,,,
Baixa_Alfama,B1011,matched,4110.31617,5093.92,5093.92,7886668.511,6693749.17,6717342.79,-0.148266118,-0.1512577,roofs_top_kW,8760,6776,cea,MULTI_RES,NONE,NONE,,roofs_top_kW,8760,,,,,
Baixa_Alfama,B1016,matched,370.7460956,379.62,370.89,718595.8264,634536.89,560841.26,-0.219531704,-0.116976655,roofs_top_kW,8760,606,cea,MULTI_RES,NONE,NONE,,roofs_top_kW,8760,1,0.998152792,0.998152792,0.998152792,0.998152792
Baixa_Alfama,B1017,matched,89.4539649,91.24,89.45,187685.4507,144961.81,142509.91,-0.24069815,-0.227634271,roofs_top_kW,8760,147,cea,MULTI_RES,NONE,NONE,,roofs_top_kW,8760,2,0.914778322,0.914903319,0.908727109,0.920829535
Baixa_Alfama,B1018,matched,321.0687667,325.67,310.6,631170.5754,566869.37,538228.32,-0.147253784,-0.101876114,roofs_top_kW,8760,533,cea,MULTI_RES,NONE,NONE,,roofs_top_kW,8760,2,0.952043712,0.947653372,0.934540868,0.969546556
Baixa_Alfama,B1020,matched,151.4182409,155.5,151.42,252801.6316,184279.43,172895.38,-0.316082816,-0.271051263,roofs_top_kW,8760,249,cea,MULTI_RES,NONE,NONE,,roofs_top_kW,8760,2,0.862370789,0.863508393,0.728756249,0.995985329
Baixa_Alfama,B1021,matched,147.7616211,149.95,146.99,293459.3113,263075.88,253359.87,-0.136643956,-0.103535414,roofs_top_kW,8760,242,cea,MULTI_RES,NONE,NONE,,roofs_top_kW,8760,2,0.996747136,0.995442596,0.993662357,0.999831915
Baixa_Alfama,B1023,matched,42.23666461,42.24,42.24,94823.02669,67771.24,68038.88,-0.282464583,-0.285287104,roofs_top_kW,8760,67,cea,MULTI_RES,NONE,NONE,,roofs_top_kW,8760,,,,,
Baixa_Alfama,B1024,matched,249.7705836,252.07,252.07,535607.8344,406502.22,411303.85,-0.232080221,-0.241045045,roofs_top_kW,8760,414,cea,MULTI_RES,NONE,NONE,,roofs_top_kW,8760,,,,,
Baixa_Alfama,B1026,matched,106.2370141,109.42,100.17,273693.9624,188979.79,172518.23,-0.369667389,-0.309521524,roofs_top_kW,8760,175,cea,MULTI_RES,NONE,NONE,,roofs_top_kW,8760,2,0.833966643,0.844321148,0.675560653,0.992372632
Baixa_Alfama,B1028,matched,116.3855569,117.43,113.7,231605.0847,140509.27,140601.16,-0.392927145,-0.393323898,roofs_top_kW,8760,194,cea,MULTI_RES,NONE,NONE,,roofs_top_kW,8760,2,0.706036165,0.707483841,0.455393165,0.956679165
Baixa_Alfama,B1029,matched,350.6444853,354.42,342.96,758242.1369,499788.64,589808.59,-0.222136886,-0.340858789,roofs_top_kW,8760,582,cea,MULTI_RES,NONE,NONE,,roofs_top_kW,8760,4,0.64416533,0.629246341,0.42025122,0.934578478
Baixa_Alfama,B1031,matched,259.0865061,258.02,258.02,429138.7335,424435.56,448131.46,0.044257777,-0.010959564,roofs_top_kW,8760,430,cea,MULTI_RES,NONE,NONE,,roofs_top_kW,8760,,,,,
Baixa_Alfama,B1032,matched,386.5011966,393.83,386.5,877793.7335,586162.12,560607.5,-0.361344837,-0.332232508,roofs_top_kW,8760,636,cea,MULTI_RES,NONE,NONE,,roofs_top_kW,8760,2,0.65144825,0.65079237,0.552896976,0.749999523
Baixa_Alfama,B1033,matched,74.09322007,76.05,74.09,96618.4861,122262.63,116020.54,0.200810991,0.265416536,roofs_top_kW,8760,121,cea,MULTI_RES,NONE,NONE,,roofs_top_kW,8760,2,0.723816335,0.632527752,0.498869598,0.948763072
Baixa_Alfama,B1036,matched,239.7030425,243.56,226.42,471156.2848,401945.85,393625.73,-0.164553795,-0.146894856,roofs_top_kW,8760,396,cea,MULTI_RES,NONE,NONE,,roofs_top_kW,8760,2,0.97364229,0.979114262,0.960649669,0.98663491
Baixa_Alfama,B1037,matched,141.4004259,146.49,141.4,237688.3459,209061.58,196178.54,-0.174639635,-0.120438239,roofs_top_kW,8760,232,cea,MULTI_RES,NONE,NONE,,roofs_top_kW,8760,2,0.940395087,0.949817829,0.882633805,0.998156369
Baixa_Alfama,B1039,matched,204.4585921,208.89,204.81,404918.8639,365736.83,349371.85,-0.137180603,-0.096765148,roofs_top_kW,8760,337,cea,MULTI_RES,NONE,NONE,,roofs_top_kW,8760,2,0.925761908,0.90615666,0.859152019,0.992371798
Baixa_Alfama,B1041,matched,3409.896971,3409.9,3409.9,8171899.588,5896588.37,5898492.03,-0.278198176,-0.278431128,roofs_top_kW,8760,5611,cea,MULTI_RES,NONE,NONE,,roofs_top_kW,8760,,,,,
Baixa_Alfama,B1042,matched,78.77755943,55.74,55.74,95950.45019,81284.27,85556.44,-0.108326852,-0.152851604,roofs_top_kW,8760,130,cea,MULTI_RES,NONE,NONE,,roofs_top_kW,8760,,,,,
Baixa_Alfama,B1043,matched,134.1462355,136.46,133.46,293271.5747,209741.59,213261.37,-0.272819501,-0.284821278,roofs_top_kW,8760,220,cea,MULTI_RES,NONE,NONE,,roofs_top_kW,8760,2,0.762460679,0.772239869,0.542396247,0.98252511
Baixa_Alfama,B1046,matched,235.4320586,239.78,219.35,387271.5367,405851.47,381184.71,-0.015717207,0.047976501,roofs_top_kW,8760,389,cea,MULTI_RES,NONE,NONE,,roofs_top_kW,8760,2,0.989977688,0.990675506,0.98041153,0.999543846
Baixa_Alfama,B1047,matched,151.9999416,155.63,154.13,310876.0886,248556.26,253438.6,-0.184760072,-0.200465172,roofs_top_kW,8760,250,cea,MULTI_RES,NONE,NONE,,roofs_top_kW,8760,2,0.753281713,0.764081233,0.507808805,0.998754621
Baixa_Alfama,B1048,matched,409.2555746,421.9,409.26,871029.3082,710726.81,705566.13,-0.189962814,-0.184038007,roofs_top_kW,8760,671,cea,MULTI_RES,NONE,NONE,,roofs_top_kW,8760,2,0.643598273,0.643408125,0.453162163,0.834034383
Baixa_Alfama,B1049,matched,132.4477621,132.47,132.47,290585.6163,230020.35,229748.49,-0.209360419,-0.20842486,roofs_top_kW,8760,217,cea,MULTI_RES,NONE,NONE,,roofs_top_kW,8760,,,,,
Baixa_Alfama,B1050,matched,182.967967,187.14,181.14,416159.8775,312971.01,308389.42,-0.258964074,-0.247954868,roofs_top_kW,8760,305,cea,MULTI_RES,NONE,NONE,,roofs_top_kW,8760,2,0.962831169,0.964175279,0.928474665,0.997187674
Baixa_Alfama,B1053,matched,256.873178,261.43,256.91,347030.7995,444487.34,438886.47,0.264690254,0.280829657,roofs_top_kW,8760,421,cea,MULTI_RES,NONE,NONE,,roofs_top_kW,8760,3,0.587077051,0.566339112,0.416658372,0.823740482
Baixa_Alfama,B1055,matched,177.0747452,181.85,177.07,414575.0401,315641.26,275397.82,-0.335710563,-0.238639017,roofs_top_kW,8760,291,cea,MULTI_RES,NONE,NONE,,roofs_top_kW,8760,1,0.964888334,0.964888334,0.964888334,0.964888334
Baixa_Alfama,B1056,matched,123.9846493,124.04,124.04,167912.8302,171756.28,171053.74,0.018705598,0.022889554,roofs_top_kW,8760,206,cea,MULTI_RES,NONE,NONE,,roofs_top_kW,8760,,,,,
Baixa_Alfama,B1057,matched,262.8301588,264.84,262.83,482610.3407,455295.9,453938.79,-0.059409317,-0.056597297,roofs_top_kW,8760,432,cea,MULTI_RES,NONE,NONE,,roofs_top_kW,8760,2,0.864094764,0.862675646,0.735474467,0.992715061
Baixa_Alfama,B1060,matched,273.9591663,275.26,277.76,628633.5879,460790.21,477603.83,-0.240250856,-0.266997152,roofs_top_kW,8760,453,cea,MULTI_RES,NONE,NONE,,roofs_top_kW,8760,2,0.466711327,0.454942983,0.412008971,0.521413684
Baixa_Alfama,B1064,matched,313.2316691,312.66,312.66,729044.5268,514818.34,531018.1,-0.271624598,-0.293845134,roofs_top_kW,8760,516,cea,MULTI_RES,NONE,NONE,,roofs_top_kW,8760,,,,,
Baixa_Alfama,B1066,matched,366.2928385,374.37,342.62,731279.1055,632220.16,589572.27,-0.193779413,-0.135459833,roofs_top_kW,8760,605,cea,MULTI_RES,NONE,NONE,,roofs_top_kW,8760,2,0.72213617,0.701325357,0.600681365,0.843590975
Baixa_Alfama,B1067,matched,209.1937635,210.65,206.62,436633.6668,324303.05,292112.98,-0.330988418,-0.257265129,roofs_top_kW,8760,345,cea,MULTI_RES,NONE,NONE,,roofs_top_kW,8760,2,0.684920818,0.672807045,0.444719374,0.925122261
Baixa_Alfama,B1068,matched,520.6345025,534.6,512.56,996609.8564,872776.35,891858.57,-0.105107616,-0.124254748,roofs_top_kW,8760,855,cea,MULTI_RES,NONE,NONE,,roofs_top_kW,8760,4,0.654202916,0.641310239,0.409769803,0.831564724
Baixa_Alfama,B1069,matched,253.310379,253.31,253.31,563559.6693,356281.05,358984.86,-0.363004701,-0.367802436,roofs_top_kW,8760,423,cea,MULTI_RES,NONE,NONE,,roofs_top_kW,8760,,,,,
Baixa_Alfama,B1070,matched,97.45874664,99.02,100.18,199134.0607,172811.14,173745.99,-0.127492357,-0.132186933,roofs_top_kW,8760,162,cea,MULTI_RES,NONE,NONE,,roofs_top_kW,8760,2,0.948328286,0.948553997,0.946511745,0.950144827
Baixa_Alfama,B1074,matched,80.27317417,80.27,80.27,177771.3185,138131.75,138264.89,-0.222231735,-0.222980674,roofs_top_kW,8760,132,cea,MULTI_RES,NONE,NONE,,roofs_top_kW,8760,,,,,
Baixa_Alfama,B1077,matched,168.539497,171.62,170.65,305129.9129,271645.76,270543.98,-0.113348221,-0.109737366,roofs_top_kW,8760,278,cea,MULTI_RES,NONE,NONE,,roofs_top_kW,8760,3,0.558939288,0.606944322,0.472582132,0.681517482
Baixa_Alfama,B1078,matched,93.55906375,95.06,93.59,189422.3644,145296.52,142321.66,-0.2486544,-0.232949497,roofs_top_kW,8760,154,cea,MULTI_RES,NONE,NONE,,roofs_top_kW,8760,2,0.948328286,0.948372804,0.946511745,0.950144827
Baixa_Alfama,B1079,matched,94.99694597,97.46,95.16,187867.8822,164374.77,164226.27,-0.125841692,-0.125051243,roofs_top_kW,8760,156,cea,MULTI_RES,NONE,NONE,,roofs_top_kW,8760,2,0.732380718,0.739940656,0.593486845,0.87127459
Baixa_Alfama,B1081,matched,115.0295438,113.08,113.08,278918.6643,168756.33,171822.92,-0.383967651,-0.394962218,roofs_top_kW,8760,190,cea,MULTI_RES,NONE,NONE,,roofs_top_kW,8760,,,,,
Baixa_Alfama,B1082,matched,8.807419022,4.18,4.18,18173.33744,6629.4,6942.32,-0.617994217,-0.635212848,roofs_top_kW,8760,14,cea,MULTI_RES,NONE,NONE,,roofs_top_kW,8760,,,,,
Baixa_Alfama,B1094,matched,42.12075171,34.16,34.16,68275.9975,51467.99,54600.39,-0.200298904,-0.246177399,roofs_top_kW,8760,70,cea,MULTI_RES,NONE,NONE,,roofs_top_kW,8760,,,,,
Baixa_Alfama,B1096,matched,43.7546567,37.38,37.38,83470.38178,61771.1,62629.25,-0.249682957,-0.25996385,roofs_top_kW,8760,70,cea,MULTI_RES,NONE,NONE,,roofs_top_kW,8760,,,,,
Baixa_Alfama,B1101,matched,263.3176002,269.31,263.32,526083.8438,503142.82,435080.9,-0.172981826,-0.043607163,roofs_top_kW,8760,435,cea,MULTI_RES,NONE,NONE,,roofs_top_kW,8760,1,0.706699967,0.706699967,0.706699967,0.706699967
Baixa_Alfama,B1102,matched,614.6914837,599.66,599.66,1270944.777,1021635.8,1025066.06,-0.19346137,-0.196160354,roofs_top_kW,8760,1013,cea,MULTI_RES,NONE,NONE,,roofs_top_kW,8760,,,,,
Baixa_Alfama,B1103,matched,7.956009237,4.07,4.07,11062.77125,7069.82,7115.49,-0.356807635,-0.360935896,roofs_top_kW,8760,11,cea,MULTI_RES,NONE,NONE,,roofs_top_kW,8760,,,,,
Baixa_Alfama,B1104,matched,270.8596993,275.86,278.17,517208.3373,439309.7,466972.28,-0.097129249,-0.150613653,roofs_top_kW,8760,446,cea,MULTI_RES,NONE,NONE,,roofs_top_kW,8760,2,0.983950436,0.981276194,0.968880177,0.999020696
Baixa_Alfama,B1105,matched,372.9532351,376.35,346.87,747470.0432,617211.33,605398.29,-0.190070163,-0.174266132,roofs_top_kW,8760,613,cea,MULTI_RES,NONE,NONE,,roofs_top_kW,8760,2,0.414604902,0.41670978,0.382057399,0.447152406
Baixa_Alfama,B1106,matched,130.4025327,133.91,130.4,293178.4798,238213.69,223512.37,-0.237623545,-0.187478937,roofs_top_kW,8760,214,cea,MULTI_RES,NONE,NONE,,roofs_top_kW,8760,3,0.803913593,0.728845135,0.513409972,0.974832475
Baixa_Alfama,B1107,matched,184.8349415,189.18,180.06,410224.3817,302004.01,313515.66,-0.235745914,-0.263807751,roofs_top_kW,8760,303,cea,MULTI_RES,NONE,NONE,,roofs_top_kW,8760,2,0.912266374,0.914717636,0.862337887,0.96219486
Baixa_Alfama,B1108,matched,136.7276081,136.83,136.83,254056.9041,233905.12,234403.24,-0.0773593,-0.079319963,roofs_top_kW,8760,225,cea,MULTI_RES,NONE,NONE,,roofs_top_kW,8760,,,,,
Baixa_Alfama,B1109,matched,232.748872,235.01,232.8,463901.5882,378876.52,384479.95,-0.171203635,-0.183282555,roofs_top_kW,8760,381,cea,MULTI_RES,NONE,NONE,,roofs_top_kW,8760,3,0.776676397,0.827943657,0.630246341,0.97463268
Baixa_Alfama,B1110,matched,288.9276788,290.45,289.01,576051.757,475353.88,499121.38,-0.133547682,-0.174806996,roofs_top_kW,8760,478,cea,MULTI_RES,NONE,NONE,,roofs_top_kW,8760,2,0.641964138,0.64552127,0.506776452,0.777151823
Baixa_Alfama,B1111,matched,98.88053838,101.2,98.89,121417.943,119148.78,133398.53,0.098672294,-0.01868886,roofs_top_kW,8760,163,cea,MULTI_RES,NONE,NONE,,roofs_top_kW,8760,2,0.898397446,0.897289983,0.814345002,0.982449889
Baixa_Alfama,B1112,matched,280.427465,278.23,278.23,492070.6844,430635.03,441599.68,-0.102568607,-0.124851279,roofs_top_kW,8760,453,cea,MULTI_RES,NONE,NONE,,roofs_top_kW,8760,,,,,
Baixa_Alfama,B1113,matched,239.3882465,242.1,239.39,429595.7289,386699.95,350805.57,-0.183405359,-0.099851502,roofs_top_kW,8760,397,cea,MULTI_RES,NONE,NONE,,roofs_top_kW,8760,2,0.741753608,0.739412742,0.512460351,0.971046865
Baixa_Alfama,B1114,matched,162.4488692,167.84,162.46,361398.3033,218044.27,220960.16,-0.388596576,-0.396664932,roofs_top_kW,8760,265,cea,MULTI_RES,NONE,NONE,,roofs_top_kW,8760,2,0.978882253,0.979010082,0.963412166,0.994352341
Baixa_Alfama,B1116,matched,216.1765549,224.41,216.18,395190.0557,312038.94,280335.19,-0.290631973,-0.210407915,roofs_top_kW,8760,354,cea,MULTI_RES,NONE,NONE,,roofs_top_kW,8760,3,0.66965581,0.656710317,0.450041324,0.940448403
Baixa_Alfama,B1117,matched,157.0372976,157.11,157.11,262321.4681,198709.43,198332.27,-0.243934279,-0.242496501,roofs_top_kW,8760,254,cea,MULTI_RES,NONE,NONE,,roofs_top_kW,8760,,,,,
Baixa_Alfama,B1118,matched,94.23770844,92.49,92.49,172174.6871,137663.88,143128.94,-0.168699288,-0.200440655,roofs_top_kW,8760,155,cea,MULTI_RES,NONE,NONE,,roofs_top_kW,8760,,,,,
Baixa_Alfama,B1119,matched,80.33585479,80.98,80.98,149687.082,130428.05,133357.31,-0.109092727,-0.128661951,roofs_top_kW,8760,133,cea,MULTI_RES,NONE,NONE,,roofs_top_kW,8760,,,,,
Baixa_Alfama,B1120,matched,278.9834334,260.09,260.09,535155.9591,440795.66,441372.79,-0.175244557,-0.17632299,roofs_top_kW,8760,462,cea,MULTI_RES,NONE,NONE,,roofs_top_kW,8760,,,,,
Baixa_Alfama,B1121,matched,73.31551297,69.33,69.33,68642.51164,101407.23,105883.96,0.542542041,0.477324002,roofs_top_kW,8760,123,cea,MULTI_RES,NONE,NONE,,roofs_top_kW,8760,,,,,
Baixa_Alfama,B1122,matched,120.1081896,120.11,120.11,196794.4284,200872.81,188337.58,-0.042973007,0.02072407,roofs_top_kW,8760,199,cea,MULTI_RES,NONE,NONE,,roofs_top_kW,8760,,,,,
Baixa_Alfama,B1123,matched,147.5463217,152.67,147.55,293239.8952,165727.65,163071.92,-0.443895859,-0.434839349,roofs_top_kW,8760,243,cea,MULTI_RES,NONE,NONE,,roofs_top_kW,8760,4,0.528082035,0.522582528,0.418540597,0.624524653
Baixa_Alfama,B1124,matched,236.9464993,243.83,236.95,531850.8025,406236.57,411174.96,-0.226897923,-0.236183215,roofs_top_kW,8760,390,cea,MULTI_RES,NONE,NONE,,roofs_top_kW,8760,4,0.528082035,0.529170974,0.418540597,0.624524653
Baixa_Alfama,B1125,matched,120.593917,125.31,120.59,175467.3482,168444.14,185097.3,0.054881731,-0.040025727,roofs_top_kW,8760,198,cea,MULTI_RES,NONE,NONE,,roofs_top_kW,8760,3,0.753714641,0.761212793,0.633065999,0.875139177
Baixa_Alfama,B1127,matched,239.7216953,239.33,239.33,450634.7826,363111.45,382862.29,-0.15039339,-0.194222319,roofs_top_kW,8760,396,cea,MULTI_RES,NONE,NONE,,roofs_top_kW,8760,,,,,
Baixa_Alfama,B1128,matched,55.65915551,55.66,55.66,85266.94931,95367.29,95783.59,0.123337832,0.118455518,roofs_top_kW,8760,90,cea,MULTI_RES,NONE,NONE,,roofs_top_kW,8760,,,,,
Baixa_Alfama,B1131,matched,781.6948172,781.69,781.69,1448076.563,1352504.03,1353942.25,-0.065006448,-0.065999641,roofs_top_kW,8760,1287,cea,MULTI_RES,NONE,NONE,,roofs_top_kW,8760,,,,,
Baixa_Alfama,B1132,matched,385.8458313,384.82,384.82,717146.0133,653563.36,657268.34,-0.083494396,-0.08866068,roofs_top_kW,8760,634,cea,MULTI_RES,NONE,NONE,,roofs_top_kW,8760,,,,,
Baixa_Alfama,B1133,matched,460.2114248,473.74,453.32,877403.0814,801995.87,774486.15,-0.117297208,-0.085943636,roofs_top_kW,8760,758,cea,MULTI_RES,NONE,NONE,,roofs_top_kW,8760,2,0.862517327,0.86212509,0.844136119,0.880898535
Baixa_Alfama,B1137,matched,305.6793175,302.82,302.82,643683.5657,495771.6,494560.34,-0.231671637,-0.229789874,roofs_top_kW,8760,505,cea,MULTI_RES,NONE,NONE,,roofs_top_kW,8760,,,,,
Baixa_Alfama,B1138,matched,95.20203265,92.46,92.46,192131.2373,154037.12,153912.6,-0.198919436,-0.198271337,roofs_top_kW,8760,158,cea,MULTI_RES,NONE,NONE,,roofs_top_kW,8760,,,,,
Baixa_Alfama,B1139,matched,122.0014258,125.04,120.46,269760.1403,105249.53,114001.32,-0.577397462,-0.60984032,roofs_top_kW,8760,198,cea,MULTI_RES,NONE,NONE,,roofs_top_kW,8760,3,0.807163626,0.714584656,0.491841108,0.996655941
Baixa_Alfama,B1140,matched,47.88736477,47.89,47.89,125264.6243,80910.82,81150.22,-0.352169693,-0.354080847,roofs_top_kW,8760,79,cea,MULTI_RES,NONE,NONE,,roofs_top_kW,8760,,,,,
Baixa_Alfama,B1142,matched,749.9229124,759.15,759.15,1518251.307,1222280.27,1219751.32,-0.196607759,-0.19494206,roofs_top_kW,8760,1233,cea,MULTI_RES,NONE,NONE,,roofs_top_kW,8760,,,,,
Baixa_Alfama,B1143,matched,192.5919783,192.57,192.57,342655.7565,261267.61,260805.75,-0.238869492,-0.237521609,roofs_top_kW,8760,316,cea,MULTI_RES,NONE,NONE,,roofs_top_kW,8760,,,,,
Baixa_Alfama,B1144,matched,157.9601925,161.48,157.96,303228.1579,267548.18,268354.14,-0.115009167,-0.1176671,roofs_top_kW,8760,260,cea,MULTI_RES,NONE,NONE,,roofs_top_kW,8760,2,0.480337337,0.48293605,0.471105009,0.489569664
Baixa_Alfama,B1145,matched,196.8875704,201.92,191.41,366837.4937,304263.21,328278.6,-0.105111649,-0.170577667,roofs_top_kW,8760,326,cea,MULTI_RES,NONE,NONE,,roofs_top_kW,8760,2,0.7866638,0.782900358,0.771112561,0.80221504
Baixa_Alfama,B1146,matched,52.30418225,49.53,49.53,89506.27403,66012.38,67838.88,-0.242076818,-0.262483209,roofs_top_kW,8760,84,cea,MULTI_RES,NONE,NONE,,roofs_top_kW,8760,,,,,
Baixa_Alfama,B1147,matched,736.0549078,729.93,729.93,1473290.452,1198385.51,1235062.18,-0.161698103,-0.186592495,roofs_top_kW,8760,1209,cea,MULTI_RES,NONE,NONE,,roofs_top_kW,8760,,,,,
Baixa_Alfama,B1149,matched,43.16965819,44.2,43.17,49652.43322,24682.26,19789.03,-0.601448938,-0.502899286,roofs_top_kW,8760,72,cea,MULTI_RES,NONE,NONE,,roofs_top_kW,8760,1,0.957960248,0.957960248,0.957960248,0.957960248
Baixa_Alfama,B1150,matched,174.2275477,178.4,174.23,441369.1,301196.16,297876.74,-0.325107399,-0.317586664,roofs_top_kW,8760,286,cea,MULTI_RES,NONE,NONE,,roofs_top_kW,8760,2,0.975930929,0.975723261,0.970869005,0.980992854
Baixa_Alfama,B1151,matched,102.8247244,105.25,98.47,196398.4351,166536.28,158110.29,-0.194951376,-0.152048844,roofs_top_kW,8760,169,cea,MULTI_RES,NONE,NONE,,roofs_top_kW,8760,4,0.806210592,0.80505039,0.64729625,0.970567346
Baixa_Alfama,B1153,matched,74.92484417,76.96,73.4,159393.428,90877.29,88979.58,-0.4417613,-0.429855477,roofs_top_kW,8760,121,cea,MULTI_RES,NONE,NONE,,roofs_top_kW,8760,2,0.958618373,0.956626158,0.917932332,0.999304414
Baixa_Alfama,B1154,matched,72.51783012,72.52,72.52,192833.8019,125880.09,125821.53,-0.347513098,-0.347209417,roofs_top_kW,8760,117,cea,MULTI_RES,NONE,NONE,,roofs_top_kW,8760,,,,,
Baixa_Alfama,B1155,matched,84.03470168,85.34,82.32,188828.3968,140736.39,133036.93,-0.295461211,-0.254686306,roofs_top_kW,8760,136,cea,MULTI_RES,NONE,NONE,,roofs_top_kW,8760,2,0.92247659,0.905553318,0.85319066,0.991762519
Baixa_Alfama,B1156,matched,283.6490606,268.21,268.21,655020.217,417044.74,447160.83,-0.317332781,-0.363310125,roofs_top_kW,8760,467,cea,MULTI_RES,NONE,NONE,,roofs_top_kW,8760,,,,,
Baixa_Alfama,B1157,matched,116.1272912,118.79,110.37,302046.1573,193698.17,179442.98,-0.405908747,-0.358713344,roofs_top_kW,8760,189,cea,MULTI_RES,NONE,NONE,,roofs_top_kW,8760,3,0.79304268,0.765419416,0.659194231,0.955751419
Baixa_Alfama,B1158,matched,111.111686,109.08,109.08,237883.6203,189396.99,189454.33,-0.203583964,-0.203825006,roofs_top_kW,8760,182,cea,MULTI_RES,NONE,NONE,,roofs_top_kW,8760,,,,,
Baixa_Alfama,B1160,matched,63.77310954,65.38,54.84,103800.7562,110672.28,94967.09,-0.085102137,0.066199169,roofs_top_kW,8760,106,cea,MULTI_RES,NONE,NONE,,roofs_top_kW,8760,2,0.979292184,0.979678269,0.960748553,0.997835815
Baixa_Alfama,B1161,matched,147.1275646,134.8,134.8,340844.2018,211302.36,210600.07,-0.382122187,-0.380061744,roofs_top_kW,8760,241,cea,MULTI_RES,NONE,NONE,,roofs_top_kW,8760,,,,,
Baixa_Alfama,B1162,matched,43.93297813,43.93,43.93,70044.43797,55006.49,58142.82,-0.169915247,-0.214691536,roofs_top_kW,8760,75,cea,SINGLE_RES,NONE,NONE,,roofs_top_kW,8760,,,,,
Baixa_Alfama,B1163,matched,310.5101911,313.5,318.04,668939.5492,487135.53,493028.2,-0.262970472,-0.271779445,roofs_top_kW,8760,512,cea,MULTI_RES,NONE,NONE,,roofs_top_kW,8760,1,0.611335158,0.611335158,0.611335158,0.611335158
Baixa_Alfama,B1164,matched,73.58281,76.95,73.58,119494.672,118095.67,127139.73,0.063978233,-0.011707652,roofs_top_kW,8760,119,cea,MULTI_RES,NONE,NONE,,roofs_top_kW,8760,3,0.747024775,0.750122952,0.693028569,0.788070381
Baixa_Alfama,B1165,matched,120.5850671,123,120.59,205683.1303,191317.24,208975.25,0.016005784,-0.069844767,roofs_top_kW,8760,198,cea,MULTI_RES,NONE,NONE,,roofs_top_kW,8760,1,0.911530674,0.911530674,0.911530674,0.911530674
Baixa_Alfama,B1166,matched,175.0613079,177.56,181.01,451683.8558,234393.09,257540.47,-0.429821397,-0.481068258,roofs_top_kW,8760,286,cea,MULTI_RES,NONE,NONE,,roofs_top_kW,8760,1,0.790286899,0.790286899,0.790286899,0.790286899
Baixa_Alfama,B1167,matched,41.21723809,41.22,41.22,90719.38169,67833.29,68621.46,-0.243585453,-0.252273453,roofs_top_kW,8760,67,cea,MULTI_RES,NONE,NONE,,roofs_top_kW,8760,,,,,
Baixa_Alfama,B1169,matched,307.4099114,315.31,283.06,706163.4258,549205.77,492238.73,-0.302939359,-0.222268175,roofs_top_kW,8760,505,cea,MULTI_RES,NONE,NONE,,roofs_top_kW,8760,2,0.982376248,0.983078747,0.977474391,0.987278104
Baixa_Alfama,B1170,matched,54.53921768,54.54,54.54,115533.2081,48574.17,47891.99,-0.58546992,-0.579565297,roofs_top_kW,8760,88,cea,MULTI_RES,NONE,NONE,,roofs_top_kW,8760,,,,,
Baixa_Alfama,B1171,matched,51.15408097,51.78,51.15,72145.80475,85749.19,88584.43,0.227852823,0.188554072,roofs_top_kW,8760,85,cea,MULTI_RES,NONE,NONE,,roofs_top_kW,8760,2,0.834442675,0.839329514,0.699275792,0.969609559
Baixa_Alfama,B1172,matched,623.2317403,615.72,615.72,1556691.439,1063004.38,1059699.31,-0.319261812,-0.317138674,roofs_top_kW,8760,1027,cea,MULTI_RES,NONE,NONE,,roofs_top_kW,8760,,,,,
Baixa_Alfama,B1173,matched,387.8732946,387.84,385.49,767180.9733,657924.94,656632.37,-0.144097165,-0.142412334,roofs_top_kW,8760,639,cea,MULTI_RES,NONE,NONE,,roofs_top_kW,8760,1,0.983998835,0.983998835,0.983998835,0.983998835
Baixa_Alfama,B1174,matched,679.3141924,686.84,683.27,1478647.258,1177442.31,1162274.41,-0.213961001,-0.203703044,roofs_top_kW,8760,1126,cea,SINGLE_RES,NONE,NONE,,roofs_top_kW,8760,3,0.772873362,0.717595799,0.565721035,0.939200878
Baixa_Alfama,B1176,matched,80.61024922,80.61,80.61,198896.5646,95735.52,102385.04,-0.485234749,-0.5186668,roofs_top_kW,8760,133,cea,MULTI_RES,NONE,NONE,,roofs_top_kW,8760,,,,,
Baixa_Alfama,B1177,matched,153.4074211,149.04,149.04,366355.6926,213461.93,232791.49,-0.364575207,-0.417336937,roofs_top_kW,8760,250,cea,MULTI_RES,NONE,NONE,,roofs_top_kW,8760,,,,,
Baixa_Alfama,B1178,matched,166.7270045,162.31,162.31,376221.1661,246005.92,250119.39,-0.335179909,-0.346113557,roofs_top_kW,8760,275,cea,MULTI_RES,NONE,NONE,,roofs_top_kW,8760,,,,,
Baixa_Alfama,B1179,matched,119.8876718,121.49,120.45,304951.2256,204556.54,206846.74,-0.321705497,-0.329215551,roofs_top_kW,8760,198,cea,MULTI_RES,NONE,NONE,,roofs_top_kW,8760,2,0.703727677,0.737675855,0.479994804,0.927460551
Baixa_Alfama,B1180,matched,87.88684059,76.65,76.65,146256.7888,110835.24,116266.79,-0.205050303,-0.242187382,roofs_top_kW,8760,143,cea,MULTI_RES,NONE,NONE,,roofs_top_kW,8760,,,,,
Baixa_Alfama,B1181,matched,152.4088819,154.27,141.7,380540.3847,246507.59,238200.15,-0.374047645,-0.352217005,roofs_top_kW,8760,250,cea,MULTI_RES,NONE,NONE,,roofs_top_kW,8760,2,0.901576638,0.914514724,0.83797431,0.965178967
Baixa_Alfama,B1183,matched,40.28088169,39.2,39.2,74253.62263,59029.96,62285.66,-0.161176818,-0.20502249,roofs_top_kW,8760,66,cea,MULTI_RES,NONE,NONE,,roofs_top_kW,8760,,,,,
Baixa_Alfama,B1184,matched,164.5629153,164.58,164.58,272957.2265,231767.02,230737.09,-0.154676749,-0.150903521,roofs_top_kW,8760,275,cea,MULTI_RES,NONE,NONE,,roofs_top_kW,8760,,,,,
Baixa_Alfama,B1185,matched,195.5417062,199.89,207.89,419683.9985,343696.22,360994.12,-0.139843022,-0.181059509,roofs_top_kW,8760,320,cea,MULTI_RES,NONE,NONE,,roofs_top_kW,8760,2,0.947283626,0.948460811,0.939324975,0.955242276
Baixa_Alfama,B1186,matched,15.31323601,15.31,15.31,36560.41825,26343.3,26519.21,-0.274646974,-0.279458462,roofs_top_kW,8760,24,cea,MULTI_RES,NONE,NONE,,roofs_top_kW,8760,,,,,
Baixa_Alfama,B1187,matched,55.21695244,57.09,54.75,94973.73984,92010,93210.01,-0.018570711,-0.031205888,roofs_top_kW,8760,91,cea,MULTI_RES,NONE,NONE,,roofs_top_kW,8760,1,0.55276829,0.55276829,0.55276829,0.55276829
Baixa_Alfama,B1188,matched,226.4764361,229.94,213.97,493206.3214,392501.77,370594.9,-0.248600669,-0.204183416,roofs_top_kW,8760,372,cea,MULTI_RES,NONE,NONE,,roofs_top_kW,8760,2,0.531675652,0.542012899,0.466125876,0.597225428
Baixa_Alfama,B1189,matched,230.6036984,233.73,215.48,548460.1858,394936.62,372463.37,-0.320892601,-0.27991743,roofs_top_kW,8760,378,cea,MULTI_RES,NONE,NONE,,roofs_top_kW,8760,2,0.909858465,0.912566795,0.839218736,0.980498195
Baixa_Alfama,B1190,matched,243.6205168,247.6,239.56,525823.2923,434093.92,416712.34,-0.207504981,-0.174449047,roofs_top_kW,8760,401,cea,MULTI_RES,NONE,NONE,,roofs_top_kW,8760,2,0.98280409,0.978304748,0.968146861,0.997461319
Baixa_Alfama,B1191,matched,154.7073921,157.72,150.97,393118.649,198675.87,233599.73,-0.40577805,-0.494616013,roofs_top_kW,8760,252,cea,MULTI_RES,NONE,NONE,,roofs_top_kW,8760,2,0.944948077,0.945303442,0.94401902,0.945877135
Baixa_Alfama,B1192,matched,78.08881817,79.95,79.95,157930.2313,129635.31,133950.73,-0.151836042,-0.179160893,roofs_top_kW,8760,126,cea,MULTI_RES,NONE,NONE,,roofs_top_kW,8760,,,,,
Baixa_Alfama,B1194,matched,346.1201505,347.88,346.12,776818.5894,605381.81,600728.87,-0.22668062,-0.220690882,roofs_top_kW,8760,566,cea,MULTI_RES,NONE,NONE,,roofs_top_kW,8760,3,0.727712413,0.765735036,0.407296062,0.894942582
Baixa_Alfama,B1195,matched,46.42076506,46.42,46.42,61470.40369,59496.5,63374.38,0.03097387,-0.032111448,roofs_top_kW,8760,74,cea,MULTI_RES,NONE,NONE,,roofs_top_kW,8760,,,,,
Baixa_Alfama,B1196,matched,48.16961491,45.54,45.54,68105.52475,54205.94,55757.33,-0.181309737,-0.204088946,roofs_top_kW,8760,80,cea,MULTI_RES,NONE,NONE,,roofs_top_kW,8760,,,,,
Baixa_Alfama,B1197,matched,722.9148333,722.91,722.91,1734974.156,1245572.44,1246200.8,-0.281717946,-0.282080119,roofs_top_kW,8760,1190,cea,MULTI_RES,NONE,NONE,,roofs_top_kW,8760,,,,,
Baixa_Alfama,B1198,matched,44.64811111,44.65,44.65,47423.80138,76919.01,76987.65,0.623396855,0.62194948,roofs_top_kW,8760,73,cea,MULTI_RES,NONE,NONE,,roofs_top_kW,8760,,,,,
Baixa_Alfama,B1199,matched,32.02464622,33.17,32.02,43500.46825,48442.47,48904.45,0.124228128,0.113608013,roofs_top_kW,8760,49,cea,MULTI_RES,NONE,NONE,,roofs_top_kW,8760,2,0.857745945,0.857846572,0.836783409,0.878708482
Baixa_Alfama,B1200,matched,40.29488455,40.29,40.29,65947.10125,35728.28,38929.78,-0.409681711,-0.458228196,roofs_top_kW,8760,66,cea,MULTI_RES,NONE,NONE,,roofs_top_kW,8760,,,,,
Baixa_Alfama,B1201,matched,199.6530519,210.74,192.36,438948.6507,278522.23,306483.57,-0.301778079,-0.365478788,roofs_top_kW,8760,328,cea,MULTI_RES,NONE,NONE,,roofs_top_kW,8760,1,0.944069207,0.944069207,0.944069207,0.944069207
Baixa_Alfama,B1202,matched,422.8994842,413.89,423.46,879535.2547,703709.08,674329.07,-0.233312063,-0.199908047,roofs_top_kW,8760,700,cea,MULTI_RES,NONE,NONE,,roofs_top_kW,8760,3,0.759006997,0.621352082,0.437449098,0.949432671
Baixa_Alfama,B1203,matched,293.1603296,297.28,298.3,483994.2618,466793.68,513156.15,0.060252549,-0.035538814,roofs_top_kW,8760,485,cea,MULTI_RES,NONE,NONE,,roofs_top_kW,8760,1,0.776313663,0.776313663,0.776313663,0.776313663
Baixa_Alfama,B1204,matched,408.445663,416.64,408.49,954503.0736,705413.04,702406.88,-0.264112501,-0.26096305,roofs_top_kW,8760,672,cea,MULTI_RES,NONE,NONE,,roofs_top_kW,8760,2,0.998860627,0.998852186,0.99845922,0.999262035
Baixa_Alfama,B1206,matched,107.735649,107.67,101.44,253012.5605,184930.78,172892.07,-0.316666059,-0.269084588,roofs_top_kW,8760,177,cea,MULTI_RES,NONE,NONE,,roofs_top_kW,8760,1,0.808219194,0.808219194,0.808219194,0.808219194
Baixa_Alfama,B1207,matched,173.5193466,176.15,177.08,332121.6594,284473.43,305042.32,-0.081534397,-0.143466191,roofs_top_kW,8760,284,cea,MULTI_RES,NONE,NONE,,roofs_top_kW,8760,3,0.743132154,0.763871311,0.615873456,0.857483268
Baixa_Alfama,B1208,matched,88.36255607,87.37,87.37,242376.2058,135329.23,136753.66,-0.435779351,-0.44165629,roofs_top_kW,8760,144,cea,MULTI_RES,NONE,NONE,,roofs_top_kW,8760,,,,,
Baixa_Alfama,B1209,matched,105.5703502,107.43,100.22,272942.8499,162718.96,166838.7,-0.388741269,-0.403835052,roofs_top_kW,8760,176,cea,MULTI_RES,NONE,NONE,,roofs_top_kW,8760,3,0.879565279,0.794075926,0.662052214,0.999477208
Baixa_Alfama,B1210,matched,70.34573701,66.12,66.12,124094.1392,104773.24,105127.73,-0.152838879,-0.155695501,roofs_top_kW,8760,117,cea,MULTI_RES,NONE,NONE,,roofs_top_kW,8760,,,,,
Baixa_Alfama,B1212,matched,331.1898055,310.39,310.39,680521.9148,535465.37,535508.23,-0.213091866,-0.213154847,roofs_top_kW,8760,546,cea,MULTI_RES,NONE,NONE,,roofs_top_kW,8760,,,,,
Baixa_Alfama,B1213,matched,44.33998847,45.96,44.34,42733.84143,76257.95,75904.27,0.776209848,0.784486193,roofs_top_kW,8760,72,cea,MULTI_RES,NONE,NONE,,roofs_top_kW,8760,2,0.952595413,0.953947244,0.912278116,0.99291271
Baixa_Alfama,B1215,matched,236.6380495,242.04,234.04,524389.0616,400115.17,374004.85,-0.286779841,-0.236987956,roofs_top_kW,8760,390,cea,MULTI_RES,NONE,NONE,,roofs_top_kW,8760,2,0.928637981,0.923565906,0.91401273,0.943263233
Baixa_Alfama,B1216,matched,34.84938945,32.35,32.35,75910.86081,48590.4,49368.8,-0.349647739,-0.359901871,roofs_top_kW,8760,56,cea,MULTI_RES,NONE,NONE,,roofs_top_kW,8760,,,,,
Baixa_Alfama,B1217,matched,27.51780279,27.52,27.52,24379.24025,46623.54,46882.32,0.9230427,0.912427931,roofs_top_kW,8760,44,cea,MULTI_RES,NONE,NONE,,roofs_top_kW,8760,,,,,
Baixa_Alfama,B1218,matched,89.82546284,90.22,85.41,139572.0377,156751.83,148018.49,0.060516795,0.12308907,roofs_top_kW,8760,148,cea,MULTI_RES,NONE,NONE,,roofs_top_kW,8760,3,0.715454658,0.71789031,0.644932508,0.755307734
Baixa_Alfama,B1219,matched,79.0022256,79,79,129024.2461,135545.24,136402.32,0.057183623,0.050540841,roofs_top_kW,8760,131,cea,MULTI_RES,NONE,NONE,,roofs_top_kW,8760,,,,,
Baixa_Alfama,B1220,matched,111.5950718,108.55,108.55,168019.0563,184093.04,183675.75,0.093184036,0.095667623,roofs_top_kW,8760,183,cea,MULTI_RES,NONE,NONE,,roofs_top_kW,8760,,,,,
Baixa_Alfama,B1221,matched,141.3551056,145.19,129.05,284842.8966,219331.99,220110.39,-0.227256875,-0.22998961,roofs_top_kW,8760,233,cea,MULTI_RES,NONE,NONE,,roofs_top_kW,8760,2,0.803454131,0.826306783,0.609024405,0.997883856
Baixa_Alfama,B1222,matched,594.7376285,603.21,584.77,1241124.95,1048368.26,1014392.42,-0.182683081,-0.155308045,roofs_top_kW,8760,977,cea,MULTI_RES,NONE,NONE,,roofs_top_kW,8760,2,0.921899587,0.921155356,0.864029109,0.979770064
Baixa_Alfama,B1223,matched,68.62358159,68.62,68.62,180171.6739,114159.54,114941.85,-0.362042615,-0.36638464,roofs_top_kW,8760,110,cea,MULTI_RES,NONE,NONE,,roofs_top_kW,8760,,,,,
Baixa_Alfama,B1224,matched,188.3625946,188.33,188.36,431612.5821,304844.16,312660.54,-0.275599107,-0.29370882,roofs_top_kW,8760,310,cea,MULTI_RES,NONE,NONE,,roofs_top_kW,8760,1,0.547206104,0.547206104,0.547206104,0.547206104
Baixa_Alfama,B1225,matched,68.65565667,70.54,68.66,120241.3409,92751.52,103483.58,-0.139367715,-0.228622042,roofs_top_kW,8760,113,cea,MULTI_RES,NONE,NONE,,roofs_top_kW,8760,1,0.411431432,0.411431432,0.411431432,0.411431432
Baixa_Alfama,B1226,matched,144.1320108,143.21,143.21,311901.6781,220506.15,222105.82,-0.287897964,-0.293026728,roofs_top_kW,8760,239,cea,MULTI_RES,NONE,NONE,,roofs_top_kW,8760,,,,,
Baixa_Alfama,B1227,matched,48.67897013,48.68,48.68,60688.64166,76010.85,80128.94,0.320328447,0.252472422,roofs_top_kW,8760,79,cea,MULTI_RES,NONE,NONE,,roofs_top_kW,8760,,,,,
Baixa_Alfama,B1228,matched,224.5665436,228.38,217.68,503940.3282,389445.07,376961.57,-0.251971813,-0.227200031,roofs_top_kW,8760,370,cea,MULTI_RES,NONE,NONE,,roofs_top_kW,8760,2,0.827259451,0.823596687,0.655150056,0.999368846
Baixa_Alfama,B1229,matched,146.5644402,153.57,149,285675.0665,258387.99,258113.41,-0.096479041,-0.095517879,roofs_top_kW,8760,246,cea,MULTI_RES,NONE,NONE,,roofs_top_kW,8760,2,0.731158957,0.748744868,0.470289379,0.992028534
Baixa_Alfama,B1231,matched,297.2448388,303.98,297.3,589062.8378,383436.91,369517.54,-0.372702679,-0.349072993,roofs_top_kW,8760,490,cea,SINGLE_RES,NONE,NONE,,roofs_top_kW,8760,4,0.784779266,0.778185938,0.562437475,0.994155765
Baixa_Alfama,B1232,matched,12.99601671,13.35,13,31084.4075,18991.69,20259.81,-0.34823239,-0.389028406,roofs_top_kW,8760,21,cea,MULTI_RES,NONE,NONE,,roofs_top_kW,8760,2,0.588303477,0.594682126,0.480163932,0.696443021
Baixa_Alfama,B1233,matched,174.9272663,179.97,171.16,412264.9573,266367.65,267442.94,-0.35128384,-0.35389209,roofs_top_kW,8760,290,cea,MULTI_RES,NONE,NONE,,roofs_top_kW,8760,2,0.941836596,0.942607792,0.923494458,0.960178733
Baixa_Alfama,B1234,matched,56.73023933,57.72,56.36,129746.9525,79317.85,85624.46,-0.340065733,-0.388672732,roofs_top_kW,8760,95,cea,MULTI_RES,NONE,NONE,,roofs_top_kW,8760,1,0.605249584,0.605249584,0.605249584,0.605249584
Baixa_Alfama,B1235,matched,42.22623071,42.23,42.23,85172.19897,68602.36,68437.46,-0.196481236,-0.194545159,roofs_top_kW,8760,70,cea,MULTI_RES,NONE,NONE,,roofs_top_kW,8760,,,,,
Baixa_Alfama,B1236,matched,87.18083697,89.7,78.75,184073.898,153824.27,128289.09,-0.303056591,-0.164334153,roofs_top_kW,8760,144,cea,MULTI_RES,NONE,NONE,,roofs_top_kW,8760,3,0.805352052,0.839271089,0.61972487,0.96450007
Baixa_Alfama,B1239,matched,105.6211748,105.62,105.62,260340.418,181878.51,162922.51,-0.374194329,-0.30138197,roofs_top_kW,8760,174,cea,MULTI_RES,NONE,NONE,,roofs_top_kW,8760,,,,,
Baixa_Alfama,B1240,matched,254.6726933,258.01,254.57,558587.2331,372959.17,441513.64,-0.209588738,-0.332317053,roofs_top_kW,8760,423,cea,MULTI_RES,NONE,NONE,,roofs_top_kW,8760,3,0.892006775,0.859735246,0.804776132,0.965303183
Baixa_Alfama,B1241,matched,105.4034026,109,105.43,236416.6428,167395.37,165165.93,-0.301377737,-0.291947605,roofs_top_kW,8760,175,cea,MULTI_RES,NONE,NONE,,roofs_top_kW,8760,2,0.71376507,0.713355187,0.441275567,0.986254573
Baixa_Alfama,B1242,matched,93.81458101,95.87,94.35,199972.1554,143578.73,162132.86,-0.189222821,-0.282006389,roofs_top_kW,8760,153,cea,MULTI_RES,NONE,NONE,,roofs_top_kW,8760,1,0.763211489,0.763211489,0.763211489,0.763211489
Baixa_Alfama,B1243,matched,109.4443692,112.21,109.44,226754.9746,182198.6,183226.52,-0.191962512,-0.196495687,roofs_top_kW,8760,181,cea,MULTI_RES,NONE,NONE,,roofs_top_kW,8760,2,0.923145056,0.923650202,0.907250106,0.939040005
Baixa_Alfama,B1244,matched,74.29244925,75.32,74.29,157738.6944,100817.53,93141.84,-0.409518125,-0.360857332,roofs_top_kW,8760,123,cea,MULTI_RES,NONE,NONE,,roofs_top_kW,8760,2,0.979925305,0.978451598,0.969153821,0.990696788
Baixa_Alfama,B1245,matched,240.1136623,245.54,240.59,501664.0545,421764.79,417930.91,-0.166910792,-0.159268466,roofs_top_kW,8760,397,cea,MULTI_RES,NONE,NONE,,roofs_top_kW,8760,2,0.979225785,0.979051319,0.959168553,0.999283016
Baixa_Alfama,B1246,matched,273.9347166,244.04,244.04,633450.3262,393060.18,392958.83,-0.379653283,-0.379493287,roofs_top_kW,8760,449,cea,MULTI_RES,NONE,NONE,,roofs_top_kW,8760,,,,,
Baixa_Alfama,B1247,matched,205.085642,213.64,205.09,444924.238,360066.98,348962.38,-0.215681345,-0.190722938,roofs_top_kW,8760,340,cea,MULTI_RES,NONE,NONE,,roofs_top_kW,8760,2,0.973976523,0.97823335,0.951335669,0.996617377
Baixa_Alfama,B1248,matched,234.954828,239.46,234.95,569590.1606,408000.85,407279.82,-0.284959874,-0.283693999,roofs_top_kW,8760,387,cea,MULTI_RES,NONE,NONE,,roofs_top_kW,8760,2,0.896030128,0.892396278,0.82032609,0.971734166
Baixa_Alfama,B1249,matched,43.94911559,45.12,46.86,80155.77313,65834.43,60938.41,-0.239750206,-0.178668891,roofs_top_kW,8760,74,cea,MULTI_RES,NONE,NONE,,roofs_top_kW,8760,2,0.682824254,0.694211388,0.625089169,0.74055934
Baixa_Alfama,B1250,matched,68.75657815,71.24,68.76,131904.5798,115010.45,119079.18,-0.097232407,-0.128078417,roofs_top_kW,8760,113,cea,MULTI_RES,NONE,NONE,,roofs_top_kW,8760,3,0.594836454,0.607837165,0.513691843,0.653022289
Baixa_Alfama,B1251,matched,317.2171521,328.27,328.27,670911.5861,580648.65,569665.15,-0.150908761,-0.134537751,roofs_top_kW,8760,519,cea,MULTI_RES,NONE,NONE,,roofs_top_kW,8760,,,,,
Baixa_Alfama,B1252,matched,22.63221175,22.63,22.63,31446.27256,35926.62,36058.5,0.146670084,0.142476264,roofs_top_kW,8760,38,cea,MULTI_RES,NONE,NONE,,roofs_top_kW,8760,,,,,
Baixa_Alfama,B1253,matched,344.9635004,342.55,344.96,705432.9914,619366.74,573442.25,-0.187105994,-0.122004857,roofs_top_kW,8760,569,cea,MULTI_RES,NONE,NONE,,roofs_top_kW,8760,3,0.72314919,0.68081395,0.498693317,0.997931838
Baixa_Alfama,B1254,matched,30.37420849,30.91,30.91,79896.39338,53398.45,53695.63,-0.327934244,-0.331653811,roofs_top_kW,8760,50,cea,MULTI_RES,NONE,NONE,,roofs_top_kW,8760,,,,,
Baixa_Alfama,B1255,matched,84.56332574,84.56,84.56,179871.6988,135821.4,132550.62,-0.263082403,-0.244898442,roofs_top_kW,8760,139,cea,MULTI_RES,NONE,NONE,,roofs_top_kW,8760,,,,,
Baixa_Alfama,B1256,matched,60.55388272,61.88,57.02,98009.27406,99445.26,93517.48,-0.045830296,0.014651531,roofs_top_kW,8760,98,cea,MULTI_RES,NONE,NONE,,roofs_top_kW,8760,2,0.718809515,0.718616788,0.49969846,0.93792057
Baixa_Alfama,B1257,matched,390.8711475,384.02,384.02,890199.4201,657071.55,659737.42,-0.258888059,-0.261882748,roofs_top_kW,8760,644,cea,MULTI_RES,NONE,NONE,,roofs_top_kW,8760,,,,,
Baixa_Alfama,B1258,matched,117.0304507,117.83,117.83,177946.3935,193944.44,204455.22,0.148970855,0.089903741,roofs_top_kW,8760,192,cea,MULTI_RES,NONE,NONE,,roofs_top_kW,8760,,,,,
Baixa_Alfama,B1259,matched,63.2797904,60.99,60.99,117818.3312,104382,102221.03,-0.132384333,-0.11404279,roofs_top_kW,8760,106,cea,MULTI_RES,NONE,NONE,,roofs_top_kW,8760,,,,,
Baixa_Alfama,B1260,matched,135.7503283,133.74,133.74,325391.4051,225910.11,229695.97,-0.294093309,-0.305728097,roofs_top_kW,8760,224,cea,MULTI_RES,NONE,NONE,,roofs_top_kW,8760,,,,,
Baixa_Alfama,B1261,matched,52.84497189,51,51,114244.4608,82955.22,88522.75,-0.22514624,-0.273879718,roofs_top_kW,8760,89,cea,MULTI_RES,NONE,NONE,,roofs_top_kW,8760,,,,,
Baixa_Alfama,B1262,matched,143.4067253,145.52,136.64,315631.6465,251289.37,234970.99,-0.255553134,-0.203852425,roofs_top_kW,8760,238,cea,MULTI_RES,NONE,NONE,,roofs_top_kW,8760,2,0.979925305,0.979275278,0.969153821,0.990696788
Baixa_Alfama,B1263,matched,148.644268,151.98,145.51,325990.5108,206086.42,211727.29,-0.35051088,-0.367814666,roofs_top_kW,8760,248,cea,MULTI_RES,NONE,NONE,,roofs_top_kW,8760,2,0.776863813,0.790316882,0.597515404,0.956212223
Baixa_Alfama,B1264,matched,37.18060065,38.23,37.18,86326.12394,66019.78,64562.74,-0.252106581,-0.23522826,roofs_top_kW,8760,60,cea,MULTI_RES,NONE,NONE,,roofs_top_kW,8760,2,0.762052149,0.762117663,0.661509931,0.862594366
Baixa_Alfama,B1265,matched,191.0279537,195.74,186.31,414824.1533,293072.82,319507.59,-0.229775828,-0.293501071,roofs_top_kW,8760,318,cea,MULTI_RES,NONE,NONE,,roofs_top_kW,8760,3,0.822146873,0.761751717,0.591793954,0.977813601
Baixa_Alfama,B1266,matched,111.5093395,114.17,111.51,131269.3002,162027.12,181272.81,0.380923108,0.234310839,roofs_top_kW,8760,181,cea,MULTI_RES,NONE,NONE,,roofs_top_kW,8760,2,0.958116919,0.958150542,0.918292642,0.997941196
Baixa_Alfama,B1267,matched,55.05501816,55.06,55.06,116896.6246,83330.47,77002.49,-0.341277045,-0.287143917,roofs_top_kW,8760,91,cea,MULTI_RES,NONE,NONE,,roofs_top_kW,8760,,,,,
Baixa_Alfama,B1268,matched,91.16244709,85.9,85.9,134179.6778,144177.41,149218.03,0.112076229,0.074510033,roofs_top_kW,8760,150,cea,MULTI_RES,NONE,NONE,,roofs_top_kW,8760,,,,,
Baixa_Alfama,B1269,matched,66.00269007,67.01,66.31,150649.611,85500.2,96384.11,-0.360210031,-0.43245655,roofs_top_kW,8760,112,cea,MULTI_RES,NONE,NONE,,roofs_top_kW,8760,2,0.979411244,0.980486074,0.96546936,0.993353128
Baixa_Alfama,B1270,matched,142.5784614,145.27,142.58,305236.5673,240557.06,246201.01,-0.19340919,-0.211899603,roofs_top_kW,8760,233,cea,MULTI_RES,NONE,NONE,,roofs_top_kW,8760,1,0.990225136,0.990225136,0.990225136,0.990225136
Baixa_Alfama,B1271,matched,110.0156933,113.93,110.02,197731.6675,179421.33,191162.04,-0.033224964,-0.092601947,roofs_top_kW,8760,177,cea,MULTI_RES,NONE,NONE,,roofs_top_kW,8760,3,0.830321193,0.839242366,0.621268332,0.986890554
Baixa_Alfama,B1273,matched,162.0694421,163.83,163.83,226985.3911,261746.3,262980.94,0.158580906,0.153141613,roofs_top_kW,8760,268,cea,MULTI_RES,NONE,NONE,,roofs_top_kW,8760,,,,,
Baixa_Alfama,B1274,matched,96.0502188,96.05,96.05,132183.8148,164686.05,165565.38,0.252538976,0.245886649,roofs_top_kW,8760,159,cea,MULTI_RES,NONE,NONE,,roofs_top_kW,8760,,,,,
Baixa_Alfama,B1275,matched,168.1124487,170.84,168.11,260627.2332,261128.56,292062.56,0.120614129,0.001923539,roofs_top_kW,8760,275,cea,MULTI_RES,NONE,NONE,,roofs_top_kW,8760,2,0.671043903,0.676344988,0.440763116,0.901324689
Baixa_Alfama,B1276,matched,212.730534,203.05,203.05,417380.5435,352830.8,352346.01,-0.15581592,-0.154654414,roofs_top_kW,8760,350,cea,MULTI_RES,NONE,NONE,,roofs_top_kW,8760,,,,,
Baixa_Alfama,B1277,matched,96.72986228,97.43,97.43,255999.722,168571.87,168327.47,-0.342470106,-0.341515418,roofs_top_kW,8760,160,cea,MULTI_RES,NONE,NONE,,roofs_top_kW,8760,,,,,
Baixa_Alfama,B1278,matched,240.4466206,245.18,237.13,522720.6258,370537.33,365654.11,-0.300478895,-0.291136964,roofs_top_kW,8760,399,cea,MULTI_RES,NONE,NONE,,roofs_top_kW,8760,2,0.987056226,0.987134169,0.97806406,0.996048391
Baixa_Alfama,B1279,matched,139.5924177,142.04,142.04,333862.3976,207106.25,208816.36,-0.37454364,-0.37966584,roofs_top_kW,8760,232,cea,MULTI_RES,NONE,NONE,,roofs_top_kW,8760,,,,,
Baixa_Alfama,B1280,matched,158.077287,158.07,158.07,344239.8668,244915.46,245920.98,-0.285611564,-0.288532551,roofs_top_kW,8760,257,cea,MULTI_RES,NONE,NONE,,roofs_top_kW,8760,,,,,
Baixa_Alfama,B1281,matched,175.2171569,179.78,177.01,277655.9422,294832.05,287544.45,0.035614249,0.061861121,roofs_top_kW,8760,289,cea,MULTI_RES,NONE,NONE,,roofs_top_kW,8760,1,0.994241893,0.994241893,0.994241893,0.994241893
Baixa_Alfama,B1282,matched,190.0052768,199.29,190.98,339611.4791,331803.47,307186.31,-0.095477247,-0.022991005,roofs_top_kW,8760,313,cea,MULTI_RES,NONE,NONE,,roofs_top_kW,8760,2,0.882368356,0.896019474,0.818811536,0.945925176
Baixa_Alfama,B1283,matched,82.09854868,82.11,82.11,178277.2801,99109.6,82776.79,-0.535685142,-0.444070495,roofs_top_kW,8760,136,cea,MULTI_RES,NONE,NONE,,roofs_top_kW,8760,,,,,
Baixa_Alfama,B1284,matched,80.89877415,83.75,80.9,150676.0866,119484.23,103738.62,-0.311512382,-0.207012654,roofs_top_kW,8760,134,cea,MULTI_RES,NONE,NONE,,roofs_top_kW,8760,1,0.911012411,0.911012411,0.911012411,0.911012411
Baixa_Alfama,B1285,matched,186.9057326,182.86,181.94,337104.1668,297601.51,312039.83,-0.074351904,-0.117182345,roofs_top_kW,8760,309,cea,MULTI_RES,NONE,NONE,,roofs_top_kW,8760,3,0.762930254,0.743620729,0.63186413,0.998751521
Baixa_Alfama,B1286,matched,68.6429798,68.64,68.64,84703.61563,115411.44,115714.58,0.36611146,0.362532628,roofs_top_kW,8760,112,cea,MULTI_RES,NONE,NONE,,roofs_top_kW,8760,,,,,
Baixa_Alfama,B1287,matched,173.1932438,175.86,166.58,373574.0378,281860.93,265493.73,-0.289314291,-0.245501824,roofs_top_kW,8760,285,cea,MULTI_RES,NONE,NONE,,roofs_top_kW,8760,2,0.948879063,0.948607422,0.904951215,0.992806911
Baixa_Alfama,B1288,matched,196.7970176,200.93,192.89,291469.6909,328727.22,316681.09,0.086497498,0.127826427,roofs_top_kW,8760,329,cea,MULTI_RES,NONE,NONE,,roofs_top_kW,8760,2,0.925836951,0.926965848,0.880280435,0.971393466
Baixa_Alfama,B1289,matched,131.5904622,134.77,131.59,211277.1529,228500.39,227660.87,0.07754609,0.081519638,roofs_top_kW,8760,216,cea,MULTI_RES,NONE,NONE,,roofs_top_kW,8760,2,0.975803554,0.976595838,0.957336783,0.994270325
Baixa_Alfama,B1290,matched,83.9590015,87.08,84.33,107958.1477,130112.38,129332.46,0.197987023,0.205211304,roofs_top_kW,8760,139,cea,MULTI_RES,NONE,NONE,,roofs_top_kW,8760,3,0.846941054,0.877198306,0.625693977,0.962354004
Baixa_Alfama,B1291,matched,224.8156821,218.49,218.49,509700.2593,378532.53,379331.41,-0.255775521,-0.257342873,roofs_top_kW,8760,368,cea,MULTI_RES,NONE,NONE,,roofs_top_kW,8760,,,,,
Baixa_Alfama,B1292,matched,132.0000186,132.39,132,319404.6404,197447.53,201949.17,-0.367732511,-0.381826358,roofs_top_kW,8760,217,cea,MULTI_RES,NONE,NONE,,roofs_top_kW,8760,2,0.987072349,0.988199976,0.974525571,0.999619126
Baixa_Alfama,B1293,matched,96.97844647,116.15,116.15,190900.8535,158085.19,186136.73,-0.024956009,-0.171898988,roofs_top_kW,8760,159,cea,MULTI_RES,NONE,NONE,,roofs_top_kW,8760,,,,,
Baixa_Alfama,B1294,matched,136.234185,136.26,136.26,249075.1923,225900.64,230165.65,-0.075919011,-0.093042394,roofs_top_kW,8760,227,cea,MULTI_RES,NONE,NONE,,roofs_top_kW,8760,,,,,
Baixa_Alfama,B1295,matched,176.5921805,180,176.39,326321.7152,309759.66,306281.38,-0.061412815,-0.050753764,roofs_top_kW,8760,292,cea,MULTI_RES,NONE,NONE,,roofs_top_kW,8760,2,0.999209136,0.999205474,0.99878484,0.999633431
Baixa_Alfama,B1296,matched,332.0248571,338.73,328.29,770763.9277,565724.36,567050.79,-0.2643003,-0.266021229,roofs_top_kW,8760,547,cea,MULTI_RES,NONE,NONE,,roofs_top_kW,8760,4,0.837934509,0.834976142,0.742516637,0.949582279
Baixa_Alfama,B1297,matched,111.8030138,116.29,111.8,178348.4772,163941.56,171298.27,-0.039530515,-0.080779592,roofs_top_kW,8760,184,cea,MULTI_RES,NONE,NONE,,roofs_top_kW,8760,2,0.975958258,0.975747672,0.968801916,0.9831146
Baixa_Alfama,B1298,matched,237.4717735,241.04,237.5,468141.6296,391894.42,383662.66,-0.180456008,-0.162872098,roofs_top_kW,8760,390,cea,MULTI_RES,NONE,NONE,,roofs_top_kW,8760,2,0.998193055,0.998183884,0.996591091,0.99979502
Baixa_Alfama,B1299,matched,102.0558881,104.4,103.02,155492.3818,161573.12,167861.11,0.079545558,0.039106342,roofs_top_kW,8760,168,cea,MULTI_RES,NONE,NONE,,roofs_top_kW,8760,2,0.878811002,0.897558897,0.767749548,0.989872456
Baixa_Alfama,B1300,matched,160.1231496,163.57,161.35,277970.2385,281410.17,280220.89,0.008096736,0.012375179,roofs_top_kW,8760,265,cea,MULTI_RES,NONE,NONE,,roofs_top_kW,8760,4,0.861493692,0.842988864,0.578743279,0.981634319
Baixa_Alfama,B1301,matched,131.5846354,135.36,118.98,323239.1717,216302.59,206191,-0.362110109,-0.33082804,roofs_top_kW,8760,217,cea,MULTI_RES,NONE,NONE,,roofs_top_kW,8760,3,0.766547422,0.698873163,0.464552283,0.966163337
Baixa_Alfama,B1302,matched,55.12983158,55.14,55.14,103489.3945,90159.73,95285,-0.079277635,-0.128802227,roofs_top_kW,8760,91,cea,MULTI_RES,NONE,NONE,,roofs_top_kW,8760,,,,,
Baixa_Alfama,B1303,matched,57.53630149,58.97,57.53,94183.32509,98312.78,97331.56,0.03342667,0.043844862,roofs_top_kW,8760,96,cea,MULTI_RES,NONE,NONE,,roofs_top_kW,8760,2,0.877390087,0.877586144,0.76655519,0.988224983
Baixa_Alfama,B1304,matched,84.20338937,84.2,84.2,217495.271,145586.39,147720.28,-0.320811532,-0.330622733,roofs_top_kW,8760,139,cea,MULTI_RES,NONE,NONE,,roofs_top_kW,8760,,,,,
Baixa_Alfama,B1307,matched,38.1701467,38.17,38.17,79719.28581,61466.72,60909.36,-0.235952011,-0.228960478,roofs_top_kW,8760,63,cea,MULTI_RES,NONE,NONE,,roofs_top_kW,8760,,,,,
Baixa_Alfama,B1308,matched,151.1795139,151.18,151.18,390200.6004,235983.53,235981.93,-0.395229198,-0.395225098,roofs_top_kW,8760,250,cea,MULTI_RES,NONE,NONE,,roofs_top_kW,8760,,,,,
Baixa_Alfama,B1309,matched,24.96276834,25.47,24.96,38219.99991,45268.26,41819.18,0.094170071,0.184412876,roofs_top_kW,8760,41,cea,MULTI_RES,NONE,NONE,,roofs_top_kW,8760,2,0.913158417,0.91302923,0.877095699,0.949221134
Baixa_Alfama,B1310,matched,18.28194767,18.28,18.28,50275.537,31385.79,31680.57,-0.369861131,-0.37572442,roofs_top_kW,8760,31,cea,MULTI_RES,NONE,NONE,,roofs_top_kW,8760,,,,,
Baixa_Alfama,B1311,matched,58.14779722,59.85,58.15,94874.29263,101800.24,100913.34,0.063653148,0.073001307,roofs_top_kW,8760,96,cea,MULTI_RES,NONE,NONE,,roofs_top_kW,8760,2,0.868684947,0.86806952,0.825908244,0.911461651
Baixa_Alfama,B1313,matched,34.72289655,34.72,34.72,76763.66144,53897.07,53570.14,-0.302141938,-0.297883022,roofs_top_kW,8760,58,cea,MULTI_RES,NONE,NONE,,roofs_top_kW,8760,,,,,
Baixa_Alfama,B1314,matched,47.0167572,48.47,47.02,122538.3181,75250.83,76913.89,-0.372327847,-0.385899601,roofs_top_kW,8760,77,cea,MULTI_RES,NONE,NONE,,roofs_top_kW,8760,2,0.96253261,0.962533415,0.926528752,0.998536468
Baixa_Alfama,B1316,matched,122.4171676,123.34,122.41,251119.5711,203773.09,195989.35,-0.219537732,-0.188541582,roofs_top_kW,8760,201,cea,MULTI_RES,NONE,NONE,,roofs_top_kW,8760,3,0.878338714,0.825127586,0.66962111,0.998459578
Baixa_Alfama,B1317,matched,78.37723238,80.25,78.36,139370.4111,130493.16,128188.14,-0.080234183,-0.063695379,roofs_top_kW,8760,129,cea,MULTI_RES,NONE,NONE,,roofs_top_kW,8760,2,0.995269805,0.995269354,0.994928122,0.995611489
Baixa_Alfama,B1318,matched,24.32062451,24.32,24.32,65841.51838,32357.6,32183.41,-0.511198848,-0.508553253,roofs_top_kW,8760,40,cea,MULTI_RES,NONE,NONE,,roofs_top_kW,8760,,,,,
Baixa_Alfama,B1319,matched,68.32615641,67.05,67.05,179092.2121,111441.02,111647.25,-0.376593495,-0.377745025,roofs_top_kW,8760,112,cea,MULTI_RES,NONE,NONE,,roofs_top_kW,8760,,,,,
Baixa_Alfama,B1321,matched,136.3370539,136.34,136.34,275051.2586,236279.99,236777.03,-0.139153076,-0.140960157,roofs_top_kW,8760,226,cea,MULTI_RES,NONE,NONE,,roofs_top_kW,8760,,,,,
Baixa_Alfama,B1322,matched,135.4919468,137.26,120.87,295161.3026,232384.2,209455.17,-0.290370492,-0.212687443,roofs_top_kW,8760,224,cea,MULTI_RES,NONE,NONE,,roofs_top_kW,8760,2,0.977582455,0.978255268,0.974839509,0.980325401
Baixa_Alfama,B1323,matched,98.69297567,104.27,78.19,129766.6793,121538.67,100843.79,-0.22288379,-0.063406179,roofs_top_kW,8760,163,cea,MULTI_RES,NONE,NONE,,roofs_top_kW,8760,3,0.77697586,0.569517908,0.418487638,0.99587667
Baixa_Alfama,B1324,matched,214.5388773,214.54,214.54,518331.4199,350580.31,350405.22,-0.323974572,-0.323636776,roofs_top_kW,8760,355,cea,MULTI_RES,NONE,NONE,,roofs_top_kW,8760,,,,,
Baixa_Alfama,B1326,matched,82.72617589,77.45,82.73,96772.91241,128840.09,143435.55,0.482186972,0.331365222,roofs_top_kW,8760,137,cea,MULTI_RES,NONE,NONE,,roofs_top_kW,8760,3,0.944062332,0.931845603,0.9017784,0.980956912
Baixa_Alfama,B1327,matched,53.10648616,53.11,53.11,101047.5992,80186.37,79891.85,-0.209364195,-0.206449529,roofs_top_kW,8760,88,cea,MULTI_RES,NONE,NONE,,roofs_top_kW,8760,,,,,
Baixa_Alfama,B1328,matched,55.02293056,56.92,55.02,101001.9039,93247.54,92382.14,-0.085342588,-0.076774433,roofs_top_kW,8760,88,cea,MULTI_RES,NONE,NONE,,roofs_top_kW,8760,2,0.701663852,0.706091276,0.667167187,0.736160517
Baixa_Alfama,B1329,matched,26.22243395,26.22,26.22,54738.70263,45028.1,45274.8,-0.172892344,-0.17739921,roofs_top_kW,8760,43,cea,MULTI_RES,NONE,NONE,,roofs_top_kW,8760,,,,,
Baixa_Alfama,B1332,matched,55.14425746,56.56,55.14,89781.33056,90147.76,95528.97,0.064018203,0.004081354,roofs_top_kW,8760,91,cea,MULTI_RES,NONE,NONE,,roofs_top_kW,8760,2,0.943908542,0.944148278,0.899880052,0.987937033
Baixa_Alfama,B1333,matched,58.75050845,60.3,58.75,129525.7935,86906.65,88515.99,-0.316614957,-0.329039818,roofs_top_kW,8760,96,cea,MULTI_RES,NONE,NONE,,roofs_top_kW,8760,2,0.864958644,0.860584185,0.79163748,0.938279808
Baixa_Alfama,B1335,matched,137.0010288,140.76,137.02,234399.4382,224158.41,221352.18,-0.055662498,-0.043690498,roofs_top_kW,8760,226,cea,MULTI_RES,NONE,NONE,,roofs_top_kW,8760,2,0.998711497,0.998713961,0.997729719,0.999693274
Baixa_Alfama,B1336,matched,22.53827479,22.54,22.54,57383.49375,38915.31,39096.24,-0.318684914,-0.321837911,roofs_top_kW,8760,35,cea,MULTI_RES,NONE,NONE,,roofs_top_kW,8760,,,,,
Baixa_Alfama,B1337,matched,33.55849951,34.2,33.56,52309.89475,46988.22,46845,-0.10447153,-0.101733616,roofs_top_kW,8760,55,cea,MULTI_RES,NONE,NONE,,roofs_top_kW,8760,2,0.993558198,0.993563117,0.987825811,0.999290586
Baixa_Alfama,B1338,matched,238.5334327,243.28,251.03,434700.6291,372643.87,393370.09,-0.095078167,-0.142757463,roofs_top_kW,8760,388,cea,MULTI_RES,NONE,NONE,,roofs_top_kW,8760,2,0.748542517,0.726859697,0.504205346,0.992879689
Baixa_Alfama,B1339,matched,34.09495182,35.05,34.09,70028.24481,55290.39,55212.89,-0.211562561,-0.210455865,roofs_top_kW,8760,55,cea,MULTI_RES,NONE,NONE,,roofs_top_kW,8760,2,0.997500569,0.997608702,0.996347845,0.998653293
Baixa_Alfama,B1340,matched,48.78940103,51.08,47.65,110784.7719,95306.8,81721.3,-0.262341759,-0.139712089,roofs_top_kW,8760,81,cea,SINGLE_RES,NONE,NONE,,roofs_top_kW,8760,3,0.654496213,0.649075512,0.521946728,0.831543207
Baixa_Alfama,B1341,matched,111.7238431,115.5,111.72,256099.8449,192889.8,193218.14,-0.245535896,-0.246817974,roofs_top_kW,8760,184,cea,MULTI_RES,NONE,NONE,,roofs_top_kW,8760,2,0.998491496,0.998495332,0.997085869,0.999897122
Baixa_Alfama,B1342,matched,68.7061211,70.54,70.54,164141.3828,122111.56,122224.4,-0.255371205,-0.256058661,roofs_top_kW,8760,112,cea,MULTI_RES,NONE,NONE,,roofs_top_kW,8760,,,,,
Baixa_Alfama,B1343,matched,76.05432265,77.89,76.05,147145.9541,132706.97,131555.75,-0.105950613,-0.098126953,roofs_top_kW,8760,126,cea,MULTI_RES,NONE,NONE,,roofs_top_kW,8760,2,0.964421928,0.964375918,0.949075639,0.979768217
Baixa_Alfama,B1344,matched,54.31510585,55.68,54.32,125037.6214,62382.93,64390.47,-0.485031231,-0.501086719,roofs_top_kW,8760,90,cea,MULTI_RES,NONE,NONE,,roofs_top_kW,8760,2,0.65341258,0.653404296,0.505458295,0.801366866
Baixa_Alfama,B1345,matched,37.39996598,37.4,37.4,67128.83138,62321.53,64927.05,-0.03279934,-0.071613065,roofs_top_kW,8760,60,cea,MULTI_RES,NONE,NONE,,roofs_top_kW,8760,,,,,
Baixa_Alfama,B1346,matched,43.8212961,44.4,44.37,59209.4905,54773.18,55199.8,-0.067720402,-0.074925666,roofs_top_kW,8760,72,cea,MULTI_RES,NONE,NONE,,roofs_top_kW,8760,3,0.705089331,0.713690324,0.556738317,0.855161726
Baixa_Alfama,B1348,matched,143.3153721,145.11,143.32,249751.9634,243843.56,248216.34,-0.006148594,-0.023657085,roofs_top_kW,8760,235,cea,MULTI_RES,NONE,NONE,,roofs_top_kW,8760,2,0.925652862,0.92565779,0.909839749,0.941465974
Baixa_Alfama,B1349,matched,36.31235254,36.31,36.31,78773.19581,52281.82,53294.1,-0.323448802,-0.336299366,roofs_top_kW,8760,64,cea,MULTI_RES,NONE,NONE,,roofs_top_kW,8760,,,,,
Baixa_Alfama,B1350,matched,52.47027881,53.95,52.47,85510.44548,90724.01,96714.43,0.131024747,0.060969914,roofs_top_kW,8760,88,cea,MULTI_RES,NONE,NONE,,roofs_top_kW,8760,2,0.963044077,0.964111877,0.952197194,0.97389096
Baixa_Alfama,B1351,matched,54.99957467,57.06,55,101706.6489,95774.15,95178.59,-0.064185174,-0.058329509,roofs_top_kW,8760,90,cea,MULTI_RES,NONE,NONE,,roofs_top_kW,8760,2,0.991635561,0.99162727,0.987536609,0.995734513
Baixa_Alfama,B1352,matched,99.93428786,101.17,99.93,248060.9883,180802.35,170337.14,-0.313325561,-0.271137508,roofs_top_kW,8760,163,cea,MULTI_RES,NONE,NONE,,roofs_top_kW,8760,3,0.978921711,0.980031103,0.970035732,0.983516872
Baixa_Alfama,B1353,matched,59.99498091,61.54,59.59,104308.9134,106364.53,103434.75,-0.008380524,0.019707008,roofs_top_kW,8760,99,cea,MULTI_RES,NONE,NONE,,roofs_top_kW,8760,2,0.96761772,0.966321578,0.954579532,0.980655909
Baixa_Alfama,B1356,matched,148.2585052,0,0,302635.7972,0,0,-1,-1,roofs_top_kW,8760,243,cea,MULTI_RES,NONE,NONE,,roofs_top_kW,8760,,,,,
Baixa_Alfama,B1357,matched,130.2255327,132.52,130.23,161187.366,205309.69,206752.23,0.282682602,0.273733141,roofs_top_kW,8760,217,cea,MULTI_RES,NONE,NONE,,roofs_top_kW,8760,2,0.756540328,0.731135703,0.546854973,0.966225684
Baixa_Alfama,B1358,matched,115.5764567,118.23,115.5,265888.6199,196268.66,194685.61,-0.267792619,-0.26183881,roofs_top_kW,8760,192,cea,MULTI_RES,NONE,NONE,,roofs_top_kW,8760,2,0.859737754,0.862916505,0.838596404,0.880879104
Baixa_Alfama,B1359,matched,274.1143429,274.11,274.11,604041.5075,450789.19,450550.43,-0.254106838,-0.253711567,roofs_top_kW,8760,450,cea,MULTI_RES,NONE,NONE,,roofs_top_kW,8760,,,,,
Baixa_Alfama,B1360,matched,170.1033102,173.37,170.1,270047.3538,292298.23,295258.41,0.093357909,0.082396202,roofs_top_kW,8760,277,cea,MULTI_RES,NONE,NONE,,roofs_top_kW,8760,2,0.962838292,0.970714799,0.927673757,0.998002827
Baixa_Alfama,B1362,matched,35.24046437,35.98,35.24,51055.19873,56115.81,49601.92,-0.028464853,0.099120391,roofs_top_kW,8760,59,cea,MULTI_RES,NONE,NONE,,roofs_top_kW,8760,2,0.977601111,0.979518369,0.97052604,0.984676182
Baixa_Alfama,B1363,matched,135.8228364,144.75,144.75,284529.7779,243194.12,242405.17,-0.14804991,-0.145277089,roofs_top_kW,8760,223,cea,MULTI_RES,NONE,NONE,,roofs_top_kW,8760,,,,,
Baixa_Alfama,B1365,matched,95.14822884,101.72,101.72,249920.2253,173476.93,173458.65,-0.305943927,-0.305870784,roofs_top_kW,8760,155,cea,MULTI_RES,NONE,NONE,,roofs_top_kW,8760,,,,,
Baixa_Alfama,B1366,matched,181.4171522,171.08,171.08,274689.1263,294264.75,293585.62,0.068792289,0.071264647,roofs_top_kW,8760,299,cea,MULTI_RES,NONE,NONE,,roofs_top_kW,8760,,,,,
Baixa_Alfama,B1367,matched,85.92536231,77.06,77.06,122219.9034,89891.21,96993.46,-0.206402089,-0.26451251,roofs_top_kW,8760,141,cea,MULTI_RES,NONE,NONE,,roofs_top_kW,8760,,,,,
Baixa_Alfama,B1368,matched,83.52008334,87.9,83.6,87466.24195,160596.78,143251.1,0.637787297,0.836100151,roofs_top_kW,8760,137,cea,MULTI_RES,NONE,NONE,,roofs_top_kW,8760,1,0.541682243,0.541682243,0.541682243,0.541682243
Baixa_Alfama,B1369,matched,84.23859027,84.24,84.24,166604.2513,140089.47,142002.14,-0.147667968,-0.159148288,roofs_top_kW,8760,140,cea,MULTI_RES,NONE,NONE,,roofs_top_kW,8760,,,,,
Baixa_Alfama,B1374,matched,316.4436086,323.61,320.19,790622.8761,558435.77,555912.44,-0.296867752,-0.29367618,roofs_top_kW,8760,517,cea,MULTI_RES,NONE,NONE,,roofs_top_kW,8760,2,0.522244036,0.521317192,0.513137937,0.531350136
Baixa_Alfama,B1375,matched,343.5364192,352.84,343.54,756653.4907,534068.33,580754.71,-0.232469397,-0.294170533,roofs_top_kW,8760,565,cea,MULTI_RES,NONE,NONE,,roofs_top_kW,8760,1,0.9354195,0.9354195,0.9354195,0.9354195
Baixa_Alfama,B1376,matched,24.70702094,24.71,24.71,46051.29031,41999.85,41982.33,-0.08835714,-0.087976695,roofs_top_kW,8760,42,cea,MULTI_RES,NONE,NONE,,roofs_top_kW,8760,,,,,
Baixa_Alfama,B1377,matched,137.5150956,137.52,137.52,302754.0189,237369.88,237708.58,-0.214845831,-0.215964561,roofs_top_kW,8760,223,cea,MULTI_RES,NONE,NONE,,roofs_top_kW,8760,,,,,
Baixa_Alfama,B1378,matched,37.16241224,37.16,37.16,82687.282,60089.17,60359.81,-0.270023049,-0.273296104,roofs_top_kW,8760,60,cea,MULTI_RES,NONE,NONE,,roofs_top_kW,8760,,,,,
Baixa_Alfama,B1380,matched,93.07455739,93.07,93.07,189232.0335,159836.47,161244.87,-0.147898656,-0.155341371,roofs_top_kW,8760,154,cea,MULTI_RES,NONE,NONE,,roofs_top_kW,8760,,,,,
Baixa_Alfama,B1381,matched,177.6795342,171.78,177.68,353835.3543,298043.67,299401.06,-0.153840744,-0.157676964,roofs_top_kW,8760,295,cea,MULTI_RES,NONE,NONE,,roofs_top_kW,8760,3,0.811613977,0.713390738,0.513200223,0.978313982
Baixa_Alfama,B1382,matched,135.8167396,137,135.82,318994.1442,232173.61,233948.05,-0.26660707,-0.27216968,roofs_top_kW,8760,225,cea,MULTI_RES,NONE,NONE,,roofs_top_kW,8760,2,0.70425263,0.703739517,0.433891118,0.974614143
Baixa_Alfama,B1383,matched,149.0888967,152.9,148.42,270433.9603,221674.06,234673.22,-0.132234651,-0.18030243,roofs_top_kW,8760,245,cea,MULTI_RES,NONE,NONE,,roofs_top_kW,8760,2,0.808435678,0.79990646,0.72795552,0.888915837
Baixa_Alfama,B1384,matched,44.00234444,44,44,62883.69109,55568.43,60850.72,-0.032329067,-0.116330021,roofs_top_kW,8760,72,cea,MULTI_RES,NONE,NONE,,roofs_top_kW,8760,,,,,
Baixa_Alfama,B1385,matched,84.67083509,84.67,84.67,140519.8183,136607.77,137138.79,-0.024060864,-0.027839833,roofs_top_kW,8760,137,cea,MULTI_RES,NONE,NONE,,roofs_top_kW,8760,,,,,
Baixa_Alfama,B1386,matched,37.50597923,37.51,37.51,93943.49969,64404.55,64755.1,-0.310701643,-0.314433141,roofs_top_kW,8760,64,cea,MULTI_RES,NONE,NONE,,roofs_top_kW,8760,,,,,
Baixa_Alfama,B1388,matched,197.2810409,199.38,197.28,438373.8177,344196.92,338312.98,-0.228254594,-0.214832396,roofs_top_kW,8760,324,cea,MULTI_RES,NONE,NONE,,roofs_top_kW,8760,3,0.806951106,0.833951393,0.732176483,0.91365546
Baixa_Alfama,B1389,matched,139.9224693,142.87,139.89,225353.2253,243106.2,241734.42,0.072691192,0.078778436,roofs_top_kW,8760,232,cea,MULTI_RES,NONE,NONE,,roofs_top_kW,8760,2,0.677125782,0.677244564,0.588036418,0.766215146
Baixa_Alfama,B1391,matched,169.2350606,177.45,169.85,338338.4982,242670.13,258037.95,-0.237337899,-0.282759333,roofs_top_kW,8760,279,cea,MULTI_RES,NONE,NONE,,roofs_top_kW,8760,3,0.767812888,0.686945549,0.451542437,0.93406415
Baixa_Alfama,B1392,matched,337.4634762,321.89,321.89,752045.3197,524834.97,537409.47,-0.285402813,-0.302123215,roofs_top_kW,8760,558,cea,MULTI_RES,NONE,NONE,,roofs_top_kW,8760,,,,,
Baixa_Alfama,B1393,matched,92.66160445,94.24,92.69,129270.4007,161712.27,156798.52,0.212949903,0.250961311,roofs_top_kW,8760,151,cea,MULTI_RES,NONE,NONE,,roofs_top_kW,8760,3,0.667064786,0.738029215,0.508528173,0.782633066
Baixa_Alfama,B1394,matched,304.7140595,313.78,313.78,615521.8971,449173.06,448573.69,-0.27123033,-0.270256571,roofs_top_kW,8760,502,cea,MULTI_RES,NONE,NONE,,roofs_top_kW,8760,,,,,
Baixa_Alfama,B1396,matched,387.5619734,400.62,385.23,915170.9213,641423.81,634975.4,-0.306167422,-0.299121295,roofs_top_kW,8760,638,cea,MULTI_RES,NONE,NONE,,roofs_top_kW,8760,4,0.64169018,0.676520751,0.529005647,0.905061901
Baixa_Alfama,B1399,matched,80.93223005,80.93,80.93,204060.4898,132648.01,134784.39,-0.33948806,-0.349957407,roofs_top_kW,8760,134,cea,MULTI_RES,NONE,NONE,,roofs_top_kW,8760,,,,,
Baixa_Alfama,B1401,matched,54.70638682,56.92,54.71,99457.80234,87013.69,93064.02,-0.064286383,-0.125119519,roofs_top_kW,8760,89,cea,SINGLE_RES,NONE,NONE,,roofs_top_kW,8760,3,0.557656825,0.578081818,0.43310982,0.63567543
Baixa_Alfama,B1402,matched,60.52248428,61.05,60.54,98299.17813,103900.4,105070.73,0.068887167,0.05698137,roofs_top_kW,8760,100,cea,MULTI_RES,NONE,NONE,,roofs_top_kW,8760,3,0.53654626,0.522151102,0.463022321,0.66965133
Baixa_Alfama,B1404,matched,138.4407023,140.85,138.44,307612.3825,226999.74,226789.8,-0.262741642,-0.26205916,roofs_top_kW,8760,222,cea,MULTI_RES,NONE,NONE,,roofs_top_kW,8760,2,0.727105856,0.719127101,0.586128175,0.868083537
Baixa_Alfama,B1405,matched,129.0282359,129.03,129.03,299670.737,218733.21,220303.13,-0.264849374,-0.27008819,roofs_top_kW,8760,211,cea,MULTI_RES,NONE,NONE,,roofs_top_kW,8760,,,,,
Baixa_Alfama,B1406,matched,29.10935819,29.11,29.11,86598.45175,49709.63,49854.48,-0.424302872,-0.425975534,roofs_top_kW,8760,52,cea,MULTI_RES,NONE,NONE,,roofs_top_kW,8760,,,,,
Baixa_Alfama,B1407,matched,72.70144908,72.7,72.7,145685.7122,119818.13,120374.96,-0.173735309,-0.177557441,roofs_top_kW,8760,120,cea,MULTI_RES,NONE,NONE,,roofs_top_kW,8760,,,,,
Baixa_Alfama,B1410,matched,45.36016783,42.12,42.12,111621.1913,61486.72,61115.92,-0.452470277,-0.449148327,roofs_top_kW,8760,76,cea,MULTI_RES,NONE,NONE,,roofs_top_kW,8760,,,,,
Baixa_Alfama,B1412,matched,55.73993334,57.06,55.74,89693.81325,99418.5,96700.82,0.078121405,0.108420931,roofs_top_kW,8760,92,cea,MULTI_RES,NONE,NONE,,roofs_top_kW,8760,2,0.766421854,0.766657226,0.651729167,0.881114542
Baixa_Alfama,B1413,matched,52.81525743,54.01,52.82,104356.1498,87613.77,88497.14,-0.151970055,-0.160435009,roofs_top_kW,8760,87,cea,SINGLE_RES,NONE,NONE,,roofs_top_kW,8760,2,0.738642544,0.749996677,0.629316926,0.847968161
Baixa_Alfama,B1416,matched,43.62468502,43.61,43.61,59475.17616,63249.28,70783.23,0.190130649,0.063456791,roofs_top_kW,8760,74,cea,MULTI_RES,NONE,NONE,,roofs_top_kW,8760,,,,,
Baixa_Alfama,B1417,matched,53.23547549,53.24,53.24,86483.18344,91767.02,92080.46,0.064720982,0.061096694,roofs_top_kW,8760,78,cea,MULTI_RES,NONE,NONE,,roofs_top_kW,8760,,,,,
Baixa_Alfama,B1418,matched,52.24061679,53.87,52.24,117129.094,85701.79,90264.02,-0.229362945,-0.268313388,roofs_top_kW,8760,85,cea,MULTI_RES,NONE,NONE,,roofs_top_kW,8760,2,0.799634516,0.799649969,0.77425909,0.825009942
Baixa_Alfama,B1419,matched,83.68226518,84.47,83.68,111789.018,136425.84,145159.46,0.298512703,0.220386782,roofs_top_kW,8760,140,cea,MULTI_RES,NONE,NONE,,roofs_top_kW,8760,2,0.452872887,0.452462313,0.409040928,0.496704847
Baixa_Alfama,B1421,matched,52.10129512,53.03,52.1,96368.42494,85775.84,84763.71,-0.120420303,-0.109917589,roofs_top_kW,8760,86,cea,MULTI_RES,NONE,NONE,,roofs_top_kW,8760,2,0.794638187,0.794644659,0.765247166,0.824029207
Baixa_Alfama,B1422,matched,119.826929,123.58,118.82,205857.7367,206008.84,197208,-0.042018031,0.000734018,roofs_top_kW,8760,198,cea,MULTI_RES,NONE,NONE,,roofs_top_kW,8760,2,0.951179653,0.951211763,0.933627963,0.968731344
Baixa_Alfama,B1423,matched,44.84113654,45.08,45.08,109445.8761,66982.41,66629.08,-0.391214339,-0.387985986,roofs_top_kW,8760,74,cea,MULTI_RES,NONE,NONE,,roofs_top_kW,8760,,,,,
Baixa_Alfama,B1425,matched,52.44387372,54.18,52.44,75683.99203,81872.32,81937.85,0.082631185,0.081765348,roofs_top_kW,8760,82,cea,MULTI_RES,NONE,NONE,,roofs_top_kW,8760,2,0.996348709,0.996348172,0.995858848,0.99683857
Baixa_Alfama,B1430,matched,155.625733,159.18,155.63,247973.4334,264269.07,270126.86,0.089337903,0.065715252,roofs_top_kW,8760,257,cea,MULTI_RES,NONE,NONE,,roofs_top_kW,8760,2,0.891468048,0.909433168,0.826583147,0.956352949
Baixa_Alfama,B1431,matched,87.96662041,87.97,87.97,214907.6621,133069.75,136049.89,-0.366937927,-0.380804999,roofs_top_kW,8760,145,cea,MULTI_RES,NONE,NONE,,roofs_top_kW,8760,,,,,
Baixa_Alfama,B1432,matched,68.57535044,68.58,68.58,145937.7459,109391.59,110274.68,-0.244371774,-0.250422916,roofs_top_kW,8760,113,cea,MULTI_RES,NONE,NONE,,roofs_top_kW,8760,,,,,
Baixa_Alfama,B1433,matched,74.20928423,76,74.21,105040.7082,117234.93,127562.62,0.214411272,0.116090438,roofs_top_kW,8760,122,cea,MULTI_RES,NONE,NONE,,roofs_top_kW,8760,2,0.752151817,0.753512352,0.725502133,0.778801501
Baixa_Alfama,B1435,matched,56.06979914,56.62,56.03,130893.1867,97803.03,94571.61,-0.277490201,-0.252802743,roofs_top_kW,8760,93,cea,SINGLE_RES,NONE,NONE,,roofs_top_kW,8760,3,0.799337586,0.818972548,0.632212222,0.889617562
Baixa_Alfama,B1437,matched,61.94845322,61.95,61.95,99836.11516,89083.62,98107.74,-0.017312124,-0.107701458,roofs_top_kW,8760,101,cea,MULTI_RES,NONE,NONE,,roofs_top_kW,8760,,,,,
Baixa_Alfama,B1438,matched,54.18373263,54.56,51.82,114885.6838,80937.33,78545.01,-0.316320298,-0.295496816,roofs_top_kW,8760,89,cea,SINGLE_RES,NONE,NONE,,roofs_top_kW,8760,3,0.694963952,0.641565157,0.607606769,0.847968161
Baixa_Alfama,B1439,matched,81.21206519,83.7,81.21,140849.0221,117855.85,122133.38,-0.132877331,-0.163246941,roofs_top_kW,8760,130,cea,MULTI_RES,NONE,NONE,,roofs_top_kW,8760,2,0.944401354,0.944446678,0.905081451,0.983721256
Baixa_Alfama,B1440,matched,81.61295139,81.58,81.58,180507.6722,140124.57,140023.55,-0.224279233,-0.223719589,roofs_top_kW,8760,134,cea,MULTI_RES,NONE,NONE,,roofs_top_kW,8760,,,,,
Baixa_Alfama,B1444,matched,91.71872974,93.81,93.16,161761.9034,145498.96,137000.33,-0.153074197,-0.100536301,roofs_top_kW,8760,152,cea,MULTI_RES,NONE,NONE,,roofs_top_kW,8760,1,0.875829458,0.875829458,0.875829458,0.875829458
Baixa_Alfama,B1445,matched,121.3517528,121.35,121.35,128677.2264,170674.49,187372.7,0.456145001,0.326376817,roofs_top_kW,8760,200,cea,MULTI_RES,NONE,NONE,,roofs_top_kW,8760,,,,,
Baixa_Alfama,B1447,matched,502.015664,502.26,502.26,1023637.082,866251.95,872831.98,-0.147322821,-0.15375091,roofs_top_kW,8760,828,cea,MULTI_RES,NONE,NONE,,roofs_top_kW,8760,,,,,
Baixa_Alfama,B1448,matched,376.1673703,385.72,360.38,805939.7577,679668.29,605170.62,-0.249111842,-0.156676062,roofs_top_kW,8760,616,cea,MULTI_RES,NONE,NONE,,roofs_top_kW,8760,3,0.641008904,0.582251808,0.447750956,0.867871404
Baixa_Alfama,B1450,matched,257.8935934,234.39,234.39,470002.0993,402602.23,401897.07,-0.14490367,-0.143403337,roofs_top_kW,8760,423,cea,MULTI_RES,NONE,NONE,,roofs_top_kW,8760,,,,,
Baixa_Alfama,B1452,matched,213.3456707,213.37,213.37,411864.6058,359340.57,362561.44,-0.119707217,-0.127527433,roofs_top_kW,8760,350,cea,MULTI_RES,NONE,NONE,,roofs_top_kW,8760,,,,,
Baixa_Alfama,B1453,matched,210.6005381,215.41,210.6,454246.6191,366194.89,365930.05,-0.194424274,-0.193841243,roofs_top_kW,8760,348,cea,MULTI_RES,NONE,NONE,,roofs_top_kW,8760,2,0.87289691,0.874734396,0.847210884,0.898582935
Baixa_Alfama,B1454,matched,47.78650763,47.57,47.57,106806.3786,79657.16,78001.5,-0.269692494,-0.254190985,roofs_top_kW,8760,80,cea,MULTI_RES,NONE,NONE,,roofs_top_kW,8760,,,,,
Baixa_Alfama,B1455,matched,59.79512861,60.79,0,119097.8269,67111.7,0,-1,-0.436499374,roofs_top_kW,8760,100,cea,MULTI_RES,NONE,NONE,,roofs_top_kW,8760,2,0.794638187,0.784216112,0.765247166,0.824029207
Baixa_Alfama,B1456,matched,138.1416315,138.96,138.12,263955.7898,233996.36,230157.05,-0.128046972,-0.113501696,roofs_top_kW,8760,226,cea,MULTI_RES,NONE,NONE,,roofs_top_kW,8760,2,0.846367925,0.820344944,0.745322287,0.947413564
Baixa_Alfama,B1457,matched,241.962386,241.96,241.96,507543.4051,393077.63,402106.08,-0.207740509,-0.225529036,roofs_top_kW,8760,401,cea,MULTI_RES,NONE,NONE,,roofs_top_kW,8760,,,,,
Baixa_Alfama,B1458,matched,148.0342522,151,147.99,282173.3429,217587.42,197602.93,-0.299710852,-0.2288874,roofs_top_kW,8760,244,cea,MULTI_RES,NONE,NONE,,roofs_top_kW,8760,3,0.616261919,0.615174053,0.572974443,0.664066255
Baixa_Alfama,B1459,matched,689.4333827,697.09,689.43,1706028.325,1162334.46,1155270.46,-0.322830434,-0.318689823,roofs_top_kW,8760,1140,cea,MULTI_RES,NONE,NONE,,roofs_top_kW,8760,2,0.707637846,0.740466526,0.514591753,0.900683939
Baixa_Alfama,B1460,matched,100.156383,99.32,99.32,199881.5063,157456.12,162287.88,-0.188079563,-0.212252685,roofs_top_kW,8760,161,cea,MULTI_RES,NONE,NONE,,roofs_top_kW,8760,,,,,
Baixa_Alfama,B1461,matched,737.4431127,733.02,733.02,1570117.05,1251124.15,1250957.28,-0.203271323,-0.203165044,roofs_top_kW,8760,1222,cea,MULTI_RES,NONE,NONE,,roofs_top_kW,8760,,,,,
Baixa_Alfama,B1464,matched,66.10055777,68.16,66.1,72159.76995,116648.09,112616.79,0.560658939,0.616525248,roofs_top_kW,8760,108,cea,MULTI_RES,NONE,NONE,,roofs_top_kW,8760,2,0.951537102,0.943913187,0.926499486,0.976574719
Baixa_Alfama,B1465,matched,63.50187065,63.5,63.5,112897.4067,89016.45,98231.19,-0.129907472,-0.211527947,roofs_top_kW,8760,102,cea,MULTI_RES,NONE,NONE,,roofs_top_kW,8760,,,,,
Baixa_Alfama,B1469,matched,65.88506362,67.3,65.89,146919.1619,116669.3,111250.98,-0.242774199,-0.205894599,roofs_top_kW,8760,109,cea,MULTI_RES,NONE,NONE,,roofs_top_kW,8760,3,0.805940648,0.751028962,0.576049268,0.939940631
Baixa_Alfama,B1470,matched,71.73843344,71.74,71.74,171097.4118,97706.33,98444.58,-0.424628468,-0.428943261,roofs_top_kW,8760,118,cea,MULTI_RES,NONE,NONE,,roofs_top_kW,8760,,,,,
Baixa_Alfama,B1472,matched,73.05129969,74.57,73.05,155254.6415,129501.04,123668.6,-0.203446681,-0.165879753,roofs_top_kW,8760,121,cea,MULTI_RES,NONE,NONE,,roofs_top_kW,8760,3,0.805940648,0.740317874,0.576049268,0.939940631
Baixa_Alfama,B1477,matched,57.39516781,57.73,57.73,163226.6155,94440.18,94701.23,-0.419817475,-0.421416785,roofs_top_kW,8760,97,cea,MULTI_RES,NONE,NONE,,roofs_top_kW,8760,,,,,
Baixa_Alfama,B1478,matched,165.4057052,168.23,167.78,350006.0014,259263.27,280285.19,-0.199198903,-0.259260501,roofs_top_kW,8760,277,cea,MULTI_RES,NONE,NONE,,roofs_top_kW,8760,2,0.829486996,0.837941829,0.667638421,0.991335571
Baixa_Alfama,B1479,matched,104.7916997,107.13,105.27,185683.7157,180689.66,179636.03,-0.032569823,-0.026895496,roofs_top_kW,8760,174,cea,MULTI_RES,NONE,NONE,,roofs_top_kW,8760,2,0.982381105,0.982361592,0.969687998,0.995074213
Baixa_Alfama,B1483,matched,18.86395963,18.86,18.86,35838.89231,31462.72,31897.1,-0.109986444,-0.122106796,roofs_top_kW,8760,31,cea,MULTI_RES,NONE,NONE,,roofs_top_kW,8760,,,,,
Baixa_Alfama,B1484,matched,94.57463652,96.95,91.5,232854.6383,165270.56,158655.39,-0.318650506,-0.290241495,roofs_top_kW,8760,155,cea,MULTI_RES,NONE,NONE,,roofs_top_kW,8760,2,0.868066311,0.869100832,0.751334608,0.984798014
Baixa_Alfama,B1485,matched,112.5185356,114.97,110.61,269977.6752,191193.13,191537.71,-0.290542413,-0.291818741,roofs_top_kW,8760,184,cea,MULTI_RES,NONE,NONE,,roofs_top_kW,8760,3,0.758103937,0.792802159,0.490331441,0.917693019
Baixa_Alfama,B1486,matched,85.54236384,87.17,85.54,124054.2717,93613.89,101289.67,-0.183505182,-0.245379553,roofs_top_kW,8760,141,cea,MULTI_RES,NONE,NONE,,roofs_top_kW,8760,2,0.687629312,0.692619996,0.536623478,0.838635147
Baixa_Alfama,B1488,matched,136.7376547,107.13,107.13,301605.5011,173743.34,182191.21,-0.395928757,-0.423938425,roofs_top_kW,8760,223,cea,MULTI_RES,NONE,NONE,,roofs_top_kW,8760,,,,,
Baixa_Alfama,B1489,matched,39.46265012,29.55,36.32,97724.57469,46697.28,54767.77,-0.439570137,-0.522154175,roofs_top_kW,8760,69,cea,MULTI_RES,NONE,NONE,,roofs_top_kW,8760,2,0.94734928,0.937245911,0.901417077,0.993281484
Baixa_Alfama,B1490,matched,41.50803867,41.51,41.51,56399.87663,61628.59,61904.77,0.097604706,0.092707887,roofs_top_kW,8760,64,cea,MULTI_RES,NONE,NONE,,roofs_top_kW,8760,,,,,
Baixa_Alfama,B1491,matched,22.11878819,22.12,22.12,27410.76791,35828.75,36502.78,0.331694906,0.307104935,roofs_top_kW,8760,36,cea,MULTI_RES,NONE,NONE,,roofs_top_kW,8760,,,,,
Baixa_Alfama,B1492,matched,49.73487054,50.72,49.73,62511.86522,64036.42,59314.96,-0.051140775,0.024388247,roofs_top_kW,8760,81,cea,MULTI_RES,NONE,NONE,,roofs_top_kW,8760,1,0.659863651,0.659863651,0.659863651,0.659863651
Baixa_Alfama,B1493,matched,91.99070392,83.45,91.62,204812.0778,121077.53,136153.99,-0.3352248,-0.408835986,roofs_top_kW,8760,152,cea,MULTI_RES,NONE,NONE,,roofs_top_kW,8760,3,0.752850284,0.657568027,0.40270564,0.939720452
Baixa_Alfama,B1494,matched,35.48437552,36.52,35.48,60455.55456,55513.57,60350.73,-0.001733911,-0.081745749,roofs_top_kW,8760,58,cea,MULTI_RES,NONE,NONE,,roofs_top_kW,8760,1,0.828577161,0.828577161,0.828577161,0.828577161
Baixa_Alfama,B1495,matched,88.63043405,90.16,88.28,223914.7774,153952.73,150801.84,-0.32652127,-0.312449443,roofs_top_kW,8760,146,cea,MULTI_RES,NONE,NONE,,roofs_top_kW,8760,2,0.589097157,0.578716624,0.469900757,0.708293557
Baixa_Alfama,B1496,matched,119.9863398,122.69,125.17,217679.8749,178275.57,184833.9,-0.150891188,-0.181019513,roofs_top_kW,8760,201,cea,MULTI_RES,NONE,NONE,,roofs_top_kW,8760,1,0.961782694,0.961782694,0.961782694,0.961782694
Baixa_Alfama,B1497,matched,40.46005694,40.46,40.46,68900.12852,65572.03,65497.07,-0.049391178,-0.048303227,roofs_top_kW,8760,69,cea,MULTI_RES,NONE,NONE,,roofs_top_kW,8760,,,,,
Baixa_Alfama,B1499,matched,67.11593733,68.26,68.75,98093.46114,104041.16,115499.91,0.177447596,0.06063298,roofs_top_kW,8760,109,cea,MULTI_RES,NONE,NONE,,roofs_top_kW,8760,2,0.863382995,0.879119737,0.739972413,0.986793578
Baixa_Alfama,B1500,matched,36.66320647,37.43,36.66,64293.54964,41931.65,44174.95,-0.312917855,-0.34780938,roofs_top_kW,8760,59,cea,MULTI_RES,NONE,NONE,,roofs_top_kW,8760,3,0.620078166,0.55763758,0.431115299,0.975790322
Baixa_Alfama,B1501,matched,227.939202,228.92,228.92,554967.9299,363159.52,362297.13,-0.347174656,-0.34562071,roofs_top_kW,8760,376,cea,MULTI_RES,NONE,NONE,,roofs_top_kW,8760,,,,,
Baixa_Alfama,B1502,matched,127.4003498,122.86,127,276579.6433,211668.72,218818.8,-0.208839821,-0.234691615,roofs_top_kW,8760,210,cea,MULTI_RES,NONE,NONE,,roofs_top_kW,8760,3,0.740921577,0.628278319,0.411749959,0.920410275
Baixa_Alfama,B1503,matched,44.03587469,44.04,44.04,84524.97419,47472.46,49448.22,-0.414986867,-0.438361733,roofs_top_kW,8760,73,cea,MULTI_RES,NONE,NONE,,roofs_top_kW,8760,,,,,
Baixa_Alfama,B1505,matched,27.74908452,27.75,27.75,62170.64125,37267.96,38964.79,-0.373260606,-0.400553714,roofs_top_kW,8760,46,cea,MULTI_RES,NONE,NONE,,roofs_top_kW,8760,,,,,
Baixa_Alfama,B1506,matched,34.50584548,35.51,34.51,77527.67188,55259.52,59293.03,-0.235201721,-0.287228435,roofs_top_kW,8760,56,cea,MULTI_RES,NONE,NONE,,roofs_top_kW,8760,1,0.828577161,0.828577161,0.828577161,0.828577161
Baixa_Alfama,B1507,matched,123.291182,125.15,124.86,224860.3041,194216.32,213624.64,-0.049967308,-0.136280097,roofs_top_kW,8760,202,cea,MULTI_RES,NONE,NONE,,roofs_top_kW,8760,1,0.918855309,0.918855309,0.918855309,0.918855309
Baixa_Alfama,B1508,matched,70.11153974,71.36,67.79,125928.1343,111754.63,106312.64,-0.15576737,-0.112552325,roofs_top_kW,8760,116,cea,MULTI_RES,NONE,NONE,,roofs_top_kW,8760,2,0.976306885,0.974269615,0.955021799,0.997591972
Baixa_Alfama,B1509,matched,196.1636093,203.41,194.57,410540.4769,350998.23,321683.59,-0.216438797,-0.145033804,roofs_top_kW,8760,323,cea,MULTI_RES,NONE,NONE,,roofs_top_kW,8760,1,0.986439228,0.986439228,0.986439228,0.986439228
Baixa_Alfama,B1510,matched,38.55346243,39.25,38.55,56359.09659,48189.52,56757.66,0.007071856,-0.144955776,roofs_top_kW,8760,63,cea,MULTI_RES,NONE,NONE,,roofs_top_kW,8760,3,0.790484905,0.716485741,0.514190972,0.957425416
Baixa_Alfama,B1511,matched,76.59777291,76.6,76.6,169344.7368,120585.42,124837.64,-0.262819486,-0.287929331,roofs_top_kW,8760,125,cea,MULTI_RES,NONE,NONE,,roofs_top_kW,8760,,,,,
Baixa_Alfama,B1512,matched,53.87431625,53.87,53.87,124644.1994,43080.07,52797.1,-0.576417513,-0.654375653,roofs_top_kW,8760,89,cea,MULTI_RES,NONE,NONE,,roofs_top_kW,8760,,,,,
Baixa_Alfama,B1513,matched,43.48474475,40.06,40.06,73836.36775,55858.18,61196.99,-0.171180925,-0.243486893,roofs_top_kW,8760,73,cea,MULTI_RES,NONE,NONE,,roofs_top_kW,8760,,,,,
Baixa_Alfama,B1514,matched,88.22330324,89.59,88.2,225819.5946,144607.8,144100.35,-0.361878449,-0.359631301,roofs_top_kW,8760,146,cea,MULTI_RES,NONE,NONE,,roofs_top_kW,8760,3,0.79849116,0.697367486,0.405516803,0.997225523
Baixa_Alfama,B1515,matched,46.02622775,46.52,46.03,78121.25403,74551.01,75829.36,-0.02933765,-0.045701315,roofs_top_kW,8760,75,cea,MULTI_RES,NONE,NONE,,roofs_top_kW,8760,2,0.845864654,0.849153695,0.704571784,0.987157524
Baixa_Alfama,B1516,matched,36.94543898,36.95,36.95,97107.71713,56898.03,59606.55,-0.386181122,-0.414073035,roofs_top_kW,8760,57,cea,MULTI_RES,NONE,NONE,,roofs_top_kW,8760,,,,,
Baixa_Alfama,B1517,matched,41.23130123,41.24,41.24,59110.59622,70236.45,71228.16,0.204998165,0.18822097,roofs_top_kW,8760,69,cea,MULTI_RES,NONE,NONE,,roofs_top_kW,8760,,,,,
Baixa_Alfama,B1518,matched,98.92312567,101.56,98.92,195062.1096,162312.39,161058.84,-0.174320219,-0.167893804,roofs_top_kW,8760,163,cea,MULTI_RES,NONE,NONE,,roofs_top_kW,8760,2,0.927926898,0.926409925,0.881278872,0.974574924
Baixa_Alfama,B1519,matched,289.2173635,291.9,286.24,730582.6422,415193.53,401963.98,-0.449803545,-0.431695326,roofs_top_kW,8760,474,cea,MULTI_RES,NONE,NONE,,roofs_top_kW,8760,3,0.643268953,0.577170191,0.444668919,0.881565511
Baixa_Alfama,B1521,matched,72.69654634,75.71,72.7,176339.1696,145338.76,125652.65,-0.287437668,-0.175799907,roofs_top_kW,8760,120,cea,MULTI_RES,NONE,NONE,,roofs_top_kW,8760,1,0.868992209,0.868992209,0.868992209,0.868992209
Baixa_Alfama,B1522,matched,193.5907283,198.3,193.59,413267.403,327392.55,314564.72,-0.23883491,-0.207794886,roofs_top_kW,8760,319,cea,MULTI_RES,NONE,NONE,,roofs_top_kW,8760,2,0.903806329,0.917524648,0.809824467,0.997788191
Baixa_Alfama,B1523,matched,42.63764394,40.72,40.72,96156.13281,33726.4,36131.88,-0.624237384,-0.649253781,roofs_top_kW,8760,71,cea,MULTI_RES,NONE,NONE,,roofs_top_kW,8760,,,,,
Baixa_Alfama,B1524,matched,125.2273079,127.42,125.09,192942.949,184459.12,187067.26,-0.030452987,-0.043970661,roofs_top_kW,8760,210,cea,MULTI_RES,NONE,NONE,,roofs_top_kW,8760,2,0.752415657,0.757799685,0.55332911,0.951502204
Baixa_Alfama,B1525,matched,53.89275419,55.14,53.89,118973.0079,85513.67,92625.93,-0.221454247,-0.281234697,roofs_top_kW,8760,89,cea,MULTI_RES,NONE,NONE,,roofs_top_kW,8760,1,0.838923454,0.838923454,0.838923454,0.838923454
Baixa_Alfama,B1526,matched,35.56340224,36.5,30.24,62685.59616,53715.92,40211.31,-0.358523928,-0.143089908,roofs_top_kW,8760,59,cea,MULTI_RES,NONE,NONE,,roofs_top_kW,8760,3,0.798570474,0.738440686,0.585699439,0.9483127
Baixa_Alfama,B1527,matched,86.1254857,87.86,85.29,198251.5254,162199.6,145314.54,-0.267019309,-0.181849423,roofs_top_kW,8760,145,cea,MULTI_RES,NONE,NONE,,roofs_top_kW,8760,1,0.999071598,0.999071598,0.999071598,0.999071598
Baixa_Alfama,B1528,matched,37.46604971,38.49,37.47,71878.55325,51698.83,54188.83,-0.246105722,-0.280747488,roofs_top_kW,8760,62,cea,MULTI_RES,NONE,NONE,,roofs_top_kW,8760,2,0.953056186,0.953332776,0.947657049,0.958455324
Baixa_Alfama,B1529,matched,48.87657204,49.34,48.88,93964.13575,66706.62,67665.06,-0.279884187,-0.290084249,roofs_top_kW,8760,81,cea,MULTI_RES,NONE,NONE,,roofs_top_kW,8760,2,0.905357927,0.907557603,0.825729728,0.984986126
Baixa_Alfama,B1530,matched,37.53268637,38.55,37.49,76702.14594,51115.29,49596.61,-0.353386931,-0.333587224,roofs_top_kW,8760,61,cea,MULTI_RES,NONE,NONE,,roofs_top_kW,8760,2,0.949074119,0.949567908,0.927129567,0.971018672
Baixa_Alfama,B1531,matched,93.05605626,97.75,93.06,221451.9993,164231.57,160829.98,-0.273747898,-0.258387504,roofs_top_kW,8760,151,cea,MULTI_RES,NONE,NONE,,roofs_top_kW,8760,2,0.904361546,0.904900996,0.836524785,0.972198308
Baixa_Alfama,B1532,matched,55.0763794,57.04,55.08,93423.25479,99331.15,95532.85,0.02258105,0.063237951,roofs_top_kW,8760,92,cea,MULTI_RES,NONE,NONE,,roofs_top_kW,8760,1,0.863104105,0.863104105,0.863104105,0.863104105
Baixa_Alfama,B1533,matched,284.6991707,296.35,281.27,497310.4931,504810.17,481181.34,-0.032432762,0.015080472,roofs_top_kW,8760,468,cea,MULTI_RES,NONE,NONE,,roofs_top_kW,8760,2,0.86481753,0.864613252,0.863659859,0.865975201
Baixa_Alfama,B1534,matched,211.0151873,215.88,211.02,344831.8799,371216.53,364844.49,0.058035847,0.076514533,roofs_top_kW,8760,348,cea,MULTI_RES,NONE,NONE,,roofs_top_kW,8760,2,0.859025061,0.868766837,0.722360432,0.99568969
Baixa_Alfama,B1535,matched,137.1983232,140.63,140.63,313784.6782,225524.62,233714.85,-0.255174436,-0.281275869,roofs_top_kW,8760,228,cea,MULTI_RES,NONE,NONE,,roofs_top_kW,8760,,,,,
Baixa_Alfama,B1536,matched,245.695775,250.88,230.42,449247.3983,387800.54,398037.66,-0.113990061,-0.136777327,roofs_top_kW,8760,405,cea,MULTI_RES,NONE,NONE,,roofs_top_kW,8760,3,0.833913426,0.84779261,0.761742532,0.87697345
Baixa_Alfama,B1537,matched,91.88418208,94.5,88.22,212989.2352,145567.66,148451.3,-0.303010315,-0.316549215,roofs_top_kW,8760,151,cea,MULTI_RES,NONE,NONE,,roofs_top_kW,8760,2,0.703346848,0.729118735,0.525607467,0.88108623
Baixa_Alfama,B1538,matched,50.16883903,52.06,50.17,85226.18966,88596.23,84345.18,-0.010337311,0.039542309,roofs_top_kW,8760,83,cea,MULTI_RES,NONE,NONE,,roofs_top_kW,8760,2,0.457186148,0.44829896,0.400543481,0.513828814
Baixa_Alfama,B1539,matched,67.06405784,70.25,65.54,118397.977,99344.33,113733.41,-0.039397354,-0.160928822,roofs_top_kW,8760,107,cea,MULTI_RES,NONE,NONE,,roofs_top_kW,8760,3,0.753941755,0.641296324,0.410557687,0.997508883
Baixa_Alfama,B1540,matched,38.44171225,39.1,38.44,65560.32419,53369.78,53555.06,-0.183117828,-0.185943928,roofs_top_kW,8760,63,cea,MULTI_RES,NONE,NONE,,roofs_top_kW,8760,3,0.733360161,0.625516185,0.440181702,0.900836468
Baixa_Alfama,B1541,matched,62.50484455,65.52,57.95,126076.8887,86489.88,61051.01,-0.515763669,-0.313991003,roofs_top_kW,8760,104,cea,MULTI_RES,NONE,NONE,,roofs_top_kW,8760,1,0.48511216,0.48511216,0.48511216,0.48511216
Baixa_Alfama,B1542,matched,188.5808785,191.8,199.16,485193.4591,279601.14,303894.86,-0.373662496,-0.423732668,roofs_top_kW,8760,315,cea,MULTI_RES,NONE,NONE,,roofs_top_kW,8760,2,0.589097157,0.596447764,0.469900757,0.708293557
Baixa_Alfama,B1543,matched,93.89165107,94.86,93.89,226426.6261,147761.39,142719.24,-0.369688793,-0.347420431,roofs_top_kW,8760,155,cea,MULTI_RES,NONE,NONE,,roofs_top_kW,8760,2,0.933890373,0.947945998,0.874864876,0.992915869
Baixa_Alfama,B1544,matched,143.3414504,144.89,149.6,363137.6967,236765.79,246205.27,-0.322005751,-0.347999968,roofs_top_kW,8760,236,cea,MULTI_RES,NONE,NONE,,roofs_top_kW,8760,3,0.550095369,0.491151088,0.414238125,0.651015282
Baixa_Alfama,B1545,matched,88.47125423,77.92,86.34,196852.1798,109704.94,118399.77,-0.398534626,-0.442703961,roofs_top_kW,8760,145,cea,MULTI_RES,NONE,NONE,,roofs_top_kW,8760,2,0.816270173,0.764321726,0.73637408,0.896166265
Baixa_Alfama,B1546,matched,208.0775117,213.08,203.24,462543.6279,293804.46,286853.79,-0.37983409,-0.364807032,roofs_top_kW,8760,342,cea,MULTI_RES,NONE,NONE,,roofs_top_kW,8760,3,0.72539409,0.724269857,0.577757418,0.975040495
Baixa_Alfama,B1547,matched,118.4443761,120.17,117.38,279419.3633,207689.08,203768.06,-0.27074467,-0.256711927,roofs_top_kW,8760,197,cea,MULTI_RES,NONE,NONE,,roofs_top_kW,8760,2,0.941575557,0.942122907,0.920905292,0.962245822
Baixa_Alfama,B1548,matched,149.3381678,152.09,150.39,248845.4969,272412.76,244403.08,-0.017852109,0.094706408,roofs_top_kW,8760,245,cea,MULTI_RES,NONE,NONE,,roofs_top_kW,8760,1,0.546496093,0.546496093,0.546496093,0.546496093
Baixa_Alfama,B1549,matched,120.0514723,119.09,119.09,217270.206,186619.53,189841.66,-0.126241635,-0.141071694,roofs_top_kW,8760,196,cea,MULTI_RES,NONE,NONE,,roofs_top_kW,8760,,,,,
Baixa_Alfama,B1551,matched,274.0628662,278.51,274.26,590356.6149,434298.52,468348.57,-0.20666838,-0.264345467,roofs_top_kW,8760,451,cea,MULTI_RES,NONE,NONE,,roofs_top_kW,8760,1,0.627768278,0.627768278,0.627768278,0.627768278
Baixa_Alfama,B1552,matched,108.6146065,110.37,105.32,256116.0551,155380.01,167604.79,-0.345590459,-0.393321868,roofs_top_kW,8760,179,cea,MULTI_RES,NONE,NONE,,roofs_top_kW,8760,2,0.687629312,0.689478068,0.536623478,0.838635147
Baixa_Alfama,B1553,matched,128.0895699,127.85,138.01,277859.0763,182889.22,233621.97,-0.159206987,-0.341791449,roofs_top_kW,8760,209,cea,MULTI_RES,NONE,NONE,,roofs_top_kW,8760,3,0.740594695,0.841925522,0.493668586,0.951585174
Baixa_Alfama,B1554,matched,463.2955072,461.84,461.84,948412.083,685899.94,701945.12,-0.259873284,-0.276791226,roofs_top_kW,8760,767,cea,MULTI_RES,NONE,NONE,,roofs_top_kW,8760,,,,,
Baixa_Alfama,B1555,matched,64.98042132,66.77,66.77,135938.4286,97917.03,106881.42,-0.213751247,-0.279695734,roofs_top_kW,8760,105,cea,MULTI_RES,NONE,NONE,,roofs_top_kW,8760,,,,,
Baixa_Alfama,B1556,matched,105.5863211,109.13,105.59,261923.543,198137.76,179683.52,-0.313984845,-0.243528254,roofs_top_kW,8760,173,cea,MULTI_RES,NONE,NONE,,roofs_top_kW,8760,1,0.520081103,0.520081103,0.520081103,0.520081103
Baixa_Alfama,B1557,matched,76.01472955,77.91,78.86,135880.7135,120196.31,130768.65,-0.0376217,-0.115427739,roofs_top_kW,8760,125,cea,MULTI_RES,NONE,NONE,,roofs_top_kW,8760,3,0.757308563,0.726195518,0.642467022,0.966553569
Baixa_Alfama,B1558,matched,56.86567705,56.69,56.69,126099.8343,84503.63,87793.14,-0.303780687,-0.32986724,roofs_top_kW,8760,94,cea,MULTI_RES,NONE,NONE,,roofs_top_kW,8760,,,,,
Baixa_Alfama,B1559,matched,174.2575143,177.32,174.26,324886.9495,228046.05,225195.21,-0.306850551,-0.298075683,roofs_top_kW,8760,285,cea,MULTI_RES,NONE,NONE,,roofs_top_kW,8760,2,0.979440004,0.978376926,0.967359543,0.991520464
Baixa_Alfama,B1560,matched,85.97677431,85.98,86.73,205025.5169,149309.08,150542.08,-0.265739785,-0.271753671,roofs_top_kW,8760,142,cea,MULTI_RES,NONE,NONE,,roofs_top_kW,8760,1,0.381878525,0.381878525,0.381878525,0.381878525
Baixa_Alfama,B1561,matched,95.53738731,98.12,87.5,177692.7365,172308.14,151391.92,-0.148012896,-0.030302851,roofs_top_kW,8760,158,cea,MULTI_RES,NONE,NONE,,roofs_top_kW,8760,2,0.989078969,0.990846303,0.978927076,0.999230862
Baixa_Alfama,B1562,matched,55.59272943,55.59,55.59,133391.5455,55732.78,57668.49,-0.567675074,-0.582186564,roofs_top_kW,8760,92,cea,MULTI_RES,NONE,NONE,,roofs_top_kW,8760,,,,,
Baixa_Alfama,B1563,matched,38.32408805,38.82,38.32,46742.24859,67580.3,66397.71,0.4205074,0.445807637,roofs_top_kW,8760,62,cea,MULTI_RES,NONE,NONE,,roofs_top_kW,8760,2,0.519582048,0.520071951,0.417938203,0.621225893
Baixa_Alfama,B1564,matched,54.95449351,54.71,54.71,137981.4829,77901.65,77922.9,-0.435265527,-0.435419533,roofs_top_kW,8760,88,cea,MULTI_RES,NONE,NONE,,roofs_top_kW,8760,,,,,
Baixa_Alfama,B1565,matched,108.6889955,111.55,101.72,226196.4593,184658.14,167237.89,-0.260652043,-0.183638238,roofs_top_kW,8760,176,cea,MULTI_RES,NONE,NONE,,roofs_top_kW,8760,2,0.593793139,0.596732947,0.416071624,0.771514654
Baixa_Alfama,B1566,matched,74.89945832,78.51,71.54,156449.6522,142166.4,124116.01,-0.206671231,-0.091296158,roofs_top_kW,8760,122,cea,MULTI_RES,NONE,NONE,,roofs_top_kW,8760,3,0.701455911,0.76114988,0.568279982,0.893664956
Baixa_Alfama,B1567,matched,59.39018195,59.6,59.6,81722.43919,98736.96,99076.67,0.212355762,0.208198886,roofs_top_kW,8760,96,cea,MULTI_RES,NONE,NONE,,roofs_top_kW,8760,,,,,
Baixa_Alfama,B1568,matched,55.93559063,55.43,55.43,131491.3189,64954.08,72315.51,-0.450035861,-0.506020013,roofs_top_kW,8760,95,cea,MULTI_RES,NONE,NONE,,roofs_top_kW,8760,,,,,
Baixa_Alfama,B1569,matched,40.76194605,41.72,40.61,87418.879,53975.36,55309.22,-0.367308062,-0.382566322,roofs_top_kW,8760,70,cea,MULTI_RES,NONE,NONE,,roofs_top_kW,8760,2,0.747471571,0.762308297,0.53677696,0.958166182
Baixa_Alfama,B1570,matched,166.0316344,169.4,157.59,335167.7746,228524.34,237197.16,-0.292303205,-0.31817926,roofs_top_kW,8760,273,cea,MULTI_RES,NONE,NONE,,roofs_top_kW,8760,2,0.764761537,0.778158286,0.592916489,0.936606586
Baixa_Alfama,B1571,matched,74.85938217,76.1,71.81,86355.71757,113095.48,115568.55,0.338284867,0.309646694,roofs_top_kW,8760,122,cea,MULTI_RES,NONE,NONE,,roofs_top_kW,8760,2,0.925190687,0.926859613,0.905037403,0.945343971
Baixa_Alfama,B1573,matched,122.6710017,125.12,122.67,212925.5053,200932.6,198217.95,-0.069073713,-0.056324419,roofs_top_kW,8760,202,cea,MULTI_RES,NONE,NONE,,roofs_top_kW,8760,2,0.902223289,0.90322327,0.843843758,0.96060282
Baixa_Alfama,B1574,matched,52.4176735,46.07,46.07,128832.4393,53765.3,55260.87,-0.571064009,-0.582672654,roofs_top_kW,8760,88,cea,MULTI_RES,NONE,NONE,,roofs_top_kW,8760,,,,,
Baixa_Alfama,B1575,matched,87.6347378,87.63,87.63,224132.4029,148419.36,149874.21,-0.331313955,-0.337804984,roofs_top_kW,8760,145,cea,MULTI_RES,NONE,NONE,,roofs_top_kW,8760,,,,,
Baixa_Alfama,B1576,matched,29.15335643,29.6,29.16,62817.65588,31333.8,30665.02,-0.511840746,-0.501194377,roofs_top_kW,8760,49,cea,MULTI_RES,NONE,NONE,,roofs_top_kW,8760,1,0.917349577,0.917349577,0.917349577,0.917349577
Baixa_Alfama,B1577,matched,141.2390761,143.33,143.33,281683.5697,153060.73,154280.25,-0.452292336,-0.456621733,roofs_top_kW,8760,230,cea,MULTI_RES,NONE,NONE,,roofs_top_kW,8760,,,,,
Baixa_Alfama,B1578,matched,99.3238754,99.34,99.34,128890.0893,171807.67,172323.13,0.336977349,0.332978128,roofs_top_kW,8760,167,cea,MULTI_RES,NONE,NONE,,roofs_top_kW,8760,,,,,
Baixa_Alfama,B1579,matched,79.30467144,81.79,83.51,142598.8262,138410.15,134483.83,-0.056907875,-0.029373848,roofs_top_kW,8760,133,cea,MULTI_RES,NONE,NONE,,roofs_top_kW,8760,1,0.773871243,0.773871243,0.773871243,0.773871243
Baixa_Alfama,B1580,matched,79.69006173,81.88,83.01,180227.4471,120924.88,142182.13,-0.211096133,-0.329042929,roofs_top_kW,8760,132,cea,MULTI_RES,NONE,NONE,,roofs_top_kW,8760,1,0.649064898,0.649064898,0.649064898,0.649064898
Baixa_Alfama,B1581,matched,29.63295314,30.61,27.12,41333.70825,46933.7,39674.08,-0.040151932,0.135482442,roofs_top_kW,8760,50,cea,SINGLE_RES,NONE,NONE,,roofs_top_kW,8760,1,0.774470627,0.774470627,0.774470627,0.774470627
Baixa_Alfama,B1582,matched,91.56369903,94.8,73.49,194848.0451,100700.82,86548.82,-0.555813763,-0.483182806,roofs_top_kW,8760,151,cea,MULTI_RES,NONE,NONE,,roofs_top_kW,8760,2,0.99335584,0.993382253,0.993279278,0.993432403
Baixa_Alfama,B1583,matched,78.2630997,85.39,85.39,116711.5539,69693.06,70830.27,-0.393116897,-0.402860662,roofs_top_kW,8760,129,cea,MULTI_RES,NONE,NONE,,roofs_top_kW,8760,,,,,
Baixa_Alfama,B1584,matched,84.36886474,87.02,84.37,220221.1462,153548.16,143705.57,-0.347448815,-0.302754696,roofs_top_kW,8760,140,cea,MULTI_RES,NONE,NONE,,roofs_top_kW,8760,1,0.898597896,0.898597896,0.898597896,0.898597896
Baixa_Alfama,B1585,matched,49.48156284,51.2,49.48,106671.101,45914.93,50928.02,-0.52256966,-0.569565425,roofs_top_kW,8760,83,cea,MULTI_RES,NONE,NONE,,roofs_top_kW,8760,3,0.661307633,0.607586634,0.466707587,0.973595262
Baixa_Alfama,B1586,matched,90.14460502,93.07,84.8,205246.6834,125445.16,130023.73,-0.366500214,-0.388807858,roofs_top_kW,8760,147,cea,MULTI_RES,NONE,NONE,,roofs_top_kW,8760,2,0.887363225,0.8908049,0.841370046,0.933356404
Baixa_Alfama,B1587,matched,80.37104169,82.88,84.78,82995.65694,133798.14,137736.46,0.65956226,0.612110138,roofs_top_kW,8760,133,cea,MULTI_RES,NONE,NONE,,roofs_top_kW,8760,2,0.659282267,0.677475157,0.536814094,0.781750441
Baixa_Alfama,B1588,matched,25.20922524,25.21,25.21,66454.71056,41008.1,41923.38,-0.369143592,-0.382916581,roofs_top_kW,8760,42,cea,MULTI_RES,NONE,NONE,,roofs_top_kW,8760,,,,,
Baixa_Alfama,B1589,matched,137.2371366,140.71,140.71,320962.7364,217990.44,236220.28,-0.264025841,-0.320823213,roofs_top_kW,8760,227,cea,MULTI_RES,NONE,NONE,,roofs_top_kW,8760,,,,,
Baixa_Alfama,B1590,matched,26.66320292,27.64,26.66,62876.27656,26038.66,33453.37,-0.467949252,-0.585874651,roofs_top_kW,8760,43,cea,MULTI_RES,NONE,NONE,,roofs_top_kW,8760,2,0.780872345,0.778286248,0.750396073,0.811348617
Baixa_Alfama,B1591,matched,126.187774,128.89,126.19,200656.9144,214512.26,199009.54,-0.008209906,0.069049929,roofs_top_kW,8760,209,cea,MULTI_RES,NONE,NONE,,roofs_top_kW,8760,1,0.933339179,0.933339179,0.933339179,0.933339179
Baixa_Alfama,B1592,matched,33.36430154,33.36,33.36,82157.17369,55334.07,55808.95,-0.320705089,-0.326485229,roofs_top_kW,8760,55,cea,MULTI_RES,NONE,NONE,,roofs_top_kW,8760,,,,,
Baixa_Alfama,B1593,matched,27.5979547,27.6,27.6,38965.03509,45763.43,45890.01,0.177722794,0.174474241,roofs_top_kW,8760,44,cea,MULTI_RES,NONE,NONE,,roofs_top_kW,8760,,,,,
Baixa_Alfama,B1594,matched,49.3938029,49.28,49.39,124114.3563,53619.04,52015.44,-0.580907144,-0.567986802,roofs_top_kW,8760,84,cea,MULTI_RES,NONE,NONE,,roofs_top_kW,8760,3,0.661307633,0.596894128,0.466707587,0.973595262
Baixa_Alfama,B1595,matched,52.46862785,49.1,49.1,107405.0903,64078.13,66658.73,-0.379370849,-0.403397643,roofs_top_kW,8760,87,cea,MULTI_RES,NONE,NONE,,roofs_top_kW,8760,,,,,
Baixa_Alfama,B1596,matched,40.44643246,40.45,40.45,83653.92706,44634.77,46936.41,-0.438921619,-0.466435449,roofs_top_kW,8760,67,cea,MULTI_RES,NONE,NONE,,roofs_top_kW,8760,,,,,
Baixa_Alfama,B1598,matched,132.3934992,140.02,140.02,352993.5248,220727.1,224361.66,-0.364402902,-0.374699295,roofs_top_kW,8760,217,cea,MULTI_RES,NONE,NONE,,roofs_top_kW,8760,,,,,
Baixa_Alfama,B1599,matched,61.95452524,63.92,57.23,131371.5588,85036.94,81648.82,-0.378489372,-0.35269901,roofs_top_kW,8760,101,cea,MULTI_RES,NONE,NONE,,roofs_top_kW,8760,2,0.887363225,0.887301916,0.841370046,0.933356404
Baixa_Alfama,B1600,matched,58.8774831,52.17,52.17,156202.9488,87731.34,87727.03,-0.438377888,-0.438350296,roofs_top_kW,8760,97,cea,MULTI_RES,NONE,NONE,,roofs_top_kW,8760,,,,,
Baixa_Alfama,B1602,matched,216.2982746,220.52,221.09,501912.0353,291917,290196.14,-0.421818726,-0.418390117,roofs_top_kW,8760,355,cea,MULTI_RES,NONE,NONE,,roofs_top_kW,8760,2,0.953087956,0.951719689,0.90754354,0.998632371
Baixa_Alfama,B1603,matched,341.9006035,350.41,333.61,790633.3017,595414.23,578158.04,-0.268740592,-0.24691481,roofs_top_kW,8760,564,cea,MULTI_RES,NONE,NONE,,roofs_top_kW,8760,2,0.998170108,0.998196665,0.997495949,0.998844266
Baixa_Alfama,B1604,matched,95.57621166,91.58,91.58,247110.7465,152203.21,152292.84,-0.383706123,-0.384068835,roofs_top_kW,8760,158,cea,MULTI_RES,NONE,NONE,,roofs_top_kW,8760,,,,,
Baixa_Alfama,B1605,matched,35.16051612,30.47,30.47,83007.64025,37465.51,37852.72,-0.543985109,-0.548649861,roofs_top_kW,8760,58,cea,MULTI_RES,NONE,NONE,,roofs_top_kW,8760,,,,,
Baixa_Alfama,B1606,matched,203.6246171,196.68,187.08,361508.4735,261794.31,240135.27,-0.335740964,-0.275828012,roofs_top_kW,8760,334,cea,MULTI_RES,NONE,NONE,,roofs_top_kW,8760,3,0.788622995,0.834142384,0.584942102,0.949265838
Baixa_Alfama,B1607,matched,226.4449141,230.34,197.39,555389.6855,333327.15,286885.78,-0.483451372,-0.39983194,roofs_top_kW,8760,374,cea,MULTI_RES,NONE,NONE,,roofs_top_kW,8760,2,0.981369495,0.97974277,0.968056142,0.994682848
Baixa_Alfama,B1608,matched,151.6725565,156.87,156.87,371746.5261,221962.68,225044.05,-0.394630389,-0.402919289,roofs_top_kW,8760,244,cea,MULTI_RES,NONE,NONE,,roofs_top_kW,8760,,,,,
Baixa_Alfama,B1618,matched,178.3097244,181.11,155.8,328295.4201,307296.47,266641.32,-0.187800671,-0.063963579,roofs_top_kW,8760,293,cea,MULTI_RES,NONE,NONE,,roofs_top_kW,8760,2,0.936690599,0.936145529,0.909209728,0.964171469
Baixa_Alfama,B1621,matched,58.57228652,59.72,58.57,87762.85769,99367.91,97456.26,0.110449939,0.132231933,roofs_top_kW,8760,96,cea,MULTI_RES,NONE,NONE,,roofs_top_kW,8760,2,0.709752202,0.68686997,0.57391727,0.845587134
Baixa_Alfama,B1623,matched,55.66561164,57.09,49.42,80953.17394,98280.15,85180.81,0.052223228,0.214037019,roofs_top_kW,8760,90,cea,MULTI_RES,NONE,NONE,,roofs_top_kW,8760,2,0.780907422,0.788867442,0.606172204,0.955642641
Baixa_Alfama,B1624,matched,59.55844225,61.85,59.47,106504.785,104561.09,98444.38,-0.075681154,-0.018249838,roofs_top_kW,8760,99,cea,MULTI_RES,NONE,NONE,,roofs_top_kW,8760,3,0.825333099,0.739987042,0.540930569,0.993851185
Baixa_Alfama,B1625,matched,78.40181925,80.26,79.08,161137.5231,133830.95,136565.26,-0.152492496,-0.169461294,roofs_top_kW,8760,131,cea,MULTI_RES,NONE,NONE,,roofs_top_kW,8760,2,0.754762977,0.792996818,0.563734353,0.945791602
Baixa_Alfama,B1626,matched,56.63075359,57.81,33.19,142842.9076,89831.01,39087.68,-0.726358973,-0.371120264,roofs_top_kW,8760,94,cea,MULTI_RES,NONE,NONE,,roofs_top_kW,8760,2,0.754762977,0.718540035,0.563734353,0.945791602
Baixa_Alfama,B1627,matched,54.53003079,43.48,43.48,80844.24673,47731.41,55339.72,-0.315477325,-0.409588042,roofs_top_kW,8760,90,cea,MULTI_RES,NONE,NONE,,roofs_top_kW,8760,,,,,
Baixa_Alfama,B1628,matched,62.58132986,64.33,61.11,151269.4004,107587.37,106202.45,-0.297925094,-0.288769773,roofs_top_kW,8760,103,cea,MULTI_RES,NONE,NONE,,roofs_top_kW,8760,2,0.766842335,0.805874542,0.581831992,0.951852679
Baixa_Alfama,B1629,matched,48.88538598,50.46,48.89,86634.47408,53129.08,56013.48,-0.353450453,-0.386744358,roofs_top_kW,8760,80,cea,MULTI_RES,NONE,NONE,,roofs_top_kW,8760,2,0.691008449,0.696264345,0.672525287,0.709491611
Baixa_Alfama,B1630,matched,118.1374749,120.58,118.59,297281.4135,184264.89,200297.25,-0.326236889,-0.380166799,roofs_top_kW,8760,195,cea,MULTI_RES,NONE,NONE,,roofs_top_kW,8760,2,0.701762453,0.714116776,0.441066891,0.962458014
Baixa_Alfama,B1631,matched,108.4493527,112.46,108.6,217396.8693,178163.13,176433.36,-0.188427319,-0.180470581,roofs_top_kW,8760,174,cea,MULTI_RES,NONE,NONE,,roofs_top_kW,8760,2,0.724215239,0.737909882,0.627002358,0.82142812
Baixa_Alfama,B1632,matched,76.83614865,78.5,73.34,191149.5953,134985.75,126801.14,-0.336639244,-0.293821419,roofs_top_kW,8760,129,cea,MULTI_RES,NONE,NONE,,roofs_top_kW,8760,2,0.695145786,0.686831261,0.610806644,0.779484928
Baixa_Alfama,B1633,matched,48.50575947,49.8,47.59,58515.6967,82890.17,81082.07,0.385646494,0.416545896,roofs_top_kW,8760,81,cea,MULTI_RES,NONE,NONE,,roofs_top_kW,8760,2,0.763682306,0.758294372,0.568081796,0.959282815
Baixa_Alfama,B1634,matched,581.3035757,586.35,586.35,1035837.336,698142.36,717999.8,-0.306841166,-0.326011589,roofs_top_kW,8760,959,cea,MULTI_RES,NONE,NONE,,roofs_top_kW,8760,,,,,
Baixa_Alfama,B1635,matched,62.61488248,64.74,54.8,146051.582,94292.86,79640.74,-0.454708132,-0.354386589,roofs_top_kW,8760,102,cea,MULTI_RES,NONE,NONE,,roofs_top_kW,8760,2,0.917239368,0.917274699,0.86146301,0.973015726
Baixa_Alfama,B1636,matched,41.10786413,41.25,41.25,81505.42103,51376.54,58683.42,-0.280005928,-0.369654934,roofs_top_kW,8760,68,cea,MULTI_RES,NONE,NONE,,roofs_top_kW,8760,,,,,
Baixa_Alfama,B1637,matched,56.03322108,59.03,52.1,67677.93553,86404.11,86867.64,0.283544472,0.276695415,roofs_top_kW,8760,94,cea,MULTI_RES,NONE,NONE,,roofs_top_kW,8760,2,0.820940703,0.823626608,0.786004901,0.855876505
Baixa_Alfama,B1638,matched,31.14717478,31.95,31,57988.68883,45067.21,48777.03,-0.158852683,-0.222827574,roofs_top_kW,8760,51,cea,MULTI_RES,NONE,NONE,,roofs_top_kW,8760,2,0.801898509,0.812512705,0.642675817,0.961121202
Baixa_Alfama,B1639,matched,43.57266489,39.16,39.16,88833.51164,61300.62,61577.66,-0.306819478,-0.309938121,roofs_top_kW,8760,72,cea,MULTI_RES,NONE,NONE,,roofs_top_kW,8760,,,,,
Baixa_Alfama,B1640,matched,57.89281952,58.84,57.46,91200.09805,93672.13,95362.05,0.045635389,0.027105584,roofs_top_kW,8760,97,cea,MULTI_RES,NONE,NONE,,roofs_top_kW,8760,1,0.711857796,0.711857796,0.711857796,0.711857796
Baixa_Alfama,B1641,matched,88.18754442,90.16,90.16,184824.9174,144214.69,146940.89,-0.204972511,-0.219722686,roofs_top_kW,8760,143,cea,MULTI_RES,NONE,NONE,,roofs_top_kW,8760,,,,,
Baixa_Alfama,B1642,matched,40.26752242,41.99,40.27,51429.41641,46064.9,48209.22,-0.062613901,-0.104308327,roofs_top_kW,8760,66,cea,MULTI_RES,NONE,NONE,,roofs_top_kW,8760,1,0.462692827,0.462692827,0.462692827,0.462692827
Baixa_Alfama,B1643,matched,103.670818,105.27,103.67,185832.0413,150238.63,150264.52,-0.191396064,-0.191535384,roofs_top_kW,8760,171,cea,MULTI_RES,NONE,NONE,,roofs_top_kW,8760,2,0.425081521,0.421538374,0.392368436,0.457794607
Baixa_Alfama,B1644,matched,92.20530409,94.01,91.96,176204.4759,141888.26,150460.01,-0.14610563,-0.194752237,roofs_top_kW,8760,154,cea,MULTI_RES,NONE,NONE,,roofs_top_kW,8760,4,0.729899764,0.721734265,0.577402353,0.880780578
Baixa_Alfama,B1645,matched,30.83188913,31.46,30.81,47669.71986,24709.44,28225.45,-0.407895618,-0.481653342,roofs_top_kW,8760,51,cea,MULTI_RES,NONE,NONE,,roofs_top_kW,8760,1,0.979569256,0.979569256,0.979569256,0.979569256
Baixa_Alfama,B1646,matched,83.93570549,83.94,83.94,188185.4128,143436.6,141852.64,-0.246208099,-0.237791081,roofs_top_kW,8760,138,cea,MULTI_RES,NONE,NONE,,roofs_top_kW,8760,,,,,
Baixa_Alfama,B1647,matched,58.77641874,57.09,57.09,140916.3119,92264.84,93523.84,-0.336316437,-0.345250818,roofs_top_kW,8760,102,cea,MULTI_RES,NONE,NONE,,roofs_top_kW,8760,,,,,
Baixa_Alfama,B1648,matched,30.87072028,30.86,30.12,34691.58325,52693.04,51876.64,0.495366747,0.518899833,roofs_top_kW,8760,52,cea,MULTI_RES,NONE,NONE,,roofs_top_kW,8760,1,0.479709655,0.479709655,0.479709655,0.479709655
Baixa_Alfama,B1649,matched,37.86939417,39.24,38.21,65612.68331,67003.04,66346.3,0.011181019,0.021190365,roofs_top_kW,8760,62,cea,MULTI_RES,NONE,NONE,,roofs_top_kW,8760,2,0.607354105,0.602861755,0.416189849,0.79851836
Baixa_Alfama,B1650,matched,80.28782514,81.95,75.44,180134.1383,88170.93,92266.4,-0.487790594,-0.510526262,roofs_top_kW,8760,134,cea,MULTI_RES,NONE,NONE,,roofs_top_kW,8760,2,0.826826185,0.830842039,0.673686147,0.979966223
Baixa_Alfama,B1651,matched,43.47374503,44.56,43.48,109678.2161,68117.76,69735.03,-0.364185227,-0.378930817,roofs_top_kW,8760,73,cea,MULTI_RES,NONE,NONE,,roofs_top_kW,8760,2,0.532447591,0.527118235,0.467998236,0.596896946
Baixa_Alfama,B1652,matched,63.6836625,65.5,63.68,157678.0971,89297.93,84778.24,-0.46233344,-0.433669408,roofs_top_kW,8760,106,cea,MULTI_RES,NONE,NONE,,roofs_top_kW,8760,2,0.598719373,0.608395057,0.499806195,0.697632551
Baixa_Alfama,B1653,matched,37.05990917,34.06,35.01,74480.02872,52373.58,58261.63,-0.217755001,-0.296810422,roofs_top_kW,8760,62,cea,MULTI_RES,NONE,NONE,,roofs_top_kW,8760,3,0.798748672,0.798471506,0.658146501,0.913295984
Baixa_Alfama,B1654,matched,54.2628381,55.92,54.39,112002.0678,80120.38,81312.95,-0.274004922,-0.284652671,roofs_top_kW,8760,89,cea,MULTI_RES,NONE,NONE,,roofs_top_kW,8760,2,0.877837628,0.879305308,0.814620316,0.94105494
Baixa_Alfama,B1655,matched,90.91171724,93.34,85.8,174360.053,125889.83,93418.45,-0.464221028,-0.277989265,roofs_top_kW,8760,149,cea,MULTI_RES,NONE,NONE,,roofs_top_kW,8760,1,0.835080981,0.835080981,0.835080981,0.835080981
Baixa_Alfama,B1656,matched,63.86946971,66.1,62.48,85763.22691,104997.53,88099.81,0.02724458,0.224272148,roofs_top_kW,8760,106,cea,MULTI_RES,NONE,NONE,,roofs_top_kW,8760,2,0.840317219,0.83599827,0.800700963,0.879933476
Baixa_Alfama,B1657,matched,81.66389271,83.39,81.06,176421.9263,101412.36,114399.02,-0.351560079,-0.42517145,roofs_top_kW,8760,136,cea,MULTI_RES,NONE,NONE,,roofs_top_kW,8760,1,0.979569256,0.979569256,0.979569256,0.979569256
Baixa_Alfama,B1658,matched,115.1513306,115.2,115.2,223696.8581,123895.93,132507,-0.407649257,-0.446143629,roofs_top_kW,8760,189,cea,MULTI_RES,NONE,NONE,,roofs_top_kW,8760,,,,,
Baixa_Alfama,B1659,matched,28.00373985,28.64,28,40872.51147,49018.21,48401.77,0.184213259,0.199295278,roofs_top_kW,8760,45,cea,MULTI_RES,NONE,NONE,,roofs_top_kW,8760,2,0.627839938,0.61028996,0.45637688,0.799302995
Baixa_Alfama,B1660,matched,120.7733359,122.2,120.53,203752.3425,193720.44,184257.99,-0.095676704,-0.049235765,roofs_top_kW,8760,204,cea,MULTI_RES,NONE,NONE,,roofs_top_kW,8760,1,0.978834271,0.978834271,0.978834271,0.978834271
Baixa_Alfama,B1661,matched,68.6661404,70.17,68.26,90774.62511,105522.84,114766.38,0.264300237,0.162470678,roofs_top_kW,8760,114,cea,MULTI_RES,NONE,NONE,,roofs_top_kW,8760,1,0.978050292,0.978050292,0.978050292,0.978050292
Baixa_Alfama,B1662,matched,22.48190261,21.88,21.88,52419.50169,35094.3,36192.01,-0.309569743,-0.330510614,roofs_top_kW,8760,35,cea,MULTI_RES,NONE,NONE,,roofs_top_kW,8760,,,,,
Baixa_Alfama,B1663,matched,83.28915582,84.23,82.73,175937.2892,143790.85,136864.01,-0.2220864,-0.182715326,roofs_top_kW,8760,136,cea,MULTI_RES,NONE,NONE,,roofs_top_kW,8760,2,0.763415009,0.759245446,0.533782482,0.993047535
Baixa_Alfama,B1664,matched,45.22335195,45.57,37.71,75415.68695,68223.73,59498.35,-0.211061353,-0.095364204,roofs_top_kW,8760,74,cea,MULTI_RES,NONE,NONE,,roofs_top_kW,8760,2,0.677105218,0.656797965,0.472862124,0.881348312
Baixa_Alfama,B1665,matched,121.8770716,118.78,121.44,216742.529,164024.21,175287.98,-0.191261721,-0.243230155,roofs_top_kW,8760,200,cea,MULTI_RES,NONE,NONE,,roofs_top_kW,8760,2,0.972811729,0.98282194,0.946725309,0.998898149
Baixa_Alfama,B1666,matched,86.18545839,86.49,79.44,141115.0251,131935.31,113859.6,-0.193143324,-0.065051295,roofs_top_kW,8760,136,cea,MULTI_RES,NONE,NONE,,roofs_top_kW,8760,3,0.650842955,0.550834682,0.427927285,0.858106434
Baixa_Alfama,B1667,matched,109.6591351,110.24,109.36,257059.5306,190531.11,183796.09,-0.285005735,-0.258805501,roofs_top_kW,8760,183,cea,MULTI_RES,NONE,NONE,,roofs_top_kW,8760,2,0.743877083,0.700434388,0.652040482,0.835713685
Baixa_Alfama,B1668,matched,162.8294522,162.87,162.87,391205.9038,219749.71,220972.41,-0.435150626,-0.43827609,roofs_top_kW,8760,264,cea,MULTI_RES,NONE,NONE,,roofs_top_kW,8760,,,,,
Baixa_Alfama,B1669,matched,122.742484,125.3,124.26,276284.2707,208862.81,204104.92,-0.261250308,-0.244029313,roofs_top_kW,8760,202,cea,MULTI_RES,NONE,NONE,,roofs_top_kW,8760,2,0.737928778,0.737645164,0.650757432,0.825100124
Baixa_Alfama,B1670,matched,78.9817336,71.45,71.45,158157.4619,111547.2,112476.44,-0.288832543,-0.294707953,roofs_top_kW,8760,130,cea,MULTI_RES,NONE,NONE,,roofs_top_kW,8760,,,,,
Baixa_Alfama,B1671,matched,137.5106785,137.76,137.76,290754.2451,185879.22,189994.25,-0.346546944,-0.360699893,roofs_top_kW,8760,226,cea,MULTI_RES,NONE,NONE,,roofs_top_kW,8760,,,,,
Baixa_Alfama,B1672,matched,55.2796106,46.54,46.54,132381.2008,48187.56,51585.87,-0.610323296,-0.635993935,roofs_top_kW,8760,92,cea,MULTI_RES,NONE,NONE,,roofs_top_kW,8760,,,,,
Baixa_Alfama,B1673,matched,173.5032446,178.08,169.89,349563.9767,220950.72,224704.37,-0.35718671,-0.367924801,roofs_top_kW,8760,284,cea,MULTI_RES,NONE,NONE,,roofs_top_kW,8760,2,0.698381394,0.679342519,0.539927483,0.856835306
Baixa_Alfama,B1674,matched,144.2734452,145.33,135.09,312580.4065,248445.93,229107.12,-0.267045806,-0.205177532,roofs_top_kW,8760,234,cea,MULTI_RES,NONE,NONE,,roofs_top_kW,8760,2,0.920619577,0.923126974,0.912302017,0.928937137
Baixa_Alfama,B1675,matched,76.20395509,76.51,76.51,128835.93,108832.08,113908.42,-0.115864495,-0.155266081,roofs_top_kW,8760,125,cea,MULTI_RES,NONE,NONE,,roofs_top_kW,8760,,,,,
Baixa_Alfama,B1676,matched,59.7785204,59.74,59.74,132790.6061,92614.63,95076.07,-0.284015091,-0.302551342,roofs_top_kW,8760,97,cea,MULTI_RES,NONE,NONE,,roofs_top_kW,8760,,,,,
Baixa_Alfama,B1677,matched,52.04550767,51.94,51.94,107119.4673,75114.93,83440.14,-0.221055312,-0.298774239,roofs_top_kW,8760,86,cea,SINGLE_RES,NONE,NONE,,roofs_top_kW,8760,,,,,
Baixa_Alfama,B1678,matched,38.33358128,38.65,39.14,64679.06522,49792.84,32967.91,-0.490284687,-0.230155231,roofs_top_kW,8760,62,cea,MULTI_RES,NONE,NONE,,roofs_top_kW,8760,1,0.870347917,0.870347917,0.870347917,0.870347917
Baixa_Alfama,B1679,matched,46.04702495,46.96,46.05,81736.44122,46433.54,47877.25,-0.414248415,-0.431911406,roofs_top_kW,8760,76,cea,MULTI_RES,NONE,NONE,,roofs_top_kW,8760,2,0.792800963,0.789959562,0.746215999,0.839385927
Baixa_Alfama,B1680,matched,49.79951876,50.43,49.8,87865.40116,50532.96,57439.14,-0.346282618,-0.424882157,roofs_top_kW,8760,84,cea,MULTI_RES,NONE,NONE,,roofs_top_kW,8760,1,0.563667655,0.563667655,0.563667655,0.563667655
Baixa_Alfama,B1681,matched,54.4633787,55,41.3,115240.2957,87000.81,63328.43,-0.450466266,-0.245048709,roofs_top_kW,8760,90,cea,MULTI_RES,NONE,NONE,,roofs_top_kW,8760,2,0.401021317,0.398013416,0.369629651,0.432412982
Baixa_Alfama,B1682,matched,86.12489055,86.06,86.17,156071.841,122323.46,109910.01,-0.295772964,-0.216236195,roofs_top_kW,8760,143,cea,MULTI_RES,NONE,NONE,,roofs_top_kW,8760,1,0.729806006,0.729806006,0.729806006,0.729806006
Baixa_Alfama,B1683,matched,43.90624828,38.76,43.91,85283.44156,67916.16,76086.32,-0.10784182,-0.203641894,roofs_top_kW,8760,71,cea,MULTI_RES,NONE,NONE,,roofs_top_kW,8760,3,0.617500454,0.521903323,0.403029293,0.867923379
Baixa_Alfama,B1684,matched,45.43752902,46.76,44.07,73313.58816,57708.73,50841.62,-0.30651846,-0.212850831,roofs_top_kW,8760,75,cea,MULTI_RES,NONE,NONE,,roofs_top_kW,8760,1,0.657098413,0.657098413,0.657098413,0.657098413
Baixa_Alfama,B1685,matched,40.37418534,40.9,40.2,84290.28713,66437.61,70416.89,-0.164590697,-0.211799933,roofs_top_kW,8760,67,cea,MULTI_RES,NONE,NONE,,roofs_top_kW,8760,1,0.563667655,0.563667655,0.563667655,0.563667655
Baixa_Alfama,B1686,matched,95.01777948,91,91,173336.9629,116859.87,117196.63,-0.323879754,-0.325822559,roofs_top_kW,8760,155,cea,MULTI_RES,NONE,NONE,,roofs_top_kW,8760,,,,,
Baixa_Alfama,B1687,matched,50.44748499,50.98,53.18,79446.50456,50035.1,58821.45,-0.259609339,-0.370203884,roofs_top_kW,8760,85,cea,MULTI_RES,NONE,NONE,,roofs_top_kW,8760,1,0.735890388,0.735890388,0.735890388,0.735890388
Baixa_Alfama,B1688,matched,50.69754966,51.56,50.88,98209.29244,61288.69,64066.87,-0.347649612,-0.375937974,roofs_top_kW,8760,84,cea,MULTI_RES,NONE,NONE,,roofs_top_kW,8760,1,0.756257355,0.756257355,0.756257355,0.756257355
Baixa_Alfama,B1689,matched,38.64371899,39.28,38.64,67321.34175,67137.46,61911.98,-0.080351366,-0.002731404,roofs_top_kW,8760,63,cea,MULTI_RES,NONE,NONE,,roofs_top_kW,8760,1,0.494250298,0.494250298,0.494250298,0.494250298
Baixa_Alfama,B1690,matched,65.81029912,64.4,64.4,160080.7154,111173.77,111264.6,-0.304946884,-0.305514285,roofs_top_kW,8760,108,cea,MULTI_RES,NONE,NONE,,roofs_top_kW,8760,,,,,
Baixa_Alfama,B1691,matched,75.13665521,76.69,75.14,163115.2087,113016.87,125069.62,-0.233243663,-0.307134688,roofs_top_kW,8760,124,cea,MULTI_RES,NONE,NONE,,roofs_top_kW,8760,1,0.670914412,0.670914412,0.670914412,0.670914412
Baixa_Alfama,B1692,matched,71.05875375,73.18,73.18,90341.87454,108916.58,110789.13,0.226331981,0.205604605,roofs_top_kW,8760,117,cea,MULTI_RES,NONE,NONE,,roofs_top_kW,8760,,,,,
Baixa_Alfama,B1693,matched,88.0438526,87.83,76.23,159731.6149,118591.99,118132.58,-0.260430817,-0.25755468,roofs_top_kW,8760,147,cea,MULTI_RES,NONE,NONE,,roofs_top_kW,8760,3,0.834887962,0.868329005,0.724381566,0.927325547
Baixa_Alfama,B1694,matched,51.28606543,52.06,51.29,106138.9928,94207.71,87941.95,-0.171445407,-0.112411871,roofs_top_kW,8760,82,cea,MULTI_RES,NONE,NONE,,roofs_top_kW,8760,2,0.399078161,0.397434843,0.376875907,0.421280414
Baixa_Alfama,B1695,matched,34.18583991,34.46,34.46,45133.89331,59788.63,59839.22,0.325815603,0.324694716,roofs_top_kW,8760,57,cea,MULTI_RES,NONE,NONE,,roofs_top_kW,8760,,,,,
Baixa_Alfama,B1696,matched,49.17214145,50.27,49.17,123134.3744,80193.72,79763.12,-0.352227025,-0.348730033,roofs_top_kW,8760,80,cea,MULTI_RES,NONE,NONE,,roofs_top_kW,8760,2,0.603980348,0.616236138,0.414372653,0.793588042
Baixa_Alfama,B1697,matched,35.51997861,35.5,35.5,92022.437,52625.98,52819.26,-0.426017592,-0.428117949,roofs_top_kW,8760,58,cea,MULTI_RES,NONE,NONE,,roofs_top_kW,8760,,,,,
Baixa_Alfama,B1698,matched,42.23063543,44.54,42.23,76253.46564,47384.01,50758.81,-0.334340943,-0.378598604,roofs_top_kW,8760,70,cea,MULTI_RES,NONE,NONE,,roofs_top_kW,8760,2,0.914671808,0.916995825,0.856896043,0.972447574
Baixa_Alfama,B1699,matched,47.32157402,47.72,47.32,68855.54788,49681.85,51617.5,-0.250350893,-0.278462643,roofs_top_kW,8760,79,cea,MULTI_RES,NONE,NONE,,roofs_top_kW,8760,1,0.735890388,0.735890388,0.735890388,0.735890388
Baixa_Alfama,B1700,matched,82.93856677,82.79,82.79,177517.3781,142449.43,142448.01,-0.197554563,-0.197546564,roofs_top_kW,8760,135,cea,MULTI_RES,NONE,NONE,,roofs_top_kW,8760,,,,,
Baixa_Alfama,B1701,matched,41.08578693,42.07,41.03,94876.42075,73674.15,64396.2,-0.321262338,-0.223472498,roofs_top_kW,8760,69,cea,MULTI_RES,NONE,NONE,,roofs_top_kW,8760,1,0.665796638,0.665796638,0.665796638,0.665796638
Baixa_Alfama,B1702,matched,86.35110833,89.47,88.71,229534.2099,109631.48,75985.2,-0.66895915,-0.522374116,roofs_top_kW,8760,143,cea,MULTI_RES,NONE,NONE,,roofs_top_kW,8760,2,0.784690171,0.784695771,0.707076669,0.862303674
Baixa_Alfama,B1703,matched,107.3250367,109.64,107.39,253598.7306,182557.41,182975.98,-0.278482272,-0.280132793,roofs_top_kW,8760,174,cea,MULTI_RES,NONE,NONE,,roofs_top_kW,8760,2,0.964743108,0.961635118,0.938358545,0.99112767
Baixa_Alfama,B1704,matched,48.1871712,48.19,50.62,116291.7451,74007.64,73670.84,-0.366499832,-0.363603668,roofs_top_kW,8760,81,cea,MULTI_RES,NONE,NONE,,roofs_top_kW,8760,1,0.545965791,0.545965791,0.545965791,0.545965791
Baixa_Alfama,B1705,matched,39.35291319,39.35,39.35,102746.027,62296.17,63238.65,-0.384514887,-0.393687797,roofs_top_kW,8760,65,cea,MULTI_RES,NONE,NONE,,roofs_top_kW,8760,1,0.545965791,0.545965791,0.545965791,0.545965791
Baixa_Alfama,B1706,matched,51.01244341,52.18,51.13,73192.46669,51923.25,47470.09,-0.351434756,-0.290592976,roofs_top_kW,8760,84,cea,MULTI_RES,NONE,NONE,,roofs_top_kW,8760,1,0.665796638,0.665796638,0.665796638,0.665796638
Baixa_Alfama,B1707,matched,50.35809276,51.61,50.36,77924.64744,88811.13,87367.12,0.121174402,0.139705253,roofs_top_kW,8760,81,cea,MULTI_RES,NONE,NONE,,roofs_top_kW,8760,2,0.72721675,0.734307347,0.61182493,0.842608571
Baixa_Alfama,B1708,matched,62.40819612,63.67,62.41,158259.6995,113640.66,105021.73,-0.33639625,-0.281935576,roofs_top_kW,8760,104,cea,MULTI_RES,NONE,NONE,,roofs_top_kW,8760,2,0.399078161,0.403714751,0.376875907,0.421280414
Baixa_Alfama,B1709,matched,95.24786223,97.65,97.56,169175.3832,96730.1,88981.62,-0.474027377,-0.428225914,roofs_top_kW,8760,156,cea,MULTI_RES,NONE,NONE,,roofs_top_kW,8760,2,0.789680511,0.78860958,0.696429193,0.882931828
Baixa_Alfama,B1710,matched,51.09795996,51.96,51.64,75019.79521,71842.03,77323.61,0.030709425,-0.042359023,roofs_top_kW,8760,83,cea,MULTI_RES,NONE,NONE,,roofs_top_kW,8760,1,0.756257355,0.756257355,0.756257355,0.756257355
Baixa_Alfama,B1711,matched,84.65127128,86.86,82.09,169291.1724,130655.36,111772.33,-0.339762798,-0.228221069,roofs_top_kW,8760,140,cea,MULTI_RES,NONE,NONE,,roofs_top_kW,8760,2,0.746144325,0.744970868,0.68481642,0.807472229
Baixa_Alfama,B1712,matched,82.62686422,84.56,74.33,175122.7826,62462.95,64526.2,-0.631537376,-0.64331911,roofs_top_kW,8760,135,cea,MULTI_RES,NONE,NONE,,roofs_top_kW,8760,1,0.602171004,0.602171004,0.602171004,0.602171004
Baixa_Alfama,B1713,matched,87.05897375,84.04,85.71,152312.7261,93177.84,111946.86,-0.265019655,-0.388246522,roofs_top_kW,8760,142,cea,MULTI_RES,NONE,NONE,,roofs_top_kW,8760,2,0.759434998,0.790651615,0.678042412,0.840827584
Baixa_Alfama,B1714,matched,99.1601299,102.57,99.98,228296.0281,175240.91,173678.18,-0.239241342,-0.23239615,roofs_top_kW,8760,164,cea,MULTI_RES,NONE,NONE,,roofs_top_kW,8760,2,0.931333721,0.931546392,0.9143852,0.948282242
Baixa_Alfama,B1715,matched,59.02831014,59.03,59.03,103643.9831,80186.59,82643.63,-0.202620089,-0.226326627,roofs_top_kW,8760,96,cea,MULTI_RES,NONE,NONE,,roofs_top_kW,8760,,,,,
Baixa_Alfama,B1716,matched,154.0615253,154.31,154.31,382847.4234,257941.37,259124.83,-0.323164232,-0.326255437,roofs_top_kW,8760,254,cea,MULTI_RES,NONE,NONE,,roofs_top_kW,8760,,,,,
Baixa_Alfama,B1717,matched,41.71149233,42.95,41.86,47100.91486,62473.65,63481.88,0.347784437,0.326378695,roofs_top_kW,8760,68,cea,MULTI_RES,NONE,NONE,,roofs_top_kW,8760,1,0.904097497,0.904097497,0.904097497,0.904097497
Baixa_Alfama,B1718,matched,56.70033521,58.42,56.7,55884.77746,61270.98,69466.5,0.243030807,0.096380496,roofs_top_kW,8760,93,cea,MULTI_RES,NONE,NONE,,roofs_top_kW,8760,2,0.713117689,0.715261745,0.686777413,0.739457965
Baixa_Alfama,B1719,matched,47.31140219,47.96,47.31,133603.8671,67671.62,73022.13,-0.453442991,-0.493490559,roofs_top_kW,8760,84,cea,MULTI_RES,NONE,NONE,,roofs_top_kW,8760,1,0.874031842,0.874031842,0.874031842,0.874031842
Baixa_Alfama,B1720,matched,34.47300789,33.8,33.8,58465.97113,44223.12,44889.98,-0.232203295,-0.243609246,roofs_top_kW,8760,54,cea,MULTI_RES,NONE,NONE,,roofs_top_kW,8760,,,,,
Baixa_Alfama,B1721,matched,99.45779437,103.36,98.54,184428.3342,93636.28,92771.25,-0.496979407,-0.492289076,roofs_top_kW,8760,165,cea,MULTI_RES,NONE,NONE,,roofs_top_kW,8760,2,0.827584386,0.827803708,0.772267699,0.882901073
Baixa_Alfama,B1722,matched,76.30668269,77.58,76.2,180739.8446,143026.93,128349.45,-0.289866325,-0.208658554,roofs_top_kW,8760,127,cea,MULTI_RES,NONE,NONE,,roofs_top_kW,8760,1,0.718514383,0.718514383,0.718514383,0.718514383
Baixa_Alfama,B1723,matched,71.39677053,73.5,70.91,152053.3906,133402.96,122138.43,-0.196739846,-0.122657118,roofs_top_kW,8760,115,cea,MULTI_RES,NONE,NONE,,roofs_top_kW,8760,1,0.776602864,0.776602864,0.776602864,0.776602864
Baixa_Alfama,B1724,matched,53.6701485,54.37,53.68,101416.5888,80194.34,75801.81,-0.252569911,-0.20925816,roofs_top_kW,8760,89,cea,MULTI_RES,NONE,NONE,,roofs_top_kW,8760,1,0.874031842,0.874031842,0.874031842,0.874031842
Baixa_Alfama,B1725,matched,91.99935855,93.66,94.2,202499.8266,152765.7,162360.85,-0.198217338,-0.245600835,roofs_top_kW,8760,149,cea,MULTI_RES,NONE,NONE,,roofs_top_kW,8760,2,0.935953826,0.943241162,0.895139396,0.976768255
Baixa_Alfama,B1726,matched,67.07231177,63.1,63.1,158794.1426,97409.96,103025.93,-0.351198172,-0.386564527,roofs_top_kW,8760,110,cea,MULTI_RES,NONE,NONE,,roofs_top_kW,8760,,,,,
Baixa_Alfama,B1727,matched,95.38385257,95.93,95.26,218447.4147,159567.69,164564.11,-0.246664877,-0.269537292,roofs_top_kW,8760,158,cea,MULTI_RES,NONE,NONE,,roofs_top_kW,8760,3,0.853861888,0.836378303,0.795800984,0.904829264
Baixa_Alfama,B1728,matched,47.86159932,48.84,46.75,125656.8485,81620.95,81022.27,-0.355210074,-0.35044567,roofs_top_kW,8760,78,cea,MULTI_RES,NONE,NONE,,roofs_top_kW,8760,2,0.855954349,0.864996546,0.805516243,0.906392455
Baixa_Alfama,B1729,matched,76.82633165,78.36,69.21,110186.4671,125516.32,111081.99,0.00812734,0.139126458,roofs_top_kW,8760,127,cea,MULTI_RES,NONE,NONE,,roofs_top_kW,8760,2,0.894729197,0.893656995,0.844991863,0.944466531
Baixa_Alfama,B1730,matched,40.63015568,40.63,40.63,61589.27319,67255.35,69668.54,0.131179772,0.091997787,roofs_top_kW,8760,65,cea,MULTI_RES,NONE,NONE,,roofs_top_kW,8760,,,,,
Baixa_Alfama,B1731,matched,25.32669779,25.11,25.11,42334.46728,22530.13,23368.28,-0.448008172,-0.46780646,roofs_top_kW,8760,41,cea,MULTI_RES,NONE,NONE,,roofs_top_kW,8760,,,,,
Baixa_Alfama,B1732,matched,44.42277438,40.69,40.69,76809.7945,60320.43,62730.58,-0.183299729,-0.214677889,roofs_top_kW,8760,73,cea,MULTI_RES,NONE,NONE,,roofs_top_kW,8760,,,,,
Baixa_Alfama,B1733,matched,54.69225225,55.92,52.8,68541.4146,92350.96,89045.02,0.299141848,0.347374584,roofs_top_kW,8760,91,cea,MULTI_RES,NONE,NONE,,roofs_top_kW,8760,2,0.79051432,0.79061673,0.758950174,0.822078466
Baixa_Alfama,B1734,matched,45.35297593,44.32,44.32,50116.25969,34863.22,37105.21,-0.259617333,-0.304353114,roofs_top_kW,8760,77,cea,MULTI_RES,NONE,NONE,,roofs_top_kW,8760,,,,,
Baixa_Alfama,B1735,matched,119.5233032,122.23,109.49,259331.7628,205405.64,188938.09,-0.271442542,-0.207942607,roofs_top_kW,8760,196,cea,MULTI_RES,NONE,NONE,,roofs_top_kW,8760,2,0.807287037,0.812958667,0.674400151,0.940173924
Baixa_Alfama,B1736,matched,58.41170113,60.13,57.39,93143.26389,93386.68,96788.43,0.039135048,0.002613352,roofs_top_kW,8760,94,cea,MULTI_RES,NONE,NONE,,roofs_top_kW,8760,2,0.724125713,0.752298014,0.558797956,0.889453471
Baixa_Alfama,B1737,matched,59.5816929,58.2,58.2,164951.2586,86671.31,89753.28,-0.455879993,-0.474564118,roofs_top_kW,8760,99,cea,MULTI_RES,NONE,NONE,,roofs_top_kW,8760,,,,,
Baixa_Alfama,B1738,matched,63.283065,64.85,57.26,147741.5131,100250.29,93100.05,-0.369845022,-0.321448062,roofs_top_kW,8760,105,cea,MULTI_RES,NONE,NONE,,roofs_top_kW,8760,2,0.716155872,0.745348467,0.482564956,0.949746788
Baixa_Alfama,B1739,matched,38.40348713,39.92,34.56,67658.29447,60394.62,55271.6,-0.18307725,-0.107358226,roofs_top_kW,8760,63,cea,MULTI_RES,NONE,NONE,,roofs_top_kW,8760,1,0.89048326,0.89048326,0.89048326,0.89048326
Baixa_Alfama,B1740,matched,97.99429155,100.32,93.38,200154.9247,110148.53,121399.34,-0.39347313,-0.449683638,roofs_top_kW,8760,160,cea,MULTI_RES,NONE,NONE,,roofs_top_kW,8760,2,0.799391657,0.804453545,0.62893635,0.969846964
Baixa_Alfama,B1741,matched,47.9322208,47.93,47.93,84635.0702,46825.67,47527.31,-0.438444254,-0.446734434,roofs_top_kW,8760,79,cea,MULTI_RES,NONE,NONE,,roofs_top_kW,8760,,,,,
Baixa_Alfama,B1742,matched,55.7637602,57.24,55.76,125167.9727,66560.27,70085.87,-0.44006547,-0.468232419,roofs_top_kW,8760,92,cea,MULTI_RES,NONE,NONE,,roofs_top_kW,8760,2,0.650273323,0.647638429,0.406788349,0.893758297
Baixa_Alfama,B1743,matched,38.57186816,39.8,38.38,98644.09725,60345.53,52140.81,-0.471424936,-0.388249964,roofs_top_kW,8760,64,cea,MULTI_RES,NONE,NONE,,roofs_top_kW,8760,1,0.83926481,0.83926481,0.83926481,0.83926481
Baixa_Alfama,B1744,matched,34.21185512,35.29,33.51,88464.564,54281.79,41635.69,-0.529351775,-0.386400751,roofs_top_kW,8760,56,cea,MULTI_RES,NONE,NONE,,roofs_top_kW,8760,1,0.83926481,0.83926481,0.83926481,0.83926481
Baixa_Alfama,B1746,matched,43.18192636,43.95,43.18,100729.1341,74096.43,74679.34,-0.25861231,-0.264399216,roofs_top_kW,8760,73,cea,MULTI_RES,NONE,NONE,,roofs_top_kW,8760,2,0.971145093,0.970952475,0.94416374,0.998126447
Baixa_Alfama,B1747,matched,60.0562735,61.91,60.06,123314.2217,97185.57,96269.85,-0.219312674,-0.211886766,roofs_top_kW,8760,100,cea,MULTI_RES,NONE,NONE,,roofs_top_kW,8760,2,0.985504121,0.985781445,0.975612044,0.995396197
Baixa_Alfama,B1748,matched,142.748003,142.75,142.75,143618.7505,160916.05,162701.25,0.132869137,0.120439005,roofs_top_kW,8760,237,cea,MULTI_RES,NONE,NONE,,roofs_top_kW,8760,,,,,
Baixa_Alfama,B1749,matched,13.10424877,13.1,13.1,33791.12275,12606.84,12493.83,-0.630262951,-0.626918582,roofs_top_kW,8760,22,cea,MULTI_RES,NONE,NONE,,roofs_top_kW,8760,,,,,
Baixa_Alfama,B1750,matched,261.7152273,267.23,261.72,661264.395,438389.2,439833.22,-0.334860272,-0.337043997,roofs_top_kW,8760,431,cea,MULTI_RES,NONE,NONE,,roofs_top_kW,8760,4,0.579746686,0.600932222,0.414618134,0.820390701
Baixa_Alfama,B1752,matched,53.15617199,55.83,51.73,83397.26917,92560.46,89019.9,0.067419843,0.109873991,roofs_top_kW,8760,87,cea,MULTI_RES,NONE,NONE,,roofs_top_kW,8760,2,0.98476553,0.985029453,0.979882419,0.98964864
Baixa_Alfama,B1753,matched,86.3080834,89.08,86.42,171706.7459,114433.11,125810.69,-0.26729326,-0.333554955,roofs_top_kW,8760,143,cea,MULTI_RES,NONE,NONE,,roofs_top_kW,8760,2,0.994020551,0.994081939,0.992868066,0.995173037
Baixa_Alfama,B1754,matched,23.63631738,23.76,23.76,14887.07803,28412.82,30357.71,1.039198689,0.908555859,roofs_top_kW,8760,39,cea,MULTI_RES,NONE,NONE,,roofs_top_kW,8760,,,,,
Baixa_Alfama,B1755,matched,31.59066829,32.84,27.26,76279.55463,29903.73,33407.19,-0.562042671,-0.607971885,roofs_top_kW,8760,53,cea,MULTI_RES,NONE,NONE,,roofs_top_kW,8760,2,0.780872345,0.785302957,0.750396073,0.811348617
Baixa_Alfama,B1756,matched,13.26761312,13.58,6.58,13491.51638,20834.53,10850.52,-0.195752375,0.544268963,roofs_top_kW,8760,19,cea,MULTI_RES,NONE,NONE,,roofs_top_kW,8760,2,0.747471571,0.753859156,0.53677696,0.958166182
Baixa_Alfama,B1757,matched,107.9051273,111.54,111.54,180066.4679,183501.97,190881.23,0.060059834,0.019079078,roofs_top_kW,8760,179,cea,MULTI_RES,NONE,NONE,,roofs_top_kW,8760,,,,,
Baixa_Alfama,B1758,matched,498.0800457,493.46,493.46,1017691.863,853619.62,853746.04,-0.161095739,-0.161219961,roofs_top_kW,8760,817,cea,MULTI_RES,NONE,NONE,,roofs_top_kW,8760,,,,,
Baixa_Alfama,B1759,matched,40.9355465,41.49,41.36,68583.68413,52454.25,51230.63,-0.253020151,-0.235178882,roofs_top_kW,8760,67,cea,MULTI_RES,NONE,NONE,,roofs_top_kW,8760,3,0.388198127,0.388967024,0.377010524,0.395525515
Baixa_Alfama,B1760,matched,83.16692231,84.33,83.14,168574.1566,123414.85,123339.93,-0.26833429,-0.267889856,roofs_top_kW,8760,139,cea,MULTI_RES,NONE,NONE,,roofs_top_kW,8760,2,0.529698431,0.531683931,0.4793396,0.580057263
Baixa_Alfama,B1761,matched,172.2222228,171.44,155.56,399699.2265,257640.51,237523.13,-0.405745335,-0.355414039,roofs_top_kW,8760,282,cea,MULTI_RES,NONE,NONE,,roofs_top_kW,8760,3,0.623960117,0.595582916,0.437735826,0.983210802
Baixa_Alfama,B1762,matched,1.700058037,1.21,1.21,4622.295875,2075.18,2076.02,-0.550868214,-0.551049942,roofs_top_kW,8760,3,cea,MULTI_RES,NONE,NONE,,roofs_top_kW,8760,,,,,
Baixa_Alfama,B1766,matched,191.6034247,198,191.6,381226.4898,345682.64,326334.3,-0.143988393,-0.093235519,roofs_top_kW,8760,317,cea,MULTI_RES,NONE,NONE,,roofs_top_kW,8760,3,0.861470163,0.845170995,0.782495797,0.901648819
Baixa_Alfama,B1767,matched,74.18317527,76.65,74.18,122266.2786,114187.03,121333.21,-0.007631447,-0.066079124,roofs_top_kW,8760,120,cea,MULTI_RES,NONE,NONE,,roofs_top_kW,8760,2,0.850428939,0.847630085,0.783871293,0.916986585
Baixa_Alfama,B1768,matched,128.5293073,131.64,128.53,169152.1878,160768.57,198678.4,0.174554125,-0.049562574,roofs_top_kW,8760,212,cea,MULTI_RES,NONE,NONE,,roofs_top_kW,8760,2,0.765307099,0.77253838,0.538089633,0.992524564
Baixa_Alfama,B1770,matched,51.16991343,56.54,56.54,106731.4379,66370.89,66892.1,-0.373267134,-0.378150512,roofs_top_kW,8760,85,cea,MULTI_RES,NONE,NONE,,roofs_top_kW,8760,,,,,
Baixa_Alfama,B1771,matched,77.30873963,79.79,76.83,138202.5342,148747.29,128633.25,-0.069241018,0.076299294,roofs_top_kW,8760,127,cea,MULTI_RES,NONE,NONE,,roofs_top_kW,8760,1,0.975779891,0.975779891,0.975779891,0.975779891
Baixa_Alfama,B1772,matched,54.76272798,56.43,54.71,104943.8281,86038.36,86064.69,-0.179897555,-0.180148451,roofs_top_kW,8760,90,cea,MULTI_RES,NONE,NONE,,roofs_top_kW,8760,2,0.844910264,0.848934125,0.818283081,0.871537447
Baixa_Alfama,B1773,matched,83.79054963,88.54,83.79,187885.8964,159398.21,134227.84,-0.285588527,-0.151622272,roofs_top_kW,8760,137,cea,MULTI_RES,NONE,NONE,,roofs_top_kW,8760,2,0.830964804,0.827355918,0.696647882,0.965281725
Baixa_Alfama,B1777,matched,62.68265402,60.91,60.91,114887.4406,63273.78,90343.43,-0.21363528,-0.44925416,roofs_top_kW,8760,105,cea,MULTI_RES,NONE,NONE,,roofs_top_kW,8760,,,,,
Baixa_Alfama,B1778,matched,188.6576598,182.38,182.38,268713.7245,207994.36,208448.6,-0.224272596,-0.225963019,roofs_top_kW,8760,312,cea,MULTI_RES,NONE,NONE,,roofs_top_kW,8760,,,,,
Baixa_Alfama,B1779,matched,60.04688101,62.24,60.05,122784.7849,87170.53,95880.48,-0.21911758,-0.2900543,roofs_top_kW,8760,99,cea,MULTI_RES,NONE,NONE,,roofs_top_kW,8760,2,0.724067181,0.71236333,0.502244532,0.945889831
Baixa_Alfama,B1780,matched,1.350162962,0.68,0.68,2955.422125,1142.59,1145.75,-0.612322724,-0.613391945,roofs_top_kW,8760,2,cea,MULTI_RES,NONE,NONE,,roofs_top_kW,8760,,,,,
Baixa_Alfama,B1782,matched,89.03564227,97.05,97.05,125559.4345,131983.51,138563.25,0.103567012,0.051163622,roofs_top_kW,8760,143,cea,MULTI_RES,NONE,NONE,,roofs_top_kW,8760,,,,,
Baixa_Alfama,B1783,matched,303.586352,310.98,303.05,661227.8241,428903.78,413171.19,-0.375145487,-0.351352492,roofs_top_kW,8760,500,cea,MULTI_RES,NONE,NONE,,roofs_top_kW,8760,2,0.533271521,0.544542214,0.448771715,0.617771327
Baixa_Alfama,B1784,matched,120.9111478,118.99,118.99,182778.4191,138889.06,139025.52,-0.239376724,-0.240123311,roofs_top_kW,8760,199,cea,MULTI_RES,NONE,NONE,,roofs_top_kW,8760,,,,,
Baixa_Alfama,B1785,matched,165.7316764,168.53,165.65,303624.1541,275384.15,272618.07,-0.102119952,-0.093009741,roofs_top_kW,8760,274,cea,MULTI_RES,NONE,NONE,,roofs_top_kW,8760,2,0.754826099,0.792142131,0.642037153,0.867615044
Baixa_Alfama,B1786,matched,154.8045634,159.46,147.84,301728.8516,302146.86,249126.32,-0.174337095,0.001385378,roofs_top_kW,8760,254,cea,MULTI_RES,NONE,NONE,,roofs_top_kW,8760,1,0.661701679,0.661701679,0.661701679,0.661701679
Baixa_Alfama,B1787,matched,638.8474092,663.69,663.69,1326189.037,1137773.81,1141853.64,-0.138996321,-0.142072677,roofs_top_kW,8760,1056,cea,MULTI_RES,NONE,NONE,,roofs_top_kW,8760,,,,,
Baixa_Alfama,B1788,matched,57.09073384,58.56,58.56,119538.6282,95784.62,95976.29,-0.197110662,-0.198714077,roofs_top_kW,8760,95,cea,MULTI_RES,NONE,NONE,,roofs_top_kW,8760,,,,,
Baixa_Alfama,B1789,matched,172.6681213,175.3,175.3,293628.6503,234408.52,243398.64,-0.171066448,-0.20168376,roofs_top_kW,8760,285,cea,MULTI_RES,NONE,NONE,,roofs_top_kW,8760,,,,,
Baixa_Alfama,B1790,matched,391.1367101,406,398.21,731547.7656,650029.94,614468.19,-0.160043651,-0.111431993,roofs_top_kW,8760,647,cea,MULTI_RES,NONE,NONE,,roofs_top_kW,8760,2,0.98919189,0.98966813,0.980120599,0.99826318
Baixa_Alfama,B1791,matched,347.1091278,354.41,354.41,677848.0194,586225.91,591400.66,-0.127532068,-0.135166153,roofs_top_kW,8760,567,cea,MULTI_RES,NONE,NONE,,roofs_top_kW,8760,,,,,
Baixa_Alfama,B1792,matched,168.0455315,158.84,158.84,330942.2876,269396.27,270241.1,-0.183419254,-0.185972056,roofs_top_kW,8760,277,cea,MULTI_RES,NONE,NONE,,roofs_top_kW,8760,,,,,
Baixa_Alfama,B1793,matched,107.2816541,109.37,97.87,214231.8627,161933.38,152456.74,-0.288356372,-0.244120935,roofs_top_kW,8760,177,cea,MULTI_RES,NONE,NONE,,roofs_top_kW,8760,2,0.88757515,0.888737219,0.799727559,0.97542274
Baixa_Alfama,B1794,matched,107.4614492,108.25,107.46,209234.4915,176873.03,175958.02,-0.15903913,-0.154665998,roofs_top_kW,8760,177,cea,MULTI_RES,NONE,NONE,,roofs_top_kW,8760,3,0.635001143,0.6291349,0.504288554,0.787509382
Baixa_Alfama,B1795,matched,46.59115626,31.42,31.42,94246.26769,54213.04,54301.26,-0.423836494,-0.424772552,roofs_top_kW,8760,75,cea,MULTI_RES,NONE,NONE,,roofs_top_kW,8760,,,,,
Baixa_Alfama,B1796,matched,38.40578693,38.63,38.63,50516.25581,30979.69,35332.87,-0.300564354,-0.386738199,roofs_top_kW,8760,65,cea,MULTI_RES,NONE,NONE,,roofs_top_kW,8760,,,,,
Baixa_Alfama,B1797,matched,31.22831453,32.68,32.68,34558.12084,31003.14,33749.06,-0.023411598,-0.102869622,roofs_top_kW,8760,50,cea,MULTI_RES,NONE,NONE,,roofs_top_kW,8760,,,,,
Baixa_Alfama,B1798,matched,36.654013,36.63,36.63,82845.83938,62955.34,63280.78,-0.236162245,-0.240090505,roofs_top_kW,8760,60,cea,MULTI_RES,NONE,NONE,,roofs_top_kW,8760,,,,,
Baixa_Alfama,B1799,matched,22.86161592,8.5,8.5,40111.15331,13301.84,13220.03,-0.670415111,-0.668375529,roofs_top_kW,8760,36,cea,MULTI_RES,NONE,NONE,,roofs_top_kW,8760,,,,,
Baixa_Alfama,B1800,matched,60.19462014,50.59,50.59,102248.7409,85840.88,85876.86,-0.160118167,-0.160470054,roofs_top_kW,8760,100,cea,MULTI_RES,NONE,NONE,,roofs_top_kW,8760,,,,,
Baixa_Alfama,B1801,matched,119.5024814,108.97,108.97,273892.6023,171432.97,172818.21,-0.369029289,-0.374086892,roofs_top_kW,8760,197,cea,MULTI_RES,NONE,NONE,,roofs_top_kW,8760,,,,,
Baixa_Alfama,B1802,matched,12.91027551,12.91,12.91,15703.75406,14203.67,15069.66,-0.040378502,-0.095523915,roofs_top_kW,8760,22,cea,MULTI_RES,NONE,NONE,,roofs_top_kW,8760,,,,,
Baixa_Alfama,B1803,matched,28.72061185,29.62,28.21,64830.53906,47070.08,47877.42,-0.261498968,-0.27395205,roofs_top_kW,8760,48,cea,MULTI_RES,NONE,NONE,,roofs_top_kW,8760,4,0.627725571,0.595375575,0.460426033,0.755377591
Baixa_Alfama,B1804,matched,73.2690642,69.93,69.93,123712.4646,97814.71,101527.15,-0.179329663,-0.20933828,roofs_top_kW,8760,120,cea,MULTI_RES,NONE,NONE,,roofs_top_kW,8760,,,,,
Baixa_Alfama,B1805,matched,55.43177145,55.44,55.44,49235.83561,36862.91,46271.73,-0.0602022,-0.25129919,roofs_top_kW,8760,92,cea,MULTI_RES,NONE,NONE,,roofs_top_kW,8760,,,,,
Baixa_Alfama,B1806,matched,30.84270912,28.78,28.78,54827.77722,35762.41,37120.23,-0.322966717,-0.347731901,roofs_top_kW,8760,51,cea,MULTI_RES,NONE,NONE,,roofs_top_kW,8760,,,,,
Baixa_Alfama,B1807,matched,8.684355951,5.65,5.65,11848.34263,9324.8,9325.33,-0.212942241,-0.212986973,roofs_top_kW,8760,15,cea,MULTI_RES,NONE,NONE,,roofs_top_kW,8760,,,,,
Baixa_Alfama,B1810,matched,16.83835137,16.85,16.85,10151.37919,18437.17,18869.2,0.85878191,0.816223161,roofs_top_kW,8760,28,cea,MULTI_RES,NONE,NONE,,roofs_top_kW,8760,,,,,
Baixa_Alfama,B1811,matched,58.24078407,58.8,58.24,126020.0766,58694.86,59344.12,-0.529089954,-0.534241991,roofs_top_kW,8760,96,cea,MULTI_RES,NONE,NONE,,roofs_top_kW,8760,2,0.614720434,0.614707065,0.602120399,0.627320468
Baixa_Alfama,B1812,matched,92.65010386,94.38,89.44,192929.6836,145702.95,155381.03,-0.194623517,-0.244787286,roofs_top_kW,8760,153,cea,MULTI_RES,NONE,NONE,,roofs_top_kW,8760,1,0.738311708,0.738311708,0.738311708,0.738311708
Baixa_Alfama,B1815,matched,34.66207695,34.66,34.66,68219.88791,49416.46,49940.49,-0.267948225,-0.27562971,roofs_top_kW,8760,57,cea,MULTI_RES,NONE,NONE,,roofs_top_kW,8760,,,,,
Baixa_Alfama,B1816,matched,34.55622563,35.46,34.56,62728.92116,51857.49,54348.89,-0.133591189,-0.173308116,roofs_top_kW,8760,58,cea,MULTI_RES,NONE,NONE,,roofs_top_kW,8760,3,0.718099972,0.740677883,0.644218326,0.800371706
Baixa_Alfama,B1817,matched,65.30446567,66.91,65.3,85605.14763,104346.31,107195.77,0.25221173,0.218925648,roofs_top_kW,8760,105,cea,MULTI_RES,NONE,NONE,,roofs_top_kW,8760,3,0.718099972,0.743597408,0.644218326,0.800371706
Baixa_Alfama,B1818,matched,23.1904502,22.79,22.79,36295.57469,32794.73,34760.35,-0.042297848,-0.096453761,roofs_top_kW,8760,38,cea,MULTI_RES,NONE,NONE,,roofs_top_kW,8760,,,,,
Baixa_Alfama,B1820,matched,85.40853659,88.17,81.32,203483.6424,120363.82,130241.81,-0.359939657,-0.40848405,roofs_top_kW,8760,141,cea,MULTI_RES,NONE,NONE,,roofs_top_kW,8760,2,0.717674881,0.720123862,0.639874637,0.795475125
Baixa_Alfama,B1821,matched,69.34695758,70.12,68.36,142462.3423,118083,110689.24,-0.223028077,-0.171128327,roofs_top_kW,8760,110,cea,MULTI_RES,NONE,NONE,,roofs_top_kW,8760,2,0.401021317,0.399753071,0.369629651,0.432412982
Baixa_Alfama,B1822,matched,42.63248246,42.84,42.84,105722.7025,71552.59,74178.47,-0.298367633,-0.323205061,roofs_top_kW,8760,69,cea,MULTI_RES,NONE,NONE,,roofs_top_kW,8760,,,,,
Baixa_Alfama,B1823,matched,61.64213886,63.28,55.53,167111.0869,100932.18,93346.59,-0.441409952,-0.396017452,roofs_top_kW,8760,100,cea,MULTI_RES,NONE,NONE,,roofs_top_kW,8760,2,0.532447591,0.521652034,0.467998236,0.596896946
Baixa_Alfama,B1824,matched,58.22255943,59.33,56.76,100191.8492,80518.71,79586.87,-0.205655244,-0.196354687,roofs_top_kW,8760,95,cea,MULTI_RES,NONE,NONE,,roofs_top_kW,8760,2,0.734130561,0.743940053,0.570539713,0.89772141
Baixa_Alfama,B1825,matched,17.366924,17.37,17.37,41101.64188,24907.82,26586.68,-0.353147982,-0.393994525,roofs_top_kW,8760,30,cea,MULTI_RES,NONE,NONE,,roofs_top_kW,8760,,,,,
Baixa_Alfama,B1826,matched,22.38245752,22.38,22.38,19815.7362,22096.6,21523.3,0.08617211,0.115103662,roofs_top_kW,8760,37,cea,MULTI_RES,NONE,NONE,,roofs_top_kW,8760,1,0.511910975,0.511910975,0.511910975,0.511910975
Baixa_Alfama,B1827,matched,98.23108339,102.01,90.31,212391.3514,157876.57,148029.64,-0.303033579,-0.256671381,roofs_top_kW,8760,160,cea,MULTI_RES,NONE,NONE,,roofs_top_kW,8760,4,0.800822631,0.785357974,0.698626637,0.927325547
Baixa_Alfama,B1828,matched,90.06710454,91.99,91.99,123270.7763,153918.68,155930.66,0.264944252,0.248622622,roofs_top_kW,8760,149,cea,MULTI_RES,NONE,NONE,,roofs_top_kW,8760,,,,,
Baixa_Alfama,B1829,matched,94.16014015,95.89,83.55,137587.0648,145928.63,139425.89,0.013364812,0.060627539,roofs_top_kW,8760,158,cea,MULTI_RES,NONE,NONE,,roofs_top_kW,8760,1,0.966823459,0.966823459,0.966823459,0.966823459
Baixa_Alfama,B1830,matched,65.93813,66.42,66.42,120609.2306,113708.53,114831.47,-0.047904796,-0.05721536,roofs_top_kW,8760,107,cea,MULTI_RES,NONE,NONE,,roofs_top_kW,8760,,,,,
Baixa_Alfama,B1831,matched,214.1220739,209.9,209.9,465330.4434,363536.27,363857.71,-0.218065968,-0.218756745,roofs_top_kW,8760,352,cea,MULTI_RES,NONE,NONE,,roofs_top_kW,8760,,,,,
Baixa_Alfama,B1832,matched,40.90495756,37.51,37.51,59843.60412,45128.58,59756.01,-0.001463717,-0.245891342,roofs_top_kW,8760,67,cea,MULTI_RES,NONE,NONE,,roofs_top_kW,8760,,,,,
Baixa_Alfama,B1833,matched,124.7687805,124.7,120.29,282312.0209,204458.23,193150.96,-0.315824529,-0.275772143,roofs_top_kW,8760,204,cea,MULTI_RES,NONE,NONE,,roofs_top_kW,8760,3,0.456478874,0.47735491,0.407615989,0.5353145
Baixa_Alfama,B1834,matched,232.6533025,235.27,238.04,560522.8807,379762.27,360620.71,-0.356635166,-0.322485695,roofs_top_kW,8760,383,cea,MULTI_RES,NONE,NONE,,roofs_top_kW,8760,1,0.895868421,0.895868421,0.895868421,0.895868421
Baixa_Alfama,B1835,matched,51.010159,50.74,50.74,112932.4806,81858.9,85297.02,-0.244707815,-0.275151847,roofs_top_kW,8760,84,cea,MULTI_RES,NONE,NONE,,roofs_top_kW,8760,,,,,
Baixa_Alfama,B1836,matched,45.69811484,46.39,44.59,101030.4695,72267.54,73330.52,-0.274174213,-0.284695594,roofs_top_kW,8760,76,cea,MULTI_RES,NONE,NONE,,roofs_top_kW,8760,2,0.92247659,0.913923935,0.85319066,0.991762519
Baixa_Alfama,B1837,matched,148.4000515,131.37,131.37,311915.6068,203510.29,215440.98,-0.30929721,-0.347546947,roofs_top_kW,8760,244,cea,MULTI_RES,NONE,NONE,,roofs_top_kW,8760,,,,,
Baixa_Alfama,B1838,matched,33.63395855,34.61,34.06,86473.68963,47925.93,45751.45,-0.470920575,-0.445774429,roofs_top_kW,8760,55,cea,MULTI_RES,NONE,NONE,,roofs_top_kW,8760,2,0.868297458,0.853323097,0.756325006,0.980269909
Baixa_Alfama,B1839,matched,41.02555707,39.58,39.58,101658.2088,64006.93,64697.9,-0.363574268,-0.370371259,roofs_top_kW,8760,67,cea,MULTI_RES,NONE,NONE,,roofs_top_kW,8760,,,,,
Baixa_Alfama,B1840,matched,40.51497209,41.26,40.52,88095.73275,60670.6,65166.58,-0.260275408,-0.31131057,roofs_top_kW,8760,68,cea,MULTI_RES,NONE,NONE,,roofs_top_kW,8760,2,0.617257625,0.611948058,0.526333094,0.708182156
Baixa_Alfama,B1841,matched,123.4147266,126.22,120.89,279638.075,224877.33,208181.85,-0.2555311,-0.195827213,roofs_top_kW,8760,204,cea,MULTI_RES,NONE,NONE,,roofs_top_kW,8760,1,0.971781909,0.971781909,0.971781909,0.971781909
Baixa_Alfama,B1842,matched,73.84323547,73.84,73.84,114260.357,112073.36,116098.63,0.016088458,-0.019140471,roofs_top_kW,8760,121,cea,MULTI_RES,NONE,NONE,,roofs_top_kW,8760,,,,,
Baixa_Alfama,B1843,matched,283.3966068,286.71,285.99,563600.6583,394517.7,394528.04,-0.299986552,-0.300004899,roofs_top_kW,8760,466,cea,MULTI_RES,NONE,NONE,,roofs_top_kW,8760,2,0.719829261,0.716635872,0.692178011,0.747480512
Baixa_Alfama,B1844,matched,66.44223821,65.46,65.46,141488.7719,112786.22,113125.1,-0.200465885,-0.202860987,roofs_top_kW,8760,107,cea,MULTI_RES,NONE,NONE,,roofs_top_kW,8760,,,,,
Baixa_Alfama,B1845,matched,89.6778579,92.1,88.7,178196.4843,143920.23,147291.3,-0.173433188,-0.192350901,roofs_top_kW,8760,149,cea,MULTI_RES,NONE,NONE,,roofs_top_kW,8760,2,0.623666435,0.629941866,0.531831205,0.715501666
Baixa_Alfama,B1846,matched,27.96119148,28.44,28.44,69016.23875,10946.91,12448.34,-0.819631724,-0.841386459,roofs_top_kW,8760,46,cea,MULTI_RES,NONE,NONE,,roofs_top_kW,8760,,,,,
Baixa_Alfama,B1847,matched,79.14265529,79.14,79.14,121774.1771,66759.54,76975.37,-0.367884294,-0.451775889,roofs_top_kW,8760,131,cea,MULTI_RES,NONE,NONE,,roofs_top_kW,8760,,,,,
Baixa_Alfama,B1848,matched,40.98984717,41.87,40.49,101520.8199,61047.85,63519.19,-0.374323513,-0.398666697,roofs_top_kW,8760,66,cea,MULTI_RES,NONE,NONE,,roofs_top_kW,8760,3,0.630855143,0.642690678,0.587828994,0.676569045
Baixa_Alfama,B1849,matched,33.33587528,33.34,33.34,62399.8905,57236.41,57035.94,-0.085960896,-0.08274823,roofs_top_kW,8760,52,cea,MULTI_RES,NONE,NONE,,roofs_top_kW,8760,,,,,
Baixa_Alfama,B1850,matched,50.76229992,42.98,42.98,122956.9274,71519.59,71451.76,-0.418887886,-0.41833623,roofs_top_kW,8760,84,cea,MULTI_RES,NONE,NONE,,roofs_top_kW,8760,,,,,
Baixa_Alfama,B1851,matched,285.1004011,291.59,291.59,473913.9475,451618.22,453355.21,-0.04338074,-0.047045941,roofs_top_kW,8760,469,cea,MULTI_RES,NONE,NONE,,roofs_top_kW,8760,,,,,
Baixa_Alfama,B1852,matched,49.00953626,49.01,49.01,77651.85211,57994.23,60261.44,-0.223953604,-0.253150718,roofs_top_kW,8760,82,cea,MULTI_RES,NONE,NONE,,roofs_top_kW,8760,,,,,
Baixa_Alfama,B1853,matched,59.5099754,61.42,59.51,111999.0463,101806.69,101975.24,-0.089499033,-0.091003956,roofs_top_kW,8760,98,cea,MULTI_RES,NONE,NONE,,roofs_top_kW,8760,2,0.750014663,0.745002388,0.672784507,0.827244818
Baixa_Alfama,B1854,matched,114.2127915,84.07,113.88,272108.6698,140487.63,178879.46,-0.342617565,-0.48370763,roofs_top_kW,8760,187,cea,MULTI_RES,NONE,NONE,,roofs_top_kW,8760,4,0.79877235,0.808417454,0.654678822,0.989356339
Baixa_Alfama,B1855,matched,154.1084376,159.29,143.33,327177.1878,262866.02,218579.83,-0.331922157,-0.196563728,roofs_top_kW,8760,254,cea,MULTI_RES,NONE,NONE,,roofs_top_kW,8760,2,0.90119648,0.902148032,0.813036621,0.989356339
Baixa_Alfama,B1856,matched,145.4111025,149.05,150.21,270816.749,251883.57,241332.69,-0.108870884,-0.069911403,roofs_top_kW,8760,244,cea,MULTI_RES,NONE,NONE,,roofs_top_kW,8760,2,0.622300237,0.607302773,0.503752947,0.740847528
Baixa_Alfama,B1857,matched,124.1999483,122.06,122.06,278403.979,176384.8,178480.33,-0.358916023,-0.366442963,roofs_top_kW,8760,202,cea,MULTI_RES,NONE,NONE,,roofs_top_kW,8760,,,,,
Baixa_Alfama,B1858,matched,97.67678706,97.69,97.69,141943.8808,122374.11,123068.65,-0.132976714,-0.137869774,roofs_top_kW,8760,164,cea,MULTI_RES,NONE,NONE,,roofs_top_kW,8760,,,,,
Baixa_Alfama,B1859,matched,46.6571435,48.09,41.1,77508.462,71650.37,52716.05,-0.319867165,-0.075580032,roofs_top_kW,8760,78,cea,MULTI_RES,NONE,NONE,,roofs_top_kW,8760,1,0.759203911,0.759203911,0.759203911,0.759203911
Baixa_Alfama,B1860,matched,93.13159539,95.22,91.88,171443.255,134291.47,146539.25,-0.14526092,-0.216700185,roofs_top_kW,8760,152,cea,MULTI_RES,NONE,NONE,,roofs_top_kW,8760,2,0.808680713,0.808866277,0.806744456,0.81061697
Baixa_Alfama,B1861,matched,32.82059964,33.51,32.76,52287.56949,35268.54,39271.76,-0.248927415,-0.325489015,roofs_top_kW,8760,53,cea,MULTI_RES,NONE,NONE,,roofs_top_kW,8760,2,0.808680713,0.808872386,0.806744456,0.81061697
Baixa_Alfama,B1862,matched,72.63914782,73.85,68.01,129812.9698,124813.72,117469.64,-0.09508549,-0.038511173,roofs_top_kW,8760,119,cea,MULTI_RES,NONE,NONE,,roofs_top_kW,8760,2,0.707278073,0.696605179,0.599361479,0.815194666
Baixa_Alfama,B1863,matched,117.1380938,120.68,118.25,252423.34,168992.84,168691.69,-0.331711204,-0.330518168,roofs_top_kW,8760,192,cea,MULTI_RES,NONE,NONE,,roofs_top_kW,8760,2,0.633525312,0.668532555,0.507846713,0.759203911
Baixa_Alfama,B1864,matched,131.3351249,135.43,134.82,260147.7948,136683.86,163688.69,-0.370785787,-0.47459151,roofs_top_kW,8760,215,cea,MULTI_RES,NONE,NONE,,roofs_top_kW,8760,2,0.679152504,0.718530914,0.415315539,0.942989469
Baixa_Alfama,B1865,matched,34.44014323,34.44,34.44,66114.84494,40900.91,39396.38,-0.404122024,-0.381365712,roofs_top_kW,8760,56,cea,MULTI_RES,NONE,NONE,,roofs_top_kW,8760,,,,,
Baixa_Alfama,B1866,matched,33.51785422,33.52,33.52,56314.09989,41972.38,41168.23,-0.268953422,-0.254673695,roofs_top_kW,8760,57,cea,MULTI_RES,NONE,NONE,,roofs_top_kW,8760,,,,,
Baixa_Alfama,B1867,matched,56.40055704,53.87,53.87,120402.2673,68950.25,70114.21,-0.417667029,-0.427334289,roofs_top_kW,8760,95,cea,MULTI_RES,NONE,NONE,,roofs_top_kW,8760,,,,,
Baixa_Alfama,B1868,matched,86.21437586,88.82,86.27,182373.1807,144039.83,133780.96,-0.266443895,-0.21019182,roofs_top_kW,8760,142,cea,MULTI_RES,NONE,NONE,,roofs_top_kW,8760,2,0.679152504,0.678983797,0.415315539,0.942989469
Baixa_Alfama,B1869,matched,28.54579632,28.54,28.54,65493.89163,46174,47656.92,-0.272345576,-0.294987687,roofs_top_kW,8760,45,cea,MULTI_RES,NONE,NONE,,roofs_top_kW,8760,,,,,
Baixa_Alfama,B1870,matched,42.59832291,38.71,38.71,89251.51713,47796.71,49611.67,-0.444136396,-0.464471736,roofs_top_kW,8760,63,cea,MULTI_RES,NONE,NONE,,roofs_top_kW,8760,,,,,
Baixa_Alfama,B1871,matched,52.12267732,53.22,52.12,139226.0988,61760.52,59535.5,-0.572382617,-0.556401274,roofs_top_kW,8760,85,cea,MULTI_RES,NONE,NONE,,roofs_top_kW,8760,2,0.839358032,0.836975203,0.738186538,0.940529525
Baixa_Alfama,B1872,matched,97.02772566,99.48,99.33,242023.5671,173789.48,167412.01,-0.308282198,-0.281931582,roofs_top_kW,8760,159,cea,MULTI_RES,NONE,NONE,,roofs_top_kW,8760,3,0.725556354,0.670419538,0.53853637,0.989406288
Baixa_Alfama,B1873,matched,124.3205389,130.2,117.2,157302.9498,159726.49,141157.13,-0.102641558,0.015406832,roofs_top_kW,8760,202,cea,MULTI_RES,NONE,NONE,,roofs_top_kW,8760,2,0.760639608,0.761766035,0.731201589,0.790077627
Baixa_Alfama,B1874,matched,36.18015095,37.19,35.02,54175.18625,47734.87,48179.99,-0.110663141,-0.118879448,roofs_top_kW,8760,59,cea,MULTI_RES,NONE,NONE,,roofs_top_kW,8760,2,0.877837628,0.886387043,0.814620316,0.94105494
Baixa_Alfama,B1875,matched,49.7662282,49.78,49.78,68112.61656,79245.41,82533.38,0.211719417,0.163446862,roofs_top_kW,8760,82,cea,MULTI_RES,NONE,NONE,,roofs_top_kW,8760,,,,,
Baixa_Alfama,B1876,matched,93.88637971,93.39,93.89,179784.818,59749.39,59219.87,-0.670606947,-0.667661649,roofs_top_kW,8760,155,cea,MULTI_RES,NONE,NONE,,roofs_top_kW,8760,3,0.803069631,0.818832163,0.638930023,0.899264395
Baixa_Alfama,B1877,matched,81.64334466,80.87,81.64,182882.5963,128313.42,137351.25,-0.248964895,-0.298383648,roofs_top_kW,8760,134,cea,MULTI_RES,NONE,NONE,,roofs_top_kW,8760,3,0.560770194,0.580839578,0.428487718,0.644200027
Baixa_Alfama,B1878,matched,102.5736775,104.15,98.86,223717.4766,139047.4,143645.95,-0.357913596,-0.378468763,roofs_top_kW,8760,171,cea,MULTI_RES,NONE,NONE,,roofs_top_kW,8760,1,0.778168499,0.778168499,0.778168499,0.778168499
Baixa_Alfama,B1879,matched,67.20288827,68.29,68.29,64352.75704,111718.64,115234.71,0.790672464,0.736035022,roofs_top_kW,8760,108,cea,MULTI_RES,NONE,NONE,,roofs_top_kW,8760,,,,,
Baixa_Alfama,B1880,matched,98.82145106,99.18,99.18,196000.9639,165815.87,167434.78,-0.145745119,-0.154004824,roofs_top_kW,8760,164,cea,MULTI_RES,NONE,NONE,,roofs_top_kW,8760,,,,,
Baixa_Alfama,B1881,matched,86.08555235,88.59,86.12,154106.3444,116489.26,122102.9,-0.207671167,-0.24409822,roofs_top_kW,8760,137,cea,MULTI_RES,NONE,NONE,,roofs_top_kW,8760,2,0.798456073,0.793470963,0.76657927,0.830332875
Baixa_Alfama,B1882,matched,97.99899465,100.86,100.83,198230.6768,171759.42,172569.42,-0.129451492,-0.13353764,roofs_top_kW,8760,163,cea,MULTI_RES,NONE,NONE,,roofs_top_kW,8760,2,0.798456073,0.795624574,0.76657927,0.830332875
Baixa_Alfama,B1883,matched,62.91399812,64.23,62.12,116646.2443,108123.38,106818.72,-0.084250671,-0.073065913,roofs_top_kW,8760,103,cea,MULTI_RES,NONE,NONE,,roofs_top_kW,8760,2,0.831045687,0.851662365,0.665185511,0.996905863
Baixa_Alfama,B1884,matched,58.17247013,59.3,58.17,126716.2214,81032.97,76505.87,-0.396242492,-0.360516206,roofs_top_kW,8760,96,cea,MULTI_RES,NONE,NONE,,roofs_top_kW,8760,3,0.782175422,0.738950949,0.60157901,0.901488662
Baixa_Alfama,B1885,matched,59.95490364,61.23,59.95,130334.9377,74176.02,68877.11,-0.471537631,-0.430881533,roofs_top_kW,8760,101,cea,MULTI_RES,NONE,NONE,,roofs_top_kW,8760,3,0.941944857,0.925673843,0.883560121,0.997479379
Baixa_Alfama,B1886,matched,40.55345193,34.5,34.5,79726.3015,48035.85,47768.88,-0.400839132,-0.397490551,roofs_top_kW,8760,65,cea,MULTI_RES,NONE,NONE,,roofs_top_kW,8760,,,,,
Baixa_Alfama,B1887,matched,62.06916513,59.01,59.01,138822.1697,103145.93,101833.6,-0.266445696,-0.256992379,roofs_top_kW,8760,100,cea,MULTI_RES,NONE,NONE,,roofs_top_kW,8760,,,,,
Baixa_Alfama,B1888,matched,392.8730918,385.05,385.05,755312.9734,617132.53,601541.83,-0.203585995,-0.182944618,roofs_top_kW,8760,646,cea,MULTI_RES,NONE,NONE,,roofs_top_kW,8760,,,,,
Baixa_Alfama,B1889,matched,158.5528846,160.3,162.47,376566.5796,263961.48,285639.62,-0.241463169,-0.29903105,roofs_top_kW,8760,261,cea,MULTI_RES,NONE,NONE,,roofs_top_kW,8760,2,0.787802458,0.798288703,0.578013062,0.997591853
Baixa_Alfama,B1890,matched,151.5119792,156.47,146.44,326106.9701,243558.32,215661.08,-0.338679943,-0.253133658,roofs_top_kW,8760,249,cea,MULTI_RES,NONE,NONE,,roofs_top_kW,8760,3,0.743359625,0.690752521,0.640869141,0.936816156
Baixa_Alfama,B1891,matched,58.29547481,52.22,52.22,115124.3602,85377.85,85276.68,-0.259264678,-0.258385889,roofs_top_kW,8760,95,cea,MULTI_RES,NONE,NONE,,roofs_top_kW,8760,,,,,
Baixa_Alfama,B1892,matched,7.078638992,3.43,3.43,11967.05306,5642.9,5791.45,-0.516050445,-0.528463694,roofs_top_kW,8760,12,cea,MULTI_RES,NONE,NONE,,roofs_top_kW,8760,,,,,
Baixa_Alfama,B1893,matched,71.72519881,74.13,68.11,118719.8492,127657.15,109771.02,-0.0753777,0.075280594,roofs_top_kW,8760,121,cea,MULTI_RES,NONE,NONE,,roofs_top_kW,8760,3,0.739744167,0.762693027,0.460971177,0.970481575
Baixa_Alfama,B1894,matched,23.74361869,23.74,23.74,61361.99488,38869.22,38953.07,-0.365192248,-0.366558729,roofs_top_kW,8760,40,cea,MULTI_RES,NONE,NONE,,roofs_top_kW,8760,,,,,
Baixa_Alfama,B1895,matched,24.82582048,24.83,24.83,52915.34394,39844.85,40129.2,-0.241633957,-0.247007635,roofs_top_kW,8760,40,cea,MULTI_RES,NONE,NONE,,roofs_top_kW,8760,,,,,
Baixa_Alfama,B1896,matched,46.91406802,48.38,46.91,49990.49538,72607.92,71576.35,0.431799174,0.452434497,roofs_top_kW,8760,79,cea,MULTI_RES,NONE,NONE,,roofs_top_kW,8760,2,0.956185013,0.957235685,0.932373881,0.979996145
Baixa_Alfama,B1897,matched,48.12071477,49.33,48.12,66506.972,59216.96,62373.78,-0.062146748,-0.109612749,roofs_top_kW,8760,78,cea,MULTI_RES,NONE,NONE,,roofs_top_kW,8760,2,0.981507808,0.981750594,0.972852111,0.990163505
Baixa_Alfama,B1898,matched,166.921303,172.65,172.65,274398.9603,294965.07,298062.79,0.086238773,0.074949664,roofs_top_kW,8760,275,cea,MULTI_RES,NONE,NONE,,roofs_top_kW,8760,,,,,
Baixa_Alfama,B1899,matched,27.99599369,28,28,44888.62631,38710.21,38905.72,-0.133283346,-0.137638792,roofs_top_kW,8760,47,cea,MULTI_RES,NONE,NONE,,roofs_top_kW,8760,,,,,
Baixa_Alfama,B1900,matched,69.26879634,70.92,64.91,132907.9821,116650.06,108598.08,-0.182907766,-0.122324648,roofs_top_kW,8760,115,cea,MULTI_RES,NONE,NONE,,roofs_top_kW,8760,2,0.885223478,0.887078184,0.86256814,0.907878816
Baixa_Alfama,B1901,matched,24.63409578,17.12,17.12,42539.15209,16058.37,16045.6,-0.622803953,-0.622503759,roofs_top_kW,8760,41,cea,MULTI_RES,NONE,NONE,,roofs_top_kW,8760,,,,,
Baixa_Alfama,B1902,matched,22.51215292,14.9,14.9,63690.00363,5524.41,5262.71,-0.917369921,-0.913260956,roofs_top_kW,8760,36,cea,MULTI_RES,NONE,NONE,,roofs_top_kW,8760,,,,,
Baixa_Alfama,B1903,matched,253.1390225,264.72,264.72,477425.125,431833.46,435485.09,-0.087846309,-0.095494901,roofs_top_kW,8760,416,cea,MULTI_RES,NONE,NONE,,roofs_top_kW,8760,,,,,
Baixa_Alfama,B1904,matched,24.32209729,20.77,20.77,38709.84148,9066.41,9072.41,-0.765630402,-0.765785401,roofs_top_kW,8760,40,cea,MULTI_RES,NONE,NONE,,roofs_top_kW,8760,,,,,
Baixa_Alfama,B1905,matched,45.27338797,44.17,44.17,60758.73828,21723.27,21847.49,-0.640422257,-0.642466736,roofs_top_kW,8760,76,cea,MULTI_RES,NONE,NONE,,roofs_top_kW,8760,,,,,
Baixa_Alfama,B1906,matched,31.50545652,31.51,31.51,38081.76402,20981.76,25639.99,-0.326712124,-0.449033926,roofs_top_kW,8760,51,cea,MULTI_RES,NONE,NONE,,roofs_top_kW,8760,,,,,
Baixa_Alfama,B1907,matched,139.5584581,139.07,139.07,231270.7437,237353.14,238288.2,0.030343035,0.026299895,roofs_top_kW,8760,227,cea,MULTI_RES,NONE,NONE,,roofs_top_kW,8760,,,,,
Baixa_Alfama,B1908,matched,69.95901996,71.77,70.13,158451.9883,85445.75,99308.92,-0.37325545,-0.460746748,roofs_top_kW,8760,116,cea,MULTI_RES,NONE,NONE,,roofs_top_kW,8760,2,0.884858251,0.884845102,0.876266539,0.893449962
Baixa_Alfama,B1909,matched,76.9885563,70.2,76.45,162955.4689,122594.92,128603.13,-0.210808138,-0.247678395,roofs_top_kW,8760,127,cea,MULTI_RES,NONE,NONE,,roofs_top_kW,8760,3,0.780472815,0.800554588,0.709589601,0.833287299
Baixa_Alfama,B1910,matched,35.28420757,36.42,35.28,41854.73763,58625.48,53201.45,0.271097444,0.400689225,roofs_top_kW,8760,57,cea,MULTI_RES,NONE,NONE,,roofs_top_kW,8760,2,0.94734928,0.956780485,0.901417077,0.993281484
Baixa_Alfama,B1911,matched,66.3240423,69,66.6,151810.6287,83007.05,91779.03,-0.395437389,-0.453219773,roofs_top_kW,8760,110,cea,MULTI_RES,NONE,NONE,,roofs_top_kW,8760,4,0.558040224,0.566220974,0.420165271,0.699068844
Baixa_Alfama,B1912,matched,131.9532399,138.8,138.8,259731.9794,192797.99,194310.6,-0.25188034,-0.257704075,roofs_top_kW,8760,217,cea,MULTI_RES,NONE,NONE,,roofs_top_kW,8760,,,,,
Baixa_Alfama,B1913,matched,81.20053706,80.9,80.9,105570.4314,70646.68,73110.91,-0.307467924,-0.330809972,roofs_top_kW,8760,132,cea,MULTI_RES,NONE,NONE,,roofs_top_kW,8760,,,,,
Baixa_Alfama,B1914,matched,34.41504218,34.42,34.42,32909.916,51585.23,51349,0.56028961,0.56746769,roofs_top_kW,8760,57,cea,MULTI_RES,NONE,NONE,,roofs_top_kW,8760,,,,,
Baixa_Alfama,B1915,matched,34.17167474,34.85,34.17,70968.62291,35858.38,30644.02,-0.56820326,-0.4947291,roofs_top_kW,8760,56,cea,MULTI_RES,NONE,NONE,,roofs_top_kW,8760,3,0.733360161,0.626760503,0.440181702,0.900836468
Baixa_Alfama,B1916,matched,30.21198808,30.21,30.21,69565.38381,41924.23,40446.03,-0.41858971,-0.397340635,roofs_top_kW,8760,49,cea,MULTI_RES,NONE,NONE,,roofs_top_kW,8760,,,,,
Baixa_Alfama,B1917,matched,32.50487585,33.94,33.94,57696.30847,53363.9,53043.04,-0.080651061,-0.075089873,roofs_top_kW,8760,58,cea,MULTI_RES,NONE,NONE,,roofs_top_kW,8760,,,,,
Baixa_Alfama,B1918,matched,54.84668608,56.79,53.41,93615.78866,88551.5,83743.53,-0.10545506,-0.054096523,roofs_top_kW,8760,89,cea,MULTI_RES,NONE,NONE,,roofs_top_kW,8760,2,0.946391404,0.946655248,0.942479551,0.950303257
Baixa_Alfama,B1920,matched,49.52930247,50.17,49.53,70483.66867,72557.46,80938.57,0.148330834,0.029422296,roofs_top_kW,8760,85,cea,MULTI_RES,NONE,NONE,,roofs_top_kW,8760,1,0.83197999,0.83197999,0.83197999,0.83197999
Baixa_Alfama,B1921,matched,51.34663454,49.22,49.22,108305.7162,75058.45,82533.12,-0.237961551,-0.306976098,roofs_top_kW,8760,84,cea,MULTI_RES,NONE,NONE,,roofs_top_kW,8760,,,,,
Baixa_Alfama,B1922,matched,76.19667605,75.89,75.89,161503.6131,86426.78,86660.47,-0.463414667,-0.464861632,roofs_top_kW,8760,124,cea,MULTI_RES,NONE,NONE,,roofs_top_kW,8760,,,,,
Baixa_Alfama,B1923,matched,23.2849402,23.28,23.28,38154.87478,36640.25,37120.94,-0.027098367,-0.039696757,roofs_top_kW,8760,38,cea,MULTI_RES,NONE,NONE,,roofs_top_kW,8760,,,,,
Baixa_Alfama,B1924,matched,75.32488156,75.32,75.32,33034.43959,123334.99,123643.75,2.74287415,2.733527541,roofs_top_kW,8760,123,cea,MULTI_RES,NONE,NONE,,roofs_top_kW,8760,,,,,
Baixa_Alfama,B1925,matched,67.13457174,64.56,64.56,53467.45006,111673.05,111692.81,1.088987035,1.088617465,roofs_top_kW,8760,112,cea,MULTI_RES,NONE,NONE,,roofs_top_kW,8760,,,,,
Baixa_Alfama,B1926,matched,74.05492277,75.44,70.26,87845.17316,59537.95,76358.23,-0.13076351,-0.322239938,roofs_top_kW,8760,121,cea,MULTI_RES,NONE,NONE,,roofs_top_kW,8760,1,0.494250298,0.494250298,0.494250298,0.494250298
Baixa_Alfama,B1927,matched,49.07256476,50.68,47.68,124960.0393,79045.16,78594.02,-0.371046772,-0.367436498,roofs_top_kW,8760,83,cea,MULTI_RES,NONE,NONE,,roofs_top_kW,8760,3,0.657006184,0.633926289,0.529816568,0.844245553
Baixa_Alfama,B1928,matched,56.43776083,49.85,49.85,136599.7359,73738.33,77164.03,-0.435108498,-0.460186877,roofs_top_kW,8760,93,cea,MULTI_RES,NONE,NONE,,roofs_top_kW,8760,,,,,
Baixa_Alfama,B1929,matched,38.45585526,33.52,33.52,82488.65794,23752.19,24479.74,-0.70323508,-0.71205508,roofs_top_kW,8760,61,cea,MULTI_RES,NONE,NONE,,roofs_top_kW,8760,,,,,
Baixa_Alfama,B1930,matched,11.26516868,10.34,10.34,22807.13888,3547.12,4049.74,-0.822435422,-0.844473258,roofs_top_kW,8760,19,cea,MULTI_RES,NONE,NONE,,roofs_top_kW,8760,,,,,
Baixa_Alfama,B1931,matched,91.73074067,88.24,88.24,223059.526,94560.34,95519.34,-0.571776459,-0.57607576,roofs_top_kW,8760,151,cea,MULTI_RES,NONE,NONE,,roofs_top_kW,8760,,,,,
Baixa_Alfama,B1932,matched,52.29524279,53.17,48.7,84938.85147,80339.78,80679.43,-0.050146916,-0.054145675,roofs_top_kW,8760,86,cea,MULTI_RES,NONE,NONE,,roofs_top_kW,8760,1,0.746191561,0.746191561,0.746191561,0.746191561
Baixa_Alfama,B1933,matched,27.75803442,28.1,24.66,38209.14425,14819.17,13636.62,-0.643105852,-0.612156454,roofs_top_kW,8760,45,cea,MULTI_RES,NONE,NONE,,roofs_top_kW,8760,1,0.909777105,0.909777105,0.909777105,0.909777105
Baixa_Alfama,B1934,matched,74.43264576,76.73,70.86,114718.5255,111858.61,107581.58,-0.062212667,-0.024929849,roofs_top_kW,8760,123,cea,MULTI_RES,NONE,NONE,,roofs_top_kW,8760,2,0.765941262,0.766365028,0.747471631,0.784410894
Baixa_Alfama,B1935,matched,73.25165602,75.44,71.99,144116.9713,134087.8,122891.84,-0.147277112,-0.069590495,roofs_top_kW,8760,122,cea,MULTI_RES,NONE,NONE,,roofs_top_kW,8760,2,0.690915033,0.692405306,0.492423981,0.889406085
Baixa_Alfama,B1936,matched,111.6742838,113.05,113.73,193918.4971,155561.92,170104.18,-0.122805805,-0.197797413,roofs_top_kW,8760,185,cea,MULTI_RES,NONE,NONE,,roofs_top_kW,8760,1,0.368598074,0.368598074,0.368598074,0.368598074
Baixa_Alfama,B1937,matched,87.58953536,90.89,84.39,214253.9796,142108.44,128108.36,-0.402072437,-0.336729053,roofs_top_kW,8760,144,cea,MULTI_RES,NONE,NONE,,roofs_top_kW,8760,2,0.926335245,0.92456646,0.868130803,0.984539688
Baixa_Alfama,B1938,matched,69.60136445,70.96,70.96,163678.1184,110878.63,106858.89,-0.347140039,-0.322581228,roofs_top_kW,8760,114,cea,MULTI_RES,NONE,NONE,,roofs_top_kW,8760,,,,,
Baixa_Alfama,B1939,matched,38.88325975,37.77,37.77,84605.61838,48584.71,47412.59,-0.439604711,-0.425750784,roofs_top_kW,8760,66,cea,MULTI_RES,NONE,NONE,,roofs_top_kW,8760,,,,,
Baixa_Alfama,B1940,matched,46.1808011,47.23,46.18,81214.215,30611.02,34504.91,-0.575137062,-0.623082979,roofs_top_kW,8760,77,cea,MULTI_RES,NONE,NONE,,roofs_top_kW,8760,1,0.760042012,0.760042012,0.760042012,0.760042012
Baixa_Alfama,B1941,matched,17.89085225,17.89,17.89,22753.72884,25482.18,25038.14,0.100397222,0.119912265,roofs_top_kW,8760,31,cea,MULTI_RES,NONE,NONE,,roofs_top_kW,8760,,,,,
Baixa_Alfama,B1942,matched,83.66570767,86.03,83.65,179172.4658,146253.53,144394.94,-0.194100838,-0.183727649,roofs_top_kW,8760,137,cea,MULTI_RES,NONE,NONE,,roofs_top_kW,8760,2,0.84878999,0.857802102,0.712696612,0.984883368
Baixa_Alfama,B1943,matched,48.51097915,50.03,54.64,119321.7924,84700.21,86547.74,-0.274669461,-0.290153054,roofs_top_kW,8760,78,cea,MULTI_RES,NONE,NONE,,roofs_top_kW,8760,2,0.756710142,0.666546344,0.579708159,0.933712125
Baixa_Alfama,B1944,matched,44.46245598,45.75,44.16,110552.5948,47939.95,40281.96,-0.635630805,-0.566360698,roofs_top_kW,8760,74,cea,MULTI_RES,NONE,NONE,,roofs_top_kW,8760,2,0.756710142,0.753252483,0.579708159,0.933712125
Baixa_Alfama,B1945,matched,32.64350265,29.4,29.4,74273.12894,33957.56,31589.69,-0.574682117,-0.542801542,roofs_top_kW,8760,54,cea,MULTI_RES,NONE,NONE,,roofs_top_kW,8760,,,,,
Baixa_Alfama,B1946,matched,23.04796702,23.78,23.05,54302.2625,39571.31,36699.45,-0.324163519,-0.271276956,roofs_top_kW,8760,37,cea,MULTI_RES,NONE,NONE,,roofs_top_kW,8760,2,0.742025465,0.740446861,0.640439928,0.843611002
Baixa_Alfama,B1947,matched,51.2185424,51.95,44.92,115560.1895,94461.08,73156.91,-0.366936743,-0.182581126,roofs_top_kW,8760,85,cea,MULTI_RES,NONE,NONE,,roofs_top_kW,8760,2,0.546237558,0.543902835,0.481129587,0.61134553
Baixa_Alfama,B1948,matched,44.41168262,46.51,41.14,59906.51356,72070.82,66118.44,0.103693673,0.203054822,roofs_top_kW,8760,72,cea,MULTI_RES,NONE,NONE,,roofs_top_kW,8760,1,0.714391708,0.714391708,0.714391708,0.714391708
Baixa_Alfama,B1949,matched,40.12230711,43.44,44.33,58745.4706,38180.12,45926.34,-0.218214791,-0.35007551,roofs_top_kW,8760,67,cea,MULTI_RES,NONE,NONE,,roofs_top_kW,8760,2,0.81340462,0.816639334,0.782898366,0.843910873
Baixa_Alfama,B1950,matched,61.34504025,62.42,57.04,139221.0969,96700.89,95997.63,-0.310466358,-0.305414968,roofs_top_kW,8760,101,cea,MULTI_RES,NONE,NONE,,roofs_top_kW,8760,2,0.96952492,0.968891086,0.952603996,0.986445844
Baixa_Alfama,B1951,matched,36.18152856,36.18,36.18,76249.78234,59076.6,61138.59,-0.198180137,-0.225222706,roofs_top_kW,8760,59,cea,MULTI_RES,NONE,NONE,,roofs_top_kW,8760,1,0.348522127,0.348522127,0.348522127,0.348522127
Baixa_Alfama,B1952,matched,67.31732126,69.57,71.76,167250.938,92719.89,95502.29,-0.428988016,-0.445624096,roofs_top_kW,8760,110,cea,MULTI_RES,NONE,NONE,,roofs_top_kW,8760,1,0.964721799,0.964721799,0.964721799,0.964721799
Baixa_Alfama,B1953,matched,61.08210584,61.08,61.08,132672.8352,62413.33,65004.15,-0.510041751,-0.529569637,roofs_top_kW,8760,99,cea,MULTI_RES,NONE,NONE,,roofs_top_kW,8760,,,,,
Baixa_Alfama,B1954,matched,63.09654325,64.17,63.1,89721.98804,94699.21,93950.25,0.047126263,0.055473826,roofs_top_kW,8760,104,cea,MULTI_RES,NONE,NONE,,roofs_top_kW,8760,2,0.906471401,0.905992628,0.899638772,0.913304031
Baixa_Alfama,B1955,matched,73.90087789,75.96,73.91,181205.4338,130150.18,125875.69,-0.30534263,-0.281753437,roofs_top_kW,8760,122,cea,MULTI_RES,NONE,NONE,,roofs_top_kW,8760,2,0.777897805,0.772640807,0.574362874,0.981432736
Baixa_Alfama,B1956,matched,136.546449,136.55,136.55,201180.4436,181119.94,173421.79,-0.137978886,-0.099713984,roofs_top_kW,8760,225,cea,MULTI_RES,NONE,NONE,,roofs_top_kW,8760,,,,,
Baixa_Alfama,B1957,matched,100.5368821,96.46,96.46,144964.5701,138872.79,141082.53,-0.026779234,-0.042022545,roofs_top_kW,8760,166,cea,MULTI_RES,NONE,NONE,,roofs_top_kW,8760,,,,,
Baixa_Alfama,B1958,matched,203.0712141,205.36,203.07,486660.3953,349708.31,353202.78,-0.274231511,-0.281412021,roofs_top_kW,8760,334,cea,MULTI_RES,NONE,NONE,,roofs_top_kW,8760,3,0.699906687,0.769866936,0.423123002,0.919034421
Baixa_Alfama,B1959,matched,3.465956869,1.23,1.23,4031.32675,2131.05,2129.41,-0.47178432,-0.471377506,roofs_top_kW,8760,6,cea,MULTI_RES,NONE,NONE,,roofs_top_kW,8760,,,,,
Baixa_Alfama,B1960,matched,127.8084585,129.25,128.14,260179.9982,222123.9,222757.56,-0.143832879,-0.146268347,roofs_top_kW,8760,212,cea,MULTI_RES,NONE,NONE,,roofs_top_kW,8760,2,0.732755452,0.731398253,0.572325289,0.893185616
Baixa_Alfama,B1961,matched,87.54911528,83.94,83.94,192339.5637,122701.81,124569.65,-0.352345156,-0.362056315,roofs_top_kW,8760,145,cea,MULTI_RES,NONE,NONE,,roofs_top_kW,8760,,,,,
Baixa_Alfama,B1962,matched,12.64049999,3.7,3.7,30690.24838,6295.56,6383.24,-0.792010807,-0.79486774,roofs_top_kW,8760,21,cea,MULTI_RES,NONE,NONE,,roofs_top_kW,8760,,,,,
Baixa_Alfama,B1963,matched,10.11937966,10.12,10.12,7335.402781,16366.35,16471.55,1.245486784,1.231145376,roofs_top_kW,8760,15,cea,MULTI_RES,NONE,NONE,,roofs_top_kW,8760,,,,,
Baixa_Alfama,B1964,matched,1.967874158,0.63,0.63,619.4246875,1060.12,1060.08,0.711394495,0.711459071,roofs_top_kW,8760,4,cea,MULTI_RES,NONE,NONE,,roofs_top_kW,8760,,,,,
Baixa_Alfama,B1967,matched,254.6251706,254.63,254.63,545278.946,442279.32,442104.32,-0.189214395,-0.188893459,roofs_top_kW,8760,417,cea,MULTI_RES,NONE,NONE,,roofs_top_kW,8760,,,,,
Baixa_Alfama,B1968,matched,150.9401351,154.68,150.94,310673.3904,218472.44,208253.84,-0.329669529,-0.296777752,roofs_top_kW,8760,248,cea,MULTI_RES,NONE,NONE,,roofs_top_kW,8760,2,0.906893522,0.916767355,0.814677835,0.999109209
Baixa_Alfama,B1969,matched,27.39949114,27.4,27.4,36457.86725,46736.06,46802.43,0.283740206,0.281919748,roofs_top_kW,8760,45,cea,MULTI_RES,NONE,NONE,,roofs_top_kW,8760,,,,,
Baixa_Alfama,B1971,matched,156.7792596,160.45,160.47,331015.6937,276643.67,278360.56,-0.159071412,-0.164258145,roofs_top_kW,8760,257,cea,MULTI_RES,NONE,NONE,,roofs_top_kW,8760,2,0.786607027,0.793504153,0.589843154,0.9833709
Baixa_Alfama,B1972,matched,84.12989248,86.15,84.42,131983.4736,147057.17,146207.67,0.107772557,0.114208969,roofs_top_kW,8760,140,cea,MULTI_RES,NONE,NONE,,roofs_top_kW,8760,1,0.883789182,0.883789182,0.883789182,0.883789182
Baixa_Alfama,B1973,matched,199.9685858,200.99,199.97,444318.9109,341008.48,328298.35,-0.261120015,-0.232514143,roofs_top_kW,8760,330,cea,MULTI_RES,NONE,NONE,,roofs_top_kW,8760,3,0.684864581,0.615474037,0.424100935,0.889567316
