area_id,building_name,status,validation_area_m2,ucea_roofs_top_m2,workflow0_roofs_top_m2,validation_radiation_kwh_year,ucea_radiation_kwh_year,workflow0_radiation_kwh_year,error_cea,error_cea_oven,cea_ucea,workflow0_source_column,workflow0_timesteps,validation_point_count,residential_source,use_type1,use_type2,use_type3,resi_type,ucea_source_column,ucea_timesteps,ucea_oven_confidence_face_count,ucea_oven_confidence_mean,ucea_oven_confidence_area_weighted_mean,ucea_oven_confidence_min,ucea_oven_confidence_max
Alameda_Arro,B1002,matched,228.8279757,228.76,229.76,499972.2008,395295.94,397277.19,-0.205401442,-0.209364162,-0.004987072,roofs_top_kW,8760,377,cea,MULTI_RES,NONE,NONE,,roofs_top_kW,8760,1,0.882947505,0.882947505,0.882947505,0.882947505
Alameda_Arro,B1003,matched,211.5702438,214.16,211.57,362266.2803,348095.8,348371.57,-0.038354964,-0.0391162,-0.000791597,roofs_top_kW,8760,349,cea,MULTI_RES,NONE,NONE,,roofs_top_kW,8760,2,0.981148124,0.981187398,0.966003001,0.996293247
Alameda_Arro,B1004,matched,143.135464,143.09,145.07,166529.7871,121776.61,120520.33,-0.276283648,-0.268739772,0.010423802,roofs_top_kW,8760,234,cea,MULTI_RES,NONE,NONE,,roofs_top_kW,8760,1,0.998661399,0.998661399,0.998661399,0.998661399
Alameda_Arro,B1005,matched,919.0624945,920.99,920.99,2022555.653,1567436.9,1569574.47,-0.223964756,-0.225021622,-0.001361879,roofs_top_kW,8760,1514,cea,MULTI_RES,NONE,NONE,,roofs_top_kW,8760,,,,,
Alameda_Arro,B1006,matched,186.2006258,189.58,186.2,363419.5199,302449.63,320189.84,-0.118952554,-0.16776724,-0.055405287,roofs_top_kW,8760,306,cea,MULTI_RES,NONE,NONE,,roofs_top_kW,8760,3,0.654335648,0.716355202,0.484220237,0.878693581
Alameda_Arro,B1007,matched,346.9364745,352.19,341.91,755905.9385,584173.69,577955.74,-0.235413151,-0.227187326,0.010758523,roofs_top_kW,8760,571,cea,MULTI_RES,NONE,NONE,,roofs_top_kW,8760,2,0.842904568,0.854223326,0.688857079,0.996952057
Alameda_Arro,B1008,matched,271.6610675,274.54,271.66,546808.7843,480828.74,469128.26,-0.142061588,-0.120663834,0.024940898,roofs_top_kW,8760,449,cea,MULTI_RES,NONE,NONE,,roofs_top_kW,8760,1,0.61207217,0.61207217,0.61207217,0.61207217
Alameda_Arro,B1011,matched,143.6631628,143.66,143.66,210873.3738,222730.39,222925.47,0.057153239,0.056228134,-0.000875091,roofs_top_kW,8760,237,cea,MULTI_RES,NONE,NONE,,roofs_top_kW,8760,,,,,
Alameda_Arro,B1013,matched,119.6511965,125.07,119.65,231779.4293,187429.87,207393.44,-0.105212052,-0.191343811,-0.096259409,roofs_top_kW,8760,198,cea,MULTI_RES,NONE,NONE,,roofs_top_kW,8760,3,0.776153435,0.698804697,0.477322012,0.976827979
Alameda_Arro,B1014,matched,518.2413481,518.24,518.24,1193833.622,888095.55,888403.01,-0.255840183,-0.256097723,-0.000346082,roofs_top_kW,8760,853,cea,MULTI_RES,NONE,NONE,,roofs_top_kW,8760,,,,,
Alameda_Arro,B1019,matched,172.0886092,172.08,172.09,317941.0444,297871.4,298383.54,-0.06151299,-0.063123792,-0.001716382,roofs_top_kW,8760,282,cea,MULTI_RES,NONE,NONE,,roofs_top_kW,8760,1,0.960667372,0.960667372,0.960667372,0.960667372
Alameda_Arro,B1020,matched,284.9829137,291.32,257.6,590183.3315,458780.26,427784.19,-0.275167279,-0.222647887,0.072457259,roofs_top_kW,8760,469,cea,MULTI_RES,NONE,NONE,,roofs_top_kW,8760,2,0.990431488,0.990782745,0.988849819,0.992013156
Alameda_Arro,B1022,matched,131.4391127,133.2,135.19,233009.4719,163108.45,167390.55,-0.281614826,-0.299992191,-0.025581492,roofs_top_kW,8760,217,cea,MULTI_RES,NONE,NONE,,roofs_top_kW,8760,2,0.958687693,0.959681314,0.926489055,0.990886331
Alameda_Arro,B1023,matched,148.5350073,151.63,148.5,291682.1402,215718.07,218857.34,-0.249671784,-0.260434424,-0.01434391,roofs_top_kW,8760,243,cea,MULTI_RES,NONE,NONE,,roofs_top_kW,8760,2,0.920784205,0.920918841,0.843092084,0.998476326
Alameda_Arro,B1025,matched,134.9901921,134.97,134.97,289659.9818,133798.48,148530.41,-0.487224956,-0.538084346,-0.099184605,roofs_top_kW,8760,222,cea,MULTI_RES,NONE,NONE,,roofs_top_kW,8760,,,,,
Alameda_Arro,B1028,matched,156.8793479,160.15,155.3,323700.6924,288017.03,260510.74,-0.195211051,-0.110236596,0.105586012,roofs_top_kW,8760,257,cea,MULTI_RES,NONE,NONE,,roofs_top_kW,8760,2,0.920784205,0.928680568,0.843092084,0.998476326
Alameda_Arro,B1029,matched,154.7115162,160.25,160.25,341352.8841,127960.24,132136.42,-0.612903754,-0.625137956,-0.031605064,roofs_top_kW,8760,257,cea,MULTI_RES,NONE,NONE,,roofs_top_kW,8760,,,,,
Alameda_Arro,B1031,matched,247.7296739,253.77,245.86,575822.981,394337.38,392055.32,-0.319139158,-0.31517603,0.00582076,roofs_top_kW,8760,411,cea,MULTI_RES,NONE,NONE,,roofs_top_kW,8760,2,0.963480979,0.963193087,0.954825282,0.972136676
Alameda_Arro,B1035,matched,345.7919384,349.92,334.63,730580.7659,387545.68,383685.89,-0.474820707,-0.469537527,0.010059765,roofs_top_kW,8760,567,cea,MULTI_RES,NONE,NONE,,roofs_top_kW,8760,3,0.763784051,0.816090476,0.534128726,0.962978065
Alameda_Arro,B1037,matched,157.8987103,161.03,163.21,310117.3272,266016.88,269758.48,-0.130140575,-0.142205686,-0.013870185,roofs_top_kW,8760,259,cea,MULTI_RES,NONE,NONE,,roofs_top_kW,8760,2,0.985588193,0.98547614,0.974890947,0.996285439
Alameda_Arro,B1038,matched,99.42317093,100.46,100.33,232497.4619,171457.82,172368.12,-0.258623649,-0.26253896,-0.005281139,roofs_top_kW,8760,167,cea,MULTI_RES,NONE,NONE,,roofs_top_kW,8760,2,0.940759301,0.936763182,0.885121286,0.996397316
Alameda_Arro,B1041,matched,131.1727435,132.53,129.58,285429.2998,199822.07,193443.33,-0.322272345,-0.299924464,0.032974722,roofs_top_kW,8760,216,cea,MULTI_RES,NONE,NONE,,roofs_top_kW,8760,2,0.940759301,0.940636946,0.885121286,0.996397316
Alameda_Arro,B1043,matched,260.7610902,266.54,249.25,637025.222,448465.51,426081.33,-0.331138995,-0.296000387,0.052534994,roofs_top_kW,8760,429,cea,MULTI_RES,NONE,NONE,,roofs_top_kW,8760,2,0.755568355,0.767940626,0.528330386,0.982806325
Alameda_Arro,B1044,matched,184.820017,188.48,181.9,352882.0968,323095,315694.98,-0.105381138,-0.084410904,0.023440411,roofs_top_kW,8760,305,cea,MULTI_RES,NONE,NONE,,roofs_top_kW,8760,2,0.928760469,0.927525267,0.892683566,0.964837372
Alameda_Arro,B1045,matched,290.4725865,292.44,290.4,681216.5028,498722.18,484384.68,-0.288941654,-0.267894747,0.029599408,roofs_top_kW,8760,478,cea,MULTI_RES,NONE,NONE,,roofs_top_kW,8760,3,0.986941059,0.987603348,0.982194066,0.99107492
Alameda_Arro,B1046,matched,204.1546035,199.93,207.94,495092.9733,352528.7,332659.74,-0.328086323,-0.287954548,0.059727576,roofs_top_kW,8760,335,cea,MULTI_RES,NONE,NONE,,roofs_top_kW,8760,3,0.660434584,0.655414657,0.492635369,0.947616577
Alameda_Arro,B1047,matched,117.5345589,117.61,117.61,289109.371,157619.24,162148.59,-0.439144468,-0.454811031,-0.02793333,roofs_top_kW,8760,193,cea,MULTI_RES,NONE,NONE,,roofs_top_kW,8760,,,,,
Alameda_Arro,B1050,matched,217.8965606,222.2,223.55,464766.5748,398563.88,385705.11,-0.170110049,-0.142442891,0.033338345,roofs_top_kW,8760,359,cea,MULTI_RES,NONE,NONE,,roofs_top_kW,8760,3,0.768875231,0.666455247,0.49239102,0.928636432
Alameda_Arro,B1052,matched,252.9504383,258.22,252.94,526511.13,434431.26,435435.4,-0.172979686,-0.174886844,-0.00230606,roofs_top_kW,8760,419,cea,MULTI_RES,NONE,NONE,,roofs_top_kW,8760,3,0.745897134,0.736769388,0.60391587,0.99314028
Alameda_Arro,B1053,matched,179.8750021,183.93,180.31,435206.8949,307577.09,305474.44,-0.298093749,-0.293262369,0.006883227,roofs_top_kW,8760,294,cea,MULTI_RES,NONE,NONE,,roofs_top_kW,8760,2,0.871823341,0.877818684,0.817839324,0.925807357
Alameda_Arro,B1055,matched,253.2805486,259.87,253.29,502390.7485,405240.12,401359.81,-0.201100316,-0.193376627,0.009667909,roofs_top_kW,8760,417,cea,MULTI_RES,NONE,NONE,,roofs_top_kW,8760,2,0.838476121,0.886506408,0.694088101,0.982864141
Alameda_Arro,B1057,matched,408.5236671,422.56,408.5,766509.7236,713826.72,706933.35,-0.077724224,-0.068731031,0.009751089,roofs_top_kW,8760,670,cea,MULTI_RES,NONE,NONE,,roofs_top_kW,8760,2,0.883186162,0.88152007,0.804052413,0.962319911
Alameda_Arro,B1058,matched,164.2568758,168.81,160.62,352502.2897,282269.09,277128.65,-0.213824539,-0.199241826,0.01854893,roofs_top_kW,8760,272,cea,MULTI_RES,NONE,NONE,,roofs_top_kW,8760,2,0.905216634,0.89049872,0.81782943,0.992603838
Alameda_Arro,B1059,matched,84.37798491,85.94,84.31,116248.0792,103250.3,107426.37,-0.075886925,-0.111810701,-0.038873789,roofs_top_kW,8760,136,cea,MULTI_RES,NONE,NONE,,roofs_top_kW,8760,2,0.920825779,0.91239335,0.842544138,0.99910742
Alameda_Arro,B1060,matched,84.48446034,87.56,74,144381.0566,162826.1,122900.87,-0.148774272,0.127752517,0.32485718,roofs_top_kW,8760,134,cea,MULTI_RES,NONE,NONE,,roofs_top_kW,8760,1,0.965044856,0.965044856,0.965044856,0.965044856
Alameda_Arro,B1061,matched,295.1513336,278.2,278.2,711156.7744,476941.8,477821.96,-0.328106014,-0.329343659,-0.001842025,roofs_top_kW,8760,486,cea,MULTI_RES,NONE,NONE,,roofs_top_kW,8760,,,,,
Alameda_Arro,B1062,matched,274.088129,282.58,274.09,621744.2567,435853.3,437989.62,-0.295546979,-0.29898299,-0.004877559,roofs_top_kW,8760,442,cea,MULTI_RES,NONE,NONE,,roofs_top_kW,8760,2,0.918138504,0.918993932,0.846867323,0.989409685
Alameda_Arro,B1063,matched,486.5995144,501.92,486.6,1008312.023,639806.67,622165.34,-0.382963482,-0.365467578,0.02835473,roofs_top_kW,8760,803,cea,MULTI_RES,NONE,NONE,,roofs_top_kW,8760,2,0.944710016,0.939758749,0.908043861,0.981376171
Alameda_Arro,B1065,matched,186.9572232,188.44,186.96,381443.8475,317965.73,319431.14,-0.162573621,-0.166415366,-0.004587562,roofs_top_kW,8760,311,cea,MULTI_RES,NONE,NONE,,roofs_top_kW,8760,2,0.840616226,0.840605876,0.681685984,0.999546468
Alameda_Arro,B1066,matched,119.9711185,122.27,119.97,214294.958,199813.62,203216.07,-0.051699247,-0.067576662,-0.016743016,roofs_top_kW,8760,200,cea,MULTI_RES,NONE,NONE,,roofs_top_kW,8760,2,0.987994641,0.987578968,0.978413224,0.997576058
Alameda_Arro,B1067,matched,313.1247773,316.72,288.83,559256.7231,338013.58,318070.98,-0.431261231,-0.395602116,0.062698584,roofs_top_kW,8760,519,cea,MULTI_RES,NONE,NONE,,roofs_top_kW,8760,3,0.670631538,0.596884144,0.445613533,0.92536515
Alameda_Arro,B1081,matched,291.6685158,298.98,289.21,645786.3034,482080.56,472769.4,-0.267916651,-0.253498321,0.019694929,roofs_top_kW,8760,473,cea,MULTI_RES,NONE,NONE,,roofs_top_kW,8760,2,0.978115797,0.977705664,0.958472967,0.997758627
Alameda_Arro,B1082,matched,125.7993892,119.79,119.79,188116.9694,186217.42,187601.58,-0.002739729,-0.010097704,-0.007378189,roofs_top_kW,8760,208,cea,MULTI_RES,NONE,NONE,,roofs_top_kW,8760,,,,,
Alameda_Arro,B1084,matched,194.9249083,181.89,181.89,342876.6123,313029.07,313621.31,-0.08532312,-0.087050388,-0.001888392,roofs_top_kW,8760,322,cea,MULTI_RES,NONE,NONE,,roofs_top_kW,8760,,,,,
Alameda_Arro,B1085,matched,158.6379666,159.27,159.27,212324.9726,257041.2,259098.93,0.220294188,0.21060277,-0.00794187,roofs_top_kW,8760,258,cea,MULTI_RES,NONE,NONE,,roofs_top_kW,8760,,,,,
Alameda_Arro,B1087,matched,18.41445061,18.41,18.41,29849.91125,27673.17,28033.83,-0.060840424,-0.072922872,-0.01286517,roofs_top_kW,8760,30,cea,MULTI_RES,NONE,NONE,,roofs_top_kW,8760,,,,,
Alameda_Arro,B1088,matched,124.4623683,127.53,126.66,260439.8906,217077.41,219395.57,-0.157596137,-0.166497077,-0.01056612,roofs_top_kW,8760,207,cea,MULTI_RES,NONE,NONE,,roofs_top_kW,8760,2,0.77306056,0.77539346,0.571818888,0.974302232
Alameda_Arro,B1089,matched,212.127632,212.12,213.71,476878.8571,310209.33,332441.56,-0.30288048,-0.349500769,-0.066875604,roofs_top_kW,8760,351,cea,MULTI_RES,NONE,NONE,,roofs_top_kW,8760,1,0.710071146,0.710071146,0.710071146,0.710071146
Alameda_Arro,B1090,matched,378.9292143,378.93,379.97,915358.3799,641130.42,651479.23,-0.288279602,-0.299585349,-0.015885096,roofs_top_kW,8760,623,cea,MULTI_RES,NONE,NONE,,roofs_top_kW,8760,1,0.995097578,0.995097578,0.995097578,0.995097578
Alameda_Arro,B1091,matched,326.6367427,329.42,326.73,541344.5404,402387.49,362913.9,-0.329606428,-0.256688745,0.108768471,roofs_top_kW,8760,539,cea,MULTI_RES,NONE,NONE,,roofs_top_kW,8760,3,0.855482876,0.869701151,0.677063584,0.980607271
Alameda_Arro,B1092,matched,303.1632487,311.7,311.7,697275.1261,464038.38,485482.73,-0.303742939,-0.334497442,-0.04417119,roofs_top_kW,8760,497,cea,MULTI_RES,NONE,NONE,,roofs_top_kW,8760,,,,,
Alameda_Arro,B1093,matched,216.2351755,221.55,216.24,418525.0168,359782.32,373261.38,-0.108150373,-0.140356477,-0.036111585,roofs_top_kW,8760,355,cea,MULTI_RES,NONE,NONE,,roofs_top_kW,8760,3,0.544616481,0.513691905,0.424286962,0.753382802
Alameda_Arro,B1094,matched,235.9055368,239.81,235.88,620845.3314,446910.09,408599.16,-0.341866421,-0.280158733,0.093761646,roofs_top_kW,8760,388,cea,MULTI_RES,NONE,NONE,,roofs_top_kW,8760,1,0.856730163,0.856730163,0.856730163,0.856730163
Alameda_Arro,B1096,matched,160.9204208,160.87,165.05,324382.4607,252136.74,259922.08,-0.19871722,-0.222717716,-0.029952592,roofs_top_kW,8760,265,cea,MULTI_RES,NONE,NONE,,roofs_top_kW,8760,1,0.928965032,0.928965032,0.928965032,0.928965032
Alameda_Arro,B1097,matched,71.45011137,71.47,71.47,128889.32,118537.49,118662.44,-0.079346217,-0.080315654,-0.001052987,roofs_top_kW,8760,116,cea,MULTI_RES,NONE,NONE,,roofs_top_kW,8760,,,,,
Alameda_Arro,B1098,matched,183.4378074,186.61,183.43,462850.2506,327553.36,318186.74,-0.312549276,-0.29231245,0.029437493,roofs_top_kW,8760,302,cea,MULTI_RES,NONE,NONE,,roofs_top_kW,8760,2,0.830959499,0.831277292,0.814439058,0.847479939
Alameda_Arro,B1099,matched,195.2812141,201.38,195.28,488501.7929,335875.64,330287.88,-0.323875808,-0.312437242,0.016917848,roofs_top_kW,8760,322,cea,MULTI_RES,NONE,NONE,,roofs_top_kW,8760,2,0.854821742,0.85572379,0.811249137,0.898394346
Alameda_Arro,B1100,matched,186.6787417,189.61,186.68,411820.3115,316845.71,324004.46,-0.213238272,-0.23062146,-0.022094603,roofs_top_kW,8760,308,cea,MULTI_RES,NONE,NONE,,roofs_top_kW,8760,3,0.776001682,0.692262145,0.444010049,0.999374449
Alameda_Arro,B1101,matched,426.8523178,426.7,425.18,820456.2657,736373.37,736043.74,-0.102884857,-0.102483093,0.00044784,roofs_top_kW,8760,703,cea,MULTI_RES,NONE,NONE,,roofs_top_kW,8760,1,0.85071516,0.85071516,0.85071516,0.85071516
Alameda_Arro,B1102,matched,680.136007,680.03,680.14,1435196.523,1160484.49,1174604.51,-0.181572355,-0.191410743,-0.012021084,roofs_top_kW,8760,1123,cea,MULTI_RES,NONE,NONE,,roofs_top_kW,8760,1,0.631572783,0.631572783,0.631572783,0.631572783
Alameda_Arro,B1103,matched,206.6077532,212.69,208.22,457650.6861,364016.46,361094.31,-0.210982697,-0.204597587,0.008092484,roofs_top_kW,8760,334,cea,MULTI_RES,NONE,NONE,,roofs_top_kW,8760,2,0.985368907,0.985503044,0.974163651,0.996574163
Alameda_Arro,B1104,matched,235.9844528,235.97,235.97,543959.496,284483.3,302365.29,-0.444140065,-0.477013818,-0.059140353,roofs_top_kW,8760,390,cea,MULTI_RES,NONE,NONE,,roofs_top_kW,8760,,,,,
Alameda_Arro,B1105,matched,205.5132007,214.83,204.07,503149.2394,365958.02,354590.81,-0.295257188,-0.272665064,0.032057261,roofs_top_kW,8760,348,cea,MULTI_RES,NONE,NONE,,roofs_top_kW,8760,4,0.790583521,0.798308523,0.489175081,0.99226886
Alameda_Arro,B1106,matched,179.5233961,183.42,179.52,455698.4545,283262.47,283091.07,-0.378775444,-0.378399318,0.000605459,roofs_top_kW,8760,306,cea,MULTI_RES,NONE,NONE,,roofs_top_kW,8760,3,0.731522053,0.650555755,0.41214183,0.994325101
Alameda_Arro,B1107,matched,235.8192979,235.8,235.8,500344.6,409142.72,409225.08,-0.182113527,-0.182278134,-0.000201258,roofs_top_kW,8760,390,cea,MULTI_RES,NONE,NONE,,roofs_top_kW,8760,,,,,
Alameda_Arro,B1108,matched,222.5868411,224.97,222.59,509752.6674,388035.17,383094.72,-0.248469416,-0.238777559,0.012896158,roofs_top_kW,8760,366,cea,MULTI_RES,NONE,NONE,,roofs_top_kW,8760,2,0.806826025,0.807151088,0.786530435,0.827121615
Alameda_Arro,B1109,matched,173.7668917,180.33,165.26,415427.7834,284241.76,286829.48,-0.309556338,-0.315785387,-0.009021806,roofs_top_kW,8760,283,cea,MULTI_RES,NONE,NONE,,roofs_top_kW,8760,4,0.736440077,0.735245207,0.630980134,0.907570541
Alameda_Arro,B1110,matched,248.4753448,250.85,248.48,583681.253,381419.39,399487.93,-0.315571765,-0.346527941,-0.045229251,roofs_top_kW,8760,409,cea,MULTI_RES,NONE,NONE,,roofs_top_kW,8760,3,0.896581789,0.911448051,0.739019275,0.994138002
Alameda_Arro,B1111,matched,226.6547047,231.3,226.65,528861.9624,350866.87,337403.16,-0.362020368,-0.336562478,0.039903924,roofs_top_kW,8760,374,cea,MULTI_RES,NONE,NONE,,roofs_top_kW,8760,2,0.998002738,0.997889798,0.997627199,0.998378277
Alameda_Arro,B1113,matched,103.1299432,102.97,102.97,215870.4561,178101.09,178306.14,-0.174013233,-0.174963109,-0.001149988,roofs_top_kW,8760,174,cea,MULTI_RES,NONE,NONE,,roofs_top_kW,8760,,,,,
Alameda_Arro,B1114,matched,262.1215947,263.69,265.95,582781.0375,453772.11,460752.65,-0.20938977,-0.221367751,-0.015150298,roofs_top_kW,8760,427,cea,MULTI_RES,NONE,NONE,,roofs_top_kW,8760,2,0.925403953,0.925107963,0.851164222,0.999643683
Alameda_Arro,B1115,matched,249.3986892,249.05,249.81,519281.5996,360116.82,371106.58,-0.285346178,-0.30650957,-0.029613487,roofs_top_kW,8760,410,cea,MULTI_RES,NONE,NONE,,roofs_top_kW,8760,1,0.998431742,0.998431742,0.998431742,0.998431742
Alameda_Arro,B1116,matched,91.54043067,94.26,90.99,162695.4902,122075.41,131890.57,-0.189340959,-0.249669368,-0.074418967,roofs_top_kW,8760,157,cea,MULTI_RES,NONE,NONE,,roofs_top_kW,8760,2,0.984469682,0.984765776,0.969851911,0.999087453
Alameda_Arro,B1117,matched,308.1765165,311.42,308.18,801419.0403,486925.7,523798.11,-0.346411698,-0.3924206,-0.070394317,roofs_top_kW,8760,508,cea,MULTI_RES,NONE,NONE,,roofs_top_kW,8760,3,0.659217427,0.601725481,0.435627609,0.861038983
Alameda_Arro,B1118,matched,424.9548475,430.27,430.53,922433.9583,744456.57,747017.21,-0.190167271,-0.192943231,-0.003427819,roofs_top_kW,8760,701,cea,MULTI_RES,NONE,NONE,,roofs_top_kW,8760,2,0.885997236,0.892521329,0.806692421,0.96530205
Alameda_Arro,B1119,matched,69.73803511,71.37,69.74,107687.4427,57921.23,51811.69,-0.518869715,-0.462135709,0.117918176,roofs_top_kW,8760,110,cea,MULTI_RES,NONE,NONE,,roofs_top_kW,8760,2,0.93645677,0.934895775,0.875916541,0.996996999
Alameda_Arro,B1120,matched,89.1703442,91.45,89.21,116286.0017,124337.28,109654.7,-0.057025795,0.069236866,0.133898319,roofs_top_kW,8760,145,cea,MULTI_RES,NONE,NONE,,roofs_top_kW,8760,1,0.476256996,0.476256996,0.476256996,0.476256996
Alameda_Arro,B1121,matched,141.073569,142.8,140.94,260658.6136,208721.69,205223.66,-0.212672633,-0.199252666,0.017044965,roofs_top_kW,8760,234,cea,MULTI_RES,NONE,NONE,,roofs_top_kW,8760,2,0.996187568,0.996205178,0.993242681,0.999132454
Alameda_Arro,B1123,matched,201.5311408,211.67,201.54,482382.7254,348126.03,345967.48,-0.282794632,-0.278319866,0.00623917,roofs_top_kW,8760,328,cea,MULTI_RES,NONE,NONE,,roofs_top_kW,8760,2,0.892779589,0.891264947,0.848076701,0.937482476
Alameda_Arro,B1124,matched,163.314029,159.61,157.91,406899.3077,265037.49,268389.05,-0.34040426,-0.348641089,-0.012487693,roofs_top_kW,8760,266,cea,MULTI_RES,NONE,NONE,,roofs_top_kW,8760,2,0.963865459,0.970821463,0.944848001,0.982882917
Alameda_Arro,B1125,matched,447.3788461,459.22,445,1097021.325,794549.52,770747.86,-0.297417614,-0.275720989,0.030881253,roofs_top_kW,8760,744,cea,MULTI_RES,NONE,NONE,,roofs_top_kW,8760,4,0.762887508,0.802728683,0.551564872,0.976440966
Alameda_Arro,B1126,matched,105.0518846,108,105.05,247763.1413,179334.68,181295.5,-0.268270901,-0.276184992,-0.010815602,roofs_top_kW,8760,173,cea,MULTI_RES,NONE,NONE,,roofs_top_kW,8760,2,0.953803867,0.953653016,0.908948839,0.998658895
Alameda_Arro,B1127,matched,118.4035729,122.88,118.4,257253.6087,204641.65,203192.48,-0.210147212,-0.204513977,0.007132006,roofs_top_kW,8760,193,cea,MULTI_RES,NONE,NONE,,roofs_top_kW,8760,2,0.883566171,0.883691681,0.830386043,0.936746299
Alameda_Arro,B1128,matched,501.9755708,501.98,502.56,1135273.089,869782.67,870906.79,-0.23286582,-0.233855996,-0.001290747,roofs_top_kW,8760,828,cea,MULTI_RES,NONE,NONE,,roofs_top_kW,8760,1,0.998175263,0.998175263,0.998175263,0.998175263
Alameda_Arro,B1129,matched,124.2620237,126.17,124.26,286119.3044,213482.83,214944.32,-0.248759812,-0.253867786,-0.006799389,roofs_top_kW,8760,206,cea,MULTI_RES,NONE,NONE,,roofs_top_kW,8760,2,0.678586066,0.659007191,0.534765124,0.822407007
Alameda_Arro,B1130,matched,180.6465874,189.85,184.32,396012.6671,284419.58,274831.32,-0.306003714,-0.281791711,0.0348878,roofs_top_kW,8760,298,cea,MULTI_RES,NONE,NONE,,roofs_top_kW,8760,2,0.975666761,0.975423504,0.954773128,0.996560395
Alameda_Arro,B1132,matched,168.8178209,172.83,168.82,321179.6078,289032.88,288223.1,-0.102610835,-0.100089567,0.00280956,roofs_top_kW,8760,272,cea,MULTI_RES,NONE,NONE,,roofs_top_kW,8760,2,0.982229888,0.981906232,0.964893878,0.999565899
Alameda_Arro,B1133,matched,193.5400363,202.44,193.51,438666.3344,325422.18,331233.69,-0.24490743,-0.258155563,-0.017545045,roofs_top_kW,8760,317,cea,MULTI_RES,NONE,NONE,,roofs_top_kW,8760,3,0.744493524,0.754411894,0.566602528,0.96111536
Alameda_Arro,B1134,matched,77.78683534,79.15,77.79,122791.1143,118203.46,118589.61,-0.03421668,-0.037361452,-0.003256187,roofs_top_kW,8760,123,cea,MULTI_RES,NONE,NONE,,roofs_top_kW,8760,2,0.888983458,0.885894767,0.779119551,0.998847365
Alameda_Arro,B1135,matched,123.6343327,126.36,123.63,290097.6358,212904.67,213329.21,-0.264629615,-0.266093054,-0.00199007,roofs_top_kW,8760,202,cea,MULTI_RES,NONE,NONE,,roofs_top_kW,8760,2,0.956118852,0.95601565,0.914393723,0.997843981
Alameda_Arro,B1136,matched,121.7906228,122.83,121.79,269866.5649,199422.29,210455.08,-0.220151336,-0.261033726,-0.052423491,roofs_top_kW,8760,201,cea,MULTI_RES,NONE,NONE,,roofs_top_kW,8760,2,0.546020702,0.536101761,0.469466835,0.622574568
Alameda_Arro,B1137,matched,123.1277062,126.56,123.13,287693.2069,211374.69,210928.51,-0.266828326,-0.265277438,0.002115314,roofs_top_kW,8760,205,cea,MULTI_RES,NONE,NONE,,roofs_top_kW,8760,2,0.983339876,0.983341569,0.981656373,0.985023379
Alameda_Arro,B1138,matched,129.1414904,129.09,112.24,284573.3913,203937.58,191194.41,-0.328136727,-0.28335682,0.066650327,roofs_top_kW,8760,211,cea,MULTI_RES,NONE,NONE,,roofs_top_kW,8760,1,0.870625377,0.870625377,0.870625377,0.870625377
Alameda_Arro,B1139,matched,179.2154843,182.09,179.22,375739.7878,321779.39,305429.94,-0.187123776,-0.143611083,0.053529297,roofs_top_kW,8760,300,cea,MULTI_RES,NONE,NONE,,roofs_top_kW,8760,3,0.792655667,0.839082433,0.637884676,0.990140855
Alameda_Arro,B1140,matched,92.37894706,94.45,92.38,201204.6311,128783.99,127593.24,-0.365853364,-0.359935259,0.009332391,roofs_top_kW,8760,153,cea,MULTI_RES,NONE,NONE,,roofs_top_kW,8760,2,0.998885572,0.99888734,0.998329937,0.999441206
Alameda_Arro,B1141,matched,235.1020589,244.66,235.09,532485.7411,406197.81,404270.09,-0.240787013,-0.237166785,0.004768396,roofs_top_kW,8760,386,cea,MULTI_RES,NONE,NONE,,roofs_top_kW,8760,2,0.994989097,0.994952554,0.991183281,0.998794913
Alameda_Arro,B1142,matched,197.6338689,201,197.66,433255.6967,321745.86,315638.83,-0.271472176,-0.257376504,0.019348158,roofs_top_kW,8760,338,cea,MULTI_RES,NONE,NONE,,roofs_top_kW,8760,2,0.996126115,0.996125287,0.995524526,0.996727705
Alameda_Arro,B1143,matched,76.52304708,76.35,76.35,110174.1414,82357.81,81866.92,-0.256931627,-0.252476045,0.005996195,roofs_top_kW,8760,131,cea,MULTI_RES,NONE,NONE,,roofs_top_kW,8760,,,,,
Alameda_Arro,B1144,matched,90.47997127,91.12,90.48,221111.6233,114248.75,114649,-0.481488136,-0.483298307,-0.00349109,roofs_top_kW,8760,155,cea,MULTI_RES,NONE,NONE,,roofs_top_kW,8760,2,0.527585566,0.527437226,0.503097773,0.552073359
Alameda_Arro,B1145,matched,169.7839622,176.47,169.78,328632.6868,296803.1,271613.66,-0.173503821,-0.096854598,0.09273996,roofs_top_kW,8760,285,cea,MULTI_RES,NONE,NONE,,roofs_top_kW,8760,3,0.70509696,0.784572038,0.548796654,0.95694077
Alameda_Arro,B1146,matched,117.9154211,120.4,117.92,264544.2773,202788.15,203633.3,-0.230248705,-0.233443444,-0.004150353,roofs_top_kW,8760,196,cea,MULTI_RES,NONE,NONE,,roofs_top_kW,8760,2,0.956118852,0.955956905,0.914393723,0.997843981
Alameda_Arro,B1147,matched,839.2179547,838.55,838.55,1780644.312,1413120.65,1417446.68,-0.203969782,-0.206399256,-0.003051988,roofs_top_kW,8760,1376,cea,MULTI_RES,NONE,NONE,,roofs_top_kW,8760,,,,,
Alameda_Arro,B1148,matched,279.8936264,285.08,273.27,517946.7171,488023.87,473757.4,-0.085316338,-0.057772057,0.03011345,roofs_top_kW,8760,447,cea,MULTI_RES,NONE,NONE,,roofs_top_kW,8760,2,0.913202852,0.935169813,0.835043907,0.991361797
Alameda_Arro,B1149,matched,144.7214067,146.07,137.67,337313.6645,245190.09,226566.3,-0.328321607,-0.273109524,0.082200177,roofs_top_kW,8760,243,cea,MULTI_RES,NONE,NONE,,roofs_top_kW,8760,3,0.810681323,0.87810927,0.562585115,0.95537281
Alameda_Arro,B1150,matched,133.3868582,137.8,133,274665.1129,221443.08,218637.7,-0.203984453,-0.193770634,0.012831181,roofs_top_kW,8760,223,cea,MULTI_RES,NONE,NONE,,roofs_top_kW,8760,2,0.95828861,0.956488382,0.917678475,0.998898745
Alameda_Arro,B1151,matched,233.5835404,233.59,233.59,224022.9088,398410.37,394811.25,0.762369983,0.77843584,0.009116052,roofs_top_kW,8760,385,cea,MULTI_RES,NONE,NONE,,roofs_top_kW,8760,,,,,
Alameda_Arro,B1152,matched,163.7886353,166.83,142.34,355955.2772,310440.44,241241.15,-0.32227118,-0.12786673,0.286846958,roofs_top_kW,8760,269,cea,MULTI_RES,NONE,NONE,,roofs_top_kW,8760,1,0.961683989,0.961683989,0.961683989,0.961683989
Alameda_Arro,B1154,matched,91.18372161,93.07,93.07,204771.0953,158123,159898.14,-0.219137155,-0.227806054,-0.011101693,roofs_top_kW,8760,149,cea,MULTI_RES,NONE,NONE,,roofs_top_kW,8760,,,,,
Alameda_Arro,B1155,matched,73.3550926,74.6,73.38,113170.1692,108675.53,112325.95,-0.007459733,-0.03971576,-0.032498457,roofs_top_kW,8760,125,cea,MULTI_RES,NONE,NONE,,roofs_top_kW,8760,2,0.890203387,0.892242126,0.84106487,0.939341903
Alameda_Arro,B1156,matched,138.186252,142.54,138.56,277038.5145,238211.56,232277.15,-0.161570908,-0.140150024,0.025548833,roofs_top_kW,8760,226,cea,MULTI_RES,NONE,NONE,,roofs_top_kW,8760,2,0.995375067,0.995386445,0.992707908,0.998042226
Alameda_Arro,B1157,matched,203.4253433,203.41,203.43,508064.9287,343340.54,343081.36,-0.3247293,-0.324219168,0.000755448,roofs_top_kW,8760,333,cea,MULTI_RES,NONE,NONE,,roofs_top_kW,8760,1,0.992351592,0.992351592,0.992351592,0.992351592
Alameda_Arro,B1158,matched,139.1537031,143.24,139.15,313033.5169,236454.38,234854.62,-0.24974609,-0.244635583,0.006811703,roofs_top_kW,8760,227,cea,MULTI_RES,NONE,NONE,,roofs_top_kW,8760,2,0.989894003,0.989893366,0.986247182,0.993540823
Alameda_Arro,B1159,matched,106.1096831,106.11,106.11,112564.2908,152801.54,169806.69,0.508530715,0.357460158,-0.10014417,roofs_top_kW,8760,176,cea,MULTI_RES,NONE,NONE,,roofs_top_kW,8760,,,,,
Alameda_Arro,B1160,matched,166.4143848,170.1,162.31,420304.6357,288371.09,279447.88,-0.33513015,-0.313899811,0.031931572,roofs_top_kW,8760,280,cea,MULTI_RES,NONE,NONE,,roofs_top_kW,8760,2,0.990705281,0.990797402,0.989063442,0.992347121
Alameda_Arro,B1162,matched,304.4908287,305.66,305.66,299084.0383,482858.01,482761.04,0.614131743,0.614455966,0.000200865,roofs_top_kW,8760,505,cea,MULTI_RES,NONE,NONE,,roofs_top_kW,8760,,,,,
Alameda_Arro,B1164,matched,153.6863181,155.93,153.64,271416.0353,252537.98,249967.21,-0.079025638,-0.069553942,0.010284429,roofs_top_kW,8760,252,cea,MULTI_RES,NONE,NONE,,roofs_top_kW,8760,2,0.941212565,0.941118061,0.933885634,0.948539495
Alameda_Arro,B1165,matched,146.5292928,149.46,143.42,320732.6673,254561.2,244124.69,-0.238853054,-0.206313463,0.042750735,roofs_top_kW,8760,241,cea,MULTI_RES,NONE,NONE,,roofs_top_kW,8760,2,0.970896393,0.970740072,0.969696999,0.972095788
Alameda_Arro,B1166,matched,130.4846985,132.43,118.8,235574.3561,196639.9,179609.22,-0.237568881,-0.165274594,0.094820745,roofs_top_kW,8760,224,cea,MULTI_RES,NONE,NONE,,roofs_top_kW,8760,2,0.941212565,0.942032425,0.933885634,0.948539495
Alameda_Arro,B1167,matched,145.4971454,140.82,141.89,310862.1674,205715.37,206152.05,-0.336837764,-0.338242502,-0.002118242,roofs_top_kW,8760,243,cea,MULTI_RES,NONE,NONE,,roofs_top_kW,8760,3,0.69400084,0.788111794,0.514415801,0.966768205
Alameda_Arro,B1168,matched,182.6915522,182.71,182.71,178464.8233,287102.5,286983.17,0.608065751,0.608734398,0.000415808,roofs_top_kW,8760,309,cea,MULTI_RES,NONE,NONE,,roofs_top_kW,8760,,,,,
Alameda_Arro,B1169,matched,168.7239524,170.74,168.73,374273.8302,283750.96,282306.97,-0.245720787,-0.241862676,0.005114964,roofs_top_kW,8760,278,cea,MULTI_RES,NONE,NONE,,roofs_top_kW,8760,3,0.69400084,0.762672297,0.514415801,0.966768205
Alameda_Arro,B1171,matched,474.5922212,480.14,471.09,920445.9986,792467.26,777009.99,-0.15583316,-0.139039921,0.019893271,roofs_top_kW,8760,776,cea,MULTI_RES,NONE,NONE,,roofs_top_kW,8760,2,0.989520282,0.994239568,0.979231238,0.999809325
Alameda_Arro,B1173,matched,67.83199682,67.79,67.79,66204.16656,104601.13,106430.35,0.607608033,0.57997805,-0.017187015,roofs_top_kW,8760,109,cea,MULTI_RES,NONE,NONE,,roofs_top_kW,8760,,,,,
Alameda_Arro,B1174,matched,116.2646253,119.61,116.26,274560.8026,195207.47,194087.24,-0.29309924,-0.28901916,0.005771786,roofs_top_kW,8760,191,cea,MULTI_RES,NONE,NONE,,roofs_top_kW,8760,2,0.982610136,0.982587326,0.966697454,0.998522818
Alameda_Arro,B1175,matched,135.8780334,141.16,135.83,312130.8735,226876.14,225619.3,-0.277164423,-0.273137779,0.005570623,roofs_top_kW,8760,224,cea,MULTI_RES,NONE,NONE,,roofs_top_kW,8760,2,0.990676343,0.990678579,0.987158716,0.994193971
Alameda_Arro,B1176,matched,351.8509195,358.88,341.1,875240.2639,613033.3,591651.92,-0.324011995,-0.29958284,0.036138444,roofs_top_kW,8760,590,cea,MULTI_RES,NONE,NONE,,roofs_top_kW,8760,2,0.801454484,0.780732297,0.648675621,0.954233348
Alameda_Arro,B1177,matched,313.9204266,317.74,313.91,569260.0566,521836.71,523293.38,-0.080748115,-0.083306998,-0.002783658,roofs_top_kW,8760,516,cea,MULTI_RES,NONE,NONE,,roofs_top_kW,8760,2,0.993948996,0.993945463,0.988018632,0.99987936
Alameda_Arro,B1178,matched,64.1366945,64.14,64.14,85229.96284,96850.19,102135.67,0.198354036,0.136339695,-0.051749599,roofs_top_kW,8760,107,cea,MULTI_RES,NONE,NONE,,roofs_top_kW,8760,,,,,
Alameda_Arro,B1179,matched,61.35742447,62.74,54.88,117671.8589,92766.99,90696.23,-0.229244521,-0.21164677,0.02283182,roofs_top_kW,8760,101,cea,MULTI_RES,NONE,NONE,,roofs_top_kW,8760,2,0.592234805,0.592162589,0.417917281,0.766552329
Alameda_Arro,B1181,matched,178.5717985,186.32,170.86,389059.6876,287707.78,274299.73,-0.294967485,-0.260504778,0.048881018,roofs_top_kW,8760,296,cea,MULTI_RES,NONE,NONE,,roofs_top_kW,8760,2,0.999634832,0.999663724,0.999337375,0.999932289
Alameda_Arro,B1184,matched,91.38482945,83.65,83.65,172934.2471,123831.73,123745.61,-0.284435489,-0.283937496,0.000695944,roofs_top_kW,8760,150,cea,MULTI_RES,NONE,NONE,,roofs_top_kW,8760,,,,,
Alameda_Arro,B1186,matched,216.207527,225.44,222.47,459254.7152,372007.23,379472.76,-0.173720492,-0.189976243,-0.019673428,roofs_top_kW,8760,357,cea,MULTI_RES,NONE,NONE,,roofs_top_kW,8760,2,0.937883079,0.93584105,0.91448772,0.961278439
Alameda_Arro,B1189,matched,478.6172217,495.39,483.37,1082543.196,835498.48,833856.59,-0.229724419,-0.228207722,0.001969032,roofs_top_kW,8760,788,cea,MULTI_RES,NONE,NONE,,roofs_top_kW,8760,2,0.978391081,0.979787884,0.960511744,0.996270418
Alameda_Arro,B1191,matched,171.6588139,173.1,171.66,398912.9134,247697.34,245677.63,-0.384132171,-0.379069136,0.008220976,roofs_top_kW,8760,284,cea,MULTI_RES,NONE,NONE,,roofs_top_kW,8760,3,0.712103426,0.697889798,0.596450388,0.886300743
Alameda_Arro,B1193,matched,268.9733407,274.85,268.97,688658.9594,465231.84,462264.71,-0.328746539,-0.324437977,0.006418682,roofs_top_kW,8760,446,cea,MULTI_RES,NONE,NONE,,roofs_top_kW,8760,2,0.914453089,0.963652972,0.843045235,0.985860944
Alameda_Arro,B1195,matched,283.5756171,288.15,283.58,655251.2263,459453.18,441600.13,-0.326059819,-0.298813704,0.04042809,roofs_top_kW,8760,468,cea,MULTI_RES,NONE,NONE,,roofs_top_kW,8760,2,0.999676436,0.999623364,0.999446452,0.999906421
Alameda_Arro,B1197,matched,600.1100618,600.11,600.11,1223705.97,1036756.02,1038910.15,-0.151013253,-0.152773586,-0.002073452,roofs_top_kW,8760,992,cea,MULTI_RES,NONE,NONE,,roofs_top_kW,8760,,,,,
Alameda_Arro,B1199,matched,311.8290414,317.68,311.83,543565.5089,444045.7,433052.64,-0.20331104,-0.183087056,0.025385043,roofs_top_kW,8760,513,cea,MULTI_RES,NONE,NONE,,roofs_top_kW,8760,1,0.948702216,0.948702216,0.948702216,0.948702216
Alameda_Arro,B1201,matched,248.1925952,254.69,260.33,538859.1323,421280.88,426905.99,-0.207759571,-0.218198496,-0.013176461,roofs_top_kW,8760,405,cea,MULTI_RES,NONE,NONE,,roofs_top_kW,8760,2,0.627785891,0.630439075,0.490378976,0.765192807
Alameda_Arro,B1202,matched,162.3940371,165.22,145.76,391266.0072,275174.78,220626.59,-0.436121242,-0.296706652,0.247242139,roofs_top_kW,8760,267,cea,MULTI_RES,NONE,NONE,,roofs_top_kW,8760,2,0.992230982,0.991113033,0.986139655,0.998322308
Alameda_Arro,B1203,matched,385.7122202,398,385.78,801381.6545,567878.19,549703.72,-0.314055024,-0.291376104,0.033062301,roofs_top_kW,8760,635,cea,MULTI_RES,NONE,NONE,,roofs_top_kW,8760,2,0.979169488,0.979122559,0.961956263,0.996382713
Alameda_Arro,B1204,matched,360.2782634,366.53,352.52,815987.7806,578491.22,553191.23,-0.322059419,-0.291054065,0.045734619,roofs_top_kW,8760,588,cea,MULTI_RES,NONE,NONE,,roofs_top_kW,8760,2,0.793708026,0.804892604,0.623864353,0.9635517
Alameda_Arro,B1205,matched,347.7039791,350.99,354.11,830357.1674,554200.2,554634.88,-0.332052637,-0.332576123,-0.000783723,roofs_top_kW,8760,578,cea,MULTI_RES,NONE,NONE,,roofs_top_kW,8760,3,0.788302839,0.771771142,0.657501698,0.967784047
Alameda_Arro,B1206,matched,147.4792266,147.48,147.48,330672.0866,246757.83,248731.12,-0.247801281,-0.253768794,-0.007933426,roofs_top_kW,8760,250,cea,MULTI_RES,NONE,NONE,,roofs_top_kW,8760,,,,,
Alameda_Arro,B1207,matched,190.4840685,193.21,190.48,415614.5803,335869.39,326783.02,-0.213735428,-0.191872937,0.027805514,roofs_top_kW,8760,301,cea,MULTI_RES,NONE,NONE,,roofs_top_kW,8760,3,0.736698747,0.779972329,0.56448245,0.91563195
Alameda_Arro,B1208,matched,130.7418199,136.2,130.74,332734.182,233185.51,224783.71,-0.324434572,-0.299183785,0.037377264,roofs_top_kW,8760,213,cea,MULTI_RES,NONE,NONE,,roofs_top_kW,8760,1,0.881544948,0.881544948,0.881544948,0.881544948
Alameda_Arro,B1209,matched,128.6445895,129.71,128.64,280929.2892,222373.86,223374.19,-0.204873971,-0.208434761,-0.00447827,roofs_top_kW,8760,219,cea,MULTI_RES,NONE,NONE,,roofs_top_kW,8760,2,0.98055172,0.980541572,0.961184621,0.999918818
Alameda_Arro,B1210,matched,189.8555627,199.99,189.78,380056.8791,334559.24,327685.26,-0.137799424,-0.11971271,0.020977385,roofs_top_kW,8760,314,cea,MULTI_RES,NONE,NONE,,roofs_top_kW,8760,2,0.986294985,0.986258375,0.97899878,0.993591189
Alameda_Arro,B1211,matched,206.9255802,206.93,206.93,499655.8407,314352.3,337506.8,-0.324521455,-0.370862353,-0.068604544,roofs_top_kW,8760,349,cea,MULTI_RES,NONE,NONE,,roofs_top_kW,8760,,,,,
Alameda_Arro,B1212,matched,112.8048255,112.79,112.79,186463.2666,177656.51,184389.17,-0.011123352,-0.047230518,-0.036513316,roofs_top_kW,8760,184,cea,MULTI_RES,NONE,NONE,,roofs_top_kW,8760,,,,,
Alameda_Arro,B1213,matched,147.5472244,151.19,147.55,293987.8789,172768.99,169413.91,-0.423738453,-0.412326145,0.019804041,roofs_top_kW,8760,243,cea,MULTI_RES,NONE,NONE,,roofs_top_kW,8760,2,0.843083054,0.843407275,0.694962323,0.991203785
Alameda_Arro,B1214,matched,91.12902159,93,91.13,149428.4801,135912.69,137472.28,-0.08001286,-0.090449893,-0.01134476,roofs_top_kW,8760,150,cea,MULTI_RES,NONE,NONE,,roofs_top_kW,8760,2,0.969366938,0.969367207,0.968886435,0.969847441
Alameda_Arro,B1215,matched,168.2918094,168.16,168.26,392217.1656,226531.79,227824.9,-0.419135826,-0.422432749,-0.005675894,roofs_top_kW,8760,285,cea,MULTI_RES,NONE,NONE,,roofs_top_kW,8760,1,0.994925737,0.994925737,0.994925737,0.994925737
Alameda_Arro,B1216,matched,170.9048312,173.59,159.21,389645.4345,280060.7,266040.13,-0.317225081,-0.281242188,0.052700959,roofs_top_kW,8760,287,cea,MULTI_RES,NONE,NONE,,roofs_top_kW,8760,2,0.97214067,0.971542252,0.946401834,0.997879505
Alameda_Arro,B1217,matched,228.5655602,234.18,211.21,482744.328,401747.45,366426.99,-0.240950191,-0.167784215,0.096391535,roofs_top_kW,8760,372,cea,MULTI_RES,NONE,NONE,,roofs_top_kW,8760,2,0.948660463,0.951418768,0.902201116,0.99511981
Alameda_Arro,B1218,matched,190.3184787,198.5,190.32,481264.0623,173543.42,162836.09,-0.66164918,-0.639400833,0.065755263,roofs_top_kW,8760,326,cea,MULTI_RES,NONE,NONE,,roofs_top_kW,8760,2,0.964490801,0.964548079,0.943444133,0.985537469
Alameda_Arro,B1219,matched,214.0288706,221.3,214.03,410826.914,323898.34,334633.56,-0.185463394,-0.211594156,-0.032080524,roofs_top_kW,8760,349,cea,MULTI_RES,NONE,NONE,,roofs_top_kW,8760,2,0.993886232,0.993890495,0.989061356,0.998711109
Alameda_Arro,B1220,matched,146.9098967,151.24,146.92,319629.559,253672.62,253323.95,-0.207445172,-0.206354316,0.00137638,roofs_top_kW,8760,237,cea,MULTI_RES,NONE,NONE,,roofs_top_kW,8760,2,0.99208203,0.992068435,0.984844267,0.999319792
Alameda_Arro,B1221,matched,115.0021605,118.36,116.22,237917.6912,202718.24,201600.79,-0.152644812,-0.147948019,0.005542885,roofs_top_kW,8760,188,cea,MULTI_RES,NONE,NONE,,roofs_top_kW,8760,2,0.874751538,0.89481607,0.758177161,0.991325915
Alameda_Arro,B1223,matched,212.2714378,215.62,212.27,462313.9851,330373.87,333813.08,-0.277951585,-0.285390707,-0.010302802,roofs_top_kW,8760,347,cea,MULTI_RES,NONE,NONE,,roofs_top_kW,8760,2,0.958402932,0.958355512,0.91745311,0.999352753
Alameda_Arro,B1224,matched,124.2835426,124.27,124.27,307115.1606,208982.96,209786.52,-0.316912524,-0.319529001,-0.00383037,roofs_top_kW,8760,208,cea,MULTI_RES,NONE,NONE,,roofs_top_kW,8760,,,,,
Alameda_Arro,B1225,matched,145.6909337,148.45,145.69,342029.5012,201069.37,196941.67,-0.424196833,-0.412128576,0.020958998,roofs_top_kW,8760,235,cea,MULTI_RES,NONE,NONE,,roofs_top_kW,8760,2,0.992340922,0.992327772,0.986757636,0.997924209
Alameda_Arro,B1226,matched,210.5857863,218.48,210.63,374153.5258,317219.39,300870.36,-0.195863892,-0.152167845,0.054339118,roofs_top_kW,8760,353,cea,MULTI_RES,NONE,NONE,,roofs_top_kW,8760,2,0.985141993,0.985126895,0.977775156,0.992508829
Alameda_Arro,B1227,matched,114.9679671,117.02,117.02,252504.1813,209648.78,201542.67,-0.201824426,-0.169721551,0.040220317,roofs_top_kW,8760,191,cea,MULTI_RES,NONE,NONE,,roofs_top_kW,8760,,,,,
Alameda_Arro,B1228,matched,157.9833679,155.56,155.56,339458.5881,197874.33,208944.61,-0.384476878,-0.417088455,-0.052981888,roofs_top_kW,8760,258,cea,MULTI_RES,NONE,NONE,,roofs_top_kW,8760,,,,,
Alameda_Arro,B1229,matched,221.5492092,225.48,221.55,423718.9886,335439.81,341651.31,-0.193684212,-0.208343692,-0.018180817,roofs_top_kW,8760,367,cea,MULTI_RES,NONE,NONE,,roofs_top_kW,8760,2,0.938612878,0.938562627,0.878051698,0.999174058
Alameda_Arro,B1230,matched,148.3728262,151.23,148.26,306821.4116,246479.51,246260.04,-0.197383133,-0.196667831,0.000891212,roofs_top_kW,8760,245,cea,MULTI_RES,NONE,NONE,,roofs_top_kW,8760,2,0.992387563,0.992388164,0.984950542,0.999824584
Alameda_Arro,B1231,matched,96.6672964,98.41,96.7,173753.5201,165896.62,164362.11,-0.054050186,-0.045218653,0.009336154,roofs_top_kW,8760,156,cea,MULTI_RES,NONE,NONE,,roofs_top_kW,8760,2,0.977679789,0.977678088,0.958038509,0.997321069
Alameda_Arro,B1232,matched,69.12557208,70.92,69.13,118208.1406,116443.75,116434.67,-0.015002948,-0.014926134,7.79836E-05,roofs_top_kW,8760,110,cea,MULTI_RES,NONE,NONE,,roofs_top_kW,8760,2,0.767271131,0.769248426,0.600305498,0.934236765
Alameda_Arro,B1233,matched,149.0829803,152.1,149.09,229787.8724,180583.61,185977.88,-0.190654067,-0.214129066,-0.029004901,roofs_top_kW,8760,231,cea,MULTI_RES,NONE,NONE,,roofs_top_kW,8760,2,0.950581431,0.950493465,0.902968585,0.998194277
Alameda_Arro,B1234,matched,125.3031212,130.64,112.74,218126.6611,190533.99,153420.04,-0.296647007,-0.126498388,0.241910705,roofs_top_kW,8760,202,cea,MULTI_RES,NONE,NONE,,roofs_top_kW,8760,2,0.932017058,0.931807994,0.873479486,0.990554631
Alameda_Arro,B1235,matched,63.56367193,63.57,63.57,117858.6625,87264.2,85821.61,-0.271826031,-0.259586032,0.01680917,roofs_top_kW,8760,101,cea,MULTI_RES,NONE,NONE,,roofs_top_kW,8760,,,,,
Alameda_Arro,B1236,matched,257.9947859,257.81,257.81,525011.4109,420362.55,424629.48,-0.191199522,-0.199326831,-0.010048596,roofs_top_kW,8760,424,cea,MULTI_RES,NONE,NONE,,roofs_top_kW,8760,,,,,
Alameda_Arro,B1237,matched,155.1915422,150.96,155.16,284839.7214,233408.99,268903.48,-0.055948101,-0.18056025,-0.131997139,roofs_top_kW,8760,251,cea,MULTI_RES,NONE,NONE,,roofs_top_kW,8760,4,0.772885621,0.775781787,0.411733687,0.980186641
Alameda_Arro,B1238,matched,97.53821267,97.54,97.54,196456.3939,107592.17,140073.16,-0.287001267,-0.452335616,-0.231885894,roofs_top_kW,8760,152,cea,MULTI_RES,NONE,NONE,,roofs_top_kW,8760,,,,,
Alameda_Arro,B1239,matched,181.9779903,185.38,182.01,357010.8233,286394.73,291920.95,-0.182319048,-0.197798186,-0.018930536,roofs_top_kW,8760,294,cea,MULTI_RES,NONE,NONE,,roofs_top_kW,8760,2,0.973396122,0.973449262,0.947675645,0.9991166
Alameda_Arro,B1240,matched,99.85035419,101.8,99.85,224160.2393,153273.78,151907.65,-0.322325625,-0.31623119,0.008993161,roofs_top_kW,8760,166,cea,MULTI_RES,NONE,NONE,,roofs_top_kW,8760,2,0.888214201,0.887787069,0.872896314,0.903532088
Alameda_Arro,B1241,matched,82.20874795,82.22,82.22,178144.4308,128466.85,129037.37,-0.275658692,-0.278861262,-0.004421355,roofs_top_kW,8760,130,cea,MULTI_RES,NONE,NONE,,roofs_top_kW,8760,,,,,
Alameda_Arro,B1242,matched,242.6988024,249.58,231.38,540230.6135,424467.87,401132.23,-0.257479639,-0.214283938,0.058174433,roofs_top_kW,8760,407,cea,MULTI_RES,NONE,NONE,,roofs_top_kW,8760,2,0.909227252,0.915290683,0.850515425,0.967939079
Alameda_Arro,B1243,matched,205.9698146,205.94,205.94,436012.856,333794.72,338327.39,-0.224042628,-0.234438353,-0.01339729,roofs_top_kW,8760,317,cea,MULTI_RES,NONE,NONE,,roofs_top_kW,8760,,,,,
Alameda_Arro,B1244,matched,119.4205588,123.2,119.41,288807.6004,192451.52,194874.87,-0.325243277,-0.333634157,-0.012435416,roofs_top_kW,8760,204,cea,MULTI_RES,NONE,NONE,,roofs_top_kW,8760,2,0.920470655,0.920244456,0.847902477,0.993038833
Alameda_Arro,B1245,matched,84.10328291,73.54,73.54,181548.0816,109162,111084.22,-0.388127822,-0.398715761,-0.017304168,roofs_top_kW,8760,136,cea,MULTI_RES,NONE,NONE,,roofs_top_kW,8760,,,,,
Alameda_Arro,B1246,matched,65.56260397,66.93,65.56,149356.0803,103917.08,104433.79,-0.300773093,-0.304232678,-0.004947728,roofs_top_kW,8760,102,cea,MULTI_RES,NONE,NONE,,roofs_top_kW,8760,2,0.986186236,0.9861918,0.973178625,0.999193847
Alameda_Arro,B1247,matched,157.9325755,160.61,157.93,328243.9529,231753.97,240985.22,-0.265835005,-0.293958143,-0.038306291,roofs_top_kW,8760,265,cea,MULTI_RES,NONE,NONE,,roofs_top_kW,8760,2,0.972144246,0.971498991,0.966351807,0.977936685
Alameda_Arro,B1248,matched,91.25196722,91.25,91.25,113608.8501,60838.87,63985.06,-0.436795109,-0.464488286,-0.049170697,roofs_top_kW,8760,143,cea,MULTI_RES,NONE,NONE,,roofs_top_kW,8760,,,,,
Alameda_Arro,B1249,matched,240.3636979,246.27,240.36,527183.7663,370084.63,371355.93,-0.295585422,-0.297996916,-0.0034234,roofs_top_kW,8760,397,cea,MULTI_RES,NONE,NONE,,roofs_top_kW,8760,2,0.977441728,0.977380626,0.956348062,0.998535395
Alameda_Arro,B1250,matched,222.5972612,228.69,229.48,581480.8183,316712.85,380917.53,-0.34491815,-0.455333968,-0.168552705,roofs_top_kW,8760,383,cea,MULTI_RES,NONE,NONE,,roofs_top_kW,8760,3,0.753881484,0.65922279,0.458702236,0.969519556
Alameda_Arro,B1251,matched,204.0139445,206.29,204.01,409655.4797,249095.47,250270.98,-0.389069615,-0.391939124,-0.004696949,roofs_top_kW,8760,334,cea,MULTI_RES,NONE,NONE,,roofs_top_kW,8760,2,0.962878764,0.962871196,0.957138062,0.968619466
Alameda_Arro,B1252,matched,136.0058628,138.09,136.01,321261.5138,215502.23,217291.69,-0.323629876,-0.32919998,-0.00823529,roofs_top_kW,8760,227,cea,MULTI_RES,NONE,NONE,,roofs_top_kW,8760,2,0.990163893,0.990145775,0.980418503,0.999909282
Alameda_Arro,B1253,matched,165.6116293,167.78,165.61,306360.4705,266969.87,266063.62,-0.131534106,-0.128575989,0.00340614,roofs_top_kW,8760,275,cea,MULTI_RES,NONE,NONE,,roofs_top_kW,8760,3,0.747240702,0.665118447,0.414337277,0.993370652
Alameda_Arro,B1254,matched,106.3730562,109.05,106.37,201633.398,184578.41,183065.5,-0.092087413,-0.084584142,0.00826431,roofs_top_kW,8760,165,cea,MULTI_RES,NONE,NONE,,roofs_top_kW,8760,2,0.805137336,0.79758166,0.621886671,0.988388002
Alameda_Arro,B1255,matched,210.2489308,215.48,210.25,445134.034,260242.47,260639.53,-0.414469553,-0.415361554,-0.001523407,roofs_top_kW,8760,348,cea,MULTI_RES,NONE,NONE,,roofs_top_kW,8760,2,0.980123848,0.980145842,0.963819385,0.996428311
Alameda_Arro,B1256,matched,130.7193643,130.87,130.87,245533.5598,205744.93,216726.53,-0.117324205,-0.162049659,-0.050670308,roofs_top_kW,8760,220,cea,MULTI_RES,NONE,NONE,,roofs_top_kW,8760,,,,,
Alameda_Arro,B1257,matched,164.3198022,166.9,164.32,344238.1151,284994.29,283791.6,-0.175595068,-0.172101294,0.004237934,roofs_top_kW,8760,266,cea,MULTI_RES,NONE,NONE,,roofs_top_kW,8760,2,0.987498194,0.987489582,0.976970732,0.998025656
Alameda_Arro,B1258,matched,135.3479336,139.38,135.39,316450.116,224703.06,221680.82,-0.299476256,-0.289925809,0.013633295,roofs_top_kW,8760,223,cea,MULTI_RES,NONE,NONE,,roofs_top_kW,8760,2,0.941691846,0.941761974,0.912574828,0.970808864
Alameda_Arro,B1259,matched,191.484797,197.06,191.48,456898.3604,330669.66,329019.66,-0.27988435,-0.276273043,0.005014898,roofs_top_kW,8760,320,cea,MULTI_RES,NONE,NONE,,roofs_top_kW,8760,2,0.915484369,0.915427662,0.882693887,0.948274851
Alameda_Arro,B1260,matched,109.3963356,109.4,109.4,191960.2803,179189.59,180977.77,-0.05721241,-0.066527775,-0.009880661,roofs_top_kW,8760,178,cea,MULTI_RES,NONE,NONE,,roofs_top_kW,8760,,,,,
Alameda_Arro,B1261,matched,122.9783892,122.98,122.98,291608.6739,212334.41,211486.92,-0.274757787,-0.271851529,0.004007293,roofs_top_kW,8760,195,cea,MULTI_RES,NONE,NONE,,roofs_top_kW,8760,,,,,
Alameda_Arro,B1262,matched,154.6631108,156.64,154.66,310911.37,207480.9,216261.58,-0.304426918,-0.332668664,-0.040602126,roofs_top_kW,8760,258,cea,MULTI_RES,NONE,NONE,,roofs_top_kW,8760,2,0.993372798,0.993372335,0.992892385,0.993853211
Alameda_Arro,B1263,matched,158.9093071,161.57,158.91,212758.1099,275300.43,273471.68,0.285364305,0.293959747,0.006687164,roofs_top_kW,8760,266,cea,MULTI_RES,NONE,NONE,,roofs_top_kW,8760,2,0.923095018,0.923066557,0.878561497,0.967628539
Alameda_Arro,B1264,matched,114.7672344,116.18,114.78,219901.1336,200291.61,199210.97,-0.094088481,-0.089174272,0.005424601,roofs_top_kW,8760,185,cea,MULTI_RES,NONE,NONE,,roofs_top_kW,8760,2,0.947087079,0.947201806,0.910644829,0.983529329
Alameda_Arro,B1265,matched,238.8453307,248.65,242.29,501028.0864,418599.9,415744.53,-0.170217117,-0.164518095,0.006868088,roofs_top_kW,8760,387,cea,MULTI_RES,NONE,NONE,,roofs_top_kW,8760,2,0.966753781,0.965843053,0.937529206,0.995978355
Alameda_Arro,B1266,matched,94.74792865,80.18,80.18,189326.5196,126753.56,126556.43,-0.331544095,-0.330502878,0.001557645,roofs_top_kW,8760,164,cea,MULTI_RES,NONE,NONE,,roofs_top_kW,8760,,,,,
Alameda_Arro,B1267,matched,203.346497,210.08,202.4,407608.8187,354537.69,350720.71,-0.139565451,-0.13020113,0.010883247,roofs_top_kW,8760,335,cea,MULTI_RES,NONE,NONE,,roofs_top_kW,8760,2,0.950131536,0.951207849,0.911872625,0.988390446
Alameda_Arro,B1268,matched,168.8943901,174.81,168.82,341973.2856,294638.37,289652.91,-0.152995505,-0.138416998,0.017211842,roofs_top_kW,8760,274,cea,MULTI_RES,NONE,NONE,,roofs_top_kW,8760,2,0.96561718,0.965635093,0.956719875,0.974514484
Alameda_Arro,B1269,matched,124.2503102,129.35,124.25,315273.7806,212622.49,210501.48,-0.332321643,-0.325594125,0.010075986,roofs_top_kW,8760,215,cea,MULTI_RES,NONE,NONE,,roofs_top_kW,8760,2,0.642605409,0.642739736,0.459658176,0.825552642
Alameda_Arro,B1270,matched,176.0737656,177.76,176.07,349106.0156,253133.76,258691.97,-0.258987361,-0.274908628,-0.021485823,roofs_top_kW,8760,309,cea,MULTI_RES,NONE,NONE,,roofs_top_kW,8760,2,0.988500297,0.988532098,0.977641404,0.99935919
Alameda_Arro,B1271,matched,237.5258568,237.47,237.47,471313.2595,377999.36,377503.16,-0.199039805,-0.197987002,0.001314426,roofs_top_kW,8760,386,cea,MULTI_RES,NONE,NONE,,roofs_top_kW,8760,,,,,
Alameda_Arro,B1272,matched,206.6189794,210.49,206.61,421709.4489,277156.54,242961.47,-0.423865245,-0.342778444,0.140742769,roofs_top_kW,8760,334,cea,MULTI_RES,NONE,NONE,,roofs_top_kW,8760,2,0.989878714,0.989924172,0.985113859,0.994643569
Alameda_Arro,B1273,matched,120.5989816,121.77,120.63,253235.5517,209484.7,209004.87,-0.174662212,-0.172767415,0.002295784,roofs_top_kW,8760,192,cea,MULTI_RES,NONE,NONE,,roofs_top_kW,8760,2,0.989798039,0.989508491,0.982272625,0.997323453
Alameda_Arro,B1274,matched,231.8090341,242.26,231.8,556658.805,348951.82,336825.78,-0.394915203,-0.37313159,0.036000926,roofs_top_kW,8760,373,cea,MULTI_RES,NONE,NONE,,roofs_top_kW,8760,2,0.878692061,0.879172223,0.769001484,0.988382638
Alameda_Arro,B1275,matched,115.8289013,115.82,115.82,249679.5443,182154.34,182778.74,-0.267946677,-0.270447483,-0.003416152,roofs_top_kW,8760,188,cea,MULTI_RES,NONE,NONE,,roofs_top_kW,8760,,,,,
Alameda_Arro,B1276,matched,169.3275951,173.85,169.35,311859.1768,275623.49,274355.49,-0.120258404,-0.116192466,0.004621741,roofs_top_kW,8760,272,cea,MULTI_RES,NONE,NONE,,roofs_top_kW,8760,2,0.70536083,0.705371254,0.500401676,0.910319984
Alameda_Arro,B1277,matched,152.210167,156.49,152.25,341319.4343,222741.12,221175.89,-0.351997373,-0.347411552,0.007076856,roofs_top_kW,8760,250,cea,MULTI_RES,NONE,NONE,,roofs_top_kW,8760,2,0.76812762,0.768077609,0.646754742,0.889500499
Alameda_Arro,B1278,matched,174.9761185,176.44,174.98,314476.9876,289494.28,292303.33,-0.070509635,-0.079442085,-0.009610051,roofs_top_kW,8760,288,cea,MULTI_RES,NONE,NONE,,roofs_top_kW,8760,2,0.994706959,0.995266177,0.989569128,0.99984479
Alameda_Arro,B1279,matched,303.7709108,314.01,303.77,693881.4518,515180.85,513822.37,-0.259495453,-0.257537655,0.002643871,roofs_top_kW,8760,493,cea,MULTI_RES,NONE,NONE,,roofs_top_kW,8760,2,0.932013154,0.938631687,0.866908669,0.997117639
Alameda_Arro,B1280,matched,183.9306028,193.67,180.36,336385.0453,271366.23,268943.86,-0.200488061,-0.193286878,0.009006973,roofs_top_kW,8760,303,cea,MULTI_RES,NONE,NONE,,roofs_top_kW,8760,2,0.982921243,0.983995953,0.966050088,0.999792397
Alameda_Arro,B1281,matched,97.5423406,99.77,83.82,201742.9984,148972.14,129466.72,-0.358259166,-0.261574671,0.150659722,roofs_top_kW,8760,155,cea,MULTI_RES,NONE,NONE,,roofs_top_kW,8760,2,0.888214201,0.889851514,0.872896314,0.903532088
Alameda_Arro,B1282,matched,230.0780278,234.39,221.8,427796.0973,335241.33,300354.93,-0.297901659,-0.216352528,0.116150582,roofs_top_kW,8760,379,cea,MULTI_RES,NONE,NONE,,roofs_top_kW,8760,3,0.648635209,0.730201557,0.487769783,0.897762656
Alameda_Arro,B1283,matched,121.1358659,125.39,121.14,297421.0466,193881.42,185917.16,-0.374902475,-0.348124747,0.042837681,roofs_top_kW,8760,189,cea,MULTI_RES,NONE,NONE,,roofs_top_kW,8760,2,0.957369536,0.957314422,0.92501843,0.989720643
Alameda_Arro,B1284,matched,168.2051347,171.75,162.96,386187.3266,238051.6,230017.05,-0.404389958,-0.383585158,0.034930237,roofs_top_kW,8760,273,cea,MULTI_RES,NONE,NONE,,roofs_top_kW,8760,2,0.943229169,0.94076028,0.892519057,0.993939281
Alameda_Arro,B1285,matched,187.5732871,193.35,186.59,423142.4485,319455.56,311332.09,-0.264238104,-0.245040149,0.02609262,roofs_top_kW,8760,311,cea,MULTI_RES,NONE,NONE,,roofs_top_kW,8760,2,0.988419622,0.988746241,0.980675399,0.996163845
Alameda_Arro,B1286,matched,218.7664317,213.73,206.17,486659.3389,299549.13,284362.42,-0.415684859,-0.384478821,0.053406178,roofs_top_kW,8760,371,cea,MULTI_RES,NONE,NONE,,roofs_top_kW,8760,3,0.895835678,0.904078011,0.844581127,0.956510127
Alameda_Arro,B1287,matched,339.2478744,348.19,326.03,770010.4643,538574.59,511405.41,-0.335846156,-0.300561986,0.053126501,roofs_top_kW,8760,556,cea,MULTI_RES,NONE,NONE,,roofs_top_kW,8760,2,0.993194878,0.994315774,0.989612639,0.996777117
Alameda_Arro,B1288,matched,350.9276071,361.72,339.9,756810.5656,547697.19,503634.9,-0.334529772,-0.276308742,0.087488556,roofs_top_kW,8760,579,cea,MULTI_RES,NONE,NONE,,roofs_top_kW,8760,2,0.865495592,0.866277937,0.862830818,0.868160367
Alameda_Arro,B1289,matched,165.0341134,170.49,164.12,388743.0439,282479.07,281165.14,-0.276732679,-0.273352734,0.004673161,roofs_top_kW,8760,267,cea,MULTI_RES,NONE,NONE,,roofs_top_kW,8760,2,0.78872779,0.732762788,0.601584733,0.975870848
Alameda_Arro,B1291,matched,258.5508555,269.77,258.53,600926.6043,445721.84,442008.22,-0.264455564,-0.258275741,0.008401699,roofs_top_kW,8760,430,cea,MULTI_RES,NONE,NONE,,roofs_top_kW,8760,2,0.961785108,0.9597428,0.953350365,0.970219851
Alameda_Arro,B1292,matched,226.8449369,231.03,226.82,506947.1045,337577.75,368928.43,-0.272254587,-0.3340967,-0.084977674,roofs_top_kW,8760,367,cea,MULTI_RES,NONE,NONE,,roofs_top_kW,8760,3,0.830657601,0.772582233,0.615512371,0.995453596
Alameda_Arro,B1293,matched,251.1148604,251.12,251.12,584231.3141,432322.02,428976.21,-0.265742524,-0.260015666,0.007799523,roofs_top_kW,8760,414,cea,MULTI_RES,NONE,NONE,,roofs_top_kW,8760,,,,,
Alameda_Arro,B1294,matched,254.8157893,262.06,254.81,569064.3979,436016.33,435406.57,-0.234872939,-0.233801426,0.001400438,roofs_top_kW,8760,422,cea,MULTI_RES,NONE,NONE,,roofs_top_kW,8760,2,0.989060104,0.988545361,0.987142444,0.990977764
Alameda_Arro,B1295,matched,226.5652624,234.37,226.57,502470.6449,368226.06,364225.02,-0.275131744,-0.26716901,0.010985077,roofs_top_kW,8760,379,cea,MULTI_RES,NONE,NONE,,roofs_top_kW,8760,2,0.992454112,0.993250789,0.98765558,0.997252643
Alameda_Arro,B1296,matched,225.3868024,232.28,225.39,478814.2364,382888.26,380320.3,-0.205703859,-0.200340694,0.006752098,roofs_top_kW,8760,367,cea,MULTI_RES,NONE,NONE,,roofs_top_kW,8760,2,0.990405232,0.991752538,0.982238114,0.99857235
Alameda_Arro,B1297,matched,218.3874961,222.75,212.51,485375.5319,371311,361223.91,-0.255784673,-0.235002641,0.027924757,roofs_top_kW,8760,359,cea,MULTI_RES,NONE,NONE,,roofs_top_kW,8760,2,0.937269181,0.945012165,0.874767542,0.99977082
Alameda_Arro,B1298,matched,381.0410458,389.89,367.31,853806.4677,560951.87,626236.72,-0.266535516,-0.342998804,-0.104249476,roofs_top_kW,8760,632,cea,MULTI_RES,NONE,NONE,,roofs_top_kW,8760,3,0.902241627,0.886957705,0.848320603,0.994553685
Alameda_Arro,B1299,matched,191.0967009,196.27,188.01,427043.5773,307982.04,299355.73,-0.299004256,-0.278804187,0.028816251,roofs_top_kW,8760,316,cea,MULTI_RES,NONE,NONE,,roofs_top_kW,8760,2,0.87346223,0.902496229,0.747910321,0.999014139
Alameda_Arro,B1300,matched,231.000892,237.38,231,491449.4276,342929.61,343958.94,-0.300113255,-0.302207733,-0.002992596,roofs_top_kW,8760,378,cea,MULTI_RES,NONE,NONE,,roofs_top_kW,8760,2,0.988332719,0.990176628,0.976894617,0.99977082
Alameda_Arro,B1301,matched,271.792541,279.92,271.76,625717.5123,461000.77,460310.5,-0.264347743,-0.263244578,0.001499575,roofs_top_kW,8760,454,cea,MULTI_RES,NONE,NONE,,roofs_top_kW,8760,2,0.98684752,0.987779108,0.982630074,0.991064966
Alameda_Arro,B1302,matched,337.0582757,343.53,328.8,701599.4222,543740.59,571300.79,-0.185716561,-0.224998521,-0.048241138,roofs_top_kW,8760,546,cea,MULTI_RES,NONE,NONE,,roofs_top_kW,8760,3,0.616620978,0.656061322,0.508946598,0.698565662
Alameda_Arro,B1303,matched,183.8479485,188.26,183.82,455807.6708,336503.81,317513.42,-0.303404834,-0.26174167,0.059809724,roofs_top_kW,8760,312,cea,MULTI_RES,NONE,NONE,,roofs_top_kW,8760,3,0.816277186,0.839014185,0.568126678,0.971919477
Alameda_Arro,B1304,matched,104.3023624,104.3,104.3,234725.6756,167285.18,176764.11,-0.246933214,-0.287316227,-0.053624743,roofs_top_kW,8760,161,cea,MULTI_RES,NONE,NONE,,roofs_top_kW,8760,,,,,
Alameda_Arro,B1305,matched,183.6040913,188.51,183.6,353629.9031,213913.9,216843.01,-0.38680805,-0.395091031,-0.013507975,roofs_top_kW,8760,307,cea,MULTI_RES,NONE,NONE,,roofs_top_kW,8760,3,0.720413913,0.711690745,0.482518643,0.996619225
Alameda_Arro,B1306,matched,160.317234,162.93,162.89,394394.4858,272607.8,277607.29,-0.29611772,-0.308794089,-0.018009217,roofs_top_kW,8760,268,cea,MULTI_RES,NONE,NONE,,roofs_top_kW,8760,2,0.931918204,0.934151982,0.875277758,0.98855865
Alameda_Arro,B1307,matched,300.3216197,303.11,284.84,666048.2592,486772.58,446241.58,-0.330016145,-0.269163198,0.090827484,roofs_top_kW,8760,504,cea,MULTI_RES,NONE,NONE,,roofs_top_kW,8760,2,0.594171584,0.588392397,0.52535677,0.662986398
Alameda_Arro,B1308,matched,886.6499341,886.71,886.71,1989341.805,1539146.94,1538740.33,-0.22650782,-0.226303426,0.000264249,roofs_top_kW,8760,1463,cea,MULTI_RES,NONE,NONE,,roofs_top_kW,8760,,,,,
Alameda_Arro,B1309,matched,97.99829935,101.76,98,198041.1161,197242.82,168435.04,-0.149494593,-0.004030962,0.17103199,roofs_top_kW,8760,176,cea,MULTI_RES,NONE,NONE,,roofs_top_kW,8760,1,0.99362433,0.99362433,0.99362433,0.99362433
Alameda_Arro,B1310,matched,165.2326589,167.18,165.23,264668.7624,287590.19,286552.62,0.082683946,0.086604204,0.003620871,roofs_top_kW,8760,260,cea,MULTI_RES,NONE,NONE,,roofs_top_kW,8760,3,0.514683803,0.496178454,0.438677192,0.64101702
Alameda_Arro,B1311,matched,202.8572372,209.97,202.9,329251.7983,358110.93,345460.8,0.049229805,0.087650643,0.036618134,roofs_top_kW,8760,330,cea,MULTI_RES,NONE,NONE,,roofs_top_kW,8760,2,0.729651123,0.728786338,0.51135093,0.947951317
Alameda_Arro,B1312,matched,138.8294978,141.67,138.83,310829.1631,231101.4,239828.47,-0.228423525,-0.256500266,-0.036388799,roofs_top_kW,8760,223,cea,MULTI_RES,NONE,NONE,,roofs_top_kW,8760,2,0.806534976,0.806630739,0.652024865,0.961045086
Alameda_Arro,B1314,matched,213.4563145,219.88,212.8,324839.7663,339281.81,300533.06,-0.074826757,0.044458977,0.128933403,roofs_top_kW,8760,356,cea,MULTI_RES,NONE,NONE,,roofs_top_kW,8760,2,0.958172858,0.959275425,0.923248351,0.993097365
Alameda_Arro,B1315,matched,151.114704,135.22,135.22,229544.0333,96543.68,97572.91,-0.574927265,-0.579411067,-0.010548317,roofs_top_kW,8760,244,cea,MULTI_RES,NONE,NONE,,roofs_top_kW,8760,,,,,
Alameda_Arro,B1318,matched,829.8339367,829.83,829.83,1761948.936,1402411.17,1407817.1,-0.200988706,-0.204056859,-0.003839938,roofs_top_kW,8760,1364,cea,SINGLE_RES,NONE,NONE,,roofs_top_kW,8760,,,,,
Alameda_Arro,B1326,matched,253.5469144,258.72,256.6,542302.699,430625.14,441930.1,-0.185085929,-0.205932147,-0.025580878,roofs_top_kW,8760,416,cea,MULTI_RES,NONE,NONE,,roofs_top_kW,8760,3,0.816141446,0.796183763,0.737134278,0.968438864
Alameda_Arro,B1328,matched,135.7265757,143.05,135.73,291490.3258,232619.07,229999.02,-0.210954877,-0.201966414,0.01139157,roofs_top_kW,8760,223,cea,MULTI_RES,NONE,NONE,,roofs_top_kW,8760,2,0.629884645,0.632876935,0.428369135,0.831400156
Alameda_Arro,B1329,matched,117.4033984,117.4,117.4,257592.1756,143949.48,158984.49,-0.382805438,-0.441172933,-0.094569036,roofs_top_kW,8760,184,cea,MULTI_RES,NONE,NONE,,roofs_top_kW,8760,,,,,
Alameda_Arro,B1330,matched,60.84514795,63.15,60.85,110359.5386,104281.41,99071.42,-0.102284938,-0.055075698,0.052588224,roofs_top_kW,8760,108,cea,MULTI_RES,NONE,NONE,,roofs_top_kW,8760,3,0.565068573,0.544775637,0.471369475,0.687895596
Alameda_Arro,B1331,matched,279.1869715,282.21,279.19,685196.2783,474937.3,464291.35,-0.322396568,-0.306859487,0.02292946,roofs_top_kW,8760,460,cea,MULTI_RES,NONE,NONE,,roofs_top_kW,8760,3,0.677471409,0.721427971,0.464020759,0.842417836
Alameda_Arro,B1332,matched,201.3975737,208.31,201.33,481770.9546,318963.95,315435.42,-0.345258536,-0.337934454,0.01118622,roofs_top_kW,8760,332,cea,MULTI_RES,NONE,NONE,,roofs_top_kW,8760,2,0.967601448,0.967960849,0.937018752,0.998184144
Alameda_Arro,B1333,matched,176.0338738,179.47,176.03,418296.9564,299636.34,299725.56,-0.28346225,-0.283675543,-0.000297672,roofs_top_kW,8760,290,cea,MULTI_RES,NONE,NONE,,roofs_top_kW,8760,2,0.967202902,0.967646199,0.936074555,0.998331249
Alameda_Arro,B1334,matched,127.4109266,132.71,127.41,303438.5634,210178.35,206898.62,-0.318153179,-0.307344631,0.01585187,roofs_top_kW,8760,211,cea,MULTI_RES,NONE,NONE,,roofs_top_kW,8760,2,0.959656268,0.959554809,0.943380892,0.975931644
Alameda_Arro,B1335,matched,307.436772,315.6,307.44,664286.4576,525229.24,526279.19,-0.207752643,-0.209333212,-0.001995044,roofs_top_kW,8760,508,cea,MULTI_RES,NONE,NONE,,roofs_top_kW,8760,2,0.91590175,0.915753549,0.906529605,0.925273895
Alameda_Arro,B1336,matched,308.7803924,314.35,312.58,736097.7482,518137.17,523864.03,-0.288322738,-0.296102764,-0.010931959,roofs_top_kW,8760,507,cea,MULTI_RES,NONE,NONE,,roofs_top_kW,8760,2,0.897341222,0.896268361,0.799779356,0.994903088
Alameda_Arro,B1337,matched,133.5466199,137.07,133.55,219381.469,242830.62,226486.68,0.032387471,0.106887565,0.072162919,roofs_top_kW,8760,219,cea,MULTI_RES,NONE,NONE,,roofs_top_kW,8760,3,0.636775017,0.614116328,0.428138554,0.931215584
Alameda_Arro,B1338,matched,240.588158,240.57,229.39,448519.8257,347885.84,346521.37,-0.227411253,-0.224369091,0.003937622,roofs_top_kW,8760,400,cea,MULTI_RES,NONE,NONE,,roofs_top_kW,8760,1,0.989822507,0.989822507,0.989822507,0.989822507
Alameda_Arro,B1339,matched,194.3788261,194.38,194.38,473696.8624,331172.14,333918.1,-0.295080617,-0.300877489,-0.008223454,roofs_top_kW,8760,322,cea,MULTI_RES,NONE,NONE,,roofs_top_kW,8760,,,,,
Alameda_Arro,B1340,matched,505.3594441,502.45,502.45,1178990.468,837503.41,840789.7,-0.286856236,-0.289643612,-0.003908575,roofs_top_kW,8760,832,cea,MULTI_RES,NONE,NONE,,roofs_top_kW,8760,,,,,
Alameda_Arro,B1341,matched,124.1902291,126.01,124.19,214657.7418,192585.99,211340.16,-0.015455216,-0.102822994,-0.088739263,roofs_top_kW,8760,201,cea,MULTI_RES,NONE,NONE,,roofs_top_kW,8760,1,0.98181951,0.98181951,0.98181951,0.98181951
Alameda_Arro,B1342,matched,173.925733,177.43,173.93,396849.3425,296656.14,296050.25,-0.253998386,-0.252471635,0.002046578,roofs_top_kW,8760,287,cea,MULTI_RES,NONE,NONE,,roofs_top_kW,8760,2,0.987228334,0.987109073,0.974747956,0.999708712
Alameda_Arro,B1343,matched,77.67938314,77.68,77.68,119199.6085,126017.14,128618.79,0.079020238,0.057194244,-0.020227604,roofs_top_kW,8760,131,cea,MULTI_RES,NONE,NONE,,roofs_top_kW,8760,,,,,
Alameda_Arro,B1344,matched,209.4134698,213.65,209.41,416664.775,359426.19,359415.38,-0.137399172,-0.137373228,3.00766E-05,roofs_top_kW,8760,344,cea,MULTI_RES,NONE,NONE,,roofs_top_kW,8760,2,0.990192115,0.990133291,0.98061794,0.99976629
Alameda_Arro,B1345,matched,238.8448194,241.1,238.84,527965.3963,383525.56,384068.32,-0.272550204,-0.273578226,-0.001413186,roofs_top_kW,8760,392,cea,MULTI_RES,NONE,NONE,,roofs_top_kW,8760,2,0.988993227,0.98898456,0.978063583,0.999922872
Alameda_Arro,B1346,matched,153.1325771,156.16,153.11,319798.2843,268402.03,264598.17,-0.172609163,-0.160714603,0.014375988,roofs_top_kW,8760,254,cea,MULTI_RES,NONE,NONE,,roofs_top_kW,8760,2,0.859093994,0.857203947,0.739739835,0.978448153
Alameda_Arro,B1347,matched,490.6547262,502.21,490.66,1147142.148,840940.95,840851,-0.267003656,-0.266925244,0.000106975,roofs_top_kW,8760,812,cea,MULTI_RES,NONE,NONE,,roofs_top_kW,8760,2,0.954807937,0.954415509,0.919902444,0.98971343
Alameda_Arro,B1348,matched,305.1325637,312.85,296.83,658961.1357,527956.38,512953.97,-0.22157174,-0.19880498,0.029247088,roofs_top_kW,8760,503,cea,MULTI_RES,NONE,NONE,,roofs_top_kW,8760,2,0.855224013,0.855734412,0.719140112,0.991307914
Alameda_Arro,B1349,matched,71.26823099,73.22,71.28,63661.33178,77569.21,98413.95,0.545898385,0.218466655,-0.211806761,roofs_top_kW,8760,117,cea,MULTI_RES,NONE,NONE,,roofs_top_kW,8760,2,0.767271131,0.7598351,0.600305498,0.934236765
Alameda_Arro,B1351,matched,94.06354858,94.06,94.06,206503.582,146554.39,154186.01,-0.253349465,-0.290305822,-0.04949619,roofs_top_kW,8760,164,cea,MULTI_RES,NONE,NONE,,roofs_top_kW,8760,,,,,
Alameda_Arro,B1353,matched,118.1007083,118.1,118.1,235156.5084,177670.19,187488.46,-0.202707757,-0.244459823,-0.05236733,roofs_top_kW,8760,195,cea,MULTI_RES,NONE,NONE,,roofs_top_kW,8760,,,,,
Alameda_Arro,B1354,matched,279.9024796,282.87,260.97,553368.8071,484255.72,443413.52,-0.198701636,-0.124895163,0.092108603,roofs_top_kW,8760,460,cea,MULTI_RES,NONE,NONE,,roofs_top_kW,8760,2,0.991155833,0.991775303,0.98446089,0.997850776
Alameda_Arro,B1355,matched,159.112974,162.35,159.11,333557.2753,274204.42,273747.02,-0.179310301,-0.177939022,0.001670886,roofs_top_kW,8760,255,cea,MULTI_RES,NONE,NONE,,roofs_top_kW,8760,2,0.903437108,0.903347004,0.826637745,0.980236471
Alameda_Arro,B1356,matched,311.5144008,319.95,311.51,729901.9076,425898.82,424081.92,-0.418987791,-0.416498552,0.004284314,roofs_top_kW,8760,509,cea,MULTI_RES,NONE,NONE,,roofs_top_kW,8760,2,0.878185868,0.877589034,0.762055814,0.994315922
Alameda_Arro,B1357,matched,158.4580915,162.76,158.42,302040.7992,237735.37,240047.62,-0.205247699,-0.212903122,-0.009632464,roofs_top_kW,8760,266,cea,MULTI_RES,NONE,NONE,,roofs_top_kW,8760,2,0.960046858,0.96004944,0.945514798,0.974578917
Alameda_Arro,B1358,matched,181.170176,188.63,181.17,422554.4976,237398.04,227017.53,-0.462749701,-0.438183616,0.045725588,roofs_top_kW,8760,303,cea,MULTI_RES,NONE,NONE,,roofs_top_kW,8760,2,0.945005924,0.944717029,0.895455182,0.994556665
Alameda_Arro,B1359,matched,285.8326052,292.18,285.82,683913.8204,365101.74,366381,-0.464287767,-0.466158266,-0.003491611,roofs_top_kW,8760,465,cea,MULTI_RES,NONE,NONE,,roofs_top_kW,8760,2,0.991197675,0.991168905,0.983472109,0.998923242
Alameda_Arro,B1360,matched,96.36695035,96.27,96.37,86187.4557,151301.67,150501.48,0.746210963,0.75549526,0.005316825,roofs_top_kW,8760,160,cea,MULTI_RES,NONE,NONE,,roofs_top_kW,8760,1,0.812212288,0.812212288,0.812212288,0.812212288
Alameda_Arro,B1362,matched,148.1486657,148.09,148.15,365306.8946,245896.96,246729.28,-0.324597253,-0.326875666,-0.003373414,roofs_top_kW,8760,243,cea,MULTI_RES,NONE,NONE,,roofs_top_kW,8760,1,0.976214468,0.976214468,0.976214468,0.976214468
Alameda_Arro,B1363,matched,217.3413007,217.11,211.28,442346.5535,373283.1,354815.67,-0.197878525,-0.156129743,0.052047955,roofs_top_kW,8760,357,cea,MULTI_RES,NONE,NONE,,roofs_top_kW,8760,3,0.754942179,0.663875731,0.433749318,0.98148787
Alameda_Arro,B1364,matched,79.60558017,79.61,79.61,175111.1579,123885.58,134116.54,-0.234106258,-0.292531775,-0.076284103,roofs_top_kW,8760,130,cea,MULTI_RES,NONE,NONE,,roofs_top_kW,8760,,,,,
Alameda_Arro,B1365,matched,26.31226553,26.31,26.31,31376.6453,45634.12,45625.8,0.454132511,0.454397676,0.000182353,roofs_top_kW,8760,42,cea,MULTI_RES,NONE,NONE,,roofs_top_kW,8760,,,,,
Alameda_Arro,B1367,matched,177.6526274,176.63,177.67,351823.4103,259348.3,214372.86,-0.390680513,-0.262845245,0.209800065,roofs_top_kW,8760,295,cea,MULTI_RES,NONE,NONE,,roofs_top_kW,8760,3,0.748138726,0.785915742,0.664482534,0.888632596
Alameda_Arro,B1368,matched,160.1075207,159.81,160.18,326003.0551,137587.05,163784.92,-0.497596978,-0.577957789,-0.159952882,roofs_top_kW,8760,265,cea,MULTI_RES,NONE,NONE,,roofs_top_kW,8760,1,0.867022932,0.867022932,0.867022932,0.867022932
Alameda_Arro,B1371,matched,171.3112732,178.09,161.32,355835.2599,290519.38,272937.91,-0.23296553,-0.183556514,0.064415639,roofs_top_kW,8760,281,cea,MULTI_RES,NONE,NONE,,roofs_top_kW,8760,2,0.997773677,0.998002546,0.995755434,0.99979192
Alameda_Arro,B1372,matched,170.5954951,179.04,165.24,369431.3206,260161.21,247963.1,-0.328797841,-0.295779227,0.049193247,roofs_top_kW,8760,282,cea,MULTI_RES,NONE,NONE,,roofs_top_kW,8760,2,0.998529136,0.998637785,0.997665405,0.999392867
Alameda_Arro,B1373,matched,168.2949653,172.22,156.63,356545.6372,264957.22,252667.35,-0.291346398,-0.256877122,0.048640515,roofs_top_kW,8760,276,cea,MULTI_RES,NONE,NONE,,roofs_top_kW,8760,2,0.919243366,0.929414452,0.839860976,0.998625755
Alameda_Arro,B1374,matched,166.4553143,167.99,161.36,261521.4849,264471.7,270709.75,0.035133883,0.011280967,-0.023043315,roofs_top_kW,8760,276,cea,MULTI_RES,NONE,NONE,,roofs_top_kW,8760,2,0.647172272,0.648771053,0.547514319,0.746830225
Alameda_Arro,B1375,matched,122.2512755,125.01,122.25,269254.8246,173141.67,176892.31,-0.343030119,-0.356959823,-0.021202957,roofs_top_kW,8760,201,cea,MULTI_RES,NONE,NONE,,roofs_top_kW,8760,2,0.999322087,0.999321515,0.998681962,0.999962211
Alameda_Arro,B1377,matched,283.3827716,288.98,288.98,453346.2115,464110.46,489495.95,0.079739805,0.023743991,-0.05186047,roofs_top_kW,8760,467,cea,MULTI_RES,NONE,NONE,,roofs_top_kW,8760,,,,,
Alameda_Arro,B1378,matched,233.180238,239.53,233.18,380640.8712,396009.96,393028.94,0.032545293,0.040376875,0.007584734,roofs_top_kW,8760,385,cea,MULTI_RES,NONE,NONE,,roofs_top_kW,8760,2,0.778617173,0.778954367,0.677351475,0.879882872
Alameda_Arro,B1379,matched,223.2092634,217.21,217.21,467194.8821,336171.98,358746.6,-0.232126434,-0.280445928,-0.062926366,roofs_top_kW,8760,367,cea,MULTI_RES,NONE,NONE,,roofs_top_kW,8760,,,,,
Alameda_Arro,B1380,matched,171.8238821,174.93,168.05,377147.9005,255927.49,258214.3,-0.315350027,-0.321413457,-0.008856248,roofs_top_kW,8760,283,cea,MULTI_RES,NONE,NONE,,roofs_top_kW,8760,2,0.997395486,0.997271519,0.996044934,0.998746037
Alameda_Arro,B1383,matched,247.9227078,254.19,244.62,453891.7216,456669.76,423315.85,-0.067363801,0.006120487,0.078792018,roofs_top_kW,8760,413,cea,MULTI_RES,NONE,NONE,,roofs_top_kW,8760,3,0.767980327,0.821826474,0.410171121,0.97593087
Alameda_Arro,B1384,matched,383.5886902,388.85,376.19,949488.5148,663119.12,642741.79,-0.323065229,-0.301603853,0.031703758,roofs_top_kW,8760,632,cea,MULTI_RES,NONE,NONE,,roofs_top_kW,8760,2,0.458784595,0.459441692,0.428128153,0.489441037
Alameda_Arro,B1386,matched,85.51948731,86.48,85.52,190216.3912,141001.08,144543.53,-0.240110018,-0.258733282,-0.024507842,roofs_top_kW,8760,141,cea,MULTI_RES,NONE,NONE,,roofs_top_kW,8760,3,0.776001682,0.692471665,0.444010049,0.999374449
Alameda_Arro,B1388,matched,143.2578778,143.25,142.47,197291.7474,203198.55,202273.88,0.025252615,0.029939431,0.004571376,roofs_top_kW,8760,235,cea,MULTI_RES,NONE,NONE,,roofs_top_kW,8760,1,0.845548809,0.845548809,0.845548809,0.845548809
Alameda_Arro,B1397,matched,147.2691597,149.71,147.27,339732.1713,263906.74,252408.69,-0.257036244,-0.22319179,0.045553305,roofs_top_kW,8760,241,cea,MULTI_RES,NONE,NONE,,roofs_top_kW,8760,3,0.664775173,0.61262767,0.457921147,0.948993087
Alameda_Arro,B1401,matched,58.49895579,60.09,58.5,107506.6771,98328.66,93010.55,-0.134839318,-0.0853716,0.057177492,roofs_top_kW,8760,97,cea,MULTI_RES,NONE,NONE,,roofs_top_kW,8760,1,0.972315013,0.972315013,0.972315013,0.972315013
Alameda_Arro,B1402,matched,248.7380602,253.58,246.21,542563.8498,432848.73,427414.02,-0.212232772,-0.202216052,0.012715329,roofs_top_kW,8760,412,cea,MULTI_RES,NONE,NONE,,roofs_top_kW,8760,3,0.730714033,0.65462428,0.427300781,0.961600244
Alameda_Arro,B1404,matched,246.2377444,246.81,246.81,637501.9582,377424.37,388690.62,-0.390291096,-0.407963591,-0.028985135,roofs_top_kW,8760,405,cea,MULTI_RES,NONE,NONE,,roofs_top_kW,8760,,,,,
Alameda_Arro,B1406,matched,136.9559727,141.03,132.41,320212.0958,217617.76,208007.33,-0.350407643,-0.320394942,0.046202362,roofs_top_kW,8760,226,cea,MULTI_RES,NONE,NONE,,roofs_top_kW,8760,2,0.99226588,0.992607603,0.984944403,0.999587357
Alameda_Arro,B1407,matched,144.3592185,146.81,145.94,335168.3428,228414.38,231536.71,-0.309192783,-0.31850849,-0.013485248,roofs_top_kW,8760,236,cea,MULTI_RES,NONE,NONE,,roofs_top_kW,8760,2,0.966862649,0.969276154,0.934344471,0.999380827
Alameda_Arro,B1408,matched,124.3856494,127.27,124.39,271463.5969,213626.94,213922.43,-0.21196642,-0.213054927,-0.001381295,roofs_top_kW,8760,205,cea,MULTI_RES,NONE,NONE,,roofs_top_kW,8760,2,0.99706471,0.997058994,0.99630487,0.99782455
Alameda_Arro,B1409,matched,118.0846724,120.9,118.08,276819.9428,201599.27,201555.63,-0.271889055,-0.271731408,0.000216516,roofs_top_kW,8760,196,cea,MULTI_RES,NONE,NONE,,roofs_top_kW,8760,2,0.996805757,0.996833515,0.993935764,0.999675751
Alameda_Arro,B1410,matched,122.2619081,125.36,122.26,279221.3864,187135.28,187738.57,-0.327635421,-0.329796036,-0.003213458,roofs_top_kW,8760,201,cea,MULTI_RES,NONE,NONE,,roofs_top_kW,8760,2,0.976252258,0.976120808,0.955199718,0.997304797
Alameda_Arro,B1411,matched,117.989473,120.47,119.29,261996.1173,199980.61,200974.92,-0.232908785,-0.236703917,-0.004947433,roofs_top_kW,8760,193,cea,MULTI_RES,NONE,NONE,,roofs_top_kW,8760,2,0.998261571,0.998237704,0.997985959,0.998537183
Alameda_Arro,B1412,matched,194.5271353,196.84,194.53,450045.9486,330094.31,319624.79,-0.289795207,-0.266531982,0.032755657,roofs_top_kW,8760,319,cea,MULTI_RES,NONE,NONE,,roofs_top_kW,8760,3,0.829405924,0.753359783,0.524333417,0.999308228
Alameda_Arro,B1413,matched,114.6031036,116.29,114.6,257904.8717,186333.15,186620.51,-0.276397887,-0.277512097,-0.001539809,roofs_top_kW,8760,191,cea,MULTI_RES,NONE,NONE,,roofs_top_kW,8760,2,0.587573916,0.587737533,0.558511913,0.616635919
Alameda_Arro,B1414,matched,168.1431906,173.72,168.14,410594.0243,275560.38,274058.19,-0.332532444,-0.328873866,0.005481281,roofs_top_kW,8760,275,cea,MULTI_RES,NONE,NONE,,roofs_top_kW,8760,2,0.989979029,0.990090604,0.983030498,0.996927559
Alameda_Arro,B1415,matched,183.3481134,192.73,183.35,404224.6613,212674.25,203299.9,-0.497062106,-0.473871165,0.046110943,roofs_top_kW,8760,305,cea,MULTI_RES,NONE,NONE,,roofs_top_kW,8760,2,0.978874594,0.978862161,0.961907744,0.995841444
Alameda_Arro,B1416,matched,363.7665442,371.24,363.77,866664.4298,609416.5,608490.26,-0.297894042,-0.2968253,0.001522194,roofs_top_kW,8760,600,cea,MULTI_RES,NONE,NONE,,roofs_top_kW,8760,2,0.986571699,0.986530217,0.974597275,0.998546124
Alameda_Arro,B1417,matched,138.54549,132.85,132.85,312141.5269,196642.55,213192.69,-0.316999913,-0.370021183,-0.07762996,roofs_top_kW,8760,228,cea,MULTI_RES,NONE,NONE,,roofs_top_kW,8760,,,,,
Alameda_Arro,B1418,matched,168.3302096,175.07,168.33,396508.8812,271175.67,259680.62,-0.345082463,-0.316091813,0.044266107,roofs_top_kW,8760,278,cea,MULTI_RES,NONE,NONE,,roofs_top_kW,8760,2,0.962573111,0.962652674,0.942289174,0.982857049
Alameda_Arro,B1419,matched,146.340428,149.19,146.34,332735.5989,233646.57,231015.06,-0.305709817,-0.297801105,0.011391076,roofs_top_kW,8760,241,cea,MULTI_RES,NONE,NONE,,roofs_top_kW,8760,2,0.997416973,0.997413297,0.995385468,0.999448478
Alameda_Arro,B1420,matched,149.1078425,152.28,149.11,344880.4426,240175.39,240015.97,-0.304060363,-0.303598116,0.000664206,roofs_top_kW,8760,245,cea,MULTI_RES,NONE,NONE,,roofs_top_kW,8760,2,0.996574461,0.996564502,0.993202925,0.999945998
Alameda_Arro,B1421,matched,123.6604886,125.46,123.66,282831.3364,199992.69,199023.76,-0.296316446,-0.292890623,0.004868414,roofs_top_kW,8760,204,cea,MULTI_RES,NONE,NONE,,roofs_top_kW,8760,2,0.977039605,0.97699934,0.956315458,0.997763753
Alameda_Arro,B1422,matched,119.2973956,119.3,119.3,277242.1754,196924.43,196967.07,-0.289548678,-0.289702479,-0.000216483,roofs_top_kW,8760,197,cea,MULTI_RES,NONE,NONE,,roofs_top_kW,8760,,,,,
Alameda_Arro,B1424,matched,81.53799891,74.31,74.31,184024.7755,109495.04,109965.97,-0.40243932,-0.404998378,-0.004282507,roofs_top_kW,8760,133,cea,MULTI_RES,NONE,NONE,,roofs_top_kW,8760,,,,,
Alameda_Arro,B1425,matched,74.09307074,74.97,74.09,164209.4191,109446.84,109133.77,-0.335398843,-0.333492314,0.002868681,roofs_top_kW,8760,122,cea,MULTI_RES,NONE,NONE,,roofs_top_kW,8760,2,0.682963639,0.682704002,0.461618006,0.904309273
Alameda_Arro,B1426,matched,79.68936038,80.43,76.9,164521.7048,111972.45,116069.17,-0.294505426,-0.319406214,-0.035295505,roofs_top_kW,8760,130,cea,MULTI_RES,NONE,NONE,,roofs_top_kW,8760,2,0.73051855,0.731001608,0.502476215,0.958560884
Alameda_Arro,B1428,matched,204.0925933,206.9,204.09,449285.9766,356482.98,353564.63,-0.213052157,-0.206556629,0.008254078,roofs_top_kW,8760,338,cea,MULTI_RES,NONE,NONE,,roofs_top_kW,8760,2,0.899276674,0.898096409,0.836272061,0.962281287
Alameda_Arro,B1429,matched,200.4710751,211.05,200.49,424399.0834,340361.23,327840.68,-0.227517936,-0.198016105,0.038190959,roofs_top_kW,8760,330,cea,MULTI_RES,NONE,NONE,,roofs_top_kW,8760,2,0.939608872,0.939876352,0.885980904,0.99323684
Alameda_Arro,B1430,matched,199.9331273,210.34,184.69,448401.5617,350858.13,319868.42,-0.2866474,-0.217535888,0.096882681,roofs_top_kW,8760,327,cea,MULTI_RES,NONE,NONE,,roofs_top_kW,8760,2,0.911038846,0.911039134,0.90790844,0.914169252
Alameda_Arro,B1431,matched,164.0728786,167.82,164.08,324074.9621,298960.35,282913.13,-0.127013305,-0.077496305,0.056721369,roofs_top_kW,8760,272,cea,MULTI_RES,NONE,NONE,,roofs_top_kW,8760,3,0.73028175,0.685403513,0.541021645,0.941290319
Alameda_Arro,B1432,matched,167.6823634,170.17,157.65,345173.6337,269349.4,268108.53,-0.223264746,-0.219669831,0.004628238,roofs_top_kW,8760,279,cea,MULTI_RES,NONE,NONE,,roofs_top_kW,8760,3,0.820347706,0.760398647,0.587072074,0.991072595
Alameda_Arro,B1433,matched,302.4665003,311.08,302.45,559767.0018,456374.21,451386.12,-0.193617847,-0.184706836,0.011050606,roofs_top_kW,8760,497,cea,MULTI_RES,NONE,NONE,,roofs_top_kW,8760,2,0.956032723,0.956124727,0.913169682,0.998895764
Alameda_Arro,B1434,matched,165.6215933,169.02,165.71,368729.1069,286566.57,285213.57,-0.226495645,-0.222826285,0.004743814,roofs_top_kW,8760,273,cea,MULTI_RES,NONE,NONE,,roofs_top_kW,8760,2,0.985381275,0.985370591,0.979652345,0.991110206
Alameda_Arro,B1439,matched,128.4834233,133.98,128.48,148695.4711,224608.77,222636.89,0.497267457,0.510528655,0.008856933,roofs_top_kW,8760,212,cea,MULTI_RES,NONE,NONE,,roofs_top_kW,8760,2,0.7886253,0.790058814,0.637350738,0.939899862
Alameda_Arro,B1440,matched,175.1481491,179.31,175.15,335074.067,240823.46,239350.41,-0.285679097,-0.281282905,0.006154366,roofs_top_kW,8760,289,cea,MULTI_RES,NONE,NONE,,roofs_top_kW,8760,2,0.976892591,0.976760196,0.956042528,0.997742653
Alameda_Arro,B1441,matched,194.9369791,202.62,194.94,455802.742,339317.45,337276.06,-0.260039423,-0.255560753,0.006052579,roofs_top_kW,8760,320,cea,MULTI_RES,NONE,NONE,,roofs_top_kW,8760,2,0.987546027,0.987521816,0.979470432,0.995621622
Alameda_Arro,B1442,matched,174.6409805,179.59,174.64,420938.2613,244343.11,251165.01,-0.403321026,-0.41952744,-0.027161029,roofs_top_kW,8760,290,cea,MULTI_RES,NONE,NONE,,roofs_top_kW,8760,2,0.983608127,0.983614774,0.967701912,0.999514341
Alameda_Arro,B1443,matched,177.2006759,180.72,177.2,411195.9165,279251.38,280009.89,-0.319035334,-0.320879978,-0.002708869,roofs_top_kW,8760,290,cea,MULTI_RES,NONE,NONE,,roofs_top_kW,8760,2,0.989237785,0.98924519,0.978580356,0.999895215
Alameda_Arro,B1444,matched,203.4493945,205.27,203.5,451631.8136,331376.32,343015.7,-0.240497038,-0.266268872,-0.033932499,roofs_top_kW,8760,333,cea,MULTI_RES,NONE,NONE,,roofs_top_kW,8760,3,0.533435673,0.520314676,0.438290119,0.681797445
Alameda_Arro,B1445,matched,223.1315634,223.99,223.09,472473.9352,381796.86,378517.65,-0.198860251,-0.191919741,0.008663295,roofs_top_kW,8760,371,cea,MULTI_RES,NONE,NONE,,roofs_top_kW,8760,3,0.613215884,0.583533929,0.493554831,0.731594443
Alameda_Arro,B1446,matched,173.8485441,178.3,173.85,385223.419,284484.11,290334.58,-0.246321574,-0.261508787,-0.020150786,roofs_top_kW,8760,289,cea,MULTI_RES,NONE,NONE,,roofs_top_kW,8760,2,0.989466965,0.98946552,0.981595576,0.997338355
Alameda_Arro,B1447,matched,152.9397044,155.37,152.94,381004.3876,245627.47,248106,-0.348810649,-0.355315902,-0.009989803,roofs_top_kW,8760,250,cea,MULTI_RES,NONE,NONE,,roofs_top_kW,8760,2,0.992132723,0.992145573,0.985443771,0.998821676
Alameda_Arro,B1448,matched,187.2198016,191.33,187.26,476840.8254,316594.59,316769.53,-0.335691256,-0.336058129,-0.000552263,roofs_top_kW,8760,310,cea,MULTI_RES,NONE,NONE,,roofs_top_kW,8760,2,0.901850939,0.901683395,0.809615016,0.994086862
Alameda_Arro,B1449,matched,113.5728062,116.31,113.78,273857.5365,195574.03,189979.19,-0.306284602,-0.285854855,0.029449752,roofs_top_kW,8760,189,cea,MULTI_RES,NONE,NONE,,roofs_top_kW,8760,2,0.995334804,0.995313218,0.995235503,0.995434105
Alameda_Arro,B1450,matched,194.518842,196.92,194.52,430044.4681,354174.38,331915.32,-0.228183724,-0.176423821,0.067062466,roofs_top_kW,8760,320,cea,MULTI_RES,NONE,NONE,,roofs_top_kW,8760,4,0.582661927,0.682313222,0.43331486,0.894460857
Alameda_Arro,B1451,matched,186.77732,189.27,186.78,273315.7228,197739.2,204753.59,-0.250853233,-0.276517289,-0.034257714,roofs_top_kW,8760,308,cea,MULTI_RES,NONE,NONE,,roofs_top_kW,8760,1,0.560963392,0.560963392,0.560963392,0.560963392
Alameda_Arro,B1452,matched,214.1596462,219.56,225.96,519655.2036,370426.73,388572.82,-0.252248766,-0.287168247,-0.046699329,roofs_top_kW,8760,351,cea,MULTI_RES,NONE,NONE,,roofs_top_kW,8760,2,0.984476,0.98475036,0.982774436,0.986177564
Alameda_Arro,B1453,matched,181.6194652,181.62,181.62,409052.2773,309945.75,310155,-0.241771731,-0.24228328,-0.000674663,roofs_top_kW,8760,297,cea,MULTI_RES,NONE,NONE,,roofs_top_kW,8760,,,,,
Alameda_Arro,B1454,matched,186.591735,198,186.59,382657.8345,330127.35,317041.97,-0.171473987,-0.137277954,0.041273337,roofs_top_kW,8760,306,cea,MULTI_RES,NONE,NONE,,roofs_top_kW,8760,1,0.983806491,0.983806491,0.983806491,0.983806491
Alameda_Arro,B1455,matched,157.4161738,159.01,157.37,354096.5816,254108.53,247921.74,-0.299847124,-0.282375083,0.024954609,roofs_top_kW,8760,261,cea,MULTI_RES,NONE,NONE,,roofs_top_kW,8760,2,0.974161506,0.974151247,0.949637949,0.998685062
Alameda_Arro,B1456,matched,300.5191396,300.52,300.52,692827.1814,373699.04,380585.5,-0.450677586,-0.460617236,-0.018094384,roofs_top_kW,8760,493,cea,MULTI_RES,NONE,NONE,,roofs_top_kW,8760,,,,,
Alameda_Arro,B1457,matched,297.2668971,306.78,285.59,691857.7233,496835.31,474477.98,-0.314197177,-0.281882252,0.047119847,roofs_top_kW,8760,490,cea,MULTI_RES,NONE,NONE,,roofs_top_kW,8760,2,0.993764311,0.993836392,0.988735974,0.998792648
Alameda_Arro,B1458,matched,350.6787837,350.52,345.3,754393.9979,588223.74,580315.91,-0.230752218,-0.220269857,0.013626768,roofs_top_kW,8760,578,cea,MULTI_RES,NONE,NONE,,roofs_top_kW,8760,1,0.99552083,0.99552083,0.99552083,0.99552083
Alameda_Arro,B1459,matched,99.90888128,99.91,99.91,177809.0627,129395.61,141429.1,-0.204601285,-0.272277757,-0.085084965,roofs_top_kW,8760,165,cea,MULTI_RES,NONE,NONE,,roofs_top_kW,8760,,,,,
Alameda_Arro,B1460,matched,122.9793887,122.96,122.96,232246.4939,181154.4,180139.65,-0.224360088,-0.219990808,0.00563313,roofs_top_kW,8760,204,cea,MULTI_RES,NONE,NONE,,roofs_top_kW,8760,,,,,
Alameda_Arro,B1461,matched,365.1369643,375.56,349.38,715157.6333,635476.96,602353.84,-0.157732768,-0.111416937,0.054989473,roofs_top_kW,8760,600,cea,MULTI_RES,NONE,NONE,,roofs_top_kW,8760,2,0.973906428,0.97289377,0.950553954,0.997258902
Alameda_Arro,B1462,matched,354.2983463,366.5,354.3,742835.503,613365.31,603275.79,-0.187874317,-0.174291876,0.016724556,roofs_top_kW,8760,586,cea,MULTI_RES,NONE,NONE,,roofs_top_kW,8760,2,0.95146367,0.951613616,0.92883122,0.974096119
Alameda_Arro,B1463,matched,538.3111509,548.54,538.93,973665.6528,898688.12,935666.93,-0.039026459,-0.07700542,-0.039521339,roofs_top_kW,8760,888,cea,MULTI_RES,NONE,NONE,,roofs_top_kW,8760,2,0.344791189,0.342779608,0.320156127,0.36942625
Alameda_Arro,B1464,matched,205.8673423,211.82,194.84,407483.3214,246816.67,236102.52,-0.420583598,-0.394290129,0.045379228,roofs_top_kW,8760,340,cea,MULTI_RES,NONE,NONE,,roofs_top_kW,8760,3,0.796176722,0.703100215,0.473237187,0.969677806
Alta_Lisboa,B1003,matched,316.6359634,320.23,316.6,722452.6962,518469,506833.9,-0.298453861,-0.282348861,0.022956436,roofs_top_kW,8760,522,cea,MULTI_RES,NONE,NONE,,roofs_top_kW,8760,3,0.694010139,0.633941413,0.448945045,0.934213877
Alta_Lisboa,B1005,matched,3044.282509,3044.94,3044.94,6461016.035,5279842.17,5278975.14,-0.182949692,-0.182815498,0.000164242,roofs_top_kW,8760,5021,cea,MULTI_RES,NONE,NONE,,roofs_top_kW,8760,,,,,
Alta_Lisboa,B1006,matched,1104.217199,1069.06,1069.06,2151885.359,1636518.37,1637562.17,-0.239010497,-0.23949556,-0.000637411,roofs_top_kW,8760,1818,cea,MULTI_RES,NONE,NONE,,roofs_top_kW,8760,,,,,
Alta_Lisboa,B1015,matched,183.5257582,186.33,185.7,382455.3326,316170.54,320501.35,-0.161990113,-0.173313815,-0.013512611,roofs_top_kW,8760,301,cea,SINGLE_RES,NONE,NONE,,roofs_top_kW,8760,2,0.683004916,0.683466888,0.677504063,0.688505769
Alta_Lisboa,B1016,matched,515.4783622,515.67,515.67,1041488.901,880874.46,881577.97,-0.153540697,-0.154216181,-0.000798012,roofs_top_kW,8760,850,cea,SINGLE_RES,NONE,NONE,,roofs_top_kW,8760,,,,,
Alta_Lisboa,B1017,matched,170.5203313,174.33,174.33,365252.9221,295641.58,295903.55,-0.189866714,-0.190583943,-0.000885322,roofs_top_kW,8760,282,cea,SINGLE_RES,NONE,NONE,,roofs_top_kW,8760,,,,,
Alta_Lisboa,B1020,matched,4380.109526,4380.24,4380.24,10438925.58,7527267.3,7528021.74,-0.278850904,-0.278923176,-0.000100218,roofs_top_kW,8760,7217,cea,MULTI_RES,NONE,NONE,,roofs_top_kW,8760,,,,,
Alta_Lisboa,B1022,matched,417.3871286,417.39,417.39,1014674.486,583640.08,581515.32,-0.426894705,-0.424800674,0.003653833,roofs_top_kW,8760,687,cea,MULTI_RES,NONE,NONE,,roofs_top_kW,8760,,,,,
Alta_Lisboa,B1026,matched,1667.570679,1610.04,1610.04,3759624.089,2790138.37,2790202.25,-0.257850736,-0.257867727,-2.28944E-05,roofs_top_kW,8760,2750,cea,MULTI_RES,NONE,NONE,,roofs_top_kW,8760,,,,,
Alta_Lisboa,B1031,matched,741.4124896,741.41,741.41,1449804.29,1286705.55,1286280.17,-0.112790479,-0.112497074,0.000330706,roofs_top_kW,8760,1215,cea,MULTI_RES,NONE,NONE,,roofs_top_kW,8760,,,,,
Alta_Lisboa,B1033,matched,378.389957,378.39,378.38,951905.7438,604449.25,620533.61,-0.348114439,-0.365011448,-0.025920208,roofs_top_kW,8760,622,cea,MULTI_RES,NONE,NONE,,roofs_top_kW,8760,1,0.989009082,0.989009082,0.989009082,0.989009082
Alta_Lisboa,B1034,matched,694.934144,677.84,677.84,1432575.849,1076775.03,1076818.63,-0.24833395,-0.248364384,-4.04896E-05,roofs_top_kW,8760,1148,cea,MULTI_RES,NONE,NONE,,roofs_top_kW,8760,,,,,
Alta_Lisboa,B1035,matched,735.2452728,735.19,732.46,1445044.537,1269531.96,1271310.78,-0.120227268,-0.121458247,-0.001399202,roofs_top_kW,8760,1215,cea,MULTI_RES,NONE,NONE,,roofs_top_kW,8760,1,0.992156267,0.992156267,0.992156267,0.992156267
Alta_Lisboa,B1037,matched,483.6007363,474.2,474.2,1096379.781,748999.57,751955.36,-0.314147002,-0.316842956,-0.003930805,roofs_top_kW,8760,799,cea,MULTI_RES,NONE,NONE,,roofs_top_kW,8760,,,,,
Alta_Lisboa,B1038,matched,503.4881675,503.36,491.6,1165644.121,874399.01,853052.61,-0.268170623,-0.249857658,0.025023545,roofs_top_kW,8760,829,cea,MULTI_RES,NONE,NONE,,roofs_top_kW,8760,1,0.997157335,0.997157335,0.997157335,0.997157335
Alta_Lisboa,B1039,matched,554.5082921,559.37,559.37,1269227.793,971190.27,971713.67,-0.234405616,-0.234817993,-0.000538636,roofs_top_kW,8760,912,cea,MULTI_RES,NONE,NONE,,roofs_top_kW,8760,,,,,
Alta_Lisboa,B1040,matched,409.852579,430.84,430.84,934826.5554,670144.45,669498.83,-0.283825619,-0.283134988,0.000964333,roofs_top_kW,8760,675,cea,MULTI_RES,NONE,NONE,,roofs_top_kW,8760,,,,,
Alta_Lisboa,B1041,matched,247.225617,247.22,247.22,516489.6829,397324.46,397802.27,-0.22979629,-0.2307214,-0.001201124,roofs_top_kW,8760,407,cea,MULTI_RES,NONE,NONE,,roofs_top_kW,8760,,,,,
Alta_Lisboa,B1042,matched,453.1646137,453.16,453.16,1100404.879,772873.03,774688.49,-0.29599686,-0.297646671,-0.002343471,roofs_top_kW,8760,748,cea,MULTI_RES,NONE,NONE,,roofs_top_kW,8760,,,,,
Alta_Lisboa,B1043,matched,370.4728737,378.92,370.47,806421.4786,585609.99,583783.64,-0.276081236,-0.273816477,0.003128471,roofs_top_kW,8760,608,cea,MULTI_RES,NONE,NONE,,roofs_top_kW,8760,2,0.790474772,0.801285875,0.719028652,0.861920893
Alta_Lisboa,B1044,matched,236.5339895,240.08,236.53,559592.7028,367147.79,365063.89,-0.347625714,-0.343901755,0.005708316,roofs_top_kW,8760,391,cea,MULTI_RES,NONE,NONE,,roofs_top_kW,8760,2,0.852243811,0.852149742,0.733974934,0.970512688
Alta_Lisboa,B1045,matched,366.5435177,353.95,366.54,890316.3002,552144.83,559612.59,-0.371445193,-0.379832954,-0.013344517,roofs_top_kW,8760,602,cea,MULTI_RES,NONE,NONE,,roofs_top_kW,8760,3,0.631044408,0.610491799,0.484306157,0.907875419
Alta_Lisboa,B1046,matched,234.3367615,237.42,234.34,533411.5105,341837.63,360824.82,-0.323552618,-0.359148381,-0.05262163,roofs_top_kW,8760,387,cea,MULTI_RES,NONE,NONE,,roofs_top_kW,8760,2,0.997222751,0.997224518,0.995294034,0.999151468
Alta_Lisboa,B1047,matched,369.2005636,365.93,369.2,895263.2561,599196.27,579893.36,-0.352264983,-0.330703828,0.033287,roofs_top_kW,8760,610,cea,MULTI_RES,NONE,NONE,,roofs_top_kW,8760,3,0.748413265,0.698292035,0.616499603,0.938165545
Alta_Lisboa,B1048,matched,239.0636689,244.86,239.06,588706.8608,383320.78,385178.6,-0.345720892,-0.348876656,-0.004823269,roofs_top_kW,8760,395,cea,MULTI_RES,NONE,NONE,,roofs_top_kW,8760,2,0.993319839,0.993315985,0.987632871,0.999006808
Alta_Lisboa,B1049,matched,371.1067151,375.56,371.11,850291.7773,622913.08,610245.89,-0.282310018,-0.267412556,0.020757518,roofs_top_kW,8760,609,cea,MULTI_RES,NONE,NONE,,roofs_top_kW,8760,2,0.813204437,0.832592297,0.685781181,0.940627694
Alta_Lisboa,B1050,matched,370.7444376,361.5,370.74,893793.9065,615661.16,594120.37,-0.335282591,-0.311182191,0.036256609,roofs_top_kW,8760,612,cea,MULTI_RES,NONE,NONE,,roofs_top_kW,8760,3,0.706230273,0.766209991,0.437963158,0.930024624
Alta_Lisboa,B1051,matched,237.2320038,242.29,237.23,584574.7332,390146.72,368737.55,-0.369220856,-0.33259736,0.058060726,roofs_top_kW,8760,392,cea,MULTI_RES,NONE,NONE,,roofs_top_kW,8760,2,0.829446822,0.829763286,0.708799005,0.95009464
Alta_Lisboa,B1052,matched,372.2590125,377.37,372.26,897705.5589,585491.27,588211.78,-0.344760903,-0.347791418,-0.004625052,roofs_top_kW,8760,613,cea,MULTI_RES,NONE,NONE,,roofs_top_kW,8760,2,0.901691109,0.906437369,0.870582283,0.932799935
Alta_Lisboa,B1053,matched,235.8997549,239.82,235.9,572696.5887,399103.74,403003.79,-0.296304888,-0.303114864,-0.009677452,roofs_top_kW,8760,389,cea,MULTI_RES,NONE,NONE,,roofs_top_kW,8760,2,0.986644149,0.986671851,0.97587049,0.997417808
Alta_Lisboa,B1054,matched,372.876414,379.2,372.88,858762.7599,580241.98,631139,-0.26506012,-0.324327967,-0.080643123,roofs_top_kW,8760,613,cea,MULTI_RES,NONE,NONE,,roofs_top_kW,8760,1,0.853063285,0.853063285,0.853063285,0.853063285
Alta_Lisboa,B1055,matched,238.601406,243.5,238.6,586904.6228,399727.5,400855.54,-0.317000541,-0.318922557,-0.002814081,roofs_top_kW,8760,393,cea,MULTI_RES,NONE,NONE,,roofs_top_kW,8760,2,0.989994496,0.989996934,0.983065248,0.996923745
Alta_Lisboa,B1056,matched,369.6134828,379.34,369.61,898239.9377,633009.33,625139.33,-0.304039707,-0.295278128,0.012589194,roofs_top_kW,8760,610,cea,MULTI_RES,NONE,NONE,,roofs_top_kW,8760,4,0.770420223,0.774106281,0.552011609,0.934254408
Alta_Lisboa,B1057,matched,1996.170006,1984.81,1984.81,5424386.114,3200045.88,3201373.47,-0.40981829,-0.410063035,-0.000414694,roofs_top_kW,8760,3293,cea,MULTI_RES,NONE,NONE,,roofs_top_kW,8760,,,,,
Alta_Lisboa,B1061,matched,124.2656031,126.23,124.23,264982.3858,225095.98,209885.79,-0.207925503,-0.150524744,0.072468889,roofs_top_kW,8760,206,cea,MULTI_RES,NONE,NONE,,roofs_top_kW,8760,1,0.935089231,0.935089231,0.935089231,0.935089231
Alta_Lisboa,B1062,matched,123.1818698,118.92,123.17,277058.5812,187695.16,186577.86,-0.326576137,-0.322543416,0.005988385,roofs_top_kW,8760,202,cea,MULTI_RES,NONE,NONE,,roofs_top_kW,8760,3,0.777908544,0.756374794,0.672283351,0.967188537
Alta_Lisboa,B1063,matched,123.3544952,125.03,123.35,279505.0353,194853.32,204550.36,-0.26816932,-0.302862935,-0.047406614,roofs_top_kW,8760,203,cea,MULTI_RES,NONE,NONE,,roofs_top_kW,8760,2,0.666651309,0.666648189,0.626431465,0.706871152
Alta_Lisboa,B1064,matched,122.9120975,122.91,122.91,247551.2451,205361.29,205060.44,-0.171644482,-0.170429178,0.001467128,roofs_top_kW,8760,202,cea,MULTI_RES,NONE,NONE,,roofs_top_kW,8760,,,,,
Alta_Lisboa,B1065,matched,121.7287109,126.3,121.73,235608.5084,183193.42,180226.14,-0.235060986,-0.222466874,0.016464204,roofs_top_kW,8760,201,cea,MULTI_RES,NONE,NONE,,roofs_top_kW,8760,2,0.983415902,0.98349237,0.967885435,0.998946369
Alta_Lisboa,B1066,matched,120.8771755,123.73,120.88,269707.3951,201729.69,195452.51,-0.275316459,-0.252042422,0.032116139,roofs_top_kW,8760,198,cea,MULTI_RES,NONE,NONE,,roofs_top_kW,8760,2,0.904674023,0.9050305,0.812268019,0.997080028
Alta_Lisboa,B1067,matched,120.0414938,122.33,120.04,270018.5645,205258.14,201231.06,-0.254751019,-0.239836934,0.020012219,roofs_top_kW,8760,197,cea,MULTI_RES,NONE,NONE,,roofs_top_kW,8760,2,0.885676026,0.885886134,0.77839011,0.992961943
Alta_Lisboa,B1068,matched,121.0461671,123.11,121.07,276318.8181,206609.06,196982.49,-0.287118802,-0.252280169,0.048870181,roofs_top_kW,8760,202,cea,MULTI_RES,NONE,NONE,,roofs_top_kW,8760,2,0.929721624,0.929725134,0.92143023,0.938013017
Alta_Lisboa,B1069,matched,125.4707036,127.39,125.48,275909.4735,216368.74,212705.17,-0.229076235,-0.215798076,0.0172237,roofs_top_kW,8760,206,cea,MULTI_RES,NONE,NONE,,roofs_top_kW,8760,2,0.851101279,0.851036197,0.712351561,0.989850998
Alta_Lisboa,B1070,matched,116.7525622,118.52,116.75,279143.8356,201636.15,191503.72,-0.313960419,-0.277662179,0.052909834,roofs_top_kW,8760,193,cea,MULTI_RES,NONE,NONE,,roofs_top_kW,8760,2,0.841951281,0.841998804,0.716160715,0.967741847
Alta_Lisboa,B1071,matched,124.1031276,126.07,124.1,291034.8849,214090.05,204540.21,-0.297196932,-0.264383546,0.046689304,roofs_top_kW,8760,205,cea,MULTI_RES,NONE,NONE,,roofs_top_kW,8760,2,0.765066296,0.765022753,0.647326589,0.882806003
Alta_Lisboa,B1072,matched,130.9085265,132.74,130.92,292941.2978,224158.86,222105.34,-0.241809394,-0.234799389,0.009245703,roofs_top_kW,8760,214,cea,MULTI_RES,NONE,NONE,,roofs_top_kW,8760,2,0.846603602,0.846718637,0.724112153,0.969095051
Alta_Lisboa,B1073,matched,118.4108137,121.1,118.44,281187.1921,204871.92,194845.48,-0.307061326,-0.271403799,0.051458417,roofs_top_kW,8760,195,cea,MULTI_RES,NONE,NONE,,roofs_top_kW,8760,2,0.872532189,0.872997064,0.762785792,0.982278585
Alta_Lisboa,B1074,matched,112.2777413,113.84,112.23,215944.5144,176128.15,193873.8,-0.102205488,-0.184382384,-0.091531966,roofs_top_kW,8760,185,cea,MULTI_RES,NONE,NONE,,roofs_top_kW,8760,1,0.98493284,0.98493284,0.98493284,0.98493284
Alta_Lisboa,B1075,matched,57.31438688,56.91,56.91,135464.2839,98216.92,98310.66,-0.27426878,-0.274960771,-0.000953508,roofs_top_kW,8760,97,cea,MULTI_RES,NONE,NONE,,roofs_top_kW,8760,,,,,
Alta_Lisboa,B1076,matched,110.6278846,112.31,110.6,253369.3274,191814.48,191308.28,-0.244943017,-0.242945143,0.002645991,roofs_top_kW,8760,182,cea,MULTI_RES,NONE,NONE,,roofs_top_kW,8760,2,0.962663889,0.962690453,0.944228828,0.98109895
Alta_Lisboa,B1077,matched,58.59675019,59.74,58.6,119194.4743,103521.45,100198.83,-0.159366819,-0.131491198,0.033160267,roofs_top_kW,8760,100,cea,MULTI_RES,NONE,NONE,,roofs_top_kW,8760,2,0.995258808,0.994409258,0.991319478,0.999198139
Alta_Lisboa,B1078,matched,119.0711296,122.07,119.05,267140.7061,205241.85,201652.92,-0.245143419,-0.231708814,0.01779756,roofs_top_kW,8760,198,cea,MULTI_RES,NONE,NONE,,roofs_top_kW,8760,2,0.843268871,0.843980261,0.690751731,0.995786011
Alta_Lisboa,B1079,matched,168.5603344,173.03,150.52,361110.8783,293516.92,260009.53,-0.279973145,-0.18718339,0.128869853,roofs_top_kW,8760,276,cea,MULTI_RES,NONE,NONE,,roofs_top_kW,8760,2,0.985531032,0.985680482,0.983059168,0.988002896
Alta_Lisboa,B1080,matched,56.74320446,57.36,56.74,111803.6717,100718.25,97126.9,-0.131272716,-0.099150784,0.036975853,roofs_top_kW,8760,93,cea,MULTI_RES,NONE,NONE,,roofs_top_kW,8760,2,0.714208603,0.656670224,0.435310066,0.99310714
Alta_Lisboa,B1081,matched,55.44451496,55.44,55.44,103219.0208,95509.22,96042.64,-0.06952576,-0.074693606,-0.005553991,roofs_top_kW,8760,91,cea,MULTI_RES,NONE,NONE,,roofs_top_kW,8760,,,,,
Alta_Lisboa,B1082,matched,168.7324222,171.66,168.73,380573.5991,280203.14,288563.15,-0.241767819,-0.263734687,-0.028971163,roofs_top_kW,8760,281,cea,MULTI_RES,NONE,NONE,,roofs_top_kW,8760,2,0.580383569,0.631526757,0.45201844,0.708748698
Alta_Lisboa,B1083,matched,168.6052359,168.61,168.61,376216.2565,292049.47,291761.81,-0.224483778,-0.223719164,0.000985941,roofs_top_kW,8760,278,cea,MULTI_RES,NONE,NONE,,roofs_top_kW,8760,,,,,
Alta_Lisboa,B1084,matched,111.8848157,114.97,111.85,259544.4478,194907.95,193358.71,-0.255007334,-0.24903826,0.008012259,roofs_top_kW,8760,187,cea,MULTI_RES,NONE,NONE,,roofs_top_kW,8760,2,0.944866925,0.944870239,0.890497148,0.999236703
Alta_Lisboa,B1085,matched,109.8690358,110.54,109.87,272527.6271,189193.37,189924.74,-0.303099131,-0.305782786,-0.003850841,roofs_top_kW,8760,179,cea,MULTI_RES,NONE,NONE,,roofs_top_kW,8760,2,0.96686393,0.966873264,0.954669893,0.979057968
Alta_Lisboa,B1086,matched,451.4562125,451.37,451.46,910426.1154,778456.87,781735.46,-0.141352113,-0.144953273,-0.004193989,roofs_top_kW,8760,744,cea,MULTI_RES,NONE,NONE,,roofs_top_kW,8760,1,0.969103992,0.969103992,0.969103992,0.969103992
Alta_Lisboa,B1087,matched,509.8186954,509.71,509.71,1083195.77,880417.44,878073.61,-0.189367578,-0.187203768,0.002669286,roofs_top_kW,8760,840,cea,MULTI_RES,NONE,NONE,,roofs_top_kW,8760,,,,,
Alta_Lisboa,B1088,matched,499.2342628,500.08,500.08,1062625.455,851145.63,857294.15,-0.193230177,-0.199016337,-0.007172007,roofs_top_kW,8760,823,cea,MULTI_RES,NONE,NONE,,roofs_top_kW,8760,,,,,
Alta_Lisboa,B1089,matched,471.0500449,471.05,471.05,1044686.848,804524.88,804516.73,-0.229896757,-0.229888955,1.01303E-05,roofs_top_kW,8760,777,cea,MULTI_RES,NONE,NONE,,roofs_top_kW,8760,,,,,
Alta_Lisboa,B1091,matched,828.1598579,828.16,828.16,2267763.243,1365289.29,1365390.45,-0.39791314,-0.397957748,-7.40887E-05,roofs_top_kW,8760,1361,cea,MULTI_RES,NONE,NONE,,roofs_top_kW,8760,,,,,
Alta_Lisboa,B1095,matched,703.5313295,712.3,712.3,1913829.68,1230754.12,1232496.5,-0.356005128,-0.356915543,-0.0014137,roofs_top_kW,8760,1162,cea,MULTI_RES,NONE,NONE,,roofs_top_kW,8760,,,,,
Alta_Lisboa,B1097,matched,15.57572373,15.58,15.58,34614.4205,26684.02,26640.18,-0.230373364,-0.22910684,0.001645635,roofs_top_kW,8760,26,cea,MULTI_RES,NONE,NONE,,roofs_top_kW,8760,,,,,
Alta_Lisboa,B1098,matched,10.04566634,10.05,10.05,20633.5035,17186.86,17232.64,-0.164822397,-0.167041118,-0.002656587,roofs_top_kW,8760,15,cea,MULTI_RES,NONE,NONE,,roofs_top_kW,8760,,,,,
Alta_Lisboa,B1099,matched,493.1729129,493.17,493.17,1060573.579,848962.62,849413.78,-0.199099623,-0.199525015,-0.000531143,roofs_top_kW,8760,812,cea,MULTI_RES,NONE,NONE,,roofs_top_kW,8760,,,,,
Alta_Lisboa,B1100,matched,68.06694684,66.07,66.07,129415.845,114531.87,114381.83,-0.116168271,-0.115008908,0.001311747,roofs_top_kW,8760,111,cea,MULTI_RES,NONE,NONE,,roofs_top_kW,8760,,,,,
Alta_Lisboa,B1101,matched,31.89362251,31.91,31.91,66440.65613,55380.38,55433.86,-0.165663568,-0.166468496,-0.000964753,roofs_top_kW,8760,52,cea,MULTI_RES,NONE,NONE,,roofs_top_kW,8760,,,,,
Baixa_Alfama,B1000,matched,560.8979956,591.23,566.13,1349236.147,1037777.76,920945.26,-0.317432118,-0.23084053,0.126861503,roofs_top_kW,8760,927,cea,MULTI_RES,NONE,NONE,,roofs_top_kW,8760,3,0.773441017,0.827662179,0.555888772,0.966495216
Baixa_Alfama,B1001,matched,644.1343109,673.21,673.21,1240980.91,1018995.76,1023593.26,-0.175174049,-0.178878779,-0.00449153,roofs_top_kW,8760,1063,cea,MULTI_RES,NONE,NONE,,roofs_top_kW,8760,,,,,
Baixa_Alfama,B1002,matched,413.5983376,410.62,410.62,966909.2375,656203.82,679505.11,-0.297240027,-0.321338762,-0.03429156,roofs_top_kW,8760,692,cea,MULTI_RES,NONE,NONE,,roofs_top_kW,8760,,,,,
Baixa_Alfama,B1003,matched,479.1823127,557.17,557.17,1009089.134,964419.28,963782.68,-0.044898367,-0.044267501,0.000660522,roofs_top_kW,8760,787,cea,MULTI_RES,NONE,NONE,,roofs_top_kW,8760,,,,,
Baixa_Alfama,B1005,matched,618.0543245,650.7,650.7,1266829.752,1102863.66,1108762.69,-0.124773721,-0.129430251,-0.005320372,roofs_top_kW,8760,1017,cea,MULTI_RES,NONE,NONE,,roofs_top_kW,8760,,,,,
Baixa_Alfama,B1007,matched,1090.96151,1125.46,1125.46,2131688.994,1930177.01,1932284.32,-0.093543042,-0.094531606,-0.00109058,roofs_top_kW,8760,1801,cea,SINGLE_RES,NONE,NONE,,roofs_top_kW,8760,,,,,
Baixa_Alfama,B1008,matched,8.598325912,4.64,4.64,10423.04247,8026.52,8057.11,-0.226990581,-0.229925425,-0.003796647,roofs_top_kW,8760,14,cea,MULTI_RES,NONE,NONE,,roofs_top_kW,8760,,,,,
Baixa_Alfama,B1011,matched,4110.31617,5093.92,5093.92,7886668.511,6693749.17,6717342.79,-0.148266118,-0.1512577,-0.003512344,roofs_top_kW,8760,6776,cea,MULTI_RES,NONE,NONE,,roofs_top_kW,8760,,,,,
Baixa_Alfama,B1016,matched,370.7460956,379.62,370.89,718595.8264,634536.89,560841.26,-0.219531704,-0.116976655,0.131401941,roofs_top_kW,8760,606,cea,MULTI_RES,NONE,NONE,,roofs_top_kW,8760,1,0.998152792,0.998152792,0.998152792,0.998152792
Baixa_Alfama,B1017,matched,89.4539649,91.24,89.45,187685.4507,144961.81,142509.91,-0.24069815,-0.227634271,0.017205119,roofs_top_kW,8760,147,cea,MULTI_RES,NONE,NONE,,roofs_top_kW,8760,2,0.914778322,0.914903319,0.908727109,0.920829535
Baixa_Alfama,B1018,matched,321.0687667,325.67,310.6,631170.5754,566869.37,538228.32,-0.147253784,-0.101876114,0.053213569,roofs_top_kW,8760,533,cea,MULTI_RES,NONE,NONE,,roofs_top_kW,8760,2,0.952043712,0.947653372,0.934540868,0.969546556
Baixa_Alfama,B1020,matched,151.4182409,155.5,151.42,252801.6316,184279.43,172895.38,-0.316082816,-0.271051263,0.065843575,roofs_top_kW,8760,249,cea,MULTI_RES,NONE,NONE,,roofs_top_kW,8760,2,0.862370789,0.863508393,0.728756249,0.995985329
Baixa_Alfama,B1021,matched,147.7616211,149.95,146.99,293459.3113,263075.88,253359.87,-0.136643956,-0.103535414,0.038348654,roofs_top_kW,8760,242,cea,MULTI_RES,NONE,NONE,,roofs_top_kW,8760,2,0.996747136,0.995442596,0.993662357,0.999831915
Baixa_Alfama,B1023,matched,42.23666461,42.24,42.24,94823.02669,67771.24,68038.88,-0.282464583,-0.285287104,-0.003933633,roofs_top_kW,8760,67,cea,MULTI_RES,NONE,NONE,,roofs_top_kW,8760,,,,,
Baixa_Alfama,B1024,matched,249.7705836,252.07,252.07,535607.8344,406502.22,411303.85,-0.232080221,-0.241045045,-0.011674167,roofs_top_kW,8760,414,cea,MULTI_RES,NONE,NONE,,roofs_top_kW,8760,,,,,
Baixa_Alfama,B1026,matched,106.2370141,109.42,100.17,273693.9624,188979.79,172518.23,-0.369667389,-0.309521524,0.095419249,roofs_top_kW,8760,175,cea,MULTI_RES,NONE,NONE,,roofs_top_kW,8760,2,0.833966643,0.844321148,0.675560653,0.992372632
Baixa_Alfama,B1028,matched,116.3855569,117.43,113.7,231605.0847,140509.27,140601.16,-0.392927145,-0.393323898,-0.000653551,roofs_top_kW,8760,194,cea,MULTI_RES,NONE,NONE,,roofs_top_kW,8760,2,0.706036165,0.707483841,0.455393165,0.956679165
Baixa_Alfama,B1029,matched,350.6444853,354.42,342.96,758242.1369,499788.64,589808.59,-0.222136886,-0.340858789,-0.152625702,roofs_top_kW,8760,582,cea,MULTI_RES,NONE,NONE,,roofs_top_kW,8760,4,0.64416533,0.629246341,0.42025122,0.934578478
Baixa_Alfama,B1031,matched,259.0865061,258.02,258.02,429138.7335,424435.56,448131.46,0.044257777,-0.010959564,-0.052877118,roofs_top_kW,8760,430,cea,MULTI_RES,NONE,NONE,,roofs_top_kW,8760,,,,,
Baixa_Alfama,B1032,matched,386.5011966,393.83,386.5,877793.7335,586162.12,560607.5,-0.361344837,-0.332232508,0.0455838,roofs_top_kW,8760,636,cea,MULTI_RES,NONE,NONE,,roofs_top_kW,8760,2,0.65144825,0.65079237,0.552896976,0.749999523
Baixa_Alfama,B1033,matched,74.09322007,76.05,74.09,96618.4861,122262.63,116020.54,0.200810991,0.265416536,0.053801594,roofs_top_kW,8760,121,cea,MULTI_RES,NONE,NONE,,roofs_top_kW,8760,2,0.723816335,0.632527752,0.498869598,0.948763072
Baixa_Alfama,B1036,matched,239.7030425,243.56,226.42,471156.2848,401945.85,393625.73,-0.164553795,-0.146894856,0.021137135,roofs_top_kW,8760,396,cea,MULTI_RES,NONE,NONE,,roofs_top_kW,8760,2,0.97364229,0.979114262,0.960649669,0.98663491
Baixa_Alfama,B1037,matched,141.4004259,146.49,141.4,237688.3459,209061.58,196178.54,-0.174639635,-0.120438239,0.065669976,roofs_top_kW,8760,232,cea,MULTI_RES,NONE,NONE,,roofs_top_kW,8760,2,0.940395087,0.949817829,0.882633805,0.998156369
Baixa_Alfama,B1039,matched,204.4585921,208.89,204.81,404918.8639,365736.83,349371.85,-0.137180603,-0.096765148,0.046841152,roofs_top_kW,8760,337,cea,MULTI_RES,NONE,NONE,,roofs_top_kW,8760,2,0.925761908,0.90615666,0.859152019,0.992371798
Baixa_Alfama,B1041,matched,3409.896971,3409.9,3409.9,8171899.588,5896588.37,5898492.03,-0.278198176,-0.278431128,-0.000322737,roofs_top_kW,8760,5611,cea,MULTI_RES,NONE,NONE,,roofs_top_kW,8760,,,,,
Baixa_Alfama,B1042,matched,78.77755943,55.74,55.74,95950.45019,81284.27,85556.44,-0.108326852,-0.152851604,-0.049933938,roofs_top_kW,8760,130,cea,MULTI_RES,NONE,NONE,,roofs_top_kW,8760,,,,,
Baixa_Alfama,B1043,matched,134.1462355,136.46,133.46,293271.5747,209741.59,213261.37,-0.272819501,-0.284821278,-0.016504536,roofs_top_kW,8760,220,cea,MULTI_RES,NONE,NONE,,roofs_top_kW,8760,2,0.762460679,0.772239869,0.542396247,0.98252511
Baixa_Alfama,B1046,matched,235.4320586,239.78,219.35,387271.5367,405851.47,381184.71,-0.015717207,0.047976501,0.06471078,roofs_top_kW,8760,389,cea,MULTI_RES,NONE,NONE,,roofs_top_kW,8760,2,0.989977688,0.990675506,0.98041153,0.999543846
Baixa_Alfama,B1047,matched,151.9999416,155.63,154.13,310876.0886,248556.26,253438.6,-0.184760072,-0.200465172,-0.01926439,roofs_top_kW,8760,250,cea,MULTI_RES,NONE,NONE,,roofs_top_kW,8760,2,0.753281713,0.764081233,0.507808805,0.998754621
Baixa_Alfama,B1048,matched,409.2555746,421.9,409.26,871029.3082,710726.81,705566.13,-0.189962814,-0.184038007,0.00731424,roofs_top_kW,8760,671,cea,MULTI_RES,NONE,NONE,,roofs_top_kW,8760,2,0.643598273,0.643408125,0.453162163,0.834034383
Baixa_Alfama,B1049,matched,132.4477621,132.47,132.47,290585.6163,230020.35,229748.49,-0.209360419,-0.20842486,0.001183294,roofs_top_kW,8760,217,cea,MULTI_RES,NONE,NONE,,roofs_top_kW,8760,,,,,
Baixa_Alfama,B1050,matched,182.967967,187.14,181.14,416159.8775,312971.01,308389.42,-0.258964074,-0.247954868,0.014856508,roofs_top_kW,8760,305,cea,MULTI_RES,NONE,NONE,,roofs_top_kW,8760,2,0.962831169,0.964175279,0.928474665,0.997187674
Baixa_Alfama,B1053,matched,256.873178,261.43,256.91,347030.7995,444487.34,438886.47,0.264690254,0.280829657,0.012761546,roofs_top_kW,8760,421,cea,MULTI_RES,NONE,NONE,,roofs_top_kW,8760,3,0.587077051,0.566339112,0.416658372,0.823740482
Baixa_Alfama,B1055,matched,177.0747452,181.85,177.07,414575.0401,315641.26,275397.82,-0.335710563,-0.238639017,0.14612839,roofs_top_kW,8760,291,cea,MULTI_RES,NONE,NONE,,roofs_top_kW,8760,1,0.964888334,0.964888334,0.964888334,0.964888334
Baixa_Alfama,B1056,matched,123.9846493,124.04,124.04,167912.8302,171756.28,171053.74,0.018705598,0.022889554,0.00410713,roofs_top_kW,8760,206,cea,MULTI_RES,NONE,NONE,,roofs_top_kW,8760,,,,,
Baixa_Alfama,B1057,matched,262.8301588,264.84,262.83,482610.3407,455295.9,453938.79,-0.059409317,-0.056597297,0.002989632,roofs_top_kW,8760,432,cea,MULTI_RES,NONE,NONE,,roofs_top_kW,8760,2,0.864094764,0.862675646,0.735474467,0.992715061
Baixa_Alfama,B1060,matched,273.9591663,275.26,277.76,628633.5879,460790.21,477603.83,-0.240250856,-0.266997152,-0.035204115,roofs_top_kW,8760,453,cea,MULTI_RES,NONE,NONE,,roofs_top_kW,8760,2,0.466711327,0.454942983,0.412008971,0.521413684
Baixa_Alfama,B1064,matched,313.2316691,312.66,312.66,729044.5268,514818.34,531018.1,-0.271624598,-0.293845134,-0.030506983,roofs_top_kW,8760,516,cea,MULTI_RES,NONE,NONE,,roofs_top_kW,8760,,,,,
Baixa_Alfama,B1066,matched,366.2928385,374.37,342.62,731279.1055,632220.16,589572.27,-0.193779413,-0.135459833,0.072337001,roofs_top_kW,8760,605,cea,MULTI_RES,NONE,NONE,,roofs_top_kW,8760,2,0.72213617,0.701325357,0.600681365,0.843590975
Baixa_Alfama,B1067,matched,209.1937635,210.65,206.62,436633.6668,324303.05,292112.98,-0.330988418,-0.257265129,0.110197328,roofs_top_kW,8760,345,cea,MULTI_RES,NONE,NONE,,roofs_top_kW,8760,2,0.684920818,0.672807045,0.444719374,0.925122261
Baixa_Alfama,B1068,matched,520.6345025,534.6,512.56,996609.8564,872776.35,891858.57,-0.105107616,-0.124254748,-0.021396016,roofs_top_kW,8760,855,cea,MULTI_RES,NONE,NONE,,roofs_top_kW,8760,4,0.654202916,0.641310239,0.409769803,0.831564724
Baixa_Alfama,B1069,matched,253.310379,253.31,253.31,563559.6693,356281.05,358984.86,-0.363004701,-0.367802436,-0.007531822,roofs_top_kW,8760,423,cea,MULTI_RES,NONE,NONE,,roofs_top_kW,8760,,,,,
Baixa_Alfama,B1070,matched,97.45874664,99.02,100.18,199134.0607,172811.14,173745.99,-0.127492357,-0.132186933,-0.005380556,roofs_top_kW,8760,162,cea,MULTI_RES,NONE,NONE,,roofs_top_kW,8760,2,0.948328286,0.948553997,0.946511745,0.950144827
Baixa_Alfama,B1074,matched,80.27317417,80.27,80.27,177771.3185,138131.75,138264.89,-0.222231735,-0.222980674,-0.000962934,roofs_top_kW,8760,132,cea,MULTI_RES,NONE,NONE,,roofs_top_kW,8760,,,,,
Baixa_Alfama,B1077,matched,168.539497,171.62,170.65,305129.9129,271645.76,270543.98,-0.113348221,-0.109737366,0.004072462,roofs_top_kW,8760,278,cea,MULTI_RES,NONE,NONE,,roofs_top_kW,8760,3,0.558939288,0.606944322,0.472582132,0.681517482
Baixa_Alfama,B1078,matched,93.55906375,95.06,93.59,189422.3644,145296.52,142321.66,-0.2486544,-0.232949497,0.02090237,roofs_top_kW,8760,154,cea,MULTI_RES,NONE,NONE,,roofs_top_kW,8760,2,0.948328286,0.948372804,0.946511745,0.950144827
Baixa_Alfama,B1079,matched,94.99694597,97.46,95.16,187867.8822,164374.77,164226.27,-0.125841692,-0.125051243,0.00090424,roofs_top_kW,8760,156,cea,MULTI_RES,NONE,NONE,,roofs_top_kW,8760,2,0.732380718,0.739940656,0.593486845,0.87127459
Baixa_Alfama,B1081,matched,115.0295438,113.08,113.08,278918.6643,168756.33,171822.92,-0.383967651,-0.394962218,-0.017847386,roofs_top_kW,8760,190,cea,MULTI_RES,NONE,NONE,,roofs_top_kW,8760,,,,,
Baixa_Alfama,B1082,matched,8.807419022,4.18,4.18,18173.33744,6629.4,6942.32,-0.617994217,-0.635212848,-0.045074269,roofs_top_kW,8760,14,cea,MULTI_RES,NONE,NONE,,roofs_top_kW,8760,,,,,
Baixa_Alfama,B1094,matched,42.12075171,34.16,34.16,68275.9975,51467.99,54600.39,-0.200298904,-0.246177399,-0.057369554,roofs_top_kW,8760,70,cea,MULTI_RES,NONE,NONE,,roofs_top_kW,8760,,,,,
Baixa_Alfama,B1096,matched,43.7546567,37.38,37.38,83470.38178,61771.1,62629.25,-0.249682957,-0.25996385,-0.013702064,roofs_top_kW,8760,70,cea,MULTI_RES,NONE,NONE,,roofs_top_kW,8760,,,,,
Baixa_Alfama,B1101,matched,263.3176002,269.31,263.32,526083.8438,503142.82,435080.9,-0.172981826,-0.043607163,0.156435091,roofs_top_kW,8760,435,cea,MULTI_RES,NONE,NONE,,roofs_top_kW,8760,1,0.706699967,0.706699967,0.706699967,0.706699967
Baixa_Alfama,B1102,matched,614.6914837,599.66,599.66,1270944.777,1021635.8,1025066.06,-0.19346137,-0.196160354,-0.003346379,roofs_top_kW,8760,1013,cea,MULTI_RES,NONE,NONE,,roofs_top_kW,8760,,,,,
Baixa_Alfama,B1103,matched,7.956009237,4.07,4.07,11062.77125,7069.82,7115.49,-0.356807635,-0.360935896,-0.006418391,roofs_top_kW,8760,11,cea,MULTI_RES,NONE,NONE,,roofs_top_kW,8760,,,,,
Baixa_Alfama,B1104,matched,270.8596993,275.86,278.17,517208.3373,439309.7,466972.28,-0.097129249,-0.150613653,-0.059238163,roofs_top_kW,8760,446,cea,MULTI_RES,NONE,NONE,,roofs_top_kW,8760,2,0.983950436,0.981276194,0.968880177,0.999020696
Baixa_Alfama,B1105,matched,372.9532351,376.35,346.87,747470.0432,617211.33,605398.29,-0.190070163,-0.174266132,0.01951284,roofs_top_kW,8760,613,cea,MULTI_RES,NONE,NONE,,roofs_top_kW,8760,2,0.414604902,0.41670978,0.382057399,0.447152406
Baixa_Alfama,B1106,matched,130.4025327,133.91,130.4,293178.4798,238213.69,223512.37,-0.237623545,-0.187478937,0.065774078,roofs_top_kW,8760,214,cea,MULTI_RES,NONE,NONE,,roofs_top_kW,8760,3,0.803913593,0.728845135,0.513409972,0.974832475
Baixa_Alfama,B1107,matched,184.8349415,189.18,180.06,410224.3817,302004.01,313515.66,-0.235745914,-0.263807751,-0.036717943,roofs_top_kW,8760,303,cea,MULTI_RES,NONE,NONE,,roofs_top_kW,8760,2,0.912266374,0.914717636,0.862337887,0.96219486
Baixa_Alfama,B1108,matched,136.7276081,136.83,136.83,254056.9041,233905.12,234403.24,-0.0773593,-0.079319963,-0.002125056,roofs_top_kW,8760,225,cea,MULTI_RES,NONE,NONE,,roofs_top_kW,8760,,,,,
Baixa_Alfama,B1109,matched,232.748872,235.01,232.8,463901.5882,378876.52,384479.95,-0.171203635,-0.183282555,-0.01457405,roofs_top_kW,8760,381,cea,MULTI_RES,NONE,NONE,,roofs_top_kW,8760,3,0.776676397,0.827943657,0.630246341,0.97463268
Baixa_Alfama,B1110,matched,288.9276788,290.45,289.01,576051.757,475353.88,499121.38,-0.133547682,-0.174806996,-0.047618677,roofs_top_kW,8760,478,cea,MULTI_RES,NONE,NONE,,roofs_top_kW,8760,2,0.641964138,0.64552127,0.506776452,0.777151823
Baixa_Alfama,B1111,matched,98.88053838,101.2,98.89,121417.943,119148.78,133398.53,0.098672294,-0.01868886,-0.106820892,roofs_top_kW,8760,163,cea,MULTI_RES,NONE,NONE,,roofs_top_kW,8760,2,0.898397446,0.897289983,0.814345002,0.982449889
Baixa_Alfama,B1112,matched,280.427465,278.23,278.23,492070.6844,430635.03,441599.68,-0.102568607,-0.124851279,-0.024829388,roofs_top_kW,8760,453,cea,MULTI_RES,NONE,NONE,,roofs_top_kW,8760,,,,,
Baixa_Alfama,B1113,matched,239.3882465,242.1,239.39,429595.7289,386699.95,350805.57,-0.183405359,-0.099851502,0.102319869,roofs_top_kW,8760,397,cea,MULTI_RES,NONE,NONE,,roofs_top_kW,8760,2,0.741753608,0.739412742,0.512460351,0.971046865
Baixa_Alfama,B1114,matched,162.4488692,167.84,162.46,361398.3033,218044.27,220960.16,-0.388596576,-0.396664932,-0.013196451,roofs_top_kW,8760,265,cea,MULTI_RES,NONE,NONE,,roofs_top_kW,8760,2,0.978882253,0.979010082,0.963412166,0.994352341
Baixa_Alfama,B1116,matched,216.1765549,224.41,216.18,395190.0557,312038.94,280335.19,-0.290631973,-0.210407915,0.113092295,roofs_top_kW,8760,354,cea,MULTI_RES,NONE,NONE,,roofs_top_kW,8760,3,0.66965581,0.656710317,0.450041324,0.940448403
Baixa_Alfama,B1117,matched,157.0372976,157.11,157.11,262321.4681,198709.43,198332.27,-0.243934279,-0.242496501,0.001901657,roofs_top_kW,8760,254,cea,MULTI_RES,NONE,NONE,,roofs_top_kW,8760,,,,,
Baixa_Alfama,B1118,matched,94.23770844,92.49,92.49,172174.6871,137663.88,143128.94,-0.168699288,-0.200440655,-0.038182774,roofs_top_kW,8760,155,cea,MULTI_RES,NONE,NONE,,roofs_top_kW,8760,,,,,
Baixa_Alfama,B1119,matched,80.33585479,80.98,80.98,149687.082,130428.05,133357.31,-0.109092727,-0.128661951,-0.0219655,roofs_top_kW,8760,133,cea,MULTI_RES,NONE,NONE,,roofs_top_kW,8760,,,,,
Baixa_Alfama,B1120,matched,278.9834334,260.09,260.09,535155.9591,440795.66,441372.79,-0.175244557,-0.17632299,-0.001307579,roofs_top_kW,8760,462,cea,MULTI_RES,NONE,NONE,,roofs_top_kW,8760,,,,,
Baixa_Alfama,B1121,matched,73.31551297,69.33,69.33,68642.51164,101407.23,105883.96,0.542542041,0.477324002,-0.042279586,roofs_top_kW,8760,123,cea,MULTI_RES,NONE,NONE,,roofs_top_kW,8760,,,,,
Baixa_Alfama,B1122,matched,120.1081896,120.11,120.11,196794.4284,200872.81,188337.58,-0.042973007,0.02072407,0.066557243,roofs_top_kW,8760,199,cea,MULTI_RES,NONE,NONE,,roofs_top_kW,8760,,,,,
Baixa_Alfama,B1123,matched,147.5463217,152.67,147.55,293239.8952,165727.65,163071.92,-0.443895859,-0.434839349,0.016285636,roofs_top_kW,8760,243,cea,MULTI_RES,NONE,NONE,,roofs_top_kW,8760,4,0.528082035,0.522582528,0.418540597,0.624524653
Baixa_Alfama,B1124,matched,236.9464993,243.83,236.95,531850.8025,406236.57,411174.96,-0.226897923,-0.236183215,-0.012010435,roofs_top_kW,8760,390,cea,MULTI_RES,NONE,NONE,,roofs_top_kW,8760,4,0.528082035,0.529170974,0.418540597,0.624524653
Baixa_Alfama,B1125,matched,120.593917,125.31,120.59,175467.3482,168444.14,185097.3,0.054881731,-0.040025727,-0.089969762,roofs_top_kW,8760,198,cea,MULTI_RES,NONE,NONE,,roofs_top_kW,8760,3,0.753714641,0.761212793,0.633065999,0.875139177
Baixa_Alfama,B1127,matched,239.7216953,239.33,239.33,450634.7826,363111.45,382862.29,-0.15039339,-0.194222319,-0.051587321,roofs_top_kW,8760,396,cea,MULTI_RES,NONE,NONE,,roofs_top_kW,8760,,,,,
Baixa_Alfama,B1128,matched,55.65915551,55.66,55.66,85266.94931,95367.29,95783.59,0.123337832,0.118455518,-0.004346256,roofs_top_kW,8760,90,cea,MULTI_RES,NONE,NONE,,roofs_top_kW,8760,,,,,
Baixa_Alfama,B1131,matched,781.6948172,781.69,781.69,1448076.563,1352504.03,1353942.25,-0.065006448,-0.065999641,-0.001062246,roofs_top_kW,8760,1287,cea,MULTI_RES,NONE,NONE,,roofs_top_kW,8760,,,,,
Baixa_Alfama,B1132,matched,385.8458313,384.82,384.82,717146.0133,653563.36,657268.34,-0.083494396,-0.08866068,-0.005636937,roofs_top_kW,8760,634,cea,MULTI_RES,NONE,NONE,,roofs_top_kW,8760,,,,,
Baixa_Alfama,B1133,matched,460.2114248,473.74,453.32,877403.0814,801995.87,774486.15,-0.117297208,-0.085943636,0.035519964,roofs_top_kW,8760,758,cea,MULTI_RES,NONE,NONE,,roofs_top_kW,8760,2,0.862517327,0.86212509,0.844136119,0.880898535
Baixa_Alfama,B1137,matched,305.6793175,302.82,302.82,643683.5657,495771.6,494560.34,-0.231671637,-0.229789874,0.002449165,roofs_top_kW,8760,505,cea,MULTI_RES,NONE,NONE,,roofs_top_kW,8760,,,,,
Baixa_Alfama,B1138,matched,95.20203265,92.46,92.46,192131.2373,154037.12,153912.6,-0.198919436,-0.198271337,0.000809031,roofs_top_kW,8760,158,cea,MULTI_RES,NONE,NONE,,roofs_top_kW,8760,,,,,
Baixa_Alfama,B1139,matched,122.0014258,125.04,120.46,269760.1403,105249.53,114001.32,-0.577397462,-0.60984032,-0.076769199,roofs_top_kW,8760,198,cea,MULTI_RES,NONE,NONE,,roofs_top_kW,8760,3,0.807163626,0.714584656,0.491841108,0.996655941
Baixa_Alfama,B1140,matched,47.88736477,47.89,47.89,125264.6243,80910.82,81150.22,-0.352169693,-0.354080847,-0.002950084,roofs_top_kW,8760,79,cea,MULTI_RES,NONE,NONE,,roofs_top_kW,8760,,,,,
Baixa_Alfama,B1142,matched,749.9229124,759.15,759.15,1518251.307,1222280.27,1219751.32,-0.196607759,-0.19494206,0.002073332,roofs_top_kW,8760,1233,cea,MULTI_RES,NONE,NONE,,roofs_top_kW,8760,,,,,
Baixa_Alfama,B1143,matched,192.5919783,192.57,192.57,342655.7565,261267.61,260805.75,-0.238869492,-0.237521609,0.001770897,roofs_top_kW,8760,316,cea,MULTI_RES,NONE,NONE,,roofs_top_kW,8760,,,,,
Baixa_Alfama,B1144,matched,157.9601925,161.48,157.96,303228.1579,267548.18,268354.14,-0.115009167,-0.1176671,-0.003003345,roofs_top_kW,8760,260,cea,MULTI_RES,NONE,NONE,,roofs_top_kW,8760,2,0.480337337,0.48293605,0.471105009,0.489569664
Baixa_Alfama,B1145,matched,196.8875704,201.92,191.41,366837.4937,304263.21,328278.6,-0.105111649,-0.170577667,-0.073155515,roofs_top_kW,8760,326,cea,MULTI_RES,NONE,NONE,,roofs_top_kW,8760,2,0.7866638,0.782900358,0.771112561,0.80221504
Baixa_Alfama,B1146,matched,52.30418225,49.53,49.53,89506.27403,66012.38,67838.88,-0.242076818,-0.262483209,-0.026924088,roofs_top_kW,8760,84,cea,MULTI_RES,NONE,NONE,,roofs_top_kW,8760,,,,,
Baixa_Alfama,B1147,matched,736.0549078,729.93,729.93,1473290.452,1198385.51,1235062.18,-0.161698103,-0.186592495,-0.029696213,roofs_top_kW,8760,1209,cea,MULTI_RES,NONE,NONE,,roofs_top_kW,8760,,,,,
Baixa_Alfama,B1149,matched,43.16965819,44.2,43.17,49652.43322,24682.26,19789.03,-0.601448938,-0.502899286,0.247269826,roofs_top_kW,8760,72,cea,MULTI_RES,NONE,NONE,,roofs_top_kW,8760,1,0.957960248,0.957960248,0.957960248,0.957960248
Baixa_Alfama,B1150,matched,174.2275477,178.4,174.23,441369.1,301196.16,297876.74,-0.325107399,-0.317586664,0.011143603,roofs_top_kW,8760,286,cea,MULTI_RES,NONE,NONE,,roofs_top_kW,8760,2,0.975930929,0.975723261,0.970869005,0.980992854
Baixa_Alfama,B1151,matched,102.8247244,105.25,98.47,196398.4351,166536.28,158110.29,-0.194951376,-0.152048844,0.053291851,roofs_top_kW,8760,169,cea,MULTI_RES,NONE,NONE,,roofs_top_kW,8760,4,0.806210592,0.80505039,0.64729625,0.970567346
Baixa_Alfama,B1153,matched,74.92484417,76.96,73.4,159393.428,90877.29,88979.58,-0.4417613,-0.429855477,0.021327478,roofs_top_kW,8760,121,cea,MULTI_RES,NONE,NONE,,roofs_top_kW,8760,2,0.958618373,0.956626158,0.917932332,0.999304414
Baixa_Alfama,B1154,matched,72.51783012,72.52,72.52,192833.8019,125880.09,125821.53,-0.347513098,-0.347209417,0.000465421,roofs_top_kW,8760,117,cea,MULTI_RES,NONE,NONE,,roofs_top_kW,8760,,,,,
Baixa_Alfama,B1155,matched,84.03470168,85.34,82.32,188828.3968,140736.39,133036.93,-0.295461211,-0.254686306,0.057874607,roofs_top_kW,8760,136,cea,MULTI_RES,NONE,NONE,,roofs_top_kW,8760,2,0.92247659,0.905553318,0.85319066,0.991762519
Baixa_Alfama,B1156,matched,283.6490606,268.21,268.21,655020.217,417044.74,447160.83,-0.317332781,-0.363310125,-0.067349571,roofs_top_kW,8760,467,cea,MULTI_RES,NONE,NONE,,roofs_top_kW,8760,,,,,
Baixa_Alfama,B1157,matched,116.1272912,118.79,110.37,302046.1573,193698.17,179442.98,-0.405908747,-0.358713344,0.079441336,roofs_top_kW,8760,189,cea,MULTI_RES,NONE,NONE,,roofs_top_kW,8760,3,0.79304268,0.765419416,0.659194231,0.955751419
Baixa_Alfama,B1158,matched,111.111686,109.08,109.08,237883.6203,189396.99,189454.33,-0.203583964,-0.203825006,-0.000302659,roofs_top_kW,8760,182,cea,MULTI_RES,NONE,NONE,,roofs_top_kW,8760,,,,,
Baixa_Alfama,B1160,matched,63.77310954,65.38,54.84,103800.7562,110672.28,94967.09,-0.085102137,0.066199169,0.165375079,roofs_top_kW,8760,106,cea,MULTI_RES,NONE,NONE,,roofs_top_kW,8760,2,0.979292184,0.979678269,0.960748553,0.997835815
Baixa_Alfama,B1161,matched,147.1275646,134.8,134.8,340844.2018,211302.36,210600.07,-0.382122187,-0.380061744,0.003334709,roofs_top_kW,8760,241,cea,MULTI_RES,NONE,NONE,,roofs_top_kW,8760,,,,,
Baixa_Alfama,B1162,matched,43.93297813,43.93,43.93,70044.43797,55006.49,58142.82,-0.169915247,-0.214691536,-0.053941828,roofs_top_kW,8760,75,cea,SINGLE_RES,NONE,NONE,,roofs_top_kW,8760,,,,,
Baixa_Alfama,B1163,matched,310.5101911,313.5,318.04,668939.5492,487135.53,493028.2,-0.262970472,-0.271779445,-0.011951994,roofs_top_kW,8760,512,cea,MULTI_RES,NONE,NONE,,roofs_top_kW,8760,1,0.611335158,0.611335158,0.611335158,0.611335158
Baixa_Alfama,B1164,matched,73.58281,76.95,73.58,119494.672,118095.67,127139.73,0.063978233,-0.011707652,-0.071134806,roofs_top_kW,8760,119,cea,MULTI_RES,NONE,NONE,,roofs_top_kW,8760,3,0.747024775,0.750122952,0.693028569,0.788070381
Baixa_Alfama,B1165,matched,120.5850671,123,120.59,205683.1303,191317.24,208975.25,0.016005784,-0.069844767,-0.084498092,roofs_top_kW,8760,198,cea,MULTI_RES,NONE,NONE,,roofs_top_kW,8760,1,0.911530674,0.911530674,0.911530674,0.911530674
Baixa_Alfama,B1166,matched,175.0613079,177.56,181.01,451683.8558,234393.09,257540.47,-0.429821397,-0.481068258,-0.089878612,roofs_top_kW,8760,286,cea,MULTI_RES,NONE,NONE,,roofs_top_kW,8760,1,0.790286899,0.790286899,0.790286899,0.790286899
Baixa_Alfama,B1167,matched,41.21723809,41.22,41.22,90719.38169,67833.29,68621.46,-0.243585453,-0.252273453,-0.011485766,roofs_top_kW,8760,67,cea,MULTI_RES,NONE,NONE,,roofs_top_kW,8760,,,,,
Baixa_Alfama,B1169,matched,307.4099114,315.31,283.06,706163.4258,549205.77,492238.73,-0.302939359,-0.222268175,0.115730511,roofs_top_kW,8760,505,cea,MULTI_RES,NONE,NONE,,roofs_top_kW,8760,2,0.982376248,0.983078747,0.977474391,0.987278104
Baixa_Alfama,B1170,matched,54.53921768,54.54,54.54,115533.2081,48574.17,47891.99,-0.58546992,-0.579565297,0.014244136,roofs_top_kW,8760,88,cea,MULTI_RES,NONE,NONE,,roofs_top_kW,8760,,,,,
Baixa_Alfama,B1171,matched,51.15408097,51.78,51.15,72145.80475,85749.19,88584.43,0.227852823,0.188554072,-0.032006076,roofs_top_kW,8760,85,cea,MULTI_RES,NONE,NONE,,roofs_top_kW,8760,2,0.834442675,0.839329514,0.699275792,0.969609559
Baixa_Alfama,B1172,matched,623.2317403,615.72,615.72,1556691.439,1063004.38,1059699.31,-0.319261812,-0.317138674,0.003118875,roofs_top_kW,8760,1027,cea,MULTI_RES,NONE,NONE,,roofs_top_kW,8760,,,,,
Baixa_Alfama,B1173,matched,387.8732946,387.84,385.49,767180.9733,657924.94,656632.37,-0.144097165,-0.142412334,0.001968484,roofs_top_kW,8760,639,cea,MULTI_RES,NONE,NONE,,roofs_top_kW,8760,1,0.983998835,0.983998835,0.983998835,0.983998835
Baixa_Alfama,B1174,matched,679.3141924,686.84,683.27,1478647.258,1177442.31,1162274.41,-0.213961001,-0.203703044,0.013050188,roofs_top_kW,8760,1126,cea,SINGLE_RES,NONE,NONE,,roofs_top_kW,8760,3,0.772873362,0.717595799,0.565721035,0.939200878
Baixa_Alfama,B1176,matched,80.61024922,80.61,80.61,198896.5646,95735.52,102385.04,-0.485234749,-0.5186668,-0.064946207,roofs_top_kW,8760,133,cea,MULTI_RES,NONE,NONE,,roofs_top_kW,8760,,,,,
Baixa_Alfama,B1177,matched,153.4074211,149.04,149.04,366355.6926,213461.93,232791.49,-0.364575207,-0.417336937,-0.083033791,roofs_top_kW,8760,250,cea,MULTI_RES,NONE,NONE,,roofs_top_kW,8760,,,,,
Baixa_Alfama,B1178,matched,166.7270045,162.31,162.31,376221.1661,246005.92,250119.39,-0.335179909,-0.346113557,-0.016446026,roofs_top_kW,8760,275,cea,MULTI_RES,NONE,NONE,,roofs_top_kW,8760,,,,,
Baixa_Alfama,B1179,matched,119.8876718,121.49,120.45,304951.2256,204556.54,206846.74,-0.321705497,-0.329215551,-0.011071966,roofs_top_kW,8760,198,cea,MULTI_RES,NONE,NONE,,roofs_top_kW,8760,2,0.703727677,0.737675855,0.479994804,0.927460551
Baixa_Alfama,B1180,matched,87.88684059,76.65,76.65,146256.7888,110835.24,116266.79,-0.205050303,-0.242187382,-0.046716264,roofs_top_kW,8760,143,cea,MULTI_RES,NONE,NONE,,roofs_top_kW,8760,,,,,
Baixa_Alfama,B1181,matched,152.4088819,154.27,141.7,380540.3847,246507.59,238200.15,-0.374047645,-0.352217005,0.034875881,roofs_top_kW,8760,250,cea,MULTI_RES,NONE,NONE,,roofs_top_kW,8760,2,0.901576638,0.914514724,0.83797431,0.965178967
Baixa_Alfama,B1183,matched,40.28088169,39.2,39.2,74253.62263,59029.96,62285.66,-0.161176818,-0.20502249,-0.052270458,roofs_top_kW,8760,66,cea,MULTI_RES,NONE,NONE,,roofs_top_kW,8760,,,,,
Baixa_Alfama,B1184,matched,164.5629153,164.58,164.58,272957.2265,231767.02,230737.09,-0.154676749,-0.150903521,0.004463652,roofs_top_kW,8760,275,cea,MULTI_RES,NONE,NONE,,roofs_top_kW,8760,,,,,
Baixa_Alfama,B1185,matched,195.5417062,199.89,207.89,419683.9985,343696.22,360994.12,-0.139843022,-0.181059509,-0.047917401,roofs_top_kW,8760,320,cea,MULTI_RES,NONE,NONE,,roofs_top_kW,8760,2,0.947283626,0.948460811,0.939324975,0.955242276
Baixa_Alfama,B1186,matched,15.31323601,15.31,15.31,36560.41825,26343.3,26519.21,-0.274646974,-0.279458462,-0.006633305,roofs_top_kW,8760,24,cea,MULTI_RES,NONE,NONE,,roofs_top_kW,8760,,,,,
Baixa_Alfama,B1187,matched,55.21695244,57.09,54.75,94973.73984,92010,93210.01,-0.018570711,-0.031205888,-0.012874261,roofs_top_kW,8760,91,cea,MULTI_RES,NONE,NONE,,roofs_top_kW,8760,1,0.55276829,0.55276829,0.55276829,0.55276829
Baixa_Alfama,B1188,matched,226.4764361,229.94,213.97,493206.3214,392501.77,370594.9,-0.248600669,-0.204183416,0.059112713,roofs_top_kW,8760,372,cea,MULTI_RES,NONE,NONE,,roofs_top_kW,8760,2,0.531675652,0.542012899,0.466125876,0.597225428
Baixa_Alfama,B1189,matched,230.6036984,233.73,215.48,548460.1858,394936.62,372463.37,-0.320892601,-0.27991743,0.060336806,roofs_top_kW,8760,378,cea,MULTI_RES,NONE,NONE,,roofs_top_kW,8760,2,0.909858465,0.912566795,0.839218736,0.980498195
Baixa_Alfama,B1190,matched,243.6205168,247.6,239.56,525823.2923,434093.92,416712.34,-0.207504981,-0.174449047,0.04171122,roofs_top_kW,8760,401,cea,MULTI_RES,NONE,NONE,,roofs_top_kW,8760,2,0.98280409,0.978304748,0.968146861,0.997461319
Baixa_Alfama,B1191,matched,154.7073921,157.72,150.97,393118.649,198675.87,233599.73,-0.40577805,-0.494616013,-0.149502998,roofs_top_kW,8760,252,cea,MULTI_RES,NONE,NONE,,roofs_top_kW,8760,2,0.944948077,0.945303442,0.94401902,0.945877135
Baixa_Alfama,B1192,matched,78.08881817,79.95,79.95,157930.2313,129635.31,133950.73,-0.151836042,-0.179160893,-0.032216472,roofs_top_kW,8760,126,cea,MULTI_RES,NONE,NONE,,roofs_top_kW,8760,,,,,
Baixa_Alfama,B1194,matched,346.1201505,347.88,346.12,776818.5894,605381.81,600728.87,-0.22668062,-0.220690882,0.007745491,roofs_top_kW,8760,566,cea,MULTI_RES,NONE,NONE,,roofs_top_kW,8760,3,0.727712413,0.765735036,0.407296062,0.894942582
Baixa_Alfama,B1195,matched,46.42076506,46.42,46.42,61470.40369,59496.5,63374.38,0.03097387,-0.032111448,-0.061190027,roofs_top_kW,8760,74,cea,MULTI_RES,NONE,NONE,,roofs_top_kW,8760,,,,,
Baixa_Alfama,B1196,matched,48.16961491,45.54,45.54,68105.52475,54205.94,55757.33,-0.181309737,-0.204088946,-0.027823965,roofs_top_kW,8760,80,cea,MULTI_RES,NONE,NONE,,roofs_top_kW,8760,,,,,
Baixa_Alfama,B1197,matched,722.9148333,722.91,722.91,1734974.156,1245572.44,1246200.8,-0.281717946,-0.282080119,-0.000504221,roofs_top_kW,8760,1190,cea,MULTI_RES,NONE,NONE,,roofs_top_kW,8760,,,,,
Baixa_Alfama,B1198,matched,44.64811111,44.65,44.65,47423.80138,76919.01,76987.65,0.623396855,0.62194948,-0.000891572,roofs_top_kW,8760,73,cea,MULTI_RES,NONE,NONE,,roofs_top_kW,8760,,,,,
Baixa_Alfama,B1199,matched,32.02464622,33.17,32.02,43500.46825,48442.47,48904.45,0.124228128,0.113608013,-0.009446584,roofs_top_kW,8760,49,cea,MULTI_RES,NONE,NONE,,roofs_top_kW,8760,2,0.857745945,0.857846572,0.836783409,0.878708482
Baixa_Alfama,B1200,matched,40.29488455,40.29,40.29,65947.10125,35728.28,38929.78,-0.409681711,-0.458228196,-0.082237814,roofs_top_kW,8760,66,cea,MULTI_RES,NONE,NONE,,roofs_top_kW,8760,,,,,
Baixa_Alfama,B1201,matched,199.6530519,210.74,192.36,438948.6507,278522.23,306483.57,-0.301778079,-0.365478788,-0.091232754,roofs_top_kW,8760,328,cea,MULTI_RES,NONE,NONE,,roofs_top_kW,8760,1,0.944069207,0.944069207,0.944069207,0.944069207
Baixa_Alfama,B1202,matched,422.8994842,413.89,423.46,879535.2547,703709.08,674329.07,-0.233312063,-0.199908047,0.043569247,roofs_top_kW,8760,700,cea,MULTI_RES,NONE,NONE,,roofs_top_kW,8760,3,0.759006997,0.621352082,0.437449098,0.949432671
Baixa_Alfama,B1203,matched,293.1603296,297.28,298.3,483994.2618,466793.68,513156.15,0.060252549,-0.035538814,-0.090347685,roofs_top_kW,8760,485,cea,MULTI_RES,NONE,NONE,,roofs_top_kW,8760,1,0.776313663,0.776313663,0.776313663,0.776313663
Baixa_Alfama,B1204,matched,408.445663,416.64,408.49,954503.0736,705413.04,702406.88,-0.264112501,-0.26096305,0.004279799,roofs_top_kW,8760,672,cea,MULTI_RES,NONE,NONE,,roofs_top_kW,8760,2,0.998860627,0.998852186,0.99845922,0.999262035
Baixa_Alfama,B1206,matched,107.735649,107.67,101.44,253012.5605,184930.78,172892.07,-0.316666059,-0.269084588,0.06963136,roofs_top_kW,8760,177,cea,MULTI_RES,NONE,NONE,,roofs_top_kW,8760,1,0.808219194,0.808219194,0.808219194,0.808219194
Baixa_Alfama,B1207,matched,173.5193466,176.15,177.08,332121.6594,284473.43,305042.32,-0.081534397,-0.143466191,-0.067429627,roofs_top_kW,8760,284,cea,MULTI_RES,NONE,NONE,,roofs_top_kW,8760,3,0.743132154,0.763871311,0.615873456,0.857483268
Baixa_Alfama,B1208,matched,88.36255607,87.37,87.37,242376.2058,135329.23,136753.66,-0.435779351,-0.44165629,-0.010416028,roofs_top_kW,8760,144,cea,MULTI_RES,NONE,NONE,,roofs_top_kW,8760,,,,,
Baixa_Alfama,B1209,matched,105.5703502,107.43,100.22,272942.8499,162718.96,166838.7,-0.388741269,-0.403835052,-0.024692952,roofs_top_kW,8760,176,cea,MULTI_RES,NONE,NONE,,roofs_top_kW,8760,3,0.879565279,0.794075926,0.662052214,0.999477208
Baixa_Alfama,B1210,matched,70.34573701,66.12,66.12,124094.1392,104773.24,105127.73,-0.152838879,-0.155695501,-0.003371993,roofs_top_kW,8760,117,cea,MULTI_RES,NONE,NONE,,roofs_top_kW,8760,,,,,
Baixa_Alfama,B1212,matched,331.1898055,310.39,310.39,680521.9148,535465.37,535508.23,-0.213091866,-0.213154847,-8.00361E-05,roofs_top_kW,8760,546,cea,MULTI_RES,NONE,NONE,,roofs_top_kW,8760,,,,,
Baixa_Alfama,B1213,matched,44.33998847,45.96,44.34,42733.84143,76257.95,75904.27,0.776209848,0.784486193,0.004659553,roofs_top_kW,8760,72,cea,MULTI_RES,NONE,NONE,,roofs_top_kW,8760,2,0.952595413,0.953947244,0.912278116,0.99291271
Baixa_Alfama,B1215,matched,236.6380495,242.04,234.04,524389.0616,400115.17,374004.85,-0.286779841,-0.236987956,0.069812785,roofs_top_kW,8760,390,cea,MULTI_RES,NONE,NONE,,roofs_top_kW,8760,2,0.928637981,0.923565906,0.91401273,0.943263233
Baixa_Alfama,B1216,matched,34.84938945,32.35,32.35,75910.86081,48590.4,49368.8,-0.349647739,-0.359901871,-0.015767043,roofs_top_kW,8760,56,cea,MULTI_RES,NONE,NONE,,roofs_top_kW,8760,,,,,
Baixa_Alfama,B1217,matched,27.51780279,27.52,27.52,24379.24025,46623.54,46882.32,0.9230427,0.912427931,-0.005519778,roofs_top_kW,8760,44,cea,MULTI_RES,NONE,NONE,,roofs_top_kW,8760,,,,,
Baixa_Alfama,B1218,matched,89.82546284,90.22,85.41,139572.0377,156751.83,148018.49,0.060516795,0.12308907,0.059001683,roofs_top_kW,8760,148,cea,MULTI_RES,NONE,NONE,,roofs_top_kW,8760,3,0.715454658,0.71789031,0.644932508,0.755307734
Baixa_Alfama,B1219,matched,79.0022256,79,79,129024.2461,135545.24,136402.32,0.057183623,0.050540841,-0.006283471,roofs_top_kW,8760,131,cea,MULTI_RES,NONE,NONE,,roofs_top_kW,8760,,,,,
Baixa_Alfama,B1220,matched,111.5950718,108.55,108.55,168019.0563,184093.04,183675.75,0.093184036,0.095667623,0.002271884,roofs_top_kW,8760,183,cea,MULTI_RES,NONE,NONE,,roofs_top_kW,8760,,,,,
Baixa_Alfama,B1221,matched,141.3551056,145.19,129.05,284842.8966,219331.99,220110.39,-0.227256875,-0.22998961,-0.003536407,roofs_top_kW,8760,233,cea,MULTI_RES,NONE,NONE,,roofs_top_kW,8760,2,0.803454131,0.826306783,0.609024405,0.997883856
Baixa_Alfama,B1222,matched,594.7376285,603.21,584.77,1241124.95,1048368.26,1014392.42,-0.182683081,-0.155308045,0.033493783,roofs_top_kW,8760,977,cea,MULTI_RES,NONE,NONE,,roofs_top_kW,8760,2,0.921899587,0.921155356,0.864029109,0.979770064
Baixa_Alfama,B1223,matched,68.62358159,68.62,68.62,180171.6739,114159.54,114941.85,-0.362042615,-0.36638464,-0.006806137,roofs_top_kW,8760,110,cea,MULTI_RES,NONE,NONE,,roofs_top_kW,8760,,,,,
Baixa_Alfama,B1224,matched,188.3625946,188.33,188.36,431612.5821,304844.16,312660.54,-0.275599107,-0.29370882,-0.024999573,roofs_top_kW,8760,310,cea,MULTI_RES,NONE,NONE,,roofs_top_kW,8760,1,0.547206104,0.547206104,0.547206104,0.547206104
Baixa_Alfama,B1225,matched,68.65565667,70.54,68.66,120241.3409,92751.52,103483.58,-0.139367715,-0.228622042,-0.103707854,roofs_top_kW,8760,113,cea,MULTI_RES,NONE,NONE,,roofs_top_kW,8760,1,0.411431432,0.411431432,0.411431432,0.411431432
Baixa_Alfama,B1226,matched,144.1320108,143.21,143.21,311901.6781,220506.15,222105.82,-0.287897964,-0.293026728,-0.007202288,roofs_top_kW,8760,239,cea,MULTI_RES,NONE,NONE,,roofs_top_kW,8760,,,,,
Baixa_Alfama,B1227,matched,48.67897013,48.68,48.68,60688.64166,76010.85,80128.94,0.320328447,0.252472422,-0.051393292,roofs_top_kW,8760,79,cea,MULTI_RES,NONE,NONE,,roofs_top_kW,8760,,,,,
Baixa_Alfama,B1228,matched,224.5665436,228.38,217.68,503940.3282,389445.07,376961.57,-0.251971813,-0.227200031,0.033116108,roofs_top_kW,8760,370,cea,MULTI_RES,NONE,NONE,,roofs_top_kW,8760,2,0.827259451,0.823596687,0.655150056,0.999368846
Baixa_Alfama,B1229,matched,146.5644402,153.57,149,285675.0665,258387.99,258113.41,-0.096479041,-0.095517879,0.001063796,roofs_top_kW,8760,246,cea,MULTI_RES,NONE,NONE,,roofs_top_kW,8760,2,0.731158957,0.748744868,0.470289379,0.992028534
Baixa_Alfama,B1231,matched,297.2448388,303.98,297.3,589062.8378,383436.91,369517.54,-0.372702679,-0.349072993,0.037669037,roofs_top_kW,8760,490,cea,SINGLE_RES,NONE,NONE,,roofs_top_kW,8760,4,0.784779266,0.778185938,0.562437475,0.994155765
Baixa_Alfama,B1232,matched,12.99601671,13.35,13,31084.4075,18991.69,20259.81,-0.34823239,-0.389028406,-0.062592887,roofs_top_kW,8760,21,cea,MULTI_RES,NONE,NONE,,roofs_top_kW,8760,2,0.588303477,0.594682126,0.480163932,0.696443021
Baixa_Alfama,B1233,matched,174.9272663,179.97,171.16,412264.9573,266367.65,267442.94,-0.35128384,-0.35389209,-0.004020633,roofs_top_kW,8760,290,cea,MULTI_RES,NONE,NONE,,roofs_top_kW,8760,2,0.941836596,0.942607792,0.923494458,0.960178733
Baixa_Alfama,B1234,matched,56.73023933,57.72,56.36,129746.9525,79317.85,85624.46,-0.340065733,-0.388672732,-0.073654304,roofs_top_kW,8760,95,cea,MULTI_RES,NONE,NONE,,roofs_top_kW,8760,1,0.605249584,0.605249584,0.605249584,0.605249584
Baixa_Alfama,B1235,matched,42.22623071,42.23,42.23,85172.19897,68602.36,68437.46,-0.196481236,-0.194545159,0.002409499,roofs_top_kW,8760,70,cea,MULTI_RES,NONE,NONE,,roofs_top_kW,8760,,,,,
Baixa_Alfama,B1236,matched,87.18083697,89.7,78.75,184073.898,153824.27,128289.09,-0.303056591,-0.164334153,0.19904405,roofs_top_kW,8760,144,cea,MULTI_RES,NONE,NONE,,roofs_top_kW,8760,3,0.805352052,0.839271089,0.61972487,0.96450007
Baixa_Alfama,B1239,matched,105.6211748,105.62,105.62,260340.418,181878.51,162922.51,-0.374194329,-0.30138197,0.116349791,roofs_top_kW,8760,174,cea,MULTI_RES,NONE,NONE,,roofs_top_kW,8760,,,,,
Baixa_Alfama,B1240,matched,254.6726933,258.01,254.57,558587.2331,372959.17,441513.64,-0.209588738,-0.332317053,-0.155271466,roofs_top_kW,8760,423,cea,MULTI_RES,NONE,NONE,,roofs_top_kW,8760,3,0.892006775,0.859735246,0.804776132,0.965303183
Baixa_Alfama,B1241,matched,105.4034026,109,105.43,236416.6428,167395.37,165165.93,-0.301377737,-0.291947605,0.013498183,roofs_top_kW,8760,175,cea,MULTI_RES,NONE,NONE,,roofs_top_kW,8760,2,0.71376507,0.713355187,0.441275567,0.986254573
Baixa_Alfama,B1242,matched,93.81458101,95.87,94.35,199972.1554,143578.73,162132.86,-0.189222821,-0.282006389,-0.114437814,roofs_top_kW,8760,153,cea,MULTI_RES,NONE,NONE,,roofs_top_kW,8760,1,0.763211489,0.763211489,0.763211489,0.763211489
Baixa_Alfama,B1243,matched,109.4443692,112.21,109.44,226754.9746,182198.6,183226.52,-0.191962512,-0.196495687,-0.005610105,roofs_top_kW,8760,181,cea,MULTI_RES,NONE,NONE,,roofs_top_kW,8760,2,0.923145056,0.923650202,0.907250106,0.939040005
Baixa_Alfama,B1244,matched,74.29244925,75.32,74.29,157738.6944,100817.53,93141.84,-0.409518125,-0.360857332,0.082408615,roofs_top_kW,8760,123,cea,MULTI_RES,NONE,NONE,,roofs_top_kW,8760,2,0.979925305,0.978451598,0.969153821,0.990696788
Baixa_Alfama,B1245,matched,240.1136623,245.54,240.59,501664.0545,421764.79,417930.91,-0.166910792,-0.159268466,0.009173478,roofs_top_kW,8760,397,cea,MULTI_RES,NONE,NONE,,roofs_top_kW,8760,2,0.979225785,0.979051319,0.959168553,0.999283016
Baixa_Alfama,B1246,matched,273.9347166,244.04,244.04,633450.3262,393060.18,392958.83,-0.379653283,-0.379493287,0.000257915,roofs_top_kW,8760,449,cea,MULTI_RES,NONE,NONE,,roofs_top_kW,8760,,,,,
Baixa_Alfama,B1247,matched,205.085642,213.64,205.09,444924.238,360066.98,348962.38,-0.215681345,-0.190722938,0.031821768,roofs_top_kW,8760,340,cea,MULTI_RES,NONE,NONE,,roofs_top_kW,8760,2,0.973976523,0.97823335,0.951335669,0.996617377
Baixa_Alfama,B1248,matched,234.954828,239.46,234.95,569590.1606,408000.85,407279.82,-0.284959874,-0.283693999,0.001770355,roofs_top_kW,8760,387,cea,MULTI_RES,NONE,NONE,,roofs_top_kW,8760,2,0.896030128,0.892396278,0.82032609,0.971734166
Baixa_Alfama,B1249,matched,43.94911559,45.12,46.86,80155.77313,65834.43,60938.41,-0.239750206,-0.178668891,0.080343744,roofs_top_kW,8760,74,cea,MULTI_RES,NONE,NONE,,roofs_top_kW,8760,2,0.682824254,0.694211388,0.625089169,0.74055934
Baixa_Alfama,B1250,matched,68.75657815,71.24,68.76,131904.5798,115010.45,119079.18,-0.097232407,-0.128078417,-0.034168274,roofs_top_kW,8760,113,cea,MULTI_RES,NONE,NONE,,roofs_top_kW,8760,3,0.594836454,0.607837165,0.513691843,0.653022289
Baixa_Alfama,B1251,matched,317.2171521,328.27,328.27,670911.5861,580648.65,569665.15,-0.150908761,-0.134537751,0.019280625,roofs_top_kW,8760,519,cea,MULTI_RES,NONE,NONE,,roofs_top_kW,8760,,,,,
Baixa_Alfama,B1252,matched,22.63221175,22.63,22.63,31446.27256,35926.62,36058.5,0.146670084,0.142476264,-0.00365739,roofs_top_kW,8760,38,cea,MULTI_RES,NONE,NONE,,roofs_top_kW,8760,,,,,
Baixa_Alfama,B1253,matched,344.9635004,342.55,344.96,705432.9914,619366.74,573442.25,-0.187105994,-0.122004857,0.080085641,roofs_top_kW,8760,569,cea,MULTI_RES,NONE,NONE,,roofs_top_kW,8760,3,0.72314919,0.68081395,0.498693317,0.997931838
Baixa_Alfama,B1254,matched,30.37420849,30.91,30.91,79896.39338,53398.45,53695.63,-0.327934244,-0.331653811,-0.005534529,roofs_top_kW,8760,50,cea,MULTI_RES,NONE,NONE,,roofs_top_kW,8760,,,,,
Baixa_Alfama,B1255,matched,84.56332574,84.56,84.56,179871.6988,135821.4,132550.62,-0.263082403,-0.244898442,0.024675705,roofs_top_kW,8760,139,cea,MULTI_RES,NONE,NONE,,roofs_top_kW,8760,,,,,
Baixa_Alfama,B1256,matched,60.55388272,61.88,57.02,98009.27406,99445.26,93517.48,-0.045830296,0.014651531,0.063386866,roofs_top_kW,8760,98,cea,MULTI_RES,NONE,NONE,,roofs_top_kW,8760,2,0.718809515,0.718616788,0.49969846,0.93792057
Baixa_Alfama,B1257,matched,390.8711475,384.02,384.02,890199.4201,657071.55,659737.42,-0.258888059,-0.261882748,-0.004040805,roofs_top_kW,8760,644,cea,MULTI_RES,NONE,NONE,,roofs_top_kW,8760,,,,,
Baixa_Alfama,B1258,matched,117.0304507,117.83,117.83,177946.3935,193944.44,204455.22,0.148970855,0.089903741,-0.051408714,roofs_top_kW,8760,192,cea,MULTI_RES,NONE,NONE,,roofs_top_kW,8760,,,,,
Baixa_Alfama,B1259,matched,63.2797904,60.99,60.99,117818.3312,104382,102221.03,-0.132384333,-0.11404279,0.02114017,roofs_top_kW,8760,106,cea,MULTI_RES,NONE,NONE,,roofs_top_kW,8760,,,,,
Baixa_Alfama,B1260,matched,135.7503283,133.74,133.74,325391.4051,225910.11,229695.97,-0.294093309,-0.305728097,-0.016482048,roofs_top_kW,8760,224,cea,MULTI_RES,NONE,NONE,,roofs_top_kW,8760,,,,,
Baixa_Alfama,B1261,matched,52.84497189,51,51,114244.4608,82955.22,88522.75,-0.22514624,-0.273879718,-0.062893776,roofs_top_kW,8760,89,cea,MULTI_RES,NONE,NONE,,roofs_top_kW,8760,,,,,
Baixa_Alfama,B1262,matched,143.4067253,145.52,136.64,315631.6465,251289.37,234970.99,-0.255553134,-0.203852425,0.069448488,roofs_top_kW,8760,238,cea,MULTI_RES,NONE,NONE,,roofs_top_kW,8760,2,0.979925305,0.979275278,0.969153821,0.990696788
Baixa_Alfama,B1263,matched,148.644268,151.98,145.51,325990.5108,206086.42,211727.29,-0.35051088,-0.367814666,-0.026642149,roofs_top_kW,8760,248,cea,MULTI_RES,NONE,NONE,,roofs_top_kW,8760,2,0.776863813,0.790316882,0.597515404,0.956212223
Baixa_Alfama,B1264,matched,37.18060065,38.23,37.18,86326.12394,66019.78,64562.74,-0.252106581,-0.23522826,0.022567815,roofs_top_kW,8760,60,cea,MULTI_RES,NONE,NONE,,roofs_top_kW,8760,2,0.762052149,0.762117663,0.661509931,0.862594366
Baixa_Alfama,B1265,matched,191.0279537,195.74,186.31,414824.1533,293072.82,319507.59,-0.229775828,-0.293501071,-0.082735969,roofs_top_kW,8760,318,cea,MULTI_RES,NONE,NONE,,roofs_top_kW,8760,3,0.822146873,0.761751717,0.591793954,0.977813601
Baixa_Alfama,B1266,matched,111.5093395,114.17,111.51,131269.3002,162027.12,181272.81,0.380923108,0.234310839,-0.106169756,roofs_top_kW,8760,181,cea,MULTI_RES,NONE,NONE,,roofs_top_kW,8760,2,0.958116919,0.958150542,0.918292642,0.997941196
Baixa_Alfama,B1267,matched,55.05501816,55.06,55.06,116896.6246,83330.47,77002.49,-0.341277045,-0.287143917,0.082178901,roofs_top_kW,8760,91,cea,MULTI_RES,NONE,NONE,,roofs_top_kW,8760,,,,,
Baixa_Alfama,B1268,matched,91.16244709,85.9,85.9,134179.6778,144177.41,149218.03,0.112076229,0.074510033,-0.033780234,roofs_top_kW,8760,150,cea,MULTI_RES,NONE,NONE,,roofs_top_kW,8760,,,,,
Baixa_Alfama,B1269,matched,66.00269007,67.01,66.31,150649.611,85500.2,96384.11,-0.360210031,-0.43245655,-0.112922244,roofs_top_kW,8760,112,cea,MULTI_RES,NONE,NONE,,roofs_top_kW,8760,2,0.979411244,0.980486074,0.96546936,0.993353128
Baixa_Alfama,B1270,matched,142.5784614,145.27,142.58,305236.5673,240557.06,246201.01,-0.19340919,-0.211899603,-0.022924155,roofs_top_kW,8760,233,cea,MULTI_RES,NONE,NONE,,roofs_top_kW,8760,1,0.990225136,0.990225136,0.990225136,0.990225136
Baixa_Alfama,B1271,matched,110.0156933,113.93,110.02,197731.6675,179421.33,191162.04,-0.033224964,-0.092601947,-0.061417581,roofs_top_kW,8760,177,cea,MULTI_RES,NONE,NONE,,roofs_top_kW,8760,3,0.830321193,0.839242366,0.621268332,0.986890554
Baixa_Alfama,B1273,matched,162.0694421,163.83,163.83,226985.3911,261746.3,262980.94,0.158580906,0.153141613,-0.004694789,roofs_top_kW,8760,268,cea,MULTI_RES,NONE,NONE,,roofs_top_kW,8760,,,,,
Baixa_Alfama,B1274,matched,96.0502188,96.05,96.05,132183.8148,164686.05,165565.38,0.252538976,0.245886649,-0.005311074,roofs_top_kW,8760,159,cea,MULTI_RES,NONE,NONE,,roofs_top_kW,8760,,,,,
Baixa_Alfama,B1275,matched,168.1124487,170.84,168.11,260627.2332,261128.56,292062.56,0.120614129,0.001923539,-0.105915664,roofs_top_kW,8760,275,cea,MULTI_RES,NONE,NONE,,roofs_top_kW,8760,2,0.671043903,0.676344988,0.440763116,0.901324689
Baixa_Alfama,B1276,matched,212.730534,203.05,203.05,417380.5435,352830.8,352346.01,-0.15581592,-0.154654414,0.001375892,roofs_top_kW,8760,350,cea,MULTI_RES,NONE,NONE,,roofs_top_kW,8760,,,,,
Baixa_Alfama,B1277,matched,96.72986228,97.43,97.43,255999.722,168571.87,168327.47,-0.342470106,-0.341515418,0.001451932,roofs_top_kW,8760,160,cea,MULTI_RES,NONE,NONE,,roofs_top_kW,8760,,,,,
Baixa_Alfama,B1278,matched,240.4466206,245.18,237.13,522720.6258,370537.33,365654.11,-0.300478895,-0.291136964,0.013354752,roofs_top_kW,8760,399,cea,MULTI_RES,NONE,NONE,,roofs_top_kW,8760,2,0.987056226,0.987134169,0.97806406,0.996048391
Baixa_Alfama,B1279,matched,139.5924177,142.04,142.04,333862.3976,207106.25,208816.36,-0.37454364,-0.37966584,-0.00818954,roofs_top_kW,8760,232,cea,MULTI_RES,NONE,NONE,,roofs_top_kW,8760,,,,,
Baixa_Alfama,B1280,matched,158.077287,158.07,158.07,344239.8668,244915.46,245920.98,-0.285611564,-0.288532551,-0.004088793,roofs_top_kW,8760,257,cea,MULTI_RES,NONE,NONE,,roofs_top_kW,8760,,,,,
Baixa_Alfama,B1281,matched,175.2171569,179.78,177.01,277655.9422,294832.05,287544.45,0.035614249,0.061861121,0.025344255,roofs_top_kW,8760,289,cea,MULTI_RES,NONE,NONE,,roofs_top_kW,8760,1,0.994241893,0.994241893,0.994241893,0.994241893
Baixa_Alfama,B1282,matched,190.0052768,199.29,190.98,339611.4791,331803.47,307186.31,-0.095477247,-0.022991005,0.080137556,roofs_top_kW,8760,313,cea,MULTI_RES,NONE,NONE,,roofs_top_kW,8760,2,0.882368356,0.896019474,0.818811536,0.945925176
Baixa_Alfama,B1283,matched,82.09854868,82.11,82.11,178277.2801,99109.6,82776.79,-0.535685142,-0.444070495,0.197311469,roofs_top_kW,8760,136,cea,MULTI_RES,NONE,NONE,,roofs_top_kW,8760,,,,,
Baixa_Alfama,B1284,matched,80.89877415,83.75,80.9,150676.0866,119484.23,103738.62,-0.311512382,-0.207012654,0.151781564,roofs_top_kW,8760,134,cea,MULTI_RES,NONE,NONE,,roofs_top_kW,8760,1,0.911012411,0.911012411,0.911012411,0.911012411
Baixa_Alfama,B1285,matched,186.9057326,182.86,181.94,337104.1668,297601.51,312039.83,-0.074351904,-0.117182345,-0.04627076,roofs_top_kW,8760,309,cea,MULTI_RES,NONE,NONE,,roofs_top_kW,8760,3,0.762930254,0.743620729,0.63186413,0.998751521
Baixa_Alfama,B1286,matched,68.6429798,68.64,68.64,84703.61563,115411.44,115714.58,0.36611146,0.362532628,-0.002619722,roofs_top_kW,8760,112,cea,MULTI_RES,NONE,NONE,,roofs_top_kW,8760,,,,,
Baixa_Alfama,B1287,matched,173.1932438,175.86,166.58,373574.0378,281860.93,265493.73,-0.289314291,-0.245501824,0.06164816,roofs_top_kW,8760,285,cea,MULTI_RES,NONE,NONE,,roofs_top_kW,8760,2,0.948879063,0.948607422,0.904951215,0.992806911
Baixa_Alfama,B1288,matched,196.7970176,200.93,192.89,291469.6909,328727.22,316681.09,0.086497498,0.127826427,0.038038678,roofs_top_kW,8760,329,cea,MULTI_RES,NONE,NONE,,roofs_top_kW,8760,2,0.925836951,0.926965848,0.880280435,0.971393466
Baixa_Alfama,B1289,matched,131.5904622,134.77,131.59,211277.1529,228500.39,227660.87,0.07754609,0.081519638,0.00368759,roofs_top_kW,8760,216,cea,MULTI_RES,NONE,NONE,,roofs_top_kW,8760,2,0.975803554,0.976595838,0.957336783,0.994270325
Baixa_Alfama,B1290,matched,83.9590015,87.08,84.33,107958.1477,130112.38,129332.46,0.197987023,0.205211304,0.00603035,roofs_top_kW,8760,139,cea,MULTI_RES,NONE,NONE,,roofs_top_kW,8760,3,0.846941054,0.877198306,0.625693977,0.962354004
Baixa_Alfama,B1291,matched,224.8156821,218.49,218.49,509700.2593,378532.53,379331.41,-0.255775521,-0.257342873,-0.002106021,roofs_top_kW,8760,368,cea,MULTI_RES,NONE,NONE,,roofs_top_kW,8760,,,,,
Baixa_Alfama,B1292,matched,132.0000186,132.39,132,319404.6404,197447.53,201949.17,-0.367732511,-0.381826358,-0.022290956,roofs_top_kW,8760,217,cea,MULTI_RES,NONE,NONE,,roofs_top_kW,8760,2,0.987072349,0.988199976,0.974525571,0.999619126
Baixa_Alfama,B1293,matched,96.97844647,116.15,116.15,190900.8535,158085.19,186136.73,-0.024956009,-0.171898988,-0.150703948,roofs_top_kW,8760,159,cea,MULTI_RES,NONE,NONE,,roofs_top_kW,8760,,,,,
Baixa_Alfama,B1294,matched,136.234185,136.26,136.26,249075.1923,225900.64,230165.65,-0.075919011,-0.093042394,-0.018530176,roofs_top_kW,8760,227,cea,MULTI_RES,NONE,NONE,,roofs_top_kW,8760,,,,,
Baixa_Alfama,B1295,matched,176.5921805,180,176.39,326321.7152,309759.66,306281.38,-0.061412815,-0.050753764,0.011356485,roofs_top_kW,8760,292,cea,MULTI_RES,NONE,NONE,,roofs_top_kW,8760,2,0.999209136,0.999205474,0.99878484,0.999633431
Baixa_Alfama,B1296,matched,332.0248571,338.73,328.29,770763.9277,565724.36,567050.79,-0.2643003,-0.266021229,-0.002339173,roofs_top_kW,8760,547,cea,MULTI_RES,NONE,NONE,,roofs_top_kW,8760,4,0.837934509,0.834976142,0.742516637,0.949582279
Baixa_Alfama,B1297,matched,111.8030138,116.29,111.8,178348.4772,163941.56,171298.27,-0.039530515,-0.080779592,-0.042946785,roofs_top_kW,8760,184,cea,MULTI_RES,NONE,NONE,,roofs_top_kW,8760,2,0.975958258,0.975747672,0.968801916,0.9831146
Baixa_Alfama,B1298,matched,237.4717735,241.04,237.5,468141.6296,391894.42,383662.66,-0.180456008,-0.162872098,0.021455724,roofs_top_kW,8760,390,cea,MULTI_RES,NONE,NONE,,roofs_top_kW,8760,2,0.998193055,0.998183884,0.996591091,0.99979502
Baixa_Alfama,B1299,matched,102.0558881,104.4,103.02,155492.3818,161573.12,167861.11,0.079545558,0.039106342,-0.037459481,roofs_top_kW,8760,168,cea,MULTI_RES,NONE,NONE,,roofs_top_kW,8760,2,0.878811002,0.897558897,0.767749548,0.989872456
Baixa_Alfama,B1300,matched,160.1231496,163.57,161.35,277970.2385,281410.17,280220.89,0.008096736,0.012375179,0.00424408,roofs_top_kW,8760,265,cea,MULTI_RES,NONE,NONE,,roofs_top_kW,8760,4,0.861493692,0.842988864,0.578743279,0.981634319
Baixa_Alfama,B1301,matched,131.5846354,135.36,118.98,323239.1717,216302.59,206191,-0.362110109,-0.33082804,0.049039919,roofs_top_kW,8760,217,cea,MULTI_RES,NONE,NONE,,roofs_top_kW,8760,3,0.766547422,0.698873163,0.464552283,0.966163337
Baixa_Alfama,B1302,matched,55.12983158,55.14,55.14,103489.3945,90159.73,95285,-0.079277635,-0.128802227,-0.053788844,roofs_top_kW,8760,91,cea,MULTI_RES,NONE,NONE,,roofs_top_kW,8760,,,,,
Baixa_Alfama,B1303,matched,57.53630149,58.97,57.53,94183.32509,98312.78,97331.56,0.03342667,0.043844862,0.010081211,roofs_top_kW,8760,96,cea,MULTI_RES,NONE,NONE,,roofs_top_kW,8760,2,0.877390087,0.877586144,0.76655519,0.988224983
Baixa_Alfama,B1304,matched,84.20338937,84.2,84.2,217495.271,145586.39,147720.28,-0.320811532,-0.330622733,-0.014445478,roofs_top_kW,8760,139,cea,MULTI_RES,NONE,NONE,,roofs_top_kW,8760,,,,,
Baixa_Alfama,B1307,matched,38.1701467,38.17,38.17,79719.28581,61466.72,60909.36,-0.235952011,-0.228960478,0.009150646,roofs_top_kW,8760,63,cea,MULTI_RES,NONE,NONE,,roofs_top_kW,8760,,,,,
Baixa_Alfama,B1308,matched,151.1795139,151.18,151.18,390200.6004,235983.53,235981.93,-0.395229198,-0.395225098,6.78018E-06,roofs_top_kW,8760,250,cea,MULTI_RES,NONE,NONE,,roofs_top_kW,8760,,,,,
Baixa_Alfama,B1309,matched,24.96276834,25.47,24.96,38219.99991,45268.26,41819.18,0.094170071,0.184412876,0.082476031,roofs_top_kW,8760,41,cea,MULTI_RES,NONE,NONE,,roofs_top_kW,8760,2,0.913158417,0.91302923,0.877095699,0.949221134
Baixa_Alfama,B1310,matched,18.28194767,18.28,18.28,50275.537,31385.79,31680.57,-0.369861131,-0.37572442,-0.009304757,roofs_top_kW,8760,31,cea,MULTI_RES,NONE,NONE,,roofs_top_kW,8760,,,,,
Baixa_Alfama,B1311,matched,58.14779722,59.85,58.15,94874.29263,101800.24,100913.34,0.063653148,0.073001307,0.008788729,roofs_top_kW,8760,96,cea,MULTI_RES,NONE,NONE,,roofs_top_kW,8760,2,0.868684947,0.86806952,0.825908244,0.911461651
Baixa_Alfama,B1313,matched,34.72289655,34.72,34.72,76763.66144,53897.07,53570.14,-0.302141938,-0.297883022,0.00610284,roofs_top_kW,8760,58,cea,MULTI_RES,NONE,NONE,,roofs_top_kW,8760,,,,,
Baixa_Alfama,B1314,matched,47.0167572,48.47,47.02,122538.3181,75250.83,76913.89,-0.372327847,-0.385899601,-0.021622362,roofs_top_kW,8760,77,cea,MULTI_RES,NONE,NONE,,roofs_top_kW,8760,2,0.96253261,0.962533415,0.926528752,0.998536468
Baixa_Alfama,B1316,matched,122.4171676,123.34,122.41,251119.5711,203773.09,195989.35,-0.219537732,-0.188541582,0.039715117,roofs_top_kW,8760,201,cea,MULTI_RES,NONE,NONE,,roofs_top_kW,8760,3,0.878338714,0.825127586,0.66962111,0.998459578
Baixa_Alfama,B1317,matched,78.37723238,80.25,78.36,139370.4111,130493.16,128188.14,-0.080234183,-0.063695379,0.017981539,roofs_top_kW,8760,129,cea,MULTI_RES,NONE,NONE,,roofs_top_kW,8760,2,0.995269805,0.995269354,0.994928122,0.995611489
Baixa_Alfama,B1318,matched,24.32062451,24.32,24.32,65841.51838,32357.6,32183.41,-0.511198848,-0.508553253,0.005412416,roofs_top_kW,8760,40,cea,MULTI_RES,NONE,NONE,,roofs_top_kW,8760,,,,,
Baixa_Alfama,B1319,matched,68.32615641,67.05,67.05,179092.2121,111441.02,111647.25,-0.376593495,-0.377745025,-0.001847157,roofs_top_kW,8760,112,cea,MULTI_RES,NONE,NONE,,roofs_top_kW,8760,,,,,
Baixa_Alfama,B1321,matched,136.3370539,136.34,136.34,275051.2586,236279.99,236777.03,-0.139153076,-0.140960157,-0.00209919,roofs_top_kW,8760,226,cea,MULTI_RES,NONE,NONE,,roofs_top_kW,8760,,,,,
Baixa_Alfama,B1322,matched,135.4919468,137.26,120.87,295161.3026,232384.2,209455.17,-0.290370492,-0.212687443,0.109469869,roofs_top_kW,8760,224,cea,MULTI_RES,NONE,NONE,,roofs_top_kW,8760,2,0.977582455,0.978255268,0.974839509,0.980325401
Baixa_Alfama,B1323,matched,98.69297567,104.27,78.19,129766.6793,121538.67,100843.79,-0.22288379,-0.063406179,0.205217198,roofs_top_kW,8760,163,cea,MULTI_RES,NONE,NONE,,roofs_top_kW,8760,3,0.77697586,0.569517908,0.418487638,0.99587667
Baixa_Alfama,B1324,matched,214.5388773,214.54,214.54,518331.4199,350580.31,350405.22,-0.323974572,-0.323636776,0.000499679,roofs_top_kW,8760,355,cea,MULTI_RES,NONE,NONE,,roofs_top_kW,8760,,,,,
Baixa_Alfama,B1326,matched,82.72617589,77.45,82.73,96772.91241,128840.09,143435.55,0.482186972,0.331365222,-0.101756224,roofs_top_kW,8760,137,cea,MULTI_RES,NONE,NONE,,roofs_top_kW,8760,3,0.944062332,0.931845603,0.9017784,0.980956912
Baixa_Alfama,B1327,matched,53.10648616,53.11,53.11,101047.5992,80186.37,79891.85,-0.209364195,-0.206449529,0.003686484,roofs_top_kW,8760,88,cea,MULTI_RES,NONE,NONE,,roofs_top_kW,8760,,,,,
Baixa_Alfama,B1328,matched,55.02293056,56.92,55.02,101001.9039,93247.54,92382.14,-0.085342588,-0.076774433,0.009367612,roofs_top_kW,8760,88,cea,MULTI_RES,NONE,NONE,,roofs_top_kW,8760,2,0.701663852,0.706091276,0.667167187,0.736160517
Baixa_Alfama,B1329,matched,26.22243395,26.22,26.22,54738.70263,45028.1,45274.8,-0.172892344,-0.17739921,-0.005448947,roofs_top_kW,8760,43,cea,MULTI_RES,NONE,NONE,,roofs_top_kW,8760,,,,,
Baixa_Alfama,B1332,matched,55.14425746,56.56,55.14,89781.33056,90147.76,95528.97,0.064018203,0.004081354,-0.056330661,roofs_top_kW,8760,91,cea,MULTI_RES,NONE,NONE,,roofs_top_kW,8760,2,0.943908542,0.944148278,0.899880052,0.987937033
Baixa_Alfama,B1333,matched,58.75050845,60.3,58.75,129525.7935,86906.65,88515.99,-0.316614957,-0.329039818,-0.018181348,roofs_top_kW,8760,96,cea,MULTI_RES,NONE,NONE,,roofs_top_kW,8760,2,0.864958644,0.860584185,0.79163748,0.938279808
Baixa_Alfama,B1335,matched,137.0010288,140.76,137.02,234399.4382,224158.41,221352.18,-0.055662498,-0.043690498,0.01267767,roofs_top_kW,8760,226,cea,MULTI_RES,NONE,NONE,,roofs_top_kW,8760,2,0.998711497,0.998713961,0.997729719,0.999693274
Baixa_Alfama,B1336,matched,22.53827479,22.54,22.54,57383.49375,38915.31,39096.24,-0.318684914,-0.321837911,-0.004627811,roofs_top_kW,8760,35,cea,MULTI_RES,NONE,NONE,,roofs_top_kW,8760,,,,,
Baixa_Alfama,B1337,matched,33.55849951,34.2,33.56,52309.89475,46988.22,46845,-0.10447153,-0.101733616,0.003057317,roofs_top_kW,8760,55,cea,MULTI_RES,NONE,NONE,,roofs_top_kW,8760,2,0.993558198,0.993563117,0.987825811,0.999290586
Baixa_Alfama,B1338,matched,238.5334327,243.28,251.03,434700.6291,372643.87,393370.09,-0.095078167,-0.142757463,-0.052688856,roofs_top_kW,8760,388,cea,MULTI_RES,NONE,NONE,,roofs_top_kW,8760,2,0.748542517,0.726859697,0.504205346,0.992879689
Baixa_Alfama,B1339,matched,34.09495182,35.05,34.09,70028.24481,55290.39,55212.89,-0.211562561,-0.210455865,0.001403658,roofs_top_kW,8760,55,cea,MULTI_RES,NONE,NONE,,roofs_top_kW,8760,2,0.997500569,0.997608702,0.996347845,0.998653293
Baixa_Alfama,B1340,matched,48.78940103,51.08,47.65,110784.7719,95306.8,81721.3,-0.262341759,-0.139712089,0.166241849,roofs_top_kW,8760,81,cea,SINGLE_RES,NONE,NONE,,roofs_top_kW,8760,3,0.654496213,0.649075512,0.521946728,0.831543207
Baixa_Alfama,B1341,matched,111.7238431,115.5,111.72,256099.8449,192889.8,193218.14,-0.245535896,-0.246817974,-0.001699323,roofs_top_kW,8760,184,cea,MULTI_RES,NONE,NONE,,roofs_top_kW,8760,2,0.998491496,0.998495332,0.997085869,0.999897122
Baixa_Alfama,B1342,matched,68.7061211,70.54,70.54,164141.3828,122111.56,122224.4,-0.255371205,-0.256058661,-0.00092322,roofs_top_kW,8760,112,cea,MULTI_RES,NONE,NONE,,roofs_top_kW,8760,,,,,
Baixa_Alfama,B1343,matched,76.05432265,77.89,76.05,147145.9541,132706.97,131555.75,-0.105950613,-0.098126953,0.008750815,roofs_top_kW,8760,126,cea,MULTI_RES,NONE,NONE,,roofs_top_kW,8760,2,0.964421928,0.964375918,0.949075639,0.979768217
Baixa_Alfama,B1344,matched,54.31510585,55.68,54.32,125037.6214,62382.93,64390.47,-0.485031231,-0.501086719,-0.031177595,roofs_top_kW,8760,90,cea,MULTI_RES,NONE,NONE,,roofs_top_kW,8760,2,0.65341258,0.653404296,0.505458295,0.801366866
Baixa_Alfama,B1345,matched,37.39996598,37.4,37.4,67128.83138,62321.53,64927.05,-0.03279934,-0.071613065,-0.040129961,roofs_top_kW,8760,60,cea,MULTI_RES,NONE,NONE,,roofs_top_kW,8760,,,,,
Baixa_Alfama,B1346,matched,43.8212961,44.4,44.37,59209.4905,54773.18,55199.8,-0.067720402,-0.074925666,-0.007728651,roofs_top_kW,8760,72,cea,MULTI_RES,NONE,NONE,,roofs_top_kW,8760,3,0.705089331,0.713690324,0.556738317,0.855161726
Baixa_Alfama,B1348,matched,143.3153721,145.11,143.32,249751.9634,243843.56,248216.34,-0.006148594,-0.023657085,-0.01761681,roofs_top_kW,8760,235,cea,MULTI_RES,NONE,NONE,,roofs_top_kW,8760,2,0.925652862,0.92565779,0.909839749,0.941465974
Baixa_Alfama,B1349,matched,36.31235254,36.31,36.31,78773.19581,52281.82,53294.1,-0.323448802,-0.336299366,-0.018994223,roofs_top_kW,8760,64,cea,MULTI_RES,NONE,NONE,,roofs_top_kW,8760,,,,,
Baixa_Alfama,B1350,matched,52.47027881,53.95,52.47,85510.44548,90724.01,96714.43,0.131024747,0.060969914,-0.061939258,roofs_top_kW,8760,88,cea,MULTI_RES,NONE,NONE,,roofs_top_kW,8760,2,0.963044077,0.964111877,0.952197194,0.97389096
Baixa_Alfama,B1351,matched,54.99957467,57.06,55,101706.6489,95774.15,95178.59,-0.064185174,-0.058329509,0.00625729,roofs_top_kW,8760,90,cea,MULTI_RES,NONE,NONE,,roofs_top_kW,8760,2,0.991635561,0.99162727,0.987536609,0.995734513
Baixa_Alfama,B1352,matched,99.93428786,101.17,99.93,248060.9883,180802.35,170337.14,-0.313325561,-0.271137508,0.061438216,roofs_top_kW,8760,163,cea,MULTI_RES,NONE,NONE,,roofs_top_kW,8760,3,0.978921711,0.980031103,0.970035732,0.983516872
Baixa_Alfama,B1353,matched,59.99498091,61.54,59.59,104308.9134,106364.53,103434.75,-0.008380524,0.019707008,0.02832491,roofs_top_kW,8760,99,cea,MULTI_RES,NONE,NONE,,roofs_top_kW,8760,2,0.96761772,0.966321578,0.954579532,0.980655909
Baixa_Alfama,B1356,matched,148.2585052,0,0,302635.7972,0,0,-1,-1,#DIV/0!,roofs_top_kW,8760,243,cea,MULTI_RES,NONE,NONE,,roofs_top_kW,8760,,,,,
Baixa_Alfama,B1357,matched,130.2255327,132.52,130.23,161187.366,205309.69,206752.23,0.282682602,0.273733141,-0.006977144,roofs_top_kW,8760,217,cea,MULTI_RES,NONE,NONE,,roofs_top_kW,8760,2,0.756540328,0.731135703,0.546854973,0.966225684
Baixa_Alfama,B1358,matched,115.5764567,118.23,115.5,265888.6199,196268.66,194685.61,-0.267792619,-0.26183881,0.008131315,roofs_top_kW,8760,192,cea,MULTI_RES,NONE,NONE,,roofs_top_kW,8760,2,0.859737754,0.862916505,0.838596404,0.880879104
Baixa_Alfama,B1359,matched,274.1143429,274.11,274.11,604041.5075,450789.19,450550.43,-0.254106838,-0.253711567,0.00052993,roofs_top_kW,8760,450,cea,MULTI_RES,NONE,NONE,,roofs_top_kW,8760,,,,,
Baixa_Alfama,B1360,matched,170.1033102,173.37,170.1,270047.3538,292298.23,295258.41,0.093357909,0.082396202,-0.010025726,roofs_top_kW,8760,277,cea,MULTI_RES,NONE,NONE,,roofs_top_kW,8760,2,0.962838292,0.970714799,0.927673757,0.998002827
Baixa_Alfama,B1362,matched,35.24046437,35.98,35.24,51055.19873,56115.81,49601.92,-0.028464853,0.099120391,0.131323344,roofs_top_kW,8760,59,cea,MULTI_RES,NONE,NONE,,roofs_top_kW,8760,2,0.977601111,0.979518369,0.97052604,0.984676182
Baixa_Alfama,B1363,matched,135.8228364,144.75,144.75,284529.7779,243194.12,242405.17,-0.14804991,-0.145277089,0.003254675,roofs_top_kW,8760,223,cea,MULTI_RES,NONE,NONE,,roofs_top_kW,8760,,,,,
Baixa_Alfama,B1365,matched,95.14822884,101.72,101.72,249920.2253,173476.93,173458.65,-0.305943927,-0.305870784,0.000105385,roofs_top_kW,8760,155,cea,MULTI_RES,NONE,NONE,,roofs_top_kW,8760,,,,,
Baixa_Alfama,B1366,matched,181.4171522,171.08,171.08,274689.1263,294264.75,293585.62,0.068792289,0.071264647,0.002313226,roofs_top_kW,8760,299,cea,MULTI_RES,NONE,NONE,,roofs_top_kW,8760,,,,,
Baixa_Alfama,B1367,matched,85.92536231,77.06,77.06,122219.9034,89891.21,96993.46,-0.206402089,-0.26451251,-0.073224009,roofs_top_kW,8760,141,cea,MULTI_RES,NONE,NONE,,roofs_top_kW,8760,,,,,
Baixa_Alfama,B1368,matched,83.52008334,87.9,83.6,87466.24195,160596.78,143251.1,0.637787297,0.836100151,0.121085842,roofs_top_kW,8760,137,cea,MULTI_RES,NONE,NONE,,roofs_top_kW,8760,1,0.541682243,0.541682243,0.541682243,0.541682243
Baixa_Alfama,B1369,matched,84.23859027,84.24,84.24,166604.2513,140089.47,142002.14,-0.147667968,-0.159148288,-0.013469304,roofs_top_kW,8760,140,cea,MULTI_RES,NONE,NONE,,roofs_top_kW,8760,,,,,
Baixa_Alfama,B1374,matched,316.4436086,323.61,320.19,790622.8761,558435.77,555912.44,-0.296867752,-0.29367618,0.004539078,roofs_top_kW,8760,517,cea,MULTI_RES,NONE,NONE,,roofs_top_kW,8760,2,0.522244036,0.521317192,0.513137937,0.531350136
Baixa_Alfama,B1375,matched,343.5364192,352.84,343.54,756653.4907,534068.33,580754.71,-0.232469397,-0.294170533,-0.080389154,roofs_top_kW,8760,565,cea,MULTI_RES,NONE,NONE,,roofs_top_kW,8760,1,0.9354195,0.9354195,0.9354195,0.9354195
Baixa_Alfama,B1376,matched,24.70702094,24.71,24.71,46051.29031,41999.85,41982.33,-0.08835714,-0.087976695,0.000417318,roofs_top_kW,8760,42,cea,MULTI_RES,NONE,NONE,,roofs_top_kW,8760,,,,,
Baixa_Alfama,B1377,matched,137.5150956,137.52,137.52,302754.0189,237369.88,237708.58,-0.214845831,-0.215964561,-0.001424854,roofs_top_kW,8760,223,cea,MULTI_RES,NONE,NONE,,roofs_top_kW,8760,,,,,
Baixa_Alfama,B1378,matched,37.16241224,37.16,37.16,82687.282,60089.17,60359.81,-0.270023049,-0.273296104,-0.004483778,roofs_top_kW,8760,60,cea,MULTI_RES,NONE,NONE,,roofs_top_kW,8760,,,,,
Baixa_Alfama,B1380,matched,93.07455739,93.07,93.07,189232.0335,159836.47,161244.87,-0.147898656,-0.155341371,-0.008734541,roofs_top_kW,8760,154,cea,MULTI_RES,NONE,NONE,,roofs_top_kW,8760,,,,,
Baixa_Alfama,B1381,matched,177.6795342,171.78,177.68,353835.3543,298043.67,299401.06,-0.153840744,-0.157676964,-0.004533685,roofs_top_kW,8760,295,cea,MULTI_RES,NONE,NONE,,roofs_top_kW,8760,3,0.811613977,0.713390738,0.513200223,0.978313982
Baixa_Alfama,B1382,matched,135.8167396,137,135.82,318994.1442,232173.61,233948.05,-0.26660707,-0.27216968,-0.007584761,roofs_top_kW,8760,225,cea,MULTI_RES,NONE,NONE,,roofs_top_kW,8760,2,0.70425263,0.703739517,0.433891118,0.974614143
Baixa_Alfama,B1383,matched,149.0888967,152.9,148.42,270433.9603,221674.06,234673.22,-0.132234651,-0.18030243,-0.055392601,roofs_top_kW,8760,245,cea,MULTI_RES,NONE,NONE,,roofs_top_kW,8760,2,0.808435678,0.79990646,0.72795552,0.888915837
Baixa_Alfama,B1384,matched,44.00234444,44,44,62883.69109,55568.43,60850.72,-0.032329067,-0.116330021,-0.086807354,roofs_top_kW,8760,72,cea,MULTI_RES,NONE,NONE,,roofs_top_kW,8760,,,,,
Baixa_Alfama,B1385,matched,84.67083509,84.67,84.67,140519.8183,136607.77,137138.79,-0.024060864,-0.027839833,-0.003872136,roofs_top_kW,8760,137,cea,MULTI_RES,NONE,NONE,,roofs_top_kW,8760,,,,,
Baixa_Alfama,B1386,matched,37.50597923,37.51,37.51,93943.49969,64404.55,64755.1,-0.310701643,-0.314433141,-0.005413473,roofs_top_kW,8760,64,cea,MULTI_RES,NONE,NONE,,roofs_top_kW,8760,,,,,
Baixa_Alfama,B1388,matched,197.2810409,199.38,197.28,438373.8177,344196.92,338312.98,-0.228254594,-0.214832396,0.017392002,roofs_top_kW,8760,324,cea,MULTI_RES,NONE,NONE,,roofs_top_kW,8760,3,0.806951106,0.833951393,0.732176483,0.91365546
Baixa_Alfama,B1389,matched,139.9224693,142.87,139.89,225353.2253,243106.2,241734.42,0.072691192,0.078778436,0.00567474,roofs_top_kW,8760,232,cea,MULTI_RES,NONE,NONE,,roofs_top_kW,8760,2,0.677125782,0.677244564,0.588036418,0.766215146
Baixa_Alfama,B1391,matched,169.2350606,177.45,169.85,338338.4982,242670.13,258037.95,-0.237337899,-0.282759333,-0.059556433,roofs_top_kW,8760,279,cea,MULTI_RES,NONE,NONE,,roofs_top_kW,8760,3,0.767812888,0.686945549,0.451542437,0.93406415
Baixa_Alfama,B1392,matched,337.4634762,321.89,321.89,752045.3197,524834.97,537409.47,-0.285402813,-0.302123215,-0.02339836,roofs_top_kW,8760,558,cea,MULTI_RES,NONE,NONE,,roofs_top_kW,8760,,,,,
Baixa_Alfama,B1393,matched,92.66160445,94.24,92.69,129270.4007,161712.27,156798.52,0.212949903,0.250961311,0.031337987,roofs_top_kW,8760,151,cea,MULTI_RES,NONE,NONE,,roofs_top_kW,8760,3,0.667064786,0.738029215,0.508528173,0.782633066
Baixa_Alfama,B1394,matched,304.7140595,313.78,313.78,615521.8971,449173.06,448573.69,-0.27123033,-0.270256571,0.001336168,roofs_top_kW,8760,502,cea,MULTI_RES,NONE,NONE,,roofs_top_kW,8760,,,,,
Baixa_Alfama,B1396,matched,387.5619734,400.62,385.23,915170.9213,641423.81,634975.4,-0.306167422,-0.299121295,0.01015537,roofs_top_kW,8760,638,cea,MULTI_RES,NONE,NONE,,roofs_top_kW,8760,4,0.64169018,0.676520751,0.529005647,0.905061901
Baixa_Alfama,B1399,matched,80.93223005,80.93,80.93,204060.4898,132648.01,134784.39,-0.33948806,-0.349957407,-0.015850352,roofs_top_kW,8760,134,cea,MULTI_RES,NONE,NONE,,roofs_top_kW,8760,,,,,
Baixa_Alfama,B1401,matched,54.70638682,56.92,54.71,99457.80234,87013.69,93064.02,-0.064286383,-0.125119519,-0.065012558,roofs_top_kW,8760,89,cea,SINGLE_RES,NONE,NONE,,roofs_top_kW,8760,3,0.557656825,0.578081818,0.43310982,0.63567543
Baixa_Alfama,B1402,matched,60.52248428,61.05,60.54,98299.17813,103900.4,105070.73,0.068887167,0.05698137,-0.011138497,roofs_top_kW,8760,100,cea,MULTI_RES,NONE,NONE,,roofs_top_kW,8760,3,0.53654626,0.522151102,0.463022321,0.66965133
Baixa_Alfama,B1404,matched,138.4407023,140.85,138.44,307612.3825,226999.74,226789.8,-0.262741642,-0.26205916,0.000925703,roofs_top_kW,8760,222,cea,MULTI_RES,NONE,NONE,,roofs_top_kW,8760,2,0.727105856,0.719127101,0.586128175,0.868083537
Baixa_Alfama,B1405,matched,129.0282359,129.03,129.03,299670.737,218733.21,220303.13,-0.264849374,-0.27008819,-0.007126181,roofs_top_kW,8760,211,cea,MULTI_RES,NONE,NONE,,roofs_top_kW,8760,,,,,
Baixa_Alfama,B1406,matched,29.10935819,29.11,29.11,86598.45175,49709.63,49854.48,-0.424302872,-0.425975534,-0.002905456,roofs_top_kW,8760,52,cea,MULTI_RES,NONE,NONE,,roofs_top_kW,8760,,,,,
Baixa_Alfama,B1407,matched,72.70144908,72.7,72.7,145685.7122,119818.13,120374.96,-0.173735309,-0.177557441,-0.004625796,roofs_top_kW,8760,120,cea,MULTI_RES,NONE,NONE,,roofs_top_kW,8760,,,,,
Baixa_Alfama,B1410,matched,45.36016783,42.12,42.12,111621.1913,61486.72,61115.92,-0.452470277,-0.449148327,0.006067159,roofs_top_kW,8760,76,cea,MULTI_RES,NONE,NONE,,roofs_top_kW,8760,,,,,
Baixa_Alfama,B1412,matched,55.73993334,57.06,55.74,89693.81325,99418.5,96700.82,0.078121405,0.108420931,0.028104002,roofs_top_kW,8760,92,cea,MULTI_RES,NONE,NONE,,roofs_top_kW,8760,2,0.766421854,0.766657226,0.651729167,0.881114542
Baixa_Alfama,B1413,matched,52.81525743,54.01,52.82,104356.1498,87613.77,88497.14,-0.151970055,-0.160435009,-0.009981904,roofs_top_kW,8760,87,cea,SINGLE_RES,NONE,NONE,,roofs_top_kW,8760,2,0.738642544,0.749996677,0.629316926,0.847968161
Baixa_Alfama,B1416,matched,43.62468502,43.61,43.61,59475.17616,63249.28,70783.23,0.190130649,0.063456791,-0.106436934,roofs_top_kW,8760,74,cea,MULTI_RES,NONE,NONE,,roofs_top_kW,8760,,,,,
Baixa_Alfama,B1417,matched,53.23547549,53.24,53.24,86483.18344,91767.02,92080.46,0.064720982,0.061096694,-0.00340398,roofs_top_kW,8760,78,cea,MULTI_RES,NONE,NONE,,roofs_top_kW,8760,,,,,
Baixa_Alfama,B1418,matched,52.24061679,53.87,52.24,117129.094,85701.79,90264.02,-0.229362945,-0.268313388,-0.050543173,roofs_top_kW,8760,85,cea,MULTI_RES,NONE,NONE,,roofs_top_kW,8760,2,0.799634516,0.799649969,0.77425909,0.825009942
Baixa_Alfama,B1419,matched,83.68226518,84.47,83.68,111789.018,136425.84,145159.46,0.298512703,0.220386782,-0.060165696,roofs_top_kW,8760,140,cea,MULTI_RES,NONE,NONE,,roofs_top_kW,8760,2,0.452872887,0.452462313,0.409040928,0.496704847
Baixa_Alfama,B1421,matched,52.10129512,53.03,52.1,96368.42494,85775.84,84763.71,-0.120420303,-0.109917589,0.011940605,roofs_top_kW,8760,86,cea,MULTI_RES,NONE,NONE,,roofs_top_kW,8760,2,0.794638187,0.794644659,0.765247166,0.824029207
Baixa_Alfama,B1422,matched,119.826929,123.58,118.82,205857.7367,206008.84,197208,-0.042018031,0.000734018,0.044627196,roofs_top_kW,8760,198,cea,MULTI_RES,NONE,NONE,,roofs_top_kW,8760,2,0.951179653,0.951211763,0.933627963,0.968731344
Baixa_Alfama,B1423,matched,44.84113654,45.08,45.08,109445.8761,66982.41,66629.08,-0.391214339,-0.387985986,0.00530294,roofs_top_kW,8760,74,cea,MULTI_RES,NONE,NONE,,roofs_top_kW,8760,,,,,
Baixa_Alfama,B1425,matched,52.44387372,54.18,52.44,75683.99203,81872.32,81937.85,0.082631185,0.081765348,-0.000799752,roofs_top_kW,8760,82,cea,MULTI_RES,NONE,NONE,,roofs_top_kW,8760,2,0.996348709,0.996348172,0.995858848,0.99683857
Baixa_Alfama,B1430,matched,155.625733,159.18,155.63,247973.4334,264269.07,270126.86,0.089337903,0.065715252,-0.02168533,roofs_top_kW,8760,257,cea,MULTI_RES,NONE,NONE,,roofs_top_kW,8760,2,0.891468048,0.909433168,0.826583147,0.956352949
Baixa_Alfama,B1431,matched,87.96662041,87.97,87.97,214907.6621,133069.75,136049.89,-0.366937927,-0.380804999,-0.021904759,roofs_top_kW,8760,145,cea,MULTI_RES,NONE,NONE,,roofs_top_kW,8760,,,,,
Baixa_Alfama,B1432,matched,68.57535044,68.58,68.58,145937.7459,109391.59,110274.68,-0.244371774,-0.250422916,-0.008008094,roofs_top_kW,8760,113,cea,MULTI_RES,NONE,NONE,,roofs_top_kW,8760,,,,,
Baixa_Alfama,B1433,matched,74.20928423,76,74.21,105040.7082,117234.93,127562.62,0.214411272,0.116090438,-0.080961727,roofs_top_kW,8760,122,cea,MULTI_RES,NONE,NONE,,roofs_top_kW,8760,2,0.752151817,0.753512352,0.725502133,0.778801501
Baixa_Alfama,B1435,matched,56.06979914,56.62,56.03,130893.1867,97803.03,94571.61,-0.277490201,-0.252802743,0.034169028,roofs_top_kW,8760,93,cea,SINGLE_RES,NONE,NONE,,roofs_top_kW,8760,3,0.799337586,0.818972548,0.632212222,0.889617562
Baixa_Alfama,B1437,matched,61.94845322,61.95,61.95,99836.11516,89083.62,98107.74,-0.017312124,-0.107701458,-0.091981734,roofs_top_kW,8760,101,cea,MULTI_RES,NONE,NONE,,roofs_top_kW,8760,,,,,
Baixa_Alfama,B1438,matched,54.18373263,54.56,51.82,114885.6838,80937.33,78545.01,-0.316320298,-0.295496816,0.03045795,roofs_top_kW,8760,89,cea,SINGLE_RES,NONE,NONE,,roofs_top_kW,8760,3,0.694963952,0.641565157,0.607606769,0.847968161
Baixa_Alfama,B1439,matched,81.21206519,83.7,81.21,140849.0221,117855.85,122133.38,-0.132877331,-0.163246941,-0.035023431,roofs_top_kW,8760,130,cea,MULTI_RES,NONE,NONE,,roofs_top_kW,8760,2,0.944401354,0.944446678,0.905081451,0.983721256
Baixa_Alfama,B1440,matched,81.61295139,81.58,81.58,180507.6722,140124.57,140023.55,-0.224279233,-0.223719589,0.00072145,roofs_top_kW,8760,134,cea,MULTI_RES,NONE,NONE,,roofs_top_kW,8760,,,,,
Baixa_Alfama,B1444,matched,91.71872974,93.81,93.16,161761.9034,145498.96,137000.33,-0.153074197,-0.100536301,0.062033646,roofs_top_kW,8760,152,cea,MULTI_RES,NONE,NONE,,roofs_top_kW,8760,1,0.875829458,0.875829458,0.875829458,0.875829458
Baixa_Alfama,B1445,matched,121.3517528,121.35,121.35,128677.2264,170674.49,187372.7,0.456145001,0.326376817,-0.089117625,roofs_top_kW,8760,200,cea,MULTI_RES,NONE,NONE,,roofs_top_kW,8760,,,,,
Baixa_Alfama,B1447,matched,502.015664,502.26,502.26,1023637.082,866251.95,872831.98,-0.147322821,-0.15375091,-0.007538713,roofs_top_kW,8760,828,cea,MULTI_RES,NONE,NONE,,roofs_top_kW,8760,,,,,
Baixa_Alfama,B1448,matched,376.1673703,385.72,360.38,805939.7577,679668.29,605170.62,-0.249111842,-0.156676062,0.123101928,roofs_top_kW,8760,616,cea,MULTI_RES,NONE,NONE,,roofs_top_kW,8760,3,0.641008904,0.582251808,0.447750956,0.867871404
Baixa_Alfama,B1450,matched,257.8935934,234.39,234.39,470002.0993,402602.23,401897.07,-0.14490367,-0.143403337,0.001754579,roofs_top_kW,8760,423,cea,MULTI_RES,NONE,NONE,,roofs_top_kW,8760,,,,,
Baixa_Alfama,B1452,matched,213.3456707,213.37,213.37,411864.6058,359340.57,362561.44,-0.119707217,-0.127527433,-0.008883653,roofs_top_kW,8760,350,cea,MULTI_RES,NONE,NONE,,roofs_top_kW,8760,,,,,
Baixa_Alfama,B1453,matched,210.6005381,215.41,210.6,454246.6191,366194.89,365930.05,-0.194424274,-0.193841243,0.000723745,roofs_top_kW,8760,348,cea,MULTI_RES,NONE,NONE,,roofs_top_kW,8760,2,0.87289691,0.874734396,0.847210884,0.898582935
Baixa_Alfama,B1454,matched,47.78650763,47.57,47.57,106806.3786,79657.16,78001.5,-0.269692494,-0.254190985,0.021226002,roofs_top_kW,8760,80,cea,MULTI_RES,NONE,NONE,,roofs_top_kW,8760,,,,,
Baixa_Alfama,B1455,matched,59.79512861,60.79,0,119097.8269,67111.7,0,-1,-0.436499374,#DIV/0!,roofs_top_kW,8760,100,cea,MULTI_RES,NONE,NONE,,roofs_top_kW,8760,2,0.794638187,0.784216112,0.765247166,0.824029207
Baixa_Alfama,B1456,matched,138.1416315,138.96,138.12,263955.7898,233996.36,230157.05,-0.128046972,-0.113501696,0.016681262,roofs_top_kW,8760,226,cea,MULTI_RES,NONE,NONE,,roofs_top_kW,8760,2,0.846367925,0.820344944,0.745322287,0.947413564
Baixa_Alfama,B1457,matched,241.962386,241.96,241.96,507543.4051,393077.63,402106.08,-0.207740509,-0.225529036,-0.022452906,roofs_top_kW,8760,401,cea,MULTI_RES,NONE,NONE,,roofs_top_kW,8760,,,,,
Baixa_Alfama,B1458,matched,148.0342522,151,147.99,282173.3429,217587.42,197602.93,-0.299710852,-0.2288874,0.101134583,roofs_top_kW,8760,244,cea,MULTI_RES,NONE,NONE,,roofs_top_kW,8760,3,0.616261919,0.615174053,0.572974443,0.664066255
Baixa_Alfama,B1459,matched,689.4333827,697.09,689.43,1706028.325,1162334.46,1155270.46,-0.322830434,-0.318689823,0.006114585,roofs_top_kW,8760,1140,cea,MULTI_RES,NONE,NONE,,roofs_top_kW,8760,2,0.707637846,0.740466526,0.514591753,0.900683939
Baixa_Alfama,B1460,matched,100.156383,99.32,99.32,199881.5063,157456.12,162287.88,-0.188079563,-0.212252685,-0.029772772,roofs_top_kW,8760,161,cea,MULTI_RES,NONE,NONE,,roofs_top_kW,8760,,,,,
Baixa_Alfama,B1461,matched,737.4431127,733.02,733.02,1570117.05,1251124.15,1250957.28,-0.203271323,-0.203165044,0.000133394,roofs_top_kW,8760,1222,cea,MULTI_RES,NONE,NONE,,roofs_top_kW,8760,,,,,
Baixa_Alfama,B1464,matched,66.10055777,68.16,66.1,72159.76995,116648.09,112616.79,0.560658939,0.616525248,0.035796616,roofs_top_kW,8760,108,cea,MULTI_RES,NONE,NONE,,roofs_top_kW,8760,2,0.951537102,0.943913187,0.926499486,0.976574719
Baixa_Alfama,B1465,matched,63.50187065,63.5,63.5,112897.4067,89016.45,98231.19,-0.129907472,-0.211527947,-0.093806662,roofs_top_kW,8760,102,cea,MULTI_RES,NONE,NONE,,roofs_top_kW,8760,,,,,
Baixa_Alfama,B1469,matched,65.88506362,67.3,65.89,146919.1619,116669.3,111250.98,-0.242774199,-0.205894599,0.048703571,roofs_top_kW,8760,109,cea,MULTI_RES,NONE,NONE,,roofs_top_kW,8760,3,0.805940648,0.751028962,0.576049268,0.939940631
Baixa_Alfama,B1470,matched,71.73843344,71.74,71.74,171097.4118,97706.33,98444.58,-0.424628468,-0.428943261,-0.007499143,roofs_top_kW,8760,118,cea,MULTI_RES,NONE,NONE,,roofs_top_kW,8760,,,,,
Baixa_Alfama,B1472,matched,73.05129969,74.57,73.05,155254.6415,129501.04,123668.6,-0.203446681,-0.165879753,0.04716185,roofs_top_kW,8760,121,cea,MULTI_RES,NONE,NONE,,roofs_top_kW,8760,3,0.805940648,0.740317874,0.576049268,0.939940631
Baixa_Alfama,B1477,matched,57.39516781,57.73,57.73,163226.6155,94440.18,94701.23,-0.419817475,-0.421416785,-0.002756564,roofs_top_kW,8760,97,cea,MULTI_RES,NONE,NONE,,roofs_top_kW,8760,,,,,
Baixa_Alfama,B1478,matched,165.4057052,168.23,167.78,350006.0014,259263.27,280285.19,-0.199198903,-0.259260501,-0.075001894,roofs_top_kW,8760,277,cea,MULTI_RES,NONE,NONE,,roofs_top_kW,8760,2,0.829486996,0.837941829,0.667638421,0.991335571
Baixa_Alfama,B1479,matched,104.7916997,107.13,105.27,185683.7157,180689.66,179636.03,-0.032569823,-0.026895496,0.00586536,roofs_top_kW,8760,174,cea,MULTI_RES,NONE,NONE,,roofs_top_kW,8760,2,0.982381105,0.982361592,0.969687998,0.995074213
Baixa_Alfama,B1483,matched,18.86395963,18.86,18.86,35838.89231,31462.72,31897.1,-0.109986444,-0.122106796,-0.013618166,roofs_top_kW,8760,31,cea,MULTI_RES,NONE,NONE,,roofs_top_kW,8760,,,,,
Baixa_Alfama,B1484,matched,94.57463652,96.95,91.5,232854.6383,165270.56,158655.39,-0.318650506,-0.290241495,0.041695211,roofs_top_kW,8760,155,cea,MULTI_RES,NONE,NONE,,roofs_top_kW,8760,2,0.868066311,0.869100832,0.751334608,0.984798014
Baixa_Alfama,B1485,matched,112.5185356,114.97,110.61,269977.6752,191193.13,191537.71,-0.290542413,-0.291818741,-0.001799019,roofs_top_kW,8760,184,cea,MULTI_RES,NONE,NONE,,roofs_top_kW,8760,3,0.758103937,0.792802159,0.490331441,0.917693019
Baixa_Alfama,B1486,matched,85.54236384,87.17,85.54,124054.2717,93613.89,101289.67,-0.183505182,-0.245379553,-0.075780482,roofs_top_kW,8760,141,cea,MULTI_RES,NONE,NONE,,roofs_top_kW,8760,2,0.687629312,0.692619996,0.536623478,0.838635147
Baixa_Alfama,B1488,matched,136.7376547,107.13,107.13,301605.5011,173743.34,182191.21,-0.395928757,-0.423938425,-0.046368154,roofs_top_kW,8760,223,cea,MULTI_RES,NONE,NONE,,roofs_top_kW,8760,,,,,
Baixa_Alfama,B1489,matched,39.46265012,29.55,36.32,97724.57469,46697.28,54767.77,-0.439570137,-0.522154175,-0.147358382,roofs_top_kW,8760,69,cea,MULTI_RES,NONE,NONE,,roofs_top_kW,8760,2,0.94734928,0.937245911,0.901417077,0.993281484
Baixa_Alfama,B1490,matched,41.50803867,41.51,41.51,56399.87663,61628.59,61904.77,0.097604706,0.092707887,-0.004461369,roofs_top_kW,8760,64,cea,MULTI_RES,NONE,NONE,,roofs_top_kW,8760,,,,,
Baixa_Alfama,B1491,matched,22.11878819,22.12,22.12,27410.76791,35828.75,36502.78,0.331694906,0.307104935,-0.018465169,roofs_top_kW,8760,36,cea,MULTI_RES,NONE,NONE,,roofs_top_kW,8760,,,,,
Baixa_Alfama,B1492,matched,49.73487054,50.72,49.73,62511.86522,64036.42,59314.96,-0.051140775,0.024388247,0.079599818,roofs_top_kW,8760,81,cea,MULTI_RES,NONE,NONE,,roofs_top_kW,8760,1,0.659863651,0.659863651,0.659863651,0.659863651
Baixa_Alfama,B1493,matched,91.99070392,83.45,91.62,204812.0778,121077.53,136153.99,-0.3352248,-0.408835986,-0.110730945,roofs_top_kW,8760,152,cea,MULTI_RES,NONE,NONE,,roofs_top_kW,8760,3,0.752850284,0.657568027,0.40270564,0.939720452
Baixa_Alfama,B1494,matched,35.48437552,36.52,35.48,60455.55456,55513.57,60350.73,-0.001733911,-0.081745749,-0.080150812,roofs_top_kW,8760,58,cea,MULTI_RES,NONE,NONE,,roofs_top_kW,8760,1,0.828577161,0.828577161,0.828577161,0.828577161
Baixa_Alfama,B1495,matched,88.63043405,90.16,88.28,223914.7774,153952.73,150801.84,-0.32652127,-0.312449443,0.020894241,roofs_top_kW,8760,146,cea,MULTI_RES,NONE,NONE,,roofs_top_kW,8760,2,0.589097157,0.578716624,0.469900757,0.708293557
Baixa_Alfama,B1496,matched,119.9863398,122.69,125.17,217679.8749,178275.57,184833.9,-0.150891188,-0.181019513,-0.03548229,roofs_top_kW,8760,201,cea,MULTI_RES,NONE,NONE,,roofs_top_kW,8760,1,0.961782694,0.961782694,0.961782694,0.961782694
Baixa_Alfama,B1497,matched,40.46005694,40.46,40.46,68900.12852,65572.03,65497.07,-0.049391178,-0.048303227,0.001144479,roofs_top_kW,8760,69,cea,MULTI_RES,NONE,NONE,,roofs_top_kW,8760,,,,,
Baixa_Alfama,B1499,matched,67.11593733,68.26,68.75,98093.46114,104041.16,115499.91,0.177447596,0.06063298,-0.099210034,roofs_top_kW,8760,109,cea,MULTI_RES,NONE,NONE,,roofs_top_kW,8760,2,0.863382995,0.879119737,0.739972413,0.986793578
Baixa_Alfama,B1500,matched,36.66320647,37.43,36.66,64293.54964,41931.65,44174.95,-0.312917855,-0.34780938,-0.050782174,roofs_top_kW,8760,59,cea,MULTI_RES,NONE,NONE,,roofs_top_kW,8760,3,0.620078166,0.55763758,0.431115299,0.975790322
Baixa_Alfama,B1501,matched,227.939202,228.92,228.92,554967.9299,363159.52,362297.13,-0.347174656,-0.34562071,0.002380339,roofs_top_kW,8760,376,cea,MULTI_RES,NONE,NONE,,roofs_top_kW,8760,,,,,
Baixa_Alfama,B1502,matched,127.4003498,122.86,127,276579.6433,211668.72,218818.8,-0.208839821,-0.234691615,-0.032675803,roofs_top_kW,8760,210,cea,MULTI_RES,NONE,NONE,,roofs_top_kW,8760,3,0.740921577,0.628278319,0.411749959,0.920410275
Baixa_Alfama,B1503,matched,44.03587469,44.04,44.04,84524.97419,47472.46,49448.22,-0.414986867,-0.438361733,-0.03995614,roofs_top_kW,8760,73,cea,MULTI_RES,NONE,NONE,,roofs_top_kW,8760,,,,,
Baixa_Alfama,B1505,matched,27.74908452,27.75,27.75,62170.64125,37267.96,38964.79,-0.373260606,-0.400553714,-0.043547777,roofs_top_kW,8760,46,cea,MULTI_RES,NONE,NONE,,roofs_top_kW,8760,,,,,
Baixa_Alfama,B1506,matched,34.50584548,35.51,34.51,77527.67188,55259.52,59293.03,-0.235201721,-0.287228435,-0.068026714,roofs_top_kW,8760,56,cea,MULTI_RES,NONE,NONE,,roofs_top_kW,8760,1,0.828577161,0.828577161,0.828577161,0.828577161
Baixa_Alfama,B1507,matched,123.291182,125.15,124.86,224860.3041,194216.32,213624.64,-0.049967308,-0.136280097,-0.090852441,roofs_top_kW,8760,202,cea,MULTI_RES,NONE,NONE,,roofs_top_kW,8760,1,0.918855309,0.918855309,0.918855309,0.918855309
Baixa_Alfama,B1508,matched,70.11153974,71.36,67.79,125928.1343,111754.63,106312.64,-0.15576737,-0.112552325,0.051188551,roofs_top_kW,8760,116,cea,MULTI_RES,NONE,NONE,,roofs_top_kW,8760,2,0.976306885,0.974269615,0.955021799,0.997591972
Baixa_Alfama,B1509,matched,196.1636093,203.41,194.57,410540.4769,350998.23,321683.59,-0.216438797,-0.145033804,0.091128801,roofs_top_kW,8760,323,cea,MULTI_RES,NONE,NONE,,roofs_top_kW,8760,1,0.986439228,0.986439228,0.986439228,0.986439228
Baixa_Alfama,B1510,matched,38.55346243,39.25,38.55,56359.09659,48189.52,56757.66,0.007071856,-0.144955776,-0.150960064,roofs_top_kW,8760,63,cea,MULTI_RES,NONE,NONE,,roofs_top_kW,8760,3,0.790484905,0.716485741,0.514190972,0.957425416
Baixa_Alfama,B1511,matched,76.59777291,76.6,76.6,169344.7368,120585.42,124837.64,-0.262819486,-0.287929331,-0.034062002,roofs_top_kW,8760,125,cea,MULTI_RES,NONE,NONE,,roofs_top_kW,8760,,,,,
Baixa_Alfama,B1512,matched,53.87431625,53.87,53.87,124644.1994,43080.07,52797.1,-0.576417513,-0.654375653,-0.184044768,roofs_top_kW,8760,89,cea,MULTI_RES,NONE,NONE,,roofs_top_kW,8760,,,,,
Baixa_Alfama,B1513,matched,43.48474475,40.06,40.06,73836.36775,55858.18,61196.99,-0.171180925,-0.243486893,-0.087239748,roofs_top_kW,8760,73,cea,MULTI_RES,NONE,NONE,,roofs_top_kW,8760,,,,,
Baixa_Alfama,B1514,matched,88.22330324,89.59,88.2,225819.5946,144607.8,144100.35,-0.361878449,-0.359631301,0.003521504,roofs_top_kW,8760,146,cea,MULTI_RES,NONE,NONE,,roofs_top_kW,8760,3,0.79849116,0.697367486,0.405516803,0.997225523
Baixa_Alfama,B1515,matched,46.02622775,46.52,46.03,78121.25403,74551.01,75829.36,-0.02933765,-0.045701315,-0.016858246,roofs_top_kW,8760,75,cea,MULTI_RES,NONE,NONE,,roofs_top_kW,8760,2,0.845864654,0.849153695,0.704571784,0.987157524
Baixa_Alfama,B1516,matched,36.94543898,36.95,36.95,97107.71713,56898.03,59606.55,-0.386181122,-0.414073035,-0.045439973,roofs_top_kW,8760,57,cea,MULTI_RES,NONE,NONE,,roofs_top_kW,8760,,,,,
Baixa_Alfama,B1517,matched,41.23130123,41.24,41.24,59110.59622,70236.45,71228.16,0.204998165,0.18822097,-0.013923005,roofs_top_kW,8760,69,cea,MULTI_RES,NONE,NONE,,roofs_top_kW,8760,,,,,
Baixa_Alfama,B1518,matched,98.92312567,101.56,98.92,195062.1096,162312.39,161058.84,-0.174320219,-0.167893804,0.00778318,roofs_top_kW,8760,163,cea,MULTI_RES,NONE,NONE,,roofs_top_kW,8760,2,0.927926898,0.926409925,0.881278872,0.974574924
Baixa_Alfama,B1519,matched,289.2173635,291.9,286.24,730582.6422,415193.53,401963.98,-0.449803545,-0.431695326,0.032912277,roofs_top_kW,8760,474,cea,MULTI_RES,NONE,NONE,,roofs_top_kW,8760,3,0.643268953,0.577170191,0.444668919,0.881565511
Baixa_Alfama,B1521,matched,72.69654634,75.71,72.7,176339.1696,145338.76,125652.65,-0.287437668,-0.175799907,0.15667087,roofs_top_kW,8760,120,cea,MULTI_RES,NONE,NONE,,roofs_top_kW,8760,1,0.868992209,0.868992209,0.868992209,0.868992209
Baixa_Alfama,B1522,matched,193.5907283,198.3,193.59,413267.403,327392.55,314564.72,-0.23883491,-0.207794886,0.040779621,roofs_top_kW,8760,319,cea,MULTI_RES,NONE,NONE,,roofs_top_kW,8760,2,0.903806329,0.917524648,0.809824467,0.997788191
Baixa_Alfama,B1523,matched,42.63764394,40.72,40.72,96156.13281,33726.4,36131.88,-0.624237384,-0.649253781,-0.066575002,roofs_top_kW,8760,71,cea,MULTI_RES,NONE,NONE,,roofs_top_kW,8760,,,,,
Baixa_Alfama,B1524,matched,125.2273079,127.42,125.09,192942.949,184459.12,187067.26,-0.030452987,-0.043970661,-0.013942258,roofs_top_kW,8760,210,cea,MULTI_RES,NONE,NONE,,roofs_top_kW,8760,2,0.752415657,0.757799685,0.55332911,0.951502204
Baixa_Alfama,B1525,matched,53.89275419,55.14,53.89,118973.0079,85513.67,92625.93,-0.221454247,-0.281234697,-0.076784762,roofs_top_kW,8760,89,cea,MULTI_RES,NONE,NONE,,roofs_top_kW,8760,1,0.838923454,0.838923454,0.838923454,0.838923454
Baixa_Alfama,B1526,matched,35.56340224,36.5,30.24,62685.59616,53715.92,40211.31,-0.358523928,-0.143089908,0.335841086,roofs_top_kW,8760,59,cea,MULTI_RES,NONE,NONE,,roofs_top_kW,8760,3,0.798570474,0.738440686,0.585699439,0.9483127
Baixa_Alfama,B1527,matched,86.1254857,87.86,85.29,198251.5254,162199.6,145314.54,-0.267019309,-0.181849423,0.116196631,roofs_top_kW,8760,145,cea,MULTI_RES,NONE,NONE,,roofs_top_kW,8760,1,0.999071598,0.999071598,0.999071598,0.999071598
Baixa_Alfama,B1528,matched,37.46604971,38.49,37.47,71878.55325,51698.83,54188.83,-0.246105722,-0.280747488,-0.045950429,roofs_top_kW,8760,62,cea,MULTI_RES,NONE,NONE,,roofs_top_kW,8760,2,0.953056186,0.953332776,0.947657049,0.958455324
Baixa_Alfama,B1529,matched,48.87657204,49.34,48.88,93964.13575,66706.62,67665.06,-0.279884187,-0.290084249,-0.014164474,roofs_top_kW,8760,81,cea,MULTI_RES,NONE,NONE,,roofs_top_kW,8760,2,0.905357927,0.907557603,0.825729728,0.984986126
Baixa_Alfama,B1530,matched,37.53268637,38.55,37.49,76702.14594,51115.29,49596.61,-0.353386931,-0.333587224,0.030620641,roofs_top_kW,8760,61,cea,MULTI_RES,NONE,NONE,,roofs_top_kW,8760,2,0.949074119,0.949567908,0.927129567,0.971018672
Baixa_Alfama,B1531,matched,93.05605626,97.75,93.06,221451.9993,164231.57,160829.98,-0.273747898,-0.258387504,0.021150223,roofs_top_kW,8760,151,cea,MULTI_RES,NONE,NONE,,roofs_top_kW,8760,2,0.904361546,0.904900996,0.836524785,0.972198308
Baixa_Alfama,B1532,matched,55.0763794,57.04,55.08,93423.25479,99331.15,95532.85,0.02258105,0.063237951,0.039759099,roofs_top_kW,8760,92,cea,MULTI_RES,NONE,NONE,,roofs_top_kW,8760,1,0.863104105,0.863104105,0.863104105,0.863104105
Baixa_Alfama,B1533,matched,284.6991707,296.35,281.27,497310.4931,504810.17,481181.34,-0.032432762,0.015080472,0.049105873,roofs_top_kW,8760,468,cea,MULTI_RES,NONE,NONE,,roofs_top_kW,8760,2,0.86481753,0.864613252,0.863659859,0.865975201
Baixa_Alfama,B1534,matched,211.0151873,215.88,211.02,344831.8799,371216.53,364844.49,0.058035847,0.076514533,0.017465085,roofs_top_kW,8760,348,cea,MULTI_RES,NONE,NONE,,roofs_top_kW,8760,2,0.859025061,0.868766837,0.722360432,0.99568969
Baixa_Alfama,B1535,matched,137.1983232,140.63,140.63,313784.6782,225524.62,233714.85,-0.255174436,-0.281275869,-0.035043687,roofs_top_kW,8760,228,cea,MULTI_RES,NONE,NONE,,roofs_top_kW,8760,,,,,
Baixa_Alfama,B1536,matched,245.695775,250.88,230.42,449247.3983,387800.54,398037.66,-0.113990061,-0.136777327,-0.025718973,roofs_top_kW,8760,405,cea,MULTI_RES,NONE,NONE,,roofs_top_kW,8760,3,0.833913426,0.84779261,0.761742532,0.87697345
Baixa_Alfama,B1537,matched,91.88418208,94.5,88.22,212989.2352,145567.66,148451.3,-0.303010315,-0.316549215,-0.019424821,roofs_top_kW,8760,151,cea,MULTI_RES,NONE,NONE,,roofs_top_kW,8760,2,0.703346848,0.729118735,0.525607467,0.88108623
Baixa_Alfama,B1538,matched,50.16883903,52.06,50.17,85226.18966,88596.23,84345.18,-0.010337311,0.039542309,0.050400628,roofs_top_kW,8760,83,cea,MULTI_RES,NONE,NONE,,roofs_top_kW,8760,2,0.457186148,0.44829896,0.400543481,0.513828814
Baixa_Alfama,B1539,matched,67.06405784,70.25,65.54,118397.977,99344.33,113733.41,-0.039397354,-0.160928822,-0.126515858,roofs_top_kW,8760,107,cea,MULTI_RES,NONE,NONE,,roofs_top_kW,8760,3,0.753941755,0.641296324,0.410557687,0.997508883
Baixa_Alfama,B1540,matched,38.44171225,39.1,38.44,65560.32419,53369.78,53555.06,-0.183117828,-0.185943928,-0.003459617,roofs_top_kW,8760,63,cea,MULTI_RES,NONE,NONE,,roofs_top_kW,8760,3,0.733360161,0.625516185,0.440181702,0.900836468
Baixa_Alfama,B1541,matched,62.50484455,65.52,57.95,126076.8887,86489.88,61051.01,-0.515763669,-0.313991003,0.416682214,roofs_top_kW,8760,104,cea,MULTI_RES,NONE,NONE,,roofs_top_kW,8760,1,0.48511216,0.48511216,0.48511216,0.48511216
Baixa_Alfama,B1542,matched,188.5808785,191.8,199.16,485193.4591,279601.14,303894.86,-0.373662496,-0.423732668,-0.079941201,roofs_top_kW,8760,315,cea,MULTI_RES,NONE,NONE,,roofs_top_kW,8760,2,0.589097157,0.596447764,0.469900757,0.708293557
Baixa_Alfama,B1543,matched,93.89165107,94.86,93.89,226426.6261,147761.39,142719.24,-0.369688793,-0.347420431,0.035329154,roofs_top_kW,8760,155,cea,MULTI_RES,NONE,NONE,,roofs_top_kW,8760,2,0.933890373,0.947945998,0.874864876,0.992915869
Baixa_Alfama,B1544,matched,143.3414504,144.89,149.6,363137.6967,236765.79,246205.27,-0.322005751,-0.347999968,-0.038339878,roofs_top_kW,8760,236,cea,MULTI_RES,NONE,NONE,,roofs_top_kW,8760,3,0.550095369,0.491151088,0.414238125,0.651015282
Baixa_Alfama,B1545,matched,88.47125423,77.92,86.34,196852.1798,109704.94,118399.77,-0.398534626,-0.442703961,-0.073436207,roofs_top_kW,8760,145,cea,MULTI_RES,NONE,NONE,,roofs_top_kW,8760,2,0.816270173,0.764321726,0.73637408,0.896166265
Baixa_Alfama,B1546,matched,208.0775117,213.08,203.24,462543.6279,293804.46,286853.79,-0.37983409,-0.364807032,0.024230707,roofs_top_kW,8760,342,cea,MULTI_RES,NONE,NONE,,roofs_top_kW,8760,3,0.72539409,0.724269857,0.577757418,0.975040495
Baixa_Alfama,B1547,matched,118.4443761,120.17,117.38,279419.3633,207689.08,203768.06,-0.27074467,-0.256711927,0.019242564,roofs_top_kW,8760,197,cea,MULTI_RES,NONE,NONE,,roofs_top_kW,8760,2,0.941575557,0.942122907,0.920905292,0.962245822
Baixa_Alfama,B1548,matched,149.3381678,152.09,150.39,248845.4969,272412.76,244403.08,-0.017852109,0.094706408,0.114604448,roofs_top_kW,8760,245,cea,MULTI_RES,NONE,NONE,,roofs_top_kW,8760,1,0.546496093,0.546496093,0.546496093,0.546496093
Baixa_Alfama,B1549,matched,120.0514723,119.09,119.09,217270.206,186619.53,189841.66,-0.126241635,-0.141071694,-0.016972723,roofs_top_kW,8760,196,cea,MULTI_RES,NONE,NONE,,roofs_top_kW,8760,,,,,
Baixa_Alfama,B1551,matched,274.0628662,278.51,274.26,590356.6149,434298.52,468348.57,-0.20666838,-0.264345467,-0.072702368,roofs_top_kW,8760,451,cea,MULTI_RES,NONE,NONE,,roofs_top_kW,8760,1,0.627768278,0.627768278,0.627768278,0.627768278
Baixa_Alfama,B1552,matched,108.6146065,110.37,105.32,256116.0551,155380.01,167604.79,-0.345590459,-0.393321868,-0.07293813,roofs_top_kW,8760,179,cea,MULTI_RES,NONE,NONE,,roofs_top_kW,8760,2,0.687629312,0.689478068,0.536623478,0.838635147
Baixa_Alfama,B1553,matched,128.0895699,127.85,138.01,277859.0763,182889.22,233621.97,-0.159206987,-0.341791449,-0.217157445,roofs_top_kW,8760,209,cea,MULTI_RES,NONE,NONE,,roofs_top_kW,8760,3,0.740594695,0.841925522,0.493668586,0.951585174
Baixa_Alfama,B1554,matched,463.2955072,461.84,461.84,948412.083,685899.94,701945.12,-0.259873284,-0.276791226,-0.022858169,roofs_top_kW,8760,767,cea,MULTI_RES,NONE,NONE,,roofs_top_kW,8760,,,,,
Baixa_Alfama,B1555,matched,64.98042132,66.77,66.77,135938.4286,97917.03,106881.42,-0.213751247,-0.279695734,-0.083872295,roofs_top_kW,8760,105,cea,MULTI_RES,NONE,NONE,,roofs_top_kW,8760,,,,,
Baixa_Alfama,B1556,matched,105.5863211,109.13,105.59,261923.543,198137.76,179683.52,-0.313984845,-0.243528254,0.102704132,roofs_top_kW,8760,173,cea,MULTI_RES,NONE,NONE,,roofs_top_kW,8760,1,0.520081103,0.520081103,0.520081103,0.520081103
Baixa_Alfama,B1557,matched,76.01472955,77.91,78.86,135880.7135,120196.31,130768.65,-0.0376217,-0.115427739,-0.080847665,roofs_top_kW,8760,125,cea,MULTI_RES,NONE,NONE,,roofs_top_kW,8760,3,0.757308563,0.726195518,0.642467022,0.966553569
Baixa_Alfama,B1558,matched,56.86567705,56.69,56.69,126099.8343,84503.63,87793.14,-0.303780687,-0.32986724,-0.037468873,roofs_top_kW,8760,94,cea,MULTI_RES,NONE,NONE,,roofs_top_kW,8760,,,,,
Baixa_Alfama,B1559,matched,174.2575143,177.32,174.26,324886.9495,228046.05,225195.21,-0.306850551,-0.298075683,0.012659417,roofs_top_kW,8760,285,cea,MULTI_RES,NONE,NONE,,roofs_top_kW,8760,2,0.979440004,0.978376926,0.967359543,0.991520464
Baixa_Alfama,B1560,matched,85.97677431,85.98,86.73,205025.5169,149309.08,150542.08,-0.265739785,-0.271753671,-0.008190401,roofs_top_kW,8760,142,cea,MULTI_RES,NONE,NONE,,roofs_top_kW,8760,1,0.381878525,0.381878525,0.381878525,0.381878525
Baixa_Alfama,B1561,matched,95.53738731,98.12,87.5,177692.7365,172308.14,151391.92,-0.148012896,-0.030302851,0.138159421,roofs_top_kW,8760,158,cea,MULTI_RES,NONE,NONE,,roofs_top_kW,8760,2,0.989078969,0.990846303,0.978927076,0.999230862
Baixa_Alfama,B1562,matched,55.59272943,55.59,55.59,133391.5455,55732.78,57668.49,-0.567675074,-0.582186564,-0.033566164,roofs_top_kW,8760,92,cea,MULTI_RES,NONE,NONE,,roofs_top_kW,8760,,,,,
Baixa_Alfama,B1563,matched,38.32408805,38.82,38.32,46742.24859,67580.3,66397.71,0.4205074,0.445807637,0.017810705,roofs_top_kW,8760,62,cea,MULTI_RES,NONE,NONE,,roofs_top_kW,8760,2,0.519582048,0.520071951,0.417938203,0.621225893
Baixa_Alfama,B1564,matched,54.95449351,54.71,54.71,137981.4829,77901.65,77922.9,-0.435265527,-0.435419533,-0.000272705,roofs_top_kW,8760,88,cea,MULTI_RES,NONE,NONE,,roofs_top_kW,8760,,,,,
Baixa_Alfama,B1565,matched,108.6889955,111.55,101.72,226196.4593,184658.14,167237.89,-0.260652043,-0.183638238,0.104164493,roofs_top_kW,8760,176,cea,MULTI_RES,NONE,NONE,,roofs_top_kW,8760,2,0.593793139,0.596732947,0.416071624,0.771514654
Baixa_Alfama,B1566,matched,74.89945832,78.51,71.54,156449.6522,142166.4,124116.01,-0.206671231,-0.091296158,0.145431601,roofs_top_kW,8760,122,cea,MULTI_RES,NONE,NONE,,roofs_top_kW,8760,3,0.701455911,0.76114988,0.568279982,0.893664956
Baixa_Alfama,B1567,matched,59.39018195,59.6,59.6,81722.43919,98736.96,99076.67,0.212355762,0.208198886,-0.003428759,roofs_top_kW,8760,96,cea,MULTI_RES,NONE,NONE,,roofs_top_kW,8760,,,,,
Baixa_Alfama,B1568,matched,55.93559063,55.43,55.43,131491.3189,64954.08,72315.51,-0.450035861,-0.506020013,-0.101796005,roofs_top_kW,8760,95,cea,MULTI_RES,NONE,NONE,,roofs_top_kW,8760,,,,,
Baixa_Alfama,B1569,matched,40.76194605,41.72,40.61,87418.879,53975.36,55309.22,-0.367308062,-0.382566322,-0.024116413,roofs_top_kW,8760,70,cea,MULTI_RES,NONE,NONE,,roofs_top_kW,8760,2,0.747471571,0.762308297,0.53677696,0.958166182
Baixa_Alfama,B1570,matched,166.0316344,169.4,157.59,335167.7746,228524.34,237197.16,-0.292303205,-0.31817926,-0.03656376,roofs_top_kW,8760,273,cea,MULTI_RES,NONE,NONE,,roofs_top_kW,8760,2,0.764761537,0.778158286,0.592916489,0.936606586
Baixa_Alfama,B1571,matched,74.85938217,76.1,71.81,86355.71757,113095.48,115568.55,0.338284867,0.309646694,-0.021399161,roofs_top_kW,8760,122,cea,MULTI_RES,NONE,NONE,,roofs_top_kW,8760,2,0.925190687,0.926859613,0.905037403,0.945343971
Baixa_Alfama,B1573,matched,122.6710017,125.12,122.67,212925.5053,200932.6,198217.95,-0.069073713,-0.056324419,0.013695278,roofs_top_kW,8760,202,cea,MULTI_RES,NONE,NONE,,roofs_top_kW,8760,2,0.902223289,0.90322327,0.843843758,0.96060282
Baixa_Alfama,B1574,matched,52.4176735,46.07,46.07,128832.4393,53765.3,55260.87,-0.571064009,-0.582672654,-0.027063816,roofs_top_kW,8760,88,cea,MULTI_RES,NONE,NONE,,roofs_top_kW,8760,,,,,
Baixa_Alfama,B1575,matched,87.6347378,87.63,87.63,224132.4029,148419.36,149874.21,-0.331313955,-0.337804984,-0.00970714,roofs_top_kW,8760,145,cea,MULTI_RES,NONE,NONE,,roofs_top_kW,8760,,,,,
Baixa_Alfama,B1576,matched,29.15335643,29.6,29.16,62817.65588,31333.8,30665.02,-0.511840746,-0.501194377,0.021809215,roofs_top_kW,8760,49,cea,MULTI_RES,NONE,NONE,,roofs_top_kW,8760,1,0.917349577,0.917349577,0.917349577,0.917349577
Baixa_Alfama,B1577,matched,141.2390761,143.33,143.33,281683.5697,153060.73,154280.25,-0.452292336,-0.456621733,-0.007904576,roofs_top_kW,8760,230,cea,MULTI_RES,NONE,NONE,,roofs_top_kW,8760,,,,,
Baixa_Alfama,B1578,matched,99.3238754,99.34,99.34,128890.0893,171807.67,172323.13,0.336977349,0.332978128,-0.002991241,roofs_top_kW,8760,167,cea,MULTI_RES,NONE,NONE,,roofs_top_kW,8760,,,,,
Baixa_Alfama,B1579,matched,79.30467144,81.79,83.51,142598.8262,138410.15,134483.83,-0.056907875,-0.029373848,0.02919548,roofs_top_kW,8760,133,cea,MULTI_RES,NONE,NONE,,roofs_top_kW,8760,1,0.773871243,0.773871243,0.773871243,0.773871243
Baixa_Alfama,B1580,matched,79.69006173,81.88,83.01,180227.4471,120924.88,142182.13,-0.211096133,-0.329042929,-0.149507185,roofs_top_kW,8760,132,cea,MULTI_RES,NONE,NONE,,roofs_top_kW,8760,1,0.649064898,0.649064898,0.649064898,0.649064898
Baixa_Alfama,B1581,matched,29.63295314,30.61,27.12,41333.70825,46933.7,39674.08,-0.040151932,0.135482442,0.182981433,roofs_top_kW,8760,50,cea,SINGLE_RES,NONE,NONE,,roofs_top_kW,8760,1,0.774470627,0.774470627,0.774470627,0.774470627
Baixa_Alfama,B1582,matched,91.56369903,94.8,73.49,194848.0451,100700.82,86548.82,-0.555813763,-0.483182806,0.16351465,roofs_top_kW,8760,151,cea,MULTI_RES,NONE,NONE,,roofs_top_kW,8760,2,0.99335584,0.993382253,0.993279278,0.993432403
Baixa_Alfama,B1583,matched,78.2630997,85.39,85.39,116711.5539,69693.06,70830.27,-0.393116897,-0.402860662,-0.016055424,roofs_top_kW,8760,129,cea,MULTI_RES,NONE,NONE,,roofs_top_kW,8760,,,,,
Baixa_Alfama,B1584,matched,84.36886474,87.02,84.37,220221.1462,153548.16,143705.57,-0.347448815,-0.302754696,0.06849136,roofs_top_kW,8760,140,cea,MULTI_RES,NONE,NONE,,roofs_top_kW,8760,1,0.898597896,0.898597896,0.898597896,0.898597896
Baixa_Alfama,B1585,matched,49.48156284,51.2,49.48,106671.101,45914.93,50928.02,-0.52256966,-0.569565425,-0.098434811,roofs_top_kW,8760,83,cea,MULTI_RES,NONE,NONE,,roofs_top_kW,8760,3,0.661307633,0.607586634,0.466707587,0.973595262
Baixa_Alfama,B1586,matched,90.14460502,93.07,84.8,205246.6834,125445.16,130023.73,-0.366500214,-0.388807858,-0.035213341,roofs_top_kW,8760,147,cea,MULTI_RES,NONE,NONE,,roofs_top_kW,8760,2,0.887363225,0.8908049,0.841370046,0.933356404
Baixa_Alfama,B1587,matched,80.37104169,82.88,84.78,82995.65694,133798.14,137736.46,0.65956226,0.612110138,-0.028593155,roofs_top_kW,8760,133,cea,MULTI_RES,NONE,NONE,,roofs_top_kW,8760,2,0.659282267,0.677475157,0.536814094,0.781750441
Baixa_Alfama,B1588,matched,25.20922524,25.21,25.21,66454.71056,41008.1,41923.38,-0.369143592,-0.382916581,-0.021832209,roofs_top_kW,8760,42,cea,MULTI_RES,NONE,NONE,,roofs_top_kW,8760,,,,,
Baixa_Alfama,B1589,matched,137.2371366,140.71,140.71,320962.7364,217990.44,236220.28,-0.264025841,-0.320823213,-0.077173052,roofs_top_kW,8760,227,cea,MULTI_RES,NONE,NONE,,roofs_top_kW,8760,,,,,
Baixa_Alfama,B1590,matched,26.66320292,27.64,26.66,62876.27656,26038.66,33453.37,-0.467949252,-0.585874651,-0.221643141,roofs_top_kW,8760,43,cea,MULTI_RES,NONE,NONE,,roofs_top_kW,8760,2,0.780872345,0.778286248,0.750396073,0.811348617
Baixa_Alfama,B1591,matched,126.187774,128.89,126.19,200656.9144,214512.26,199009.54,-0.008209906,0.069049929,0.077899381,roofs_top_kW,8760,209,cea,MULTI_RES,NONE,NONE,,roofs_top_kW,8760,1,0.933339179,0.933339179,0.933339179,0.933339179
Baixa_Alfama,B1592,matched,33.36430154,33.36,33.36,82157.17369,55334.07,55808.95,-0.320705089,-0.326485229,-0.008509029,roofs_top_kW,8760,55,cea,MULTI_RES,NONE,NONE,,roofs_top_kW,8760,,,,,
Baixa_Alfama,B1593,matched,27.5979547,27.6,27.6,38965.03509,45763.43,45890.01,0.177722794,0.174474241,-0.002758335,roofs_top_kW,8760,44,cea,MULTI_RES,NONE,NONE,,roofs_top_kW,8760,,,,,
Baixa_Alfama,B1594,matched,49.3938029,49.28,49.39,124114.3563,53619.04,52015.44,-0.580907144,-0.567986802,0.030829308,roofs_top_kW,8760,84,cea,MULTI_RES,NONE,NONE,,roofs_top_kW,8760,3,0.661307633,0.596894128,0.466707587,0.973595262
Baixa_Alfama,B1595,matched,52.46862785,49.1,49.1,107405.0903,64078.13,66658.73,-0.379370849,-0.403397643,-0.038713609,roofs_top_kW,8760,87,cea,MULTI_RES,NONE,NONE,,roofs_top_kW,8760,,,,,
Baixa_Alfama,B1596,matched,40.44643246,40.45,40.45,83653.92706,44634.77,46936.41,-0.438921619,-0.466435449,-0.04903741,roofs_top_kW,8760,67,cea,MULTI_RES,NONE,NONE,,roofs_top_kW,8760,,,,,
Baixa_Alfama,B1598,matched,132.3934992,140.02,140.02,352993.5248,220727.1,224361.66,-0.364402902,-0.374699295,-0.016199559,roofs_top_kW,8760,217,cea,MULTI_RES,NONE,NONE,,roofs_top_kW,8760,,,,,
Baixa_Alfama,B1599,matched,61.95452524,63.92,57.23,131371.5588,85036.94,81648.82,-0.378489372,-0.35269901,0.041496252,roofs_top_kW,8760,101,cea,MULTI_RES,NONE,NONE,,roofs_top_kW,8760,2,0.887363225,0.887301916,0.841370046,0.933356404
Baixa_Alfama,B1600,matched,58.8774831,52.17,52.17,156202.9488,87731.34,87727.03,-0.438377888,-0.438350296,4.91297E-05,roofs_top_kW,8760,97,cea,MULTI_RES,NONE,NONE,,roofs_top_kW,8760,,,,,
Baixa_Alfama,B1602,matched,216.2982746,220.52,221.09,501912.0353,291917,290196.14,-0.421818726,-0.418390117,0.005929989,roofs_top_kW,8760,355,cea,MULTI_RES,NONE,NONE,,roofs_top_kW,8760,2,0.953087956,0.951719689,0.90754354,0.998632371
Baixa_Alfama,B1603,matched,341.9006035,350.41,333.61,790633.3017,595414.23,578158.04,-0.268740592,-0.24691481,0.029846839,roofs_top_kW,8760,564,cea,MULTI_RES,NONE,NONE,,roofs_top_kW,8760,2,0.998170108,0.998196665,0.997495949,0.998844266
Baixa_Alfama,B1604,matched,95.57621166,91.58,91.58,247110.7465,152203.21,152292.84,-0.383706123,-0.384068835,-0.000588537,roofs_top_kW,8760,158,cea,MULTI_RES,NONE,NONE,,roofs_top_kW,8760,,,,,
Baixa_Alfama,B1605,matched,35.16051612,30.47,30.47,83007.64025,37465.51,37852.72,-0.543985109,-0.548649861,-0.010229384,roofs_top_kW,8760,58,cea,MULTI_RES,NONE,NONE,,roofs_top_kW,8760,,,,,
Baixa_Alfama,B1606,matched,203.6246171,196.68,187.08,361508.4735,261794.31,240135.27,-0.335740964,-0.275828012,0.090195164,roofs_top_kW,8760,334,cea,MULTI_RES,NONE,NONE,,roofs_top_kW,8760,3,0.788622995,0.834142384,0.584942102,0.949265838
Baixa_Alfama,B1607,matched,226.4449141,230.34,197.39,555389.6855,333327.15,286885.78,-0.483451372,-0.39983194,0.161881045,roofs_top_kW,8760,374,cea,MULTI_RES,NONE,NONE,,roofs_top_kW,8760,2,0.981369495,0.97974277,0.968056142,0.994682848
Baixa_Alfama,B1608,matched,151.6725565,156.87,156.87,371746.5261,221962.68,225044.05,-0.394630389,-0.402919289,-0.013692297,roofs_top_kW,8760,244,cea,MULTI_RES,NONE,NONE,,roofs_top_kW,8760,,,,,
Baixa_Alfama,B1618,matched,178.3097244,181.11,155.8,328295.4201,307296.47,266641.32,-0.187800671,-0.063963579,0.152471305,roofs_top_kW,8760,293,cea,MULTI_RES,NONE,NONE,,roofs_top_kW,8760,2,0.936690599,0.936145529,0.909209728,0.964171469
Baixa_Alfama,B1621,matched,58.57228652,59.72,58.57,87762.85769,99367.91,97456.26,0.110449939,0.132231933,0.019615466,roofs_top_kW,8760,96,cea,MULTI_RES,NONE,NONE,,roofs_top_kW,8760,2,0.709752202,0.68686997,0.57391727,0.845587134
Baixa_Alfama,B1623,matched,55.66561164,57.09,49.42,80953.17394,98280.15,85180.81,0.052223228,0.214037019,0.153782759,roofs_top_kW,8760,90,cea,MULTI_RES,NONE,NONE,,roofs_top_kW,8760,2,0.780907422,0.788867442,0.606172204,0.955642641
Baixa_Alfama,B1624,matched,59.55844225,61.85,59.47,106504.785,104561.09,98444.38,-0.075681154,-0.018249838,0.062133664,roofs_top_kW,8760,99,cea,MULTI_RES,NONE,NONE,,roofs_top_kW,8760,3,0.825333099,0.739987042,0.540930569,0.993851185
Baixa_Alfama,B1625,matched,78.40181925,80.26,79.08,161137.5231,133830.95,136565.26,-0.152492496,-0.169461294,-0.020022003,roofs_top_kW,8760,131,cea,MULTI_RES,NONE,NONE,,roofs_top_kW,8760,2,0.754762977,0.792996818,0.563734353,0.945791602
Baixa_Alfama,B1626,matched,56.63075359,57.81,33.19,142842.9076,89831.01,39087.68,-0.726358973,-0.371120264,1.298192423,roofs_top_kW,8760,94,cea,MULTI_RES,NONE,NONE,,roofs_top_kW,8760,2,0.754762977,0.718540035,0.563734353,0.945791602
Baixa_Alfama,B1627,matched,54.53003079,43.48,43.48,80844.24673,47731.41,55339.72,-0.315477325,-0.409588042,-0.13748371,roofs_top_kW,8760,90,cea,MULTI_RES,NONE,NONE,,roofs_top_kW,8760,,,,,
Baixa_Alfama,B1628,matched,62.58132986,64.33,61.11,151269.4004,107587.37,106202.45,-0.297925094,-0.288769773,0.013040377,roofs_top_kW,8760,103,cea,MULTI_RES,NONE,NONE,,roofs_top_kW,8760,2,0.766842335,0.805874542,0.581831992,0.951852679
Baixa_Alfama,B1629,matched,48.88538598,50.46,48.89,86634.47408,53129.08,56013.48,-0.353450453,-0.386744358,-0.051494747,roofs_top_kW,8760,80,cea,MULTI_RES,NONE,NONE,,roofs_top_kW,8760,2,0.691008449,0.696264345,0.672525287,0.709491611
Baixa_Alfama,B1630,matched,118.1374749,120.58,118.59,297281.4135,184264.89,200297.25,-0.326236889,-0.380166799,-0.080042836,roofs_top_kW,8760,195,cea,MULTI_RES,NONE,NONE,,roofs_top_kW,8760,2,0.701762453,0.714116776,0.441066891,0.962458014
Baixa_Alfama,B1631,matched,108.4493527,112.46,108.6,217396.8693,178163.13,176433.36,-0.188427319,-0.180470581,0.009804098,roofs_top_kW,8760,174,cea,MULTI_RES,NONE,NONE,,roofs_top_kW,8760,2,0.724215239,0.737909882,0.627002358,0.82142812
Baixa_Alfama,B1632,matched,76.83614865,78.5,73.34,191149.5953,134985.75,126801.14,-0.336639244,-0.293821419,0.064546817,roofs_top_kW,8760,129,cea,MULTI_RES,NONE,NONE,,roofs_top_kW,8760,2,0.695145786,0.686831261,0.610806644,0.779484928
Baixa_Alfama,B1633,matched,48.50575947,49.8,47.59,58515.6967,82890.17,81082.07,0.385646494,0.416545896,0.022299628,roofs_top_kW,8760,81,cea,MULTI_RES,NONE,NONE,,roofs_top_kW,8760,2,0.763682306,0.758294372,0.568081796,0.959282815
Baixa_Alfama,B1634,matched,581.3035757,586.35,586.35,1035837.336,698142.36,717999.8,-0.306841166,-0.326011589,-0.027656609,roofs_top_kW,8760,959,cea,MULTI_RES,NONE,NONE,,roofs_top_kW,8760,,,,,
Baixa_Alfama,B1635,matched,62.61488248,64.74,54.8,146051.582,94292.86,79640.74,-0.454708132,-0.354386589,0.183977698,roofs_top_kW,8760,102,cea,MULTI_RES,NONE,NONE,,roofs_top_kW,8760,2,0.917239368,0.917274699,0.86146301,0.973015726
Baixa_Alfama,B1636,matched,41.10786413,41.25,41.25,81505.42103,51376.54,58683.42,-0.280005928,-0.369654934,-0.124513534,roofs_top_kW,8760,68,cea,MULTI_RES,NONE,NONE,,roofs_top_kW,8760,,,,,
Baixa_Alfama,B1637,matched,56.03322108,59.03,52.1,67677.93553,86404.11,86867.64,0.283544472,0.276695415,-0.005336049,roofs_top_kW,8760,94,cea,MULTI_RES,NONE,NONE,,roofs_top_kW,8760,2,0.820940703,0.823626608,0.786004901,0.855876505
Baixa_Alfama,B1638,matched,31.14717478,31.95,31,57988.68883,45067.21,48777.03,-0.158852683,-0.222827574,-0.076056701,roofs_top_kW,8760,51,cea,MULTI_RES,NONE,NONE,,roofs_top_kW,8760,2,0.801898509,0.812512705,0.642675817,0.961121202
Baixa_Alfama,B1639,matched,43.57266489,39.16,39.16,88833.51164,61300.62,61577.66,-0.306819478,-0.309938121,-0.004499034,roofs_top_kW,8760,72,cea,MULTI_RES,NONE,NONE,,roofs_top_kW,8760,,,,,
Baixa_Alfama,B1640,matched,57.89281952,58.84,57.46,91200.09805,93672.13,95362.05,0.045635389,0.027105584,-0.017721096,roofs_top_kW,8760,97,cea,MULTI_RES,NONE,NONE,,roofs_top_kW,8760,1,0.711857796,0.711857796,0.711857796,0.711857796
Baixa_Alfama,B1641,matched,88.18754442,90.16,90.16,184824.9174,144214.69,146940.89,-0.204972511,-0.219722686,-0.018553039,roofs_top_kW,8760,143,cea,MULTI_RES,NONE,NONE,,roofs_top_kW,8760,,,,,
Baixa_Alfama,B1642,matched,40.26752242,41.99,40.27,51429.41641,46064.9,48209.22,-0.062613901,-0.104308327,-0.044479458,roofs_top_kW,8760,66,cea,MULTI_RES,NONE,NONE,,roofs_top_kW,8760,1,0.462692827,0.462692827,0.462692827,0.462692827
Baixa_Alfama,B1643,matched,103.670818,105.27,103.67,185832.0413,150238.63,150264.52,-0.191396064,-0.191535384,-0.000172296,roofs_top_kW,8760,171,cea,MULTI_RES,NONE,NONE,,roofs_top_kW,8760,2,0.425081521,0.421538374,0.392368436,0.457794607
Baixa_Alfama,B1644,matched,92.20530409,94.01,91.96,176204.4759,141888.26,150460.01,-0.14610563,-0.194752237,-0.056970287,roofs_top_kW,8760,154,cea,MULTI_RES,NONE,NONE,,roofs_top_kW,8760,4,0.729899764,0.721734265,0.577402353,0.880780578
Baixa_Alfama,B1645,matched,30.83188913,31.46,30.81,47669.71986,24709.44,28225.45,-0.407895618,-0.481653342,-0.124568785,roofs_top_kW,8760,51,cea,MULTI_RES,NONE,NONE,,roofs_top_kW,8760,1,0.979569256,0.979569256,0.979569256,0.979569256
Baixa_Alfama,B1646,matched,83.93570549,83.94,83.94,188185.4128,143436.6,141852.64,-0.246208099,-0.237791081,0.011166236,roofs_top_kW,8760,138,cea,MULTI_RES,NONE,NONE,,roofs_top_kW,8760,,,,,
Baixa_Alfama,B1647,matched,58.77641874,57.09,57.09,140916.3119,92264.84,93523.84,-0.336316437,-0.345250818,-0.013461808,roofs_top_kW,8760,102,cea,MULTI_RES,NONE,NONE,,roofs_top_kW,8760,,,,,
Baixa_Alfama,B1648,matched,30.87072028,30.86,30.12,34691.58325,52693.04,51876.64,0.495366747,0.518899833,0.015737334,roofs_top_kW,8760,52,cea,MULTI_RES,NONE,NONE,,roofs_top_kW,8760,1,0.479709655,0.479709655,0.479709655,0.479709655
Baixa_Alfama,B1649,matched,37.86939417,39.24,38.21,65612.68331,67003.04,66346.3,0.011181019,0.021190365,0.009898668,roofs_top_kW,8760,62,cea,MULTI_RES,NONE,NONE,,roofs_top_kW,8760,2,0.607354105,0.602861755,0.416189849,0.79851836
Baixa_Alfama,B1650,matched,80.28782514,81.95,75.44,180134.1383,88170.93,92266.4,-0.487790594,-0.510526262,-0.044387448,roofs_top_kW,8760,134,cea,MULTI_RES,NONE,NONE,,roofs_top_kW,8760,2,0.826826185,0.830842039,0.673686147,0.979966223
Baixa_Alfama,B1651,matched,43.47374503,44.56,43.48,109678.2161,68117.76,69735.03,-0.364185227,-0.378930817,-0.023191644,roofs_top_kW,8760,73,cea,MULTI_RES,NONE,NONE,,roofs_top_kW,8760,2,0.532447591,0.527118235,0.467998236,0.596896946
Baixa_Alfama,B1652,matched,63.6836625,65.5,63.68,157678.0971,89297.93,84778.24,-0.46233344,-0.433669408,0.053311911,roofs_top_kW,8760,106,cea,MULTI_RES,NONE,NONE,,roofs_top_kW,8760,2,0.598719373,0.608395057,0.499806195,0.697632551
Baixa_Alfama,B1653,matched,37.05990917,34.06,35.01,74480.02872,52373.58,58261.63,-0.217755001,-0.296810422,-0.101062226,roofs_top_kW,8760,62,cea,MULTI_RES,NONE,NONE,,roofs_top_kW,8760,3,0.798748672,0.798471506,0.658146501,0.913295984
Baixa_Alfama,B1654,matched,54.2628381,55.92,54.39,112002.0678,80120.38,81312.95,-0.274004922,-0.284652671,-0.014666422,roofs_top_kW,8760,89,cea,MULTI_RES,NONE,NONE,,roofs_top_kW,8760,2,0.877837628,0.879305308,0.814620316,0.94105494
Baixa_Alfama,B1655,matched,90.91171724,93.34,85.8,174360.053,125889.83,93418.45,-0.464221028,-0.277989265,0.347590653,roofs_top_kW,8760,149,cea,MULTI_RES,NONE,NONE,,roofs_top_kW,8760,1,0.835080981,0.835080981,0.835080981,0.835080981
Baixa_Alfama,B1656,matched,63.86946971,66.1,62.48,85763.22691,104997.53,88099.81,0.02724458,0.224272148,0.191802003,roofs_top_kW,8760,106,cea,MULTI_RES,NONE,NONE,,roofs_top_kW,8760,2,0.840317219,0.83599827,0.800700963,0.879933476
Baixa_Alfama,B1657,matched,81.66389271,83.39,81.06,176421.9263,101412.36,114399.02,-0.351560079,-0.42517145,-0.113520728,roofs_top_kW,8760,136,cea,MULTI_RES,NONE,NONE,,roofs_top_kW,8760,1,0.979569256,0.979569256,0.979569256,0.979569256
Baixa_Alfama,B1658,matched,115.1513306,115.2,115.2,223696.8581,123895.93,132507,-0.407649257,-0.446143629,-0.064985774,roofs_top_kW,8760,189,cea,MULTI_RES,NONE,NONE,,roofs_top_kW,8760,,,,,
Baixa_Alfama,B1659,matched,28.00373985,28.64,28,40872.51147,49018.21,48401.77,0.184213259,0.199295278,0.012735898,roofs_top_kW,8760,45,cea,MULTI_RES,NONE,NONE,,roofs_top_kW,8760,2,0.627839938,0.61028996,0.45637688,0.799302995
Baixa_Alfama,B1660,matched,120.7733359,122.2,120.53,203752.3425,193720.44,184257.99,-0.095676704,-0.049235765,0.051354354,roofs_top_kW,8760,204,cea,MULTI_RES,NONE,NONE,,roofs_top_kW,8760,1,0.978834271,0.978834271,0.978834271,0.978834271
Baixa_Alfama,B1661,matched,68.6661404,70.17,68.26,90774.62511,105522.84,114766.38,0.264300237,0.162470678,-0.080542228,roofs_top_kW,8760,114,cea,MULTI_RES,NONE,NONE,,roofs_top_kW,8760,1,0.978050292,0.978050292,0.978050292,0.978050292
Baixa_Alfama,B1662,matched,22.48190261,21.88,21.88,52419.50169,35094.3,36192.01,-0.309569743,-0.330510614,-0.030330175,roofs_top_kW,8760,35,cea,MULTI_RES,NONE,NONE,,roofs_top_kW,8760,,,,,
Baixa_Alfama,B1663,matched,83.28915582,84.23,82.73,175937.2892,143790.85,136864.01,-0.2220864,-0.182715326,0.050611114,roofs_top_kW,8760,136,cea,MULTI_RES,NONE,NONE,,roofs_top_kW,8760,2,0.763415009,0.759245446,0.533782482,0.993047535
Baixa_Alfama,B1664,matched,45.22335195,45.57,37.71,75415.68695,68223.73,59498.35,-0.211061353,-0.095364204,0.146649109,roofs_top_kW,8760,74,cea,MULTI_RES,NONE,NONE,,roofs_top_kW,8760,2,0.677105218,0.656797965,0.472862124,0.881348312
Baixa_Alfama,B1665,matched,121.8770716,118.78,121.44,216742.529,164024.21,175287.98,-0.191261721,-0.243230155,-0.064258656,roofs_top_kW,8760,200,cea,MULTI_RES,NONE,NONE,,roofs_top_kW,8760,2,0.972811729,0.98282194,0.946725309,0.998898149
Baixa_Alfama,B1666,matched,86.18545839,86.49,79.44,141115.0251,131935.31,113859.6,-0.193143324,-0.065051295,0.158754378,roofs_top_kW,8760,136,cea,MULTI_RES,NONE,NONE,,roofs_top_kW,8760,3,0.650842955,0.550834682,0.427927285,0.858106434
Baixa_Alfama,B1667,matched,109.6591351,110.24,109.36,257059.5306,190531.11,183796.09,-0.285005735,-0.258805501,0.036643979,roofs_top_kW,8760,183,cea,MULTI_RES,NONE,NONE,,roofs_top_kW,8760,2,0.743877083,0.700434388,0.652040482,0.835713685
Baixa_Alfama,B1668,matched,162.8294522,162.87,162.87,391205.9038,219749.71,220972.41,-0.435150626,-0.43827609,-0.00553327,roofs_top_kW,8760,264,cea,MULTI_RES,NONE,NONE,,roofs_top_kW,8760,,,,,
Baixa_Alfama,B1669,matched,122.742484,125.3,124.26,276284.2707,208862.81,204104.92,-0.261250308,-0.244029313,0.023311001,roofs_top_kW,8760,202,cea,MULTI_RES,NONE,NONE,,roofs_top_kW,8760,2,0.737928778,0.737645164,0.650757432,0.825100124
Baixa_Alfama,B1670,matched,78.9817336,71.45,71.45,158157.4619,111547.2,112476.44,-0.288832543,-0.294707953,-0.008261641,roofs_top_kW,8760,130,cea,MULTI_RES,NONE,NONE,,roofs_top_kW,8760,,,,,
Baixa_Alfama,B1671,matched,137.5106785,137.76,137.76,290754.2451,185879.22,189994.25,-0.346546944,-0.360699893,-0.021658708,roofs_top_kW,8760,226,cea,MULTI_RES,NONE,NONE,,roofs_top_kW,8760,,,,,
Baixa_Alfama,B1672,matched,55.2796106,46.54,46.54,132381.2008,48187.56,51585.87,-0.610323296,-0.635993935,-0.06587676,roofs_top_kW,8760,92,cea,MULTI_RES,NONE,NONE,,roofs_top_kW,8760,,,,,
Baixa_Alfama,B1673,matched,173.5032446,178.08,169.89,349563.9767,220950.72,224704.37,-0.35718671,-0.367924801,-0.016704838,roofs_top_kW,8760,284,cea,MULTI_RES,NONE,NONE,,roofs_top_kW,8760,2,0.698381394,0.679342519,0.539927483,0.856835306
Baixa_Alfama,B1674,matched,144.2734452,145.33,135.09,312580.4065,248445.93,229107.12,-0.267045806,-0.205177532,0.084409468,roofs_top_kW,8760,234,cea,MULTI_RES,NONE,NONE,,roofs_top_kW,8760,2,0.920619577,0.923126974,0.912302017,0.928937137
Baixa_Alfama,B1675,matched,76.20395509,76.51,76.51,128835.93,108832.08,113908.42,-0.115864495,-0.155266081,-0.044565099,roofs_top_kW,8760,125,cea,MULTI_RES,NONE,NONE,,roofs_top_kW,8760,,,,,
Baixa_Alfama,B1676,matched,59.7785204,59.74,59.74,132790.6061,92614.63,95076.07,-0.284015091,-0.302551342,-0.025889164,roofs_top_kW,8760,97,cea,MULTI_RES,NONE,NONE,,roofs_top_kW,8760,,,,,
Baixa_Alfama,B1677,matched,52.04550767,51.94,51.94,107119.4673,75114.93,83440.14,-0.221055312,-0.298774239,-0.099774641,roofs_top_kW,8760,86,cea,SINGLE_RES,NONE,NONE,,roofs_top_kW,8760,,,,,
Baixa_Alfama,B1678,matched,38.33358128,38.65,39.14,64679.06522,49792.84,32967.91,-0.490284687,-0.230155231,0.510342633,roofs_top_kW,8760,62,cea,MULTI_RES,NONE,NONE,,roofs_top_kW,8760,1,0.870347917,0.870347917,0.870347917,0.870347917
Baixa_Alfama,B1679,matched,46.04702495,46.96,46.05,81736.44122,46433.54,47877.25,-0.414248415,-0.431911406,-0.030154405,roofs_top_kW,8760,76,cea,MULTI_RES,NONE,NONE,,roofs_top_kW,8760,2,0.792800963,0.789959562,0.746215999,0.839385927
Baixa_Alfama,B1680,matched,49.79951876,50.43,49.8,87865.40116,50532.96,57439.14,-0.346282618,-0.424882157,-0.120234739,roofs_top_kW,8760,84,cea,MULTI_RES,NONE,NONE,,roofs_top_kW,8760,1,0.563667655,0.563667655,0.563667655,0.563667655
Baixa_Alfama,B1681,matched,54.4633787,55,41.3,115240.2957,87000.81,63328.43,-0.450466266,-0.245048709,0.373803361,roofs_top_kW,8760,90,cea,MULTI_RES,NONE,NONE,,roofs_top_kW,8760,2,0.401021317,0.398013416,0.369629651,0.432412982
Baixa_Alfama,B1682,matched,86.12489055,86.06,86.17,156071.841,122323.46,109910.01,-0.295772964,-0.216236195,0.112941942,roofs_top_kW,8760,143,cea,MULTI_RES,NONE,NONE,,roofs_top_kW,8760,1,0.729806006,0.729806006,0.729806006,0.729806006
Baixa_Alfama,B1683,matched,43.90624828,38.76,43.91,85283.44156,67916.16,76086.32,-0.10784182,-0.203641894,-0.107380144,roofs_top_kW,8760,71,cea,MULTI_RES,NONE,NONE,,roofs_top_kW,8760,3,0.617500454,0.521903323,0.403029293,0.867923379
Baixa_Alfama,B1684,matched,45.43752902,46.76,44.07,73313.58816,57708.73,50841.62,-0.30651846,-0.212850831,0.13506867,roofs_top_kW,8760,75,cea,MULTI_RES,NONE,NONE,,roofs_top_kW,8760,1,0.657098413,0.657098413,0.657098413,0.657098413
Baixa_Alfama,B1685,matched,40.37418534,40.9,40.2,84290.28713,66437.61,70416.89,-0.164590697,-0.211799933,-0.056510306,roofs_top_kW,8760,67,cea,MULTI_RES,NONE,NONE,,roofs_top_kW,8760,1,0.563667655,0.563667655,0.563667655,0.563667655
Baixa_Alfama,B1686,matched,95.01777948,91,91,173336.9629,116859.87,117196.63,-0.323879754,-0.325822559,-0.002873461,roofs_top_kW,8760,155,cea,MULTI_RES,NONE,NONE,,roofs_top_kW,8760,,,,,
Baixa_Alfama,B1687,matched,50.44748499,50.98,53.18,79446.50456,50035.1,58821.45,-0.259609339,-0.370203884,-0.14937323,roofs_top_kW,8760,85,cea,MULTI_RES,NONE,NONE,,roofs_top_kW,8760,1,0.735890388,0.735890388,0.735890388,0.735890388
Baixa_Alfama,B1688,matched,50.69754966,51.56,50.88,98209.29244,61288.69,64066.87,-0.347649612,-0.375937974,-0.043363754,roofs_top_kW,8760,84,cea,MULTI_RES,NONE,NONE,,roofs_top_kW,8760,1,0.756257355,0.756257355,0.756257355,0.756257355
Baixa_Alfama,B1689,matched,38.64371899,39.28,38.64,67321.34175,67137.46,61911.98,-0.080351366,-0.002731404,0.084401759,roofs_top_kW,8760,63,cea,MULTI_RES,NONE,NONE,,roofs_top_kW,8760,1,0.494250298,0.494250298,0.494250298,0.494250298
Baixa_Alfama,B1690,matched,65.81029912,64.4,64.4,160080.7154,111173.77,111264.6,-0.304946884,-0.305514285,-0.000816342,roofs_top_kW,8760,108,cea,MULTI_RES,NONE,NONE,,roofs_top_kW,8760,,,,,
Baixa_Alfama,B1691,matched,75.13665521,76.69,75.14,163115.2087,113016.87,125069.62,-0.233243663,-0.307134688,-0.096368327,roofs_top_kW,8760,124,cea,MULTI_RES,NONE,NONE,,roofs_top_kW,8760,1,0.670914412,0.670914412,0.670914412,0.670914412
Baixa_Alfama,B1692,matched,71.05875375,73.18,73.18,90341.87454,108916.58,110789.13,0.226331981,0.205604605,-0.016901929,roofs_top_kW,8760,117,cea,MULTI_RES,NONE,NONE,,roofs_top_kW,8760,,,,,
Baixa_Alfama,B1693,matched,88.0438526,87.83,76.23,159731.6149,118591.99,118132.58,-0.260430817,-0.25755468,0.003888936,roofs_top_kW,8760,147,cea,MULTI_RES,NONE,NONE,,roofs_top_kW,8760,3,0.834887962,0.868329005,0.724381566,0.927325547
Baixa_Alfama,B1694,matched,51.28606543,52.06,51.29,106138.9928,94207.71,87941.95,-0.171445407,-0.112411871,0.071248818,roofs_top_kW,8760,82,cea,MULTI_RES,NONE,NONE,,roofs_top_kW,8760,2,0.399078161,0.397434843,0.376875907,0.421280414
Baixa_Alfama,B1695,matched,34.18583991,34.46,34.46,45133.89331,59788.63,59839.22,0.325815603,0.324694716,-0.000845432,roofs_top_kW,8760,57,cea,MULTI_RES,NONE,NONE,,roofs_top_kW,8760,,,,,
Baixa_Alfama,B1696,matched,49.17214145,50.27,49.17,123134.3744,80193.72,79763.12,-0.352227025,-0.348730033,0.005398485,roofs_top_kW,8760,80,cea,MULTI_RES,NONE,NONE,,roofs_top_kW,8760,2,0.603980348,0.616236138,0.414372653,0.793588042
Baixa_Alfama,B1697,matched,35.51997861,35.5,35.5,92022.437,52625.98,52819.26,-0.426017592,-0.428117949,-0.003659271,roofs_top_kW,8760,58,cea,MULTI_RES,NONE,NONE,,roofs_top_kW,8760,,,,,
Baixa_Alfama,B1698,matched,42.23063543,44.54,42.23,76253.46564,47384.01,50758.81,-0.334340943,-0.378598604,-0.06648698,roofs_top_kW,8760,70,cea,MULTI_RES,NONE,NONE,,roofs_top_kW,8760,2,0.914671808,0.916995825,0.856896043,0.972447574
Baixa_Alfama,B1699,matched,47.32157402,47.72,47.32,68855.54788,49681.85,51617.5,-0.250350893,-0.278462643,-0.037499879,roofs_top_kW,8760,79,cea,MULTI_RES,NONE,NONE,,roofs_top_kW,8760,1,0.735890388,0.735890388,0.735890388,0.735890388
Baixa_Alfama,B1700,matched,82.93856677,82.79,82.79,177517.3781,142449.43,142448.01,-0.197554563,-0.197546564,9.96855E-06,roofs_top_kW,8760,135,cea,MULTI_RES,NONE,NONE,,roofs_top_kW,8760,,,,,
Baixa_Alfama,B1701,matched,41.08578693,42.07,41.03,94876.42075,73674.15,64396.2,-0.321262338,-0.223472498,0.144076048,roofs_top_kW,8760,69,cea,MULTI_RES,NONE,NONE,,roofs_top_kW,8760,1,0.665796638,0.665796638,0.665796638,0.665796638
Baixa_Alfama,B1702,matched,86.35110833,89.47,88.71,229534.2099,109631.48,75985.2,-0.66895915,-0.522374116,0.44280044,roofs_top_kW,8760,143,cea,MULTI_RES,NONE,NONE,,roofs_top_kW,8760,2,0.784690171,0.784695771,0.707076669,0.862303674
Baixa_Alfama,B1703,matched,107.3250367,109.64,107.39,253598.7306,182557.41,182975.98,-0.278482272,-0.280132793,-0.002287568,roofs_top_kW,8760,174,cea,MULTI_RES,NONE,NONE,,roofs_top_kW,8760,2,0.964743108,0.961635118,0.938358545,0.99112767
Baixa_Alfama,B1704,matched,48.1871712,48.19,50.62,116291.7451,74007.64,73670.84,-0.366499832,-0.363603668,0.004571687,roofs_top_kW,8760,81,cea,MULTI_RES,NONE,NONE,,roofs_top_kW,8760,1,0.545965791,0.545965791,0.545965791,0.545965791
Baixa_Alfama,B1705,matched,39.35291319,39.35,39.35,102746.027,62296.17,63238.65,-0.384514887,-0.393687797,-0.014903544,roofs_top_kW,8760,65,cea,MULTI_RES,NONE,NONE,,roofs_top_kW,8760,1,0.545965791,0.545965791,0.545965791,0.545965791
Baixa_Alfama,B1706,matched,51.01244341,52.18,51.13,73192.46669,51923.25,47470.09,-0.351434756,-0.290592976,0.093809807,roofs_top_kW,8760,84,cea,MULTI_RES,NONE,NONE,,roofs_top_kW,8760,1,0.665796638,0.665796638,0.665796638,0.665796638
Baixa_Alfama,B1707,matched,50.35809276,51.61,50.36,77924.64744,88811.13,87367.12,0.121174402,0.139705253,0.016528071,roofs_top_kW,8760,81,cea,MULTI_RES,NONE,NONE,,roofs_top_kW,8760,2,0.72721675,0.734307347,0.61182493,0.842608571
Baixa_Alfama,B1708,matched,62.40819612,63.67,62.41,158259.6995,113640.66,105021.73,-0.33639625,-0.281935576,0.082068063,roofs_top_kW,8760,104,cea,MULTI_RES,NONE,NONE,,roofs_top_kW,8760,2,0.399078161,0.403714751,0.376875907,0.421280414
Baixa_Alfama,B1709,matched,95.24786223,97.65,97.56,169175.3832,96730.1,88981.62,-0.474027377,-0.428225914,0.087079556,roofs_top_kW,8760,156,cea,MULTI_RES,NONE,NONE,,roofs_top_kW,8760,2,0.789680511,0.78860958,0.696429193,0.882931828
Baixa_Alfama,B1710,matched,51.09795996,51.96,51.64,75019.79521,71842.03,77323.61,0.030709425,-0.042359023,-0.070891413,roofs_top_kW,8760,83,cea,MULTI_RES,NONE,NONE,,roofs_top_kW,8760,1,0.756257355,0.756257355,0.756257355,0.756257355
Baixa_Alfama,B1711,matched,84.65127128,86.86,82.09,169291.1724,130655.36,111772.33,-0.339762798,-0.228221069,0.168941902,roofs_top_kW,8760,140,cea,MULTI_RES,NONE,NONE,,roofs_top_kW,8760,2,0.746144325,0.744970868,0.68481642,0.807472229
Baixa_Alfama,B1712,matched,82.62686422,84.56,74.33,175122.7826,62462.95,64526.2,-0.631537376,-0.64331911,-0.031975384,roofs_top_kW,8760,135,cea,MULTI_RES,NONE,NONE,,roofs_top_kW,8760,1,0.602171004,0.602171004,0.602171004,0.602171004
Baixa_Alfama,B1713,matched,87.05897375,84.04,85.71,152312.7261,93177.84,111946.86,-0.265019655,-0.388246522,-0.167660084,roofs_top_kW,8760,142,cea,MULTI_RES,NONE,NONE,,roofs_top_kW,8760,2,0.759434998,0.790651615,0.678042412,0.840827584
Baixa_Alfama,B1714,matched,99.1601299,102.57,99.98,228296.0281,175240.91,173678.18,-0.239241342,-0.23239615,0.008997849,roofs_top_kW,8760,164,cea,MULTI_RES,NONE,NONE,,roofs_top_kW,8760,2,0.931333721,0.931546392,0.9143852,0.948282242
Baixa_Alfama,B1715,matched,59.02831014,59.03,59.03,103643.9831,80186.59,82643.63,-0.202620089,-0.226326627,-0.029730543,roofs_top_kW,8760,96,cea,MULTI_RES,NONE,NONE,,roofs_top_kW,8760,,,,,
Baixa_Alfama,B1716,matched,154.0615253,154.31,154.31,382847.4234,257941.37,259124.83,-0.323164232,-0.326255437,-0.004567142,roofs_top_kW,8760,254,cea,MULTI_RES,NONE,NONE,,roofs_top_kW,8760,,,,,
Baixa_Alfama,B1717,matched,41.71149233,42.95,41.86,47100.91486,62473.65,63481.88,0.347784437,0.326378695,-0.01588217,roofs_top_kW,8760,68,cea,MULTI_RES,NONE,NONE,,roofs_top_kW,8760,1,0.904097497,0.904097497,0.904097497,0.904097497
Baixa_Alfama,B1718,matched,56.70033521,58.42,56.7,55884.77746,61270.98,69466.5,0.243030807,0.096380496,-0.117978018,roofs_top_kW,8760,93,cea,MULTI_RES,NONE,NONE,,roofs_top_kW,8760,2,0.713117689,0.715261745,0.686777413,0.739457965
Baixa_Alfama,B1719,matched,47.31140219,47.96,47.31,133603.8671,67671.62,73022.13,-0.453442991,-0.493490559,-0.073272445,roofs_top_kW,8760,84,cea,MULTI_RES,NONE,NONE,,roofs_top_kW,8760,1,0.874031842,0.874031842,0.874031842,0.874031842
Baixa_Alfama,B1720,matched,34.47300789,33.8,33.8,58465.97113,44223.12,44889.98,-0.232203295,-0.243609246,-0.014855431,roofs_top_kW,8760,54,cea,MULTI_RES,NONE,NONE,,roofs_top_kW,8760,,,,,
Baixa_Alfama,B1721,matched,99.45779437,103.36,98.54,184428.3342,93636.28,92771.25,-0.496979407,-0.492289076,0.009324333,roofs_top_kW,8760,165,cea,MULTI_RES,NONE,NONE,,roofs_top_kW,8760,2,0.827584386,0.827803708,0.772267699,0.882901073
Baixa_Alfama,B1722,matched,76.30668269,77.58,76.2,180739.8446,143026.93,128349.45,-0.289866325,-0.208658554,0.114355613,roofs_top_kW,8760,127,cea,MULTI_RES,NONE,NONE,,roofs_top_kW,8760,1,0.718514383,0.718514383,0.718514383,0.718514383
Baixa_Alfama,B1723,matched,71.39677053,73.5,70.91,152053.3906,133402.96,122138.43,-0.196739846,-0.122657118,0.092227565,roofs_top_kW,8760,115,cea,MULTI_RES,NONE,NONE,,roofs_top_kW,8760,1,0.776602864,0.776602864,0.776602864,0.776602864
Baixa_Alfama,B1724,matched,53.6701485,54.37,53.68,101416.5888,80194.34,75801.81,-0.252569911,-0.20925816,0.057947561,roofs_top_kW,8760,89,cea,MULTI_RES,NONE,NONE,,roofs_top_kW,8760,1,0.874031842,0.874031842,0.874031842,0.874031842
Baixa_Alfama,B1725,matched,91.99935855,93.66,94.2,202499.8266,152765.7,162360.85,-0.198217338,-0.245600835,-0.059097683,roofs_top_kW,8760,149,cea,MULTI_RES,NONE,NONE,,roofs_top_kW,8760,2,0.935953826,0.943241162,0.895139396,0.976768255
Baixa_Alfama,B1726,matched,67.07231177,63.1,63.1,158794.1426,97409.96,103025.93,-0.351198172,-0.386564527,-0.054510258,roofs_top_kW,8760,110,cea,MULTI_RES,NONE,NONE,,roofs_top_kW,8760,,,,,
Baixa_Alfama,B1727,matched,95.38385257,95.93,95.26,218447.4147,159567.69,164564.11,-0.246664877,-0.269537292,-0.030361541,roofs_top_kW,8760,158,cea,MULTI_RES,NONE,NONE,,roofs_top_kW,8760,3,0.853861888,0.836378303,0.795800984,0.904829264
Baixa_Alfama,B1728,matched,47.86159932,48.84,46.75,125656.8485,81620.95,81022.27,-0.355210074,-0.35044567,0.00738908,roofs_top_kW,8760,78,cea,MULTI_RES,NONE,NONE,,roofs_top_kW,8760,2,0.855954349,0.864996546,0.805516243,0.906392455
Baixa_Alfama,B1729,matched,76.82633165,78.36,69.21,110186.4671,125516.32,111081.99,0.00812734,0.139126458,0.129943027,roofs_top_kW,8760,127,cea,MULTI_RES,NONE,NONE,,roofs_top_kW,8760,2,0.894729197,0.893656995,0.844991863,0.944466531
Baixa_Alfama,B1730,matched,40.63015568,40.63,40.63,61589.27319,67255.35,69668.54,0.131179772,0.091997787,-0.034638159,roofs_top_kW,8760,65,cea,MULTI_RES,NONE,NONE,,roofs_top_kW,8760,,,,,
Baixa_Alfama,B1731,matched,25.32669779,25.11,25.11,42334.46728,22530.13,23368.28,-0.448008172,-0.46780646,-0.035866996,roofs_top_kW,8760,41,cea,MULTI_RES,NONE,NONE,,roofs_top_kW,8760,,,,,
Baixa_Alfama,B1732,matched,44.42277438,40.69,40.69,76809.7945,60320.43,62730.58,-0.183299729,-0.214677889,-0.038420655,roofs_top_kW,8760,73,cea,MULTI_RES,NONE,NONE,,roofs_top_kW,8760,,,,,
Baixa_Alfama,B1733,matched,54.69225225,55.92,52.8,68541.4146,92350.96,89045.02,0.299141848,0.347374584,0.037126613,roofs_top_kW,8760,91,cea,MULTI_RES,NONE,NONE,,roofs_top_kW,8760,2,0.79051432,0.79061673,0.758950174,0.822078466
Baixa_Alfama,B1734,matched,45.35297593,44.32,44.32,50116.25969,34863.22,37105.21,-0.259617333,-0.304353114,-0.060422512,roofs_top_kW,8760,77,cea,MULTI_RES,NONE,NONE,,roofs_top_kW,8760,,,,,
Baixa_Alfama,B1735,matched,119.5233032,122.23,109.49,259331.7628,205405.64,188938.09,-0.271442542,-0.207942607,0.087158444,roofs_top_kW,8760,196,cea,MULTI_RES,NONE,NONE,,roofs_top_kW,8760,2,0.807287037,0.812958667,0.674400151,0.940173924
Baixa_Alfama,B1736,matched,58.41170113,60.13,57.39,93143.26389,93386.68,96788.43,0.039135048,0.002613352,-0.035146246,roofs_top_kW,8760,94,cea,MULTI_RES,NONE,NONE,,roofs_top_kW,8760,2,0.724125713,0.752298014,0.558797956,0.889453471
Baixa_Alfama,B1737,matched,59.5816929,58.2,58.2,164951.2586,86671.31,89753.28,-0.455879993,-0.474564118,-0.034338244,roofs_top_kW,8760,99,cea,MULTI_RES,NONE,NONE,,roofs_top_kW,8760,,,,,
Baixa_Alfama,B1738,matched,63.283065,64.85,57.26,147741.5131,100250.29,93100.05,-0.369845022,-0.321448062,0.076801677,roofs_top_kW,8760,105,cea,MULTI_RES,NONE,NONE,,roofs_top_kW,8760,2,0.716155872,0.745348467,0.482564956,0.949746788
Baixa_Alfama,B1739,matched,38.40348713,39.92,34.56,67658.29447,60394.62,55271.6,-0.18307725,-0.107358226,0.092688107,roofs_top_kW,8760,63,cea,MULTI_RES,NONE,NONE,,roofs_top_kW,8760,1,0.89048326,0.89048326,0.89048326,0.89048326
Baixa_Alfama,B1740,matched,97.99429155,100.32,93.38,200154.9247,110148.53,121399.34,-0.39347313,-0.449683638,-0.092676039,roofs_top_kW,8760,160,cea,MULTI_RES,NONE,NONE,,roofs_top_kW,8760,2,0.799391657,0.804453545,0.62893635,0.969846964
Baixa_Alfama,B1741,matched,47.9322208,47.93,47.93,84635.0702,46825.67,47527.31,-0.438444254,-0.446734434,-0.014762881,roofs_top_kW,8760,79,cea,MULTI_RES,NONE,NONE,,roofs_top_kW,8760,,,,,
Baixa_Alfama,B1742,matched,55.7637602,57.24,55.76,125167.9727,66560.27,70085.87,-0.44006547,-0.468232419,-0.050304006,roofs_top_kW,8760,92,cea,MULTI_RES,NONE,NONE,,roofs_top_kW,8760,2,0.650273323,0.647638429,0.406788349,0.893758297
Baixa_Alfama,B1743,matched,38.57186816,39.8,38.38,98644.09725,60345.53,52140.81,-0.471424936,-0.388249964,0.157356972,roofs_top_kW,8760,64,cea,MULTI_RES,NONE,NONE,,roofs_top_kW,8760,1,0.83926481,0.83926481,0.83926481,0.83926481
Baixa_Alfama,B1744,matched,34.21185512,35.29,33.51,88464.564,54281.79,41635.69,-0.529351775,-0.386400751,0.303732207,roofs_top_kW,8760,56,cea,MULTI_RES,NONE,NONE,,roofs_top_kW,8760,1,0.83926481,0.83926481,0.83926481,0.83926481
Baixa_Alfama,B1746,matched,43.18192636,43.95,43.18,100729.1341,74096.43,74679.34,-0.25861231,-0.264399216,-0.007805506,roofs_top_kW,8760,73,cea,MULTI_RES,NONE,NONE,,roofs_top_kW,8760,2,0.971145093,0.970952475,0.94416374,0.998126447
Baixa_Alfama,B1747,matched,60.0562735,61.91,60.06,123314.2217,97185.57,96269.85,-0.219312674,-0.211886766,0.009512012,roofs_top_kW,8760,100,cea,MULTI_RES,NONE,NONE,,roofs_top_kW,8760,2,0.985504121,0.985781445,0.975612044,0.995396197
Baixa_Alfama,B1748,matched,142.748003,142.75,142.75,143618.7505,160916.05,162701.25,0.132869137,0.120439005,-0.010972257,roofs_top_kW,8760,237,cea,MULTI_RES,NONE,NONE,,roofs_top_kW,8760,,,,,
Baixa_Alfama,B1749,matched,13.10424877,13.1,13.1,33791.12275,12606.84,12493.83,-0.630262951,-0.626918582,0.009045265,roofs_top_kW,8760,22,cea,MULTI_RES,NONE,NONE,,roofs_top_kW,8760,,,,,
Baixa_Alfama,B1750,matched,261.7152273,267.23,261.72,661264.395,438389.2,439833.22,-0.334860272,-0.337043997,-0.003283108,roofs_top_kW,8760,431,cea,MULTI_RES,NONE,NONE,,roofs_top_kW,8760,4,0.579746686,0.600932222,0.414618134,0.820390701
Baixa_Alfama,B1752,matched,53.15617199,55.83,51.73,83397.26917,92560.46,89019.9,0.067419843,0.109873991,0.03977268,roofs_top_kW,8760,87,cea,MULTI_RES,NONE,NONE,,roofs_top_kW,8760,2,0.98476553,0.985029453,0.979882419,0.98964864
Baixa_Alfama,B1753,matched,86.3080834,89.08,86.42,171706.7459,114433.11,125810.69,-0.26729326,-0.333554955,-0.090434128,roofs_top_kW,8760,143,cea,MULTI_RES,NONE,NONE,,roofs_top_kW,8760,2,0.994020551,0.994081939,0.992868066,0.995173037
Baixa_Alfama,B1754,matched,23.63631738,23.76,23.76,14887.07803,28412.82,30357.71,1.039198689,0.908555859,-0.064065768,roofs_top_kW,8760,39,cea,MULTI_RES,NONE,NONE,,roofs_top_kW,8760,,,,,
Baixa_Alfama,B1755,matched,31.59066829,32.84,27.26,76279.55463,29903.73,33407.19,-0.562042671,-0.607971885,-0.104871436,roofs_top_kW,8760,53,cea,MULTI_RES,NONE,NONE,,roofs_top_kW,8760,2,0.780872345,0.785302957,0.750396073,0.811348617
Baixa_Alfama,B1756,matched,13.26761312,13.58,6.58,13491.51638,20834.53,10850.52,-0.195752375,0.544268963,0.920141155,roofs_top_kW,8760,19,cea,MULTI_RES,NONE,NONE,,roofs_top_kW,8760,2,0.747471571,0.753859156,0.53677696,0.958166182
Baixa_Alfama,B1757,matched,107.9051273,111.54,111.54,180066.4679,183501.97,190881.23,0.060059834,0.019079078,-0.038658908,roofs_top_kW,8760,179,cea,MULTI_RES,NONE,NONE,,roofs_top_kW,8760,,,,,
Baixa_Alfama,B1758,matched,498.0800457,493.46,493.46,1017691.863,853619.62,853746.04,-0.161095739,-0.161219961,-0.000148077,roofs_top_kW,8760,817,cea,MULTI_RES,NONE,NONE,,roofs_top_kW,8760,,,,,
Baixa_Alfama,B1759,matched,40.9355465,41.49,41.36,68583.68413,52454.25,51230.63,-0.253020151,-0.235178882,0.023884539,roofs_top_kW,8760,67,cea,MULTI_RES,NONE,NONE,,roofs_top_kW,8760,3,0.388198127,0.388967024,0.377010524,0.395525515
Baixa_Alfama,B1760,matched,83.16692231,84.33,83.14,168574.1566,123414.85,123339.93,-0.26833429,-0.267889856,0.000607427,roofs_top_kW,8760,139,cea,MULTI_RES,NONE,NONE,,roofs_top_kW,8760,2,0.529698431,0.531683931,0.4793396,0.580057263
Baixa_Alfama,B1761,matched,172.2222228,171.44,155.56,399699.2265,257640.51,237523.13,-0.405745335,-0.355414039,0.084696509,roofs_top_kW,8760,282,cea,MULTI_RES,NONE,NONE,,roofs_top_kW,8760,3,0.623960117,0.595582916,0.437735826,0.983210802
Baixa_Alfama,B1762,matched,1.700058037,1.21,1.21,4622.295875,2075.18,2076.02,-0.550868214,-0.551049942,-0.00040462,roofs_top_kW,8760,3,cea,MULTI_RES,NONE,NONE,,roofs_top_kW,8760,,,,,
Baixa_Alfama,B1766,matched,191.6034247,198,191.6,381226.4898,345682.64,326334.3,-0.143988393,-0.093235519,0.059289937,roofs_top_kW,8760,317,cea,MULTI_RES,NONE,NONE,,roofs_top_kW,8760,3,0.861470163,0.845170995,0.782495797,0.901648819
Baixa_Alfama,B1767,matched,74.18317527,76.65,74.18,122266.2786,114187.03,121333.21,-0.007631447,-0.066079124,-0.058897148,roofs_top_kW,8760,120,cea,MULTI_RES,NONE,NONE,,roofs_top_kW,8760,2,0.850428939,0.847630085,0.783871293,0.916986585
Baixa_Alfama,B1768,matched,128.5293073,131.64,128.53,169152.1878,160768.57,198678.4,0.174554125,-0.049562574,-0.190810023,roofs_top_kW,8760,212,cea,MULTI_RES,NONE,NONE,,roofs_top_kW,8760,2,0.765307099,0.77253838,0.538089633,0.992524564
Baixa_Alfama,B1770,matched,51.16991343,56.54,56.54,106731.4379,66370.89,66892.1,-0.373267134,-0.378150512,-0.007791802,roofs_top_kW,8760,85,cea,MULTI_RES,NONE,NONE,,roofs_top_kW,8760,,,,,
Baixa_Alfama,B1771,matched,77.30873963,79.79,76.83,138202.5342,148747.29,128633.25,-0.069241018,0.076299294,0.156367347,roofs_top_kW,8760,127,cea,MULTI_RES,NONE,NONE,,roofs_top_kW,8760,1,0.975779891,0.975779891,0.975779891,0.975779891
Baixa_Alfama,B1772,matched,54.76272798,56.43,54.71,104943.8281,86038.36,86064.69,-0.179897555,-0.180148451,-0.000305933,roofs_top_kW,8760,90,cea,MULTI_RES,NONE,NONE,,roofs_top_kW,8760,2,0.844910264,0.848934125,0.818283081,0.871537447
Baixa_Alfama,B1773,matched,83.79054963,88.54,83.79,187885.8964,159398.21,134227.84,-0.285588527,-0.151622272,0.187519743,roofs_top_kW,8760,137,cea,MULTI_RES,NONE,NONE,,roofs_top_kW,8760,2,0.830964804,0.827355918,0.696647882,0.965281725
Baixa_Alfama,B1777,matched,62.68265402,60.91,60.91,114887.4406,63273.78,90343.43,-0.21363528,-0.44925416,-0.299630532,roofs_top_kW,8760,105,cea,MULTI_RES,NONE,NONE,,roofs_top_kW,8760,,,,,
Baixa_Alfama,B1778,matched,188.6576598,182.38,182.38,268713.7245,207994.36,208448.6,-0.224272596,-0.225963019,-0.002179146,roofs_top_kW,8760,312,cea,MULTI_RES,NONE,NONE,,roofs_top_kW,8760,,,,,
Baixa_Alfama,B1779,matched,60.04688101,62.24,60.05,122784.7849,87170.53,95880.48,-0.21911758,-0.2900543,-0.090841744,roofs_top_kW,8760,99,cea,MULTI_RES,NONE,NONE,,roofs_top_kW,8760,2,0.724067181,0.71236333,0.502244532,0.945889831
Baixa_Alfama,B1780,matched,1.350162962,0.68,0.68,2955.422125,1142.59,1145.75,-0.612322724,-0.613391945,-0.002758019,roofs_top_kW,8760,2,cea,MULTI_RES,NONE,NONE,,roofs_top_kW,8760,,,,,
Baixa_Alfama,B1782,matched,89.03564227,97.05,97.05,125559.4345,131983.51,138563.25,0.103567012,0.051163622,-0.047485462,roofs_top_kW,8760,143,cea,MULTI_RES,NONE,NONE,,roofs_top_kW,8760,,,,,
Baixa_Alfama,B1783,matched,303.586352,310.98,303.05,661227.8241,428903.78,413171.19,-0.375145487,-0.351352492,0.038077655,roofs_top_kW,8760,500,cea,MULTI_RES,NONE,NONE,,roofs_top_kW,8760,2,0.533271521,0.544542214,0.448771715,0.617771327
Baixa_Alfama,B1784,matched,120.9111478,118.99,118.99,182778.4191,138889.06,139025.52,-0.239376724,-0.240123311,-0.000981546,roofs_top_kW,8760,199,cea,MULTI_RES,NONE,NONE,,roofs_top_kW,8760,,,,,
Baixa_Alfama,B1785,matched,165.7316764,168.53,165.65,303624.1541,275384.15,272618.07,-0.102119952,-0.093009741,0.010146356,roofs_top_kW,8760,274,cea,MULTI_RES,NONE,NONE,,roofs_top_kW,8760,2,0.754826099,0.792142131,0.642037153,0.867615044
Baixa_Alfama,B1786,matched,154.8045634,159.46,147.84,301728.8516,302146.86,249126.32,-0.174337095,0.001385378,0.212825927,roofs_top_kW,8760,254,cea,MULTI_RES,NONE,NONE,,roofs_top_kW,8760,1,0.661701679,0.661701679,0.661701679,0.661701679
Baixa_Alfama,B1787,matched,638.8474092,663.69,663.69,1326189.037,1137773.81,1141853.64,-0.138996321,-0.142072677,-0.003572989,roofs_top_kW,8760,1056,cea,MULTI_RES,NONE,NONE,,roofs_top_kW,8760,,,,,
Baixa_Alfama,B1788,matched,57.09073384,58.56,58.56,119538.6282,95784.62,95976.29,-0.197110662,-0.198714077,-0.001997056,roofs_top_kW,8760,95,cea,MULTI_RES,NONE,NONE,,roofs_top_kW,8760,,,,,
Baixa_Alfama,B1789,matched,172.6681213,175.3,175.3,293628.6503,234408.52,243398.64,-0.171066448,-0.20168376,-0.036935786,roofs_top_kW,8760,285,cea,MULTI_RES,NONE,NONE,,roofs_top_kW,8760,,,,,
Baixa_Alfama,B1790,matched,391.1367101,406,398.21,731547.7656,650029.94,614468.19,-0.160043651,-0.111431993,0.057874029,roofs_top_kW,8760,647,cea,MULTI_RES,NONE,NONE,,roofs_top_kW,8760,2,0.98919189,0.98966813,0.980120599,0.99826318
Baixa_Alfama,B1791,matched,347.1091278,354.41,354.41,677848.0194,586225.91,591400.66,-0.127532068,-0.135166153,-0.00874999,roofs_top_kW,8760,567,cea,MULTI_RES,NONE,NONE,,roofs_top_kW,8760,,,,,
Baixa_Alfama,B1792,matched,168.0455315,158.84,158.84,330942.2876,269396.27,270241.1,-0.183419254,-0.185972056,-0.003126208,roofs_top_kW,8760,277,cea,MULTI_RES,NONE,NONE,,roofs_top_kW,8760,,,,,
Baixa_Alfama,B1793,matched,107.2816541,109.37,97.87,214231.8627,161933.38,152456.74,-0.288356372,-0.244120935,0.062159535,roofs_top_kW,8760,177,cea,MULTI_RES,NONE,NONE,,roofs_top_kW,8760,2,0.88757515,0.888737219,0.799727559,0.97542274
Baixa_Alfama,B1794,matched,107.4614492,108.25,107.46,209234.4915,176873.03,175958.02,-0.15903913,-0.154665998,0.005200161,roofs_top_kW,8760,177,cea,MULTI_RES,NONE,NONE,,roofs_top_kW,8760,3,0.635001143,0.6291349,0.504288554,0.787509382
Baixa_Alfama,B1795,matched,46.59115626,31.42,31.42,94246.26769,54213.04,54301.26,-0.423836494,-0.424772552,-0.00162464,roofs_top_kW,8760,75,cea,MULTI_RES,NONE,NONE,,roofs_top_kW,8760,,,,,
Baixa_Alfama,B1796,matched,38.40578693,38.63,38.63,50516.25581,30979.69,35332.87,-0.300564354,-0.386738199,-0.123204823,roofs_top_kW,8760,65,cea,MULTI_RES,NONE,NONE,,roofs_top_kW,8760,,,,,
Baixa_Alfama,B1797,matched,31.22831453,32.68,32.68,34558.12084,31003.14,33749.06,-0.023411598,-0.102869622,-0.081362859,roofs_top_kW,8760,50,cea,MULTI_RES,NONE,NONE,,roofs_top_kW,8760,,,,,
Baixa_Alfama,B1798,matched,36.654013,36.63,36.63,82845.83938,62955.34,63280.78,-0.236162245,-0.240090505,-0.005142794,roofs_top_kW,8760,60,cea,MULTI_RES,NONE,NONE,,roofs_top_kW,8760,,,,,
Baixa_Alfama,B1799,matched,22.86161592,8.5,8.5,40111.15331,13301.84,13220.03,-0.670415111,-0.668375529,0.006188337,roofs_top_kW,8760,36,cea,MULTI_RES,NONE,NONE,,roofs_top_kW,8760,,,,,
Baixa_Alfama,B1800,matched,60.19462014,50.59,50.59,102248.7409,85840.88,85876.86,-0.160118167,-0.160470054,-0.000418972,roofs_top_kW,8760,100,cea,MULTI_RES,NONE,NONE,,roofs_top_kW,8760,,,,,
Baixa_Alfama,B1801,matched,119.5024814,108.97,108.97,273892.6023,171432.97,172818.21,-0.369029289,-0.374086892,-0.00801559,roofs_top_kW,8760,197,cea,MULTI_RES,NONE,NONE,,roofs_top_kW,8760,,,,,
Baixa_Alfama,B1802,matched,12.91027551,12.91,12.91,15703.75406,14203.67,15069.66,-0.040378502,-0.095523915,-0.057465796,roofs_top_kW,8760,22,cea,MULTI_RES,NONE,NONE,,roofs_top_kW,8760,,,,,
Baixa_Alfama,B1803,matched,28.72061185,29.62,28.21,64830.53906,47070.08,47877.42,-0.261498968,-0.27395205,-0.016862646,roofs_top_kW,8760,48,cea,MULTI_RES,NONE,NONE,,roofs_top_kW,8760,4,0.627725571,0.595375575,0.460426033,0.755377591
Baixa_Alfama,B1804,matched,73.2690642,69.93,69.93,123712.4646,97814.71,101527.15,-0.179329663,-0.20933828,-0.036565983,roofs_top_kW,8760,120,cea,MULTI_RES,NONE,NONE,,roofs_top_kW,8760,,,,,
Baixa_Alfama,B1805,matched,55.43177145,55.44,55.44,49235.83561,36862.91,46271.73,-0.0602022,-0.25129919,-0.20333841,roofs_top_kW,8760,92,cea,MULTI_RES,NONE,NONE,,roofs_top_kW,8760,,,,,
Baixa_Alfama,B1806,matched,30.84270912,28.78,28.78,54827.77722,35762.41,37120.23,-0.322966717,-0.347731901,-0.036578976,roofs_top_kW,8760,51,cea,MULTI_RES,NONE,NONE,,roofs_top_kW,8760,,,,,
Baixa_Alfama,B1807,matched,8.684355951,5.65,5.65,11848.34263,9324.8,9325.33,-0.212942241,-0.212986973,-5.68344E-05,roofs_top_kW,8760,15,cea,MULTI_RES,NONE,NONE,,roofs_top_kW,8760,,,,,
Baixa_Alfama,B1810,matched,16.83835137,16.85,16.85,10151.37919,18437.17,18869.2,0.85878191,0.816223161,-0.022896042,roofs_top_kW,8760,28,cea,MULTI_RES,NONE,NONE,,roofs_top_kW,8760,,,,,
Baixa_Alfama,B1811,matched,58.24078407,58.8,58.24,126020.0766,58694.86,59344.12,-0.529089954,-0.534241991,-0.010940595,roofs_top_kW,8760,96,cea,MULTI_RES,NONE,NONE,,roofs_top_kW,8760,2,0.614720434,0.614707065,0.602120399,0.627320468
Baixa_Alfama,B1812,matched,92.65010386,94.38,89.44,192929.6836,145702.95,155381.03,-0.194623517,-0.244787286,-0.06228611,roofs_top_kW,8760,153,cea,MULTI_RES,NONE,NONE,,roofs_top_kW,8760,1,0.738311708,0.738311708,0.738311708,0.738311708
Baixa_Alfama,B1815,matched,34.66207695,34.66,34.66,68219.88791,49416.46,49940.49,-0.267948225,-0.27562971,-0.010493089,roofs_top_kW,8760,57,cea,MULTI_RES,NONE,NONE,,roofs_top_kW,8760,,,,,
Baixa_Alfama,B1816,matched,34.55622563,35.46,34.56,62728.92116,51857.49,54348.89,-0.133591189,-0.173308116,-0.045840863,roofs_top_kW,8760,58,cea,MULTI_RES,NONE,NONE,,roofs_top_kW,8760,3,0.718099972,0.740677883,0.644218326,0.800371706
Baixa_Alfama,B1817,matched,65.30446567,66.91,65.3,85605.14763,104346.31,107195.77,0.25221173,0.218925648,-0.026581832,roofs_top_kW,8760,105,cea,MULTI_RES,NONE,NONE,,roofs_top_kW,8760,3,0.718099972,0.743597408,0.644218326,0.800371706
Baixa_Alfama,B1818,matched,23.1904502,22.79,22.79,36295.57469,32794.73,34760.35,-0.042297848,-0.096453761,-0.056547762,roofs_top_kW,8760,38,cea,MULTI_RES,NONE,NONE,,roofs_top_kW,8760,,,,,
Baixa_Alfama,B1820,matched,85.40853659,88.17,81.32,203483.6424,120363.82,130241.81,-0.359939657,-0.40848405,-0.075843464,roofs_top_kW,8760,141,cea,MULTI_RES,NONE,NONE,,roofs_top_kW,8760,2,0.717674881,0.720123862,0.639874637,0.795475125
Baixa_Alfama,B1821,matched,69.34695758,70.12,68.36,142462.3423,118083,110689.24,-0.223028077,-0.171128327,0.066797459,roofs_top_kW,8760,110,cea,MULTI_RES,NONE,NONE,,roofs_top_kW,8760,2,0.401021317,0.399753071,0.369629651,0.432412982
Baixa_Alfama,B1822,matched,42.63248246,42.84,42.84,105722.7025,71552.59,74178.47,-0.298367633,-0.323205061,-0.03539949,roofs_top_kW,8760,69,cea,MULTI_RES,NONE,NONE,,roofs_top_kW,8760,,,,,
Baixa_Alfama,B1823,matched,61.64213886,63.28,55.53,167111.0869,100932.18,93346.59,-0.441409952,-0.396017452,0.081262636,roofs_top_kW,8760,100,cea,MULTI_RES,NONE,NONE,,roofs_top_kW,8760,2,0.532447591,0.521652034,0.467998236,0.596896946
Baixa_Alfama,B1824,matched,58.22255943,59.33,56.76,100191.8492,80518.71,79586.87,-0.205655244,-0.196354687,0.011708464,roofs_top_kW,8760,95,cea,MULTI_RES,NONE,NONE,,roofs_top_kW,8760,2,0.734130561,0.743940053,0.570539713,0.89772141
Baixa_Alfama,B1825,matched,17.366924,17.37,17.37,41101.64188,24907.82,26586.68,-0.353147982,-0.393994525,-0.063146658,roofs_top_kW,8760,30,cea,MULTI_RES,NONE,NONE,,roofs_top_kW,8760,,,,,
Baixa_Alfama,B1826,matched,22.38245752,22.38,22.38,19815.7362,22096.6,21523.3,0.08617211,0.115103662,0.02663625,roofs_top_kW,8760,37,cea,MULTI_RES,NONE,NONE,,roofs_top_kW,8760,1,0.511910975,0.511910975,0.511910975,0.511910975
Baixa_Alfama,B1827,matched,98.23108339,102.01,90.31,212391.3514,157876.57,148029.64,-0.303033579,-0.256671381,0.066519989,roofs_top_kW,8760,160,cea,MULTI_RES,NONE,NONE,,roofs_top_kW,8760,4,0.800822631,0.785357974,0.698626637,0.927325547
Baixa_Alfama,B1828,matched,90.06710454,91.99,91.99,123270.7763,153918.68,155930.66,0.264944252,0.248622622,-0.012903043,roofs_top_kW,8760,149,cea,MULTI_RES,NONE,NONE,,roofs_top_kW,8760,,,,,
Baixa_Alfama,B1829,matched,94.16014015,95.89,83.55,137587.0648,145928.63,139425.89,0.013364812,0.060627539,0.046639401,roofs_top_kW,8760,158,cea,MULTI_RES,NONE,NONE,,roofs_top_kW,8760,1,0.966823459,0.966823459,0.966823459,0.966823459
Baixa_Alfama,B1830,matched,65.93813,66.42,66.42,120609.2306,113708.53,114831.47,-0.047904796,-0.05721536,-0.009779027,roofs_top_kW,8760,107,cea,MULTI_RES,NONE,NONE,,roofs_top_kW,8760,,,,,
Baixa_Alfama,B1831,matched,214.1220739,209.9,209.9,465330.4434,363536.27,363857.71,-0.218065968,-0.218756745,-0.000883422,roofs_top_kW,8760,352,cea,MULTI_RES,NONE,NONE,,roofs_top_kW,8760,,,,,
Baixa_Alfama,B1832,matched,40.90495756,37.51,37.51,59843.60412,45128.58,59756.01,-0.001463717,-0.245891342,-0.244785922,roofs_top_kW,8760,67,cea,MULTI_RES,NONE,NONE,,roofs_top_kW,8760,,,,,
Baixa_Alfama,B1833,matched,124.7687805,124.7,120.29,282312.0209,204458.23,193150.96,-0.315824529,-0.275772143,0.058541102,roofs_top_kW,8760,204,cea,MULTI_RES,NONE,NONE,,roofs_top_kW,8760,3,0.456478874,0.47735491,0.407615989,0.5353145
Baixa_Alfama,B1834,matched,232.6533025,235.27,238.04,560522.8807,379762.27,360620.71,-0.356635166,-0.322485695,0.053079481,roofs_top_kW,8760,383,cea,MULTI_RES,NONE,NONE,,roofs_top_kW,8760,1,0.895868421,0.895868421,0.895868421,0.895868421
Baixa_Alfama,B1835,matched,51.010159,50.74,50.74,112932.4806,81858.9,85297.02,-0.244707815,-0.275151847,-0.040307622,roofs_top_kW,8760,84,cea,MULTI_RES,NONE,NONE,,roofs_top_kW,8760,,,,,
Baixa_Alfama,B1836,matched,45.69811484,46.39,44.59,101030.4695,72267.54,73330.52,-0.274174213,-0.284695594,-0.014495738,roofs_top_kW,8760,76,cea,MULTI_RES,NONE,NONE,,roofs_top_kW,8760,2,0.92247659,0.913923935,0.85319066,0.991762519
Baixa_Alfama,B1837,matched,148.4000515,131.37,131.37,311915.6068,203510.29,215440.98,-0.30929721,-0.347546947,-0.055377997,roofs_top_kW,8760,244,cea,MULTI_RES,NONE,NONE,,roofs_top_kW,8760,,,,,
Baixa_Alfama,B1838,matched,33.63395855,34.61,34.06,86473.68963,47925.93,45751.45,-0.470920575,-0.445774429,0.047528111,roofs_top_kW,8760,55,cea,MULTI_RES,NONE,NONE,,roofs_top_kW,8760,2,0.868297458,0.853323097,0.756325006,0.980269909
Baixa_Alfama,B1839,matched,41.02555707,39.58,39.58,101658.2088,64006.93,64697.9,-0.363574268,-0.370371259,-0.010679945,roofs_top_kW,8760,67,cea,MULTI_RES,NONE,NONE,,roofs_top_kW,8760,,,,,
Baixa_Alfama,B1840,matched,40.51497209,41.26,40.52,88095.73275,60670.6,65166.58,-0.260275408,-0.31131057,-0.068992112,roofs_top_kW,8760,68,cea,MULTI_RES,NONE,NONE,,roofs_top_kW,8760,2,0.617257625,0.611948058,0.526333094,0.708182156
Baixa_Alfama,B1841,matched,123.4147266,126.22,120.89,279638.075,224877.33,208181.85,-0.2555311,-0.195827213,0.080196617,roofs_top_kW,8760,204,cea,MULTI_RES,NONE,NONE,,roofs_top_kW,8760,1,0.971781909,0.971781909,0.971781909,0.971781909
Baixa_Alfama,B1842,matched,73.84323547,73.84,73.84,114260.357,112073.36,116098.63,0.016088458,-0.019140471,-0.034671124,roofs_top_kW,8760,121,cea,MULTI_RES,NONE,NONE,,roofs_top_kW,8760,,,,,
Baixa_Alfama,B1843,matched,283.3966068,286.71,285.99,563600.6583,394517.7,394528.04,-0.299986552,-0.300004899,-2.62085E-05,roofs_top_kW,8760,466,cea,MULTI_RES,NONE,NONE,,roofs_top_kW,8760,2,0.719829261,0.716635872,0.692178011,0.747480512
Baixa_Alfama,B1844,matched,66.44223821,65.46,65.46,141488.7719,112786.22,113125.1,-0.200465885,-0.202860987,-0.002995622,roofs_top_kW,8760,107,cea,MULTI_RES,NONE,NONE,,roofs_top_kW,8760,,,,,
Baixa_Alfama,B1845,matched,89.6778579,92.1,88.7,178196.4843,143920.23,147291.3,-0.173433188,-0.192350901,-0.022887095,roofs_top_kW,8760,149,cea,MULTI_RES,NONE,NONE,,roofs_top_kW,8760,2,0.623666435,0.629941866,0.531831205,0.715501666
Baixa_Alfama,B1846,matched,27.96119148,28.44,28.44,69016.23875,10946.91,12448.34,-0.819631724,-0.841386459,-0.120612869,roofs_top_kW,8760,46,cea,MULTI_RES,NONE,NONE,,roofs_top_kW,8760,,,,,
Baixa_Alfama,B1847,matched,79.14265529,79.14,79.14,121774.1771,66759.54,76975.37,-0.367884294,-0.451775889,-0.132715569,roofs_top_kW,8760,131,cea,MULTI_RES,NONE,NONE,,roofs_top_kW,8760,,,,,
Baixa_Alfama,B1848,matched,40.98984717,41.87,40.49,101520.8199,61047.85,63519.19,-0.374323513,-0.398666697,-0.038906982,roofs_top_kW,8760,66,cea,MULTI_RES,NONE,NONE,,roofs_top_kW,8760,3,0.630855143,0.642690678,0.587828994,0.676569045
Baixa_Alfama,B1849,matched,33.33587528,33.34,33.34,62399.8905,57236.41,57035.94,-0.085960896,-0.08274823,0.003514801,roofs_top_kW,8760,52,cea,MULTI_RES,NONE,NONE,,roofs_top_kW,8760,,,,,
Baixa_Alfama,B1850,matched,50.76229992,42.98,42.98,122956.9274,71519.59,71451.76,-0.418887886,-0.41833623,0.000949312,roofs_top_kW,8760,84,cea,MULTI_RES,NONE,NONE,,roofs_top_kW,8760,,,,,
Baixa_Alfama,B1851,matched,285.1004011,291.59,291.59,473913.9475,451618.22,453355.21,-0.04338074,-0.047045941,-0.003831411,roofs_top_kW,8760,469,cea,MULTI_RES,NONE,NONE,,roofs_top_kW,8760,,,,,
Baixa_Alfama,B1852,matched,49.00953626,49.01,49.01,77651.85211,57994.23,60261.44,-0.223953604,-0.253150718,-0.037622898,roofs_top_kW,8760,82,cea,MULTI_RES,NONE,NONE,,roofs_top_kW,8760,,,,,
Baixa_Alfama,B1853,matched,59.5099754,61.42,59.51,111999.0463,101806.69,101975.24,-0.089499033,-0.091003956,-0.001652852,roofs_top_kW,8760,98,cea,MULTI_RES,NONE,NONE,,roofs_top_kW,8760,2,0.750014663,0.745002388,0.672784507,0.827244818
Baixa_Alfama,B1854,matched,114.2127915,84.07,113.88,272108.6698,140487.63,178879.46,-0.342617565,-0.48370763,-0.214624027,roofs_top_kW,8760,187,cea,MULTI_RES,NONE,NONE,,roofs_top_kW,8760,4,0.79877235,0.808417454,0.654678822,0.989356339
Baixa_Alfama,B1855,matched,154.1084376,159.29,143.33,327177.1878,262866.02,218579.83,-0.331922157,-0.196563728,0.202608768,roofs_top_kW,8760,254,cea,MULTI_RES,NONE,NONE,,roofs_top_kW,8760,2,0.90119648,0.902148032,0.813036621,0.989356339
Baixa_Alfama,B1856,matched,145.4111025,149.05,150.21,270816.749,251883.57,241332.69,-0.108870884,-0.069911403,0.043719233,roofs_top_kW,8760,244,cea,MULTI_RES,NONE,NONE,,roofs_top_kW,8760,2,0.622300237,0.607302773,0.503752947,0.740847528
Baixa_Alfama,B1857,matched,124.1999483,122.06,122.06,278403.979,176384.8,178480.33,-0.358916023,-0.366442963,-0.011740958,roofs_top_kW,8760,202,cea,MULTI_RES,NONE,NONE,,roofs_top_kW,8760,,,,,
Baixa_Alfama,B1858,matched,97.67678706,97.69,97.69,141943.8808,122374.11,123068.65,-0.132976714,-0.137869774,-0.005643517,roofs_top_kW,8760,164,cea,MULTI_RES,NONE,NONE,,roofs_top_kW,8760,,,,,
Baixa_Alfama,B1859,matched,46.6571435,48.09,41.1,77508.462,71650.37,52716.05,-0.319867165,-0.075580032,0.359175621,roofs_top_kW,8760,78,cea,MULTI_RES,NONE,NONE,,roofs_top_kW,8760,1,0.759203911,0.759203911,0.759203911,0.759203911
Baixa_Alfama,B1860,matched,93.13159539,95.22,91.88,171443.255,134291.47,146539.25,-0.14526092,-0.216700185,-0.083580201,roofs_top_kW,8760,152,cea,MULTI_RES,NONE,NONE,,roofs_top_kW,8760,2,0.808680713,0.808866277,0.806744456,0.81061697
Baixa_Alfama,B1861,matched,32.82059964,33.51,32.76,52287.56949,35268.54,39271.76,-0.248927415,-0.325489015,-0.101936353,roofs_top_kW,8760,53,cea,MULTI_RES,NONE,NONE,,roofs_top_kW,8760,2,0.808680713,0.808872386,0.806744456,0.81061697
Baixa_Alfama,B1862,matched,72.63914782,73.85,68.01,129812.9698,124813.72,117469.64,-0.09508549,-0.038511173,0.062518962,roofs_top_kW,8760,119,cea,MULTI_RES,NONE,NONE,,roofs_top_kW,8760,2,0.707278073,0.696605179,0.599361479,0.815194666
Baixa_Alfama,B1863,matched,117.1380938,120.68,118.25,252423.34,168992.84,168691.69,-0.331711204,-0.330518168,0.001785209,roofs_top_kW,8760,192,cea,MULTI_RES,NONE,NONE,,roofs_top_kW,8760,2,0.633525312,0.668532555,0.507846713,0.759203911
Baixa_Alfama,B1864,matched,131.3351249,135.43,134.82,260147.7948,136683.86,163688.69,-0.370785787,-0.47459151,-0.164976762,roofs_top_kW,8760,215,cea,MULTI_RES,NONE,NONE,,roofs_top_kW,8760,2,0.679152504,0.718530914,0.415315539,0.942989469
Baixa_Alfama,B1865,matched,34.44014323,34.44,34.44,66114.84494,40900.91,39396.38,-0.404122024,-0.381365712,0.038189549,roofs_top_kW,8760,56,cea,MULTI_RES,NONE,NONE,,roofs_top_kW,8760,,,,,
Baixa_Alfama,B1866,matched,33.51785422,33.52,33.52,56314.09989,41972.38,41168.23,-0.268953422,-0.254673695,0.019533266,roofs_top_kW,8760,57,cea,MULTI_RES,NONE,NONE,,roofs_top_kW,8760,,,,,
Baixa_Alfama,B1867,matched,56.40055704,53.87,53.87,120402.2673,68950.25,70114.21,-0.417667029,-0.427334289,-0.016600914,roofs_top_kW,8760,95,cea,MULTI_RES,NONE,NONE,,roofs_top_kW,8760,,,,,
Baixa_Alfama,B1868,matched,86.21437586,88.82,86.27,182373.1807,144039.83,133780.96,-0.266443895,-0.21019182,0.076684081,roofs_top_kW,8760,142,cea,MULTI_RES,NONE,NONE,,roofs_top_kW,8760,2,0.679152504,0.678983797,0.415315539,0.942989469
Baixa_Alfama,B1869,matched,28.54579632,28.54,28.54,65493.89163,46174,47656.92,-0.272345576,-0.294987687,-0.031116572,roofs_top_kW,8760,45,cea,MULTI_RES,NONE,NONE,,roofs_top_kW,8760,,,,,
Baixa_Alfama,B1870,matched,42.59832291,38.71,38.71,89251.51713,47796.71,49611.67,-0.444136396,-0.464471736,-0.036583328,roofs_top_kW,8760,63,cea,MULTI_RES,NONE,NONE,,roofs_top_kW,8760,,,,,
Baixa_Alfama,B1871,matched,52.12267732,53.22,52.12,139226.0988,61760.52,59535.5,-0.572382617,-0.556401274,0.037372996,roofs_top_kW,8760,85,cea,MULTI_RES,NONE,NONE,,roofs_top_kW,8760,2,0.839358032,0.836975203,0.738186538,0.940529525
Baixa_Alfama,B1872,matched,97.02772566,99.48,99.33,242023.5671,173789.48,167412.01,-0.308282198,-0.281931582,0.038094459,roofs_top_kW,8760,159,cea,MULTI_RES,NONE,NONE,,roofs_top_kW,8760,3,0.725556354,0.670419538,0.53853637,0.989406288
Baixa_Alfama,B1873,matched,124.3205389,130.2,117.2,157302.9498,159726.49,141157.13,-0.102641558,0.015406832,0.131550989,roofs_top_kW,8760,202,cea,MULTI_RES,NONE,NONE,,roofs_top_kW,8760,2,0.760639608,0.761766035,0.731201589,0.790077627
Baixa_Alfama,B1874,matched,36.18015095,37.19,35.02,54175.18625,47734.87,48179.99,-0.110663141,-0.118879448,-0.00923869,roofs_top_kW,8760,59,cea,MULTI_RES,NONE,NONE,,roofs_top_kW,8760,2,0.877837628,0.886387043,0.814620316,0.94105494
Baixa_Alfama,B1875,matched,49.7662282,49.78,49.78,68112.61656,79245.41,82533.38,0.211719417,0.163446862,-0.039838063,roofs_top_kW,8760,82,cea,MULTI_RES,NONE,NONE,,roofs_top_kW,8760,,,,,
Baixa_Alfama,B1876,matched,93.88637971,93.39,93.89,179784.818,59749.39,59219.87,-0.670606947,-0.667661649,0.008941593,roofs_top_kW,8760,155,cea,MULTI_RES,NONE,NONE,,roofs_top_kW,8760,3,0.803069631,0.818832163,0.638930023,0.899264395
Baixa_Alfama,B1877,matched,81.64334466,80.87,81.64,182882.5963,128313.42,137351.25,-0.248964895,-0.298383648,-0.065800857,roofs_top_kW,8760,134,cea,MULTI_RES,NONE,NONE,,roofs_top_kW,8760,3,0.560770194,0.580839578,0.428487718,0.644200027
Baixa_Alfama,B1878,matched,102.5736775,104.15,98.86,223717.4766,139047.4,143645.95,-0.357913596,-0.378468763,-0.032013085,roofs_top_kW,8760,171,cea,MULTI_RES,NONE,NONE,,roofs_top_kW,8760,1,0.778168499,0.778168499,0.778168499,0.778168499
Baixa_Alfama,B1879,matched,67.20288827,68.29,68.29,64352.75704,111718.64,115234.71,0.790672464,0.736035022,-0.030512248,roofs_top_kW,8760,108,cea,MULTI_RES,NONE,NONE,,roofs_top_kW,8760,,,,,
Baixa_Alfama,B1880,matched,98.82145106,99.18,99.18,196000.9639,165815.87,167434.78,-0.145745119,-0.154004824,-0.009668899,roofs_top_kW,8760,164,cea,MULTI_RES,NONE,NONE,,roofs_top_kW,8760,,,,,
Baixa_Alfama,B1881,matched,86.08555235,88.59,86.12,154106.3444,116489.26,122102.9,-0.207671167,-0.24409822,-0.045974666,roofs_top_kW,8760,137,cea,MULTI_RES,NONE,NONE,,roofs_top_kW,8760,2,0.798456073,0.793470963,0.76657927,0.830332875
Baixa_Alfama,B1882,matched,97.99899465,100.86,100.83,198230.6768,171759.42,172569.42,-0.129451492,-0.13353764,-0.004693763,roofs_top_kW,8760,163,cea,MULTI_RES,NONE,NONE,,roofs_top_kW,8760,2,0.798456073,0.795624574,0.76657927,0.830332875
Baixa_Alfama,B1883,matched,62.91399812,64.23,62.12,116646.2443,108123.38,106818.72,-0.084250671,-0.073065913,0.012213777,roofs_top_kW,8760,103,cea,MULTI_RES,NONE,NONE,,roofs_top_kW,8760,2,0.831045687,0.851662365,0.665185511,0.996905863
Baixa_Alfama,B1884,matched,58.17247013,59.3,58.17,126716.2214,81032.97,76505.87,-0.396242492,-0.360516206,0.059173237,roofs_top_kW,8760,96,cea,MULTI_RES,NONE,NONE,,roofs_top_kW,8760,3,0.782175422,0.738950949,0.60157901,0.901488662
Baixa_Alfama,B1885,matched,59.95490364,61.23,59.95,130334.9377,74176.02,68877.11,-0.471537631,-0.430881533,0.076932816,roofs_top_kW,8760,101,cea,MULTI_RES,NONE,NONE,,roofs_top_kW,8760,3,0.941944857,0.925673843,0.883560121,0.997479379
Baixa_Alfama,B1886,matched,40.55345193,34.5,34.5,79726.3015,48035.85,47768.88,-0.400839132,-0.397490551,0.005588785,roofs_top_kW,8760,65,cea,MULTI_RES,NONE,NONE,,roofs_top_kW,8760,,,,,
Baixa_Alfama,B1887,matched,62.06916513,59.01,59.01,138822.1697,103145.93,101833.6,-0.266445696,-0.256992379,0.012887004,roofs_top_kW,8760,100,cea,MULTI_RES,NONE,NONE,,roofs_top_kW,8760,,,,,
Baixa_Alfama,B1888,matched,392.8730918,385.05,385.05,755312.9734,617132.53,601541.83,-0.203585995,-0.182944618,0.025917898,roofs_top_kW,8760,646,cea,MULTI_RES,NONE,NONE,,roofs_top_kW,8760,,,,,
Baixa_Alfama,B1889,matched,158.5528846,160.3,162.47,376566.5796,263961.48,285639.62,-0.241463169,-0.29903105,-0.075893323,roofs_top_kW,8760,261,cea,MULTI_RES,NONE,NONE,,roofs_top_kW,8760,2,0.787802458,0.798288703,0.578013062,0.997591853
Baixa_Alfama,B1890,matched,151.5119792,156.47,146.44,326106.9701,243558.32,215661.08,-0.338679943,-0.253133658,0.129356859,roofs_top_kW,8760,249,cea,MULTI_RES,NONE,NONE,,roofs_top_kW,8760,3,0.743359625,0.690752521,0.640869141,0.936816156
Baixa_Alfama,B1891,matched,58.29547481,52.22,52.22,115124.3602,85377.85,85276.68,-0.259264678,-0.258385889,0.001186374,roofs_top_kW,8760,95,cea,MULTI_RES,NONE,NONE,,roofs_top_kW,8760,,,,,
Baixa_Alfama,B1892,matched,7.078638992,3.43,3.43,11967.05306,5642.9,5791.45,-0.516050445,-0.528463694,-0.02564988,roofs_top_kW,8760,12,cea,MULTI_RES,NONE,NONE,,roofs_top_kW,8760,,,,,
Baixa_Alfama,B1893,matched,71.72519881,74.13,68.11,118719.8492,127657.15,109771.02,-0.0753777,0.075280594,0.162940364,roofs_top_kW,8760,121,cea,MULTI_RES,NONE,NONE,,roofs_top_kW,8760,3,0.739744167,0.762693027,0.460971177,0.970481575
Baixa_Alfama,B1894,matched,23.74361869,23.74,23.74,61361.99488,38869.22,38953.07,-0.365192248,-0.366558729,-0.00215259,roofs_top_kW,8760,40,cea,MULTI_RES,NONE,NONE,,roofs_top_kW,8760,,,,,
Baixa_Alfama,B1895,matched,24.82582048,24.83,24.83,52915.34394,39844.85,40129.2,-0.241633957,-0.247007635,-0.007085863,roofs_top_kW,8760,40,cea,MULTI_RES,NONE,NONE,,roofs_top_kW,8760,,,,,
Baixa_Alfama,B1896,matched,46.91406802,48.38,46.91,49990.49538,72607.92,71576.35,0.431799174,0.452434497,0.014412163,roofs_top_kW,8760,79,cea,MULTI_RES,NONE,NONE,,roofs_top_kW,8760,2,0.956185013,0.957235685,0.932373881,0.979996145
Baixa_Alfama,B1897,matched,48.12071477,49.33,48.12,66506.972,59216.96,62373.78,-0.062146748,-0.109612749,-0.050611331,roofs_top_kW,8760,78,cea,MULTI_RES,NONE,NONE,,roofs_top_kW,8760,2,0.981507808,0.981750594,0.972852111,0.990163505
Baixa_Alfama,B1898,matched,166.921303,172.65,172.65,274398.9603,294965.07,298062.79,0.086238773,0.074949664,-0.010392844,roofs_top_kW,8760,275,cea,MULTI_RES,NONE,NONE,,roofs_top_kW,8760,,,,,
Baixa_Alfama,B1899,matched,27.99599369,28,28,44888.62631,38710.21,38905.72,-0.133283346,-0.137638792,-0.005025225,roofs_top_kW,8760,47,cea,MULTI_RES,NONE,NONE,,roofs_top_kW,8760,,,,,
Baixa_Alfama,B1900,matched,69.26879634,70.92,64.91,132907.9821,116650.06,108598.08,-0.182907766,-0.122324648,0.074144773,roofs_top_kW,8760,115,cea,MULTI_RES,NONE,NONE,,roofs_top_kW,8760,2,0.885223478,0.887078184,0.86256814,0.907878816
Baixa_Alfama,B1901,matched,24.63409578,17.12,17.12,42539.15209,16058.37,16045.6,-0.622803953,-0.622503759,0.000795857,roofs_top_kW,8760,41,cea,MULTI_RES,NONE,NONE,,roofs_top_kW,8760,,,,,
Baixa_Alfama,B1902,matched,22.51215292,14.9,14.9,63690.00363,5524.41,5262.71,-0.917369921,-0.913260956,0.049727232,roofs_top_kW,8760,36,cea,MULTI_RES,NONE,NONE,,roofs_top_kW,8760,,,,,
Baixa_Alfama,B1903,matched,253.1390225,264.72,264.72,477425.125,431833.46,435485.09,-0.087846309,-0.095494901,-0.008385201,roofs_top_kW,8760,416,cea,MULTI_RES,NONE,NONE,,roofs_top_kW,8760,,,,,
Baixa_Alfama,B1904,matched,24.32209729,20.77,20.77,38709.84148,9066.41,9072.41,-0.765630402,-0.765785401,-0.000661346,roofs_top_kW,8760,40,cea,MULTI_RES,NONE,NONE,,roofs_top_kW,8760,,,,,
Baixa_Alfama,B1905,matched,45.27338797,44.17,44.17,60758.73828,21723.27,21847.49,-0.640422257,-0.642466736,-0.005685779,roofs_top_kW,8760,76,cea,MULTI_RES,NONE,NONE,,roofs_top_kW,8760,,,,,
Baixa_Alfama,B1906,matched,31.50545652,31.51,31.51,38081.76402,20981.76,25639.99,-0.326712124,-0.449033926,-0.181678308,roofs_top_kW,8760,51,cea,MULTI_RES,NONE,NONE,,roofs_top_kW,8760,,,,,
Baixa_Alfama,B1907,matched,139.5584581,139.07,139.07,231270.7437,237353.14,238288.2,0.030343035,0.026299895,-0.003924072,roofs_top_kW,8760,227,cea,MULTI_RES,NONE,NONE,,roofs_top_kW,8760,,,,,
Baixa_Alfama,B1908,matched,69.95901996,71.77,70.13,158451.9883,85445.75,99308.92,-0.37325545,-0.460746748,-0.139596423,roofs_top_kW,8760,116,cea,MULTI_RES,NONE,NONE,,roofs_top_kW,8760,2,0.884858251,0.884845102,0.876266539,0.893449962
Baixa_Alfama,B1909,matched,76.9885563,70.2,76.45,162955.4689,122594.92,128603.13,-0.210808138,-0.247678395,-0.046719003,roofs_top_kW,8760,127,cea,MULTI_RES,NONE,NONE,,roofs_top_kW,8760,3,0.780472815,0.800554588,0.709589601,0.833287299
Baixa_Alfama,B1910,matched,35.28420757,36.42,35.28,41854.73763,58625.48,53201.45,0.271097444,0.400689225,0.101952672,roofs_top_kW,8760,57,cea,MULTI_RES,NONE,NONE,,roofs_top_kW,8760,2,0.94734928,0.956780485,0.901417077,0.993281484
Baixa_Alfama,B1911,matched,66.3240423,69,66.6,151810.6287,83007.05,91779.03,-0.395437389,-0.453219773,-0.095577171,roofs_top_kW,8760,110,cea,MULTI_RES,NONE,NONE,,roofs_top_kW,8760,4,0.558040224,0.566220974,0.420165271,0.699068844
Baixa_Alfama,B1912,matched,131.9532399,138.8,138.8,259731.9794,192797.99,194310.6,-0.25188034,-0.257704075,-0.007784496,roofs_top_kW,8760,217,cea,MULTI_RES,NONE,NONE,,roofs_top_kW,8760,,,,,
Baixa_Alfama,B1913,matched,81.20053706,80.9,80.9,105570.4314,70646.68,73110.91,-0.307467924,-0.330809972,-0.033705366,roofs_top_kW,8760,132,cea,MULTI_RES,NONE,NONE,,roofs_top_kW,8760,,,,,
Baixa_Alfama,B1914,matched,34.41504218,34.42,34.42,32909.916,51585.23,51349,0.56028961,0.56746769,0.004600479,roofs_top_kW,8760,57,cea,MULTI_RES,NONE,NONE,,roofs_top_kW,8760,,,,,
Baixa_Alfama,B1915,matched,34.17167474,34.85,34.17,70968.62291,35858.38,30644.02,-0.56820326,-0.4947291,0.170159137,roofs_top_kW,8760,56,cea,MULTI_RES,NONE,NONE,,roofs_top_kW,8760,3,0.733360161,0.626760503,0.440181702,0.900836468
Baixa_Alfama,B1916,matched,30.21198808,30.21,30.21,69565.38381,41924.23,40446.03,-0.41858971,-0.397340635,0.036547468,roofs_top_kW,8760,49,cea,MULTI_RES,NONE,NONE,,roofs_top_kW,8760,,,,,
Baixa_Alfama,B1917,matched,32.50487585,33.94,33.94,57696.30847,53363.9,53043.04,-0.080651061,-0.075089873,0.00604905,roofs_top_kW,8760,58,cea,MULTI_RES,NONE,NONE,,roofs_top_kW,8760,,,,,
Baixa_Alfama,B1918,matched,54.84668608,56.79,53.41,93615.78866,88551.5,83743.53,-0.10545506,-0.054096523,0.057413032,roofs_top_kW,8760,89,cea,MULTI_RES,NONE,NONE,,roofs_top_kW,8760,2,0.946391404,0.946655248,0.942479551,0.950303257
Baixa_Alfama,B1920,matched,49.52930247,50.17,49.53,70483.66867,72557.46,80938.57,0.148330834,0.029422296,-0.103549025,roofs_top_kW,8760,85,cea,MULTI_RES,NONE,NONE,,roofs_top_kW,8760,1,0.83197999,0.83197999,0.83197999,0.83197999
Baixa_Alfama,B1921,matched,51.34663454,49.22,49.22,108305.7162,75058.45,82533.12,-0.237961551,-0.306976098,-0.090565703,roofs_top_kW,8760,84,cea,MULTI_RES,NONE,NONE,,roofs_top_kW,8760,,,,,
Baixa_Alfama,B1922,matched,76.19667605,75.89,75.89,161503.6131,86426.78,86660.47,-0.463414667,-0.464861632,-0.002696616,roofs_top_kW,8760,124,cea,MULTI_RES,NONE,NONE,,roofs_top_kW,8760,,,,,
Baixa_Alfama,B1923,matched,23.2849402,23.28,23.28,38154.87478,36640.25,37120.94,-0.027098367,-0.039696757,-0.012949295,roofs_top_kW,8760,38,cea,MULTI_RES,NONE,NONE,,roofs_top_kW,8760,,,,,
Baixa_Alfama,B1924,matched,75.32488156,75.32,75.32,33034.43959,123334.99,123643.75,2.74287415,2.733527541,-0.002497174,roofs_top_kW,8760,123,cea,MULTI_RES,NONE,NONE,,roofs_top_kW,8760,,,,,
Baixa_Alfama,B1925,matched,67.13457174,64.56,64.56,53467.45006,111673.05,111692.81,1.088987035,1.088617465,-0.000176914,roofs_top_kW,8760,112,cea,MULTI_RES,NONE,NONE,,roofs_top_kW,8760,,,,,
Baixa_Alfama,B1926,matched,74.05492277,75.44,70.26,87845.17316,59537.95,76358.23,-0.13076351,-0.322239938,-0.220281167,roofs_top_kW,8760,121,cea,MULTI_RES,NONE,NONE,,roofs_top_kW,8760,1,0.494250298,0.494250298,0.494250298,0.494250298
Baixa_Alfama,B1927,matched,49.07256476,50.68,47.68,124960.0393,79045.16,78594.02,-0.371046772,-0.367436498,0.005740131,roofs_top_kW,8760,83,cea,MULTI_RES,NONE,NONE,,roofs_top_kW,8760,3,0.657006184,0.633926289,0.529816568,0.844245553
Baixa_Alfama,B1928,matched,56.43776083,49.85,49.85,136599.7359,73738.33,77164.03,-0.435108498,-0.460186877,-0.044395037,roofs_top_kW,8760,93,cea,MULTI_RES,NONE,NONE,,roofs_top_kW,8760,,,,,
Baixa_Alfama,B1929,matched,38.45585526,33.52,33.52,82488.65794,23752.19,24479.74,-0.70323508,-0.71205508,-0.029720495,roofs_top_kW,8760,61,cea,MULTI_RES,NONE,NONE,,roofs_top_kW,8760,,,,,
Baixa_Alfama,B1930,matched,11.26516868,10.34,10.34,22807.13888,3547.12,4049.74,-0.822435422,-0.844473258,-0.124111671,roofs_top_kW,8760,19,cea,MULTI_RES,NONE,NONE,,roofs_top_kW,8760,,,,,
Baixa_Alfama,B1931,matched,91.73074067,88.24,88.24,223059.526,94560.34,95519.34,-0.571776459,-0.57607576,-0.010039852,roofs_top_kW,8760,151,cea,MULTI_RES,NONE,NONE,,roofs_top_kW,8760,,,,,
Baixa_Alfama,B1932,matched,52.29524279,53.17,48.7,84938.85147,80339.78,80679.43,-0.050146916,-0.054145675,-0.004209871,roofs_top_kW,8760,86,cea,MULTI_RES,NONE,NONE,,roofs_top_kW,8760,1,0.746191561,0.746191561,0.746191561,0.746191561
Baixa_Alfama,B1933,matched,27.75803442,28.1,24.66,38209.14425,14819.17,13636.62,-0.643105852,-0.612156454,0.086718703,roofs_top_kW,8760,45,cea,MULTI_RES,NONE,NONE,,roofs_top_kW,8760,1,0.909777105,0.909777105,0.909777105,0.909777105
Baixa_Alfama,B1934,matched,74.43264576,76.73,70.86,114718.5255,111858.61,107581.58,-0.062212667,-0.024929849,0.039756155,roofs_top_kW,8760,123,cea,MULTI_RES,NONE,NONE,,roofs_top_kW,8760,2,0.765941262,0.766365028,0.747471631,0.784410894
Baixa_Alfama,B1935,matched,73.25165602,75.44,71.99,144116.9713,134087.8,122891.84,-0.147277112,-0.069590495,0.091104177,roofs_top_kW,8760,122,cea,MULTI_RES,NONE,NONE,,roofs_top_kW,8760,2,0.690915033,0.692405306,0.492423981,0.889406085
Baixa_Alfama,B1936,matched,111.6742838,113.05,113.73,193918.4971,155561.92,170104.18,-0.122805805,-0.197797413,-0.085490315,roofs_top_kW,8760,185,cea,MULTI_RES,NONE,NONE,,roofs_top_kW,8760,1,0.368598074,0.368598074,0.368598074,0.368598074
Baixa_Alfama,B1937,matched,87.58953536,90.89,84.39,214253.9796,142108.44,128108.36,-0.402072437,-0.336729053,0.10928311,roofs_top_kW,8760,144,cea,MULTI_RES,NONE,NONE,,roofs_top_kW,8760,2,0.926335245,0.92456646,0.868130803,0.984539688
Baixa_Alfama,B1938,matched,69.60136445,70.96,70.96,163678.1184,110878.63,106858.89,-0.347140039,-0.322581228,0.037617273,roofs_top_kW,8760,114,cea,MULTI_RES,NONE,NONE,,roofs_top_kW,8760,,,,,
Baixa_Alfama,B1939,matched,38.88325975,37.77,37.77,84605.61838,48584.71,47412.59,-0.439604711,-0.425750784,0.024721704,roofs_top_kW,8760,66,cea,MULTI_RES,NONE,NONE,,roofs_top_kW,8760,,,,,
Baixa_Alfama,B1940,matched,46.1808011,47.23,46.18,81214.215,30611.02,34504.91,-0.575137062,-0.623082979,-0.112850316,roofs_top_kW,8760,77,cea,MULTI_RES,NONE,NONE,,roofs_top_kW,8760,1,0.760042012,0.760042012,0.760042012,0.760042012
Baixa_Alfama,B1941,matched,17.89085225,17.89,17.89,22753.72884,25482.18,25038.14,0.100397222,0.119912265,0.017734544,roofs_top_kW,8760,31,cea,MULTI_RES,NONE,NONE,,roofs_top_kW,8760,,,,,
Baixa_Alfama,B1942,matched,83.66570767,86.03,83.65,179172.4658,146253.53,144394.94,-0.194100838,-0.183727649,0.012871573,roofs_top_kW,8760,137,cea,MULTI_RES,NONE,NONE,,roofs_top_kW,8760,2,0.84878999,0.857802102,0.712696612,0.984883368
Baixa_Alfama,B1943,matched,48.51097915,50.03,54.64,119321.7924,84700.21,86547.74,-0.274669461,-0.290153054,-0.021346947,roofs_top_kW,8760,78,cea,MULTI_RES,NONE,NONE,,roofs_top_kW,8760,2,0.756710142,0.666546344,0.579708159,0.933712125
Baixa_Alfama,B1944,matched,44.46245598,45.75,44.16,110552.5948,47939.95,40281.96,-0.635630805,-0.566360698,0.190109667,roofs_top_kW,8760,74,cea,MULTI_RES,NONE,NONE,,roofs_top_kW,8760,2,0.756710142,0.753252483,0.579708159,0.933712125
Baixa_Alfama,B1945,matched,32.64350265,29.4,29.4,74273.12894,33957.56,31589.69,-0.574682117,-0.542801542,0.074957051,roofs_top_kW,8760,54,cea,MULTI_RES,NONE,NONE,,roofs_top_kW,8760,,,,,
Baixa_Alfama,B1946,matched,23.04796702,23.78,23.05,54302.2625,39571.31,36699.45,-0.324163519,-0.271276956,0.078253489,roofs_top_kW,8760,37,cea,MULTI_RES,NONE,NONE,,roofs_top_kW,8760,2,0.742025465,0.740446861,0.640439928,0.843611002
Baixa_Alfama,B1947,matched,51.2185424,51.95,44.92,115560.1895,94461.08,73156.91,-0.366936743,-0.182581126,0.291211999,roofs_top_kW,8760,85,cea,MULTI_RES,NONE,NONE,,roofs_top_kW,8760,2,0.546237558,0.543902835,0.481129587,0.61134553
Baixa_Alfama,B1948,matched,44.41168262,46.51,41.14,59906.51356,72070.82,66118.44,0.103693673,0.203054822,0.09002602,roofs_top_kW,8760,72,cea,MULTI_RES,NONE,NONE,,roofs_top_kW,8760,1,0.714391708,0.714391708,0.714391708,0.714391708
Baixa_Alfama,B1949,matched,40.12230711,43.44,44.33,58745.4706,38180.12,45926.34,-0.218214791,-0.35007551,-0.168666173,roofs_top_kW,8760,67,cea,MULTI_RES,NONE,NONE,,roofs_top_kW,8760,2,0.81340462,0.816639334,0.782898366,0.843910873
Baixa_Alfama,B1950,matched,61.34504025,62.42,57.04,139221.0969,96700.89,95997.63,-0.310466358,-0.305414968,0.007325806,roofs_top_kW,8760,101,cea,MULTI_RES,NONE,NONE,,roofs_top_kW,8760,2,0.96952492,0.968891086,0.952603996,0.986445844
Baixa_Alfama,B1951,matched,36.18152856,36.18,36.18,76249.78234,59076.6,61138.59,-0.198180137,-0.225222706,-0.033726489,roofs_top_kW,8760,59,cea,MULTI_RES,NONE,NONE,,roofs_top_kW,8760,1,0.348522127,0.348522127,0.348522127,0.348522127
Baixa_Alfama,B1952,matched,67.31732126,69.57,71.76,167250.938,92719.89,95502.29,-0.428988016,-0.445624096,-0.02913438,roofs_top_kW,8760,110,cea,MULTI_RES,NONE,NONE,,roofs_top_kW,8760,1,0.964721799,0.964721799,0.964721799,0.964721799
Baixa_Alfama,B1953,matched,61.08210584,61.08,61.08,132672.8352,62413.33,65004.15,-0.510041751,-0.529569637,-0.039856225,roofs_top_kW,8760,99,cea,MULTI_RES,NONE,NONE,,roofs_top_kW,8760,,,,,
Baixa_Alfama,B1954,matched,63.09654325,64.17,63.1,89721.98804,94699.21,93950.25,0.047126263,0.055473826,0.007971879,roofs_top_kW,8760,104,cea,MULTI_RES,NONE,NONE,,roofs_top_kW,8760,2,0.906471401,0.905992628,0.899638772,0.913304031
Baixa_Alfama,B1955,matched,73.90087789,75.96,73.91,181205.4338,130150.18,125875.69,-0.30534263,-0.281753437,0.033958026,roofs_top_kW,8760,122,cea,MULTI_RES,NONE,NONE,,roofs_top_kW,8760,2,0.777897805,0.772640807,0.574362874,0.981432736
Baixa_Alfama,B1956,matched,136.546449,136.55,136.55,201180.4436,181119.94,173421.79,-0.137978886,-0.099713984,0.044389751,roofs_top_kW,8760,225,cea,MULTI_RES,NONE,NONE,,roofs_top_kW,8760,,,,,
Baixa_Alfama,B1957,matched,100.5368821,96.46,96.46,144964.5701,138872.79,141082.53,-0.026779234,-0.042022545,-0.015662747,roofs_top_kW,8760,166,cea,MULTI_RES,NONE,NONE,,roofs_top_kW,8760,,,,,
Baixa_Alfama,B1958,matched,203.0712141,205.36,203.07,486660.3953,349708.31,353202.78,-0.274231511,-0.281412021,-0.009893665,roofs_top_kW,8760,334,cea,MULTI_RES,NONE,NONE,,roofs_top_kW,8760,3,0.699906687,0.769866936,0.423123002,0.919034421
Baixa_Alfama,B1959,matched,3.465956869,1.23,1.23,4031.32675,2131.05,2129.41,-0.47178432,-0.471377506,0.000770166,roofs_top_kW,8760,6,cea,MULTI_RES,NONE,NONE,,roofs_top_kW,8760,,,,,
Baixa_Alfama,B1960,matched,127.8084585,129.25,128.14,260179.9982,222123.9,222757.56,-0.143832879,-0.146268347,-0.002844617,roofs_top_kW,8760,212,cea,MULTI_RES,NONE,NONE,,roofs_top_kW,8760,2,0.732755452,0.731398253,0.572325289,0.893185616
Baixa_Alfama,B1961,matched,87.54911528,83.94,83.94,192339.5637,122701.81,124569.65,-0.352345156,-0.362056315,-0.014994343,roofs_top_kW,8760,145,cea,MULTI_RES,NONE,NONE,,roofs_top_kW,8760,,,,,
Baixa_Alfama,B1962,matched,12.64049999,3.7,3.7,30690.24838,6295.56,6383.24,-0.792010807,-0.79486774,-0.013735971,roofs_top_kW,8760,21,cea,MULTI_RES,NONE,NONE,,roofs_top_kW,8760,,,,,
Baixa_Alfama,B1963,matched,10.11937966,10.12,10.12,7335.402781,16366.35,16471.55,1.245486784,1.231145376,-0.00638677,roofs_top_kW,8760,15,cea,MULTI_RES,NONE,NONE,,roofs_top_kW,8760,,,,,
Baixa_Alfama,B1964,matched,1.967874158,0.63,0.63,619.4246875,1060.12,1060.08,0.711394495,0.711459071,3.7733E-05,roofs_top_kW,8760,4,cea,MULTI_RES,NONE,NONE,,roofs_top_kW,8760,,,,,
Baixa_Alfama,B1967,matched,254.6251706,254.63,254.63,545278.946,442279.32,442104.32,-0.189214395,-0.188893459,0.000395834,roofs_top_kW,8760,417,cea,MULTI_RES,NONE,NONE,,roofs_top_kW,8760,,,,,
Baixa_Alfama,B1968,matched,150.9401351,154.68,150.94,310673.3904,218472.44,208253.84,-0.329669529,-0.296777752,0.049068003,roofs_top_kW,8760,248,cea,MULTI_RES,NONE,NONE,,roofs_top_kW,8760,2,0.906893522,0.916767355,0.814677835,0.999109209
Baixa_Alfama,B1969,matched,27.39949114,27.4,27.4,36457.86725,46736.06,46802.43,0.283740206,0.281919748,-0.001418089,roofs_top_kW,8760,45,cea,MULTI_RES,NONE,NONE,,roofs_top_kW,8760,,,,,
Baixa_Alfama,B1971,matched,156.7792596,160.45,160.47,331015.6937,276643.67,278360.56,-0.159071412,-0.164258145,-0.006167864,roofs_top_kW,8760,257,cea,MULTI_RES,NONE,NONE,,roofs_top_kW,8760,2,0.786607027,0.793504153,0.589843154,0.9833709
Baixa_Alfama,B1972,matched,84.12989248,86.15,84.42,131983.4736,147057.17,146207.67,0.107772557,0.114208969,0.005810229,roofs_top_kW,8760,140,cea,MULTI_RES,NONE,NONE,,roofs_top_kW,8760,1,0.883789182,0.883789182,0.883789182,0.883789182
Baixa_Alfama,B1973,matched,199.9685858,200.99,199.97,444318.9109,341008.48,328298.35,-0.261120015,-0.232514143,0.038715181,roofs_top_kW,8760,330,cea,MULTI_RES,NONE,NONE,,roofs_top_kW,8760,3,0.684864581,0.615474037,0.424100935,0.889567316
EUA_1_Pro,B1003,matched,240.5197373,241.44,236.51,485944.6316,389125.71,388756.77,-0.199997809,-0.199238587,0.000949025,roofs_top_kW,8760,397,cea,MULTI_RES,NONE,NONE,,roofs_top_kW,8760,2,0.998102278,0.998110245,0.997609615,0.99859494
EUA_1_Pro,B1004,matched,234.9731577,237.4,226.27,489043.4292,387949.21,374420.84,-0.234381207,-0.206718286,0.036131456,roofs_top_kW,8760,386,cea,MULTI_RES,NONE,NONE,,roofs_top_kW,8760,2,0.995937914,0.995918597,0.995110691,0.996765137
EUA_1_Pro,B1005,matched,246.4096109,250.06,233.35,498712.3987,360618.27,346480.56,-0.305249757,-0.276901334,0.040803761,roofs_top_kW,8760,407,cea,MULTI_RES,NONE,NONE,,roofs_top_kW,8760,2,0.995651394,0.99564252,0.993638694,0.997664094
EUA_1_Pro,B1009,matched,53.34289676,54.61,50.64,131528.9498,52679.16,47341.57,-0.6400673,-0.599486196,0.112746366,roofs_top_kW,8760,89,cea,MULTI_RES,NONE,NONE,,roofs_top_kW,8760,2,0.7078906,0.715941774,0.629097521,0.786683679
EUA_1_Pro,B1011,matched,76.47038252,78.67,76.47,123271.994,149056.64,132543.99,0.075215754,0.209168727,0.124582412,roofs_top_kW,8760,126,cea,MULTI_RES,NONE,NONE,,roofs_top_kW,8760,1,0.91842097,0.91842097,0.91842097,0.91842097
EUA_1_Pro,B1012,matched,72.43910844,72.46,72.46,152326.2707,117673.2,117941.55,-0.225730733,-0.227492412,-0.00227528,roofs_top_kW,8760,118,cea,MULTI_RES,NONE,NONE,,roofs_top_kW,8760,,,,,
EUA_1_Pro,B1018,matched,248.2130538,251.2,248.21,534514.4631,428122.05,430081.96,-0.195378255,-0.199044966,-0.004557062,roofs_top_kW,8760,409,cea,MULTI_RES,NONE,NONE,,roofs_top_kW,8760,2,0.999503225,0.999501687,0.99935323,0.99965322
EUA_1_Pro,B1019,matched,226.2261309,229.01,226.23,423395.2349,392261.39,389543.88,-0.07995214,-0.073533763,0.006976133,roofs_top_kW,8760,373,cea,MULTI_RES,NONE,NONE,,roofs_top_kW,8760,2,0.956169039,0.956077125,0.934761643,0.977576435
EUA_1_Pro,B1020,matched,231.6097198,234.77,231.61,496859.2702,402147.27,401645.13,-0.191632009,-0.190621381,0.001250208,roofs_top_kW,8760,379,cea,MULTI_RES,NONE,NONE,,roofs_top_kW,8760,2,0.999429882,0.999429506,0.999112785,0.999746978
EUA_1_Pro,B1024,matched,149.521594,153.31,149.52,260256.7988,259590.29,259162.9,-0.004203152,-0.002560966,0.001649117,roofs_top_kW,8760,246,cea,MULTI_RES,NONE,NONE,,roofs_top_kW,8760,2,0.975882441,0.975883851,0.972787678,0.978977203
EUA_1_Pro,B1025,matched,129.265779,131.43,129.27,237021.3285,224031.97,223035.86,-0.059005106,-0.054802488,0.004466143,roofs_top_kW,8760,212,cea,MULTI_RES,NONE,NONE,,roofs_top_kW,8760,2,0.999776274,0.999775699,0.99960047,0.999952078
EUA_1_Pro,B1026,matched,444.5994526,448.79,443.97,787386.3004,577888.2,572741,-0.27260482,-0.266067749,0.008986959,roofs_top_kW,8760,730,cea,MULTI_RES,NONE,NONE,,roofs_top_kW,8760,2,0.922089547,0.923312272,0.891636968,0.952542126
EUA_1_Pro,B1031,matched,958.4355348,960.91,960.91,2344336.003,1667779.12,1667651.88,-0.288646389,-0.288592114,7.62989E-05,roofs_top_kW,8760,1577,cea,MULTI_RES,NONE,NONE,,roofs_top_kW,8760,,,,,
EUA_1_Pro,B1032,matched,455.0019765,455,455,1154592.063,780118.78,779918.75,-0.324507092,-0.324333845,0.000256475,roofs_top_kW,8760,749,cea,MULTI_RES,NONE,NONE,,roofs_top_kW,8760,,,,,
EUA_1_Pro,B1033,matched,371.5910977,371.55,346.5,820723.5663,635572.44,593540.72,-0.276807997,-0.225594992,0.070815226,roofs_top_kW,8760,609,cea,MULTI_RES,NONE,NONE,,roofs_top_kW,8760,1,0.978718162,0.978718162,0.978718162,0.978718162
EUA_1_Pro,B1034,matched,162.1659324,163.33,162.17,229540.2106,290759.82,281231.43,0.225194615,0.266705382,0.033880957,roofs_top_kW,8760,269,cea,MULTI_RES,NONE,NONE,,roofs_top_kW,8760,3,0.858436227,0.844256024,0.773777902,0.997644961
EUA_1_Pro,B1035,matched,572.2327529,573.74,567.14,783921.7447,634580.14,629829.96,-0.196565264,-0.190505756,0.007542004,roofs_top_kW,8760,945,cea,MULTI_RES,NONE,NONE,,roofs_top_kW,8760,3,0.694356958,0.642729908,0.538587868,0.930884898
EUA_1_Pro,B1036,matched,429.5209251,429.52,429.52,864891.2488,719370.99,721780.64,-0.165466594,-0.168252666,-0.00333848,roofs_top_kW,8760,710,cea,MULTI_RES,NONE,NONE,,roofs_top_kW,8760,,,,,
EUA_1_Pro,B1037,matched,103.4905564,104.33,104.33,164140.9831,149727.93,150175.43,-0.08508267,-0.087808985,-0.002979848,roofs_top_kW,8760,171,cea,MULTI_RES,NONE,NONE,,roofs_top_kW,8760,,,,,
EUA_1_Pro,B1038,matched,317.2621596,317.25,317.27,716679.0925,551275.56,550999.95,-0.231176191,-0.230791625,0.0005002,roofs_top_kW,8760,523,cea,MULTI_RES,NONE,NONE,,roofs_top_kW,8760,1,0.99443382,0.99443382,0.99443382,0.99443382
EUA_1_Pro,B1039,matched,335.1360833,342.97,335.14,677474.1604,574637.47,564652.81,-0.16653233,-0.151794262,0.017682831,roofs_top_kW,8760,551,cea,MULTI_RES,NONE,NONE,,roofs_top_kW,8760,2,0.680671781,0.680720071,0.664867401,0.696476161
EUA_1_Pro,B1040,matched,453.1329202,453.1,445.77,792440.3724,768009.6,764414.88,-0.035366058,-0.030829793,0.004702577,roofs_top_kW,8760,746,cea,MULTI_RES,NONE,NONE,,roofs_top_kW,8760,1,0.999526739,0.999526739,0.999526739,0.999526739
EUA_1_Pro,B1041,matched,288.0270705,288.03,288.03,585374.2013,336653.08,336094.47,-0.425846801,-0.424892523,0.001662062,roofs_top_kW,8760,483,cea,MULTI_RES,NONE,NONE,,roofs_top_kW,8760,,,,,
EUA_1_Pro,B1042,matched,293.131605,293.33,293.33,620849.0386,484950.85,490437.67,-0.210053267,-0.218890874,-0.011187599,roofs_top_kW,8760,478,cea,MULTI_RES,NONE,NONE,,roofs_top_kW,8760,,,,,
EUA_1_Pro,B1043,matched,301.5898633,306.25,301.59,516572.3957,433341.81,429651.77,-0.16826417,-0.161120854,0.008588444,roofs_top_kW,8760,495,cea,MULTI_RES,NONE,NONE,,roofs_top_kW,8760,2,0.830376685,0.830128973,0.667677522,0.993075848
EUA_1_Pro,B1044,matched,378.3994709,378.34,349.88,817752.3992,421395.21,383454.18,-0.531087673,-0.484690952,0.098945407,roofs_top_kW,8760,624,cea,MULTI_RES,NONE,NONE,,roofs_top_kW,8760,1,0.99424535,0.99424535,0.99424535,0.99424535
EUA_1_Pro,B1045,matched,345.9637823,352.35,345.9,667788.729,597412.16,593535.92,-0.111192067,-0.105387477,0.006530759,roofs_top_kW,8760,576,cea,MULTI_RES,NONE,NONE,,roofs_top_kW,8760,2,0.680676371,0.68331261,0.565100312,0.796252429
EUA_1_Pro,B1046,matched,598.1213934,598.12,598.12,1310516.277,1034981.9,1038125.98,-0.20784961,-0.210248725,-0.003028611,roofs_top_kW,8760,986,cea,MULTI_RES,NONE,NONE,,roofs_top_kW,8760,,,,,
EUA_1_Pro,B1048,matched,267.6921901,0,0,155256.4173,0,0,-1,-1,#DIV/0!,roofs_top_kW,8760,442,cea,MULTI_RES,NONE,NONE,,roofs_top_kW,8760,,,,,
EUA_1_Pro,B1049,matched,1001.09197,1000.98,985.88,2056529.986,1737646.1,1711336.94,-0.167852182,-0.155059196,0.015373454,roofs_top_kW,8760,1648,cea,MULTI_RES,NONE,NONE,,roofs_top_kW,8760,1,0.999206841,0.999206841,0.999206841,0.999206841
EUA_1_Pro,B1050,matched,1079.061435,1078.87,1088.27,1969952.348,1648427.13,1667505.56,-0.153530002,-0.163214718,-0.011441299,roofs_top_kW,8760,1777,cea,MULTI_RES,NONE,NONE,,roofs_top_kW,8760,1,0.996084809,0.996084809,0.996084809,0.996084809
EUA_1_Pro,B1051,matched,269.3035376,273.31,269.31,563569.3724,464640.7,465269.96,-0.174422914,-0.175539476,-0.001352462,roofs_top_kW,8760,446,cea,MULTI_RES,NONE,NONE,,roofs_top_kW,8760,2,0.91293025,0.913041839,0.837117672,0.988742828
EUA_1_Pro,B1054,matched,328.7338933,335.49,328.73,622920.7943,504826.08,496871.35,-0.202352282,-0.189582232,0.016009637,roofs_top_kW,8760,541,cea,MULTI_RES,NONE,NONE,,roofs_top_kW,8760,2,0.995958537,0.99595529,0.993495047,0.998422027
EUA_1_Pro,B1055,matched,247.2040709,249.15,247.2,546679.5353,419201.28,419726.69,-0.232225348,-0.233186441,-0.001251791,roofs_top_kW,8760,408,cea,MULTI_RES,NONE,NONE,,roofs_top_kW,8760,2,0.982485324,0.982520753,0.977937639,0.98703301
EUA_1_Pro,B1056,matched,240.4006795,243.42,235.55,487335.0708,406553.97,397826.95,-0.18366854,-0.165760902,0.021936724,roofs_top_kW,8760,397,cea,MULTI_RES,NONE,NONE,,roofs_top_kW,8760,2,0.99751544,0.99744864,0.995566308,0.999464571
EUA_1_Pro,B1057,matched,236.5356585,239.79,236.54,540315.868,413025.37,410503.12,-0.240253444,-0.235585341,0.006144289,roofs_top_kW,8760,390,cea,MULTI_RES,NONE,NONE,,roofs_top_kW,8760,2,0.929788589,0.929844611,0.86263448,0.996942699
EUA_1_Pro,B1058,matched,268.4983597,273.46,268.5,611161.7612,438914.1,435032.62,-0.288187436,-0.28183645,0.008922273,roofs_top_kW,8760,443,cea,MULTI_RES,NONE,NONE,,roofs_top_kW,8760,2,0.994803041,0.994807844,0.991644561,0.997961521
EUA_1_Pro,B1059,matched,288.8784527,293.17,288.88,621288.2041,496657.94,499128.57,-0.196623134,-0.200599759,-0.004949887,roofs_top_kW,8760,478,cea,MULTI_RES,NONE,NONE,,roofs_top_kW,8760,2,0.985340983,0.98533795,0.973271012,0.997410953
EUA_1_Pro,B1060,matched,242.6782404,245.63,242.68,537820.2802,417274.61,416694.06,-0.225216907,-0.224137458,0.001393228,roofs_top_kW,8760,400,cea,MULTI_RES,NONE,NONE,,roofs_top_kW,8760,2,0.999838859,0.999835382,0.999702752,0.999974966
EUA_1_Pro,B1061,matched,306.6488035,309.3,306.65,609785.8808,489878.65,487231.64,-0.200979138,-0.196638254,0.005432755,roofs_top_kW,8760,506,cea,MULTI_RES,NONE,NONE,,roofs_top_kW,8760,2,0.99964568,0.99964486,0.999501228,0.999790132
EUA_1_Pro,B1062,matched,247.8378058,250.25,247.84,557910.6179,426987.11,428327.58,-0.232264871,-0.234667532,-0.003129544,roofs_top_kW,8760,409,cea,MULTI_RES,NONE,NONE,,roofs_top_kW,8760,2,0.999947846,0.999947547,0.999914408,0.999981284
EUA_1_Pro,B1063,matched,252.7563714,255.45,252.76,544122.4698,423159.5,429143.94,-0.21131002,-0.222308352,-0.013945065,roofs_top_kW,8760,413,cea,MULTI_RES,NONE,NONE,,roofs_top_kW,8760,2,0.999828994,0.999832474,0.999678254,0.999979734
EUA_1_Pro,B1064,matched,195.3199403,197.81,195.32,364423.9006,333740.45,332598.45,-0.087330854,-0.084197141,0.00343357,roofs_top_kW,8760,321,cea,MULTI_RES,NONE,NONE,,roofs_top_kW,8760,2,0.99169457,0.991694385,0.99148494,0.991904199
EUA_1_Pro,B1065,matched,175.4097947,179.16,175.38,382958.0167,285770.96,284315.11,-0.257581517,-0.253779925,0.005120551,roofs_top_kW,8760,290,cea,MULTI_RES,NONE,NONE,,roofs_top_kW,8760,2,0.98573491,0.985750787,0.979187012,0.992282808
EUA_1_Pro,B1066,matched,186.1016589,188.28,186.1,332819.3115,317014.33,315889.4,-0.050868177,-0.047488175,0.003561151,roofs_top_kW,8760,307,cea,MULTI_RES,NONE,NONE,,roofs_top_kW,8760,2,0.996557355,0.996557597,0.994800687,0.998314023
EUA_1_Pro,B1067,matched,227.7200903,228.02,227.72,486043.3242,372713.99,372413.86,-0.233784641,-0.233167145,0.000805904,roofs_top_kW,8760,375,cea,MULTI_RES,NONE,NONE,,roofs_top_kW,8760,2,0.9984712,0.998473812,0.997424126,0.999518275
EUA_1_Pro,B1068,matched,139.0842152,139.1,139.1,291893.1829,239906.34,240351.46,-0.176577344,-0.178102285,-0.001851955,roofs_top_kW,8760,229,cea,MULTI_RES,NONE,NONE,,roofs_top_kW,8760,,,,,
EUA_1_Pro,B1069,matched,152.4817824,155.41,152.48,322939.896,264832.68,263870.35,-0.182911888,-0.179931983,0.00364698,roofs_top_kW,8760,251,cea,MULTI_RES,NONE,NONE,,roofs_top_kW,8760,2,0.992649436,0.992649977,0.991864562,0.99343431
EUA_1_Pro,B1070,matched,144.1802738,145.34,144.18,273733.8379,250931.79,249087.23,-0.090038587,-0.08330007,0.007405277,roofs_top_kW,8760,237,cea,MULTI_RES,NONE,NONE,,roofs_top_kW,8760,2,0.997998893,0.997998576,0.997786999,0.998210788
EUA_1_Pro,B1071,matched,139.0011436,140.7,139.01,288687.137,237736.14,240208.95,-0.167926384,-0.176492093,-0.010294412,roofs_top_kW,8760,231,cea,MULTI_RES,NONE,NONE,,roofs_top_kW,8760,2,0.995181412,0.995185185,0.991364717,0.998998106
EUA_1_Pro,B1072,matched,133.9051636,133.9,133.9,298530.6886,227658.15,229536.06,-0.231114024,-0.237404533,-0.008181329,roofs_top_kW,8760,219,cea,MULTI_RES,NONE,NONE,,roofs_top_kW,8760,,,,,
EUA_1_Pro,B1073,matched,175.5625473,178.26,175.49,379638.3749,288087.98,290426.31,-0.234992221,-0.241151582,-0.008051371,roofs_top_kW,8760,289,cea,MULTI_RES,NONE,NONE,,roofs_top_kW,8760,2,0.998933673,0.998933723,0.998709679,0.999157667
EUA_1_Pro,B1074,matched,209.8841871,211.72,209.85,407601.3086,355458.87,345875.84,-0.151435894,-0.127925101,0.027706561,roofs_top_kW,8760,345,cea,MULTI_RES,NONE,NONE,,roofs_top_kW,8760,2,0.996492207,0.996490099,0.995444775,0.997539639
EUA_1_Pro,B1075,matched,123.4561775,124.43,123.46,228267.1092,213070.25,211444.91,-0.073695239,-0.066574896,0.007686825,roofs_top_kW,8760,203,cea,MULTI_RES,NONE,NONE,,roofs_top_kW,8760,2,0.997003227,0.997002931,0.994860351,0.999146104
EUA_1_Pro,B1076,matched,194.270602,196.54,194.27,409701.583,324692.46,324047.17,-0.20906537,-0.207490345,0.001991346,roofs_top_kW,8760,322,cea,MULTI_RES,NONE,NONE,,roofs_top_kW,8760,2,0.99943614,0.999422766,0.999106824,0.999765456
EUA_1_Pro,B1077,matched,295.2224779,298.36,295.22,610238.6749,501930.16,490228.42,-0.196661175,-0.177485498,0.023869975,roofs_top_kW,8760,486,cea,MULTI_RES,NONE,NONE,,roofs_top_kW,8760,2,0.992715329,0.992715649,0.992535114,0.992895544
EUA_1_Pro,B1079,matched,464.8037797,467.76,467.76,1071025.59,777212.37,799081.26,-0.253910208,-0.274328852,-0.027367542,roofs_top_kW,8760,766,cea,MULTI_RES,NONE,NONE,,roofs_top_kW,8760,,,,,
EUA_1_Pro,B1085,matched,255.2397725,256.12,255.24,533733.1774,441995.41,434035.71,-0.186792712,-0.171879455,0.018338814,roofs_top_kW,8760,421,cea,MULTI_RES,NONE,NONE,,roofs_top_kW,8760,2,0.999303788,0.999303732,0.99893707,0.999670506
EUA_1_Pro,B1086,matched,226.5191047,227.17,226.52,482360.4608,391172.45,389888.64,-0.191706884,-0.189045368,0.003292761,roofs_top_kW,8760,373,cea,MULTI_RES,NONE,NONE,,roofs_top_kW,8760,2,0.999038398,0.999038934,0.998474061,0.999602735
EUA_1_Pro,B1087,matched,239.6522686,239.65,239.65,505885.2267,409025.28,408760.6,-0.19198945,-0.191466249,0.000647518,roofs_top_kW,8760,393,cea,MULTI_RES,NONE,NONE,,roofs_top_kW,8760,,,,,
EUA_1_Pro,B1088,matched,228.3493712,231.32,228.35,486572.185,391210.6,386912.23,-0.204820493,-0.195986511,0.011109419,roofs_top_kW,8760,376,cea,MULTI_RES,NONE,NONE,,roofs_top_kW,8760,2,0.995537311,0.995542229,0.993509829,0.997564793
EUA_1_Pro,B1089,matched,236.6689534,238.08,236.67,513533.8045,404207.14,402430.02,-0.216351452,-0.212890882,0.004415973,roofs_top_kW,8760,391,cea,MULTI_RES,NONE,NONE,,roofs_top_kW,8760,2,0.993532985,0.993514398,0.990634739,0.996431231
EUA_1_Pro,B1090,matched,259.5526405,260.69,259.25,490208.1176,427733.2,423337.97,-0.136411751,-0.127445702,0.010382319,roofs_top_kW,8760,428,cea,MULTI_RES,NONE,NONE,,roofs_top_kW,8760,2,0.990566611,0.990583567,0.987181008,0.993952215
EUA_1_Pro,B1091,matched,212.5005093,214.07,212.5,454332.8248,367973.09,365221.67,-0.19613629,-0.190080333,0.007533562,roofs_top_kW,8760,349,cea,MULTI_RES,NONE,NONE,,roofs_top_kW,8760,3,0.904600978,0.882249407,0.816598713,0.971882463
EUA_1_Pro,B1092,matched,198.9995683,202.51,199,425120.3776,336452.89,332334.09,-0.218258857,-0.208570307,0.012393553,roofs_top_kW,8760,328,cea,MULTI_RES,NONE,NONE,,roofs_top_kW,8760,2,0.968587756,0.968610041,0.941699445,0.995476067
EUA_1_Pro,B1093,matched,231.5224322,232.8,231.52,494740.9058,378545.74,389067.17,-0.213594094,-0.23486064,-0.027042708,roofs_top_kW,8760,381,cea,MULTI_RES,NONE,NONE,,roofs_top_kW,8760,2,0.997141391,0.997141672,0.99690789,0.997374892
EUA_1_Pro,B1094,matched,218.7803822,219.95,218.78,502089.8164,365506.03,341743.52,-0.319357794,-0.272030585,0.069533169,roofs_top_kW,8760,360,cea,MULTI_RES,NONE,NONE,,roofs_top_kW,8760,2,0.992551535,0.99254944,0.986856639,0.998246431
EUA_1_Pro,B1095,matched,225.0414055,226.59,225.04,480000.2722,373751.52,383653.14,-0.200723078,-0.221351442,-0.025808781,roofs_top_kW,8760,372,cea,MULTI_RES,NONE,NONE,,roofs_top_kW,8760,2,0.987218082,0.987218866,0.977910817,0.996525347
EUA_1_Pro,B1096,matched,218.953013,220.12,218.95,508592.4428,361309.13,361069.22,-0.290061767,-0.289590054,0.000664443,roofs_top_kW,8760,361,cea,MULTI_RES,NONE,NONE,,roofs_top_kW,8760,2,0.998975396,0.998975039,0.998568296,0.999382496
EUA_1_Pro,B1097,matched,228.1005756,229.22,228.1,479679.0087,366946.72,385815.82,-0.195679167,-0.235016097,-0.048907015,roofs_top_kW,8760,376,cea,MULTI_RES,NONE,NONE,,roofs_top_kW,8760,2,0.988375157,0.988380665,0.982112288,0.994638026
EUA_1_Pro,B1098,matched,202.0044162,202.96,202,458935.7595,331271.37,330892.89,-0.278999548,-0.278174857,0.001143814,roofs_top_kW,8760,333,cea,MULTI_RES,NONE,NONE,,roofs_top_kW,8760,2,0.998903096,0.998902953,0.998680174,0.999126017
EUA_1_Pro,B1099,matched,252.2692131,254.86,252.27,525984.1464,417148.45,426815.93,-0.188538413,-0.206918207,-0.022650232,roofs_top_kW,8760,417,cea,MULTI_RES,NONE,NONE,,roofs_top_kW,8760,2,0.983777553,0.983752034,0.97075361,0.996801496
EUA_1_Pro,B1100,matched,229.2912471,231.98,229.29,516358.1726,378391.41,377272.18,-0.269359526,-0.26719198,0.002966638,roofs_top_kW,8760,377,cea,MULTI_RES,NONE,NONE,,roofs_top_kW,8760,2,0.995504141,0.995502979,0.99248451,0.998523772
EUA_1_Pro,B1101,matched,182.3777619,185.8,182.38,377544.4115,312353.72,310862.34,-0.17662047,-0.172670259,0.004797558,roofs_top_kW,8760,301,cea,MULTI_RES,NONE,NONE,,roofs_top_kW,8760,2,0.992058933,0.992053987,0.986585617,0.997532248
EUA_1_Pro,B1102,matched,230.8582434,232.79,230.83,525665.9401,359145.3,359911.82,-0.315322161,-0.316780349,-0.002129744,roofs_top_kW,8760,382,cea,MULTI_RES,NONE,NONE,,roofs_top_kW,8760,2,0.987321168,0.987319348,0.985828042,0.988814294
EUA_1_Pro,B1103,matched,189.9355324,192.3,189.94,381597.4945,325126.3,324190.19,-0.150439417,-0.147986282,0.002887533,roofs_top_kW,8760,313,cea,MULTI_RES,NONE,NONE,,roofs_top_kW,8760,2,0.996402591,0.996399769,0.993894756,0.998910427
EUA_1_Pro,B1104,matched,270.8078188,272.81,270.81,573449.4109,438069.81,438703.51,-0.234974347,-0.236079414,-0.001444484,roofs_top_kW,8760,446,cea,MULTI_RES,NONE,NONE,,roofs_top_kW,8760,2,0.987782419,0.987785755,0.983578563,0.991986275
EUA_1_Pro,B1105,matched,182.0262334,184.54,182.03,414822.3935,308491.06,307722.19,-0.258183274,-0.256329782,0.002498585,roofs_top_kW,8760,299,cea,MULTI_RES,NONE,NONE,,roofs_top_kW,8760,2,0.997797161,0.997797289,0.997558475,0.998035848
EUA_1_Pro,B1106,matched,161.5492932,162.34,161.54,344803.7634,258627.15,258300.07,-0.250878043,-0.249929446,0.001266279,roofs_top_kW,8760,266,cea,MULTI_RES,NONE,NONE,,roofs_top_kW,8760,2,0.994592696,0.994593141,0.993884265,0.995301127
EUA_1_Pro,B1107,matched,228.0008931,230.34,228,499807.2102,385527.76,385337.69,-0.229027349,-0.228647062,0.000493256,roofs_top_kW,8760,377,cea,MULTI_RES,NONE,NONE,,roofs_top_kW,8760,2,0.982245535,0.982229808,0.971943021,0.992548048
EUA_1_Pro,B1108,matched,214.3274098,217.69,214.33,437326.2313,326802.33,315429.36,-0.278732128,-0.252726439,0.036055521,roofs_top_kW,8760,353,cea,MULTI_RES,NONE,NONE,,roofs_top_kW,8760,2,0.995161682,0.995161053,0.991642475,0.99868089
EUA_1_Pro,B1109,matched,217.1275662,219.69,217.11,446134.7017,372113.7,360601.96,-0.191719544,-0.165916261,0.031923676,roofs_top_kW,8760,359,cea,MULTI_RES,NONE,NONE,,roofs_top_kW,8760,2,0.969676971,0.969682512,0.965145469,0.974208474
EUA_1_Pro,B1113,matched,249.4433138,255.59,249.44,540011.9433,420961.57,418173.2,-0.225622312,-0.220458778,0.006667979,roofs_top_kW,8760,411,cea,MULTI_RES,NONE,NONE,,roofs_top_kW,8760,2,0.995560616,0.99552708,0.991915107,0.999206126
EUA_1_Pro,B1114,matched,189.8420517,192.28,183.47,388141.3865,327905.72,315718.82,-0.186588107,-0.155190012,0.038600486,roofs_top_kW,8760,313,cea,MULTI_RES,NONE,NONE,,roofs_top_kW,8760,2,0.986753196,0.986746794,0.983807206,0.989699185
EUA_1_Pro,B1115,matched,156.6317293,159.94,156.63,328101.6023,269512.66,268630.56,-0.181258006,-0.17856951,0.003283692,roofs_top_kW,8760,259,cea,MULTI_RES,NONE,NONE,,roofs_top_kW,8760,2,0.97364524,0.973643657,0.97036171,0.976928771
EUA_1_Pro,B1116,matched,146.5347042,147.71,146.53,253518.4709,250661.95,250000.89,-0.013875048,-0.011267506,0.002644231,roofs_top_kW,8760,242,cea,MULTI_RES,NONE,NONE,,roofs_top_kW,8760,2,0.99639374,0.99639264,0.995900095,0.996887386
EUA_1_Pro,B1117,matched,125.0252517,126,125.03,239873.2752,214220.72,211919.01,-0.116537639,-0.106942114,0.010861272,roofs_top_kW,8760,205,cea,MULTI_RES,NONE,NONE,,roofs_top_kW,8760,2,0.998800248,0.99879951,0.998055339,0.999545157
EUA_1_Pro,B1118,matched,143.7944698,144.46,143.79,303141.3352,248495.47,248846.29,-0.179108023,-0.180265305,-0.001409786,roofs_top_kW,8760,238,cea,MULTI_RES,NONE,NONE,,roofs_top_kW,8760,2,0.997590482,0.9975902,0.997452676,0.997728288
EUA_1_Pro,B1119,matched,139.4790008,140.98,139.48,294365.7165,242733.95,241809.48,-0.178540616,-0.175400067,0.003823134,roofs_top_kW,8760,229,cea,MULTI_RES,NONE,NONE,,roofs_top_kW,8760,2,0.997665048,0.997665245,0.997604191,0.997725904
EUA_1_Pro,B1120,matched,127.6541357,129.88,127.65,271317.9883,216827.68,217868.46,-0.196999575,-0.20083559,-0.004777103,roofs_top_kW,8760,211,cea,MULTI_RES,NONE,NONE,,roofs_top_kW,8760,2,0.999700367,0.999700803,0.999574006,0.999826729
EUA_1_Pro,B1121,matched,148.1676941,150.83,148.17,297078.1729,251795.78,253392.15,-0.147052281,-0.15242585,-0.006299998,roofs_top_kW,8760,244,cea,MULTI_RES,NONE,NONE,,roofs_top_kW,8760,2,0.995531142,0.995553853,0.991265476,0.999796808
EUA_1_Pro,B1123,matched,136.3327818,139.33,136.33,255156.7746,238519.1,235584.76,-0.076705839,-0.065205694,0.01245556,roofs_top_kW,8760,225,cea,MULTI_RES,NONE,NONE,,roofs_top_kW,8760,2,0.999089926,0.999092269,0.998381972,0.999797881
EUA_1_Pro,B1124,matched,145.9565449,148.59,145.96,279587.9547,254066.55,252854.72,-0.095616547,-0.091282204,0.004792594,roofs_top_kW,8760,241,cea,MULTI_RES,NONE,NONE,,roofs_top_kW,8760,2,0.998904914,0.998904014,0.998123467,0.99968636
EUA_1_Pro,B1126,matched,151.7642405,154.53,151.76,281901.5975,263417.62,263047.22,-0.066882833,-0.065568899,0.001408112,roofs_top_kW,8760,249,cea,MULTI_RES,NONE,NONE,,roofs_top_kW,8760,2,0.998127133,0.998125146,0.996326387,0.999927878
EUA_1_Pro,B1127,matched,137.830872,137.83,137.83,285099.3847,236032.64,237232.43,-0.167895679,-0.172104001,-0.005057445,roofs_top_kW,8760,228,cea,MULTI_RES,NONE,NONE,,roofs_top_kW,8760,,,,,
EUA_1_Pro,B1128,matched,135.8234239,135.82,135.82,284502.9003,232580.9,233650.28,-0.17874201,-0.182500777,-0.00457684,roofs_top_kW,8760,222,cea,MULTI_RES,NONE,NONE,,roofs_top_kW,8760,,,,,
EUA_1_Pro,B1129,matched,132.7903269,132.79,132.79,301208.758,224751.57,226916.23,-0.246647968,-0.253834545,-0.009539467,roofs_top_kW,8760,218,cea,MULTI_RES,NONE,NONE,,roofs_top_kW,8760,,,,,
EUA_1_Pro,B1130,matched,144.9447513,149.26,144.94,293231.3145,249889.01,249801.43,-0.148107935,-0.147809263,0.000350598,roofs_top_kW,8760,240,cea,MULTI_RES,NONE,NONE,,roofs_top_kW,8760,2,0.952791661,0.952816878,0.94679451,0.958788812
EUA_1_Pro,B1131,matched,136.6697015,138.59,136.67,281159.3959,231957.41,232774.83,-0.17208945,-0.174996769,-0.003511634,roofs_top_kW,8760,224,cea,MULTI_RES,NONE,NONE,,roofs_top_kW,8760,2,0.998961449,0.998961452,0.998959899,0.998962998
EUA_1_Pro,B1132,matched,142.4767009,144.3,142.48,297878.2723,245261.47,245005.07,-0.177499359,-0.176638604,0.001046509,roofs_top_kW,8760,234,cea,MULTI_RES,NONE,NONE,,roofs_top_kW,8760,2,0.999870211,0.999870144,0.999781549,0.999958873
EUA_1_Pro,B1133,matched,184.5666951,187.05,176.59,434819.7075,313438.21,300963.89,-0.307842113,-0.279153625,0.041447896,roofs_top_kW,8760,304,cea,MULTI_RES,NONE,NONE,,roofs_top_kW,8760,2,0.999595225,0.999585645,0.999366939,0.999823511
EUA_1_Pro,B1134,matched,162.0296617,162.03,162.03,333947.6561,270206.36,276234.96,-0.172819587,-0.190872117,-0.021824175,roofs_top_kW,8760,269,cea,MULTI_RES,NONE,NONE,,roofs_top_kW,8760,,,,,
EUA_1_Pro,B1135,matched,148.7933951,152.25,148.79,298827.3482,255218.68,256828.76,-0.14054466,-0.145932655,-0.00626908,roofs_top_kW,8760,246,cea,MULTI_RES,NONE,NONE,,roofs_top_kW,8760,2,0.998821735,0.998826294,0.998351932,0.999291539
EUA_1_Pro,B1136,matched,148.7432783,148.74,148.74,294353.7741,250201.68,256922.19,-0.127165293,-0.149996698,-0.026157764,roofs_top_kW,8760,246,cea,MULTI_RES,NONE,NONE,,roofs_top_kW,8760,,,,,
EUA_1_Pro,B1137,matched,158.1566095,159.87,158.16,373883.9656,271497.68,273885.91,-0.267457459,-0.273845083,-0.008719799,roofs_top_kW,8760,261,cea,MULTI_RES,NONE,NONE,,roofs_top_kW,8760,2,0.999938071,0.999938337,0.999928713,0.999947429
EUA_1_Pro,B1138,matched,106.0177983,107.38,106.02,215238.8343,184470.01,183342.61,-0.148189914,-0.142952012,0.006149143,roofs_top_kW,8760,176,cea,MULTI_RES,NONE,NONE,,roofs_top_kW,8760,2,0.990160108,0.990104612,0.980684996,0.99963522
EUA_1_Pro,B1139,matched,159.8969086,161.04,144.02,383348.8025,274872.54,249147.09,-0.350077297,-0.282970135,0.103254066,roofs_top_kW,8760,263,cea,MULTI_RES,NONE,NONE,,roofs_top_kW,8760,2,0.998537004,0.998537108,0.997174263,0.999899745
EUA_1_Pro,B1140,matched,149.3773902,151.93,149.37,318861.5805,258990.51,257304.43,-0.193052893,-0.187765081,0.00655286,roofs_top_kW,8760,246,cea,MULTI_RES,NONE,NONE,,roofs_top_kW,8760,2,0.974130183,0.974132188,0.971912622,0.976347744
EUA_1_Pro,B1141,matched,161.8768858,162.44,161.84,364927.0575,277112.07,274438.53,-0.247963328,-0.240637096,0.009741854,roofs_top_kW,8760,267,cea,MULTI_RES,NONE,NONE,,roofs_top_kW,8760,2,0.99761948,0.99761544,0.996500373,0.998738587
EUA_1_Pro,B1142,matched,368.7150641,370.68,368.8,773574.8633,621065.97,620932.66,-0.197320532,-0.197148202,0.000214693,roofs_top_kW,8760,607,cea,MULTI_RES,NONE,NONE,,roofs_top_kW,8760,2,0.996231169,0.996303324,0.994099855,0.998362482
EUA_1_Pro,B1143,matched,140.6242218,143.58,140.63,296462.462,243747.43,242515.45,-0.181969116,-0.177813514,0.005080006,roofs_top_kW,8760,232,cea,MULTI_RES,NONE,NONE,,roofs_top_kW,8760,2,0.990794629,0.990779218,0.985466838,0.99612242
EUA_1_Pro,B1144,matched,118.7751413,122.21,118.78,274320.0816,204171.7,201024.08,-0.267191527,-0.255717267,0.015657925,roofs_top_kW,8760,197,cea,MULTI_RES,NONE,NONE,,roofs_top_kW,8760,2,0.996207178,0.996231966,0.993739486,0.99867487
EUA_1_Pro,B1145,matched,268.7630229,272.28,268.76,553058.4801,462893.37,459298.06,-0.169530752,-0.163029975,0.007827836,roofs_top_kW,8760,441,cea,MULTI_RES,NONE,NONE,,roofs_top_kW,8760,2,0.998008996,0.99799952,0.996976852,0.99904114
EUA_1_Pro,B1146,matched,259.6269092,263.26,259.63,587998.2458,448000.48,448877.31,-0.236600937,-0.238092149,-0.001953385,roofs_top_kW,8760,428,cea,MULTI_RES,NONE,NONE,,roofs_top_kW,8760,2,0.998001873,0.998002429,0.996044397,0.99995935
EUA_1_Pro,B1147,matched,253.7518753,257.09,253.75,564582.2748,441102.71,440090.42,-0.220502592,-0.218709602,0.002300186,roofs_top_kW,8760,419,cea,MULTI_RES,NONE,NONE,,roofs_top_kW,8760,2,0.999497026,0.99949718,0.999214053,0.999779999
EUA_1_Pro,B1148,matched,281.0051167,281.4,281.01,591670.0457,469772.86,487072.68,-0.17678327,-0.206022236,-0.035517944,roofs_top_kW,8760,465,cea,MULTI_RES,NONE,NONE,,roofs_top_kW,8760,3,0.863073587,0.794661178,0.589814186,0.999864697
EUA_1_Pro,B1153,matched,264.4266548,268.28,264.43,589804.873,356439.44,358114.85,-0.392824871,-0.395665488,-0.004678415,roofs_top_kW,8760,436,cea,MULTI_RES,NONE,NONE,,roofs_top_kW,8760,2,0.999810189,0.999809721,0.999746978,0.9998734
EUA_1_Pro,B1156,matched,169.5976564,170.76,169.62,383475.5228,290155.9,287763.37,-0.249591296,-0.243352228,0.008314227,roofs_top_kW,8760,280,cea,MULTI_RES,NONE,NONE,,roofs_top_kW,8760,2,0.996158183,0.996157954,0.995849729,0.996466637
EUA_1_Pro,B1157,matched,180.0943629,181.06,180.09,407240.0821,308222.37,306943.69,-0.246283204,-0.243143336,0.004165846,roofs_top_kW,8760,297,cea,MULTI_RES,NONE,NONE,,roofs_top_kW,8760,2,0.996272951,0.996271578,0.994282484,0.998263419
EUA_1_Pro,B1158,matched,170.3476671,171.09,170.35,321424.7224,292246.95,289743.59,-0.098564703,-0.090776379,0.008639915,roofs_top_kW,8760,280,cea,MULTI_RES,NONE,NONE,,roofs_top_kW,8760,2,0.991828889,0.991826513,0.986361504,0.997296274
EUA_1_Pro,B1159,matched,182.5233219,184.55,182.55,390800.9315,319049.73,316778.37,-0.189412449,-0.183600385,0.007170187,roofs_top_kW,8760,298,cea,MULTI_RES,NONE,NONE,,roofs_top_kW,8760,2,0.965513259,0.965523535,0.931994259,0.999032259
EUA_1_Pro,B1160,matched,185.0304039,186.29,185.03,396697.6524,264580.83,257762.32,-0.350229782,-0.333041604,0.026452703,roofs_top_kW,8760,305,cea,MULTI_RES,NONE,NONE,,roofs_top_kW,8760,2,0.993149906,0.993148929,0.988623857,0.997675955
EUA_1_Pro,B1161,matched,186.2746739,187.33,186.27,359206.0538,319713.46,319228.29,-0.111294794,-0.109944121,0.001519821,roofs_top_kW,8760,307,cea,MULTI_RES,NONE,NONE,,roofs_top_kW,8760,2,0.996827215,0.996826293,0.993832588,0.999821842
EUA_1_Pro,B1162,matched,117.540495,119.5,117.54,267685.017,201382.77,201357.89,-0.247780499,-0.247687554,0.000123561,roofs_top_kW,8760,193,cea,MULTI_RES,NONE,NONE,,roofs_top_kW,8760,2,0.991927922,0.991879551,0.987603366,0.996252477
EUA_1_Pro,B1163,matched,177.9164128,178.49,177.9,410368.4088,302610.42,306251.62,-0.253715409,-0.262588412,-0.01188957,roofs_top_kW,8760,295,cea,MULTI_RES,NONE,NONE,,roofs_top_kW,8760,2,0.995447367,0.995419148,0.993083239,0.997811496
EUA_1_Pro,B1164,matched,172.5386588,174.88,172.54,390191.9704,296201.11,296180.83,-0.24093561,-0.240883636,6.84717E-05,roofs_top_kW,8760,284,cea,MULTI_RES,NONE,NONE,,roofs_top_kW,8760,2,0.986778289,0.986778473,0.986744285,0.986812294
EUA_1_Pro,B1165,matched,180.9501206,183.1,180.95,344118.6659,311908.31,306072.48,-0.110561238,-0.093602466,0.019066824,roofs_top_kW,8760,298,cea,MULTI_RES,NONE,NONE,,roofs_top_kW,8760,2,0.998419613,0.998421195,0.99731344,0.999525785
EUA_1_Pro,B1166,matched,136.6995395,138.32,137.09,268456.8248,237999.85,237235.84,-0.116297974,-0.113452041,0.003220466,roofs_top_kW,8760,224,cea,MULTI_RES,NONE,NONE,,roofs_top_kW,8760,2,0.992162436,0.99204667,0.988006175,0.996318698
EUA_1_Pro,B1167,matched,177.4423775,178.99,177.45,382171.0252,306233.71,304859.73,-0.20229502,-0.198699823,0.004506925,roofs_top_kW,8760,292,cea,MULTI_RES,NONE,NONE,,roofs_top_kW,8760,2,0.996625096,0.996632509,0.99465704,0.998593152
EUA_1_Pro,B1168,matched,180.2927807,182.26,180.29,387616.8186,310613.15,300703.09,-0.224225896,-0.198659256,0.032956296,roofs_top_kW,8760,296,cea,MULTI_RES,NONE,NONE,,roofs_top_kW,8760,2,0.997769624,0.997769257,0.996931195,0.998608053
EUA_1_Pro,B1169,matched,177.1636677,178.51,177.16,335165.8764,306147.6,297678.65,-0.111846787,-0.086578851,0.028449974,roofs_top_kW,8760,293,cea,MULTI_RES,NONE,NONE,,roofs_top_kW,8760,2,0.993022203,0.993022869,0.986365557,0.99967885
EUA_1_Pro,B1170,matched,142.770892,144.59,142.77,257397.7863,247270.14,247201.89,-0.039611437,-0.039346284,0.00027609,roofs_top_kW,8760,234,cea,MULTI_RES,NONE,NONE,,roofs_top_kW,8760,2,0.987189382,0.98716538,0.977314949,0.997063816
EUA_1_Pro,B1171,matched,150.5356644,152.82,150.54,264161.8075,259655.05,257694.82,-0.02448116,-0.017060595,0.007606789,roofs_top_kW,8760,249,cea,MULTI_RES,NONE,NONE,,roofs_top_kW,8760,2,0.998250991,0.998251531,0.997709751,0.998792231
EUA_1_Pro,B1172,matched,136.5281057,137.94,136.48,299422.5141,236830.19,235628.61,-0.213056471,-0.209043479,0.005099466,roofs_top_kW,8760,225,cea,MULTI_RES,NONE,NONE,,roofs_top_kW,8760,2,0.997502923,0.997503872,0.996837854,0.998167992
EUA_1_Pro,B1173,matched,173.1160933,175.25,173.12,371543.1327,300317.37,298747.86,-0.195926842,-0.191702541,0.005253628,roofs_top_kW,8760,283,cea,MULTI_RES,NONE,NONE,,roofs_top_kW,8760,2,0.990755916,0.990759997,0.982343674,0.999168158
EUA_1_Pro,B1174,matched,172.9765311,174.04,172.98,366785.9441,297189.3,300857.46,-0.179746485,-0.189747304,-0.012192352,roofs_top_kW,8760,286,cea,MULTI_RES,NONE,NONE,,roofs_top_kW,8760,2,0.9948228,0.994815842,0.993430555,0.996215045
EUA_1_Pro,B1175,matched,176.7939628,178.04,176.79,343684.7096,301045.65,304022.66,-0.115402427,-0.124064465,-0.009792066,roofs_top_kW,8760,293,cea,MULTI_RES,NONE,NONE,,roofs_top_kW,8760,2,0.995658249,0.995656157,0.993073165,0.998243332
EUA_1_Pro,B1179,matched,90.66919022,91.7,90.67,191807.0496,157674.42,156452.53,-0.184323359,-0.177952946,0.007809973,roofs_top_kW,8760,149,cea,MULTI_RES,NONE,NONE,,roofs_top_kW,8760,2,0.997927606,0.997929936,0.99637574,0.999479473
EUA_1_Pro,B1180,matched,185.9953904,187.31,185.94,402560.2909,321169.47,321660.93,-0.200962099,-0.202182935,-0.001527882,roofs_top_kW,8760,308,cea,MULTI_RES,NONE,NONE,,roofs_top_kW,8760,2,0.99637717,0.996375351,0.99529618,0.99745816
EUA_1_Pro,B1181,matched,182.2500583,184.91,163.9,347164.8532,316625.76,282233.34,-0.18703366,-0.087967122,0.121858105,roofs_top_kW,8760,302,cea,MULTI_RES,NONE,NONE,,roofs_top_kW,8760,2,0.998138517,0.998113862,0.996844649,0.999432385
EUA_1_Pro,B1182,matched,137.6632283,137.66,137.66,266747.1278,238746.86,238359.6,-0.106421119,-0.104969332,0.001624688,roofs_top_kW,8760,227,cea,MULTI_RES,NONE,NONE,,roofs_top_kW,8760,,,,,
EUA_1_Pro,B1187,matched,260.255542,264.89,260.26,563315.7418,456403.43,450292.62,-0.200639026,-0.189791096,0.013570753,roofs_top_kW,8760,430,cea,MULTI_RES,NONE,NONE,,roofs_top_kW,8760,2,0.999604464,0.999603782,0.999442875,0.999766052
EUA_1_Pro,B1188,matched,253.6105152,256.55,253.61,523254.5668,434278.69,434795.07,-0.16905633,-0.170043192,-0.00118764,roofs_top_kW,8760,418,cea,MULTI_RES,NONE,NONE,,roofs_top_kW,8760,2,0.999834538,0.999834795,0.999678135,0.99999094
EUA_1_Pro,B1189,matched,231.3998516,233.95,231.4,472797.4092,398225.26,399804.59,-0.154384981,-0.157725376,-0.003950255,roofs_top_kW,8760,382,cea,MULTI_RES,NONE,NONE,,roofs_top_kW,8760,2,0.999499887,0.999503019,0.999219298,0.999780476
EUA_1_Pro,B1190,matched,257.7667584,260.84,257.77,512843.6526,438217.58,442009.96,-0.138119468,-0.145514276,-0.008579852,roofs_top_kW,8760,426,cea,MULTI_RES,NONE,NONE,,roofs_top_kW,8760,2,0.996811271,0.996815725,0.993931413,0.999691129
EUA_1_Pro,B1191,matched,241.6014242,244.47,241.6,525579.8391,401771.25,400355.5,-0.238259404,-0.235565712,0.003536232,roofs_top_kW,8760,398,cea,MULTI_RES,NONE,NONE,,roofs_top_kW,8760,2,0.998554885,0.998561398,0.997363269,0.999746501
EUA_1_Pro,B1192,matched,258.1596772,264.47,258.16,546920.7776,442098.61,440937.03,-0.193782632,-0.191658777,0.002634344,roofs_top_kW,8760,426,cea,MULTI_RES,NONE,NONE,,roofs_top_kW,8760,2,0.993800282,0.993818309,0.989386082,0.998214483
EUA_1_Pro,B1193,matched,235.854154,235.92,235.85,476830.5614,399247.68,401905.9,-0.157130577,-0.162705346,-0.006614036,roofs_top_kW,8760,387,cea,MULTI_RES,NONE,NONE,,roofs_top_kW,8760,3,0.9324043,0.90811601,0.835324883,0.983152151
EUA_1_Pro,B1194,matched,245.0135436,247.29,245.01,497980.339,417814.13,421154.78,-0.154274281,-0.160982679,-0.007932119,roofs_top_kW,8760,403,cea,MULTI_RES,NONE,NONE,,roofs_top_kW,8760,2,0.998854995,0.998857,0.997796655,0.999913335
EUA_1_Pro,B1195,matched,145.9578118,147.91,145.96,284257.5098,253790.51,252340.9,-0.112280621,-0.107180985,0.005744649,roofs_top_kW,8760,242,cea,MULTI_RES,NONE,NONE,,roofs_top_kW,8760,2,0.999760807,0.999761015,0.999726832,0.999794781
EUA_1_Pro,B1196,matched,155.0237212,157.76,155.02,305686.2983,268623.6,267867.46,-0.123717806,-0.121244225,0.002822814,roofs_top_kW,8760,258,cea,MULTI_RES,NONE,NONE,,roofs_top_kW,8760,2,0.999204785,0.999204753,0.99872297,0.999686599
EUA_1_Pro,B1197,matched,140.4958613,142.3,140.5,267973.521,245520.55,243484.86,-0.09138463,-0.083788021,0.008360643,roofs_top_kW,8760,231,cea,MULTI_RES,NONE,NONE,,roofs_top_kW,8760,2,0.99995023,0.99995023,0.999949932,0.999950528
EUA_1_Pro,B1198,matched,149.5704646,153.43,149.57,281720.3506,259746.19,257451.46,-0.086145323,-0.077999905,0.008913253,roofs_top_kW,8760,247,cea,MULTI_RES,NONE,NONE,,roofs_top_kW,8760,2,0.999095291,0.999096095,0.998629808,0.999560773
EUA_1_Pro,B1199,matched,168.2699067,170.33,168.27,381723.2232,292550.96,289867.33,-0.240634805,-0.233604501,0.009258132,roofs_top_kW,8760,277,cea,MULTI_RES,NONE,NONE,,roofs_top_kW,8760,2,0.996603638,0.996607485,0.995269954,0.997937322
EUA_1_Pro,B1200,matched,168.171102,168.73,168.17,381905.5826,290541.34,289398.75,-0.242224353,-0.23923254,0.003948151,roofs_top_kW,8760,277,cea,MULTI_RES,NONE,NONE,,roofs_top_kW,8760,2,0.999071628,0.999071523,0.999026656,0.9991166
EUA_1_Pro,B1201,matched,171.0845089,172.94,171.57,382365.685,295564.38,292574.28,-0.234831232,-0.227011231,0.010219969,roofs_top_kW,8760,282,cea,MULTI_RES,NONE,NONE,,roofs_top_kW,8760,2,0.990911663,0.990947375,0.985624969,0.996198356
EUA_1_Pro,B1202,matched,144.3254926,146.7,144.31,292072.8286,248853.73,249197.88,-0.146795403,-0.147973705,-0.001381031,roofs_top_kW,8760,240,cea,MULTI_RES,NONE,NONE,,roofs_top_kW,8760,2,0.993151009,0.99315621,0.988837481,0.997464538
EUA_1_Pro,B1203,matched,175.9113034,177.05,175.91,418586.6322,304617.22,302725.61,-0.276791023,-0.272271982,0.006248596,roofs_top_kW,8760,290,cea,MULTI_RES,NONE,NONE,,roofs_top_kW,8760,2,0.999001443,0.999001122,0.998966336,0.999036551
EUA_1_Pro,B1204,matched,176.9246551,178.33,176.92,391010.1868,307459.2,301006.97,-0.230181258,-0.213679821,0.021435484,roofs_top_kW,8760,292,cea,MULTI_RES,NONE,NONE,,roofs_top_kW,8760,2,0.983569354,0.98355709,0.969346702,0.997792006
EUA_1_Pro,B1205,matched,174.7437368,176.54,174.59,357237.2595,303316.43,301650.05,-0.155603057,-0.150938426,0.005524216,roofs_top_kW,8760,288,cea,MULTI_RES,NONE,NONE,,roofs_top_kW,8760,2,0.992481172,0.992486441,0.986826301,0.998136044
EUA_1_Pro,B1206,matched,144.1056913,144.94,144.11,325187.1831,249544.79,249321.87,-0.233297365,-0.232611853,0.000894105,roofs_top_kW,8760,237,cea,MULTI_RES,NONE,NONE,,roofs_top_kW,8760,2,0.993082762,0.99307355,0.987275898,0.998889625
EUA_1_Pro,B1207,matched,178.1760878,178.85,178.18,396067.8981,308633.27,308165.55,-0.221937573,-0.220756664,0.001517756,roofs_top_kW,8760,292,cea,MULTI_RES,NONE,NONE,,roofs_top_kW,8760,2,0.996457994,0.996457634,0.995564342,0.997351646
EUA_1_Pro,B1208,matched,173.8783339,174.65,173.88,390472.1934,301869.96,302189.96,-0.226090961,-0.226910481,-0.001058937,roofs_top_kW,8760,287,cea,MULTI_RES,NONE,NONE,,roofs_top_kW,8760,2,0.996978998,0.996966763,0.995956004,0.998001993
EUA_1_Pro,B1209,matched,181.6096664,181.83,178.42,397127.2749,314411.02,311015.58,-0.216836517,-0.208286512,0.010917267,roofs_top_kW,8760,299,cea,MULTI_RES,NONE,NONE,,roofs_top_kW,8760,2,0.996484548,0.996462528,0.995671868,0.997297227
EUA_1_Pro,B1210,matched,165.9439743,167.65,160.07,332740.9097,286832.67,277301.84,-0.166613326,-0.137969929,0.034369877,roofs_top_kW,8760,272,cea,MULTI_RES,NONE,NONE,,roofs_top_kW,8760,2,0.984722883,0.984798216,0.979011953,0.990433812
EUA_1_Pro,B1211,matched,177.5257086,178.7,177.53,391442.1318,307754.51,304969.67,-0.220907395,-0.213793087,0.009131531,roofs_top_kW,8760,291,cea,MULTI_RES,NONE,NONE,,roofs_top_kW,8760,2,0.995829552,0.995844386,0.9929322,0.998726904
EUA_1_Pro,B1212,matched,182.2451199,183.57,181.15,388661.6931,316169.96,306860.12,-0.210469863,-0.18651628,0.030339035,roofs_top_kW,8760,299,cea,MULTI_RES,NONE,NONE,,roofs_top_kW,8760,2,0.970301837,0.970303331,0.959453881,0.981149793
EUA_1_Pro,B1213,matched,183.0021982,184.76,183.02,382211.5336,317454.92,313300.12,-0.180296531,-0.169426111,0.013261406,roofs_top_kW,8760,302,cea,MULTI_RES,NONE,NONE,,roofs_top_kW,8760,2,0.995872259,0.995886661,0.992674172,0.999070346
EUA_1_Pro,B1214,matched,146.1867083,151.02,146.25,316954.2687,255025.85,253615.05,-0.19983709,-0.195385975,0.005562761,roofs_top_kW,8760,242,cea,MULTI_RES,NONE,NONE,,roofs_top_kW,8760,2,0.981343746,0.981319633,0.964256942,0.99843055
EUA_1_Pro,B1215,matched,177.7261032,179.8,177.73,401683.9165,307787.96,305953.13,-0.238323673,-0.233755828,0.005997095,roofs_top_kW,8760,292,cea,MULTI_RES,NONE,NONE,,roofs_top_kW,8760,2,0.996676266,0.996674006,0.995902836,0.997449696
EUA_1_Pro,B1216,matched,180.0135165,181.2,180.01,394628.5514,312860.95,307779.69,-0.220077491,-0.207201433,0.016509406,roofs_top_kW,8760,297,cea,MULTI_RES,NONE,NONE,,roofs_top_kW,8760,2,0.999838918,0.99983878,0.999819696,0.999858141
EUA_1_Pro,B1217,matched,167.1863813,167.71,167.21,373495.5214,290044.55,290152.89,-0.223142251,-0.223432322,-0.000373389,roofs_top_kW,8760,276,cea,MULTI_RES,NONE,NONE,,roofs_top_kW,8760,2,0.998524994,0.998524911,0.9978351,0.999214888
EUA_1_Pro,B1218,matched,144.3036672,145.62,144.27,270925.5935,252034.26,250039.27,-0.077092471,-0.069728863,0.007978707,roofs_top_kW,8760,239,cea,MULTI_RES,NONE,NONE,,roofs_top_kW,8760,2,0.99207589,0.992080972,0.989036381,0.995115399
EUA_1_Pro,B1219,matched,175.9318607,178,175.93,387557.4593,303429.38,301481.08,-0.222099658,-0.217072533,0.006462429,roofs_top_kW,8760,291,cea,MULTI_RES,NONE,NONE,,roofs_top_kW,8760,2,0.996103197,0.996076045,0.994502544,0.99770385
EUA_1_Pro,B1220,matched,184.8359153,186.33,187.35,403500.8697,321701.46,323982.08,-0.197072164,-0.202724246,-0.00703934,roofs_top_kW,8760,306,cea,MULTI_RES,NONE,NONE,,roofs_top_kW,8760,2,0.999530733,0.999531049,0.999521255,0.99954021
EUA_1_Pro,B1221,matched,143.1194388,147.52,137.51,288564.6454,249127.26,237634.91,-0.176493331,-0.136667419,0.048361371,roofs_top_kW,8760,235,cea,MULTI_RES,NONE,NONE,,roofs_top_kW,8760,2,0.998007804,0.998008244,0.996075213,0.999940395
EUA_1_Pro,B1222,matched,176.1611586,177.39,176.16,391723.7508,299969.58,295965.76,-0.244452859,-0.23423183,0.013527984,roofs_top_kW,8760,292,cea,MULTI_RES,NONE,NONE,,roofs_top_kW,8760,2,0.998549163,0.998549055,0.998034179,0.999064147
EUA_1_Pro,B1223,matched,177.5529543,178.81,177.55,412931.2,302644.84,296763.48,-0.281324637,-0.267081683,0.019818342,roofs_top_kW,8760,292,cea,MULTI_RES,NONE,NONE,,roofs_top_kW,8760,2,0.997362882,0.99735858,0.99577111,0.998954654
EUA_1_Pro,B1224,matched,168.4025589,169.25,167.03,368643.9027,283288.61,280520.58,-0.239047281,-0.231538599,0.009867476,roofs_top_kW,8760,278,cea,MULTI_RES,NONE,NONE,,roofs_top_kW,8760,2,0.978669971,0.979296228,0.959857345,0.997482598
EUA_1_Pro,B1225,matched,153.9299155,155.43,153.91,297425.0936,263575.38,264684.7,-0.11007946,-0.113809205,-0.0041911,roofs_top_kW,8760,253,cea,MULTI_RES,NONE,NONE,,roofs_top_kW,8760,2,0.989306033,0.989309517,0.984794796,0.99381727
EUA_1_Pro,B1226,matched,175.1488662,177.26,175.15,389524.2741,278093.71,277170.69,-0.288437953,-0.286068344,0.00333015,roofs_top_kW,8760,288,cea,MULTI_RES,NONE,NONE,,roofs_top_kW,8760,2,0.993883491,0.993882909,0.992479563,0.995287418
EUA_1_Pro,B1227,matched,179.7031359,180.35,179.7,393954.5082,285276.88,282806.3,-0.282134627,-0.275863395,0.008735944,roofs_top_kW,8760,297,cea,MULTI_RES,NONE,NONE,,roofs_top_kW,8760,2,0.996573955,0.996574246,0.996104002,0.997043908
EUA_1_Pro,B1228,matched,186.0912906,187.61,186.23,414681.5798,299313.33,293704.4,-0.291735118,-0.278209246,0.019097194,roofs_top_kW,8760,307,cea,MULTI_RES,NONE,NONE,,roofs_top_kW,8760,2,0.994763285,0.99476633,0.993398905,0.996127665
EUA_1_Pro,B1229,matched,147.5183139,149.27,147.53,289105.2897,237257.3,233926.24,-0.190861432,-0.179339471,0.014239788,roofs_top_kW,8760,243,cea,MULTI_RES,NONE,NONE,,roofs_top_kW,8760,2,0.997428387,0.997428233,0.995981932,0.998874843
EUA_1_Pro,B1230,matched,152.2884487,154.83,152.29,275351.5227,261262.52,258980.74,-0.059454121,-0.051167332,0.008810617,roofs_top_kW,8760,251,cea,MULTI_RES,NONE,NONE,,roofs_top_kW,8760,2,0.990860134,0.990859158,0.990325689,0.991394579
EUA_1_Pro,B1231,matched,137.8726004,139.85,137.87,266760.7825,237367.46,237233.14,-0.110689593,-0.110186071,0.000566194,roofs_top_kW,8760,225,cea,MULTI_RES,NONE,NONE,,roofs_top_kW,8760,2,0.99812305,0.998112607,0.997095108,0.999150991
EUA_1_Pro,B1232,matched,172.8108087,173.88,172.81,387350.4239,298074.83,291941.08,-0.246312739,-0.230477594,0.021010233,roofs_top_kW,8760,283,cea,MULTI_RES,NONE,NONE,,roofs_top_kW,8760,2,0.996195912,0.996191015,0.995692909,0.996698916
EUA_1_Pro,B1235,matched,28.96038724,28.96,28.96,53627.40644,45651.76,45500.99,-0.151534765,-0.148723329,0.003313554,roofs_top_kW,8760,48,cea,MULTI_RES,NONE,NONE,,roofs_top_kW,8760,,,,,
EUA_1_Pro,B1237,matched,1336.258955,1340.84,1339.73,2780947.746,2297320.75,2287521.87,-0.177430833,-0.173907258,0.004283622,roofs_top_kW,8760,2203,cea,MULTI_RES,NONE,NONE,,roofs_top_kW,8760,2,0.639206082,0.650748523,0.522597015,0.755815148
EUA_1_Pro,B1240,matched,316.2027895,316.18,315.33,686202.9769,343352.25,346074.99,-0.495666732,-0.499634566,-0.007867486,roofs_top_kW,8760,521,cea,MULTI_RES,NONE,NONE,,roofs_top_kW,8760,1,0.995440602,0.995440602,0.995440602,0.995440602
EUA_1_Pro,B1241,matched,312.766724,312.73,312.73,638342.8495,332462.14,332098.71,-0.47974868,-0.479179347,0.001094343,roofs_top_kW,8760,516,cea,MULTI_RES,NONE,NONE,,roofs_top_kW,8760,1,0.998877347,0.998877347,0.998877347,0.998877347
EUA_1_Pro,B1242,matched,368.9644747,368.96,368.96,560095.205,480161.61,480715.82,-0.141724807,-0.1427143,-0.001152885,roofs_top_kW,8760,605,cea,MULTI_RES,NONE,NONE,,roofs_top_kW,8760,,,,,
Parque_das_N,B1000,matched,3438.151056,2085.98,2085.98,4239866.908,3619434.81,3619670.09,-0.146277426,-0.146332918,-6.50004E-05,roofs_top_kW,8760,3434,cea,MULTI_RES,NONE,NONE,,roofs_top_kW,8760,,,,,
Parque_das_N,B1001,matched,523.1011774,322.35,321.22,717856.8379,554173.14,557859.44,-0.222882042,-0.228017189,-0.006607937,roofs_top_kW,8760,524,cea,MULTI_RES,NONE,NONE,,roofs_top_kW,8760,2,0.978384614,0.978690163,0.957151532,0.999617696
Parque_das_N,B1002,matched,754.6718003,457.86,457.86,1012617.588,773917.23,772838.17,-0.236791678,-0.235726064,0.00139623,roofs_top_kW,8760,755,cea,MULTI_RES,NONE,NONE,,roofs_top_kW,8760,,,,,
Parque_das_N,B1003,matched,285.8205221,173.41,173.41,338587.9701,260138.78,260020.56,-0.232044305,-0.231695149,0.000454656,roofs_top_kW,8760,284,cea,MULTI_RES,NONE,NONE,,roofs_top_kW,8760,,,,,
Parque_das_N,B1005,matched,1908.350388,1157.95,1157.95,1838773.189,1995400.11,1994905.33,0.084911038,0.08518012,0.000248022,roofs_top_kW,8760,1583,cea,MULTI_RES,NONE,NONE,apartments,roofs_top_kW,8760,,,,,
Parque_das_N,B1006,matched,976.0005073,604.14,592.12,1105832.175,989155.11,1027561.54,-0.07077985,-0.105510644,-0.037376282,roofs_top_kW,8760,973,cea,MULTI_RES,NONE,NONE,,roofs_top_kW,8760,2,0.751430601,0.750390114,0.708082497,0.794778705
Parque_das_N,B1008,matched,118.4887062,71.89,71.89,157879.7837,122322.81,122289.09,-0.225429076,-0.225215495,0.00027574,roofs_top_kW,8760,118,cea,MULTI_RES,NONE,NONE,,roofs_top_kW,8760,,,,,
Parque_das_N,B1010,matched,4031.977094,0,0,3942418.819,0,0,-1,-1,#DIV/0!,roofs_top_kW,8760,4033,cea,MULTI_RES,NONE,NONE,,roofs_top_kW,8760,,,,,
Parque_das_N,B1011,matched,1072.709333,650.84,650.84,1262420.904,1129909.19,1130179.84,-0.10475196,-0.104966349,-0.000239475,roofs_top_kW,8760,1071,cea,MULTI_RES,NONE,NONE,,roofs_top_kW,8760,,,,,
Parque_das_N,B1012,matched,1327.675166,805.66,805.66,1674260.929,1384460.91,1385095.62,-0.172712212,-0.173091311,-0.000458243,roofs_top_kW,8760,1328,cea,MULTI_RES,NONE,NONE,,roofs_top_kW,8760,,,,,
Parque_das_N,B1013,matched,942.1934104,571.59,572.22,1122395.656,951671.65,950752.82,-0.152925428,-0.152106795,0.000966424,roofs_top_kW,8760,942,cea,MULTI_RES,NONE,NONE,,roofs_top_kW,8760,1,0.908643723,0.908643723,0.908643723,0.908643723
Parque_das_N,B1014,matched,40.61000196,24.64,24.64,34283.70944,39852.73,39939.4,0.164967288,0.162439265,-0.002170038,roofs_top_kW,8760,28,cea,MULTI_RES,NONE,NONE,,roofs_top_kW,8760,,,,,
Parque_das_N,B1016,matched,675.2155595,425.82,409.68,813550.1636,713519.18,708203.22,-0.129490409,-0.122956135,0.007506264,roofs_top_kW,8760,674,cea,MULTI_RES,NONE,NONE,,roofs_top_kW,8760,2,0.961016476,0.961238442,0.940597534,0.981435418
Parque_das_N,B1017,matched,686.6580553,418.19,416.62,847260.0787,729455.62,716851.35,-0.153918179,-0.139041673,0.017582822,roofs_top_kW,8760,687,cea,MULTI_RES,NONE,NONE,,roofs_top_kW,8760,3,0.6865954,0.628567985,0.449024677,0.909354389
Parque_das_N,B1018,matched,811.1388844,501.87,492.13,780805.4093,857481.8,853186.74,0.092700857,0.098201664,0.005034138,roofs_top_kW,8760,810,cea,MULTI_RES,NONE,NONE,,roofs_top_kW,8760,2,0.832673669,0.832642069,0.672282636,0.993064702
Parque_das_N,B1019,matched,958.6237623,586.31,581.64,1129257.027,1058919.96,1004235.4,-0.110711401,-0.062286145,0.054453926,roofs_top_kW,8760,961,cea,MULTI_RES,NONE,NONE,,roofs_top_kW,8760,2,0.773144007,0.76792796,0.688793719,0.857494295
Parque_das_N,B1020,matched,918.0883458,557.04,557.04,1047068.907,958308.54,963645.14,-0.079673617,-0.084770321,-0.005537931,roofs_top_kW,8760,918,cea,MULTI_RES,NONE,NONE,,roofs_top_kW,8760,,,,,
Parque_das_N,B1021,matched,683.056221,414.44,414.44,828231.8458,718537.63,715154.92,-0.136528107,-0.132443852,0.004730038,roofs_top_kW,8760,683,cea,MULTI_RES,NONE,NONE,,roofs_top_kW,8760,,,,,
Parque_das_N,B1022,matched,692.6195427,420.24,420.24,829411.7823,687558.18,689498.59,-0.168689661,-0.171029162,-0.002814233,roofs_top_kW,8760,695,cea,MULTI_RES,NONE,NONE,,roofs_top_kW,8760,,,,,
Parque_das_N,B1023,matched,818.7386404,496.61,496.62,860069.9233,839232.4,861758.42,0.001963209,-0.024227708,-0.0261396,roofs_top_kW,8760,819,cea,MULTI_RES,NONE,NONE,,roofs_top_kW,8760,1,0.9958812,0.9958812,0.9958812,0.9958812
Parque_das_N,B1024,matched,916.880996,556.1,540.33,1006371.989,954927.97,933196.07,-0.072712595,-0.051118293,0.023287603,roofs_top_kW,8760,917,cea,MULTI_RES,NONE,NONE,,roofs_top_kW,8760,1,0.731297076,0.731297076,0.731297076,0.731297076
Parque_das_N,B1026,matched,1669.047104,1012.85,1012.85,1850980.636,1758624.55,1757434.6,-0.050538635,-0.04989576,0.000677095,roofs_top_kW,8760,1669,cea,MULTI_RES,NONE,NONE,,roofs_top_kW,8760,,,,,
Parque_das_N,B1027,matched,693.25638,434.05,420.61,828023.127,737017.97,730502.33,-0.117775451,-0.10990654,0.008919397,roofs_top_kW,8760,691,cea,MULTI_RES,NONE,NONE,,roofs_top_kW,8760,2,0.974138379,0.974149954,0.970046043,0.978230715
Parque_das_N,B1028,matched,1616.45809,980.73,980.73,1786657.833,1590411.78,1588496.95,-0.11091149,-0.109839752,0.001205435,roofs_top_kW,8760,1613,cea,MULTI_RES,NONE,NONE,,roofs_top_kW,8760,,,,,
Parque_das_N,B1029,matched,834.8304827,506.55,506.55,937617.882,841376.01,878229.7,-0.06333943,-0.10264509,-0.041963612,roofs_top_kW,8760,835,cea,MULTI_RES,NONE,NONE,,roofs_top_kW,8760,,,,,
Parque_das_N,B1030,matched,698.0679738,434.4,423.54,863692.2421,661676.66,673268.22,-0.220476708,-0.233897646,-0.017216853,roofs_top_kW,8760,700,cea,MULTI_RES,NONE,NONE,,roofs_top_kW,8760,2,0.939850599,0.93992105,0.905301929,0.974399269
Parque_das_N,B1031,matched,1331.586506,807.96,807.96,1576648.662,1403182.48,1403709.55,-0.109687793,-0.110022091,-0.000375484,roofs_top_kW,8760,1330,cea,MULTI_RES,NONE,NONE,,roofs_top_kW,8760,,,,,
Parque_das_N,B1032,matched,684.2972579,426.76,415.18,860360.608,665412.23,713314.96,-0.170911646,-0.226589149,-0.06715509,roofs_top_kW,8760,685,cea,MULTI_RES,NONE,NONE,,roofs_top_kW,8760,3,0.738639832,0.671382982,0.476114511,0.964042246
Parque_das_N,B1033,matched,857.40246,520.24,520.24,830956.6735,888120.01,901281.92,0.084631665,0.068792199,-0.014603544,roofs_top_kW,8760,856,cea,MULTI_RES,NONE,NONE,,roofs_top_kW,8760,,,,,
Parque_das_N,B1034,matched,1607.204236,974.75,975.15,1641443.122,1691061.17,1693202.76,0.031533008,0.030228308,-0.001264816,roofs_top_kW,8760,1612,cea,MULTI_RES,NONE,NONE,,roofs_top_kW,8760,1,0.986536443,0.986536443,0.986536443,0.986536443
Parque_das_N,B1035,matched,686.0405466,419.67,416.24,849382.3452,691975.77,663171.51,-0.219230876,-0.185318869,0.043434103,roofs_top_kW,8760,685,cea,MULTI_RES,NONE,NONE,,roofs_top_kW,8760,3,0.930226068,0.923432784,0.903769314,0.95938915
Parque_das_N,B1036,matched,1600.945009,971.1,971.34,1645191.702,1406063.93,1406649.83,-0.14499336,-0.145349488,-0.000416522,roofs_top_kW,8760,1596,cea,MULTI_RES,NONE,NONE,,roofs_top_kW,8760,1,0.998967409,0.998967409,0.998967409,0.998967409
Parque_das_N,B1037,matched,1398.763522,848.67,848.67,1425071.037,1454744.78,1454311.34,0.020518488,0.020822641,0.000298038,roofs_top_kW,8760,1401,cea,MULTI_RES,NONE,NONE,,roofs_top_kW,8760,,,,,
Parque_das_N,B1038,matched,960.4919845,588.95,582.76,1101983.366,1039885.08,982521.17,-0.108406533,-0.056351383,0.058384401,roofs_top_kW,8760,958,cea,MULTI_RES,NONE,NONE,,roofs_top_kW,8760,3,0.593373587,0.663316099,0.437991112,0.838142931
Parque_das_N,B1039,matched,1509.315286,915.73,915.73,1653027.549,1583809.74,1583457.55,-0.042086412,-0.041873355,0.000222418,roofs_top_kW,8760,1506,cea,MULTI_RES,NONE,NONE,,roofs_top_kW,8760,,,,,
Parque_das_N,B1040,matched,1527.32909,926.65,926.65,1646203.441,1593598.63,1591863.74,-0.033009104,-0.031955231,0.001089848,roofs_top_kW,8760,1525,cea,MULTI_RES,NONE,NONE,,roofs_top_kW,8760,,,,,
Parque_das_N,B1041,matched,2208.932648,1339.34,1339.34,2409332.33,2325509.79,2325278.49,-0.034886777,-0.034790775,9.9472E-05,roofs_top_kW,8760,2207,cea,MULTI_RES,NONE,NONE,,roofs_top_kW,8760,,,,,
Parque_das_N,B1042,matched,926.1813221,573.38,561.93,1027926.344,941463.85,975239.7,-0.051255271,-0.084113511,-0.034633383,roofs_top_kW,8760,926,cea,MULTI_RES,NONE,NONE,,roofs_top_kW,8760,2,0.699681386,0.695116905,0.483158201,0.916204572
Parque_das_N,B1043,matched,1964.67788,1192.06,1192.06,1485456.167,1976805.26,1979392.76,0.332515091,0.330773202,-0.001307219,roofs_top_kW,8760,1964,cea,MULTI_RES,NONE,NONE,,roofs_top_kW,8760,,,,,
Parque_das_N,B1044,matched,930.5396612,564.86,564.86,1129771.295,974795.28,975913.25,-0.136185125,-0.13717468,-0.001145563,roofs_top_kW,8760,933,cea,MULTI_RES,NONE,NONE,,roofs_top_kW,8760,,,,,
Parque_das_N,B1045,matched,2383.686021,1446.21,1446.21,3470600.236,1721496.06,1729623.71,-0.50163557,-0.503977427,-0.004699086,roofs_top_kW,8760,2383,cea,MULTI_RES,NONE,NONE,,roofs_top_kW,8760,,,,,
Parque_das_N,B1046,matched,1234.930742,749.29,749.29,463437.5488,1299741.28,1301598.17,1.808572964,1.804566189,-0.001426623,roofs_top_kW,8760,734,cea,MULTI_RES,NONE,NONE,,roofs_top_kW,8760,,,,,
Parque_das_N,B1048,matched,1089.920715,661.43,661.43,1302321.13,1116814.66,1120318.45,-0.139752535,-0.142442955,-0.003127495,roofs_top_kW,8760,1092,cea,MULTI_RES,NONE,NONE,,roofs_top_kW,8760,,,,,
Parque_das_N,B1049,matched,1100.998661,675.98,668.02,1238378.277,1194158.17,1133525.4,-0.084669506,-0.035708077,0.053490438,roofs_top_kW,8760,1100,cea,MULTI_RES,NONE,NONE,,roofs_top_kW,8760,3,0.655418674,0.648879799,0.547183812,0.789995074
Parque_das_N,B1050,matched,886.449344,541.08,537.94,1043742.588,891083.48,910824.82,-0.127347269,-0.146261262,-0.021674135,roofs_top_kW,8760,886,cea,MULTI_RES,NONE,NONE,,roofs_top_kW,8760,2,0.718038514,0.7163469,0.479706377,0.956370652
Parque_das_N,B1051,matched,5080.158312,3080.04,3080.04,4141487.958,5346162.72,5343755.57,0.290298469,0.290879697,0.00045046,roofs_top_kW,8760,4116,cea,MULTI_RES,NONE,NONE,,roofs_top_kW,8760,,,,,
Parque_das_N,B1055,matched,330.6252651,205.05,200.62,462415.1031,341859.32,335509.66,-0.274440524,-0.260709009,0.018925416,roofs_top_kW,8760,331,cea,MULTI_RES,NONE,NONE,,roofs_top_kW,8760,2,0.983831882,0.983822819,0.978103518,0.989560246
Parque_das_N,B1056,matched,445.7575363,270.47,270.47,311736.1997,467153.32,467467.23,0.499560303,0.49855333,-0.000671512,roofs_top_kW,8760,213,cea,MULTI_RES,NONE,NONE,,roofs_top_kW,8760,,,,,
Parque_das_N,B1057,matched,627.8291889,382.92,380.97,590956.1452,576743.17,653133.82,0.105215379,-0.024050812,-0.116960181,roofs_top_kW,8760,627,cea,MULTI_RES,NONE,NONE,,roofs_top_kW,8760,3,0.392764876,0.39631723,0.369801998,0.40731287
Parque_das_N,B1058,matched,632.1939363,389.08,383.55,594149.4386,667040.95,665016.46,0.119274743,0.122682118,0.003044271,roofs_top_kW,8760,632,cea,MULTI_RES,NONE,NONE,,roofs_top_kW,8760,2,0.803814471,0.80389155,0.699865639,0.907763302
Parque_das_N,B1059,matched,789.2467352,484.34,478.82,916899.3572,879194.25,835109.43,-0.089202732,-0.041122406,0.052789273,roofs_top_kW,8760,791,cea,MULTI_RES,NONE,NONE,,roofs_top_kW,8760,2,0.50887914,0.509576107,0.447256356,0.570501924
Parque_das_N,B1061,matched,785.5668934,476.66,476.66,882695.3672,825009.78,824630.77,-0.065781015,-0.065351637,0.000459612,roofs_top_kW,8760,785,cea,MULTI_RES,NONE,NONE,,roofs_top_kW,8760,,,,,
Parque_das_N,B1062,matched,693.9733745,421.03,421.03,295413.1652,727434.88,725143.44,1.454675436,1.462432165,0.003159982,roofs_top_kW,8760,422,cea,MULTI_RES,NONE,NONE,,roofs_top_kW,8760,,,,,
Parque_das_N,B1063,matched,1373.73089,833.43,833.43,601206.8827,1432092.24,1432391.3,1.38252645,1.382029017,-0.000208784,roofs_top_kW,8760,720,cea,MULTI_RES,NONE,NONE,,roofs_top_kW,8760,,,,,
Parque_das_N,B1064,matched,902.4643428,561.69,547.47,798423.8847,870821.53,939409.42,0.176579807,0.090675701,-0.073011712,roofs_top_kW,8760,729,cea,MULTI_RES,NONE,NONE,,roofs_top_kW,8760,2,0.489489809,0.488361848,0.44848612,0.530493498
Parque_das_N,B1065,matched,700.055869,432.07,424.73,861334.2967,730229.65,737752.55,-0.1434771,-0.152211107,-0.01019705,roofs_top_kW,8760,700,cea,MULTI_RES,NONE,NONE,,roofs_top_kW,8760,2,0.851480931,0.850654224,0.803052068,0.899909794
Parque_das_N,B1066,matched,694.034055,424.18,421.08,883037.5411,727137.6,731351.86,-0.17177716,-0.176549619,-0.005762288,roofs_top_kW,8760,696,cea,MULTI_RES,NONE,NONE,,roofs_top_kW,8760,2,0.611798614,0.611761845,0.606727302,0.616869926
Parque_das_N,B1067,matched,709.6234966,430.54,430.54,862173.6343,745644.87,745693.36,-0.135100715,-0.135156956,-6.50267E-05,roofs_top_kW,8760,709,cea,MULTI_RES,NONE,NONE,,roofs_top_kW,8760,,,,,
Parque_das_N,B1068,matched,664.4776434,412.07,403.15,747636.7265,778899.65,693201.62,-0.072809567,0.04181566,0.123626413,roofs_top_kW,8760,668,cea,MULTI_RES,NONE,NONE,,roofs_top_kW,8760,1,0.935896754,0.935896754,0.935896754,0.935896754
Parque_das_N,B1069,matched,695.9939095,426.02,422.27,835212.1877,738218.43,728298.12,-0.128008271,-0.116130678,0.013621221,roofs_top_kW,8760,701,cea,MULTI_RES,NONE,NONE,,roofs_top_kW,8760,2,0.883646458,0.883405972,0.855647743,0.911645174
Parque_das_N,B1070,matched,684.9747535,415.58,415.58,788877.0541,719998.08,721676.06,-0.085185637,-0.087312686,-0.002325115,roofs_top_kW,8760,682,cea,MULTI_RES,NONE,NONE,,roofs_top_kW,8760,,,,,
Parque_das_N,B1071,matched,914.6980378,554.89,554.89,954414.8537,963218.52,963546.49,0.009567785,0.009224151,-0.000340378,roofs_top_kW,8760,916,cea,MULTI_RES,NONE,NONE,,roofs_top_kW,8760,,,,,
Parque_das_N,B1072,matched,827.8641647,502.29,502.29,914996.5642,851535.95,853159.54,-0.067581701,-0.069356123,-0.001903032,roofs_top_kW,8760,828,cea,MULTI_RES,NONE,NONE,,roofs_top_kW,8760,,,,,
Parque_das_N,B1073,matched,925.489444,561.5,561.5,1007470.938,851938.01,906418.87,-0.100302713,-0.154379568,-0.060105611,roofs_top_kW,8760,921,cea,MULTI_RES,NONE,NONE,,roofs_top_kW,8760,,,,,
Parque_das_N,B1074,matched,860.6781421,508.45,508.45,1074446.306,882585.28,882839.48,-0.17833076,-0.178567347,-0.000287935,roofs_top_kW,8760,859,cea,MULTI_RES,NONE,NONE,,roofs_top_kW,8760,,,,,
Parque_das_N,B1075,matched,829.8915664,512.4,512.4,914065.0963,791521.03,792399.37,-0.133104006,-0.134064923,-0.001108456,roofs_top_kW,8760,830,cea,MULTI_RES,NONE,NONE,,roofs_top_kW,8760,,,,,
Parque_das_N,B1076,matched,896.3542016,529.28,529.28,900827.6941,918680.73,918841.4,0.019996838,0.01981848,-0.000174862,roofs_top_kW,8760,896,cea,MULTI_RES,NONE,NONE,,roofs_top_kW,8760,,,,,
Parque_das_N,B1077,matched,688.7003657,417.84,417.84,797656.7196,720719.54,719758.26,-0.097659128,-0.096453998,0.00133556,roofs_top_kW,8760,692,cea,MULTI_RES,NONE,NONE,,roofs_top_kW,8760,,,,,
Parque_das_N,B1078,matched,673.1101767,408.11,408.38,779276.6941,706894.11,708401.91,-0.090949447,-0.092884318,-0.002128453,roofs_top_kW,8760,669,cea,MULTI_RES,NONE,NONE,,roofs_top_kW,8760,1,0.962365389,0.962365389,0.962365389,0.962365389
Parque_das_N,B1079,matched,943.0644135,572.17,572.17,1082819.308,984073.48,992967.4,-0.082979595,-0.091193265,-0.00895691,roofs_top_kW,8760,942,cea,MULTI_RES,NONE,NONE,,roofs_top_kW,8760,,,,,
Parque_das_N,B1080,matched,799.2033986,490.74,484.95,866271.0209,843727.43,839548.35,-0.030847934,-0.026023716,0.004977772,roofs_top_kW,8760,804,cea,MULTI_RES,NONE,NONE,,roofs_top_kW,8760,2,0.991007626,0.990644209,0.983398438,0.998616815
Parque_das_N,B1081,matched,872.6667393,529.45,532.66,1106601.177,907382.7,913329.85,-0.174653101,-0.18002735,-0.006511503,roofs_top_kW,8760,872,cea,MULTI_RES,NONE,NONE,,roofs_top_kW,8760,1,0.45230639,0.45230639,0.45230639,0.45230639
Parque_das_N,B1082,matched,936.8232696,568.36,568.36,1118867.489,982420.42,983651.63,-0.120850646,-0.121951053,-0.001251673,roofs_top_kW,8760,935,cea,MULTI_RES,NONE,NONE,,roofs_top_kW,8760,,,,,
Parque_das_N,B1084,matched,1049.656276,651.98,626.44,1147541.356,1178447.72,1085341.01,-0.054203141,0.02693268,0.085785674,roofs_top_kW,8760,1031,cea,MULTI_RES,NONE,NONE,,roofs_top_kW,8760,2,0.719012678,0.739268551,0.637126267,0.800899088
Parque_das_N,B1085,matched,966.0261426,586.08,586.08,985565.4687,985556.21,1015353.23,0.030224031,-9.39426E-06,-0.029346457,roofs_top_kW,8760,914,cea,MULTI_RES,NONE,NONE,,roofs_top_kW,8760,,,,,
Parque_das_N,B1087,matched,889.561855,539.75,539.75,1034180.415,916401.25,917530.16,-0.112794879,-0.113886478,-0.001230379,roofs_top_kW,8760,889,cea,MULTI_RES,NONE,NONE,,roofs_top_kW,8760,,,,,
Parque_das_N,B1088,matched,1079.670206,655.07,655.07,1279145.501,1136469.3,1136350.12,-0.111633415,-0.111540244,0.00010488,roofs_top_kW,8760,1077,cea,MULTI_RES,NONE,NONE,,roofs_top_kW,8760,,,,,
Parque_das_N,B1089,matched,877.9882163,532.69,532.69,938324.8014,924436.01,924312.03,-0.014933818,-0.014801688,0.000134132,roofs_top_kW,8760,880,cea,MULTI_RES,NONE,NONE,,roofs_top_kW,8760,,,,,
Parque_das_N,B1090,matched,934.0142171,566.69,566.69,1105329.558,914026.28,924370.98,-0.163714592,-0.173073521,-0.01119107,roofs_top_kW,8760,935,cea,MULTI_RES,NONE,NONE,,roofs_top_kW,8760,,,,,
Parque_das_N,B1091,matched,673.1640078,408.43,408.43,602893.9293,631358.56,652757.24,0.082706606,0.047213331,-0.032781988,roofs_top_kW,8760,672,cea,MULTI_RES,NONE,NONE,,roofs_top_kW,8760,,,,,
Parque_das_N,B1092,matched,771.1422066,487.12,471.56,896377.4496,946347.31,819273.51,-0.086017268,0.05574645,0.155105467,roofs_top_kW,8760,775,cea,MULTI_RES,NONE,NONE,,roofs_top_kW,8760,1,0.694947839,0.694947839,0.694947839,0.694947839
Parque_das_N,B1093,matched,690.2674518,420.27,418.8,814962.6117,594815.23,680954.64,-0.164434503,-0.270131879,-0.126498015,roofs_top_kW,8760,687,cea,MULTI_RES,NONE,NONE,,roofs_top_kW,8760,2,0.758072734,0.758817645,0.565915406,0.950230062
Parque_das_N,B1094,matched,689.2200571,418.16,418.16,802747.2493,714056.42,723482.08,-0.098742374,-0.110484127,-0.013028187,roofs_top_kW,8760,691,cea,MULTI_RES,NONE,NONE,,roofs_top_kW,8760,,,,,
Parque_das_N,B1095,matched,689.0554138,417.9,418.06,738075.3841,719718.88,723794.96,-0.019348192,-0.024870771,-0.00563154,roofs_top_kW,8760,690,cea,MULTI_RES,NONE,NONE,,roofs_top_kW,8760,1,0.822088301,0.822088301,0.822088301,0.822088301
Parque_das_N,B1096,matched,989.354943,612.54,600.28,1024528.932,1014832.89,1029035.31,0.004398488,-0.009463903,-0.013801684,roofs_top_kW,8760,989,cea,MULTI_RES,NONE,NONE,,roofs_top_kW,8760,2,0.688923568,0.69535944,0.507617533,0.870229602
Parque_das_N,B1097,matched,719.2832526,447.31,436.41,856076.7498,747148.02,756782.23,-0.115987871,-0.12724178,-0.012730492,roofs_top_kW,8760,721,cea,MULTI_RES,NONE,NONE,,roofs_top_kW,8760,2,0.838887095,0.85020177,0.740917027,0.936857164
Parque_das_N,B1098,matched,538.7076834,332.87,326.83,733366.158,569796.72,566726.52,-0.227225699,-0.22303925,0.005417428,roofs_top_kW,8760,540,cea,MULTI_RES,NONE,NONE,,roofs_top_kW,8760,2,0.991651773,0.99164199,0.985360801,0.997942746
Parque_das_N,B1099,matched,541.6627708,335.34,328.65,742124.1928,573092.13,569153.8,-0.233074726,-0.227767892,0.006919623,roofs_top_kW,8760,540,cea,MULTI_RES,NONE,NONE,,roofs_top_kW,8760,2,0.991144657,0.991150024,0.984388947,0.997900367
Parque_das_N,B1100,matched,891.1563738,540.69,540.82,1080045.022,924828.91,934465.27,-0.134790448,-0.143712631,-0.010312165,roofs_top_kW,8760,893,cea,MULTI_RES,NONE,NONE,,roofs_top_kW,8760,1,0.993357956,0.993357956,0.993357956,0.993357956
Parque_das_N,B1101,matched,888.3055598,538.92,538.96,970893.2204,892491.32,914154.29,-0.058439928,-0.080752341,-0.02369728,roofs_top_kW,8760,889,cea,MULTI_RES,NONE,NONE,,roofs_top_kW,8760,1,0.984923124,0.984923124,0.984923124,0.984923124
Parque_das_N,B1102,matched,1090.059583,661.37,661.32,1305121.114,1047413.34,1129061.82,-0.134898817,-0.197458896,-0.072315332,roofs_top_kW,8760,1091,cea,MULTI_RES,NONE,NONE,,roofs_top_kW,8760,1,0.993262231,0.993262231,0.993262231,0.993262231
Parque_das_N,B1103,matched,1093.574847,671.89,663.54,1292349.738,1182751.77,1142611.14,-0.115865383,-0.084805192,0.035130613,roofs_top_kW,8760,1093,cea,MULTI_RES,NONE,NONE,,roofs_top_kW,8760,2,0.779067457,0.776812268,0.602079928,0.956054986
Parque_das_N,B1104,matched,417.7595461,253.48,253.48,604371.1319,436009.41,435799.9,-0.278920059,-0.278573401,0.000480748,roofs_top_kW,8760,415,cea,MULTI_RES,NONE,NONE,,roofs_top_kW,8760,,,,,
Parque_das_N,B1105,matched,432.5112723,262.43,262.43,628658.226,450319.08,450196.05,-0.283877898,-0.283682196,0.000273281,roofs_top_kW,8760,433,cea,MULTI_RES,NONE,NONE,,roofs_top_kW,8760,,,,,
Parque_das_N,B1106,matched,548.2657975,332.57,332.67,673942.9275,570348.47,571091.3,-0.152611777,-0.153713992,-0.00130072,roofs_top_kW,8760,548,cea,MULTI_RES,NONE,NONE,,roofs_top_kW,8760,1,0.999904752,0.999904752,0.999904752,0.999904752
Parque_das_N,B1107,matched,464.7447907,282.12,282.12,592909.9064,423374.08,423074.57,-0.286443749,-0.285938596,0.000707937,roofs_top_kW,8760,465,cea,MULTI_RES,NONE,NONE,,roofs_top_kW,8760,,,,,
Parque_das_N,B1108,matched,1091.656149,662.27,662.27,1300392.364,1148057.57,1147313.52,-0.117717428,-0.117145254,0.000648515,roofs_top_kW,8760,1092,cea,MULTI_RES,NONE,NONE,,roofs_top_kW,8760,,,,,
Parque_das_N,B1109,matched,1095.995149,664.96,664.96,1424909.313,1146432.92,1143670.51,-0.197373124,-0.195434467,0.00241539,roofs_top_kW,8760,1095,cea,MULTI_RES,NONE,NONE,,roofs_top_kW,8760,,,,,
Parque_das_N,B1110,matched,2242.093656,1360.62,1360.62,2111365.97,2360086.7,2360101.01,0.117807639,0.117800861,-6.0633E-06,roofs_top_kW,8760,2243,cea,MULTI_RES,NONE,NONE,,roofs_top_kW,8760,,,,,
Parque_das_N,B1111,matched,2105.07514,1273.64,1273.64,1975390.388,2181024,2178266.36,0.102701711,0.104097708,0.001265979,roofs_top_kW,8760,2107,cea,MULTI_RES,NONE,NONE,,roofs_top_kW,8760,,,,,
Parque_das_N,B1112,matched,2334.559118,1416.4,1416.4,3613509.973,2012341.77,2012466.96,-0.443071425,-0.44310607,-6.22072E-05,roofs_top_kW,8760,2336,cea,MULTI_RES,NONE,NONE,,roofs_top_kW,8760,,,,,
Parque_das_N,B1115,matched,246.8113064,149.74,149.74,302355.461,255635.64,255534.85,-0.15485287,-0.154519521,0.000394428,roofs_top_kW,8760,247,cea,MULTI_RES,NONE,NONE,,roofs_top_kW,8760,,,,,
Parque_das_N,B1116,matched,2463.330219,1494.5,1494.5,3656724.523,1934861.03,1931194.65,-0.471878552,-0.470875912,0.001898504,roofs_top_kW,8760,2462,cea,MULTI_RES,NONE,NONE,,roofs_top_kW,8760,,,,,
Parque_das_N,B1117,matched,282.2513042,171.24,171.24,369027.9381,255549.96,256637.14,-0.30455905,-0.307505114,-0.004236254,roofs_top_kW,8760,284,cea,MULTI_RES,NONE,NONE,,roofs_top_kW,8760,,,,,
Parque_das_N,B1126,matched,1282.979523,778.42,778.42,1800325.951,1264330.22,1262671,-0.298643116,-0.297721494,0.001314056,roofs_top_kW,8760,1282,cea,MULTI_RES,NONE,NONE,,roofs_top_kW,8760,,,,,
Parque_das_N,B1127,matched,1464.53355,888.54,888.54,2365196.266,1506934.71,1507298.26,-0.36271747,-0.362871178,-0.000241193,roofs_top_kW,8760,1463,cea,MULTI_RES,NONE,NONE,,roofs_top_kW,8760,,,,,
Parque_das_N,B1128,matched,1188.689593,717.19,717.19,1864002.42,1095038.23,1102533.04,-0.408513086,-0.412533901,-0.00679781,roofs_top_kW,8760,1189,cea,MULTI_RES,NONE,NONE,,roofs_top_kW,8760,,,,,
Parque_das_N,B1129,matched,938.9397627,558.33,558.33,1312018.27,929607.34,929012.87,-0.291920782,-0.291467687,0.000639894,roofs_top_kW,8760,941,cea,MULTI_RES,NONE,NONE,,roofs_top_kW,8760,,,,,
