{
  "type": "FeatureCollection",
  "name": "EUA_1_Pro_radiation_error_map",
  "features": [
    {
      "type": "Feature",
      "properties": {
        "area_id": "EUA_1_Pro",
        "osm_uid": "cea/3",
        "osmid": "3",
        "element_type": "cea_zone",
        "building": "yes",
        "cea_name": "B1003",
        "intersection_area_m2": 240.5197373075855,
        "is_residential": true,
        "residential_source": "cea",
        "radiation_sum_kwh_year": 485944.63162500004,
        "radiation_sum": 485944.63162500004,
        "radiation_point_count": 397.0,
        "use_type1": "MULTI_RES",
        "use_type2": "NONE",
        "use_type3": "NONE",
        "resi_type": null,
        "comparison_status": "matched",
        "validation_radiation_kwh_year": 485944.63162500004,
        "ucea_radiation_kwh_year": 389125.70999999973,
        "workflow0_radiation_kwh_year": 388756.7700000014,
        "validation_area_m2": 240.5197373075855,
        "ucea_roofs_top_m2": 241.44,
        "err_ucea_minus_validation_kwh_year": 96818.92162500031,
        "err_ucea_abs_kwh_year": 96818.92162500031,
        "err_ucea_pct_of_validation": 19.923858671148935,
        "err_ucea_area_minus_validation_m2": 0.9202626924144965,
        "err_ucea_area_pct_of_validation": 0.38261420984242583,
        "err_workflow0_minus_validation_kwh_year": 97187.86162499862,
        "err_workflow0_abs_kwh_year": 97187.86162499862,
        "err_workflow0_pct_of_validation": 19.99978090096441
      },
      "geometry": {
        "type": "Polygon",
        "coordinates": [
          [
            [
              -9.1476331,
              38.7501664
            ],
            [
              -9.1475234,
              38.7502019
            ],
            [
              -9.147422,
              38.750018999999995
            ],
            [
              -9.147468,
              38.7499892
            ],
            [
              -9.1475248,
              38.7499705
            ],
            [
              -9.1476331,
              38.7501664
            ]
          ]
        ]
      }
    },
    {
      "type": "Feature",
      "properties": {
        "area_id": "EUA_1_Pro",
        "osm_uid": "cea/4",
        "osmid": "4",
        "element_type": "cea_zone",
        "building": "yes",
        "cea_name": "B1004",
        "intersection_area_m2": 234.9731577045585,
        "is_residential": true,
        "residential_source": "cea",
        "radiation_sum_kwh_year": 489043.429234375,
        "radiation_sum": 489043.429234375,
        "radiation_point_count": 386.0,
        "use_type1": "MULTI_RES",
        "use_type2": "NONE",
        "use_type3": "NONE",
        "resi_type": null,
        "comparison_status": "matched",
        "validation_radiation_kwh_year": 489043.429234375,
        "ucea_radiation_kwh_year": 387949.21000000037,
        "workflow0_radiation_kwh_year": 374420.8399999996,
        "validation_area_m2": 234.9731577045585,
        "ucea_roofs_top_m2": 237.4,
        "err_ucea_minus_validation_kwh_year": 101094.21923437464,
        "err_ucea_abs_kwh_year": 101094.21923437464,
        "err_ucea_pct_of_validation": 20.67182855163668,
        "err_ucea_area_minus_validation_m2": 2.426842295441503,
        "err_ucea_area_pct_of_validation": 1.0328168200781778,
        "err_workflow0_minus_validation_kwh_year": 114622.5892343754,
        "err_workflow0_abs_kwh_year": 114622.5892343754,
        "err_workflow0_pct_of_validation": 23.438120703067927
      },
      "geometry": {
        "type": "Polygon",
        "coordinates": [
          [
            [
              -9.1472636,
              38.7498452
            ],
            [
              -9.147345,
              38.74981859999999
            ],
            [
              -9.1473792,
              38.7498191
            ],
            [
              -9.147468,
              38.7499892
            ],
            [
              -9.147422,
              38.750018999999995
            ],
            [
              -9.147364,
              38.750038
            ],
            [
              -9.1472636,
              38.7498452
            ]
          ]
        ]
      }
    },
    {
      "type": "Feature",
      "properties": {
        "area_id": "EUA_1_Pro",
        "osm_uid": "cea/5",
        "osmid": "5",
        "element_type": "cea_zone",
        "building": "yes",
        "cea_name": "B1005",
        "intersection_area_m2": 246.40961092436055,
        "is_residential": true,
        "residential_source": "cea",
        "radiation_sum_kwh_year": 498712.398703125,
        "radiation_sum": 498712.398703125,
        "radiation_point_count": 407.0,
        "use_type1": "MULTI_RES",
        "use_type2": "NONE",
        "use_type3": "NONE",
        "resi_type": null,
        "comparison_status": "matched",
        "validation_radiation_kwh_year": 498712.398703125,
        "ucea_radiation_kwh_year": 360618.27000000107,
        "workflow0_radiation_kwh_year": 346480.56000000006,
        "validation_area_m2": 246.40961092436055,
        "ucea_roofs_top_m2": 250.06,
        "err_ucea_minus_validation_kwh_year": 138094.12870312395,
        "err_ucea_abs_kwh_year": 138094.12870312395,
        "err_ucea_pct_of_validation": 27.6901334440913,
        "err_ucea_area_minus_validation_m2": 3.6503890756394526,
        "err_ucea_area_pct_of_validation": 1.4814312891228902,
        "err_workflow0_minus_validation_kwh_year": 152231.83870312496,
        "err_workflow0_abs_kwh_year": 152231.83870312496,
        "err_workflow0_pct_of_validation": 30.524975737317888
      },
      "geometry": {
        "type": "Polygon",
        "coordinates": [
          [
            [
              -9.1475613,
              38.7496871
            ],
            [
              -9.1475642,
              38.7496927
            ],
            [
              -9.1475938,
              38.7497505
            ],
            [
              -9.1473792,
              38.7498191
            ],
            [
              -9.147345,
              38.74981859999999
            ],
            [
              -9.1473009,
              38.74973680000001
            ],
            [
              -9.147544800000002,
              38.749662699999995
            ],
            [
              -9.1475613,
              38.7496871
            ]
          ]
        ]
      }
    },
    {
      "type": "Feature",
      "properties": {
        "area_id": "EUA_1_Pro",
        "osm_uid": "cea/9",
        "osmid": "9",
        "element_type": "cea_zone",
        "building": "yes",
        "cea_name": "B1009",
        "intersection_area_m2": 53.34289675933517,
        "is_residential": true,
        "residential_source": "cea",
        "radiation_sum_kwh_year": 131528.94975,
        "radiation_sum": 131528.94975,
        "radiation_point_count": 89.0,
        "use_type1": "MULTI_RES",
        "use_type2": "NONE",
        "use_type3": "NONE",
        "resi_type": null,
        "comparison_status": "matched",
        "validation_radiation_kwh_year": 131528.94975,
        "ucea_radiation_kwh_year": 52679.16000000011,
        "workflow0_radiation_kwh_year": 47341.57000000017,
        "validation_area_m2": 53.34289675933517,
        "ucea_roofs_top_m2": 54.61,
        "err_ucea_minus_validation_kwh_year": 78849.78974999988,
        "err_ucea_abs_kwh_year": 78849.78974999988,
        "err_ucea_pct_of_validation": 59.94861960037804,
        "err_ucea_area_minus_validation_m2": 1.2671032406648308,
        "err_ucea_area_pct_of_validation": 2.3753926345274525,
        "err_workflow0_minus_validation_kwh_year": 84187.37974999983,
        "err_workflow0_abs_kwh_year": 84187.37974999983,
        "err_workflow0_pct_of_validation": 64.00673000888143
      },
      "geometry": {
        "type": "Polygon",
        "coordinates": [
          [
            [
              -9.1455657,
              38.75361
            ],
            [
              -9.1455356,
              38.7536202
            ],
            [
              -9.1455455,
              38.753638
            ],
            [
              -9.1455207,
              38.753646400000015
            ],
            [
              -9.1455075,
              38.7536225
            ],
            [
              -9.145486900000002,
              38.75362950000001
            ],
            [
              -9.1454583,
              38.753578000000005
            ],
            [
              -9.1455338,
              38.753552499999984
            ],
            [
              -9.1455657,
              38.75361
            ]
          ]
        ]
      }
    },
    {
      "type": "Feature",
      "properties": {
        "area_id": "EUA_1_Pro",
        "osm_uid": "cea/11",
        "osmid": "11",
        "element_type": "cea_zone",
        "building": "yes",
        "cea_name": "B1011",
        "intersection_area_m2": 76.47038252428983,
        "is_residential": true,
        "residential_source": "cea",
        "radiation_sum_kwh_year": 123271.99396875,
        "radiation_sum": 123271.99396875,
        "radiation_point_count": 126.0,
        "use_type1": "MULTI_RES",
        "use_type2": "NONE",
        "use_type3": "NONE",
        "resi_type": null,
        "comparison_status": "matched",
        "validation_radiation_kwh_year": 123271.99396875,
        "ucea_radiation_kwh_year": 149056.63999999984,
        "workflow0_radiation_kwh_year": 132543.99000000025,
        "validation_area_m2": 76.47038252428983,
        "ucea_roofs_top_m2": 78.67,
        "err_ucea_minus_validation_kwh_year": 25784.64603124984,
        "err_ucea_abs_kwh_year": 25784.64603124984,
        "err_ucea_pct_of_validation": 20.916872682197678,
        "err_ucea_area_minus_validation_m2": 2.19961747571017,
        "err_ucea_area_pct_of_validation": 2.87643059064271,
        "err_workflow0_minus_validation_kwh_year": 9271.996031250252,
        "err_workflow0_abs_kwh_year": 9271.996031250252,
        "err_workflow0_pct_of_validation": 7.521575446894079
      },
      "geometry": {
        "type": "Polygon",
        "coordinates": [
          [
            [
              -9.1471656,
              38.75345540000001
            ],
            [
              -9.1470337,
              38.7534995
            ],
            [
              -9.1470058,
              38.75344870000001
            ],
            [
              -9.1471377,
              38.7534046
            ],
            [
              -9.1471656,
              38.75345540000001
            ]
          ]
        ]
      }
    },
    {
      "type": "Feature",
      "properties": {
        "area_id": "EUA_1_Pro",
        "osm_uid": "cea/12",
        "osmid": "12",
        "element_type": "cea_zone",
        "building": "yes",
        "cea_name": "B1012",
        "intersection_area_m2": 72.43910843544705,
        "is_residential": true,
        "residential_source": "cea",
        "radiation_sum_kwh_year": 152326.27071875,
        "radiation_sum": 152326.27071875,
        "radiation_point_count": 118.0,
        "use_type1": "MULTI_RES",
        "use_type2": "NONE",
        "use_type3": "NONE",
        "resi_type": null,
        "comparison_status": "matched",
        "validation_radiation_kwh_year": 152326.27071875,
        "ucea_radiation_kwh_year": 117673.1999999994,
        "workflow0_radiation_kwh_year": 117941.55000000012,
        "validation_area_m2": 72.43910843544705,
        "ucea_roofs_top_m2": 72.46,
        "err_ucea_minus_validation_kwh_year": 34653.07071875059,
        "err_ucea_abs_kwh_year": 34653.07071875059,
        "err_ucea_pct_of_validation": 22.749241188168277,
        "err_ucea_area_minus_validation_m2": 0.020891564552940167,
        "err_ucea_area_pct_of_validation": 0.028840173497658862,
        "err_workflow0_minus_validation_kwh_year": 34384.72071874987,
        "err_workflow0_abs_kwh_year": 34384.72071874987,
        "err_workflow0_pct_of_validation": 22.573073283095496
      },
      "geometry": {
        "type": "Polygon",
        "coordinates": [
          [
            [
              -9.1456545,
              38.7537809
            ],
            [
              -9.1455702,
              38.75380640000001
            ],
            [
              -9.1455634,
              38.7537926
            ],
            [
              -9.1455317,
              38.75372889999999
            ],
            [
              -9.145616,
              38.75370339999999
            ],
            [
              -9.1456545,
              38.7537809
            ]
          ]
        ]
      }
    },
    {
      "type": "Feature",
      "properties": {
        "area_id": "EUA_1_Pro",
        "osm_uid": "cea/18",
        "osmid": "18",
        "element_type": "cea_zone",
        "building": "yes",
        "cea_name": "B1018",
        "intersection_area_m2": 248.21305377072636,
        "is_residential": true,
        "residential_source": "cea",
        "radiation_sum_kwh_year": 534514.463140625,
        "radiation_sum": 534514.463140625,
        "radiation_point_count": 409.0,
        "use_type1": "MULTI_RES",
        "use_type2": "NONE",
        "use_type3": "NONE",
        "resi_type": null,
        "comparison_status": "matched",
        "validation_radiation_kwh_year": 534514.463140625,
        "ucea_radiation_kwh_year": 428122.04999999795,
        "workflow0_radiation_kwh_year": 430081.95999999996,
        "validation_area_m2": 248.21305377072636,
        "ucea_roofs_top_m2": 251.2,
        "err_ucea_minus_validation_kwh_year": 106392.41314062709,
        "err_ucea_abs_kwh_year": 106392.41314062709,
        "err_ucea_pct_of_validation": 19.90449659968067,
        "err_ucea_area_minus_validation_m2": 2.9869462292736273,
        "err_ucea_area_pct_of_validation": 1.203379993073475,
        "err_workflow0_minus_validation_kwh_year": 104432.50314062508,
        "err_workflow0_abs_kwh_year": 104432.50314062508,
        "err_workflow0_pct_of_validation": 19.537825511215402
      },
      "geometry": {
        "type": "Polygon",
        "coordinates": [
          [
            [
              -9.1459387,
              38.75397909999999
            ],
            [
              -9.1458918,
              38.75389199999999
            ],
            [
              -9.1461388,
              38.753809399999994
            ],
            [
              -9.146188,
              38.75389810000001
            ],
            [
              -9.1459387,
              38.75397909999999
            ]
          ]
        ]
      }
    },
    {
      "type": "Feature",
      "properties": {
        "area_id": "EUA_1_Pro",
        "osm_uid": "cea/19",
        "osmid": "19",
        "element_type": "cea_zone",
        "building": "yes",
        "cea_name": "B1019",
        "intersection_area_m2": 226.2261309466292,
        "is_residential": true,
        "residential_source": "cea",
        "radiation_sum_kwh_year": 423395.234921875,
        "radiation_sum": 423395.234921875,
        "radiation_point_count": 373.0,
        "use_type1": "MULTI_RES",
        "use_type2": "NONE",
        "use_type3": "NONE",
        "resi_type": null,
        "comparison_status": "matched",
        "validation_radiation_kwh_year": 423395.234921875,
        "ucea_radiation_kwh_year": 392261.38999999827,
        "workflow0_radiation_kwh_year": 389543.88000000076,
        "validation_area_m2": 226.2261309466292,
        "ucea_roofs_top_m2": 229.01,
        "err_ucea_minus_validation_kwh_year": 31133.844921876735,
        "err_ucea_abs_kwh_year": 31133.844921876735,
        "err_ucea_pct_of_validation": 7.353376314596824,
        "err_ucea_area_minus_validation_m2": 2.783869053370779,
        "err_ucea_area_pct_of_validation": 1.2305691839054365,
        "err_workflow0_minus_validation_kwh_year": 33851.35492187424,
        "err_workflow0_abs_kwh_year": 33851.35492187424,
        "err_workflow0_pct_of_validation": 7.995213958447242
      },
      "geometry": {
        "type": "Polygon",
        "coordinates": [
          [
            [
              -9.1456656,
              38.7539652
            ],
            [
              -9.1458918,
              38.75389199999999
            ],
            [
              -9.1459387,
              38.75397909999999
            ],
            [
              -9.1457145,
              38.754054800000006
            ],
            [
              -9.1456656,
              38.7539652
            ]
          ]
        ]
      }
    },
    {
      "type": "Feature",
      "properties": {
        "area_id": "EUA_1_Pro",
        "osm_uid": "cea/20",
        "osmid": "20",
        "element_type": "cea_zone",
        "building": "yes",
        "cea_name": "B1020",
        "intersection_area_m2": 231.6097197762818,
        "is_residential": true,
        "residential_source": "cea",
        "radiation_sum_kwh_year": 496859.2701875,
        "radiation_sum": 496859.2701875,
        "radiation_point_count": 379.0,
        "use_type1": "MULTI_RES",
        "use_type2": "NONE",
        "use_type3": "NONE",
        "resi_type": null,
        "comparison_status": "matched",
        "validation_radiation_kwh_year": 496859.2701875,
        "ucea_radiation_kwh_year": 402147.26999999845,
        "workflow0_radiation_kwh_year": 401645.13000000064,
        "validation_area_m2": 231.6097197762818,
        "ucea_roofs_top_m2": 234.77,
        "err_ucea_minus_validation_kwh_year": 94712.00018750154,
        "err_ucea_abs_kwh_year": 94712.00018750154,
        "err_ucea_pct_of_validation": 19.06213808826794,
        "err_ucea_area_minus_validation_m2": 3.1602802237182175,
        "err_ucea_area_pct_of_validation": 1.364485146293005,
        "err_workflow0_minus_validation_kwh_year": 95214.14018749935,
        "err_workflow0_abs_kwh_year": 95214.14018749935,
        "err_workflow0_pct_of_validation": 19.163200910303704
      },
      "geometry": {
        "type": "Polygon",
        "coordinates": [
          [
            [
              -9.146188,
              38.75389810000001
            ],
            [
              -9.1461388,
              38.753809399999994
            ],
            [
              -9.1463669,
              38.75373239999999
            ],
            [
              -9.1464161,
              38.753821099999996
            ],
            [
              -9.146188,
              38.75389810000001
            ]
          ]
        ]
      }
    },
    {
      "type": "Feature",
      "properties": {
        "area_id": "EUA_1_Pro",
        "osm_uid": "cea/24",
        "osmid": "24",
        "element_type": "cea_zone",
        "building": "yes",
        "cea_name": "B1024",
        "intersection_area_m2": 149.521593963863,
        "is_residential": true,
        "residential_source": "cea",
        "radiation_sum_kwh_year": 260256.79878125,
        "radiation_sum": 260256.79878125,
        "radiation_point_count": 246.0,
        "use_type1": "MULTI_RES",
        "use_type2": "NONE",
        "use_type3": "NONE",
        "resi_type": null,
        "comparison_status": "matched",
        "validation_radiation_kwh_year": 260256.79878125,
        "ucea_radiation_kwh_year": 259590.2899999999,
        "workflow0_radiation_kwh_year": 259162.89999999962,
        "validation_area_m2": 149.521593963863,
        "ucea_roofs_top_m2": 153.31,
        "err_ucea_minus_validation_kwh_year": 666.5087812501006,
        "err_ucea_abs_kwh_year": 666.5087812501006,
        "err_ucea_pct_of_validation": 0.2560965878206747,
        "err_ucea_area_minus_validation_m2": 3.7884060361369905,
        "err_ucea_area_pct_of_validation": 2.53368489173048,
        "err_workflow0_minus_validation_kwh_year": 1093.8987812503765,
        "err_workflow0_abs_kwh_year": 1093.8987812503765,
        "err_workflow0_pct_of_validation": 0.4203151604004074
      },
      "geometry": {
        "type": "Polygon",
        "coordinates": [
          [
            [
              -9.146797,
              38.753402099999995
            ],
            [
              -9.146591300000003,
              38.75346609999999
            ],
            [
              -9.1465547,
              38.75340210000001
            ],
            [
              -9.1467605,
              38.75333810000001
            ],
            [
              -9.146797,
              38.753402099999995
            ]
          ]
        ]
      }
    },
    {
      "type": "Feature",
      "properties": {
        "area_id": "EUA_1_Pro",
        "osm_uid": "cea/25",
        "osmid": "25",
        "element_type": "cea_zone",
        "building": "yes",
        "cea_name": "B1025",
        "intersection_area_m2": 129.26577895712103,
        "is_residential": true,
        "residential_source": "cea",
        "radiation_sum_kwh_year": 237021.3285,
        "radiation_sum": 237021.3285,
        "radiation_point_count": 212.0,
        "use_type1": "MULTI_RES",
        "use_type2": "NONE",
        "use_type3": "NONE",
        "resi_type": null,
        "comparison_status": "matched",
        "validation_radiation_kwh_year": 237021.3285,
        "ucea_radiation_kwh_year": 224031.97,
        "workflow0_radiation_kwh_year": 223035.86000000036,
        "validation_area_m2": 129.26577895712103,
        "ucea_roofs_top_m2": 131.43,
        "err_ucea_minus_validation_kwh_year": 12989.358500000002,
        "err_ucea_abs_kwh_year": 12989.358500000002,
        "err_ucea_pct_of_validation": 5.480248795415895,
        "err_ucea_area_minus_validation_m2": 2.164221042878978,
        "err_ucea_area_pct_of_validation": 1.6742412882506787,
        "err_workflow0_minus_validation_kwh_year": 13985.468499999639,
        "err_workflow0_abs_kwh_year": 13985.468499999639,
        "err_workflow0_pct_of_validation": 5.900510552576554
      },
      "geometry": {
        "type": "Polygon",
        "coordinates": [
          [
            [
              -9.146797,
              38.753402099999995
            ],
            [
              -9.1467605,
              38.75333810000001
            ],
            [
              -9.1469329,
              38.7532778
            ],
            [
              -9.1469714,
              38.7533425
            ],
            [
              -9.146797,
              38.753402099999995
            ]
          ]
        ]
      }
    },
    {
      "type": "Feature",
      "properties": {
        "area_id": "EUA_1_Pro",
        "osm_uid": "cea/26",
        "osmid": "26",
        "element_type": "cea_zone",
        "building": "yes",
        "cea_name": "B1026",
        "intersection_area_m2": 444.5994526250636,
        "is_residential": true,
        "residential_source": "cea",
        "radiation_sum_kwh_year": 787386.3004375,
        "radiation_sum": 787386.3004375,
        "radiation_point_count": 730.0,
        "use_type1": "MULTI_RES",
        "use_type2": "NONE",
        "use_type3": "NONE",
        "resi_type": null,
        "comparison_status": "matched",
        "validation_radiation_kwh_year": 787386.3004375,
        "ucea_radiation_kwh_year": 577888.1999999993,
        "workflow0_radiation_kwh_year": 572740.9999999993,
        "validation_area_m2": 444.5994526250636,
        "ucea_roofs_top_m2": 448.79,
        "err_ucea_minus_validation_kwh_year": 209498.10043750075,
        "err_ucea_abs_kwh_year": 209498.10043750075,
        "err_ucea_pct_of_validation": 26.606774885605212,
        "err_ucea_area_minus_validation_m2": 4.190547374936443,
        "err_ucea_area_pct_of_validation": 0.9425444296420189,
        "err_workflow0_minus_validation_kwh_year": 214645.3004375007,
        "err_workflow0_abs_kwh_year": 214645.3004375007,
        "err_workflow0_pct_of_validation": 27.26048196650565
      },
      "geometry": {
        "type": "Polygon",
        "coordinates": [
          [
            [
              -9.1509259,
              38.75001919999999
            ],
            [
              -9.1509445,
              38.7500842
            ],
            [
              -9.1509005,
              38.75009179999999
            ],
            [
              -9.1508524,
              38.7501002
            ],
            [
              -9.1508338,
              38.7500353
            ],
            [
              -9.1507254,
              38.750054199999994
            ],
            [
              -9.1506992,
              38.7499641
            ],
            [
              -9.1506867,
              38.74991880000001
            ],
            [
              -9.1506683,
              38.7498525
            ],
            [
              -9.1507761,
              38.74983430000001
            ],
            [
              -9.1507943,
              38.7499
            ],
            [
              -9.1509141,
              38.74987899999999
            ],
            [
              -9.150953,
              38.750014500000006
            ],
            [
              -9.1509259,
              38.75001919999999
            ]
          ]
        ]
      }
    },
    {
      "type": "Feature",
      "properties": {
        "area_id": "EUA_1_Pro",
        "osm_uid": "cea/31",
        "osmid": "31",
        "element_type": "cea_zone",
        "building": "yes",
        "cea_name": "B1031",
        "intersection_area_m2": 958.4355348286732,
        "is_residential": true,
        "residential_source": "cea",
        "radiation_sum_kwh_year": 2344336.00278125,
        "radiation_sum": 2344336.00278125,
        "radiation_point_count": 1577.0,
        "use_type1": "MULTI_RES",
        "use_type2": "NONE",
        "use_type3": "NONE",
        "resi_type": null,
        "comparison_status": "matched",
        "validation_radiation_kwh_year": 2344336.00278125,
        "ucea_radiation_kwh_year": 1667779.1200000017,
        "workflow0_radiation_kwh_year": 1667651.879999996,
        "validation_area_m2": 958.4355348286732,
        "ucea_roofs_top_m2": 960.91,
        "err_ucea_minus_validation_kwh_year": 676556.8827812483,
        "err_ucea_abs_kwh_year": 676556.8827812483,
        "err_ucea_pct_of_validation": 28.859211391993362,
        "err_ucea_area_minus_validation_m2": 2.474465171326756,
        "err_ucea_area_pct_of_validation": 0.25817752800339183,
        "err_workflow0_minus_validation_kwh_year": 676684.1227812541,
        "err_workflow0_abs_kwh_year": 676684.1227812541,
        "err_workflow0_pct_of_validation": 28.864638941621696
      },
      "geometry": {
        "type": "Polygon",
        "coordinates": [
          [
            [
              -9.1492453,
              38.7523679
            ],
            [
              -9.1491657,
              38.7522114
            ],
            [
              -9.149185,
              38.75220239999999
            ],
            [
              -9.1490992,
              38.752023599999994
            ],
            [
              -9.1491173,
              38.7520202
            ],
            [
              -9.1490557,
              38.75189240000001
            ],
            [
              -9.1491107,
              38.7517796
            ],
            [
              -9.1492207,
              38.75174590000001
            ],
            [
              -9.149243,
              38.7517962
            ],
            [
              -9.1492263,
              38.751801300000004
            ],
            [
              -9.149262,
              38.7518789
            ],
            [
              -9.1492523,
              38.7518811
            ],
            [
              -9.1493038,
              38.7519973
            ],
            [
              -9.1492587,
              38.752012900000004
            ],
            [
              -9.1493564,
              38.75218600000001
            ],
            [
              -9.1493221,
              38.75219469999999
            ],
            [
              -9.1493864,
              38.75232429999999
            ],
            [
              -9.1492453,
              38.7523679
            ]
          ]
        ]
      }
    },
    {
      "type": "Feature",
      "properties": {
        "area_id": "EUA_1_Pro",
        "osm_uid": "cea/32",
        "osmid": "32",
        "element_type": "cea_zone",
        "building": "yes",
        "cea_name": "B1032",
        "intersection_area_m2": 455.0019764721348,
        "is_residential": true,
        "residential_source": "cea",
        "radiation_sum_kwh_year": 1154592.063375,
        "radiation_sum": 1154592.063375,
        "radiation_point_count": 749.0,
        "use_type1": "MULTI_RES",
        "use_type2": "NONE",
        "use_type3": "NONE",
        "resi_type": null,
        "comparison_status": "matched",
        "validation_radiation_kwh_year": 1154592.063375,
        "ucea_radiation_kwh_year": 780118.7799999993,
        "workflow0_radiation_kwh_year": 779918.7499999973,
        "validation_area_m2": 455.0019764721348,
        "ucea_roofs_top_m2": 455.0,
        "err_ucea_minus_validation_kwh_year": 374473.2833750006,
        "err_ucea_abs_kwh_year": 374473.2833750006,
        "err_ucea_pct_of_validation": 32.43338450468591,
        "err_ucea_area_minus_validation_m2": 0.0019764721347996783,
        "err_ucea_area_pct_of_validation": 0.0004343875932417452,
        "err_workflow0_minus_validation_kwh_year": 374673.3133750026,
        "err_workflow0_abs_kwh_year": 374673.3133750026,
        "err_workflow0_pct_of_validation": 32.45070923836001
      },
      "geometry": {
        "type": "Polygon",
        "coordinates": [
          [
            [
              -9.1491843,
              38.7516767
            ],
            [
              -9.1487412,
              38.751809200000004
            ],
            [
              -9.1486956,
              38.7517164
            ],
            [
              -9.1491386,
              38.75158379999999
            ],
            [
              -9.1491843,
              38.7516767
            ]
          ]
        ]
      }
    },
    {
      "type": "Feature",
      "properties": {
        "area_id": "EUA_1_Pro",
        "osm_uid": "cea/33",
        "osmid": "33",
        "element_type": "cea_zone",
        "building": "yes",
        "cea_name": "B1033",
        "intersection_area_m2": 371.591097741187,
        "is_residential": true,
        "residential_source": "cea",
        "radiation_sum_kwh_year": 820723.56625,
        "radiation_sum": 820723.56625,
        "radiation_point_count": 609.0,
        "use_type1": "MULTI_RES",
        "use_type2": "NONE",
        "use_type3": "NONE",
        "resi_type": null,
        "comparison_status": "matched",
        "validation_radiation_kwh_year": 820723.56625,
        "ucea_radiation_kwh_year": 635572.4399999996,
        "workflow0_radiation_kwh_year": 593540.7200000018,
        "validation_area_m2": 371.591097741187,
        "ucea_roofs_top_m2": 371.55,
        "err_ucea_minus_validation_kwh_year": 185151.12625000044,
        "err_ucea_abs_kwh_year": 185151.12625000044,
        "err_ucea_pct_of_validation": 22.55949918630723,
        "err_ucea_area_minus_validation_m2": 0.04109774118700216,
        "err_ucea_area_pct_of_validation": 0.011059936967496114,
        "err_workflow0_minus_validation_kwh_year": 227182.8462499982,
        "err_workflow0_abs_kwh_year": 227182.8462499982,
        "err_workflow0_pct_of_validation": 27.680799673881445
      },
      "geometry": {
        "type": "Polygon",
        "coordinates": [
          [
            [
              -9.1482644,
              38.75034229999999
            ],
            [
              -9.1482525,
              38.7503193
            ],
            [
              -9.1482383,
              38.750323699999996
            ],
            [
              -9.1482253,
              38.7502986
            ],
            [
              -9.1482139,
              38.750302199999986
            ],
            [
              -9.1481604,
              38.7501985
            ],
            [
              -9.1481741,
              38.7501942
            ],
            [
              -9.1481659,
              38.75017820000001
            ],
            [
              -9.1481738,
              38.7501757
            ],
            [
              -9.1481665,
              38.750162599999996
            ],
            [
              -9.1483256,
              38.75011429999999
            ],
            [
              -9.1483295,
              38.7501262
            ],
            [
              -9.1483347,
              38.7501245
            ],
            [
              -9.1483423,
              38.750139299999994
            ],
            [
              -9.1483564,
              38.7501349
            ],
            [
              -9.1484102,
              38.7502393
            ],
            [
              -9.148399,
              38.7502428
            ],
            [
              -9.1484244,
              38.750291999999995
            ],
            [
              -9.148304,
              38.7503298
            ],
            [
              -9.1482644,
              38.75034229999999
            ]
          ]
        ]
      }
    },
    {
      "type": "Feature",
      "properties": {
        "area_id": "EUA_1_Pro",
        "osm_uid": "cea/34",
        "osmid": "34",
        "element_type": "cea_zone",
        "building": "yes",
        "cea_name": "B1034",
        "intersection_area_m2": 162.16593239298544,
        "is_residential": true,
        "residential_source": "cea",
        "radiation_sum_kwh_year": 229540.2105625,
        "radiation_sum": 229540.2105625,
        "radiation_point_count": 269.0,
        "use_type1": "MULTI_RES",
        "use_type2": "NONE",
        "use_type3": "NONE",
        "resi_type": null,
        "comparison_status": "matched",
        "validation_radiation_kwh_year": 229540.2105625,
        "ucea_radiation_kwh_year": 290759.820000001,
        "workflow0_radiation_kwh_year": 281231.42999999935,
        "validation_area_m2": 162.16593239298544,
        "ucea_roofs_top_m2": 163.33,
        "err_ucea_minus_validation_kwh_year": 61219.609437501,
        "err_ucea_abs_kwh_year": 61219.609437501,
        "err_ucea_pct_of_validation": 26.670538154286444,
        "err_ucea_area_minus_validation_m2": 1.164067607014573,
        "err_ucea_area_pct_of_validation": 0.7178250017356452,
        "err_workflow0_minus_validation_kwh_year": 51691.219437499356,
        "err_workflow0_abs_kwh_year": 51691.219437499356,
        "err_workflow0_pct_of_validation": 22.519461540454017
      },
      "geometry": {
        "type": "Polygon",
        "coordinates": [
          [
            [
              -9.1487996,
              38.751118899999994
            ],
            [
              -9.148727,
              38.75098069999999
            ],
            [
              -9.1488312,
              38.75094740000001
            ],
            [
              -9.1489038,
              38.751085599999996
            ],
            [
              -9.1487996,
              38.751118899999994
            ]
          ]
        ]
      }
    },
    {
      "type": "Feature",
      "properties": {
        "area_id": "EUA_1_Pro",
        "osm_uid": "cea/35",
        "osmid": "35",
        "element_type": "cea_zone",
        "building": "yes",
        "cea_name": "B1035",
        "intersection_area_m2": 572.2327528927275,
        "is_residential": true,
        "residential_source": "cea",
        "radiation_sum_kwh_year": 783921.7446875001,
        "radiation_sum": 783921.7446875001,
        "radiation_point_count": 945.0,
        "use_type1": "MULTI_RES",
        "use_type2": "NONE",
        "use_type3": "NONE",
        "resi_type": null,
        "comparison_status": "matched",
        "validation_radiation_kwh_year": 783921.7446875001,
        "ucea_radiation_kwh_year": 634580.1400000015,
        "workflow0_radiation_kwh_year": 629829.9599999988,
        "validation_area_m2": 572.2327528927275,
        "ucea_roofs_top_m2": 573.74,
        "err_ucea_minus_validation_kwh_year": 149341.60468749853,
        "err_ucea_abs_kwh_year": 149341.60468749853,
        "err_ucea_pct_of_validation": 19.05057560905286,
        "err_ucea_area_minus_validation_m2": 1.5072471072725193,
        "err_ucea_area_pct_of_validation": 0.2633975597609794,
        "err_workflow0_minus_validation_kwh_year": 154091.78468750126,
        "err_workflow0_abs_kwh_year": 154091.78468750126,
        "err_workflow0_pct_of_validation": 19.65652639842615
      },
      "geometry": {
        "type": "Polygon",
        "coordinates": [
          [
            [
              -9.1480285,
              38.750417399999996
            ],
            [
              -9.1482644,
              38.75034229999999
            ],
            [
              -9.148304,
              38.7503298
            ],
            [
              -9.1483167,
              38.7503541
            ],
            [
              -9.1482836,
              38.7504254
            ],
            [
              -9.1482508,
              38.7504369
            ],
            [
              -9.1482435,
              38.7504426
            ],
            [
              -9.1482431,
              38.7504517
            ],
            [
              -9.1482474,
              38.75046
            ],
            [
              -9.1482559,
              38.75046429999999
            ],
            [
              -9.148267,
              38.750465
            ],
            [
              -9.1482967,
              38.7504564
            ],
            [
              -9.1483187,
              38.7504502
            ],
            [
              -9.148345,
              38.750500200000005
            ],
            [
              -9.1483968,
              38.75051049999999
            ],
            [
              -9.1484104,
              38.75053950000001
            ],
            [
              -9.1481343,
              38.75062419999999
            ],
            [
              -9.148082,
              38.7505231
            ],
            [
              -9.1480687,
              38.7505272
            ],
            [
              -9.1480394,
              38.75047349999999
            ],
            [
              -9.1480546,
              38.7504666
            ],
            [
              -9.1480285,
              38.750417399999996
            ]
          ]
        ]
      }
    },
    {
      "type": "Feature",
      "properties": {
        "area_id": "EUA_1_Pro",
        "osm_uid": "cea/36",
        "osmid": "36",
        "element_type": "cea_zone",
        "building": "yes",
        "cea_name": "B1036",
        "intersection_area_m2": 429.5209251206026,
        "is_residential": true,
        "residential_source": "cea",
        "radiation_sum_kwh_year": 864891.248796875,
        "radiation_sum": 864891.248796875,
        "radiation_point_count": 710.0,
        "use_type1": "MULTI_RES",
        "use_type2": "NONE",
        "use_type3": "NONE",
        "resi_type": null,
        "comparison_status": "matched",
        "validation_radiation_kwh_year": 864891.248796875,
        "ucea_radiation_kwh_year": 719370.9900000027,
        "workflow0_radiation_kwh_year": 721780.6400000004,
        "validation_area_m2": 429.5209251206026,
        "ucea_roofs_top_m2": 429.52,
        "err_ucea_minus_validation_kwh_year": 145520.25879687234,
        "err_ucea_abs_kwh_year": 145520.25879687234,
        "err_ucea_pct_of_validation": 16.82526664471416,
        "err_ucea_area_minus_validation_m2": 0.0009251206026306136,
        "err_ucea_area_pct_of_validation": 0.00021538429178295668,
        "err_workflow0_minus_validation_kwh_year": 143110.60879687464,
        "err_workflow0_abs_kwh_year": 143110.60879687464,
        "err_workflow0_pct_of_validation": 16.546659362775568
      },
      "geometry": {
        "type": "Polygon",
        "coordinates": [
          [
            [
              -9.148509200000001,
              38.750769
            ],
            [
              -9.1484104,
              38.75053950000001
            ],
            [
              -9.1485715,
              38.750487
            ],
            [
              -9.1486883,
              38.75071160000001
            ],
            [
              -9.148509200000001,
              38.750769
            ]
          ]
        ]
      }
    },
    {
      "type": "Feature",
      "properties": {
        "area_id": "EUA_1_Pro",
        "osm_uid": "cea/37",
        "osmid": "37",
        "element_type": "cea_zone",
        "building": "yes",
        "cea_name": "B1037",
        "intersection_area_m2": 103.49055636195004,
        "is_residential": true,
        "residential_source": "cea",
        "radiation_sum_kwh_year": 164140.983125,
        "radiation_sum": 164140.983125,
        "radiation_point_count": 171.0,
        "use_type1": "MULTI_RES",
        "use_type2": "NONE",
        "use_type3": "NONE",
        "resi_type": null,
        "comparison_status": "matched",
        "validation_radiation_kwh_year": 164140.983125,
        "ucea_radiation_kwh_year": 149727.93000000063,
        "workflow0_radiation_kwh_year": 150175.43000000017,
        "validation_area_m2": 103.49055636195004,
        "ucea_roofs_top_m2": 104.33,
        "err_ucea_minus_validation_kwh_year": 14413.053124999366,
        "err_ucea_abs_kwh_year": 14413.053124999366,
        "err_ucea_pct_of_validation": 8.780898499933585,
        "err_ucea_area_minus_validation_m2": 0.839443638049957,
        "err_ucea_area_pct_of_validation": 0.8111306650184286,
        "err_workflow0_minus_validation_kwh_year": 13965.553124999831,
        "err_workflow0_abs_kwh_year": 13965.553124999831,
        "err_workflow0_pct_of_validation": 8.508267014804279
      },
      "geometry": {
        "type": "Polygon",
        "coordinates": [
          [
            [
              -9.1486492,
              38.7518043
            ],
            [
              -9.148605,
              38.7517113
            ],
            [
              -9.1486838,
              38.751688599999994
            ],
            [
              -9.1486956,
              38.7517164
            ],
            [
              -9.1487412,
              38.751809200000004
            ],
            [
              -9.1486624,
              38.7518321
            ],
            [
              -9.1486492,
              38.7518043
            ]
          ]
        ]
      }
    },
    {
      "type": "Feature",
      "properties": {
        "area_id": "EUA_1_Pro",
        "osm_uid": "cea/38",
        "osmid": "38",
        "element_type": "cea_zone",
        "building": "yes",
        "cea_name": "B1038",
        "intersection_area_m2": 317.2621596071456,
        "is_residential": true,
        "residential_source": "cea",
        "radiation_sum_kwh_year": 716679.0925156251,
        "radiation_sum": 716679.0925156251,
        "radiation_point_count": 523.0,
        "use_type1": "MULTI_RES",
        "use_type2": "NONE",
        "use_type3": "NONE",
        "resi_type": null,
        "comparison_status": "matched",
        "validation_radiation_kwh_year": 716679.0925156251,
        "ucea_radiation_kwh_year": 551275.5599999999,
        "workflow0_radiation_kwh_year": 550999.9499999984,
        "validation_area_m2": 317.2621596071456,
        "ucea_roofs_top_m2": 317.25,
        "err_ucea_minus_validation_kwh_year": 165403.53251562512,
        "err_ucea_abs_kwh_year": 165403.53251562512,
        "err_ucea_pct_of_validation": 23.079162520988287,
        "err_ucea_area_minus_validation_m2": 0.012159607145576956,
        "err_ucea_area_pct_of_validation": 0.0038326685920040903,
        "err_workflow0_minus_validation_kwh_year": 165679.14251562662,
        "err_workflow0_abs_kwh_year": 165679.14251562662,
        "err_workflow0_pct_of_validation": 23.11761906351614
      },
      "geometry": {
        "type": "Polygon",
        "coordinates": [
          [
            [
              -9.1493154,
              38.7526682
            ],
            [
              -9.1492416,
              38.75252599999999
            ],
            [
              -9.1492853,
              38.7525122
            ],
            [
              -9.149440400000001,
              38.75246319999999
            ],
            [
              -9.1495142,
              38.75260540000001
            ],
            [
              -9.1493154,
              38.7526682
            ]
          ]
        ]
      }
    },
    {
      "type": "Feature",
      "properties": {
        "area_id": "EUA_1_Pro",
        "osm_uid": "cea/39",
        "osmid": "39",
        "element_type": "cea_zone",
        "building": "yes",
        "cea_name": "B1039",
        "intersection_area_m2": 335.1360833259603,
        "is_residential": true,
        "residential_source": "cea",
        "radiation_sum_kwh_year": 677474.1604375,
        "radiation_sum": 677474.1604375,
        "radiation_point_count": 551.0,
        "use_type1": "MULTI_RES",
        "use_type2": "NONE",
        "use_type3": "NONE",
        "resi_type": null,
        "comparison_status": "matched",
        "validation_radiation_kwh_year": 677474.1604375,
        "ucea_radiation_kwh_year": 574637.4699999978,
        "workflow0_radiation_kwh_year": 564652.8099999997,
        "validation_area_m2": 335.1360833259603,
        "ucea_roofs_top_m2": 342.97,
        "err_ucea_minus_validation_kwh_year": 102836.69043750223,
        "err_ucea_abs_kwh_year": 102836.69043750223,
        "err_ucea_pct_of_validation": 15.179426233923406,
        "err_ucea_area_minus_validation_m2": 7.833916674039699,
        "err_ucea_area_pct_of_validation": 2.3375330392043367,
        "err_workflow0_minus_validation_kwh_year": 112821.35043750028,
        "err_workflow0_abs_kwh_year": 112821.35043750028,
        "err_workflow0_pct_of_validation": 16.653232997793214
      },
      "geometry": {
        "type": "Polygon",
        "coordinates": [
          [
            [
              -9.1497561,
              38.753460200000006
            ],
            [
              -9.1499563,
              38.7533907
            ],
            [
              -9.1500391,
              38.7535355
            ],
            [
              -9.1498389,
              38.7536051
            ],
            [
              -9.1497561,
              38.753460200000006
            ]
          ]
        ]
      }
    },
    {
      "type": "Feature",
      "properties": {
        "area_id": "EUA_1_Pro",
        "osm_uid": "cea/40",
        "osmid": "40",
        "element_type": "cea_zone",
        "building": "yes",
        "cea_name": "B1040",
        "intersection_area_m2": 453.1329202002057,
        "is_residential": true,
        "residential_source": "cea",
        "radiation_sum_kwh_year": 792440.3724375,
        "radiation_sum": 792440.3724375,
        "radiation_point_count": 746.0,
        "use_type1": "MULTI_RES",
        "use_type2": "NONE",
        "use_type3": "NONE",
        "resi_type": null,
        "comparison_status": "matched",
        "validation_radiation_kwh_year": 792440.3724375,
        "ucea_radiation_kwh_year": 768009.5999999988,
        "workflow0_radiation_kwh_year": 764414.879999998,
        "validation_area_m2": 453.1329202002057,
        "ucea_roofs_top_m2": 453.1,
        "err_ucea_minus_validation_kwh_year": 24430.772437501233,
        "err_ucea_abs_kwh_year": 24430.772437501233,
        "err_ucea_pct_of_validation": 3.0829792735513477,
        "err_ucea_area_minus_validation_m2": 0.03292020020569453,
        "err_ucea_area_pct_of_validation": 0.007265020645851451,
        "err_workflow0_minus_validation_kwh_year": 28025.49243750202,
        "err_workflow0_abs_kwh_year": 28025.49243750202,
        "err_workflow0_pct_of_validation": 3.5366058333571835
      },
      "geometry": {
        "type": "Polygon",
        "coordinates": [
          [
            [
              -9.1484104,
              38.75053950000001
            ],
            [
              -9.1483968,
              38.75051049999999
            ],
            [
              -9.148345,
              38.750500200000005
            ],
            [
              -9.1483187,
              38.7504502
            ],
            [
              -9.1482967,
              38.7504564
            ],
            [
              -9.148267,
              38.750465
            ],
            [
              -9.1482559,
              38.75046429999999
            ],
            [
              -9.1482474,
              38.75046
            ],
            [
              -9.1482431,
              38.7504517
            ],
            [
              -9.1482435,
              38.7504426
            ],
            [
              -9.1482508,
              38.7504369
            ],
            [
              -9.1482836,
              38.7504254
            ],
            [
              -9.1483167,
              38.7503541
            ],
            [
              -9.148304,
              38.7503298
            ],
            [
              -9.1484244,
              38.750291999999995
            ],
            [
              -9.1484658,
              38.75027909999999
            ],
            [
              -9.1484814,
              38.7502937
            ],
            [
              -9.1484963,
              38.7503308
            ],
            [
              -9.1485133,
              38.750357399999984
            ],
            [
              -9.148513,
              38.75037189999998
            ],
            [
              -9.14849,
              38.7503782
            ],
            [
              -9.1485186,
              38.75043350000001
            ],
            [
              -9.1485379,
              38.7504257
            ],
            [
              -9.148552800000001,
              38.7504285
            ],
            [
              -9.1485696,
              38.7504605
            ],
            [
              -9.1485715,
              38.750487
            ],
            [
              -9.1484104,
              38.75053950000001
            ]
          ]
        ]
      }
    },
    {
      "type": "Feature",
      "properties": {
        "area_id": "EUA_1_Pro",
        "osm_uid": "cea/41",
        "osmid": "41",
        "element_type": "cea_zone",
        "building": "yes",
        "cea_name": "B1041",
        "intersection_area_m2": 288.0270704750693,
        "is_residential": true,
        "residential_source": "cea",
        "radiation_sum_kwh_year": 585374.201265625,
        "radiation_sum": 585374.201265625,
        "radiation_point_count": 483.0,
        "use_type1": "MULTI_RES",
        "use_type2": "NONE",
        "use_type3": "NONE",
        "resi_type": null,
        "comparison_status": "matched",
        "validation_radiation_kwh_year": 585374.201265625,
        "ucea_radiation_kwh_year": 336653.07999999996,
        "workflow0_radiation_kwh_year": 336094.47,
        "validation_area_m2": 288.0270704750693,
        "ucea_roofs_top_m2": 288.03,
        "err_ucea_minus_validation_kwh_year": 248721.121265625,
        "err_ucea_abs_kwh_year": 248721.121265625,
        "err_ucea_pct_of_validation": 42.48925229842217,
        "err_ucea_area_minus_validation_m2": 0.002929524930664229,
        "err_ucea_area_pct_of_validation": 0.0010171005544139641,
        "err_workflow0_minus_validation_kwh_year": 249279.73126562499,
        "err_workflow0_abs_kwh_year": 249279.73126562499,
        "err_workflow0_pct_of_validation": 42.58468014590712
      },
      "geometry": {
        "type": "Polygon",
        "coordinates": [
          [
            [
              -9.149566,
              38.7531486
            ],
            [
              -9.1497427,
              38.753078599999995
            ],
            [
              -9.149835,
              38.75321859999999
            ],
            [
              -9.1496747,
              38.753282999999996
            ],
            [
              -9.149566,
              38.7531486
            ]
          ]
        ]
      }
    },
    {
      "type": "Feature",
      "properties": {
        "area_id": "EUA_1_Pro",
        "osm_uid": "cea/42",
        "osmid": "42",
        "element_type": "cea_zone",
        "building": "yes",
        "cea_name": "B1042",
        "intersection_area_m2": 293.13160497324736,
        "is_residential": true,
        "residential_source": "cea",
        "radiation_sum_kwh_year": 620849.0385625,
        "radiation_sum": 620849.0385625,
        "radiation_point_count": 478.0,
        "use_type1": "MULTI_RES",
        "use_type2": "NONE",
        "use_type3": "NONE",
        "resi_type": null,
        "comparison_status": "matched",
        "validation_radiation_kwh_year": 620849.0385625,
        "ucea_radiation_kwh_year": 484950.8500000009,
        "workflow0_radiation_kwh_year": 490437.6700000008,
        "validation_area_m2": 293.13160497324736,
        "ucea_roofs_top_m2": 293.33,
        "err_ucea_minus_validation_kwh_year": 135898.18856249913,
        "err_ucea_abs_kwh_year": 135898.18856249913,
        "err_ucea_pct_of_validation": 21.889087382200792,
        "err_ucea_area_minus_validation_m2": 0.1983950267526211,
        "err_ucea_area_pct_of_validation": 0.06768121327986029,
        "err_workflow0_minus_validation_kwh_year": 130411.36856249924,
        "err_workflow0_abs_kwh_year": 130411.36856249924,
        "err_workflow0_pct_of_validation": 21.005326651459555
      },
      "geometry": {
        "type": "Polygon",
        "coordinates": [
          [
            [
              -9.149566,
              38.7531486
            ],
            [
              -9.1494916,
              38.7530013
            ],
            [
              -9.149501,
              38.752997699999995
            ],
            [
              -9.149656,
              38.752934
            ],
            [
              -9.1497427,
              38.753078599999995
            ],
            [
              -9.149566,
              38.7531486
            ]
          ]
        ]
      }
    },
    {
      "type": "Feature",
      "properties": {
        "area_id": "EUA_1_Pro",
        "osm_uid": "cea/43",
        "osmid": "43",
        "element_type": "cea_zone",
        "building": "yes",
        "cea_name": "B1043",
        "intersection_area_m2": 301.58986332378305,
        "is_residential": true,
        "residential_source": "cea",
        "radiation_sum_kwh_year": 516572.39565625,
        "radiation_sum": 516572.39565625,
        "radiation_point_count": 495.0,
        "use_type1": "MULTI_RES",
        "use_type2": "NONE",
        "use_type3": "NONE",
        "resi_type": null,
        "comparison_status": "matched",
        "validation_radiation_kwh_year": 516572.39565625,
        "ucea_radiation_kwh_year": 433341.80999999924,
        "workflow0_radiation_kwh_year": 429651.7699999991,
        "validation_area_m2": 301.58986332378305,
        "ucea_roofs_top_m2": 306.25,
        "err_ucea_minus_validation_kwh_year": 83230.58565625077,
        "err_ucea_abs_kwh_year": 83230.58565625077,
        "err_ucea_pct_of_validation": 16.11208542231824,
        "err_ucea_area_minus_validation_m2": 4.6601366762169505,
        "err_ucea_area_pct_of_validation": 1.5451900885720045,
        "err_workflow0_minus_validation_kwh_year": 86920.62565625092,
        "err_workflow0_abs_kwh_year": 86920.62565625092,
        "err_workflow0_pct_of_validation": 16.826417049603968
      },
      "geometry": {
        "type": "Polygon",
        "coordinates": [
          [
            [
              -9.1496441,
              38.7535999
            ],
            [
              -9.1495216,
              38.753348200000005
            ],
            [
              -9.1496303,
              38.753316100000006
            ],
            [
              -9.1497527,
              38.7535677
            ],
            [
              -9.1496441,
              38.7535999
            ]
          ]
        ]
      }
    },
    {
      "type": "Feature",
      "properties": {
        "area_id": "EUA_1_Pro",
        "osm_uid": "cea/44",
        "osmid": "44",
        "element_type": "cea_zone",
        "building": "yes",
        "cea_name": "B1044",
        "intersection_area_m2": 378.399470896239,
        "is_residential": true,
        "residential_source": "cea",
        "radiation_sum_kwh_year": 817752.3991562501,
        "radiation_sum": 817752.3991562501,
        "radiation_point_count": 624.0,
        "use_type1": "MULTI_RES",
        "use_type2": "NONE",
        "use_type3": "NONE",
        "resi_type": null,
        "comparison_status": "matched",
        "validation_radiation_kwh_year": 817752.3991562501,
        "ucea_radiation_kwh_year": 421395.20999999874,
        "workflow0_radiation_kwh_year": 383454.1799999998,
        "validation_area_m2": 378.399470896239,
        "ucea_roofs_top_m2": 378.34,
        "err_ucea_minus_validation_kwh_year": 396357.1891562513,
        "err_ucea_abs_kwh_year": 396357.1891562513,
        "err_ucea_pct_of_validation": 48.46909523777727,
        "err_ucea_area_minus_validation_m2": 0.05947089623902002,
        "err_ucea_area_pct_of_validation": 0.015716432186906402,
        "err_workflow0_minus_validation_kwh_year": 434298.21915625024,
        "err_workflow0_abs_kwh_year": 434298.21915625024,
        "err_workflow0_pct_of_validation": 53.108767348693256
      },
      "geometry": {
        "type": "Polygon",
        "coordinates": [
          [
            [
              -9.1480795,
              38.75003869999999
            ],
            [
              -9.1480915,
              38.750035
            ],
            [
              -9.1480795,
              38.7500108
            ],
            [
              -9.148095,
              38.7500061
            ],
            [
              -9.1480808,
              38.74997760000001
            ],
            [
              -9.1482258,
              38.74993359999999
            ],
            [
              -9.1482397,
              38.74992939999999
            ],
            [
              -9.1482631,
              38.749976100000005
            ],
            [
              -9.1482766,
              38.74997199999999
            ],
            [
              -9.1483312,
              38.75008129999999
            ],
            [
              -9.1483195,
              38.7500849
            ],
            [
              -9.1483261,
              38.75009829999999
            ],
            [
              -9.1483188,
              38.750100499999995
            ],
            [
              -9.1483256,
              38.75011429999999
            ],
            [
              -9.1481665,
              38.750162599999996
            ],
            [
              -9.1481601,
              38.750149699999994
            ],
            [
              -9.1481508,
              38.7501525
            ],
            [
              -9.1481441,
              38.750139
            ],
            [
              -9.1481315,
              38.750142800000006
            ],
            [
              -9.1480795,
              38.75003869999999
            ]
          ]
        ]
      }
    },
    {
      "type": "Feature",
      "properties": {
        "area_id": "EUA_1_Pro",
        "osm_uid": "cea/45",
        "osmid": "45",
        "element_type": "cea_zone",
        "building": "yes",
        "cea_name": "B1045",
        "intersection_area_m2": 345.96378225826004,
        "is_residential": true,
        "residential_source": "cea",
        "radiation_sum_kwh_year": 667788.729046875,
        "radiation_sum": 667788.729046875,
        "radiation_point_count": 576.0,
        "use_type1": "MULTI_RES",
        "use_type2": "NONE",
        "use_type3": "NONE",
        "resi_type": null,
        "comparison_status": "matched",
        "validation_radiation_kwh_year": 667788.729046875,
        "ucea_radiation_kwh_year": 597412.1599999983,
        "workflow0_radiation_kwh_year": 593535.9200000007,
        "validation_area_m2": 345.96378225826004,
        "ucea_roofs_top_m2": 352.35,
        "err_ucea_minus_validation_kwh_year": 70376.56904687674,
        "err_ucea_abs_kwh_year": 70376.56904687674,
        "err_ucea_pct_of_validation": 10.538747658608163,
        "err_ucea_area_minus_validation_m2": 6.3862177417399835,
        "err_ucea_area_pct_of_validation": 1.8459208938156155,
        "err_workflow0_minus_validation_kwh_year": 74252.80904687429,
        "err_workflow0_abs_kwh_year": 74252.80904687429,
        "err_workflow0_pct_of_validation": 11.119206691741297
      },
      "geometry": {
        "type": "Polygon",
        "coordinates": [
          [
            [
              -9.149501,
              38.752997699999995
            ],
            [
              -9.149376,
              38.752812199999994
            ],
            [
              -9.1493881,
              38.75280829999999
            ],
            [
              -9.1495427,
              38.75275959999999
            ],
            [
              -9.149656,
              38.752934
            ],
            [
              -9.149501,
              38.752997699999995
            ]
          ]
        ]
      }
    },
    {
      "type": "Feature",
      "properties": {
        "area_id": "EUA_1_Pro",
        "osm_uid": "cea/46",
        "osmid": "46",
        "element_type": "cea_zone",
        "building": "yes",
        "cea_name": "B1046",
        "intersection_area_m2": 598.1213934422376,
        "is_residential": true,
        "residential_source": "cea",
        "radiation_sum_kwh_year": 1310516.2767187501,
        "radiation_sum": 1310516.2767187501,
        "radiation_point_count": 986.0,
        "use_type1": "MULTI_RES",
        "use_type2": "NONE",
        "use_type3": "NONE",
        "resi_type": null,
        "comparison_status": "matched",
        "validation_radiation_kwh_year": 1310516.2767187501,
        "ucea_radiation_kwh_year": 1034981.9000000011,
        "workflow0_radiation_kwh_year": 1038125.9799999995,
        "validation_area_m2": 598.1213934422376,
        "ucea_roofs_top_m2": 598.12,
        "err_ucea_minus_validation_kwh_year": 275534.37671874906,
        "err_ucea_abs_kwh_year": 275534.37671874906,
        "err_ucea_pct_of_validation": 21.024872534099895,
        "err_ucea_area_minus_validation_m2": 0.0013934422375996292,
        "err_ucea_area_pct_of_validation": 0.0002329698039356618,
        "err_workflow0_minus_validation_kwh_year": 272390.2967187506,
        "err_workflow0_abs_kwh_year": 272390.2967187506,
        "err_workflow0_pct_of_validation": 20.784960977421594
      },
      "geometry": {
        "type": "Polygon",
        "coordinates": [
          [
            [
              -9.1489394,
              38.7512554
            ],
            [
              -9.1484711,
              38.75140510000001
            ],
            [
              -9.1484189,
              38.751305599999995
            ],
            [
              -9.1487679,
              38.7511941
            ],
            [
              -9.1487391,
              38.7511393
            ],
            [
              -9.1488584,
              38.7511011
            ],
            [
              -9.1489394,
              38.7512554
            ]
          ]
        ]
      }
    },
    {
      "type": "Feature",
      "properties": {
        "area_id": "EUA_1_Pro",
        "osm_uid": "cea/48",
        "osmid": "48",
        "element_type": "cea_zone",
        "building": "yes",
        "cea_name": "B1048",
        "intersection_area_m2": 267.6921900816732,
        "is_residential": true,
        "residential_source": "cea",
        "radiation_sum_kwh_year": 155256.4173203125,
        "radiation_sum": 155256.4173203125,
        "radiation_point_count": 442.0,
        "use_type1": "MULTI_RES",
        "use_type2": "NONE",
        "use_type3": "NONE",
        "resi_type": null,
        "comparison_status": "matched",
        "validation_radiation_kwh_year": 155256.4173203125,
        "ucea_radiation_kwh_year": 0.0,
        "workflow0_radiation_kwh_year": 0.0,
        "validation_area_m2": 267.6921900816732,
        "ucea_roofs_top_m2": 0.0,
        "err_ucea_minus_validation_kwh_year": 155256.4173203125,
        "err_ucea_abs_kwh_year": 155256.4173203125,
        "err_ucea_pct_of_validation": 100.0,
        "err_ucea_area_minus_validation_m2": 267.6921900816732,
        "err_ucea_area_pct_of_validation": 100.0,
        "err_workflow0_minus_validation_kwh_year": 155256.4173203125,
        "err_workflow0_abs_kwh_year": 155256.4173203125,
        "err_workflow0_pct_of_validation": 100.0
      },
      "geometry": {
        "type": "Polygon",
        "coordinates": [
          [
            [
              -9.1477265,
              38.74984599999999
            ],
            [
              -9.1476806,
              38.74986049999998
            ],
            [
              -9.1476532,
              38.749868
            ],
            [
              -9.1475938,
              38.7497505
            ],
            [
              -9.1475642,
              38.7496927
            ],
            [
              -9.1476539,
              38.74986209999999
            ],
            [
              -9.1477321,
              38.749839699999995
            ],
            [
              -9.1477556,
              38.74987949999999
            ],
            [
              -9.1479809,
              38.749956
            ],
            [
              -9.1480372,
              38.7499386
            ],
            [
              -9.1480656,
              38.7499475
            ],
            [
              -9.1480808,
              38.74997760000001
            ],
            [
              -9.1478335,
              38.75005749999999
            ],
            [
              -9.1477265,
              38.74984599999999
            ]
          ]
        ]
      }
    },
    {
      "type": "Feature",
      "properties": {
        "area_id": "EUA_1_Pro",
        "osm_uid": "cea/49",
        "osmid": "49",
        "element_type": "cea_zone",
        "building": "yes",
        "cea_name": "B1049",
        "intersection_area_m2": 1001.0919698779919,
        "is_residential": true,
        "residential_source": "cea",
        "radiation_sum_kwh_year": 2056529.9856796875,
        "radiation_sum": 2056529.9856796875,
        "radiation_point_count": 1648.0,
        "use_type1": "MULTI_RES",
        "use_type2": "NONE",
        "use_type3": "NONE",
        "resi_type": null,
        "comparison_status": "matched",
        "validation_radiation_kwh_year": 2056529.9856796875,
        "ucea_radiation_kwh_year": 1737646.0999999994,
        "workflow0_radiation_kwh_year": 1711336.940000001,
        "validation_area_m2": 1001.0919698779919,
        "ucea_roofs_top_m2": 1000.98,
        "err_ucea_minus_validation_kwh_year": 318883.8856796881,
        "err_ucea_abs_kwh_year": 318883.8856796881,
        "err_ucea_pct_of_validation": 15.505919578133273,
        "err_ucea_area_minus_validation_m2": 0.11196987799189628,
        "err_ucea_area_pct_of_validation": 0.01118477436249365,
        "err_workflow0_minus_validation_kwh_year": 345193.04567968636,
        "err_workflow0_abs_kwh_year": 345193.04567968636,
        "err_workflow0_pct_of_validation": 16.785218211423224
      },
      "geometry": {
        "type": "Polygon",
        "coordinates": [
          [
            [
              -9.1502579,
              38.753922299999985
            ],
            [
              -9.1501368,
              38.7539541
            ],
            [
              -9.150039,
              38.75397809999999
            ],
            [
              -9.1499962,
              38.75389859999999
            ],
            [
              -9.1499576,
              38.7539113
            ],
            [
              -9.1499128,
              38.7538306
            ],
            [
              -9.1499203,
              38.7538153
            ],
            [
              -9.149908,
              38.7537934
            ],
            [
              -9.1498876,
              38.75378860000001
            ],
            [
              -9.1498421,
              38.7537081
            ],
            [
              -9.1498724,
              38.75369729999999
            ],
            [
              -9.1498227,
              38.75361069999999
            ],
            [
              -9.1498389,
              38.7536051
            ],
            [
              -9.1500391,
              38.7535355
            ],
            [
              -9.1502579,
              38.753922299999985
            ]
          ]
        ]
      }
    },
    {
      "type": "Feature",
      "properties": {
        "area_id": "EUA_1_Pro",
        "osm_uid": "cea/50",
        "osmid": "50",
        "element_type": "cea_zone",
        "building": "yes",
        "cea_name": "B1050",
        "intersection_area_m2": 1079.0614351904087,
        "is_residential": true,
        "residential_source": "cea",
        "radiation_sum_kwh_year": 1969952.347734375,
        "radiation_sum": 1969952.347734375,
        "radiation_point_count": 1777.0,
        "use_type1": "MULTI_RES",
        "use_type2": "NONE",
        "use_type3": "NONE",
        "resi_type": null,
        "comparison_status": "matched",
        "validation_radiation_kwh_year": 1969952.347734375,
        "ucea_radiation_kwh_year": 1648427.129999997,
        "workflow0_radiation_kwh_year": 1667505.560000003,
        "validation_area_m2": 1079.0614351904087,
        "ucea_roofs_top_m2": 1078.87,
        "err_ucea_minus_validation_kwh_year": 321525.21773437783,
        "err_ucea_abs_kwh_year": 321525.21773437783,
        "err_ucea_pct_of_validation": 16.32147184190324,
        "err_ucea_area_minus_validation_m2": 0.19143519040881074,
        "err_ucea_area_pct_of_validation": 0.01774089816999442,
        "err_workflow0_minus_validation_kwh_year": 302446.78773437184,
        "err_workflow0_abs_kwh_year": 302446.78773437184,
        "err_workflow0_pct_of_validation": 15.353000192223599
      },
      "geometry": {
        "type": "Polygon",
        "coordinates": [
          [
            [
              -9.1488187,
              38.7509238
            ],
            [
              -9.148533,
              38.7510155
            ],
            [
              -9.1485408,
              38.75103039999999
            ],
            [
              -9.1483653,
              38.7510867
            ],
            [
              -9.1481887,
              38.75075209999999
            ],
            [
              -9.1483645,
              38.75069570000001
            ],
            [
              -9.148465,
              38.75088619999998
            ],
            [
              -9.1487505,
              38.75079459999999
            ],
            [
              -9.1488187,
              38.7509238
            ]
          ]
        ]
      }
    },
    {
      "type": "Feature",
      "properties": {
        "area_id": "EUA_1_Pro",
        "osm_uid": "cea/51",
        "osmid": "51",
        "element_type": "cea_zone",
        "building": "yes",
        "cea_name": "B1051",
        "intersection_area_m2": 269.3035375922859,
        "is_residential": true,
        "residential_source": "cea",
        "radiation_sum_kwh_year": 563569.372375,
        "radiation_sum": 563569.372375,
        "radiation_point_count": 446.0,
        "use_type1": "MULTI_RES",
        "use_type2": "NONE",
        "use_type3": "NONE",
        "resi_type": null,
        "comparison_status": "matched",
        "validation_radiation_kwh_year": 563569.372375,
        "ucea_radiation_kwh_year": 464640.7000000002,
        "workflow0_radiation_kwh_year": 465269.9600000003,
        "validation_area_m2": 269.3035375922859,
        "ucea_roofs_top_m2": 273.31,
        "err_ucea_minus_validation_kwh_year": 98928.67237499985,
        "err_ucea_abs_kwh_year": 98928.67237499985,
        "err_ucea_pct_of_validation": 17.553947610405725,
        "err_ucea_area_minus_validation_m2": 4.006462407714082,
        "err_ucea_area_pct_of_validation": 1.4877125059455014,
        "err_workflow0_minus_validation_kwh_year": 98299.41237499972,
        "err_workflow0_abs_kwh_year": 98299.41237499972,
        "err_workflow0_pct_of_validation": 17.442291436233536
      },
      "geometry": {
        "type": "Polygon",
        "coordinates": [
          [
            [
              -9.1467747,
              38.7510531
            ],
            [
              -9.1465584,
              38.75112259999999
            ],
            [
              -9.1465001,
              38.75101219999999
            ],
            [
              -9.1467163,
              38.750942699999996
            ],
            [
              -9.1467556,
              38.751017
            ],
            [
              -9.1467747,
              38.7510531
            ]
          ]
        ]
      }
    },
    {
      "type": "Feature",
      "properties": {
        "area_id": "EUA_1_Pro",
        "osm_uid": "cea/54",
        "osmid": "54",
        "element_type": "cea_zone",
        "building": "yes",
        "cea_name": "B1054",
        "intersection_area_m2": 328.7338932952323,
        "is_residential": true,
        "residential_source": "cea",
        "radiation_sum_kwh_year": 622920.79434375,
        "radiation_sum": 622920.79434375,
        "radiation_point_count": 541.0,
        "use_type1": "MULTI_RES",
        "use_type2": "NONE",
        "use_type3": "NONE",
        "resi_type": null,
        "comparison_status": "matched",
        "validation_radiation_kwh_year": 622920.79434375,
        "ucea_radiation_kwh_year": 504826.08,
        "workflow0_radiation_kwh_year": 496871.3499999995,
        "validation_area_m2": 328.7338932952323,
        "ucea_roofs_top_m2": 335.49,
        "err_ucea_minus_validation_kwh_year": 118094.71434374998,
        "err_ucea_abs_kwh_year": 118094.71434374998,
        "err_ucea_pct_of_validation": 18.958223166745192,
        "err_ucea_area_minus_validation_m2": 6.756106704767717,
        "err_ucea_area_pct_of_validation": 2.055190183477714,
        "err_workflow0_minus_validation_kwh_year": 126049.44434375048,
        "err_workflow0_abs_kwh_year": 126049.44434375048,
        "err_workflow0_pct_of_validation": 20.235228216541426
      },
      "geometry": {
        "type": "Polygon",
        "coordinates": [
          [
            [
              -9.1481662,
              38.75155699999999
            ],
            [
              -9.1481161,
              38.751464
            ],
            [
              -9.1484276,
              38.751362
            ],
            [
              -9.1484777,
              38.7514551
            ],
            [
              -9.1481662,
              38.75155699999999
            ]
          ]
        ]
      }
    },
    {
      "type": "Feature",
      "properties": {
        "area_id": "EUA_1_Pro",
        "osm_uid": "cea/55",
        "osmid": "55",
        "element_type": "cea_zone",
        "building": "yes",
        "cea_name": "B1055",
        "intersection_area_m2": 247.20407091600435,
        "is_residential": true,
        "residential_source": "cea",
        "radiation_sum_kwh_year": 546679.5353125,
        "radiation_sum": 546679.5353125,
        "radiation_point_count": 408.0,
        "use_type1": "MULTI_RES",
        "use_type2": "NONE",
        "use_type3": "NONE",
        "resi_type": null,
        "comparison_status": "matched",
        "validation_radiation_kwh_year": 546679.5353125,
        "ucea_radiation_kwh_year": 419201.28000000055,
        "workflow0_radiation_kwh_year": 419726.69000000064,
        "validation_area_m2": 247.20407091600435,
        "ucea_roofs_top_m2": 249.15,
        "err_ucea_minus_validation_kwh_year": 127478.25531249942,
        "err_ucea_abs_kwh_year": 127478.25531249942,
        "err_ucea_pct_of_validation": 23.31864411928803,
        "err_ucea_area_minus_validation_m2": 1.945929083995651,
        "err_ucea_area_pct_of_validation": 0.7871751774900357,
        "err_workflow0_minus_validation_kwh_year": 126952.84531249932,
        "err_workflow0_abs_kwh_year": 126952.84531249932,
        "err_workflow0_pct_of_validation": 23.2225347963554
      },
      "geometry": {
        "type": "Polygon",
        "coordinates": [
          [
            [
              -9.1477826,
              38.750810099999995
            ],
            [
              -9.1476751,
              38.7506126
            ],
            [
              -9.1477371,
              38.7505899
            ],
            [
              -9.147793,
              38.7505888
            ],
            [
              -9.1478937,
              38.75077580000001
            ],
            [
              -9.1477826,
              38.750810099999995
            ]
          ]
        ]
      }
    },
    {
      "type": "Feature",
      "properties": {
        "area_id": "EUA_1_Pro",
        "osm_uid": "cea/56",
        "osmid": "56",
        "element_type": "cea_zone",
        "building": "yes",
        "cea_name": "B1056",
        "intersection_area_m2": 240.40067946008026,
        "is_residential": true,
        "residential_source": "cea",
        "radiation_sum_kwh_year": 487335.0708125,
        "radiation_sum": 487335.0708125,
        "radiation_point_count": 397.0,
        "use_type1": "MULTI_RES",
        "use_type2": "NONE",
        "use_type3": "NONE",
        "resi_type": null,
        "comparison_status": "matched",
        "validation_radiation_kwh_year": 487335.0708125,
        "ucea_radiation_kwh_year": 406553.96999999817,
        "workflow0_radiation_kwh_year": 397826.9499999986,
        "validation_area_m2": 240.40067946008026,
        "ucea_roofs_top_m2": 243.42,
        "err_ucea_minus_validation_kwh_year": 80781.10081250186,
        "err_ucea_abs_kwh_year": 80781.10081250186,
        "err_ucea_pct_of_validation": 16.576090179149457,
        "err_ucea_area_minus_validation_m2": 3.0193205399197325,
        "err_ucea_area_pct_of_validation": 1.2559534135680785,
        "err_workflow0_minus_validation_kwh_year": 89508.12081250141,
        "err_workflow0_abs_kwh_year": 89508.12081250141,
        "err_workflow0_pct_of_validation": 18.366853972415882
      },
      "geometry": {
        "type": "Polygon",
        "coordinates": [
          [
            [
              -9.147793,
              38.7505888
            ],
            [
              -9.1477371,
              38.7505899
            ],
            [
              -9.1476324,
              38.750401899999986
            ],
            [
              -9.1477426,
              38.7503687
            ],
            [
              -9.1478491,
              38.75056970000001
            ],
            [
              -9.147793,
              38.7505888
            ]
          ]
        ]
      }
    },
    {
      "type": "Feature",
      "properties": {
        "area_id": "EUA_1_Pro",
        "osm_uid": "cea/57",
        "osmid": "57",
        "element_type": "cea_zone",
        "building": "yes",
        "cea_name": "B1057",
        "intersection_area_m2": 236.5356584716793,
        "is_residential": true,
        "residential_source": "cea",
        "radiation_sum_kwh_year": 540315.86796875,
        "radiation_sum": 540315.86796875,
        "radiation_point_count": 390.0,
        "use_type1": "MULTI_RES",
        "use_type2": "NONE",
        "use_type3": "NONE",
        "resi_type": null,
        "comparison_status": "matched",
        "validation_radiation_kwh_year": 540315.86796875,
        "ucea_radiation_kwh_year": 413025.37,
        "workflow0_radiation_kwh_year": 410503.1199999988,
        "validation_area_m2": 236.5356584716793,
        "ucea_roofs_top_m2": 239.79,
        "err_ucea_minus_validation_kwh_year": 127290.49796874996,
        "err_ucea_abs_kwh_year": 127290.49796874996,
        "err_ucea_pct_of_validation": 23.558534093637245,
        "err_ucea_area_minus_validation_m2": 3.25434152832068,
        "err_ucea_area_pct_of_validation": 1.375835486855495,
        "err_workflow0_minus_validation_kwh_year": 129812.74796875118,
        "err_workflow0_abs_kwh_year": 129812.74796875118,
        "err_workflow0_pct_of_validation": 24.0253443706486
      },
      "geometry": {
        "type": "Polygon",
        "coordinates": [
          [
            [
              -9.1476826,
              38.75128
            ],
            [
              -9.1477903,
              38.75124449999999
            ],
            [
              -9.1478951,
              38.7514378
            ],
            [
              -9.1477875,
              38.75147330000001
            ],
            [
              -9.1476826,
              38.75128
            ]
          ]
        ]
      }
    },
    {
      "type": "Feature",
      "properties": {
        "area_id": "EUA_1_Pro",
        "osm_uid": "cea/58",
        "osmid": "58",
        "element_type": "cea_zone",
        "building": "yes",
        "cea_name": "B1058",
        "intersection_area_m2": 268.4983597037415,
        "is_residential": true,
        "residential_source": "cea",
        "radiation_sum_kwh_year": 611161.7611875,
        "radiation_sum": 611161.7611875,
        "radiation_point_count": 443.0,
        "use_type1": "MULTI_RES",
        "use_type2": "NONE",
        "use_type3": "NONE",
        "resi_type": null,
        "comparison_status": "matched",
        "validation_radiation_kwh_year": 611161.7611875,
        "ucea_radiation_kwh_year": 438914.09999999875,
        "workflow0_radiation_kwh_year": 435032.6199999983,
        "validation_area_m2": 268.4983597037415,
        "ucea_roofs_top_m2": 273.46,
        "err_ucea_minus_validation_kwh_year": 172247.66118750122,
        "err_ucea_abs_kwh_year": 172247.66118750122,
        "err_ucea_pct_of_validation": 28.18364500632704,
        "err_ucea_area_minus_validation_m2": 4.961640296258452,
        "err_ucea_area_pct_of_validation": 1.847922014023876,
        "err_workflow0_minus_validation_kwh_year": 176129.14118750166,
        "err_workflow0_abs_kwh_year": 176129.14118750166,
        "err_workflow0_pct_of_validation": 28.818743640845447
      },
      "geometry": {
        "type": "Polygon",
        "coordinates": [
          [
            [
              -9.1477318,
              38.75170399999999
            ],
            [
              -9.147685800000001,
              38.7516125
            ],
            [
              -9.1479497,
              38.751531899999996
            ],
            [
              -9.1479956,
              38.75162339999999
            ],
            [
              -9.1477318,
              38.75170399999999
            ]
          ]
        ]
      }
    },
    {
      "type": "Feature",
      "properties": {
        "area_id": "EUA_1_Pro",
        "osm_uid": "cea/59",
        "osmid": "59",
        "element_type": "cea_zone",
        "building": "yes",
        "cea_name": "B1059",
        "intersection_area_m2": 288.8784527220046,
        "is_residential": true,
        "residential_source": "cea",
        "radiation_sum_kwh_year": 621288.2040625,
        "radiation_sum": 621288.2040625,
        "radiation_point_count": 478.0,
        "use_type1": "MULTI_RES",
        "use_type2": "NONE",
        "use_type3": "NONE",
        "resi_type": null,
        "comparison_status": "matched",
        "validation_radiation_kwh_year": 621288.2040625,
        "ucea_radiation_kwh_year": 496657.939999999,
        "workflow0_radiation_kwh_year": 499128.5699999983,
        "validation_area_m2": 288.8784527220046,
        "ucea_roofs_top_m2": 293.17,
        "err_ucea_minus_validation_kwh_year": 124630.26406250102,
        "err_ucea_abs_kwh_year": 124630.26406250102,
        "err_ucea_pct_of_validation": 20.059975909338775,
        "err_ucea_area_minus_validation_m2": 4.291547277995392,
        "err_ucea_area_pct_of_validation": 1.4855892634281247,
        "err_workflow0_minus_validation_kwh_year": 122159.63406250172,
        "err_workflow0_abs_kwh_year": 122159.63406250172,
        "err_workflow0_pct_of_validation": 19.662313442251154
      },
      "geometry": {
        "type": "Polygon",
        "coordinates": [
          [
            [
              -9.146722500000001,
              38.75095170000001
            ],
            [
              -9.1471193,
              38.75082939999999
            ],
            [
              -9.1471524,
              38.7508947
            ],
            [
              -9.1467556,
              38.751017
            ],
            [
              -9.146722500000001,
              38.75095170000001
            ]
          ]
        ]
      }
    },
    {
      "type": "Feature",
      "properties": {
        "area_id": "EUA_1_Pro",
        "osm_uid": "cea/60",
        "osmid": "60",
        "element_type": "cea_zone",
        "building": "yes",
        "cea_name": "B1060",
        "intersection_area_m2": 242.67824041891254,
        "is_residential": true,
        "residential_source": "cea",
        "radiation_sum_kwh_year": 537820.28021875,
        "radiation_sum": 537820.28021875,
        "radiation_point_count": 400.0,
        "use_type1": "MULTI_RES",
        "use_type2": "NONE",
        "use_type3": "NONE",
        "resi_type": null,
        "comparison_status": "matched",
        "validation_radiation_kwh_year": 537820.28021875,
        "ucea_radiation_kwh_year": 417274.60999999946,
        "workflow0_radiation_kwh_year": 416694.0600000006,
        "validation_area_m2": 242.67824041891254,
        "ucea_roofs_top_m2": 245.63,
        "err_ucea_minus_validation_kwh_year": 120545.67021875054,
        "err_ucea_abs_kwh_year": 120545.67021875054,
        "err_ucea_pct_of_validation": 22.413745753455128,
        "err_ucea_area_minus_validation_m2": 2.951759581087458,
        "err_ucea_area_pct_of_validation": 1.216326431241678,
        "err_workflow0_minus_validation_kwh_year": 121126.22021874943,
        "err_workflow0_abs_kwh_year": 121126.22021874943,
        "err_workflow0_pct_of_validation": 22.521690734585768
      },
      "geometry": {
        "type": "Polygon",
        "coordinates": [
          [
            [
              -9.1473032,
              38.75174179999999
            ],
            [
              -9.147350300000001,
              38.7518314
            ],
            [
              -9.1471026,
              38.751905100000016
            ],
            [
              -9.1470552,
              38.7518207
            ],
            [
              -9.1473032,
              38.75174179999999
            ]
          ]
        ]
      }
    },
    {
      "type": "Feature",
      "properties": {
        "area_id": "EUA_1_Pro",
        "osm_uid": "cea/61",
        "osmid": "61",
        "element_type": "cea_zone",
        "building": "yes",
        "cea_name": "B1061",
        "intersection_area_m2": 306.6488034511967,
        "is_residential": true,
        "residential_source": "cea",
        "radiation_sum_kwh_year": 609785.8807890625,
        "radiation_sum": 609785.8807890625,
        "radiation_point_count": 506.0,
        "use_type1": "MULTI_RES",
        "use_type2": "NONE",
        "use_type3": "NONE",
        "resi_type": null,
        "comparison_status": "matched",
        "validation_radiation_kwh_year": 609785.8807890625,
        "ucea_radiation_kwh_year": 489878.64999999985,
        "workflow0_radiation_kwh_year": 487231.64000000135,
        "validation_area_m2": 306.6488034511967,
        "ucea_roofs_top_m2": 309.3,
        "err_ucea_minus_validation_kwh_year": 119907.23078906263,
        "err_ucea_abs_kwh_year": 119907.23078906263,
        "err_ucea_pct_of_validation": 19.663825379804262,
        "err_ucea_area_minus_validation_m2": 2.6511965488032843,
        "err_ucea_area_pct_of_validation": 0.864570974667189,
        "err_workflow0_minus_validation_kwh_year": 122554.24078906112,
        "err_workflow0_abs_kwh_year": 122554.24078906112,
        "err_workflow0_pct_of_validation": 20.09791381697392
      },
      "geometry": {
        "type": "Polygon",
        "coordinates": [
          [
            [
              -9.1483052,
              38.7517989
            ],
            [
              -9.148605,
              38.7517113
            ],
            [
              -9.1486492,
              38.7518043
            ],
            [
              -9.1483503,
              38.75189219999999
            ],
            [
              -9.1483052,
              38.7517989
            ]
          ]
        ]
      }
    },
    {
      "type": "Feature",
      "properties": {
        "area_id": "EUA_1_Pro",
        "osm_uid": "cea/62",
        "osmid": "62",
        "element_type": "cea_zone",
        "building": "yes",
        "cea_name": "B1062",
        "intersection_area_m2": 247.83780582819261,
        "is_residential": true,
        "residential_source": "cea",
        "radiation_sum_kwh_year": 557910.617875,
        "radiation_sum": 557910.617875,
        "radiation_point_count": 409.0,
        "use_type1": "MULTI_RES",
        "use_type2": "NONE",
        "use_type3": "NONE",
        "resi_type": null,
        "comparison_status": "matched",
        "validation_radiation_kwh_year": 557910.617875,
        "ucea_radiation_kwh_year": 426987.10999999987,
        "workflow0_radiation_kwh_year": 428327.580000001,
        "validation_area_m2": 247.83780582819261,
        "ucea_roofs_top_m2": 250.25,
        "err_ucea_minus_validation_kwh_year": 130923.50787500013,
        "err_ucea_abs_kwh_year": 130923.50787500013,
        "err_ucea_pct_of_validation": 23.466753218224927,
        "err_ucea_area_minus_validation_m2": 2.4121941718073856,
        "err_ucea_area_pct_of_validation": 0.973295484014888,
        "err_workflow0_minus_validation_kwh_year": 129583.03787499899,
        "err_workflow0_abs_kwh_year": 129583.03787499899,
        "err_workflow0_pct_of_validation": 23.226487133111366
      },
      "geometry": {
        "type": "Polygon",
        "coordinates": [
          [
            [
              -9.1481312,
              38.751863900000004
            ],
            [
              -9.1481788,
              38.751951399999996
            ],
            [
              -9.147927,
              38.75203079999999
            ],
            [
              -9.1478785,
              38.7519451
            ],
            [
              -9.1481312,
              38.751863900000004
            ]
          ]
        ]
      }
    },
    {
      "type": "Feature",
      "properties": {
        "area_id": "EUA_1_Pro",
        "osm_uid": "cea/63",
        "osmid": "63",
        "element_type": "cea_zone",
        "building": "yes",
        "cea_name": "B1063",
        "intersection_area_m2": 252.7563713998658,
        "is_residential": true,
        "residential_source": "cea",
        "radiation_sum_kwh_year": 544122.4698046875,
        "radiation_sum": 544122.4698046875,
        "radiation_point_count": 413.0,
        "use_type1": "MULTI_RES",
        "use_type2": "NONE",
        "use_type3": "NONE",
        "resi_type": null,
        "comparison_status": "matched",
        "validation_radiation_kwh_year": 544122.4698046875,
        "ucea_radiation_kwh_year": 423159.5000000014,
        "workflow0_radiation_kwh_year": 429143.939999999,
        "validation_area_m2": 252.7563713998658,
        "ucea_roofs_top_m2": 255.45,
        "err_ucea_minus_validation_kwh_year": 120962.96980468614,
        "err_ucea_abs_kwh_year": 120962.96980468614,
        "err_ucea_pct_of_validation": 22.230835247091658,
        "err_ucea_area_minus_validation_m2": 2.69362860013419,
        "err_ucea_area_pct_of_validation": 1.0657015628194841,
        "err_workflow0_minus_validation_kwh_year": 114978.52980468853,
        "err_workflow0_abs_kwh_year": 114978.52980468853,
        "err_workflow0_pct_of_validation": 21.131001968354663
      },
      "geometry": {
        "type": "Polygon",
        "coordinates": [
          [
            [
              -9.1474868,
              38.7520849
            ],
            [
              -9.147533,
              38.75217490000001
            ],
            [
              -9.1472907,
              38.752253399999994
            ],
            [
              -9.1472399,
              38.7521594
            ],
            [
              -9.1474868,
              38.7520849
            ]
          ]
        ]
      }
    },
    {
      "type": "Feature",
      "properties": {
        "area_id": "EUA_1_Pro",
        "osm_uid": "cea/64",
        "osmid": "64",
        "element_type": "cea_zone",
        "building": "yes",
        "cea_name": "B1064",
        "intersection_area_m2": 195.3199402770069,
        "is_residential": true,
        "residential_source": "cea",
        "radiation_sum_kwh_year": 364423.9005625,
        "radiation_sum": 364423.9005625,
        "radiation_point_count": 321.0,
        "use_type1": "MULTI_RES",
        "use_type2": "NONE",
        "use_type3": "NONE",
        "resi_type": null,
        "comparison_status": "matched",
        "validation_radiation_kwh_year": 364423.9005625,
        "ucea_radiation_kwh_year": 333740.44999999955,
        "workflow0_radiation_kwh_year": 332598.45000000077,
        "validation_area_m2": 195.3199402770069,
        "ucea_roofs_top_m2": 197.81,
        "err_ucea_minus_validation_kwh_year": 30683.450562500453,
        "err_ucea_abs_kwh_year": 30683.450562500453,
        "err_ucea_pct_of_validation": 8.419714106330446,
        "err_ucea_area_minus_validation_m2": 2.490059722993095,
        "err_ucea_area_pct_of_validation": 1.274862013300659,
        "err_workflow0_minus_validation_kwh_year": 31825.45056249923,
        "err_workflow0_abs_kwh_year": 31825.45056249923,
        "err_workflow0_pct_of_validation": 8.733085429735981
      },
      "geometry": {
        "type": "Polygon",
        "coordinates": [
          [
            [
              -9.148769000000001,
              38.75306029999999
            ],
            [
              -9.1486528,
              38.753098
            ],
            [
              -9.1485735,
              38.75294939999999
            ],
            [
              -9.1486897,
              38.7529117
            ],
            [
              -9.148769000000001,
              38.75306029999999
            ]
          ]
        ]
      }
    },
    {
      "type": "Feature",
      "properties": {
        "area_id": "EUA_1_Pro",
        "osm_uid": "cea/65",
        "osmid": "65",
        "element_type": "cea_zone",
        "building": "yes",
        "cea_name": "B1065",
        "intersection_area_m2": 175.40979473472862,
        "is_residential": true,
        "residential_source": "cea",
        "radiation_sum_kwh_year": 382958.01671875,
        "radiation_sum": 382958.01671875,
        "radiation_point_count": 290.0,
        "use_type1": "MULTI_RES",
        "use_type2": "NONE",
        "use_type3": "NONE",
        "resi_type": null,
        "comparison_status": "matched",
        "validation_radiation_kwh_year": 382958.01671875,
        "ucea_radiation_kwh_year": 285770.9600000002,
        "workflow0_radiation_kwh_year": 284315.10999999975,
        "validation_area_m2": 175.40979473472862,
        "ucea_roofs_top_m2": 179.16,
        "err_ucea_minus_validation_kwh_year": 97187.05671874981,
        "err_ucea_abs_kwh_year": 97187.05671874981,
        "err_ucea_pct_of_validation": 25.37799248895876,
        "err_ucea_area_minus_validation_m2": 3.7502052652713758,
        "err_ucea_area_pct_of_validation": 2.1379679914355942,
        "err_workflow0_minus_validation_kwh_year": 98642.90671875025,
        "err_workflow0_abs_kwh_year": 98642.90671875025,
        "err_workflow0_pct_of_validation": 25.75815165430916
      },
      "geometry": {
        "type": "Polygon",
        "coordinates": [
          [
            [
              -9.1490043,
              38.752980099999995
            ],
            [
              -9.1489453,
              38.75299939999999
            ],
            [
              -9.1488672,
              38.75285459999999
            ],
            [
              -9.148974000000003,
              38.752819599999995
            ],
            [
              -9.149052,
              38.7529644
            ],
            [
              -9.1490043,
              38.752980099999995
            ]
          ]
        ]
      }
    },
    {
      "type": "Feature",
      "properties": {
        "area_id": "EUA_1_Pro",
        "osm_uid": "cea/66",
        "osmid": "66",
        "element_type": "cea_zone",
        "building": "yes",
        "cea_name": "B1066",
        "intersection_area_m2": 186.1016589288956,
        "is_residential": true,
        "residential_source": "cea",
        "radiation_sum_kwh_year": 332819.311546875,
        "radiation_sum": 332819.311546875,
        "radiation_point_count": 307.0,
        "use_type1": "MULTI_RES",
        "use_type2": "NONE",
        "use_type3": "NONE",
        "resi_type": null,
        "comparison_status": "matched",
        "validation_radiation_kwh_year": 332819.311546875,
        "ucea_radiation_kwh_year": 317014.3300000006,
        "workflow0_radiation_kwh_year": 315889.40000000026,
        "validation_area_m2": 186.1016589288956,
        "ucea_roofs_top_m2": 188.28,
        "err_ucea_minus_validation_kwh_year": 15804.981546874391,
        "err_ucea_abs_kwh_year": 15804.981546874391,
        "err_ucea_pct_of_validation": 4.748817450951425,
        "err_ucea_area_minus_validation_m2": 2.1783410711043985,
        "err_ucea_area_pct_of_validation": 1.1705113665519142,
        "err_workflow0_minus_validation_kwh_year": 16929.911546874733,
        "err_workflow0_abs_kwh_year": 16929.911546874733,
        "err_workflow0_pct_of_validation": 5.086817669379828
      },
      "geometry": {
        "type": "Polygon",
        "coordinates": [
          [
            [
              -9.1490558,
              38.7535945
            ],
            [
              -9.1489429,
              38.75363130000001
            ],
            [
              -9.1488648,
              38.75348579999999
            ],
            [
              -9.1489777,
              38.753449
            ],
            [
              -9.1490558,
              38.7535945
            ]
          ]
        ]
      }
    },
    {
      "type": "Feature",
      "properties": {
        "area_id": "EUA_1_Pro",
        "osm_uid": "cea/67",
        "osmid": "67",
        "element_type": "cea_zone",
        "building": "yes",
        "cea_name": "B1067",
        "intersection_area_m2": 227.72009030719065,
        "is_residential": true,
        "residential_source": "cea",
        "radiation_sum_kwh_year": 486043.32421875,
        "radiation_sum": 486043.32421875,
        "radiation_point_count": 375.0,
        "use_type1": "MULTI_RES",
        "use_type2": "NONE",
        "use_type3": "NONE",
        "resi_type": null,
        "comparison_status": "matched",
        "validation_radiation_kwh_year": 486043.32421875,
        "ucea_radiation_kwh_year": 372713.9900000003,
        "workflow0_radiation_kwh_year": 372413.8600000002,
        "validation_area_m2": 227.72009030719065,
        "ucea_roofs_top_m2": 228.02,
        "err_ucea_minus_validation_kwh_year": 113329.33421874972,
        "err_ucea_abs_kwh_year": 113329.33421874972,
        "err_ucea_pct_of_validation": 23.316714492666176,
        "err_ucea_area_minus_validation_m2": 0.29990969280936497,
        "err_ucea_area_pct_of_validation": 0.1317010248875239,
        "err_workflow0_minus_validation_kwh_year": 113629.46421874978,
        "err_workflow0_abs_kwh_year": 113629.46421874978,
        "err_workflow0_pct_of_validation": 23.378464132059428
      },
      "geometry": {
        "type": "Polygon",
        "coordinates": [
          [
            [
              -9.1493962,
              38.753599
            ],
            [
              -9.1493468,
              38.753615200000006
            ],
            [
              -9.1492399,
              38.7534169
            ],
            [
              -9.1493411,
              38.7533837
            ],
            [
              -9.149448,
              38.753581999999994
            ],
            [
              -9.1493962,
              38.753599
            ]
          ]
        ]
      }
    },
    {
      "type": "Feature",
      "properties": {
        "area_id": "EUA_1_Pro",
        "osm_uid": "cea/68",
        "osmid": "68",
        "element_type": "cea_zone",
        "building": "yes",
        "cea_name": "B1068",
        "intersection_area_m2": 139.08421515585343,
        "is_residential": true,
        "residential_source": "cea",
        "radiation_sum_kwh_year": 291893.182875,
        "radiation_sum": 291893.182875,
        "radiation_point_count": 229.0,
        "use_type1": "MULTI_RES",
        "use_type2": "NONE",
        "use_type3": "NONE",
        "resi_type": null,
        "comparison_status": "matched",
        "validation_radiation_kwh_year": 291893.182875,
        "ucea_radiation_kwh_year": 239906.33999999994,
        "workflow0_radiation_kwh_year": 240351.4599999997,
        "validation_area_m2": 139.08421515585343,
        "ucea_roofs_top_m2": 139.1,
        "err_ucea_minus_validation_kwh_year": 51986.84287500006,
        "err_ucea_abs_kwh_year": 51986.84287500006,
        "err_ucea_pct_of_validation": 17.81022850994874,
        "err_ucea_area_minus_validation_m2": 0.015784844146566,
        "err_ucea_area_pct_of_validation": 0.01134912695080315,
        "err_workflow0_minus_validation_kwh_year": 51541.7228750003,
        "err_workflow0_abs_kwh_year": 51541.7228750003,
        "err_workflow0_pct_of_validation": 17.657734369586997
      },
      "geometry": {
        "type": "Polygon",
        "coordinates": [
          [
            [
              -9.1484362,
              38.7537741
            ],
            [
              -9.148246,
              38.7538359
            ],
            [
              -9.1482347,
              38.75381459999999
            ],
            [
              -9.1482115,
              38.753771199999996
            ],
            [
              -9.1484016,
              38.75370949999999
            ],
            [
              -9.1484362,
              38.7537741
            ]
          ]
        ]
      }
    },
    {
      "type": "Feature",
      "properties": {
        "area_id": "EUA_1_Pro",
        "osm_uid": "cea/69",
        "osmid": "69",
        "element_type": "cea_zone",
        "building": "yes",
        "cea_name": "B1069",
        "intersection_area_m2": 152.48178235119937,
        "is_residential": true,
        "residential_source": "cea",
        "radiation_sum_kwh_year": 322939.896046875,
        "radiation_sum": 322939.896046875,
        "radiation_point_count": 251.0,
        "use_type1": "MULTI_RES",
        "use_type2": "NONE",
        "use_type3": "NONE",
        "resi_type": null,
        "comparison_status": "matched",
        "validation_radiation_kwh_year": 322939.896046875,
        "ucea_radiation_kwh_year": 264832.6799999991,
        "workflow0_radiation_kwh_year": 263870.35000000027,
        "validation_area_m2": 152.48178235119937,
        "ucea_roofs_top_m2": 155.41,
        "err_ucea_minus_validation_kwh_year": 58107.21604687587,
        "err_ucea_abs_kwh_year": 58107.21604687587,
        "err_ucea_pct_of_validation": 17.99319834996217,
        "err_ucea_area_minus_validation_m2": 2.9282176488006257,
        "err_ucea_area_pct_of_validation": 1.9203721281643278,
        "err_workflow0_minus_validation_kwh_year": 59069.54604687472,
        "err_workflow0_abs_kwh_year": 59069.54604687472,
        "err_workflow0_pct_of_validation": 18.29118878464639
      },
      "geometry": {
        "type": "Polygon",
        "coordinates": [
          [
            [
              -9.1482222,
              38.7533754
            ],
            [
              -9.148259100000002,
              38.7534445
            ],
            [
              -9.1480641,
              38.7535079
            ],
            [
              -9.1480383,
              38.7534596
            ],
            [
              -9.1480272,
              38.753438799999984
            ],
            [
              -9.1482222,
              38.7533754
            ]
          ]
        ]
      }
    },
    {
      "type": "Feature",
      "properties": {
        "area_id": "EUA_1_Pro",
        "osm_uid": "cea/70",
        "osmid": "70",
        "element_type": "cea_zone",
        "building": "yes",
        "cea_name": "B1070",
        "intersection_area_m2": 144.1802737739858,
        "is_residential": true,
        "residential_source": "cea",
        "radiation_sum_kwh_year": 273733.83790625003,
        "radiation_sum": 273733.83790625003,
        "radiation_point_count": 237.0,
        "use_type1": "MULTI_RES",
        "use_type2": "NONE",
        "use_type3": "NONE",
        "resi_type": null,
        "comparison_status": "matched",
        "validation_radiation_kwh_year": 273733.83790625003,
        "ucea_radiation_kwh_year": 250931.79000000012,
        "workflow0_radiation_kwh_year": 249087.2299999999,
        "validation_area_m2": 144.1802737739858,
        "ucea_roofs_top_m2": 145.34,
        "err_ucea_minus_validation_kwh_year": 22802.047906249907,
        "err_ucea_abs_kwh_year": 22802.047906249907,
        "err_ucea_pct_of_validation": 8.330007017276134,
        "err_ucea_area_minus_validation_m2": 1.1597262260142145,
        "err_ucea_area_pct_of_validation": 0.8043584574074112,
        "err_workflow0_minus_validation_kwh_year": 24646.607906250138,
        "err_workflow0_abs_kwh_year": 24646.607906250138,
        "err_workflow0_pct_of_validation": 9.003858673362572
      },
      "geometry": {
        "type": "Polygon",
        "coordinates": [
          [
            [
              -9.1478148,
              38.753613699999995
            ],
            [
              -9.1477308,
              38.75363979999999
            ],
            [
              -9.1476523,
              38.75348609999998
            ],
            [
              -9.1477362,
              38.75346
            ],
            [
              -9.1478148,
              38.753613699999995
            ]
          ]
        ]
      }
    },
    {
      "type": "Feature",
      "properties": {
        "area_id": "EUA_1_Pro",
        "osm_uid": "cea/71",
        "osmid": "71",
        "element_type": "cea_zone",
        "building": "yes",
        "cea_name": "B1071",
        "intersection_area_m2": 139.0011435942833,
        "is_residential": true,
        "residential_source": "cea",
        "radiation_sum_kwh_year": 288687.136953125,
        "radiation_sum": 288687.136953125,
        "radiation_point_count": 231.0,
        "use_type1": "MULTI_RES",
        "use_type2": "NONE",
        "use_type3": "NONE",
        "resi_type": null,
        "comparison_status": "matched",
        "validation_radiation_kwh_year": 288687.136953125,
        "ucea_radiation_kwh_year": 237736.13999999993,
        "workflow0_radiation_kwh_year": 240208.95000000068,
        "validation_area_m2": 139.0011435942833,
        "ucea_roofs_top_m2": 140.7,
        "err_ucea_minus_validation_kwh_year": 50950.99695312508,
        "err_ucea_abs_kwh_year": 50950.99695312508,
        "err_ucea_pct_of_validation": 17.649209275783615,
        "err_ucea_area_minus_validation_m2": 1.6988564057166968,
        "err_ucea_area_pct_of_validation": 1.2221887977233634,
        "err_workflow0_minus_validation_kwh_year": 48478.18695312433,
        "err_workflow0_abs_kwh_year": 48478.18695312433,
        "err_workflow0_pct_of_validation": 16.792638378271725
      },
      "geometry": {
        "type": "Polygon",
        "coordinates": [
          [
            [
              -9.148146,
              38.75324549999999
            ],
            [
              -9.1479555,
              38.75330959999999
            ],
            [
              -9.1479408,
              38.753282999999996
            ],
            [
              -9.1479202,
              38.75324579999999
            ],
            [
              -9.1481107,
              38.753181700000006
            ],
            [
              -9.148146,
              38.75324549999999
            ]
          ]
        ]
      }
    },
    {
      "type": "Feature",
      "properties": {
        "area_id": "EUA_1_Pro",
        "osm_uid": "cea/72",
        "osmid": "72",
        "element_type": "cea_zone",
        "building": "yes",
        "cea_name": "B1072",
        "intersection_area_m2": 133.9051635644298,
        "is_residential": true,
        "residential_source": "cea",
        "radiation_sum_kwh_year": 298530.688625,
        "radiation_sum": 298530.688625,
        "radiation_point_count": 219.0,
        "use_type1": "MULTI_RES",
        "use_type2": "NONE",
        "use_type3": "NONE",
        "resi_type": null,
        "comparison_status": "matched",
        "validation_radiation_kwh_year": 298530.688625,
        "ucea_radiation_kwh_year": 227658.14999999994,
        "workflow0_radiation_kwh_year": 229536.0599999999,
        "validation_area_m2": 133.9051635644298,
        "ucea_roofs_top_m2": 133.9,
        "err_ucea_minus_validation_kwh_year": 70872.53862500007,
        "err_ucea_abs_kwh_year": 70872.53862500007,
        "err_ucea_pct_of_validation": 23.740453268449986,
        "err_ucea_area_minus_validation_m2": 0.005163564429807366,
        "err_ucea_area_pct_of_validation": 0.003856135411330023,
        "err_workflow0_minus_validation_kwh_year": 68994.6286250001,
        "err_workflow0_abs_kwh_year": 68994.6286250001,
        "err_workflow0_pct_of_validation": 23.111402362946965
      },
      "geometry": {
        "type": "Polygon",
        "coordinates": [
          [
            [
              -9.1485087,
              38.75390989999999
            ],
            [
              -9.1485424,
              38.7539724
            ],
            [
              -9.1483537,
              38.7540343
            ],
            [
              -9.1483306,
              38.753991400000004
            ],
            [
              -9.14832,
              38.753971699999994
            ],
            [
              -9.1485087,
              38.75390989999999
            ]
          ]
        ]
      }
    },
    {
      "type": "Feature",
      "properties": {
        "area_id": "EUA_1_Pro",
        "osm_uid": "cea/73",
        "osmid": "73",
        "element_type": "cea_zone",
        "building": "yes",
        "cea_name": "B1073",
        "intersection_area_m2": 175.56254732794577,
        "is_residential": true,
        "residential_source": "cea",
        "radiation_sum_kwh_year": 379638.374875,
        "radiation_sum": 379638.374875,
        "radiation_point_count": 289.0,
        "use_type1": "MULTI_RES",
        "use_type2": "NONE",
        "use_type3": "NONE",
        "resi_type": null,
        "comparison_status": "matched",
        "validation_radiation_kwh_year": 379638.374875,
        "ucea_radiation_kwh_year": 288087.9800000004,
        "workflow0_radiation_kwh_year": 290426.30999999866,
        "validation_area_m2": 175.56254732794577,
        "ucea_roofs_top_m2": 178.26,
        "err_ucea_minus_validation_kwh_year": 91550.39487499959,
        "err_ucea_abs_kwh_year": 91550.39487499959,
        "err_ucea_pct_of_validation": 24.115158248989857,
        "err_ucea_area_minus_validation_m2": 2.697452672054226,
        "err_ucea_area_pct_of_validation": 1.5364624819526356,
        "err_workflow0_minus_validation_kwh_year": 89212.06487500132,
        "err_workflow0_abs_kwh_year": 89212.06487500132,
        "err_workflow0_pct_of_validation": 23.49922209638985
      },
      "geometry": {
        "type": "Polygon",
        "coordinates": [
          [
            [
              -9.1469408,
              38.7503328
            ],
            [
              -9.1471366,
              38.7502686
            ],
            [
              -9.1471539,
              38.750263
            ],
            [
              -9.147193,
              38.75033559999999
            ],
            [
              -9.14698,
              38.7504054
            ],
            [
              -9.1469408,
              38.7503328
            ]
          ]
        ]
      }
    },
    {
      "type": "Feature",
      "properties": {
        "area_id": "EUA_1_Pro",
        "osm_uid": "cea/74",
        "osmid": "74",
        "element_type": "cea_zone",
        "building": "yes",
        "cea_name": "B1074",
        "intersection_area_m2": 209.88418712796846,
        "is_residential": true,
        "residential_source": "cea",
        "radiation_sum_kwh_year": 407601.3085625,
        "radiation_sum": 407601.3085625,
        "radiation_point_count": 345.0,
        "use_type1": "MULTI_RES",
        "use_type2": "NONE",
        "use_type3": "NONE",
        "resi_type": null,
        "comparison_status": "matched",
        "validation_radiation_kwh_year": 407601.3085625,
        "ucea_radiation_kwh_year": 355458.8699999995,
        "workflow0_radiation_kwh_year": 345875.8400000014,
        "validation_area_m2": 209.88418712796846,
        "ucea_roofs_top_m2": 211.72,
        "err_ucea_minus_validation_kwh_year": 52142.43856250052,
        "err_ucea_abs_kwh_year": 52142.43856250052,
        "err_ucea_pct_of_validation": 12.79251009924204,
        "err_ucea_area_minus_validation_m2": 1.8358128720315392,
        "err_ucea_area_pct_of_validation": 0.8746789823247743,
        "err_workflow0_minus_validation_kwh_year": 61725.46856249857,
        "err_workflow0_abs_kwh_year": 61725.46856249857,
        "err_workflow0_pct_of_validation": 15.143589401169411
      },
      "geometry": {
        "type": "Polygon",
        "coordinates": [
          [
            [
              -9.1472401,
              38.75023469999999
            ],
            [
              -9.1471539,
              38.750263
            ],
            [
              -9.1471366,
              38.7502686
            ],
            [
              -9.1470403,
              38.75008979999999
            ],
            [
              -9.147143700000003,
              38.7500559
            ],
            [
              -9.1472401,
              38.75023469999999
            ]
          ]
        ]
      }
    },
    {
      "type": "Feature",
      "properties": {
        "area_id": "EUA_1_Pro",
        "osm_uid": "cea/75",
        "osmid": "75",
        "element_type": "cea_zone",
        "building": "yes",
        "cea_name": "B1075",
        "intersection_area_m2": 123.45617746409927,
        "is_residential": true,
        "residential_source": "cea",
        "radiation_sum_kwh_year": 228267.10915625,
        "radiation_sum": 228267.10915625,
        "radiation_point_count": 203.0,
        "use_type1": "MULTI_RES",
        "use_type2": "NONE",
        "use_type3": "NONE",
        "resi_type": null,
        "comparison_status": "matched",
        "validation_radiation_kwh_year": 228267.10915625,
        "ucea_radiation_kwh_year": 213070.25000000017,
        "workflow0_radiation_kwh_year": 211444.91000000056,
        "validation_area_m2": 123.45617746409927,
        "ucea_roofs_top_m2": 124.43,
        "err_ucea_minus_validation_kwh_year": 15196.859156249819,
        "err_ucea_abs_kwh_year": 15196.859156249819,
        "err_ucea_pct_of_validation": 6.657489645539556,
        "err_ucea_area_minus_validation_m2": 0.9738225359007373,
        "err_ucea_area_pct_of_validation": 0.7888001685326133,
        "err_workflow0_minus_validation_kwh_year": 16822.199156249437,
        "err_workflow0_abs_kwh_year": 16822.199156249437,
        "err_workflow0_pct_of_validation": 7.369523896118804
      },
      "geometry": {
        "type": "Polygon",
        "coordinates": [
          [
            [
              -9.146673,
              38.7504205
            ],
            [
              -9.1465975,
              38.750280499999995
            ],
            [
              -9.1466752,
              38.75025500000001
            ],
            [
              -9.1467507,
              38.750395100000006
            ],
            [
              -9.146673,
              38.7504205
            ]
          ]
        ]
      }
    },
    {
      "type": "Feature",
      "properties": {
        "area_id": "EUA_1_Pro",
        "osm_uid": "cea/76",
        "osmid": "76",
        "element_type": "cea_zone",
        "building": "yes",
        "cea_name": "B1076",
        "intersection_area_m2": 194.27060199805737,
        "is_residential": true,
        "residential_source": "cea",
        "radiation_sum_kwh_year": 409701.58296875004,
        "radiation_sum": 409701.58296875004,
        "radiation_point_count": 322.0,
        "use_type1": "MULTI_RES",
        "use_type2": "NONE",
        "use_type3": "NONE",
        "resi_type": null,
        "comparison_status": "matched",
        "validation_radiation_kwh_year": 409701.58296875004,
        "ucea_radiation_kwh_year": 324692.46000000095,
        "workflow0_radiation_kwh_year": 324047.1699999985,
        "validation_area_m2": 194.27060199805737,
        "ucea_roofs_top_m2": 196.54,
        "err_ucea_minus_validation_kwh_year": 85009.12296874908,
        "err_ucea_abs_kwh_year": 85009.12296874908,
        "err_ucea_pct_of_validation": 20.74903454186389,
        "err_ucea_area_minus_validation_m2": 2.269398001942619,
        "err_ucea_area_pct_of_validation": 1.168163365224612,
        "err_workflow0_minus_validation_kwh_year": 85654.41296875151,
        "err_workflow0_abs_kwh_year": 85654.41296875151,
        "err_workflow0_pct_of_validation": 20.906536984331055
      },
      "geometry": {
        "type": "Polygon",
        "coordinates": [
          [
            [
              -9.1464543,
              38.7499151
            ],
            [
              -9.1462328,
              38.749979200000006
            ],
            [
              -9.146191700000001,
              38.74990439999999
            ],
            [
              -9.1464155,
              38.7498332
            ],
            [
              -9.1464543,
              38.7499151
            ]
          ]
        ]
      }
    },
    {
      "type": "Feature",
      "properties": {
        "area_id": "EUA_1_Pro",
        "osm_uid": "cea/77",
        "osmid": "77",
        "element_type": "cea_zone",
        "building": "yes",
        "cea_name": "B1077",
        "intersection_area_m2": 295.2224779187909,
        "is_residential": true,
        "residential_source": "cea",
        "radiation_sum_kwh_year": 610238.6749375,
        "radiation_sum": 610238.6749375,
        "radiation_point_count": 486.0,
        "use_type1": "MULTI_RES",
        "use_type2": "NONE",
        "use_type3": "NONE",
        "resi_type": null,
        "comparison_status": "matched",
        "validation_radiation_kwh_year": 610238.6749375,
        "ucea_radiation_kwh_year": 501930.16000000003,
        "workflow0_radiation_kwh_year": 490228.42000000086,
        "validation_area_m2": 295.2224779187909,
        "ucea_roofs_top_m2": 298.36,
        "err_ucea_minus_validation_kwh_year": 108308.5149375,
        "err_ucea_abs_kwh_year": 108308.5149375,
        "err_ucea_pct_of_validation": 17.748549770070348,
        "err_ucea_area_minus_validation_m2": 3.137522081209113,
        "err_ucea_area_pct_of_validation": 1.0627653095141945,
        "err_workflow0_minus_validation_kwh_year": 120010.25493749918,
        "err_workflow0_abs_kwh_year": 120010.25493749918,
        "err_workflow0_pct_of_validation": 19.666117515378797
      },
      "geometry": {
        "type": "Polygon",
        "coordinates": [
          [
            [
              -9.1467501,
              38.749682199999995
            ],
            [
              -9.1468575,
              38.749646999999996
            ],
            [
              -9.146988,
              38.749889299999985
            ],
            [
              -9.1468806,
              38.74992449999999
            ],
            [
              -9.1467501,
              38.749682199999995
            ]
          ]
        ]
      }
    },
    {
      "type": "Feature",
      "properties": {
        "area_id": "EUA_1_Pro",
        "osm_uid": "cea/79",
        "osmid": "79",
        "element_type": "cea_zone",
        "building": "yes",
        "cea_name": "B1079",
        "intersection_area_m2": 464.8037797366276,
        "is_residential": true,
        "residential_source": "cea",
        "radiation_sum_kwh_year": 1071025.59009375,
        "radiation_sum": 1071025.59009375,
        "radiation_point_count": 766.0,
        "use_type1": "MULTI_RES",
        "use_type2": "NONE",
        "use_type3": "NONE",
        "resi_type": null,
        "comparison_status": "matched",
        "validation_radiation_kwh_year": 1071025.59009375,
        "ucea_radiation_kwh_year": 777212.3699999994,
        "workflow0_radiation_kwh_year": 799081.2600000009,
        "validation_area_m2": 464.8037797366276,
        "ucea_roofs_top_m2": 467.76,
        "err_ucea_minus_validation_kwh_year": 293813.2200937506,
        "err_ucea_abs_kwh_year": 293813.2200937506,
        "err_ucea_pct_of_validation": 27.43288515338203,
        "err_ucea_area_minus_validation_m2": 2.9562202633724155,
        "err_ucea_area_pct_of_validation": 0.6360146780750154,
        "err_workflow0_minus_validation_kwh_year": 271944.3300937491,
        "err_workflow0_abs_kwh_year": 271944.3300937491,
        "err_workflow0_pct_of_validation": 25.391020775698276
      },
      "geometry": {
        "type": "Polygon",
        "coordinates": [
          [
            [
              -9.1458686,
              38.7505287
            ],
            [
              -9.1458384,
              38.750471
            ],
            [
              -9.1457841,
              38.75048830000001
            ],
            [
              -9.1458008,
              38.750520300000005
            ],
            [
              -9.1456555,
              38.7505666
            ],
            [
              -9.145605,
              38.75047039999999
            ],
            [
              -9.145627700000002,
              38.7504632
            ],
            [
              -9.145565,
              38.7503436
            ],
            [
              -9.1456832,
              38.7503059
            ],
            [
              -9.1457611,
              38.75045449999998
            ],
            [
              -9.145823100000001,
              38.7504347
            ],
            [
              -9.1457896,
              38.75037089999999
            ],
            [
              -9.145818,
              38.7503618
            ],
            [
              -9.1458604,
              38.750348300000006
            ],
            [
              -9.1459426,
              38.75050509999999
            ],
            [
              -9.1458819,
              38.7505244
            ],
            [
              -9.1458686,
              38.7505287
            ]
          ]
        ]
      }
    },
    {
      "type": "Feature",
      "properties": {
        "area_id": "EUA_1_Pro",
        "osm_uid": "cea/85",
        "osmid": "85",
        "element_type": "cea_zone",
        "building": "yes",
        "cea_name": "B1085",
        "intersection_area_m2": 255.2397724816858,
        "is_residential": true,
        "residential_source": "cea",
        "radiation_sum_kwh_year": 533733.1774375,
        "radiation_sum": 533733.1774375,
        "radiation_point_count": 421.0,
        "use_type1": "MULTI_RES",
        "use_type2": "NONE",
        "use_type3": "NONE",
        "resi_type": null,
        "comparison_status": "matched",
        "validation_radiation_kwh_year": 533733.1774375,
        "ucea_radiation_kwh_year": 441995.4099999998,
        "workflow0_radiation_kwh_year": 434035.71000000025,
        "validation_area_m2": 255.2397724816858,
        "ucea_roofs_top_m2": 256.12,
        "err_ucea_minus_validation_kwh_year": 91737.76743750018,
        "err_ucea_abs_kwh_year": 91737.76743750018,
        "err_ucea_pct_of_validation": 17.187945459553646,
        "err_ucea_area_minus_validation_m2": 0.8802275183142001,
        "err_ucea_area_pct_of_validation": 0.3448629928462105,
        "err_workflow0_minus_validation_kwh_year": 99697.46743749973,
        "err_workflow0_abs_kwh_year": 99697.46743749973,
        "err_workflow0_pct_of_validation": 18.67927115120631
      },
      "geometry": {
        "type": "Polygon",
        "coordinates": [
          [
            [
              -9.1474755,
              38.7506643
            ],
            [
              -9.1475886,
              38.7508728
            ],
            [
              -9.1474809,
              38.75090829999999
            ],
            [
              -9.1473678,
              38.75069979999999
            ],
            [
              -9.1474755,
              38.7506643
            ]
          ]
        ]
      }
    },
    {
      "type": "Feature",
      "properties": {
        "area_id": "EUA_1_Pro",
        "osm_uid": "cea/86",
        "osmid": "86",
        "element_type": "cea_zone",
        "building": "yes",
        "cea_name": "B1086",
        "intersection_area_m2": 226.51910467834284,
        "is_residential": true,
        "residential_source": "cea",
        "radiation_sum_kwh_year": 482360.46084375,
        "radiation_sum": 482360.46084375,
        "radiation_point_count": 373.0,
        "use_type1": "MULTI_RES",
        "use_type2": "NONE",
        "use_type3": "NONE",
        "resi_type": null,
        "comparison_status": "matched",
        "validation_radiation_kwh_year": 482360.46084375,
        "ucea_radiation_kwh_year": 391172.45000000024,
        "workflow0_radiation_kwh_year": 389888.6399999998,
        "validation_area_m2": 226.51910467834284,
        "ucea_roofs_top_m2": 227.17,
        "err_ucea_minus_validation_kwh_year": 91188.01084374974,
        "err_ucea_abs_kwh_year": 91188.01084374974,
        "err_ucea_pct_of_validation": 18.904536803087616,
        "err_ucea_area_minus_validation_m2": 0.6508953216571456,
        "err_ucea_area_pct_of_validation": 0.28734676599636794,
        "err_workflow0_minus_validation_kwh_year": 92471.8208437502,
        "err_workflow0_abs_kwh_year": 92471.8208437502,
        "err_workflow0_pct_of_validation": 19.17068838561053
      },
      "geometry": {
        "type": "Polygon",
        "coordinates": [
          [
            [
              -9.1475814,
              38.751093399999995
            ],
            [
              -9.1474809,
              38.75090829999999
            ],
            [
              -9.1475886,
              38.7508728
            ],
            [
              -9.147689,
              38.75105789999999
            ],
            [
              -9.1475814,
              38.751093399999995
            ]
          ]
        ]
      }
    },
    {
      "type": "Feature",
      "properties": {
        "area_id": "EUA_1_Pro",
        "osm_uid": "cea/87",
        "osmid": "87",
        "element_type": "cea_zone",
        "building": "yes",
        "cea_name": "B1087",
        "intersection_area_m2": 239.6522685734382,
        "is_residential": true,
        "residential_source": "cea",
        "radiation_sum_kwh_year": 505885.22665625,
        "radiation_sum": 505885.22665625,
        "radiation_point_count": 393.0,
        "use_type1": "MULTI_RES",
        "use_type2": "NONE",
        "use_type3": "NONE",
        "resi_type": null,
        "comparison_status": "matched",
        "validation_radiation_kwh_year": 505885.22665625,
        "ucea_radiation_kwh_year": 409025.27999999846,
        "workflow0_radiation_kwh_year": 408760.5999999989,
        "validation_area_m2": 239.6522685734382,
        "ucea_roofs_top_m2": 239.65,
        "err_ucea_minus_validation_kwh_year": 96859.94665625156,
        "err_ucea_abs_kwh_year": 96859.94665625156,
        "err_ucea_pct_of_validation": 19.146624877043124,
        "err_ucea_area_minus_validation_m2": 0.0022685734381866496,
        "err_ucea_area_pct_of_validation": 0.0009466104584323915,
        "err_workflow0_minus_validation_kwh_year": 97124.62665625109,
        "err_workflow0_abs_kwh_year": 97124.62665625109,
        "err_workflow0_pct_of_validation": 19.198945044949387
      },
      "geometry": {
        "type": "Polygon",
        "coordinates": [
          [
            [
              -9.1478877,
              38.7510032
            ],
            [
              -9.1477826,
              38.750810099999995
            ],
            [
              -9.1478937,
              38.75077580000001
            ],
            [
              -9.147997,
              38.75096899999999
            ],
            [
              -9.1478877,
              38.7510032
            ]
          ]
        ]
      }
    },
    {
      "type": "Feature",
      "properties": {
        "area_id": "EUA_1_Pro",
        "osm_uid": "cea/88",
        "osmid": "88",
        "element_type": "cea_zone",
        "building": "yes",
        "cea_name": "B1088",
        "intersection_area_m2": 228.34937117029048,
        "is_residential": true,
        "residential_source": "cea",
        "radiation_sum_kwh_year": 486572.18503125,
        "radiation_sum": 486572.18503125,
        "radiation_point_count": 376.0,
        "use_type1": "MULTI_RES",
        "use_type2": "NONE",
        "use_type3": "NONE",
        "resi_type": null,
        "comparison_status": "matched",
        "validation_radiation_kwh_year": 486572.18503125,
        "ucea_radiation_kwh_year": 391210.6000000003,
        "workflow0_radiation_kwh_year": 386912.2299999996,
        "validation_area_m2": 228.34937117029048,
        "ucea_roofs_top_m2": 231.32,
        "err_ucea_minus_validation_kwh_year": 95361.58503124968,
        "err_ucea_abs_kwh_year": 95361.58503124968,
        "err_ucea_pct_of_validation": 19.598651128223675,
        "err_ucea_area_minus_validation_m2": 2.9706288297095114,
        "err_ucea_area_pct_of_validation": 1.300913952372647,
        "err_workflow0_minus_validation_kwh_year": 99659.95503125043,
        "err_workflow0_abs_kwh_year": 99659.95503125043,
        "err_workflow0_pct_of_validation": 20.482049343788482
      },
      "geometry": {
        "type": "Polygon",
        "coordinates": [
          [
            [
              -9.1477903,
              38.75124449999999
            ],
            [
              -9.1476826,
              38.75128
            ],
            [
              -9.1475814,
              38.751093399999995
            ],
            [
              -9.147689,
              38.75105789999999
            ],
            [
              -9.1477903,
              38.75124449999999
            ]
          ]
        ]
      }
    },
    {
      "type": "Feature",
      "properties": {
        "area_id": "EUA_1_Pro",
        "osm_uid": "cea/89",
        "osmid": "89",
        "element_type": "cea_zone",
        "building": "yes",
        "cea_name": "B1089",
        "intersection_area_m2": 236.66895341526262,
        "is_residential": true,
        "residential_source": "cea",
        "radiation_sum_kwh_year": 513533.8045,
        "radiation_sum": 513533.8045,
        "radiation_point_count": 391.0,
        "use_type1": "MULTI_RES",
        "use_type2": "NONE",
        "use_type3": "NONE",
        "resi_type": null,
        "comparison_status": "matched",
        "validation_radiation_kwh_year": 513533.8045,
        "ucea_radiation_kwh_year": 404207.1400000021,
        "workflow0_radiation_kwh_year": 402430.0199999998,
        "validation_area_m2": 236.66895341526262,
        "ucea_roofs_top_m2": 238.08,
        "err_ucea_minus_validation_kwh_year": 109326.66449999792,
        "err_ucea_abs_kwh_year": 109326.66449999792,
        "err_ucea_pct_of_validation": 21.289088185040388,
        "err_ucea_area_minus_validation_m2": 1.4110465847373916,
        "err_ucea_area_pct_of_validation": 0.5962111060091392,
        "err_workflow0_minus_validation_kwh_year": 111103.78450000024,
        "err_workflow0_abs_kwh_year": 111103.78450000024,
        "err_workflow0_pct_of_validation": 21.635145247775064
      },
      "geometry": {
        "type": "Polygon",
        "coordinates": [
          [
            [
              -9.147988800000002,
              38.7511945
            ],
            [
              -9.1478877,
              38.7510032
            ],
            [
              -9.147997,
              38.75096899999999
            ],
            [
              -9.1480997,
              38.7511597
            ],
            [
              -9.147988800000002,
              38.7511945
            ]
          ]
        ]
      }
    },
    {
      "type": "Feature",
      "properties": {
        "area_id": "EUA_1_Pro",
        "osm_uid": "cea/90",
        "osmid": "90",
        "element_type": "cea_zone",
        "building": "yes",
        "cea_name": "B1090",
        "intersection_area_m2": 259.5526405094437,
        "is_residential": true,
        "residential_source": "cea",
        "radiation_sum_kwh_year": 490208.117640625,
        "radiation_sum": 490208.117640625,
        "radiation_point_count": 428.0,
        "use_type1": "MULTI_RES",
        "use_type2": "NONE",
        "use_type3": "NONE",
        "resi_type": null,
        "comparison_status": "matched",
        "validation_radiation_kwh_year": 490208.117640625,
        "ucea_radiation_kwh_year": 427733.2000000002,
        "workflow0_radiation_kwh_year": 423337.96999999956,
        "validation_area_m2": 259.5526405094437,
        "ucea_roofs_top_m2": 260.69,
        "err_ucea_minus_validation_kwh_year": 62474.9176406248,
        "err_ucea_abs_kwh_year": 62474.9176406248,
        "err_ucea_pct_of_validation": 12.74457019221081,
        "err_ucea_area_minus_validation_m2": 1.137359490556321,
        "err_ucea_area_pct_of_validation": 0.4381999305897791,
        "err_workflow0_minus_validation_kwh_year": 66870.14764062542,
        "err_workflow0_abs_kwh_year": 66870.14764062542,
        "err_workflow0_pct_of_validation": 13.641175091606378
      },
      "geometry": {
        "type": "Polygon",
        "coordinates": [
          [
            [
              -9.1481066,
              38.75115809999999
            ],
            [
              -9.1482131,
              38.75135389999999
            ],
            [
              -9.1480974,
              38.751391299999995
            ],
            [
              -9.147988800000002,
              38.7511945
            ],
            [
              -9.1480997,
              38.7511597
            ],
            [
              -9.1481066,
              38.75115809999999
            ]
          ]
        ]
      }
    },
    {
      "type": "Feature",
      "properties": {
        "area_id": "EUA_1_Pro",
        "osm_uid": "cea/91",
        "osmid": "91",
        "element_type": "cea_zone",
        "building": "yes",
        "cea_name": "B1091",
        "intersection_area_m2": 212.50050926076128,
        "is_residential": true,
        "residential_source": "cea",
        "radiation_sum_kwh_year": 454332.82478125003,
        "radiation_sum": 454332.82478125003,
        "radiation_point_count": 349.0,
        "use_type1": "MULTI_RES",
        "use_type2": "NONE",
        "use_type3": "NONE",
        "resi_type": null,
        "comparison_status": "matched",
        "validation_radiation_kwh_year": 454332.82478125003,
        "ucea_radiation_kwh_year": 367973.09000000084,
        "workflow0_radiation_kwh_year": 365221.6700000002,
        "validation_area_m2": 212.50050926076128,
        "ucea_roofs_top_m2": 214.07,
        "err_ucea_minus_validation_kwh_year": 86359.7347812492,
        "err_ucea_abs_kwh_year": 86359.7347812492,
        "err_ucea_pct_of_validation": 19.008033333895533,
        "err_ucea_area_minus_validation_m2": 1.5694907392387165,
        "err_ucea_area_pct_of_validation": 0.738582107261108,
        "err_workflow0_minus_validation_kwh_year": 89111.15478124982,
        "err_workflow0_abs_kwh_year": 89111.15478124982,
        "err_workflow0_pct_of_validation": 19.613629022766432
      },
      "geometry": {
        "type": "Polygon",
        "coordinates": [
          [
            [
              -9.1481067,
              38.7520746
            ],
            [
              -9.1482228,
              38.75203690000001
            ],
            [
              -9.1483091,
              38.752198699999994
            ],
            [
              -9.148193,
              38.7522364
            ],
            [
              -9.1481067,
              38.7520746
            ]
          ]
        ]
      }
    },
    {
      "type": "Feature",
      "properties": {
        "area_id": "EUA_1_Pro",
        "osm_uid": "cea/92",
        "osmid": "92",
        "element_type": "cea_zone",
        "building": "yes",
        "cea_name": "B1092",
        "intersection_area_m2": 198.9995682565251,
        "is_residential": true,
        "residential_source": "cea",
        "radiation_sum_kwh_year": 425120.37759375,
        "radiation_sum": 425120.37759375,
        "radiation_point_count": 328.0,
        "use_type1": "MULTI_RES",
        "use_type2": "NONE",
        "use_type3": "NONE",
        "resi_type": null,
        "comparison_status": "matched",
        "validation_radiation_kwh_year": 425120.37759375,
        "ucea_radiation_kwh_year": 336452.89000000054,
        "workflow0_radiation_kwh_year": 332334.0899999991,
        "validation_area_m2": 198.9995682565251,
        "ucea_roofs_top_m2": 202.51,
        "err_ucea_minus_validation_kwh_year": 88667.48759374948,
        "err_ucea_abs_kwh_year": 88667.48759374948,
        "err_ucea_pct_of_validation": 20.85703068284371,
        "err_ucea_area_minus_validation_m2": 3.5104317434748964,
        "err_ucea_area_pct_of_validation": 1.7640398791969696,
        "err_workflow0_minus_validation_kwh_year": 92786.28759375092,
        "err_workflow0_abs_kwh_year": 92786.28759375092,
        "err_workflow0_pct_of_validation": 21.825885674767296
      },
      "geometry": {
        "type": "Polygon",
        "coordinates": [
          [
            [
              -9.1483918,
              38.751973099999994
            ],
            [
              -9.1484986,
              38.75193809999999
            ],
            [
              -9.1485871,
              38.7521024
            ],
            [
              -9.1484804,
              38.752137399999995
            ],
            [
              -9.1483918,
              38.751973099999994
            ]
          ]
        ]
      }
    },
    {
      "type": "Feature",
      "properties": {
        "area_id": "EUA_1_Pro",
        "osm_uid": "cea/93",
        "osmid": "93",
        "element_type": "cea_zone",
        "building": "yes",
        "cea_name": "B1093",
        "intersection_area_m2": 231.52243218395148,
        "is_residential": true,
        "residential_source": "cea",
        "radiation_sum_kwh_year": 494740.905765625,
        "radiation_sum": 494740.905765625,
        "radiation_point_count": 381.0,
        "use_type1": "MULTI_RES",
        "use_type2": "NONE",
        "use_type3": "NONE",
        "resi_type": null,
        "comparison_status": "matched",
        "validation_radiation_kwh_year": 494740.905765625,
        "ucea_radiation_kwh_year": 378545.73999999947,
        "workflow0_radiation_kwh_year": 389067.16999999987,
        "validation_area_m2": 231.52243218395148,
        "ucea_roofs_top_m2": 232.8,
        "err_ucea_minus_validation_kwh_year": 116195.16576562554,
        "err_ucea_abs_kwh_year": 116195.16576562554,
        "err_ucea_pct_of_validation": 23.486064000673316,
        "err_ucea_area_minus_validation_m2": 1.2775678160485313,
        "err_ucea_area_pct_of_validation": 0.5518116771654616,
        "err_workflow0_minus_validation_kwh_year": 105673.73576562514,
        "err_workflow0_abs_kwh_year": 105673.73576562514,
        "err_workflow0_pct_of_validation": 21.35940944727264
      },
      "geometry": {
        "type": "Polygon",
        "coordinates": [
          [
            [
              -9.148287,
              38.75241259999999
            ],
            [
              -9.148193,
              38.7522364
            ],
            [
              -9.1483091,
              38.752198699999994
            ],
            [
              -9.1484032,
              38.75237489999999
            ],
            [
              -9.148287,
              38.75241259999999
            ]
          ]
        ]
      }
    },
    {
      "type": "Feature",
      "properties": {
        "area_id": "EUA_1_Pro",
        "osm_uid": "cea/94",
        "osmid": "94",
        "element_type": "cea_zone",
        "building": "yes",
        "cea_name": "B1094",
        "intersection_area_m2": 218.78038222249367,
        "is_residential": true,
        "residential_source": "cea",
        "radiation_sum_kwh_year": 502089.816375,
        "radiation_sum": 502089.816375,
        "radiation_point_count": 360.0,
        "use_type1": "MULTI_RES",
        "use_type2": "NONE",
        "use_type3": "NONE",
        "resi_type": null,
        "comparison_status": "matched",
        "validation_radiation_kwh_year": 502089.816375,
        "ucea_radiation_kwh_year": 365506.03000000044,
        "workflow0_radiation_kwh_year": 341743.5200000008,
        "validation_area_m2": 218.78038222249367,
        "ucea_roofs_top_m2": 219.95,
        "err_ucea_minus_validation_kwh_year": 136583.78637499956,
        "err_ucea_abs_kwh_year": 136583.78637499956,
        "err_ucea_pct_of_validation": 27.20305848087309,
        "err_ucea_area_minus_validation_m2": 1.1696177775063177,
        "err_ucea_area_pct_of_validation": 0.5346081607613467,
        "err_workflow0_minus_validation_kwh_year": 160346.29637499922,
        "err_workflow0_abs_kwh_year": 160346.29637499922,
        "err_workflow0_pct_of_validation": 31.935779445333353
      },
      "geometry": {
        "type": "Polygon",
        "coordinates": [
          [
            [
              -9.1485778,
              38.752318
            ],
            [
              -9.1484804,
              38.752137399999995
            ],
            [
              -9.1485871,
              38.7521024
            ],
            [
              -9.1486846,
              38.752283
            ],
            [
              -9.1485778,
              38.752318
            ]
          ]
        ]
      }
    },
    {
      "type": "Feature",
      "properties": {
        "area_id": "EUA_1_Pro",
        "osm_uid": "cea/95",
        "osmid": "95",
        "element_type": "cea_zone",
        "building": "yes",
        "cea_name": "B1095",
        "intersection_area_m2": 225.0414054966589,
        "is_residential": true,
        "residential_source": "cea",
        "radiation_sum_kwh_year": 480000.2721875,
        "radiation_sum": 480000.2721875,
        "radiation_point_count": 372.0,
        "use_type1": "MULTI_RES",
        "use_type2": "NONE",
        "use_type3": "NONE",
        "resi_type": null,
        "comparison_status": "matched",
        "validation_radiation_kwh_year": 480000.2721875,
        "ucea_radiation_kwh_year": 373751.5200000004,
        "workflow0_radiation_kwh_year": 383653.14000000025,
        "validation_area_m2": 225.0414054966589,
        "ucea_roofs_top_m2": 226.59,
        "err_ucea_minus_validation_kwh_year": 106248.7521874996,
        "err_ucea_abs_kwh_year": 106248.7521874996,
        "err_ucea_pct_of_validation": 22.135144153834187,
        "err_ucea_area_minus_validation_m2": 1.5485945033410928,
        "err_ucea_area_pct_of_validation": 0.6881375895797469,
        "err_workflow0_minus_validation_kwh_year": 96347.13218749978,
        "err_workflow0_abs_kwh_year": 96347.13218749978,
        "err_workflow0_pct_of_validation": 20.07230782358061
      },
      "geometry": {
        "type": "Polygon",
        "coordinates": [
          [
            [
              -9.1483784,
              38.752583800000004
            ],
            [
              -9.148287,
              38.75241259999999
            ],
            [
              -9.1484032,
              38.75237489999999
            ],
            [
              -9.1484946,
              38.7525461
            ],
            [
              -9.1483784,
              38.752583800000004
            ]
          ]
        ]
      }
    },
    {
      "type": "Feature",
      "properties": {
        "area_id": "EUA_1_Pro",
        "osm_uid": "cea/96",
        "osmid": "96",
        "element_type": "cea_zone",
        "building": "yes",
        "cea_name": "B1096",
        "intersection_area_m2": 218.95301297106866,
        "is_residential": true,
        "residential_source": "cea",
        "radiation_sum_kwh_year": 508592.4428125,
        "radiation_sum": 508592.4428125,
        "radiation_point_count": 361.0,
        "use_type1": "MULTI_RES",
        "use_type2": "NONE",
        "use_type3": "NONE",
        "resi_type": null,
        "comparison_status": "matched",
        "validation_radiation_kwh_year": 508592.4428125,
        "ucea_radiation_kwh_year": 361309.1299999998,
        "workflow0_radiation_kwh_year": 361069.2200000008,
        "validation_area_m2": 218.95301297106866,
        "ucea_roofs_top_m2": 220.12,
        "err_ucea_minus_validation_kwh_year": 147283.31281250023,
        "err_ucea_abs_kwh_year": 147283.31281250023,
        "err_ucea_pct_of_validation": 28.95900536744671,
        "err_ucea_area_minus_validation_m2": 1.166987028931345,
        "err_ucea_area_pct_of_validation": 0.5329851428377215,
        "err_workflow0_minus_validation_kwh_year": 147523.2228124992,
        "err_workflow0_abs_kwh_year": 147523.2228124992,
        "err_workflow0_pct_of_validation": 29.006176732925976
      },
      "geometry": {
        "type": "Polygon",
        "coordinates": [
          [
            [
              -9.1486752,
              38.7524987
            ],
            [
              -9.1485778,
              38.752318
            ],
            [
              -9.1486846,
              38.752283
            ],
            [
              -9.148782,
              38.75246370000001
            ],
            [
              -9.1486752,
              38.7524987
            ]
          ]
        ]
      }
    },
    {
      "type": "Feature",
      "properties": {
        "area_id": "EUA_1_Pro",
        "osm_uid": "cea/97",
        "osmid": "97",
        "element_type": "cea_zone",
        "building": "yes",
        "cea_name": "B1097",
        "intersection_area_m2": 228.10057563581836,
        "is_residential": true,
        "residential_source": "cea",
        "radiation_sum_kwh_year": 479679.00865625,
        "radiation_sum": 479679.00865625,
        "radiation_point_count": 376.0,
        "use_type1": "MULTI_RES",
        "use_type2": "NONE",
        "use_type3": "NONE",
        "resi_type": null,
        "comparison_status": "matched",
        "validation_radiation_kwh_year": 479679.00865625,
        "ucea_radiation_kwh_year": 366946.7199999997,
        "workflow0_radiation_kwh_year": 385815.82,
        "validation_area_m2": 228.10057563581836,
        "ucea_roofs_top_m2": 229.22,
        "err_ucea_minus_validation_kwh_year": 112732.28865625034,
        "err_ucea_abs_kwh_year": 112732.28865625034,
        "err_ucea_pct_of_validation": 23.501609747746354,
        "err_ucea_area_minus_validation_m2": 1.11942436418164,
        "err_ucea_area_pct_of_validation": 0.4907591140711957,
        "err_workflow0_minus_validation_kwh_year": 93863.18865625001,
        "err_workflow0_abs_kwh_year": 93863.18865625001,
        "err_workflow0_pct_of_validation": 19.567916661434463
      },
      "geometry": {
        "type": "Polygon",
        "coordinates": [
          [
            [
              -9.1484711,
              38.7527574
            ],
            [
              -9.1483784,
              38.752583800000004
            ],
            [
              -9.1484946,
              38.7525461
            ],
            [
              -9.1485872,
              38.75271969999999
            ],
            [
              -9.1484711,
              38.7527574
            ]
          ]
        ]
      }
    },
    {
      "type": "Feature",
      "properties": {
        "area_id": "EUA_1_Pro",
        "osm_uid": "cea/98",
        "osmid": "98",
        "element_type": "cea_zone",
        "building": "yes",
        "cea_name": "B1098",
        "intersection_area_m2": 202.0044162388469,
        "is_residential": true,
        "residential_source": "cea",
        "radiation_sum_kwh_year": 458935.75946875004,
        "radiation_sum": 458935.75946875004,
        "radiation_point_count": 333.0,
        "use_type1": "MULTI_RES",
        "use_type2": "NONE",
        "use_type3": "NONE",
        "resi_type": null,
        "comparison_status": "matched",
        "validation_radiation_kwh_year": 458935.75946875004,
        "ucea_radiation_kwh_year": 331271.36999999953,
        "workflow0_radiation_kwh_year": 330892.89000000193,
        "validation_area_m2": 202.0044162388469,
        "ucea_roofs_top_m2": 202.96,
        "err_ucea_minus_validation_kwh_year": 127664.38946875051,
        "err_ucea_abs_kwh_year": 127664.38946875051,
        "err_ucea_pct_of_validation": 27.817485744961534,
        "err_ucea_area_minus_validation_m2": 0.9555837611531217,
        "err_ucea_area_pct_of_validation": 0.4730509257892928,
        "err_workflow0_minus_validation_kwh_year": 128042.8694687481,
        "err_workflow0_abs_kwh_year": 128042.8694687481,
        "err_workflow0_pct_of_validation": 27.8999548034711
      },
      "geometry": {
        "type": "Polygon",
        "coordinates": [
          [
            [
              -9.1487651,
              38.752665400000005
            ],
            [
              -9.1486752,
              38.7524987
            ],
            [
              -9.148782,
              38.75246370000001
            ],
            [
              -9.1488719,
              38.752630399999994
            ],
            [
              -9.1487651,
              38.752665400000005
            ]
          ]
        ]
      }
    },
    {
      "type": "Feature",
      "properties": {
        "area_id": "EUA_1_Pro",
        "osm_uid": "cea/99",
        "osmid": "99",
        "element_type": "cea_zone",
        "building": "yes",
        "cea_name": "B1099",
        "intersection_area_m2": 252.26921306743066,
        "is_residential": true,
        "residential_source": "cea",
        "radiation_sum_kwh_year": 525984.14640625,
        "radiation_sum": 525984.14640625,
        "radiation_point_count": 417.0,
        "use_type1": "MULTI_RES",
        "use_type2": "NONE",
        "use_type3": "NONE",
        "resi_type": null,
        "comparison_status": "matched",
        "validation_radiation_kwh_year": 525984.14640625,
        "ucea_radiation_kwh_year": 417148.4499999999,
        "workflow0_radiation_kwh_year": 426815.9299999994,
        "validation_area_m2": 252.26921306743066,
        "ucea_roofs_top_m2": 254.86,
        "err_ucea_minus_validation_kwh_year": 108835.69640625006,
        "err_ucea_abs_kwh_year": 108835.69640625006,
        "err_ucea_pct_of_validation": 20.691820685064823,
        "err_ucea_area_minus_validation_m2": 2.590786932569358,
        "err_ucea_area_pct_of_validation": 1.0269929101007067,
        "err_workflow0_minus_validation_kwh_year": 99168.21640625055,
        "err_workflow0_abs_kwh_year": 99168.21640625055,
        "err_workflow0_pct_of_validation": 18.853841334156265
      },
      "geometry": {
        "type": "Polygon",
        "coordinates": [
          [
            [
              -9.1485872,
              38.75271969999999
            ],
            [
              -9.1486897,
              38.7529117
            ],
            [
              -9.1485735,
              38.75294939999999
            ],
            [
              -9.1484711,
              38.7527574
            ],
            [
              -9.1485872,
              38.75271969999999
            ]
          ]
        ]
      }
    },
    {
      "type": "Feature",
      "properties": {
        "area_id": "EUA_1_Pro",
        "osm_uid": "cea/100",
        "osmid": "100",
        "element_type": "cea_zone",
        "building": "yes",
        "cea_name": "B1100",
        "intersection_area_m2": 229.29124711328245,
        "is_residential": true,
        "residential_source": "cea",
        "radiation_sum_kwh_year": 516358.172625,
        "radiation_sum": 516358.172625,
        "radiation_point_count": 377.0,
        "use_type1": "MULTI_RES",
        "use_type2": "NONE",
        "use_type3": "NONE",
        "resi_type": null,
        "comparison_status": "matched",
        "validation_radiation_kwh_year": 516358.172625,
        "ucea_radiation_kwh_year": 378391.4100000003,
        "workflow0_radiation_kwh_year": 377272.1799999995,
        "validation_area_m2": 229.29124711328245,
        "ucea_roofs_top_m2": 231.98,
        "err_ucea_minus_validation_kwh_year": 137966.76262499968,
        "err_ucea_abs_kwh_year": 137966.76262499968,
        "err_ucea_pct_of_validation": 26.719198017845002,
        "err_ucea_area_minus_validation_m2": 2.6887528867175376,
        "err_ucea_area_pct_of_validation": 1.1726365138522477,
        "err_workflow0_minus_validation_kwh_year": 139085.99262500048,
        "err_workflow0_abs_kwh_year": 139085.99262500048,
        "err_workflow0_pct_of_validation": 26.93595260009766
      },
      "geometry": {
        "type": "Polygon",
        "coordinates": [
          [
            [
              -9.1488719,
              38.752630399999994
            ],
            [
              -9.148974000000003,
              38.752819599999995
            ],
            [
              -9.1488672,
              38.75285459999999
            ],
            [
              -9.1487651,
              38.752665400000005
            ],
            [
              -9.1488719,
              38.752630399999994
            ]
          ]
        ]
      }
    },
    {
      "type": "Feature",
      "properties": {
        "area_id": "EUA_1_Pro",
        "osm_uid": "cea/101",
        "osmid": "101",
        "element_type": "cea_zone",
        "building": "yes",
        "cea_name": "B1101",
        "intersection_area_m2": 182.37776185766984,
        "is_residential": true,
        "residential_source": "cea",
        "radiation_sum_kwh_year": 377544.4115,
        "radiation_sum": 377544.4115,
        "radiation_point_count": 301.0,
        "use_type1": "MULTI_RES",
        "use_type2": "NONE",
        "use_type3": "NONE",
        "resi_type": null,
        "comparison_status": "matched",
        "validation_radiation_kwh_year": 377544.4115,
        "ucea_radiation_kwh_year": 312353.72000000114,
        "workflow0_radiation_kwh_year": 310862.3399999989,
        "validation_area_m2": 182.37776185766984,
        "ucea_roofs_top_m2": 185.8,
        "err_ucea_minus_validation_kwh_year": 65190.69149999885,
        "err_ucea_abs_kwh_year": 65190.69149999885,
        "err_ucea_pct_of_validation": 17.267025948283397,
        "err_ucea_area_minus_validation_m2": 3.4222381423301726,
        "err_ucea_area_pct_of_validation": 1.8764558285351345,
        "err_workflow0_minus_validation_kwh_year": 66682.07150000107,
        "err_workflow0_abs_kwh_year": 66682.07150000107,
        "err_workflow0_pct_of_validation": 17.662047025161982
      },
      "geometry": {
        "type": "Polygon",
        "coordinates": [
          [
            [
              -9.1487086,
              38.753194699999995
            ],
            [
              -9.1488215,
              38.753157900000005
            ],
            [
              -9.148898000000003,
              38.7533005
            ],
            [
              -9.1487851,
              38.75333729999999
            ],
            [
              -9.1487086,
              38.753194699999995
            ]
          ]
        ]
      }
    },
    {
      "type": "Feature",
      "properties": {
        "area_id": "EUA_1_Pro",
        "osm_uid": "cea/102",
        "osmid": "102",
        "element_type": "cea_zone",
        "building": "yes",
        "cea_name": "B1102",
        "intersection_area_m2": 230.8582433570467,
        "is_residential": true,
        "residential_source": "cea",
        "radiation_sum_kwh_year": 525665.94009375,
        "radiation_sum": 525665.94009375,
        "radiation_point_count": 382.0,
        "use_type1": "MULTI_RES",
        "use_type2": "NONE",
        "use_type3": "NONE",
        "resi_type": null,
        "comparison_status": "matched",
        "validation_radiation_kwh_year": 525665.94009375,
        "ucea_radiation_kwh_year": 359145.3000000011,
        "workflow0_radiation_kwh_year": 359911.8199999996,
        "validation_area_m2": 230.8582433570467,
        "ucea_roofs_top_m2": 232.79,
        "err_ucea_minus_validation_kwh_year": 166520.64009374892,
        "err_ucea_abs_kwh_year": 166520.64009374892,
        "err_ucea_pct_of_validation": 31.67803492538451,
        "err_ucea_area_minus_validation_m2": 1.931756642953303,
        "err_ucea_area_pct_of_validation": 0.8367717846512577,
        "err_workflow0_minus_validation_kwh_year": 165754.12009375042,
        "err_workflow0_abs_kwh_year": 165754.12009375042,
        "err_workflow0_pct_of_validation": 31.53221608084194
      },
      "geometry": {
        "type": "Polygon",
        "coordinates": [
          [
            [
              -9.1492139,
              38.7531479
            ],
            [
              -9.1491127,
              38.7531811
            ],
            [
              -9.1490043,
              38.752980099999995
            ],
            [
              -9.149052,
              38.7529644
            ],
            [
              -9.1491055,
              38.75294689999999
            ],
            [
              -9.1492139,
              38.7531479
            ]
          ]
        ]
      }
    },
    {
      "type": "Feature",
      "properties": {
        "area_id": "EUA_1_Pro",
        "osm_uid": "cea/103",
        "osmid": "103",
        "element_type": "cea_zone",
        "building": "yes",
        "cea_name": "B1103",
        "intersection_area_m2": 189.9355324422919,
        "is_residential": true,
        "residential_source": "cea",
        "radiation_sum_kwh_year": 381597.49453125003,
        "radiation_sum": 381597.49453125003,
        "radiation_point_count": 313.0,
        "use_type1": "MULTI_RES",
        "use_type2": "NONE",
        "use_type3": "NONE",
        "resi_type": null,
        "comparison_status": "matched",
        "validation_radiation_kwh_year": 381597.49453125003,
        "ucea_radiation_kwh_year": 325126.2999999996,
        "workflow0_radiation_kwh_year": 324190.18999999977,
        "validation_area_m2": 189.9355324422919,
        "ucea_roofs_top_m2": 192.3,
        "err_ucea_minus_validation_kwh_year": 56471.194531250454,
        "err_ucea_abs_kwh_year": 56471.194531250454,
        "err_ucea_pct_of_validation": 14.798628224909868,
        "err_ucea_area_minus_validation_m2": 2.3644675577081102,
        "err_ucea_area_pct_of_validation": 1.2448790004190007,
        "err_workflow0_minus_validation_kwh_year": 57407.304531250265,
        "err_workflow0_abs_kwh_year": 57407.304531250265,
        "err_workflow0_pct_of_validation": 15.043941680426581
      },
      "geometry": {
        "type": "Polygon",
        "coordinates": [
          [
            [
              -9.148898000000003,
              38.7533005
            ],
            [
              -9.1489777,
              38.753449
            ],
            [
              -9.1488648,
              38.75348579999999
            ],
            [
              -9.1487851,
              38.75333729999999
            ],
            [
              -9.148898000000003,
              38.7533005
            ]
          ]
        ]
      }
    },
    {
      "type": "Feature",
      "properties": {
        "area_id": "EUA_1_Pro",
        "osm_uid": "cea/104",
        "osmid": "104",
        "element_type": "cea_zone",
        "building": "yes",
        "cea_name": "B1104",
        "intersection_area_m2": 270.8078188346374,
        "is_residential": true,
        "residential_source": "cea",
        "radiation_sum_kwh_year": 573449.410859375,
        "radiation_sum": 573449.410859375,
        "radiation_point_count": 446.0,
        "use_type1": "MULTI_RES",
        "use_type2": "NONE",
        "use_type3": "NONE",
        "resi_type": null,
        "comparison_status": "matched",
        "validation_radiation_kwh_year": 573449.410859375,
        "ucea_radiation_kwh_year": 438069.8100000007,
        "workflow0_radiation_kwh_year": 438703.5099999998,
        "validation_area_m2": 270.8078188346374,
        "ucea_roofs_top_m2": 272.81,
        "err_ucea_minus_validation_kwh_year": 135379.60085937433,
        "err_ucea_abs_kwh_year": 135379.60085937433,
        "err_ucea_pct_of_validation": 23.607941397392594,
        "err_ucea_area_minus_validation_m2": 2.0021811653626287,
        "err_ucea_area_pct_of_validation": 0.7393365427846879,
        "err_workflow0_minus_validation_kwh_year": 134745.90085937525,
        "err_workflow0_abs_kwh_year": 134745.90085937525,
        "err_workflow0_pct_of_validation": 23.497434700899625
      },
      "geometry": {
        "type": "Polygon",
        "coordinates": [
          [
            [
              -9.1492139,
              38.7531479
            ],
            [
              -9.1493411,
              38.7533837
            ],
            [
              -9.1492399,
              38.7534169
            ],
            [
              -9.1491127,
              38.7531811
            ],
            [
              -9.1492139,
              38.7531479
            ]
          ]
        ]
      }
    },
    {
      "type": "Feature",
      "properties": {
        "area_id": "EUA_1_Pro",
        "osm_uid": "cea/105",
        "osmid": "105",
        "element_type": "cea_zone",
        "building": "yes",
        "cea_name": "B1105",
        "intersection_area_m2": 182.02623338301825,
        "is_residential": true,
        "residential_source": "cea",
        "radiation_sum_kwh_year": 414822.39353125,
        "radiation_sum": 414822.39353125,
        "radiation_point_count": 299.0,
        "use_type1": "MULTI_RES",
        "use_type2": "NONE",
        "use_type3": "NONE",
        "resi_type": null,
        "comparison_status": "matched",
        "validation_radiation_kwh_year": 414822.39353125,
        "ucea_radiation_kwh_year": 308491.0600000007,
        "workflow0_radiation_kwh_year": 307722.18999999977,
        "validation_area_m2": 182.02623338301825,
        "ucea_roofs_top_m2": 184.54,
        "err_ucea_minus_validation_kwh_year": 106331.33353124931,
        "err_ucea_abs_kwh_year": 106331.33353124931,
        "err_ucea_pct_of_validation": 25.63297815869697,
        "err_ucea_area_minus_validation_m2": 2.5137666169817408,
        "err_ucea_area_pct_of_validation": 1.3809913935274876,
        "err_workflow0_minus_validation_kwh_year": 107100.20353125024,
        "err_workflow0_abs_kwh_year": 107100.20353125024,
        "err_workflow0_pct_of_validation": 25.818327361630732
      },
      "geometry": {
        "type": "Polygon",
        "coordinates": [
          [
            [
              -9.1490069,
              38.7537253
            ],
            [
              -9.1491207,
              38.75368879999999
            ],
            [
              -9.1491955,
              38.753830699999995
            ],
            [
              -9.1490817,
              38.7538672
            ],
            [
              -9.1490069,
              38.7537253
            ]
          ]
        ]
      }
    },
    {
      "type": "Feature",
      "properties": {
        "area_id": "EUA_1_Pro",
        "osm_uid": "cea/106",
        "osmid": "106",
        "element_type": "cea_zone",
        "building": "yes",
        "cea_name": "B1106",
        "intersection_area_m2": 161.54929316011675,
        "is_residential": true,
        "residential_source": "cea",
        "radiation_sum_kwh_year": 344803.76340625,
        "radiation_sum": 344803.76340625,
        "radiation_point_count": 266.0,
        "use_type1": "MULTI_RES",
        "use_type2": "NONE",
        "use_type3": "NONE",
        "resi_type": null,
        "comparison_status": "matched",
        "validation_radiation_kwh_year": 344803.76340625,
        "ucea_radiation_kwh_year": 258627.14999999944,
        "workflow0_radiation_kwh_year": 258300.07000000036,
        "validation_area_m2": 161.54929316011675,
        "ucea_roofs_top_m2": 162.34,
        "err_ucea_minus_validation_kwh_year": 86176.61340625054,
        "err_ucea_abs_kwh_year": 86176.61340625054,
        "err_ucea_pct_of_validation": 24.992944553426092,
        "err_ucea_area_minus_validation_m2": 0.7907068398832564,
        "err_ucea_area_pct_of_validation": 0.4894523673957281,
        "err_workflow0_minus_validation_kwh_year": 86503.69340624963,
        "err_workflow0_abs_kwh_year": 86503.69340624963,
        "err_workflow0_pct_of_validation": 25.087804306918315
      },
      "geometry": {
        "type": "Polygon",
        "coordinates": [
          [
            [
              -9.1493667,
              38.75377040000001
            ],
            [
              -9.1492926,
              38.753633
            ],
            [
              -9.1493468,
              38.753615200000006
            ],
            [
              -9.1493962,
              38.753599
            ],
            [
              -9.1494703,
              38.7537364
            ],
            [
              -9.1493667,
              38.75377040000001
            ]
          ]
        ]
      }
    },
    {
      "type": "Feature",
      "properties": {
        "area_id": "EUA_1_Pro",
        "osm_uid": "cea/107",
        "osmid": "107",
        "element_type": "cea_zone",
        "building": "yes",
        "cea_name": "B1107",
        "intersection_area_m2": 228.00089313279236,
        "is_residential": true,
        "residential_source": "cea",
        "radiation_sum_kwh_year": 499807.21021875,
        "radiation_sum": 499807.21021875,
        "radiation_point_count": 377.0,
        "use_type1": "MULTI_RES",
        "use_type2": "NONE",
        "use_type3": "NONE",
        "resi_type": null,
        "comparison_status": "matched",
        "validation_radiation_kwh_year": 499807.21021875,
        "ucea_radiation_kwh_year": 385527.7600000005,
        "workflow0_radiation_kwh_year": 385337.69000000035,
        "validation_area_m2": 228.00089313279236,
        "ucea_roofs_top_m2": 230.34,
        "err_ucea_minus_validation_kwh_year": 114279.45021874952,
        "err_ucea_abs_kwh_year": 114279.45021874952,
        "err_ucea_pct_of_validation": 22.864706207165955,
        "err_ucea_area_minus_validation_m2": 2.339106867207647,
        "err_ucea_area_pct_of_validation": 1.0259200457803925,
        "err_workflow0_minus_validation_kwh_year": 114469.52021874965,
        "err_workflow0_abs_kwh_year": 114469.52021874965,
        "err_workflow0_pct_of_validation": 22.90273487024125
      },
      "geometry": {
        "type": "Polygon",
        "coordinates": [
          [
            [
              -9.1491755,
              38.754045
            ],
            [
              -9.1490817,
              38.7538672
            ],
            [
              -9.1491955,
              38.753830699999995
            ],
            [
              -9.1492892,
              38.75400849999999
            ],
            [
              -9.1491755,
              38.754045
            ]
          ]
        ]
      }
    },
    {
      "type": "Feature",
      "properties": {
        "area_id": "EUA_1_Pro",
        "osm_uid": "cea/108",
        "osmid": "108",
        "element_type": "cea_zone",
        "building": "yes",
        "cea_name": "B1108",
        "intersection_area_m2": 214.3274098047559,
        "is_residential": true,
        "residential_source": "cea",
        "radiation_sum_kwh_year": 437326.23128125,
        "radiation_sum": 437326.23128125,
        "radiation_point_count": 353.0,
        "use_type1": "MULTI_RES",
        "use_type2": "NONE",
        "use_type3": "NONE",
        "resi_type": null,
        "comparison_status": "matched",
        "validation_radiation_kwh_year": 437326.23128125,
        "ucea_radiation_kwh_year": 326802.32999999856,
        "workflow0_radiation_kwh_year": 315429.36000000004,
        "validation_area_m2": 214.3274098047559,
        "ucea_roofs_top_m2": 217.69,
        "err_ucea_minus_validation_kwh_year": 110523.90128125146,
        "err_ucea_abs_kwh_year": 110523.90128125146,
        "err_ucea_pct_of_validation": 25.272643938472587,
        "err_ucea_area_minus_validation_m2": 3.3625901952441097,
        "err_ucea_area_pct_of_validation": 1.5689034819705523,
        "err_workflow0_minus_validation_kwh_year": 121896.87128124997,
        "err_workflow0_abs_kwh_year": 121896.87128124997,
        "err_workflow0_pct_of_validation": 27.87321284710602
      },
      "geometry": {
        "type": "Polygon",
        "coordinates": [
          [
            [
              -9.149465,
              38.75395269999999
            ],
            [
              -9.1493667,
              38.75377040000001
            ],
            [
              -9.1494703,
              38.7537364
            ],
            [
              -9.1495686,
              38.75391870000001
            ],
            [
              -9.149465,
              38.75395269999999
            ]
          ]
        ]
      }
    },
    {
      "type": "Feature",
      "properties": {
        "area_id": "EUA_1_Pro",
        "osm_uid": "cea/109",
        "osmid": "109",
        "element_type": "cea_zone",
        "building": "yes",
        "cea_name": "B1109",
        "intersection_area_m2": 217.127566230635,
        "is_residential": true,
        "residential_source": "cea",
        "radiation_sum_kwh_year": 446134.701671875,
        "radiation_sum": 446134.701671875,
        "radiation_point_count": 359.0,
        "use_type1": "MULTI_RES",
        "use_type2": "NONE",
        "use_type3": "NONE",
        "resi_type": null,
        "comparison_status": "matched",
        "validation_radiation_kwh_year": 446134.701671875,
        "ucea_radiation_kwh_year": 372113.70000000007,
        "workflow0_radiation_kwh_year": 360601.9599999996,
        "validation_area_m2": 217.127566230635,
        "ucea_roofs_top_m2": 219.69,
        "err_ucea_minus_validation_kwh_year": 74021.00167187495,
        "err_ucea_abs_kwh_year": 74021.00167187495,
        "err_ucea_pct_of_validation": 16.5916261152705,
        "err_ucea_area_minus_validation_m2": 2.5624337693649863,
        "err_ucea_area_pct_of_validation": 1.1801512879498426,
        "err_workflow0_minus_validation_kwh_year": 85532.74167187541,
        "err_workflow0_abs_kwh_year": 85532.74167187541,
        "err_workflow0_pct_of_validation": 19.171954423483374
      },
      "geometry": {
        "type": "Polygon",
        "coordinates": [
          [
            [
              -9.146988,
              38.749889299999985
            ],
            [
              -9.1470441,
              38.749870900000005
            ],
            [
              -9.147143700000003,
              38.7500559
            ],
            [
              -9.1470403,
              38.75008979999999
            ],
            [
              -9.1469406,
              38.7499049
            ],
            [
              -9.146988,
              38.749889299999985
            ]
          ]
        ]
      }
    },
    {
      "type": "Feature",
      "properties": {
        "area_id": "EUA_1_Pro",
        "osm_uid": "cea/113",
        "osmid": "113",
        "element_type": "cea_zone",
        "building": "yes",
        "cea_name": "B1113",
        "intersection_area_m2": 249.443313773792,
        "is_residential": true,
        "residential_source": "cea",
        "radiation_sum_kwh_year": 540011.94325,
        "radiation_sum": 540011.94325,
        "radiation_point_count": 411.0,
        "use_type1": "MULTI_RES",
        "use_type2": "NONE",
        "use_type3": "NONE",
        "resi_type": null,
        "comparison_status": "matched",
        "validation_radiation_kwh_year": 540011.94325,
        "ucea_radiation_kwh_year": 420961.5699999994,
        "workflow0_radiation_kwh_year": 418173.2000000006,
        "validation_area_m2": 249.443313773792,
        "ucea_roofs_top_m2": 255.59,
        "err_ucea_minus_validation_kwh_year": 119050.37325000059,
        "err_ucea_abs_kwh_year": 119050.37325000059,
        "err_ucea_pct_of_validation": 22.045877825129118,
        "err_ucea_area_minus_validation_m2": 6.146686226208004,
        "err_ucea_area_pct_of_validation": 2.464161549658587,
        "err_workflow0_minus_validation_kwh_year": 121838.74324999942,
        "err_workflow0_abs_kwh_year": 121838.74324999942,
        "err_workflow0_pct_of_validation": 22.56223121968875
      },
      "geometry": {
        "type": "Polygon",
        "coordinates": [
          [
            [
              -9.1476331,
              38.7501664
            ],
            [
              -9.1477426,
              38.7503687
            ],
            [
              -9.1476324,
              38.750401899999986
            ],
            [
              -9.1475234,
              38.7502019
            ],
            [
              -9.1476331,
              38.7501664
            ]
          ]
        ]
      }
    },
    {
      "type": "Feature",
      "properties": {
        "area_id": "EUA_1_Pro",
        "osm_uid": "cea/114",
        "osmid": "114",
        "element_type": "cea_zone",
        "building": "yes",
        "cea_name": "B1114",
        "intersection_area_m2": 189.8420517087396,
        "is_residential": true,
        "residential_source": "cea",
        "radiation_sum_kwh_year": 388141.38653125,
        "radiation_sum": 388141.38653125,
        "radiation_point_count": 313.0,
        "use_type1": "MULTI_RES",
        "use_type2": "NONE",
        "use_type3": "NONE",
        "resi_type": null,
        "comparison_status": "matched",
        "validation_radiation_kwh_year": 388141.38653125,
        "ucea_radiation_kwh_year": 327905.72000000055,
        "workflow0_radiation_kwh_year": 315718.82,
        "validation_area_m2": 189.8420517087396,
        "ucea_roofs_top_m2": 192.28,
        "err_ucea_minus_validation_kwh_year": 60235.66653124947,
        "err_ucea_abs_kwh_year": 60235.66653124947,
        "err_ucea_pct_of_validation": 15.519001225188797,
        "err_ucea_area_minus_validation_m2": 2.4379482912603976,
        "err_ucea_area_pct_of_validation": 1.2841982423371396,
        "err_workflow0_minus_validation_kwh_year": 72422.56653125002,
        "err_workflow0_abs_kwh_year": 72422.56653125002,
        "err_workflow0_pct_of_validation": 18.658810692278273
      },
      "geometry": {
        "type": "Polygon",
        "coordinates": [
          [
            [
              -9.1472892,
              38.750555199999994
            ],
            [
              -9.1472835,
              38.750544899999994
            ],
            [
              -9.1472951,
              38.75054109999999
            ],
            [
              -9.1473295,
              38.750529599999986
            ],
            [
              -9.1473913,
              38.7505093
            ],
            [
              -9.1474755,
              38.7506643
            ],
            [
              -9.1473678,
              38.75069979999999
            ],
            [
              -9.1472892,
              38.750555199999994
            ]
          ]
        ]
      }
    },
    {
      "type": "Feature",
      "properties": {
        "area_id": "EUA_1_Pro",
        "osm_uid": "cea/115",
        "osmid": "115",
        "element_type": "cea_zone",
        "building": "yes",
        "cea_name": "B1115",
        "intersection_area_m2": 156.63172932768933,
        "is_residential": true,
        "residential_source": "cea",
        "radiation_sum_kwh_year": 328101.60225,
        "radiation_sum": 328101.60225,
        "radiation_point_count": 259.0,
        "use_type1": "MULTI_RES",
        "use_type2": "NONE",
        "use_type3": "NONE",
        "resi_type": null,
        "comparison_status": "matched",
        "validation_radiation_kwh_year": 328101.60225,
        "ucea_radiation_kwh_year": 269512.65999999933,
        "workflow0_radiation_kwh_year": 268630.5600000002,
        "validation_area_m2": 156.63172932768933,
        "ucea_roofs_top_m2": 159.94,
        "err_ucea_minus_validation_kwh_year": 58588.94225000066,
        "err_ucea_abs_kwh_year": 58588.94225000066,
        "err_ucea_pct_of_validation": 17.85695097135133,
        "err_ucea_area_minus_validation_m2": 3.3082706723106696,
        "err_ucea_area_pct_of_validation": 2.112133146017583,
        "err_workflow0_minus_validation_kwh_year": 59471.042249999824,
        "err_workflow0_abs_kwh_year": 59471.042249999824,
        "err_workflow0_pct_of_validation": 18.125800618518568
      },
      "geometry": {
        "type": "Polygon",
        "coordinates": [
          [
            [
              -9.1467507,
              38.750395100000006
            ],
            [
              -9.1469408,
              38.7503328
            ],
            [
              -9.14698,
              38.7504054
            ],
            [
              -9.1467898,
              38.7504677
            ],
            [
              -9.1467507,
              38.750395100000006
            ]
          ]
        ]
      }
    },
    {
      "type": "Feature",
      "properties": {
        "area_id": "EUA_1_Pro",
        "osm_uid": "cea/116",
        "osmid": "116",
        "element_type": "cea_zone",
        "building": "yes",
        "cea_name": "B1116",
        "intersection_area_m2": 146.53470417120252,
        "is_residential": true,
        "residential_source": "cea",
        "radiation_sum_kwh_year": 253518.4709453125,
        "radiation_sum": 253518.4709453125,
        "radiation_point_count": 242.0,
        "use_type1": "MULTI_RES",
        "use_type2": "NONE",
        "use_type3": "NONE",
        "resi_type": null,
        "comparison_status": "matched",
        "validation_radiation_kwh_year": 253518.4709453125,
        "ucea_radiation_kwh_year": 250661.94999999952,
        "workflow0_radiation_kwh_year": 250000.89000000103,
        "validation_area_m2": 146.53470417120252,
        "ucea_roofs_top_m2": 147.71,
        "err_ucea_minus_validation_kwh_year": 2856.520945312979,
        "err_ucea_abs_kwh_year": 2856.520945312979,
        "err_ucea_pct_of_validation": 1.1267506208370792,
        "err_ucea_area_minus_validation_m2": 1.1752958287974877,
        "err_ucea_area_pct_of_validation": 0.8020597137346668,
        "err_workflow0_minus_validation_kwh_year": 3517.5809453114634,
        "err_workflow0_abs_kwh_year": 3517.5809453114634,
        "err_workflow0_pct_of_validation": 1.3875047968675447
      },
      "geometry": {
        "type": "Polygon",
        "coordinates": [
          [
            [
              -9.1464316,
              38.7499724
            ],
            [
              -9.1465092,
              38.749946900000005
            ],
            [
              -9.1465988,
              38.7501132
            ],
            [
              -9.1465211,
              38.750138699999994
            ],
            [
              -9.1464316,
              38.7499724
            ]
          ]
        ]
      }
    },
    {
      "type": "Feature",
      "properties": {
        "area_id": "EUA_1_Pro",
        "osm_uid": "cea/117",
        "osmid": "117",
        "element_type": "cea_zone",
        "building": "yes",
        "cea_name": "B1117",
        "intersection_area_m2": 125.02525170775829,
        "is_residential": true,
        "residential_source": "cea",
        "radiation_sum_kwh_year": 239873.27515625,
        "radiation_sum": 239873.27515625,
        "radiation_point_count": 205.0,
        "use_type1": "MULTI_RES",
        "use_type2": "NONE",
        "use_type3": "NONE",
        "resi_type": null,
        "comparison_status": "matched",
        "validation_radiation_kwh_year": 239873.27515625,
        "ucea_radiation_kwh_year": 214220.71999999965,
        "workflow0_radiation_kwh_year": 211919.01000000007,
        "validation_area_m2": 125.02525170775829,
        "ucea_roofs_top_m2": 126.0,
        "err_ucea_minus_validation_kwh_year": 25652.55515625034,
        "err_ucea_abs_kwh_year": 25652.55515625034,
        "err_ucea_pct_of_validation": 10.694211407894704,
        "err_ucea_area_minus_validation_m2": 0.9747482922417134,
        "err_ucea_area_pct_of_validation": 0.7796411356324642,
        "err_workflow0_minus_validation_kwh_year": 27954.265156249923,
        "err_workflow0_abs_kwh_year": 27954.265156249923,
        "err_workflow0_pct_of_validation": 11.65376390431194
      },
      "geometry": {
        "type": "Polygon",
        "coordinates": [
          [
            [
              -9.1465975,
              38.750280499999995
            ],
            [
              -9.1465211,
              38.750138699999994
            ],
            [
              -9.1465988,
              38.7501132
            ],
            [
              -9.1466752,
              38.75025500000001
            ],
            [
              -9.1465975,
              38.750280499999995
            ]
          ]
        ]
      }
    },
    {
      "type": "Feature",
      "properties": {
        "area_id": "EUA_1_Pro",
        "osm_uid": "cea/118",
        "osmid": "118",
        "element_type": "cea_zone",
        "building": "yes",
        "cea_name": "B1118",
        "intersection_area_m2": 143.79446984026313,
        "is_residential": true,
        "residential_source": "cea",
        "radiation_sum_kwh_year": 303141.33521875,
        "radiation_sum": 303141.33521875,
        "radiation_point_count": 238.0,
        "use_type1": "MULTI_RES",
        "use_type2": "NONE",
        "use_type3": "NONE",
        "resi_type": null,
        "comparison_status": "matched",
        "validation_radiation_kwh_year": 303141.33521875,
        "ucea_radiation_kwh_year": 248495.4700000001,
        "workflow0_radiation_kwh_year": 248846.28999999963,
        "validation_area_m2": 143.79446984026313,
        "ucea_roofs_top_m2": 144.46,
        "err_ucea_minus_validation_kwh_year": 54645.86521874991,
        "err_ucea_abs_kwh_year": 54645.86521874991,
        "err_ucea_pct_of_validation": 18.026530489257386,
        "err_ucea_area_minus_validation_m2": 0.6655301597368748,
        "err_ucea_area_pct_of_validation": 0.4628343221239258,
        "err_workflow0_minus_validation_kwh_year": 54295.04521875037,
        "err_workflow0_abs_kwh_year": 54295.04521875037,
        "err_workflow0_pct_of_validation": 17.910802292788773
      },
      "geometry": {
        "type": "Polygon",
        "coordinates": [
          [
            [
              -9.1478584,
              38.753866699999996
            ],
            [
              -9.1479427,
              38.7538394
            ],
            [
              -9.1480231,
              38.753990099999996
            ],
            [
              -9.1479387,
              38.7540175
            ],
            [
              -9.1478584,
              38.753866699999996
            ]
          ]
        ]
      }
    },
    {
      "type": "Feature",
      "properties": {
        "area_id": "EUA_1_Pro",
        "osm_uid": "cea/119",
        "osmid": "119",
        "element_type": "cea_zone",
        "building": "yes",
        "cea_name": "B1119",
        "intersection_area_m2": 139.47900079617625,
        "is_residential": true,
        "residential_source": "cea",
        "radiation_sum_kwh_year": 294365.7165,
        "radiation_sum": 294365.7165,
        "radiation_point_count": 229.0,
        "use_type1": "MULTI_RES",
        "use_type2": "NONE",
        "use_type3": "NONE",
        "resi_type": null,
        "comparison_status": "matched",
        "validation_radiation_kwh_year": 294365.7165,
        "ucea_radiation_kwh_year": 242733.94999999937,
        "workflow0_radiation_kwh_year": 241809.47999999963,
        "validation_area_m2": 139.47900079617625,
        "ucea_roofs_top_m2": 140.98,
        "err_ucea_minus_validation_kwh_year": 51631.76650000061,
        "err_ucea_abs_kwh_year": 51631.76650000061,
        "err_ucea_pct_of_validation": 17.54000673512556,
        "err_ucea_area_minus_validation_m2": 1.5009992038237385,
        "err_ucea_area_pct_of_validation": 1.0761470868415395,
        "err_workflow0_minus_validation_kwh_year": 52556.23650000035,
        "err_workflow0_abs_kwh_year": 52556.23650000035,
        "err_workflow0_pct_of_validation": 17.85406164987299
      },
      "geometry": {
        "type": "Polygon",
        "coordinates": [
          [
            [
              -9.1475763,
              38.75333739999999
            ],
            [
              -9.1476603,
              38.7533113
            ],
            [
              -9.1477362,
              38.75346
            ],
            [
              -9.1476523,
              38.75348609999998
            ],
            [
              -9.1475763,
              38.75333739999999
            ]
          ]
        ]
      }
    },
    {
      "type": "Feature",
      "properties": {
        "area_id": "EUA_1_Pro",
        "osm_uid": "cea/120",
        "osmid": "120",
        "element_type": "cea_zone",
        "building": "yes",
        "cea_name": "B1120",
        "intersection_area_m2": 127.65413573463212,
        "is_residential": true,
        "residential_source": "cea",
        "radiation_sum_kwh_year": 271317.988328125,
        "radiation_sum": 271317.988328125,
        "radiation_point_count": 211.0,
        "use_type1": "MULTI_RES",
        "use_type2": "NONE",
        "use_type3": "NONE",
        "resi_type": null,
        "comparison_status": "matched",
        "validation_radiation_kwh_year": 271317.988328125,
        "ucea_radiation_kwh_year": 216827.67999999993,
        "workflow0_radiation_kwh_year": 217868.45999999988,
        "validation_area_m2": 127.65413573463212,
        "ucea_roofs_top_m2": 129.88,
        "err_ucea_minus_validation_kwh_year": 54490.308328125044,
        "err_ucea_abs_kwh_year": 54490.308328125044,
        "err_ucea_pct_of_validation": 20.083559023821845,
        "err_ucea_area_minus_validation_m2": 2.225864265367875,
        "err_ucea_area_pct_of_validation": 1.7436679607427759,
        "err_workflow0_minus_validation_kwh_year": 53449.5283281251,
        "err_workflow0_abs_kwh_year": 53449.5283281251,
        "err_workflow0_pct_of_validation": 19.69995747701204
      },
      "geometry": {
        "type": "Polygon",
        "coordinates": [
          [
            [
              -9.1488759,
              38.7537896
            ],
            [
              -9.1489096,
              38.75385219999999
            ],
            [
              -9.1487297,
              38.75391110000001
            ],
            [
              -9.148696,
              38.7538486
            ],
            [
              -9.1488759,
              38.7537896
            ]
          ]
        ]
      }
    },
    {
      "type": "Feature",
      "properties": {
        "area_id": "EUA_1_Pro",
        "osm_uid": "cea/121",
        "osmid": "121",
        "element_type": "cea_zone",
        "building": "yes",
        "cea_name": "B1121",
        "intersection_area_m2": 148.16769408835682,
        "is_residential": true,
        "residential_source": "cea",
        "radiation_sum_kwh_year": 297078.172875,
        "radiation_sum": 297078.172875,
        "radiation_point_count": 244.0,
        "use_type1": "MULTI_RES",
        "use_type2": "NONE",
        "use_type3": "NONE",
        "resi_type": null,
        "comparison_status": "matched",
        "validation_radiation_kwh_year": 297078.172875,
        "ucea_radiation_kwh_year": 251795.78000000023,
        "workflow0_radiation_kwh_year": 253392.14999999976,
        "validation_area_m2": 148.16769408835682,
        "ucea_roofs_top_m2": 150.83,
        "err_ucea_minus_validation_kwh_year": 45282.39287499976,
        "err_ucea_abs_kwh_year": 45282.39287499976,
        "err_ucea_pct_of_validation": 15.242584952228377,
        "err_ucea_area_minus_validation_m2": 2.6623059116431875,
        "err_ucea_area_pct_of_validation": 1.7968194268148459,
        "err_workflow0_minus_validation_kwh_year": 43686.02287500023,
        "err_workflow0_abs_kwh_year": 43686.02287500023,
        "err_workflow0_pct_of_validation": 14.705228072538928
      },
      "geometry": {
        "type": "Polygon",
        "coordinates": [
          [
            [
              -9.1485972,
              38.7532536
            ],
            [
              -9.1486341,
              38.7533226
            ],
            [
              -9.1484445,
              38.75338430000001
            ],
            [
              -9.1484076,
              38.7533152
            ],
            [
              -9.1485972,
              38.7532536
            ]
          ]
        ]
      }
    },
    {
      "type": "Feature",
      "properties": {
        "area_id": "EUA_1_Pro",
        "osm_uid": "cea/123",
        "osmid": "123",
        "element_type": "cea_zone",
        "building": "yes",
        "cea_name": "B1123",
        "intersection_area_m2": 136.3327818125497,
        "is_residential": true,
        "residential_source": "cea",
        "radiation_sum_kwh_year": 255156.774578125,
        "radiation_sum": 255156.774578125,
        "radiation_point_count": 225.0,
        "use_type1": "MULTI_RES",
        "use_type2": "NONE",
        "use_type3": "NONE",
        "resi_type": null,
        "comparison_status": "matched",
        "validation_radiation_kwh_year": 255156.774578125,
        "ucea_radiation_kwh_year": 238519.10000000056,
        "workflow0_radiation_kwh_year": 235584.76000000068,
        "validation_area_m2": 136.3327818125497,
        "ucea_roofs_top_m2": 139.33,
        "err_ucea_minus_validation_kwh_year": 16637.674578124454,
        "err_ucea_abs_kwh_year": 16637.674578124454,
        "err_ucea_pct_of_validation": 6.5205694050777625,
        "err_ucea_area_minus_validation_m2": 2.9972181874503008,
        "err_ucea_area_pct_of_validation": 2.1984574418581992,
        "err_workflow0_minus_validation_kwh_year": 19572.014578124334,
        "err_workflow0_abs_kwh_year": 19572.014578124334,
        "err_workflow0_pct_of_validation": 7.670583942160504
      },
      "geometry": {
        "type": "Polygon",
        "coordinates": [
          [
            [
              -9.1480346,
              38.7538796
            ],
            [
              -9.1480024,
              38.75381939999999
            ],
            [
              -9.1482025,
              38.753754400000005
            ],
            [
              -9.1482115,
              38.753771199999996
            ],
            [
              -9.1482347,
              38.75381459999999
            ],
            [
              -9.1480346,
              38.7538796
            ]
          ]
        ]
      }
    },
    {
      "type": "Feature",
      "properties": {
        "area_id": "EUA_1_Pro",
        "osm_uid": "cea/124",
        "osmid": "124",
        "element_type": "cea_zone",
        "building": "yes",
        "cea_name": "B1124",
        "intersection_area_m2": 145.95654489301546,
        "is_residential": true,
        "residential_source": "cea",
        "radiation_sum_kwh_year": 279587.954703125,
        "radiation_sum": 279587.954703125,
        "radiation_point_count": 241.0,
        "use_type1": "MULTI_RES",
        "use_type2": "NONE",
        "use_type3": "NONE",
        "resi_type": null,
        "comparison_status": "matched",
        "validation_radiation_kwh_year": 279587.954703125,
        "ucea_radiation_kwh_year": 254066.55,
        "workflow0_radiation_kwh_year": 252854.7199999998,
        "validation_area_m2": 145.95654489301546,
        "ucea_roofs_top_m2": 148.59,
        "err_ucea_minus_validation_kwh_year": 25521.40470312501,
        "err_ucea_abs_kwh_year": 25521.40470312501,
        "err_ucea_pct_of_validation": 9.12822039498247,
        "err_ucea_area_minus_validation_m2": 2.6334551069845418,
        "err_ucea_area_pct_of_validation": 1.8042733944646574,
        "err_workflow0_minus_validation_kwh_year": 26733.2347031252,
        "err_workflow0_abs_kwh_year": 26733.2347031252,
        "err_workflow0_pct_of_validation": 9.561654661235803
      },
      "geometry": {
        "type": "Polygon",
        "coordinates": [
          [
            [
              -9.1477479,
              38.753348
            ],
            [
              -9.1477113,
              38.753281799999996
            ],
            [
              -9.1479042,
              38.75321689999999
            ],
            [
              -9.1479202,
              38.75324579999999
            ],
            [
              -9.1479408,
              38.753282999999996
            ],
            [
              -9.1477479,
              38.753348
            ]
          ]
        ]
      }
    },
    {
      "type": "Feature",
      "properties": {
        "area_id": "EUA_1_Pro",
        "osm_uid": "cea/126",
        "osmid": "126",
        "element_type": "cea_zone",
        "building": "yes",
        "cea_name": "B1126",
        "intersection_area_m2": 151.7642404553967,
        "is_residential": true,
        "residential_source": "cea",
        "radiation_sum_kwh_year": 281901.59746875,
        "radiation_sum": 281901.59746875,
        "radiation_point_count": 249.0,
        "use_type1": "MULTI_RES",
        "use_type2": "NONE",
        "use_type3": "NONE",
        "resi_type": null,
        "comparison_status": "matched",
        "validation_radiation_kwh_year": 281901.59746875,
        "ucea_radiation_kwh_year": 263417.62000000064,
        "workflow0_radiation_kwh_year": 263047.219999999,
        "validation_area_m2": 151.7642404553967,
        "ucea_roofs_top_m2": 154.53,
        "err_ucea_minus_validation_kwh_year": 18483.977468749392,
        "err_ucea_abs_kwh_year": 18483.977468749392,
        "err_ucea_pct_of_validation": 6.556889934190038,
        "err_ucea_area_minus_validation_m2": 2.7657595446032985,
        "err_ucea_area_pct_of_validation": 1.8224052888243798,
        "err_workflow0_minus_validation_kwh_year": 18854.377468751045,
        "err_workflow0_abs_kwh_year": 18854.377468751045,
        "err_workflow0_pct_of_validation": 6.688283300998722
      },
      "geometry": {
        "type": "Polygon",
        "coordinates": [
          [
            [
              -9.148076000000001,
              38.7535302
            ],
            [
              -9.1478859,
              38.753591899999996
            ],
            [
              -9.1478482,
              38.75352139999999
            ],
            [
              -9.1480383,
              38.7534596
            ],
            [
              -9.1480641,
              38.7535079
            ],
            [
              -9.148076000000001,
              38.7535302
            ]
          ]
        ]
      }
    },
    {
      "type": "Feature",
      "properties": {
        "area_id": "EUA_1_Pro",
        "osm_uid": "cea/127",
        "osmid": "127",
        "element_type": "cea_zone",
        "building": "yes",
        "cea_name": "B1127",
        "intersection_area_m2": 137.8308719755337,
        "is_residential": true,
        "residential_source": "cea",
        "radiation_sum_kwh_year": 285099.384671875,
        "radiation_sum": 285099.384671875,
        "radiation_point_count": 228.0,
        "use_type1": "MULTI_RES",
        "use_type2": "NONE",
        "use_type3": "NONE",
        "resi_type": null,
        "comparison_status": "matched",
        "validation_radiation_kwh_year": 285099.384671875,
        "ucea_radiation_kwh_year": 236032.63999999987,
        "workflow0_radiation_kwh_year": 237232.42999999964,
        "validation_area_m2": 137.8308719755337,
        "ucea_roofs_top_m2": 137.83,
        "err_ucea_minus_validation_kwh_year": 49066.744671875116,
        "err_ucea_abs_kwh_year": 49066.744671875116,
        "err_ucea_pct_of_validation": 17.21040006043743,
        "err_ucea_area_minus_validation_m2": 0.0008719755336983326,
        "err_ucea_area_pct_of_validation": 0.000632641672507968,
        "err_workflow0_minus_validation_kwh_year": 47866.95467187534,
        "err_workflow0_abs_kwh_year": 47866.95467187534,
        "err_workflow0_pct_of_validation": 16.789567864892486
      },
      "geometry": {
        "type": "Polygon",
        "coordinates": [
          [
            [
              -9.1486247,
              38.753712900000004
            ],
            [
              -9.1484362,
              38.7537741
            ],
            [
              -9.1484016,
              38.75370949999999
            ],
            [
              -9.1485902,
              38.753648299999995
            ],
            [
              -9.1486247,
              38.753712900000004
            ]
          ]
        ]
      }
    },
    {
      "type": "Feature",
      "properties": {
        "area_id": "EUA_1_Pro",
        "osm_uid": "cea/128",
        "osmid": "128",
        "element_type": "cea_zone",
        "building": "yes",
        "cea_name": "B1128",
        "intersection_area_m2": 135.82342391539532,
        "is_residential": true,
        "residential_source": "cea",
        "radiation_sum_kwh_year": 284502.900265625,
        "radiation_sum": 284502.900265625,
        "radiation_point_count": 222.0,
        "use_type1": "MULTI_RES",
        "use_type2": "NONE",
        "use_type3": "NONE",
        "resi_type": null,
        "comparison_status": "matched",
        "validation_radiation_kwh_year": 284502.900265625,
        "ucea_radiation_kwh_year": 232580.8999999991,
        "workflow0_radiation_kwh_year": 233650.28000000035,
        "validation_area_m2": 135.82342391539532,
        "ucea_roofs_top_m2": 135.82,
        "err_ucea_minus_validation_kwh_year": 51922.00026562589,
        "err_ucea_abs_kwh_year": 51922.00026562589,
        "err_ucea_pct_of_validation": 18.250077667802024,
        "err_ucea_area_minus_validation_m2": 0.0034239153953308232,
        "err_ucea_area_pct_of_validation": 0.0025208578142335643,
        "err_workflow0_minus_validation_kwh_year": 50852.62026562463,
        "err_workflow0_abs_kwh_year": 50852.62026562463,
        "err_workflow0_pct_of_validation": 17.874201007492818
      },
      "geometry": {
        "type": "Polygon",
        "coordinates": [
          [
            [
              -9.1483321,
              38.7531828
            ],
            [
              -9.148146,
              38.75324549999999
            ],
            [
              -9.1481107,
              38.753181700000006
            ],
            [
              -9.1482968,
              38.753119
            ],
            [
              -9.1483321,
              38.7531828
            ]
          ]
        ]
      }
    },
    {
      "type": "Feature",
      "properties": {
        "area_id": "EUA_1_Pro",
        "osm_uid": "cea/129",
        "osmid": "129",
        "element_type": "cea_zone",
        "building": "yes",
        "cea_name": "B1129",
        "intersection_area_m2": 132.79032692397885,
        "is_residential": true,
        "residential_source": "cea",
        "radiation_sum_kwh_year": 301208.75803125,
        "radiation_sum": 301208.75803125,
        "radiation_point_count": 218.0,
        "use_type1": "MULTI_RES",
        "use_type2": "NONE",
        "use_type3": "NONE",
        "resi_type": null,
        "comparison_status": "matched",
        "validation_radiation_kwh_year": 301208.75803125,
        "ucea_radiation_kwh_year": 224751.5700000007,
        "workflow0_radiation_kwh_year": 226916.2300000002,
        "validation_area_m2": 132.79032692397885,
        "ucea_roofs_top_m2": 132.79,
        "err_ucea_minus_validation_kwh_year": 76457.18803124927,
        "err_ucea_abs_kwh_year": 76457.18803124927,
        "err_ucea_pct_of_validation": 25.38345449547551,
        "err_ucea_area_minus_validation_m2": 0.0003269239788608047,
        "err_ucea_area_pct_of_validation": 0.0002461956276739686,
        "err_workflow0_minus_validation_kwh_year": 74292.52803124976,
        "err_workflow0_abs_kwh_year": 74292.52803124976,
        "err_workflow0_pct_of_validation": 24.664796773121058
      },
      "geometry": {
        "type": "Polygon",
        "coordinates": [
          [
            [
              -9.1487297,
              38.75391110000001
            ],
            [
              -9.1485424,
              38.7539724
            ],
            [
              -9.1485087,
              38.75390989999999
            ],
            [
              -9.148696,
              38.7538486
            ],
            [
              -9.1487297,
              38.75391110000001
            ]
          ]
        ]
      }
    },
    {
      "type": "Feature",
      "properties": {
        "area_id": "EUA_1_Pro",
        "osm_uid": "cea/130",
        "osmid": "130",
        "element_type": "cea_zone",
        "building": "yes",
        "cea_name": "B1130",
        "intersection_area_m2": 144.94475128156424,
        "is_residential": true,
        "residential_source": "cea",
        "radiation_sum_kwh_year": 293231.314453125,
        "radiation_sum": 293231.314453125,
        "radiation_point_count": 240.0,
        "use_type1": "MULTI_RES",
        "use_type2": "NONE",
        "use_type3": "NONE",
        "resi_type": null,
        "comparison_status": "matched",
        "validation_radiation_kwh_year": 293231.314453125,
        "ucea_radiation_kwh_year": 249889.0099999999,
        "workflow0_radiation_kwh_year": 249801.430000001,
        "validation_area_m2": 144.94475128156424,
        "ucea_roofs_top_m2": 149.26,
        "err_ucea_minus_validation_kwh_year": 43342.30445312511,
        "err_ucea_abs_kwh_year": 43342.30445312511,
        "err_ucea_pct_of_validation": 14.780926291572339,
        "err_ucea_area_minus_validation_m2": 4.315248718435754,
        "err_ucea_area_pct_of_validation": 2.9771679762678085,
        "err_workflow0_minus_validation_kwh_year": 43429.88445312399,
        "err_workflow0_abs_kwh_year": 43429.88445312399,
        "err_workflow0_pct_of_validation": 14.810793497318157
      },
      "geometry": {
        "type": "Polygon",
        "coordinates": [
          [
            [
              -9.1484445,
              38.75338430000001
            ],
            [
              -9.148259100000002,
              38.7534445
            ],
            [
              -9.1482222,
              38.7533754
            ],
            [
              -9.1484076,
              38.7533152
            ],
            [
              -9.1484445,
              38.75338430000001
            ]
          ]
        ]
      }
    },
    {
      "type": "Feature",
      "properties": {
        "area_id": "EUA_1_Pro",
        "osm_uid": "cea/131",
        "osmid": "131",
        "element_type": "cea_zone",
        "building": "yes",
        "cea_name": "B1131",
        "intersection_area_m2": 136.6697014858601,
        "is_residential": true,
        "residential_source": "cea",
        "radiation_sum_kwh_year": 281159.395875,
        "radiation_sum": 281159.395875,
        "radiation_point_count": 224.0,
        "use_type1": "MULTI_RES",
        "use_type2": "NONE",
        "use_type3": "NONE",
        "resi_type": null,
        "comparison_status": "matched",
        "validation_radiation_kwh_year": 281159.395875,
        "ucea_radiation_kwh_year": 231957.4099999997,
        "workflow0_radiation_kwh_year": 232774.83000000002,
        "validation_area_m2": 136.6697014858601,
        "ucea_roofs_top_m2": 138.59,
        "err_ucea_minus_validation_kwh_year": 49201.985875000275,
        "err_ucea_abs_kwh_year": 49201.985875000275,
        "err_ucea_pct_of_validation": 17.499676908138927,
        "err_ucea_area_minus_validation_m2": 1.9202985141399154,
        "err_ucea_area_pct_of_validation": 1.4050652728897561,
        "err_workflow0_minus_validation_kwh_year": 48384.56587499997,
        "err_workflow0_abs_kwh_year": 48384.56587499997,
        "err_workflow0_pct_of_validation": 17.20894502722262
      },
      "geometry": {
        "type": "Polygon",
        "coordinates": [
          [
            [
              -9.1487772,
              38.753587599999996
            ],
            [
              -9.1488117,
              38.75365219999999
            ],
            [
              -9.1486247,
              38.753712900000004
            ],
            [
              -9.1485902,
              38.753648299999995
            ],
            [
              -9.1487772,
              38.753587599999996
            ]
          ]
        ]
      }
    },
    {
      "type": "Feature",
      "properties": {
        "area_id": "EUA_1_Pro",
        "osm_uid": "cea/132",
        "osmid": "132",
        "element_type": "cea_zone",
        "building": "yes",
        "cea_name": "B1132",
        "intersection_area_m2": 142.4767008628159,
        "is_residential": true,
        "residential_source": "cea",
        "radiation_sum_kwh_year": 297878.272328125,
        "radiation_sum": 297878.272328125,
        "radiation_point_count": 234.0,
        "use_type1": "MULTI_RES",
        "use_type2": "NONE",
        "use_type3": "NONE",
        "resi_type": null,
        "comparison_status": "matched",
        "validation_radiation_kwh_year": 297878.272328125,
        "ucea_radiation_kwh_year": 245261.47000000012,
        "workflow0_radiation_kwh_year": 245005.0700000002,
        "validation_area_m2": 142.4767008628159,
        "ucea_roofs_top_m2": 144.3,
        "err_ucea_minus_validation_kwh_year": 52616.802328124904,
        "err_ucea_abs_kwh_year": 52616.802328124904,
        "err_ucea_pct_of_validation": 17.663860447721866,
        "err_ucea_area_minus_validation_m2": 1.823299137184108,
        "err_ucea_area_pct_of_validation": 1.2797174037175925,
        "err_workflow0_minus_validation_kwh_year": 52873.20232812481,
        "err_workflow0_abs_kwh_year": 52873.20232812481,
        "err_workflow0_pct_of_validation": 17.749935876451854
      },
      "geometry": {
        "type": "Polygon",
        "coordinates": [
          [
            [
              -9.148492,
              38.7530532
            ],
            [
              -9.1485273,
              38.753117
            ],
            [
              -9.1483321,
              38.7531828
            ],
            [
              -9.1482968,
              38.753119
            ],
            [
              -9.148492,
              38.7530532
            ]
          ]
        ]
      }
    },
    {
      "type": "Feature",
      "properties": {
        "area_id": "EUA_1_Pro",
        "osm_uid": "cea/133",
        "osmid": "133",
        "element_type": "cea_zone",
        "building": "yes",
        "cea_name": "B1133",
        "intersection_area_m2": 184.56669512538858,
        "is_residential": true,
        "residential_source": "cea",
        "radiation_sum_kwh_year": 434819.7075,
        "radiation_sum": 434819.7075,
        "radiation_point_count": 304.0,
        "use_type1": "MULTI_RES",
        "use_type2": "NONE",
        "use_type3": "NONE",
        "resi_type": null,
        "comparison_status": "matched",
        "validation_radiation_kwh_year": 434819.7075,
        "ucea_radiation_kwh_year": 313438.20999999915,
        "workflow0_radiation_kwh_year": 300963.89000000036,
        "validation_area_m2": 184.56669512538858,
        "ucea_roofs_top_m2": 187.05,
        "err_ucea_minus_validation_kwh_year": 121381.49750000087,
        "err_ucea_abs_kwh_year": 121381.49750000087,
        "err_ucea_pct_of_validation": 27.915362483886696,
        "err_ucea_area_minus_validation_m2": 2.4833048746114343,
        "err_ucea_area_pct_of_validation": 1.3454783231201914,
        "err_workflow0_minus_validation_kwh_year": 133855.81749999966,
        "err_workflow0_abs_kwh_year": 133855.81749999966,
        "err_workflow0_pct_of_validation": 30.78421129290688
      },
      "geometry": {
        "type": "Polygon",
        "coordinates": [
          [
            [
              -9.1473295,
              38.750529599999986
            ],
            [
              -9.1472835,
              38.750544899999994
            ],
            [
              -9.1472892,
              38.750555199999994
            ],
            [
              -9.1471153,
              38.7506107
            ],
            [
              -9.1470749,
              38.75053640000001
            ],
            [
              -9.1472926,
              38.7504621
            ],
            [
              -9.1473295,
              38.750529599999986
            ]
          ]
        ]
      }
    },
    {
      "type": "Feature",
      "properties": {
        "area_id": "EUA_1_Pro",
        "osm_uid": "cea/134",
        "osmid": "134",
        "element_type": "cea_zone",
        "building": "yes",
        "cea_name": "B1134",
        "intersection_area_m2": 162.02966169247313,
        "is_residential": true,
        "residential_source": "cea",
        "radiation_sum_kwh_year": 333947.65609375003,
        "radiation_sum": 333947.65609375003,
        "radiation_point_count": 269.0,
        "use_type1": "MULTI_RES",
        "use_type2": "NONE",
        "use_type3": "NONE",
        "resi_type": null,
        "comparison_status": "matched",
        "validation_radiation_kwh_year": 333947.65609375003,
        "ucea_radiation_kwh_year": 270206.3600000004,
        "workflow0_radiation_kwh_year": 276234.96000000014,
        "validation_area_m2": 162.02966169247313,
        "ucea_roofs_top_m2": 162.03,
        "err_ucea_minus_validation_kwh_year": 63741.29609374964,
        "err_ucea_abs_kwh_year": 63741.29609374964,
        "err_ucea_pct_of_validation": 19.0872117023799,
        "err_ucea_area_minus_validation_m2": 0.0003383075268743596,
        "err_ucea_area_pct_of_validation": 0.0002087935772626965,
        "err_workflow0_minus_validation_kwh_year": 57712.696093749895,
        "err_workflow0_abs_kwh_year": 57712.696093749895,
        "err_workflow0_pct_of_validation": 17.281958726354425
      },
      "geometry": {
        "type": "Polygon",
        "coordinates": [
          [
            [
              -9.1468835,
              38.75059929999999
            ],
            [
              -9.1470749,
              38.75053640000001
            ],
            [
              -9.1471153,
              38.7506107
            ],
            [
              -9.1469227,
              38.7506739
            ],
            [
              -9.1468835,
              38.75059929999999
            ]
          ]
        ]
      }
    },
    {
      "type": "Feature",
      "properties": {
        "area_id": "EUA_1_Pro",
        "osm_uid": "cea/135",
        "osmid": "135",
        "element_type": "cea_zone",
        "building": "yes",
        "cea_name": "B1135",
        "intersection_area_m2": 148.79339513769824,
        "is_residential": true,
        "residential_source": "cea",
        "radiation_sum_kwh_year": 298827.34815625,
        "radiation_sum": 298827.34815625,
        "radiation_point_count": 246.0,
        "use_type1": "MULTI_RES",
        "use_type2": "NONE",
        "use_type3": "NONE",
        "resi_type": null,
        "comparison_status": "matched",
        "validation_radiation_kwh_year": 298827.34815625,
        "ucea_radiation_kwh_year": 255218.68000000084,
        "workflow0_radiation_kwh_year": 256828.75999999986,
        "validation_area_m2": 148.79339513769824,
        "ucea_roofs_top_m2": 152.25,
        "err_ucea_minus_validation_kwh_year": 43608.66815624919,
        "err_ucea_abs_kwh_year": 43608.66815624919,
        "err_ucea_pct_of_validation": 14.593265450874062,
        "err_ucea_area_minus_validation_m2": 3.4566048623017593,
        "err_ucea_area_pct_of_validation": 2.323090254848278,
        "err_workflow0_minus_validation_kwh_year": 41998.58815625016,
        "err_workflow0_abs_kwh_year": 41998.58815625016,
        "err_workflow0_pct_of_validation": 14.054466037121225
      },
      "geometry": {
        "type": "Polygon",
        "coordinates": [
          [
            [
              -9.146743800000001,
              38.7507305
            ],
            [
              -9.1467044,
              38.75065800000001
            ],
            [
              -9.1468835,
              38.75059929999999
            ],
            [
              -9.1469227,
              38.7506739
            ],
            [
              -9.146743800000001,
              38.7507305
            ]
          ]
        ]
      }
    },
    {
      "type": "Feature",
      "properties": {
        "area_id": "EUA_1_Pro",
        "osm_uid": "cea/136",
        "osmid": "136",
        "element_type": "cea_zone",
        "building": "yes",
        "cea_name": "B1136",
        "intersection_area_m2": 148.7432783103533,
        "is_residential": true,
        "residential_source": "cea",
        "radiation_sum_kwh_year": 294353.7740625,
        "radiation_sum": 294353.7740625,
        "radiation_point_count": 246.0,
        "use_type1": "MULTI_RES",
        "use_type2": "NONE",
        "use_type3": "NONE",
        "resi_type": null,
        "comparison_status": "matched",
        "validation_radiation_kwh_year": 294353.7740625,
        "ucea_radiation_kwh_year": 250201.67999999927,
        "workflow0_radiation_kwh_year": 256922.19,
        "validation_area_m2": 148.7432783103533,
        "ucea_roofs_top_m2": 148.74,
        "err_ucea_minus_validation_kwh_year": 44152.09406250072,
        "err_ucea_abs_kwh_year": 44152.09406250072,
        "err_ucea_pct_of_validation": 14.999669769182553,
        "err_ucea_area_minus_validation_m2": 0.0032783103532949553,
        "err_ucea_area_pct_of_validation": 0.0022040057140967073,
        "err_workflow0_minus_validation_kwh_year": 37431.584062499984,
        "err_workflow0_abs_kwh_year": 37431.584062499984,
        "err_workflow0_pct_of_validation": 12.716529346945677
      },
      "geometry": {
        "type": "Polygon",
        "coordinates": [
          [
            [
              -9.146522,
              38.7507192
            ],
            [
              -9.1467044,
              38.75065800000001
            ],
            [
              -9.146743800000001,
              38.7507305
            ],
            [
              -9.146559200000002,
              38.75078969999999
            ],
            [
              -9.146522,
              38.7507192
            ]
          ]
        ]
      }
    },
    {
      "type": "Feature",
      "properties": {
        "area_id": "EUA_1_Pro",
        "osm_uid": "cea/137",
        "osmid": "137",
        "element_type": "cea_zone",
        "building": "yes",
        "cea_name": "B1137",
        "intersection_area_m2": 158.15660949467693,
        "is_residential": true,
        "residential_source": "cea",
        "radiation_sum_kwh_year": 373883.9655625,
        "radiation_sum": 373883.9655625,
        "radiation_point_count": 261.0,
        "use_type1": "MULTI_RES",
        "use_type2": "NONE",
        "use_type3": "NONE",
        "resi_type": null,
        "comparison_status": "matched",
        "validation_radiation_kwh_year": 373883.9655625,
        "ucea_radiation_kwh_year": 271497.6799999999,
        "workflow0_radiation_kwh_year": 273885.90999999945,
        "validation_area_m2": 158.15660949467693,
        "ucea_roofs_top_m2": 159.87,
        "err_ucea_minus_validation_kwh_year": 102386.28556250012,
        "err_ucea_abs_kwh_year": 102386.28556250012,
        "err_ucea_pct_of_validation": 27.38450829482946,
        "err_ucea_area_minus_validation_m2": 1.7133905053230762,
        "err_ucea_area_pct_of_validation": 1.0833505541105721,
        "err_workflow0_minus_validation_kwh_year": 99998.05556250055,
        "err_workflow0_abs_kwh_year": 99998.05556250055,
        "err_workflow0_pct_of_validation": 26.745745946086704
      },
      "geometry": {
        "type": "Polygon",
        "coordinates": [
          [
            [
              -9.1463172,
              38.7507848
            ],
            [
              -9.146522,
              38.7507192
            ],
            [
              -9.146559200000002,
              38.75078969999999
            ],
            [
              -9.1463563,
              38.7508514
            ],
            [
              -9.1463172,
              38.7507848
            ]
          ]
        ]
      }
    },
    {
      "type": "Feature",
      "properties": {
        "area_id": "EUA_1_Pro",
        "osm_uid": "cea/138",
        "osmid": "138",
        "element_type": "cea_zone",
        "building": "yes",
        "cea_name": "B1138",
        "intersection_area_m2": 106.01779832005539,
        "is_residential": true,
        "residential_source": "cea",
        "radiation_sum_kwh_year": 215238.83434375,
        "radiation_sum": 215238.83434375,
        "radiation_point_count": 176.0,
        "use_type1": "MULTI_RES",
        "use_type2": "NONE",
        "use_type3": "NONE",
        "resi_type": null,
        "comparison_status": "matched",
        "validation_radiation_kwh_year": 215238.83434375,
        "ucea_radiation_kwh_year": 184470.01000000004,
        "workflow0_radiation_kwh_year": 183342.61000000028,
        "validation_area_m2": 106.01779832005539,
        "ucea_roofs_top_m2": 107.38,
        "err_ucea_minus_validation_kwh_year": 30768.824343749962,
        "err_ucea_abs_kwh_year": 30768.824343749962,
        "err_ucea_pct_of_validation": 14.295201159940408,
        "err_ucea_area_minus_validation_m2": 1.3622016799446044,
        "err_ucea_area_pct_of_validation": 1.2848801819410323,
        "err_workflow0_minus_validation_kwh_year": 31896.224343749724,
        "err_workflow0_abs_kwh_year": 31896.224343749724,
        "err_workflow0_pct_of_validation": 14.818991396696305
      },
      "geometry": {
        "type": "Polygon",
        "coordinates": [
          [
            [
              -9.1464988,
              38.7511471
            ],
            [
              -9.1464264,
              38.75117010000001
            ],
            [
              -9.1463594,
              38.75103949999998
            ],
            [
              -9.1464297,
              38.751014899999994
            ],
            [
              -9.1464988,
              38.7511471
            ]
          ]
        ]
      }
    },
    {
      "type": "Feature",
      "properties": {
        "area_id": "EUA_1_Pro",
        "osm_uid": "cea/139",
        "osmid": "139",
        "element_type": "cea_zone",
        "building": "yes",
        "cea_name": "B1139",
        "intersection_area_m2": 159.89690855474794,
        "is_residential": true,
        "residential_source": "cea",
        "radiation_sum_kwh_year": 383348.8025,
        "radiation_sum": 383348.8025,
        "radiation_point_count": 263.0,
        "use_type1": "MULTI_RES",
        "use_type2": "NONE",
        "use_type3": "NONE",
        "resi_type": null,
        "comparison_status": "matched",
        "validation_radiation_kwh_year": 383348.8025,
        "ucea_radiation_kwh_year": 274872.53999999934,
        "workflow0_radiation_kwh_year": 249147.0900000001,
        "validation_area_m2": 159.89690855474794,
        "ucea_roofs_top_m2": 161.04,
        "err_ucea_minus_validation_kwh_year": 108476.26250000065,
        "err_ucea_abs_kwh_year": 108476.26250000065,
        "err_ucea_pct_of_validation": 28.29701352725646,
        "err_ucea_area_minus_validation_m2": 1.143091445252054,
        "err_ucea_area_pct_of_validation": 0.7148927740905415,
        "err_workflow0_minus_validation_kwh_year": 134201.71249999988,
        "err_workflow0_abs_kwh_year": 134201.71249999988,
        "err_workflow0_pct_of_validation": 35.00772967720432
      },
      "geometry": {
        "type": "Polygon",
        "coordinates": [
          [
            [
              -9.1464297,
              38.751014899999994
            ],
            [
              -9.1463594,
              38.75103949999998
            ],
            [
              -9.1462687,
              38.75088220000001
            ],
            [
              -9.1463563,
              38.7508514
            ],
            [
              -9.1464471,
              38.7510088
            ],
            [
              -9.1464297,
              38.751014899999994
            ]
          ]
        ]
      }
    },
    {
      "type": "Feature",
      "properties": {
        "area_id": "EUA_1_Pro",
        "osm_uid": "cea/140",
        "osmid": "140",
        "element_type": "cea_zone",
        "building": "yes",
        "cea_name": "B1140",
        "intersection_area_m2": 149.37739021202708,
        "is_residential": true,
        "residential_source": "cea",
        "radiation_sum_kwh_year": 318861.58053125,
        "radiation_sum": 318861.58053125,
        "radiation_point_count": 246.0,
        "use_type1": "MULTI_RES",
        "use_type2": "NONE",
        "use_type3": "NONE",
        "resi_type": null,
        "comparison_status": "matched",
        "validation_radiation_kwh_year": 318861.58053125,
        "ucea_radiation_kwh_year": 258990.50999999946,
        "workflow0_radiation_kwh_year": 257304.42999999967,
        "validation_area_m2": 149.37739021202708,
        "ucea_roofs_top_m2": 151.93,
        "err_ucea_minus_validation_kwh_year": 59871.07053125053,
        "err_ucea_abs_kwh_year": 59871.07053125053,
        "err_ucea_pct_of_validation": 18.776508110980426,
        "err_ucea_area_minus_validation_m2": 2.5526097879729264,
        "err_ucea_area_pct_of_validation": 1.7088327653534032,
        "err_workflow0_minus_validation_kwh_year": 61557.150531250314,
        "err_workflow0_abs_kwh_year": 61557.150531250314,
        "err_workflow0_pct_of_validation": 19.30528928216782
      },
      "geometry": {
        "type": "Polygon",
        "coordinates": [
          [
            [
              -9.1471376,
              38.750975499999996
            ],
            [
              -9.1472226,
              38.7509484
            ],
            [
              -9.1473046,
              38.7511044
            ],
            [
              -9.147255,
              38.7511203
            ],
            [
              -9.1472196,
              38.751131599999994
            ],
            [
              -9.1471376,
              38.750975499999996
            ]
          ]
        ]
      }
    },
    {
      "type": "Feature",
      "properties": {
        "area_id": "EUA_1_Pro",
        "osm_uid": "cea/141",
        "osmid": "141",
        "element_type": "cea_zone",
        "building": "yes",
        "cea_name": "B1141",
        "intersection_area_m2": 161.87688584509854,
        "is_residential": true,
        "residential_source": "cea",
        "radiation_sum_kwh_year": 364927.05753125,
        "radiation_sum": 364927.05753125,
        "radiation_point_count": 267.0,
        "use_type1": "MULTI_RES",
        "use_type2": "NONE",
        "use_type3": "NONE",
        "resi_type": null,
        "comparison_status": "matched",
        "validation_radiation_kwh_year": 364927.05753125,
        "ucea_radiation_kwh_year": 277112.06999999954,
        "workflow0_radiation_kwh_year": 274438.5300000007,
        "validation_area_m2": 161.87688584509854,
        "ucea_roofs_top_m2": 162.44,
        "err_ucea_minus_validation_kwh_year": 87814.98753125046,
        "err_ucea_abs_kwh_year": 87814.98753125046,
        "err_ucea_pct_of_validation": 24.06370964250316,
        "err_ucea_area_minus_validation_m2": 0.5631141549014558,
        "err_ucea_area_pct_of_validation": 0.34786569556342023,
        "err_workflow0_minus_validation_kwh_year": 90488.52753124927,
        "err_workflow0_abs_kwh_year": 90488.52753124927,
        "err_workflow0_pct_of_validation": 24.79633276397994
      },
      "geometry": {
        "type": "Polygon",
        "coordinates": [
          [
            [
              -9.1473372,
              38.751268200000005
            ],
            [
              -9.1472421,
              38.7513004
            ],
            [
              -9.1471592,
              38.751151099999994
            ],
            [
              -9.1472196,
              38.751131599999994
            ],
            [
              -9.147255,
              38.7511203
            ],
            [
              -9.1473372,
              38.751268200000005
            ]
          ]
        ]
      }
    },
    {
      "type": "Feature",
      "properties": {
        "area_id": "EUA_1_Pro",
        "osm_uid": "cea/142",
        "osmid": "142",
        "element_type": "cea_zone",
        "building": "yes",
        "cea_name": "B1142",
        "intersection_area_m2": 368.7150641456625,
        "is_residential": true,
        "residential_source": "cea",
        "radiation_sum_kwh_year": 773574.863265625,
        "radiation_sum": 773574.863265625,
        "radiation_point_count": 607.0,
        "use_type1": "MULTI_RES",
        "use_type2": "NONE",
        "use_type3": "NONE",
        "resi_type": null,
        "comparison_status": "matched",
        "validation_radiation_kwh_year": 773574.863265625,
        "ucea_radiation_kwh_year": 621065.9699999983,
        "workflow0_radiation_kwh_year": 620932.6600000008,
        "validation_area_m2": 368.7150641456625,
        "ucea_roofs_top_m2": 370.68,
        "err_ucea_minus_validation_kwh_year": 152508.89326562663,
        "err_ucea_abs_kwh_year": 152508.89326562663,
        "err_ucea_pct_of_validation": 19.71482018195557,
        "err_ucea_area_minus_validation_m2": 1.9649358543375115,
        "err_ucea_area_pct_of_validation": 0.532914449505989,
        "err_workflow0_minus_validation_kwh_year": 152642.20326562412,
        "err_workflow0_abs_kwh_year": 152642.20326562412,
        "err_workflow0_pct_of_validation": 19.732053161765013
      },
      "geometry": {
        "type": "Polygon",
        "coordinates": [
          [
            [
              -9.1473479,
              38.7512644
            ],
            [
              -9.147512100000002,
              38.7515824
            ],
            [
              -9.1474128,
              38.75161549999999
            ],
            [
              -9.1472421,
              38.7513004
            ],
            [
              -9.1473372,
              38.751268200000005
            ],
            [
              -9.1473479,
              38.7512644
            ]
          ]
        ]
      }
    },
    {
      "type": "Feature",
      "properties": {
        "area_id": "EUA_1_Pro",
        "osm_uid": "cea/143",
        "osmid": "143",
        "element_type": "cea_zone",
        "building": "yes",
        "cea_name": "B1143",
        "intersection_area_m2": 140.62422175360035,
        "is_residential": true,
        "residential_source": "cea",
        "radiation_sum_kwh_year": 296462.46203125,
        "radiation_sum": 296462.46203125,
        "radiation_point_count": 232.0,
        "use_type1": "MULTI_RES",
        "use_type2": "NONE",
        "use_type3": "NONE",
        "resi_type": null,
        "comparison_status": "matched",
        "validation_radiation_kwh_year": 296462.46203125,
        "ucea_radiation_kwh_year": 243747.42999999973,
        "workflow0_radiation_kwh_year": 242515.4500000002,
        "validation_area_m2": 140.62422175360035,
        "ucea_roofs_top_m2": 143.58,
        "err_ucea_minus_validation_kwh_year": 52715.03203125027,
        "err_ucea_abs_kwh_year": 52715.03203125027,
        "err_ucea_pct_of_validation": 17.781351362350083,
        "err_ucea_area_minus_validation_m2": 2.9557782463996602,
        "err_ucea_area_pct_of_validation": 2.101898385314253,
        "err_workflow0_minus_validation_kwh_year": 53947.01203124982,
        "err_workflow0_abs_kwh_year": 53947.01203124982,
        "err_workflow0_pct_of_validation": 18.196911562302038
      },
      "geometry": {
        "type": "Polygon",
        "coordinates": [
          [
            [
              -9.146786700000002,
              38.751102500000016
            ],
            [
              -9.1468688,
              38.7510745
            ],
            [
              -9.1469525,
              38.751223599999996
            ],
            [
              -9.146907,
              38.75123910000001
            ],
            [
              -9.1468704,
              38.75125160000001
            ],
            [
              -9.146786700000002,
              38.751102500000016
            ]
          ]
        ]
      }
    },
    {
      "type": "Feature",
      "properties": {
        "area_id": "EUA_1_Pro",
        "osm_uid": "cea/144",
        "osmid": "144",
        "element_type": "cea_zone",
        "building": "yes",
        "cea_name": "B1144",
        "intersection_area_m2": 118.77514134674254,
        "is_residential": true,
        "residential_source": "cea",
        "radiation_sum_kwh_year": 274320.081625,
        "radiation_sum": 274320.081625,
        "radiation_point_count": 197.0,
        "use_type1": "MULTI_RES",
        "use_type2": "NONE",
        "use_type3": "NONE",
        "resi_type": null,
        "comparison_status": "matched",
        "validation_radiation_kwh_year": 274320.081625,
        "ucea_radiation_kwh_year": 204171.70000000036,
        "workflow0_radiation_kwh_year": 201024.08000000013,
        "validation_area_m2": 118.77514134674254,
        "ucea_roofs_top_m2": 122.21,
        "err_ucea_minus_validation_kwh_year": 70148.38162499963,
        "err_ucea_abs_kwh_year": 70148.38162499963,
        "err_ucea_pct_of_validation": 25.571726725021033,
        "err_ucea_area_minus_validation_m2": 3.43485865325745,
        "err_ucea_area_pct_of_validation": 2.8919002868032813,
        "err_workflow0_minus_validation_kwh_year": 73296.00162499986,
        "err_workflow0_abs_kwh_year": 73296.00162499986,
        "err_workflow0_pct_of_validation": 26.719152746971215
      },
      "geometry": {
        "type": "Polygon",
        "coordinates": [
          [
            [
              -9.1465395,
              38.7512005
            ],
            [
              -9.1466083,
              38.7513299
            ],
            [
              -9.1465287,
              38.751356699999995
            ],
            [
              -9.1464577,
              38.7512269
            ],
            [
              -9.1465395,
              38.7512005
            ]
          ]
        ]
      }
    },
    {
      "type": "Feature",
      "properties": {
        "area_id": "EUA_1_Pro",
        "osm_uid": "cea/145",
        "osmid": "145",
        "element_type": "cea_zone",
        "building": "yes",
        "cea_name": "B1145",
        "intersection_area_m2": 268.76302286252576,
        "is_residential": true,
        "residential_source": "cea",
        "radiation_sum_kwh_year": 553058.4800625,
        "radiation_sum": 553058.4800625,
        "radiation_point_count": 441.0,
        "use_type1": "MULTI_RES",
        "use_type2": "NONE",
        "use_type3": "NONE",
        "resi_type": null,
        "comparison_status": "matched",
        "validation_radiation_kwh_year": 553058.4800625,
        "ucea_radiation_kwh_year": 462893.37000000046,
        "workflow0_radiation_kwh_year": 459298.0599999992,
        "validation_area_m2": 268.76302286252576,
        "ucea_roofs_top_m2": 272.28,
        "err_ucea_minus_validation_kwh_year": 90165.11006249953,
        "err_ucea_abs_kwh_year": 90165.11006249953,
        "err_ucea_pct_of_validation": 16.30299747909302,
        "err_ucea_area_minus_validation_m2": 3.516977137474214,
        "err_ucea_area_pct_of_validation": 1.3085792457666965,
        "err_workflow0_minus_validation_kwh_year": 93760.42006250081,
        "err_workflow0_abs_kwh_year": 93760.42006250081,
        "err_workflow0_pct_of_validation": 16.953075206785574
      },
      "geometry": {
        "type": "Polygon",
        "coordinates": [
          [
            [
              -9.1474714,
              38.751786599999996
            ],
            [
              -9.1474233,
              38.751694500000006
            ],
            [
              -9.147685800000001,
              38.7516125
            ],
            [
              -9.1477318,
              38.75170399999999
            ],
            [
              -9.1474714,
              38.751786599999996
            ]
          ]
        ]
      }
    },
    {
      "type": "Feature",
      "properties": {
        "area_id": "EUA_1_Pro",
        "osm_uid": "cea/146",
        "osmid": "146",
        "element_type": "cea_zone",
        "building": "yes",
        "cea_name": "B1146",
        "intersection_area_m2": 259.62690924304076,
        "is_residential": true,
        "residential_source": "cea",
        "radiation_sum_kwh_year": 587998.245796875,
        "radiation_sum": 587998.245796875,
        "radiation_point_count": 428.0,
        "use_type1": "MULTI_RES",
        "use_type2": "NONE",
        "use_type3": "NONE",
        "resi_type": null,
        "comparison_status": "matched",
        "validation_radiation_kwh_year": 587998.245796875,
        "ucea_radiation_kwh_year": 448000.4800000004,
        "workflow0_radiation_kwh_year": 448877.31000000046,
        "validation_area_m2": 259.62690924304076,
        "ucea_roofs_top_m2": 263.26,
        "err_ucea_minus_validation_kwh_year": 139997.7657968746,
        "err_ucea_abs_kwh_year": 139997.7657968746,
        "err_ucea_pct_of_validation": 23.809214873956794,
        "err_ucea_area_minus_validation_m2": 3.633090756959234,
        "err_ucea_area_pct_of_validation": 1.3993506172190502,
        "err_workflow0_minus_validation_kwh_year": 139120.93579687452,
        "err_workflow0_abs_kwh_year": 139120.93579687452,
        "err_workflow0_pct_of_validation": 23.660093680778445
      },
      "geometry": {
        "type": "Polygon",
        "coordinates": [
          [
            [
              -9.147663800000002,
              38.7521213
            ],
            [
              -9.1476154,
              38.75203570000001
            ],
            [
              -9.1478785,
              38.7519451
            ],
            [
              -9.147927,
              38.75203079999999
            ],
            [
              -9.147663800000002,
              38.7521213
            ]
          ]
        ]
      }
    },
    {
      "type": "Feature",
      "properties": {
        "area_id": "EUA_1_Pro",
        "osm_uid": "cea/147",
        "osmid": "147",
        "element_type": "cea_zone",
        "building": "yes",
        "cea_name": "B1147",
        "intersection_area_m2": 253.7518753339819,
        "is_residential": true,
        "residential_source": "cea",
        "radiation_sum_kwh_year": 564582.27475,
        "radiation_sum": 564582.27475,
        "radiation_point_count": 419.0,
        "use_type1": "MULTI_RES",
        "use_type2": "NONE",
        "use_type3": "NONE",
        "resi_type": null,
        "comparison_status": "matched",
        "validation_radiation_kwh_year": 564582.27475,
        "ucea_radiation_kwh_year": 441102.7100000007,
        "workflow0_radiation_kwh_year": 440090.4200000002,
        "validation_area_m2": 253.7518753339819,
        "ucea_roofs_top_m2": 257.09,
        "err_ucea_minus_validation_kwh_year": 123479.56474999926,
        "err_ucea_abs_kwh_year": 123479.56474999926,
        "err_ucea_pct_of_validation": 21.870960225358946,
        "err_ucea_area_minus_validation_m2": 3.338124666018075,
        "err_ucea_area_pct_of_validation": 1.3155073875314294,
        "err_workflow0_minus_validation_kwh_year": 124491.85474999977,
        "err_workflow0_abs_kwh_year": 124491.85474999977,
        "err_workflow0_pct_of_validation": 22.050259159327208
      },
      "geometry": {
        "type": "Polygon",
        "coordinates": [
          [
            [
              -9.146841,
              38.7519945
            ],
            [
              -9.1467936,
              38.751910099999996
            ],
            [
              -9.1470552,
              38.7518207
            ],
            [
              -9.1471026,
              38.751905100000016
            ],
            [
              -9.146841,
              38.7519945
            ]
          ]
        ]
      }
    },
    {
      "type": "Feature",
      "properties": {
        "area_id": "EUA_1_Pro",
        "osm_uid": "cea/148",
        "osmid": "148",
        "element_type": "cea_zone",
        "building": "yes",
        "cea_name": "B1148",
        "intersection_area_m2": 281.0051166684575,
        "is_residential": true,
        "residential_source": "cea",
        "radiation_sum_kwh_year": 591670.0456953126,
        "radiation_sum": 591670.0456953126,
        "radiation_point_count": 465.0,
        "use_type1": "MULTI_RES",
        "use_type2": "NONE",
        "use_type3": "NONE",
        "resi_type": null,
        "comparison_status": "matched",
        "validation_radiation_kwh_year": 591670.0456953126,
        "ucea_radiation_kwh_year": 469772.85999999807,
        "workflow0_radiation_kwh_year": 487072.67999999935,
        "validation_area_m2": 281.0051166684575,
        "ucea_roofs_top_m2": 281.4,
        "err_ucea_minus_validation_kwh_year": 121897.18569531449,
        "err_ucea_abs_kwh_year": 121897.18569531449,
        "err_ucea_pct_of_validation": 20.60222358427232,
        "err_ucea_area_minus_validation_m2": 0.39488333154247357,
        "err_ucea_area_pct_of_validation": 0.14052531719853867,
        "err_workflow0_minus_validation_kwh_year": 104597.3656953132,
        "err_workflow0_abs_kwh_year": 104597.3656953132,
        "err_workflow0_pct_of_validation": 17.678327043309007
      },
      "geometry": {
        "type": "Polygon",
        "coordinates": [
          [
            [
              -9.1470273,
              38.7523399
            ],
            [
              -9.1469765,
              38.75224600000001
            ],
            [
              -9.1472399,
              38.7521594
            ],
            [
              -9.1472907,
              38.752253399999994
            ],
            [
              -9.1470273,
              38.7523399
            ]
          ]
        ]
      }
    },
    {
      "type": "Feature",
      "properties": {
        "area_id": "EUA_1_Pro",
        "osm_uid": "cea/153",
        "osmid": "153",
        "element_type": "cea_zone",
        "building": "yes",
        "cea_name": "B1153",
        "intersection_area_m2": 264.4266547880194,
        "is_residential": true,
        "residential_source": "cea",
        "radiation_sum_kwh_year": 589804.873,
        "radiation_sum": 589804.873,
        "radiation_point_count": 436.0,
        "use_type1": "MULTI_RES",
        "use_type2": "NONE",
        "use_type3": "NONE",
        "resi_type": null,
        "comparison_status": "matched",
        "validation_radiation_kwh_year": 589804.873,
        "ucea_radiation_kwh_year": 356439.4399999999,
        "workflow0_radiation_kwh_year": 358114.84999999986,
        "validation_area_m2": 264.4266547880194,
        "ucea_roofs_top_m2": 268.28,
        "err_ucea_minus_validation_kwh_year": 233365.43300000014,
        "err_ucea_abs_kwh_year": 233365.43300000014,
        "err_ucea_pct_of_validation": 39.56654881690002,
        "err_ucea_area_minus_validation_m2": 3.8533452119805816,
        "err_ucea_area_pct_of_validation": 1.4572453806026702,
        "err_workflow0_minus_validation_kwh_year": 231690.02300000016,
        "err_workflow0_abs_kwh_year": 231690.02300000016,
        "err_workflow0_pct_of_validation": 39.28248707433114
      },
      "geometry": {
        "type": "Polygon",
        "coordinates": [
          [
            [
              -9.1457952,
              38.7496324
            ],
            [
              -9.1458212,
              38.749727299999996
            ],
            [
              -9.1455371,
              38.74977199999999
            ],
            [
              -9.145513,
              38.7496815
            ],
            [
              -9.1457952,
              38.7496324
            ]
          ]
        ]
      }
    },
    {
      "type": "Feature",
      "properties": {
        "area_id": "EUA_1_Pro",
        "osm_uid": "cea/156",
        "osmid": "156",
        "element_type": "cea_zone",
        "building": "yes",
        "cea_name": "B1156",
        "intersection_area_m2": 169.59765640637158,
        "is_residential": true,
        "residential_source": "cea",
        "radiation_sum_kwh_year": 383475.52278125,
        "radiation_sum": 383475.52278125,
        "radiation_point_count": 280.0,
        "use_type1": "MULTI_RES",
        "use_type2": "NONE",
        "use_type3": "NONE",
        "resi_type": null,
        "comparison_status": "matched",
        "validation_radiation_kwh_year": 383475.52278125,
        "ucea_radiation_kwh_year": 290155.900000001,
        "workflow0_radiation_kwh_year": 287763.37000000046,
        "validation_area_m2": 169.59765640637158,
        "ucea_roofs_top_m2": 170.76,
        "err_ucea_minus_validation_kwh_year": 93319.622781249,
        "err_ucea_abs_kwh_year": 93319.622781249,
        "err_ucea_pct_of_validation": 24.33522278147654,
        "err_ucea_area_minus_validation_m2": 1.1623435936284068,
        "err_ucea_area_pct_of_validation": 0.6853535704781938,
        "err_workflow0_minus_validation_kwh_year": 95712.15278124955,
        "err_workflow0_abs_kwh_year": 95712.15278124955,
        "err_workflow0_pct_of_validation": 24.959129617210966
      },
      "geometry": {
        "type": "Polygon",
        "coordinates": [
          [
            [
              -9.1470038,
              38.751206
            ],
            [
              -9.1470894,
              38.7513584
            ],
            [
              -9.1469925,
              38.7513915
            ],
            [
              -9.146907,
              38.75123910000001
            ],
            [
              -9.1469525,
              38.751223599999996
            ],
            [
              -9.1470038,
              38.751206
            ]
          ]
        ]
      }
    },
    {
      "type": "Feature",
      "properties": {
        "area_id": "EUA_1_Pro",
        "osm_uid": "cea/157",
        "osmid": "157",
        "element_type": "cea_zone",
        "building": "yes",
        "cea_name": "B1157",
        "intersection_area_m2": 180.09436292188286,
        "is_residential": true,
        "residential_source": "cea",
        "radiation_sum_kwh_year": 407240.082125,
        "radiation_sum": 407240.082125,
        "radiation_point_count": 297.0,
        "use_type1": "MULTI_RES",
        "use_type2": "NONE",
        "use_type3": "NONE",
        "resi_type": null,
        "comparison_status": "matched",
        "validation_radiation_kwh_year": 407240.082125,
        "ucea_radiation_kwh_year": 308222.37000000075,
        "workflow0_radiation_kwh_year": 306943.6899999993,
        "validation_area_m2": 180.09436292188286,
        "ucea_roofs_top_m2": 181.06,
        "err_ucea_minus_validation_kwh_year": 99017.71212499926,
        "err_ucea_abs_kwh_year": 99017.71212499926,
        "err_ucea_pct_of_validation": 24.314333601034473,
        "err_ucea_area_minus_validation_m2": 0.9656370781171404,
        "err_ucea_area_pct_of_validation": 0.5361839551502187,
        "err_workflow0_minus_validation_kwh_year": 100296.39212500071,
        "err_workflow0_abs_kwh_year": 100296.39212500071,
        "err_workflow0_pct_of_validation": 24.62832037594357
      },
      "geometry": {
        "type": "Polygon",
        "coordinates": [
          [
            [
              -9.1471802,
              38.7515202
            ],
            [
              -9.1470834,
              38.75155329999999
            ],
            [
              -9.1469925,
              38.7513915
            ],
            [
              -9.1470894,
              38.7513584
            ],
            [
              -9.1471802,
              38.7515202
            ]
          ]
        ]
      }
    },
    {
      "type": "Feature",
      "properties": {
        "area_id": "EUA_1_Pro",
        "osm_uid": "cea/158",
        "osmid": "158",
        "element_type": "cea_zone",
        "building": "yes",
        "cea_name": "B1158",
        "intersection_area_m2": 170.34766711331602,
        "is_residential": true,
        "residential_source": "cea",
        "radiation_sum_kwh_year": 321424.722390625,
        "radiation_sum": 321424.722390625,
        "radiation_point_count": 280.0,
        "use_type1": "MULTI_RES",
        "use_type2": "NONE",
        "use_type3": "NONE",
        "resi_type": null,
        "comparison_status": "matched",
        "validation_radiation_kwh_year": 321424.722390625,
        "ucea_radiation_kwh_year": 292246.95000000054,
        "workflow0_radiation_kwh_year": 289743.5900000002,
        "validation_area_m2": 170.34766711331602,
        "ucea_roofs_top_m2": 171.09,
        "err_ucea_minus_validation_kwh_year": 29177.77239062445,
        "err_ucea_abs_kwh_year": 29177.77239062445,
        "err_ucea_pct_of_validation": 9.077637890953804,
        "err_ucea_area_minus_validation_m2": 0.7423328866839825,
        "err_ucea_area_pct_of_validation": 0.43577519978021145,
        "err_workflow0_minus_validation_kwh_year": 31681.132390624785,
        "err_workflow0_abs_kwh_year": 31681.132390624785,
        "err_workflow0_pct_of_validation": 9.856470328415792
      },
      "geometry": {
        "type": "Polygon",
        "coordinates": [
          [
            [
              -9.1472662,
              38.75167329999999
            ],
            [
              -9.1471694,
              38.7517064
            ],
            [
              -9.1470834,
              38.75155329999999
            ],
            [
              -9.1471802,
              38.7515202
            ],
            [
              -9.1472662,
              38.75167329999999
            ]
          ]
        ]
      }
    },
    {
      "type": "Feature",
      "properties": {
        "area_id": "EUA_1_Pro",
        "osm_uid": "cea/159",
        "osmid": "159",
        "element_type": "cea_zone",
        "building": "yes",
        "cea_name": "B1159",
        "intersection_area_m2": 182.5233219353056,
        "is_residential": true,
        "residential_source": "cea",
        "radiation_sum_kwh_year": 390800.9315,
        "radiation_sum": 390800.9315,
        "radiation_point_count": 298.0,
        "use_type1": "MULTI_RES",
        "use_type2": "NONE",
        "use_type3": "NONE",
        "resi_type": null,
        "comparison_status": "matched",
        "validation_radiation_kwh_year": 390800.9315,
        "ucea_radiation_kwh_year": 319049.7299999997,
        "workflow0_radiation_kwh_year": 316778.36999999924,
        "validation_area_m2": 182.5233219353056,
        "ucea_roofs_top_m2": 184.55,
        "err_ucea_minus_validation_kwh_year": 71751.20150000032,
        "err_ucea_abs_kwh_year": 71751.20150000032,
        "err_ucea_pct_of_validation": 18.36003850466777,
        "err_ucea_area_minus_validation_m2": 2.0266780646944085,
        "err_ucea_area_pct_of_validation": 1.1103666332638595,
        "err_workflow0_minus_validation_kwh_year": 74022.56150000077,
        "err_workflow0_abs_kwh_year": 74022.56150000077,
        "err_workflow0_pct_of_validation": 18.941244898235553
      },
      "geometry": {
        "type": "Polygon",
        "coordinates": [
          [
            [
              -9.1465287,
              38.751356699999995
            ],
            [
              -9.1466083,
              38.7513299
            ],
            [
              -9.1466345,
              38.751321
            ],
            [
              -9.1467172,
              38.7514765
            ],
            [
              -9.1466155,
              38.751509799999994
            ],
            [
              -9.1465287,
              38.751356699999995
            ]
          ]
        ]
      }
    },
    {
      "type": "Feature",
      "properties": {
        "area_id": "EUA_1_Pro",
        "osm_uid": "cea/160",
        "osmid": "160",
        "element_type": "cea_zone",
        "building": "yes",
        "cea_name": "B1160",
        "intersection_area_m2": 185.03040390393028,
        "is_residential": true,
        "residential_source": "cea",
        "radiation_sum_kwh_year": 396697.652375,
        "radiation_sum": 396697.652375,
        "radiation_point_count": 305.0,
        "use_type1": "MULTI_RES",
        "use_type2": "NONE",
        "use_type3": "NONE",
        "resi_type": null,
        "comparison_status": "matched",
        "validation_radiation_kwh_year": 396697.652375,
        "ucea_radiation_kwh_year": 264580.83000000066,
        "workflow0_radiation_kwh_year": 257762.32000000007,
        "validation_area_m2": 185.03040390393028,
        "ucea_roofs_top_m2": 186.29,
        "err_ucea_minus_validation_kwh_year": 132116.82237499935,
        "err_ucea_abs_kwh_year": 132116.82237499935,
        "err_ucea_pct_of_validation": 33.30416038109264,
        "err_ucea_area_minus_validation_m2": 1.2595960960697141,
        "err_ucea_area_pct_of_validation": 0.6807508763390635,
        "err_workflow0_minus_validation_kwh_year": 138935.33237499994,
        "err_workflow0_abs_kwh_year": 138935.33237499994,
        "err_workflow0_pct_of_validation": 35.02297821608074
      },
      "geometry": {
        "type": "Polygon",
        "coordinates": [
          [
            [
              -9.146700200000002,
              38.7516694
            ],
            [
              -9.1466155,
              38.751509799999994
            ],
            [
              -9.1467172,
              38.7514765
            ],
            [
              -9.1468033,
              38.751636399999995
            ],
            [
              -9.146700200000002,
              38.7516694
            ]
          ]
        ]
      }
    },
    {
      "type": "Feature",
      "properties": {
        "area_id": "EUA_1_Pro",
        "osm_uid": "cea/161",
        "osmid": "161",
        "element_type": "cea_zone",
        "building": "yes",
        "cea_name": "B1161",
        "intersection_area_m2": 186.27467386796042,
        "is_residential": true,
        "residential_source": "cea",
        "radiation_sum_kwh_year": 359206.05378125,
        "radiation_sum": 359206.05378125,
        "radiation_point_count": 307.0,
        "use_type1": "MULTI_RES",
        "use_type2": "NONE",
        "use_type3": "NONE",
        "resi_type": null,
        "comparison_status": "matched",
        "validation_radiation_kwh_year": 359206.05378125,
        "ucea_radiation_kwh_year": 319713.46,
        "workflow0_radiation_kwh_year": 319228.2900000001,
        "validation_area_m2": 186.27467386796042,
        "ucea_roofs_top_m2": 187.33,
        "err_ucea_minus_validation_kwh_year": 39492.593781250005,
        "err_ucea_abs_kwh_year": 39492.593781250005,
        "err_ucea_pct_of_validation": 10.994412083405553,
        "err_ucea_area_minus_validation_m2": 1.0553261320395961,
        "err_ucea_area_pct_of_validation": 0.5665430034722043,
        "err_workflow0_minus_validation_kwh_year": 39977.76378124993,
        "err_workflow0_abs_kwh_year": 39977.76378124993,
        "err_workflow0_pct_of_validation": 11.129479406156017
      },
      "geometry": {
        "type": "Polygon",
        "coordinates": [
          [
            [
              -9.1468033,
              38.751636399999995
            ],
            [
              -9.1468877,
              38.75179669999999
            ],
            [
              -9.1467845,
              38.7518297
            ],
            [
              -9.146700200000002,
              38.7516694
            ],
            [
              -9.1468033,
              38.751636399999995
            ]
          ]
        ]
      }
    },
    {
      "type": "Feature",
      "properties": {
        "area_id": "EUA_1_Pro",
        "osm_uid": "cea/162",
        "osmid": "162",
        "element_type": "cea_zone",
        "building": "yes",
        "cea_name": "B1162",
        "intersection_area_m2": 117.5404949879979,
        "is_residential": true,
        "residential_source": "cea",
        "radiation_sum_kwh_year": 267685.017,
        "radiation_sum": 267685.017,
        "radiation_point_count": 193.0,
        "use_type1": "MULTI_RES",
        "use_type2": "NONE",
        "use_type3": "NONE",
        "resi_type": null,
        "comparison_status": "matched",
        "validation_radiation_kwh_year": 267685.017,
        "ucea_radiation_kwh_year": 201382.76999999967,
        "workflow0_radiation_kwh_year": 201357.88999999937,
        "validation_area_m2": 117.5404949879979,
        "ucea_roofs_top_m2": 119.5,
        "err_ucea_minus_validation_kwh_year": 66302.24700000032,
        "err_ucea_abs_kwh_year": 66302.24700000032,
        "err_ucea_pct_of_validation": 24.768755361455412,
        "err_ucea_area_minus_validation_m2": 1.9595050120020971,
        "err_ucea_area_pct_of_validation": 1.667089297354229,
        "err_workflow0_minus_validation_kwh_year": 66327.12700000062,
        "err_workflow0_abs_kwh_year": 66327.12700000062,
        "err_workflow0_pct_of_validation": 24.77804986746816
      },
      "geometry": {
        "type": "Polygon",
        "coordinates": [
          [
            [
              -9.146287900000003,
              38.75143959999999
            ],
            [
              -9.1462162,
              38.751304899999994
            ],
            [
              -9.1462922,
              38.75128029999998
            ],
            [
              -9.1463663,
              38.751414000000004
            ],
            [
              -9.146287900000003,
              38.75143959999999
            ]
          ]
        ]
      }
    },
    {
      "type": "Feature",
      "properties": {
        "area_id": "EUA_1_Pro",
        "osm_uid": "cea/163",
        "osmid": "163",
        "element_type": "cea_zone",
        "building": "yes",
        "cea_name": "B1163",
        "intersection_area_m2": 177.91641275282072,
        "is_residential": true,
        "residential_source": "cea",
        "radiation_sum_kwh_year": 410368.4088125,
        "radiation_sum": 410368.4088125,
        "radiation_point_count": 295.0,
        "use_type1": "MULTI_RES",
        "use_type2": "NONE",
        "use_type3": "NONE",
        "resi_type": null,
        "comparison_status": "matched",
        "validation_radiation_kwh_year": 410368.4088125,
        "ucea_radiation_kwh_year": 302610.4200000003,
        "workflow0_radiation_kwh_year": 306251.61999999936,
        "validation_area_m2": 177.91641275282072,
        "ucea_roofs_top_m2": 178.49,
        "err_ucea_minus_validation_kwh_year": 107757.98881249974,
        "err_ucea_abs_kwh_year": 107757.98881249974,
        "err_ucea_pct_of_validation": 26.25884120181753,
        "err_ucea_area_minus_validation_m2": 0.5735872471792902,
        "err_ucea_area_pct_of_validation": 0.32239141870299226,
        "err_workflow0_minus_validation_kwh_year": 104116.78881250066,
        "err_workflow0_abs_kwh_year": 104116.78881250066,
        "err_workflow0_pct_of_validation": 25.37154093166862
      },
      "geometry": {
        "type": "Polygon",
        "coordinates": [
          [
            [
              -9.1464493,
              38.751572
            ],
            [
              -9.1463499,
              38.7516035
            ],
            [
              -9.1462654,
              38.75144699999999
            ],
            [
              -9.146287900000003,
              38.75143959999999
            ],
            [
              -9.1463663,
              38.751414000000004
            ],
            [
              -9.1464493,
              38.751572
            ]
          ]
        ]
      }
    },
    {
      "type": "Feature",
      "properties": {
        "area_id": "EUA_1_Pro",
        "osm_uid": "cea/164",
        "osmid": "164",
        "element_type": "cea_zone",
        "building": "yes",
        "cea_name": "B1164",
        "intersection_area_m2": 172.5386587912594,
        "is_residential": true,
        "residential_source": "cea",
        "radiation_sum_kwh_year": 390191.9704375,
        "radiation_sum": 390191.9704375,
        "radiation_point_count": 284.0,
        "use_type1": "MULTI_RES",
        "use_type2": "NONE",
        "use_type3": "NONE",
        "resi_type": null,
        "comparison_status": "matched",
        "validation_radiation_kwh_year": 390191.9704375,
        "ucea_radiation_kwh_year": 296201.1099999998,
        "workflow0_radiation_kwh_year": 296180.8299999997,
        "validation_area_m2": 172.5386587912594,
        "ucea_roofs_top_m2": 174.88,
        "err_ucea_minus_validation_kwh_year": 93990.86043750017,
        "err_ucea_abs_kwh_year": 93990.86043750017,
        "err_ucea_pct_of_validation": 24.0883635642511,
        "err_ucea_area_minus_validation_m2": 2.3413412087406016,
        "err_ucea_area_pct_of_validation": 1.35699513670916,
        "err_workflow0_minus_validation_kwh_year": 94011.14043750026,
        "err_workflow0_abs_kwh_year": 94011.14043750026,
        "err_workflow0_pct_of_validation": 24.09356100590459
      },
      "geometry": {
        "type": "Polygon",
        "coordinates": [
          [
            [
              -9.1465305,
              38.75172450000001
            ],
            [
              -9.146431,
              38.75175789999999
            ],
            [
              -9.1463499,
              38.7516035
            ],
            [
              -9.1464493,
              38.751572
            ],
            [
              -9.1465305,
              38.75172450000001
            ]
          ]
        ]
      }
    },
    {
      "type": "Feature",
      "properties": {
        "area_id": "EUA_1_Pro",
        "osm_uid": "cea/165",
        "osmid": "165",
        "element_type": "cea_zone",
        "building": "yes",
        "cea_name": "B1165",
        "intersection_area_m2": 180.95012060846994,
        "is_residential": true,
        "residential_source": "cea",
        "radiation_sum_kwh_year": 344118.66585937503,
        "radiation_sum": 344118.66585937503,
        "radiation_point_count": 298.0,
        "use_type1": "MULTI_RES",
        "use_type2": "NONE",
        "use_type3": "NONE",
        "resi_type": null,
        "comparison_status": "matched",
        "validation_radiation_kwh_year": 344118.66585937503,
        "ucea_radiation_kwh_year": 311908.3100000002,
        "workflow0_radiation_kwh_year": 306072.4799999996,
        "validation_area_m2": 180.95012060846994,
        "ucea_roofs_top_m2": 183.1,
        "err_ucea_minus_validation_kwh_year": 32210.35585937486,
        "err_ucea_abs_kwh_year": 32210.35585937486,
        "err_ucea_pct_of_validation": 9.360246640191761,
        "err_ucea_area_minus_validation_m2": 2.1498793915300496,
        "err_ucea_area_pct_of_validation": 1.188106083765394,
        "err_workflow0_minus_validation_kwh_year": 38046.18585937546,
        "err_workflow0_abs_kwh_year": 38046.18585937546,
        "err_workflow0_pct_of_validation": 11.056123841571305
      },
      "geometry": {
        "type": "Polygon",
        "coordinates": [
          [
            [
              -9.1466184,
              38.75188359999999
            ],
            [
              -9.1465189,
              38.75191699999999
            ],
            [
              -9.146431,
              38.75175789999999
            ],
            [
              -9.1465305,
              38.75172450000001
            ],
            [
              -9.1466184,
              38.75188359999999
            ]
          ]
        ]
      }
    },
    {
      "type": "Feature",
      "properties": {
        "area_id": "EUA_1_Pro",
        "osm_uid": "cea/166",
        "osmid": "166",
        "element_type": "cea_zone",
        "building": "yes",
        "cea_name": "B1166",
        "intersection_area_m2": 136.69953952973822,
        "is_residential": true,
        "residential_source": "cea",
        "radiation_sum_kwh_year": 268456.8248125,
        "radiation_sum": 268456.8248125,
        "radiation_point_count": 224.0,
        "use_type1": "MULTI_RES",
        "use_type2": "NONE",
        "use_type3": "NONE",
        "resi_type": null,
        "comparison_status": "matched",
        "validation_radiation_kwh_year": 268456.8248125,
        "ucea_radiation_kwh_year": 237999.84999999957,
        "workflow0_radiation_kwh_year": 237235.84000000003,
        "validation_area_m2": 136.69953952973822,
        "ucea_roofs_top_m2": 138.32,
        "err_ucea_minus_validation_kwh_year": 30456.97481250041,
        "err_ucea_abs_kwh_year": 30456.97481250041,
        "err_ucea_pct_of_validation": 11.345204143635637,
        "err_ucea_area_minus_validation_m2": 1.6204604702617758,
        "err_ucea_area_pct_of_validation": 1.1854176508833474,
        "err_workflow0_minus_validation_kwh_year": 31220.984812499955,
        "err_workflow0_abs_kwh_year": 31220.984812499955,
        "err_workflow0_pct_of_validation": 11.629797392674158
      },
      "geometry": {
        "type": "Polygon",
        "coordinates": [
          [
            [
              -9.1459543,
              38.751374799999994
            ],
            [
              -9.146034,
              38.7515266
            ],
            [
              -9.1459901,
              38.7515392
            ],
            [
              -9.1459543,
              38.7515513
            ],
            [
              -9.1458729,
              38.7514037
            ],
            [
              -9.1459543,
              38.751374799999994
            ]
          ]
        ]
      }
    },
    {
      "type": "Feature",
      "properties": {
        "area_id": "EUA_1_Pro",
        "osm_uid": "cea/167",
        "osmid": "167",
        "element_type": "cea_zone",
        "building": "yes",
        "cea_name": "B1167",
        "intersection_area_m2": 177.44237750926212,
        "is_residential": true,
        "residential_source": "cea",
        "radiation_sum_kwh_year": 382171.0251875,
        "radiation_sum": 382171.0251875,
        "radiation_point_count": 292.0,
        "use_type1": "MULTI_RES",
        "use_type2": "NONE",
        "use_type3": "NONE",
        "resi_type": null,
        "comparison_status": "matched",
        "validation_radiation_kwh_year": 382171.0251875,
        "ucea_radiation_kwh_year": 306233.7100000019,
        "workflow0_radiation_kwh_year": 304859.73000000056,
        "validation_area_m2": 177.44237750926212,
        "ucea_roofs_top_m2": 178.99,
        "err_ucea_minus_validation_kwh_year": 75937.31518749811,
        "err_ucea_abs_kwh_year": 75937.31518749811,
        "err_ucea_pct_of_validation": 19.86998233323468,
        "err_ucea_area_minus_validation_m2": 1.5476224907378935,
        "err_ucea_area_pct_of_validation": 0.8721831348642243,
        "err_workflow0_minus_validation_kwh_year": 77311.29518749943,
        "err_workflow0_abs_kwh_year": 77311.29518749943,
        "err_workflow0_pct_of_validation": 20.229502000987416
      },
      "geometry": {
        "type": "Polygon",
        "coordinates": [
          [
            [
              -9.1460766,
              38.7516944
            ],
            [
              -9.1459759,
              38.75172799999999
            ],
            [
              -9.1458908,
              38.75157269999999
            ],
            [
              -9.1459543,
              38.7515513
            ],
            [
              -9.1459901,
              38.7515392
            ],
            [
              -9.1460766,
              38.7516944
            ]
          ]
        ]
      }
    },
    {
      "type": "Feature",
      "properties": {
        "area_id": "EUA_1_Pro",
        "osm_uid": "cea/168",
        "osmid": "168",
        "element_type": "cea_zone",
        "building": "yes",
        "cea_name": "B1168",
        "intersection_area_m2": 180.2927807072308,
        "is_residential": true,
        "residential_source": "cea",
        "radiation_sum_kwh_year": 387616.818625,
        "radiation_sum": 387616.818625,
        "radiation_point_count": 296.0,
        "use_type1": "MULTI_RES",
        "use_type2": "NONE",
        "use_type3": "NONE",
        "resi_type": null,
        "comparison_status": "matched",
        "validation_radiation_kwh_year": 387616.818625,
        "ucea_radiation_kwh_year": 310613.1499999999,
        "workflow0_radiation_kwh_year": 300703.0900000006,
        "validation_area_m2": 180.2927807072308,
        "ucea_roofs_top_m2": 182.26,
        "err_ucea_minus_validation_kwh_year": 77003.66862500011,
        "err_ucea_abs_kwh_year": 77003.66862500011,
        "err_ucea_pct_of_validation": 19.865925554560963,
        "err_ucea_area_minus_validation_m2": 1.9672192927691867,
        "err_ucea_area_pct_of_validation": 1.091124827656668,
        "err_workflow0_minus_validation_kwh_year": 86913.7286249994,
        "err_workflow0_abs_kwh_year": 86913.7286249994,
        "err_workflow0_pct_of_validation": 22.422589642345763
      },
      "geometry": {
        "type": "Polygon",
        "coordinates": [
          [
            [
              -9.1460621,
              38.751885300000005
            ],
            [
              -9.1459759,
              38.75172799999999
            ],
            [
              -9.1460766,
              38.7516944
            ],
            [
              -9.1461623,
              38.751853
            ],
            [
              -9.1460621,
              38.751885300000005
            ]
          ]
        ]
      }
    },
    {
      "type": "Feature",
      "properties": {
        "area_id": "EUA_1_Pro",
        "osm_uid": "cea/169",
        "osmid": "169",
        "element_type": "cea_zone",
        "building": "yes",
        "cea_name": "B1169",
        "intersection_area_m2": 177.16366769373008,
        "is_residential": true,
        "residential_source": "cea",
        "radiation_sum_kwh_year": 335165.876375,
        "radiation_sum": 335165.876375,
        "radiation_point_count": 293.0,
        "use_type1": "MULTI_RES",
        "use_type2": "NONE",
        "use_type3": "NONE",
        "resi_type": null,
        "comparison_status": "matched",
        "validation_radiation_kwh_year": 335165.876375,
        "ucea_radiation_kwh_year": 306147.6000000003,
        "workflow0_radiation_kwh_year": 297678.64999999973,
        "validation_area_m2": 177.16366769373008,
        "ucea_roofs_top_m2": 178.51,
        "err_ucea_minus_validation_kwh_year": 29018.276374999667,
        "err_ucea_abs_kwh_year": 29018.276374999667,
        "err_ucea_pct_of_validation": 8.65788507137063,
        "err_ucea_area_minus_validation_m2": 1.3463323062699146,
        "err_ucea_area_pct_of_validation": 0.7599370253484328,
        "err_workflow0_minus_validation_kwh_year": 37487.22637500026,
        "err_workflow0_abs_kwh_year": 37487.22637500026,
        "err_workflow0_pct_of_validation": 11.18467869714091
      },
      "geometry": {
        "type": "Polygon",
        "coordinates": [
          [
            [
              -9.1461623,
              38.751853
            ],
            [
              -9.1462452,
              38.75200980000001
            ],
            [
              -9.1461451,
              38.752042
            ],
            [
              -9.1460621,
              38.751885300000005
            ],
            [
              -9.1461623,
              38.751853
            ]
          ]
        ]
      }
    },
    {
      "type": "Feature",
      "properties": {
        "area_id": "EUA_1_Pro",
        "osm_uid": "cea/170",
        "osmid": "170",
        "element_type": "cea_zone",
        "building": "yes",
        "cea_name": "B1170",
        "intersection_area_m2": 142.77089203090168,
        "is_residential": true,
        "residential_source": "cea",
        "radiation_sum_kwh_year": 257397.78628125,
        "radiation_sum": 257397.78628125,
        "radiation_point_count": 234.0,
        "use_type1": "MULTI_RES",
        "use_type2": "NONE",
        "use_type3": "NONE",
        "resi_type": null,
        "comparison_status": "matched",
        "validation_radiation_kwh_year": 257397.78628125,
        "ucea_radiation_kwh_year": 247270.14000000025,
        "workflow0_radiation_kwh_year": 247201.88999999917,
        "validation_area_m2": 142.77089203090168,
        "ucea_roofs_top_m2": 144.59,
        "err_ucea_minus_validation_kwh_year": 10127.646281249763,
        "err_ucea_abs_kwh_year": 10127.646281249763,
        "err_ucea_pct_of_validation": 3.9346283538676667,
        "err_ucea_area_minus_validation_m2": 1.8191079690983258,
        "err_ucea_area_pct_of_validation": 1.2741448506916897,
        "err_workflow0_minus_validation_kwh_year": 10195.89628125084,
        "err_workflow0_abs_kwh_year": 10195.89628125084,
        "err_workflow0_pct_of_validation": 3.9611437334236133
      },
      "geometry": {
        "type": "Polygon",
        "coordinates": [
          [
            [
              -9.1454677,
              38.7513831
            ],
            [
              -9.1456555,
              38.75132229999999
            ],
            [
              -9.1456915,
              38.7513896
            ],
            [
              -9.1455033,
              38.7514502
            ],
            [
              -9.1454677,
              38.7513831
            ]
          ]
        ]
      }
    },
    {
      "type": "Feature",
      "properties": {
        "area_id": "EUA_1_Pro",
        "osm_uid": "cea/171",
        "osmid": "171",
        "element_type": "cea_zone",
        "building": "yes",
        "cea_name": "B1171",
        "intersection_area_m2": 150.53566437004977,
        "is_residential": true,
        "residential_source": "cea",
        "radiation_sum_kwh_year": 264161.807515625,
        "radiation_sum": 264161.807515625,
        "radiation_point_count": 249.0,
        "use_type1": "MULTI_RES",
        "use_type2": "NONE",
        "use_type3": "NONE",
        "resi_type": null,
        "comparison_status": "matched",
        "validation_radiation_kwh_year": 264161.807515625,
        "ucea_radiation_kwh_year": 259655.05000000037,
        "workflow0_radiation_kwh_year": 257694.81999999977,
        "validation_area_m2": 150.53566437004977,
        "ucea_roofs_top_m2": 152.82,
        "err_ucea_minus_validation_kwh_year": 4506.75751562466,
        "err_ucea_abs_kwh_year": 4506.75751562466,
        "err_ucea_pct_of_validation": 1.7060594633302877,
        "err_ucea_area_minus_validation_m2": 2.2843356299502204,
        "err_ucea_area_pct_of_validation": 1.5174713842792902,
        "err_workflow0_minus_validation_kwh_year": 6466.987515625253,
        "err_workflow0_abs_kwh_year": 6466.987515625253,
        "err_workflow0_pct_of_validation": 2.4481160151218053
      },
      "geometry": {
        "type": "Polygon",
        "coordinates": [
          [
            [
              -9.1458532,
              38.75125799999999
            ],
            [
              -9.1458892,
              38.7513252
            ],
            [
              -9.1456915,
              38.7513896
            ],
            [
              -9.1456555,
              38.75132229999999
            ],
            [
              -9.1458532,
              38.75125799999999
            ]
          ]
        ]
      }
    },
    {
      "type": "Feature",
      "properties": {
        "area_id": "EUA_1_Pro",
        "osm_uid": "cea/172",
        "osmid": "172",
        "element_type": "cea_zone",
        "building": "yes",
        "cea_name": "B1172",
        "intersection_area_m2": 136.5281056747924,
        "is_residential": true,
        "residential_source": "cea",
        "radiation_sum_kwh_year": 299422.51406250003,
        "radiation_sum": 299422.51406250003,
        "radiation_point_count": 225.0,
        "use_type1": "MULTI_RES",
        "use_type2": "NONE",
        "use_type3": "NONE",
        "resi_type": null,
        "comparison_status": "matched",
        "validation_radiation_kwh_year": 299422.51406250003,
        "ucea_radiation_kwh_year": 236830.1900000005,
        "workflow0_radiation_kwh_year": 235628.61000000048,
        "validation_area_m2": 136.5281056747924,
        "ucea_roofs_top_m2": 137.94,
        "err_ucea_minus_validation_kwh_year": 62592.32406249954,
        "err_ucea_abs_kwh_year": 62592.32406249954,
        "err_ucea_pct_of_validation": 20.904347910669905,
        "err_ucea_area_minus_validation_m2": 1.4118943252075837,
        "err_ucea_area_pct_of_validation": 1.0341418847271575,
        "err_workflow0_minus_validation_kwh_year": 63793.904062499554,
        "err_workflow0_abs_kwh_year": 63793.904062499554,
        "err_workflow0_pct_of_validation": 21.305647059386963
      },
      "geometry": {
        "type": "Polygon",
        "coordinates": [
          [
            [
              -9.1455831,
              38.7515002
            ],
            [
              -9.145663,
              38.7516471
            ],
            [
              -9.1456232,
              38.75166050000001
            ],
            [
              -9.1455815,
              38.7516743
            ],
            [
              -9.1455015,
              38.7515272
            ],
            [
              -9.1455831,
              38.7515002
            ]
          ]
        ]
      }
    },
    {
      "type": "Feature",
      "properties": {
        "area_id": "EUA_1_Pro",
        "osm_uid": "cea/173",
        "osmid": "173",
        "element_type": "cea_zone",
        "building": "yes",
        "cea_name": "B1173",
        "intersection_area_m2": 173.1160933427348,
        "is_residential": true,
        "residential_source": "cea",
        "radiation_sum_kwh_year": 371543.1326875,
        "radiation_sum": 371543.1326875,
        "radiation_point_count": 283.0,
        "use_type1": "MULTI_RES",
        "use_type2": "NONE",
        "use_type3": "NONE",
        "resi_type": null,
        "comparison_status": "matched",
        "validation_radiation_kwh_year": 371543.1326875,
        "ucea_radiation_kwh_year": 300317.37000000087,
        "workflow0_radiation_kwh_year": 298747.86000000034,
        "validation_area_m2": 173.1160933427348,
        "ucea_roofs_top_m2": 175.25,
        "err_ucea_minus_validation_kwh_year": 71225.76268749911,
        "err_ucea_abs_kwh_year": 71225.76268749911,
        "err_ucea_pct_of_validation": 19.170254116204095,
        "err_ucea_area_minus_validation_m2": 2.133906657265186,
        "err_ucea_area_pct_of_validation": 1.232644877816462,
        "err_workflow0_minus_validation_kwh_year": 72795.27268749964,
        "err_workflow0_abs_kwh_year": 72795.27268749964,
        "err_workflow0_pct_of_validation": 19.59268420894938
      },
      "geometry": {
        "type": "Polygon",
        "coordinates": [
          [
            [
              -9.1458064,
              38.75178389999999
            ],
            [
              -9.1457089,
              38.7518162
            ],
            [
              -9.1456232,
              38.75166050000001
            ],
            [
              -9.145663,
              38.7516471
            ],
            [
              -9.1457202,
              38.75162780000001
            ],
            [
              -9.1458064,
              38.75178389999999
            ]
          ]
        ]
      }
    },
    {
      "type": "Feature",
      "properties": {
        "area_id": "EUA_1_Pro",
        "osm_uid": "cea/174",
        "osmid": "174",
        "element_type": "cea_zone",
        "building": "yes",
        "cea_name": "B1174",
        "intersection_area_m2": 172.97653110219045,
        "is_residential": true,
        "residential_source": "cea",
        "radiation_sum_kwh_year": 366785.9440625,
        "radiation_sum": 366785.9440625,
        "radiation_point_count": 286.0,
        "use_type1": "MULTI_RES",
        "use_type2": "NONE",
        "use_type3": "NONE",
        "resi_type": null,
        "comparison_status": "matched",
        "validation_radiation_kwh_year": 366785.9440625,
        "ucea_radiation_kwh_year": 297189.3000000006,
        "workflow0_radiation_kwh_year": 300857.4600000006,
        "validation_area_m2": 172.97653110219045,
        "ucea_roofs_top_m2": 174.04,
        "err_ucea_minus_validation_kwh_year": 69596.6440624994,
        "err_ucea_abs_kwh_year": 69596.6440624994,
        "err_ucea_pct_of_validation": 18.974730408600443,
        "err_ucea_area_minus_validation_m2": 1.0634688978095426,
        "err_ucea_area_pct_of_validation": 0.6148053097337639,
        "err_workflow0_minus_validation_kwh_year": 65928.48406249942,
        "err_workflow0_abs_kwh_year": 65928.48406249942,
        "err_workflow0_pct_of_validation": 17.974648464518385
      },
      "geometry": {
        "type": "Polygon",
        "coordinates": [
          [
            [
              -9.1458915,
              38.7519387
            ],
            [
              -9.1457933,
              38.751971600000005
            ],
            [
              -9.1457089,
              38.7518162
            ],
            [
              -9.1458064,
              38.75178389999999
            ],
            [
              -9.1458915,
              38.7519387
            ]
          ]
        ]
      }
    },
    {
      "type": "Feature",
      "properties": {
        "area_id": "EUA_1_Pro",
        "osm_uid": "cea/175",
        "osmid": "175",
        "element_type": "cea_zone",
        "building": "yes",
        "cea_name": "B1175",
        "intersection_area_m2": 176.79396282302014,
        "is_residential": true,
        "residential_source": "cea",
        "radiation_sum_kwh_year": 343684.709640625,
        "radiation_sum": 343684.709640625,
        "radiation_point_count": 293.0,
        "use_type1": "MULTI_RES",
        "use_type2": "NONE",
        "use_type3": "NONE",
        "resi_type": null,
        "comparison_status": "matched",
        "validation_radiation_kwh_year": 343684.709640625,
        "ucea_radiation_kwh_year": 301045.6499999993,
        "workflow0_radiation_kwh_year": 304022.66000000085,
        "validation_area_m2": 176.79396282302014,
        "ucea_roofs_top_m2": 178.04,
        "err_ucea_minus_validation_kwh_year": 42639.059640625666,
        "err_ucea_abs_kwh_year": 42639.059640625666,
        "err_ucea_pct_of_validation": 12.406446503020554,
        "err_ucea_area_minus_validation_m2": 1.2460371769798542,
        "err_ucea_area_pct_of_validation": 0.7047962255516618,
        "err_workflow0_minus_validation_kwh_year": 39662.049640624144,
        "err_workflow0_abs_kwh_year": 39662.049640624144,
        "err_workflow0_pct_of_validation": 11.540242707363063
      },
      "geometry": {
        "type": "Polygon",
        "coordinates": [
          [
            [
              -9.1458915,
              38.7519387
            ],
            [
              -9.1459784,
              38.7520963
            ],
            [
              -9.1458802,
              38.75212919999999
            ],
            [
              -9.1457933,
              38.751971600000005
            ],
            [
              -9.1458915,
              38.7519387
            ]
          ]
        ]
      }
    },
    {
      "type": "Feature",
      "properties": {
        "area_id": "EUA_1_Pro",
        "osm_uid": "cea/179",
        "osmid": "179",
        "element_type": "cea_zone",
        "building": "yes",
        "cea_name": "B1179",
        "intersection_area_m2": 90.6691902210128,
        "is_residential": true,
        "residential_source": "cea",
        "radiation_sum_kwh_year": 191807.0495625,
        "radiation_sum": 191807.0495625,
        "radiation_point_count": 149.0,
        "use_type1": "MULTI_RES",
        "use_type2": "NONE",
        "use_type3": "NONE",
        "resi_type": null,
        "comparison_status": "matched",
        "validation_radiation_kwh_year": 191807.0495625,
        "ucea_radiation_kwh_year": 157674.42000000007,
        "workflow0_radiation_kwh_year": 156452.5300000002,
        "validation_area_m2": 90.6691902210128,
        "ucea_roofs_top_m2": 91.7,
        "err_ucea_minus_validation_kwh_year": 34132.62956249993,
        "err_ucea_abs_kwh_year": 34132.62956249993,
        "err_ucea_pct_of_validation": 17.795294615267974,
        "err_ucea_area_minus_validation_m2": 1.030809778987205,
        "err_ucea_area_pct_of_validation": 1.1368909069051247,
        "err_workflow0_minus_validation_kwh_year": 35354.5195624998,
        "err_workflow0_abs_kwh_year": 35354.5195624998,
        "err_workflow0_pct_of_validation": 18.43233585164949
      },
      "geometry": {
        "type": "Polygon",
        "coordinates": [
          [
            [
              -9.1461994,
              38.7511117
            ],
            [
              -9.1462581,
              38.7512212
            ],
            [
              -9.1461855,
              38.7512449
            ],
            [
              -9.146126,
              38.7511341
            ],
            [
              -9.1461994,
              38.7511117
            ]
          ]
        ]
      }
    },
    {
      "type": "Feature",
      "properties": {
        "area_id": "EUA_1_Pro",
        "osm_uid": "cea/180",
        "osmid": "180",
        "element_type": "cea_zone",
        "building": "yes",
        "cea_name": "B1180",
        "intersection_area_m2": 185.99539035435222,
        "is_residential": true,
        "residential_source": "cea",
        "radiation_sum_kwh_year": 402560.2909375,
        "radiation_sum": 402560.2909375,
        "radiation_point_count": 308.0,
        "use_type1": "MULTI_RES",
        "use_type2": "NONE",
        "use_type3": "NONE",
        "resi_type": null,
        "comparison_status": "matched",
        "validation_radiation_kwh_year": 402560.2909375,
        "ucea_radiation_kwh_year": 321169.4700000007,
        "workflow0_radiation_kwh_year": 321660.93000000075,
        "validation_area_m2": 185.99539035435222,
        "ucea_roofs_top_m2": 187.31,
        "err_ucea_minus_validation_kwh_year": 81390.82093749929,
        "err_ucea_abs_kwh_year": 81390.82093749929,
        "err_ucea_pct_of_validation": 20.21829345064134,
        "err_ucea_area_minus_validation_m2": 1.3146096456477778,
        "err_ucea_area_pct_of_validation": 0.7067968959570596,
        "err_workflow0_minus_validation_kwh_year": 80899.36093749927,
        "err_workflow0_abs_kwh_year": 80899.36093749927,
        "err_workflow0_pct_of_validation": 20.096209874326476
      },
      "geometry": {
        "type": "Polygon",
        "coordinates": [
          [
            [
              -9.1460971,
              38.75114289999999
            ],
            [
              -9.1460209,
              38.750991199999994
            ],
            [
              -9.1460151,
              38.75097950000001
            ],
            [
              -9.1460256,
              38.75097629999999
            ],
            [
              -9.1461174,
              38.7509482
            ],
            [
              -9.1461994,
              38.7511117
            ],
            [
              -9.146126,
              38.7511341
            ],
            [
              -9.1460971,
              38.75114289999999
            ]
          ]
        ]
      }
    },
    {
      "type": "Feature",
      "properties": {
        "area_id": "EUA_1_Pro",
        "osm_uid": "cea/181",
        "osmid": "181",
        "element_type": "cea_zone",
        "building": "yes",
        "cea_name": "B1181",
        "intersection_area_m2": 182.2500582624662,
        "is_residential": true,
        "residential_source": "cea",
        "radiation_sum_kwh_year": 347164.85315625,
        "radiation_sum": 347164.85315625,
        "radiation_point_count": 302.0,
        "use_type1": "MULTI_RES",
        "use_type2": "NONE",
        "use_type3": "NONE",
        "resi_type": null,
        "comparison_status": "matched",
        "validation_radiation_kwh_year": 347164.85315625,
        "ucea_radiation_kwh_year": 316625.7599999987,
        "workflow0_radiation_kwh_year": 282233.33999999973,
        "validation_area_m2": 182.2500582624662,
        "ucea_roofs_top_m2": 184.91,
        "err_ucea_minus_validation_kwh_year": 30539.0931562513,
        "err_ucea_abs_kwh_year": 30539.0931562513,
        "err_ucea_pct_of_validation": 8.796712247396322,
        "err_ucea_area_minus_validation_m2": 2.659941737533785,
        "err_ucea_area_pct_of_validation": 1.459501172670731,
        "err_workflow0_minus_validation_kwh_year": 64931.513156250294,
        "err_workflow0_abs_kwh_year": 64931.513156250294,
        "err_workflow0_pct_of_validation": 18.703366013559638
      },
      "geometry": {
        "type": "Polygon",
        "coordinates": [
          [
            [
              -9.1458161,
              38.75104029999999
            ],
            [
              -9.1457809,
              38.750977099999986
            ],
            [
              -9.1459906,
              38.75090889999999
            ],
            [
              -9.1460256,
              38.75097629999999
            ],
            [
              -9.1460151,
              38.75097950000001
            ],
            [
              -9.1460209,
              38.750991199999994
            ],
            [
              -9.145823100000001,
              38.751053799999994
            ],
            [
              -9.1458161,
              38.75104029999999
            ]
          ]
        ]
      }
    },
    {
      "type": "Feature",
      "properties": {
        "area_id": "EUA_1_Pro",
        "osm_uid": "cea/182",
        "osmid": "182",
        "element_type": "cea_zone",
        "building": "yes",
        "cea_name": "B1182",
        "intersection_area_m2": 137.66322829736882,
        "is_residential": true,
        "residential_source": "cea",
        "radiation_sum_kwh_year": 266747.127828125,
        "radiation_sum": 266747.127828125,
        "radiation_point_count": 227.0,
        "use_type1": "MULTI_RES",
        "use_type2": "NONE",
        "use_type3": "NONE",
        "resi_type": null,
        "comparison_status": "matched",
        "validation_radiation_kwh_year": 266747.127828125,
        "ucea_radiation_kwh_year": 238746.86000000016,
        "workflow0_radiation_kwh_year": 238359.60000000015,
        "validation_area_m2": 137.66322829736882,
        "ucea_roofs_top_m2": 137.66,
        "err_ucea_minus_validation_kwh_year": 28000.267828124866,
        "err_ucea_abs_kwh_year": 28000.267828124866,
        "err_ucea_pct_of_validation": 10.496933202657189,
        "err_ucea_area_minus_validation_m2": 0.0032282973688211314,
        "err_ucea_area_pct_of_validation": 0.0023450687658200403,
        "err_workflow0_minus_validation_kwh_year": 28387.527828124876,
        "err_workflow0_abs_kwh_year": 28387.527828124876,
        "err_workflow0_pct_of_validation": 10.642111897983023
      },
      "geometry": {
        "type": "Polygon",
        "coordinates": [
          [
            [
              -9.1455928,
              38.75103990000001
            ],
            [
              -9.1457809,
              38.750977099999986
            ],
            [
              -9.1458161,
              38.75104029999999
            ],
            [
              -9.1456292,
              38.75110469999999
            ],
            [
              -9.1455928,
              38.75103990000001
            ]
          ]
        ]
      }
    },
    {
      "type": "Feature",
      "properties": {
        "area_id": "EUA_1_Pro",
        "osm_uid": "cea/187",
        "osmid": "187",
        "element_type": "cea_zone",
        "building": "yes",
        "cea_name": "B1187",
        "intersection_area_m2": 260.2555420115263,
        "is_residential": true,
        "residential_source": "cea",
        "radiation_sum_kwh_year": 563315.7418125,
        "radiation_sum": 563315.7418125,
        "radiation_point_count": 430.0,
        "use_type1": "MULTI_RES",
        "use_type2": "NONE",
        "use_type3": "NONE",
        "resi_type": null,
        "comparison_status": "matched",
        "validation_radiation_kwh_year": 563315.7418125,
        "ucea_radiation_kwh_year": 456403.4299999994,
        "workflow0_radiation_kwh_year": 450292.62,
        "validation_area_m2": 260.2555420115263,
        "ucea_roofs_top_m2": 264.89,
        "err_ucea_minus_validation_kwh_year": 106912.31181250064,
        "err_ucea_abs_kwh_year": 106912.31181250064,
        "err_ucea_pct_of_validation": 18.979109560919472,
        "err_ucea_area_minus_validation_m2": 4.6344579884736845,
        "err_ucea_area_pct_of_validation": 1.7807336407339336,
        "err_workflow0_minus_validation_kwh_year": 113023.12181250006,
        "err_workflow0_abs_kwh_year": 113023.12181250006,
        "err_workflow0_pct_of_validation": 20.06390260794804
      },
      "geometry": {
        "type": "Polygon",
        "coordinates": [
          [
            [
              -9.1462111,
              38.75222039999999
            ],
            [
              -9.1461635,
              38.752134899999994
            ],
            [
              -9.146429200000002,
              38.752045200000005
            ],
            [
              -9.1464761,
              38.752131299999995
            ],
            [
              -9.1462111,
              38.75222039999999
            ]
          ]
        ]
      }
    },
    {
      "type": "Feature",
      "properties": {
        "area_id": "EUA_1_Pro",
        "osm_uid": "cea/188",
        "osmid": "188",
        "element_type": "cea_zone",
        "building": "yes",
        "cea_name": "B1188",
        "intersection_area_m2": 253.61051516371649,
        "is_residential": true,
        "residential_source": "cea",
        "radiation_sum_kwh_year": 523254.5668046875,
        "radiation_sum": 523254.5668046875,
        "radiation_point_count": 418.0,
        "use_type1": "MULTI_RES",
        "use_type2": "NONE",
        "use_type3": "NONE",
        "resi_type": null,
        "comparison_status": "matched",
        "validation_radiation_kwh_year": 523254.5668046875,
        "ucea_radiation_kwh_year": 434278.69000000233,
        "workflow0_radiation_kwh_year": 434795.069999998,
        "validation_area_m2": 253.61051516371649,
        "ucea_roofs_top_m2": 256.55,
        "err_ucea_minus_validation_kwh_year": 88975.87680468516,
        "err_ucea_abs_kwh_year": 88975.87680468516,
        "err_ucea_pct_of_validation": 17.004319207002112,
        "err_ucea_area_minus_validation_m2": 2.939484836283526,
        "err_ucea_area_pct_of_validation": 1.159054794863676,
        "err_workflow0_minus_validation_kwh_year": 88459.49680468946,
        "err_workflow0_abs_kwh_year": 88459.49680468946,
        "err_workflow0_pct_of_validation": 16.90563301623477
      },
      "geometry": {
        "type": "Polygon",
        "coordinates": [
          [
            [
              -9.1466879,
              38.7519595
            ],
            [
              -9.1467349,
              38.75204560000001
            ],
            [
              -9.1464761,
              38.752131299999995
            ],
            [
              -9.146429200000002,
              38.752045200000005
            ],
            [
              -9.1466879,
              38.7519595
            ]
          ]
        ]
      }
    },
    {
      "type": "Feature",
      "properties": {
        "area_id": "EUA_1_Pro",
        "osm_uid": "cea/189",
        "osmid": "189",
        "element_type": "cea_zone",
        "building": "yes",
        "cea_name": "B1189",
        "intersection_area_m2": 231.3998515584731,
        "is_residential": true,
        "residential_source": "cea",
        "radiation_sum_kwh_year": 472797.409234375,
        "radiation_sum": 472797.409234375,
        "radiation_point_count": 382.0,
        "use_type1": "MULTI_RES",
        "use_type2": "NONE",
        "use_type3": "NONE",
        "resi_type": null,
        "comparison_status": "matched",
        "validation_radiation_kwh_year": 472797.409234375,
        "ucea_radiation_kwh_year": 398225.2600000014,
        "workflow0_radiation_kwh_year": 399804.5899999996,
        "validation_area_m2": 231.3998515584731,
        "ucea_roofs_top_m2": 233.95,
        "err_ucea_minus_validation_kwh_year": 74572.14923437359,
        "err_ucea_abs_kwh_year": 74572.14923437359,
        "err_ucea_pct_of_validation": 15.772537619258973,
        "err_ucea_area_minus_validation_m2": 2.5501484415268862,
        "err_ucea_area_pct_of_validation": 1.1020527560202353,
        "err_workflow0_minus_validation_kwh_year": 72992.81923437538,
        "err_workflow0_abs_kwh_year": 72992.81923437538,
        "err_workflow0_pct_of_validation": 15.438498140794888
      },
      "geometry": {
        "type": "Polygon",
        "coordinates": [
          [
            [
              -9.146353900000001,
              38.75247439999999
            ],
            [
              -9.1465991,
              38.7523893
            ],
            [
              -9.1466449,
              38.75247300000001
            ],
            [
              -9.1463994,
              38.75255520000001
            ],
            [
              -9.146353900000001,
              38.75247439999999
            ]
          ]
        ]
      }
    },
    {
      "type": "Feature",
      "properties": {
        "area_id": "EUA_1_Pro",
        "osm_uid": "cea/190",
        "osmid": "190",
        "element_type": "cea_zone",
        "building": "yes",
        "cea_name": "B1190",
        "intersection_area_m2": 257.7667583610704,
        "is_residential": true,
        "residential_source": "cea",
        "radiation_sum_kwh_year": 512843.652609375,
        "radiation_sum": 512843.652609375,
        "radiation_point_count": 426.0,
        "use_type1": "MULTI_RES",
        "use_type2": "NONE",
        "use_type3": "NONE",
        "resi_type": null,
        "comparison_status": "matched",
        "validation_radiation_kwh_year": 512843.652609375,
        "ucea_radiation_kwh_year": 438217.5799999993,
        "workflow0_radiation_kwh_year": 442009.96000000095,
        "validation_area_m2": 257.7667583610704,
        "ucea_roofs_top_m2": 260.84,
        "err_ucea_minus_validation_kwh_year": 74626.0726093757,
        "err_ucea_abs_kwh_year": 74626.0726093757,
        "err_ucea_pct_of_validation": 14.551427560753533,
        "err_ucea_area_minus_validation_m2": 3.0732416389295736,
        "err_ucea_area_pct_of_validation": 1.1922567744847405,
        "err_workflow0_minus_validation_kwh_year": 70833.69260937406,
        "err_workflow0_abs_kwh_year": 70833.69260937406,
        "err_workflow0_pct_of_validation": 13.811946828037858
      },
      "geometry": {
        "type": "Polygon",
        "coordinates": [
          [
            [
              -9.1468693,
              38.752299400000005
            ],
            [
              -9.1469151,
              38.7523831
            ],
            [
              -9.1466449,
              38.75247300000001
            ],
            [
              -9.1465991,
              38.7523893
            ],
            [
              -9.1468693,
              38.752299400000005
            ]
          ]
        ]
      }
    },
    {
      "type": "Feature",
      "properties": {
        "area_id": "EUA_1_Pro",
        "osm_uid": "cea/191",
        "osmid": "191",
        "element_type": "cea_zone",
        "building": "yes",
        "cea_name": "B1191",
        "intersection_area_m2": 241.60142415078306,
        "is_residential": true,
        "residential_source": "cea",
        "radiation_sum_kwh_year": 525579.8390625,
        "radiation_sum": 525579.8390625,
        "radiation_point_count": 398.0,
        "use_type1": "MULTI_RES",
        "use_type2": "NONE",
        "use_type3": "NONE",
        "resi_type": null,
        "comparison_status": "matched",
        "validation_radiation_kwh_year": 525579.8390625,
        "ucea_radiation_kwh_year": 401771.24999999924,
        "workflow0_radiation_kwh_year": 400355.49999999785,
        "validation_area_m2": 241.60142415078306,
        "ucea_roofs_top_m2": 244.47,
        "err_ucea_minus_validation_kwh_year": 123808.5890625008,
        "err_ucea_abs_kwh_year": 123808.5890625008,
        "err_ucea_pct_of_validation": 23.556571211586743,
        "err_ucea_area_minus_validation_m2": 2.8685758492169384,
        "err_ucea_area_pct_of_validation": 1.1873174420638617,
        "err_workflow0_minus_validation_kwh_year": 125224.3390625022,
        "err_workflow0_abs_kwh_year": 125224.3390625022,
        "err_workflow0_pct_of_validation": 23.82594037204136
      },
      "geometry": {
        "type": "Polygon",
        "coordinates": [
          [
            [
              -9.145529700000003,
              38.7523431
            ],
            [
              -9.1457799,
              38.7522622
            ],
            [
              -9.145825,
              38.7523473
            ],
            [
              -9.1455758,
              38.752429
            ],
            [
              -9.145529700000003,
              38.7523431
            ]
          ]
        ]
      }
    },
    {
      "type": "Feature",
      "properties": {
        "area_id": "EUA_1_Pro",
        "osm_uid": "cea/192",
        "osmid": "192",
        "element_type": "cea_zone",
        "building": "yes",
        "cea_name": "B1192",
        "intersection_area_m2": 258.1596771816526,
        "is_residential": true,
        "residential_source": "cea",
        "radiation_sum_kwh_year": 546920.7775625,
        "radiation_sum": 546920.7775625,
        "radiation_point_count": 426.0,
        "use_type1": "MULTI_RES",
        "use_type2": "NONE",
        "use_type3": "NONE",
        "resi_type": null,
        "comparison_status": "matched",
        "validation_radiation_kwh_year": 546920.7775625,
        "ucea_radiation_kwh_year": 442098.61000000127,
        "workflow0_radiation_kwh_year": 440937.0300000006,
        "validation_area_m2": 258.1596771816526,
        "ucea_roofs_top_m2": 264.47,
        "err_ucea_minus_validation_kwh_year": 104822.16756249871,
        "err_ucea_abs_kwh_year": 104822.16756249871,
        "err_ucea_pct_of_validation": 19.165877740038876,
        "err_ucea_area_minus_validation_m2": 6.310322818347402,
        "err_ucea_area_pct_of_validation": 2.444348740762942,
        "err_workflow0_minus_validation_kwh_year": 105983.74756249937,
        "err_workflow0_abs_kwh_year": 105983.74756249937,
        "err_workflow0_pct_of_validation": 19.378263161777202
      },
      "geometry": {
        "type": "Polygon",
        "coordinates": [
          [
            [
              -9.1457799,
              38.7522622
            ],
            [
              -9.1460487,
              38.75217550000001
            ],
            [
              -9.1460938,
              38.752260500000006
            ],
            [
              -9.145825,
              38.7523473
            ],
            [
              -9.1457799,
              38.7522622
            ]
          ]
        ]
      }
    },
    {
      "type": "Feature",
      "properties": {
        "area_id": "EUA_1_Pro",
        "osm_uid": "cea/193",
        "osmid": "193",
        "element_type": "cea_zone",
        "building": "yes",
        "cea_name": "B1193",
        "intersection_area_m2": 235.85415400334225,
        "is_residential": true,
        "residential_source": "cea",
        "radiation_sum_kwh_year": 476830.56139843754,
        "radiation_sum": 476830.56139843754,
        "radiation_point_count": 387.0,
        "use_type1": "MULTI_RES",
        "use_type2": "NONE",
        "use_type3": "NONE",
        "resi_type": null,
        "comparison_status": "matched",
        "validation_radiation_kwh_year": 476830.56139843754,
        "ucea_radiation_kwh_year": 399247.6799999991,
        "workflow0_radiation_kwh_year": 401905.8999999998,
        "validation_area_m2": 235.85415400334225,
        "ucea_roofs_top_m2": 235.92,
        "err_ucea_minus_validation_kwh_year": 77582.88139843842,
        "err_ucea_abs_kwh_year": 77582.88139843842,
        "err_ucea_pct_of_validation": 16.270534583795374,
        "err_ucea_area_minus_validation_m2": 0.06584599665774249,
        "err_ucea_area_pct_of_validation": 0.027918099189726122,
        "err_workflow0_minus_validation_kwh_year": 74924.66139843775,
        "err_workflow0_abs_kwh_year": 74924.66139843775,
        "err_workflow0_pct_of_validation": 15.713057732436539
      },
      "geometry": {
        "type": "Polygon",
        "coordinates": [
          [
            [
              -9.1459671,
              38.75259859999999
            ],
            [
              -9.1460109,
              38.75268
            ],
            [
              -9.1457559,
              38.7527637
            ],
            [
              -9.1457119,
              38.75268209999999
            ],
            [
              -9.1459671,
              38.75259859999999
            ]
          ]
        ]
      }
    },
    {
      "type": "Feature",
      "properties": {
        "area_id": "EUA_1_Pro",
        "osm_uid": "cea/194",
        "osmid": "194",
        "element_type": "cea_zone",
        "building": "yes",
        "cea_name": "B1194",
        "intersection_area_m2": 245.01354357281775,
        "is_residential": true,
        "residential_source": "cea",
        "radiation_sum_kwh_year": 497980.33900000004,
        "radiation_sum": 497980.33900000004,
        "radiation_point_count": 403.0,
        "use_type1": "MULTI_RES",
        "use_type2": "NONE",
        "use_type3": "NONE",
        "resi_type": null,
        "comparison_status": "matched",
        "validation_radiation_kwh_year": 497980.33900000004,
        "ucea_radiation_kwh_year": 417814.1299999998,
        "workflow0_radiation_kwh_year": 421154.77999999904,
        "validation_area_m2": 245.01354357281775,
        "ucea_roofs_top_m2": 247.29,
        "err_ucea_minus_validation_kwh_year": 80166.20900000026,
        "err_ucea_abs_kwh_year": 80166.20900000026,
        "err_ucea_pct_of_validation": 16.098267887640493,
        "err_ucea_area_minus_validation_m2": 2.2764564271822394,
        "err_ucea_area_pct_of_validation": 0.9291145272978264,
        "err_workflow0_minus_validation_kwh_year": 76825.559000001,
        "err_workflow0_abs_kwh_year": 76825.559000001,
        "err_workflow0_pct_of_validation": 15.427428149929629
      },
      "geometry": {
        "type": "Polygon",
        "coordinates": [
          [
            [
              -9.1459671,
              38.75259859999999
            ],
            [
              -9.1462327,
              38.75251179999999
            ],
            [
              -9.1462765,
              38.7525931
            ],
            [
              -9.1460109,
              38.75268
            ],
            [
              -9.1459671,
              38.75259859999999
            ]
          ]
        ]
      }
    },
    {
      "type": "Feature",
      "properties": {
        "area_id": "EUA_1_Pro",
        "osm_uid": "cea/195",
        "osmid": "195",
        "element_type": "cea_zone",
        "building": "yes",
        "cea_name": "B1195",
        "intersection_area_m2": 145.95781184339836,
        "is_residential": true,
        "residential_source": "cea",
        "radiation_sum_kwh_year": 284257.5098125,
        "radiation_sum": 284257.5098125,
        "radiation_point_count": 242.0,
        "use_type1": "MULTI_RES",
        "use_type2": "NONE",
        "use_type3": "NONE",
        "resi_type": null,
        "comparison_status": "matched",
        "validation_radiation_kwh_year": 284257.5098125,
        "ucea_radiation_kwh_year": 253790.5099999996,
        "workflow0_radiation_kwh_year": 252340.89999999927,
        "validation_area_m2": 145.95781184339836,
        "ucea_roofs_top_m2": 147.91,
        "err_ucea_minus_validation_kwh_year": 30466.999812500377,
        "err_ucea_abs_kwh_year": 30466.999812500377,
        "err_ucea_pct_of_validation": 10.718098470853704,
        "err_ucea_area_minus_validation_m2": 1.9521881566016361,
        "err_ucea_area_pct_of_validation": 1.3375016602031453,
        "err_workflow0_minus_validation_kwh_year": 31916.609812500712,
        "err_workflow0_abs_kwh_year": 31916.609812500712,
        "err_workflow0_pct_of_validation": 11.228062130549631
      },
      "geometry": {
        "type": "Polygon",
        "coordinates": [
          [
            [
              -9.147837800000001,
              38.75298279999999
            ],
            [
              -9.1480259,
              38.7529207
            ],
            [
              -9.1480615,
              38.75299
            ],
            [
              -9.1478756,
              38.753051199999994
            ],
            [
              -9.147837800000001,
              38.75298279999999
            ]
          ]
        ]
      }
    },
    {
      "type": "Feature",
      "properties": {
        "area_id": "EUA_1_Pro",
        "osm_uid": "cea/196",
        "osmid": "196",
        "element_type": "cea_zone",
        "building": "yes",
        "cea_name": "B1196",
        "intersection_area_m2": 155.0237211642884,
        "is_residential": true,
        "residential_source": "cea",
        "radiation_sum_kwh_year": 305686.298265625,
        "radiation_sum": 305686.298265625,
        "radiation_point_count": 258.0,
        "use_type1": "MULTI_RES",
        "use_type2": "NONE",
        "use_type3": "NONE",
        "resi_type": null,
        "comparison_status": "matched",
        "validation_radiation_kwh_year": 305686.298265625,
        "ucea_radiation_kwh_year": 268623.59999999986,
        "workflow0_radiation_kwh_year": 267867.45999999944,
        "validation_area_m2": 155.0237211642884,
        "ucea_roofs_top_m2": 157.76,
        "err_ucea_minus_validation_kwh_year": 37062.698265625164,
        "err_ucea_abs_kwh_year": 37062.698265625164,
        "err_ucea_pct_of_validation": 12.124422480139971,
        "err_ucea_area_minus_validation_m2": 2.7362788357116017,
        "err_ucea_area_pct_of_validation": 1.7650710582619773,
        "err_workflow0_minus_validation_kwh_year": 37818.838265625585,
        "err_workflow0_abs_kwh_year": 37818.838265625585,
        "err_workflow0_pct_of_validation": 12.371780639236581
      },
      "geometry": {
        "type": "Polygon",
        "coordinates": [
          [
            [
              -9.1480259,
              38.7529207
            ],
            [
              -9.1482257,
              38.75285819999999
            ],
            [
              -9.1482614,
              38.752927500000006
            ],
            [
              -9.1480615,
              38.75299
            ],
            [
              -9.1480259,
              38.7529207
            ]
          ]
        ]
      }
    },
    {
      "type": "Feature",
      "properties": {
        "area_id": "EUA_1_Pro",
        "osm_uid": "cea/197",
        "osmid": "197",
        "element_type": "cea_zone",
        "building": "yes",
        "cea_name": "B1197",
        "intersection_area_m2": 140.4958613046705,
        "is_residential": true,
        "residential_source": "cea",
        "radiation_sum_kwh_year": 267973.521046875,
        "radiation_sum": 267973.521046875,
        "radiation_point_count": 231.0,
        "use_type1": "MULTI_RES",
        "use_type2": "NONE",
        "use_type3": "NONE",
        "resi_type": null,
        "comparison_status": "matched",
        "validation_radiation_kwh_year": 267973.521046875,
        "ucea_radiation_kwh_year": 245520.55000000008,
        "workflow0_radiation_kwh_year": 243484.85999999967,
        "validation_area_m2": 140.4958613046705,
        "ucea_roofs_top_m2": 142.3,
        "err_ucea_minus_validation_kwh_year": 22452.97104687491,
        "err_ucea_abs_kwh_year": 22452.97104687491,
        "err_ucea_pct_of_validation": 8.378802114163864,
        "err_ucea_area_minus_validation_m2": 1.8041386953294989,
        "err_ucea_area_pct_of_validation": 1.2841223069319863,
        "err_workflow0_minus_validation_kwh_year": 24488.66104687532,
        "err_workflow0_abs_kwh_year": 24488.66104687532,
        "err_workflow0_pct_of_validation": 9.138462991122047
      },
      "geometry": {
        "type": "Polygon",
        "coordinates": [
          [
            [
              -9.1472315,
              38.7532581
            ],
            [
              -9.1471961,
              38.75319249999999
            ],
            [
              -9.1473847,
              38.75313059999999
            ],
            [
              -9.1474201,
              38.7531963
            ],
            [
              -9.1472315,
              38.7532581
            ]
          ]
        ]
      }
    },
    {
      "type": "Feature",
      "properties": {
        "area_id": "EUA_1_Pro",
        "osm_uid": "cea/198",
        "osmid": "198",
        "element_type": "cea_zone",
        "building": "yes",
        "cea_name": "B1198",
        "intersection_area_m2": 149.5704646425458,
        "is_residential": true,
        "residential_source": "cea",
        "radiation_sum_kwh_year": 281720.35059375,
        "radiation_sum": 281720.35059375,
        "radiation_point_count": 247.0,
        "use_type1": "MULTI_RES",
        "use_type2": "NONE",
        "use_type3": "NONE",
        "resi_type": null,
        "comparison_status": "matched",
        "validation_radiation_kwh_year": 281720.35059375,
        "ucea_radiation_kwh_year": 259746.18999999974,
        "workflow0_radiation_kwh_year": 257451.46000000017,
        "validation_area_m2": 149.5704646425458,
        "ucea_roofs_top_m2": 153.43,
        "err_ucea_minus_validation_kwh_year": 21974.160593750275,
        "err_ucea_abs_kwh_year": 21974.160593750275,
        "err_ucea_pct_of_validation": 7.79999050385882,
        "err_ucea_area_minus_validation_m2": 3.859535357454206,
        "err_ucea_area_pct_of_validation": 2.5804127617561394,
        "err_workflow0_minus_validation_kwh_year": 24268.89059374985,
        "err_workflow0_abs_kwh_year": 24268.89059374985,
        "err_workflow0_pct_of_validation": 8.61453229864334
      },
      "geometry": {
        "type": "Polygon",
        "coordinates": [
          [
            [
              -9.1475835,
              38.75306570000001
            ],
            [
              -9.147619,
              38.75313319999999
            ],
            [
              -9.1474201,
              38.7531963
            ],
            [
              -9.1473847,
              38.75313059999999
            ],
            [
              -9.1475835,
              38.75306570000001
            ]
          ]
        ]
      }
    },
    {
      "type": "Feature",
      "properties": {
        "area_id": "EUA_1_Pro",
        "osm_uid": "cea/199",
        "osmid": "199",
        "element_type": "cea_zone",
        "building": "yes",
        "cea_name": "B1199",
        "intersection_area_m2": 168.26990672539043,
        "is_residential": true,
        "residential_source": "cea",
        "radiation_sum_kwh_year": 381723.2231875,
        "radiation_sum": 381723.2231875,
        "radiation_point_count": 277.0,
        "use_type1": "MULTI_RES",
        "use_type2": "NONE",
        "use_type3": "NONE",
        "resi_type": null,
        "comparison_status": "matched",
        "validation_radiation_kwh_year": 381723.2231875,
        "ucea_radiation_kwh_year": 292550.9600000003,
        "workflow0_radiation_kwh_year": 289867.32999999984,
        "validation_area_m2": 168.26990672539043,
        "ucea_roofs_top_m2": 170.33,
        "err_ucea_minus_validation_kwh_year": 89172.26318749972,
        "err_ucea_abs_kwh_year": 89172.26318749972,
        "err_ucea_pct_of_validation": 23.360450130040654,
        "err_ucea_area_minus_validation_m2": 2.060093274609585,
        "err_ucea_area_pct_of_validation": 1.224279085131706,
        "err_workflow0_minus_validation_kwh_year": 91855.89318750019,
        "err_workflow0_abs_kwh_year": 91855.89318750019,
        "err_workflow0_pct_of_validation": 24.063480450698478
      },
      "geometry": {
        "type": "Polygon",
        "coordinates": [
          [
            [
              -9.1478451,
              38.752182399999995
            ],
            [
              -9.1479291,
              38.75233690000001
            ],
            [
              -9.1478335,
              38.75236850000001
            ],
            [
              -9.1477492,
              38.7522142
            ],
            [
              -9.1478451,
              38.752182399999995
            ]
          ]
        ]
      }
    },
    {
      "type": "Feature",
      "properties": {
        "area_id": "EUA_1_Pro",
        "osm_uid": "cea/200",
        "osmid": "200",
        "element_type": "cea_zone",
        "building": "yes",
        "cea_name": "B1200",
        "intersection_area_m2": 168.17110196732688,
        "is_residential": true,
        "residential_source": "cea",
        "radiation_sum_kwh_year": 381905.5825625,
        "radiation_sum": 381905.5825625,
        "radiation_point_count": 277.0,
        "use_type1": "MULTI_RES",
        "use_type2": "NONE",
        "use_type3": "NONE",
        "resi_type": null,
        "comparison_status": "matched",
        "validation_radiation_kwh_year": 381905.5825625,
        "ucea_radiation_kwh_year": 290541.340000001,
        "workflow0_radiation_kwh_year": 289398.75,
        "validation_area_m2": 168.17110196732688,
        "ucea_roofs_top_m2": 168.73,
        "err_ucea_minus_validation_kwh_year": 91364.24256249901,
        "err_ucea_abs_kwh_year": 91364.24256249901,
        "err_ucea_pct_of_validation": 23.9232540015429,
        "err_ucea_area_minus_validation_m2": 0.5588980326731132,
        "err_ucea_area_pct_of_validation": 0.3323389251392898,
        "err_workflow0_minus_validation_kwh_year": 92506.83256250003,
        "err_workflow0_abs_kwh_year": 92506.83256250003,
        "err_workflow0_pct_of_validation": 24.222435278845655
      },
      "geometry": {
        "type": "Polygon",
        "coordinates": [
          [
            [
              -9.148013,
              38.7524917
            ],
            [
              -9.1479174,
              38.752523199999985
            ],
            [
              -9.1478335,
              38.75236850000001
            ],
            [
              -9.1479291,
              38.75233690000001
            ],
            [
              -9.148013,
              38.7524917
            ]
          ]
        ]
      }
    },
    {
      "type": "Feature",
      "properties": {
        "area_id": "EUA_1_Pro",
        "osm_uid": "cea/201",
        "osmid": "201",
        "element_type": "cea_zone",
        "building": "yes",
        "cea_name": "B1201",
        "intersection_area_m2": 171.08450891748635,
        "is_residential": true,
        "residential_source": "cea",
        "radiation_sum_kwh_year": 382365.685,
        "radiation_sum": 382365.685,
        "radiation_point_count": 282.0,
        "use_type1": "MULTI_RES",
        "use_type2": "NONE",
        "use_type3": "NONE",
        "resi_type": null,
        "comparison_status": "matched",
        "validation_radiation_kwh_year": 382365.685,
        "ucea_radiation_kwh_year": 295564.38000000047,
        "workflow0_radiation_kwh_year": 292574.28000000096,
        "validation_area_m2": 171.08450891748635,
        "ucea_roofs_top_m2": 172.94,
        "err_ucea_minus_validation_kwh_year": 86801.30499999953,
        "err_ucea_abs_kwh_year": 86801.30499999953,
        "err_ucea_pct_of_validation": 22.701123140796366,
        "err_ucea_area_minus_validation_m2": 1.8554910825136517,
        "err_ucea_area_pct_of_validation": 1.0845465169547002,
        "err_workflow0_minus_validation_kwh_year": 89791.40499999904,
        "err_workflow0_abs_kwh_year": 89791.40499999904,
        "err_workflow0_pct_of_validation": 23.483123230579398
      },
      "geometry": {
        "type": "Polygon",
        "coordinates": [
          [
            [
              -9.1480614,
              38.7526598
            ],
            [
              -9.1480025,
              38.75268160000001
            ],
            [
              -9.1479174,
              38.752523199999985
            ],
            [
              -9.148013,
              38.7524917
            ],
            [
              -9.1480979,
              38.75264800000001
            ],
            [
              -9.1480614,
              38.7526598
            ]
          ]
        ]
      }
    },
    {
      "type": "Feature",
      "properties": {
        "area_id": "EUA_1_Pro",
        "osm_uid": "cea/202",
        "osmid": "202",
        "element_type": "cea_zone",
        "building": "yes",
        "cea_name": "B1202",
        "intersection_area_m2": 144.32549262094253,
        "is_residential": true,
        "residential_source": "cea",
        "radiation_sum_kwh_year": 292072.828578125,
        "radiation_sum": 292072.828578125,
        "radiation_point_count": 240.0,
        "use_type1": "MULTI_RES",
        "use_type2": "NONE",
        "use_type3": "NONE",
        "resi_type": null,
        "comparison_status": "matched",
        "validation_radiation_kwh_year": 292072.828578125,
        "ucea_radiation_kwh_year": 248853.73000000019,
        "workflow0_radiation_kwh_year": 249197.88000000015,
        "validation_area_m2": 144.32549262094253,
        "ucea_roofs_top_m2": 146.7,
        "err_ucea_minus_validation_kwh_year": 43219.0985781248,
        "err_ucea_abs_kwh_year": 43219.0985781248,
        "err_ucea_pct_of_validation": 14.797370501229064,
        "err_ucea_area_minus_validation_m2": 2.3745073790574622,
        "err_ucea_area_pct_of_validation": 1.645244603663945,
        "err_workflow0_minus_validation_kwh_year": 42874.94857812484,
        "err_workflow0_abs_kwh_year": 42874.94857812484,
        "err_workflow0_pct_of_validation": 14.679540300564605
      },
      "geometry": {
        "type": "Polygon",
        "coordinates": [
          [
            [
              -9.1480979,
              38.75264800000001
            ],
            [
              -9.1481434,
              38.7526334
            ],
            [
              -9.148226,
              38.75278939999999
            ],
            [
              -9.1481441,
              38.7528158
            ],
            [
              -9.1480614,
              38.7526598
            ],
            [
              -9.1480979,
              38.75264800000001
            ]
          ]
        ]
      }
    },
    {
      "type": "Feature",
      "properties": {
        "area_id": "EUA_1_Pro",
        "osm_uid": "cea/203",
        "osmid": "203",
        "element_type": "cea_zone",
        "building": "yes",
        "cea_name": "B1203",
        "intersection_area_m2": 175.91130337677518,
        "is_residential": true,
        "residential_source": "cea",
        "radiation_sum_kwh_year": 418586.63215625,
        "radiation_sum": 418586.63215625,
        "radiation_point_count": 290.0,
        "use_type1": "MULTI_RES",
        "use_type2": "NONE",
        "use_type3": "NONE",
        "resi_type": null,
        "comparison_status": "matched",
        "validation_radiation_kwh_year": 418586.63215625,
        "ucea_radiation_kwh_year": 304617.2199999998,
        "workflow0_radiation_kwh_year": 302725.609999999,
        "validation_area_m2": 175.91130337677518,
        "ucea_roofs_top_m2": 177.05,
        "err_ucea_minus_validation_kwh_year": 113969.41215625021,
        "err_ucea_abs_kwh_year": 113969.41215625021,
        "err_ucea_pct_of_validation": 27.22719824308859,
        "err_ucea_area_minus_validation_m2": 1.1386966232248312,
        "err_ucea_area_pct_of_validation": 0.6473129363301441,
        "err_workflow0_minus_validation_kwh_year": 115861.02215625101,
        "err_workflow0_abs_kwh_year": 115861.02215625101,
        "err_workflow0_pct_of_validation": 27.679102306593112
      },
      "geometry": {
        "type": "Polygon",
        "coordinates": [
          [
            [
              -9.147581,
              38.7522667
            ],
            [
              -9.1476668,
              38.7524237
            ],
            [
              -9.1475682,
              38.752455399999995
            ],
            [
              -9.1474818,
              38.7523004
            ],
            [
              -9.147581,
              38.7522667
            ]
          ]
        ]
      }
    },
    {
      "type": "Feature",
      "properties": {
        "area_id": "EUA_1_Pro",
        "osm_uid": "cea/204",
        "osmid": "204",
        "element_type": "cea_zone",
        "building": "yes",
        "cea_name": "B1204",
        "intersection_area_m2": 176.92465514787213,
        "is_residential": true,
        "residential_source": "cea",
        "radiation_sum_kwh_year": 391010.18684375,
        "radiation_sum": 391010.18684375,
        "radiation_point_count": 292.0,
        "use_type1": "MULTI_RES",
        "use_type2": "NONE",
        "use_type3": "NONE",
        "resi_type": null,
        "comparison_status": "matched",
        "validation_radiation_kwh_year": 391010.18684375,
        "ucea_radiation_kwh_year": 307459.1999999988,
        "workflow0_radiation_kwh_year": 301006.9700000002,
        "validation_area_m2": 176.92465514787213,
        "ucea_roofs_top_m2": 178.33,
        "err_ucea_minus_validation_kwh_year": 83550.98684375122,
        "err_ucea_abs_kwh_year": 83550.98684375122,
        "err_ucea_pct_of_validation": 21.367982128081664,
        "err_ucea_area_minus_validation_m2": 1.4053448521278824,
        "err_ucea_area_pct_of_validation": 0.7943182655652528,
        "err_workflow0_minus_validation_kwh_year": 90003.2168437498,
        "err_workflow0_abs_kwh_year": 90003.2168437498,
        "err_workflow0_pct_of_validation": 23.018125837144908
      },
      "geometry": {
        "type": "Polygon",
        "coordinates": [
          [
            [
              -9.1476522,
              38.75261439999999
            ],
            [
              -9.1475682,
              38.752455399999995
            ],
            [
              -9.1476668,
              38.7524237
            ],
            [
              -9.1477509,
              38.7525826
            ],
            [
              -9.1476522,
              38.75261439999999
            ]
          ]
        ]
      }
    },
    {
      "type": "Feature",
      "properties": {
        "area_id": "EUA_1_Pro",
        "osm_uid": "cea/205",
        "osmid": "205",
        "element_type": "cea_zone",
        "building": "yes",
        "cea_name": "B1205",
        "intersection_area_m2": 174.74373677595116,
        "is_residential": true,
        "residential_source": "cea",
        "radiation_sum_kwh_year": 357237.259546875,
        "radiation_sum": 357237.259546875,
        "radiation_point_count": 288.0,
        "use_type1": "MULTI_RES",
        "use_type2": "NONE",
        "use_type3": "NONE",
        "resi_type": null,
        "comparison_status": "matched",
        "validation_radiation_kwh_year": 357237.259546875,
        "ucea_radiation_kwh_year": 303316.42999999993,
        "workflow0_radiation_kwh_year": 301650.05000000127,
        "validation_area_m2": 174.74373677595116,
        "ucea_roofs_top_m2": 176.54,
        "err_ucea_minus_validation_kwh_year": 53920.82954687509,
        "err_ucea_abs_kwh_year": 53920.82954687509,
        "err_ucea_pct_of_validation": 15.093842567057273,
        "err_ucea_area_minus_validation_m2": 1.796263224048829,
        "err_ucea_area_pct_of_validation": 1.0279414056206888,
        "err_workflow0_minus_validation_kwh_year": 55587.20954687375,
        "err_workflow0_abs_kwh_year": 55587.20954687375,
        "err_workflow0_pct_of_validation": 15.560305668390074
      },
      "geometry": {
        "type": "Polygon",
        "coordinates": [
          [
            [
              -9.147776,
              38.7527578
            ],
            [
              -9.1477358,
              38.7527708
            ],
            [
              -9.1476522,
              38.75261439999999
            ],
            [
              -9.1477509,
              38.7525826
            ],
            [
              -9.1478347,
              38.75273800000001
            ],
            [
              -9.147776,
              38.7527578
            ]
          ]
        ]
      }
    },
    {
      "type": "Feature",
      "properties": {
        "area_id": "EUA_1_Pro",
        "osm_uid": "cea/206",
        "osmid": "206",
        "element_type": "cea_zone",
        "building": "yes",
        "cea_name": "B1206",
        "intersection_area_m2": 144.10569131965207,
        "is_residential": true,
        "residential_source": "cea",
        "radiation_sum_kwh_year": 325187.18306250003,
        "radiation_sum": 325187.18306250003,
        "radiation_point_count": 237.0,
        "use_type1": "MULTI_RES",
        "use_type2": "NONE",
        "use_type3": "NONE",
        "resi_type": null,
        "comparison_status": "matched",
        "validation_radiation_kwh_year": 325187.18306250003,
        "ucea_radiation_kwh_year": 249544.79000000036,
        "workflow0_radiation_kwh_year": 249321.8700000003,
        "validation_area_m2": 144.10569131965207,
        "ucea_roofs_top_m2": 144.94,
        "err_ucea_minus_validation_kwh_year": 75642.39306249967,
        "err_ucea_abs_kwh_year": 75642.39306249967,
        "err_ucea_pct_of_validation": 23.261185250330556,
        "err_ucea_area_minus_validation_m2": 0.8343086803479309,
        "err_ucea_area_pct_of_validation": 0.578956093064559,
        "err_workflow0_minus_validation_kwh_year": 75865.31306249974,
        "err_workflow0_abs_kwh_year": 75865.31306249974,
        "err_workflow0_pct_of_validation": 23.329736537592456
      },
      "geometry": {
        "type": "Polygon",
        "coordinates": [
          [
            [
              -9.1477358,
              38.7527708
            ],
            [
              -9.147776,
              38.7527578
            ],
            [
              -9.1478583,
              38.75291279999999
            ],
            [
              -9.147776,
              38.7529394
            ],
            [
              -9.1476937,
              38.75278439999999
            ],
            [
              -9.1477358,
              38.7527708
            ]
          ]
        ]
      }
    },
    {
      "type": "Feature",
      "properties": {
        "area_id": "EUA_1_Pro",
        "osm_uid": "cea/207",
        "osmid": "207",
        "element_type": "cea_zone",
        "building": "yes",
        "cea_name": "B1207",
        "intersection_area_m2": 178.17608781563666,
        "is_residential": true,
        "residential_source": "cea",
        "radiation_sum_kwh_year": 396067.8980625,
        "radiation_sum": 396067.8980625,
        "radiation_point_count": 292.0,
        "use_type1": "MULTI_RES",
        "use_type2": "NONE",
        "use_type3": "NONE",
        "resi_type": null,
        "comparison_status": "matched",
        "validation_radiation_kwh_year": 396067.8980625,
        "ucea_radiation_kwh_year": 308633.2699999994,
        "workflow0_radiation_kwh_year": 308165.5500000011,
        "validation_area_m2": 178.17608781563666,
        "ucea_roofs_top_m2": 178.85,
        "err_ucea_minus_validation_kwh_year": 87434.62806250062,
        "err_ucea_abs_kwh_year": 87434.62806250062,
        "err_ucea_pct_of_validation": 22.07566644260155,
        "err_ucea_area_minus_validation_m2": 0.6739121843633313,
        "err_ucea_area_pct_of_validation": 0.37822818573760886,
        "err_workflow0_minus_validation_kwh_year": 87902.3480624989,
        "err_workflow0_abs_kwh_year": 87902.3480624989,
        "err_workflow0_pct_of_validation": 22.193757305881885
      },
      "geometry": {
        "type": "Polygon",
        "coordinates": [
          [
            [
              -9.1471118,
              38.7524268
            ],
            [
              -9.1472125,
              38.75239449999999
            ],
            [
              -9.1472951,
              38.7525516
            ],
            [
              -9.1471944,
              38.7525838
            ],
            [
              -9.1471118,
              38.7524268
            ]
          ]
        ]
      }
    },
    {
      "type": "Feature",
      "properties": {
        "area_id": "EUA_1_Pro",
        "osm_uid": "cea/208",
        "osmid": "208",
        "element_type": "cea_zone",
        "building": "yes",
        "cea_name": "B1208",
        "intersection_area_m2": 173.87833387032805,
        "is_residential": true,
        "residential_source": "cea",
        "radiation_sum_kwh_year": 390472.19337500003,
        "radiation_sum": 390472.19337500003,
        "radiation_point_count": 287.0,
        "use_type1": "MULTI_RES",
        "use_type2": "NONE",
        "use_type3": "NONE",
        "resi_type": null,
        "comparison_status": "matched",
        "validation_radiation_kwh_year": 390472.19337500003,
        "ucea_radiation_kwh_year": 301869.9600000007,
        "workflow0_radiation_kwh_year": 302189.95999999996,
        "validation_area_m2": 173.87833387032805,
        "ucea_roofs_top_m2": 174.65,
        "err_ucea_minus_validation_kwh_year": 88602.23337499931,
        "err_ucea_abs_kwh_year": 88602.23337499931,
        "err_ucea_pct_of_validation": 22.691048140759122,
        "err_ucea_area_minus_validation_m2": 0.7716661296719565,
        "err_ucea_area_pct_of_validation": 0.4437965975953256,
        "err_workflow0_minus_validation_kwh_year": 88282.23337500007,
        "err_workflow0_abs_kwh_year": 88282.23337500007,
        "err_workflow0_pct_of_validation": 22.609096082346625
      },
      "geometry": {
        "type": "Polygon",
        "coordinates": [
          [
            [
              -9.1472781,
              38.752738099999995
            ],
            [
              -9.1471944,
              38.7525838
            ],
            [
              -9.1472951,
              38.7525516
            ],
            [
              -9.1473766,
              38.7527065
            ],
            [
              -9.1472781,
              38.752738099999995
            ]
          ]
        ]
      }
    },
    {
      "type": "Feature",
      "properties": {
        "area_id": "EUA_1_Pro",
        "osm_uid": "cea/209",
        "osmid": "209",
        "element_type": "cea_zone",
        "building": "yes",
        "cea_name": "B1209",
        "intersection_area_m2": 181.6096663803425,
        "is_residential": true,
        "residential_source": "cea",
        "radiation_sum_kwh_year": 397127.274921875,
        "radiation_sum": 397127.274921875,
        "radiation_point_count": 299.0,
        "use_type1": "MULTI_RES",
        "use_type2": "NONE",
        "use_type3": "NONE",
        "resi_type": null,
        "comparison_status": "matched",
        "validation_radiation_kwh_year": 397127.274921875,
        "ucea_radiation_kwh_year": 314411.0199999991,
        "workflow0_radiation_kwh_year": 311015.5800000001,
        "validation_area_m2": 181.6096663803425,
        "ucea_roofs_top_m2": 181.83,
        "err_ucea_minus_validation_kwh_year": 82716.2549218759,
        "err_ucea_abs_kwh_year": 82716.2549218759,
        "err_ucea_pct_of_validation": 20.828651202098442,
        "err_ucea_area_minus_validation_m2": 0.22033361965750942,
        "err_ucea_area_pct_of_validation": 0.12132262783637734,
        "err_workflow0_minus_validation_kwh_year": 86111.6949218749,
        "err_workflow0_abs_kwh_year": 86111.6949218749,
        "err_workflow0_pct_of_validation": 21.683651655206827
      },
      "geometry": {
        "type": "Polygon",
        "coordinates": [
          [
            [
              -9.1474269,
              38.7528694
            ],
            [
              -9.1474349,
              38.75288449999999
            ],
            [
              -9.1474223,
              38.75288859999999
            ],
            [
              -9.147367,
              38.7529064
            ],
            [
              -9.1472781,
              38.752738099999995
            ],
            [
              -9.1473766,
              38.7527065
            ],
            [
              -9.1474574,
              38.75285959999999
            ],
            [
              -9.1474269,
              38.7528694
            ]
          ]
        ]
      }
    },
    {
      "type": "Feature",
      "properties": {
        "area_id": "EUA_1_Pro",
        "osm_uid": "cea/210",
        "osmid": "210",
        "element_type": "cea_zone",
        "building": "yes",
        "cea_name": "B1210",
        "intersection_area_m2": 165.9439743132166,
        "is_residential": true,
        "residential_source": "cea",
        "radiation_sum_kwh_year": 332740.90965625003,
        "radiation_sum": 332740.90965625003,
        "radiation_point_count": 272.0,
        "use_type1": "MULTI_RES",
        "use_type2": "NONE",
        "use_type3": "NONE",
        "resi_type": null,
        "comparison_status": "matched",
        "validation_radiation_kwh_year": 332740.90965625003,
        "ucea_radiation_kwh_year": 286832.6699999999,
        "workflow0_radiation_kwh_year": 277301.84000000096,
        "validation_area_m2": 165.9439743132166,
        "ucea_roofs_top_m2": 167.65,
        "err_ucea_minus_validation_kwh_year": 45908.23965625011,
        "err_ucea_abs_kwh_year": 45908.23965625011,
        "err_ucea_pct_of_validation": 13.796992892661523,
        "err_ucea_area_minus_validation_m2": 1.7060256867834198,
        "err_ucea_area_pct_of_validation": 1.0280732963303167,
        "err_workflow0_minus_validation_kwh_year": 55439.06965624908,
        "err_workflow0_abs_kwh_year": 55439.06965624908,
        "err_workflow0_pct_of_validation": 16.661332600647874
      },
      "geometry": {
        "type": "Polygon",
        "coordinates": [
          [
            [
              -9.1475076,
              38.7528438
            ],
            [
              -9.1475913,
              38.753004099999984
            ],
            [
              -9.147498,
              38.7530337
            ],
            [
              -9.1474223,
              38.75288859999999
            ],
            [
              -9.1474349,
              38.75288449999999
            ],
            [
              -9.1474269,
              38.7528694
            ],
            [
              -9.1474574,
              38.75285959999999
            ],
            [
              -9.1475076,
              38.7528438
            ]
          ]
        ]
      }
    },
    {
      "type": "Feature",
      "properties": {
        "area_id": "EUA_1_Pro",
        "osm_uid": "cea/211",
        "osmid": "211",
        "element_type": "cea_zone",
        "building": "yes",
        "cea_name": "B1211",
        "intersection_area_m2": 177.5257085635874,
        "is_residential": true,
        "residential_source": "cea",
        "radiation_sum_kwh_year": 391442.1318125,
        "radiation_sum": 391442.1318125,
        "radiation_point_count": 291.0,
        "use_type1": "MULTI_RES",
        "use_type2": "NONE",
        "use_type3": "NONE",
        "resi_type": null,
        "comparison_status": "matched",
        "validation_radiation_kwh_year": 391442.1318125,
        "ucea_radiation_kwh_year": 307754.5100000005,
        "workflow0_radiation_kwh_year": 304969.66999999975,
        "validation_area_m2": 177.5257085635874,
        "ucea_roofs_top_m2": 178.7,
        "err_ucea_minus_validation_kwh_year": 83687.62181249954,
        "err_ucea_abs_kwh_year": 83687.62181249954,
        "err_ucea_pct_of_validation": 21.379308717996086,
        "err_ucea_area_minus_validation_m2": 1.1742914364126023,
        "err_ucea_area_pct_of_validation": 0.6614768339268374,
        "err_workflow0_minus_validation_kwh_year": 86472.46181250026,
        "err_workflow0_abs_kwh_year": 86472.46181250026,
        "err_workflow0_pct_of_validation": 22.090739546125402
      },
      "geometry": {
        "type": "Polygon",
        "coordinates": [
          [
            [
              -9.1469402,
              38.7524779
            ],
            [
              -9.1470246,
              38.7526327
            ],
            [
              -9.1469228,
              38.7526658
            ],
            [
              -9.1468399,
              38.752511
            ],
            [
              -9.1469402,
              38.7524779
            ]
          ]
        ]
      }
    },
    {
      "type": "Feature",
      "properties": {
        "area_id": "EUA_1_Pro",
        "osm_uid": "cea/212",
        "osmid": "212",
        "element_type": "cea_zone",
        "building": "yes",
        "cea_name": "B1212",
        "intersection_area_m2": 182.2451198719885,
        "is_residential": true,
        "residential_source": "cea",
        "radiation_sum_kwh_year": 388661.693125,
        "radiation_sum": 388661.693125,
        "radiation_point_count": 299.0,
        "use_type1": "MULTI_RES",
        "use_type2": "NONE",
        "use_type3": "NONE",
        "resi_type": null,
        "comparison_status": "matched",
        "validation_radiation_kwh_year": 388661.693125,
        "ucea_radiation_kwh_year": 316169.9600000003,
        "workflow0_radiation_kwh_year": 306860.11999999994,
        "validation_area_m2": 182.2451198719885,
        "ucea_roofs_top_m2": 183.57,
        "err_ucea_minus_validation_kwh_year": 72491.73312499968,
        "err_ucea_abs_kwh_year": 72491.73312499968,
        "err_ucea_pct_of_validation": 18.651627985803362,
        "err_ucea_area_minus_validation_m2": 1.3248801280115003,
        "err_ucea_area_pct_of_validation": 0.7269770125763118,
        "err_workflow0_minus_validation_kwh_year": 81801.57312500005,
        "err_workflow0_abs_kwh_year": 81801.57312500005,
        "err_workflow0_pct_of_validation": 21.04698625359287
      },
      "geometry": {
        "type": "Polygon",
        "coordinates": [
          [
            [
              -9.1471078,
              38.7527913
            ],
            [
              -9.1470072,
              38.75282399999999
            ],
            [
              -9.1469228,
              38.7526658
            ],
            [
              -9.1470246,
              38.7526327
            ],
            [
              -9.1471085,
              38.752789899999996
            ],
            [
              -9.1471078,
              38.7527913
            ]
          ]
        ]
      }
    },
    {
      "type": "Feature",
      "properties": {
        "area_id": "EUA_1_Pro",
        "osm_uid": "cea/213",
        "osmid": "213",
        "element_type": "cea_zone",
        "building": "yes",
        "cea_name": "B1213",
        "intersection_area_m2": 183.0021981856258,
        "is_residential": true,
        "residential_source": "cea",
        "radiation_sum_kwh_year": 382211.53356250003,
        "radiation_sum": 382211.53356250003,
        "radiation_point_count": 302.0,
        "use_type1": "MULTI_RES",
        "use_type2": "NONE",
        "use_type3": "NONE",
        "resi_type": null,
        "comparison_status": "matched",
        "validation_radiation_kwh_year": 382211.53356250003,
        "ucea_radiation_kwh_year": 317454.92000000057,
        "workflow0_radiation_kwh_year": 313300.1199999991,
        "validation_area_m2": 183.0021981856258,
        "ucea_roofs_top_m2": 184.76,
        "err_ucea_minus_validation_kwh_year": 64756.613562499464,
        "err_ucea_abs_kwh_year": 64756.613562499464,
        "err_ucea_pct_of_validation": 16.9426110611888,
        "err_ucea_area_minus_validation_m2": 1.7578018143742042,
        "err_ucea_area_pct_of_validation": 0.9605359016459474,
        "err_workflow0_minus_validation_kwh_year": 68911.41356250091,
        "err_workflow0_abs_kwh_year": 68911.41356250091,
        "err_workflow0_pct_of_validation": 18.02965308770107
      },
      "geometry": {
        "type": "Polygon",
        "coordinates": [
          [
            [
              -9.147133300000002,
              38.7529721
            ],
            [
              -9.1470925,
              38.75298519999999
            ],
            [
              -9.1470072,
              38.75282399999999
            ],
            [
              -9.1471078,
              38.7527913
            ],
            [
              -9.1471928,
              38.7529531
            ],
            [
              -9.147133300000002,
              38.7529721
            ]
          ]
        ]
      }
    },
    {
      "type": "Feature",
      "properties": {
        "area_id": "EUA_1_Pro",
        "osm_uid": "cea/214",
        "osmid": "214",
        "element_type": "cea_zone",
        "building": "yes",
        "cea_name": "B1214",
        "intersection_area_m2": 146.18670826648344,
        "is_residential": true,
        "residential_source": "cea",
        "radiation_sum_kwh_year": 316954.26871875,
        "radiation_sum": 316954.26871875,
        "radiation_point_count": 242.0,
        "use_type1": "MULTI_RES",
        "use_type2": "NONE",
        "use_type3": "NONE",
        "resi_type": null,
        "comparison_status": "matched",
        "validation_radiation_kwh_year": 316954.26871875,
        "ucea_radiation_kwh_year": 255025.84999999954,
        "workflow0_radiation_kwh_year": 253615.05000000005,
        "validation_area_m2": 146.18670826648344,
        "ucea_roofs_top_m2": 151.02,
        "err_ucea_minus_validation_kwh_year": 61928.41871875044,
        "err_ucea_abs_kwh_year": 61928.41871875044,
        "err_ucea_pct_of_validation": 19.53859746678558,
        "err_ucea_area_minus_validation_m2": 4.833291733516575,
        "err_ucea_area_pct_of_validation": 3.3062456845980672,
        "err_workflow0_minus_validation_kwh_year": 63339.21871874994,
        "err_workflow0_abs_kwh_year": 63339.21871874994,
        "err_workflow0_pct_of_validation": 19.98370899839627
      },
      "geometry": {
        "type": "Polygon",
        "coordinates": [
          [
            [
              -9.147133300000002,
              38.7529721
            ],
            [
              -9.1472155,
              38.75312439999999
            ],
            [
              -9.1471311,
              38.753152099999994
            ],
            [
              -9.1470485,
              38.752999
            ],
            [
              -9.1470925,
              38.75298519999999
            ],
            [
              -9.147133300000002,
              38.7529721
            ]
          ]
        ]
      }
    },
    {
      "type": "Feature",
      "properties": {
        "area_id": "EUA_1_Pro",
        "osm_uid": "cea/215",
        "osmid": "215",
        "element_type": "cea_zone",
        "building": "yes",
        "cea_name": "B1215",
        "intersection_area_m2": 177.7261031522626,
        "is_residential": true,
        "residential_source": "cea",
        "radiation_sum_kwh_year": 401683.9165,
        "radiation_sum": 401683.9165,
        "radiation_point_count": 292.0,
        "use_type1": "MULTI_RES",
        "use_type2": "NONE",
        "use_type3": "NONE",
        "resi_type": null,
        "comparison_status": "matched",
        "validation_radiation_kwh_year": 401683.9165,
        "ucea_radiation_kwh_year": 307787.95999999985,
        "workflow0_radiation_kwh_year": 305953.1300000001,
        "validation_area_m2": 177.7261031522626,
        "ucea_roofs_top_m2": 179.8,
        "err_ucea_minus_validation_kwh_year": 93895.95650000015,
        "err_ucea_abs_kwh_year": 93895.95650000015,
        "err_ucea_pct_of_validation": 23.37558280106048,
        "err_ucea_area_minus_validation_m2": 2.073896847737416,
        "err_ucea_area_pct_of_validation": 1.1669061611960592,
        "err_workflow0_minus_validation_kwh_year": 95730.78649999987,
        "err_workflow0_abs_kwh_year": 95730.78649999987,
        "err_workflow0_pct_of_validation": 23.832367333532478
      },
      "geometry": {
        "type": "Polygon",
        "coordinates": [
          [
            [
              -9.1464666,
              38.75263679999999
            ],
            [
              -9.146570500000001,
              38.75260409999999
            ],
            [
              -9.1466498,
              38.7527563
            ],
            [
              -9.1465467,
              38.752789799999995
            ],
            [
              -9.1464666,
              38.75263679999999
            ]
          ]
        ]
      }
    },
    {
      "type": "Feature",
      "properties": {
        "area_id": "EUA_1_Pro",
        "osm_uid": "cea/216",
        "osmid": "216",
        "element_type": "cea_zone",
        "building": "yes",
        "cea_name": "B1216",
        "intersection_area_m2": 180.01351654135811,
        "is_residential": true,
        "residential_source": "cea",
        "radiation_sum_kwh_year": 394628.5514375,
        "radiation_sum": 394628.5514375,
        "radiation_point_count": 297.0,
        "use_type1": "MULTI_RES",
        "use_type2": "NONE",
        "use_type3": "NONE",
        "resi_type": null,
        "comparison_status": "matched",
        "validation_radiation_kwh_year": 394628.5514375,
        "ucea_radiation_kwh_year": 312860.9500000001,
        "workflow0_radiation_kwh_year": 307779.6900000007,
        "validation_area_m2": 180.01351654135811,
        "ucea_roofs_top_m2": 181.2,
        "err_ucea_minus_validation_kwh_year": 81767.60143749986,
        "err_ucea_abs_kwh_year": 81767.60143749986,
        "err_ucea_pct_of_validation": 20.720143319495715,
        "err_ucea_area_minus_validation_m2": 1.1864834586418738,
        "err_ucea_area_pct_of_validation": 0.6591079833548383,
        "err_workflow0_minus_validation_kwh_year": 86848.86143749929,
        "err_workflow0_abs_kwh_year": 86848.86143749929,
        "err_workflow0_pct_of_validation": 22.007749089906923
      },
      "geometry": {
        "type": "Polygon",
        "coordinates": [
          [
            [
              -9.1466379,
              38.7529499
            ],
            [
              -9.1465467,
              38.752789799999995
            ],
            [
              -9.1466498,
              38.7527563
            ],
            [
              -9.1467316,
              38.75291940000001
            ],
            [
              -9.1466379,
              38.7529499
            ]
          ]
        ]
      }
    },
    {
      "type": "Feature",
      "properties": {
        "area_id": "EUA_1_Pro",
        "osm_uid": "cea/217",
        "osmid": "217",
        "element_type": "cea_zone",
        "building": "yes",
        "cea_name": "B1217",
        "intersection_area_m2": 167.1863812934429,
        "is_residential": true,
        "residential_source": "cea",
        "radiation_sum_kwh_year": 373495.5214375,
        "radiation_sum": 373495.5214375,
        "radiation_point_count": 276.0,
        "use_type1": "MULTI_RES",
        "use_type2": "NONE",
        "use_type3": "NONE",
        "resi_type": null,
        "comparison_status": "matched",
        "validation_radiation_kwh_year": 373495.5214375,
        "ucea_radiation_kwh_year": 290044.55000000034,
        "workflow0_radiation_kwh_year": 290152.88999999926,
        "validation_area_m2": 167.1863812934429,
        "ucea_roofs_top_m2": 167.71,
        "err_ucea_minus_validation_kwh_year": 83450.97143749968,
        "err_ucea_abs_kwh_year": 83450.97143749968,
        "err_ucea_pct_of_validation": 22.343232153444763,
        "err_ucea_area_minus_validation_m2": 0.5236187065571016,
        "err_ucea_area_pct_of_validation": 0.31319459306799297,
        "err_workflow0_minus_validation_kwh_year": 83342.63143750076,
        "err_workflow0_abs_kwh_year": 83342.63143750076,
        "err_workflow0_pct_of_validation": 22.314225112187096
      },
      "geometry": {
        "type": "Polygon",
        "coordinates": [
          [
            [
              -9.1467793,
              38.75308890000001
            ],
            [
              -9.1467223,
              38.7531075
            ],
            [
              -9.1466379,
              38.7529499
            ],
            [
              -9.1467316,
              38.75291940000001
            ],
            [
              -9.146816,
              38.75307699999999
            ],
            [
              -9.1467793,
              38.75308890000001
            ]
          ]
        ]
      }
    },
    {
      "type": "Feature",
      "properties": {
        "area_id": "EUA_1_Pro",
        "osm_uid": "cea/218",
        "osmid": "218",
        "element_type": "cea_zone",
        "building": "yes",
        "cea_name": "B1218",
        "intersection_area_m2": 144.30366715892978,
        "is_residential": true,
        "residential_source": "cea",
        "radiation_sum_kwh_year": 270925.593546875,
        "radiation_sum": 270925.593546875,
        "radiation_point_count": 239.0,
        "use_type1": "MULTI_RES",
        "use_type2": "NONE",
        "use_type3": "NONE",
        "resi_type": null,
        "comparison_status": "matched",
        "validation_radiation_kwh_year": 270925.593546875,
        "ucea_radiation_kwh_year": 252034.26000000015,
        "workflow0_radiation_kwh_year": 250039.27000000046,
        "validation_area_m2": 144.30366715892978,
        "ucea_roofs_top_m2": 145.62,
        "err_ucea_minus_validation_kwh_year": 18891.33354687484,
        "err_ucea_abs_kwh_year": 18891.33354687484,
        "err_ucea_pct_of_validation": 6.972886282006539,
        "err_ucea_area_minus_validation_m2": 1.3163328410702206,
        "err_ucea_area_pct_of_validation": 0.9121963890359549,
        "err_workflow0_minus_validation_kwh_year": 20886.32354687454,
        "err_workflow0_abs_kwh_year": 20886.32354687454,
        "err_workflow0_pct_of_validation": 7.709247130711123
      },
      "geometry": {
        "type": "Polygon",
        "coordinates": [
          [
            [
              -9.1468657,
              38.753061100000004
            ],
            [
              -9.1469437,
              38.753209199999986
            ],
            [
              -9.1468572,
              38.75323689999999
            ],
            [
              -9.1467793,
              38.75308890000001
            ],
            [
              -9.146816,
              38.75307699999999
            ],
            [
              -9.1468657,
              38.753061100000004
            ]
          ]
        ]
      }
    },
    {
      "type": "Feature",
      "properties": {
        "area_id": "EUA_1_Pro",
        "osm_uid": "cea/219",
        "osmid": "219",
        "element_type": "cea_zone",
        "building": "yes",
        "cea_name": "B1219",
        "intersection_area_m2": 175.93186067812684,
        "is_residential": true,
        "residential_source": "cea",
        "radiation_sum_kwh_year": 387557.4593125,
        "radiation_sum": 387557.4593125,
        "radiation_point_count": 291.0,
        "use_type1": "MULTI_RES",
        "use_type2": "NONE",
        "use_type3": "NONE",
        "resi_type": null,
        "comparison_status": "matched",
        "validation_radiation_kwh_year": 387557.4593125,
        "ucea_radiation_kwh_year": 303429.3799999996,
        "workflow0_radiation_kwh_year": 301481.0799999995,
        "validation_area_m2": 175.93186067812684,
        "ucea_roofs_top_m2": 178.0,
        "err_ucea_minus_validation_kwh_year": 84128.07931250043,
        "err_ucea_abs_kwh_year": 84128.07931250043,
        "err_ucea_pct_of_validation": 21.707253283613166,
        "err_ucea_area_minus_validation_m2": 2.0681393218731614,
        "err_ucea_area_pct_of_validation": 1.1755342744068915,
        "err_workflow0_minus_validation_kwh_year": 86076.37931250053,
        "err_workflow0_abs_kwh_year": 86076.37931250053,
        "err_workflow0_pct_of_validation": 22.20996583711588
      },
      "geometry": {
        "type": "Polygon",
        "coordinates": [
          [
            [
              -9.1461991,
              38.7527254
            ],
            [
              -9.1463001,
              38.7526921
            ],
            [
              -9.1463826,
              38.75284849999999
            ],
            [
              -9.1462839,
              38.75288009999999
            ],
            [
              -9.1461991,
              38.7527254
            ]
          ]
        ]
      }
    },
    {
      "type": "Feature",
      "properties": {
        "area_id": "EUA_1_Pro",
        "osm_uid": "cea/220",
        "osmid": "220",
        "element_type": "cea_zone",
        "building": "yes",
        "cea_name": "B1220",
        "intersection_area_m2": 184.8359152582617,
        "is_residential": true,
        "residential_source": "cea",
        "radiation_sum_kwh_year": 403500.8696875,
        "radiation_sum": 403500.8696875,
        "radiation_point_count": 306.0,
        "use_type1": "MULTI_RES",
        "use_type2": "NONE",
        "use_type3": "NONE",
        "resi_type": null,
        "comparison_status": "matched",
        "validation_radiation_kwh_year": 403500.8696875,
        "ucea_radiation_kwh_year": 321701.4600000003,
        "workflow0_radiation_kwh_year": 323982.08000000013,
        "validation_area_m2": 184.8359152582617,
        "ucea_roofs_top_m2": 186.33,
        "err_ucea_minus_validation_kwh_year": 81799.40968749969,
        "err_ucea_abs_kwh_year": 81799.40968749969,
        "err_ucea_pct_of_validation": 20.272424629679488,
        "err_ucea_area_minus_validation_m2": 1.4940847417383054,
        "err_ucea_area_pct_of_validation": 0.8083303180827697,
        "err_workflow0_minus_validation_kwh_year": 79518.78968749987,
        "err_workflow0_abs_kwh_year": 79518.78968749987,
        "err_workflow0_pct_of_validation": 19.70721643031028
      },
      "geometry": {
        "type": "Polygon",
        "coordinates": [
          [
            [
              -9.146465,
              38.753001499999996
            ],
            [
              -9.1465581,
              38.7531692
            ],
            [
              -9.1464971,
              38.7531898
            ],
            [
              -9.1464905,
              38.75317810000001
            ],
            [
              -9.1464532,
              38.7531909
            ],
            [
              -9.1463657,
              38.753035100000005
            ],
            [
              -9.146465,
              38.753001499999996
            ]
          ]
        ]
      }
    },
    {
      "type": "Feature",
      "properties": {
        "area_id": "EUA_1_Pro",
        "osm_uid": "cea/221",
        "osmid": "221",
        "element_type": "cea_zone",
        "building": "yes",
        "cea_name": "B1221",
        "intersection_area_m2": 143.1194388419227,
        "is_residential": true,
        "residential_source": "cea",
        "radiation_sum_kwh_year": 288564.645359375,
        "radiation_sum": 288564.645359375,
        "radiation_point_count": 235.0,
        "use_type1": "MULTI_RES",
        "use_type2": "NONE",
        "use_type3": "NONE",
        "resi_type": null,
        "comparison_status": "matched",
        "validation_radiation_kwh_year": 288564.645359375,
        "ucea_radiation_kwh_year": 249127.26000000024,
        "workflow0_radiation_kwh_year": 237634.9100000003,
        "validation_area_m2": 143.1194388419227,
        "ucea_roofs_top_m2": 147.52,
        "err_ucea_minus_validation_kwh_year": 39437.38535937475,
        "err_ucea_abs_kwh_year": 39437.38535937475,
        "err_ucea_pct_of_validation": 13.666741921991136,
        "err_ucea_area_minus_validation_m2": 4.400561158077323,
        "err_ucea_area_pct_of_validation": 3.0747473534589536,
        "err_workflow0_minus_validation_kwh_year": 50929.735359374696,
        "err_workflow0_abs_kwh_year": 50929.735359374696,
        "err_workflow0_pct_of_validation": 17.64933306224933
      },
      "geometry": {
        "type": "Polygon",
        "coordinates": [
          [
            [
              -9.1464971,
              38.7531898
            ],
            [
              -9.1465745,
              38.7533271
            ],
            [
              -9.146491,
              38.75335569999999
            ],
            [
              -9.146407,
              38.75320670000001
            ],
            [
              -9.1464532,
              38.7531909
            ],
            [
              -9.1464905,
              38.75317810000001
            ],
            [
              -9.1464971,
              38.7531898
            ]
          ]
        ]
      }
    },
    {
      "type": "Feature",
      "properties": {
        "area_id": "EUA_1_Pro",
        "osm_uid": "cea/222",
        "osmid": "222",
        "element_type": "cea_zone",
        "building": "yes",
        "cea_name": "B1222",
        "intersection_area_m2": 176.161158604652,
        "is_residential": true,
        "residential_source": "cea",
        "radiation_sum_kwh_year": 391723.7508125,
        "radiation_sum": 391723.7508125,
        "radiation_point_count": 292.0,
        "use_type1": "MULTI_RES",
        "use_type2": "NONE",
        "use_type3": "NONE",
        "resi_type": null,
        "comparison_status": "matched",
        "validation_radiation_kwh_year": 391723.7508125,
        "ucea_radiation_kwh_year": 299969.5800000005,
        "workflow0_radiation_kwh_year": 295965.75999999885,
        "validation_area_m2": 176.161158604652,
        "ucea_roofs_top_m2": 177.39,
        "err_ucea_minus_validation_kwh_year": 91754.17081249953,
        "err_ucea_abs_kwh_year": 91754.17081249953,
        "err_ucea_pct_of_validation": 23.42318295027712,
        "err_ucea_area_minus_validation_m2": 1.2288413953479846,
        "err_ucea_area_pct_of_validation": 0.6975665947485054,
        "err_workflow0_minus_validation_kwh_year": 95757.99081250117,
        "err_workflow0_abs_kwh_year": 95757.99081250117,
        "err_workflow0_pct_of_validation": 24.445285896983073
      },
      "geometry": {
        "type": "Polygon",
        "coordinates": [
          [
            [
              -9.1458012,
              38.752858700000004
            ],
            [
              -9.145901,
              38.75282639999999
            ],
            [
              -9.1459842,
              38.752982599999996
            ],
            [
              -9.1458845,
              38.7530149
            ],
            [
              -9.1458012,
              38.752858700000004
            ]
          ]
        ]
      }
    },
    {
      "type": "Feature",
      "properties": {
        "area_id": "EUA_1_Pro",
        "osm_uid": "cea/223",
        "osmid": "223",
        "element_type": "cea_zone",
        "building": "yes",
        "cea_name": "B1223",
        "intersection_area_m2": 177.55295425343468,
        "is_residential": true,
        "residential_source": "cea",
        "radiation_sum_kwh_year": 412931.2,
        "radiation_sum": 412931.2,
        "radiation_point_count": 292.0,
        "use_type1": "MULTI_RES",
        "use_type2": "NONE",
        "use_type3": "NONE",
        "resi_type": null,
        "comparison_status": "matched",
        "validation_radiation_kwh_year": 412931.2,
        "ucea_radiation_kwh_year": 302644.8399999996,
        "workflow0_radiation_kwh_year": 296763.4800000008,
        "validation_area_m2": 177.55295425343468,
        "ucea_roofs_top_m2": 178.81,
        "err_ucea_minus_validation_kwh_year": 110286.3600000004,
        "err_ucea_abs_kwh_year": 110286.3600000004,
        "err_ucea_pct_of_validation": 26.70816833409546,
        "err_ucea_area_minus_validation_m2": 1.2570457465653249,
        "err_ucea_area_pct_of_validation": 0.707983571352493,
        "err_workflow0_minus_validation_kwh_year": 116167.71999999922,
        "err_workflow0_abs_kwh_year": 116167.71999999922,
        "err_workflow0_pct_of_validation": 28.13246371308325
      },
      "geometry": {
        "type": "Polygon",
        "coordinates": [
          [
            [
              -9.1459718,
              38.7531748
            ],
            [
              -9.1458845,
              38.7530149
            ],
            [
              -9.1459842,
              38.752982599999996
            ],
            [
              -9.1460678,
              38.7531438
            ],
            [
              -9.1459718,
              38.7531748
            ]
          ]
        ]
      }
    },
    {
      "type": "Feature",
      "properties": {
        "area_id": "EUA_1_Pro",
        "osm_uid": "cea/224",
        "osmid": "224",
        "element_type": "cea_zone",
        "building": "yes",
        "cea_name": "B1224",
        "intersection_area_m2": 168.40255887046447,
        "is_residential": true,
        "residential_source": "cea",
        "radiation_sum_kwh_year": 368643.902671875,
        "radiation_sum": 368643.902671875,
        "radiation_point_count": 278.0,
        "use_type1": "MULTI_RES",
        "use_type2": "NONE",
        "use_type3": "NONE",
        "resi_type": null,
        "comparison_status": "matched",
        "validation_radiation_kwh_year": 368643.902671875,
        "ucea_radiation_kwh_year": 283288.60999999876,
        "workflow0_radiation_kwh_year": 280520.5799999998,
        "validation_area_m2": 168.40255887046447,
        "ucea_roofs_top_m2": 169.25,
        "err_ucea_minus_validation_kwh_year": 85355.29267187626,
        "err_ucea_abs_kwh_year": 85355.29267187626,
        "err_ucea_pct_of_validation": 23.153859877576725,
        "err_ucea_area_minus_validation_m2": 0.8474411295355253,
        "err_ucea_area_pct_of_validation": 0.5032234279690361,
        "err_workflow0_minus_validation_kwh_year": 88123.32267187524,
        "err_workflow0_abs_kwh_year": 88123.32267187524,
        "err_workflow0_pct_of_validation": 23.90472812195476
      },
      "geometry": {
        "type": "Polygon",
        "coordinates": [
          [
            [
              -9.1461077,
              38.7533039
            ],
            [
              -9.1461145,
              38.753316600000005
            ],
            [
              -9.1460571,
              38.7533352
            ],
            [
              -9.1459718,
              38.7531748
            ],
            [
              -9.1460678,
              38.7531438
            ],
            [
              -9.1461463,
              38.75329130000001
            ],
            [
              -9.1461077,
              38.7533039
            ]
          ]
        ]
      }
    },
    {
      "type": "Feature",
      "properties": {
        "area_id": "EUA_1_Pro",
        "osm_uid": "cea/225",
        "osmid": "225",
        "element_type": "cea_zone",
        "building": "yes",
        "cea_name": "B1225",
        "intersection_area_m2": 153.9299155486634,
        "is_residential": true,
        "residential_source": "cea",
        "radiation_sum_kwh_year": 297425.09359375003,
        "radiation_sum": 297425.09359375003,
        "radiation_point_count": 253.0,
        "use_type1": "MULTI_RES",
        "use_type2": "NONE",
        "use_type3": "NONE",
        "resi_type": null,
        "comparison_status": "matched",
        "validation_radiation_kwh_year": 297425.09359375003,
        "ucea_radiation_kwh_year": 263575.3800000006,
        "workflow0_radiation_kwh_year": 264684.699999999,
        "validation_area_m2": 153.9299155486634,
        "ucea_roofs_top_m2": 155.43,
        "err_ucea_minus_validation_kwh_year": 33849.713593749446,
        "err_ucea_abs_kwh_year": 33849.713593749446,
        "err_ucea_pct_of_validation": 11.380920548682564,
        "err_ucea_area_minus_validation_m2": 1.500084451336619,
        "err_ucea_area_pct_of_validation": 0.9745243125676779,
        "err_workflow0_minus_validation_kwh_year": 32740.39359375101,
        "err_workflow0_abs_kwh_year": 32740.39359375101,
        "err_workflow0_pct_of_validation": 11.00794596654672
      },
      "geometry": {
        "type": "Polygon",
        "coordinates": [
          [
            [
              -9.1461463,
              38.75329130000001
            ],
            [
              -9.1461943,
              38.7532757
            ],
            [
              -9.1462785,
              38.753432499999995
            ],
            [
              -9.1461919,
              38.75346079999999
            ],
            [
              -9.1461145,
              38.753316600000005
            ],
            [
              -9.1461077,
              38.7533039
            ],
            [
              -9.1461463,
              38.75329130000001
            ]
          ]
        ]
      }
    },
    {
      "type": "Feature",
      "properties": {
        "area_id": "EUA_1_Pro",
        "osm_uid": "cea/226",
        "osmid": "226",
        "element_type": "cea_zone",
        "building": "yes",
        "cea_name": "B1226",
        "intersection_area_m2": 175.14886624630083,
        "is_residential": true,
        "residential_source": "cea",
        "radiation_sum_kwh_year": 389524.2740625,
        "radiation_sum": 389524.2740625,
        "radiation_point_count": 288.0,
        "use_type1": "MULTI_RES",
        "use_type2": "NONE",
        "use_type3": "NONE",
        "resi_type": null,
        "comparison_status": "matched",
        "validation_radiation_kwh_year": 389524.2740625,
        "ucea_radiation_kwh_year": 278093.7099999993,
        "workflow0_radiation_kwh_year": 277170.6900000001,
        "validation_area_m2": 175.14886624630083,
        "ucea_roofs_top_m2": 177.26,
        "err_ucea_minus_validation_kwh_year": 111430.56406250066,
        "err_ucea_abs_kwh_year": 111430.56406250066,
        "err_ucea_pct_of_validation": 28.606834408635955,
        "err_ucea_area_minus_validation_m2": 2.111133753699164,
        "err_ucea_area_pct_of_validation": 1.2053368080215887,
        "err_workflow0_minus_validation_kwh_year": 112353.58406249987,
        "err_workflow0_abs_kwh_year": 112353.58406249987,
        "err_workflow0_pct_of_validation": 28.843795250735134
      },
      "geometry": {
        "type": "Polygon",
        "coordinates": [
          [
            [
              -9.1455323,
              38.75294449999999
            ],
            [
              -9.1456334,
              38.75291130000001
            ],
            [
              -9.1457155,
              38.753064499999994
            ],
            [
              -9.145614,
              38.75309690000001
            ],
            [
              -9.1455323,
              38.75294449999999
            ]
          ]
        ]
      }
    },
    {
      "type": "Feature",
      "properties": {
        "area_id": "EUA_1_Pro",
        "osm_uid": "cea/227",
        "osmid": "227",
        "element_type": "cea_zone",
        "building": "yes",
        "cea_name": "B1227",
        "intersection_area_m2": 179.70313589810428,
        "is_residential": true,
        "residential_source": "cea",
        "radiation_sum_kwh_year": 393954.50821875,
        "radiation_sum": 393954.50821875,
        "radiation_point_count": 297.0,
        "use_type1": "MULTI_RES",
        "use_type2": "NONE",
        "use_type3": "NONE",
        "resi_type": null,
        "comparison_status": "matched",
        "validation_radiation_kwh_year": 393954.50821875,
        "ucea_radiation_kwh_year": 285276.88000000006,
        "workflow0_radiation_kwh_year": 282806.2999999991,
        "validation_area_m2": 179.70313589810428,
        "ucea_roofs_top_m2": 180.35,
        "err_ucea_minus_validation_kwh_year": 108677.62821874995,
        "err_ucea_abs_kwh_year": 108677.62821874995,
        "err_ucea_pct_of_validation": 27.58633952689909,
        "err_ucea_area_minus_validation_m2": 0.6468641018957157,
        "err_ucea_area_pct_of_validation": 0.359962612039504,
        "err_workflow0_minus_validation_kwh_year": 111148.2082187509,
        "err_workflow0_abs_kwh_year": 111148.2082187509,
        "err_workflow0_pct_of_validation": 28.213462696823342
      },
      "geometry": {
        "type": "Polygon",
        "coordinates": [
          [
            [
              -9.1456965,
              38.7532541
            ],
            [
              -9.145614,
              38.75309690000001
            ],
            [
              -9.1457155,
              38.753064499999994
            ],
            [
              -9.1457981,
              38.75322160000001
            ],
            [
              -9.1456965,
              38.7532541
            ]
          ]
        ]
      }
    },
    {
      "type": "Feature",
      "properties": {
        "area_id": "EUA_1_Pro",
        "osm_uid": "cea/228",
        "osmid": "228",
        "element_type": "cea_zone",
        "building": "yes",
        "cea_name": "B1228",
        "intersection_area_m2": 186.09129056612096,
        "is_residential": true,
        "residential_source": "cea",
        "radiation_sum_kwh_year": 414681.57975000003,
        "radiation_sum": 414681.57975000003,
        "radiation_point_count": 307.0,
        "use_type1": "MULTI_RES",
        "use_type2": "NONE",
        "use_type3": "NONE",
        "resi_type": null,
        "comparison_status": "matched",
        "validation_radiation_kwh_year": 414681.57975000003,
        "ucea_radiation_kwh_year": 299313.3299999997,
        "workflow0_radiation_kwh_year": 293704.40000000055,
        "validation_area_m2": 186.09129056612096,
        "ucea_roofs_top_m2": 187.61,
        "err_ucea_minus_validation_kwh_year": 115368.24975000031,
        "err_ucea_abs_kwh_year": 115368.24975000031,
        "err_ucea_pct_of_validation": 27.820924628374527,
        "err_ucea_area_minus_validation_m2": 1.518709433879053,
        "err_ucea_area_pct_of_validation": 0.8161098938369893,
        "err_workflow0_minus_validation_kwh_year": 120977.17974999949,
        "err_workflow0_abs_kwh_year": 120977.17974999949,
        "err_workflow0_pct_of_validation": 29.17351183598106
      },
      "geometry": {
        "type": "Polygon",
        "coordinates": [
          [
            [
              -9.1458268,
              38.75340229999999
            ],
            [
              -9.1457827,
              38.7534165
            ],
            [
              -9.1456965,
              38.7532541
            ],
            [
              -9.1457981,
              38.75322160000001
            ],
            [
              -9.1458844,
              38.7533844
            ],
            [
              -9.1458268,
              38.75340229999999
            ]
          ]
        ]
      }
    },
    {
      "type": "Feature",
      "properties": {
        "area_id": "EUA_1_Pro",
        "osm_uid": "cea/229",
        "osmid": "229",
        "element_type": "cea_zone",
        "building": "yes",
        "cea_name": "B1229",
        "intersection_area_m2": 147.51831388679537,
        "is_residential": true,
        "residential_source": "cea",
        "radiation_sum_kwh_year": 289105.289671875,
        "radiation_sum": 289105.289671875,
        "radiation_point_count": 243.0,
        "use_type1": "MULTI_RES",
        "use_type2": "NONE",
        "use_type3": "NONE",
        "resi_type": null,
        "comparison_status": "matched",
        "validation_radiation_kwh_year": 289105.289671875,
        "ucea_radiation_kwh_year": 237257.2999999996,
        "workflow0_radiation_kwh_year": 233926.23999999982,
        "validation_area_m2": 147.51831388679537,
        "ucea_roofs_top_m2": 149.27,
        "err_ucea_minus_validation_kwh_year": 51847.9896718754,
        "err_ucea_abs_kwh_year": 51847.9896718754,
        "err_ucea_pct_of_validation": 17.933947085755907,
        "err_ucea_area_minus_validation_m2": 1.7516861132046415,
        "err_ucea_area_pct_of_validation": 1.1874363711538043,
        "err_workflow0_minus_validation_kwh_year": 55179.0496718752,
        "err_workflow0_abs_kwh_year": 55179.0496718752,
        "err_workflow0_pct_of_validation": 19.08614322985982
      },
      "geometry": {
        "type": "Polygon",
        "coordinates": [
          [
            [
              -9.1458268,
              38.75340229999999
            ],
            [
              -9.1459081,
              38.753556200000006
            ],
            [
              -9.145823100000001,
              38.7535835
            ],
            [
              -9.1457418,
              38.75342959999999
            ],
            [
              -9.1457827,
              38.7534165
            ],
            [
              -9.1458268,
              38.75340229999999
            ]
          ]
        ]
      }
    },
    {
      "type": "Feature",
      "properties": {
        "area_id": "EUA_1_Pro",
        "osm_uid": "cea/230",
        "osmid": "230",
        "element_type": "cea_zone",
        "building": "yes",
        "cea_name": "B1230",
        "intersection_area_m2": 152.28844867323235,
        "is_residential": true,
        "residential_source": "cea",
        "radiation_sum_kwh_year": 275351.52271875,
        "radiation_sum": 275351.52271875,
        "radiation_point_count": 251.0,
        "use_type1": "MULTI_RES",
        "use_type2": "NONE",
        "use_type3": "NONE",
        "resi_type": null,
        "comparison_status": "matched",
        "validation_radiation_kwh_year": 275351.52271875,
        "ucea_radiation_kwh_year": 261262.52000000002,
        "workflow0_radiation_kwh_year": 258980.74000000046,
        "validation_area_m2": 152.28844867323235,
        "ucea_roofs_top_m2": 154.83,
        "err_ucea_minus_validation_kwh_year": 14089.00271874998,
        "err_ucea_abs_kwh_year": 14089.00271874998,
        "err_ucea_pct_of_validation": 5.116733177880695,
        "err_ucea_area_minus_validation_m2": 2.54155132676766,
        "err_ucea_area_pct_of_validation": 1.6689061770017146,
        "err_workflow0_minus_validation_kwh_year": 16370.782718749542,
        "err_workflow0_abs_kwh_year": 16370.782718749542,
        "err_workflow0_pct_of_validation": 5.945412088921336
      },
      "geometry": {
        "type": "Polygon",
        "coordinates": [
          [
            [
              -9.1459194,
              38.7536899
            ],
            [
              -9.1458828,
              38.753623399999995
            ],
            [
              -9.1460835,
              38.75355629999999
            ],
            [
              -9.1461201,
              38.75362269999999
            ],
            [
              -9.1459194,
              38.7536899
            ]
          ]
        ]
      }
    },
    {
      "type": "Feature",
      "properties": {
        "area_id": "EUA_1_Pro",
        "osm_uid": "cea/231",
        "osmid": "231",
        "element_type": "cea_zone",
        "building": "yes",
        "cea_name": "B1231",
        "intersection_area_m2": 137.87260044488872,
        "is_residential": true,
        "residential_source": "cea",
        "radiation_sum_kwh_year": 266760.782484375,
        "radiation_sum": 266760.782484375,
        "radiation_point_count": 225.0,
        "use_type1": "MULTI_RES",
        "use_type2": "NONE",
        "use_type3": "NONE",
        "resi_type": null,
        "comparison_status": "matched",
        "validation_radiation_kwh_year": 266760.782484375,
        "ucea_radiation_kwh_year": 237367.45999999976,
        "workflow0_radiation_kwh_year": 237233.1400000002,
        "validation_area_m2": 137.87260044488872,
        "ucea_roofs_top_m2": 139.85,
        "err_ucea_minus_validation_kwh_year": 29393.32248437524,
        "err_ucea_abs_kwh_year": 29393.32248437524,
        "err_ucea_pct_of_validation": 11.018607087080687,
        "err_ucea_area_minus_validation_m2": 1.9773995551112762,
        "err_ucea_area_pct_of_validation": 1.4342222810990604,
        "err_workflow0_minus_validation_kwh_year": 29527.64248437481,
        "err_workflow0_abs_kwh_year": 29527.64248437481,
        "err_workflow0_pct_of_validation": 11.068959316051014
      },
      "geometry": {
        "type": "Polygon",
        "coordinates": [
          [
            [
              -9.1460835,
              38.75355629999999
            ],
            [
              -9.14627,
              38.75349800000001
            ],
            [
              -9.1463037,
              38.753563899999996
            ],
            [
              -9.1461201,
              38.75362269999999
            ],
            [
              -9.1460835,
              38.75355629999999
            ]
          ]
        ]
      }
    },
    {
      "type": "Feature",
      "properties": {
        "area_id": "EUA_1_Pro",
        "osm_uid": "cea/232",
        "osmid": "232",
        "element_type": "cea_zone",
        "building": "yes",
        "cea_name": "B1232",
        "intersection_area_m2": 172.8108086976314,
        "is_residential": true,
        "residential_source": "cea",
        "radiation_sum_kwh_year": 387350.42387500004,
        "radiation_sum": 387350.42387500004,
        "radiation_point_count": 283.0,
        "use_type1": "MULTI_RES",
        "use_type2": "NONE",
        "use_type3": "NONE",
        "resi_type": null,
        "comparison_status": "matched",
        "validation_radiation_kwh_year": 387350.42387500004,
        "ucea_radiation_kwh_year": 298074.82999999967,
        "workflow0_radiation_kwh_year": 291941.07999999943,
        "validation_area_m2": 172.8108086976314,
        "ucea_roofs_top_m2": 173.88,
        "err_ucea_minus_validation_kwh_year": 89275.59387500037,
        "err_ucea_abs_kwh_year": 89275.59387500037,
        "err_ucea_pct_of_validation": 23.047759437539707,
        "err_ucea_area_minus_validation_m2": 1.0691913023686084,
        "err_ucea_area_pct_of_validation": 0.6187062663651913,
        "err_workflow0_minus_validation_kwh_year": 95409.3438750006,
        "err_workflow0_abs_kwh_year": 95409.3438750006,
        "err_workflow0_pct_of_validation": 24.631273904527774
      },
      "geometry": {
        "type": "Polygon",
        "coordinates": [
          [
            [
              -9.1463826,
              38.75284849999999
            ],
            [
              -9.146465,
              38.753001499999996
            ],
            [
              -9.1463657,
              38.753035100000005
            ],
            [
              -9.1462839,
              38.75288009999999
            ],
            [
              -9.1463826,
              38.75284849999999
            ]
          ]
        ]
      }
    },
    {
      "type": "Feature",
      "properties": {
        "area_id": "EUA_1_Pro",
        "osm_uid": "cea/235",
        "osmid": "235",
        "element_type": "cea_zone",
        "building": "yes",
        "cea_name": "B1235",
        "intersection_area_m2": 28.960387238575073,
        "is_residential": true,
        "residential_source": "cea",
        "radiation_sum_kwh_year": 53627.4064375,
        "radiation_sum": 53627.4064375,
        "radiation_point_count": 48.0,
        "use_type1": "MULTI_RES",
        "use_type2": "NONE",
        "use_type3": "NONE",
        "resi_type": null,
        "comparison_status": "matched",
        "validation_radiation_kwh_year": 53627.4064375,
        "ucea_radiation_kwh_year": 45651.76,
        "workflow0_radiation_kwh_year": 45500.98999999987,
        "validation_area_m2": 28.960387238575073,
        "ucea_roofs_top_m2": 28.96,
        "err_ucea_minus_validation_kwh_year": 7975.6464375,
        "err_ucea_abs_kwh_year": 7975.6464375,
        "err_ucea_pct_of_validation": 14.872332949375815,
        "err_ucea_area_minus_validation_m2": 0.0003872385750725016,
        "err_ucea_area_pct_of_validation": 0.0013371318963466827,
        "err_workflow0_minus_validation_kwh_year": 8126.416437500135,
        "err_workflow0_abs_kwh_year": 8126.416437500135,
        "err_workflow0_pct_of_validation": 15.153476510133038
      },
      "geometry": {
        "type": "Polygon",
        "coordinates": [
          [
            [
              -9.1495611,
              38.750238100000004
            ],
            [
              -9.1495266,
              38.75018870000001
            ],
            [
              -9.1495735,
              38.75016879999999
            ],
            [
              -9.149608,
              38.75021819999999
            ],
            [
              -9.1495611,
              38.750238100000004
            ]
          ]
        ]
      }
    },
    {
      "type": "Feature",
      "properties": {
        "area_id": "EUA_1_Pro",
        "osm_uid": "cea/237",
        "osmid": "237",
        "element_type": "cea_zone",
        "building": "yes",
        "cea_name": "B1237",
        "intersection_area_m2": 1336.2589550171244,
        "is_residential": true,
        "residential_source": "cea",
        "radiation_sum_kwh_year": 2780947.746484375,
        "radiation_sum": 2780947.746484375,
        "radiation_point_count": 2203.0,
        "use_type1": "MULTI_RES",
        "use_type2": "NONE",
        "use_type3": "NONE",
        "resi_type": null,
        "comparison_status": "matched",
        "validation_radiation_kwh_year": 2780947.746484375,
        "ucea_radiation_kwh_year": 2297320.750000002,
        "workflow0_radiation_kwh_year": 2287521.8700000006,
        "validation_area_m2": 1336.2589550171244,
        "ucea_roofs_top_m2": 1340.84,
        "err_ucea_minus_validation_kwh_year": 483626.99648437323,
        "err_ucea_abs_kwh_year": 483626.99648437323,
        "err_ucea_pct_of_validation": 17.390725773102567,
        "err_ucea_area_minus_validation_m2": 4.581044982875483,
        "err_ucea_area_pct_of_validation": 0.3428261390260824,
        "err_workflow0_minus_validation_kwh_year": 493425.8764843745,
        "err_workflow0_abs_kwh_year": 493425.8764843745,
        "err_workflow0_pct_of_validation": 17.743083346609254
      },
      "geometry": {
        "type": "Polygon",
        "coordinates": [
          [
            [
              -9.1480808,
              38.74997760000001
            ],
            [
              -9.1480656,
              38.7499475
            ],
            [
              -9.1480372,
              38.7499386
            ],
            [
              -9.1479809,
              38.749956
            ],
            [
              -9.1477556,
              38.74987949999999
            ],
            [
              -9.1477321,
              38.749839699999995
            ],
            [
              -9.1476539,
              38.74986209999999
            ],
            [
              -9.1475642,
              38.7496927
            ],
            [
              -9.1477576,
              38.749629899999995
            ],
            [
              -9.1478284,
              38.749653599999995
            ],
            [
              -9.1478862,
              38.7496361
            ],
            [
              -9.148116,
              38.74971149999999
            ],
            [
              -9.1481379,
              38.74975859999999
            ],
            [
              -9.148108500000001,
              38.749812600000006
            ],
            [
              -9.1481788,
              38.749835899999994
            ],
            [
              -9.1482258,
              38.74993359999999
            ],
            [
              -9.1480808,
              38.74997760000001
            ]
          ]
        ]
      }
    },
    {
      "type": "Feature",
      "properties": {
        "area_id": "EUA_1_Pro",
        "osm_uid": "cea/240",
        "osmid": "240",
        "element_type": "cea_zone",
        "building": "yes",
        "cea_name": "B1240",
        "intersection_area_m2": 316.2027895177017,
        "is_residential": true,
        "residential_source": "cea",
        "radiation_sum_kwh_year": 686202.976875,
        "radiation_sum": 686202.976875,
        "radiation_point_count": 521.0,
        "use_type1": "MULTI_RES",
        "use_type2": "NONE",
        "use_type3": "NONE",
        "resi_type": null,
        "comparison_status": "matched",
        "validation_radiation_kwh_year": 686202.976875,
        "ucea_radiation_kwh_year": 343352.2500000001,
        "workflow0_radiation_kwh_year": 346074.9899999995,
        "validation_area_m2": 316.2027895177017,
        "ucea_roofs_top_m2": 316.18,
        "err_ucea_minus_validation_kwh_year": 342850.72687499993,
        "err_ucea_abs_kwh_year": 342850.72687499993,
        "err_ucea_pct_of_validation": 49.96345664898714,
        "err_ucea_area_minus_validation_m2": 0.022789517701710338,
        "err_ucea_area_pct_of_validation": 0.007207247518742883,
        "err_workflow0_minus_validation_kwh_year": 340127.9868750005,
        "err_workflow0_abs_kwh_year": 340127.9868750005,
        "err_workflow0_pct_of_validation": 49.566673176493495
      },
      "geometry": {
        "type": "Polygon",
        "coordinates": [
          [
            [
              -9.1492853,
              38.7525122
            ],
            [
              -9.1492207,
              38.7523762
            ],
            [
              -9.1492453,
              38.7523679
            ],
            [
              -9.1493864,
              38.75232429999999
            ],
            [
              -9.1494294,
              38.752311899999995
            ],
            [
              -9.1494971,
              38.7524459
            ],
            [
              -9.149440400000001,
              38.75246319999999
            ],
            [
              -9.1492853,
              38.7525122
            ]
          ]
        ]
      }
    },
    {
      "type": "Feature",
      "properties": {
        "area_id": "EUA_1_Pro",
        "osm_uid": "cea/241",
        "osmid": "241",
        "element_type": "cea_zone",
        "building": "yes",
        "cea_name": "B1241",
        "intersection_area_m2": 312.76672402046444,
        "is_residential": true,
        "residential_source": "cea",
        "radiation_sum_kwh_year": 638342.849546875,
        "radiation_sum": 638342.849546875,
        "radiation_point_count": 516.0,
        "use_type1": "MULTI_RES",
        "use_type2": "NONE",
        "use_type3": "NONE",
        "resi_type": null,
        "comparison_status": "matched",
        "validation_radiation_kwh_year": 638342.849546875,
        "ucea_radiation_kwh_year": 332462.1399999981,
        "workflow0_radiation_kwh_year": 332098.70999999886,
        "validation_area_m2": 312.76672402046444,
        "ucea_roofs_top_m2": 312.73,
        "err_ucea_minus_validation_kwh_year": 305880.7095468769,
        "err_ucea_abs_kwh_year": 305880.7095468769,
        "err_ucea_pct_of_validation": 47.91793465909503,
        "err_ucea_area_minus_validation_m2": 0.03672402046441903,
        "err_ucea_area_pct_of_validation": 0.011741664839644565,
        "err_workflow0_minus_validation_kwh_year": 306244.13954687613,
        "err_workflow0_abs_kwh_year": 306244.13954687613,
        "err_workflow0_pct_of_validation": 47.97486801399315
      },
      "geometry": {
        "type": "Polygon",
        "coordinates": [
          [
            [
              -9.1493154,
              38.7526682
            ],
            [
              -9.1495142,
              38.75260540000001
            ],
            [
              -9.149587,
              38.75274559999999
            ],
            [
              -9.1495427,
              38.75275959999999
            ],
            [
              -9.1493881,
              38.75280829999999
            ],
            [
              -9.1493154,
              38.7526682
            ]
          ]
        ]
      }
    },
    {
      "type": "Feature",
      "properties": {
        "area_id": "EUA_1_Pro",
        "osm_uid": "cea/242",
        "osmid": "242",
        "element_type": "cea_zone",
        "building": "yes",
        "cea_name": "B1242",
        "intersection_area_m2": 368.96447468250454,
        "is_residential": true,
        "residential_source": "cea",
        "radiation_sum_kwh_year": 560095.204953125,
        "radiation_sum": 560095.204953125,
        "radiation_point_count": 605.0,
        "use_type1": "MULTI_RES",
        "use_type2": "NONE",
        "use_type3": "NONE",
        "resi_type": null,
        "comparison_status": "matched",
        "validation_radiation_kwh_year": 560095.204953125,
        "ucea_radiation_kwh_year": 480161.609999999,
        "workflow0_radiation_kwh_year": 480715.8199999999,
        "validation_area_m2": 368.96447468250454,
        "ucea_roofs_top_m2": 368.96,
        "err_ucea_minus_validation_kwh_year": 79933.59495312598,
        "err_ucea_abs_kwh_year": 79933.59495312598,
        "err_ucea_pct_of_validation": 14.27142997230546,
        "err_ucea_area_minus_validation_m2": 0.004474682504564953,
        "err_ucea_area_pct_of_validation": 0.0012127678439544719,
        "err_workflow0_minus_validation_kwh_year": 79379.38495312509,
        "err_workflow0_abs_kwh_year": 79379.38495312509,
        "err_workflow0_pct_of_validation": 14.172480723124284
      },
      "geometry": {
        "type": "Polygon",
        "coordinates": [
          [
            [
              -9.149835,
              38.75321859999999
            ],
            [
              -9.1499563,
              38.7533907
            ],
            [
              -9.1497561,
              38.753460200000006
            ],
            [
              -9.1496747,
              38.753282999999996
            ],
            [
              -9.149835,
              38.75321859999999
            ]
          ]
        ]
      }
    }
  ]
}
