{
  "type": "FeatureCollection",
  "name": "Parque_das_N_radiation_error_map",
  "features": [
    {
      "type": "Feature",
      "properties": {
        "area_id": "Parque_das_N",
        "osm_uid": "cea/0",
        "osmid": "0",
        "element_type": "cea_zone",
        "building": "yes",
        "cea_name": "B1000",
        "intersection_area_m2": 2086.1376191852974,
        "is_residential": true,
        "residential_source": "cea",
        "radiation_sum_kwh_year": 4239866.9084531255,
        "radiation_sum": 4239866.9084531255,
        "radiation_point_count": 3434.0,
        "use_type1": "MULTI_RES",
        "use_type2": "NONE",
        "use_type3": "NONE",
        "resi_type": null,
        "comparison_status": "matched",
        "validation_radiation_kwh_year": 4239866.9084531255,
        "ucea_radiation_kwh_year": 3375643.1399999983,
        "workflow0_radiation_kwh_year": 3376707.2899999977,
        "validation_area_m2": 2086.1376191852974,
        "ucea_roofs_top_m2": 2085.98,
        "err_ucea_minus_validation_kwh_year": 864223.7684531272,
        "err_ucea_abs_kwh_year": 864223.7684531272,
        "err_ucea_pct_of_validation": 20.383275869582214,
        "err_ucea_area_minus_validation_m2": 0.1576191852973352,
        "err_ucea_area_pct_of_validation": 0.0075555506907972105,
        "err_workflow0_minus_validation_kwh_year": 863159.6184531278,
        "err_workflow0_abs_kwh_year": 863159.6184531278,
        "err_workflow0_pct_of_validation": 20.358177204388785
      },
      "geometry": {
        "type": "Polygon",
        "coordinates": [
          [
            [
              -9.0964421,
              38.755095
            ],
            [
              -9.0958106,
              38.75480069999999
            ],
            [
              -9.0957689,
              38.7553274
            ],
            [
              -9.095602199999998,
              38.75524819999998
            ],
            [
              -9.0956225,
              38.755
            ],
            [
              -9.095657599999997,
              38.754572499999995
            ],
            [
              -9.096448899999999,
              38.754938299999985
            ],
            [
              -9.0964421,
              38.755095
            ]
          ]
        ]
      }
    },
    {
      "type": "Feature",
      "properties": {
        "area_id": "Parque_das_N",
        "osm_uid": "cea/1",
        "osmid": "1",
        "element_type": "cea_zone",
        "building": "yes",
        "cea_name": "B1001",
        "intersection_area_m2": 317.38858840514365,
        "is_residential": true,
        "residential_source": "cea",
        "radiation_sum_kwh_year": 717856.8379375,
        "radiation_sum": 717856.8379375,
        "radiation_point_count": 524.0,
        "use_type1": "MULTI_RES",
        "use_type2": "NONE",
        "use_type3": "NONE",
        "resi_type": null,
        "comparison_status": "matched",
        "validation_radiation_kwh_year": 717856.8379375,
        "ucea_radiation_kwh_year": 525172.1599999998,
        "workflow0_radiation_kwh_year": 519890.32000000146,
        "validation_area_m2": 317.38858840514365,
        "ucea_roofs_top_m2": 327.45,
        "err_ucea_minus_validation_kwh_year": 192684.67793750018,
        "err_ucea_abs_kwh_year": 192684.67793750018,
        "err_ucea_pct_of_validation": 26.84165807922223,
        "err_ucea_area_minus_validation_m2": 10.061411594856338,
        "err_ucea_area_pct_of_validation": 3.1700609166240836,
        "err_workflow0_minus_validation_kwh_year": 197966.51793749852,
        "err_workflow0_abs_kwh_year": 197966.51793749852,
        "err_workflow0_pct_of_validation": 27.577437098221864
      },
      "geometry": {
        "type": "Polygon",
        "coordinates": [
          [
            [
              -9.095128999999998,
              38.75606970000001
            ],
            [
              -9.095143199999999,
              38.755874199999994
            ],
            [
              -9.095313499999998,
              38.7558829
            ],
            [
              -9.095306000000003,
              38.7559296
            ],
            [
              -9.095299299999999,
              38.7560773
            ],
            [
              -9.095128999999998,
              38.75606970000001
            ]
          ]
        ]
      }
    },
    {
      "type": "Feature",
      "properties": {
        "area_id": "Parque_das_N",
        "osm_uid": "cea/2",
        "osmid": "2",
        "element_type": "cea_zone",
        "building": "yes",
        "cea_name": "B1002",
        "intersection_area_m2": 457.8587219583725,
        "is_residential": true,
        "residential_source": "cea",
        "radiation_sum_kwh_year": 1012617.588,
        "radiation_sum": 1012617.588,
        "radiation_point_count": 755.0,
        "use_type1": "MULTI_RES",
        "use_type2": "NONE",
        "use_type3": "NONE",
        "resi_type": null,
        "comparison_status": "matched",
        "validation_radiation_kwh_year": 1012617.588,
        "ucea_radiation_kwh_year": 721783.7499999993,
        "workflow0_radiation_kwh_year": 721691.2399999994,
        "validation_area_m2": 457.8587219583725,
        "ucea_roofs_top_m2": 457.86,
        "err_ucea_minus_validation_kwh_year": 290833.8380000007,
        "err_ucea_abs_kwh_year": 290833.8380000007,
        "err_ucea_pct_of_validation": 28.720994129128307,
        "err_ucea_area_minus_validation_m2": 0.0012780416275290918,
        "err_ucea_area_pct_of_validation": 0.0002791344941650557,
        "err_workflow0_minus_validation_kwh_year": 290926.3480000006,
        "err_workflow0_abs_kwh_year": 290926.3480000006,
        "err_workflow0_pct_of_validation": 28.73012985826201
      },
      "geometry": {
        "type": "Polygon",
        "coordinates": [
          [
            [
              -9.0977511,
              38.75889529999999
            ],
            [
              -9.097629499999998,
              38.75883780000001
            ],
            [
              -9.0976605,
              38.7587979
            ],
            [
              -9.0977039,
              38.7588184
            ],
            [
              -9.097936699999998,
              38.758519
            ],
            [
              -9.097851399999998,
              38.7584787
            ],
            [
              -9.097881499999998,
              38.75843989999999
            ],
            [
              -9.098045499999998,
              38.758518
            ],
            [
              -9.0977511,
              38.75889529999999
            ]
          ]
        ]
      }
    },
    {
      "type": "Feature",
      "properties": {
        "area_id": "Parque_das_N",
        "osm_uid": "cea/3",
        "osmid": "3",
        "element_type": "cea_zone",
        "building": "yes",
        "cea_name": "B1003",
        "intersection_area_m2": 173.40734779007312,
        "is_residential": true,
        "residential_source": "cea",
        "radiation_sum_kwh_year": 338587.9700625,
        "radiation_sum": 338587.9700625,
        "radiation_point_count": 284.0,
        "use_type1": "MULTI_RES",
        "use_type2": "NONE",
        "use_type3": "NONE",
        "resi_type": null,
        "comparison_status": "matched",
        "validation_radiation_kwh_year": 338587.9700625,
        "ucea_radiation_kwh_year": 242109.77999999985,
        "workflow0_radiation_kwh_year": 242513.39999999962,
        "validation_area_m2": 173.40734779007312,
        "ucea_roofs_top_m2": 173.41,
        "err_ucea_minus_validation_kwh_year": 96478.19006250013,
        "err_ucea_abs_kwh_year": 96478.19006250013,
        "err_ucea_pct_of_validation": 28.494275813960908,
        "err_ucea_area_minus_validation_m2": 0.002652209926878868,
        "err_ucea_area_pct_of_validation": 0.001529468018904039,
        "err_workflow0_minus_validation_kwh_year": 96074.57006250037,
        "err_workflow0_abs_kwh_year": 96074.57006250037,
        "err_workflow0_pct_of_validation": 28.375068979788608
      },
      "geometry": {
        "type": "Polygon",
        "coordinates": [
          [
            [
              -9.097584999999999,
              38.7582996
            ],
            [
              -9.097359799999998,
              38.75871039999999
            ],
            [
              -9.0972906,
              38.75867689999999
            ],
            [
              -9.097584999999999,
              38.7582996
            ]
          ]
        ]
      }
    },
    {
      "type": "Feature",
      "properties": {
        "area_id": "Parque_das_N",
        "osm_uid": "cea/6",
        "osmid": "6",
        "element_type": "cea_zone",
        "building": "yes",
        "cea_name": "B1006",
        "intersection_area_m2": 592.1726487766025,
        "is_residential": true,
        "residential_source": "cea",
        "radiation_sum_kwh_year": 1105832.175234375,
        "radiation_sum": 1105832.175234375,
        "radiation_point_count": 973.0,
        "use_type1": "MULTI_RES",
        "use_type2": "NONE",
        "use_type3": "NONE",
        "resi_type": null,
        "comparison_status": "matched",
        "validation_radiation_kwh_year": 1105832.175234375,
        "ucea_radiation_kwh_year": 999836.1499999998,
        "workflow0_radiation_kwh_year": 958042.9800000016,
        "validation_area_m2": 592.1726487766025,
        "ucea_roofs_top_m2": 636.63,
        "err_ucea_minus_validation_kwh_year": 105996.02523437527,
        "err_ucea_abs_kwh_year": 105996.02523437527,
        "err_ucea_pct_of_validation": 9.585181875532784,
        "err_ucea_area_minus_validation_m2": 44.457351223397495,
        "err_ucea_area_pct_of_validation": 7.507498246540775,
        "err_workflow0_minus_validation_kwh_year": 147789.19523437344,
        "err_workflow0_abs_kwh_year": 147789.19523437344,
        "err_workflow0_pct_of_validation": 13.36452298496834
      },
      "geometry": {
        "type": "Polygon",
        "coordinates": [
          [
            [
              -9.095433999999997,
              38.756679399999996
            ],
            [
              -9.095442699999998,
              38.7565804
            ],
            [
              -9.0954515,
              38.7564814
            ],
            [
              -9.095675099999998,
              38.7564923
            ],
            [
              -9.095673,
              38.75652039999999
            ],
            [
              -9.0957689,
              38.756525
            ],
            [
              -9.095759399999999,
              38.75669549999999
            ],
            [
              -9.095433999999997,
              38.756679399999996
            ]
          ]
        ]
      }
    },
    {
      "type": "Feature",
      "properties": {
        "area_id": "Parque_das_N",
        "osm_uid": "cea/8",
        "osmid": "8",
        "element_type": "cea_zone",
        "building": "yes",
        "cea_name": "B1008",
        "intersection_area_m2": 71.89467747199302,
        "is_residential": true,
        "residential_source": "cea",
        "radiation_sum_kwh_year": 157879.7836875,
        "radiation_sum": 157879.7836875,
        "radiation_point_count": 118.0,
        "use_type1": "MULTI_RES",
        "use_type2": "NONE",
        "use_type3": "NONE",
        "resi_type": null,
        "comparison_status": "matched",
        "validation_radiation_kwh_year": 157879.7836875,
        "ucea_radiation_kwh_year": 114971.07999999997,
        "workflow0_radiation_kwh_year": 115051.87999999982,
        "validation_area_m2": 71.89467747199302,
        "ucea_roofs_top_m2": 71.89,
        "err_ucea_minus_validation_kwh_year": 42908.70368750002,
        "err_ucea_abs_kwh_year": 42908.70368750002,
        "err_ucea_pct_of_validation": 27.1780861902063,
        "err_ucea_area_minus_validation_m2": 0.004677471993019822,
        "err_ucea_area_pct_of_validation": 0.006506005948551557,
        "err_workflow0_minus_validation_kwh_year": 42827.90368750018,
        "err_workflow0_abs_kwh_year": 42827.90368750018,
        "err_workflow0_pct_of_validation": 27.126908010129892
      },
      "geometry": {
        "type": "Polygon",
        "coordinates": [
          [
            [
              -9.094098199999998,
              38.754848700000004
            ],
            [
              -9.0941263,
              38.75474269999999
            ],
            [
              -9.0941938,
              38.754753599999994
            ],
            [
              -9.094165699999998,
              38.754859499999995
            ],
            [
              -9.094098199999998,
              38.754848700000004
            ]
          ]
        ]
      }
    },
    {
      "type": "Feature",
      "properties": {
        "area_id": "Parque_das_N",
        "osm_uid": "cea/10",
        "osmid": "10",
        "element_type": "cea_zone",
        "building": "yes",
        "cea_name": "B1010",
        "intersection_area_m2": 2446.3915024270837,
        "is_residential": true,
        "residential_source": "cea",
        "radiation_sum_kwh_year": 3942418.819265625,
        "radiation_sum": 3942418.819265625,
        "radiation_point_count": 4033.0,
        "use_type1": "MULTI_RES",
        "use_type2": "NONE",
        "use_type3": "NONE",
        "resi_type": null,
        "comparison_status": "matched",
        "validation_radiation_kwh_year": 3942418.819265625,
        "ucea_radiation_kwh_year": 0.0,
        "workflow0_radiation_kwh_year": 0.0,
        "validation_area_m2": 2446.3915024270837,
        "ucea_roofs_top_m2": 0.0,
        "err_ucea_minus_validation_kwh_year": 3942418.819265625,
        "err_ucea_abs_kwh_year": 3942418.819265625,
        "err_ucea_pct_of_validation": 100.0,
        "err_ucea_area_minus_validation_m2": 2446.3915024270837,
        "err_ucea_area_pct_of_validation": 100.0,
        "err_workflow0_minus_validation_kwh_year": 3942418.819265625,
        "err_workflow0_abs_kwh_year": 3942418.819265625,
        "err_workflow0_pct_of_validation": 100.0
      },
      "geometry": {
        "type": "Polygon",
        "coordinates": [
          [
            [
              -9.0970245,
              38.7555225
            ],
            [
              -9.0970297,
              38.755448099999995
            ],
            [
              -9.0970342,
              38.7553839
            ],
            [
              -9.097039099999998,
              38.755314299999995
            ],
            [
              -9.0970458,
              38.7552193
            ],
            [
              -9.0971732,
              38.75528069999998
            ],
            [
              -9.097252699999999,
              38.755319
            ],
            [
              -9.097320499999999,
              38.75535159999998
            ],
            [
              -9.09737,
              38.7553755
            ],
            [
              -9.0975355,
              38.7554477
            ],
            [
              -9.097450299999998,
              38.75556339999999
            ],
            [
              -9.097277999999998,
              38.7554856
            ],
            [
              -9.097236999999998,
              38.75553469999999
            ],
            [
              -9.0971771,
              38.75553130000001
            ],
            [
              -9.0971394,
              38.7559947
            ],
            [
              -9.097134,
              38.756074999999996
            ],
            [
              -9.0971282,
              38.756161999999996
            ],
            [
              -9.0973513,
              38.75623769999999
            ],
            [
              -9.097340999999998,
              38.756362999999986
            ],
            [
              -9.0969687,
              38.75634969999999
            ],
            [
              -9.0969862,
              38.75606899999999
            ],
            [
              -9.0969905,
              38.75600779999999
            ],
            [
              -9.0970245,
              38.7555225
            ]
          ]
        ]
      }
    },
    {
      "type": "Feature",
      "properties": {
        "area_id": "Parque_das_N",
        "osm_uid": "cea/11",
        "osmid": "11",
        "element_type": "cea_zone",
        "building": "yes",
        "cea_name": "B1011",
        "intersection_area_m2": 650.8406063949927,
        "is_residential": true,
        "residential_source": "cea",
        "radiation_sum_kwh_year": 1262420.903703125,
        "radiation_sum": 1262420.903703125,
        "radiation_point_count": 1071.0,
        "use_type1": "MULTI_RES",
        "use_type2": "NONE",
        "use_type3": "NONE",
        "resi_type": null,
        "comparison_status": "matched",
        "validation_radiation_kwh_year": 1262420.903703125,
        "ucea_radiation_kwh_year": 1053580.6400000006,
        "workflow0_radiation_kwh_year": 1053030.9399999997,
        "validation_area_m2": 650.8406063949927,
        "ucea_roofs_top_m2": 650.84,
        "err_ucea_minus_validation_kwh_year": 208840.26370312436,
        "err_ucea_abs_kwh_year": 208840.26370312436,
        "err_ucea_pct_of_validation": 16.542839483291377,
        "err_ucea_area_minus_validation_m2": 0.0006063949927010981,
        "err_ucea_area_pct_of_validation": 9.317104476008665e-05,
        "err_workflow0_minus_validation_kwh_year": 209389.96370312525,
        "err_workflow0_abs_kwh_year": 209389.96370312525,
        "err_workflow0_pct_of_validation": 16.586382805363154
      },
      "geometry": {
        "type": "Polygon",
        "coordinates": [
          [
            [
              -9.097443699999998,
              38.75701719999999
            ],
            [
              -9.097533299999998,
              38.75690099999999
            ],
            [
              -9.09796,
              38.757101299999995
            ],
            [
              -9.0978704,
              38.7572174
            ],
            [
              -9.097443699999998,
              38.75701719999999
            ]
          ]
        ]
      }
    },
    {
      "type": "Feature",
      "properties": {
        "area_id": "Parque_das_N",
        "osm_uid": "cea/12",
        "osmid": "12",
        "element_type": "cea_zone",
        "building": "yes",
        "cea_name": "B1012",
        "intersection_area_m2": 805.5638516287878,
        "is_residential": true,
        "residential_source": "cea",
        "radiation_sum_kwh_year": 1674260.9289375,
        "radiation_sum": 1674260.9289375,
        "radiation_point_count": 1328.0,
        "use_type1": "MULTI_RES",
        "use_type2": "NONE",
        "use_type3": "NONE",
        "resi_type": null,
        "comparison_status": "matched",
        "validation_radiation_kwh_year": 1674260.9289375,
        "ucea_radiation_kwh_year": 1296309.3499999992,
        "workflow0_radiation_kwh_year": 1295804.1200000013,
        "validation_area_m2": 805.5638516287878,
        "ucea_roofs_top_m2": 805.66,
        "err_ucea_minus_validation_kwh_year": 377951.57893750095,
        "err_ucea_abs_kwh_year": 377951.57893750095,
        "err_ucea_pct_of_validation": 22.574233944368046,
        "err_ucea_area_minus_validation_m2": 0.09614837121216624,
        "err_ucea_area_pct_of_validation": 0.01193553695560714,
        "err_workflow0_minus_validation_kwh_year": 378456.80893749883,
        "err_workflow0_abs_kwh_year": 378456.80893749883,
        "err_workflow0_pct_of_validation": 22.60441024432617
      },
      "geometry": {
        "type": "Polygon",
        "coordinates": [
          [
            [
              -9.098090500000001,
              38.75586650000001
            ],
            [
              -9.097901299999998,
              38.755779399999994
            ],
            [
              -9.097713,
              38.755692599999996
            ],
            [
              -9.097605899999998,
              38.75564330000001
            ],
            [
              -9.0976924,
              38.755529
            ],
            [
              -9.098234299999998,
              38.7557785
            ],
            [
              -9.0981477,
              38.7558929
            ],
            [
              -9.098090500000001,
              38.75586650000001
            ]
          ]
        ]
      }
    },
    {
      "type": "Feature",
      "properties": {
        "area_id": "Parque_das_N",
        "osm_uid": "cea/13",
        "osmid": "13",
        "element_type": "cea_zone",
        "building": "yes",
        "cea_name": "B1013",
        "intersection_area_m2": 571.6546627756618,
        "is_residential": true,
        "residential_source": "cea",
        "radiation_sum_kwh_year": 1122395.656015625,
        "radiation_sum": 1122395.656015625,
        "radiation_point_count": 942.0,
        "use_type1": "MULTI_RES",
        "use_type2": "NONE",
        "use_type3": "NONE",
        "resi_type": null,
        "comparison_status": "matched",
        "validation_radiation_kwh_year": 1122395.656015625,
        "ucea_radiation_kwh_year": 923299.6399999993,
        "workflow0_radiation_kwh_year": 891811.4899999987,
        "validation_area_m2": 571.6546627756618,
        "ucea_roofs_top_m2": 598.12,
        "err_ucea_minus_validation_kwh_year": 199096.01601562568,
        "err_ucea_abs_kwh_year": 199096.01601562568,
        "err_ucea_pct_of_validation": 17.73848775594816,
        "err_ucea_area_minus_validation_m2": 26.465337224338214,
        "err_ucea_area_pct_of_validation": 4.6296022664865735,
        "err_workflow0_minus_validation_kwh_year": 230584.16601562628,
        "err_workflow0_abs_kwh_year": 230584.16601562628,
        "err_workflow0_pct_of_validation": 20.543928941615246
      },
      "geometry": {
        "type": "Polygon",
        "coordinates": [
          [
            [
              -9.096337,
              38.7570084
            ],
            [
              -9.0963326,
              38.757069200000004
            ],
            [
              -9.0961129,
              38.757057499999995
            ],
            [
              -9.0961151,
              38.75703039999999
            ],
            [
              -9.096028,
              38.7570262
            ],
            [
              -9.0960412,
              38.7568528
            ],
            [
              -9.096349,
              38.756869299999984
            ],
            [
              -9.096337,
              38.7570084
            ]
          ]
        ]
      }
    },
    {
      "type": "Feature",
      "properties": {
        "area_id": "Parque_das_N",
        "osm_uid": "cea/16",
        "osmid": "16",
        "element_type": "cea_zone",
        "building": "yes",
        "cea_name": "B1016",
        "intersection_area_m2": 409.68025075107766,
        "is_residential": true,
        "residential_source": "cea",
        "radiation_sum_kwh_year": 813550.1635625,
        "radiation_sum": 813550.1635625,
        "radiation_point_count": 674.0,
        "use_type1": "MULTI_RES",
        "use_type2": "NONE",
        "use_type3": "NONE",
        "resi_type": null,
        "comparison_status": "matched",
        "validation_radiation_kwh_year": 813550.1635625,
        "ucea_radiation_kwh_year": 671987.4899999993,
        "workflow0_radiation_kwh_year": 661076.1800000002,
        "validation_area_m2": 409.68025075107766,
        "ucea_roofs_top_m2": 429.68,
        "err_ucea_minus_validation_kwh_year": 141562.67356250074,
        "err_ucea_abs_kwh_year": 141562.67356250074,
        "err_ucea_pct_of_validation": 17.400607842373734,
        "err_ucea_area_minus_validation_m2": 19.999749248922342,
        "err_ucea_area_pct_of_validation": 4.881794817362143,
        "err_workflow0_minus_validation_kwh_year": 152473.98356249987,
        "err_workflow0_abs_kwh_year": 152473.98356249987,
        "err_workflow0_pct_of_validation": 18.741804794780332
      },
      "geometry": {
        "type": "Polygon",
        "coordinates": [
          [
            [
              -9.0961739,
              38.75632069999999
            ],
            [
              -9.0961909,
              38.756126699999996
            ],
            [
              -9.096407799999998,
              38.75613559999999
            ],
            [
              -9.096392099999997,
              38.75633079999999
            ],
            [
              -9.0961739,
              38.75632069999999
            ]
          ]
        ]
      }
    },
    {
      "type": "Feature",
      "properties": {
        "area_id": "Parque_das_N",
        "osm_uid": "cea/17",
        "osmid": "17",
        "element_type": "cea_zone",
        "building": "yes",
        "cea_name": "B1017",
        "intersection_area_m2": 416.6206047340967,
        "is_residential": true,
        "residential_source": "cea",
        "radiation_sum_kwh_year": 847260.07865625,
        "radiation_sum": 847260.07865625,
        "radiation_point_count": 687.0,
        "use_type1": "MULTI_RES",
        "use_type2": "NONE",
        "use_type3": "NONE",
        "resi_type": null,
        "comparison_status": "matched",
        "validation_radiation_kwh_year": 847260.07865625,
        "ucea_radiation_kwh_year": 657280.5299999994,
        "workflow0_radiation_kwh_year": 666483.4799999977,
        "validation_area_m2": 416.6206047340967,
        "ucea_roofs_top_m2": 423.45,
        "err_ucea_minus_validation_kwh_year": 189979.54865625058,
        "err_ucea_abs_kwh_year": 189979.54865625058,
        "err_ucea_pct_of_validation": 22.422813660423742,
        "err_ucea_area_minus_validation_m2": 6.829395265903315,
        "err_ucea_area_pct_of_validation": 1.6392360791329794,
        "err_workflow0_minus_validation_kwh_year": 180776.59865625238,
        "err_workflow0_abs_kwh_year": 180776.59865625238,
        "err_workflow0_pct_of_validation": 21.33661235909558
      },
      "geometry": {
        "type": "Polygon",
        "coordinates": [
          [
            [
              -9.0961739,
              38.75632069999999
            ],
            [
              -9.096392099999997,
              38.75633079999999
            ],
            [
              -9.096376399999999,
              38.75652669999998
            ],
            [
              -9.096156599999999,
              38.756518
            ],
            [
              -9.0961739,
              38.75632069999999
            ]
          ]
        ]
      }
    },
    {
      "type": "Feature",
      "properties": {
        "area_id": "Parque_das_N",
        "osm_uid": "cea/18",
        "osmid": "18",
        "element_type": "cea_zone",
        "building": "yes",
        "cea_name": "B1018",
        "intersection_area_m2": 492.15347532973334,
        "is_residential": true,
        "residential_source": "cea",
        "radiation_sum_kwh_year": 780805.409265625,
        "radiation_sum": 780805.409265625,
        "radiation_point_count": 810.0,
        "use_type1": "MULTI_RES",
        "use_type2": "NONE",
        "use_type3": "NONE",
        "resi_type": null,
        "comparison_status": "matched",
        "validation_radiation_kwh_year": 780805.409265625,
        "ucea_radiation_kwh_year": 814548.9300000014,
        "workflow0_radiation_kwh_year": 794471.3200000012,
        "validation_area_m2": 492.15347532973334,
        "ucea_roofs_top_m2": 510.3,
        "err_ucea_minus_validation_kwh_year": 33743.52073437639,
        "err_ucea_abs_kwh_year": 33743.52073437639,
        "err_ucea_pct_of_validation": 4.321629990513688,
        "err_ucea_area_minus_validation_m2": 18.146524670266672,
        "err_ucea_area_pct_of_validation": 3.6871678409075237,
        "err_workflow0_minus_validation_kwh_year": 13665.910734376172,
        "err_workflow0_abs_kwh_year": 13665.910734376172,
        "err_workflow0_pct_of_validation": 1.750232589606345
      },
      "geometry": {
        "type": "Polygon",
        "coordinates": [
          [
            [
              -9.0961024,
              38.755923
            ],
            [
              -9.096093399999999,
              38.7560928
            ],
            [
              -9.096059,
              38.75609109999999
            ],
            [
              -9.0957936,
              38.7560777
            ],
            [
              -9.095802999999998,
              38.7559077
            ],
            [
              -9.096068799999998,
              38.7559213
            ],
            [
              -9.0961024,
              38.755923
            ]
          ]
        ]
      }
    },
    {
      "type": "Feature",
      "properties": {
        "area_id": "Parque_das_N",
        "osm_uid": "cea/19",
        "osmid": "19",
        "element_type": "cea_zone",
        "building": "yes",
        "cea_name": "B1019",
        "intersection_area_m2": 581.6384538291405,
        "is_residential": true,
        "residential_source": "cea",
        "radiation_sum_kwh_year": 1129257.0272968751,
        "radiation_sum": 1129257.0272968751,
        "radiation_point_count": 961.0,
        "use_type1": "MULTI_RES",
        "use_type2": "NONE",
        "use_type3": "NONE",
        "resi_type": null,
        "comparison_status": "matched",
        "validation_radiation_kwh_year": 1129257.0272968751,
        "ucea_radiation_kwh_year": 1042775.8499999985,
        "workflow0_radiation_kwh_year": 937939.4999999999,
        "validation_area_m2": 581.6384538291405,
        "ucea_roofs_top_m2": 622.07,
        "err_ucea_minus_validation_kwh_year": 86481.17729687667,
        "err_ucea_abs_kwh_year": 86481.17729687667,
        "err_ucea_pct_of_validation": 7.6582368058305015,
        "err_ucea_area_minus_validation_m2": 40.43154617085952,
        "err_ucea_area_pct_of_validation": 6.951319312656123,
        "err_workflow0_minus_validation_kwh_year": 191317.52729687525,
        "err_workflow0_abs_kwh_year": 191317.52729687525,
        "err_workflow0_pct_of_validation": 16.941893888837317
      },
      "geometry": {
        "type": "Polygon",
        "coordinates": [
          [
            [
              -9.096407799999998,
              38.75613559999999
            ],
            [
              -9.0961909,
              38.756126699999996
            ],
            [
              -9.0961934,
              38.75609789999999
            ],
            [
              -9.096093399999999,
              38.7560928
            ],
            [
              -9.0961024,
              38.755923
            ],
            [
              -9.0964235,
              38.755939299999994
            ],
            [
              -9.096407799999998,
              38.75613559999999
            ]
          ]
        ]
      }
    },
    {
      "type": "Feature",
      "properties": {
        "area_id": "Parque_das_N",
        "osm_uid": "cea/20",
        "osmid": "20",
        "element_type": "cea_zone",
        "building": "yes",
        "cea_name": "B1020",
        "intersection_area_m2": 557.0443490654947,
        "is_residential": true,
        "residential_source": "cea",
        "radiation_sum_kwh_year": 1047068.906953125,
        "radiation_sum": 1047068.906953125,
        "radiation_point_count": 918.0,
        "use_type1": "MULTI_RES",
        "use_type2": "NONE",
        "use_type3": "NONE",
        "resi_type": null,
        "comparison_status": "matched",
        "validation_radiation_kwh_year": 1047068.906953125,
        "ucea_radiation_kwh_year": 901508.9500000005,
        "workflow0_radiation_kwh_year": 895809.3699999984,
        "validation_area_m2": 557.0443490654947,
        "ucea_roofs_top_m2": 557.04,
        "err_ucea_minus_validation_kwh_year": 145559.9569531245,
        "err_ucea_abs_kwh_year": 145559.9569531245,
        "err_ucea_pct_of_validation": 13.901659765324393,
        "err_ucea_area_minus_validation_m2": 0.004349065494693605,
        "err_ucea_area_pct_of_validation": 0.0007807395411136757,
        "err_workflow0_minus_validation_kwh_year": 151259.53695312666,
        "err_workflow0_abs_kwh_year": 151259.53695312666,
        "err_workflow0_pct_of_validation": 14.445996433346311
      },
      "geometry": {
        "type": "Polygon",
        "coordinates": [
          [
            [
              -9.0957936,
              38.7560777
            ],
            [
              -9.095706399999997,
              38.75607329999999
            ],
            [
              -9.095704199999998,
              38.756101699999995
            ],
            [
              -9.0954858,
              38.7560904
            ],
            [
              -9.0955033,
              38.755892499999995
            ],
            [
              -9.095802999999998,
              38.7559077
            ],
            [
              -9.0957936,
              38.7560777
            ]
          ]
        ]
      }
    },
    {
      "type": "Feature",
      "properties": {
        "area_id": "Parque_das_N",
        "osm_uid": "cea/21",
        "osmid": "21",
        "element_type": "cea_zone",
        "building": "yes",
        "cea_name": "B1021",
        "intersection_area_m2": 414.4378835680445,
        "is_residential": true,
        "residential_source": "cea",
        "radiation_sum_kwh_year": 828231.84578125,
        "radiation_sum": 828231.84578125,
        "radiation_point_count": 683.0,
        "use_type1": "MULTI_RES",
        "use_type2": "NONE",
        "use_type3": "NONE",
        "resi_type": null,
        "comparison_status": "matched",
        "validation_radiation_kwh_year": 828231.84578125,
        "ucea_radiation_kwh_year": 670629.3100000005,
        "workflow0_radiation_kwh_year": 670611.2300000008,
        "validation_area_m2": 414.4378835680445,
        "ucea_roofs_top_m2": 414.44,
        "err_ucea_minus_validation_kwh_year": 157602.53578124952,
        "err_ucea_abs_kwh_year": 157602.53578124952,
        "err_ucea_pct_of_validation": 19.028794483576885,
        "err_ucea_area_minus_validation_m2": 0.0021164319554713984,
        "err_ucea_area_pct_of_validation": 0.0005106753121240452,
        "err_workflow0_minus_validation_kwh_year": 157620.61578124925,
        "err_workflow0_abs_kwh_year": 157620.61578124925,
        "err_workflow0_pct_of_validation": 19.03097744721102
      },
      "geometry": {
        "type": "Polygon",
        "coordinates": [
          [
            [
              -9.0954694,
              38.7562861
            ],
            [
              -9.0954858,
              38.7560904
            ],
            [
              -9.095704199999998,
              38.756101699999995
            ],
            [
              -9.0956897,
              38.75629639999999
            ],
            [
              -9.0954694,
              38.7562861
            ]
          ]
        ]
      }
    },
    {
      "type": "Feature",
      "properties": {
        "area_id": "Parque_das_N",
        "osm_uid": "cea/22",
        "osmid": "22",
        "element_type": "cea_zone",
        "building": "yes",
        "cea_name": "B1022",
        "intersection_area_m2": 420.2380554409821,
        "is_residential": true,
        "residential_source": "cea",
        "radiation_sum_kwh_year": 829411.782296875,
        "radiation_sum": 829411.782296875,
        "radiation_point_count": 695.0,
        "use_type1": "MULTI_RES",
        "use_type2": "NONE",
        "use_type3": "NONE",
        "resi_type": null,
        "comparison_status": "matched",
        "validation_radiation_kwh_year": 829411.782296875,
        "ucea_radiation_kwh_year": 662218.3200000027,
        "workflow0_radiation_kwh_year": 648678.68,
        "validation_area_m2": 420.2380554409821,
        "ucea_roofs_top_m2": 420.24,
        "err_ucea_minus_validation_kwh_year": 167193.46229687228,
        "err_ucea_abs_kwh_year": 167193.46229687228,
        "err_ucea_pct_of_validation": 20.158076586983906,
        "err_ucea_area_minus_validation_m2": 0.0019445590178861494,
        "err_ucea_area_pct_of_validation": 0.0004627279687570422,
        "err_workflow0_minus_validation_kwh_year": 180733.10229687497,
        "err_workflow0_abs_kwh_year": 180733.10229687497,
        "err_workflow0_pct_of_validation": 21.790515417610067
      },
      "geometry": {
        "type": "Polygon",
        "coordinates": [
          [
            [
              -9.0954515,
              38.7564814
            ],
            [
              -9.0954694,
              38.7562861
            ],
            [
              -9.0956897,
              38.75629639999999
            ],
            [
              -9.095675099999998,
              38.7564923
            ],
            [
              -9.0954515,
              38.7564814
            ]
          ]
        ]
      }
    },
    {
      "type": "Feature",
      "properties": {
        "area_id": "Parque_das_N",
        "osm_uid": "cea/23",
        "osmid": "23",
        "element_type": "cea_zone",
        "building": "yes",
        "cea_name": "B1023",
        "intersection_area_m2": 496.75605895245985,
        "is_residential": true,
        "residential_source": "cea",
        "radiation_sum_kwh_year": 860069.9233437501,
        "radiation_sum": 860069.9233437501,
        "radiation_point_count": 819.0,
        "use_type1": "MULTI_RES",
        "use_type2": "NONE",
        "use_type3": "NONE",
        "resi_type": null,
        "comparison_status": "matched",
        "validation_radiation_kwh_year": 860069.9233437501,
        "ucea_radiation_kwh_year": 789286.4699999962,
        "workflow0_radiation_kwh_year": 803348.5200000007,
        "validation_area_m2": 496.75605895245985,
        "ucea_roofs_top_m2": 504.35,
        "err_ucea_minus_validation_kwh_year": 70783.45334375382,
        "err_ucea_abs_kwh_year": 70783.45334375382,
        "err_ucea_pct_of_validation": 8.229964962449142,
        "err_ucea_area_minus_validation_m2": 7.59394104754017,
        "err_ucea_area_pct_of_validation": 1.5287062755820195,
        "err_workflow0_minus_validation_kwh_year": 56721.40334374935,
        "err_workflow0_abs_kwh_year": 56721.40334374935,
        "err_workflow0_pct_of_validation": 6.5949758042032025
      },
      "geometry": {
        "type": "Polygon",
        "coordinates": [
          [
            [
              -9.096069599999998,
              38.75653950000001
            ],
            [
              -9.096060599999998,
              38.7567104
            ],
            [
              -9.0957888,
              38.756697
            ],
            [
              -9.095759399999999,
              38.75669549999999
            ],
            [
              -9.0957689,
              38.756525
            ],
            [
              -9.095798899999998,
              38.75652639999999
            ],
            [
              -9.096069599999998,
              38.75653950000001
            ]
          ]
        ]
      }
    },
    {
      "type": "Feature",
      "properties": {
        "area_id": "Parque_das_N",
        "osm_uid": "cea/24",
        "osmid": "24",
        "element_type": "cea_zone",
        "building": "yes",
        "cea_name": "B1024",
        "intersection_area_m2": 556.3023464295042,
        "is_residential": true,
        "residential_source": "cea",
        "radiation_sum_kwh_year": 1006371.988578125,
        "radiation_sum": 1006371.988578125,
        "radiation_point_count": 917.0,
        "use_type1": "MULTI_RES",
        "use_type2": "NONE",
        "use_type3": "NONE",
        "resi_type": null,
        "comparison_status": "matched",
        "validation_radiation_kwh_year": 1006371.988578125,
        "ucea_radiation_kwh_year": 910467.8499999994,
        "workflow0_radiation_kwh_year": 871746.3699999974,
        "validation_area_m2": 556.3023464295042,
        "ucea_roofs_top_m2": 585.24,
        "err_ucea_minus_validation_kwh_year": 95904.13857812562,
        "err_ucea_abs_kwh_year": 95904.13857812562,
        "err_ucea_pct_of_validation": 9.529690777028275,
        "err_ucea_area_minus_validation_m2": 28.937653570495854,
        "err_ucea_area_pct_of_validation": 5.201785280293239,
        "err_workflow0_minus_validation_kwh_year": 134625.61857812759,
        "err_workflow0_abs_kwh_year": 134625.61857812759,
        "err_workflow0_pct_of_validation": 13.377321716628499
      },
      "geometry": {
        "type": "Polygon",
        "coordinates": [
          [
            [
              -9.0963605,
              38.756725199999984
            ],
            [
              -9.096060599999998,
              38.7567104
            ],
            [
              -9.096069599999998,
              38.75653950000001
            ],
            [
              -9.096154299999998,
              38.75654350000001
            ],
            [
              -9.096156599999999,
              38.756518
            ],
            [
              -9.096376399999999,
              38.75652669999998
            ],
            [
              -9.0963605,
              38.756725199999984
            ]
          ]
        ]
      }
    },
    {
      "type": "Feature",
      "properties": {
        "area_id": "Parque_das_N",
        "osm_uid": "cea/26",
        "osmid": "26",
        "element_type": "cea_zone",
        "building": "yes",
        "cea_name": "B1026",
        "intersection_area_m2": 1012.6652982500777,
        "is_residential": true,
        "residential_source": "cea",
        "radiation_sum_kwh_year": 1850980.63565625,
        "radiation_sum": 1850980.63565625,
        "radiation_point_count": 1669.0,
        "use_type1": "MULTI_RES",
        "use_type2": "NONE",
        "use_type3": "NONE",
        "resi_type": null,
        "comparison_status": "matched",
        "validation_radiation_kwh_year": 1850980.63565625,
        "ucea_radiation_kwh_year": 1639205.619999998,
        "workflow0_radiation_kwh_year": 1638703.8499999933,
        "validation_area_m2": 1012.6652982500777,
        "ucea_roofs_top_m2": 1012.85,
        "err_ucea_minus_validation_kwh_year": 211775.01565625193,
        "err_ucea_abs_kwh_year": 211775.01565625193,
        "err_ucea_pct_of_validation": 11.441233450892847,
        "err_ucea_area_minus_validation_m2": 0.18470174992228294,
        "err_ucea_area_pct_of_validation": 0.018239170458536916,
        "err_workflow0_minus_validation_kwh_year": 212276.7856562566,
        "err_workflow0_abs_kwh_year": 212276.7856562566,
        "err_workflow0_pct_of_validation": 11.468341784191363
      },
      "geometry": {
        "type": "Polygon",
        "coordinates": [
          [
            [
              -9.0975659,
              38.756439199999996
            ],
            [
              -9.0976022,
              38.756455900000006
            ],
            [
              -9.0979641,
              38.7566228
            ],
            [
              -9.0982293,
              38.756744999999995
            ],
            [
              -9.0981403,
              38.7568624
            ],
            [
              -9.0980258,
              38.756809499999996
            ],
            [
              -9.097835399999997,
              38.756721799999994
            ],
            [
              -9.097738299999998,
              38.75667700000001
            ],
            [
              -9.0975123,
              38.75657280000001
            ],
            [
              -9.097477,
              38.756556499999995
            ],
            [
              -9.0975659,
              38.756439199999996
            ]
          ]
        ]
      }
    },
    {
      "type": "Feature",
      "properties": {
        "area_id": "Parque_das_N",
        "osm_uid": "cea/27",
        "osmid": "27",
        "element_type": "cea_zone",
        "building": "yes",
        "cea_name": "B1027",
        "intersection_area_m2": 420.61353951416396,
        "is_residential": true,
        "residential_source": "cea",
        "radiation_sum_kwh_year": 828023.127,
        "radiation_sum": 828023.127,
        "radiation_point_count": 691.0,
        "use_type1": "MULTI_RES",
        "use_type2": "NONE",
        "use_type3": "NONE",
        "resi_type": null,
        "comparison_status": "matched",
        "validation_radiation_kwh_year": 828023.127,
        "ucea_radiation_kwh_year": 685691.1600000007,
        "workflow0_radiation_kwh_year": 680918.1400000016,
        "validation_area_m2": 420.61353951416396,
        "ucea_roofs_top_m2": 435.28,
        "err_ucea_minus_validation_kwh_year": 142331.96699999925,
        "err_ucea_abs_kwh_year": 142331.96699999925,
        "err_ucea_pct_of_validation": 17.18937096789559,
        "err_ucea_area_minus_validation_m2": 14.666460485836012,
        "err_ucea_area_pct_of_validation": 3.4869206784871287,
        "err_workflow0_minus_validation_kwh_year": 147104.98699999833,
        "err_workflow0_abs_kwh_year": 147104.98699999833,
        "err_workflow0_pct_of_validation": 17.76580655820237
      },
      "geometry": {
        "type": "Polygon",
        "coordinates": [
          [
            [
              -9.0953912,
              38.75721889999999
            ],
            [
              -9.0956124,
              38.75722869999999
            ],
            [
              -9.0955969,
              38.75742569999999
            ],
            [
              -9.0953762,
              38.75741539999998
            ],
            [
              -9.0953912,
              38.75721889999999
            ]
          ]
        ]
      }
    },
    {
      "type": "Feature",
      "properties": {
        "area_id": "Parque_das_N",
        "osm_uid": "cea/28",
        "osmid": "28",
        "element_type": "cea_zone",
        "building": "yes",
        "cea_name": "B1028",
        "intersection_area_m2": 980.7331346049459,
        "is_residential": true,
        "residential_source": "cea",
        "radiation_sum_kwh_year": 1786657.832828125,
        "radiation_sum": 1786657.832828125,
        "radiation_point_count": 1613.0,
        "use_type1": "MULTI_RES",
        "use_type2": "NONE",
        "use_type3": "NONE",
        "resi_type": null,
        "comparison_status": "matched",
        "validation_radiation_kwh_year": 1786657.832828125,
        "ucea_radiation_kwh_year": 1526993.6300000004,
        "workflow0_radiation_kwh_year": 1527226.66,
        "validation_area_m2": 980.7331346049459,
        "ucea_roofs_top_m2": 980.73,
        "err_ucea_minus_validation_kwh_year": 259664.20282812463,
        "err_ucea_abs_kwh_year": 259664.20282812463,
        "err_ucea_pct_of_validation": 14.533516046388057,
        "err_ucea_area_minus_validation_m2": 0.0031346049458989,
        "err_ucea_area_pct_of_validation": 0.000319618542016689,
        "err_workflow0_minus_validation_kwh_year": 259431.17282812507,
        "err_workflow0_abs_kwh_year": 259431.17282812507,
        "err_workflow0_pct_of_validation": 14.520473258019862
      },
      "geometry": {
        "type": "Polygon",
        "coordinates": [
          [
            [
              -9.097252199999998,
              38.7574407
            ],
            [
              -9.097229999999998,
              38.75771059999999
            ],
            [
              -9.0968535,
              38.75770039999999
            ],
            [
              -9.0968765,
              38.75743059999999
            ],
            [
              -9.097252199999998,
              38.7574407
            ]
          ]
        ]
      }
    },
    {
      "type": "Feature",
      "properties": {
        "area_id": "Parque_das_N",
        "osm_uid": "cea/29",
        "osmid": "29",
        "element_type": "cea_zone",
        "building": "yes",
        "cea_name": "B1029",
        "intersection_area_m2": 506.5063953571126,
        "is_residential": true,
        "residential_source": "cea",
        "radiation_sum_kwh_year": 937617.882046875,
        "radiation_sum": 937617.882046875,
        "radiation_point_count": 835.0,
        "use_type1": "MULTI_RES",
        "use_type2": "NONE",
        "use_type3": "NONE",
        "resi_type": null,
        "comparison_status": "matched",
        "validation_radiation_kwh_year": 937617.882046875,
        "ucea_radiation_kwh_year": 781954.7200000007,
        "workflow0_radiation_kwh_year": 818659.1899999997,
        "validation_area_m2": 506.5063953571126,
        "ucea_roofs_top_m2": 506.55,
        "err_ucea_minus_validation_kwh_year": 155663.1620468743,
        "err_ucea_abs_kwh_year": 155663.1620468743,
        "err_ucea_pct_of_validation": 16.60198307087024,
        "err_ucea_area_minus_validation_m2": 0.0436046428874306,
        "err_ucea_area_pct_of_validation": 0.008608902728007437,
        "err_workflow0_minus_validation_kwh_year": 118958.69204687525,
        "err_workflow0_abs_kwh_year": 118958.69204687525,
        "err_workflow0_pct_of_validation": 12.687331835777432
      },
      "geometry": {
        "type": "Polygon",
        "coordinates": [
          [
            [
              -9.095989300000001,
              38.7574719
            ],
            [
              -9.095976099999998,
              38.757642199999985
            ],
            [
              -9.0956874,
              38.75762790000001
            ],
            [
              -9.0956673,
              38.7576269
            ],
            [
              -9.0956825,
              38.75745719999998
            ],
            [
              -9.0957026,
              38.757458199999995
            ],
            [
              -9.095989300000001,
              38.7574719
            ]
          ]
        ]
      }
    },
    {
      "type": "Feature",
      "properties": {
        "area_id": "Parque_das_N",
        "osm_uid": "cea/30",
        "osmid": "30",
        "element_type": "cea_zone",
        "building": "yes",
        "cea_name": "B1030",
        "intersection_area_m2": 423.5351589801596,
        "is_residential": true,
        "residential_source": "cea",
        "radiation_sum_kwh_year": 863692.24209375,
        "radiation_sum": 863692.24209375,
        "radiation_point_count": 700.0,
        "use_type1": "MULTI_RES",
        "use_type2": "NONE",
        "use_type3": "NONE",
        "resi_type": null,
        "comparison_status": "matched",
        "validation_radiation_kwh_year": 863692.24209375,
        "ucea_radiation_kwh_year": 658352.5799999998,
        "workflow0_radiation_kwh_year": 651435.0199999998,
        "validation_area_m2": 423.5351589801596,
        "ucea_roofs_top_m2": 436.88,
        "err_ucea_minus_validation_kwh_year": 205339.6620937502,
        "err_ucea_abs_kwh_year": 205339.6620937502,
        "err_ucea_pct_of_validation": 23.77463314895232,
        "err_ucea_area_minus_validation_m2": 13.344841019840374,
        "err_ucea_area_pct_of_validation": 3.150822484719742,
        "err_workflow0_minus_validation_kwh_year": 212257.22209375026,
        "err_workflow0_abs_kwh_year": 212257.22209375026,
        "err_workflow0_pct_of_validation": 24.575561959338597
      },
      "geometry": {
        "type": "Polygon",
        "coordinates": [
          [
            [
              -9.0953912,
              38.75721889999999
            ],
            [
              -9.095406399999998,
              38.757020100000005
            ],
            [
              -9.0956278,
              38.757031999999995
            ],
            [
              -9.0956124,
              38.75722869999999
            ],
            [
              -9.0953912,
              38.75721889999999
            ]
          ]
        ]
      }
    },
    {
      "type": "Feature",
      "properties": {
        "area_id": "Parque_das_N",
        "osm_uid": "cea/31",
        "osmid": "31",
        "element_type": "cea_zone",
        "building": "yes",
        "cea_name": "B1031",
        "intersection_area_m2": 807.9318201276974,
        "is_residential": true,
        "residential_source": "cea",
        "radiation_sum_kwh_year": 1576648.66178125,
        "radiation_sum": 1576648.66178125,
        "radiation_point_count": 1330.0,
        "use_type1": "MULTI_RES",
        "use_type2": "NONE",
        "use_type3": "NONE",
        "resi_type": null,
        "comparison_status": "matched",
        "validation_radiation_kwh_year": 1576648.66178125,
        "ucea_radiation_kwh_year": 1306907.5000000037,
        "workflow0_radiation_kwh_year": 1307315.5600000008,
        "validation_area_m2": 807.9318201276974,
        "ucea_roofs_top_m2": 807.96,
        "err_ucea_minus_validation_kwh_year": 269741.1617812463,
        "err_ucea_abs_kwh_year": 269741.1617812463,
        "err_ucea_pct_of_validation": 17.10851430124584,
        "err_ucea_area_minus_validation_m2": 0.02817987230264407,
        "err_ucea_area_pct_of_validation": 0.003487902271034468,
        "err_workflow0_minus_validation_kwh_year": 269333.1017812493,
        "err_workflow0_abs_kwh_year": 269333.1017812493,
        "err_workflow0_pct_of_validation": 17.08263282175782
      },
      "geometry": {
        "type": "Polygon",
        "coordinates": [
          [
            [
              -9.0985826,
              38.75609319999999
            ],
            [
              -9.098205099999998,
              38.755919299999995
            ],
            [
              -9.0981477,
              38.7558929
            ],
            [
              -9.098234299999998,
              38.7557785
            ],
            [
              -9.098777599999998,
              38.7560288
            ],
            [
              -9.098690999999999,
              38.7561431
            ],
            [
              -9.0985826,
              38.75609319999999
            ]
          ]
        ]
      }
    },
    {
      "type": "Feature",
      "properties": {
        "area_id": "Parque_das_N",
        "osm_uid": "cea/32",
        "osmid": "32",
        "element_type": "cea_zone",
        "building": "yes",
        "cea_name": "B1032",
        "intersection_area_m2": 415.17745252435157,
        "is_residential": true,
        "residential_source": "cea",
        "radiation_sum_kwh_year": 860360.608,
        "radiation_sum": 860360.608,
        "radiation_point_count": 685.0,
        "use_type1": "MULTI_RES",
        "use_type2": "NONE",
        "use_type3": "NONE",
        "resi_type": null,
        "comparison_status": "matched",
        "validation_radiation_kwh_year": 860360.608,
        "ucea_radiation_kwh_year": 604418.790000001,
        "workflow0_radiation_kwh_year": 666541.4200000004,
        "validation_area_m2": 415.17745252435157,
        "ucea_roofs_top_m2": 426.74,
        "err_ucea_minus_validation_kwh_year": 255941.81799999904,
        "err_ucea_abs_kwh_year": 255941.81799999904,
        "err_ucea_pct_of_validation": 29.748202744307772,
        "err_ucea_area_minus_validation_m2": 11.562547475648444,
        "err_ucea_area_pct_of_validation": 2.7849651770215678,
        "err_workflow0_minus_validation_kwh_year": 193819.18799999962,
        "err_workflow0_abs_kwh_year": 193819.18799999962,
        "err_workflow0_pct_of_validation": 22.52766877025588
      },
      "geometry": {
        "type": "Polygon",
        "coordinates": [
          [
            [
              -9.0960975,
              38.7572537
            ],
            [
              -9.0963166,
              38.7572649
            ],
            [
              -9.0963006,
              38.75746029999999
            ],
            [
              -9.0960821,
              38.75745039999999
            ],
            [
              -9.0960975,
              38.7572537
            ]
          ]
        ]
      }
    },
    {
      "type": "Feature",
      "properties": {
        "area_id": "Parque_das_N",
        "osm_uid": "cea/33",
        "osmid": "33",
        "element_type": "cea_zone",
        "building": "yes",
        "cea_name": "B1033",
        "intersection_area_m2": 520.210147478884,
        "is_residential": true,
        "residential_source": "cea",
        "radiation_sum_kwh_year": 830956.67346875,
        "radiation_sum": 830956.67346875,
        "radiation_point_count": 856.0,
        "use_type1": "MULTI_RES",
        "use_type2": "NONE",
        "use_type3": "NONE",
        "resi_type": null,
        "comparison_status": "matched",
        "validation_radiation_kwh_year": 830956.67346875,
        "ucea_radiation_kwh_year": 840136.0499999992,
        "workflow0_radiation_kwh_year": 842121.1000000008,
        "validation_area_m2": 520.210147478884,
        "ucea_roofs_top_m2": 520.24,
        "err_ucea_minus_validation_kwh_year": 9179.376531249261,
        "err_ucea_abs_kwh_year": 9179.376531249261,
        "err_ucea_pct_of_validation": 1.1046757098575095,
        "err_ucea_area_minus_validation_m2": 0.029852521116026765,
        "err_ucea_area_pct_of_validation": 0.005738550326382958,
        "err_workflow0_minus_validation_kwh_year": 11164.426531250821,
        "err_workflow0_abs_kwh_year": 11164.426531250821,
        "err_workflow0_pct_of_validation": 1.3435630145006212
      },
      "geometry": {
        "type": "Polygon",
        "coordinates": [
          [
            [
              -9.0957348,
              38.756836299999996
            ],
            [
              -9.0960174,
              38.7568515
            ],
            [
              -9.0960412,
              38.7568528
            ],
            [
              -9.096028,
              38.7570262
            ],
            [
              -9.0960036,
              38.75702499999999
            ],
            [
              -9.095717799999997,
              38.75701140000001
            ],
            [
              -9.0957348,
              38.756836299999996
            ]
          ]
        ]
      }
    },
    {
      "type": "Feature",
      "properties": {
        "area_id": "Parque_das_N",
        "osm_uid": "cea/34",
        "osmid": "34",
        "element_type": "cea_zone",
        "building": "yes",
        "cea_name": "B1034",
        "intersection_area_m2": 975.1479056310145,
        "is_residential": true,
        "residential_source": "cea",
        "radiation_sum_kwh_year": 1641443.121640625,
        "radiation_sum": 1641443.121640625,
        "radiation_point_count": 1612.0,
        "use_type1": "MULTI_RES",
        "use_type2": "NONE",
        "use_type3": "NONE",
        "resi_type": null,
        "comparison_status": "matched",
        "validation_radiation_kwh_year": 1641443.121640625,
        "ucea_radiation_kwh_year": 1595473.7900000021,
        "workflow0_radiation_kwh_year": 1577710.289999993,
        "validation_area_m2": 975.1479056310145,
        "ucea_roofs_top_m2": 986.51,
        "err_ucea_minus_validation_kwh_year": 45969.33164062281,
        "err_ucea_abs_kwh_year": 45969.33164062281,
        "err_ucea_pct_of_validation": 2.800543682237152,
        "err_ucea_area_minus_validation_m2": 11.362094368985481,
        "err_ucea_area_pct_of_validation": 1.1651662587157088,
        "err_workflow0_minus_validation_kwh_year": 63732.83164063189,
        "err_workflow0_abs_kwh_year": 63732.83164063189,
        "err_workflow0_pct_of_validation": 3.8827316524334283
      },
      "geometry": {
        "type": "Polygon",
        "coordinates": [
          [
            [
              -9.097340999999998,
              38.756362999999986
            ],
            [
              -9.0973184,
              38.75663649999999
            ],
            [
              -9.096945899999998,
              38.756617399999996
            ],
            [
              -9.0969687,
              38.75634969999999
            ],
            [
              -9.097340999999998,
              38.756362999999986
            ]
          ]
        ]
      }
    },
    {
      "type": "Feature",
      "properties": {
        "area_id": "Parque_das_N",
        "osm_uid": "cea/35",
        "osmid": "35",
        "element_type": "cea_zone",
        "building": "yes",
        "cea_name": "B1035",
        "intersection_area_m2": 416.2374099559156,
        "is_residential": true,
        "residential_source": "cea",
        "radiation_sum_kwh_year": 849382.3451875,
        "radiation_sum": 849382.3451875,
        "radiation_point_count": 685.0,
        "use_type1": "MULTI_RES",
        "use_type2": "NONE",
        "use_type3": "NONE",
        "resi_type": null,
        "comparison_status": "matched",
        "validation_radiation_kwh_year": 849382.3451875,
        "ucea_radiation_kwh_year": 636772.6100000002,
        "workflow0_radiation_kwh_year": 636013.1099999988,
        "validation_area_m2": 416.2374099559156,
        "ucea_roofs_top_m2": 425.83,
        "err_ucea_minus_validation_kwh_year": 212609.73518749978,
        "err_ucea_abs_kwh_year": 212609.73518749978,
        "err_ucea_pct_of_validation": 25.031098938201556,
        "err_ucea_area_minus_validation_m2": 9.592590044084375,
        "err_ucea_area_pct_of_validation": 2.3045958423343884,
        "err_workflow0_minus_validation_kwh_year": 213369.23518750118,
        "err_workflow0_abs_kwh_year": 213369.23518750118,
        "err_workflow0_pct_of_validation": 25.12051685515081
      },
      "geometry": {
        "type": "Polygon",
        "coordinates": [
          [
            [
              -9.0961129,
              38.757057499999995
            ],
            [
              -9.0963326,
              38.757069200000004
            ],
            [
              -9.0963166,
              38.7572649
            ],
            [
              -9.0960975,
              38.7572537
            ],
            [
              -9.0961129,
              38.757057499999995
            ]
          ]
        ]
      }
    },
    {
      "type": "Feature",
      "properties": {
        "area_id": "Parque_das_N",
        "osm_uid": "cea/36",
        "osmid": "36",
        "element_type": "cea_zone",
        "building": "yes",
        "cea_name": "B1036",
        "intersection_area_m2": 971.3429261127552,
        "is_residential": true,
        "residential_source": "cea",
        "radiation_sum_kwh_year": 1645191.70203125,
        "radiation_sum": 1645191.70203125,
        "radiation_point_count": 1596.0,
        "use_type1": "MULTI_RES",
        "use_type2": "NONE",
        "use_type3": "NONE",
        "resi_type": null,
        "comparison_status": "matched",
        "validation_radiation_kwh_year": 1645191.70203125,
        "ucea_radiation_kwh_year": 1364232.0400000075,
        "workflow0_radiation_kwh_year": 1351303.770000002,
        "validation_area_m2": 971.3429261127552,
        "ucea_roofs_top_m2": 982.43,
        "err_ucea_minus_validation_kwh_year": 280959.6620312426,
        "err_ucea_abs_kwh_year": 280959.6620312426,
        "err_ucea_pct_of_validation": 17.07762455185942,
        "err_ucea_area_minus_validation_m2": 11.087073887244742,
        "err_ucea_area_pct_of_validation": 1.1414170618006574,
        "err_workflow0_minus_validation_kwh_year": 293887.932031248,
        "err_workflow0_abs_kwh_year": 293887.932031248,
        "err_workflow0_pct_of_validation": 17.863446045126334
      },
      "geometry": {
        "type": "Polygon",
        "coordinates": [
          [
            [
              -9.096945899999998,
              38.756617399999996
            ],
            [
              -9.0973184,
              38.75663649999999
            ],
            [
              -9.097296499999999,
              38.75690269999999
            ],
            [
              -9.096922699999999,
              38.75688919999998
            ],
            [
              -9.096945899999998,
              38.756617399999996
            ]
          ]
        ]
      }
    },
    {
      "type": "Feature",
      "properties": {
        "area_id": "Parque_das_N",
        "osm_uid": "cea/37",
        "osmid": "37",
        "element_type": "cea_zone",
        "building": "yes",
        "cea_name": "B1037",
        "intersection_area_m2": 848.666899301239,
        "is_residential": true,
        "residential_source": "cea",
        "radiation_sum_kwh_year": 1425071.0368984374,
        "radiation_sum": 1425071.0368984374,
        "radiation_point_count": 1401.0,
        "use_type1": "MULTI_RES",
        "use_type2": "NONE",
        "use_type3": "NONE",
        "resi_type": null,
        "comparison_status": "matched",
        "validation_radiation_kwh_year": 1425071.0368984374,
        "ucea_radiation_kwh_year": 1362434.119999999,
        "workflow0_radiation_kwh_year": 1361870.83,
        "validation_area_m2": 848.666899301239,
        "ucea_roofs_top_m2": 848.67,
        "err_ucea_minus_validation_kwh_year": 62636.916898438474,
        "err_ucea_abs_kwh_year": 62636.916898438474,
        "err_ucea_pct_of_validation": 4.395354005282651,
        "err_ucea_area_minus_validation_m2": 0.003100698760931664,
        "err_ucea_area_pct_of_validation": 0.0003653611049853205,
        "err_workflow0_minus_validation_kwh_year": 63200.20689843735,
        "err_workflow0_abs_kwh_year": 63200.20689843735,
        "err_workflow0_pct_of_validation": 4.434881157643058
      },
      "geometry": {
        "type": "Polygon",
        "coordinates": [
          [
            [
              -9.097296499999999,
              38.75690269999999
            ],
            [
              -9.0972797,
              38.757107100000006
            ],
            [
              -9.0970747,
              38.75710329999998
            ],
            [
              -9.097069399999999,
              38.757165400000005
            ],
            [
              -9.0968999,
              38.7571566
            ],
            [
              -9.096922699999999,
              38.75688919999998
            ],
            [
              -9.097296499999999,
              38.75690269999999
            ]
          ]
        ]
      }
    },
    {
      "type": "Feature",
      "properties": {
        "area_id": "Parque_das_N",
        "osm_uid": "cea/38",
        "osmid": "38",
        "element_type": "cea_zone",
        "building": "yes",
        "cea_name": "B1038",
        "intersection_area_m2": 582.7574311384342,
        "is_residential": true,
        "residential_source": "cea",
        "radiation_sum_kwh_year": 1101983.3663281251,
        "radiation_sum": 1101983.3663281251,
        "radiation_point_count": 958.0,
        "use_type1": "MULTI_RES",
        "use_type2": "NONE",
        "use_type3": "NONE",
        "resi_type": null,
        "comparison_status": "matched",
        "validation_radiation_kwh_year": 1101983.3663281251,
        "ucea_radiation_kwh_year": 989208.6300000013,
        "workflow0_radiation_kwh_year": 935707.2300000006,
        "validation_area_m2": 582.7574311384342,
        "ucea_roofs_top_m2": 618.69,
        "err_ucea_minus_validation_kwh_year": 112774.73632812384,
        "err_ucea_abs_kwh_year": 112774.73632812384,
        "err_ucea_pct_of_validation": 10.233796604743322,
        "err_ucea_area_minus_validation_m2": 35.93256886156587,
        "err_ucea_area_pct_of_validation": 6.16595635535192,
        "err_workflow0_minus_validation_kwh_year": 166276.13632812456,
        "err_workflow0_abs_kwh_year": 166276.13632812456,
        "err_workflow0_pct_of_validation": 15.0888063657591
      },
      "geometry": {
        "type": "Polygon",
        "coordinates": [
          [
            [
              -9.0957348,
              38.756836299999996
            ],
            [
              -9.095717799999997,
              38.75701140000001
            ],
            [
              -9.095629799999998,
              38.75700719999999
            ],
            [
              -9.0956278,
              38.757031999999995
            ],
            [
              -9.095406399999998,
              38.757020100000005
            ],
            [
              -9.0954217,
              38.75681949999999
            ],
            [
              -9.0957348,
              38.756836299999996
            ]
          ]
        ]
      }
    },
    {
      "type": "Feature",
      "properties": {
        "area_id": "Parque_das_N",
        "osm_uid": "cea/39",
        "osmid": "39",
        "element_type": "cea_zone",
        "building": "yes",
        "cea_name": "B1039",
        "intersection_area_m2": 915.7346697502414,
        "is_residential": true,
        "residential_source": "cea",
        "radiation_sum_kwh_year": 1653027.548734375,
        "radiation_sum": 1653027.548734375,
        "radiation_point_count": 1506.0,
        "use_type1": "MULTI_RES",
        "use_type2": "NONE",
        "use_type3": "NONE",
        "resi_type": null,
        "comparison_status": "matched",
        "validation_radiation_kwh_year": 1653027.548734375,
        "ucea_radiation_kwh_year": 1478053.3900000001,
        "workflow0_radiation_kwh_year": 1478620.870000002,
        "validation_area_m2": 915.7346697502414,
        "ucea_roofs_top_m2": 915.73,
        "err_ucea_minus_validation_kwh_year": 174974.1587343749,
        "err_ucea_abs_kwh_year": 174974.1587343749,
        "err_ucea_pct_of_validation": 10.585072152508422,
        "err_ucea_area_minus_validation_m2": 0.004669750241419024,
        "err_ucea_area_pct_of_validation": 0.0005099457731236338,
        "err_workflow0_minus_validation_kwh_year": 174406.67873437307,
        "err_workflow0_abs_kwh_year": 174406.67873437307,
        "err_workflow0_pct_of_validation": 10.550742416114353
      },
      "geometry": {
        "type": "Polygon",
        "coordinates": [
          [
            [
              -9.0970664,
              38.757200499999996
            ],
            [
              -9.097271799999998,
              38.75720249999999
            ],
            [
              -9.097252199999998,
              38.7574407
            ],
            [
              -9.0968765,
              38.75743059999999
            ],
            [
              -9.0968999,
              38.7571566
            ],
            [
              -9.097069399999999,
              38.757165400000005
            ],
            [
              -9.0970664,
              38.757200499999996
            ]
          ]
        ]
      }
    },
    {
      "type": "Feature",
      "properties": {
        "area_id": "Parque_das_N",
        "osm_uid": "cea/40",
        "osmid": "40",
        "element_type": "cea_zone",
        "building": "yes",
        "cea_name": "B1040",
        "intersection_area_m2": 926.6499844537896,
        "is_residential": true,
        "residential_source": "cea",
        "radiation_sum_kwh_year": 1646203.441109375,
        "radiation_sum": 1646203.441109375,
        "radiation_point_count": 1525.0,
        "use_type1": "MULTI_RES",
        "use_type2": "NONE",
        "use_type3": "NONE",
        "resi_type": null,
        "comparison_status": "matched",
        "validation_radiation_kwh_year": 1646203.441109375,
        "ucea_radiation_kwh_year": 1499768.319999997,
        "workflow0_radiation_kwh_year": 1500544.9300000016,
        "validation_area_m2": 926.6499844537896,
        "ucea_roofs_top_m2": 926.65,
        "err_ucea_minus_validation_kwh_year": 146435.12110937806,
        "err_ucea_abs_kwh_year": 146435.12110937806,
        "err_ucea_pct_of_validation": 8.89532347294181,
        "err_ucea_area_minus_validation_m2": 1.5546210420325224e-05,
        "err_ucea_area_pct_of_validation": 1.6776788087347653e-06,
        "err_workflow0_minus_validation_kwh_year": 145658.51110937353,
        "err_workflow0_abs_kwh_year": 145658.51110937353,
        "err_workflow0_pct_of_validation": 8.848147651253505
      },
      "geometry": {
        "type": "Polygon",
        "coordinates": [
          [
            [
              -9.0972103,
              38.757948899999995
            ],
            [
              -9.0970064,
              38.75794749999999
            ],
            [
              -9.097003799999998,
              38.7579783
            ],
            [
              -9.096830599999999,
              38.75796929999999
            ],
            [
              -9.0968535,
              38.75770039999999
            ],
            [
              -9.097229999999998,
              38.75771059999999
            ],
            [
              -9.0972103,
              38.757948899999995
            ]
          ]
        ]
      }
    },
    {
      "type": "Feature",
      "properties": {
        "area_id": "Parque_das_N",
        "osm_uid": "cea/41",
        "osmid": "41",
        "element_type": "cea_zone",
        "building": "yes",
        "cea_name": "B1041",
        "intersection_area_m2": 1340.173490089277,
        "is_residential": true,
        "residential_source": "cea",
        "radiation_sum_kwh_year": 2409332.32975,
        "radiation_sum": 2409332.32975,
        "radiation_point_count": 2207.0,
        "use_type1": "MULTI_RES",
        "use_type2": "NONE",
        "use_type3": "NONE",
        "resi_type": null,
        "comparison_status": "matched",
        "validation_radiation_kwh_year": 2409332.32975,
        "ucea_radiation_kwh_year": 2167529.9199999953,
        "workflow0_radiation_kwh_year": 2166742.8399999985,
        "validation_area_m2": 1340.173490089277,
        "ucea_roofs_top_m2": 1339.34,
        "err_ucea_minus_validation_kwh_year": 241802.40975000476,
        "err_ucea_abs_kwh_year": 241802.40975000476,
        "err_ucea_pct_of_validation": 10.036075420740938,
        "err_ucea_area_minus_validation_m2": 0.8334900892771202,
        "err_ucea_area_pct_of_validation": 0.06219270082872602,
        "err_workflow0_minus_validation_kwh_year": 242589.48975000158,
        "err_workflow0_abs_kwh_year": 242589.48975000158,
        "err_workflow0_pct_of_validation": 10.068743392289656
      },
      "geometry": {
        "type": "Polygon",
        "coordinates": [
          [
            [
              -9.097000199999998,
              38.7580391
            ],
            [
              -9.0971967,
              38.7580493
            ],
            [
              -9.0971917,
              38.758111099999994
            ],
            [
              -9.096952,
              38.758431
            ],
            [
              -9.0967805,
              38.7586592
            ],
            [
              -9.096810199999998,
              38.75824999999999
            ],
            [
              -9.096830599999999,
              38.75796929999999
            ],
            [
              -9.097003799999998,
              38.7579783
            ],
            [
              -9.097000199999998,
              38.7580391
            ]
          ]
        ]
      }
    },
    {
      "type": "Feature",
      "properties": {
        "area_id": "Parque_das_N",
        "osm_uid": "cea/42",
        "osmid": "42",
        "element_type": "cea_zone",
        "building": "yes",
        "cea_name": "B1042",
        "intersection_area_m2": 561.931070420978,
        "is_residential": true,
        "residential_source": "cea",
        "radiation_sum_kwh_year": 1027926.34371875,
        "radiation_sum": 1027926.34371875,
        "radiation_point_count": 926.0,
        "use_type1": "MULTI_RES",
        "use_type2": "NONE",
        "use_type3": "NONE",
        "resi_type": null,
        "comparison_status": "matched",
        "validation_radiation_kwh_year": 1027926.34371875,
        "ucea_radiation_kwh_year": 931960.189999998,
        "workflow0_radiation_kwh_year": 908899.1199999991,
        "validation_area_m2": 561.931070420978,
        "ucea_roofs_top_m2": 600.73,
        "err_ucea_minus_validation_kwh_year": 95966.15371875209,
        "err_ucea_abs_kwh_year": 95966.15371875209,
        "err_ucea_pct_of_validation": 9.335897878788996,
        "err_ucea_area_minus_validation_m2": 38.798929579022,
        "err_ucea_area_pct_of_validation": 6.904570973439015,
        "err_workflow0_minus_validation_kwh_year": 119027.22371875099,
        "err_workflow0_abs_kwh_year": 119027.22371875099,
        "err_workflow0_pct_of_validation": 11.579353369633838
      },
      "geometry": {
        "type": "Polygon",
        "coordinates": [
          [
            [
              -9.0953762,
              38.75741539999998
            ],
            [
              -9.0955969,
              38.75742569999999
            ],
            [
              -9.0955947,
              38.757453
            ],
            [
              -9.0956825,
              38.75745719999998
            ],
            [
              -9.0956673,
              38.7576269
            ],
            [
              -9.0953612,
              38.7576116
            ],
            [
              -9.0953762,
              38.75741539999998
            ]
          ]
        ]
      }
    },
    {
      "type": "Feature",
      "properties": {
        "area_id": "Parque_das_N",
        "osm_uid": "cea/43",
        "osmid": "43",
        "element_type": "cea_zone",
        "building": "yes",
        "cea_name": "B1043",
        "intersection_area_m2": 1192.0635500020255,
        "is_residential": true,
        "residential_source": "cea",
        "radiation_sum_kwh_year": 1485456.167265625,
        "radiation_sum": 1485456.167265625,
        "radiation_point_count": 1964.0,
        "use_type1": "MULTI_RES",
        "use_type2": "NONE",
        "use_type3": "NONE",
        "resi_type": null,
        "comparison_status": "matched",
        "validation_radiation_kwh_year": 1485456.167265625,
        "ucea_radiation_kwh_year": 1889388.6399999938,
        "workflow0_radiation_kwh_year": 1853453.4600000004,
        "validation_area_m2": 1192.0635500020255,
        "ucea_roofs_top_m2": 1192.06,
        "err_ucea_minus_validation_kwh_year": 403932.4727343689,
        "err_ucea_abs_kwh_year": 403932.4727343689,
        "err_ucea_pct_of_validation": 27.19248683573837,
        "err_ucea_area_minus_validation_m2": 0.0035500020255767595,
        "err_ucea_area_pct_of_validation": 0.0002978030848750243,
        "err_workflow0_minus_validation_kwh_year": 367997.29273437546,
        "err_workflow0_abs_kwh_year": 367997.29273437546,
        "err_workflow0_pct_of_validation": 24.773352512432044
      },
      "geometry": {
        "type": "Polygon",
        "coordinates": [
          [
            [
              -9.097401399999999,
              38.755629699999986
            ],
            [
              -9.097363299999998,
              38.7560923
            ],
            [
              -9.0971394,
              38.7559947
            ],
            [
              -9.0971771,
              38.75553130000001
            ],
            [
              -9.097236999999998,
              38.75553469999999
            ],
            [
              -9.097277999999998,
              38.7554856
            ],
            [
              -9.097450299999998,
              38.75556339999999
            ],
            [
              -9.097401399999999,
              38.755629699999986
            ]
          ]
        ]
      }
    },
    {
      "type": "Feature",
      "properties": {
        "area_id": "Parque_das_N",
        "osm_uid": "cea/44",
        "osmid": "44",
        "element_type": "cea_zone",
        "building": "yes",
        "cea_name": "B1044",
        "intersection_area_m2": 564.574883908608,
        "is_residential": true,
        "residential_source": "cea",
        "radiation_sum_kwh_year": 1129771.295484375,
        "radiation_sum": 1129771.295484375,
        "radiation_point_count": 933.0,
        "use_type1": "MULTI_RES",
        "use_type2": "NONE",
        "use_type3": "NONE",
        "resi_type": null,
        "comparison_status": "matched",
        "validation_radiation_kwh_year": 1129771.295484375,
        "ucea_radiation_kwh_year": 911583.1000000002,
        "workflow0_radiation_kwh_year": 912732.1200000015,
        "validation_area_m2": 564.574883908608,
        "ucea_roofs_top_m2": 564.86,
        "err_ucea_minus_validation_kwh_year": 218188.19548437477,
        "err_ucea_abs_kwh_year": 218188.19548437477,
        "err_ucea_pct_of_validation": 19.312598607918197,
        "err_ucea_area_minus_validation_m2": 0.2851160913920694,
        "err_ucea_area_pct_of_validation": 0.050501022896764794,
        "err_workflow0_minus_validation_kwh_year": 217039.17548437347,
        "err_workflow0_abs_kwh_year": 217039.17548437347,
        "err_workflow0_pct_of_validation": 19.21089483790794
      },
      "geometry": {
        "type": "Polygon",
        "coordinates": [
          [
            [
              -9.096079999999999,
              38.7574762
            ],
            [
              -9.0960821,
              38.75745039999999
            ],
            [
              -9.0963006,
              38.75746029999999
            ],
            [
              -9.0962937,
              38.75754059999999
            ],
            [
              -9.0962844,
              38.75765749999998
            ],
            [
              -9.095976099999998,
              38.757642199999985
            ],
            [
              -9.095989300000001,
              38.7574719
            ],
            [
              -9.096079999999999,
              38.7574762
            ]
          ]
        ]
      }
    },
    {
      "type": "Feature",
      "properties": {
        "area_id": "Parque_das_N",
        "osm_uid": "cea/45",
        "osmid": "45",
        "element_type": "cea_zone",
        "building": "yes",
        "cea_name": "B1045",
        "intersection_area_m2": 1446.2088015009726,
        "is_residential": true,
        "residential_source": "cea",
        "radiation_sum_kwh_year": 3470600.236375,
        "radiation_sum": 3470600.236375,
        "radiation_point_count": 2383.0,
        "use_type1": "MULTI_RES",
        "use_type2": "NONE",
        "use_type3": "NONE",
        "resi_type": null,
        "comparison_status": "matched",
        "validation_radiation_kwh_year": 3470600.236375,
        "ucea_radiation_kwh_year": 1832419.9399999962,
        "workflow0_radiation_kwh_year": 1830433.400000002,
        "validation_area_m2": 1446.2088015009726,
        "ucea_roofs_top_m2": 1446.21,
        "err_ucea_minus_validation_kwh_year": 1638180.2963750036,
        "err_ucea_abs_kwh_year": 1638180.2963750036,
        "err_ucea_pct_of_validation": 47.201641929410556,
        "err_ucea_area_minus_validation_m2": 0.0011984990273958829,
        "err_ucea_area_pct_of_validation": 8.287178353167261e-05,
        "err_workflow0_minus_validation_kwh_year": 1640166.8363749979,
        "err_workflow0_abs_kwh_year": 1640166.8363749979,
        "err_workflow0_pct_of_validation": 47.25888101961672
      },
      "geometry": {
        "type": "Polygon",
        "coordinates": [
          [
            [
              -9.097877899999999,
              38.758278700000005
            ],
            [
              -9.097688,
              38.7581927
            ],
            [
              -9.098127999999999,
              38.75760189999999
            ],
            [
              -9.098317800000002,
              38.75768789999998
            ],
            [
              -9.097877899999999,
              38.758278700000005
            ]
          ]
        ]
      }
    },
    {
      "type": "Feature",
      "properties": {
        "area_id": "Parque_das_N",
        "osm_uid": "cea/48",
        "osmid": "48",
        "element_type": "cea_zone",
        "building": "yes",
        "cea_name": "B1048",
        "intersection_area_m2": 661.2837092583125,
        "is_residential": true,
        "residential_source": "cea",
        "radiation_sum_kwh_year": 1302321.129578125,
        "radiation_sum": 1302321.129578125,
        "radiation_point_count": 1092.0,
        "use_type1": "MULTI_RES",
        "use_type2": "NONE",
        "use_type3": "NONE",
        "resi_type": null,
        "comparison_status": "matched",
        "validation_radiation_kwh_year": 1302321.129578125,
        "ucea_radiation_kwh_year": 1053377.6499999992,
        "workflow0_radiation_kwh_year": 1058836.5699999984,
        "validation_area_m2": 661.2837092583125,
        "ucea_roofs_top_m2": 661.43,
        "err_ucea_minus_validation_kwh_year": 248943.47957812576,
        "err_ucea_abs_kwh_year": 248943.47957812576,
        "err_ucea_pct_of_validation": 19.115368239381077,
        "err_ucea_area_minus_validation_m2": 0.14629074168749412,
        "err_ucea_area_pct_of_validation": 0.022122235833024223,
        "err_workflow0_minus_validation_kwh_year": 243484.55957812653,
        "err_workflow0_abs_kwh_year": 243484.55957812653,
        "err_workflow0_pct_of_validation": 18.69619973508386
      },
      "geometry": {
        "type": "Polygon",
        "coordinates": [
          [
            [
              -9.0942221,
              38.7571197
            ],
            [
              -9.0942116,
              38.75715859999999
            ],
            [
              -9.094034799999998,
              38.757129
            ],
            [
              -9.0939066,
              38.7571076
            ],
            [
              -9.093965,
              38.756892400000005
            ],
            [
              -9.0940922,
              38.756913699999984
            ],
            [
              -9.094269999999998,
              38.7569435
            ],
            [
              -9.0942585,
              38.75698559999998
            ],
            [
              -9.0942221,
              38.7571197
            ]
          ]
        ]
      }
    },
    {
      "type": "Feature",
      "properties": {
        "area_id": "Parque_das_N",
        "osm_uid": "cea/49",
        "osmid": "49",
        "element_type": "cea_zone",
        "building": "yes",
        "cea_name": "B1049",
        "intersection_area_m2": 668.0009762556838,
        "is_residential": true,
        "residential_source": "cea",
        "radiation_sum_kwh_year": 1238378.2769531251,
        "radiation_sum": 1238378.2769531251,
        "radiation_point_count": 1100.0,
        "use_type1": "MULTI_RES",
        "use_type2": "NONE",
        "use_type3": "NONE",
        "resi_type": null,
        "comparison_status": "matched",
        "validation_radiation_kwh_year": 1238378.2769531251,
        "ucea_radiation_kwh_year": 1067905.5300000033,
        "workflow0_radiation_kwh_year": 1067888.179999999,
        "validation_area_m2": 668.0009762556838,
        "ucea_roofs_top_m2": 679.46,
        "err_ucea_minus_validation_kwh_year": 170472.74695312185,
        "err_ucea_abs_kwh_year": 170472.74695312185,
        "err_ucea_pct_of_validation": 13.765805660976929,
        "err_ucea_area_minus_validation_m2": 11.459023744316255,
        "err_ucea_area_pct_of_validation": 1.7154202091959523,
        "err_workflow0_minus_validation_kwh_year": 170490.09695312614,
        "err_workflow0_abs_kwh_year": 170490.09695312614,
        "err_workflow0_pct_of_validation": 13.767206686844968
      },
      "geometry": {
        "type": "Polygon",
        "coordinates": [
          [
            [
              -9.0941635,
              38.7573356
            ],
            [
              -9.094152599999997,
              38.7573759
            ],
            [
              -9.0939755,
              38.75734629999999
            ],
            [
              -9.0938476,
              38.757324899999986
            ],
            [
              -9.0939066,
              38.7571076
            ],
            [
              -9.094034799999998,
              38.757129
            ],
            [
              -9.0942116,
              38.75715859999999
            ],
            [
              -9.094200999999998,
              38.757197399999995
            ],
            [
              -9.0941635,
              38.7573356
            ]
          ]
        ]
      }
    },
    {
      "type": "Feature",
      "properties": {
        "area_id": "Parque_das_N",
        "osm_uid": "cea/50",
        "osmid": "50",
        "element_type": "cea_zone",
        "building": "yes",
        "cea_name": "B1050",
        "intersection_area_m2": 537.8260788409601,
        "is_residential": true,
        "residential_source": "cea",
        "radiation_sum_kwh_year": 1043742.5883125,
        "radiation_sum": 1043742.5883125,
        "radiation_point_count": 886.0,
        "use_type1": "MULTI_RES",
        "use_type2": "NONE",
        "use_type3": "NONE",
        "resi_type": null,
        "comparison_status": "matched",
        "validation_radiation_kwh_year": 1043742.5883125,
        "ucea_radiation_kwh_year": 861488.93,
        "workflow0_radiation_kwh_year": 856064.9999999972,
        "validation_area_m2": 537.8260788409601,
        "ucea_roofs_top_m2": 541.94,
        "err_ucea_minus_validation_kwh_year": 182253.6583125,
        "err_ucea_abs_kwh_year": 182253.6583125,
        "err_ucea_pct_of_validation": 17.461552336114185,
        "err_ucea_area_minus_validation_m2": 4.113921159039933,
        "err_ucea_area_pct_of_validation": 0.7649166377178328,
        "err_workflow0_minus_validation_kwh_year": 187677.58831250283,
        "err_workflow0_abs_kwh_year": 187677.58831250283,
        "err_workflow0_pct_of_validation": 17.98121399031305
      },
      "geometry": {
        "type": "Polygon",
        "coordinates": [
          [
            [
              -9.094141599999999,
              38.75741630000001
            ],
            [
              -9.0941051,
              38.75755059999999
            ],
            [
              -9.093953,
              38.75752539999999
            ],
            [
              -9.0939273,
              38.75752120000001
            ],
            [
              -9.0938,
              38.757500199999996
            ],
            [
              -9.0938476,
              38.757324899999986
            ],
            [
              -9.0939755,
              38.75734629999999
            ],
            [
              -9.094152599999997,
              38.7573759
            ],
            [
              -9.094141599999999,
              38.75741630000001
            ]
          ]
        ]
      }
    },
    {
      "type": "Feature",
      "properties": {
        "area_id": "Parque_das_N",
        "osm_uid": "cea/55",
        "osmid": "55",
        "element_type": "cea_zone",
        "building": "yes",
        "cea_name": "B1055",
        "intersection_area_m2": 200.60839360905481,
        "is_residential": true,
        "residential_source": "cea",
        "radiation_sum_kwh_year": 462415.1030625,
        "radiation_sum": 462415.1030625,
        "radiation_point_count": 331.0,
        "use_type1": "MULTI_RES",
        "use_type2": "NONE",
        "use_type3": "NONE",
        "resi_type": null,
        "comparison_status": "matched",
        "validation_radiation_kwh_year": 462415.1030625,
        "ucea_radiation_kwh_year": 324510.51000000007,
        "workflow0_radiation_kwh_year": 315069.77999999915,
        "validation_area_m2": 200.60839360905481,
        "ucea_roofs_top_m2": 205.69,
        "err_ucea_minus_validation_kwh_year": 137904.59306249995,
        "err_ucea_abs_kwh_year": 137904.59306249995,
        "err_ucea_pct_of_validation": 29.822683590821374,
        "err_ucea_area_minus_validation_m2": 5.081606390945183,
        "err_ucea_area_pct_of_validation": 2.53309759353749,
        "err_workflow0_minus_validation_kwh_year": 147345.32306250086,
        "err_workflow0_abs_kwh_year": 147345.32306250086,
        "err_workflow0_pct_of_validation": 31.86429727027875
      },
      "geometry": {
        "type": "Polygon",
        "coordinates": [
          [
            [
              -9.096161199999997,
              38.7554397
            ],
            [
              -9.0961115,
              38.75534830000001
            ],
            [
              -9.0960993,
              38.7553258
            ],
            [
              -9.0962542,
              38.755274599999986
            ],
            [
              -9.0962666,
              38.7552975
            ],
            [
              -9.0963161,
              38.755388399999994
            ],
            [
              -9.096270628984431,
              38.75540345915491
            ],
            [
              -9.096270628984433,
              38.75540345915491
            ],
            [
              -9.096161199999997,
              38.7554397
            ]
          ]
        ]
      }
    },
    {
      "type": "Feature",
      "properties": {
        "area_id": "Parque_das_N",
        "osm_uid": "cea/57",
        "osmid": "57",
        "element_type": "cea_zone",
        "building": "yes",
        "cea_name": "B1057",
        "intersection_area_m2": 380.9013108891045,
        "is_residential": true,
        "residential_source": "cea",
        "radiation_sum_kwh_year": 590956.14515625,
        "radiation_sum": 590956.14515625,
        "radiation_point_count": 627.0,
        "use_type1": "MULTI_RES",
        "use_type2": "NONE",
        "use_type3": "NONE",
        "resi_type": null,
        "comparison_status": "matched",
        "validation_radiation_kwh_year": 590956.14515625,
        "ucea_radiation_kwh_year": 527419.2900000006,
        "workflow0_radiation_kwh_year": 611683.5299999998,
        "validation_area_m2": 380.9013108891045,
        "ucea_roofs_top_m2": 382.72,
        "err_ucea_minus_validation_kwh_year": 63536.85515624937,
        "err_ucea_abs_kwh_year": 63536.85515624937,
        "err_ucea_pct_of_validation": 10.751534725042939,
        "err_ucea_area_minus_validation_m2": 1.8186891108955479,
        "err_ucea_area_pct_of_validation": 0.4774699007074409,
        "err_workflow0_minus_validation_kwh_year": 20727.38484374981,
        "err_workflow0_abs_kwh_year": 20727.38484374981,
        "err_workflow0_pct_of_validation": 3.5074319835136745
      },
      "geometry": {
        "type": "Polygon",
        "coordinates": [
          [
            [
              -9.0948629,
              38.758766
            ],
            [
              -9.0948486,
              38.7589378
            ],
            [
              -9.0946425,
              38.758927399999976
            ],
            [
              -9.0946196,
              38.75892629999999
            ],
            [
              -9.094633799999999,
              38.758754499999995
            ],
            [
              -9.0946554,
              38.75875560000001
            ],
            [
              -9.0948629,
              38.758766
            ]
          ]
        ]
      }
    },
    {
      "type": "Feature",
      "properties": {
        "area_id": "Parque_das_N",
        "osm_uid": "cea/58",
        "osmid": "58",
        "element_type": "cea_zone",
        "building": "yes",
        "cea_name": "B1058",
        "intersection_area_m2": 383.5495057428938,
        "is_residential": true,
        "residential_source": "cea",
        "radiation_sum_kwh_year": 594149.438640625,
        "radiation_sum": 594149.438640625,
        "radiation_point_count": 632.0,
        "use_type1": "MULTI_RES",
        "use_type2": "NONE",
        "use_type3": "NONE",
        "resi_type": null,
        "comparison_status": "matched",
        "validation_radiation_kwh_year": 594149.438640625,
        "ucea_radiation_kwh_year": 619159.6400000006,
        "workflow0_radiation_kwh_year": 619330.9799999987,
        "validation_area_m2": 383.5495057428938,
        "ucea_roofs_top_m2": 389.31,
        "err_ucea_minus_validation_kwh_year": 25010.201359375613,
        "err_ucea_abs_kwh_year": 25010.201359375613,
        "err_ucea_pct_of_validation": 4.209412604444652,
        "err_ucea_area_minus_validation_m2": 5.760494257106188,
        "err_ucea_area_pct_of_validation": 1.501890674047079,
        "err_workflow0_minus_validation_kwh_year": 25181.541359373718,
        "err_workflow0_abs_kwh_year": 25181.541359373718,
        "err_workflow0_pct_of_validation": 4.238250467254069
      },
      "geometry": {
        "type": "Polygon",
        "coordinates": [
          [
            [
              -9.094403199999999,
              38.7587429
            ],
            [
              -9.094633799999999,
              38.758754499999995
            ],
            [
              -9.0946196,
              38.75892629999999
            ],
            [
              -9.094389,
              38.758914699999984
            ],
            [
              -9.094403199999999,
              38.7587429
            ]
          ]
        ]
      }
    },
    {
      "type": "Feature",
      "properties": {
        "area_id": "Parque_das_N",
        "osm_uid": "cea/59",
        "osmid": "59",
        "element_type": "cea_zone",
        "building": "yes",
        "cea_name": "B1059",
        "intersection_area_m2": 478.8321604742648,
        "is_residential": true,
        "residential_source": "cea",
        "radiation_sum_kwh_year": 916899.3571875,
        "radiation_sum": 916899.3571875,
        "radiation_point_count": 791.0,
        "use_type1": "MULTI_RES",
        "use_type2": "NONE",
        "use_type3": "NONE",
        "resi_type": null,
        "comparison_status": "matched",
        "validation_radiation_kwh_year": 916899.3571875,
        "ucea_radiation_kwh_year": 816233.0600000002,
        "workflow0_radiation_kwh_year": 774583.1699999986,
        "validation_area_m2": 478.8321604742648,
        "ucea_roofs_top_m2": 485.0,
        "err_ucea_minus_validation_kwh_year": 100666.29718749982,
        "err_ucea_abs_kwh_year": 100666.29718749982,
        "err_ucea_pct_of_validation": 10.97899092178273,
        "err_ucea_area_minus_validation_m2": 6.1678395257351895,
        "err_ucea_area_pct_of_validation": 1.2881005151421288,
        "err_workflow0_minus_validation_kwh_year": 142316.18718750135,
        "err_workflow0_abs_kwh_year": 142316.18718750135,
        "err_workflow0_pct_of_validation": 15.521462205409598
      },
      "geometry": {
        "type": "Polygon",
        "coordinates": [
          [
            [
              -9.0950829,
              38.758777099999996
            ],
            [
              -9.095064199999998,
              38.75900190000001
            ],
            [
              -9.094844199999999,
              38.7589908
            ],
            [
              -9.0948486,
              38.7589378
            ],
            [
              -9.0948629,
              38.758766
            ],
            [
              -9.0950829,
              38.758777099999996
            ]
          ]
        ]
      }
    },
    {
      "type": "Feature",
      "properties": {
        "area_id": "Parque_das_N",
        "osm_uid": "cea/61",
        "osmid": "61",
        "element_type": "cea_zone",
        "building": "yes",
        "cea_name": "B1061",
        "intersection_area_m2": 476.6001076778493,
        "is_residential": true,
        "residential_source": "cea",
        "radiation_sum_kwh_year": 882695.367203125,
        "radiation_sum": 882695.367203125,
        "radiation_point_count": 785.0,
        "use_type1": "MULTI_RES",
        "use_type2": "NONE",
        "use_type3": "NONE",
        "resi_type": null,
        "comparison_status": "matched",
        "validation_radiation_kwh_year": 882695.367203125,
        "ucea_radiation_kwh_year": 768815.6200000024,
        "workflow0_radiation_kwh_year": 771051.399999998,
        "validation_area_m2": 476.6001076778493,
        "ucea_roofs_top_m2": 476.66,
        "err_ucea_minus_validation_kwh_year": 113879.74720312259,
        "err_ucea_abs_kwh_year": 113879.74720312259,
        "err_ucea_pct_of_validation": 12.901364551618485,
        "err_ucea_area_minus_validation_m2": 0.0598923221507448,
        "err_ucea_area_pct_of_validation": 0.012566577553362225,
        "err_workflow0_minus_validation_kwh_year": 111643.96720312699,
        "err_workflow0_abs_kwh_year": 111643.96720312699,
        "err_workflow0_pct_of_validation": 12.648074449158809
      },
      "geometry": {
        "type": "Polygon",
        "coordinates": [
          [
            [
              -9.0941653,
              38.758956299999994
            ],
            [
              -9.0941823,
              38.7587518
            ],
            [
              -9.0941839,
              38.75873179999999
            ],
            [
              -9.0942919,
              38.7587373
            ],
            [
              -9.094403199999999,
              38.7587429
            ],
            [
              -9.094389,
              38.758914699999984
            ],
            [
              -9.094384599999998,
              38.7589674
            ],
            [
              -9.0941653,
              38.758956299999994
            ]
          ]
        ]
      }
    },
    {
      "type": "Feature",
      "properties": {
        "area_id": "Parque_das_N",
        "osm_uid": "cea/65",
        "osmid": "65",
        "element_type": "cea_zone",
        "building": "yes",
        "cea_name": "B1065",
        "intersection_area_m2": 424.7281674150228,
        "is_residential": true,
        "residential_source": "cea",
        "radiation_sum_kwh_year": 861334.29671875,
        "radiation_sum": 861334.29671875,
        "radiation_point_count": 700.0,
        "use_type1": "MULTI_RES",
        "use_type2": "NONE",
        "use_type3": "NONE",
        "resi_type": null,
        "comparison_status": "matched",
        "validation_radiation_kwh_year": 861334.29671875,
        "ucea_radiation_kwh_year": 669754.8499999999,
        "workflow0_radiation_kwh_year": 687324.9699999986,
        "validation_area_m2": 424.7281674150228,
        "ucea_roofs_top_m2": 432.43,
        "err_ucea_minus_validation_kwh_year": 191579.44671875017,
        "err_ucea_abs_kwh_year": 191579.44671875017,
        "err_ucea_pct_of_validation": 22.24217094902309,
        "err_ucea_area_minus_validation_m2": 7.701832584977183,
        "err_ucea_area_pct_of_validation": 1.813355735705502,
        "err_workflow0_minus_validation_kwh_year": 174009.32671875146,
        "err_workflow0_abs_kwh_year": 174009.32671875146,
        "err_workflow0_pct_of_validation": 20.202298617579654
      },
      "geometry": {
        "type": "Polygon",
        "coordinates": [
          [
            [
              -9.095120099999999,
              38.75833779999999
            ],
            [
              -9.094897899999998,
              38.7583271
            ],
            [
              -9.094913599999998,
              38.75812960000001
            ],
            [
              -9.095135799999998,
              38.7581403
            ],
            [
              -9.095120099999999,
              38.75833779999999
            ]
          ]
        ]
      }
    },
    {
      "type": "Feature",
      "properties": {
        "area_id": "Parque_das_N",
        "osm_uid": "cea/66",
        "osmid": "66",
        "element_type": "cea_zone",
        "building": "yes",
        "cea_name": "B1066",
        "intersection_area_m2": 421.07699765526115,
        "is_residential": true,
        "residential_source": "cea",
        "radiation_sum_kwh_year": 883037.54109375,
        "radiation_sum": 883037.54109375,
        "radiation_point_count": 696.0,
        "use_type1": "MULTI_RES",
        "use_type2": "NONE",
        "use_type3": "NONE",
        "resi_type": null,
        "comparison_status": "matched",
        "validation_radiation_kwh_year": 883037.54109375,
        "ucea_radiation_kwh_year": 669249.8200000012,
        "workflow0_radiation_kwh_year": 681423.189999999,
        "validation_area_m2": 421.07699765526115,
        "ucea_roofs_top_m2": 424.7,
        "err_ucea_minus_validation_kwh_year": 213787.7210937488,
        "err_ucea_abs_kwh_year": 213787.7210937488,
        "err_ucea_pct_of_validation": 24.21049062409584,
        "err_ucea_area_minus_validation_m2": 3.623002344738836,
        "err_ucea_area_pct_of_validation": 0.8604132652491778,
        "err_workflow0_minus_validation_kwh_year": 201614.35109375103,
        "err_workflow0_abs_kwh_year": 201614.35109375103,
        "err_workflow0_pct_of_validation": 22.831911635832263
      },
      "geometry": {
        "type": "Polygon",
        "coordinates": [
          [
            [
              -9.095151499999998,
              38.757944599999995
            ],
            [
              -9.095135799999998,
              38.7581403
            ],
            [
              -9.094913599999998,
              38.75812960000001
            ],
            [
              -9.0949292,
              38.757933799999996
            ],
            [
              -9.095151499999998,
              38.757944599999995
            ]
          ]
        ]
      }
    },
    {
      "type": "Feature",
      "properties": {
        "area_id": "Parque_das_N",
        "osm_uid": "cea/67",
        "osmid": "67",
        "element_type": "cea_zone",
        "building": "yes",
        "cea_name": "B1067",
        "intersection_area_m2": 430.5376276640027,
        "is_residential": true,
        "residential_source": "cea",
        "radiation_sum_kwh_year": 862173.63434375,
        "radiation_sum": 862173.63434375,
        "radiation_point_count": 709.0,
        "use_type1": "MULTI_RES",
        "use_type2": "NONE",
        "use_type3": "NONE",
        "resi_type": null,
        "comparison_status": "matched",
        "validation_radiation_kwh_year": 862173.63434375,
        "ucea_radiation_kwh_year": 694093.2700000004,
        "workflow0_radiation_kwh_year": 694835.859999999,
        "validation_area_m2": 430.5376276640027,
        "ucea_roofs_top_m2": 430.54,
        "err_ucea_minus_validation_kwh_year": 168080.3643437496,
        "err_ucea_abs_kwh_year": 168080.3643437496,
        "err_ucea_pct_of_validation": 19.494955267529754,
        "err_ucea_area_minus_validation_m2": 0.0023723359973359948,
        "err_ucea_area_pct_of_validation": 0.0005510171109103146,
        "err_workflow0_minus_validation_kwh_year": 167337.7743437509,
        "err_workflow0_abs_kwh_year": 167337.7743437509,
        "err_workflow0_pct_of_validation": 19.408825285073966
      },
      "geometry": {
        "type": "Polygon",
        "coordinates": [
          [
            [
              -9.095151499999998,
              38.757944599999995
            ],
            [
              -9.0949292,
              38.757933799999996
            ],
            [
              -9.0949452,
              38.7577337
            ],
            [
              -9.0951674,
              38.75774439999999
            ],
            [
              -9.095151499999998,
              38.757944599999995
            ]
          ]
        ]
      }
    },
    {
      "type": "Feature",
      "properties": {
        "area_id": "Parque_das_N",
        "osm_uid": "cea/68",
        "osmid": "68",
        "element_type": "cea_zone",
        "building": "yes",
        "cea_name": "B1068",
        "intersection_area_m2": 403.147408746524,
        "is_residential": true,
        "residential_source": "cea",
        "radiation_sum_kwh_year": 747636.72646875,
        "radiation_sum": 747636.72646875,
        "radiation_point_count": 668.0,
        "use_type1": "MULTI_RES",
        "use_type2": "NONE",
        "use_type3": "NONE",
        "resi_type": null,
        "comparison_status": "matched",
        "validation_radiation_kwh_year": 747636.72646875,
        "ucea_radiation_kwh_year": 721768.1100000021,
        "workflow0_radiation_kwh_year": 643210.9200000003,
        "validation_area_m2": 403.147408746524,
        "ucea_roofs_top_m2": 412.37,
        "err_ucea_minus_validation_kwh_year": 25868.61646874796,
        "err_ucea_abs_kwh_year": 25868.61646874796,
        "err_ucea_pct_of_validation": 3.4600515936303764,
        "err_ucea_area_minus_validation_m2": 9.222591253476025,
        "err_ucea_area_pct_of_validation": 2.2876474097033483,
        "err_workflow0_minus_validation_kwh_year": 104425.80646874977,
        "err_workflow0_abs_kwh_year": 104425.80646874977,
        "err_workflow0_pct_of_validation": 13.96745274432617
      },
      "geometry": {
        "type": "Polygon",
        "coordinates": [
          [
            [
              -9.0944843,
              38.7577178
            ],
            [
              -9.094469199999999,
              38.757907599999996
            ],
            [
              -9.0942498,
              38.757897
            ],
            [
              -9.0942649,
              38.75770709999999
            ],
            [
              -9.0944843,
              38.7577178
            ]
          ]
        ]
      }
    },
    {
      "type": "Feature",
      "properties": {
        "area_id": "Parque_das_N",
        "osm_uid": "cea/69",
        "osmid": "69",
        "element_type": "cea_zone",
        "building": "yes",
        "cea_name": "B1069",
        "intersection_area_m2": 422.26646456898106,
        "is_residential": true,
        "residential_source": "cea",
        "radiation_sum_kwh_year": 835212.1876875,
        "radiation_sum": 835212.1876875,
        "radiation_point_count": 701.0,
        "use_type1": "MULTI_RES",
        "use_type2": "NONE",
        "use_type3": "NONE",
        "resi_type": null,
        "comparison_status": "matched",
        "validation_radiation_kwh_year": 835212.1876875,
        "ucea_radiation_kwh_year": 699878.4200000019,
        "workflow0_radiation_kwh_year": 675628.0900000021,
        "validation_area_m2": 422.26646456898106,
        "ucea_roofs_top_m2": 426.7,
        "err_ucea_minus_validation_kwh_year": 135333.76768749813,
        "err_ucea_abs_kwh_year": 135333.76768749813,
        "err_ucea_pct_of_validation": 16.20351925924411,
        "err_ucea_area_minus_validation_m2": 4.4335354310189246,
        "err_ucea_area_pct_of_validation": 1.049937848023133,
        "err_workflow0_minus_validation_kwh_year": 159584.09768749797,
        "err_workflow0_abs_kwh_year": 159584.09768749797,
        "err_workflow0_pct_of_validation": 19.107012569985073
      },
      "geometry": {
        "type": "Polygon",
        "coordinates": [
          [
            [
              -9.094469199999999,
              38.757907599999996
            ],
            [
              -9.0944533,
              38.7581065
            ],
            [
              -9.094233900000003,
              38.75809580000001
            ],
            [
              -9.0942498,
              38.757897
            ],
            [
              -9.094469199999999,
              38.757907599999996
            ]
          ]
        ]
      }
    },
    {
      "type": "Feature",
      "properties": {
        "area_id": "Parque_das_N",
        "osm_uid": "cea/70",
        "osmid": "70",
        "element_type": "cea_zone",
        "building": "yes",
        "cea_name": "B1070",
        "intersection_area_m2": 415.5787534659986,
        "is_residential": true,
        "residential_source": "cea",
        "radiation_sum_kwh_year": 788877.054125,
        "radiation_sum": 788877.054125,
        "radiation_point_count": 682.0,
        "use_type1": "MULTI_RES",
        "use_type2": "NONE",
        "use_type3": "NONE",
        "resi_type": null,
        "comparison_status": "matched",
        "validation_radiation_kwh_year": 788877.054125,
        "ucea_radiation_kwh_year": 672313.6599999999,
        "workflow0_radiation_kwh_year": 672200.4199999993,
        "validation_area_m2": 415.5787534659986,
        "ucea_roofs_top_m2": 415.58,
        "err_ucea_minus_validation_kwh_year": 116563.39412500011,
        "err_ucea_abs_kwh_year": 116563.39412500011,
        "err_ucea_pct_of_validation": 14.775863173544693,
        "err_ucea_area_minus_validation_m2": 0.0012465340013818604,
        "err_ucea_area_pct_of_validation": 0.0002999513307611497,
        "err_workflow0_minus_validation_kwh_year": 116676.63412500068,
        "err_workflow0_abs_kwh_year": 116676.63412500068,
        "err_workflow0_pct_of_validation": 14.790217755086701
      },
      "geometry": {
        "type": "Polygon",
        "coordinates": [
          [
            [
              -9.094233900000003,
              38.75809580000001
            ],
            [
              -9.0944533,
              38.7581065
            ],
            [
              -9.0944377,
              38.7583022
            ],
            [
              -9.094218299999998,
              38.75829149999999
            ],
            [
              -9.094233900000003,
              38.75809580000001
            ]
          ]
        ]
      }
    },
    {
      "type": "Feature",
      "properties": {
        "area_id": "Parque_das_N",
        "osm_uid": "cea/71",
        "osmid": "71",
        "element_type": "cea_zone",
        "building": "yes",
        "cea_name": "B1071",
        "intersection_area_m2": 554.9502515955646,
        "is_residential": true,
        "residential_source": "cea",
        "radiation_sum_kwh_year": 954414.8536875,
        "radiation_sum": 954414.8536875,
        "radiation_point_count": 916.0,
        "use_type1": "MULTI_RES",
        "use_type2": "NONE",
        "use_type3": "NONE",
        "resi_type": null,
        "comparison_status": "matched",
        "validation_radiation_kwh_year": 954414.8536875,
        "ucea_radiation_kwh_year": 897807.5099999981,
        "workflow0_radiation_kwh_year": 897219.8100000017,
        "validation_area_m2": 554.9502515955646,
        "ucea_roofs_top_m2": 554.89,
        "err_ucea_minus_validation_kwh_year": 56607.34368750185,
        "err_ucea_abs_kwh_year": 56607.34368750185,
        "err_ucea_pct_of_validation": 5.9311046416338105,
        "err_ucea_area_minus_validation_m2": 0.06025159556463677,
        "err_ucea_area_pct_of_validation": 0.010857116541780901,
        "err_workflow0_minus_validation_kwh_year": 57195.04368749831,
        "err_workflow0_abs_kwh_year": 57195.04368749831,
        "err_workflow0_pct_of_validation": 5.992681638023358
      },
      "geometry": {
        "type": "Polygon",
        "coordinates": [
          [
            [
              -9.094435499999998,
              38.75832979999999
            ],
            [
              -9.0945132,
              38.75833359999999
            ],
            [
              -9.0944995,
              38.75850609999999
            ],
            [
              -9.094312599999999,
              38.75849709999999
            ],
            [
              -9.094202299999997,
              38.75849169999999
            ],
            [
              -9.0942039,
              38.75847190000001
            ],
            [
              -9.094218299999998,
              38.75829149999999
            ],
            [
              -9.0944377,
              38.7583022
            ],
            [
              -9.094435499999998,
              38.75832979999999
            ]
          ]
        ]
      }
    },
    {
      "type": "Feature",
      "properties": {
        "area_id": "Parque_das_N",
        "osm_uid": "cea/72",
        "osmid": "72",
        "element_type": "cea_zone",
        "building": "yes",
        "cea_name": "B1072",
        "intersection_area_m2": 502.2675372880626,
        "is_residential": true,
        "residential_source": "cea",
        "radiation_sum_kwh_year": 914996.564171875,
        "radiation_sum": 914996.564171875,
        "radiation_point_count": 828.0,
        "use_type1": "MULTI_RES",
        "use_type2": "NONE",
        "use_type3": "NONE",
        "resi_type": null,
        "comparison_status": "matched",
        "validation_radiation_kwh_year": 914996.564171875,
        "ucea_radiation_kwh_year": 800366.2699999983,
        "workflow0_radiation_kwh_year": 801309.1800000014,
        "validation_area_m2": 502.2675372880626,
        "ucea_roofs_top_m2": 502.29,
        "err_ucea_minus_validation_kwh_year": 114630.29417187674,
        "err_ucea_abs_kwh_year": 114630.29417187674,
        "err_ucea_pct_of_validation": 12.527948044878595,
        "err_ucea_area_minus_validation_m2": 0.022462711937407676,
        "err_ucea_area_pct_of_validation": 0.004472260353255673,
        "err_workflow0_minus_validation_kwh_year": 113687.38417187356,
        "err_workflow0_abs_kwh_year": 113687.38417187356,
        "err_workflow0_pct_of_validation": 12.424897384698625
      },
      "geometry": {
        "type": "Polygon",
        "coordinates": [
          [
            [
              -9.0948141,
              38.7583482
            ],
            [
              -9.0948003,
              38.75852069999999
            ],
            [
              -9.094778599999998,
              38.75851959999999
            ],
            [
              -9.0944995,
              38.75850609999999
            ],
            [
              -9.0945132,
              38.75833359999999
            ],
            [
              -9.094789999999998,
              38.758346999999986
            ],
            [
              -9.0948141,
              38.7583482
            ]
          ]
        ]
      }
    },
    {
      "type": "Feature",
      "properties": {
        "area_id": "Parque_das_N",
        "osm_uid": "cea/73",
        "osmid": "73",
        "element_type": "cea_zone",
        "building": "yes",
        "cea_name": "B1073",
        "intersection_area_m2": 561.4971059414933,
        "is_residential": true,
        "residential_source": "cea",
        "radiation_sum_kwh_year": 1007470.938125,
        "radiation_sum": 1007470.938125,
        "radiation_point_count": 921.0,
        "use_type1": "MULTI_RES",
        "use_type2": "NONE",
        "use_type3": "NONE",
        "resi_type": null,
        "comparison_status": "matched",
        "validation_radiation_kwh_year": 1007470.938125,
        "ucea_radiation_kwh_year": 817331.9799999999,
        "workflow0_radiation_kwh_year": 847816.6099999999,
        "validation_area_m2": 561.4971059414933,
        "ucea_roofs_top_m2": 561.5,
        "err_ucea_minus_validation_kwh_year": 190138.95812500012,
        "err_ucea_abs_kwh_year": 190138.95812500012,
        "err_ucea_pct_of_validation": 18.872897562570586,
        "err_ucea_area_minus_validation_m2": 0.0028940585067402935,
        "err_ucea_area_pct_of_validation": 0.000515418241005475,
        "err_workflow0_minus_validation_kwh_year": 159654.32812500012,
        "err_workflow0_abs_kwh_year": 159654.32812500012,
        "err_workflow0_pct_of_validation": 15.847040553063707
      },
      "geometry": {
        "type": "Polygon",
        "coordinates": [
          [
            [
              -9.094895900000001,
              38.75835209999999
            ],
            [
              -9.094897899999998,
              38.7583271
            ],
            [
              -9.095120099999999,
              38.75833779999999
            ],
            [
              -9.0951043,
              38.75853540000001
            ],
            [
              -9.0948003,
              38.75852069999999
            ],
            [
              -9.0948141,
              38.7583482
            ],
            [
              -9.094895900000001,
              38.75835209999999
            ]
          ]
        ]
      }
    },
    {
      "type": "Feature",
      "properties": {
        "area_id": "Parque_das_N",
        "osm_uid": "cea/74",
        "osmid": "74",
        "element_type": "cea_zone",
        "building": "yes",
        "cea_name": "B1074",
        "intersection_area_m2": 522.177919064468,
        "is_residential": true,
        "residential_source": "cea",
        "radiation_sum_kwh_year": 1074446.3061875,
        "radiation_sum": 1074446.3061875,
        "radiation_point_count": 859.0,
        "use_type1": "MULTI_RES",
        "use_type2": "NONE",
        "use_type3": "NONE",
        "resi_type": null,
        "comparison_status": "matched",
        "validation_radiation_kwh_year": 1074446.3061875,
        "ucea_radiation_kwh_year": 823305.1400000011,
        "workflow0_radiation_kwh_year": 822560.5500000023,
        "validation_area_m2": 522.177919064468,
        "ucea_roofs_top_m2": 508.45,
        "err_ucea_minus_validation_kwh_year": 251141.16618749895,
        "err_ucea_abs_kwh_year": 251141.16618749895,
        "err_ucea_pct_of_validation": 23.374008058032516,
        "err_ucea_area_minus_validation_m2": 13.72791906446804,
        "err_ucea_area_pct_of_validation": 2.6289734903120623,
        "err_workflow0_minus_validation_kwh_year": 251885.75618749775,
        "err_workflow0_abs_kwh_year": 251885.75618749775,
        "err_workflow0_pct_of_validation": 23.443307937953072
      },
      "geometry": {
        "type": "Polygon",
        "coordinates": [
          [
            [
              -9.0957316,
              38.75833709999999
            ],
            [
              -9.095783400000002,
              38.7582805
            ],
            [
              -9.095845899999999,
              38.75822819999999
            ],
            [
              -9.095912,
              38.7581795
            ],
            [
              -9.0959851,
              38.75813719999999
            ],
            [
              -9.096104999999998,
              38.7582803
            ],
            [
              -9.096054199999998,
              38.75830979999999
            ],
            [
              -9.0959941,
              38.7583525
            ],
            [
              -9.0959488,
              38.75839129999999
            ],
            [
              -9.0959119,
              38.7584308
            ],
            [
              -9.0957316,
              38.75833709999999
            ]
          ]
        ]
      }
    },
    {
      "type": "Feature",
      "properties": {
        "area_id": "Parque_das_N",
        "osm_uid": "cea/75",
        "osmid": "75",
        "element_type": "cea_zone",
        "building": "yes",
        "cea_name": "B1075",
        "intersection_area_m2": 503.49704152016596,
        "is_residential": true,
        "residential_source": "cea",
        "radiation_sum_kwh_year": 914065.0963125001,
        "radiation_sum": 914065.0963125001,
        "radiation_point_count": 830.0,
        "use_type1": "MULTI_RES",
        "use_type2": "NONE",
        "use_type3": "NONE",
        "resi_type": null,
        "comparison_status": "matched",
        "validation_radiation_kwh_year": 914065.0963125001,
        "ucea_radiation_kwh_year": 736833.3199999989,
        "workflow0_radiation_kwh_year": 736111.449999998,
        "validation_area_m2": 503.49704152016596,
        "ucea_roofs_top_m2": 512.4,
        "err_ucea_minus_validation_kwh_year": 177231.77631250117,
        "err_ucea_abs_kwh_year": 177231.77631250117,
        "err_ucea_pct_of_validation": 19.389404215026417,
        "err_ucea_area_minus_validation_m2": 8.902958479834012,
        "err_ucea_area_pct_of_validation": 1.768224586375734,
        "err_workflow0_minus_validation_kwh_year": 177953.6463125021,
        "err_workflow0_abs_kwh_year": 177953.6463125021,
        "err_workflow0_pct_of_validation": 19.46837780267494
      },
      "geometry": {
        "type": "Polygon",
        "coordinates": [
          [
            [
              -9.095841599999998,
              38.7585381
            ],
            [
              -9.095831099999998,
              38.758571299999986
            ],
            [
              -9.0955845,
              38.75855969999999
            ],
            [
              -9.0955964,
              38.758422599999996
            ],
            [
              -9.095599300000002,
              38.7583894
            ],
            [
              -9.0956882,
              38.75839179999999
            ],
            [
              -9.0957316,
              38.75833709999999
            ],
            [
              -9.0959119,
              38.7584308
            ],
            [
              -9.0958785,
              38.7584735
            ],
            [
              -9.095858199999999,
              38.758507400000006
            ],
            [
              -9.095841599999998,
              38.7585381
            ]
          ]
        ]
      }
    },
    {
      "type": "Feature",
      "properties": {
        "area_id": "Parque_das_N",
        "osm_uid": "cea/76",
        "osmid": "76",
        "element_type": "cea_zone",
        "building": "yes",
        "cea_name": "B1076",
        "intersection_area_m2": 543.8202652513874,
        "is_residential": true,
        "residential_source": "cea",
        "radiation_sum_kwh_year": 900827.694109375,
        "radiation_sum": 900827.694109375,
        "radiation_point_count": 896.0,
        "use_type1": "MULTI_RES",
        "use_type2": "NONE",
        "use_type3": "NONE",
        "resi_type": null,
        "comparison_status": "matched",
        "validation_radiation_kwh_year": 900827.694109375,
        "ucea_radiation_kwh_year": 856013.9100000026,
        "workflow0_radiation_kwh_year": 856510.7799999997,
        "validation_area_m2": 543.8202652513874,
        "ucea_roofs_top_m2": 529.28,
        "err_ucea_minus_validation_kwh_year": 44813.78410937241,
        "err_ucea_abs_kwh_year": 44813.78410937241,
        "err_ucea_pct_of_validation": 4.974734280752618,
        "err_ucea_area_minus_validation_m2": 14.540265251387382,
        "err_ucea_area_pct_of_validation": 2.6737262622359195,
        "err_workflow0_minus_validation_kwh_year": 44316.91410937533,
        "err_workflow0_abs_kwh_year": 44316.91410937533,
        "err_workflow0_pct_of_validation": 4.919577228716343
      },
      "geometry": {
        "type": "Polygon",
        "coordinates": [
          [
            [
              -9.0955633,
              38.7585587
            ],
            [
              -9.0952865,
              38.75854599999998
            ],
            [
              -9.095301699999998,
              38.758345
            ],
            [
              -9.0955217,
              38.758355099999996
            ],
            [
              -9.095519299999998,
              38.7583861
            ],
            [
              -9.0955562,
              38.7583878
            ],
            [
              -9.095554,
              38.75842190000001
            ],
            [
              -9.0955752,
              38.7584223
            ],
            [
              -9.0955964,
              38.758422599999996
            ],
            [
              -9.0955845,
              38.75855969999999
            ],
            [
              -9.0955633,
              38.7585587
            ]
          ]
        ]
      }
    },
    {
      "type": "Feature",
      "properties": {
        "area_id": "Parque_das_N",
        "osm_uid": "cea/77",
        "osmid": "77",
        "element_type": "cea_zone",
        "building": "yes",
        "cea_name": "B1077",
        "intersection_area_m2": 417.83850911564235,
        "is_residential": true,
        "residential_source": "cea",
        "radiation_sum_kwh_year": 797656.71959375,
        "radiation_sum": 797656.71959375,
        "radiation_point_count": 692.0,
        "use_type1": "MULTI_RES",
        "use_type2": "NONE",
        "use_type3": "NONE",
        "resi_type": null,
        "comparison_status": "matched",
        "validation_radiation_kwh_year": 797656.71959375,
        "ucea_radiation_kwh_year": 673086.3199999981,
        "workflow0_radiation_kwh_year": 672316.1700000024,
        "validation_area_m2": 417.83850911564235,
        "ucea_roofs_top_m2": 417.84,
        "err_ucea_minus_validation_kwh_year": 124570.39959375188,
        "err_ucea_abs_kwh_year": 124570.39959375188,
        "err_ucea_pct_of_validation": 15.617043840262026,
        "err_ucea_area_minus_validation_m2": 0.0014908843576222353,
        "err_ucea_area_pct_of_validation": 0.000356808749097277,
        "err_workflow0_minus_validation_kwh_year": 125340.5495937476,
        "err_workflow0_abs_kwh_year": 125340.5495937476,
        "err_workflow0_pct_of_validation": 15.713595399482635
      },
      "geometry": {
        "type": "Polygon",
        "coordinates": [
          [
            [
              -9.0953166,
              38.75814859999998
            ],
            [
              -9.0955365,
              38.75815879999998
            ],
            [
              -9.0955217,
              38.758355099999996
            ],
            [
              -9.095301699999998,
              38.758345
            ],
            [
              -9.0953166,
              38.75814859999998
            ]
          ]
        ]
      }
    },
    {
      "type": "Feature",
      "properties": {
        "area_id": "Parque_das_N",
        "osm_uid": "cea/78",
        "osmid": "78",
        "element_type": "cea_zone",
        "building": "yes",
        "cea_name": "B1078",
        "intersection_area_m2": 408.3820549768782,
        "is_residential": true,
        "residential_source": "cea",
        "radiation_sum_kwh_year": 779276.694125,
        "radiation_sum": 779276.694125,
        "radiation_point_count": 669.0,
        "use_type1": "MULTI_RES",
        "use_type2": "NONE",
        "use_type3": "NONE",
        "resi_type": null,
        "comparison_status": "matched",
        "validation_radiation_kwh_year": 779276.694125,
        "ucea_radiation_kwh_year": 660734.2399999994,
        "workflow0_radiation_kwh_year": 660873.4100000011,
        "validation_area_m2": 408.3820549768782,
        "ucea_roofs_top_m2": 408.65,
        "err_ucea_minus_validation_kwh_year": 118542.45412500063,
        "err_ucea_abs_kwh_year": 118542.45412500063,
        "err_ucea_pct_of_validation": 15.211856715168977,
        "err_ucea_area_minus_validation_m2": 0.267945023121797,
        "err_ucea_area_pct_of_validation": 0.06561136069922749,
        "err_workflow0_minus_validation_kwh_year": 118403.28412499896,
        "err_workflow0_abs_kwh_year": 118403.28412499896,
        "err_workflow0_pct_of_validation": 15.19399784667581
      },
      "geometry": {
        "type": "Polygon",
        "coordinates": [
          [
            [
              -9.0953166,
              38.75814859999998
            ],
            [
              -9.0953311,
              38.757956699999994
            ],
            [
              -9.095550999999999,
              38.75796679999999
            ],
            [
              -9.0955365,
              38.75815879999998
            ],
            [
              -9.0953166,
              38.75814859999998
            ]
          ]
        ]
      }
    },
    {
      "type": "Feature",
      "properties": {
        "area_id": "Parque_das_N",
        "osm_uid": "cea/79",
        "osmid": "79",
        "element_type": "cea_zone",
        "building": "yes",
        "cea_name": "B1079",
        "intersection_area_m2": 572.1687453080498,
        "is_residential": true,
        "residential_source": "cea",
        "radiation_sum_kwh_year": 1082819.3081484374,
        "radiation_sum": 1082819.3081484374,
        "radiation_point_count": 942.0,
        "use_type1": "MULTI_RES",
        "use_type2": "NONE",
        "use_type3": "NONE",
        "resi_type": null,
        "comparison_status": "matched",
        "validation_radiation_kwh_year": 1082819.3081484374,
        "ucea_radiation_kwh_year": 924957.5599999978,
        "workflow0_radiation_kwh_year": 926089.1100000014,
        "validation_area_m2": 572.1687453080498,
        "ucea_roofs_top_m2": 572.17,
        "err_ucea_minus_validation_kwh_year": 157861.74814843957,
        "err_ucea_abs_kwh_year": 157861.74814843957,
        "err_ucea_pct_of_validation": 14.578771080317605,
        "err_ucea_area_minus_validation_m2": 0.0012546919501801312,
        "err_ucea_area_pct_of_validation": 0.0002192870478279302,
        "err_workflow0_minus_validation_kwh_year": 156730.19814843603,
        "err_workflow0_abs_kwh_year": 156730.19814843603,
        "err_workflow0_pct_of_validation": 14.474270727258846
      },
      "geometry": {
        "type": "Polygon",
        "coordinates": [
          [
            [
              -9.095550999999999,
              38.75796679999999
            ],
            [
              -9.0953311,
              38.757956699999994
            ],
            [
              -9.0953461,
              38.75775819999999
            ],
            [
              -9.095657199999998,
              38.757772499999994
            ],
            [
              -9.0956443,
              38.757942399999976
            ],
            [
              -9.095553199999998,
              38.7579382
            ],
            [
              -9.095550999999999,
              38.75796679999999
            ]
          ]
        ]
      }
    },
    {
      "type": "Feature",
      "properties": {
        "area_id": "Parque_das_N",
        "osm_uid": "cea/80",
        "osmid": "80",
        "element_type": "cea_zone",
        "building": "yes",
        "cea_name": "B1080",
        "intersection_area_m2": 484.8865697640431,
        "is_residential": true,
        "residential_source": "cea",
        "radiation_sum_kwh_year": 866271.0208671875,
        "radiation_sum": 866271.0208671875,
        "radiation_point_count": 804.0,
        "use_type1": "MULTI_RES",
        "use_type2": "NONE",
        "use_type3": "NONE",
        "resi_type": null,
        "comparison_status": "matched",
        "validation_radiation_kwh_year": 866271.0208671875,
        "ucea_radiation_kwh_year": 825159.4599999997,
        "workflow0_radiation_kwh_year": 783211.530000001,
        "validation_area_m2": 484.8865697640431,
        "ucea_roofs_top_m2": 515.17,
        "err_ucea_minus_validation_kwh_year": 41111.5608671878,
        "err_ucea_abs_kwh_year": 41111.5608671878,
        "err_ucea_pct_of_validation": 4.745808168214232,
        "err_ucea_area_minus_validation_m2": 30.28343023595687,
        "err_ucea_area_pct_of_validation": 6.245466903876815,
        "err_workflow0_minus_validation_kwh_year": 83059.49086718657,
        "err_workflow0_abs_kwh_year": 83059.49086718657,
        "err_workflow0_pct_of_validation": 9.588164542782373
      },
      "geometry": {
        "type": "Polygon",
        "coordinates": [
          [
            [
              -9.0959666,
              38.75778669999999
            ],
            [
              -9.095956199999998,
              38.757923199999986
            ],
            [
              -9.0959139,
              38.75792129999999
            ],
            [
              -9.095882799999998,
              38.75791989999998
            ],
            [
              -9.0958803,
              38.75795329999998
            ],
            [
              -9.0956443,
              38.757942399999976
            ],
            [
              -9.095657199999998,
              38.757772499999994
            ],
            [
              -9.095926499999997,
              38.757784900000004
            ],
            [
              -9.0959666,
              38.75778669999999
            ]
          ]
        ]
      }
    },
    {
      "type": "Feature",
      "properties": {
        "area_id": "Parque_das_N",
        "osm_uid": "cea/81",
        "osmid": "81",
        "element_type": "cea_zone",
        "building": "yes",
        "cea_name": "B1081",
        "intersection_area_m2": 529.4538768638705,
        "is_residential": true,
        "residential_source": "cea",
        "radiation_sum_kwh_year": 1106601.177140625,
        "radiation_sum": 1106601.177140625,
        "radiation_point_count": 872.0,
        "use_type1": "MULTI_RES",
        "use_type2": "NONE",
        "use_type3": "NONE",
        "resi_type": null,
        "comparison_status": "matched",
        "validation_radiation_kwh_year": 1106601.177140625,
        "ucea_radiation_kwh_year": 1079376.06,
        "workflow0_radiation_kwh_year": 850991.6300000013,
        "validation_area_m2": 529.4538768638705,
        "ucea_roofs_top_m2": 711.67,
        "err_ucea_minus_validation_kwh_year": 27225.117140624905,
        "err_ucea_abs_kwh_year": 27225.117140624905,
        "err_ucea_pct_of_validation": 2.4602465371465247,
        "err_ucea_area_minus_validation_m2": 182.21612313612945,
        "err_ucea_area_pct_of_validation": 34.4158634205222,
        "err_workflow0_minus_validation_kwh_year": 255609.54714062368,
        "err_workflow0_abs_kwh_year": 255609.54714062368,
        "err_workflow0_pct_of_validation": 23.098615148874117
      },
      "geometry": {
        "type": "Polygon",
        "coordinates": [
          [
            [
              -9.0960385,
              38.757992699999996
            ],
            [
              -9.096255499999998,
              38.75800259999999
            ],
            [
              -9.0962402,
              38.7581967
            ],
            [
              -9.096238,
              38.758227
            ],
            [
              -9.0961713,
              38.758248999999985
            ],
            [
              -9.096104999999998,
              38.7582803
            ],
            [
              -9.0959851,
              38.75813719999999
            ],
            [
              -9.0960277,
              38.75811809999999
            ],
            [
              -9.0960385,
              38.757992699999996
            ]
          ]
        ]
      }
    },
    {
      "type": "Feature",
      "properties": {
        "area_id": "Parque_das_N",
        "osm_uid": "cea/82",
        "osmid": "82",
        "element_type": "cea_zone",
        "building": "yes",
        "cea_name": "B1082",
        "intersection_area_m2": 568.3817161559095,
        "is_residential": true,
        "residential_source": "cea",
        "radiation_sum_kwh_year": 1118867.48859375,
        "radiation_sum": 1118867.48859375,
        "radiation_point_count": 935.0,
        "use_type1": "MULTI_RES",
        "use_type2": "NONE",
        "use_type3": "NONE",
        "resi_type": null,
        "comparison_status": "matched",
        "validation_radiation_kwh_year": 1118867.48859375,
        "ucea_radiation_kwh_year": 915914.480000002,
        "workflow0_radiation_kwh_year": 917457.430000003,
        "validation_area_m2": 568.3817161559095,
        "ucea_roofs_top_m2": 568.36,
        "err_ucea_minus_validation_kwh_year": 202953.00859374797,
        "err_ucea_abs_kwh_year": 202953.00859374797,
        "err_ucea_pct_of_validation": 18.1391461154019,
        "err_ucea_area_minus_validation_m2": 0.021716155909530244,
        "err_ucea_area_pct_of_validation": 0.0038206992400109875,
        "err_workflow0_minus_validation_kwh_year": 201410.05859374697,
        "err_workflow0_abs_kwh_year": 201410.05859374697,
        "err_workflow0_pct_of_validation": 18.0012432792099
      },
      "geometry": {
        "type": "Polygon",
        "coordinates": [
          [
            [
              -9.0960385,
              38.757992699999996
            ],
            [
              -9.096040799999999,
              38.75796179999998
            ],
            [
              -9.0959536,
              38.7579578
            ],
            [
              -9.095956199999998,
              38.757923199999986
            ],
            [
              -9.0959666,
              38.75778669999999
            ],
            [
              -9.096270799999997,
              38.7578007
            ],
            [
              -9.096255499999998,
              38.75800259999999
            ],
            [
              -9.0960385,
              38.757992699999996
            ]
          ]
        ]
      }
    },
    {
      "type": "Feature",
      "properties": {
        "area_id": "Parque_das_N",
        "osm_uid": "cea/87",
        "osmid": "87",
        "element_type": "cea_zone",
        "building": "yes",
        "cea_name": "B1087",
        "intersection_area_m2": 539.7236454080258,
        "is_residential": true,
        "residential_source": "cea",
        "radiation_sum_kwh_year": 1034180.4150781251,
        "radiation_sum": 1034180.4150781251,
        "radiation_point_count": 889.0,
        "use_type1": "MULTI_RES",
        "use_type2": "NONE",
        "use_type3": "NONE",
        "resi_type": null,
        "comparison_status": "matched",
        "validation_radiation_kwh_year": 1034180.4150781251,
        "ucea_radiation_kwh_year": 863928.3,
        "workflow0_radiation_kwh_year": 863782.8499999986,
        "validation_area_m2": 539.7236454080258,
        "ucea_roofs_top_m2": 539.75,
        "err_ucea_minus_validation_kwh_year": 170252.11507812503,
        "err_ucea_abs_kwh_year": 170252.11507812503,
        "err_ucea_pct_of_validation": 16.46251588174426,
        "err_ucea_area_minus_validation_m2": 0.026354591974154573,
        "err_ucea_area_pct_of_validation": 0.004882978946425584,
        "err_workflow0_minus_validation_kwh_year": 170397.5650781265,
        "err_workflow0_abs_kwh_year": 170397.5650781265,
        "err_workflow0_pct_of_validation": 16.476580158913006
      },
      "geometry": {
        "type": "Polygon",
        "coordinates": [
          [
            [
              -9.0941392,
              38.756738099999986
            ],
            [
              -9.0941587,
              38.756741299999995
            ],
            [
              -9.094317799999999,
              38.756767599999996
            ],
            [
              -9.0942814,
              38.75690139999999
            ],
            [
              -9.094269999999998,
              38.7569435
            ],
            [
              -9.0940922,
              38.756913699999984
            ],
            [
              -9.093965,
              38.756892400000005
            ],
            [
              -9.094012599999997,
              38.7567172
            ],
            [
              -9.0941392,
              38.756738099999986
            ]
          ]
        ]
      }
    },
    {
      "type": "Feature",
      "properties": {
        "area_id": "Parque_das_N",
        "osm_uid": "cea/88",
        "osmid": "88",
        "element_type": "cea_zone",
        "building": "yes",
        "cea_name": "B1088",
        "intersection_area_m2": 655.0664754054972,
        "is_residential": true,
        "residential_source": "cea",
        "radiation_sum_kwh_year": 1279145.500671875,
        "radiation_sum": 1279145.500671875,
        "radiation_point_count": 1077.0,
        "use_type1": "MULTI_RES",
        "use_type2": "NONE",
        "use_type3": "NONE",
        "resi_type": null,
        "comparison_status": "matched",
        "validation_radiation_kwh_year": 1279145.500671875,
        "ucea_radiation_kwh_year": 1059752.5799999984,
        "workflow0_radiation_kwh_year": 1059347.399999997,
        "validation_area_m2": 655.0664754054972,
        "ucea_roofs_top_m2": 655.07,
        "err_ucea_minus_validation_kwh_year": 219392.92067187652,
        "err_ucea_abs_kwh_year": 219392.92067187652,
        "err_ucea_pct_of_validation": 17.151521899317924,
        "err_ucea_area_minus_validation_m2": 0.003524594502891887,
        "err_ucea_area_pct_of_validation": 0.0005380514245840628,
        "err_workflow0_minus_validation_kwh_year": 219798.10067187785,
        "err_workflow0_abs_kwh_year": 219798.10067187785,
        "err_workflow0_pct_of_validation": 17.183197732894985
      },
      "geometry": {
        "type": "Polygon",
        "coordinates": [
          [
            [
              -9.094676399999999,
              38.75696
            ],
            [
              -9.0946458,
              38.75707289999999
            ],
            [
              -9.094430000000001,
              38.75703739999999
            ],
            [
              -9.0945005,
              38.7567773
            ],
            [
              -9.0946228,
              38.756784399999994
            ],
            [
              -9.0947451,
              38.756791500000006
            ],
            [
              -9.0947325,
              38.75696229999999
            ],
            [
              -9.094676399999999,
              38.75696
            ]
          ]
        ]
      }
    },
    {
      "type": "Feature",
      "properties": {
        "area_id": "Parque_das_N",
        "osm_uid": "cea/89",
        "osmid": "89",
        "element_type": "cea_zone",
        "building": "yes",
        "cea_name": "B1089",
        "intersection_area_m2": 532.6925618518884,
        "is_residential": true,
        "residential_source": "cea",
        "radiation_sum_kwh_year": 938324.80140625,
        "radiation_sum": 938324.80140625,
        "radiation_point_count": 880.0,
        "use_type1": "MULTI_RES",
        "use_type2": "NONE",
        "use_type3": "NONE",
        "resi_type": null,
        "comparison_status": "matched",
        "validation_radiation_kwh_year": 938324.80140625,
        "ucea_radiation_kwh_year": 861840.4599999991,
        "workflow0_radiation_kwh_year": 861893.9499999986,
        "validation_area_m2": 532.6925618518884,
        "ucea_roofs_top_m2": 532.69,
        "err_ucea_minus_validation_kwh_year": 76484.34140625084,
        "err_ucea_abs_kwh_year": 76484.34140625084,
        "err_ucea_pct_of_validation": 8.151158457244781,
        "err_ucea_area_minus_validation_m2": 0.0025618518883447905,
        "err_ucea_area_pct_of_validation": 0.00048092503477777045,
        "err_workflow0_minus_validation_kwh_year": 76430.85140625143,
        "err_workflow0_abs_kwh_year": 76430.85140625143,
        "err_workflow0_pct_of_validation": 8.1454578725518
      },
      "geometry": {
        "type": "Polygon",
        "coordinates": [
          [
            [
              -9.0945114,
              38.7575671
            ],
            [
              -9.0942896,
              38.75755560000001
            ],
            [
              -9.0943594,
              38.75729819999999
            ],
            [
              -9.0945751,
              38.75733369999999
            ],
            [
              -9.0945114,
              38.7575671
            ]
          ]
        ]
      }
    },
    {
      "type": "Feature",
      "properties": {
        "area_id": "Parque_das_N",
        "osm_uid": "cea/90",
        "osmid": "90",
        "element_type": "cea_zone",
        "building": "yes",
        "cea_name": "B1090",
        "intersection_area_m2": 566.6886236448399,
        "is_residential": true,
        "residential_source": "cea",
        "radiation_sum_kwh_year": 1105329.5579687501,
        "radiation_sum": 1105329.5579687501,
        "radiation_point_count": 935.0,
        "use_type1": "MULTI_RES",
        "use_type2": "NONE",
        "use_type3": "NONE",
        "resi_type": null,
        "comparison_status": "matched",
        "validation_radiation_kwh_year": 1105329.5579687501,
        "ucea_radiation_kwh_year": 878678.5400000006,
        "workflow0_radiation_kwh_year": 873668.9000000003,
        "validation_area_m2": 566.6886236448399,
        "ucea_roofs_top_m2": 566.69,
        "err_ucea_minus_validation_kwh_year": 226651.0179687495,
        "err_ucea_abs_kwh_year": 226651.0179687495,
        "err_ucea_pct_of_validation": 20.505288792354666,
        "err_ucea_area_minus_validation_m2": 0.0013763551601186919,
        "err_ucea_area_pct_of_validation": 0.0002428767938318969,
        "err_workflow0_minus_validation_kwh_year": 231660.65796874987,
        "err_workflow0_abs_kwh_year": 231660.65796874987,
        "err_workflow0_pct_of_validation": 20.958514707095112
      },
      "geometry": {
        "type": "Polygon",
        "coordinates": [
          [
            [
              -9.0946458,
              38.75707289999999
            ],
            [
              -9.0945751,
              38.75733369999999
            ],
            [
              -9.0943594,
              38.75729819999999
            ],
            [
              -9.094430000000001,
              38.75703739999999
            ],
            [
              -9.0946458,
              38.75707289999999
            ]
          ]
        ]
      }
    },
    {
      "type": "Feature",
      "properties": {
        "area_id": "Parque_das_N",
        "osm_uid": "cea/91",
        "osmid": "91",
        "element_type": "cea_zone",
        "building": "yes",
        "cea_name": "B1091",
        "intersection_area_m2": 408.4280476633804,
        "is_residential": true,
        "residential_source": "cea",
        "radiation_sum_kwh_year": 602893.9293125,
        "radiation_sum": 602893.9293125,
        "radiation_point_count": 672.0,
        "use_type1": "MULTI_RES",
        "use_type2": "NONE",
        "use_type3": "NONE",
        "resi_type": null,
        "comparison_status": "matched",
        "validation_radiation_kwh_year": 602893.9293125,
        "ucea_radiation_kwh_year": 610084.9999999998,
        "workflow0_radiation_kwh_year": 625967.5500000014,
        "validation_area_m2": 408.4280476633804,
        "ucea_roofs_top_m2": 408.43,
        "err_ucea_minus_validation_kwh_year": 7191.070687499712,
        "err_ucea_abs_kwh_year": 7191.070687499712,
        "err_ucea_pct_of_validation": 1.192758848260411,
        "err_ucea_area_minus_validation_m2": 0.0019523366195812741,
        "err_ucea_area_pct_of_validation": 0.00047801237714956276,
        "err_workflow0_minus_validation_kwh_year": 23073.62068750139,
        "err_workflow0_abs_kwh_year": 23073.62068750139,
        "err_workflow0_pct_of_validation": 3.8271443060992514
      },
      "geometry": {
        "type": "Polygon",
        "coordinates": [
          [
            [
              -9.0947561,
              38.7569634
            ],
            [
              -9.0947325,
              38.75696229999999
            ],
            [
              -9.0947451,
              38.756791500000006
            ],
            [
              -9.094768599999998,
              38.7567926
            ],
            [
              -9.0949923,
              38.756802599999986
            ],
            [
              -9.0949797,
              38.75697340000001
            ],
            [
              -9.0947561,
              38.7569634
            ]
          ]
        ]
      }
    },
    {
      "type": "Feature",
      "properties": {
        "area_id": "Parque_das_N",
        "osm_uid": "cea/92",
        "osmid": "92",
        "element_type": "cea_zone",
        "building": "yes",
        "cea_name": "B1092",
        "intersection_area_m2": 467.8739990054354,
        "is_residential": true,
        "residential_source": "cea",
        "radiation_sum_kwh_year": 896377.4495546875,
        "radiation_sum": 896377.4495546875,
        "radiation_point_count": 775.0,
        "use_type1": "MULTI_RES",
        "use_type2": "NONE",
        "use_type3": "NONE",
        "resi_type": null,
        "comparison_status": "matched",
        "validation_radiation_kwh_year": 896377.4495546875,
        "ucea_radiation_kwh_year": 887280.2100000022,
        "workflow0_radiation_kwh_year": 763043.3500000003,
        "validation_area_m2": 467.8739990054354,
        "ucea_roofs_top_m2": 495.07,
        "err_ucea_minus_validation_kwh_year": 9097.239554685308,
        "err_ucea_abs_kwh_year": 9097.239554685308,
        "err_ucea_pct_of_validation": 1.0148893816109203,
        "err_ucea_area_minus_validation_m2": 27.1960009945646,
        "err_ucea_area_pct_of_validation": 5.812676287285769,
        "err_workflow0_minus_validation_kwh_year": 133334.09955468716,
        "err_workflow0_abs_kwh_year": 133334.09955468716,
        "err_workflow0_pct_of_validation": 14.874771740512479
      },
      "geometry": {
        "type": "Polygon",
        "coordinates": [
          [
            [
              -9.095225599999997,
              38.7570119
            ],
            [
              -9.0950055,
              38.757002
            ],
            [
              -9.0950076,
              38.75697470000001
            ],
            [
              -9.0949797,
              38.75697340000001
            ],
            [
              -9.0949923,
              38.756802599999986
            ],
            [
              -9.0951163,
              38.75680819999999
            ],
            [
              -9.095240299999999,
              38.756813799999996
            ],
            [
              -9.095225599999997,
              38.7570119
            ]
          ]
        ]
      }
    },
    {
      "type": "Feature",
      "properties": {
        "area_id": "Parque_das_N",
        "osm_uid": "cea/93",
        "osmid": "93",
        "element_type": "cea_zone",
        "building": "yes",
        "cea_name": "B1093",
        "intersection_area_m2": 418.8026111540315,
        "is_residential": true,
        "residential_source": "cea",
        "radiation_sum_kwh_year": 814962.6116875,
        "radiation_sum": 814962.6116875,
        "radiation_point_count": 687.0,
        "use_type1": "MULTI_RES",
        "use_type2": "NONE",
        "use_type3": "NONE",
        "resi_type": null,
        "comparison_status": "matched",
        "validation_radiation_kwh_year": 814962.6116875,
        "ucea_radiation_kwh_year": 563087.5199999996,
        "workflow0_radiation_kwh_year": 646630.3800000008,
        "validation_area_m2": 418.8026111540315,
        "ucea_roofs_top_m2": 420.55,
        "err_ucea_minus_validation_kwh_year": 251875.09168750048,
        "err_ucea_abs_kwh_year": 251875.09168750048,
        "err_ucea_pct_of_validation": 30.906337060783194,
        "err_ucea_area_minus_validation_m2": 1.7473888459684872,
        "err_ucea_area_pct_of_validation": 0.41723446784476104,
        "err_workflow0_minus_validation_kwh_year": 168332.2316874992,
        "err_workflow0_abs_kwh_year": 168332.2316874992,
        "err_workflow0_pct_of_validation": 20.65520911921868
      },
      "geometry": {
        "type": "Polygon",
        "coordinates": [
          [
            [
              -9.0950055,
              38.757002
            ],
            [
              -9.095225599999997,
              38.7570119
            ],
            [
              -9.095211099999998,
              38.757208599999984
            ],
            [
              -9.094990999999998,
              38.7571987
            ],
            [
              -9.0950055,
              38.757002
            ]
          ]
        ]
      }
    },
    {
      "type": "Feature",
      "properties": {
        "area_id": "Parque_das_N",
        "osm_uid": "cea/94",
        "osmid": "94",
        "element_type": "cea_zone",
        "building": "yes",
        "cea_name": "B1094",
        "intersection_area_m2": 418.16484588034723,
        "is_residential": true,
        "residential_source": "cea",
        "radiation_sum_kwh_year": 802747.24925,
        "radiation_sum": 802747.24925,
        "radiation_point_count": 691.0,
        "use_type1": "MULTI_RES",
        "use_type2": "NONE",
        "use_type3": "NONE",
        "resi_type": null,
        "comparison_status": "matched",
        "validation_radiation_kwh_year": 802747.24925,
        "ucea_radiation_kwh_year": 671120.2299999997,
        "workflow0_radiation_kwh_year": 676746.8299999994,
        "validation_area_m2": 418.16484588034723,
        "ucea_roofs_top_m2": 418.16,
        "err_ucea_minus_validation_kwh_year": 131627.01925000024,
        "err_ucea_abs_kwh_year": 131627.01925000024,
        "err_ucea_pct_of_validation": 16.397068862332233,
        "err_ucea_area_minus_validation_m2": 0.0048458803472044565,
        "err_ucea_area_pct_of_validation": 0.001158844507123166,
        "err_workflow0_minus_validation_kwh_year": 126000.41925000062,
        "err_workflow0_abs_kwh_year": 126000.41925000062,
        "err_workflow0_pct_of_validation": 15.696150857909727
      },
      "geometry": {
        "type": "Polygon",
        "coordinates": [
          [
            [
              -9.0949765,
              38.75739509999998
            ],
            [
              -9.094990999999998,
              38.7571987
            ],
            [
              -9.095211099999998,
              38.757208599999984
            ],
            [
              -9.0951966,
              38.75740499999999
            ],
            [
              -9.0949765,
              38.75739509999998
            ]
          ]
        ]
      }
    },
    {
      "type": "Feature",
      "properties": {
        "area_id": "Parque_das_N",
        "osm_uid": "cea/95",
        "osmid": "95",
        "element_type": "cea_zone",
        "building": "yes",
        "cea_name": "B1095",
        "intersection_area_m2": 418.0626711411169,
        "is_residential": true,
        "residential_source": "cea",
        "radiation_sum_kwh_year": 738075.384125,
        "radiation_sum": 738075.384125,
        "radiation_point_count": 690.0,
        "use_type1": "MULTI_RES",
        "use_type2": "NONE",
        "use_type3": "NONE",
        "resi_type": null,
        "comparison_status": "matched",
        "validation_radiation_kwh_year": 738075.384125,
        "ucea_radiation_kwh_year": 678042.9800000007,
        "workflow0_radiation_kwh_year": 676264.4999999991,
        "validation_area_m2": 418.0626711411169,
        "ucea_roofs_top_m2": 419.85,
        "err_ucea_minus_validation_kwh_year": 60032.4041249993,
        "err_ucea_abs_kwh_year": 60032.4041249993,
        "err_ucea_pct_of_validation": 8.133641280581205,
        "err_ucea_area_minus_validation_m2": 1.7873288588831429,
        "err_ucea_area_pct_of_validation": 0.4275265366325497,
        "err_workflow0_minus_validation_kwh_year": 61810.88412500091,
        "err_workflow0_abs_kwh_year": 61810.88412500091,
        "err_workflow0_pct_of_validation": 8.374603117035083
      },
      "geometry": {
        "type": "Polygon",
        "coordinates": [
          [
            [
              -9.0951821,
              38.75760210000001
            ],
            [
              -9.0949621,
              38.7575907
            ],
            [
              -9.0949765,
              38.75739509999998
            ],
            [
              -9.0951966,
              38.75740499999999
            ],
            [
              -9.0951821,
              38.75760210000001
            ]
          ]
        ]
      }
    },
    {
      "type": "Feature",
      "properties": {
        "area_id": "Parque_das_N",
        "osm_uid": "cea/96",
        "osmid": "96",
        "element_type": "cea_zone",
        "building": "yes",
        "cea_name": "B1096",
        "intersection_area_m2": 600.2749023865714,
        "is_residential": true,
        "residential_source": "cea",
        "radiation_sum_kwh_year": 1024528.9321875001,
        "radiation_sum": 1024528.9321875001,
        "radiation_point_count": 989.0,
        "use_type1": "MULTI_RES",
        "use_type2": "NONE",
        "use_type3": "NONE",
        "resi_type": null,
        "comparison_status": "matched",
        "validation_radiation_kwh_year": 1024528.9321875001,
        "ucea_radiation_kwh_year": 458304.34999999945,
        "workflow0_radiation_kwh_year": 963025.2000000027,
        "validation_area_m2": 600.2749023865714,
        "ucea_roofs_top_m2": 314.65,
        "err_ucea_minus_validation_kwh_year": 566224.5821875005,
        "err_ucea_abs_kwh_year": 566224.5821875005,
        "err_ucea_pct_of_validation": 55.26682208754601,
        "err_ucea_area_minus_validation_m2": 285.6249023865714,
        "err_ucea_area_pct_of_validation": 47.582349562006456,
        "err_workflow0_minus_validation_kwh_year": 61503.73218749731,
        "err_workflow0_abs_kwh_year": 61503.73218749731,
        "err_workflow0_pct_of_validation": 6.003123021248311
      },
      "geometry": {
        "type": "Polygon",
        "coordinates": [
          [
            [
              -9.0945461,
              38.75659319999999
            ],
            [
              -9.094559099999998,
              38.75654779999999
            ],
            [
              -9.0945722,
              38.756502499999996
            ],
            [
              -9.0950096,
              38.756521899999996
            ],
            [
              -9.0949996,
              38.756659199999994
            ],
            [
              -9.0948441,
              38.7566523
            ],
            [
              -9.094533,
              38.7566385
            ],
            [
              -9.0945461,
              38.75659319999999
            ]
          ]
        ]
      }
    },
    {
      "type": "Feature",
      "properties": {
        "area_id": "Parque_das_N",
        "osm_uid": "cea/97",
        "osmid": "97",
        "element_type": "cea_zone",
        "building": "yes",
        "cea_name": "B1097",
        "intersection_area_m2": 436.4137385861103,
        "is_residential": true,
        "residential_source": "cea",
        "radiation_sum_kwh_year": 856076.749796875,
        "radiation_sum": 856076.749796875,
        "radiation_point_count": 721.0,
        "use_type1": "MULTI_RES",
        "use_type2": "NONE",
        "use_type3": "NONE",
        "resi_type": null,
        "comparison_status": "matched",
        "validation_radiation_kwh_year": 856076.749796875,
        "ucea_radiation_kwh_year": 783260.1500000007,
        "workflow0_radiation_kwh_year": 705255.9000000027,
        "validation_area_m2": 436.4137385861103,
        "ucea_roofs_top_m2": 496.7,
        "err_ucea_minus_validation_kwh_year": 72816.59979687433,
        "err_ucea_abs_kwh_year": 72816.59979687433,
        "err_ucea_pct_of_validation": 8.505849483022619,
        "err_ucea_area_minus_validation_m2": 60.28626141388969,
        "err_ucea_area_pct_of_validation": 13.81401548200674,
        "err_workflow0_minus_validation_kwh_year": 150820.84979687235,
        "err_workflow0_abs_kwh_year": 150820.84979687235,
        "err_workflow0_pct_of_validation": 17.61767853555867
      },
      "geometry": {
        "type": "Polygon",
        "coordinates": [
          [
            [
              -9.095099899999997,
              38.75646760000001
            ],
            [
              -9.0952703,
              38.75647509999998
            ],
            [
              -9.095255999999997,
              38.756670599999985
            ],
            [
              -9.0949996,
              38.756659199999994
            ],
            [
              -9.0950096,
              38.756521899999996
            ],
            [
              -9.0950957,
              38.75652569999998
            ],
            [
              -9.095099899999997,
              38.75646760000001
            ]
          ]
        ]
      }
    },
    {
      "type": "Feature",
      "properties": {
        "area_id": "Parque_das_N",
        "osm_uid": "cea/98",
        "osmid": "98",
        "element_type": "cea_zone",
        "building": "yes",
        "cea_name": "B1098",
        "intersection_area_m2": 326.85595931335115,
        "is_residential": true,
        "residential_source": "cea",
        "radiation_sum_kwh_year": 733366.158,
        "radiation_sum": 733366.158,
        "radiation_point_count": 540.0,
        "use_type1": "MULTI_RES",
        "use_type2": "NONE",
        "use_type3": "NONE",
        "resi_type": null,
        "comparison_status": "matched",
        "validation_radiation_kwh_year": 733366.158,
        "ucea_radiation_kwh_year": 531352.4600000003,
        "workflow0_radiation_kwh_year": 528496.1999999996,
        "validation_area_m2": 326.85595931335115,
        "ucea_roofs_top_m2": 333.09,
        "err_ucea_minus_validation_kwh_year": 202013.69799999974,
        "err_ucea_abs_kwh_year": 202013.69799999974,
        "err_ucea_pct_of_validation": 27.546089466538998,
        "err_ucea_area_minus_validation_m2": 6.234040686648825,
        "err_ucea_area_pct_of_validation": 1.9072745988003719,
        "err_workflow0_minus_validation_kwh_year": 204869.95800000045,
        "err_workflow0_abs_kwh_year": 204869.95800000045,
        "err_workflow0_pct_of_validation": 27.935562033392934
      },
      "geometry": {
        "type": "Polygon",
        "coordinates": [
          [
            [
              -9.095284799999998,
              38.75627570000001
            ],
            [
              -9.0951145,
              38.75626809999999
            ],
            [
              -9.095128999999998,
              38.75606970000001
            ],
            [
              -9.095299299999999,
              38.7560773
            ],
            [
              -9.095290299999998,
              38.75620079999999
            ],
            [
              -9.095284799999998,
              38.75627570000001
            ]
          ]
        ]
      }
    },
    {
      "type": "Feature",
      "properties": {
        "area_id": "Parque_das_N",
        "osm_uid": "cea/99",
        "osmid": "99",
        "element_type": "cea_zone",
        "building": "yes",
        "cea_name": "B1099",
        "intersection_area_m2": 328.6471187967857,
        "is_residential": true,
        "residential_source": "cea",
        "radiation_sum_kwh_year": 742124.1928125,
        "radiation_sum": 742124.1928125,
        "radiation_point_count": 540.0,
        "use_type1": "MULTI_RES",
        "use_type2": "NONE",
        "use_type3": "NONE",
        "resi_type": null,
        "comparison_status": "matched",
        "validation_radiation_kwh_year": 742124.1928125,
        "ucea_radiation_kwh_year": 533953.4299999982,
        "workflow0_radiation_kwh_year": 531143.5499999999,
        "validation_area_m2": 328.6471187967857,
        "ucea_roofs_top_m2": 335.58,
        "err_ucea_minus_validation_kwh_year": 208170.76281250187,
        "err_ucea_abs_kwh_year": 208170.76281250187,
        "err_ucea_pct_of_validation": 28.050663868479603,
        "err_ucea_area_minus_validation_m2": 6.932881203214265,
        "err_ucea_area_pct_of_validation": 2.109521370093347,
        "err_workflow0_minus_validation_kwh_year": 210980.64281250013,
        "err_workflow0_abs_kwh_year": 210980.64281250013,
        "err_workflow0_pct_of_validation": 28.429290522510296
      },
      "geometry": {
        "type": "Polygon",
        "coordinates": [
          [
            [
              -9.0952703,
              38.75647509999998
            ],
            [
              -9.095099899999997,
              38.75646760000001
            ],
            [
              -9.0951145,
              38.75626809999999
            ],
            [
              -9.095284799999998,
              38.75627570000001
            ],
            [
              -9.0952703,
              38.75647509999998
            ]
          ]
        ]
      }
    },
    {
      "type": "Feature",
      "properties": {
        "area_id": "Parque_das_N",
        "osm_uid": "cea/100",
        "osmid": "100",
        "element_type": "cea_zone",
        "building": "yes",
        "cea_name": "B1100",
        "intersection_area_m2": 540.7049837582017,
        "is_residential": true,
        "residential_source": "cea",
        "radiation_sum_kwh_year": 1080045.022046875,
        "radiation_sum": 1080045.022046875,
        "radiation_point_count": 893.0,
        "use_type1": "MULTI_RES",
        "use_type2": "NONE",
        "use_type3": "NONE",
        "resi_type": null,
        "comparison_status": "matched",
        "validation_radiation_kwh_year": 1080045.022046875,
        "ucea_radiation_kwh_year": 871106.8800000008,
        "workflow0_radiation_kwh_year": 872578.4300000002,
        "validation_area_m2": 540.7049837582017,
        "ucea_roofs_top_m2": 548.67,
        "err_ucea_minus_validation_kwh_year": 208938.14204687416,
        "err_ucea_abs_kwh_year": 208938.14204687416,
        "err_ucea_pct_of_validation": 19.345317813779623,
        "err_ucea_area_minus_validation_m2": 7.965016241798253,
        "err_ucea_area_pct_of_validation": 1.4730798644460312,
        "err_workflow0_minus_validation_kwh_year": 207466.5920468748,
        "err_workflow0_abs_kwh_year": 207466.5920468748,
        "err_workflow0_pct_of_validation": 19.209068863970984
      },
      "geometry": {
        "type": "Polygon",
        "coordinates": [
          [
            [
              -9.094259899999999,
              38.7557952
            ],
            [
              -9.0943881,
              38.7558146
            ],
            [
              -9.0944119,
              38.75581819999999
            ],
            [
              -9.0945652,
              38.7558413
            ],
            [
              -9.094517399999999,
              38.756020199999995
            ],
            [
              -9.0943406,
              38.7559906
            ],
            [
              -9.094213100000001,
              38.7559693
            ],
            [
              -9.094259899999999,
              38.7557952
            ]
          ]
        ]
      }
    },
    {
      "type": "Feature",
      "properties": {
        "area_id": "Parque_das_N",
        "osm_uid": "cea/101",
        "osmid": "101",
        "element_type": "cea_zone",
        "building": "yes",
        "cea_name": "B1101",
        "intersection_area_m2": 538.9661339121445,
        "is_residential": true,
        "residential_source": "cea",
        "radiation_sum_kwh_year": 970893.220375,
        "radiation_sum": 970893.220375,
        "radiation_point_count": 889.0,
        "use_type1": "MULTI_RES",
        "use_type2": "NONE",
        "use_type3": "NONE",
        "resi_type": null,
        "comparison_status": "matched",
        "validation_radiation_kwh_year": 970893.220375,
        "ucea_radiation_kwh_year": 876631.5199999952,
        "workflow0_radiation_kwh_year": 867142.5400000007,
        "validation_area_m2": 538.9661339121445,
        "ucea_roofs_top_m2": 545.21,
        "err_ucea_minus_validation_kwh_year": 94261.70037500479,
        "err_ucea_abs_kwh_year": 94261.70037500479,
        "err_ucea_pct_of_validation": 9.708760798494085,
        "err_ucea_area_minus_validation_m2": 6.243866087855508,
        "err_ucea_area_pct_of_validation": 1.1584895033262526,
        "err_workflow0_minus_validation_kwh_year": 103750.6803749993,
        "err_workflow0_abs_kwh_year": 103750.6803749993,
        "err_workflow0_pct_of_validation": 10.686106174984557
      },
      "geometry": {
        "type": "Polygon",
        "coordinates": [
          [
            [
              -9.0942243,
              38.75642220000001
            ],
            [
              -9.0944021,
              38.756451799999994
            ],
            [
              -9.0943548,
              38.7566289
            ],
            [
              -9.0941998,
              38.756601299999986
            ],
            [
              -9.0941772,
              38.756597199999995
            ],
            [
              -9.0940504,
              38.756574599999986
            ],
            [
              -9.094097099999999,
              38.75640099999999
            ],
            [
              -9.0942243,
              38.75642220000001
            ]
          ]
        ]
      }
    },
    {
      "type": "Feature",
      "properties": {
        "area_id": "Parque_das_N",
        "osm_uid": "cea/102",
        "osmid": "102",
        "element_type": "cea_zone",
        "building": "yes",
        "cea_name": "B1102",
        "intersection_area_m2": 661.3811329401626,
        "is_residential": true,
        "residential_source": "cea",
        "radiation_sum_kwh_year": 1305121.11371875,
        "radiation_sum": 1305121.11371875,
        "radiation_point_count": 1091.0,
        "use_type1": "MULTI_RES",
        "use_type2": "NONE",
        "use_type3": "NONE",
        "resi_type": null,
        "comparison_status": "matched",
        "validation_radiation_kwh_year": 1305121.11371875,
        "ucea_radiation_kwh_year": 1016110.7500000013,
        "workflow0_radiation_kwh_year": 1066197.2299999988,
        "validation_area_m2": 661.3811329401626,
        "ucea_roofs_top_m2": 663.98,
        "err_ucea_minus_validation_kwh_year": 289010.3637187487,
        "err_ucea_abs_kwh_year": 289010.3637187487,
        "err_ucea_pct_of_validation": 22.144332865419386,
        "err_ucea_area_minus_validation_m2": 2.598867059837403,
        "err_ucea_area_pct_of_validation": 0.39294544860754765,
        "err_workflow0_minus_validation_kwh_year": 238923.88371875114,
        "err_workflow0_abs_kwh_year": 238923.88371875114,
        "err_workflow0_pct_of_validation": 18.30664458702785
      },
      "geometry": {
        "type": "Polygon",
        "coordinates": [
          [
            [
              -9.0942824,
              38.756206799999994
            ],
            [
              -9.0944596,
              38.7562368
            ],
            [
              -9.0944021,
              38.756451799999994
            ],
            [
              -9.094097099999999,
              38.75640099999999
            ],
            [
              -9.094155,
              38.7561853
            ],
            [
              -9.0942824,
              38.756206799999994
            ]
          ]
        ]
      }
    },
    {
      "type": "Feature",
      "properties": {
        "area_id": "Parque_das_N",
        "osm_uid": "cea/103",
        "osmid": "103",
        "element_type": "cea_zone",
        "building": "yes",
        "cea_name": "B1103",
        "intersection_area_m2": 663.5178109633939,
        "is_residential": true,
        "residential_source": "cea",
        "radiation_sum_kwh_year": 1292349.7375390625,
        "radiation_sum": 1292349.7375390625,
        "radiation_point_count": 1093.0,
        "use_type1": "MULTI_RES",
        "use_type2": "NONE",
        "use_type3": "NONE",
        "resi_type": null,
        "comparison_status": "matched",
        "validation_radiation_kwh_year": 1292349.7375390625,
        "ucea_radiation_kwh_year": 1107469.220000001,
        "workflow0_radiation_kwh_year": 1073443.4400000013,
        "validation_area_m2": 663.5178109633939,
        "ucea_roofs_top_m2": 675.02,
        "err_ucea_minus_validation_kwh_year": 184880.5175390616,
        "err_ucea_abs_kwh_year": 184880.5175390616,
        "err_ucea_pct_of_validation": 14.305765085782237,
        "err_ucea_area_minus_validation_m2": 11.502189036606069,
        "err_ucea_area_pct_of_validation": 1.7335162442595895,
        "err_workflow0_minus_validation_kwh_year": 218906.29753906117,
        "err_workflow0_abs_kwh_year": 218906.29753906117,
        "err_workflow0_pct_of_validation": 16.938626687533528
      },
      "geometry": {
        "type": "Polygon",
        "coordinates": [
          [
            [
              -9.0944596,
              38.7562368
            ],
            [
              -9.0942824,
              38.756206799999994
            ],
            [
              -9.094155,
              38.7561853
            ],
            [
              -9.094213100000001,
              38.7559693
            ],
            [
              -9.0943406,
              38.7559906
            ],
            [
              -9.094517399999999,
              38.756020199999995
            ],
            [
              -9.0944596,
              38.7562368
            ]
          ]
        ]
      }
    },
    {
      "type": "Feature",
      "properties": {
        "area_id": "Parque_das_N",
        "osm_uid": "cea/104",
        "osmid": "104",
        "element_type": "cea_zone",
        "building": "yes",
        "cea_name": "B1104",
        "intersection_area_m2": 253.48233594908274,
        "is_residential": true,
        "residential_source": "cea",
        "radiation_sum_kwh_year": 604371.1319375,
        "radiation_sum": 604371.1319375,
        "radiation_point_count": 415.0,
        "use_type1": "MULTI_RES",
        "use_type2": "NONE",
        "use_type3": "NONE",
        "resi_type": null,
        "comparison_status": "matched",
        "validation_radiation_kwh_year": 604371.1319375,
        "ucea_radiation_kwh_year": 407884.6099999995,
        "workflow0_radiation_kwh_year": 407945.3100000005,
        "validation_area_m2": 253.48233594908274,
        "ucea_roofs_top_m2": 253.48,
        "err_ucea_minus_validation_kwh_year": 196486.52193750045,
        "err_ucea_abs_kwh_year": 196486.52193750045,
        "err_ucea_pct_of_validation": 32.51090456746365,
        "err_ucea_area_minus_validation_m2": 0.0023359490827488116,
        "err_ucea_area_pct_of_validation": 0.0009215431418534962,
        "err_workflow0_minus_validation_kwh_year": 196425.82193749945,
        "err_workflow0_abs_kwh_year": 196425.82193749945,
        "err_workflow0_pct_of_validation": 32.500861069885204
      },
      "geometry": {
        "type": "Polygon",
        "coordinates": [
          [
            [
              -9.095254599999999,
              38.7545942
            ],
            [
              -9.095424399999999,
              38.75460259999999
            ],
            [
              -9.0954124,
              38.75475519999999
            ],
            [
              -9.095241800000002,
              38.754749499999996
            ],
            [
              -9.095254599999999,
              38.7545942
            ]
          ]
        ]
      }
    },
    {
      "type": "Feature",
      "properties": {
        "area_id": "Parque_das_N",
        "osm_uid": "cea/105",
        "osmid": "105",
        "element_type": "cea_zone",
        "building": "yes",
        "cea_name": "B1105",
        "intersection_area_m2": 262.4320424935401,
        "is_residential": true,
        "residential_source": "cea",
        "radiation_sum_kwh_year": 628658.226,
        "radiation_sum": 628658.226,
        "radiation_point_count": 433.0,
        "use_type1": "MULTI_RES",
        "use_type2": "NONE",
        "use_type3": "NONE",
        "resi_type": null,
        "comparison_status": "matched",
        "validation_radiation_kwh_year": 628658.226,
        "ucea_radiation_kwh_year": 421338.6800000001,
        "workflow0_radiation_kwh_year": 421625.1800000006,
        "validation_area_m2": 262.4320424935401,
        "ucea_roofs_top_m2": 262.43,
        "err_ucea_minus_validation_kwh_year": 207319.54599999991,
        "err_ucea_abs_kwh_year": 207319.54599999991,
        "err_ucea_pct_of_validation": 32.97810120438954,
        "err_ucea_area_minus_validation_m2": 0.0020424935401024413,
        "err_ucea_area_pct_of_validation": 0.0007782942664681346,
        "err_workflow0_minus_validation_kwh_year": 207033.04599999945,
        "err_workflow0_abs_kwh_year": 207033.04599999945,
        "err_workflow0_pct_of_validation": 32.932527952000335
      },
      "geometry": {
        "type": "Polygon",
        "coordinates": [
          [
            [
              -9.0953996,
              38.7549157
            ],
            [
              -9.0952289,
              38.754906899999995
            ],
            [
              -9.095241800000002,
              38.754749499999996
            ],
            [
              -9.0954124,
              38.75475519999999
            ],
            [
              -9.0953996,
              38.7549157
            ]
          ]
        ]
      }
    },
    {
      "type": "Feature",
      "properties": {
        "area_id": "Parque_das_N",
        "osm_uid": "cea/106",
        "osmid": "106",
        "element_type": "cea_zone",
        "building": "yes",
        "cea_name": "B1106",
        "intersection_area_m2": 332.66600041071945,
        "is_residential": true,
        "residential_source": "cea",
        "radiation_sum_kwh_year": 673942.927484375,
        "radiation_sum": 673942.927484375,
        "radiation_point_count": 548.0,
        "use_type1": "MULTI_RES",
        "use_type2": "NONE",
        "use_type3": "NONE",
        "resi_type": null,
        "comparison_status": "matched",
        "validation_radiation_kwh_year": 673942.927484375,
        "ucea_radiation_kwh_year": 629444.3799999992,
        "workflow0_radiation_kwh_year": 534469.8900000012,
        "validation_area_m2": 332.66600041071945,
        "ucea_roofs_top_m2": 391.2,
        "err_ucea_minus_validation_kwh_year": 44498.54748437577,
        "err_ucea_abs_kwh_year": 44498.54748437577,
        "err_ucea_pct_of_validation": 6.602717480911237,
        "err_ucea_area_minus_validation_m2": 58.53399958928054,
        "err_ucea_area_pct_of_validation": 17.59542589775111,
        "err_workflow0_minus_validation_kwh_year": 139473.03748437378,
        "err_workflow0_abs_kwh_year": 139473.03748437378,
        "err_workflow0_pct_of_validation": 20.695081407706798
      },
      "geometry": {
        "type": "Polygon",
        "coordinates": [
          [
            [
              -9.095380999999998,
              38.755151199999986
            ],
            [
              -9.0952152,
              38.755073199999984
            ],
            [
              -9.0952289,
              38.754906899999995
            ],
            [
              -9.0953996,
              38.7549157
            ],
            [
              -9.095380999999998,
              38.755151199999986
            ]
          ]
        ]
      }
    },
    {
      "type": "Feature",
      "properties": {
        "area_id": "Parque_das_N",
        "osm_uid": "cea/107",
        "osmid": "107",
        "element_type": "cea_zone",
        "building": "yes",
        "cea_name": "B1107",
        "intersection_area_m2": 281.9855952032221,
        "is_residential": true,
        "residential_source": "cea",
        "radiation_sum_kwh_year": 592909.906375,
        "radiation_sum": 592909.906375,
        "radiation_point_count": 465.0,
        "use_type1": "MULTI_RES",
        "use_type2": "NONE",
        "use_type3": "NONE",
        "resi_type": null,
        "comparison_status": "matched",
        "validation_radiation_kwh_year": 592909.906375,
        "ucea_radiation_kwh_year": 410970.5800000005,
        "workflow0_radiation_kwh_year": 410985.85000000044,
        "validation_area_m2": 281.9855952032221,
        "ucea_roofs_top_m2": 282.12,
        "err_ucea_minus_validation_kwh_year": 181939.32637499954,
        "err_ucea_abs_kwh_year": 181939.32637499954,
        "err_ucea_pct_of_validation": 30.685830076168042,
        "err_ucea_area_minus_validation_m2": 0.13440479677791473,
        "err_ucea_area_pct_of_validation": 0.04766371015549625,
        "err_workflow0_minus_validation_kwh_year": 181924.05637499958,
        "err_workflow0_abs_kwh_year": 181924.05637499958,
        "err_workflow0_pct_of_validation": 30.683254642727686
      },
      "geometry": {
        "type": "Polygon",
        "coordinates": [
          [
            [
              -9.0946822,
              38.7553931
            ],
            [
              -9.0946582,
              38.755484899999985
            ],
            [
              -9.0944608,
              38.755453
            ],
            [
              -9.0943545,
              38.75543589999999
            ],
            [
              -9.0943668,
              38.75538900000001
            ],
            [
              -9.0943789,
              38.75534279999998
            ],
            [
              -9.094486,
              38.75536060000002
            ],
            [
              -9.0946822,
              38.7553931
            ]
          ]
        ]
      }
    },
    {
      "type": "Feature",
      "properties": {
        "area_id": "Parque_das_N",
        "osm_uid": "cea/108",
        "osmid": "108",
        "element_type": "cea_zone",
        "building": "yes",
        "cea_name": "B1108",
        "intersection_area_m2": 662.3635152790995,
        "is_residential": true,
        "residential_source": "cea",
        "radiation_sum_kwh_year": 1300392.36396875,
        "radiation_sum": 1300392.36396875,
        "radiation_point_count": 1092.0,
        "use_type1": "MULTI_RES",
        "use_type2": "NONE",
        "use_type3": "NONE",
        "resi_type": null,
        "comparison_status": "matched",
        "validation_radiation_kwh_year": 1300392.36396875,
        "ucea_radiation_kwh_year": 1071200.6499999992,
        "workflow0_radiation_kwh_year": 1072030.2600000014,
        "validation_area_m2": 662.3635152790995,
        "ucea_roofs_top_m2": 662.27,
        "err_ucea_minus_validation_kwh_year": 229191.7139687508,
        "err_ucea_abs_kwh_year": 229191.7139687508,
        "err_ucea_pct_of_validation": 17.624812350425227,
        "err_ucea_area_minus_validation_m2": 0.09351527909950619,
        "err_ucea_area_pct_of_validation": 0.014118422428521253,
        "err_workflow0_minus_validation_kwh_year": 228362.1039687486,
        "err_workflow0_abs_kwh_year": 228362.1039687486,
        "err_workflow0_pct_of_validation": 17.561015451659205
      },
      "geometry": {
        "type": "Polygon",
        "coordinates": [
          [
            [
              -9.0946013,
              38.7557016
            ],
            [
              -9.0944017,
              38.75566979999999
            ],
            [
              -9.094297499999998,
              38.75565319999999
            ],
            [
              -9.094326199999998,
              38.755543700000004
            ],
            [
              -9.0943545,
              38.75543589999999
            ],
            [
              -9.0944608,
              38.755453
            ],
            [
              -9.0946582,
              38.755484899999985
            ],
            [
              -9.0946013,
              38.7557016
            ]
          ]
        ]
      }
    },
    {
      "type": "Feature",
      "properties": {
        "area_id": "Parque_das_N",
        "osm_uid": "cea/109",
        "osmid": "109",
        "element_type": "cea_zone",
        "building": "yes",
        "cea_name": "B1109",
        "intersection_area_m2": 665.0019753683464,
        "is_residential": true,
        "residential_source": "cea",
        "radiation_sum_kwh_year": 1424909.3127265626,
        "radiation_sum": 1424909.3127265626,
        "radiation_point_count": 1095.0,
        "use_type1": "MULTI_RES",
        "use_type2": "NONE",
        "use_type3": "NONE",
        "resi_type": null,
        "comparison_status": "matched",
        "validation_radiation_kwh_year": 1424909.3127265626,
        "ucea_radiation_kwh_year": 1073581.2199999995,
        "workflow0_radiation_kwh_year": 1075052.6799999985,
        "validation_area_m2": 665.0019753683464,
        "ucea_roofs_top_m2": 664.96,
        "err_ucea_minus_validation_kwh_year": 351328.0927265631,
        "err_ucea_abs_kwh_year": 351328.0927265631,
        "err_ucea_pct_of_validation": 24.656172121880314,
        "err_ucea_area_minus_validation_m2": 0.041975368346356845,
        "err_ucea_area_pct_of_validation": 0.006312066715757736,
        "err_workflow0_minus_validation_kwh_year": 349856.6327265641,
        "err_workflow0_abs_kwh_year": 349856.6327265641,
        "err_workflow0_pct_of_validation": 24.552905199076406
      },
      "geometry": {
        "type": "Polygon",
        "coordinates": [
          [
            [
              -9.0943789,
              38.75534279999998
            ],
            [
              -9.0944075,
              38.7552337
            ],
            [
              -9.0944358,
              38.75512579999999
            ],
            [
              -9.0945452,
              38.7551433
            ],
            [
              -9.094629399999999,
              38.7551567
            ],
            [
              -9.0947396,
              38.7551743
            ],
            [
              -9.0946822,
              38.7553931
            ],
            [
              -9.094486,
              38.75536060000002
            ],
            [
              -9.0943789,
              38.75534279999998
            ]
          ]
        ]
      }
    },
    {
      "type": "Feature",
      "properties": {
        "area_id": "Parque_das_N",
        "osm_uid": "cea/110",
        "osmid": "110",
        "element_type": "cea_zone",
        "building": "yes",
        "cea_name": "B1110",
        "intersection_area_m2": 1360.3640523183815,
        "is_residential": true,
        "residential_source": "cea",
        "radiation_sum_kwh_year": 2111365.97046875,
        "radiation_sum": 2111365.97046875,
        "radiation_point_count": 2243.0,
        "use_type1": "MULTI_RES",
        "use_type2": "NONE",
        "use_type3": "NONE",
        "resi_type": null,
        "comparison_status": "matched",
        "validation_radiation_kwh_year": 2111365.97046875,
        "ucea_radiation_kwh_year": 2200016.5499999984,
        "workflow0_radiation_kwh_year": 2201248.1799999974,
        "validation_area_m2": 1360.3640523183815,
        "ucea_roofs_top_m2": 1360.62,
        "err_ucea_minus_validation_kwh_year": 88650.5795312482,
        "err_ucea_abs_kwh_year": 88650.5795312482,
        "err_ucea_pct_of_validation": 4.198731094996602,
        "err_ucea_area_minus_validation_m2": 0.25594768161840875,
        "err_ucea_area_pct_of_validation": 0.018814646063472017,
        "err_workflow0_minus_validation_kwh_year": 89882.20953124715,
        "err_workflow0_abs_kwh_year": 89882.20953124715,
        "err_workflow0_pct_of_validation": 4.257064421251998
      },
      "geometry": {
        "type": "Polygon",
        "coordinates": [
          [
            [
              -9.098201999999999,
              38.75616819999999
            ],
            [
              -9.0985508,
              38.7563273
            ],
            [
              -9.0985079,
              38.7563844
            ],
            [
              -9.098419,
              38.756503
            ],
            [
              -9.0983757,
              38.756560699999994
            ],
            [
              -9.097925299999998,
              38.756355299999996
            ],
            [
              -9.097969299999999,
              38.7562967
            ],
            [
              -9.0980582,
              38.756178199999994
            ],
            [
              -9.0981005,
              38.756121799999995
            ],
            [
              -9.098201999999999,
              38.75616819999999
            ]
          ]
        ]
      }
    },
    {
      "type": "Feature",
      "properties": {
        "area_id": "Parque_das_N",
        "osm_uid": "cea/111",
        "osmid": "111",
        "element_type": "cea_zone",
        "building": "yes",
        "cea_name": "B1111",
        "intersection_area_m2": 1277.2367195850304,
        "is_residential": true,
        "residential_source": "cea",
        "radiation_sum_kwh_year": 1975390.3879609376,
        "radiation_sum": 1975390.3879609376,
        "radiation_point_count": 2107.0,
        "use_type1": "MULTI_RES",
        "use_type2": "NONE",
        "use_type3": "NONE",
        "resi_type": null,
        "comparison_status": "matched",
        "validation_radiation_kwh_year": 1975390.3879609376,
        "ucea_radiation_kwh_year": 2043744.8000000054,
        "workflow0_radiation_kwh_year": 2044979.5000000002,
        "validation_area_m2": 1277.2367195850304,
        "ucea_roofs_top_m2": 1273.64,
        "err_ucea_minus_validation_kwh_year": 68354.41203906783,
        "err_ucea_abs_kwh_year": 68354.41203906783,
        "err_ucea_pct_of_validation": 3.4602989087957186,
        "err_ucea_area_minus_validation_m2": 3.596719585030314,
        "err_ucea_area_pct_of_validation": 0.28160164281832384,
        "err_workflow0_minus_validation_kwh_year": 69589.11203906266,
        "err_workflow0_abs_kwh_year": 69589.11203906266,
        "err_workflow0_pct_of_validation": 3.522803009631671
      },
      "geometry": {
        "type": "Polygon",
        "coordinates": [
          [
            [
              -9.097925299999998,
              38.756355299999996
            ],
            [
              -9.0975519,
              38.756185
            ],
            [
              -9.0975765,
              38.75615229999999
            ],
            [
              -9.097533399999998,
              38.7561326
            ],
            [
              -9.097553299999998,
              38.7561059
            ],
            [
              -9.0975187,
              38.75609009999998
            ],
            [
              -9.0976076,
              38.7559715
            ],
            [
              -9.0976433,
              38.75598779999999
            ],
            [
              -9.0976654,
              38.7559582
            ],
            [
              -9.0977119,
              38.7559794
            ],
            [
              -9.0977313,
              38.75595349999999
            ],
            [
              -9.0978799,
              38.7560212
            ],
            [
              -9.098074099999998,
              38.75610979999998
            ],
            [
              -9.0981005,
              38.756121799999995
            ],
            [
              -9.0980582,
              38.756178199999994
            ],
            [
              -9.097969299999999,
              38.7562967
            ],
            [
              -9.097925299999998,
              38.756355299999996
            ]
          ]
        ]
      }
    },
    {
      "type": "Feature",
      "properties": {
        "area_id": "Parque_das_N",
        "osm_uid": "cea/112",
        "osmid": "112",
        "element_type": "cea_zone",
        "building": "yes",
        "cea_name": "B1112",
        "intersection_area_m2": 1416.3996547676618,
        "is_residential": true,
        "residential_source": "cea",
        "radiation_sum_kwh_year": 3613509.9726875,
        "radiation_sum": 3613509.9726875,
        "radiation_point_count": 2336.0,
        "use_type1": "MULTI_RES",
        "use_type2": "NONE",
        "use_type3": "NONE",
        "resi_type": null,
        "comparison_status": "matched",
        "validation_radiation_kwh_year": 3613509.9726875,
        "ucea_radiation_kwh_year": 1865788.220000002,
        "workflow0_radiation_kwh_year": 1866910.650000001,
        "validation_area_m2": 1416.3996547676618,
        "ucea_roofs_top_m2": 1416.4,
        "err_ucea_minus_validation_kwh_year": 1747721.752687498,
        "err_ucea_abs_kwh_year": 1747721.752687498,
        "err_ucea_pct_of_validation": 48.36631878416135,
        "err_ucea_area_minus_validation_m2": 0.00034523233830441313,
        "err_ucea_area_pct_of_validation": 2.4373935502055957e-05,
        "err_workflow0_minus_validation_kwh_year": 1746599.322687499,
        "err_workflow0_abs_kwh_year": 1746599.322687499,
        "err_workflow0_pct_of_validation": 48.33525674175707
      },
      "geometry": {
        "type": "Polygon",
        "coordinates": [
          [
            [
              -9.0985041,
              38.757771399999996
            ],
            [
              -9.0980613,
              38.7583649
            ],
            [
              -9.097877899999999,
              38.758278700000005
            ],
            [
              -9.098317800000002,
              38.75768789999998
            ],
            [
              -9.0985041,
              38.757771399999996
            ]
          ]
        ]
      }
    },
    {
      "type": "Feature",
      "properties": {
        "area_id": "Parque_das_N",
        "osm_uid": "cea/115",
        "osmid": "115",
        "element_type": "cea_zone",
        "building": "yes",
        "cea_name": "B1115",
        "intersection_area_m2": 149.74192203995818,
        "is_residential": true,
        "residential_source": "cea",
        "radiation_sum_kwh_year": 302355.461,
        "radiation_sum": 302355.461,
        "radiation_point_count": 247.0,
        "use_type1": "MULTI_RES",
        "use_type2": "NONE",
        "use_type3": "NONE",
        "resi_type": null,
        "comparison_status": "matched",
        "validation_radiation_kwh_year": 302355.461,
        "ucea_radiation_kwh_year": 241117.68000000005,
        "workflow0_radiation_kwh_year": 240959.09999999954,
        "validation_area_m2": 149.74192203995818,
        "ucea_roofs_top_m2": 149.74,
        "err_ucea_minus_validation_kwh_year": 61237.78099999996,
        "err_ucea_abs_kwh_year": 61237.78099999996,
        "err_ucea_pct_of_validation": 20.253572003450586,
        "err_ucea_area_minus_validation_m2": 0.0019220399581740821,
        "err_ucea_area_pct_of_validation": 0.0012835683768378447,
        "err_workflow0_minus_validation_kwh_year": 61396.36100000047,
        "err_workflow0_abs_kwh_year": 61396.36100000047,
        "err_workflow0_pct_of_validation": 20.306020204477296
      },
      "geometry": {
        "type": "Polygon",
        "coordinates": [
          [
            [
              -9.0990494,
              38.7582783
            ],
            [
              -9.0990163,
              38.7583221
            ],
            [
              -9.0987533,
              38.758200899999984
            ],
            [
              -9.098786399999998,
              38.75815709999999
            ],
            [
              -9.0990494,
              38.7582783
            ]
          ]
        ]
      }
    },
    {
      "type": "Feature",
      "properties": {
        "area_id": "Parque_das_N",
        "osm_uid": "cea/116",
        "osmid": "116",
        "element_type": "cea_zone",
        "building": "yes",
        "cea_name": "B1116",
        "intersection_area_m2": 1494.5023477378677,
        "is_residential": true,
        "residential_source": "cea",
        "radiation_sum_kwh_year": 3656724.5230625,
        "radiation_sum": 3656724.5230625,
        "radiation_point_count": 2462.0,
        "use_type1": "MULTI_RES",
        "use_type2": "NONE",
        "use_type3": "NONE",
        "resi_type": null,
        "comparison_status": "matched",
        "validation_radiation_kwh_year": 3656724.5230625,
        "ucea_radiation_kwh_year": 1801288.6399999985,
        "workflow0_radiation_kwh_year": 1801566.730000004,
        "validation_area_m2": 1494.5023477378677,
        "ucea_roofs_top_m2": 1494.5,
        "err_ucea_minus_validation_kwh_year": 1855435.8830625017,
        "err_ucea_abs_kwh_year": 1855435.8830625017,
        "err_ucea_pct_of_validation": 50.74037902938823,
        "err_ucea_area_minus_validation_m2": 0.002347737867694377,
        "err_ucea_area_pct_of_validation": 0.00015709161455972268,
        "err_workflow0_minus_validation_kwh_year": 1855157.7930624962,
        "err_workflow0_abs_kwh_year": 1855157.7930624962,
        "err_workflow0_pct_of_validation": 50.73277413604033
      },
      "geometry": {
        "type": "Polygon",
        "coordinates": [
          [
            [
              -9.0976605,
              38.7587979
            ],
            [
              -9.097629499999998,
              38.75883780000001
            ],
            [
              -9.097359799999998,
              38.75871039999999
            ],
            [
              -9.0976536,
              38.758332200000005
            ],
            [
              -9.097881499999998,
              38.75843989999999
            ],
            [
              -9.097851399999998,
              38.7584787
            ],
            [
              -9.097936699999998,
              38.758519
            ],
            [
              -9.0977039,
              38.7588184
            ],
            [
              -9.0976605,
              38.7587979
            ]
          ]
        ]
      }
    },
    {
      "type": "Feature",
      "properties": {
        "area_id": "Parque_das_N",
        "osm_uid": "cea/117",
        "osmid": "117",
        "element_type": "cea_zone",
        "building": "yes",
        "cea_name": "B1117",
        "intersection_area_m2": 171.2427252209369,
        "is_residential": true,
        "residential_source": "cea",
        "radiation_sum_kwh_year": 369027.93806250003,
        "radiation_sum": 369027.93806250003,
        "radiation_point_count": 284.0,
        "use_type1": "MULTI_RES",
        "use_type2": "NONE",
        "use_type3": "NONE",
        "resi_type": null,
        "comparison_status": "matched",
        "validation_radiation_kwh_year": 369027.93806250003,
        "ucea_radiation_kwh_year": 241778.6900000001,
        "workflow0_radiation_kwh_year": 242054.46999999892,
        "validation_area_m2": 171.2427252209369,
        "ucea_roofs_top_m2": 171.24,
        "err_ucea_minus_validation_kwh_year": 127249.24806249994,
        "err_ucea_abs_kwh_year": 127249.24806249994,
        "err_ucea_pct_of_validation": 34.48228032018229,
        "err_ucea_area_minus_validation_m2": 0.0027252209368953118,
        "err_ucea_area_pct_of_validation": 0.001591437495157379,
        "err_workflow0_minus_validation_kwh_year": 126973.46806250111,
        "err_workflow0_abs_kwh_year": 126973.46806250111,
        "err_workflow0_pct_of_validation": 34.407548850948075
      },
      "geometry": {
        "type": "Polygon",
        "coordinates": [
          [
            [
              -9.097359799999998,
              38.75871039999999
            ],
            [
              -9.097584999999999,
              38.7582996
            ],
            [
              -9.0976536,
              38.758332200000005
            ],
            [
              -9.097359799999998,
              38.75871039999999
            ]
          ]
        ]
      }
    },
    {
      "type": "Feature",
      "properties": {
        "area_id": "Parque_das_N",
        "osm_uid": "cea/126",
        "osmid": "126",
        "element_type": "cea_zone",
        "building": "yes",
        "cea_name": "B1126",
        "intersection_area_m2": 778.4170689689646,
        "is_residential": true,
        "residential_source": "cea",
        "radiation_sum_kwh_year": 1800325.9511250001,
        "radiation_sum": 1800325.9511250001,
        "radiation_point_count": 1282.0,
        "use_type1": "MULTI_RES",
        "use_type2": "NONE",
        "use_type3": "NONE",
        "resi_type": null,
        "comparison_status": "matched",
        "validation_radiation_kwh_year": 1800325.9511250001,
        "ucea_radiation_kwh_year": 1168741.6299999945,
        "workflow0_radiation_kwh_year": 1167723.2400000007,
        "validation_area_m2": 778.4170689689646,
        "ucea_roofs_top_m2": 778.42,
        "err_ucea_minus_validation_kwh_year": 631584.3211250056,
        "err_ucea_abs_kwh_year": 631584.3211250056,
        "err_ucea_pct_of_validation": 35.08166511349441,
        "err_ucea_area_minus_validation_m2": 0.0029310310353594105,
        "err_ucea_area_pct_of_validation": 0.00037653735410011547,
        "err_workflow0_minus_validation_kwh_year": 632602.7111249994,
        "err_workflow0_abs_kwh_year": 632602.7111249994,
        "err_workflow0_pct_of_validation": 35.13823209234385
      },
      "geometry": {
        "type": "Polygon",
        "coordinates": [
          [
            [
              -9.0986693,
              38.756874299999986
            ],
            [
              -9.0989021,
              38.756979
            ],
            [
              -9.098813899999998,
              38.7571602
            ],
            [
              -9.098628599999998,
              38.75722129999998
            ],
            [
              -9.0985054,
              38.757086399999984
            ],
            [
              -9.0986693,
              38.756874299999986
            ]
          ]
        ]
      }
    },
    {
      "type": "Feature",
      "properties": {
        "area_id": "Parque_das_N",
        "osm_uid": "cea/127",
        "osmid": "127",
        "element_type": "cea_zone",
        "building": "yes",
        "cea_name": "B1127",
        "intersection_area_m2": 888.5644195370478,
        "is_residential": true,
        "residential_source": "cea",
        "radiation_sum_kwh_year": 2365196.26625,
        "radiation_sum": 2365196.26625,
        "radiation_point_count": 1463.0,
        "use_type1": "MULTI_RES",
        "use_type2": "NONE",
        "use_type3": "NONE",
        "resi_type": null,
        "comparison_status": "matched",
        "validation_radiation_kwh_year": 2365196.26625,
        "ucea_radiation_kwh_year": 1403468.4599999995,
        "workflow0_radiation_kwh_year": 1404426.149999997,
        "validation_area_m2": 888.5644195370478,
        "ucea_roofs_top_m2": 888.54,
        "err_ucea_minus_validation_kwh_year": 961727.8062500004,
        "err_ucea_abs_kwh_year": 961727.8062500004,
        "err_ucea_pct_of_validation": 40.66164909751072,
        "err_ucea_area_minus_validation_m2": 0.024419537047833728,
        "err_ucea_area_pct_of_validation": 0.00274820108828537,
        "err_workflow0_minus_validation_kwh_year": 960770.1162500028,
        "err_workflow0_abs_kwh_year": 960770.1162500028,
        "err_workflow0_pct_of_validation": 40.621158166011156
      },
      "geometry": {
        "type": "Polygon",
        "coordinates": [
          [
            [
              -9.099412300000001,
              38.7572606
            ],
            [
              -9.0992543,
              38.757466099999995
            ],
            [
              -9.0990951,
              38.7574914
            ],
            [
              -9.0989834,
              38.757371
            ],
            [
              -9.099092,
              38.7572809
            ],
            [
              -9.099122099999999,
              38.7571579
            ],
            [
              -9.0992239,
              38.7571291
            ],
            [
              -9.0992475,
              38.75713989999999
            ],
            [
              -9.0993877,
              38.757204300000005
            ],
            [
              -9.099412300000001,
              38.7572606
            ]
          ]
        ]
      }
    },
    {
      "type": "Feature",
      "properties": {
        "area_id": "Parque_das_N",
        "osm_uid": "cea/128",
        "osmid": "128",
        "element_type": "cea_zone",
        "building": "yes",
        "cea_name": "B1128",
        "intersection_area_m2": 721.1970964187728,
        "is_residential": true,
        "residential_source": "cea",
        "radiation_sum_kwh_year": 1864002.42025,
        "radiation_sum": 1864002.42025,
        "radiation_point_count": 1189.0,
        "use_type1": "MULTI_RES",
        "use_type2": "NONE",
        "use_type3": "NONE",
        "resi_type": null,
        "comparison_status": "matched",
        "validation_radiation_kwh_year": 1864002.42025,
        "ucea_radiation_kwh_year": 1017801.0599999999,
        "workflow0_radiation_kwh_year": 1019688.4999999991,
        "validation_area_m2": 721.1970964187728,
        "ucea_roofs_top_m2": 717.19,
        "err_ucea_minus_validation_kwh_year": 846201.36025,
        "err_ucea_abs_kwh_year": 846201.36025,
        "err_ucea_pct_of_validation": 45.39700973867338,
        "err_ucea_area_minus_validation_m2": 4.0070964187727895,
        "err_ucea_area_pct_of_validation": 0.5556173809726509,
        "err_workflow0_minus_validation_kwh_year": 844313.9202500009,
        "err_workflow0_abs_kwh_year": 844313.9202500009,
        "err_workflow0_pct_of_validation": 45.29575235941816
      },
      "geometry": {
        "type": "Polygon",
        "coordinates": [
          [
            [
              -9.0989941,
              38.7578151
            ],
            [
              -9.0989247,
              38.75778269999999
            ],
            [
              -9.0986107,
              38.75763750000001
            ],
            [
              -9.0986873,
              38.757580999999995
            ],
            [
              -9.0987714,
              38.75752949999998
            ],
            [
              -9.0988872,
              38.757592
            ],
            [
              -9.0989533,
              38.757578499999994
            ],
            [
              -9.099033799999999,
              38.757562499999985
            ],
            [
              -9.0991138,
              38.757655699999994
            ],
            [
              -9.0990226,
              38.75777709999999
            ],
            [
              -9.0989941,
              38.7578151
            ]
          ]
        ]
      }
    },
    {
      "type": "Feature",
      "properties": {
        "area_id": "Parque_das_N",
        "osm_uid": "cea/129",
        "osmid": "129",
        "element_type": "cea_zone",
        "building": "yes",
        "cea_name": "B1129",
        "intersection_area_m2": 569.6727723235837,
        "is_residential": true,
        "residential_source": "cea",
        "radiation_sum_kwh_year": 1312018.2699375001,
        "radiation_sum": 1312018.2699375001,
        "radiation_point_count": 941.0,
        "use_type1": "MULTI_RES",
        "use_type2": "NONE",
        "use_type3": "NONE",
        "resi_type": null,
        "comparison_status": "matched",
        "validation_radiation_kwh_year": 1312018.2699375001,
        "ucea_radiation_kwh_year": 866537.8499999993,
        "workflow0_radiation_kwh_year": 865731.5200000006,
        "validation_area_m2": 569.6727723235837,
        "ucea_roofs_top_m2": 558.33,
        "err_ucea_minus_validation_kwh_year": 445480.41993750085,
        "err_ucea_abs_kwh_year": 445480.41993750085,
        "err_ucea_pct_of_validation": 33.95382748433236,
        "err_ucea_area_minus_validation_m2": 11.342772323583631,
        "err_ucea_area_pct_of_validation": 1.9911031164994395,
        "err_workflow0_minus_validation_kwh_year": 446286.7499374995,
        "err_workflow0_abs_kwh_year": 446286.7499374995,
        "err_workflow0_pct_of_validation": 34.0152847077929
      },
      "geometry": {
        "type": "Polygon",
        "coordinates": [
          [
            [
              -9.098267,
              38.757480400000006
            ],
            [
              -9.0982479,
              38.75743229999999
            ],
            [
              -9.098301199999998,
              38.75736160000001
            ],
            [
              -9.0983626,
              38.7573243
            ],
            [
              -9.098615,
              38.75744329999999
            ],
            [
              -9.098617999999998,
              38.757554099999986
            ],
            [
              -9.098489699999998,
              38.75758069999999
            ],
            [
              -9.098267,
              38.757480400000006
            ]
          ]
        ]
      }
    }
  ]
}
